Tipo;Título;Órgano;Tipo;Estado;Adjudicatario;Importe (€);Enlace
Contratos menores;Obras Ascensor Benalua / Obras Ascensor Benalua;Dirección General de Justicia;obras;Resuelta;ORONA S.COOP.;39987;https://contrataciondelestado.es/wps/poc?uri=deeplink:detalle_licitacion&idEvl=bqCy8EG0kHNJ8Trn0ZPzLw%3D%3D
Contratos menores;Contrato menor obras construcción pista pumptrack, presup. 366-26 de 29/05/26;Alcaldía del Ayuntamiento de Madrigueras;obras;Resuelta;KREALIA GESTION DE ESPACIOS S.L;39950;https://contrataciondelestado.es/wps/poc?uri=deeplink:detalle_licitacion&idEvl=SceXAtBXDD96nTs9LZ9RhQ%3D%3D
Contratos menores;Obra de señalización horizontal del Bulevar Ciudad de Vícar.;ALCALDÍA AYUNTAMIENTO DE VÍCAR;obras;Resuelta;ARIDOS Y CONSTRUCCIONES LA REDONDA SL;39912,4;https://contrataciondelestado.es/wps/poc?uri=deeplink:detalle_licitacion&idEvl=x%2BQR9jz621prhBlEHQFSKA%3D%3D
Contratos menores;Contrato de obra menor - Centro de interpretación Dance de Sena;ALCALDIA DEL AYUNTAMIENTO DE SENA;obras;Resuelta;Antonio Moreno Pérez;39900;https://contrataciondelestado.es/wps/poc?uri=deeplink:detalle_licitacion&idEvl=C8fEzbgtLMaS81gZFETWmA%3D%3D
Contratos menores;Construcción modular un aula y dos vestuarios en el IES Gabriel Císcar de Oliva. / Construcció modular un aula i dos vestuaris en l IES Gabriel Císcar d Oliva.;Conselleria de Educación, Cultura y Universidades;obras;Resuelta;FUNZIONA SERVICIOS INTEGRALES DE CONSTRUCCION SL;39900;https://contrataciondelestado.es/wps/poc?uri=deeplink:detalle_licitacion&idEvl=TSuVS5uUPJj5Rey58Yagpg%3D%3D
Contratos menores;RPMD Puerto de Sagunto reparación fachada, suelo cocina y toldos / RPMD Port de Sagunt reparació façana, sòl cuina i tendals;Conselleria de Servicios Sociales, Familia e Infancia;obras;Resuelta;SORIANO ASENSI , S.L.;39857,5;https://contrataciondelestado.es/wps/poc?uri=deeplink:detalle_licitacion&idEvl=bqCy8EG0kHMQyBAnWzHfCg%3D%3D
Contratos menores;"Contrato obras adecuación vestuarios de la Comisaría de la Policía Local de Almansa, así como las partidas de gestión de residuos (partida N&#186;10) y de seguridad y salud (partida N&#186;11) en la obra. POS 2026";Alcaldía del Ayuntamiento de Almansa;obras;Resuelta;EMPRESA DE TRANSFORMACION AGRARIA, SA, SME, MP;39802,03;https://contrataciondelestado.es/wps/poc?uri=deeplink:detalle_licitacion&idEvl=h6plG1VnpcuS81gZFETWmA%3D%3D
Contratos menores;Obras para realizar dos pasos de peatones elevados.;Alcaldía del Ayuntamiento de Sant Josep de sa Talaia;obras;Resuelta;HERMANOS PARROT, S.A.;39697,24;https://contrataciondelestado.es/wps/poc?uri=deeplink:detalle_licitacion&idEvl=s28%2FalduU3qsNfRW6APEDw%3D%3D
Contratos menores;Asfaltado de calles El Ballestero 2026 (Financiacion Programa Responde);Alcaldía del Ayuntamiento de El Ballestero;obras;Resuelta;ALVARO VILLAESCUSA SA;39500;https://contrataciondelestado.es/wps/poc?uri=deeplink:detalle_licitacion&idEvl=jTCBeygG2r2KeVWTb9Scog%3D%3D
Contratos menores;Restauración fachada en CEA Cullera / Restauració façana en CEA Cullera;Conselleria de Servicios Sociales, Familia e Infancia;obras;Resuelta;ALGETECNIA INGENIERIA Y CONSTRUCCION SL;38850;https://contrataciondelestado.es/wps/poc?uri=deeplink:detalle_licitacion&idEvl=NMYLg59uRFKopEMYCmrbmw%3D%3D
Contratos menores;RPMD Safor - Modernización ascensor / RPMD Safor - Modernización ascensor;Conselleria de Servicios Sociales, Familia e Infancia;obras;Resuelta;ORONA S.COOP.;38552,25;https://contrataciondelestado.es/wps/poc?uri=deeplink:detalle_licitacion&idEvl=Ktoywsk%2FOLq8ebB%2FXTwy0A%3D%3D
Contratos menores;Obras reforma y ampliación instalación de climatización SJ Elda / Obras reforma y ampliación instalación de climatización SJ Elda;Dirección General de Justicia;obras;Resuelta;CEREZO BALSALOBRE ENRIQUE;37895,15;https://contrataciondelestado.es/wps/poc?uri=deeplink:detalle_licitacion&idEvl=TSuVS5uUPJh9Zh%2FyRJgM8w%3D%3D
Contratos menores;Adecuación y mejora parque San isidro;Alcaldía del Ayuntamiento de Alcadozo;obras;Resuelta;CONSTRUCCIONES Y MAMPOSTERIAS ATALAYA S.L.;37330;https://contrataciondelestado.es/wps/poc?uri=deeplink:detalle_licitacion&idEvl=9hrX%2FczCQD%2Fs%2BnLj3vAg5A%3D%3D
Contratos menores;Obras. Construcción de posta de voley-playa juanto a campo de fútbol Eloy Jiménez;Alcaldía del Ayuntamiento de Hellín;obras;Resuelta;MH SPORT EQUIPAMIENTO DEPORTIVO SOCIEDAD LIMITADA;35206;https://contrataciondelestado.es/wps/poc?uri=deeplink:detalle_licitacion&idEvl=dLKn%2BTvWwmEeIBJRHQiPkQ%3D%3D
Contratos menores;Contrato Menor de obras renovación de la estación de bombeo de aguas residuales (EBAR) de San Antón;Alcaldía del Ayuntamiento de Villena;obras;Resuelta;FCC AQUALIA SA;32985,36;https://contrataciondelestado.es/wps/poc?uri=deeplink:detalle_licitacion&idEvl=W1x%2BYbH4VwUeC9GJQOEBkQ%3D%3D
Contratos menores;Realización de las obras necesarias para la pavimentación y mejora del firme de diversas calles;Alcaldía del Ayuntamiento de Alatoz;obras;Resuelta;ALVARO VILLAESCUSA SA;30167;https://contrataciondelestado.es/wps/poc?uri=deeplink:detalle_licitacion&idEvl=p%2F%2BMgOf3Qy9Vq4S9zvaQpQ%3D%3D
Contratos menores;Sustitución caldera en RPMD Bunyol / Substitució caldera en RPMD Bunyol;Conselleria de Servicios Sociales, Familia e Infancia;obras;Resuelta;INSTALACIONES BLANCO NAVARRO SL;29949,56;https://contrataciondelestado.es/wps/poc?uri=deeplink:detalle_licitacion&idEvl=Ktoywsk%2FOLri0Kd8%2Brcp6w%3D%3D
Contratos menores;"Contrato menor obras acondicionamiento fachada y aislamiento perimetral escuela infantil, presup. n&#186; 260198";Alcaldía del Ayuntamiento de Madrigueras;obras;Resuelta;CONSTRUCCIONES AUROFRAN, S.L.;29100;https://contrataciondelestado.es/wps/poc?uri=deeplink:detalle_licitacion&idEvl=UuySUDXIbDsl5NjlNci%2BtA%3D%3D
Contratos menores;Reforma del parque infantil de Can Bellotera;Alcaldía del Ayuntamiento de Sant Josep de sa Talaia;obras;Resuelta;MEJORAS SERVICIOS Y PROYECTOS INTEGRALES, SA (MESPISA);28665;https://contrataciondelestado.es/wps/poc?uri=deeplink:detalle_licitacion&idEvl=42GHzvSX1J%2F10HRJw8TEnQ%3D%3D
Contratos menores;Obra PIP 2026. Pavimentación parcial de calle;ALCALDIA Del AYUNTAMIENTO DE LOARRE;obras;Resuelta;CONSTRUCCIONES Y PAVIMENTOS HUESCA SL;28279,62;https://contrataciondelestado.es/wps/poc?uri=deeplink:detalle_licitacion&idEvl=IBZ0O0X7PiZrhBlEHQFSKA%3D%3D
Contratos menores;Contrato menor obras: arreglo caminos 2026;Alcaldía del Ayuntamiento de Chinchilla de Montearagón;obras;Resuelta;HORMACOMON SL;28176;https://contrataciondelestado.es/wps/poc?uri=deeplink:detalle_licitacion&idEvl=F3iqLht9O6dt5r0ngvMetA%3D%3D
Contratos menores;Saneado cubierta y ampliación sala en CEA Catarroja / Sanejat coberta i ampliació sala en CEA Catarroja;Conselleria de Servicios Sociales, Familia e Infancia;obras;Resuelta;AC2 OBRAS Y SERVICIOS SL;27186;https://contrataciondelestado.es/wps/poc?uri=deeplink:detalle_licitacion&idEvl=zQfqftj7ajezz8fXU2i3eQ%3D%3D
Contratos menores;Modificación y reacondicionamiento de los espacios interiores de la Casa Consistorial - POS 2026;Alcaldía del Ayuntamiento de Salas Altas;obras;Resuelta;CONSTRUCCIONES GRAN PICO SL;26780,33;https://contrataciondelestado.es/wps/poc?uri=deeplink:detalle_licitacion&idEvl=zA%2FLAYDsy%2FakU02jNGj1Fw%3D%3D
Contratos menores;Adecuación local centro de transformacion centro de dia cm 298-2026;Alcaldía del Ayuntamiento de El Bonillo;obras;Resuelta;URBIALBA SOCIEDAD LIMITADA;25786,97;https://contrataciondelestado.es/wps/poc?uri=deeplink:detalle_licitacion&idEvl=i5Va2x0uUtUUqXM96WStVA%3D%3D
Contratos menores;Contrato de obras para la ejecución del proyecto de demolición de edificios sitos en calles Violinista Porta, 21 y Castillo Alto, 1-3, de Sariñena.;Alcaldía del Ayuntamiento de Sariñena;obras;Resuelta;A ABION CONSTRUCTORA 2021 SL;24680;https://contrataciondelestado.es/wps/poc?uri=deeplink:detalle_licitacion&idEvl=JFzt6GoB57w2wEhQbcAqug%3D%3D
Contratos menores;Obra prolongación colector red general saneamiento de Ituero;Alcaldía del Ayuntamiento de Masegoso;obras;Resuelta;EXCAVACIONES Y CONSTRUCCIONES BIANGA SOCIEDAD LIMITADA;23560,79;https://contrataciondelestado.es/wps/poc?uri=deeplink:detalle_licitacion&idEvl=ecxOSSslrAlPpzdqOdhuWg%3D%3D
Contratos menores;Obra sustitucion equipos climatizacion_RPM Benejuzar / Obra sustitucion equipos climatizacion_RPM Benejuzar;Conselleria de Servicios Sociales, Familia e Infancia;obras;Resuelta;DOMINIOS DEL AIRE SLU;21086;https://contrataciondelestado.es/wps/poc?uri=deeplink:detalle_licitacion&idEvl=zQfqftj7ajc%2B1TMyIiZmzw%3D%3D
Contratos menores;suscripción plataforma de Hacienda Local;Junta de Gobierno Local del Ayuntamiento de Cartagena;suministros;Resuelta;ESPUBLICO SERVICIOS PARA LA ADMINISTRACION, S,A.;21065,59;https://contrataciondelestado.es/wps/poc?uri=deeplink:detalle_licitacion&idEvl=FSxk4uzE%2FlWFQ%2FlhRK79lA%3D%3D
Contratos menores;"Ejecución de solera parking en Instituto Tecnológico Agrónomo Albacete, en Avda. Segunda, n&#186; 61. Albacete";Presidencia de Diputación Provincial de Albacete;obras;Resuelta;CONREALBA SOCIEDAD LIMITADA;20501,88;https://contrataciondelestado.es/wps/poc?uri=deeplink:detalle_licitacion&idEvl=%2FCDe2wYFNlsaF6cS8TCh%2FA%3D%3D
Contratos menores;Ampliación aceras y renovación puntual saneamiento plazuela Piña Merino de Carrión de los Condes;Alcaldía del Ayuntamiento de Carrión de los Condes;obras;Resuelta;HORMIGONES FRANCIA DEL EGIDO SLU;20415,44;https://contrataciondelestado.es/wps/poc?uri=deeplink:detalle_licitacion&idEvl=EMUfJ0s4gAt70UvEyYJSGw%3D%3D
Contratos menores;Contrato menor OBRAS de mejora en la cubierta del Polideportivo Municipal, 2026. Dipualba Responde Inversiones;Alcaldía del Ayuntamiento de Villamalea;obras;Resuelta;SALONES LOS CHOPOS SL;18900;https://contrataciondelestado.es/wps/poc?uri=deeplink:detalle_licitacion&idEvl=Ovo7YI9XAsuHCIsjvJ3rhQ%3D%3D
Contratos menores;Retirada de redes existentes y recuperación de nidos, colocación de malla anticascotes en fachada;Junta de Gobierno Local del Ayuntamiento de Cartagena;obras;Resuelta;PROALT INGENIERIA 2015, S.L.;18523,59;https://contrataciondelestado.es/wps/poc?uri=deeplink:detalle_licitacion&idEvl=3n4XbmkSRgkkJPJS%2BPS9vg%3D%3D
Contratos menores;Obra para la cubierta de acceso de ambulancias del Hospital Universitario de la Ribera. / Obra per a la coberta d'accés d'ambulàncies de l'Hospital Universitari de la Ribera.;Dirección Gerencia del Departamento de Salud de la Ribera de la Conselleria de Sanidad de la Generalitat Valenciana;obras;Resuelta;AJC LOPEZ SL;17500;https://contrataciondelestado.es/wps/poc?uri=deeplink:detalle_licitacion&idEvl=9wehgrHPO%2F19Zh%2FyRJgM8w%3D%3D
Contratos menores;Obra prolongación colector red general de saneamiento de Masegoso.;Alcaldía del Ayuntamiento de Masegoso;obras;Resuelta;ANTONIO RODRIGUEZ MUÑOZ SOCIEDAD LIMITADA;16440,89;https://contrataciondelestado.es/wps/poc?uri=deeplink:detalle_licitacion&idEvl=LISM4pCtjKSopEMYCmrbmw%3D%3D
Contratos menores;Contrato menor de obras. Reforma de Plaza Mayor de Lalueza;Alcaldía del Ayuntamiento de Lalueza;obras;Resuelta;PUYOL OBRAS Y SERVICIOS SOCIEDAD LIMITADA;16344,04;https://contrataciondelestado.es/wps/poc?uri=deeplink:detalle_licitacion&idEvl=d%2BazgtL6FmN9Zh%2FyRJgM8w%3D%3D
Contratos menores;Detector de quimioluminiscencia / Detector de quimioluminescència;Dirección del Instituto Valenciano de Investigaciones Agrarias (IVIA);suministros;Resuelta;FISHER SCIENTIFIC SL;16298;https://contrataciondelestado.es/wps/poc?uri=deeplink:detalle_licitacion&idEvl=yK8nfPiS60Utm4eBPtV6eQ%3D%3D
Contratos menores;Red Ciudad, Sustitución de tubería de agua potable en tramo del pozo del Amarejo al depósito municipal. Subv dipualba Responde__ 18.827,60€;Alcaldía del Ayuntamiento de Bonete;obras;Resuelta;RED CIUDAD SL;15560;https://contrataciondelestado.es/wps/poc?uri=deeplink:detalle_licitacion&idEvl=YpFHYOJMfk4zjChw4z%2FXvw%3D%3D
Contratos menores;Mejoras pista deportiva de la pedanía de Casas del Cerro;Alcaldía del Ayuntamiento de Alcalá del Júcar;obras;Resuelta;MAXIM BOGDAN;15507;https://contrataciondelestado.es/wps/poc?uri=deeplink:detalle_licitacion&idEvl=IXzaEn1oRUDs%2BnLj3vAg5A%3D%3D
Contratos menores;Contrato Menor Obra (Instalación Fotovoltaica Colegio Tazona);Alcaldía del Ayuntamiento de Socovos;obras;Resuelta;ELECTRICIDAD HERVAS LETUR S.L.;15399;https://contrataciondelestado.es/wps/poc?uri=deeplink:detalle_licitacion&idEvl=huzmeNrjN5RVYjgxA4nMUw%3D%3D
Contratos menores;"E26-00734 C.M. Espectáculo musical concierto ""LUNÁTICO"" en el Recinto Ferial día 17 de octubre 2026.";Alcaldía del Ayuntamiento de Albacete;servicios;Resuelta;FANATIKO FESH S.L.;14999;https://contrataciondelestado.es/wps/poc?uri=deeplink:detalle_licitacion&idEvl=yPzczjDFcoyFQ%2FlhRK79lA%3D%3D
Contratos menores;Se adjunta factura definitiva de presupuesto de venta de carretilla elevadora.;Alcaldía del Ayuntamiento de Fuente-Álamo;suministros;Resuelta;EUROPA ELEVACION-FORKLIFT SL;14995;https://contrataciondelestado.es/wps/poc?uri=deeplink:detalle_licitacion&idEvl=myMu4K4KKYp70UvEyYJSGw%3D%3D
Contratos menores;Material fungible informático;Junta de Gobierno Local del Ayuntamiento de Cartagena;suministros;Resuelta;CENTRO ESPECIAL LA ESTRELLA, S.L.;14983,45;https://contrataciondelestado.es/wps/poc?uri=deeplink:detalle_licitacion&idEvl=z6pSxEbZoWIzjChw4z%2FXvw%3D%3D
Contratos menores;Refuerzo iluminación escénica y efectos para la celebración del Gran Circo Máximo en el estadio municipal Cartagonova;Junta de Gobierno Local del Ayuntamiento de Cartagena;servicios;Resuelta;AUDIOVISUALES RENT APC AUDIO, S.L.;14950;https://contrataciondelestado.es/wps/poc?uri=deeplink:detalle_licitacion&idEvl=pjK2C6xVKy1%2FP7lJ7Fu0SA%3D%3D
Contratos menores;Material fungible informático para las impresoras sobremesa;Junta de Gobierno Local del Ayuntamiento de Cartagena;suministros;Resuelta;LA ESTRELLA SOLUCION MEDIOAMBIENTAL, S.L.;14854,6;https://contrataciondelestado.es/wps/poc?uri=deeplink:detalle_licitacion&idEvl=PwqUJxVm%2Bxu9Hd5zqvq9cg%3D%3D
Contratos menores;Redacción del Plan de Movilidad Urbana Sostenible Simplificado (PMUS-S) de Sant Josep de sa Talaia;Alcaldía del Ayuntamiento de Sant Josep de sa Talaia;servicios;Resuelta;MOVILIDAD&TRANSPORTE ASESORES, SL;14850;https://contrataciondelestado.es/wps/poc?uri=deeplink:detalle_licitacion&idEvl=b5Wa5Mw4rfiqb7rCcv76BA%3D%3D
Contratos menores;Red Ciudad. Renovación tuberías agua centro joven, calle balmes y otros. subv.dipualb __ 17.920,10€;Alcaldía del Ayuntamiento de Bonete;obras;Resuelta;RED CIUDAD SL;14810;https://contrataciondelestado.es/wps/poc?uri=deeplink:detalle_licitacion&idEvl=LgJzJu%2B3%2F%2BeKeVWTb9Scog%3D%3D
Contratos menores;Dirección de obra de la construcción de nuevos nichos y urbanización en el cementerio fase I;Alcaldía del Ayuntamiento de Villena;servicios;Resuelta;JULIO NESTOR ROSELLO BURGUET;14732,69;https://contrataciondelestado.es/wps/poc?uri=deeplink:detalle_licitacion&idEvl=DU%2Fqm2SOuN2opEMYCmrbmw%3D%3D
Contratos menores;Asistencia técnica y redacción de la documentación administrativa, técnica y económica para la licitación del contrato del servicio de limpieza de los edificios municipales del ayuntamiento de Sant Josep de sa Talaia;Alcaldía del Ayuntamiento de Sant Josep de sa Talaia;servicios;Resuelta;PW ADVISORY & CAPITAL SERVICES, S.L.;14400;https://contrataciondelestado.es/wps/poc?uri=deeplink:detalle_licitacion&idEvl=DF0S029yN547u6%2B%2FR7DUoA%3D%3D
Contratos menores;Servicio de docencia para las asignaturas de lenguaje musical y saxofón en la Escuela de Música Can Blau;Alcaldía del Ayuntamiento de Sant Josep de sa Talaia;servicios;Resuelta;AARON LOPEZ ROMERO;14350;https://contrataciondelestado.es/wps/poc?uri=deeplink:detalle_licitacion&idEvl=F5pIs6pBABM%2FbjW6njtWLw%3D%3D
Contratos menores;Control de plagas: medidas de prevención y control de plagas de mosquitos en la Marjal dels Moros y en el Centro de Educación Ambiental de la Comunitat Valenciana (CEACV) Sagunto / Control de plagues: mesures de prevenció i control de plagues de mosquits en la Marjal dels Moros i en el Centre d Educació Ambiental de la Comunitat Valenciana (CEACV) Sagunt;Vicepresidente Tercero y Conseller de Medio Ambiente, Infraestructuras, Territorio y de la Recuperación;servicios;Resuelta;COMPAÑIA DE TRATAMIENTOS LEVANTE SL;14245;https://contrataciondelestado.es/wps/poc?uri=deeplink:detalle_licitacion&idEvl=j7MZ0Gz%2B3V2KeVWTb9Scog%3D%3D
Contratos menores;contrato menor de servicio Deco-urba 2007, S.L.U. (decoración ornamental moros y cristianos 2026);Alcaldía del Ayuntamiento de Crevillent;servicios;Resuelta;Deco-Urba 2007, S.L.U.;14070;https://contrataciondelestado.es/wps/poc?uri=deeplink:detalle_licitacion&idEvl=pCFY8D079JzI8aL3PRS10Q%3D%3D
Contratos menores;Alquiler con motivo de las Fiestas Patronales 2026 de un sistema de cámaras de seguridad ciudadana para el Recinto Ferial El Vaillo y Carpa de Las Peñas, incluyendo su instalación, configuración, conexión al CPD y Centro de Pantallas de Policía e inmediata retirada a la finalización de fiestas.;Alcaldía del Ayuntamiento de Villaviciosa de Odón;suministros;Resuelta;EL CUBANO REPARACIONES SL;13790,8;https://contrataciondelestado.es/wps/poc?uri=deeplink:detalle_licitacion&idEvl=tBZmxUTeHuyAAM7L03kM8A%3D%3D
Contratos menores;Obras de conservación y reparación de acuartelamientos de la Guardia Civil Provincia de Albacete 2025. Lietor. Remanente Lote 2;Presidencia de Diputación Provincial de Albacete;obras;Resuelta;LIFE VERTICAL TRABAJOS EN ALTURA SL;13075,46;https://contrataciondelestado.es/wps/poc?uri=deeplink:detalle_licitacion&idEvl=nYxJnCesp57gL1BHd3qjQA%3D%3D
Contratos menores;Servicio de diseño metodológico y dinamización del II Foro Coonecta de Alianzas para el Desarrollo Sostenible / Servici de disseny metodològic i dinamització del II Fòrum Coonecta d Aliances per al Desenrotllament Sostenible;Conselleria de Servicios Sociales, Familia e Infancia;servicios;Resuelta;SOCIAL GOB SL;12900;https://contrataciondelestado.es/wps/poc?uri=deeplink:detalle_licitacion&idEvl=vwSt3r%2FW6CaOUi78BmzhOQ%3D%3D
Contratos menores;Servicio de diseño participativo del marco de indicadores para el seguimiento y evaluación de la estrategia ENDAVANT de Educación para el Desarrollo de la Comunitat Valenciana / Servici de disseny participatiu del marc d indicadors per al seguiment i avaluació de l estratègia ENDAVANT d Educació per al Desenrotllament de la Comunitat Valenciana;Conselleria de Servicios Sociales, Familia e Infancia;servicios;Resuelta;PERIFERIA CONSULTORIA SOCIAL SL;12750;https://contrataciondelestado.es/wps/poc?uri=deeplink:detalle_licitacion&idEvl=vwSt3r%2FW6CYzjChw4z%2FXvw%3D%3D
Contratos menores;CONM Suministro de dos motocicletas para Policía Local;Alcaldía del Ayuntamiento de Jumilla;suministros;Resuelta;GRANADA COMUNICACIONES 2012, S.L.U.;12352,48;https://contrataciondelestado.es/wps/poc?uri=deeplink:detalle_licitacion&idEvl=ZCiGwT7sgtZ%2FR5QFTlaM4A%3D%3D
Contratos menores;Grupo Almansa eventos. Orquesta Montecarlo viernes día 02/10/2026__ 14.866,01€;Alcaldía del Ayuntamiento de Bonete;servicios;Resuelta;Grupo Almansa Eventos, S.L.U;12285,96;https://contrataciondelestado.es/wps/poc?uri=deeplink:detalle_licitacion&idEvl=erM%2FELxdaFiHCIsjvJ3rhQ%3D%3D
Contratos menores;E26-00735(CM) Apoyo organizacional de la Semana Europea de la Movilidad 2026.;Alcaldía del Ayuntamiento de Albacete;servicios;Resuelta;PROMOCION DEPORTIVA AVANZADA SOCIEDAD LIMITADA;12149;https://contrataciondelestado.es/wps/poc?uri=deeplink:detalle_licitacion&idEvl=29jJ3H5CxPrLIx6q1oPaMg%3D%3D
Contratos menores;Contrato de adquisición e instalación de sistemas de videovigilancia en Perarrúa y Besians;Alcaldía del Ayuntamiento de Perarrua;suministros;Resuelta;DANIEL MURILLO PUEYO;11314;https://contrataciondelestado.es/wps/poc?uri=deeplink:detalle_licitacion&idEvl=3x7H05j%2BMxV6nTs9LZ9RhQ%3D%3D
Contratos menores;Suministros. Alquiler Carrozas Cabalgata de Apertura Feria de Hellín 2026.;Alcaldía del Ayuntamiento de Hellín;suministros;Resuelta;CARROZAS ESTEBAN SL;11200;https://contrataciondelestado.es/wps/poc?uri=deeplink:detalle_licitacion&idEvl=qZANfZORYI29Hd5zqvq9cg%3D%3D
Contratos menores;"Expediente contratación ""Mejora de la eficiencia energética mediante sustitución de equipos de climatización Centro Día"".";Alcaldia del Ayuntamiento de San Pedro;suministros;Resuelta;MARIO ALBERTO FELIPE GOMEZ;11149,71;https://contrataciondelestado.es/wps/poc?uri=deeplink:detalle_licitacion&idEvl=CGkC8j0tt61%2FR5QFTlaM4A%3D%3D
Contratos menores;Material fungible informático;Junta de Gobierno Local del Ayuntamiento de Cartagena;suministros;Resuelta;KARKEMIS MEDIOAMBIENTAL, S.L.;11041,9;https://contrataciondelestado.es/wps/poc?uri=deeplink:detalle_licitacion&idEvl=7DK9qlgwBqFJ8Trn0ZPzLw%3D%3D
Contratos menores;Suministro e instalación de elementos de parques infantiles en las pedanías de Las Eras Y Zulema;Alcaldía del Ayuntamiento de Alcalá del Júcar;suministros;Resuelta;Krealia Gestión de Espacios S.L.;10860,66;https://contrataciondelestado.es/wps/poc?uri=deeplink:detalle_licitacion&idEvl=zJR332iL1rb%2B3JAijKO%2Bkg%3D%3D
Contratos menores;Instalación eléctrica para dar soporte para el montaje del escenario, camerino, barras, proyector y otros elementos para la celebración de las fiestas de Sant Agustí 2026.;Alcaldía del Ayuntamiento de Sant Josep de sa Talaia;servicios;Resuelta;EDISON NEXT SPAIN, S.L.U;10725,6;https://contrataciondelestado.es/wps/poc?uri=deeplink:detalle_licitacion&idEvl=fY0XalR6yUGKeVWTb9Scog%3D%3D
Contratos menores;Servicio urgente tala, retirada arbolado y limpieza_ RPM Benejuzar, Rpm y Cd el Catí, Ranna els Estels / Servicio urgente tala, retirada arbolado y limpieza_ RPM Benejuzar, Rpm y Cd el Catí, Ranna els Estels;Conselleria de Servicios Sociales, Familia e Infancia;servicios;Resuelta;MARTINEZ IBAÑEZ JOSE RAMON;10690;https://contrataciondelestado.es/wps/poc?uri=deeplink:detalle_licitacion&idEvl=bqCy8EG0kHNQFSeKCRun4Q%3D%3D
Contratos menores;Contato de servicios Orquesta Miami Show;Alcaldía del Ayuntamiento de Valdeganga;servicios;Resuelta;AQO PRODUCCIONES SOCIEDAD LIMITADA;10600;https://contrataciondelestado.es/wps/poc?uri=deeplink:detalle_licitacion&idEvl=alBpz9%2Byb8CcTfjQf3USOg%3D%3D
Contratos menores;Reparación del eje direccional trasero del camión de RSU 0458 GSH;Presidencia de la Comarca de Sobrarbe;servicios;Resuelta;FERNANDO AGON, S.L.;10584,1;https://contrataciondelestado.es/wps/poc?uri=deeplink:detalle_licitacion&idEvl=JyLiJpsjXbLXOjazN1Dw9Q%3D%3D
Contratos menores;"Dirección de obra y coordinación de seguridad y salud para la ejecución del ""Proyecto de ejecución de reposición del firme de la Calle Lugo, Cala de Bou""";Alcaldía del Ayuntamiento de Sant Josep de sa Talaia;servicios;Resuelta;IBIZAINGENIEROS SERVICIOS DE INGENIERIA CIVIL, S.L.P,.;10500;https://contrataciondelestado.es/wps/poc?uri=deeplink:detalle_licitacion&idEvl=ZKjZn1KbrVceIBJRHQiPkQ%3D%3D
Contratos menores;"Servicios. Concierto ""Reincidentes"" en el Alma Enamorada el 26-09-26";Alcaldía del Ayuntamiento de Hellín;servicios;Resuelta;BERRINTXE SOCIEDAD LIMITADA;10500;https://contrataciondelestado.es/wps/poc?uri=deeplink:detalle_licitacion&idEvl=bSqHY7rtZyY36J9Lctlsuw%3D%3D
Contratos menores;Contrato de servicios Orquesta Benidorm Show;Alcaldía del Ayuntamiento de Valdeganga;servicios;Resuelta;AQO PRODUCCIONES SOCIEDAD LIMITADA;10500;https://contrataciondelestado.es/wps/poc?uri=deeplink:detalle_licitacion&idEvl=Xf61rUBjXEQ7u6%2B%2FR7DUoA%3D%3D
Contratos menores;"Actuación de la Orquesta de Cámara del Auditorio de Zaragoza ""Grupo Enigma"" en el Festival de Música Contemporánea Ensems 2026, en el Teatro Martín y Soler del Palau de les Arts de Valencia, el día 27 de septiembre de 2026 / Actuació de l'Orquestra de Cambra de l'Auditori de Saragossa ""Grup Enigma"" en el Festival de Música Contemporània Ensems 2026, en el Teatre Martín i Soler del Palau de les Arts de València, el dia 27 de setembre de 2026";Institut Valencià de Cultura;privado;Resuelta;ASOCIACIÓN ENIGMA DE ZARAGOZA;10450;https://contrataciondelestado.es/wps/poc?uri=deeplink:detalle_licitacion&idEvl=AM8en805X0436J9Lctlsuw%3D%3D
Contratos menores;Obras de sustitución de pavimento en el Hogar del Pensionista.;Alcaldía del Ayuntamiento de El Ballestero;obras;Resuelta;ADOLFO FERNANDEZ ARJONA;10444,07;https://contrataciondelestado.es/wps/poc?uri=deeplink:detalle_licitacion&idEvl=biBL8l1O4WNrSd8H4b2soA%3D%3D
Contratos menores;Cobertura de los servicios técnicos de luz del concierto de SAU que tendrá lugar en el anfiteatro exterior del Auditorio Caló de s'Oli;Alcaldía del Ayuntamiento de Sant Josep de sa Talaia;servicios;Resuelta;SONOIBIZA S. L.;10422,88;https://contrataciondelestado.es/wps/poc?uri=deeplink:detalle_licitacion&idEvl=AFia6IgEaim5HQrHoP3G5A%3D%3D
Contratos menores;Plataforma hacienda local. Herramienta apoyo profesionales área económica.;Alcaldía del Ayuntamiento de Crevillent;privado;Resuelta;Espúblico Servicios Para la Administración S.A.;10399,34;https://contrataciondelestado.es/wps/poc?uri=deeplink:detalle_licitacion&idEvl=KEF4FAOaVCUeC9GJQOEBkQ%3D%3D
Contratos menores;Reparación y mantenimiento del camino de El Plano - POS 2025 2.2;Alcaldía del Ayuntamiento de Salas Altas;obras;Resuelta;HORMIGONES GRAÑEN SOCIEDAD LIMITADA;10290;https://contrataciondelestado.es/wps/poc?uri=deeplink:detalle_licitacion&idEvl=zA%2FLAYDsy%2FZWhbmkna2nXQ%3D%3D
Contratos menores;Ensayos de variedades de arroz para valor agronómico y poscontrol / Assajos de varietats d arròs per a valor agronòmic i postcontrol;Dirección del Instituto Valenciano de Investigaciones Agrarias (IVIA);servicios;Resuelta;TRIALRICE CONSULTING, SOCIEDAD LIMITADA;10280;https://contrataciondelestado.es/wps/poc?uri=deeplink:detalle_licitacion&idEvl=9wehgrHPO%2F35Rey58Yagpg%3D%3D
Contratos menores;Contrato menor reforma de lavadero del Cortijo del Buho;Alcaldía del Ayuntamiento de Riópar;obras;Resuelta;GHEORGHE VIRGIL GARAMIA;10231,25;https://contrataciondelestado.es/wps/poc?uri=deeplink:detalle_licitacion&idEvl=mOVujP2HshuHCIsjvJ3rhQ%3D%3D
Contratos menores;Servicios. Pasacalles Jurassic World Cabalgata de Apertura Feria de Hellín 2026.;Alcaldía del Ayuntamiento de Hellín;servicios;Resuelta;ALBEROLA Y MONTERO PRODUCCIONES TEATRALES SOCIEDAD LIMITADA;10137,33;https://contrataciondelestado.es/wps/poc?uri=deeplink:detalle_licitacion&idEvl=6E6%2FR3nWKgUadbH3CysQuQ%3D%3D
Contratos menores;Servicio de alquiler de furgoneta de 9 plazas sin conductor para desplazamientos del T.E. Castrillón;Alcaldia del Ayuntamiento de Castrillón;servicios;Resuelta;SAMELAR MAIN S.L.U;10118,9;https://contrataciondelestado.es/wps/poc?uri=deeplink:detalle_licitacion&idEvl=UHSH7GStxT54zIRvjBVCSw%3D%3D
Contratos menores;Contrato menor de servicios. Promoción Deportiva Avanzada slu;Alcaldía del Ayuntamiento de Alcaraz;servicios;Resuelta;PROMOCION DEPORTIVA AVANZADA S.L.U.;10109,2;https://contrataciondelestado.es/wps/poc?uri=deeplink:detalle_licitacion&idEvl=R7FL8BzjnuH%2B3JAijKO%2Bkg%3D%3D
Contratos menores;Renovación de instalación CCTV en Residencia San Vicente de Paúl;Presidencia de Diputación Provincial de Albacete;obras;Resuelta;SEPEVI SOCIEDAD LIMITADA;10007;https://contrataciondelestado.es/wps/poc?uri=deeplink:detalle_licitacion&idEvl=21VP%2Bg4dtmQ%2B1TMyIiZmzw%3D%3D
Contratos menores;Producción campaña de concienciación sobre limpieza;Alcaldía del Ayuntamiento de Crevillent;servicios;Resuelta;ISABEL NAVARRO PUIG;9650;https://contrataciondelestado.es/wps/poc?uri=deeplink:detalle_licitacion&idEvl=nmQgUKf%2B4Ky9Hd5zqvq9cg%3D%3D
Contratos menores;Equipamiento fisioterapia en CEA Islas Canarias / Equipament fisioteràpia en CEA Illes Canàries;Conselleria de Servicios Sociales, Familia e Infancia;suministros;Resuelta;NOVACLINIC RUBIMED SL;9583,3;https://contrataciondelestado.es/wps/poc?uri=deeplink:detalle_licitacion&idEvl=Ktoywsk%2FOLrpxJFXpLZ%2B2A%3D%3D
Contratos menores;Contrato de obras. Adjudicación. Plan de Impulso Provincial PIP 2026 L 1.2. Eficiencia energética.;Alcaldía del Ayuntamiento de Laspuña;obras;Resuelta;ELECTRICIDAD JOSÉ LUIS BUETAS S.L.U.;9560,74;https://contrataciondelestado.es/wps/poc?uri=deeplink:detalle_licitacion&idEvl=2wizhrcJbS4%2B1TMyIiZmzw%3D%3D
Contratos menores;Servicio técnico en el OFF Festival Sagunt a Escena 2026, el 22 y el 23 de agosto de 2026 / Servici tècnic en el OFF Festival Sagunt a Escena 2026, el 22 i el 23 d'agost de 2026;Institut Valencià de Cultura;servicios;Resuelta;PRESTO MUSIC PRODUCCIÓN MUSIC, S.L.;9500;https://contrataciondelestado.es/wps/poc?uri=deeplink:detalle_licitacion&idEvl=X9oZa7x9bECopEMYCmrbmw%3D%3D
Contratos menores;Analisis para el control de legionela en las instalaciones y dependencias municipales;Alcaldía del Ayuntamiento de Sant Josep de sa Talaia;servicios;Resuelta;MARIA ROSA TORRES MAYANS;9408;https://contrataciondelestado.es/wps/poc?uri=deeplink:detalle_licitacion&idEvl=rYAYfHIpAYV9Zh%2FyRJgM8w%3D%3D
Contratos menores;INVEMAT LEVANTE SL. Iluminación extraordinaria fiestas patronales 2026. 11.307,45€;Alcaldía del Ayuntamiento de Bonete;servicios;Resuelta;INVEMAT LEVANTE SL;9345;https://contrataciondelestado.es/wps/poc?uri=deeplink:detalle_licitacion&idEvl=t8t3phB0Z3%2F%2Fa9DgO%2BoYKQ%3D%3D
Contratos menores;"Suministros. Alquiler carpa ""El Alma Enamorada"" Feria de Hellín 2026.";Alcaldía del Ayuntamiento de Hellín;suministros;Resuelta;MONTAJES ARCO MEDITERRANEO SL;9342;https://contrataciondelestado.es/wps/poc?uri=deeplink:detalle_licitacion&idEvl=VSwTE7GvvsekU02jNGj1Fw%3D%3D
Contratos menores;Servicios de Ingeniería para la Redacción del Proyecto de Ampliación de Capacidad de Tratamiento de la Estación Depuradora de Aguas Residuales de Cuacos de Yuste (Cáceres).;Consorcio Medioambiente y Aguas Provincia de Cáceres - Mas Medio;servicios;Resuelta;INYGES CONSULTORES, S.L.;9304,64;https://contrataciondelestado.es/wps/poc?uri=deeplink:detalle_licitacion&idEvl=2LV3CHBPoiNrSd8H4b2soA%3D%3D
Contratos menores;Actuación musical de Aldhara el día 27 de septiembre;Junta de Gobierno Local del Ayuntamiento de Cartagena;servicios;Resuelta;NACION SUR AIE;9000;https://contrataciondelestado.es/wps/poc?uri=deeplink:detalle_licitacion&idEvl=hZI%2BrYr%2FKwo36J9Lctlsuw%3D%3D
Contratos menores;CMServ.: Montaje y desmontaje de vallas del encierro durante los días 19,20,21 y 26 de septiembre de 2026;Alcaldía del Ayuntamiento de Bargas;servicios;Resuelta;JOSE LUIS GOMEZ VILLASEVIL;8890;https://contrataciondelestado.es/wps/poc?uri=deeplink:detalle_licitacion&idEvl=ICeMkF5zuo%2FLIx6q1oPaMg%3D%3D
Contratos menores;Contrato menor de suministro de video cámaras (salida hacia Alins y zona deportiva);Alcaldía del Ayuntamiento de Laspaules;suministros;Resuelta;ELECTRICIDAD SISTAC SOCIEDAD LIMITADA;8796,6;https://contrataciondelestado.es/wps/poc?uri=deeplink:detalle_licitacion&idEvl=DKLft9Tag4J6nTs9LZ9RhQ%3D%3D
Contratos menores;Sustitución de ventanas en Organismo Autónomo de Recaudación y Gestión Tributaria;Presidencia de la Diputación Provincial de Cuenca;obras;Resuelta;VIALES Y OBRAS PUBLICAS SA;8669;https://contrataciondelestado.es/wps/poc?uri=deeplink:detalle_licitacion&idEvl=OY%2Fd3LfTOX%2FVGIpKDxgsAQ%3D%3D
Contratos menores;Contrato de servicio de Orquesta Monaco Party;Alcaldía del Ayuntamiento de Valdeganga;servicios;Resuelta;AQO PRODUCCIONES SOCIEDAD LIMITADA;8600;https://contrataciondelestado.es/wps/poc?uri=deeplink:detalle_licitacion&idEvl=37UIvFFAtjZeKgd8LfVV9g%3D%3D
Contratos menores;Organización y gestión III Edición ERCA en Alatoz;Alcaldía del Ayuntamiento de Alatoz;servicios;Resuelta;Asociación Cultural El Jolivert;8415;https://contrataciondelestado.es/wps/poc?uri=deeplink:detalle_licitacion&idEvl=yPzczjDFcozECtSnloz%2BZQ%3D%3D
Contratos menores;Prespuesto 030/2026.- Servicio de control de inspeccion de vertidos. Dbo5;Alcaldía del Ayuntamiento de Fuentealbilla;servicios;Resuelta;DBO5 S.L.;8341,76;https://contrataciondelestado.es/wps/poc?uri=deeplink:detalle_licitacion&idEvl=XpkqvQ3DoTVeKgd8LfVV9g%3D%3D
Contratos menores;Contrato menor de obras de aislamiento térmico de la cubierta del gimnasio municipal;Alcaldía del Ayuntamiento de Sabiñánigo;obras;Resuelta;AISLABIN SL;8280;https://contrataciondelestado.es/wps/poc?uri=deeplink:detalle_licitacion&idEvl=z%2BdSHJECF9I36J9Lctlsuw%3D%3D
Contratos menores;Contrato menor Suministros alquiler de carpas Mig Any 2026;Alcaldía del Ayuntamiento de San Vicente Raspeig;suministros;Resuelta;EVERALIA LEVANTE SL;8263,6;https://contrataciondelestado.es/wps/poc?uri=deeplink:detalle_licitacion&idEvl=N0EoZUB0IvJ6nTs9LZ9RhQ%3D%3D
Contratos menores;2026-Hellín-Producciones Alberto Alfaro-Festival de Títeres varias fechas 2026;Presidencia del Consorcio Cultural Albacete de la Diputación Provincial de Albacete;servicios;Resuelta;PRODUCCIONES ALBERTO ALFARO, S.L.;8181,82;https://contrataciondelestado.es/wps/poc?uri=deeplink:detalle_licitacion&idEvl=EeLGvAxrdESOUi78BmzhOQ%3D%3D
Contratos menores;Alquiler carpa, Orq. Encucados(3), Duo Roma (4), Agustín Plaza (4), Salsarrosa Tiriez Octubre 2026;Alcaldía del Ayuntamiento de Lezuza;privado;Resuelta;AQO PRODUCCIONES S.L.;8050;https://contrataciondelestado.es/wps/poc?uri=deeplink:detalle_licitacion&idEvl=9QKtCUUOt%2Bt9PLkba5eRog%3D%3D
Contratos menores;Contractació menor d'una (1) plaça de Servei Acolliment residencial en centre específic de persones menors d'edat amb problemes de conducta per a ICS amb número d'expedient de protecció 1697/2022;IMAS - Vicepresidencia;servicios;Resuelta;AMALGAMA 7 I ASSOCIATS CENTRE D'ATENCIO BIO PSICO SOCIAL AL JOVE I A L'ADOLESCENT SL;7881;https://contrataciondelestado.es/wps/poc?uri=deeplink:detalle_licitacion&idEvl=aw8c%2Bwa%2BIQaP%2Bo96UAV7cQ%3D%3D
Contratos menores;Celdas de flujo desechables FLO-MIN114.12 MinION / Celdas de flujo desechables;Dirección del Instituto Valenciano de Investigaciones Agrarias (IVIA);suministros;Resuelta;VWR INTERNATIONAL EUROLAB SLU;7877,65;https://contrataciondelestado.es/wps/poc?uri=deeplink:detalle_licitacion&idEvl=yK8nfPiS60WFQ%2FlhRK79lA%3D%3D
Contratos menores;Suministro e instalación de elementos de parques infantiles en las pedanías de Tolosa, Casas del Cerro y La Gila.;Alcaldía del Ayuntamiento de Alcalá del Júcar;suministros;Resuelta;Urban Park Mancha s.l.;7877,27;https://contrataciondelestado.es/wps/poc?uri=deeplink:detalle_licitacion&idEvl=Le8ZI0P6qYWcTfjQf3USOg%3D%3D
Contratos menores;"Campaña publicitaria ""Vícar Te Quiere"" mediante vallas publicitarias en el municipio de Vícar.";ALCALDÍA AYUNTAMIENTO DE VÍCAR;servicios;Resuelta;MIGUEL CARRION PUBLICIDAD SL;7800;https://contrataciondelestado.es/wps/poc?uri=deeplink:detalle_licitacion&idEvl=Yz09TN3Y4%2BOOUi78BmzhOQ%3D%3D
Contratos menores;"Factura-E n&#186; 544 por importe de 8.998,41 €";Alcaldía del Ayuntamiento de Fuente-Álamo;servicios;Resuelta;ARU OBRAS Y SERVICIOS SOCIEDAD LIMITADA;7436,7;https://contrataciondelestado.es/wps/poc?uri=deeplink:detalle_licitacion&idEvl=EXQJtdpv4T5VYjgxA4nMUw%3D%3D
Contratos menores;Obra de construcció de 20 columbaris destinats al cementiri municipal de Campos;Alcaldía del Ajuntament de Campos;obras;Resuelta;SERGIO CAVA JIMENEZ;7300;https://contrataciondelestado.es/wps/poc?uri=deeplink:detalle_licitacion&idEvl=ZB%2BurExdRpUzjChw4z%2FXvw%3D%3D
Contratos menores;Contrato menor confección y colocación cortinas y sustitución tapizado sillones residencia Binéfar;Presidente de la Comarca de la Litera;suministros;Resuelta;MUEBLES BINEFAR, S.L.;7290;https://contrataciondelestado.es/wps/poc?uri=deeplink:detalle_licitacion&idEvl=VtfM2ih9mUWExvMJXBMHHQ%3D%3D
Contratos menores;Contratación de Patrimonio Abierto territorio DUSAL. Creación de productos digitales interactivos y multimedia para la visita por libre a monumentos _DUSAL+;Presidencia de la Comarca de Sobrarbe;servicios;Resuelta;FRANCISCO OLIVER MARTIN GONZALEZ;7105;https://contrataciondelestado.es/wps/poc?uri=deeplink:detalle_licitacion&idEvl=ehkKXhZYMin%2B3JAijKO%2Bkg%3D%3D
Contratos menores;CONmenor de Servicio de averias PCI en centro cultural y correcciones PCI en Casa Consistorial;Alcaldia del Ayuntamiento de Pinoso;servicios;Resuelta;MONICA DIAZ ALBERCA;7100,23;https://contrataciondelestado.es/wps/poc?uri=deeplink:detalle_licitacion&idEvl=D%2BcZiroK1HyHCIsjvJ3rhQ%3D%3D
Contratos menores;Contrato menor de obras. Mejoras de accesibilidad en dos edificios municipales de Marcén;Alcaldía del Ayuntamiento de Lalueza;obras;Resuelta;DISEA OBRAS Y SERVICIOS 2022 SOCIEDAD LIMITADA;7043,01;https://contrataciondelestado.es/wps/poc?uri=deeplink:detalle_licitacion&idEvl=3YgGxWiBAlWExvMJXBMHHQ%3D%3D
Contratos menores;Contrato menor de servicios para la actuación de la orquesta La Conexión en San Adriano 2026;Alcaldia del Ayuntamiento de Castrillón;servicios;Resuelta;DIEGO ROSENDO REGUEIRA;7000;https://contrataciondelestado.es/wps/poc?uri=deeplink:detalle_licitacion&idEvl=TsLzYiP250Pua%2Fi14w%2FPLA%3D%3D
Contratos menores;Contrato menor suministro gasoil 2026. Mes de septiembre;Presidencia de la Comarca de Sobrarbe;suministros;Resuelta;AGROPECUARIA DEL SOBRARBE, SCL;6898,46;https://contrataciondelestado.es/wps/poc?uri=deeplink:detalle_licitacion&idEvl=O0jlzt9idtfE6P%2FuLemXRw%3D%3D
Contratos menores;Contratación de un monitor de soporte para la escuela de la mar 2026.;Alcaldía del Ayuntamiento de Sant Josep de sa Talaia;servicios;Resuelta;AMADIBA;6891,49;https://contrataciondelestado.es/wps/poc?uri=deeplink:detalle_licitacion&idEvl=Px2qcCl%2Bt98QyBAnWzHfCg%3D%3D
Contratos menores;Presupuesto suministro 3 novillos para fiestas Peñascosa 2026;Alcaldía del Ayuntamiento de Peñascosa;servicios;Resuelta;BENITO GARCIA CHICANO;6801,69;https://contrataciondelestado.es/wps/poc?uri=deeplink:detalle_licitacion&idEvl=OzfyS9BIRvQ36J9Lctlsuw%3D%3D
Contratos menores;Contrato menor suministro gasoil 2026. Mes de agosto;Presidencia de la Comarca de Sobrarbe;suministros;Resuelta;LABOIL, S.L.;6796,64;https://contrataciondelestado.es/wps/poc?uri=deeplink:detalle_licitacion&idEvl=l4RftQ5ASBjE6P%2FuLemXRw%3D%3D
Contratos menores;P.G. 8.215,00 - Gas Fernández Reyes - 5.000 litros gasoleo B calefacción escuelas San Blas;Alcaldía del Ayuntamiento de Elche de la Sierra;suministros;Resuelta;Gas Fernández Reyes, S.L.;6789,26;https://contrataciondelestado.es/wps/poc?uri=deeplink:detalle_licitacion&idEvl=TJO5wI5KcD25HQrHoP3G5A%3D%3D
Contratos menores;Contrato de servicio orquesta Estrella Central y Coronación Reina y Damas 2026;Alcaldía del Ayuntamiento de Valdeganga;servicios;Resuelta;AQO PRODUCCIONES SOCIEDAD LIMITADA;6700;https://contrataciondelestado.es/wps/poc?uri=deeplink:detalle_licitacion&idEvl=cDKkkSw3ZHXjHF5qKI4aaw%3D%3D
Contratos menores;CONmenor de Suministro iluminación de puntos conflictivos en caminos del término municipal de Pinoso;Alcaldia del Ayuntamiento de Pinoso;suministros;Resuelta;LUMEN ELECTRICAS, S.L.;6611,57;https://contrataciondelestado.es/wps/poc?uri=deeplink:detalle_licitacion&idEvl=uXk5q4ydq1M7u6%2B%2FR7DUoA%3D%3D
Contratos menores;"Edición Premio de Investigación Fundación José M&#170; Soler 2026";Alcaldía del Ayuntamiento de Villena;servicios;Resuelta;JOSE IGNACIO RODES ALCARAZ;6540;https://contrataciondelestado.es/wps/poc?uri=deeplink:detalle_licitacion&idEvl=hvr5depheyeFQ%2FlhRK79lA%3D%3D
Contratos menores;CONM servicio actuación teatral mejor no decirlo;Alcaldía del Ayuntamiento de Jumilla;servicios;Resuelta;PENTACION SA;6480;https://contrataciondelestado.es/wps/poc?uri=deeplink:detalle_licitacion&idEvl=CQqehQKUF9Q36J9Lctlsuw%3D%3D
Contratos menores;Suscripción Plataforma Lefebvre;Junta de Gobierno Local del Ayuntamiento de Cartagena;suministros;Resuelta;LEFEBVRE EL DERECHO, S.A.;6466,34;https://contrataciondelestado.es/wps/poc?uri=deeplink:detalle_licitacion&idEvl=3lqAF%2BZDhGJSYrkJkLlFdw%3D%3D
Contratos menores;Servicio de instalación y mantenimiento de software de notificaciones con función de edición de: notificaciones de dos intentos, de un intento, de certificado con acuse de recibo, de etiquetas con datos del destinatario y de listados para emisor y para correos + bolsa de 32 horas para atender posibles adaptaciones personalizadas. / Servici d'instal·lació i manteniment de programari de notificacions amb funció d'edició de: notificacions de dos intents, d'un intent, de certificat amb justificant de recepció, d'etiquetes amb dades del destinatari i de llistats per a emissor i per a correus bossa de 32 hores per a atendre possibles adaptacions personalitzades.;Centro Especial de Empleo del IVASS SAU;servicios;Resuelta;ESEDEÁ - SERV. DOCUMENTALES AVANZADOS, SL;6456;https://contrataciondelestado.es/wps/poc?uri=deeplink:detalle_licitacion&idEvl=bWDqwY9GxEUmMOlAXxDEjw%3D%3D
Contratos menores;Contrato menor de servicio Francisco Galvañ Candela (Disco móvil precabos, primer tró);Alcaldía del Ayuntamiento de Crevillent;servicios;Resuelta;FRANCISCO JOSE GALVAÑ CANDELA;6265;https://contrataciondelestado.es/wps/poc?uri=deeplink:detalle_licitacion&idEvl=Lg0%2F30EwSEL%2Fa9DgO%2BoYKQ%3D%3D
Contratos menores;Barredora con cepillo lateral y sistema de enganche para pala;Alcaldía del Ayuntamiento de Alcadozo;suministros;Resuelta;Talleres Teodoro Pedrón S.L;6143;https://contrataciondelestado.es/wps/poc?uri=deeplink:detalle_licitacion&idEvl=esk6iVny698%2Bk2oCbDosIw%3D%3D
Contratos menores;2026. Platea (2026-2027) Teatro de la Paz. El barbero de Picasso. Amor al teatro S.L.. 14 de septiembre;Presidencia del Consorcio Cultural Albacete de la Diputación Provincial de Albacete;servicios;Resuelta;Amor al Teatro S.L.;6060,96;https://contrataciondelestado.es/wps/poc?uri=deeplink:detalle_licitacion&idEvl=5O2H%2BSMyVCTI8aL3PRS10Q%3D%3D
Contratos menores;"Suministros. Alquiler carpa ""La Sal"" y carpas Cofradías Feria de Hellín 2026.";Alcaldía del Ayuntamiento de Hellín;suministros;Resuelta;CUPULA CREATIVA SL;6000;https://contrataciondelestado.es/wps/poc?uri=deeplink:detalle_licitacion&idEvl=9n2DNQCfCJzCfVQHDepjGQ%3D%3D
Contratos menores;Contrato privado para la realización de la Exposición denominada Salvador Victoria: Pensar el espacio 2026 - José Alfonso de la Torre Vidal;Presidencia de Diputación Provincial de Albacete;privado;Resuelta;JOSE ALFONSO DE LA TORRE VIDAL;6000;https://contrataciondelestado.es/wps/poc?uri=deeplink:detalle_licitacion&idEvl=er2uJn4Gd2mFlFRHfEzEaw%3D%3D
Contratos menores;Publicidad cartagineses y romanos cadena COPE;Junta de Gobierno Local del Ayuntamiento de Cartagena;servicios;Resuelta;RADIO POPULAR SA CADENA DE ONDAS POPULARES ESPAÑOLAS;6000;https://contrataciondelestado.es/wps/poc?uri=deeplink:detalle_licitacion&idEvl=jS3Y8%2BVnRqk7%2B9FIQYNjeQ%3D%3D
Contratos menores;Publicidad cartagineses y romanos en la cadena SER;Junta de Gobierno Local del Ayuntamiento de Cartagena;servicios;Resuelta;SOCIEDAD ESPAÑOLA DE RADIODIFUSION SL;6000;https://contrataciondelestado.es/wps/poc?uri=deeplink:detalle_licitacion&idEvl=AKZdy8bYsvHN3k3tjedSGw%3D%3D
Contratos menores;Servicios de Ingeniería para la Legalización de Instalaciones Eléctricas, Instalaciones de Protección Contra Incendios, Instalaciones de Aire Comprimido e Instalaciones de Almacenamiento de Productos Químicos de la ETAP de Riberos del Tajo en Casas de Millán (Cáceres);Consorcio Medioambiente y Aguas Provincia de Cáceres - Mas Medio;servicios;Resuelta;AJF INGENIERÍA / FERNANDEZ SANTOS JOSE ANTONIO;5878,16;https://contrataciondelestado.es/wps/poc?uri=deeplink:detalle_licitacion&idEvl=NiFTbHTYP6dq1DdmE7eaXg%3D%3D
Contratos menores;Contrato menor de obras de instalación de carpintería interior para el gimnasio municipal;Alcaldía del Ayuntamiento de Sabiñánigo;obras;Resuelta;CARPINTERIA EBANISTERIA LOS VALLES SC;5851;https://contrataciondelestado.es/wps/poc?uri=deeplink:detalle_licitacion&idEvl=2wizhrcJbS6S81gZFETWmA%3D%3D
Contratos menores;Vi Crevillentí fiestas patronales y de Moros y Cristianos;Alcaldía del Ayuntamiento de Crevillent;servicios;Resuelta;SERVICIOS HOSTELEROS LAS PALMERAS SL;5850;https://contrataciondelestado.es/wps/poc?uri=deeplink:detalle_licitacion&idEvl=pCFY8D079JyOUi78BmzhOQ%3D%3D
Contratos menores;Contrato menor: Modernización del cableado del mercado municipal;Alcaldía del Ayuntamiento de Banyeres de Mariola;servicios;Resuelta;ELECTRICIDAD MONZO SL;5712,81;https://contrataciondelestado.es/wps/poc?uri=deeplink:detalle_licitacion&idEvl=1a9md9RgG%2BnkY6rls5tG9A%3D%3D
Contratos menores;Contrato menor suministros grupos electrógenos Mig Any 2026;Alcaldía del Ayuntamiento de San Vicente Raspeig;suministros;Resuelta;Reveal Maquinaria, S.L.;5706,2;https://contrataciondelestado.es/wps/poc?uri=deeplink:detalle_licitacion&idEvl=8AQzIjni%2BZxrhBlEHQFSKA%3D%3D
Contratos menores;Delegado de protección de datos;Junta de Gobierno Local del Ayuntamiento de Cartagena;servicios;Resuelta;SYMLOGIC, S.L.;5580;https://contrataciondelestado.es/wps/poc?uri=deeplink:detalle_licitacion&idEvl=jePyu1AogQN6nTs9LZ9RhQ%3D%3D
Contratos menores;Servicios. Desfile elementos de apertura Feria de Hellín 2026.;Alcaldía del Ayuntamiento de Hellín;servicios;Resuelta;EL MOLINO FORMACION OCIO Y TIEMPO LIBRE SL;5500;https://contrataciondelestado.es/wps/poc?uri=deeplink:detalle_licitacion&idEvl=PBxyyKPOxLG9Hd5zqvq9cg%3D%3D
Contratos menores;Contrato menor de servicio de arbitraje y clasificaciones del Circuito de Torneos de Pádel Diputación de Albacete 2026. Federación de Pádel de CLM. Partida: 840.341.226.09.08 Circuito Pádel. RC: 849641;Presidencia de Diputación Provincial de Albacete;servicios;Resuelta;FEDERACION DE PADEL DE CASTILLA-LA MANCHA;5420;https://contrataciondelestado.es/wps/poc?uri=deeplink:detalle_licitacion&idEvl=F0LRY2GFyzbzAq95uGTrDQ%3D%3D
Contratos menores;"Contrato menor de servicios de honorarios correspondientes a la redacción de proyecto de urbanización de la calle 1&#186; de mayo; Fco Javier Barrachina Martínez";Alcaldía del Ayuntamiento de Alpera;servicios;Resuelta;FRANCISCO JAVIER MARCOS BARRACHINA MARTINEZ;5294,76;https://contrataciondelestado.es/wps/poc?uri=deeplink:detalle_licitacion&idEvl=uJTiTKRx8uAeIBJRHQiPkQ%3D%3D
Contratos menores;Redacción de estudio geotécnico para el proyecto “Muro de contención en la Calle Fernando Martinez de la localidad de Molinos de Papel en Palomera (Cuenca)”;Presidencia de la Diputación Provincial de Cuenca;servicios;Resuelta;LABORATORIO Y CONSULTORIA CARRING SL;5233,75;https://contrataciondelestado.es/wps/poc?uri=deeplink:detalle_licitacion&idEvl=WmDVcJewBIfVGIpKDxgsAQ%3D%3D
Contratos menores;Contrato menor cambio tuberías - reparación averías red aguas potables, presupuesto de fecha 21/09/2026.;Alcaldía del Ayuntamiento de Madrigueras;servicios;Resuelta;EXCAVACIONES SANTIAGO NUÑEZ S.L.;5232,4;https://contrataciondelestado.es/wps/poc?uri=deeplink:detalle_licitacion&idEvl=zjGrVjshJjiExvMJXBMHHQ%3D%3D
Contratos menores;Contrato de ruedas de los vehículo de RSU 0708 BTM, 7657 GJS y 0458 GSH.;Presidencia de la Comarca de Sobrarbe;suministros;Resuelta;NEUMÁTICOS J. ARAGÓN, SL;5210,76;https://contrataciondelestado.es/wps/poc?uri=deeplink:detalle_licitacion&idEvl=mCXSPoFVZxNxseVhcqrkhw%3D%3D
Contratos menores;Dirección demolición vivienda expdte DU 573/2007 / Dirección demolición vivienda expdte DU 573/2007;Dirección Gerencia de la Agència Valenciana de Protecció del Territori;servicios;Resuelta;BATALLER CAMARA CARLOS IGNACIO;5200;https://contrataciondelestado.es/wps/poc?uri=deeplink:detalle_licitacion&idEvl=AM8en805X06cCF8sV%2BqtYA%3D%3D
Contratos menores;Servicio para la redacción del Plan Estratégico de Turismo Villena 2027 - 2030;Alcaldía del Ayuntamiento de Villena;servicios;Resuelta;DANIEL DIEZ SANTO;4950;https://contrataciondelestado.es/wps/poc?uri=deeplink:detalle_licitacion&idEvl=fu6y8ehWIUbmnwcj%2BxbdTg%3D%3D
Contratos menores;"Factura-E n&#186; 26-008029 por importe de 5.859,09 €";Alcaldía del Ayuntamiento de Fuente-Álamo;servicios;Resuelta;ELECTRONIC TRAFIC, SA;4842,22;https://contrataciondelestado.es/wps/poc?uri=deeplink:detalle_licitacion&idEvl=qFs9jyqa9F1%2BF6L2uCfUWg%3D%3D
Contratos menores;"Factura N&#186;000023. Por importe de 5.815,62€.";Alcaldía del Ayuntamiento de Fuente-Álamo;suministros;Resuelta;PRESOFAS ROMARTI FUENTE ALAMO S.L.;4806,3;https://contrataciondelestado.es/wps/poc?uri=deeplink:detalle_licitacion&idEvl=9YfanFTo9Y6FlFRHfEzEaw%3D%3D
Contratos menores;"Contrato menor privado actuación musical ""Hey. Homenaje a Julio Iglesias"" el día 20 de septiembre dentro de la programación Feria 2026";Alcaldía del Ayuntamiento de Yecla;privado;Resuelta;VISUAL EVENTS COMUNICACIÓN Y PRODUCCIONES S.A;4800;https://contrataciondelestado.es/wps/poc?uri=deeplink:detalle_licitacion&idEvl=mx295quSAooZDGvgaZEVxQ%3D%3D
Contratos menores;Contrato menor OBRAS ejecución reparación de socavones y blandones en los accesos a las Pedanías de los Cárceles y Tabaqueros. Dipualba Pedanías 2026;Alcaldía del Ayuntamiento de Villamalea;obras;Resuelta;HORMIGONES VILLA INIESTA SL;4784,26;https://contrataciondelestado.es/wps/poc?uri=deeplink:detalle_licitacion&idEvl=XLDQFUJI5u7gL1BHd3qjQA%3D%3D
Contratos menores;CON_MNOR Servicios de Coordinación de Seguridad y Salud en fase de ejecución de las obras Renovación alcantarillado Calle Maestro Guillén;Alcaldía del Ayuntamiento de Villena;servicios;Resuelta;ENGINEER MUNDI SL;4777,04;https://contrataciondelestado.es/wps/poc?uri=deeplink:detalle_licitacion&idEvl=w3ob3y6wUiXpxJFXpLZ%2B2A%3D%3D
Contratos menores;Dotación de vestuario laboral y EPIs para alumnado-trabajador y personal docente de Taller de Empleo;Alcaldia del Ayuntamiento de Castrillón;suministros;Resuelta;ASTURTOOLS SL;4773,41;https://contrataciondelestado.es/wps/poc?uri=deeplink:detalle_licitacion&idEvl=rpAVCh1ATWAkJPJS%2BPS9vg%3D%3D
Contratos menores;Adquisición de equipamiento para el gimnasio municipal;Alcaldía del Ayuntamiento de Alcalá del Júcar;suministros;Resuelta;AKON FITNESS S.L.;4759,94;https://contrataciondelestado.es/wps/poc?uri=deeplink:detalle_licitacion&idEvl=hV4qdXlbEd%2Bzz8fXU2i3eQ%3D%3D
Contratos menores;Prestación del servicio para la aplicación del método CER en las colonias felinas del municipio, incluyendo identificación, esterilización, tratamientos veterinarios y alimentación, conforme al proyecto subvencionado por la Diputación de Albacete para 2026.;Alcaldía del Ayuntamiento de Villarrobledo;servicios;Resuelta;ASOCIACIÓN PISADAS GATUNAS;4600;https://contrataciondelestado.es/wps/poc?uri=deeplink:detalle_licitacion&idEvl=OB64%2BGhYGZt9Zh%2FyRJgM8w%3D%3D
Contratos menores;Actuación musical fiestas Peñascosa 2026 - Grupo Guateque club band Presupuesto Modificado;Alcaldía del Ayuntamiento de Peñascosa;servicios;Resuelta;MAPACHE EVENTS SL;4600;https://contrataciondelestado.es/wps/poc?uri=deeplink:detalle_licitacion&idEvl=%2B%2F35R6GE%2BXLLIx6q1oPaMg%3D%3D
Contratos menores;Reparación y calibración del equipo portátil de intercambio gaseoso y fluorescencia LI-6800 / Reparació i calibratge de l equip portàtil d intercanvi gasós i fluorescència LI-6800;Dirección del Instituto Valenciano de Investigaciones Agrarias (IVIA);servicios;Resuelta;DILUS INSTRUMENTACION Y SISTEMAS SA;4599,23;https://contrataciondelestado.es/wps/poc?uri=deeplink:detalle_licitacion&idEvl=pO2upti56AoadbH3CysQuQ%3D%3D
Contratos menores;Contrato menor de suministro de teja para el Molino Periel;Alcaldía del Ayuntamiento de Sabiñánigo;suministros;Resuelta;ALTOARAGON, MATERIALES DE CONSTRUCCION Y SANEAMIENTO SL;4575,82;https://contrataciondelestado.es/wps/poc?uri=deeplink:detalle_licitacion&idEvl=hgXnBxgBDg8tm4eBPtV6eQ%3D%3D
Contratos menores;Servicio de protocolo y catering para el día de la Policía 2026;Concejalía de Contratación del Ayuntamiento de Cieza (Murcia);servicios;Resuelta;HOSTELERIA Y RESTAURACION CIEZA, SL;4546;https://contrataciondelestado.es/wps/poc?uri=deeplink:detalle_licitacion&idEvl=Z0jGEFtv9lWzz8fXU2i3eQ%3D%3D
Contratos menores;Contrato menor: Servicio de comida para el Homenaje a la Tercera Edad;Alcaldía del Ayuntamiento de Banyeres de Mariola;servicios;Resuelta;LA VENTA DEL BORREGO SL;4544;https://contrataciondelestado.es/wps/poc?uri=deeplink:detalle_licitacion&idEvl=KbVum5JgQrvLIx6q1oPaMg%3D%3D
Contratos menores;"2026. Cultural Albacete. Gestión comunicación en RRSS, actualización web. Synergy Internet S.L. 3&#186; Trimestre.";Presidencia del Consorcio Cultural Albacete de la Diputación Provincial de Albacete;servicios;Resuelta;SYNERGY INTERNET S.L.;4500;https://contrataciondelestado.es/wps/poc?uri=deeplink:detalle_licitacion&idEvl=5O2H%2BSMyVCSS81gZFETWmA%3D%3D
Contratos menores;Contrato menor OBRAS pintura exterior de la fachada del Centro de Salud 2026, Dipualba inversiones;Alcaldía del Ayuntamiento de Villamalea;obras;Resuelta;PINTURA Y DECORACION JURADOLIVA, S.L.;4500;https://contrataciondelestado.es/wps/poc?uri=deeplink:detalle_licitacion&idEvl=wk33qNYwd3prSd8H4b2soA%3D%3D
Contratos menores;Orquesta trópico show fiestas Masegoso 2026;Alcaldía del Ayuntamiento de Masegoso;servicios;Resuelta;LEOPOLDO CULEBRAS PEREZ;4500;https://contrataciondelestado.es/wps/poc?uri=deeplink:detalle_licitacion&idEvl=E9hK9lFHdvOzz8fXU2i3eQ%3D%3D
Contratos menores;"Factura-E n&#186; 1381 por importe de 4.914,47 €";Alcaldía del Ayuntamiento de Fuente-Álamo;servicios;Resuelta;RECICLAJES POZO CAÑADA S.L.;4467,7;https://contrataciondelestado.es/wps/poc?uri=deeplink:detalle_licitacion&idEvl=24YiHMG%2BX%2BHi0Kd8%2Brcp6w%3D%3D
Contratos menores;Servicios. Actuaciones en feria de la Banda de Cornetas y Tambores de la Hermandad de la Santa Cruz y Virgen de la Amargura;Alcaldía del Ayuntamiento de Hellín;servicios;Resuelta;HERMANDAD DE LA SANTA CRUZ Y VIRGEN DE LA AMARGURA;4462,81;https://contrataciondelestado.es/wps/poc?uri=deeplink:detalle_licitacion&idEvl=bCmlco%2BUej84NavIWzMcHA%3D%3D
Contratos menores;Pianista invitada para acompañar a los alumnos del CAEO y otras actividades de la EAEM de septiembre de 2026 a julio de 2027. Simona Velikova;Gerencia del Consorcio de la Ciudad de Santiago;servicios;Resuelta;SIMONA KANTCHEVA VELIKOVA;4400;https://contrataciondelestado.es/wps/poc?uri=deeplink:detalle_licitacion&idEvl=3UjquaogaufkY6rls5tG9A%3D%3D
Contratos menores;Servicio de instalación y mantenimiento de software de custodia, con las funcionalidades que requiere el entorno del Centro Especial de Empleo, con servicio de hosting + bolsa de 32 horas para atender posibles adaptaciones / Servici d'instal·lació i manteniment de programari de custòdia, amb les funcionalitats que requerix l'entorn del Centre Especial d'Ocupació, amb servici de hosting bossa de 32 hores per a atendre possibles adaptacions;Centro Especial de Empleo del IVASS SAU;servicios;Resuelta;SERVICIOS DOCUMENTALES AVANZADOS SL;4392;https://contrataciondelestado.es/wps/poc?uri=deeplink:detalle_licitacion&idEvl=691BIpOYra6HCIsjvJ3rhQ%3D%3D
Contratos menores;Contrato menor de suministro laboral gráfica sl;Alcaldía del Ayuntamiento de Crevillent;suministros;Resuelta;LABORAL GRAFICA SL;4205;https://contrataciondelestado.es/wps/poc?uri=deeplink:detalle_licitacion&idEvl=FFFC4NeCIkseC9GJQOEBkQ%3D%3D
Contratos menores;Contrato menor de Servicio_Para la ejecución de los trabajos de mano de obra en la reparación del alcantarillado de las vías públicas del municipio de Viveros dañadas por las fuertes lluvias, financiado con cargo a la SUB de DIPUTACIÓN AB destinada a GASTOS INVERSIÓN de inversiones (Año 2026);Alcaldía del Ayuntamiento de Viveros;servicios;Resuelta;LA PAZ CONSTRUCCIONES Y ALBAÑILERIA S.L.;4150;https://contrataciondelestado.es/wps/poc?uri=deeplink:detalle_licitacion&idEvl=wVAEsEFro26dkQsA7ROvsg%3D%3D
Contratos menores;Mantenimiento de centros educativos en materia de fontanería;Alcaldía del Ayuntamiento de Villena;suministros;Resuelta;FRANCISCO JOSE SANCHEZ SANCHEZ;4132,22;https://contrataciondelestado.es/wps/poc?uri=deeplink:detalle_licitacion&idEvl=hvr5depheyfECtSnloz%2BZQ%3D%3D
Contratos menores;Instalación de suministro eléctrico al parque auxiliar de bomberos;Presidencia de la Diputación Provincial de Cuenca;obras;Resuelta;ELECTRICA CONQUENSE DISTRIBUCION S.A.;4095,07;https://contrataciondelestado.es/wps/poc?uri=deeplink:detalle_licitacion&idEvl=Lj6mLq1zHTqGCFcHcNGIlQ%3D%3D
Contratos menores;Contrato menor de suministro de un Planetario los días 26 y 27 de diciembre en la carpa de la Navidad 2026/2027;Alcaldia del Ayuntamiento de Castrillón;suministros;Resuelta;AULA FUTURO E INNOVACION EDUCATIVA SL;4033,06;https://contrataciondelestado.es/wps/poc?uri=deeplink:detalle_licitacion&idEvl=5FQQ7pT%2BY%2FCzz8fXU2i3eQ%3D%3D
Contratos menores;Contrato Menor Privado Musical Infantil Timón y Pumba;Alcaldía del Ayuntamiento de Yecla;privado;Resuelta;Gestión Comercial, S.L.;4000;https://contrataciondelestado.es/wps/poc?uri=deeplink:detalle_licitacion&idEvl=h%2FlfpF6%2FQSsIYE3ZiZ%2BxmQ%3D%3D
Contratos menores;caldereta Fiestas Masegoso octubre 2026;Alcaldía del Ayuntamiento de Masegoso;servicios;Resuelta;María Teresa Alcaide Ramírez;4000;https://contrataciondelestado.es/wps/poc?uri=deeplink:detalle_licitacion&idEvl=YALXy4WWfEJSYrkJkLlFdw%3D%3D
Contratos menores;Contrato menor: Cableado estructurado y rack de comunicaciones en el edificio de la policía local;Alcaldía del Ayuntamiento de Banyeres de Mariola;servicios;Resuelta;ELECTRICIDAD MONZO SL;3990;https://contrataciondelestado.es/wps/poc?uri=deeplink:detalle_licitacion&idEvl=WFhQuEjOyJyGCFcHcNGIlQ%3D%3D
Contratos menores;Contrato menor OBRAS regeneración y reparación césped Campo de Fútbol municipal, septiembre 2026;Alcaldía del Ayuntamiento de Villamalea;obras;Resuelta;FRANCISCO (PROGESTION ALBACETE) ORTEGA FERNANDEZ;3950;https://contrataciondelestado.es/wps/poc?uri=deeplink:detalle_licitacion&idEvl=5%2Ftpi8UiVBweIBJRHQiPkQ%3D%3D
Contratos menores;Contrato Menor Privado espectáculo infantil La Fiesta de MicKey;Alcaldía del Ayuntamiento de Yecla;privado;Resuelta;GRUPO ALMANSA EVENTOS SOCIEDAD LIMITADA;3800;https://contrataciondelestado.es/wps/poc?uri=deeplink:detalle_licitacion&idEvl=uojQFSnhI3VeKgd8LfVV9g%3D%3D
Contratos menores;Contrato menor de obra, para las reparaciones de averías en parques y jardines (lote 1), redes de agua (lote 2) en piscina municipal (lote 3), instalaciones deportivas (lote 4) y edificios públicos (lote 5). GRAS BARRENA;Alcaldía del Ayuntamiento de Alpera;obras;Resuelta;Antonio Gras Barrena;3746,51;https://contrataciondelestado.es/wps/poc?uri=deeplink:detalle_licitacion&idEvl=bepBT2PgfiA4NavIWzMcHA%3D%3D
Contratos menores;Suministro de aros y tableros de balon cesto para el Pabellón de Deportes.;Alcaldía del Ayuntamiento de Villena;suministros;Resuelta;VIMAS SPORT SL;3726,74;https://contrataciondelestado.es/wps/poc?uri=deeplink:detalle_licitacion&idEvl=ucHk5hKLSm%2BopEMYCmrbmw%3D%3D
Contratos menores;Graficas Cano Doñate. Suministro de 1200 ticket comidas asociaciones, 550 programas y 3 lonas damas _ 4.501,20€;Alcaldía del Ayuntamiento de Bonete;suministros;Resuelta;Graficas Cano Donate S.L.;3720;https://contrataciondelestado.es/wps/poc?uri=deeplink:detalle_licitacion&idEvl=uBmNXQmfEbLzAq95uGTrDQ%3D%3D
Contratos menores;Contrato menor suministros aseos Mig Any 2026;Alcaldía del Ayuntamiento de San Vicente Raspeig;suministros;Resuelta;CABISUAR ALICANTE SA;3720;https://contrataciondelestado.es/wps/poc?uri=deeplink:detalle_licitacion&idEvl=N0EoZUB0IvLXOjazN1Dw9Q%3D%3D
Contratos menores;Patrocinio cartagineses y romanos en Onda Cero;Junta de Gobierno Local del Ayuntamiento de Cartagena;servicios;Resuelta;UNIPREX, S.A.U.;3700;https://contrataciondelestado.es/wps/poc?uri=deeplink:detalle_licitacion&idEvl=5bi7lRwzpNWkU02jNGj1Fw%3D%3D
Contratos menores;2026. Platea (2026-2027) Teatro de la Paz. Sustrai. Zirkuss. 16 de septiembre;Presidencia del Consorcio Cultural Albacete de la Diputación Provincial de Albacete;servicios;Resuelta;Zirkuss Productions S.L.;3675;https://contrataciondelestado.es/wps/poc?uri=deeplink:detalle_licitacion&idEvl=XkHeQCNy4%2B94zIRvjBVCSw%3D%3D
Contratos menores;CM2026/SER/189_Servicio esterilización colonias felinas;Alcaldía del Ayuntamiento de Ibi;servicios;Resuelta;SALVADOR MEDINA MARTINEZ;3609,92;https://contrataciondelestado.es/wps/poc?uri=deeplink:detalle_licitacion&idEvl=Ey6OyVE34iEadbH3CysQuQ%3D%3D
Contratos menores;"Contractació actuació a Raixa del grup Divas ""Amb veu de dona"" dia 8 d'agost. IDM";Departamentos del Consell Insular de Mallorca;servicios;Resuelta;MUSICA I COMPLEMENTS SL;3590;https://contrataciondelestado.es/wps/poc?uri=deeplink:detalle_licitacion&idEvl=p6LzeSdp0eH10HRJw8TEnQ%3D%3D
Contratos menores;E26-00739 (C.M) Curso de formación, iniciación y reciclaje de pilotaje de drones.;Alcaldía del Ayuntamiento de Albacete;servicios;Resuelta;GRUPO BLUEDRONE SL;3540;https://contrataciondelestado.es/wps/poc?uri=deeplink:detalle_licitacion&idEvl=ouTbBqY%2B6DB4zIRvjBVCSw%3D%3D
Contratos menores;Contrato menor de servicios para la preparación y realización de sesiones de estimulación cognitiva y social para personas mayores, y realización de talleres temáticos. JIMÉNEZ PINTADO;Alcaldía del Ayuntamiento de Alpera;servicios;Resuelta;Patricia Jimenez Pintado;3513;https://contrataciondelestado.es/wps/poc?uri=deeplink:detalle_licitacion&idEvl=OBQNmeimIKb9pbnDwlaUlg%3D%3D
Contratos menores;Representación espectáculo DooooDePechos 26 noviembre 2026;Alcaldía del Ayuntamiento de Villena;servicios;Resuelta;Territorio Violeta, SL;3500;https://contrataciondelestado.es/wps/poc?uri=deeplink:detalle_licitacion&idEvl=w3ob3y6wUiUkJPJS%2BPS9vg%3D%3D
Contratos menores;P.G. 4.200,27 - Promoción deportiva avanzada - 213,75 horas mantenimiento, limpieza y taquilla piscina verano 26;Alcaldía del Ayuntamiento de Elche de la Sierra;servicios;Resuelta;Promoción Deportiva Avanzada, S.L.;3471,3;https://contrataciondelestado.es/wps/poc?uri=deeplink:detalle_licitacion&idEvl=Jd%2BhpWROzh1SYrkJkLlFdw%3D%3D
Contratos menores;Orden de pedido a Suministros Incor, S.L. según presupuesto 689/2026 de 13 de julio de 2026;Alcaldía del Ayuntamiento de Casas de Juan Núñez;suministros;Resuelta;Suministros Incor, S.L.;3468;https://contrataciondelestado.es/wps/poc?uri=deeplink:detalle_licitacion&idEvl=xGqDtWU0pn0IYE3ZiZ%2BxmQ%3D%3D
Contratos menores;Contrato privado Interpretación artística Almudena Sánchez Jiménez, encuentro literario Irene Vallejo, Teatro Paz;Presidencia de Diputación Provincial de Albacete;privado;Resuelta;Almudena Sánchez Jiménez;3438,5;https://contrataciondelestado.es/wps/poc?uri=deeplink:detalle_licitacion&idEvl=F0LRY2GFyzZVYjgxA4nMUw%3D%3D
Contratos menores;Contrato menor OBRAS mejora instalación de ósmosis en fuente Parque de la Balsa, septiembre 2026.;Alcaldía del Ayuntamiento de Villamalea;obras;Resuelta;JUAN MIGUEL GOMEZ IBAÑEZ;3410;https://contrataciondelestado.es/wps/poc?uri=deeplink:detalle_licitacion&idEvl=wk33qNYwd3rgL1BHd3qjQA%3D%3D
Contratos menores;Reparación del vehículo 0458 GSH de RSU;Presidencia de la Comarca de Sobrarbe;servicios;Resuelta;TALLERES LAPIEDRA-LOPEZ, S.L;3406,64;https://contrataciondelestado.es/wps/poc?uri=deeplink:detalle_licitacion&idEvl=ymkb0yQJ%2FpjyoM4us5k4vw%3D%3D
Contratos menores;Contrato menor de suministro de un depósito de agua potable para San Esteban;Alcaldía del Ayuntamiento de Sabiñánigo;suministros;Resuelta;FLEXITANQ IBERIA SL;3385;https://contrataciondelestado.es/wps/poc?uri=deeplink:detalle_licitacion&idEvl=n%2F2WSwvzgla2gkLQ8TeYKA%3D%3D
Contratos menores;"Gastos del servicio de impresión, escaneado y fotocopiado durante el período entre contratos (2&#170; cobertura)";Concejalía de Contratación del Ayuntamiento de Cieza (Murcia);servicios;Resuelta;ROF SERVICIO LEVANTE SL;3305,79;https://contrataciondelestado.es/wps/poc?uri=deeplink:detalle_licitacion&idEvl=g7gaA7%2BNmpQ2wEhQbcAqug%3D%3D
Contratos menores;Contrato de servicios para actuación musical revista variedades fiestas 2026;Alcaldía del Ayuntamiento de Valdeganga;servicios;Resuelta;AQO PRODUCCIONES;3300;https://contrataciondelestado.es/wps/poc?uri=deeplink:detalle_licitacion&idEvl=JT8rh%2BVtzkZxseVhcqrkhw%3D%3D
Contratos menores;Pianista invitada CAEO y otras EAEM de septiembre de 2026 a junio de 2027. Eriko Ishimoto;Gerencia del Consorcio de la Ciudad de Santiago;servicios;Resuelta;ERIKO ISHIMOTO;3240;https://contrataciondelestado.es/wps/poc?uri=deeplink:detalle_licitacion&idEvl=0ie69kOj6MMaF6cS8TCh%2FA%3D%3D
Contratos menores;Pianista invitada para acompañar a los alumnos del CAEO y otras actividades de la EAEM de septiembre de 2026 a julio de 2027. Haruna Takebe;Gerencia del Consorcio de la Ciudad de Santiago;servicios;Resuelta;HARUNA TAKEBE;3240;https://contrataciondelestado.es/wps/poc?uri=deeplink:detalle_licitacion&idEvl=0ie69kOj6MMXhk1FZxEyvw%3D%3D
Contratos menores;Contrato menor de servicios de impresión Programas de Fiesta de Salobre y Reolid 2026;Alcaldía del Ayuntamiento de Salobre;servicios;Resuelta;GRAFICAS CANO DONATE, S.L.;3225;https://contrataciondelestado.es/wps/poc?uri=deeplink:detalle_licitacion&idEvl=ola44lzQpN9eKgd8LfVV9g%3D%3D
Contratos menores;Servicio de azafatos/as para atención al público, dinamización y apoyo operativo en el stand del Consorcio del Circuito de Velocidad en la Feria de Albacete;Presidencia del Consorcio Circuito de Velocidad de Albacete;servicios;Resuelta;COMPAÑIA PRIVADA PARA EL DESARROLLO DE LOS SERVICIOS PUBLICOS SOCIEDAD LIMITADA;3200;https://contrataciondelestado.es/wps/poc?uri=deeplink:detalle_licitacion&idEvl=VvgVduR%2BoVOqb7rCcv76BA%3D%3D
Contratos menores;Contrato menor de señalización IIV;Alcaldia del Ayuntamiento de Castrillón;suministros;Resuelta;SEÑALIZACIONES INTEGRALES NORTE SOCIEDAD LIMITADA;3125,44;https://contrataciondelestado.es/wps/poc?uri=deeplink:detalle_licitacion&idEvl=58Go3LkeIE8wYTJJ03sHog%3D%3D
Contratos menores;Curso de Gestión Operativa y Mando para la Academia de Mandos del SEIS;Junta de Gobierno Local del Ayuntamiento de Cartagena;servicios;Resuelta;ASOC PROFESIONAL DE TECNICOS DE BOMBEROS;3100;https://contrataciondelestado.es/wps/poc?uri=deeplink:detalle_licitacion&idEvl=lAAOHUYoXaxxseVhcqrkhw%3D%3D
Contratos menores;Sesiones de Cuentacuentos en la Biblioteca Municipal. 1, 23 de octubre y 13 de noviembre de 2026. Contrato privado;Alcaldía del Ayuntamiento de San Vicente Raspeig;privado;Resuelta;GLOBALPLAY ENTERTAINMENT S.L.U;3090;https://contrataciondelestado.es/wps/poc?uri=deeplink:detalle_licitacion&idEvl=tcZPOM2eTV2FlFRHfEzEaw%3D%3D
Contratos menores;Exhibición y concurso de graffiti;Alcaldía del Ayuntamiento de Llanera;servicios;Resuelta;Pelayo Iglesias Fernández;3000;https://contrataciondelestado.es/wps/poc?uri=deeplink:detalle_licitacion&idEvl=eozAerXOMZIzjChw4z%2FXvw%3D%3D
Contratos menores;Batalla de canciones;Alcaldía del Ayuntamiento de Llanera;servicios;Resuelta;Revista 12 grados S.L.;3000;https://contrataciondelestado.es/wps/poc?uri=deeplink:detalle_licitacion&idEvl=8OfEPhoFhi4Xhk1FZxEyvw%3D%3D
Contratos menores;Suministros. Alquiler aseos para Feria 2026;Alcaldía del Ayuntamiento de Hellín;suministros;Resuelta;GRUPO VERTICAL GLOBAL 2024 SOCIEDAD LIMITADA;3000;https://contrataciondelestado.es/wps/poc?uri=deeplink:detalle_licitacion&idEvl=q%2FbCxEjBWuzmnwcj%2BxbdTg%3D%3D
Contratos menores;Contrato menor de servicios de alojamientos invitados VIII Bienal Internacional de Acuarela;Alcaldía del Ayuntamiento de Caudete;servicios;Resuelta;ISABEL MARTIN DIAZ;3000;https://contrataciondelestado.es/wps/poc?uri=deeplink:detalle_licitacion&idEvl=3zuUlNYlkQOIzo3LHNPGcQ%3D%3D
Contratos menores;Actividades educativas de consumo responsable en Alcalá y Las Eras;Alcaldía del Ayuntamiento de Alcalá del Júcar;servicios;Resuelta;MULTIOCIO ALBACETE S.L;3000;https://contrataciondelestado.es/wps/poc?uri=deeplink:detalle_licitacion&idEvl=zJR332iL1raFlFRHfEzEaw%3D%3D
Contratos menores;Exhibición y batalla break dance Llanera street vibes;Alcaldía del Ayuntamiento de Llanera;servicios;Resuelta;Lucas García Álvarez;3000;https://contrataciondelestado.es/wps/poc?uri=deeplink:detalle_licitacion&idEvl=xhLnB64ZZk7I8aL3PRS10Q%3D%3D
Contratos menores;Contrato menor de servicio de las XII Jornadas de Teatro de Frontera.;Alcaldía del Ayuntamiento de Caudete;servicios;Resuelta;ASOC DE COMPARSAS DE MOROS Y CRISTIANOS NUESTRA SEÑORA DE GRACIA DE CAUDETE;2999;https://contrataciondelestado.es/wps/poc?uri=deeplink:detalle_licitacion&idEvl=aUcijhmlWDM3vLk2DU2Ddg%3D%3D
Contratos menores;Contrato menor de obra_ Reparacion y pintura de capilla y sala de autopsia del Cementerio Municipl de Viveros;Alcaldía del Ayuntamiento de Viveros;obras;Resuelta;LA PAZ CONSTRUCCIONES Y ALBAÑILERIA S.L.;2975,21;https://contrataciondelestado.es/wps/poc?uri=deeplink:detalle_licitacion&idEvl=fzoBezI76SN%2BF6L2uCfUWg%3D%3D
Contratos menores;Suministro productos cloración y desinfección para servicio de aguas potables.;Alcaldía del Ayuntamiento de Pozuelo;suministros;Resuelta;ANTONIO ALFARO GARCIA;2934;https://contrataciondelestado.es/wps/poc?uri=deeplink:detalle_licitacion&idEvl=2LnMwPA5WTNSYrkJkLlFdw%3D%3D
Contratos menores;Contrato menor de suministro para alquilar un vehículo policial con los anagramas de Policía Local d;Alcaldía del Ayuntamiento de Villena;suministros;Resuelta;AUTOS IGLESIAS SL;2932,5;https://contrataciondelestado.es/wps/poc?uri=deeplink:detalle_licitacion&idEvl=DsGi1aq2PmC7JOCXkOhcDg%3D%3D
Contratos menores;Itaka events.Equipo de sonido e iluminación ruta de la tapa y amarejo fest, photocall __ 3.509,00€;Alcaldía del Ayuntamiento de Bonete;servicios;Resuelta;Jesús Tobarra Ruiz;2900;https://contrataciondelestado.es/wps/poc?uri=deeplink:detalle_licitacion&idEvl=n7ZGqKXdTIfLIx6q1oPaMg%3D%3D
Contratos menores;suministro de licencia y formación plataforma web;Junta de Gobierno Local del Ayuntamiento de Cartagena;suministros;Resuelta;E-CAPTURE RESEARCH AND DEVELOPMENT, S.L.;2860;https://contrataciondelestado.es/wps/poc?uri=deeplink:detalle_licitacion&idEvl=JyLiJpsjXbJ4zIRvjBVCSw%3D%3D
Contratos menores;CONM - Servicio de Mantenimiento y Acondicionamiento de pódiums de competición de la piscina climatizada municipal.;Alcaldía del Ayuntamiento de Jumilla;servicios;Resuelta;MECANICAS BAYMA SL;2715;https://contrataciondelestado.es/wps/poc?uri=deeplink:detalle_licitacion&idEvl=NzuM0abS5rBPpzdqOdhuWg%3D%3D
Contratos menores;Contrato menor: Honorarios de elaboración de proyecto para la adecuación de un tramo del camino de Perolit e instalación de tubería de agua potable;Alcaldía del Ayuntamiento de Banyeres de Mariola;servicios;Resuelta;BELDA INGENIEROS SL;2700;https://contrataciondelestado.es/wps/poc?uri=deeplink:detalle_licitacion&idEvl=cHdMzSZlF5C2gkLQ8TeYKA%3D%3D
Contratos menores;Contrato menor de servicio Cableaireworld S.A.U.(emisión en streaming Telecrevillent Moros y cristianos 2026);Alcaldía del Ayuntamiento de Crevillent;servicios;Resuelta;CABLE AIREWORLD SAU;2644,63;https://contrataciondelestado.es/wps/poc?uri=deeplink:detalle_licitacion&idEvl=sVR8vkyeIVKqb7rCcv76BA%3D%3D
Contratos menores;CONM servicios de aula mutifuncional. DPG 2026;Alcaldía del Ayuntamiento de Jumilla;servicios;Resuelta;JOSEFA GONZALEZ ABELLAN;2640;https://contrataciondelestado.es/wps/poc?uri=deeplink:detalle_licitacion&idEvl=fQtfOBa5QL9PpzdqOdhuWg%3D%3D
Contratos menores;"Servicio de control de calidad de la obra ""Rehabilitación del firme de la carretera CUV-514:CUV-5016 (San Martín de Boniches)- CM-215";Presidencia de la Diputación Provincial de Cuenca;servicios;Resuelta;ANALIZA 4 SL;2626;https://contrataciondelestado.es/wps/poc?uri=deeplink:detalle_licitacion&idEvl=d%2BazgtL6FmNq1DdmE7eaXg%3D%3D
Contratos menores;CON MENOR Paella Gigante Barrio Santa Catalina 2026;Alcaldia del Ayuntamiento de Pinoso;servicios;Resuelta;ALIMENTOS GOURMET DEL MEDITERRANEO SL;2610;https://contrataciondelestado.es/wps/poc?uri=deeplink:detalle_licitacion&idEvl=oci4WaOyIW87u6%2B%2FR7DUoA%3D%3D
Contratos menores;CT_ Contrato menor de servicios_ Mapache events, actuación musical;Alcaldía del Ayuntamiento de Pétrola;servicios;Resuelta;MAPACHE EVENTS SL;2600;https://contrataciondelestado.es/wps/poc?uri=deeplink:detalle_licitacion&idEvl=WBmUVuj3vLysNfRW6APEDw%3D%3D
Contratos menores;E26-00732(V) Suministro e instalación aíre acondicionado furgón Policía Local Albacete;Alcaldía del Ayuntamiento de Albacete;suministros;Resuelta;SAIVALTRAFIC SOCIEDAD LIMITADA;2520;https://contrataciondelestado.es/wps/poc?uri=deeplink:detalle_licitacion&idEvl=C%2FEiDOQz%2B2A%2Bk2oCbDosIw%3D%3D
Contratos menores;servicio de formación para un taller sobre la soledad no deseada y acompañamiento a personas mayores promovido por la Concejalía de Sanidad.;Alcaldia del Ayuntamiento de Pinoso;servicios;Resuelta;MARIA GOMEZ JORGE;2507,5;https://contrataciondelestado.es/wps/poc?uri=deeplink:detalle_licitacion&idEvl=Ey6OyVE34iGcCF8sV%2BqtYA%3D%3D
Contratos menores;Servicios. Orquesta Grupo Radar Indie Feria de Hellín 2026.;Alcaldía del Ayuntamiento de Hellín;servicios;Resuelta;CARVER ESPECTACULOS SL;2500;https://contrataciondelestado.es/wps/poc?uri=deeplink:detalle_licitacion&idEvl=PBxyyKPOxLHLIx6q1oPaMg%3D%3D
Contratos menores;"Factura-E n&#186; 473 por importe de 3.025,00 €";Alcaldía del Ayuntamiento de Fuente-Álamo;servicios;Resuelta;Magic Kids Eventos E.S.P.J;2500;https://contrataciondelestado.es/wps/poc?uri=deeplink:detalle_licitacion&idEvl=RTDcELALGXlrhBlEHQFSKA%3D%3D
Contratos menores;Obra reparación y arreglos del drenaje del camino del cementerio en Casas del Cerro.;Alcaldía del Ayuntamiento de Alcalá del Júcar;obras;Resuelta;Anagran Obras S.L.U.;2500;https://contrataciondelestado.es/wps/poc?uri=deeplink:detalle_licitacion&idEvl=g2MoRA00HjnkY6rls5tG9A%3D%3D
Contratos menores;Contrato servicios dirección obra Acondicionamiento sala Cucota;Alcaldía del Ayuntamiento de Lascuarre;servicios;Resuelta;ANA PATRICIA MARTI TIERZ;2495;https://contrataciondelestado.es/wps/poc?uri=deeplink:detalle_licitacion&idEvl=SauQkVQkvoXL1rX3q%2FMAPA%3D%3D
Contratos menores;Servicios. Arreglo de Vehículo Policial 4534KTC.;Alcaldía del Ayuntamiento de Hellín;servicios;Resuelta;ELECTRICIDAD FROILAN SOCIEDAD LIMITADA;2489,63;https://contrataciondelestado.es/wps/poc?uri=deeplink:detalle_licitacion&idEvl=qZANfZORYI2FQ%2FlhRK79lA%3D%3D
Contratos menores;Contratación de asistencia técnica para la digitalización y gestión de la información del Plan Comarcal de Protección Civil;Presidencia de la Comarca Hoya de Huesca - Plana de Uesca;servicios;Resuelta;Franco Di Persio;2475,21;https://contrataciondelestado.es/wps/poc?uri=deeplink:detalle_licitacion&idEvl=tQD2SBpoTUeExvMJXBMHHQ%3D%3D
Contratos menores;Contracte menor per subministrament de dos aparells deshumidificadors pel CMMM - IDM;Presidencia del Consorci Museu Marítim de Mallorca;suministros;Resuelta;C T S ESPAÑA PRODUCTOS Y EQUIPOS PARA LA RESTAURACION SL;2474,55;https://contrataciondelestado.es/wps/poc?uri=deeplink:detalle_licitacion&idEvl=YTjENq94O7NeKgd8LfVV9g%3D%3D
Contratos menores;Adquisición de 6 switches Fortinet 108F-FPO;Presidencia de Diputación Provincial de Albacete;suministros;Resuelta;UTOPIUX INGENIERIA INFORMATICA SL;2466,65;https://contrataciondelestado.es/wps/poc?uri=deeplink:detalle_licitacion&idEvl=21VP%2Bg4dtmTi0Kd8%2Brcp6w%3D%3D
Contratos menores;Coordinación evento Bajo Aragón Djs Day Comarcal;Presidencia de la Comarca del Bajo Aragón;servicios;Resuelta;BumClap SL;2450;https://contrataciondelestado.es/wps/poc?uri=deeplink:detalle_licitacion&idEvl=e2m3gyulU8%2FI8aL3PRS10Q%3D%3D
Contratos menores;CONM servicio Organización Premio Cartel conmemorativo 25 Noviembre 2026 Pacto de Estado 2026-2027;Alcaldía del Ayuntamiento de Jumilla;servicios;Resuelta;JOSEFA MARIA MOLINA CUESTA;2437;https://contrataciondelestado.es/wps/poc?uri=deeplink:detalle_licitacion&idEvl=iIlqFR9W9STyoM4us5k4vw%3D%3D
Contratos menores;Contrato menor servicios - presupuesto guarderia octubre 2026;Alcaldía del Ayuntamiento de Villalgordo del Júcar;servicios;Resuelta;MULTIOCIO ALBACETE SOCIEDAD LIMITADA;2428;https://contrataciondelestado.es/wps/poc?uri=deeplink:detalle_licitacion&idEvl=p0ITGFwmunAtm4eBPtV6eQ%3D%3D
Contratos menores;"Contrato menor de suministro para la edición e impresión de 500 libros titulados ""El cinematógrafo en San Vicente del Raspeig""";Alcaldía del Ayuntamiento de San Vicente Raspeig;suministros;Resuelta;LIMENCOP SL;2412,88;https://contrataciondelestado.es/wps/poc?uri=deeplink:detalle_licitacion&idEvl=an8Wg9Cdq0Ul5NjlNci%2BtA%3D%3D
Contratos menores;Pascual Carpena. suministro de camiseta para XV marcha solidaria contra el cáncer 2026__ 2.919,55€;Alcaldía del Ayuntamiento de Bonete;suministros;Resuelta;PASCUAL CARPENA GARCIA;2412,85;https://contrataciondelestado.es/wps/poc?uri=deeplink:detalle_licitacion&idEvl=EJgAzRCCpsczjChw4z%2FXvw%3D%3D
Contratos menores;E26-00737- C.M. Alquiler de carpa para Fiesta de la Patata, Pedanía de El Salobral, del 24 septiembre al 6 octubre 2026.;Alcaldía del Ayuntamiento de Albacete;servicios;Resuelta;GRUPO TORREBLANCA 2020, SOCIEDAD LIMITADA;2400;https://contrataciondelestado.es/wps/poc?uri=deeplink:detalle_licitacion&idEvl=O5arel1J59TzAq95uGTrDQ%3D%3D
Contratos menores;Contrato menor. Sonido e iluminación para evento XIV festival de música las noches al son;Alcaldía del Ayuntamiento de Munera;servicios;Resuelta;ANTONIO VÍLLORA MOYA;2400;https://contrataciondelestado.es/wps/poc?uri=deeplink:detalle_licitacion&idEvl=Eqeb4tpts%2B07u6%2B%2FR7DUoA%3D%3D
Contratos menores;"Outdoor deporte , aventura y naturaleza, Pto n&#186; 1 Actividad Rocódromo 2 vías, +tirolina, laser tag__ 2.874,96€";Alcaldía del Ayuntamiento de Bonete;servicios;Resuelta;Outdoor deporte, aventura y naturaleza sl;2376;https://contrataciondelestado.es/wps/poc?uri=deeplink:detalle_licitacion&idEvl=lQvuSJopPD%2BHCIsjvJ3rhQ%3D%3D
Contratos menores;contrato menor servicios monitor ludoteca por empresa antonio alfaro garcia (plan corresponsables);Alcaldía del Ayuntamiento de Navas de Jorquera;servicios;Resuelta;Antonio Alfaro García;2371,9;https://contrataciondelestado.es/wps/poc?uri=deeplink:detalle_licitacion&idEvl=EfFQLDMXAPg7%2B9FIQYNjeQ%3D%3D
Contratos menores;Servei de manteniment de l'aplicació de gestió de les ITV (2026-2027);Departamentos del Consell Insular de Mallorca;servicios;Resuelta;ALFA MICROGES SA;2350,88;https://contrataciondelestado.es/wps/poc?uri=deeplink:detalle_licitacion&idEvl=ElamZirwsxTI8aL3PRS10Q%3D%3D
Contratos menores;Campeonato de skate 17 de octubre;Alcaldía del Ayuntamiento de Llanera;servicios;Resuelta;Inversiones scratch sk8 S.L.;2345;https://contrataciondelestado.es/wps/poc?uri=deeplink:detalle_licitacion&idEvl=vko9V7IeOm3I8aL3PRS10Q%3D%3D
Contratos menores;Contrato menor servicio stand SPORTCITIES MATCH VALLADOLID. Show2be, S.l. Partida: 840.4311.226.99.01 (Participación Ferias Deportivas);Presidencia de Diputación Provincial de Albacete;servicios;Resuelta;SHOW2BE SL;2340;https://contrataciondelestado.es/wps/poc?uri=deeplink:detalle_licitacion&idEvl=pzPYf9HtBUh70UvEyYJSGw%3D%3D
Contratos menores;Contrato Gasóleos Sánchez y Murcia suministro Colegio;Alcaldia del Ayuntamiento de Carcelén;suministros;Resuelta;Gasoleos Sanchez y Murcia;2321,85;https://contrataciondelestado.es/wps/poc?uri=deeplink:detalle_licitacion&idEvl=4FTQdQ6ZDG1Vq4S9zvaQpQ%3D%3D
Contratos menores;Contrato menor de obra par las instalaciones y conexiones eléctricas en cocina y salas del centro de día. OTILIO DELICADO;Alcaldía del Ayuntamiento de Alpera;obras;Resuelta;OTILIO DELICADO BUENO;2300,66;https://contrataciondelestado.es/wps/poc?uri=deeplink:detalle_licitacion&idEvl=f4r7vQk%2F%2F125HQrHoP3G5A%3D%3D
Contratos menores;CONM Servicio actuación títeres 2026;Alcaldía del Ayuntamiento de Jumilla;servicios;Resuelta;UNIMA MURCIA;2300;https://contrataciondelestado.es/wps/poc?uri=deeplink:detalle_licitacion&idEvl=5Cm1T2QxdwvXOjazN1Dw9Q%3D%3D
Contratos menores;CONM Suministro novedades editoriales 2026;Alcaldía del Ayuntamiento de Jumilla;suministros;Resuelta;PEDRO GARCIA SIMON;2299,62;https://contrataciondelestado.es/wps/poc?uri=deeplink:detalle_licitacion&idEvl=5Cm1T2QxdwvIGlsa0Wad%2Bw%3D%3D
Contratos menores;"Contrato menor de Encuentros Terapéuticos dirigidos a personas mayores del Concejo de Castrillón: ""ENVEJECER CON SALUD"". SND 2026.";Alcaldia del Ayuntamiento de Castrillón;servicios;Resuelta;Dr. José Antonio Flórez Lozano;2294,12;https://contrataciondelestado.es/wps/poc?uri=deeplink:detalle_licitacion&idEvl=PnHKEaK0HWlq1DdmE7eaXg%3D%3D
Contratos menores;E26-00736 (CM) Compra de tarjeta de sonido E1;Alcaldía del Ayuntamiento de Albacete;suministros;Resuelta;TALLERES SERCOIN SL;2286,95;https://contrataciondelestado.es/wps/poc?uri=deeplink:detalle_licitacion&idEvl=wWpWOHDcYsbs%2BnLj3vAg5A%3D%3D
Contratos menores;CM2026/SER/075_Servicio de grúa para poda en altura;Alcaldía del Ayuntamiento de Ibi;servicios;Resuelta;FRANCISCO JAVIER SOLA DIAZ;2250;https://contrataciondelestado.es/wps/poc?uri=deeplink:detalle_licitacion&idEvl=Y4YErEoLV2r9pbnDwlaUlg%3D%3D
Contratos menores;"CONM Servicios Talleres Coeducación 3&#186; ESO, Aula Abierta y CFGB "" Prevención de las violencias sexuales y de género asociadas al consumo de pornografía"".";Alcaldía del Ayuntamiento de Jumilla;servicios;Resuelta;SOLEDAD PUCHE DIAZ;2240;https://contrataciondelestado.es/wps/poc?uri=deeplink:detalle_licitacion&idEvl=iIlqFR9W9SR%2FR5QFTlaM4A%3D%3D
Contratos menores;Contrato menor servicios - PRESUPUESTO presentado por Asociación Cultural San Pablo, para clases de gerontogimnasia y fisioterapia preventiva del 21 de septiembre al 21 de diciembre de 2026 por un importe total de 2.240,00€;Alcaldía del Ayuntamiento de Villalgordo del Júcar;servicios;Resuelta;ASOCIACION CULTURAL SAN PABLO;2240;https://contrataciondelestado.es/wps/poc?uri=deeplink:detalle_licitacion&idEvl=DsHm1MoNOBX9pbnDwlaUlg%3D%3D
Contratos menores;Contrato menor materiales varios construcción y otros para dependencias municipales según presupuesto de fecha 17/09/2026.;Alcaldía del Ayuntamiento de Madrigueras;suministros;Resuelta;TERRAZOS MADRIGUERAS HNOS UTIEL SCL CLM;2238,2;https://contrataciondelestado.es/wps/poc?uri=deeplink:detalle_licitacion&idEvl=OlxbN1kmseJxseVhcqrkhw%3D%3D
Contratos menores;IDM - Renovació manteniment de llicències de programari de suport remot Team Viewer;Presidencia del Consejo Insular de Mallorca;servicios;Resuelta;GRUPO ROYAL TELECOM SL;2215,51;https://contrataciondelestado.es/wps/poc?uri=deeplink:detalle_licitacion&idEvl=f05BWP3hzuf%2Fa9DgO%2BoYKQ%3D%3D
Contratos menores;Servicios. Jornada Multideportiva y Laser Tag Feria de Hellín 2026.;Alcaldía del Ayuntamiento de Hellín;servicios;Resuelta;LAST DAY OCIO ALTERNATIVO SL;2205;https://contrataciondelestado.es/wps/poc?uri=deeplink:detalle_licitacion&idEvl=fn%2F1oEn6Emzi0Kd8%2Brcp6w%3D%3D
Contratos menores;Desbrozadora de cadenas;Alcaldía del Ayuntamiento de Alcadozo;suministros;Resuelta;Agrocampo Albacete Maquinaria, S.L;2200;https://contrataciondelestado.es/wps/poc?uri=deeplink:detalle_licitacion&idEvl=cMsNw2%2BV66KIzo3LHNPGcQ%3D%3D
Contratos menores;Contrato de bicis de Spinning Huesca 2026.;Presidencia de la Comarca de Sobrarbe;suministros;Resuelta;Deporte y ocio Huesca S.L.;2200;https://contrataciondelestado.es/wps/poc?uri=deeplink:detalle_licitacion&idEvl=6%2BeRaGmukJG9Hd5zqvq9cg%3D%3D
Contratos menores;CM Servicios: Servicios profesionales para el mantenimiento preventivo de instalaciones de climatización, calefacción, producción de agua caliente sanitaria, revisión panel regulador de cloro/ph y equipos de depuración de agua, (octubre a diciembre 2026);Alcaldía del Ayuntamiento de El Bonillo;servicios;Resuelta;ARU OBRAS Y SERVICIOS SOCIEDAD LIMITADA;2175;https://contrataciondelestado.es/wps/poc?uri=deeplink:detalle_licitacion&idEvl=Z43mkpaEhX%2Fmnwcj%2BxbdTg%3D%3D
Contratos menores;Contrato menor suministros - PRESUPUESTO mosquiteras centro salud por importe de 2.625,22€;Alcaldía del Ayuntamiento de Villalgordo del Júcar;suministros;Resuelta;SEGUNDO JOSE MARCILLA GARCIA;2169,6;https://contrataciondelestado.es/wps/poc?uri=deeplink:detalle_licitacion&idEvl=DsHm1MoNOBWqb7rCcv76BA%3D%3D
Contratos menores;Contrato menor de servicios_Contrato menor de servicios para la ejecución del Programa de Gimnasia de Mantenimiento en Viveros, financiado con cargo a la Subvención para el desarrollo de programas y proyectos de atención a personas mayores 2026;Alcaldía del Ayuntamiento de Viveros;servicios;Resuelta;HERMANOS DE LLANO MARCOBAL S.L.U;2125,15;https://contrataciondelestado.es/wps/poc?uri=deeplink:detalle_licitacion&idEvl=EgLd%2FszbQE6AAM7L03kM8A%3D%3D
Contratos menores;contrato menor SERVICIO de restauración para los quintos de las fiestas de agosto 226;Alcaldía del Ayuntamiento de Villamalea;servicios;Resuelta;HIJOS DE AGUSTIN BORJA SOCIEDAD LIMITADA;2082,73;https://contrataciondelestado.es/wps/poc?uri=deeplink:detalle_licitacion&idEvl=DkvQG0VbgDh4zIRvjBVCSw%3D%3D
Contratos menores;Contrato menor de Suministro_Para la adquisición de MATERIAL / rejilas de acequias para alcantarillado de las vias públicas del municipio de Viveros dañadas por las fuertes lluvias financiado con cargo a la SUBV de DIPUTACIÓN AB destinada a GASTOS CORRIENTES de materiales (Año 2026);Alcaldía del Ayuntamiento de Viveros;suministros;Resuelta;LA PAZ CONSTRUCCIONES Y ALBAÑILERIA S.L.;2070;https://contrataciondelestado.es/wps/poc?uri=deeplink:detalle_licitacion&idEvl=hlU2%2BcG7QqdrSd8H4b2soA%3D%3D
Contratos menores;CT_ Contrato menor de servicios _ Copriser. Catering;Alcaldía del Ayuntamiento de Pétrola;servicios;Resuelta;COMPAÑIA PRIVADA PARA EL DESARROLLO DE LOS SERVICIOS PUBLICOS SOCIEDAD LIMITADA;2068,75;https://contrataciondelestado.es/wps/poc?uri=deeplink:detalle_licitacion&idEvl=Dz10z7FrTsJq1DdmE7eaXg%3D%3D
Contratos menores;"Contrato menor servicios veterinarios castración de gatos, presup. n&#186; P-52/2026 de 21/09/26";Alcaldía del Ayuntamiento de Madrigueras;servicios;Resuelta;ANA LEAL DELICADO;2065,29;https://contrataciondelestado.es/wps/poc?uri=deeplink:detalle_licitacion&idEvl=DPOvFqLJwNuzz8fXU2i3eQ%3D%3D
Contratos menores;Dendros. actividades subvención refuerzo del sistema de gestión turística 2026_ 2.462,35€;Alcaldía del Ayuntamiento de Bonete;servicios;Resuelta;DENDROS IDEA GESTION LOCAL Y AMBIENTAL;2035;https://contrataciondelestado.es/wps/poc?uri=deeplink:detalle_licitacion&idEvl=E1EJ1D%2F5pRaFQ%2FlhRK79lA%3D%3D
Contratos menores;Productos de limpieza y materiales para dependencias municipales.;Alcaldía del Ayuntamiento de Liétor;suministros;Resuelta;RAFAEL JIMENEZ GARCIA;2029,01;https://contrataciondelestado.es/wps/poc?uri=deeplink:detalle_licitacion&idEvl=1pdywIRkbCAeIBJRHQiPkQ%3D%3D
Contratos menores;CONM Suministro de vitrinas pedanias Presupuestos Participativos 2025;Alcaldía del Ayuntamiento de Jumilla;suministros;Resuelta;JUAN MANUEL BERNAL MOLINA;2025,6;https://contrataciondelestado.es/wps/poc?uri=deeplink:detalle_licitacion&idEvl=3wre1eilFfDIGlsa0Wad%2Bw%3D%3D
Contratos menores;Suministro de adoquín Taller+ Línea 1 EXP. FPTP/2025/02/010 (Albarán A346/26);Alcaldia del Ayuntamiento de San Pedro;suministros;Resuelta;SDAD COOP LTDA CASTILLO DE LAS PEÑAS;2013,6;https://contrataciondelestado.es/wps/poc?uri=deeplink:detalle_licitacion&idEvl=tT6eT%2BrIGeJVYjgxA4nMUw%3D%3D
Contratos menores;Contractació menor del servei de reparació del turbo compressor del vehicle 3424 JBF - Parc Mòbil de Medi Ambient. IDM;Departamentos del Consell Insular de Mallorca;servicios;Resuelta;Gabriel Gil Fuentes;2005,45;https://contrataciondelestado.es/wps/poc?uri=deeplink:detalle_licitacion&idEvl=u3oZ19ZsiLpSYrkJkLlFdw%3D%3D
Contratos menores;Concierto 9 de octubre de Sociedad Musical La Esperanza. Auditorio. 2 de octubre de 2026. Contrato privado;Alcaldía del Ayuntamiento de San Vicente Raspeig;privado;Resuelta;SOCIEDAD MUSICAL LA ESPERANZA DE SANT VICENT DEL RASPEIG;2000;https://contrataciondelestado.es/wps/poc?uri=deeplink:detalle_licitacion&idEvl=bbMzUFIXbajE6P%2FuLemXRw%3D%3D
Contratos menores;Contratación Servicio Externo de Contabilidad;Alcaldía del Ayuntamiento de Liétor;servicios;Resuelta;JC Asesores, S.L.;2000;https://contrataciondelestado.es/wps/poc?uri=deeplink:detalle_licitacion&idEvl=094QAJ7NNSm8ebB%2FXTwy0A%3D%3D
Contratos menores;CONM Servicios de mantenimiento de gradas telescópicas en Pabellón Carlos García;Alcaldía del Ayuntamiento de Jumilla;servicios;Resuelta;MECANICAS BAYMA SL;1975;https://contrataciondelestado.es/wps/poc?uri=deeplink:detalle_licitacion&idEvl=H29D5zI3ukBPpzdqOdhuWg%3D%3D
Contratos menores;Obras de señalización de paseo peatonal al cementerio.;Alcaldía del Ayuntamiento de El Ballestero;obras;Resuelta;ADOLFO FERNANDEZ ARJONA;1961,67;https://contrataciondelestado.es/wps/poc?uri=deeplink:detalle_licitacion&idEvl=oIJtsczYb3QQyBAnWzHfCg%3D%3D
Contratos menores;Contrato de suministros para adquisición desfibriladores en el CEIP Duque de Alba.;Alcaldía del Ayuntamiento de Almansa;suministros;Resuelta;VICENTE ARTEAGA YAÑEZ;1898,85;https://contrataciondelestado.es/wps/poc?uri=deeplink:detalle_licitacion&idEvl=n9AaCzl%2F1PfXOjazN1Dw9Q%3D%3D
Contratos menores;Materiales y pequeñas herramientas;Alcaldía del Ayuntamiento de Liétor;suministros;Resuelta;SUMINISTROS Y MANTENIMIENTO HELLIN SLL;1869,05;https://contrataciondelestado.es/wps/poc?uri=deeplink:detalle_licitacion&idEvl=GUpCUMTpXwqFQ%2FlhRK79lA%3D%3D
Contratos menores;Contractació menor del servei d'agència de viatges pel desplaçament a Soria (IDM).;Presidencia del Consejo Insular de Mallorca;servicios;Resuelta;VIAJES HALCON S.A.;1850;https://contrataciondelestado.es/wps/poc?uri=deeplink:detalle_licitacion&idEvl=34PECBbi%2FPSGCFcHcNGIlQ%3D%3D
Contratos menores;Suministro de porterías para renovación de pistas deportivas municipales;Alcaldía del Ayuntamiento de Salas Bajas;suministros;Resuelta;BENITO URBAN SLU;1810,46;https://contrataciondelestado.es/wps/poc?uri=deeplink:detalle_licitacion&idEvl=KBA0AGyAaOasNfRW6APEDw%3D%3D
Contratos menores;Contratación suministro material de fontanería variado;Alcaldía del Ayuntamiento de Caudete;suministros;Resuelta;INSTALACIONES TOMAS Y ORTUÑO SOCIEDAD LIMITADA;1807,36;https://contrataciondelestado.es/wps/poc?uri=deeplink:detalle_licitacion&idEvl=9ePikrNCkbm2gkLQ8TeYKA%3D%3D
Contratos menores;Contrato menor de servicio Sillas - Carpas Martínez y Lozano (Fiestas patronales);Alcaldía del Ayuntamiento de Crevillent;servicios;Resuelta;SILLAS-CARPAS MARTINEZ Y LOZANO SL;1800;https://contrataciondelestado.es/wps/poc?uri=deeplink:detalle_licitacion&idEvl=sVR8vkyeIVL9pbnDwlaUlg%3D%3D
Contratos menores;Pintura de balos, taquilla y desolladero de la plaza de toros;Alcaldía del Ayuntamiento de Alcalá del Júcar;obras;Resuelta;ALBERTO LUJAN ASENSIO;1750;https://contrataciondelestado.es/wps/poc?uri=deeplink:detalle_licitacion&idEvl=hiedoTT3NE%2Bzz8fXU2i3eQ%3D%3D
Contratos menores;Contrato menor de suministro de redes y pelotas pickleball. Kronos Equipamiento, s.l. Partida: 840.342.226.99 (Mat. deport. fungible);Presidencia de Diputación Provincial de Albacete;suministros;Resuelta;KRONOS EQUIPAMIENTO S.L.;1737;https://contrataciondelestado.es/wps/poc?uri=deeplink:detalle_licitacion&idEvl=HJ0%2B6Sl%2BLnrua%2Fi14w%2FPLA%3D%3D
Contratos menores;Adquisición e instalación de equipos de aire acondicionado dependencias Centro de la Mujer. (Mario Felipe Gómez);Alcaldia del Ayuntamiento de San Pedro;suministros;Resuelta;MARIO ALBERTO FELIPE GOMEZ;1718;https://contrataciondelestado.es/wps/poc?uri=deeplink:detalle_licitacion&idEvl=lpdGTYXtaXtrSd8H4b2soA%3D%3D
Contratos menores;Taller violencia de género ¿Qué dagas no vi en mi pecho?;Alcaldía del Ayuntamiento de Villena;servicios;Resuelta;Mafalda Bellido Monterde;1700;https://contrataciondelestado.es/wps/poc?uri=deeplink:detalle_licitacion&idEvl=eJ6ZIRXHmvmcCF8sV%2BqtYA%3D%3D
Contratos menores;Promoción online Publi Antón;Alcaldía del Ayuntamiento de Crevillent;servicios;Resuelta;Publicidad Antón, S.L.;1700;https://contrataciondelestado.es/wps/poc?uri=deeplink:detalle_licitacion&idEvl=G4uXSMv%2FrnrCfVQHDepjGQ%3D%3D
Contratos menores;Paintball y actividades Feria Masegoso 2026;Alcaldía del Ayuntamiento de Masegoso;servicios;Resuelta;ESPECTÁCULOS PRIETOS, S.L.U;1700;https://contrataciondelestado.es/wps/poc?uri=deeplink:detalle_licitacion&idEvl=%2BRAwpS7juq7%2Fa9DgO%2BoYKQ%3D%3D
Contratos menores;Servicio y soporte anual plataforma gestión de acceso a instalaciones deportivas. Año 2026;Alcaldía del Ayuntamiento de Alcalá del Júcar;suministros;Resuelta;INFORMATICA FUENTEALBILLA SOCIEDAD LIMITADA;1680;https://contrataciondelestado.es/wps/poc?uri=deeplink:detalle_licitacion&idEvl=cOO4XC0mKOizz8fXU2i3eQ%3D%3D
Contratos menores;Contrato menor de suministro de vestuario para los uniformes de la banda de música. SELINAC;Alcaldía del Ayuntamiento de Alpera;suministros;Resuelta;CONFECCIONES SELINAC SL;1644,3;https://contrataciondelestado.es/wps/poc?uri=deeplink:detalle_licitacion&idEvl=EdblWIMWPM4IYE3ZiZ%2BxmQ%3D%3D
Contratos menores;"Contrato menor suministro focos campo de fútbol, presup. n&#186; P-030-26";Alcaldía del Ayuntamiento de Madrigueras;suministros;Resuelta;ASESORIA TECNICA DEL PARANA SL;1641,9;https://contrataciondelestado.es/wps/poc?uri=deeplink:detalle_licitacion&idEvl=tK48HL5OmZd%2FP7lJ7Fu0SA%3D%3D
Contratos menores;Servicio de camio de discos de freno y pastilla de eje delantero cambiando también amortiguadores para autobuses urbanos.-;Alcaldía del Ayuntamiento de Villarrobledo;servicios;Resuelta;ALCODIESEL S.L.;1624,35;https://contrataciondelestado.es/wps/poc?uri=deeplink:detalle_licitacion&idEvl=qUgQoZRPeuxrSd8H4b2soA%3D%3D
Contratos menores;Contracte menor subministrament de peces de recanvi per als llits dels residents. Res. Bartomeu Quetglas.;IMAS - Direcció de la Residència de Felanitx;suministros;Resuelta;CANDA HEALTH SOLUTIONS SL;1617,31;https://contrataciondelestado.es/wps/poc?uri=deeplink:detalle_licitacion&idEvl=f05BWP3hzueAAM7L03kM8A%3D%3D
Contratos menores;Adquisición porterías, anclajes y redes, Campo de Fútbol 7, 2026;Alcaldía del Ayuntamiento de Lezuza;suministros;Resuelta;SPORTS FEVI S.L.;1610,21;https://contrataciondelestado.es/wps/poc?uri=deeplink:detalle_licitacion&idEvl=bisLzgwwWpj10HRJw8TEnQ%3D%3D
Contratos menores;Trabajos de retirada de escombro de vía pública;Alcaldía del Ayuntamiento de Alcalá del Júcar;obras;Resuelta;Aridos y Transportes Feca s.l.;1600;https://contrataciondelestado.es/wps/poc?uri=deeplink:detalle_licitacion&idEvl=xk1Ktak27QAmMOlAXxDEjw%3D%3D
Contratos menores;Contrato menor SUMINISTRO Equipamiento, mejoras y climatización en Colegio Público de Educación Primaria 2026;Alcaldía del Ayuntamiento de Villamalea;suministros;Resuelta;SONIA (Azulejos David) BLESA SAEZ, HILARIO CUENCA PEREZ, DIELTRON ELECTRONICA, S.L.;1594,34;https://contrataciondelestado.es/wps/poc?uri=deeplink:detalle_licitacion&idEvl=eCH3lVxNJyMIYE3ZiZ%2BxmQ%3D%3D
Contratos menores;Servicios. Refuerzo de personal de turismo para visitas guiadas Feria 2026.;Alcaldía del Ayuntamiento de Hellín;servicios;Resuelta;MARIA FERNANDEZ-PALACIOS GIMENEZ;1572,31;https://contrataciondelestado.es/wps/poc?uri=deeplink:detalle_licitacion&idEvl=2v7%2FomI4uBhq1DdmE7eaXg%3D%3D
Contratos menores;"Factura N&#186;282/2026. Por importe de 1.894,74€.";Alcaldía del Ayuntamiento de Fuente-Álamo;servicios;Resuelta;ANA Mª GRACÍA SÁNCHEZ;1565,91;https://contrataciondelestado.es/wps/poc?uri=deeplink:detalle_licitacion&idEvl=LZkS2ss1mDvI8aL3PRS10Q%3D%3D
Contratos menores;Adjudicación contrato menor de servicio de ordenanza en el Vivero de Empresas por falta de personal en el turno de tarde del 9 al 30 de septiembre de 2026 a la empresa SERVEO SERVICIOS S.A.U.;Alcaldía del Ayuntamiento de Almansa;servicios;Resuelta;SERVEO SERVICIOS S.A.;1560;https://contrataciondelestado.es/wps/poc?uri=deeplink:detalle_licitacion&idEvl=7ot0jAMWWIw7%2B9FIQYNjeQ%3D%3D
Contratos menores;Suministro de remolque para vehículo municipal;Alcaldía del Ayuntamiento de Salas Bajas;suministros;Resuelta;Agrícola Lalueza S.L.;1550;https://contrataciondelestado.es/wps/poc?uri=deeplink:detalle_licitacion&idEvl=C8fEzbgtLMYwYTJJ03sHog%3D%3D
Contratos menores;Presupuesto 10/26. Suministros fiestas agosto 2026. Isabel Ceferina Valero Martinez.;Alcaldía del Ayuntamiento de Fuentealbilla;suministros;Resuelta;ISABEL CEFERINA VALERO MARTINEZ;1546,06;https://contrataciondelestado.es/wps/poc?uri=deeplink:detalle_licitacion&idEvl=oOU2Nm4VZ8qIzo3LHNPGcQ%3D%3D
Contratos menores;Promoción fiestas Crevillent en Radio Elche Cadena Ser;Alcaldía del Ayuntamiento de Crevillent;servicios;Resuelta;Radio Comunicacion S.A.;1545;https://contrataciondelestado.es/wps/poc?uri=deeplink:detalle_licitacion&idEvl=AEwV%2BwegvLg2wEhQbcAqug%3D%3D
Contratos menores;Servicio de pintado de plazas de aparcamiento, señalización horizontal y colocación de bolardos.;Alcaldía del Ayuntamiento de Llanera;servicios;Resuelta;ACEINSA CANTÁBRICO;1530;https://contrataciondelestado.es/wps/poc?uri=deeplink:detalle_licitacion&idEvl=wCWUMMbzc6HCfVQHDepjGQ%3D%3D
Contratos menores;Libros para la biblioteca auxiliar del Archivo Municipal. Albarán a la entrega de material;Alcaldía del Ayuntamiento de San Vicente Raspeig;suministros;Resuelta;RAMON DELEGIDO GARCIA;1505,9;https://contrataciondelestado.es/wps/poc?uri=deeplink:detalle_licitacion&idEvl=SV8OFhb0J2qAAM7L03kM8A%3D%3D
Contratos menores;Cursos Casa M. Cultura: pintura personas adultas Lugo e infantil en Soto. Octubre a diciembre 2026;Alcaldía del Ayuntamiento de Llanera;servicios;Resuelta;JESUS CORTINA SANZ;1500;https://contrataciondelestado.es/wps/poc?uri=deeplink:detalle_licitacion&idEvl=o4y7tSCj7J7mnwcj%2BxbdTg%3D%3D
Contratos menores;Aulas Culturales 50ymás: taller Marcha Nórdica, formación y rutas. Octubre y noviembre;Alcaldía del Ayuntamiento de Llanera;servicios;Resuelta;ISABEL GARCIA BERNARDO PENDAS;1500;https://contrataciondelestado.es/wps/poc?uri=deeplink:detalle_licitacion&idEvl=wIdyCYwJJ%2FM2wEhQbcAqug%3D%3D
Contratos menores;Contrato menor servicios: actuación El Cancionero Elías Soler en fiestas Villar;Alcaldía del Ayuntamiento de Chinchilla de Montearagón;servicios;Resuelta;ARTISTICAS ELIAS Y ESTRELLA COOP. V.;1500;https://contrataciondelestado.es/wps/poc?uri=deeplink:detalle_licitacion&idEvl=I7F8%2BamZFo0QyBAnWzHfCg%3D%3D
Contratos menores;Adjudicación contrato menor de servicio de ordenanza en el Centro de Innovación por falta de personal para el turno de tarde del 9 al 30 de septiembre a la empresa SERVEO SERVICIOS S.A.U.;Alcaldía del Ayuntamiento de Almansa;servicios;Resuelta;SERVEO SERVICIOS S.A.;1500;https://contrataciondelestado.es/wps/poc?uri=deeplink:detalle_licitacion&idEvl=zdRUpRnVTbIeIBJRHQiPkQ%3D%3D
Contratos menores;"Contrato menor de servicio de organización 6&#170; Prueba circuito Orientación de Albacete 25/26. Chinchilla de Montearagón el 27/09/2026. Federación de Orientación CLM. (PARTIDA: 840.341.226.09.06 - CONVENIO JCCM)";Presidencia de Diputación Provincial de Albacete;servicios;Resuelta;FEDERACION DE ORIENTACION DE CASTILLA-LA MANCHA;1500;https://contrataciondelestado.es/wps/poc?uri=deeplink:detalle_licitacion&idEvl=9E48L0YTmaT9pbnDwlaUlg%3D%3D
Contratos menores;Taller de break dance durante el festival Llanera Street Vibes;Alcaldía del Ayuntamiento de Llanera;servicios;Resuelta;Hergar Aller S.L.;1500;https://contrataciondelestado.es/wps/poc?uri=deeplink:detalle_licitacion&idEvl=KNWcKAn61cGP66GS%2BONYvQ%3D%3D
Contratos menores;Rediseño para accesibilidad web de la página del Espacio BTT Alto Gállego;Presidente de la Comarca Alto Gallego;servicios;Resuelta;SERVICIOS INFORMATICOS A21 SOCIEDAD LIMITADA;1500;https://contrataciondelestado.es/wps/poc?uri=deeplink:detalle_licitacion&idEvl=8BiwMxfvHjPI8aL3PRS10Q%3D%3D
Contratos menores;Contrato menor de servicio cableaireworld, SAU (Moros y cristianos 2026);Alcaldía del Ayuntamiento de Crevillent;servicios;Resuelta;CABLE AIREWORLD SAU;1500;https://contrataciondelestado.es/wps/poc?uri=deeplink:detalle_licitacion&idEvl=%2Bvj7BDeLBF4QyBAnWzHfCg%3D%3D
Contratos menores;Programa Fiestas Cope;Alcaldía del Ayuntamiento de Crevillent;servicios;Resuelta;RADOMEDIA, S.L;1500;https://contrataciondelestado.es/wps/poc?uri=deeplink:detalle_licitacion&idEvl=FFFC4NeCIks2wEhQbcAqug%3D%3D
Contratos menores;2026-Abengibre-Alejandro Torres-Mi homenaje a Paco de Lucía 27 septiembre 2026;Presidencia del Consorcio Cultural Albacete de la Diputación Provincial de Albacete;servicios;Resuelta;ALEJANDRO TORRES CANTON;1500;https://contrataciondelestado.es/wps/poc?uri=deeplink:detalle_licitacion&idEvl=Tfbj2Hcy1WAkJPJS%2BPS9vg%3D%3D
Contratos menores;ECO - 1233001 - L’atenció integral de les persones amb discapacitat física des d'un enfocamentde coherència humana, interdisciplinari i centrat en la persona 2026 - Contractació menor persona formadora;IMAS - Gerència;servicios;Resuelta;ASSOCIACIO BALEAR DE PERSONES AMB DISCAPACITAT FISICA;1497,6;https://contrataciondelestado.es/wps/poc?uri=deeplink:detalle_licitacion&idEvl=HyBlon62v%2BsIYE3ZiZ%2BxmQ%3D%3D
Contratos menores;Contrato menor de suministro de 100 navajas de Asta de Toro para el 25 Aniversario Carreras Populares. Simón Cuchillerías Albacete. (Partida: 840.341.226.09.09 25 Aniversario.;Presidencia de Diputación Provincial de Albacete;suministros;Resuelta;SIMON CUCHILLERIAS ALBACETE SOCIEDAD LIMITADA;1487,6;https://contrataciondelestado.es/wps/poc?uri=deeplink:detalle_licitacion&idEvl=D%2Bjr7QvgJ%2FZJ8Trn0ZPzLw%3D%3D
Contratos menores;Contratación del servicio de apoyo técnico en montajes escénicos del cuarto trimestre 2026 del Teatro Chapí;Alcaldía del Ayuntamiento de Villena;servicios;Resuelta;JOSE ANTONIO MICO PASCUAL;1487,6;https://contrataciondelestado.es/wps/poc?uri=deeplink:detalle_licitacion&idEvl=1Cer5pmcdRFLAIVZdUs8KA%3D%3D
Contratos menores;CT_Contrato menor de servicios_ Aitana Pirotecnia;Alcaldía del Ayuntamiento de Pétrola;servicios;Resuelta;PIROTECNIA AITANA S.L;1487,6;https://contrataciondelestado.es/wps/poc?uri=deeplink:detalle_licitacion&idEvl=nyYaLAijJcWLAncw3qdZkA%3D%3D
Contratos menores;CM servicios de limpieza Y matenimiento durante el desarrollo de la actividad Yecla con sentido 2026 para la promoción del comercio de Yecla.;Alcaldía del Ayuntamiento de Yecla;servicios;Resuelta;LIMPIEZAS CRISOL INTERLIMP S.L.;1487;https://contrataciondelestado.es/wps/poc?uri=deeplink:detalle_licitacion&idEvl=ghN4ysHR96MeIBJRHQiPkQ%3D%3D
Contratos menores;"Representación en el marco de Asturias Cultura en Rede: ""Memoria de la Nisal"" por Adrián Conde Espectáculos. Octubre 2026";Alcaldía del Ayuntamiento de Llanera;servicios;Resuelta;Sociedad Pública de Gestión y Promoción Turiística y Cultural del Principado de Asturias;1480;https://contrataciondelestado.es/wps/poc?uri=deeplink:detalle_licitacion&idEvl=pC0LzRbNku%2FLIx6q1oPaMg%3D%3D
Contratos menores;Organización XX Feria Campoo de Yuso 2026;Alcaldía del Ayuntamiento de Campoo de Yuso;servicios;Resuelta;ALBERTO CASTRO SOTOS;1475;https://contrataciondelestado.es/wps/poc?uri=deeplink:detalle_licitacion&idEvl=WMCCboA00Ar5Rey58Yagpg%3D%3D
Contratos menores;Contrato servicio Dirección Obra de Reforma vestuarios en Comisaría Policía Local de Almansa;Alcaldía del Ayuntamiento de Almansa;servicios;Resuelta;FRANCISCO JAVIER MARCOS BARRACHINA MARTINEZ;1475;https://contrataciondelestado.es/wps/poc?uri=deeplink:detalle_licitacion&idEvl=N%2BDY5koBePw4NavIWzMcHA%3D%3D
Contratos menores;Contrato de servicio para la Dirección Ejecución Material obras reforma vestuarios Comisaria de la Policía Local.;Alcaldía del Ayuntamiento de Almansa;servicios;Resuelta;FRANCISCO ROSIQUE VALIENTE;1475;https://contrataciondelestado.es/wps/poc?uri=deeplink:detalle_licitacion&idEvl=9cP70%2FYLPn9Whbmkna2nXQ%3D%3D
Contratos menores;Edición del libro Entre montañas y fuentes;Presidente de la Comarca Alto Gallego;servicios;Resuelta;EDICIONES Y PUBLICACIONES DEL PIRINEO ARAGONES, S.L.;1461,89;https://contrataciondelestado.es/wps/poc?uri=deeplink:detalle_licitacion&idEvl=OGsdCth66KeExvMJXBMHHQ%3D%3D
Contratos menores;Contrato menor de servicio de alquiler de camión cesta para podas;Alcaldía del Ayuntamiento de Almansa;servicios;Resuelta;GLOBEN S.L.;1421,4;https://contrataciondelestado.es/wps/poc?uri=deeplink:detalle_licitacion&idEvl=xWDEclJf7oqqb7rCcv76BA%3D%3D
Contratos menores;"Factura N&#186;2026/35. Por importe de 1.718,20€.";Alcaldía del Ayuntamiento de Fuente-Álamo;servicios;Resuelta;Diego Martinez Tarraga;1420;https://contrataciondelestado.es/wps/poc?uri=deeplink:detalle_licitacion&idEvl=bAi9JE%2FC9tdJ8Trn0ZPzLw%3D%3D
Contratos menores;Adjudicación equipo de sonido para fiestas san miguel 2026;Alcaldía del Ayuntamiento de Peñascosa;servicios;Resuelta;SOCSONO S.L.;1400;https://contrataciondelestado.es/wps/poc?uri=deeplink:detalle_licitacion&idEvl=fxQYux1advDmnwcj%2BxbdTg%3D%3D
Contratos menores;Publicidad feria de la miel;Alcaldía del Ayuntamiento de Campoo de Yuso;servicios;Resuelta;GRAFICAS IGUÑA S.A.;1390;https://contrataciondelestado.es/wps/poc?uri=deeplink:detalle_licitacion&idEvl=EczOPUcx31x9Zh%2FyRJgM8w%3D%3D
Contratos menores;2026. Platea (2026-2027) Teatro de la Paz. Bichitos. Spasmo Teatro S.L. MD Producciones. 13 septiembre;Presidencia del Consorcio Cultural Albacete de la Diputación Provincial de Albacete;servicios;Resuelta;SPASMO TEATRO S.L.;1365;https://contrataciondelestado.es/wps/poc?uri=deeplink:detalle_licitacion&idEvl=rO1XRF52ddg%2Bk2oCbDosIw%3D%3D
Contratos menores;2026-Chinchilla-Koko Blues-Las mujeres del Blues 2 octubre 2026;Presidencia del Consorcio Cultural Albacete de la Diputación Provincial de Albacete;servicios;Resuelta;JUAN SANCHEZ DAHMEN;1363,64;https://contrataciondelestado.es/wps/poc?uri=deeplink:detalle_licitacion&idEvl=4%2FN4a0dHJ3GGCFcHcNGIlQ%3D%3D
Contratos menores;Suministro de bordillo rebajado Taller+ Línea 1 EXP. FPTP/2025/02/010 (Albarán A341/26);Alcaldia del Ayuntamiento de San Pedro;suministros;Resuelta;SDAD COOP LTDA CASTILLO DE LAS PEÑAS;1362;https://contrataciondelestado.es/wps/poc?uri=deeplink:detalle_licitacion&idEvl=SiriJq9FmStVkTabT%2FRM8A%3D%3D
Contratos menores;Gestión billetes de avión Colombia - Madrid - Colombia para ponente congreso;Gerencia del Consorcio de la Ciudad de Toledo;servicios;Resuelta;Imaginarte Travel S.L;1354,28;https://contrataciondelestado.es/wps/poc?uri=deeplink:detalle_licitacion&idEvl=vW2lFVu3pqBVkTabT%2FRM8A%3D%3D
Contratos menores;Contracte menor subministrament de 10 cadires ergonòmiques d'oficina. Dependència- Atenció Sociosanitària.;IMAS - Vicepresidencia;suministros;Resuelta;DE SALABERT E HIJOS SA;1353,2;https://contrataciondelestado.es/wps/poc?uri=deeplink:detalle_licitacion&idEvl=%2B4J5FQyQbGA%2B1TMyIiZmzw%3D%3D
Contratos menores;Fiestas Virgen Cabo de Palos viernes 14 de agosto;Junta de Gobierno Local del Ayuntamiento de Cartagena;servicios;Resuelta;CARLEON EVENTOS, S.L.;1350;https://contrataciondelestado.es/wps/poc?uri=deeplink:detalle_licitacion&idEvl=mBFIVxwl0q4IYE3ZiZ%2BxmQ%3D%3D
Contratos menores;Servicio de Publicidad en Ser Cuenca (Campaña San Julián y San Mateo 2026);Presidencia de la Diputación Provincial de Cuenca;servicios;Resuelta;CUENCA COMUNICACIONES SL;1350;https://contrataciondelestado.es/wps/poc?uri=deeplink:detalle_licitacion&idEvl=Lj6mLq1zHTo36J9Lctlsuw%3D%3D
Contratos menores;Contrato menor de servicio Francisco José García Mora (Certificado montaje eventos moros y cristianos 2026);Alcaldía del Ayuntamiento de Crevillent;servicios;Resuelta;FRANCISCO JOSE GARCIA MORA;1350;https://contrataciondelestado.es/wps/poc?uri=deeplink:detalle_licitacion&idEvl=RQ3HnJFCIElPpzdqOdhuWg%3D%3D
Contratos menores;Orden de pedido a Zafiro Seguridad, S.L. según presupuesto 202 de 20 de julio de 2026 para restablecimiento de sistema de vigilancia por siniestro;Alcaldía del Ayuntamiento de Casas de Juan Núñez;suministros;Resuelta;Zafiro Seguridad, S.L.;1340;https://contrataciondelestado.es/wps/poc?uri=deeplink:detalle_licitacion&idEvl=xGqDtWU0pn19Zh%2FyRJgM8w%3D%3D
Contratos menores;Contrato menor de suministro para el alquiler de sillas y mesas para eventos en el último trimestre de 2026;Alcaldía del Ayuntamiento de San Vicente Raspeig;suministros;Resuelta;JOSE MANUEL ALBEROLA VIVES;1325;https://contrataciondelestado.es/wps/poc?uri=deeplink:detalle_licitacion&idEvl=MUyD%2BzUNtlx%2FR5QFTlaM4A%3D%3D
Contratos menores;Contrato menor de servicios para inserción de publicidad último trimestre 2026;Alcaldía del Ayuntamiento de San Vicente Raspeig;servicios;Resuelta;SOMOS L'ALACANTI SL;1320;https://contrataciondelestado.es/wps/poc?uri=deeplink:detalle_licitacion&idEvl=8AQzIjni%2BZxPpzdqOdhuWg%3D%3D
Contratos menores;Actuaciones musicales con motivo de la feria de la miel;Alcaldía del Ayuntamiento de Campoo de Yuso;servicios;Resuelta;ESCENARIOS Y CARPAS DEL NORTE S.L.;1300;https://contrataciondelestado.es/wps/poc?uri=deeplink:detalle_licitacion&idEvl=1eyS%2FrJRwIj10HRJw8TEnQ%3D%3D
Contratos menores;Curso de Selectivo para mandos del SEIS. Formación en Psicología Operativa;Junta de Gobierno Local del Ayuntamiento de Cartagena;servicios;Resuelta;PITAGORA ADVANCED, S.L.;1300;https://contrataciondelestado.es/wps/poc?uri=deeplink:detalle_licitacion&idEvl=lAAOHUYoXayFQ%2FlhRK79lA%3D%3D
Contratos menores;CONmenor suministro dos mesas de picnic para parque 8 de agosto;Alcaldia del Ayuntamiento de Pinoso;suministros;Resuelta;TODOSERVICIOS HYC SL;1290,35;https://contrataciondelestado.es/wps/poc?uri=deeplink:detalle_licitacion&idEvl=Lcb8mSbEJPjCfVQHDepjGQ%3D%3D
Contratos menores;Actuación futbol freestyle;Alcaldía del Ayuntamiento de Llanera;servicios;Resuelta;Da Capo,S. Coop. Pequeña;1290;https://contrataciondelestado.es/wps/poc?uri=deeplink:detalle_licitacion&idEvl=T2zBYdayD%2FnIGlsa0Wad%2Bw%3D%3D
Contratos menores;Francisco Rosique Coordinación Seguridad y Salud ejecución de obras reparación Caminos __1.542,75€;Alcaldía del Ayuntamiento de Bonete;obras;Resuelta;FRANCISCO ROSIQUE VALIENTE;1275;https://contrataciondelestado.es/wps/poc?uri=deeplink:detalle_licitacion&idEvl=Rs7bw3aK0L2FlFRHfEzEaw%3D%3D
Contratos menores;CONMENOR BUS a Valencia con Asociación de Amas de Casa de Pinoso;Alcaldia del Ayuntamiento de Pinoso;servicios;Resuelta;YECLABUS SL;1272,73;https://contrataciondelestado.es/wps/poc?uri=deeplink:detalle_licitacion&idEvl=nfPTWZi6VYT10HRJw8TEnQ%3D%3D
Contratos menores;Televisores Aulario Centro Joven;Alcaldía del Ayuntamiento de Pozo Cañada;suministros;Resuelta;Univertia S.L.;1264,8;https://contrataciondelestado.es/wps/poc?uri=deeplink:detalle_licitacion&idEvl=4S%2FRlfzfi0M36J9Lctlsuw%3D%3D
Contratos menores;"Factura-E n&#186; RFL26-0911059 por importe de 1.518,45 €";Alcaldía del Ayuntamiento de Fuente-Álamo;servicios;Resuelta;LEFEBVRE - EL DERECHO S.A.;1254,92;https://contrataciondelestado.es/wps/poc?uri=deeplink:detalle_licitacion&idEvl=1hz8588qpk83vLk2DU2Ddg%3D%3D
Contratos menores;Contrato menor servicios: gazpachada para fiestas Villar;Alcaldía del Ayuntamiento de Chinchilla de Montearagón;servicios;Resuelta;PEDRO JOSE GARCIA MARTINEZ;1250;https://contrataciondelestado.es/wps/poc?uri=deeplink:detalle_licitacion&idEvl=I7F8%2BamZFo3CfVQHDepjGQ%3D%3D
Contratos menores;"CONM Servicio Actividad ""Fiesta de Halloween"" La Estacada (P. Participativos 2026)";Alcaldía del Ayuntamiento de Jumilla;servicios;Resuelta;LIVE EVENTS 1993 SL;1239,67;https://contrataciondelestado.es/wps/poc?uri=deeplink:detalle_licitacion&idEvl=3wre1eilFfBSYrkJkLlFdw%3D%3D
Contratos menores;Cadena SER. Programa especial 25 Aniversario de la Comarca.02/10/2026;Presidente de la Comarca Alto Gallego;servicios;Resuelta;SER RADIO ZARAGOZA;1238,84;https://contrataciondelestado.es/wps/poc?uri=deeplink:detalle_licitacion&idEvl=0J9YhemUnSRSYrkJkLlFdw%3D%3D
Contratos menores;Contrato de suministro de digitalización volumetrica 3d y reproducción técnica de piezas arqueologicas;Alcaldía del Ayuntamiento de Valdeganga;suministros;Resuelta;FRANCISCO BELMAR CABALLERO;1237,31;https://contrataciondelestado.es/wps/poc?uri=deeplink:detalle_licitacion&idEvl=xSnimh0bCN6KeVWTb9Scog%3D%3D
Contratos menores;Suministro de bordillo Taller+ Línea 1 EXP. FPTP/2025/02/010 (Albarán A343/26);Alcaldia del Ayuntamiento de San Pedro;suministros;Resuelta;SDAD COOP LTDA CASTILLO DE LAS PEÑAS;1233,6;https://contrataciondelestado.es/wps/poc?uri=deeplink:detalle_licitacion&idEvl=hOo7a590bjKTylGzYmBF9Q%3D%3D
Contratos menores;IDM. Viatge del Conseller de Medi Ambient, Medi Rural i Esports i Director insular d'Esports a la “Final de la Four Champions League Palma Futsal, que es celebrará a Pesaro, Italia, del 7 al 11 de Maig de 2026.;Departamentos del Consell Insular de Mallorca;servicios;Resuelta;MAUS VIAJES SL;1230,99;https://contrataciondelestado.es/wps/poc?uri=deeplink:detalle_licitacion&idEvl=UMI5E4VR2%2FIkJPJS%2BPS9vg%3D%3D
Contratos menores;"Adquisición de material didáctico y de papelería para Taller de Empleo ""Castrillón 2026-2027""";Alcaldia del Ayuntamiento de Castrillón;suministros;Resuelta;COMERCIAL MANUEL URONES SL;1210,99;https://contrataciondelestado.es/wps/poc?uri=deeplink:detalle_licitacion&idEvl=rwxgTrsmd8U%2FbjW6njtWLw%3D%3D
Contratos menores;Organización de comida popular con motivo de la Feria de la Miel;Alcaldía del Ayuntamiento de Campoo de Yuso;servicios;Resuelta;ANGEL LOPEZ FERNANDEZ;1200;https://contrataciondelestado.es/wps/poc?uri=deeplink:detalle_licitacion&idEvl=WMCCboA00ApLAIVZdUs8KA%3D%3D
Contratos menores;Paella para 300 comensales Fiestas de El Llanodel Beal el dia 4 de octubre de 2026;Junta de Gobierno Local del Ayuntamiento de Cartagena;servicios;Resuelta;JUAN MANUEL VIVANCOS CANOVAS;1200;https://contrataciondelestado.es/wps/poc?uri=deeplink:detalle_licitacion&idEvl=eO6YFTTzoSKP66GS%2BONYvQ%3D%3D
Contratos menores;CON_MNOR Servicios de Coordinación de Seguridad y Salud en fase de ejecución de las obras renovación;Alcaldía del Ayuntamiento de Villena;servicios;Resuelta;ENGINEER MUNDI SL;1200;https://contrataciondelestado.es/wps/poc?uri=deeplink:detalle_licitacion&idEvl=1deu8hMVK6ktm4eBPtV6eQ%3D%3D
Contratos menores;Contrato menor Somos Radio 4.0, s.l. (Publicidad fiestas patronales);Alcaldía del Ayuntamiento de Crevillent;servicios;Resuelta;SOMOS RADIO 4.0, S.L.;1200;https://contrataciondelestado.es/wps/poc?uri=deeplink:detalle_licitacion&idEvl=%2FX9ln1AH0FB%2BF6L2uCfUWg%3D%3D
Contratos menores;Contrato menor de servicio Uniprex SAU. (Onda Cero) Campaña moros y cristianos 2026;Alcaldía del Ayuntamiento de Crevillent;servicios;Resuelta;UNIPREX, S.A.U.;1200;https://contrataciondelestado.es/wps/poc?uri=deeplink:detalle_licitacion&idEvl=bfjxivNrExV6nTs9LZ9RhQ%3D%3D
Contratos menores;Presupuesto 19-2026.- Juan Francisco Jiménez Lopez.- Mantenimiento alumbrado publico.;Alcaldía del Ayuntamiento de Fuentealbilla;servicios;Resuelta;JUAN FRANCISCO JIMENEZ LOPEZ;1195,5;https://contrataciondelestado.es/wps/poc?uri=deeplink:detalle_licitacion&idEvl=5dn5h5NVNPReKgd8LfVV9g%3D%3D
Contratos menores;Presupuesto 09/26. Suministros fiestas agosto 2026. Isabel Ceferina Valero Martinez.;Alcaldía del Ayuntamiento de Fuentealbilla;suministros;Resuelta;ISABEL CEFERINA VALERO MARTINEZ;1185,9;https://contrataciondelestado.es/wps/poc?uri=deeplink:detalle_licitacion&idEvl=H96sHTxCNA47%2B9FIQYNjeQ%3D%3D
Contratos menores;Recepción capitanes y bellezas 19 de septiembre;Alcaldía del Ayuntamiento de Crevillent;servicios;Resuelta;SERVICIOS HOSTELEROS LAS PALMERAS SL;1159,09;https://contrataciondelestado.es/wps/poc?uri=deeplink:detalle_licitacion&idEvl=Ppt0pdU473yHCIsjvJ3rhQ%3D%3D
Contratos menores;Suministro de 100 programas de actividades de de Verano Cultural y fiestas de Villarrobledo.-;Alcaldía del Ayuntamiento de Villarrobledo;suministros;Resuelta;ASPRONA ASOCIACION PARA LA ATENCION A PERSONAS CON DISCAPACIDAD INTELECTUAL Y SUS FAMILIAS DE LA PROVINCIA DE ALBACETE;1130;https://contrataciondelestado.es/wps/poc?uri=deeplink:detalle_licitacion&idEvl=ieWmvC9YvDRLAIVZdUs8KA%3D%3D
Contratos menores;Castihoreca. Suministro de menaje para realización de eventos __ 1.342,19€;Alcaldía del Ayuntamiento de Bonete;suministros;Resuelta;CastiHoreca SL;1109,25;https://contrataciondelestado.es/wps/poc?uri=deeplink:detalle_licitacion&idEvl=dsVdWFCKHq3mnwcj%2BxbdTg%3D%3D
Contratos menores;Contrato menor reparar vehículo municipal matrícula 2330-CHV, según presupuesto 10/2026 de fecha 21/09/2026.;Alcaldía del Ayuntamiento de Madrigueras;servicios;Resuelta;JESUS GARCIA TERCERO;1105;https://contrataciondelestado.es/wps/poc?uri=deeplink:detalle_licitacion&idEvl=LB2hoBUjjDyHCIsjvJ3rhQ%3D%3D
Contratos menores;Contrato de servicios de reparación de central de detección de gases caldera;Presidencia de la Comarca de Sobrarbe;servicios;Resuelta;INSTALACIONES BOLTAÑA SL;1090;https://contrataciondelestado.es/wps/poc?uri=deeplink:detalle_licitacion&idEvl=vR%2Bg%2BDUIvV7E6P%2FuLemXRw%3D%3D
Contratos menores;Contrato menor servicios: parque infantil fiestas Villar;Alcaldía del Ayuntamiento de Chinchilla de Montearagón;servicios;Resuelta;JUAN MANUEL MARTINEZ DURO;1080;https://contrataciondelestado.es/wps/poc?uri=deeplink:detalle_licitacion&idEvl=1grsZIHk39pVYjgxA4nMUw%3D%3D
Contratos menores;INVEMAT LEVANTE SL. Iluminación extraordinaria fiestas patronales 2026, Guirnalda E27 3000K calle Balmes__ 1.295,91€;Alcaldía del Ayuntamiento de Bonete;servicios;Resuelta;INVEMAT LEVANTE SL;1071;https://contrataciondelestado.es/wps/poc?uri=deeplink:detalle_licitacion&idEvl=HwRtzMYsPG84NavIWzMcHA%3D%3D
Contratos menores;Pirotecnia Valenciana sl. Suministro de 30 docenas de materiales de pirotecnica y 4 baterías__ 1.294,70€;Alcaldía del Ayuntamiento de Bonete;suministros;Resuelta;PIROTECNIA VALENCIANA SOCIEDAD LIMITADA;1070;https://contrataciondelestado.es/wps/poc?uri=deeplink:detalle_licitacion&idEvl=7SMGfACLvhUIYE3ZiZ%2BxmQ%3D%3D
Contratos menores;Contratación de una empresa para reparto de merienda en DUDI 2026;Alcaldía del Ayuntamiento de Llanera;servicios;Resuelta;ROBI GASTRO TRUCK SOCIEDAD LIMITADA;1063,64;https://contrataciondelestado.es/wps/poc?uri=deeplink:detalle_licitacion&idEvl=pC0LzRbNku%2B9Hd5zqvq9cg%3D%3D
Contratos menores;Contrato menor. Material de limpieza;Alcaldía del Ayuntamiento de Munera;suministros;Resuelta;Quimicas Garcia S.L;1062,7;https://contrataciondelestado.es/wps/poc?uri=deeplink:detalle_licitacion&idEvl=DI0tOjrdApk7%2B9FIQYNjeQ%3D%3D
Contratos menores;Contrato Juan Miguel Piqueras Gil reparaciones colegio y patio;Alcaldia del Ayuntamiento de Carcelén;servicios;Resuelta;JUAN MIGUEL PIQUERAS GIL;1054;https://contrataciondelestado.es/wps/poc?uri=deeplink:detalle_licitacion&idEvl=NvrkmKyC9BfI8aL3PRS10Q%3D%3D
Contratos menores;Toba System Sl__Servicio de alquiler grupo electrógeno de 100kvas, días 2-3 y 5 de octubre fiestas 2026__1.275,34€;Alcaldía del Ayuntamiento de Bonete;servicios;Resuelta;Toba System SL;1054;https://contrataciondelestado.es/wps/poc?uri=deeplink:detalle_licitacion&idEvl=Hywq4uiC2hNWhbmkna2nXQ%3D%3D
Contratos menores;Reparación maquina elevadora septiembre 2026, juego, bulones, casquillos, mano de obra;Alcaldía del Ayuntamiento de Lezuza;servicios;Resuelta;ECOELEVA S.L.U.;1039,43;https://contrataciondelestado.es/wps/poc?uri=deeplink:detalle_licitacion&idEvl=GUpCUMTpXwrECtSnloz%2BZQ%3D%3D
Contratos menores;Aulas Culturales 50ymás: talleres concentración e imaginación, manualidades en cestería Posada y Lugo. Octubre y noviembre 2026;Alcaldía del Ayuntamiento de Llanera;servicios;Resuelta;CELSA GRANDA VEGA;1020;https://contrataciondelestado.es/wps/poc?uri=deeplink:detalle_licitacion&idEvl=qwLmMMaQQG%2BsNfRW6APEDw%3D%3D
Contratos menores;Prestación del módulo de prácticas profesionales no laborales de la acción formativa “Promoción e intervención socioeducativa con personas con discapacidad”, expediente FPTD/2025/002/2176, para Miriam Coronado González (115 h), María Pilar Parra Olmedo (98,5 h) y Luminita Mihaela Plesciuc (125 h).;Alcaldía del Ayuntamiento de Villarrobledo;servicios;Resuelta;ASPRONA ASOCIACION PARA LA ATENCION A PERSONAS CON DISCAPACIDAD INTELECTUAL Y SUS FAMILIAS DE LA PROVINCIA DE ALBACETE;1015,5;https://contrataciondelestado.es/wps/poc?uri=deeplink:detalle_licitacion&idEvl=CTFY4maZtZckJPJS%2BPS9vg%3D%3D
Contratos menores;Contratación de masajistas deportivos para copa BTT;Alcaldía del Ayuntamiento de Alcalá del Júcar;servicios;Resuelta;Andrea Elena Chirila;1008;https://contrataciondelestado.es/wps/poc?uri=deeplink:detalle_licitacion&idEvl=%2FO4pqpGZWsgwYTJJ03sHog%3D%3D
Contratos menores;Contrato menor de servicios_ Trabajos desbrozado y sulfatado en la entrada municipal de Viveros;Alcaldía del Ayuntamiento de Viveros;servicios;Resuelta;ARSENIO MANUEL CALERO RODRIGUEZ;1002,94;https://contrataciondelestado.es/wps/poc?uri=deeplink:detalle_licitacion&idEvl=sPWe0rU%2FSV%2F%2Fa9DgO%2BoYKQ%3D%3D
Contratos menores;Servicios. Actuaciones en feria de la Banda de Cornetas y Tambores Juventud Musical Hellín.;Alcaldía del Ayuntamiento de Hellín;servicios;Resuelta;JUVENTUD MUSICAL DE HELLIN;1000;https://contrataciondelestado.es/wps/poc?uri=deeplink:detalle_licitacion&idEvl=edUtRGvH1cjs%2BnLj3vAg5A%3D%3D
Contratos menores;Contrato menor de servicios para la realización del IV Ciclocross Almansa;Alcaldía del Ayuntamiento de Almansa;servicios;Resuelta;FEDERACION DE CICLISMO DE CASTILLA LA MANCHA;1000;https://contrataciondelestado.es/wps/poc?uri=deeplink:detalle_licitacion&idEvl=rQX%2FK2Ayu8w%2Bk2oCbDosIw%3D%3D
Contratos menores;Acompañamiento musical en Procesión San Ginés de la Jara 25 de agosto.;Junta de Gobierno Local del Ayuntamiento de Cartagena;servicios;Resuelta;AGRUPACION MUSICAL ADHONOREM;1000;https://contrataciondelestado.es/wps/poc?uri=deeplink:detalle_licitacion&idEvl=mBFIVxwl0q7zAq95uGTrDQ%3D%3D
Contratos menores;Contrato menor privado Associació El Tossal Mig Any 2026;Alcaldía del Ayuntamiento de San Vicente Raspeig;privado;Resuelta;ASSOCIACIO MUSICAL EL TOSSAL;1000;https://contrataciondelestado.es/wps/poc?uri=deeplink:detalle_licitacion&idEvl=bbMzUFIXbaisNfRW6APEDw%3D%3D
Contratos menores;Suministro de 3.000 pulseras reflectantes y 35 chalecos reflectantes infantiles;Junta de Gobierno Local del Ayuntamiento de Cartagena;suministros;Resuelta;Magic Marketing S.L.U;996,25;https://contrataciondelestado.es/wps/poc?uri=deeplink:detalle_licitacion&idEvl=PrIvotlTJJiFQ%2FlhRK79lA%3D%3D
Contratos menores;Imprenta invitaciones y pergaminos;Alcaldía del Ayuntamiento de Crevillent;suministros;Resuelta;HURPOGRAF S.L.;995;https://contrataciondelestado.es/wps/poc?uri=deeplink:detalle_licitacion&idEvl=BSAl5SowD5n%2Fa9DgO%2BoYKQ%3D%3D
Contratos menores;Contrato menor de suministros para la adquisición de redes de protección y de porterías para el Área de Deportes;Alcaldía del Ayuntamiento de Almansa;suministros;Resuelta;ELK SPORT DISTRIBUCIONES SLU;992,45;https://contrataciondelestado.es/wps/poc?uri=deeplink:detalle_licitacion&idEvl=IE9hbEUA30qopEMYCmrbmw%3D%3D
Contratos menores;Servicios. Servicio de autobús Hellín Bus para Feria de Hellín 2026.;Alcaldía del Ayuntamiento de Hellín;servicios;Resuelta;HELLIN BUS SOCIEDAD LIMITADA;991,74;https://contrataciondelestado.es/wps/poc?uri=deeplink:detalle_licitacion&idEvl=bf5wUHxVh%2FceIBJRHQiPkQ%3D%3D
Contratos menores;Contrato menor de servicios. Limpieza Centro Enoturístico Casa de los Arcos;Alcaldía del Ayuntamiento de Yecla;servicios;Resuelta;LIMPIEZAS CRISOL INTERLIMP, SOCIEDAD DE RESPONSABILIDAD LIMITADA;987;https://contrataciondelestado.es/wps/poc?uri=deeplink:detalle_licitacion&idEvl=tAP7EkYOT0MZDGvgaZEVxQ%3D%3D
Contratos menores;CONmenor suministro equipamiento infantil balancín en parque de Paco el Fresco;Alcaldia del Ayuntamiento de Pinoso;suministros;Resuelta;INDUSTRIAS MOSSER 97 SL;976,7;https://contrataciondelestado.es/wps/poc?uri=deeplink:detalle_licitacion&idEvl=5LENwzME4j94zIRvjBVCSw%3D%3D
Contratos menores;Contrato menor fabricación y montaje puerta abatible en Colegio, presup. 31 de 24/09/26;Alcaldía del Ayuntamiento de Madrigueras;obras;Resuelta;INOXFORJA MARTINEZ TALAYA S.L.;975;https://contrataciondelestado.es/wps/poc?uri=deeplink:detalle_licitacion&idEvl=41zU%2BxsLAtUXhk1FZxEyvw%3D%3D
Contratos menores;Reparación y mantenimiento de vehículos municipales 8229LTM y 2857FXG;Alcaldía del Ayuntamiento de Llanera;servicios;Resuelta;Automoción Chispa S.L.;970,58;https://contrataciondelestado.es/wps/poc?uri=deeplink:detalle_licitacion&idEvl=QGkOqus3EpWP66GS%2BONYvQ%3D%3D
Contratos menores;Suministro de 35 cascos Bell Tracker;Junta de Gobierno Local del Ayuntamiento de Cartagena;suministros;Resuelta;LAUREANO ROS ALBALADEJO;962,5;https://contrataciondelestado.es/wps/poc?uri=deeplink:detalle_licitacion&idEvl=Pgp5ZXDTPlJPpzdqOdhuWg%3D%3D
Contratos menores;Contrato menor: Trabajos de revisión de seguridad de la web www.portademariola.com;Alcaldía del Ayuntamiento de Banyeres de Mariola;servicios;Resuelta;EASY PEASY, S.COOP.V.;960;https://contrataciondelestado.es/wps/poc?uri=deeplink:detalle_licitacion&idEvl=0auS0qSiSezXOjazN1Dw9Q%3D%3D
Contratos menores;Factura Fontanería Albacete S.L.U. segunda cuota mantenimiento zonas contratadas;Alcaldía de la Entidad Local Menor de Aguas Nuevas;servicios;Resuelta;FONTANERÍA ALBACETE, SLU.;960;https://contrataciondelestado.es/wps/poc?uri=deeplink:detalle_licitacion&idEvl=DSxuJK8SD4jE6P%2FuLemXRw%3D%3D
Contratos menores;CONM Servicio de reparación de aire acondicionado en las oficinas del Departamento de Empleo y Desarrollo Económico;Concejalía de Contratación del Ayuntamiento de Cieza (Murcia);servicios;Resuelta;COFRISUR CLIMATIZACION, SOCIEDAD LIMITADA;958;https://contrataciondelestado.es/wps/poc?uri=deeplink:detalle_licitacion&idEvl=TAU0aAcbzXprhBlEHQFSKA%3D%3D
Contratos menores;Contrato menor productos de alimentación para cabalgata apertura de fiestas, según presupuesto B-012, de fecha 21/09/2026.;Alcaldía del Ayuntamiento de Madrigueras;suministros;Resuelta;ANTONIO UTIEL GIL;954,55;https://contrataciondelestado.es/wps/poc?uri=deeplink:detalle_licitacion&idEvl=OlxbN1kmseIzjChw4z%2FXvw%3D%3D
Contratos menores;Contrato menor de suministro de redes polideportivas protectoras para fútbol. Jaime Alberto García-Villalba. (partida: 840.342.22699 Material Fungible);Presidencia de Diputación Provincial de Albacete;suministros;Resuelta;JAIME ALBERTO DONATE GARCIA VILLALBA;951,41;https://contrataciondelestado.es/wps/poc?uri=deeplink:detalle_licitacion&idEvl=%2FtC9ZyUZITYZDGvgaZEVxQ%3D%3D
Contratos menores;CM Servicios: Servicios profesionales para elaborar memora técnica para solicitud de ayuda para la mejora y acondicionamiento de caminos rurales y apoyo en la preparación de la documentación necesario y en el registro en la plataforma BESANA y seguimiento del expediente.;Alcaldía del Ayuntamiento de El Bonillo;servicios;Resuelta;FS IDEA, CONSULTORIA Y PROYECTOS SOCIEDAD LIMITADA;950;https://contrataciondelestado.es/wps/poc?uri=deeplink:detalle_licitacion&idEvl=r6IIfCOgIH%2FVGIpKDxgsAQ%3D%3D
Contratos menores;CONM.-Servicio de reparación de grifos, cisternas y otros elementos de fontanería del Teatro Capitol;Concejalía de Contratación del Ayuntamiento de Cieza (Murcia);servicios;Resuelta;SUMINISTROS LUCAS Y PENALVA SL;946,76;https://contrataciondelestado.es/wps/poc?uri=deeplink:detalle_licitacion&idEvl=TAU0aAcbzXpPpzdqOdhuWg%3D%3D
Contratos menores;CM Servicio de consultoría para el seguimiento del sistema de gestión de la calidad ISO 9001:2015 AÑO 2026.;Alcaldía del Ayuntamiento de Yecla;servicios;Resuelta;FORO DE ESTUDIOS SOCIOSANITARIOS, S.L.;941,74;https://contrataciondelestado.es/wps/poc?uri=deeplink:detalle_licitacion&idEvl=uflfnTbgGdcS7pcxhTeWOg%3D%3D
Contratos menores;Contrato programas de fiestas;Alcaldía del Ayuntamiento de Tobarra;suministros;Resuelta;VIDEON MEDIA PRODUCCIONES SOCIEDAD LIMITADA;927;https://contrataciondelestado.es/wps/poc?uri=deeplink:detalle_licitacion&idEvl=hOo7a590bjL10HRJw8TEnQ%3D%3D
Contratos menores;Productos de limpieza y utensilios para casas rurales;Alcaldía del Ayuntamiento de Liétor;suministros;Resuelta;RAFAEL JIMENEZ GARCIA;920,79;https://contrataciondelestado.es/wps/poc?uri=deeplink:detalle_licitacion&idEvl=1pdywIRkbCC8ebB%2FXTwy0A%3D%3D
Contratos menores;CT_ Contrato menor servicios_ Efieman luces;Alcaldía del Ayuntamiento de Pétrola;servicios;Resuelta;EFIEMAN SERVICIOS ENERGETICOS SOCIEDAD LIMITADA;912,5;https://contrataciondelestado.es/wps/poc?uri=deeplink:detalle_licitacion&idEvl=g6kbwG9O9MR9PLkba5eRog%3D%3D
Contratos menores;Suministro de cemento, planché y piñoncillo Taller+ Línea 1 EXP. FPTP/2025/02/010 (Albarán A340/26);Alcaldia del Ayuntamiento de San Pedro;suministros;Resuelta;SDAD COOP LTDA CASTILLO DE LAS PEÑAS;902;https://contrataciondelestado.es/wps/poc?uri=deeplink:detalle_licitacion&idEvl=%2FEc3THbb9uB4zIRvjBVCSw%3D%3D
Contratos menores;"Factura N&#186;2026/36. Por importe de 1.089€.";Alcaldía del Ayuntamiento de Fuente-Álamo;servicios;Resuelta;Diego Martinez Tarraga;900;https://contrataciondelestado.es/wps/poc?uri=deeplink:detalle_licitacion&idEvl=c%2B8bhe%2BFw3ozjChw4z%2FXvw%3D%3D
Contratos menores;Contrato Mapache Events actuación musical 10/10/2026 día jubilados;Alcaldia del Ayuntamiento de Carcelén;servicios;Resuelta;MAPACHE EVENTS SL;900;https://contrataciondelestado.es/wps/poc?uri=deeplink:detalle_licitacion&idEvl=NvrkmKyC9BeOUi78BmzhOQ%3D%3D
Contratos menores;Actividad de Rutas de senderismo. Proyecto Juventud;Alcaldía del Ayuntamiento de Alcalá del Júcar;servicios;Resuelta;MULTIOCIO ALBACETE S.L;900;https://contrataciondelestado.es/wps/poc?uri=deeplink:detalle_licitacion&idEvl=5SMJlEO8GdB6nTs9LZ9RhQ%3D%3D
Contratos menores;E26-00733 - Vale de Compra suministro e instalación de sonda y soporte sensor O2 en horno crematorio Cementerio Municipal Albacete.;Alcaldía del Ayuntamiento de Albacete;servicios;Resuelta;KALFRISA, S.A.;900;https://contrataciondelestado.es/wps/poc?uri=deeplink:detalle_licitacion&idEvl=LAIaNmXkoAHs%2BnLj3vAg5A%3D%3D
Contratos menores;Velada Trovera en la Barriada Hispanoamérica el día 4 de octubre de 2026.;Junta de Gobierno Local del Ayuntamiento de Cartagena;servicios;Resuelta;ASOC TROVERA, CULTURAL Y RECREATIVA JOSE MARIA MARIN;900;https://contrataciondelestado.es/wps/poc?uri=deeplink:detalle_licitacion&idEvl=AKZdy8bYsvGcTfjQf3USOg%3D%3D
Contratos menores;Contractació Menor subministrament de blocs/talonaris de tiquets per l'accés al PN de Sa Dragonera. IDM;Departamentos del Consell Insular de Mallorca;suministros;Resuelta;DE SALABERT E HIJOS SA;900;https://contrataciondelestado.es/wps/poc?uri=deeplink:detalle_licitacion&idEvl=mZX%2F%2BR4bps3E6P%2FuLemXRw%3D%3D
Contratos menores;2026-El Ballestero-Banda de Alcaraz-Pasacalles 27 septiembre 2026;Presidencia del Consorcio Cultural Albacete de la Diputación Provincial de Albacete;servicios;Resuelta;Asociación Banda de Música Santos Villar Maroto;900;https://contrataciondelestado.es/wps/poc?uri=deeplink:detalle_licitacion&idEvl=OzKF3ZvUjWNVkTabT%2FRM8A%3D%3D
Contratos menores;2026-El Ballestero-Banda de Lezuza-Desfile 26 septiembre 2026;Presidencia del Consorcio Cultural Albacete de la Diputación Provincial de Albacete;servicios;Resuelta;Asociación Banda de Música de Lezuza;900;https://contrataciondelestado.es/wps/poc?uri=deeplink:detalle_licitacion&idEvl=uOPXkkTMzNnua%2Fi14w%2FPLA%3D%3D
Contratos menores;Básico de prevención de riesgos laborales curso grabación de datos FPTD/2025/002/2165;Alcaldía del Ayuntamiento de Pozo Cañada;servicios;Resuelta;SONIA SANCHEZ PEREZ;900;https://contrataciondelestado.es/wps/poc?uri=deeplink:detalle_licitacion&idEvl=uw3MGcesmmrzAq95uGTrDQ%3D%3D
Contratos menores;Contrato menor de suministro Etimed Etiquetas, s.l.;Alcaldía del Ayuntamiento de Crevillent;suministros;Resuelta;ETIMED ETIQUETAS SL;896,05;https://contrataciondelestado.es/wps/poc?uri=deeplink:detalle_licitacion&idEvl=bfjxivNrExVPpzdqOdhuWg%3D%3D
Contratos menores;Factura Retromader S.L. suministro taburete hogar del jubilado;Alcaldía de la Entidad Local Menor de Aguas Nuevas;suministros;Resuelta;Retromader, S.L.;876;https://contrataciondelestado.es/wps/poc?uri=deeplink:detalle_licitacion&idEvl=sVnTMx5tvTEeIBJRHQiPkQ%3D%3D
Contratos menores;Suministros. Caramelos para la Cabalgata de Feria 2026;Alcaldía del Ayuntamiento de Hellín;suministros;Resuelta;CARAMELOS LA PAJARA SOCIEDAD LIMITADA;875;https://contrataciondelestado.es/wps/poc?uri=deeplink:detalle_licitacion&idEvl=6E6%2FR3nWKgUaF6cS8TCh%2FA%3D%3D
Contratos menores;Compra de libros para la Red M. de Bibliotecas (Posada y Lugo);Alcaldía del Ayuntamiento de Llanera;suministros;Resuelta;Espasa-Calpe SA;871,18;https://contrataciondelestado.es/wps/poc?uri=deeplink:detalle_licitacion&idEvl=wCWUMMbzc6EQyBAnWzHfCg%3D%3D
Contratos menores;Contracte menor subministrament de subjeccions per als usuaris de la residència.. Res. Bartomeu Quetglas.;IMAS - Direcció de la Residència de Felanitx;suministros;Resuelta;GLOBAL SERVICES S25 SL;863,8;https://contrataciondelestado.es/wps/poc?uri=deeplink:detalle_licitacion&idEvl=oVjFITMku5%2B7JOCXkOhcDg%3D%3D
Contratos menores;"Contrato menor. Proyección películas ""cine de verano""";Alcaldía del Ayuntamiento de Munera;servicios;Resuelta;ANTONIO VÍLLORA MOYA;860;https://contrataciondelestado.es/wps/poc?uri=deeplink:detalle_licitacion&idEvl=rvN3Eky2FjzpxJFXpLZ%2B2A%3D%3D
Contratos menores;"Contrato menor mantenimiento informático mensual, según presupuesto n&#186; 3 000009 de fecha 24/09/2026.";Alcaldía del Ayuntamiento de Madrigueras;servicios;Resuelta;ALBERTO OLMEDA UTIEL;855,75;https://contrataciondelestado.es/wps/poc?uri=deeplink:detalle_licitacion&idEvl=CJoDy926xIH%2B3JAijKO%2Bkg%3D%3D
Contratos menores;Contrato menor. Sonido e iluminación para V festival de narración oral;Alcaldía del Ayuntamiento de Munera;servicios;Resuelta;ANTONIO VÍLLORA MOYA;850;https://contrataciondelestado.es/wps/poc?uri=deeplink:detalle_licitacion&idEvl=nkhOfeSjPW2P66GS%2BONYvQ%3D%3D
Contratos menores;Trabajos de mantenimiento en jardines de Tolosa;Alcaldía del Ayuntamiento de Alcalá del Júcar;servicios;Resuelta;Hidrobalajardin s.l.;845,4;https://contrataciondelestado.es/wps/poc?uri=deeplink:detalle_licitacion&idEvl=eTZdemJi3leOUi78BmzhOQ%3D%3D
Contratos menores;Adquisición de 100 Mochilas para alumnos de próximas academias;Junta de Gobierno Local del Ayuntamiento de Cartagena;suministros;Resuelta;BERBOIS SL;826;https://contrataciondelestado.es/wps/poc?uri=deeplink:detalle_licitacion&idEvl=xhyQISPoZrh6nTs9LZ9RhQ%3D%3D
Contratos menores;Contrato de servicio para cena 50 personas;Alcaldía del Ayuntamiento de Valdeganga;servicios;Resuelta;Maria Isabel Garcia Valiente;818,18;https://contrataciondelestado.es/wps/poc?uri=deeplink:detalle_licitacion&idEvl=j4HBFM9yZSEXhk1FZxEyvw%3D%3D
Contratos menores;Contrato Gasóleos Sánchez y Murcia suministro Ayuntamiento;Alcaldia del Ayuntamiento de Carcelén;suministros;Resuelta;Gasoleos Sanchez y Murcia;818;https://contrataciondelestado.es/wps/poc?uri=deeplink:detalle_licitacion&idEvl=rZkD7GDMXJ4eIBJRHQiPkQ%3D%3D
Contratos menores;Suministro placas de vado;Alcaldía del Ayuntamiento de Casas de Ves;suministros;Resuelta;GESTSAHEC SL;815;https://contrataciondelestado.es/wps/poc?uri=deeplink:detalle_licitacion&idEvl=m51qAIH8rYnCfVQHDepjGQ%3D%3D
Contratos menores;Instalación de fibra óptica y cableado de rack en la Casa de los Arcos.;Alcaldía del Ayuntamiento de Yecla;servicios;Resuelta;ANTONIO MOTELLON BERNAL;813,89;https://contrataciondelestado.es/wps/poc?uri=deeplink:detalle_licitacion&idEvl=OtTZs4AzZSbIGlsa0Wad%2Bw%3D%3D
Contratos menores;Contrato de servicio retirada de contenedores;Alcaldía del Ayuntamiento de Valdeganga;servicios;Resuelta;PEDRO JOSE DEL REY TOLOSA;808,24;https://contrataciondelestado.es/wps/poc?uri=deeplink:detalle_licitacion&idEvl=8sgTJU2%2Fl8q8ebB%2FXTwy0A%3D%3D
Contratos menores;Contractació de subministrament vehicles 7522 KGS, 0532 JZZ i 0531JZZ. IDM;Departamentos del Consell Insular de Mallorca;suministros;Resuelta;TECNO MOTOR MALLORCA SL;807,6;https://contrataciondelestado.es/wps/poc?uri=deeplink:detalle_licitacion&idEvl=dLQizl20krKcCF8sV%2BqtYA%3D%3D
Contratos menores;Presupuesto FC-01-0002666. Antonio Munera Arenas. Suministros para La Rayuela.;Alcaldía del Ayuntamiento de Fuentealbilla;suministros;Resuelta;ANTONIO MUNERA ARENAS;804,83;https://contrataciondelestado.es/wps/poc?uri=deeplink:detalle_licitacion&idEvl=dA7E4b0crD6S81gZFETWmA%3D%3D
Contratos menores;Factura Abymatic Seguridad instalación cámaras plaza ayuntamiento;Alcaldía de la Entidad Local Menor de Aguas Nuevas;servicios;Resuelta;GINES RUBIO RIO;803,79;https://contrataciondelestado.es/wps/poc?uri=deeplink:detalle_licitacion&idEvl=kta59deXvm970UvEyYJSGw%3D%3D
Contratos menores;Exhibición y talleres de calistenia;Alcaldía del Ayuntamiento de Llanera;servicios;Resuelta;Aitor Martín Uceda;800;https://contrataciondelestado.es/wps/poc?uri=deeplink:detalle_licitacion&idEvl=vko9V7IeOm0kJPJS%2BPS9vg%3D%3D
Contratos menores;Acompañamiento musical en Diana y Procesión en las Fiestas de la Barriada Hispano-América;Junta de Gobierno Local del Ayuntamiento de Cartagena;servicios;Resuelta;AGRUPACION MUSICAL ADHONOREM;800;https://contrataciondelestado.es/wps/poc?uri=deeplink:detalle_licitacion&idEvl=0EfmgohY2LI7u6%2B%2FR7DUoA%3D%3D
Contratos menores;CONmenor Cascos y Protectores Campaña Movilidad Urbana;Alcaldia del Ayuntamiento de Pinoso;suministros;Resuelta;CAROLINA ALBERT GARCIA;788,6;https://contrataciondelestado.es/wps/poc?uri=deeplink:detalle_licitacion&idEvl=GhwiV7ZU1OweIBJRHQiPkQ%3D%3D
Contratos menores;Servicios. Servicio de autobús Novatour para Feria de Hellín 2026.;Alcaldía del Ayuntamiento de Hellín;servicios;Resuelta;AUTOCARES NOVATOUR SOCIEDAD LIMITADA;785,12;https://contrataciondelestado.es/wps/poc?uri=deeplink:detalle_licitacion&idEvl=Iq%2B6LKEzH8IQyBAnWzHfCg%3D%3D
Contratos menores;Contrato menor servicios: castillos hinchables para fiestas San Miguel;Alcaldía del Ayuntamiento de Chinchilla de Montearagón;servicios;Resuelta;MULTIOCIO ALBACETE SOCIEDAD LIMITADA;785;https://contrataciondelestado.es/wps/poc?uri=deeplink:detalle_licitacion&idEvl=KDnklreVrIM2wEhQbcAqug%3D%3D
Contratos menores;Contrato de Servicios para la Coordinación de Seguridad y Salud en fase de ejecución de las Obras de adecuación vestuarios Comisaria de Policía de Almansa.;Alcaldía del Ayuntamiento de Almansa;servicios;Resuelta;FRANCISCO ROSIQUE VALIENTE;785;https://contrataciondelestado.es/wps/poc?uri=deeplink:detalle_licitacion&idEvl=VzfMT9luiWBLAIVZdUs8KA%3D%3D
Contratos menores;Cambio interruptor automático en piscinas municipales a consecuencia de tormenta 28/06/2026;Alcaldía del Ayuntamiento de Haro;servicios;Resuelta;SOLUCIONES ELECTRICAS Y ENERGETICAS NORTE SOCIEDAD LIMITADA;778,48;https://contrataciondelestado.es/wps/poc?uri=deeplink:detalle_licitacion&idEvl=8Vo5TxWNaJV%2FR5QFTlaM4A%3D%3D
Contratos menores;"Contrato menor de suministros para la adquisición de 1 portería de aluminio para el parque Lymington, dentro del ""Convenio entre la Diputación Provincial de Albacete con el Ayuntamiento de Almansa para la gestión de infraestructuras municipales en el año 2026""";Alcaldía del Ayuntamiento de Almansa;suministros;Resuelta;RANKING LA TIENDA DEL DEPORTE SL;774,33;https://contrataciondelestado.es/wps/poc?uri=deeplink:detalle_licitacion&idEvl=9HXJiql7%2FrHE6P%2FuLemXRw%3D%3D
Contratos menores;E26-00731 (V) Vale compra reparación vehículo municipal matrícula 6956BNH;Alcaldía del Ayuntamiento de Albacete;servicios;Resuelta;ROMOVIL SA;774,09;https://contrataciondelestado.es/wps/poc?uri=deeplink:detalle_licitacion&idEvl=wWpWOHDcYsbgL1BHd3qjQA%3D%3D
Contratos menores;Factura José Ignacio Olivas Leal reforma aseos colegio de aguas nuevas;Alcaldía de la Entidad Local Menor de Aguas Nuevas;servicios;Resuelta;Jose Ignacio Olivas Leal;766;https://contrataciondelestado.es/wps/poc?uri=deeplink:detalle_licitacion&idEvl=hqELP%2FzgHuBrSd8H4b2soA%3D%3D
Contratos menores;Contrato Menor de Suministro alquiler Grupo electrógeno zona Food Trucks;Alcaldía del Ayuntamiento de Yecla;suministros;Resuelta;ACHICE INDUSTRIAS MECANICAS SL;756;https://contrataciondelestado.es/wps/poc?uri=deeplink:detalle_licitacion&idEvl=EHLnuuD1hW28ebB%2FXTwy0A%3D%3D
Contratos menores;Análisis de agua de piscina e introducción de datos analitos en SILOE;Alcaldía del Ayuntamiento de Alcadozo;servicios;Resuelta;TECNYAL LABORATORIOS S.L.;755;https://contrataciondelestado.es/wps/poc?uri=deeplink:detalle_licitacion&idEvl=S%2FIc%2BjOtM0rVGIpKDxgsAQ%3D%3D
Contratos menores;Contrato menor servicios: actuación disco móvil en fiestas San Miguel;Alcaldía del Ayuntamiento de Chinchilla de Montearagón;servicios;Resuelta;MAPACHE EVENTS SL;750;https://contrataciondelestado.es/wps/poc?uri=deeplink:detalle_licitacion&idEvl=CmQOgGjTVdv%2Fa9DgO%2BoYKQ%3D%3D
Contratos menores;Contrato menor: Inspección periódica de los ascensores en los edificios municipales;Alcaldía del Ayuntamiento de Banyeres de Mariola;servicios;Resuelta;SGS INSPECCIONES REGLAMENTARIAS, S.A.U.;750;https://contrataciondelestado.es/wps/poc?uri=deeplink:detalle_licitacion&idEvl=cHdMzSZlF5A7%2B9FIQYNjeQ%3D%3D
Contratos menores;"Contrato menor. Sonido e iluminación en auditorio para actuación ""Latidos del caribe"" CIA guacheros.";Alcaldía del Ayuntamiento de Munera;servicios;Resuelta;ANTONIO VÍLLORA MOYA;750;https://contrataciondelestado.es/wps/poc?uri=deeplink:detalle_licitacion&idEvl=LqQW3HuNhWrs%2BnLj3vAg5A%3D%3D
Contratos menores;ECO - 1222001 - Contencions físiques segures dins els sistema de protecció a la infància i l'adolescència 2026 - Contractació menor persona formadora;IMAS - Gerència;servicios;Resuelta;ASOCIACION DE MADRES Y PADRES DE PERSONAS CON DISCAPACIDAD DE LAS ILLES BALEARES AMADIBA;748,8;https://contrataciondelestado.es/wps/poc?uri=deeplink:detalle_licitacion&idEvl=YElm7kznKWmdkQsA7ROvsg%3D%3D
Contratos menores;ECO - Contractació menor per dur a terme l'acció formativa Sexualitat en persones grans 2026;IMAS - Gerència;servicios;Resuelta;MARIA GUIJARRO FERRER;748,8;https://contrataciondelestado.es/wps/poc?uri=deeplink:detalle_licitacion&idEvl=k74eZU4p%2F2iP%2Bo96UAV7cQ%3D%3D
Contratos menores;Contrato menor de servicios de alquiler de vehiculo para feria 2026;Alcaldía del Ayuntamiento de Almansa;servicios;Resuelta;ALMARENT ALQUILER DE VEHICULOS SOCIEDAD LIMITADA;743,8;https://contrataciondelestado.es/wps/poc?uri=deeplink:detalle_licitacion&idEvl=2YVmnVKXKS5t5r0ngvMetA%3D%3D
Contratos menores;Contrato menor de servicios renovación certificación de la norma ISO 9001:2015 AÑO 2026.;Alcaldía del Ayuntamiento de Yecla;servicios;Resuelta;LGAI TECHNOLOGICAL CENTER, S.A.;740;https://contrataciondelestado.es/wps/poc?uri=deeplink:detalle_licitacion&idEvl=1N7Vv643JMyP66GS%2BONYvQ%3D%3D
Contratos menores;Servicio de entrega, montaje y recogida de sillas en las Fiestas de Hispanoamérica.;Junta de Gobierno Local del Ayuntamiento de Cartagena;servicios;Resuelta;Isidro Meroño León;740;https://contrataciondelestado.es/wps/poc?uri=deeplink:detalle_licitacion&idEvl=PIfu6M7Bg5Kzz8fXU2i3eQ%3D%3D
Contratos menores;"Presupuesto n&#186; 56. Arreglo furgoneta centro de día. IBAUTO SL";Alcaldía del Ayuntamiento de Fuentealbilla;servicios;Resuelta;IBAUTO;724,41;https://contrataciondelestado.es/wps/poc?uri=deeplink:detalle_licitacion&idEvl=dbMAUo0OKwWqb7rCcv76BA%3D%3D
Contratos menores;Contrato menor de suministro de vestuario para los uniformes de la banda de música. ISABEL LLORENS TEROL;Alcaldía del Ayuntamiento de Alpera;suministros;Resuelta;ISABEL LLORENS TEROL;724,4;https://contrataciondelestado.es/wps/poc?uri=deeplink:detalle_licitacion&idEvl=9TZpt%2BF%2FtwkS7pcxhTeWOg%3D%3D
Contratos menores;Curso de Pintura Personas Adultas en Posada-octubre a diciembre 2026;Alcaldía del Ayuntamiento de Llanera;servicios;Resuelta;PAULA BLANCO GARCIA;720;https://contrataciondelestado.es/wps/poc?uri=deeplink:detalle_licitacion&idEvl=KF2BC2%2BE2yLXOjazN1Dw9Q%3D%3D
Contratos menores;"Factura-E n&#186; FTR321 por importe de 792,00 €";Alcaldía del Ayuntamiento de Fuente-Álamo;servicios;Resuelta;HORMACOMON S.L.;720;https://contrataciondelestado.es/wps/poc?uri=deeplink:detalle_licitacion&idEvl=OFA2lH9774PN3k3tjedSGw%3D%3D
Contratos menores;ConMenor instalación puntos de luz Feria Comercial.;Alcaldia del Ayuntamiento de Pinoso;servicios;Resuelta;ILUMINACIONES GRANJA SL;720;https://contrataciondelestado.es/wps/poc?uri=deeplink:detalle_licitacion&idEvl=R%2FCo%2FL%2FG7RwaF6cS8TCh%2FA%3D%3D
Contratos menores;Factura Francisco Toboso Lara suministro diseño vinilos mapas locales;Alcaldía de la Entidad Local Menor de Aguas Nuevas;suministros;Resuelta;FRANCISCO TOBOSO LARA;720;https://contrataciondelestado.es/wps/poc?uri=deeplink:detalle_licitacion&idEvl=DSxuJK8SD4h%2FR5QFTlaM4A%3D%3D
Contratos menores;Adjudicación de contrato menor de suministros de papel para el Proyecto Éfeso Almansa Impulsa del Ayuntamiento de Almansa, cofinanciado por el Fondo Social Europeo Plus (FSE+) en el Marco del Programa de Empleo, Educación, Formación y Economía Social (ÉFESO).;Alcaldía del Ayuntamiento de Almansa;suministros;Resuelta;COMERCIAL COFESA S.L.;717;https://contrataciondelestado.es/wps/poc?uri=deeplink:detalle_licitacion&idEvl=0l8huGX%2Fb4%2F%2B3JAijKO%2Bkg%3D%3D
Contratos menores;Contrato menor reparar vehículo municipal matrícula 2427-BNM, según presupuesto 11/2026 de fecha 22/09/2026.;Alcaldía del Ayuntamiento de Madrigueras;servicios;Resuelta;JESUS GARCIA TERCERO;715;https://contrataciondelestado.es/wps/poc?uri=deeplink:detalle_licitacion&idEvl=LB2hoBUjjDz10HRJw8TEnQ%3D%3D
Contratos menores;Prestación del módulo de prácticas profesionales no laborales de la acción formativa “Promoción e intervención socioeducativa con personas con discapacidad”, expediente FPTD/2025/002/2176, para María Lourdes Calso Soliva (120 h) y Pilar Torrijos López (115 h).;Alcaldía del Ayuntamiento de Villarrobledo;servicios;Resuelta;ASOCIACION DISCAPACITADOS NTRA SRA DE LOS ANGELES;705;https://contrataciondelestado.es/wps/poc?uri=deeplink:detalle_licitacion&idEvl=M2f%2FPLH07Sc4NavIWzMcHA%3D%3D
Contratos menores;Contrato menor servicios: charanga desfile San Miguel;Alcaldía del Ayuntamiento de Chinchilla de Montearagón;servicios;Resuelta;CHARANGA LOS MAS DUROS;700;https://contrataciondelestado.es/wps/poc?uri=deeplink:detalle_licitacion&idEvl=q9K9RgEwb8tVq4S9zvaQpQ%3D%3D
Contratos menores;La Tribuna de Albacete SA. Publicidad fiestas de Bonete día 30-09-2026. Media página a color__ 847,00€;Alcaldía del Ayuntamiento de Bonete;servicios;Resuelta;PUBLICACIONES DE ALBACETE SOCIEDAD ANONIMA;700;https://contrataciondelestado.es/wps/poc?uri=deeplink:detalle_licitacion&idEvl=lQvuSJopPD%2BGCFcHcNGIlQ%3D%3D
Contratos menores;Actuación de grupo musical Name Live Music el día 26 de septiembre de 2026 en la Ermita de Los Médicos (presupuesto J.M. La Palma);Junta de Gobierno Local del Ayuntamiento de Cartagena;servicios;Resuelta;Paco Casablanca Espectáculos, S.L.;700;https://contrataciondelestado.es/wps/poc?uri=deeplink:detalle_licitacion&idEvl=3n4XbmkSRgk%2B1TMyIiZmzw%3D%3D
Contratos menores;Suministro de productos de limpieza y aseo para Casas de Acogida;Junta de Gobierno Local del Ayuntamiento de Cartagena;suministros;Resuelta;EL CORTE INGLES ASESORIA JURIDCA;700;https://contrataciondelestado.es/wps/poc?uri=deeplink:detalle_licitacion&idEvl=7%2F%2FtDXmpajGFQ%2FlhRK79lA%3D%3D
Contratos menores;Contrato de servicios para publicación anuncio fiestas 2026;Alcaldía del Ayuntamiento de Valdeganga;servicios;Resuelta;PUBLICACIONES DE ALBACETE SOCIEDAD ANONIMA;700;https://contrataciondelestado.es/wps/poc?uri=deeplink:detalle_licitacion&idEvl=2XKw0jrIFnNeKgd8LfVV9g%3D%3D
Contratos menores;Actuación de la charanga DOREMIX;Alcaldía del Ayuntamiento de La Recueja;servicios;Resuelta;Charanga Doremix;700;https://contrataciondelestado.es/wps/poc?uri=deeplink:detalle_licitacion&idEvl=LfAi9K%2FlUIBVYjgxA4nMUw%3D%3D
Contratos menores;Contrato menor de Suministro_ Adquisición de equipamiento y mobiliario para el proyecto de mejora del archivo municipal, cofinanciado por la Diputación de Albacete;Alcaldía del Ayuntamiento de Viveros;suministros;Resuelta;CHUMILLAS S.L.;696;https://contrataciondelestado.es/wps/poc?uri=deeplink:detalle_licitacion&idEvl=e3d63JWw2qD9pbnDwlaUlg%3D%3D
Contratos menores;Contrato de servicio trabajo realizado en campo de futbol;Alcaldía del Ayuntamiento de Valdeganga;servicios;Resuelta;Juan marcos Perez Saez;693;https://contrataciondelestado.es/wps/poc?uri=deeplink:detalle_licitacion&idEvl=U6DWkUq91MVSYrkJkLlFdw%3D%3D
Contratos menores;2026-Vianos-AQO Producciones-Magia infantil 26 septiembre 2026;Presidencia del Consorcio Cultural Albacete de la Diputación Provincial de Albacete;servicios;Resuelta;AQO PRODUCCIONES SOCIEDAD LIMITADA;674,38;https://contrataciondelestado.es/wps/poc?uri=deeplink:detalle_licitacion&idEvl=QGQqM5%2BA%2BtRQFSeKCRun4Q%3D%3D
Contratos menores;Contrato menor de servicios_ Recogida de Colchones SEPTIEMBRE 2026;Alcaldía del Ayuntamiento de Viveros;servicios;Resuelta;EXCAVACIONES BALAZOTE 2000, S.L.;674;https://contrataciondelestado.es/wps/poc?uri=deeplink:detalle_licitacion&idEvl=yHP3q8EF58YeC9GJQOEBkQ%3D%3D
Contratos menores;José Damián Parra López. Paseos con tren infantil día 4 de Octubre de 11 a 14.30___ 813,12€;Alcaldía del Ayuntamiento de Bonete;servicios;Resuelta;José Damián Parra López;672;https://contrataciondelestado.es/wps/poc?uri=deeplink:detalle_licitacion&idEvl=xMID20Nzrt2HCIsjvJ3rhQ%3D%3D
Contratos menores;Contrato menor para la adquisición de MATERIAL CONSUMIBLE para los talleres del centro de formación;Alcaldía del Ayuntamiento de Villena;suministros;Resuelta;FERRI VILLENA, SL;661,16;https://contrataciondelestado.es/wps/poc?uri=deeplink:detalle_licitacion&idEvl=xpJDZNVb3vUeIBJRHQiPkQ%3D%3D
Contratos menores;Factura Maria del Carmen Martínez Martínez servicios notaria escritura inmueble;Alcaldía de la Entidad Local Menor de Aguas Nuevas;servicios;Resuelta;MARIA DEL CARMEN MARTINEZ MARTINEZ;652,36;https://contrataciondelestado.es/wps/poc?uri=deeplink:detalle_licitacion&idEvl=4br%2FWYRpXnOFQ%2FlhRK79lA%3D%3D
Contratos menores;Organización de taller de manualidades sobre abejas;Alcaldía del Ayuntamiento de Campoo de Yuso;servicios;Resuelta;BRENES XXI SL;650;https://contrataciondelestado.es/wps/poc?uri=deeplink:detalle_licitacion&idEvl=jBqF2Yego0d70UvEyYJSGw%3D%3D
Contratos menores;Contrato Merca Pellets suministro pellets salón cultural la nave;Alcaldia del Ayuntamiento de Carcelén;suministros;Resuelta;MERCAPELLETS RENOVABLES SOCIEDAD LIMITADA;640;https://contrataciondelestado.es/wps/poc?uri=deeplink:detalle_licitacion&idEvl=pBhsdgWm%2BL0%2Bk2oCbDosIw%3D%3D
Contratos menores;Taller # Comparte igualdad. (Actividades Centro de la Mujer 2026);Alcaldia del Ayuntamiento de San Pedro;servicios;Resuelta;SH Formación en Igualdad, S.L.;638,93;https://contrataciondelestado.es/wps/poc?uri=deeplink:detalle_licitacion&idEvl=QbKuHQEiNq2S81gZFETWmA%3D%3D
Contratos menores;Factura Jose Ignacio Olivas Leal reparación aseos colegio municipal;Alcaldía de la Entidad Local Menor de Aguas Nuevas;servicios;Resuelta;Jose Ignacio Olivas Leal;638;https://contrataciondelestado.es/wps/poc?uri=deeplink:detalle_licitacion&idEvl=sVnTMx5tvTG8ebB%2FXTwy0A%3D%3D
Contratos menores;Suministro de bolsas picnic comida deportistas participantes Ofrenda a la Santina 2026;Alcaldía del Ayuntamiento de Llanera;suministros;Resuelta;Bombones María Santoveña S.L.;636,36;https://contrataciondelestado.es/wps/poc?uri=deeplink:detalle_licitacion&idEvl=oY5t6AuAigKcCF8sV%2BqtYA%3D%3D
Contratos menores;"Análisis de agua de la red general en el grifo del consumidor (2&#186; SEM. 2025).";Alcaldía del Ayuntamiento de El Ballestero;servicios;Resuelta;GESTION Y TECNICAS DEL AGUA SA;634,81;https://contrataciondelestado.es/wps/poc?uri=deeplink:detalle_licitacion&idEvl=LKTvSzjzAXokJPJS%2BPS9vg%3D%3D
Contratos menores;CONMENOR Visita guiada en Valencia con Asociación de Amas de Casa de Pinoso;Alcaldia del Ayuntamiento de Pinoso;servicios;Resuelta;SILVIA MUÑOZ MARTINEZ;625;https://contrataciondelestado.es/wps/poc?uri=deeplink:detalle_licitacion&idEvl=0RUpZpsHekqOUi78BmzhOQ%3D%3D
Contratos menores;Contrato menor de servicio Vigiprot, S.L. (Noche de Cabos 2026);Alcaldía del Ayuntamiento de Crevillent;servicios;Resuelta;Vigiprot, S.L.U.;624;https://contrataciondelestado.es/wps/poc?uri=deeplink:detalle_licitacion&idEvl=587D1jQeLM54zIRvjBVCSw%3D%3D
Contratos menores;CONmenor Talleres 8 de Noviembre Santa Catalina;Alcaldia del Ayuntamiento de Pinoso;servicios;Resuelta;CONSUELO RIBES RIBES;620;https://contrataciondelestado.es/wps/poc?uri=deeplink:detalle_licitacion&idEvl=oci4WaOyIW%2BcTfjQf3USOg%3D%3D
Contratos menores;Contrato de suministro para material de centro joven;Alcaldía del Ayuntamiento de Valdeganga;suministros;Resuelta;BENITO SARRIA GARCIA;614,25;https://contrataciondelestado.es/wps/poc?uri=deeplink:detalle_licitacion&idEvl=Xf61rUBjXESKeVWTb9Scog%3D%3D
Contratos menores;Kronos equipamientos sl. Suministro de materiales deportivos, __ 735,68€;Alcaldía del Ayuntamiento de Bonete;suministros;Resuelta;KRONOS EQUIPAMIENTO S.L.;608;https://contrataciondelestado.es/wps/poc?uri=deeplink:detalle_licitacion&idEvl=YpFHYOJMfk69Hd5zqvq9cg%3D%3D
Contratos menores;Contrato menor servicios: actuación musical en fiestas Villar;Alcaldía del Ayuntamiento de Chinchilla de Montearagón;servicios;Resuelta;ASOCIACION CULTURAL CHARANGA EL MENEITO;600;https://contrataciondelestado.es/wps/poc?uri=deeplink:detalle_licitacion&idEvl=Yv81741kUSgXhk1FZxEyvw%3D%3D
Contratos menores;Contrato menor de servicios para la asistencia técnica y asesoramiento en materia de urbanismo y arquitectura. JORGE MONSALVE RODRÍGUEZ;Alcaldía del Ayuntamiento de Alpera;servicios;Resuelta;JORGE MONSALVE RODRÍGUEZ;600;https://contrataciondelestado.es/wps/poc?uri=deeplink:detalle_licitacion&idEvl=Ctu9sqBABIvN3k3tjedSGw%3D%3D
Contratos menores;Contrato menor de servicios. Encarnación Fernández Lorenzo.;Alcaldía del Ayuntamiento de Alcaraz;servicios;Resuelta;ENCARNACION FERNANDEZ LORENZO;600;https://contrataciondelestado.es/wps/poc?uri=deeplink:detalle_licitacion&idEvl=h6plG1Vnpct9PLkba5eRog%3D%3D
Contratos menores;Carga y descarga de documentos en archivos municipales de Albacete;Presidencia de Diputación Provincial de Albacete;servicios;Resuelta;MONTAJES Y PRODUCCIONES ESCENICAS LUNA S.L.U.;600;https://contrataciondelestado.es/wps/poc?uri=deeplink:detalle_licitacion&idEvl=z2YQDS8v6z16nTs9LZ9RhQ%3D%3D
Contratos menores;Cartelería y materiales promocionales para Festival UTOPOLIS en El Algar;Junta de Gobierno Local del Ayuntamiento de Cartagena;suministros;Resuelta;LA PECERA ACTIVIDADES CULTURALES S.L.;600;https://contrataciondelestado.es/wps/poc?uri=deeplink:detalle_licitacion&idEvl=iQV9zjDXNpeOUi78BmzhOQ%3D%3D
Contratos menores;"Contrato menor de servicios para la contratación de la formación de ""agente instructor TASER""";Alcaldía del Ayuntamiento de Villena;servicios;Resuelta;MAC UNIFORMES SL;600;https://contrataciondelestado.es/wps/poc?uri=deeplink:detalle_licitacion&idEvl=1deu8hMVK6lPpzdqOdhuWg%3D%3D
Contratos menores;Contrato menor de servicios Excursión al Monte Arabí Corresponsabilidad en Feria 2026;Alcaldía del Ayuntamiento de Yecla;servicios;Resuelta;AURBUS, S.A.;590,91;https://contrataciondelestado.es/wps/poc?uri=deeplink:detalle_licitacion&idEvl=aXtNscERwVZVkTabT%2FRM8A%3D%3D
Contratos menores;"Factura-E n&#186; 00208 por importe de 713,90 €";Alcaldía del Ayuntamiento de Fuente-Álamo;servicios;Resuelta;PREVECAM;590;https://contrataciondelestado.es/wps/poc?uri=deeplink:detalle_licitacion&idEvl=YPFfIz5dI1k%2B1TMyIiZmzw%3D%3D
Contratos menores;Contractació menor del servei de revisió i reparació del fre de mà del vehicle LAND ROVER amb matrícula IB-7497-DS. IDM;Departamentos del Consell Insular de Mallorca;servicios;Resuelta;Gabriel Gil Fuentes;589,13;https://contrataciondelestado.es/wps/poc?uri=deeplink:detalle_licitacion&idEvl=S5OTDUjdwP4Xhk1FZxEyvw%3D%3D
Contratos menores;"Contractació Menor subministrament de EPIS i vestuari per el personal adscrit al projecte S'ERMITA (Antonia Cortes i Isabel M&#170; Crespi). IDM";Departamentos del Consell Insular de Mallorca;suministros;Resuelta;MARIA ROSA DENTI SINGLA;575,98;https://contrataciondelestado.es/wps/poc?uri=deeplink:detalle_licitacion&idEvl=fhAQyXgwbudrhBlEHQFSKA%3D%3D
Contratos menores;Contrato menor productos alimentación para mini-olimpiadas 2026, según presupuesto B-11, de fecha 21/09/2026.;Alcaldía del Ayuntamiento de Madrigueras;suministros;Resuelta;ANTONIO UTIEL GIL;563,64;https://contrataciondelestado.es/wps/poc?uri=deeplink:detalle_licitacion&idEvl=RqR7T7LqKG%2BkU02jNGj1Fw%3D%3D
Contratos menores;Contratación del servicio de marcación de material escénico;Presidencia de la Comarca Hoya de Huesca - Plana de Uesca;servicios;Resuelta;SERIGRAFIA SEYTAM SOCIEDAD LIMITADA;560,5;https://contrataciondelestado.es/wps/poc?uri=deeplink:detalle_licitacion&idEvl=U7A8%2Flxl8IE7u6%2B%2FR7DUoA%3D%3D
Contratos menores;"Aulas Culturales 50ymás: taller ""Dale al coco"", octubre y noviembre 2026";Alcaldía del Ayuntamiento de Llanera;servicios;Resuelta;CARMEN MARIA SUAREZ NUÑEZ;560;https://contrataciondelestado.es/wps/poc?uri=deeplink:detalle_licitacion&idEvl=vkJ5j3SR1VGTylGzYmBF9Q%3D%3D
Contratos menores;Orden de Pedido Multiocio Albacete S.L. Curso de Pilates julio y agosto de 2026;Alcaldía del Ayuntamiento de Pozo Lorente;servicios;Resuelta;MULTIOCIO ALBACETE S.L;560;https://contrataciondelestado.es/wps/poc?uri=deeplink:detalle_licitacion&idEvl=NKN3B%2BBgwdQmMOlAXxDEjw%3D%3D
Contratos menores;Contracte menor subministrament 10 plaques metacrilat per a les noves empreses amb Distintiu Serra de Tramuntana;Presidencia del Consorci Serra de Tramuntana Patrimoni Mundial;suministros;Resuelta;GRAFICAS PLANISI S.A.;557,48;https://contrataciondelestado.es/wps/poc?uri=deeplink:detalle_licitacion&idEvl=HyBlon62v%2BsS7pcxhTeWOg%3D%3D
Contratos menores;"Factura-E n&#186; 2148 por importe de 667,62 €";Alcaldía del Ayuntamiento de Fuente-Álamo;servicios;Resuelta;AMBIGIENE HIGIENE PROFESIONAL SL;551,75;https://contrataciondelestado.es/wps/poc?uri=deeplink:detalle_licitacion&idEvl=pV9zf8OJqyqS81gZFETWmA%3D%3D
Contratos menores;"Factura-E n&#186; 202614 por importe de 665,50 €";Alcaldía del Ayuntamiento de Fuente-Álamo;servicios;Resuelta;ASOCIACIÓN PARA EL DESARROLLO Y EL EMPELO LOCAL DE LA COMARCA CAMPOS DE HELLIN (ADEL);550;https://contrataciondelestado.es/wps/poc?uri=deeplink:detalle_licitacion&idEvl=9YfanFTo9Y6sNfRW6APEDw%3D%3D
Contratos menores;Fotografía Actos 25 Aniversario de la Comarca;Presidente de la Comarca Alto Gallego;servicios;Resuelta;Benjamín España Aínsa;550;https://contrataciondelestado.es/wps/poc?uri=deeplink:detalle_licitacion&idEvl=OGsdCth66KcmMOlAXxDEjw%3D%3D
Contratos menores;CONmenor. Test de drogas Drugwipe 5 S;Alcaldia del Ayuntamiento de Pinoso;suministros;Resuelta;TECNITRAN TELECOMUNICACIONES SL;550;https://contrataciondelestado.es/wps/poc?uri=deeplink:detalle_licitacion&idEvl=GwQ26P3ugVCHCIsjvJ3rhQ%3D%3D
Contratos menores;Blas Naranjo Navarro: tala apeo de dos pinos, un chopo y ramas de un olmo - 665,50 €;Alcaldía del Ayuntamiento de Ossa de Montiel;servicios;Resuelta;BLAS NARANJO NAVARRO;550;https://contrataciondelestado.es/wps/poc?uri=deeplink:detalle_licitacion&idEvl=fxQYux1advDua%2Fi14w%2FPLA%3D%3D
Contratos menores;contrato menor servicios retirada contenedor voluminoso y ruedas. pedro jose del rey tolosa;Alcaldía del Ayuntamiento de Navas de Jorquera;servicios;Resuelta;Pedro José Del Rey Tolosa;549,97;https://contrataciondelestado.es/wps/poc?uri=deeplink:detalle_licitacion&idEvl=M13dJmYHHP0eIBJRHQiPkQ%3D%3D
Contratos menores;"Contrato menor exprés de suministro de catering Kick-off meeting 23/09/2026. Proyecto PLANET de EIT Urban Mobility. N&#186;. 2.1-0001-1144-1778.3";Gerencia de la Empresa Municipal de Innovación y Desarrollo Tecnológico, S.A.;servicios;Resuelta;LA ESPIGA DE ORO GOURMET SL;546,28;https://contrataciondelestado.es/wps/poc?uri=deeplink:detalle_licitacion&idEvl=O7N5IQbBqSR70UvEyYJSGw%3D%3D
Contratos menores;Contrato menor servicio de mecánica de bicicletas. Copa BTT. Antonio Alfaro Reyes. Partida: 840.341.226.09.04 (Circuito BTT);Presidencia de Diputación Provincial de Albacete;servicios;Resuelta;ANTONIO ALFARO REYES;545,87;https://contrataciondelestado.es/wps/poc?uri=deeplink:detalle_licitacion&idEvl=LBPM2fnyAf4zjChw4z%2FXvw%3D%3D
Contratos menores;Material lúdico corresponsabilidad;Alcaldía del Ayuntamiento de Yecla;suministros;Resuelta;MARIA JOSEFA TARRAGA ORTEGA;545,84;https://contrataciondelestado.es/wps/poc?uri=deeplink:detalle_licitacion&idEvl=WzP8g9W0HAhrSd8H4b2soA%3D%3D
Contratos menores;Gestión y proyección de la película 'No estás loca' el 27 de noviembre de 2026;Alcaldía del Ayuntamiento de Villena;servicios;Resuelta;CINE CLUB VILLENA;545,45;https://contrataciondelestado.es/wps/poc?uri=deeplink:detalle_licitacion&idEvl=DsGi1aq2PmCopEMYCmrbmw%3D%3D
Contratos menores;"Factura N&#186;2026/10/001047. Por importe de 642,40€";Alcaldía del Ayuntamiento de Fuente-Álamo;suministros;Resuelta;COMERCIAL FUENDIPA, S.L.;530,91;https://contrataciondelestado.es/wps/poc?uri=deeplink:detalle_licitacion&idEvl=xfC9G7kCtwGP66GS%2BONYvQ%3D%3D
Contratos menores;Servicio de revisión sujeción amortiguador, revisión fuga aceite, reparación sistema apertura puerta y desmontar hidroventilador para repararlo en autobuses urbanos.-;Alcaldía del Ayuntamiento de Villarrobledo;servicios;Resuelta;ALCODIESEL S.L.;525,21;https://contrataciondelestado.es/wps/poc?uri=deeplink:detalle_licitacion&idEvl=y3m2bM8PCI8%2FbjW6njtWLw%3D%3D
Contratos menores;"CONM - Suministro estantería en el Pabellón Municipal ""Carlos García""";Alcaldía del Ayuntamiento de Jumilla;suministros;Resuelta;JESUS ARENAS REQUENA;523,73;https://contrataciondelestado.es/wps/poc?uri=deeplink:detalle_licitacion&idEvl=YvyABR8HPVrIGlsa0Wad%2Bw%3D%3D
Contratos menores;Alquiler de Maquinaria para el Ayuntamiento de Elche de la Sierra;Presidencia de Diputación Provincial de Albacete;obras;Resuelta;ÓSCAR GUZMÁN CÓRCOLES;520;https://contrataciondelestado.es/wps/poc?uri=deeplink:detalle_licitacion&idEvl=cpgcraWotUv%2Fa9DgO%2BoYKQ%3D%3D
Contratos menores;"Factura-E n&#186; 18913 por importe de 627,94 €";Alcaldía del Ayuntamiento de Fuente-Álamo;servicios;Resuelta;FATEN FACILITIES ENERGY TELECOM SL;518,96;https://contrataciondelestado.es/wps/poc?uri=deeplink:detalle_licitacion&idEvl=3zbXetExuPseIBJRHQiPkQ%3D%3D
Contratos menores;"Factura-E n&#186; 18913 por importe de 627,94 €";Alcaldía del Ayuntamiento de Fuente-Álamo;servicios;Resuelta;FATEN FACILITIES ENERGY TELECOM SL;518,96;https://contrataciondelestado.es/wps/poc?uri=deeplink:detalle_licitacion&idEvl=3zbXetExuPvua%2Fi14w%2FPLA%3D%3D
Contratos menores;Pintura para el Taller de Pintura - Integración Social 2026;Alcaldía del Ayuntamiento de Villarrobledo;suministros;Resuelta;PADEL PINTURAS, S.L.;516,53;https://contrataciondelestado.es/wps/poc?uri=deeplink:detalle_licitacion&idEvl=l6GTNR1iDuW9Hd5zqvq9cg%3D%3D
Contratos menores;Reparación de semáforos;Alcaldía del Ayuntamiento de Almansa;servicios;Resuelta;ELECTRONIC TRAFIC, S.A.;515,08;https://contrataciondelestado.es/wps/poc?uri=deeplink:detalle_licitacion&idEvl=9TZpt%2BF%2Ftwn%2B3JAijKO%2Bkg%3D%3D
Contratos menores;Taller Sintoniza tu voz. (Actividades Centro de la Mujer 2026);Alcaldia del Ayuntamiento de San Pedro;servicios;Resuelta;SH Formación en Igualdad, S.L.;511,94;https://contrataciondelestado.es/wps/poc?uri=deeplink:detalle_licitacion&idEvl=BB6SrvCI6%2BgeIBJRHQiPkQ%3D%3D
Contratos menores;Reposición de árbol, postes de madera para vallado calle Mazo junto a parque Mazo;Alcaldía del Ayuntamiento de Haro;suministros;Resuelta;PERICA OBRAS Y SERVICIOS SOCIEDAD ANONIMA;503,5;https://contrataciondelestado.es/wps/poc?uri=deeplink:detalle_licitacion&idEvl=TrXbh%2FynAvuGCFcHcNGIlQ%3D%3D
Contratos menores;Suministro de vidrios. Colegios. José Tomás Sánchez. 607.42€;Alcaldía del Ayuntamiento de Almansa;suministros;Resuelta;JOSE TOMAS SANCHEZ;502;https://contrataciondelestado.es/wps/poc?uri=deeplink:detalle_licitacion&idEvl=IE9hbEUA30q7JOCXkOhcDg%3D%3D
Contratos menores;Contrato menor refuerzo servicios de seguridad para el día 19 de septiembre en Feria 2026;Alcaldía del Ayuntamiento de Yecla;servicios;Resuelta;SELEC GLOBAL SECURITY, S.A.;501,6;https://contrataciondelestado.es/wps/poc?uri=deeplink:detalle_licitacion&idEvl=INabYeAbW%2BImMOlAXxDEjw%3D%3D
Contratos menores;II bolsa de reparaciones eléctricas camiones;Presidencia de la Comarca del Bajo Aragón;servicios;Resuelta;MIGUEL ANGEL PONZ FERRER;500;https://contrataciondelestado.es/wps/poc?uri=deeplink:detalle_licitacion&idEvl=mWPWvqxDq3zE6P%2FuLemXRw%3D%3D
Contratos menores;Adquisición de libros para la biblioteca de Posada;Alcaldía del Ayuntamiento de Llanera;suministros;Resuelta;LIBRERIA MATADERO UNO SLL;500;https://contrataciondelestado.es/wps/poc?uri=deeplink:detalle_licitacion&idEvl=MBVgoHzNQUY2wEhQbcAqug%3D%3D
Contratos menores;"Honorarios Instructor curso ""Actuación en emergencias con himenópteros"". Antonio Manuel Lillo Felipe";Presidencia de Diputación Provincial de Albacete;servicios;Resuelta;ANTONIO MANUEL LILLO FELIPE;500;https://contrataciondelestado.es/wps/poc?uri=deeplink:detalle_licitacion&idEvl=Om6LKrrvBEvE6P%2FuLemXRw%3D%3D
Contratos menores;Contrato menor privado actuación del grupo The Ghost Behind el día 16 de septiembre dentro de la programación de Feria 2026;Alcaldía del Ayuntamiento de Yecla;privado;Resuelta;ANTONIO CONEJERO FERRI;500;https://contrataciondelestado.es/wps/poc?uri=deeplink:detalle_licitacion&idEvl=h%2FlfpF6%2FQSvzAq95uGTrDQ%3D%3D
Contratos menores;Cuentos Gabardera 14 quebrantahuesos de Serrablo;Presidente de la Comarca Alto Gallego;servicios;Resuelta;IMPREPIRINEOS,SLU;500;https://contrataciondelestado.es/wps/poc?uri=deeplink:detalle_licitacion&idEvl=wtu8Z3fL23J4zIRvjBVCSw%3D%3D
Contratos menores;Contractació menor del servei de contenidors de destrucció de documentació. IDM;Departamentos del Consell Insular de Mallorca;servicios;Resuelta;GABINET BALEAR D'INTEGRACIO LABORAL SL;497,3;https://contrataciondelestado.es/wps/poc?uri=deeplink:detalle_licitacion&idEvl=nx6sRz%2Fet0CGCFcHcNGIlQ%3D%3D
Contratos menores;"Factura-E n&#186; 512 por importe de 599,37 €";Alcaldía del Ayuntamiento de Fuente-Álamo;servicios;Resuelta;ARU OBRAS Y SERVICIOS SOCIEDAD LIMITADA;495,35;https://contrataciondelestado.es/wps/poc?uri=deeplink:detalle_licitacion&idEvl=2ufdPpCnF9wzjChw4z%2FXvw%3D%3D
Contratos menores;Diverfotos Fotomatón sl. Servicio de fotomatón durante 3 horas, día 26 de septiembre en evento Amarejo Fest__ 598,95€;Alcaldía del Ayuntamiento de Bonete;servicios;Resuelta;Diverfotos Fotomatón Sl;495;https://contrataciondelestado.es/wps/poc?uri=deeplink:detalle_licitacion&idEvl=HwRtzMYsPG%2FjHF5qKI4aaw%3D%3D
Contratos menores;Adquisición de áridos para obra en el ITAP Albacete;Presidencia de Diputación Provincial de Albacete;suministros;Resuelta;EIFFAGE INFRAESTRUCTURAS SAU;493,75;https://contrataciondelestado.es/wps/poc?uri=deeplink:detalle_licitacion&idEvl=Qb06OZIN2KNWhbmkna2nXQ%3D%3D
Contratos menores;Contrato menor de suministro de consumibles para sustitución del cierre perimetral del C.P. El Vallín;Alcaldia del Ayuntamiento de Castrillón;suministros;Resuelta;SUMIASTUR SA;488;https://contrataciondelestado.es/wps/poc?uri=deeplink:detalle_licitacion&idEvl=AJQRoCQajx3I8aL3PRS10Q%3D%3D
Contratos menores;Adjudicación contrato menor de servicio de ordenanza en el Vivero de Empresas por sustitución de su titular del 21 al 25 de septiembre (vacaciones) a la empresa SERVEO SERVICIOS S.A.U.;Alcaldía del Ayuntamiento de Almansa;servicios;Resuelta;SERVEO SERVICIOS S.A.;487,5;https://contrataciondelestado.es/wps/poc?uri=deeplink:detalle_licitacion&idEvl=xdeNgsmCYjmIzo3LHNPGcQ%3D%3D
Contratos menores;Adquisición de 500 bolsas de papel con el tema naturaleza y sabores;Alcaldía del Ayuntamiento de Campoo de Yuso;suministros;Resuelta;GRAFICAS IGUÑA S.A.;485;https://contrataciondelestado.es/wps/poc?uri=deeplink:detalle_licitacion&idEvl=EM%2Fs%2FzqLwVfIGlsa0Wad%2Bw%3D%3D
Contratos menores;Desmontaje de 11 toldos en el stand de Diputación del recinto ferial.;Presidencia de Diputación Provincial de Albacete;servicios;Resuelta;JOSE DANIEL FERNANDEZ NOHALES;484;https://contrataciondelestado.es/wps/poc?uri=deeplink:detalle_licitacion&idEvl=CN1nAl733IdVkTabT%2FRM8A%3D%3D
Contratos menores;Adquisición de libros para la biblioteca de Lugo;Alcaldía del Ayuntamiento de Llanera;suministros;Resuelta;Cervantes Bookshop, S.L.;483,65;https://contrataciondelestado.es/wps/poc?uri=deeplink:detalle_licitacion&idEvl=i8vSelJHl%2F83vLk2DU2Ddg%3D%3D
Contratos menores;Contrato menor SUMINISTRO material didáctico con destino a la Escuela Infantil Municipal, septiembre 2026;Alcaldía del Ayuntamiento de Villamalea;suministros;Resuelta;REPROALBA 2005 S.L.;481,25;https://contrataciondelestado.es/wps/poc?uri=deeplink:detalle_licitacion&idEvl=adfDpQqERBOopEMYCmrbmw%3D%3D
Contratos menores;Reparación cerraduras de acceso a instalaciones deportivas (pista de padel);Alcaldía del Ayuntamiento de Alcalá del Júcar;servicios;Resuelta;INFORMATICA FUENTEALBILLA SOCIEDAD LIMITADA;480;https://contrataciondelestado.es/wps/poc?uri=deeplink:detalle_licitacion&idEvl=hV4qdXlbEd%2F5Rey58Yagpg%3D%3D
Contratos menores;Contrato Menor de Suministro e Instalación de 1 Diferencial y 1 Limitador, para la bomba de achique del agua de retorno del equipo de dosificación de la Piscina Municipal de Castrillón;Presidencia del Patronato Municipal de Actividades Deportivas - PMAD;suministros;Resuelta;Veolia Servicios Norte S.A.U.;478,56;https://contrataciondelestado.es/wps/poc?uri=deeplink:detalle_licitacion&idEvl=fQAuVAv%2FAJ0UqXM96WStVA%3D%3D
Contratos menores;Adquisición de 14 cajas de manteles 40 gr 480H/Caja.;Presidencia de Diputación Provincial de Albacete;suministros;Resuelta;INTERMEDIACIONES MULTISECTORIALES SOCIEDAD LIMITADA;476,08;https://contrataciondelestado.es/wps/poc?uri=deeplink:detalle_licitacion&idEvl=IThe4Uo5GrVJ8Trn0ZPzLw%3D%3D
Contratos menores;Adquisición de armario modular y perchero;Presidencia de Diputación Provincial de Albacete;suministros;Resuelta;EQUONE EQUIPAMIENTO, S.L.;476;https://contrataciondelestado.es/wps/poc?uri=deeplink:detalle_licitacion&idEvl=goyTYdTjMn44NavIWzMcHA%3D%3D
Contratos menores;Reparaciones alumbrado público Agosto 2026 (albarán A26/60);Alcaldía del Ayuntamiento de Lezuza;servicios;Resuelta;CARLOS ESTIBEN PALACIOS MOROTE;475,93;https://contrataciondelestado.es/wps/poc?uri=deeplink:detalle_licitacion&idEvl=rZkD7GDMXJ6Izo3LHNPGcQ%3D%3D
Contratos menores;Factura Cima Animaciones actividades de lectura y talleres escuela de verano;Alcaldía de la Entidad Local Menor de Aguas Nuevas;servicios;Resuelta;CIMA ANIMACIONES, S.L;475;https://contrataciondelestado.es/wps/poc?uri=deeplink:detalle_licitacion&idEvl=sqTBj7pdY%2BAzjChw4z%2FXvw%3D%3D
Contratos menores;"Orden de Pedido M&#170; José Lopez Mata (Zona Zero) Aquazumba mes de agosto de 2026 según documento n&#186; 033/2026. Conciliación mundo rural 2026";Alcaldía del Ayuntamiento de Pozo Lorente;servicios;Resuelta;María José López Mata;474,88;https://contrataciondelestado.es/wps/poc?uri=deeplink:detalle_licitacion&idEvl=naV1JQ%2FDuZbXOjazN1Dw9Q%3D%3D
Contratos menores;"Orden de Pedido M&#170; José Lopez Mata (Zona Zero) Aquazumba mes de julio de 2026 según documento n&#186; 032/2026. Conciliación mundo rural 2026";Alcaldía del Ayuntamiento de Pozo Lorente;servicios;Resuelta;María José López Mata;474,88;https://contrataciondelestado.es/wps/poc?uri=deeplink:detalle_licitacion&idEvl=WBmUVuj3vLzE6P%2FuLemXRw%3D%3D
Contratos menores;tarjetas criptográficas;Junta de Gobierno Local del Ayuntamiento de Cartagena;suministros;Resuelta;Infraestrutures I Serveis de Comunicacions;473,5;https://contrataciondelestado.es/wps/poc?uri=deeplink:detalle_licitacion&idEvl=yXmkZwwbC31PpzdqOdhuWg%3D%3D
Contratos menores;Suministro de vidrios. Cultura. José Tomás Sánchez. 569.78€;Alcaldía del Ayuntamiento de Almansa;suministros;Resuelta;JOSE TOMAS SANCHEZ;470,89;https://contrataciondelestado.es/wps/poc?uri=deeplink:detalle_licitacion&idEvl=w4SRxPp7vBceIBJRHQiPkQ%3D%3D
Contratos menores;"Factura N&#186;2026/10/000967. Por importe de 568,31€.";Alcaldía del Ayuntamiento de Fuente-Álamo;suministros;Resuelta;COMERCIAL FUENDIPA, S.L.;469,68;https://contrataciondelestado.es/wps/poc?uri=deeplink:detalle_licitacion&idEvl=SQ2GNLVQ8a3mnwcj%2BxbdTg%3D%3D
Contratos menores;Contractació menor servei de reforçar La Baluma de la vela llatina major de LA BALEAR. IDM;Departamentos del Consell Insular de Mallorca;servicios;Resuelta;VELERA J. MATHEU S.L.;465;https://contrataciondelestado.es/wps/poc?uri=deeplink:detalle_licitacion&idEvl=S5OTDUjdwP710HRJw8TEnQ%3D%3D
Contratos menores;ConMenor servicio de comida con motivo de la Jornada 37 años de Metereología en Pinoso.;Alcaldia del Ayuntamiento de Pinoso;servicios;Resuelta;RESTAURANTE LA GACHAMIGA S.L.;458,18;https://contrataciondelestado.es/wps/poc?uri=deeplink:detalle_licitacion&idEvl=3R2npkOonXTXOjazN1Dw9Q%3D%3D
Contratos menores;Contrato de suministro Sustitución Programador Sistema Riego Campo Fútbol;Alcaldía del Ayuntamiento de Valdeganga;suministros;Resuelta;ALEJANDRO JIMENEZ BELMONTE;453,36;https://contrataciondelestado.es/wps/poc?uri=deeplink:detalle_licitacion&idEvl=Sahaybp653fmnwcj%2BxbdTg%3D%3D
Contratos menores;Aulas Culturales 50ymás: taller pequeños cambios, grandes resultados. Octubre y noviembre 2026.;Alcaldía del Ayuntamiento de Llanera;servicios;Resuelta;BEATRIZ RODRIGUEZ MARIÑO;450;https://contrataciondelestado.es/wps/poc?uri=deeplink:detalle_licitacion&idEvl=M3i4TM1zmlg3vLk2DU2Ddg%3D%3D
Contratos menores;Taller de crea tu collar+Charm de temporada en las noches de cine y taller de velas navideñas;Junta de Gobierno Local del Ayuntamiento de Cartagena;servicios;Resuelta;VICTORIA HENAREJOS GARCIA;450;https://contrataciondelestado.es/wps/poc?uri=deeplink:detalle_licitacion&idEvl=bc2GbQZSnfA%2Bk2oCbDosIw%3D%3D
Contratos menores;Contractació menor del servei de personal d'educació ambiental per a la Fira de la Sèpia 2026. IDM;Departamentos del Consell Insular de Mallorca;servicios;Resuelta;GRAM SOSTENIBILITAT SL;450;https://contrataciondelestado.es/wps/poc?uri=deeplink:detalle_licitacion&idEvl=0%2BUVTTVkhC570UvEyYJSGw%3D%3D
Contratos menores;Impresión folletos Saboreando la Hoya de Huesca;Presidencia de la Comarca Hoya de Huesca - Plana de Uesca;suministros;Resuelta;GRAFICAS ALOS SOCIEDAD ANONIMA;449,8;https://contrataciondelestado.es/wps/poc?uri=deeplink:detalle_licitacion&idEvl=htAqRjdKqGE7u6%2B%2FR7DUoA%3D%3D
Contratos menores;Contrato menor Comercial Agricola Ganadera S.L. (Castración y comida para gatos);Alcaldía del Ayuntamiento de Ontur;servicios;Resuelta;COMERCIAL AGRICOLA GANADERA S.L.;447,5;https://contrataciondelestado.es/wps/poc?uri=deeplink:detalle_licitacion&idEvl=fPf1MmSbjuDi0Kd8%2Brcp6w%3D%3D
Contratos menores;Suministro de 20 verdugos ignífugos para el SEPEI;Presidencia de Diputación Provincial de Albacete;suministros;Resuelta;INTEGRAL DE RIESGOS LABORALES SOCIEDAD LIMITADA;442,6;https://contrataciondelestado.es/wps/poc?uri=deeplink:detalle_licitacion&idEvl=FEtBIBSIKhHyoM4us5k4vw%3D%3D
Contratos menores;Contractació Menor subministrament de EPIS I vestuari per el personal adscrit al projecte SOIB 30 S'Hortet VI PM08/25t (JENNIFER). IDM;Departamentos del Consell Insular de Mallorca;suministros;Resuelta;MARIA ROSA DENTI SINGLA;439,24;https://contrataciondelestado.es/wps/poc?uri=deeplink:detalle_licitacion&idEvl=ElamZirwsxSOUi78BmzhOQ%3D%3D
Contratos menores;Castihoreca. Suministro limpiador de adhesivo bote 200ml y cinta doble cara para moquetas_ 528,89€;Alcaldía del Ayuntamiento de Bonete;suministros;Resuelta;CastiHoreca SL;437,1;https://contrataciondelestado.es/wps/poc?uri=deeplink:detalle_licitacion&idEvl=2%2BetzTLP1G9%2BF6L2uCfUWg%3D%3D
Contratos menores;Contrato menor servicio catering Ruta ciclista Virgen del Pilar. COPRISER, S.L. Partida: 840.341.2260902 (Eventos deportivos);Presidencia de Diputación Provincial de Albacete;suministros;Resuelta;COMPAÑIA PRIVADA PARA EL DESARROLLO DE LOS SERVICIOS PUBLICOS SOCIEDAD LIMITADA;432;https://contrataciondelestado.es/wps/poc?uri=deeplink:detalle_licitacion&idEvl=8ZaTzDVS6taP%2Bo96UAV7cQ%3D%3D
Contratos menores;Contrato menor de suministros para la adquisición de baterías de repuesto para elevador de piscina para personas con discapacidad;Alcaldía del Ayuntamiento de Almansa;suministros;Resuelta;MANUFACTURAS METALICAS LUISIANERAS SL;430;https://contrataciondelestado.es/wps/poc?uri=deeplink:detalle_licitacion&idEvl=a%2BoGMpm6NgwQyBAnWzHfCg%3D%3D
Contratos menores;"Factura N&#186;2026/10/000179. Por importe de 514,93.";Alcaldía del Ayuntamiento de Fuente-Álamo;servicios;Resuelta;PADI SERVICIOS Y SUMINISTROS S.L.;425,56;https://contrataciondelestado.es/wps/poc?uri=deeplink:detalle_licitacion&idEvl=OFA2lH9774P%2Fa9DgO%2BoYKQ%3D%3D
Contratos menores;ConMenor suministro de 2 redes de tenis en pista 1 y 2 , polideportivo municipal.;Alcaldia del Ayuntamiento de Pinoso;suministros;Resuelta;JUAN JOSE AMOROS MATAIX;425;https://contrataciondelestado.es/wps/poc?uri=deeplink:detalle_licitacion&idEvl=D%2BcZiroK1Hy5HQrHoP3G5A%3D%3D
Contratos menores;Contrato menor: Menaje para la comida del homenaje de los mayores;Alcaldía del Ayuntamiento de Banyeres de Mariola;suministros;Resuelta;MARIO SILVESTRE MARTI;417,59;https://contrataciondelestado.es/wps/poc?uri=deeplink:detalle_licitacion&idEvl=9tfkQddKXa2opEMYCmrbmw%3D%3D
Contratos menores;Aulas culturales 50ymás: taller crear y recrearse. Octubre y noviembre 2026;Alcaldía del Ayuntamiento de Llanera;servicios;Resuelta;MARIA MAYRATA FERNANDEZ LOPEZ;416;https://contrataciondelestado.es/wps/poc?uri=deeplink:detalle_licitacion&idEvl=7pLeLYEQErYadbH3CysQuQ%3D%3D
Contratos menores;compra manteles mesas comedor;Presidencia de Diputación Provincial de Albacete;suministros;Resuelta;MP DICLESA S.L;411,48;https://contrataciondelestado.es/wps/poc?uri=deeplink:detalle_licitacion&idEvl=DggeFIEr9tzLIx6q1oPaMg%3D%3D
Contratos menores;Presupuesto P-0021-2026. Trofeos fiestas. Deportes Arana;Alcaldía del Ayuntamiento de Fuentealbilla;suministros;Resuelta;JESUS MANUEL UTIEL MARTINEZ;409;https://contrataciondelestado.es/wps/poc?uri=deeplink:detalle_licitacion&idEvl=5dn5h5NVNPTi0Kd8%2Brcp6w%3D%3D
Contratos menores;Dehesa el Carrascal. Suministro de 60 botellas vino blanco y tinto y 5 estuches fiestas 2026_490,05€;Alcaldía del Ayuntamiento de Bonete;suministros;Resuelta;Dehesa El Carrascal Sl.;405;https://contrataciondelestado.es/wps/poc?uri=deeplink:detalle_licitacion&idEvl=EJgAzRCCpsctm4eBPtV6eQ%3D%3D
Contratos menores;Orden compra 33/2026: Servicio Reparación Tórculos Aula Grabado Artes Plásticas.;Vicepresidencia del Patronato de Universidad Popular;servicios;Resuelta;JOSE DANIEL FERNANDEZ NOHALES;405;https://contrataciondelestado.es/wps/poc?uri=deeplink:detalle_licitacion&idEvl=UbZctONCCLOcCF8sV%2BqtYA%3D%3D
Contratos menores;Suministro de 150 bocadillos deportistas Ofrenda Santina 2026;Alcaldía del Ayuntamiento de Llanera;suministros;Resuelta;Jose Roldán Fernández;400;https://contrataciondelestado.es/wps/poc?uri=deeplink:detalle_licitacion&idEvl=lksN1C52HubI8aL3PRS10Q%3D%3D
Contratos menores;CONmenor stand brochetas y zumos para campaña movilidad urbana;Alcaldia del Ayuntamiento de Pinoso;suministros;Resuelta;DINAMICAS SOCIALES VINALOPO SL;400;https://contrataciondelestado.es/wps/poc?uri=deeplink:detalle_licitacion&idEvl=VOcVJ1L3WhmKeVWTb9Scog%3D%3D
Contratos menores;Contrato Menor de Suministro de señalización viaria para zonas de aparcamiento en vías públicas;Junta de Gobierno del Ayuntamiento de Aldea del Rey;suministros;Resuelta;VISEVER FABRICACION SL;399,58;https://contrataciondelestado.es/wps/poc?uri=deeplink:detalle_licitacion&idEvl=BSAI6MG5w4eP%2Bo96UAV7cQ%3D%3D
Contratos menores;Adquisición de repuestos y accesorios necesarios para el desempeño de trabajos de reparación de vehículos de Diputación Provincial de Albacete Ver contenido en fichero adjunto;Presidencia de Diputación Provincial de Albacete;suministros;Resuelta;FRENOS CAMPOLLANO SOCIEDAD LIMITADA LABORAL;391,97;https://contrataciondelestado.es/wps/poc?uri=deeplink:detalle_licitacion&idEvl=fcEcSdzee1XLIx6q1oPaMg%3D%3D
Contratos menores;"""Fantasía Telemann"" por Higiénico Papel enmarcada en Asturies Cultura en Rede-Música. Diciembre 2026";Alcaldía del Ayuntamiento de Llanera;servicios;Resuelta;Sociedad Pública de Gestión y Promoción Turiística y Cultural del Principado de Asturias;380;https://contrataciondelestado.es/wps/poc?uri=deeplink:detalle_licitacion&idEvl=HETY1Eg0YPEadbH3CysQuQ%3D%3D
Contratos menores;"CONM servicio de Diseño y composición gráfica libros ""Contamos Todos"" 6&#170; Edicion 2026. Pacto de Estado";Alcaldía del Ayuntamiento de Jumilla;servicios;Resuelta;NX GRAFISMO Y SERVICIOS INFORMATICOS SL;380;https://contrataciondelestado.es/wps/poc?uri=deeplink:detalle_licitacion&idEvl=fQtfOBa5QL970UvEyYJSGw%3D%3D
Contratos menores;Contrato de servicio de trabajo realizado en colegio publico;Alcaldía del Ayuntamiento de Valdeganga;servicios;Resuelta;Juan marcos Perez Saez;380;https://contrataciondelestado.es/wps/poc?uri=deeplink:detalle_licitacion&idEvl=W9JprniY23mGCFcHcNGIlQ%3D%3D
Contratos menores;Filmación planchas Acepain;Presidencia de Diputación Provincial de Albacete;servicios;Resuelta;ASOC CTP PRINT;378;https://contrataciondelestado.es/wps/poc?uri=deeplink:detalle_licitacion&idEvl=ENu3oY%2BZS0zE6P%2FuLemXRw%3D%3D
Contratos menores;Contrato Menor Servicio Certificado técnico instalación grupo electrógeno aislado;Alcaldía del Ayuntamiento de Yecla;servicios;Resuelta;MARCELO LOPEZ LORENTE;375;https://contrataciondelestado.es/wps/poc?uri=deeplink:detalle_licitacion&idEvl=TcDpScDEn1EZDGvgaZEVxQ%3D%3D
Contratos menores;Certificación de Sello de Órgano GESTALBA (3 años);Presidencia de Gestión Tributaria Provincial de Albacete (GESTALBA);servicios;Resuelta;FIRMAPROFESIONAL S.A.;375;https://contrataciondelestado.es/wps/poc?uri=deeplink:detalle_licitacion&idEvl=4%2FN4a0dHJ3HIGlsa0Wad%2Bw%3D%3D
Contratos menores;Orden de pedido a Cuartero Higiene, S.L.U. según albarán 26AV-27651 de 23 de septiembre de 2026;Alcaldía del Ayuntamiento de Casas de Juan Núñez;suministros;Resuelta;CUARTERO HIGIENE, S.L.;373,4;https://contrataciondelestado.es/wps/poc?uri=deeplink:detalle_licitacion&idEvl=m51qAIH8rYkQyBAnWzHfCg%3D%3D
Contratos menores;Luma way sl. Suministro de productos de papelería y otros __ 448,14€;Alcaldía del Ayuntamiento de Bonete;suministros;Resuelta;Luma Way sl;370,36;https://contrataciondelestado.es/wps/poc?uri=deeplink:detalle_licitacion&idEvl=wTwS0eAAKCg%2B1TMyIiZmzw%3D%3D
Contratos menores;Contrato de servicio para montar sondas en panel de piscina grande y reja sumidero;Alcaldía del Ayuntamiento de Valdeganga;servicios;Resuelta;ARU OBRAS Y SERVICIOS SOCIEDAD LIMITADA;370;https://contrataciondelestado.es/wps/poc?uri=deeplink:detalle_licitacion&idEvl=CEyzAfRTzxHE6P%2FuLemXRw%3D%3D
Contratos menores;Materiales y herramientas Taller + El Ramblón de Liétor. FPTP/2025/02/008;Alcaldía del Ayuntamiento de Liétor;suministros;Resuelta;RAFAEL JIMENEZ GARCIA;364,05;https://contrataciondelestado.es/wps/poc?uri=deeplink:detalle_licitacion&idEvl=OiHrkzrgoc5J8Trn0ZPzLw%3D%3D
Contratos menores;Comercial del Regalo 2000: productos publicitarios para la Oficina de Turismo - 361,69 €;Alcaldía del Ayuntamiento de Ossa de Montiel;suministros;Resuelta;COMERCIAL DEL REGALO <2000>, S.A.;361,69;https://contrataciondelestado.es/wps/poc?uri=deeplink:detalle_licitacion&idEvl=67APVx98u13IGlsa0Wad%2Bw%3D%3D
Contratos menores;Aulas Culturales 50ymás: taller pensar con el cuerpo, jugar con la mente. Octubre y noviembre 2026.;Alcaldía del Ayuntamiento de Llanera;servicios;Resuelta;MANUEL NOVAL MORO;360;https://contrataciondelestado.es/wps/poc?uri=deeplink:detalle_licitacion&idEvl=KvZAiWtWjlxt5r0ngvMetA%3D%3D
Contratos menores;Aulas Culturales 50ymás. Taller creatividad manual octubre y noviembre 2026;Alcaldía del Ayuntamiento de Llanera;servicios;Resuelta;NOELIA URIA ALVAREZ;360;https://contrataciondelestado.es/wps/poc?uri=deeplink:detalle_licitacion&idEvl=%2B02QoVRqoPgQyBAnWzHfCg%3D%3D
Contratos menores;Orden de pedido a Publicaciones Albacete, S.A. para publicación anuncio Agro Martínez, S.L. el 30 de septiembre de 2026;Alcaldía del Ayuntamiento de Casas de Juan Núñez;servicios;Resuelta;Publicaciones de Albacete, S.A.;360;https://contrataciondelestado.es/wps/poc?uri=deeplink:detalle_licitacion&idEvl=XRNXz8XlWiA%2FbjW6njtWLw%3D%3D
Contratos menores;Prestación del servicio correspondiente al módulo de prácticas profesionales no laborales de la acción formativa “Promoción e intervención socioeducativa con personas con discapacidad”, expediente FPTD/2025/002/2176, para la alumna Mónica Bautista Romera, con una duración total de 120 horas;Alcaldía del Ayuntamiento de Villarrobledo;servicios;Resuelta;AFYMOS CENTRO DE FORMACIÓN;360;https://contrataciondelestado.es/wps/poc?uri=deeplink:detalle_licitacion&idEvl=CTFY4maZtZcwYTJJ03sHog%3D%3D
Contratos menores;Contrato Menor de Suministro de protege dedos Colegio;Junta de Gobierno del Ayuntamiento de Aldea del Rey;suministros;Resuelta;Suinsa SL;356,25;https://contrataciondelestado.es/wps/poc?uri=deeplink:detalle_licitacion&idEvl=BSAI6MG5w4dq1DdmE7eaXg%3D%3D
Contratos menores;Factura Alberto Alfaro Navarro trabajos patio colegio municipal aguas nuevas;Alcaldía de la Entidad Local Menor de Aguas Nuevas;servicios;Resuelta;Alberto Alfaro Navarro;355,45;https://contrataciondelestado.es/wps/poc?uri=deeplink:detalle_licitacion&idEvl=trg13M60JVScCF8sV%2BqtYA%3D%3D
Contratos menores;Contrato menor servicios: refuerzo viga pasarela acceso a castillo;Alcaldía del Ayuntamiento de Chinchilla de Montearagón;servicios;Resuelta;REICAR MORENO SL;354;https://contrataciondelestado.es/wps/poc?uri=deeplink:detalle_licitacion&idEvl=qT0LjlMMTmTpxJFXpLZ%2B2A%3D%3D
Contratos menores;Contrato Menor Suministro de 5 Botellas de Gas Propano para ACS en los Vestuarios del Campo de Fútbol de Pillarno. Septiembre 2026;Alcaldia del Ayuntamiento de Castrillón;suministros;Resuelta;GAS PROPANO Y BUTANO DEL NORTE DE ESPAÑA SOCIEDAD LIMITADA;353,98;https://contrataciondelestado.es/wps/poc?uri=deeplink:detalle_licitacion&idEvl=Qfeg4LWXO28%2FbjW6njtWLw%3D%3D
Contratos menores;Aulas Culturales 50ymás: filandón literario, octubre y noviembre 2026;Alcaldía del Ayuntamiento de Llanera;servicios;Resuelta;ANDRES &ALBERCH SL ARTESAVIA;350;https://contrataciondelestado.es/wps/poc?uri=deeplink:detalle_licitacion&idEvl=o4y7tSCj7J5rhBlEHQFSKA%3D%3D
Contratos menores;Clases de skate extraescolares para jóvenes;Alcaldía del Ayuntamiento de Llanera;servicios;Resuelta;Miguel Ferrer Villar;350;https://contrataciondelestado.es/wps/poc?uri=deeplink:detalle_licitacion&idEvl=KNWcKAn61cGcTfjQf3USOg%3D%3D
Contratos menores;Adquisición de diverso material eléctrico para el centros de Diputación.;Presidencia de Diputación Provincial de Albacete;suministros;Resuelta;GRUPO ELECTRO STOCKS SLU;347,56;https://contrataciondelestado.es/wps/poc?uri=deeplink:detalle_licitacion&idEvl=mEZ0HAJgET%2Bzz8fXU2i3eQ%3D%3D
Contratos menores;Suministro de red para el campo de fútbol;Alcaldía del Ayuntamiento de Sariñena;suministros;Resuelta;DEPORTE Y ROTULACION SL;347,11;https://contrataciondelestado.es/wps/poc?uri=deeplink:detalle_licitacion&idEvl=T9PYMiab%2ByGKeVWTb9Scog%3D%3D
Contratos menores;Adquisición diversas plantas para el patio de la residencia.;Presidencia de Diputación Provincial de Albacete;suministros;Resuelta;J. J. GARDEN SOCIEDAD LIMITADA;345,09;https://contrataciondelestado.es/wps/poc?uri=deeplink:detalle_licitacion&idEvl=x2N0p%2Bu%2FPWQ2wEhQbcAqug%3D%3D
Contratos menores;Compra por reposición de material de megafonía para actividades deportivas.;Presidencia de la Comarca del Bajo Aragón;suministros;Resuelta;ZAPPING PROAUDIO SLU;342,97;https://contrataciondelestado.es/wps/poc?uri=deeplink:detalle_licitacion&idEvl=vnpM3bLllZV%2FR5QFTlaM4A%3D%3D
Contratos menores;CONM suministro botellas agua y bocadillos por el Dia Contra el Cancer. 25 octubre 2026;Alcaldía del Ayuntamiento de Jumilla;suministros;Resuelta;HORNO RUFINO SL;340,91;https://contrataciondelestado.es/wps/poc?uri=deeplink:detalle_licitacion&idEvl=9XKtuoSV6YcmMOlAXxDEjw%3D%3D
Contratos menores;Alquiler plataforma para colocar aspas del molino;Alcaldía del Ayuntamiento de Pozo Cañada;suministros;Resuelta;MIGUEL ANGEL GONZALEZ RODENAS;340;https://contrataciondelestado.es/wps/poc?uri=deeplink:detalle_licitacion&idEvl=Z8S%2BMLXZSbecCF8sV%2BqtYA%3D%3D
Contratos menores;Verificación periódica de báscula puente con el laboratorio Comet Lezuza, Tiriez, La Yunquera 2026;Alcaldía del Ayuntamiento de Lezuza;servicios;Resuelta;PESAJES LA MANCHA S.L.;335;https://contrataciondelestado.es/wps/poc?uri=deeplink:detalle_licitacion&idEvl=JGVv1BFHAXCopEMYCmrbmw%3D%3D
Contratos menores;Adquisición de diversos productos de material de oficina para la R. A. San Vicente de Paúl.;Presidencia de Diputación Provincial de Albacete;suministros;Resuelta;GRUPO DISTRIBUIDOR DE PAPELERIA PENTADIS SOCIEDAD LIMITADA;330,8;https://contrataciondelestado.es/wps/poc?uri=deeplink:detalle_licitacion&idEvl=64ILJOjrrXqFlFRHfEzEaw%3D%3D
Contratos menores;Suministro de pequeñas herramientas para reparación de maquinaria.;Alcaldía del Ayuntamiento de El Ballestero;suministros;Resuelta;AGRIFERCAN, S.L.;330;https://contrataciondelestado.es/wps/poc?uri=deeplink:detalle_licitacion&idEvl=2cZLzo6XTqE7u6%2B%2FR7DUoA%3D%3D
Contratos menores;Contrato Menor de Servicios. Emisión de certificados para la bonificación de contratación de toreros en los festejos taurinos de septiembre 2026;Alcaldía del Ayuntamiento de Bargas;servicios;Resuelta;ASOCIACION NACIONAL ORGANIZADORES ESPECTACULOS TAURINOS;328;https://contrataciondelestado.es/wps/poc?uri=deeplink:detalle_licitacion&idEvl=vSb7IENvL8mP%2Bo96UAV7cQ%3D%3D
Contratos menores;E26-00740(CM) Reparación plataforma elevadora Teatro Circo;Alcaldía del Ayuntamiento de Albacete;servicios;Resuelta;EDYTEL ELECTRONICA SOCIEDAD LIMITADA;325;https://contrataciondelestado.es/wps/poc?uri=deeplink:detalle_licitacion&idEvl=yFduL6U4mbh9Zh%2FyRJgM8w%3D%3D
Contratos menores;"Factura-E n&#186; 26FV1-06700 por importe de 387,89 €";Alcaldía del Ayuntamiento de Fuente-Álamo;suministros;Resuelta;HERMANOS GARCIA S.A.;320,57;https://contrataciondelestado.es/wps/poc?uri=deeplink:detalle_licitacion&idEvl=hGzDb9keGuF70UvEyYJSGw%3D%3D
Contratos menores;Servicio de alojamiento con motivo de la feria de la miel;Alcaldía del Ayuntamiento de Campoo de Yuso;servicios;Resuelta;PEDRO GONZALEZ FERNANDEZ SL;320;https://contrataciondelestado.es/wps/poc?uri=deeplink:detalle_licitacion&idEvl=tNyNSreIM6FJ8Trn0ZPzLw%3D%3D
Contratos menores;Suscripción Revista de Derecho Urbanístico y Medio Ambiente;Junta de Gobierno Local del Ayuntamiento de Cartagena;suministros;Resuelta;RDU REVISTAS ESPECIALIZADAS S.L.;320;https://contrataciondelestado.es/wps/poc?uri=deeplink:detalle_licitacion&idEvl=zj8RNbgnAF4eIBJRHQiPkQ%3D%3D
Contratos menores;Adjudicación de contrato menor de suministros de material de trabajo para los alumnos del Itinerario de Limpieza en Espacios Abiertos e Instalaciones Industriales, FPPE/FP/2026/002/017, Proyecto Éfeso Almansa Impulsa a la empresa Chelino 2012, S.L.U.;Alcaldía del Ayuntamiento de Almansa;suministros;Resuelta;CHELINO 2012 SOCIEDAD LIMITADA;316,86;https://contrataciondelestado.es/wps/poc?uri=deeplink:detalle_licitacion&idEvl=pyYmYnCZDGLpxJFXpLZ%2B2A%3D%3D
Contratos menores;Contrato de servicio trabajo realizado en piscina;Alcaldía del Ayuntamiento de Valdeganga;servicios;Resuelta;Juan marcos Perez Saez;316;https://contrataciondelestado.es/wps/poc?uri=deeplink:detalle_licitacion&idEvl=9wehgrHPO%2F1LAIVZdUs8KA%3D%3D
Contratos menores;Aulas Culturales 50ymás: historias en el bolsillo-octubre y noviembre;Alcaldía del Ayuntamiento de Llanera;servicios;Resuelta;JORGE QUESADA ENTRERRIOS;315;https://contrataciondelestado.es/wps/poc?uri=deeplink:detalle_licitacion&idEvl=ONziYZ5B69YeC9GJQOEBkQ%3D%3D
Contratos menores;Software de riego Tricomm / Programari de reg Tricomm;Centro Especial de Empleo del IVASS SAU;suministros;Resuelta;RIEGO VERDE SA;315;https://contrataciondelestado.es/wps/poc?uri=deeplink:detalle_licitacion&idEvl=691BIpOYra7E6P%2FuLemXRw%3D%3D
Contratos menores;2026-El Ballestero-Andrés Madrugá-Monólogo 25 septiembre 2026;Presidencia del Consorcio Cultural Albacete de la Diputación Provincial de Albacete;servicios;Resuelta;SERGIO GABALDON CATALAN;313,52;https://contrataciondelestado.es/wps/poc?uri=deeplink:detalle_licitacion&idEvl=yq5gmbYbY7Bq1DdmE7eaXg%3D%3D
Contratos menores;Suministro de planché y yeso Taller+ Línea 1 EXP. FPTP/2025/02/010 (Albarán A344/26);Alcaldia del Ayuntamiento de San Pedro;suministros;Resuelta;SDAD COOP LTDA CASTILLO DE LAS PEÑAS;312,5;https://contrataciondelestado.es/wps/poc?uri=deeplink:detalle_licitacion&idEvl=WObs3VYN1BIUqXM96WStVA%3D%3D
Contratos menores;IDM. Contractació Menor del servei de càtering per consell de Caça.;Departamentos del Consell Insular de Mallorca;servicios;Resuelta;RESTAURANT CARRERAS MASCARO SL;309,09;https://contrataciondelestado.es/wps/poc?uri=deeplink:detalle_licitacion&idEvl=tNeMukAaFnSOUi78BmzhOQ%3D%3D
Contratos menores;Realización de una sesión de cuentacuentos destinados al publico infantil para las fiestas del barrio San Francisco;Alcaldía del Ayuntamiento de Villena;servicios;Resuelta;ALEXANDRE MORERA TORREGROSA;307;https://contrataciondelestado.es/wps/poc?uri=deeplink:detalle_licitacion&idEvl=fu6y8ehWIUbua%2Fi14w%2FPLA%3D%3D
Contratos menores;Suministro material de recambios para vehículos de los diferentes parques de bomberos del SEPEI.;Presidencia de Diputación Provincial de Albacete;suministros;Resuelta;FRENOS GARMO SL;305,24;https://contrataciondelestado.es/wps/poc?uri=deeplink:detalle_licitacion&idEvl=SPqSfznnzsJSYrkJkLlFdw%3D%3D
Contratos menores;Merienda día internacional personas mayores;Alcaldía del Ayuntamiento de Haro;suministros;Resuelta;CARMEN ROSALES TENA;304,1;https://contrataciondelestado.es/wps/poc?uri=deeplink:detalle_licitacion&idEvl=cIpUthLSGs7IGlsa0Wad%2Bw%3D%3D
Contratos menores;"Alquiler de sanitario adaptado para jornada ""Llanera street vibes"" en Lugo de Llanera""";Alcaldía del Ayuntamiento de Llanera;servicios;Resuelta;Sanibrun S.L.;302;https://contrataciondelestado.es/wps/poc?uri=deeplink:detalle_licitacion&idEvl=OWK7gpasFZr10HRJw8TEnQ%3D%3D
Contratos menores;Sanitario portátil para evento Llanera Street Vibes;Alcaldía del Ayuntamiento de Llanera;servicios;Resuelta;Sanibrun S.L.;302;https://contrataciondelestado.es/wps/poc?uri=deeplink:detalle_licitacion&idEvl=OWK7gpasFZp%2FP7lJ7Fu0SA%3D%3D
Contratos menores;Cuentos sobre cuerda por Puppy´s Cuentacuentos. Asturies Cultura en Rede-Narración Oral. Octubre 2026;Alcaldía del Ayuntamiento de Llanera;servicios;Resuelta;Sociedad Pública de Gestión y Promoción Turiística y Cultural del Principado de Asturias;300;https://contrataciondelestado.es/wps/poc?uri=deeplink:detalle_licitacion&idEvl=jbF0tFrRyTYeC9GJQOEBkQ%3D%3D
Contratos menores;"Factura Federación de Teatro Aficionado Castilla-La Mancha actuación ""Que desastre""";Alcaldía de la Entidad Local Menor de Aguas Nuevas;servicios;Resuelta;FEDERACIÓN DE GRUPOS AFICIONADOS DE TEATRO DE CASTILLA-LA MANCHA;300;https://contrataciondelestado.es/wps/poc?uri=deeplink:detalle_licitacion&idEvl=ftyKtDZq%2BbKzz8fXU2i3eQ%3D%3D
Contratos menores;Inserción laboral, sensibilización medioambiental y en la igualdad de género curso grabación de datos FPTD/2025/002/2165;Alcaldía del Ayuntamiento de Pozo Cañada;servicios;Resuelta;MARIA ASUNCION AMOROS SERRANO;300;https://contrataciondelestado.es/wps/poc?uri=deeplink:detalle_licitacion&idEvl=4S%2FRlfzfi0NWhbmkna2nXQ%3D%3D
Contratos menores;2 ratones ergonómicos, alfombrillas de gel y 10 auriculares USB con micro.;Presidencia de Diputación Provincial de Albacete;suministros;Resuelta;DESARROLLOS Y PRODUCTOS ELCOS SOCIEDAD LIMITADA;293,64;https://contrataciondelestado.es/wps/poc?uri=deeplink:detalle_licitacion&idEvl=RDt%2B%2BsuK9dQ3vLk2DU2Ddg%3D%3D
Contratos menores;Contrato menor. Mantenimiento de ascensor en casa consistorial, centro social polivalente, centro de día y auditorio municipal durante mes de agosto 2026;Alcaldía del Ayuntamiento de Munera;servicios;Resuelta;SCHINDLER;292,44;https://contrataciondelestado.es/wps/poc?uri=deeplink:detalle_licitacion&idEvl=DxBy%2B%2FGV%2BnW8ebB%2FXTwy0A%3D%3D
Contratos menores;Contrato menor. Mantenimiento de ascensor en casa consistorial, centro social polivalente, centro de día y auditorio municipal durante mes julio 2026;Alcaldía del Ayuntamiento de Munera;servicios;Resuelta;SCHINDLER;292,44;https://contrataciondelestado.es/wps/poc?uri=deeplink:detalle_licitacion&idEvl=M6jRoLtbiElVq4S9zvaQpQ%3D%3D
Contratos menores;Contrato menor de suministros para la adquisición de fruta para el Día del Pedal;Alcaldía del Ayuntamiento de Almansa;suministros;Resuelta;MARIA BELEN MARTINEZ RUIZ;291,9;https://contrataciondelestado.es/wps/poc?uri=deeplink:detalle_licitacion&idEvl=f09uVZJgMHuS81gZFETWmA%3D%3D
Contratos menores;Sillas Oficina para O.M.I.C.;Alcaldía del Ayuntamiento de Villarrobledo;suministros;Resuelta;FERRETERIA ESTEBAN MARHUENDA S.L.;284;https://contrataciondelestado.es/wps/poc?uri=deeplink:detalle_licitacion&idEvl=0FydQu2pb8d4zIRvjBVCSw%3D%3D
Contratos menores;Cloro para piscina municipal;Alcaldía del Ayuntamiento de Liétor;suministros;Resuelta;GOMEZ COMERCIAL QUIMICA S.L.;282,3;https://contrataciondelestado.es/wps/poc?uri=deeplink:detalle_licitacion&idEvl=PCrEdPU8WQLVGIpKDxgsAQ%3D%3D
Contratos menores;Contrato de Suministros Menor - Protección Civil Compras Varias Supermercados Zazo SL B45421609;Alcaldía del Ayuntamiento de Bargas;suministros;Resuelta;SUPERMERCADOS ZAZO SL;280,84;https://contrataciondelestado.es/wps/poc?uri=deeplink:detalle_licitacion&idEvl=FFsgb3iSnkOzz8fXU2i3eQ%3D%3D
Contratos menores;Contrato menor suministros: pulgas variadas para fiestas Villar;Alcaldía del Ayuntamiento de Chinchilla de Montearagón;suministros;Resuelta;OBRADOR LAS MARGARITAS SOCIEDAD LIMITADA;280;https://contrataciondelestado.es/wps/poc?uri=deeplink:detalle_licitacion&idEvl=yfyHKgU0QmoXhk1FZxEyvw%3D%3D
Contratos menores;Contracte menor servei de neteja de la campana extractora de la cuina de la Res. Huialfàs. (juny 2026);IMAS - Direcció de la Residència Huialfàs;servicios;Resuelta;LIMPIEZAS FILTRONET SL;280;https://contrataciondelestado.es/wps/poc?uri=deeplink:detalle_licitacion&idEvl=k74eZU4p%2F2gIYE3ZiZ%2BxmQ%3D%3D
Contratos menores;Adquisición de diversos elementos de cableado de red y de adaptadores para monitores.;Presidencia de Diputación Provincial de Albacete;suministros;Resuelta;DESARROLLOS Y PRODUCTOS ELCOS SOCIEDAD LIMITADA;279,9;https://contrataciondelestado.es/wps/poc?uri=deeplink:detalle_licitacion&idEvl=yzYTvaf2CUUS7pcxhTeWOg%3D%3D
Contratos menores;Contrato menor de servicios para la realización de varias sesiones de fisioterapia a monitor del Área de Deportes (Juanmi);Alcaldía del Ayuntamiento de Almansa;servicios;Resuelta;JACOBO CANDEL MONTES;266;https://contrataciondelestado.es/wps/poc?uri=deeplink:detalle_licitacion&idEvl=9cP70%2FYLPn9%2FP7lJ7Fu0SA%3D%3D
Contratos menores;Adquisición de repuestos y accesorios necesarios para el desempeño de trabajos de reparación de vehículos de Diputación Provincial de Albacete Ver contenido en fichero adjunto;Presidencia de Diputación Provincial de Albacete;suministros;Resuelta;DISTRIBUCION Y RECAMBIOS SOTOCA SL;263,52;https://contrataciondelestado.es/wps/poc?uri=deeplink:detalle_licitacion&idEvl=fE1sekGu4hvLIx6q1oPaMg%3D%3D
Contratos menores;IDM.Contractació menor servei desbrossament Centre Cinegètic de Mallorca, sevei Caça;Departamentos del Consell Insular de Mallorca;servicios;Resuelta;DAMIA MASCARO GRIMALT;260;https://contrataciondelestado.es/wps/poc?uri=deeplink:detalle_licitacion&idEvl=5qn13ff9wWiGCFcHcNGIlQ%3D%3D
Contratos menores;Adquisición fundas de plastificar A4 y A3 albarán 03/09/2026;Alcaldía del Ayuntamiento de Lezuza;suministros;Resuelta;ALMACENES OFINATICA S.L.;258;https://contrataciondelestado.es/wps/poc?uri=deeplink:detalle_licitacion&idEvl=mJMXItGfSSadkQsA7ROvsg%3D%3D
Contratos menores;Industrial Verbenera Castellonense sl. Suministro de 1 caja de banderas de plástico CLM-España de 50m__311,58€;Alcaldía del Ayuntamiento de Bonete;suministros;Resuelta;Industrial Verbenera Castellonense sl;257,5;https://contrataciondelestado.es/wps/poc?uri=deeplink:detalle_licitacion&idEvl=DUloMZnRq7R%2FP7lJ7Fu0SA%3D%3D
Contratos menores;Contrato menor suministro material eléctrico para la Feria 2026;Alcaldía del Ayuntamiento de Yecla;suministros;Resuelta;LINEA DISTRIBUCION ELECTRA S.L.U.;256,46;https://contrataciondelestado.es/wps/poc?uri=deeplink:detalle_licitacion&idEvl=9EjUTrlcj%2FmHCIsjvJ3rhQ%3D%3D
Contratos menores;Material para el Taller de Pintura - Integración Social 2026;Alcaldía del Ayuntamiento de Villarrobledo;suministros;Resuelta;PIMASA 85 SOCIEDAD LIMITADA;256,2;https://contrataciondelestado.es/wps/poc?uri=deeplink:detalle_licitacion&idEvl=QAgo5pW6WGVQFSeKCRun4Q%3D%3D
Contratos menores;"Factura N&#186; INV/2026/00426. Por importe de 308,55€.";Alcaldía del Ayuntamiento de Fuente-Álamo;suministros;Resuelta;EUROPA ELEVACION-FORKLIFT SL;255;https://contrataciondelestado.es/wps/poc?uri=deeplink:detalle_licitacion&idEvl=lz7%2F2tsee0ikU02jNGj1Fw%3D%3D
Contratos menores;Factura Insfrio suministro tolva cajon cafetero marca;Alcaldía de la Entidad Local Menor de Aguas Nuevas;servicios;Resuelta;Insfrio S.L.L.;253;https://contrataciondelestado.es/wps/poc?uri=deeplink:detalle_licitacion&idEvl=HNii%2F8hHnqbXOjazN1Dw9Q%3D%3D
Contratos menores;"Taller ""Historia de niñas que soñaron"". (Actividades Centro de la Mujer 2026)";Alcaldia del Ayuntamiento de San Pedro;servicios;Resuelta;SH Formación en Igualdad, S.L.;252,98;https://contrataciondelestado.es/wps/poc?uri=deeplink:detalle_licitacion&idEvl=kBQZMP8YuXJ9Zh%2FyRJgM8w%3D%3D
Contratos menores;Taller ¡¡ A conquistar la igualdad!!. (Actividades Centro de la Mujer 2026);Alcaldia del Ayuntamiento de San Pedro;servicios;Resuelta;SH Formación en Igualdad, S.L.;252,98;https://contrataciondelestado.es/wps/poc?uri=deeplink:detalle_licitacion&idEvl=jDBqWviSJAu8ebB%2FXTwy0A%3D%3D
Contratos menores;Adquisición de diverso material de fontanería para centros de Diputación.;Presidencia de Diputación Provincial de Albacete;suministros;Resuelta;ALMACEN HERMANOS GARCÍA, S.A.;252,77;https://contrataciondelestado.es/wps/poc?uri=deeplink:detalle_licitacion&idEvl=whTIW9JDHho7u6%2B%2FR7DUoA%3D%3D
Contratos menores;Adquisición productos de limpieza mes Agosto 2026;Alcaldía del Ayuntamiento de Lezuza;suministros;Resuelta;Ramón Culebras Gómez;252,52;https://contrataciondelestado.es/wps/poc?uri=deeplink:detalle_licitacion&idEvl=djlhNsoEJ7I36J9Lctlsuw%3D%3D
Contratos menores;El Pirineo: Insercion publicitaria actos 25 Aniversario de la Comarca;Presidente de la Comarca Alto Gallego;servicios;Resuelta;EDICIONES Y PUBLICACIONES DEL PIRINEO ARAGONES, S.L.;250;https://contrataciondelestado.es/wps/poc?uri=deeplink:detalle_licitacion&idEvl=vR%2Bg%2BDUIvV56nTs9LZ9RhQ%3D%3D
Contratos menores;Actuación musical de EVALUNA en Los Médicos el 25 de septiembre de 2026 (presupuesto J.M. La Palma);Junta de Gobierno Local del Ayuntamiento de Cartagena;servicios;Resuelta;JOSE MANUEL MOLERO CHAZARRA;247,93;https://contrataciondelestado.es/wps/poc?uri=deeplink:detalle_licitacion&idEvl=Fdug0355qfqkU02jNGj1Fw%3D%3D
Contratos menores;Material y vestuario laboral para el Taller de Pintura - Integración Social 2026;Alcaldía del Ayuntamiento de Villarrobledo;suministros;Resuelta;WORKWEAR DICAST S.L.;246,4;https://contrataciondelestado.es/wps/poc?uri=deeplink:detalle_licitacion&idEvl=9dK%2BAv4X8grua%2Fi14w%2FPLA%3D%3D
Contratos menores;Suministro de varios artículos de ferretería: llaves manos libres vehículo, llaves de seguridad, llaves normales.;Presidencia de Diputación Provincial de Albacete;suministros;Resuelta;FERRETERIA TOREROS 40 SOCIEDAD LIMITADA;243,9;https://contrataciondelestado.es/wps/poc?uri=deeplink:detalle_licitacion&idEvl=p%2F%2BMgOf3Qy9rhBlEHQFSKA%3D%3D
Contratos menores;Cambio de bomba de condensados quemada en despacho de Alcaldía;Alcaldía del Ayuntamiento de Haro;suministros;Resuelta;CLIGASA CLIMATIZACIONES GANUZA, SL;242,5;https://contrataciondelestado.es/wps/poc?uri=deeplink:detalle_licitacion&idEvl=wcyVArbeODRSYrkJkLlFdw%3D%3D
Contratos menores;Adquisición de frigorífico para el Centro Social de Villabona;Alcaldía del Ayuntamiento de Llanera;suministros;Resuelta;ALVAREZ 2003 SL;241,32;https://contrataciondelestado.es/wps/poc?uri=deeplink:detalle_licitacion&idEvl=5FQQ7pT%2BY%2FCAAM7L03kM8A%3D%3D
Contratos menores;Patricia Del Castillo Griñón, Pto 2026 . Sesión de cuentos para público escolar, miércoles 14-10-2026__ 289,00€;Alcaldía del Ayuntamiento de Bonete;servicios;Resuelta;Patricia Del Castillo Griñón;238,84;https://contrataciondelestado.es/wps/poc?uri=deeplink:detalle_licitacion&idEvl=wTwS0eAAKCjs%2BnLj3vAg5A%3D%3D
Contratos menores;Plastificado cubiertas calendario Acepain;Presidencia de Diputación Provincial de Albacete;servicios;Resuelta;LAMINADOS Y SERVICIOS GRAFICOS SL;236,59;https://contrataciondelestado.es/wps/poc?uri=deeplink:detalle_licitacion&idEvl=7iTjgPrDmTlLAIVZdUs8KA%3D%3D
Contratos menores;Contrato de servicio realización trabajo en tanatorio;Alcaldía del Ayuntamiento de Valdeganga;servicios;Resuelta;Juan marcos Perez Saez;233,86;https://contrataciondelestado.es/wps/poc?uri=deeplink:detalle_licitacion&idEvl=37UIvFFAtjaP%2Bo96UAV7cQ%3D%3D
Contratos menores;Suministro premios concurso parchis y petanca Fiestas de Los Medicos el 27 de septiembre de 2026;Junta de Gobierno Local del Ayuntamiento de Cartagena;suministros;Resuelta;Andres Manuel Blazquez Vera;232;https://contrataciondelestado.es/wps/poc?uri=deeplink:detalle_licitacion&idEvl=ROApWxjumb6GCFcHcNGIlQ%3D%3D
Contratos menores;Contrato menor suministros: tatami para Ludoteca y Centro Jóven;Alcaldía del Ayuntamiento de Chinchilla de Montearagón;suministros;Resuelta;PAVIMENTOS ARQUISERVIS.L.;231;https://contrataciondelestado.es/wps/poc?uri=deeplink:detalle_licitacion&idEvl=DwcEhxUgNM0adbH3CysQuQ%3D%3D
Contratos menores;Contratación suministro de tres persianas enrollables para su colocación en las ventanas de las taquillas del Teatro Chapí;Alcaldía del Ayuntamiento de Villena;suministros;Resuelta;PORTICUM SL;231;https://contrataciondelestado.es/wps/poc?uri=deeplink:detalle_licitacion&idEvl=Lh%2FN8CNniC%2FE6P%2FuLemXRw%3D%3D
Contratos menores;Contratación del servicio para impresión de materiales de difusión;Presidencia de la Comarca Hoya de Huesca - Plana de Uesca;servicios;Resuelta;Tarbes Uno Servicios de Impresión S.L.L;230;https://contrataciondelestado.es/wps/poc?uri=deeplink:detalle_licitacion&idEvl=BiEMqkOMSiZt5r0ngvMetA%3D%3D
Contratos menores;"Representación ""Pip, teatro de Jabón"" enmarcada en Asturies Cultura en Rede-Artes Escéniques. Diciembre 2026";Alcaldía del Ayuntamiento de Llanera;servicios;Resuelta;Sociedad Pública de Gestión y Promoción Turiística y Cultural del Principado de Asturias;228;https://contrataciondelestado.es/wps/poc?uri=deeplink:detalle_licitacion&idEvl=ugLN%2F3mXuFR%2BF6L2uCfUWg%3D%3D
Contratos menores;Contrato menor de servicios para la realización de varias sesiones de fisioterapia a monitor del Área de Deportes (Alejandro);Alcaldía del Ayuntamiento de Almansa;servicios;Resuelta;JACOBO CANDEL MONTES;228;https://contrataciondelestado.es/wps/poc?uri=deeplink:detalle_licitacion&idEvl=PwxEGbOpCoG5HQrHoP3G5A%3D%3D
Contratos menores;Contrato menor de suministros de cinco ventiladores para las oficinas del Parque de Obras;Alcaldia del Ayuntamiento de Castrillón;suministros;Resuelta;ELECTRODOMESTICOS LALO SL;227,27;https://contrataciondelestado.es/wps/poc?uri=deeplink:detalle_licitacion&idEvl=rpAVCh1ATWC2gkLQ8TeYKA%3D%3D
Contratos menores;Contrato menor suministro fitex negro para la Feria de septiembre 2026;Alcaldía del Ayuntamiento de Yecla;suministros;Resuelta;SUMINISTROS LOMAR SL;227,03;https://contrataciondelestado.es/wps/poc?uri=deeplink:detalle_licitacion&idEvl=ghN4ysHR96PECtSnloz%2BZQ%3D%3D
Contratos menores;"Asturies Cultura en Rede-Cultura Tradicional: ""Les coses del nuberu"" por Grupo de Teatro Los Pintores. Octubre 2026";Alcaldía del Ayuntamiento de Llanera;servicios;Resuelta;Sociedad Pública de Gestión y Promoción Turiística y Cultural del Principado de Asturias;220;https://contrataciondelestado.es/wps/poc?uri=deeplink:detalle_licitacion&idEvl=aMtvvtW%2BcY79pbnDwlaUlg%3D%3D
Contratos menores;Revisar y reparar 2 lavavajillas;Alcaldía del Ayuntamiento de Robledo;suministros;Resuelta;JAVIER APARICIO GARRIDO;220;https://contrataciondelestado.es/wps/poc?uri=deeplink:detalle_licitacion&idEvl=lPOZEuJVuP4Xhk1FZxEyvw%3D%3D
Contratos menores;Contrato de servicio de trabajo realizado en centro medico;Alcaldía del Ayuntamiento de Valdeganga;servicios;Resuelta;Juan marcos Perez Saez;216;https://contrataciondelestado.es/wps/poc?uri=deeplink:detalle_licitacion&idEvl=IsazzYzIhgqFQ%2FlhRK79lA%3D%3D
Contratos menores;Trabajos de limpieza fosa del Parque de Bomberos de La Roda;Presidencia de Diputación Provincial de Albacete;servicios;Resuelta;ARU OBRAS Y SERVICIOS SOCIEDAD LIMITADA;215;https://contrataciondelestado.es/wps/poc?uri=deeplink:detalle_licitacion&idEvl=z2YQDS8v6z1J8Trn0ZPzLw%3D%3D
Contratos menores;Contractació menor servei reparació desbrossadora i motosserra marca STIHL, programa S'ERMITA VI. IDM;Departamentos del Consell Insular de Mallorca;servicios;Resuelta;J. MUNNE MAQUINARIA AGRICOLA S.L.;204,77;https://contrataciondelestado.es/wps/poc?uri=deeplink:detalle_licitacion&idEvl=LwX6gfd3paVWhbmkna2nXQ%3D%3D
Contratos menores;ConMenor WC portátil para Feria Comercial.;Alcaldia del Ayuntamiento de Pinoso;servicios;Resuelta;DANIEL GARCIA NAVARRO;200,88;https://contrataciondelestado.es/wps/poc?uri=deeplink:detalle_licitacion&idEvl=dnBemjeZueS5HQrHoP3G5A%3D%3D
Contratos menores;Contractació Menor subministrament Material tèxtil de llits per a cas Garriguer del PN Sa Dragonera. IDM;Departamentos del Consell Insular de Mallorca;suministros;Resuelta;NUEVA BELLINFANTE SL;200,76;https://contrataciondelestado.es/wps/poc?uri=deeplink:detalle_licitacion&idEvl=mZX%2F%2BR4bps170UvEyYJSGw%3D%3D
Contratos menores;CONM Servicio difusión encuentro socio-sanitario 2026 (TELECABLE-AVATEL);Alcaldía del Ayuntamiento de Jumilla;servicios;Resuelta;AVATEL TELECOM, S.A.;200;https://contrataciondelestado.es/wps/poc?uri=deeplink:detalle_licitacion&idEvl=Lh%2FN8CNniC8mMOlAXxDEjw%3D%3D
Contratos menores;Contrato menor servicios_ menos de 1500€_Impresión fotos_Concurso fotografía Mujer_ Benjamín España Ainsa;Presidente de la Comarca Alto Gallego;servicios;Resuelta;Benjamín España Aínsa;200;https://contrataciondelestado.es/wps/poc?uri=deeplink:detalle_licitacion&idEvl=T9PYMiab%2ByGGCFcHcNGIlQ%3D%3D
Contratos menores;contrato menor SUMINISTRO material higiénico agosto 2026;Alcaldía del Ayuntamiento de Villamalea;suministros;Resuelta;CUARTERO HIGIENE SOCIEDAD LIMITADA;198,7;https://contrataciondelestado.es/wps/poc?uri=deeplink:detalle_licitacion&idEvl=cNxnEVXmVX0tm4eBPtV6eQ%3D%3D
Contratos menores;Matilde de la Fuente García: alimentos para la Carrera Popular 2026 - 198,00 €;Alcaldía del Ayuntamiento de Ossa de Montiel;suministros;Resuelta;MATILDE DE LA FUENTE GARCIA;198;https://contrataciondelestado.es/wps/poc?uri=deeplink:detalle_licitacion&idEvl=xGarVdjXAsTL1rX3q%2FMAPA%3D%3D
Contratos menores;Factura Pinturas Nieto S.A. suministro material pintura;Alcaldía de la Entidad Local Menor de Aguas Nuevas;suministros;Resuelta;Pinturas Nieto, S.A.;196,66;https://contrataciondelestado.es/wps/poc?uri=deeplink:detalle_licitacion&idEvl=trg13M60JVTI8aL3PRS10Q%3D%3D
Contratos menores;Porte recogida de maquina elevadora desde Lezuza hasta las instalaciones 2026;Alcaldía del Ayuntamiento de Lezuza;servicios;Resuelta;ECOELEVA S.L.U.;196;https://contrataciondelestado.es/wps/poc?uri=deeplink:detalle_licitacion&idEvl=l8mdW7B2PhCTylGzYmBF9Q%3D%3D
Contratos menores;Contrato menor: Diseño, preparación para redes sociales e impresión de carteles para la campaña Bono Consumo del Otoño 2026;Alcaldía del Ayuntamiento de Banyeres de Mariola;servicios;Resuelta;LEONARDO FERRE ALBERO;195;https://contrataciondelestado.es/wps/poc?uri=deeplink:detalle_licitacion&idEvl=kta59deXvm9Vq4S9zvaQpQ%3D%3D
Contratos menores;ORDEN DE PEDIDO Compra de productos sanitarios y tinta impresora escuela infantil;Alcaldía del Ayuntamiento de Motilleja;suministros;Resuelta;REPROALBA;194,59;https://contrataciondelestado.es/wps/poc?uri=deeplink:detalle_licitacion&idEvl=Ajz3ikgddnR6nTs9LZ9RhQ%3D%3D
Contratos menores;Sustitución de dos correas de unidad exterior de AACC en Centro Joven;Alcaldía del Ayuntamiento de Almansa;suministros;Resuelta;ANASTASIO TERUEL SOCIEDAD LIMITADA;194;https://contrataciondelestado.es/wps/poc?uri=deeplink:detalle_licitacion&idEvl=EeGLz2fjYTF9Zh%2FyRJgM8w%3D%3D
Contratos menores;Realización de análisis de confirmación aerobios del agua de consumo público;Alcaldía del Ayuntamiento de La Recueja;servicios;Resuelta;ARU OBRAS Y SERVICIOS SOCIEDAD LIMITADA;193;https://contrataciondelestado.es/wps/poc?uri=deeplink:detalle_licitacion&idEvl=bYhEBxL3oE4UqXM96WStVA%3D%3D
Contratos menores;Suministro de 25 paquetes de botellines de agua de 0,35 ml;Junta de Gobierno Local del Ayuntamiento de Cartagena;suministros;Resuelta;Jose Galvez Aguilera;190,91;https://contrataciondelestado.es/wps/poc?uri=deeplink:detalle_licitacion&idEvl=Pgp5ZXDTPlJ6nTs9LZ9RhQ%3D%3D
Contratos menores;Contrato menor de suministro de material para reparaciones generales;Alcaldía del Ayuntamiento de Bargas;suministros;Resuelta;Marain Suministro Industrial Especializado;190,8;https://contrataciondelestado.es/wps/poc?uri=deeplink:detalle_licitacion&idEvl=UVqOpDRU%2BqE2wEhQbcAqug%3D%3D
Contratos menores;"Actividad ""Pan de luna"" por Alicia Andrés, en el marco Asturies Cultura en Rede-Literatura. Sociedad Públ. de Gestión y Promoc. Turística y Cultural del Principado. Octubre 2026";Alcaldía del Ayuntamiento de Llanera;servicios;Resuelta;Sociedad Pública de Gestión y Promoción Turiística y Cultural del Principado de Asturias;190;https://contrataciondelestado.es/wps/poc?uri=deeplink:detalle_licitacion&idEvl=2RZ6nZ9c0JxxseVhcqrkhw%3D%3D
Contratos menores;Contrato menor de servicios para la realización de varias sesiones de fisioterapia a monitor del Área de Deportes (Eve);Alcaldía del Ayuntamiento de Almansa;servicios;Resuelta;JACOBO CANDEL MONTES;190;https://contrataciondelestado.es/wps/poc?uri=deeplink:detalle_licitacion&idEvl=Roir%2FeLSwc6TylGzYmBF9Q%3D%3D
Contratos menores;Suscripción Revista de Estudios Locales CUNAL;Junta de Gobierno Local del Ayuntamiento de Cartagena;suministros;Resuelta;CONSEJO GRA. DE COL. OF. SECRET. INT. Y TES;188,46;https://contrataciondelestado.es/wps/poc?uri=deeplink:detalle_licitacion&idEvl=zj8RNbgnAF4l5NjlNci%2BtA%3D%3D
Contratos menores;Actuación pareja de gaita y tambor en Fanes;Alcaldía del Ayuntamiento de Llanera;servicios;Resuelta;AGRUPACION FOLCLORICA FONTE FUECARA;180;https://contrataciondelestado.es/wps/poc?uri=deeplink:detalle_licitacion&idEvl=QGkOqus3EpWcTfjQf3USOg%3D%3D
Contratos menores;Adjudicación contrato menor de servicio de ordenanza en el Centro de Innovación por sustitución de su titular los días 8 y 9 de septiembre de 2026 a la empresa SERVEO SERVICIOS S.A.U.;Alcaldía del Ayuntamiento de Almansa;servicios;Resuelta;SERVEO SERVICIOS S.A.;180;https://contrataciondelestado.es/wps/poc?uri=deeplink:detalle_licitacion&idEvl=DSqTsRBfOEDmnwcj%2BxbdTg%3D%3D
Contratos menores;Servicio de reparación y programación del sistema 4-09-2026 Museo del Torreón;Alcaldía del Ayuntamiento de Haro;servicios;Resuelta;SEGURMICEX SOCIEDAD LIMITADA;180;https://contrataciondelestado.es/wps/poc?uri=deeplink:detalle_licitacion&idEvl=cIpUthLSGs5SYrkJkLlFdw%3D%3D
Contratos menores;contrato menor SUMINISTRO alimentación para la carrera de camas 2026;Alcaldía del Ayuntamiento de Villamalea;suministros;Resuelta;COOP DE CONSUMO ROBERT OWEN;177,6;https://contrataciondelestado.es/wps/poc?uri=deeplink:detalle_licitacion&idEvl=5%2Ftpi8UiVBzua%2Fi14w%2FPLA%3D%3D
Contratos menores;Contrato de suministro compra de materiales;Alcaldía del Ayuntamiento de Valdeganga;suministros;Resuelta;GASES LA ESTRELLA SOCIEDAD LIMITADA;177;https://contrataciondelestado.es/wps/poc?uri=deeplink:detalle_licitacion&idEvl=xyaVPW0UU0ZSYrkJkLlFdw%3D%3D
Contratos menores;Suministro de botellas de agua para pleno del Ayuntamiento y Alcaldía.-;Alcaldía del Ayuntamiento de Villarrobledo;suministros;Resuelta;AQUADEUS S.L.;176,73;https://contrataciondelestado.es/wps/poc?uri=deeplink:detalle_licitacion&idEvl=3GwqPvmHwY87%2B9FIQYNjeQ%3D%3D
Contratos menores;Compra Norma ISO 42001:2006;Presidencia de Diputación Provincial de Albacete;suministros;Resuelta;POPULAR LIBROS SOCIEDAD LIMITADA;175,24;https://contrataciondelestado.es/wps/poc?uri=deeplink:detalle_licitacion&idEvl=LeVYWHxYcoWAAM7L03kM8A%3D%3D
Contratos menores;Factura Albaproa prestación servicios asesoramiento y gestión administrativa;Alcaldía de la Entidad Local Menor de Aguas Nuevas;servicios;Resuelta;ALBAPROA S.L.;174;https://contrataciondelestado.es/wps/poc?uri=deeplink:detalle_licitacion&idEvl=hqELP%2FzgHuDgL1BHd3qjQA%3D%3D
Contratos menores;"Factura-E n&#186; FPRAL2608-05095 por importe de 203,10 €";Alcaldía del Ayuntamiento de Fuente-Álamo;suministros;Resuelta;HUNE RENTAL S.L.U.;167,85;https://contrataciondelestado.es/wps/poc?uri=deeplink:detalle_licitacion&idEvl=2ufdPpCnF9ysNfRW6APEDw%3D%3D
Contratos menores;Alquiler de castillos hinchables para los actos del día de la Guardia Civil '26.;Alcaldía del Ayuntamiento de Almansa;suministros;Resuelta;STUART MALCOLM EDWIN;165,29;https://contrataciondelestado.es/wps/poc?uri=deeplink:detalle_licitacion&idEvl=ODMHe7aKFToIYE3ZiZ%2BxmQ%3D%3D
Contratos menores;Suministro material para trabajos realizados en parques y jardines dentro del PFEA 2026 albaranes 378663, 378787 y 379013;Alcaldía del Ayuntamiento de Villarrobledo;suministros;Resuelta;EUROALVI S.L.;165,01;https://contrataciondelestado.es/wps/poc?uri=deeplink:detalle_licitacion&idEvl=e%2F%2BVeipfCjXLIx6q1oPaMg%3D%3D
Contratos menores;Servicio de la inspección periódica reglamentaria ascensor colegio;Alcaldía del Ayuntamiento de Tardienta;servicios;Resuelta;BUREAU VERITAS INSPECCIÓN Y TESTING, S.L. UNIPERSONAL;162,26;https://contrataciondelestado.es/wps/poc?uri=deeplink:detalle_licitacion&idEvl=ePDspR6hBJa2gkLQ8TeYKA%3D%3D
Contratos menores;contrato menor por 12 horas de servicio limpieza en varias dependencias municipales como refuerzo personal de limpieza.;Alcaldia del Ayuntamiento de Pinoso;servicios;Resuelta;MASNET MULTISERVICIOS, S.L;162;https://contrataciondelestado.es/wps/poc?uri=deeplink:detalle_licitacion&idEvl=nJAtNVfFOzqOUi78BmzhOQ%3D%3D
Contratos menores;Adquisición de vasos y tarrinas.;Presidencia de Diputación Provincial de Albacete;suministros;Resuelta;GUIJON MATEA, S.L.;161,7;https://contrataciondelestado.es/wps/poc?uri=deeplink:detalle_licitacion&idEvl=N%2B7t5%2BTpKN%2FCfVQHDepjGQ%3D%3D
Contratos menores;Publicidad en SACAM Revista 2026 Sierra de Alcaraz y Campo de Montiel;Alcaldía del Ayuntamiento de Lezuza;servicios;Resuelta;Editorial MIC S.L.;160;https://contrataciondelestado.es/wps/poc?uri=deeplink:detalle_licitacion&idEvl=djlhNsoEJ7LyoM4us5k4vw%3D%3D
Contratos menores;Contrato menor suministros: fruta y embutido ágape fiestas Villar;Alcaldía del Ayuntamiento de Chinchilla de Montearagón;suministros;Resuelta;JISECOL SCL;159,22;https://contrataciondelestado.es/wps/poc?uri=deeplink:detalle_licitacion&idEvl=LygXcjG8%2BB%2Fmnwcj%2BxbdTg%3D%3D
Contratos menores;Adjudicación de contrato menor de suministros de material de oficina destinado al Proyecto Éfeso Almansa Impulsa, cofinanciado por el Fondo Social Europeo Plus (FSE+), en el marco del programa de Empleo, Educación, Formación y Economía Social a la empresa Castillo Ofipal, S.L.;Alcaldía del Ayuntamiento de Almansa;suministros;Resuelta;CASTILLO OFIPAL SOCIEDAD LIMITADA;158,07;https://contrataciondelestado.es/wps/poc?uri=deeplink:detalle_licitacion&idEvl=4xlrKinNji6S81gZFETWmA%3D%3D
Contratos menores;Fabricación Roll up Saboreando la Hoya de Huesca;Presidencia de la Comarca Hoya de Huesca - Plana de Uesca;suministros;Resuelta;Jorge Cebollero Gracia;153;https://contrataciondelestado.es/wps/poc?uri=deeplink:detalle_licitacion&idEvl=O%2BPpRDaxo7qP66GS%2BONYvQ%3D%3D
Contratos menores;Contrato menor de servicios para la realización de varias sesiones de fisioterapia a monitor del Área de Deportes (Juanfran);Alcaldía del Ayuntamiento de Almansa;servicios;Resuelta;JACOBO CANDEL MONTES;152;https://contrataciondelestado.es/wps/poc?uri=deeplink:detalle_licitacion&idEvl=u7pxO6T677HjHF5qKI4aaw%3D%3D
Contratos menores;Contrato menor SUMINISTRO adicional pellets para calefacción en Centros de Mayores octubre 2026;Alcaldía del Ayuntamiento de Villamalea;suministros;Resuelta;MERCAPELLETS RENOVABLES S.L.;151,98;https://contrataciondelestado.es/wps/poc?uri=deeplink:detalle_licitacion&idEvl=qUgQoZRPeuzua%2Fi14w%2FPLA%3D%3D
Contratos menores;CM Servicios. Visitas Centro Enoturismo Casa de los Arcos;Alcaldía del Ayuntamiento de Yecla;servicios;Resuelta;ALICIA SORIANO HERNANDEZ;150;https://contrataciondelestado.es/wps/poc?uri=deeplink:detalle_licitacion&idEvl=hhIhAsYc3O1Whbmkna2nXQ%3D%3D
Contratos menores;Elaboración y envío de las plantillas de autoliquidación del Canon del agua de la JCCM;Alcaldía del Ayuntamiento de Nerpio;servicios;Resuelta;DAVID MANUEL LATASA SANZ;150;https://contrataciondelestado.es/wps/poc?uri=deeplink:detalle_licitacion&idEvl=kE2yk6AQMRngL1BHd3qjQA%3D%3D
Contratos menores;Suscripción Cosital Network;Junta de Gobierno Local del Ayuntamiento de Cartagena;suministros;Resuelta;CONSEJO GRA. DE COL. OF. SECRET. INT. Y TES;148,76;https://contrataciondelestado.es/wps/poc?uri=deeplink:detalle_licitacion&idEvl=jePyu1AogQPXOjazN1Dw9Q%3D%3D
Contratos menores;Contrato de publicidad por Plan de Medios 2026. Campaña 01 Tasa RSU en Diario del Altoaragón;Presidencia de la Comarca Hoya de Huesca - Plana de Uesca;servicios;Resuelta;Publicaciones Y Ediciones del Altoaragon, S.A.;148;https://contrataciondelestado.es/wps/poc?uri=deeplink:detalle_licitacion&idEvl=6%2BeRaGmukJHmnwcj%2BxbdTg%3D%3D
Contratos menores;Taller formación “manualidad dragones”. Programa T-LA;Junta de Gobierno Local del Ayuntamiento de Cartagena;servicios;Resuelta;VICTORIA HENAREJOS GARCIA;145;https://contrataciondelestado.es/wps/poc?uri=deeplink:detalle_licitacion&idEvl=fL6dZvLoEtDCfVQHDepjGQ%3D%3D
Contratos menores;Contrato menor suministros placas varios actos fiestas 2026;Alcaldía del Ayuntamiento de San Vicente Raspeig;suministros;Resuelta;HECTOR MANUEL GARCIA LIRON;144,63;https://contrataciondelestado.es/wps/poc?uri=deeplink:detalle_licitacion&idEvl=tcZPOM2eTV3ECtSnloz%2BZQ%3D%3D
Contratos menores;Suscripción de la cuenta de acceso de la persona titular de la Secretaría Autonómica de Comunicación, de la persona titular de la Dirección General de Comunicación Institucional, y desec.comunicacion@gva.es, durante el periodo de un año a la edición digital de Levante. / Subscripció del compte d'accés de la persona titular de la Secretaria Autonòmica de Comunicació, de la persona titular de la Direcció General de Comunicació Institucional, i desec.comunicacion@gva.es, durant el període d'un any a l'edició digital de Llevant.;Vicepresidencia Segunda y Conselleria de Presidencia;suministros;Resuelta;EDITORIAL PRENSA VALENCIANA SA;144,2;https://contrataciondelestado.es/wps/poc?uri=deeplink:detalle_licitacion&idEvl=pW8vAlyHodZeKgd8LfVV9g%3D%3D
Contratos menores;Contrato de suministro materiales;Alcaldía del Ayuntamiento de Valdeganga;suministros;Resuelta;SUMINISTROS GOMEZ SOCIEDAD LIMITADA;143,23;https://contrataciondelestado.es/wps/poc?uri=deeplink:detalle_licitacion&idEvl=pPLwKvF3v8hPpzdqOdhuWg%3D%3D
Contratos menores;Premios para festividad de San Isidro, Carnaval y encuentro colegio.;Alcaldía del Ayuntamiento de Liétor;suministros;Resuelta;EXMOVAL R R S.C.L.;141,81;https://contrataciondelestado.es/wps/poc?uri=deeplink:detalle_licitacion&idEvl=hKUaGLeWFwzVGIpKDxgsAQ%3D%3D
Contratos menores;Póliza Seguro de accidentes MARKEL días 2-3 septiembre de 2026 para las pruebas físicas de 37 plazas de Mecánico/a Conductor/a Bombero/a;Presidencia de Diputación Provincial de Albacete;servicios;Resuelta;MARKEL INSURANCE SE, SUCURSAL EN ESPAÑA;138,17;https://contrataciondelestado.es/wps/poc?uri=deeplink:detalle_licitacion&idEvl=93c4hFD5SiT9pbnDwlaUlg%3D%3D
Contratos menores;Logistica del trofeo, Lino Gómez _Suministro de trofeos , peanas grabadas y 35 imanes__165,72€;Alcaldía del Ayuntamiento de Bonete;suministros;Resuelta;LINO GOMEZ OSA;136,96;https://contrataciondelestado.es/wps/poc?uri=deeplink:detalle_licitacion&idEvl=8gZjdl1kae68ebB%2FXTwy0A%3D%3D
Contratos menores;Servicio de asistencia técnica 31/08/2026 en CEIP Nuestra Señora de la Vega;Alcaldía del Ayuntamiento de Haro;servicios;Resuelta;SEGURMICEX SOCIEDAD LIMITADA;135;https://contrataciondelestado.es/wps/poc?uri=deeplink:detalle_licitacion&idEvl=2uoI6wv1vtBSYrkJkLlFdw%3D%3D
Contratos menores;Servicio de inspección ascensor RAE 10037 edificio biblioteca y casa de la cultura.;Alcaldía del Ayuntamiento de Pozuelo;servicios;Resuelta;APAVE INSPECTION SPAIN SA;135;https://contrataciondelestado.es/wps/poc?uri=deeplink:detalle_licitacion&idEvl=5cZgkXNIUxlWhbmkna2nXQ%3D%3D
Contratos menores;"Taller ""Un viaje por la igualdad"". (Actividades Centro de la Mujer 2026)";Alcaldia del Ayuntamiento de San Pedro;servicios;Resuelta;SH Formación en Igualdad, S.L.;134,51;https://contrataciondelestado.es/wps/poc?uri=deeplink:detalle_licitacion&idEvl=xmNUBUSh2OzzAq95uGTrDQ%3D%3D
Contratos menores;"Camisetas corporativas identificativas ""Territorio Motero""";Presidencia de la Comarca del Bajo Aragón;suministros;Resuelta;José Manuel Egea Alcón;134,5;https://contrataciondelestado.es/wps/poc?uri=deeplink:detalle_licitacion&idEvl=%2FAJrI4CYlNa9Hd5zqvq9cg%3D%3D
Contratos menores;contrato menor SUMINISTRO productos de limpieza para la vivienda tutelada septiembre 2026;Alcaldía del Ayuntamiento de Villamalea;suministros;Resuelta;AURELIO CUENCA VERDE;129,83;https://contrataciondelestado.es/wps/poc?uri=deeplink:detalle_licitacion&idEvl=M%2FIdf0iOoL4tm4eBPtV6eQ%3D%3D
Contratos menores;Contratación para la prestación de servicio de equipamiento escénico. Feria Sin Condiciones 2026;Presidencia de la Comarca Hoya de Huesca - Plana de Uesca;servicios;Resuelta;Miguel Angelo Correira Da Silva Ramos;128,93;https://contrataciondelestado.es/wps/poc?uri=deeplink:detalle_licitacion&idEvl=TlBpqsYnx3pSYrkJkLlFdw%3D%3D
Contratos menores;Contrato menor de suministro de pulseras para Copa BTT, Desafío Albacete. Juan Antonio César Segura (eciqr) (Partida: 840.341.226.09.04 Circuito Provincial BTT);Presidencia de Diputación Provincial de Albacete;suministros;Resuelta;JUAN ANTONIO CESAR SEGURA;124,95;https://contrataciondelestado.es/wps/poc?uri=deeplink:detalle_licitacion&idEvl=7rp4T3ycBCJxseVhcqrkhw%3D%3D
Contratos menores;Contrato menor de suministros para la adquisición de una plastificadora para el Área de Deportes;Alcaldía del Ayuntamiento de Almansa;suministros;Resuelta;CASTILLO OFIPAL SOCIEDAD LIMITADA;123;https://contrataciondelestado.es/wps/poc?uri=deeplink:detalle_licitacion&idEvl=iVGHFQ4XOYvLIx6q1oPaMg%3D%3D
Contratos menores;Tapas con marco y piezas de piedra amarillo Taller+ Línea 1 EXP. FPTP/2025/02/010 (Albarán A342/26);Alcaldia del Ayuntamiento de San Pedro;suministros;Resuelta;SDAD COOP LTDA CASTILLO DE LAS PEÑAS;122,5;https://contrataciondelestado.es/wps/poc?uri=deeplink:detalle_licitacion&idEvl=ola44lzQpN%2BP%2Bo96UAV7cQ%3D%3D
Contratos menores;Orden de Pedido Hidrolab Analíticas de agua en depósitos agosto-2026 según documento S-26/451;Alcaldía del Ayuntamiento de Pozo Lorente;servicios;Resuelta;HIDROLAB S.L.;120,58;https://contrataciondelestado.es/wps/poc?uri=deeplink:detalle_licitacion&idEvl=WObs3VYN1BJeKgd8LfVV9g%3D%3D
Contratos menores;"Factura-E n&#186; 26FV1-07572 por importe de 145,25 €";Alcaldía del Ayuntamiento de Fuente-Álamo;suministros;Resuelta;HERMANOS GARCIA S.A.;120,04;https://contrataciondelestado.es/wps/poc?uri=deeplink:detalle_licitacion&idEvl=k%2BlkZwBebVJq1DdmE7eaXg%3D%3D
Contratos menores;Contratación de Suministros Menor - 3 lotes de Embutidos para Premios Carrozas Fiestas Bargas 2026;Alcaldía del Ayuntamiento de Bargas;suministros;Resuelta;DISTRIBUCIONES FROIZ S.A.U.;120,02;https://contrataciondelestado.es/wps/poc?uri=deeplink:detalle_licitacion&idEvl=vSb7IENvL8kIYE3ZiZ%2BxmQ%3D%3D
Contratos menores;Contrato menor. Grabación pleno ayuntamiento día 31-07-2026;Alcaldía del Ayuntamiento de Munera;servicios;Resuelta;ANTONIO VÍLLORA MOYA;120;https://contrataciondelestado.es/wps/poc?uri=deeplink:detalle_licitacion&idEvl=FmWtiT70uauGCFcHcNGIlQ%3D%3D
Contratos menores;Suministro para Talleres + “Boceto” de 1 pintura revestimiento 15 l, 2 mallas para cemento revoco azul, 2 morteros secos blancos 25 kg, 6 grises 25 kg, 20 ladrillos 33x16x4, y 1 gel cemento cola 20 kg.;Alcaldía del Ayuntamiento de Villarrobledo;suministros;Resuelta;BONILLO DIAZ S.L.;119,22;https://contrataciondelestado.es/wps/poc?uri=deeplink:detalle_licitacion&idEvl=pH0yHGJ3RY99PLkba5eRog%3D%3D
Contratos menores;Electricidad Garmil. Reparaciones en Casa de cultura y Pozo de Agua, fecha 16/06/2026 __ 143,03€;Alcaldía del Ayuntamiento de Bonete;obras;Resuelta;ELECTRICIDAD GARMIL S.L.U.;118,21;https://contrataciondelestado.es/wps/poc?uri=deeplink:detalle_licitacion&idEvl=DPoMkUCLnVdVq4S9zvaQpQ%3D%3D
Contratos menores;"Factura N&#186;05/26. Por importe de 140,10€.";Alcaldía del Ayuntamiento de Fuente-Álamo;suministros;Resuelta;ANGEL JOAQUIN ROLDAN MILLA;115,79;https://contrataciondelestado.es/wps/poc?uri=deeplink:detalle_licitacion&idEvl=HHuB3YzOs9JeKgd8LfVV9g%3D%3D
Contratos menores;2026 - Cultural Albacete. Teatro Circo. Suministros Ferretería. Ferretería Plaza Mayor S.L. mayo a septiembre;Presidencia del Consorcio Cultural Albacete de la Diputación Provincial de Albacete;suministros;Resuelta;FERRETERÍA PLAZA MAYOR, S.L.;115,55;https://contrataciondelestado.es/wps/poc?uri=deeplink:detalle_licitacion&idEvl=yq5gmbYbY7CLAncw3qdZkA%3D%3D
Contratos menores;Servicio de ITV de los vehículos 5840BXT (BRP72), AB2200P (S72) del Parque de bomberos de La Roda. Sep 2026;Presidencia de Diputación Provincial de Albacete;servicios;Resuelta;I.T.V. LA RODA SOCIEDAD LIMITADA;110,96;https://contrataciondelestado.es/wps/poc?uri=deeplink:detalle_licitacion&idEvl=Xk7DbHw3GbQadbH3CysQuQ%3D%3D
Contratos menores;Adquisición de repuestos y accesorios necesarios para el desempeño de trabajos de reparación de vehículos de Diputación Provincial de Albacete Ver contenido en fichero adjunto;Presidencia de Diputación Provincial de Albacete;suministros;Resuelta;FRENOS CAMPOLLANO SOCIEDAD LIMITADA LABORAL;110,78;https://contrataciondelestado.es/wps/poc?uri=deeplink:detalle_licitacion&idEvl=LBPM2fnyAf7ECtSnloz%2BZQ%3D%3D
Contratos menores;Cloro para fuentes y pienso gatos;Alcaldía del Ayuntamiento de Pozo Cañada;suministros;Resuelta;HILARIO MAÑAS GOMEZ;110,73;https://contrataciondelestado.es/wps/poc?uri=deeplink:detalle_licitacion&idEvl=Z8S%2BMLXZSbfpxJFXpLZ%2B2A%3D%3D
Contratos menores;Control trimestral de 3 superficies y comida en Vivienda de Mayores (Agosto 2026);Alcaldía del Ayuntamiento de Villarrobledo;servicios;Resuelta;CUARTERO SALUD AMBIENTAL S.L.;109;https://contrataciondelestado.es/wps/poc?uri=deeplink:detalle_licitacion&idEvl=PV%2FRcsWrg%2F5xseVhcqrkhw%3D%3D
Contratos menores;Contracte menor servei de control de plagues a diversos punts crítics. Residència Huialfàs.;IMAS - Direcció de la Residència Huialfàs;servicios;Resuelta;ANTICIMEX 3D SANIDAD AMBIENTAL S.A.;107,08;https://contrataciondelestado.es/wps/poc?uri=deeplink:detalle_licitacion&idEvl=H%2FJkvjbdOg56nTs9LZ9RhQ%3D%3D
Contratos menores;Contrato Menor Suministro de 3 Pegatinas en PVC, con los Números en los 3 cajones del Podium de Premiación del PMAD Castrillón;Presidencia del Patronato Municipal de Actividades Deportivas - PMAD;suministros;Resuelta;PUBLIPIEDRAS SL;105;https://contrataciondelestado.es/wps/poc?uri=deeplink:detalle_licitacion&idEvl=YsdgCHoH33uqb7rCcv76BA%3D%3D
Contratos menores;Cubos de pintura con fibra (Presupuesto 2026-64);Alcaldia del Ayuntamiento de San Pedro;suministros;Resuelta;PAULA ANGELA SERRANO ATIENZAR;104,13;https://contrataciondelestado.es/wps/poc?uri=deeplink:detalle_licitacion&idEvl=4P78mREzl68%2FbjW6njtWLw%3D%3D
Contratos menores;Contrato menor. Recaudación derechos de autor teatro bichitos día 11-05-2026.;Alcaldía del Ayuntamiento de Munera;servicios;Resuelta;SOCIEDAD GENERAL DE AUTORES Y EDITORES;103,47;https://contrataciondelestado.es/wps/poc?uri=deeplink:detalle_licitacion&idEvl=wt9JH0b35BsmMOlAXxDEjw%3D%3D
Contratos menores;CM de Servicios de peluquería y maquillaje durante evento Yecla con Sentido 2026 para la promoción del comercio de Yecla.;Alcaldía del Ayuntamiento de Yecla;servicios;Resuelta;M. MAR AZORIN ORTUÑO;103,31;https://contrataciondelestado.es/wps/poc?uri=deeplink:detalle_licitacion&idEvl=INabYeAbW%2BKExvMJXBMHHQ%3D%3D
Contratos menores;CM de Servicios de peluquería y maquillaje durante evento Yecla con Sentido 2026 para la promoción del comercio de Yecla.;Alcaldía del Ayuntamiento de Yecla;servicios;Resuelta;GRACIA MARIA NAVARRO REQUENA;103,31;https://contrataciondelestado.es/wps/poc?uri=deeplink:detalle_licitacion&idEvl=kGXtrvms1x1QFSeKCRun4Q%3D%3D
Contratos menores;CM de Servicios de peluquería y maquillaje durante evento Yecla con Sentido 2026 para la promoción del comercio de Yecla;Alcaldía del Ayuntamiento de Yecla;servicios;Resuelta;ENCARNACION CARPENA MUÑOZ;103,31;https://contrataciondelestado.es/wps/poc?uri=deeplink:detalle_licitacion&idEvl=EpsM%2BxfbArq5HQrHoP3G5A%3D%3D
Contratos menores;CM de Servicios de peluquería y maquillaje durante evento Yecla con Sentido 2026 para la promoción del comercio de Yecla;Alcaldía del Ayuntamiento de Yecla;servicios;Resuelta;JESSICA IBAÑEZ GARCIA;103,31;https://contrataciondelestado.es/wps/poc?uri=deeplink:detalle_licitacion&idEvl=a1w39sdwwnmkU02jNGj1Fw%3D%3D
Contratos menores;Suministro de un termo eléctrico de 100 litros para la Escuela Infantil de San Sebastián.-;Alcaldía del Ayuntamiento de Villarrobledo;suministros;Resuelta;ALMACENES CALINDSA SL;103;https://contrataciondelestado.es/wps/poc?uri=deeplink:detalle_licitacion&idEvl=jeVBJwrUYA6S81gZFETWmA%3D%3D
Contratos menores;CONmenor retirada contenedores quemados y depósito en Ecoparque;Alcaldia del Ayuntamiento de Pinoso;servicios;Resuelta;JOSE LUIS MIRA HERRERO;100;https://contrataciondelestado.es/wps/poc?uri=deeplink:detalle_licitacion&idEvl=t1sxAlrjLNTCfVQHDepjGQ%3D%3D
Contratos menores;Vinilo escudo Masegoso para Ituerock;Alcaldía del Ayuntamiento de Masegoso;suministros;Resuelta;DRAWING DIGITAL CB;100;https://contrataciondelestado.es/wps/poc?uri=deeplink:detalle_licitacion&idEvl=E5vrC92G%2BKd70UvEyYJSGw%3D%3D
Contratos menores;Factura Pablo Villalba calleja mantenimiento copiadora septiembre 2026;Alcaldía de la Entidad Local Menor de Aguas Nuevas;servicios;Resuelta;Pablo Villalba Calleja;99,45;https://contrataciondelestado.es/wps/poc?uri=deeplink:detalle_licitacion&idEvl=KXXr4GDQCs%2B2gkLQ8TeYKA%3D%3D
Contratos menores;Paquetes de folios para oficina;Alcaldía del Ayuntamiento de Liétor;suministros;Resuelta;ALVARO CANO LORENZO;99,17;https://contrataciondelestado.es/wps/poc?uri=deeplink:detalle_licitacion&idEvl=5zKW1Z%2Bp10kS7pcxhTeWOg%3D%3D
Contratos menores;Suministro de combustible diesel Protección Civil;Alcaldía del Ayuntamiento de Haro;suministros;Resuelta;ESTACIONES DE SERVICIO RUIZ SA;97,12;https://contrataciondelestado.es/wps/poc?uri=deeplink:detalle_licitacion&idEvl=DIL8virEcBV%2FR5QFTlaM4A%3D%3D
Contratos menores;Suministros fungibles de papelería para el Área Económica;Alcaldía del Ayuntamiento de Almansa;suministros;Resuelta;CASTILLO OFIPAL SOCIEDAD LIMITADA;91,77;https://contrataciondelestado.es/wps/poc?uri=deeplink:detalle_licitacion&idEvl=a%2Fos7In4kHR9Zh%2FyRJgM8w%3D%3D
Contratos menores;Contrato menor suministros: fruta para carrera orientación;Alcaldía del Ayuntamiento de Chinchilla de Montearagón;suministros;Resuelta;JISECOL SCL;90,49;https://contrataciondelestado.es/wps/poc?uri=deeplink:detalle_licitacion&idEvl=LygXcjG8%2BB9%2FR5QFTlaM4A%3D%3D
Contratos menores;CONM servicios impresión y colocación carteles mupis municipales para semana encuentro socio-sanitario 2026;Alcaldía del Ayuntamiento de Jumilla;servicios;Resuelta;ACTIVIDAD PUBLICA, S.L.;90;https://contrataciondelestado.es/wps/poc?uri=deeplink:detalle_licitacion&idEvl=bGmb0OrTgTnE6P%2FuLemXRw%3D%3D
Contratos menores;Suministro de talonarios triplicados para el servicio del cementerio municipal.-;Alcaldía del Ayuntamiento de Villarrobledo;suministros;Resuelta;GRAFICAS VILLARROBLEDO S.A.L.;90;https://contrataciondelestado.es/wps/poc?uri=deeplink:detalle_licitacion&idEvl=pH0yHGJ3RY99Zh%2FyRJgM8w%3D%3D
Contratos menores;Detalles velada literaria;Alcaldía del Ayuntamiento de Tobarra;suministros;Resuelta;VIDEON MEDIA PRODUCCIONES SOCIEDAD LIMITADA;90;https://contrataciondelestado.es/wps/poc?uri=deeplink:detalle_licitacion&idEvl=COKN1SQjDEpq1DdmE7eaXg%3D%3D
Contratos menores;CONmenor servicio revisión vehículo OPEL combo e-life 1709LWT;Alcaldia del Ayuntamiento de Pinoso;servicios;Resuelta;AUTOS MARCOS SOCIEDAD ANONIMA;88,02;https://contrataciondelestado.es/wps/poc?uri=deeplink:detalle_licitacion&idEvl=3R2npkOonXR6nTs9LZ9RhQ%3D%3D
Contratos menores;Contrato menor de suministro consistente en la adquisición de 200 unidades de carpetas blancas sin impresión con solapa auto-montable para su entrega en la XXXIV Jornada: Día Internacional de las Mujeres Rurales el 15 octubre de 2026.;Presidencia de la Mancomunidad para el desarrollo de la Manchuela;suministros;Resuelta;GRAFICAS GOYZA SOCIEDAD LIMITADA;86;https://contrataciondelestado.es/wps/poc?uri=deeplink:detalle_licitacion&idEvl=ZOlu03aeQnReKgd8LfVV9g%3D%3D
Contratos menores;Contrato menor. Mantenimiento de ascensor en colegio público Cervantes durante el mes de agosto 2026;Alcaldía del Ayuntamiento de Munera;servicios;Resuelta;SCHINDLER;85,59;https://contrataciondelestado.es/wps/poc?uri=deeplink:detalle_licitacion&idEvl=GVmYDTCH4iqcCF8sV%2BqtYA%3D%3D
Contratos menores;Contrato menor. Mantenimiento de ascensor en colegio público Cervantes durante el mes julio 2026;Alcaldía del Ayuntamiento de Munera;servicios;Resuelta;SCHINDLER;85,59;https://contrataciondelestado.es/wps/poc?uri=deeplink:detalle_licitacion&idEvl=LnnM5uyakV0wYTJJ03sHog%3D%3D
Contratos menores;Productos de jardinería;Alcaldía del Ayuntamiento de Liétor;suministros;Resuelta;RAFAEL JIMENEZ GARCIA;83,47;https://contrataciondelestado.es/wps/poc?uri=deeplink:detalle_licitacion&idEvl=mXckDia9nY94zIRvjBVCSw%3D%3D
Contratos menores;Contrato menor. Mantenimiento de plataforma en auditorio municipal y elevador en escuela de música durante mes de julio 2026;Alcaldía del Ayuntamiento de Munera;servicios;Resuelta;SCHINDLER;83,16;https://contrataciondelestado.es/wps/poc?uri=deeplink:detalle_licitacion&idEvl=0YBaC%2Fu%2F46rLIx6q1oPaMg%3D%3D
Contratos menores;Seguro de accidentes curso grabación de datos FPTD/2025/002/2165;Alcaldía del Ayuntamiento de Pozo Cañada;servicios;Resuelta;REALE SEGUROS GENERALES, S.A.;82,5;https://contrataciondelestado.es/wps/poc?uri=deeplink:detalle_licitacion&idEvl=uw3MGcesmmpVYjgxA4nMUw%3D%3D
Contratos menores;"Viatge ""La jornada de coordinació de la direcció balear d'esports i direccions insulars a Menorca dies 21 de maig de 2026""IDM";Departamentos del Consell Insular de Mallorca;servicios;Resuelta;MAUS VIAJES SL;77,34;https://contrataciondelestado.es/wps/poc?uri=deeplink:detalle_licitacion&idEvl=u3oZ19ZsiLomMOlAXxDEjw%3D%3D
Contratos menores;"Factura N&#186;06/26/3.021. Por importe de 90,75€.";Alcaldía del Ayuntamiento de Fuente-Álamo;servicios;Resuelta;M.VILLASEÑOR-96 SOCIEDAD LIMITADA;75;https://contrataciondelestado.es/wps/poc?uri=deeplink:detalle_licitacion&idEvl=BUQwLqB%2FZz1VkTabT%2FRM8A%3D%3D
Contratos menores;Orden de Pedido Hidrolab Analíticas de agua en piscinas agosto-26 según documento S-26/450;Alcaldía del Ayuntamiento de Pozo Lorente;servicios;Resuelta;HIDROLAB S.L.;74,86;https://contrataciondelestado.es/wps/poc?uri=deeplink:detalle_licitacion&idEvl=KQ1bigU0hwHXOjazN1Dw9Q%3D%3D
Contratos menores;Contrato de suministro compra de materiales;Alcaldía del Ayuntamiento de Valdeganga;suministros;Resuelta;GASES LA ESTRELLA SOCIEDAD LIMITADA;74,5;https://contrataciondelestado.es/wps/poc?uri=deeplink:detalle_licitacion&idEvl=oOW2McqmZFEeIBJRHQiPkQ%3D%3D
Contratos menores;Contrato menor suministro toallas conciertos Feria 2026;Alcaldía del Ayuntamiento de Yecla;suministros;Resuelta;NATALIA ALONSO AZORIN;74,38;https://contrataciondelestado.es/wps/poc?uri=deeplink:detalle_licitacion&idEvl=sNGKug7jbAgUqXM96WStVA%3D%3D
Contratos menores;Ranking la tienda del deporte, s.l. Albarán 195178. Suministro banderines viraje para la piscina climatizada.;Alcaldía del Ayuntamiento de Villarrobledo;suministros;Resuelta;RANKING LA TIENDA DEL DEPORTE, S.L.;74,34;https://contrataciondelestado.es/wps/poc?uri=deeplink:detalle_licitacion&idEvl=N1y8QiRSJojVGIpKDxgsAQ%3D%3D
Contratos menores;Reparación lavavajillas.;Presidencia de Diputación Provincial de Albacete;servicios;Resuelta;CUARTERO HIGIENE SOCIEDAD LIMITADA;74;https://contrataciondelestado.es/wps/poc?uri=deeplink:detalle_licitacion&idEvl=Om6LKrrvBEucTfjQf3USOg%3D%3D
Contratos menores;Alimentos invitación Día del Niño. Invitación acto Ruta Gregoriana;Alcaldía del Ayuntamiento de Alcalá del Júcar;suministros;Resuelta;Panaderia y Bollería La Artesana de Alcalá s.l;72,73;https://contrataciondelestado.es/wps/poc?uri=deeplink:detalle_licitacion&idEvl=O%2B5YZ6LTu7eOUi78BmzhOQ%3D%3D
Contratos menores;Factura Nunsys S.A. servicio microsoft empresa estandar septiembre 2026;Alcaldía de la Entidad Local Menor de Aguas Nuevas;servicios;Resuelta;NUNSYS S.A.;70,2;https://contrataciondelestado.es/wps/poc?uri=deeplink:detalle_licitacion&idEvl=bD%2BcqzVK%2FwwkJPJS%2BPS9vg%3D%3D
Contratos menores;Suministro batería 12V - 7.2Ah en centro juvenil;Alcaldía del Ayuntamiento de Haro;suministros;Resuelta;SEGURMICEX SOCIEDAD LIMITADA;70;https://contrataciondelestado.es/wps/poc?uri=deeplink:detalle_licitacion&idEvl=lc805tkzVtHua%2Fi14w%2FPLA%3D%3D
Contratos menores;Servicio de asistencia por avería y comprobación de sensor de capó de autobús urbano.-;Alcaldía del Ayuntamiento de Villarrobledo;servicios;Resuelta;ELECTRO AUTO VILLARROBLEDO S.L.;70;https://contrataciondelestado.es/wps/poc?uri=deeplink:detalle_licitacion&idEvl=OVCh5OUZ4oDyoM4us5k4vw%3D%3D
Contratos menores;Contrato de Suministros Menor - Compra Agua para Plenos;Alcaldía del Ayuntamiento de Bargas;suministros;Resuelta;DISTRIBUCIONES FROIZ S.A.U.;69,87;https://contrataciondelestado.es/wps/poc?uri=deeplink:detalle_licitacion&idEvl=A3fNxHWjba6FQ%2FlhRK79lA%3D%3D
Contratos menores;Contratación servicio arbitraje basket 3x3;Alcaldía del Ayuntamiento de Caudete;servicios;Resuelta;EBONE SERVICIOS, EDUCACION, DEPORTE, SL;69,5;https://contrataciondelestado.es/wps/poc?uri=deeplink:detalle_licitacion&idEvl=3zuUlNYlkQP5Rey58Yagpg%3D%3D
Contratos menores;Pilas y cajas organizadoras para ludoteca;Alcaldía del Ayuntamiento de Pozo Cañada;suministros;Resuelta;PEDRO ANTONIO SANCHEZ MANCEBO;64,3;https://contrataciondelestado.es/wps/poc?uri=deeplink:detalle_licitacion&idEvl=%2FUZPn1B96kOzz8fXU2i3eQ%3D%3D
Contratos menores;Contrato menor suministros: Centros de flores para fiestas Villar;Alcaldía del Ayuntamiento de Chinchilla de Montearagón;suministros;Resuelta;FLORISTERIA RECHE S.L.;63,64;https://contrataciondelestado.es/wps/poc?uri=deeplink:detalle_licitacion&idEvl=7NL%2FUXuH4IZLAIVZdUs8KA%3D%3D
Contratos menores;"Factura N&#186;F29/1. Por importe de 76,05€.";Alcaldía del Ayuntamiento de Fuente-Álamo;suministros;Resuelta;Francisco Javier Yañez Hernandez;62,85;https://contrataciondelestado.es/wps/poc?uri=deeplink:detalle_licitacion&idEvl=6LnsFI33DYzIGlsa0Wad%2Bw%3D%3D
Contratos menores;Contrato de Suministros Menor - 4 Cajas de Bollos de Gratificación Jurado Carrozas Fiestas de Bargas 2026;Alcaldía del Ayuntamiento de Bargas;suministros;Resuelta;PANADERIA PAULINO SL;61,82;https://contrataciondelestado.es/wps/poc?uri=deeplink:detalle_licitacion&idEvl=FFsgb3iSnkN%2BF6L2uCfUWg%3D%3D
Contratos menores;Flores ofrenda del deporte de Llanera a la Santina 2026;Alcaldía del Ayuntamiento de Llanera;suministros;Resuelta;CELIA RAMOS QUINCE;57,85;https://contrataciondelestado.es/wps/poc?uri=deeplink:detalle_licitacion&idEvl=hGb43HOnjPrpxJFXpLZ%2B2A%3D%3D
Contratos menores;Banda reina y bufanda míster Ituero 2026;Alcaldía del Ayuntamiento de Masegoso;suministros;Resuelta;MAGISTER E.S.P.J.;57,85;https://contrataciondelestado.es/wps/poc?uri=deeplink:detalle_licitacion&idEvl=E5vrC92G%2BKdPpzdqOdhuWg%3D%3D
Contratos menores;Contrato menor de servicio ITV vehículo TO7373V;Alcaldía del Ayuntamiento de Bargas;servicios;Resuelta;CERQUO ITV CLM, S.L.U.;54,76;https://contrataciondelestado.es/wps/poc?uri=deeplink:detalle_licitacion&idEvl=fjJNAph%2FXl3ECtSnloz%2BZQ%3D%3D
Contratos menores;"Factura N&#186;26001444. Por importe de 52,59€.";Alcaldía del Ayuntamiento de Fuente-Álamo;suministros;Resuelta;INDUSTRIAS LÁCTEAS EL CERRON S.L.;50,57;https://contrataciondelestado.es/wps/poc?uri=deeplink:detalle_licitacion&idEvl=lWj8918xqwQ7%2B9FIQYNjeQ%3D%3D
Contratos menores;Contracte menor subministraments de pots estèrils per prendre mostres per a l'anàlisi mensual del Servei de menjar a domicili. Res. Huialfàs.;IMAS - Direcció de la Residència Huialfàs;suministros;Resuelta;LABORATORIO QUIMIOTEST SL;50,12;https://contrataciondelestado.es/wps/poc?uri=deeplink:detalle_licitacion&idEvl=nw8cZp73zU9VYjgxA4nMUw%3D%3D
Contratos menores;Orden de Pedido Emilio José Villa Martinez (Rotualba) placa de calle impresa según proforma 1-000243;Alcaldía del Ayuntamiento de Pozo Lorente;suministros;Resuelta;EMILIO JOSE VILLA MARTINEZ;50;https://contrataciondelestado.es/wps/poc?uri=deeplink:detalle_licitacion&idEvl=KQ1bigU0hwFrhBlEHQFSKA%3D%3D
Contratos menores;Combustibles Arribas y Cano: hielo para la verbena 2.026 - 50,00 €;Alcaldía del Ayuntamiento de Ossa de Montiel;suministros;Resuelta;COMBUSTIBLES ARRIBAS Y CANO S.L.;50;https://contrataciondelestado.es/wps/poc?uri=deeplink:detalle_licitacion&idEvl=0cwqkDMo%2F9KP66GS%2BONYvQ%3D%3D
Contratos menores;contrato menor SUMINISTRO libro de registro para el juzgado de paz septiembre 2026;Alcaldía del Ayuntamiento de Villamalea;suministros;Resuelta;"centro de modelación judicial ""FIDES""";48;https://contrataciondelestado.es/wps/poc?uri=deeplink:detalle_licitacion&idEvl=M%2FIdf0iOoL6ExvMJXBMHHQ%3D%3D
Contratos menores;Servicio de ITV del vehículo 4629LZB (J07), del Parque de bomberos de La Roda.;Presidencia de Diputación Provincial de Albacete;servicios;Resuelta;I.T.V. LA RODA SOCIEDAD LIMITADA;47,3;https://contrataciondelestado.es/wps/poc?uri=deeplink:detalle_licitacion&idEvl=Qb06OZIN2KMXhk1FZxEyvw%3D%3D
Contratos menores;Suministro de GAS BUTANO en instalaciones municipales 2026.;Alcaldía del Ayuntamiento de El Ballestero;suministros;Resuelta;REPSOL BUTANO, S.A.;46,71;https://contrataciondelestado.es/wps/poc?uri=deeplink:detalle_licitacion&idEvl=MXv%2B97NazMktm4eBPtV6eQ%3D%3D
Contratos menores;Botellas de agua para trabajadores del Ayuntamiento;Alcaldía del Ayuntamiento de Liétor;suministros;Resuelta;ALVARO CANO LORENZO;44,55;https://contrataciondelestado.es/wps/poc?uri=deeplink:detalle_licitacion&idEvl=%2FPo2qJKgAe8%2FbjW6njtWLw%3D%3D
Contratos menores;"Factura-E n&#186; 033646/Y/26/000017 por importe de 52,61 €";Alcaldía del Ayuntamiento de Fuente-Álamo;suministros;Resuelta;REPSOL COMERCIAL DE PRODUCTOS PETROLIFEROS S.A.;43,48;https://contrataciondelestado.es/wps/poc?uri=deeplink:detalle_licitacion&idEvl=nxPdBSGo0WR%2FR5QFTlaM4A%3D%3D
Contratos menores;Suministro varios actividades verano y fiestas Pozuelo 2026.;Alcaldía del Ayuntamiento de Pozuelo;suministros;Resuelta;LLANOS SANCHEZ GALVEZ;42,98;https://contrataciondelestado.es/wps/poc?uri=deeplink:detalle_licitacion&idEvl=38oz5Eb1EarIGlsa0Wad%2Bw%3D%3D
Contratos menores;7.- Agua Orotona Garrafas 20 L 0 Galones. Fuente de Algia Potable Parque Móvil.;Presidencia de Diputación Provincial de Albacete;suministros;Resuelta;HIMAX APLICACIONES SOCIEDAD LIMITADA;42,66;https://contrataciondelestado.es/wps/poc?uri=deeplink:detalle_licitacion&idEvl=ggXU1ax6JipeKgd8LfVV9g%3D%3D
Contratos menores;Suministro de productos para botiquín de la piscina municipal 2025-6.;Alcaldía del Ayuntamiento de El Ballestero;suministros;Resuelta;MERCEDES MADALENO MONTALVO;41,57;https://contrataciondelestado.es/wps/poc?uri=deeplink:detalle_licitacion&idEvl=ct9w6swTGiX5Rey58Yagpg%3D%3D
Contratos menores;Contrato menor de suministros para la adquisición de 2 mandos para puerta de Calle Galileo del Área de Deportes;Alcaldía del Ayuntamiento de Almansa;suministros;Resuelta;ANTONIO ATIENZA GARCIA;41,32;https://contrataciondelestado.es/wps/poc?uri=deeplink:detalle_licitacion&idEvl=f09uVZJgMHsIYE3ZiZ%2BxmQ%3D%3D
Contratos menores;Suministro bomba agua Sumer 330W GC-DP 3325;Alcaldía del Ayuntamiento de Haro;suministros;Resuelta;VICTOR DELGADO LAPEIRA;41,28;https://contrataciondelestado.es/wps/poc?uri=deeplink:detalle_licitacion&idEvl=bDK1hEE2787ua%2Fi14w%2FPLA%3D%3D
Contratos menores;Contrato menor de servicio ITV vehículo 2348-DCZ;Alcaldía del Ayuntamiento de Bargas;servicios;Resuelta;CERQUO ITV CLM, S.L.U.;40,84;https://contrataciondelestado.es/wps/poc?uri=deeplink:detalle_licitacion&idEvl=%2FEWy3Uv50ee7JOCXkOhcDg%3D%3D
Contratos menores;Contrato menor productos varios de pintura, según factura proforma de fecha 25/09/2026.;Alcaldía del Ayuntamiento de Madrigueras;suministros;Resuelta;Padel Pinturas S.L;40,52;https://contrataciondelestado.es/wps/poc?uri=deeplink:detalle_licitacion&idEvl=DPOvFqLJwNs%2FbjW6njtWLw%3D%3D
Contratos menores;"Factura N&#186;000650. Por importe de 48,40€.";Alcaldía del Ayuntamiento de Fuente-Álamo;suministros;Resuelta;Juan Jose Moya Garcia;40;https://contrataciondelestado.es/wps/poc?uri=deeplink:detalle_licitacion&idEvl=6D%2FNQSAm8C04NavIWzMcHA%3D%3D
Contratos menores;Contratación servicio redistribución arena campo de voley playa;Alcaldía del Ayuntamiento de Caudete;servicios;Resuelta;ARIDOS ALBERTOS SOCIEDAD LIMITADA;40;https://contrataciondelestado.es/wps/poc?uri=deeplink:detalle_licitacion&idEvl=JtvsSm72uWHi0Kd8%2Brcp6w%3D%3D
Contratos menores;Inspección Técnica de Vehículo para Vehículo de Protección civil (ITV 2400-FTL);Alcaldía del Ayuntamiento de Haro;servicios;Resuelta;OCA INSPECCION TECNICA DE VEHICULOS S.A.;39,35;https://contrataciondelestado.es/wps/poc?uri=deeplink:detalle_licitacion&idEvl=wcyVArbeODR6nTs9LZ9RhQ%3D%3D
Contratos menores;Contrato menor material papelería para oficinas municipales, prof. 2 000036 de fecha 22/09/2026.;Alcaldía del Ayuntamiento de Madrigueras;suministros;Resuelta;VICTOR DAVID LEAL TENDERO;39,34;https://contrataciondelestado.es/wps/poc?uri=deeplink:detalle_licitacion&idEvl=qFh9pGKaH%2BDCfVQHDepjGQ%3D%3D
Contratos menores;Suministro de material para conservación;Presidencia de Diputación Provincial de Albacete;suministros;Resuelta;INDUSTRIAL CAMPOLLANO FERRETERIA SL;39,33;https://contrataciondelestado.es/wps/poc?uri=deeplink:detalle_licitacion&idEvl=Yj%2BbdCUT5eAUqXM96WStVA%3D%3D
Contratos menores;Gasolina sin plomo 95;Presidencia de Diputación Provincial de Albacete;suministros;Resuelta;CONC. MEDIOAMB. DE CASTILLA LA MANCHA S.A.;38,62;https://contrataciondelestado.es/wps/poc?uri=deeplink:detalle_licitacion&idEvl=N%2B7t5%2BTpKN8QyBAnWzHfCg%3D%3D
Contratos menores;Gastos de viaje presentación OPSA (vuelta);Presidencia de Diputación Provincial de Albacete;servicios;Resuelta;VIAJES EL CORTE INGLÉS;37,53;https://contrataciondelestado.es/wps/poc?uri=deeplink:detalle_licitacion&idEvl=357UHOGKJzheKgd8LfVV9g%3D%3D
Contratos menores;Contrato menor: Soporte para altavoz de la biblioteca municipal;Alcaldía del Ayuntamiento de Banyeres de Mariola;suministros;Resuelta;VICENTE JOSE MATAIX FRANCES;37;https://contrataciondelestado.es/wps/poc?uri=deeplink:detalle_licitacion&idEvl=G4uXSMv%2FrnoQyBAnWzHfCg%3D%3D
Contratos menores;Contrato menor. Copias a facturar copiadora RICOH en el periodo 18-06-26 a 23-07-26;Alcaldía del Ayuntamiento de Munera;servicios;Resuelta;SOLITIUM S.L.;35,42;https://contrataciondelestado.es/wps/poc?uri=deeplink:detalle_licitacion&idEvl=FmWtiT70uas36J9Lctlsuw%3D%3D
Contratos menores;Adquisición de dos placas de metacrilato de 37 cms. para Palacio.;Presidencia de Diputación Provincial de Albacete;suministros;Resuelta;CORREDOR MAÑAS SL;35;https://contrataciondelestado.es/wps/poc?uri=deeplink:detalle_licitacion&idEvl=whTIW9JDHhqHCIsjvJ3rhQ%3D%3D
Contratos menores;Adquisición de receptores bluetooth para el Conservatorio.;Presidencia de Diputación Provincial de Albacete;suministros;Resuelta;DIELTRÓN ELECTRÓNICA S.L.;34;https://contrataciondelestado.es/wps/poc?uri=deeplink:detalle_licitacion&idEvl=ixafHQz1BN87%2B9FIQYNjeQ%3D%3D
Contratos menores;Adquisición de diverso material eléctrico para el S.I.R.;Presidencia de Diputación Provincial de Albacete;suministros;Resuelta;GRUPO ELECTRO STOCKS SLU;32,84;https://contrataciondelestado.es/wps/poc?uri=deeplink:detalle_licitacion&idEvl=afIOYBjJWpXyoM4us5k4vw%3D%3D
Contratos menores;Factura Comercial Cofesa S.L. suministro sello automático printer;Alcaldía de la Entidad Local Menor de Aguas Nuevas;suministros;Resuelta;COMERCIAL COFESA S.L.;32;https://contrataciondelestado.es/wps/poc?uri=deeplink:detalle_licitacion&idEvl=4br%2FWYRpXnMl5NjlNci%2BtA%3D%3D
Contratos menores;Contrato de suministro para ruedas;Alcaldía del Ayuntamiento de Valdeganga;suministros;Resuelta;SUMINISTROS GOMEZ SOCIEDAD LIMITADA;32;https://contrataciondelestado.es/wps/poc?uri=deeplink:detalle_licitacion&idEvl=oOW2McqmZFG8ebB%2FXTwy0A%3D%3D
Contratos menores;Factura Nunsys S.A. servicio copia seguridad nube septiembre 2026;Alcaldía de la Entidad Local Menor de Aguas Nuevas;servicios;Resuelta;NUNSYS S.A.;31,07;https://contrataciondelestado.es/wps/poc?uri=deeplink:detalle_licitacion&idEvl=bD%2BcqzVK%2FwzpxJFXpLZ%2B2A%3D%3D
Contratos menores;"Contrato de suministros menor - Placa Cerámica para la Plaza de Toros - Importe Pendiente correspondiente al N&#186; Expediente 1854367K";Alcaldía del Ayuntamiento de Bargas;suministros;Resuelta;ALFAR EL CARMEN S.L;30,02;https://contrataciondelestado.es/wps/poc?uri=deeplink:detalle_licitacion&idEvl=V%2F881FY%2BxFWcCF8sV%2BqtYA%3D%3D
Contratos menores;"Factura N&#186;16/09/2026. Por importe de 32,50€.";Alcaldía del Ayuntamiento de Fuente-Álamo;servicios;Resuelta;LEIDY MABEL BLANCO AMARILLA;29,55;https://contrataciondelestado.es/wps/poc?uri=deeplink:detalle_licitacion&idEvl=R0akaAdVdCh%2FR5QFTlaM4A%3D%3D
Contratos menores;Contrato menor: 5 archivos fotografías de carnet para los nuevos agentes de policía;Alcaldía del Ayuntamiento de Banyeres de Mariola;servicios;Resuelta;JUANA MARIA FERRE TORTOSA;27,5;https://contrataciondelestado.es/wps/poc?uri=deeplink:detalle_licitacion&idEvl=K2EpcY1gxy2opEMYCmrbmw%3D%3D
Contratos menores;Contracte menor servei de lloguer de dispensadors d'aigua, filtració i ósmosi inversa. CD Can Clar.;IMAS - Vicepresidencia;servicios;Resuelta;CULLIGAN WATER SPAIN SLU;27,33;https://contrataciondelestado.es/wps/poc?uri=deeplink:detalle_licitacion&idEvl=7b3DxvcqNOB6nTs9LZ9RhQ%3D%3D
Contratos menores;"Factura N&#186;2026/10/000159. Por importe de 32,67€.";Alcaldía del Ayuntamiento de Fuente-Álamo;servicios;Resuelta;PADI SERVICIOS Y SUMINISTROS S.L.;27;https://contrataciondelestado.es/wps/poc?uri=deeplink:detalle_licitacion&idEvl=RTDcELALGXnyoM4us5k4vw%3D%3D
Contratos menores;Contrato menor de servicios por realización de 1 fechador para las bibliotecas municipales;Alcaldía del Ayuntamiento de Almansa;servicios;Resuelta;TOMAS ORTIZ S.L.;27;https://contrataciondelestado.es/wps/poc?uri=deeplink:detalle_licitacion&idEvl=XadctKDXQvAl5NjlNci%2BtA%3D%3D
Contratos menores;Gastos de viaje presentación OPSA (ida);Presidencia de Diputación Provincial de Albacete;servicios;Resuelta;VIAJES EL CORTE INGLÉS;26,48;https://contrataciondelestado.es/wps/poc?uri=deeplink:detalle_licitacion&idEvl=%2FSlLpuaQgTfVGIpKDxgsAQ%3D%3D
Contratos menores;Suministros Gómez. Suministro de llave de filtro cinta dogher y mango de azada__ 31,70€;Alcaldía del Ayuntamiento de Bonete;suministros;Resuelta;Suministros Gómez SL;26,2;https://contrataciondelestado.es/wps/poc?uri=deeplink:detalle_licitacion&idEvl=pz4Du9j4Mt0wYTJJ03sHog%3D%3D
Contratos menores;Contracte menor servei de lloguer mensual de contenidor de destrucció de paper de 240 l. Res. Huialfas;IMAS - Direcció de la Residència Huialfàs;servicios;Resuelta;ELIMINA SL;26;https://contrataciondelestado.es/wps/poc?uri=deeplink:detalle_licitacion&idEvl=YElm7kznKWn%2Fa9DgO%2BoYKQ%3D%3D
Contratos menores;Aperitivos y pincel para festividad de San Isidro;Alcaldía del Ayuntamiento de Liétor;suministros;Resuelta;ALVARO CANO LORENZO;23,64;https://contrataciondelestado.es/wps/poc?uri=deeplink:detalle_licitacion&idEvl=5zKW1Z%2Bp10kIYE3ZiZ%2BxmQ%3D%3D
Contratos menores;Adquisición de un comprobador de cables para el servicio de mantenimiento de la Diputación Provincial de Albacete;Presidencia de Diputación Provincial de Albacete;suministros;Resuelta;SONEPAR IBÉRICA SPAIN, S.A.;20,83;https://contrataciondelestado.es/wps/poc?uri=deeplink:detalle_licitacion&idEvl=iWqvOfRAbVydkQsA7ROvsg%3D%3D
Contratos menores;"Factura N&#186;F28/1. Por importe de 24,10€.";Alcaldía del Ayuntamiento de Fuente-Álamo;suministros;Resuelta;Llanos Marco Gomez;19,92;https://contrataciondelestado.es/wps/poc?uri=deeplink:detalle_licitacion&idEvl=24YiHMG%2BX%2BHL1rX3q%2FMAPA%3D%3D
Contratos menores;Contrato menor de suministros para la adquisición de diverso material de oficina para el Área de Deportes;Alcaldía del Ayuntamiento de Almansa;suministros;Resuelta;CASTILLO OFIPAL SOCIEDAD LIMITADA;15,45;https://contrataciondelestado.es/wps/poc?uri=deeplink:detalle_licitacion&idEvl=XadctKDXQvBrSd8H4b2soA%3D%3D
Contratos menores;CONmenor de Suministro de tuerca reducción, machon laton y juntas planas;Alcaldia del Ayuntamiento de Pinoso;suministros;Resuelta;MAÑAN SOCIEDAD COOPERATIVA;14,8;https://contrataciondelestado.es/wps/poc?uri=deeplink:detalle_licitacion&idEvl=%2Bbn7qLfynr56nTs9LZ9RhQ%3D%3D
Contratos menores;Adquisición de repuestos y accesorios necesarios para el desempeño de trabajos de reparación de vehículos de Diputación Provincial de Albacete Ver contenido en fichero adjunto;Presidencia de Diputación Provincial de Albacete;suministros;Resuelta;ROMOVIL;13,23;https://contrataciondelestado.es/wps/poc?uri=deeplink:detalle_licitacion&idEvl=VoPc1NBnpriFQ%2FlhRK79lA%3D%3D
Contratos menores;Contracte menor servei de lloguer mensual contenidor de 240 l per a la destrucció de paper. Residència Miquel Mir.;IMAS - Direcció de la Residència Miquel Mir;servicios;Resuelta;ELIMINA SL;13;https://contrataciondelestado.es/wps/poc?uri=deeplink:detalle_licitacion&idEvl=t6YdZxvJtN1Whbmkna2nXQ%3D%3D
Contratos menores;Contrato menor suministro botellas de agua para la Feria de septiembre 2026;Alcaldía del Ayuntamiento de Yecla;suministros;Resuelta;SUCESORES DE MONTOYA SL;12,87;https://contrataciondelestado.es/wps/poc?uri=deeplink:detalle_licitacion&idEvl=1BoZI4EZ1nprSd8H4b2soA%3D%3D
Contratos menores;Factura Comercial Cofesa S.L. suministro material oficina;Alcaldía de la Entidad Local Menor de Aguas Nuevas;suministros;Resuelta;COMERCIAL COFESA S.L.;8,6;https://contrataciondelestado.es/wps/poc?uri=deeplink:detalle_licitacion&idEvl=DcoNH6MAyxWGCFcHcNGIlQ%3D%3D
Contratos menores;Alimentos para participantes celíacos Ofrenda a la Santina 2026;Alcaldía del Ayuntamiento de Llanera;suministros;Resuelta;HIJOS DE LUIS RODRIGUEZ SA;6,61;https://contrataciondelestado.es/wps/poc?uri=deeplink:detalle_licitacion&idEvl=5pnX5PZ%2FmHcadbH3CysQuQ%3D%3D
Contratos menores;Contrato de Suministros Menor de Protección Civil - copias de llaves en Farga Agrícola Industrial SL 31-08-26;Alcaldía del Ayuntamiento de Bargas;suministros;Resuelta;FRAGA AGRICOLA INDUSTRIAL, S.L.;5,78;https://contrataciondelestado.es/wps/poc?uri=deeplink:detalle_licitacion&idEvl=G8nSB4zQbcHjHF5qKI4aaw%3D%3D
Contratos menores;"Factura N&#186;2026/10/000179. Por importe de 514,93.";Alcaldía del Ayuntamiento de Fuente-Álamo;servicios;Resuelta;PADI SERVICIOS Y SUMINISTROS S.L.;0;https://contrataciondelestado.es/wps/poc?uri=deeplink:detalle_licitacion&idEvl=If79QC6hwxJ%2BF6L2uCfUWg%3D%3D
Contratos menores;Servicio de asistencia puerta corredera 13/08/2026 en Palacio de Bendaña;Alcaldía del Ayuntamiento de Haro;servicios;Resuelta;PUERTAS AUTOMATICAS PORMANORTE, S.L.;0;https://contrataciondelestado.es/wps/poc?uri=deeplink:detalle_licitacion&idEvl=BiEMqkOMSiYaF6cS8TCh%2FA%3D%3D
