Tipo;Título;Órgano;Tipo;Estado;Adjudicatario;Importe (€);Enlace
Contratos menores;Relación contratos menores 3 trimestre 2026;Gerencia Sector Sanitario de Zaragoza 2;suministros;Resuelta;VER RELACION;171216,9;https://contrataciondelestado.es/wps/poc?uri=deeplink:detalle_licitacion&idEvl=lPFbz1NwS%2FQtm4eBPtV6eQ%3D%3D
Contratos menores;Contrato menor de sistemas de información necesarios para implementar reglas de alerta temprana en la demostración del caso de seguimiento de multirresistencias bacterianas dentro del proyecto valdata, en el marco del plan de recuperación, transformación y resiliencia - financiado por la unión europea – nextgenerationeu;Dirección de Gestión de la Fundación Instituto de Investigación Marqués de Valdecilla;suministros;Resuelta;ASOCIACIÓN PARA EL DESARROLLO DE LA INGENIERÍA DEL CONOCIMIENTO ADIC;49980;https://contrataciondelestado.es/wps/poc?uri=deeplink:detalle_licitacion&idEvl=Onl0Q4Rvs6SopEMYCmrbmw%3D%3D
Contratos menores;Generador sintetizador de señal 6GHZ;Secretaría General del INTA;suministros;Resuelta;DATATEC INSTRUMENTS S.L;49454,54;https://contrataciondelestado.es/wps/poc?uri=deeplink:detalle_licitacion&idEvl=o8pGvr6liC65HQrHoP3G5A%3D%3D
Contratos menores;Renovación de las Plataformas Espublico;Junta de Gobierno del Ayuntamiento de Logroño;privado;Resuelta;ESPUBLICO SERVICIOS ADMINISTRACION S.A.;45811,36;https://contrataciondelestado.es/wps/poc?uri=deeplink:detalle_licitacion&idEvl=kz9FarlWIe7%2B3JAijKO%2Bkg%3D%3D
Contratos menores;Acondicionamiento, pavimentación y alumbrado para vía de zona del Calvario de Illueca.;Alcalde del Ayuntamiento de Illueca;obras;Resuelta;INSTALACIONES SALDAÑA MARCO, S.L.;39999,17;https://contrataciondelestado.es/wps/poc?uri=deeplink:detalle_licitacion&idEvl=c%2BnCfXhWAQ83vLk2DU2Ddg%3D%3D
Contratos menores;Ejecución de los trabajos para la colocación de la señalética de información al viajero y de seguridad, incluso suministro, en la estación de Xàtiva Alta Velocidad AV (Valencia).;ADIF Alta Velocidad - Presidencia;obras;Resuelta;Tecnologia Señaletica SL;39940;https://contrataciondelestado.es/wps/poc?uri=deeplink:detalle_licitacion&idEvl=95G2ac%2BRRdVq1DdmE7eaXg%3D%3D
Contratos menores;Reforma de la instalación de climatización de los departamentos de técnicas biomoleculares y análisis fitosanitarios en el Laboratorio Arbitral Agroalimentario de Madrid;Dirección General de Servicios e Inspección del Ministerio de Agricultura, Pesca y Alimentación;obras;Resuelta;TRATAMIENTO GLOBAL DEL AIRE S.L.;39938;https://contrataciondelestado.es/wps/poc?uri=deeplink:detalle_licitacion&idEvl=gVEWw6D7fW4S7pcxhTeWOg%3D%3D
Contratos menores;Renovación de redes de saneamiento, abastecimiento y pavimentación de Av. Independencia junto a padel.;Alcalde del Ayuntamiento de Illueca;obras;Resuelta;DRM CONSTRUCCIONES Y OBRAS CIVILES S.L.;39899,47;https://contrataciondelestado.es/wps/poc?uri=deeplink:detalle_licitacion&idEvl=sF97kQmr5paP66GS%2BONYvQ%3D%3D
Contratos menores;Aprobación y adjudicación contrato menor de obras reforma integral de fachadas del centro cultural de El Mocanal;Presidencia del Cabildo Insular de El Hierro;obras;Resuelta;Construcciones Roquealto, S.L.U.;39805;https://contrataciondelestado.es/wps/poc?uri=deeplink:detalle_licitacion&idEvl=7or%2Bg6kwHH3%2Fa9DgO%2BoYKQ%3D%3D
Contratos menores;Sustitucion de la compuerta de regulación de la toma de riegos de la presa de Moneva. -ZG/Samper del Salz.;Presidencia de la Confederación Hidrográfica del Ebro;obras;Resuelta;MANTENIMIENTOS HIDROMECANICOS, S.L.;39636,36;https://contrataciondelestado.es/wps/poc?uri=deeplink:detalle_licitacion&idEvl=7uUR5pOyhdZ4zIRvjBVCSw%3D%3D
Contratos menores;Adquisición de 10 preamplificadores de tipo integración de carga;Secretaría General del Centro de Investigaciones Energéticas, Medioambientales y Tecnológicas (CIEMAT);suministros;Resuelta;TECNOLOGÍAS ASOCIADAS TECNASA,S.L.;39600;https://contrataciondelestado.es/wps/poc?uri=deeplink:detalle_licitacion&idEvl=nrxVe4rpmMfpxJFXpLZ%2B2A%3D%3D
Contratos menores;Recuperación de calados en la bocana del Puerto del Molinar;Presidencia de la Autoridad Portuaria de Baleares;obras;Resuelta;SERVICIOS PROFESIONALES SUBMARINOS SL;39500;https://contrataciondelestado.es/wps/poc?uri=deeplink:detalle_licitacion&idEvl=ADsaHW620Ovi0Kd8%2Brcp6w%3D%3D
Contratos menores;Tapado de contenedores soterrados en Castilleja de Guzmán. Plan Provincial MAS Sevilla.;Alcaldía del Ayuntamiento de Castilleja de Guzmán;obras;Resuelta;NICOLÁS CAMINO GARRIDO;39412,88;https://contrataciondelestado.es/wps/poc?uri=deeplink:detalle_licitacion&idEvl=gOrrZTiQF2RQFSeKCRun4Q%3D%3D
Contratos menores;Obras de contención estructural de las cornisas del Nuevo Estadio Colombino de Huelva.;Concejal Responsable del Área de Infraestructuras y Servicios Públicos del Ayuntamiento de Huelva;obras;Resuelta;CONSTRUCCIONES GLESA, S.A.;39403,28;https://contrataciondelestado.es/wps/poc?uri=deeplink:detalle_licitacion&idEvl=2UKCk89t12E36J9Lctlsuw%3D%3D
Contratos menores;OM-002/2026 Adaptación de local en la OCA de Alburquerque, para el traslado provisional del personal del centro de empleo de Alburquerque;Servicio Extremeño Público de Empleo (SEXPE);obras;Resuelta;CONSTRUCCION E INGENIERIA MOVILLA;39328,39;https://contrataciondelestado.es/wps/poc?uri=deeplink:detalle_licitacion&idEvl=Rl4mgXuXFMZrSd8H4b2soA%3D%3D
Contratos menores;Impermeab¡lizacion del muro exterior de la casa de Administracion del embalse Gonzalez-Lacasa, RJ/ORTIGOSA DE CAMEROS;Presidencia de la Confederación Hidrográfica del Ebro;obras;Resuelta;DAMARIM, S.L.;38834,71;https://contrataciondelestado.es/wps/poc?uri=deeplink:detalle_licitacion&idEvl=YVaR4QXdZ9SsNfRW6APEDw%3D%3D
Contratos menores;Acondicionamiento de cubierta del edificio de la C.H.E. en el barrio de Casablanca, ZARAGOZA;Presidencia de la Confederación Hidrográfica del Ebro;obras;Resuelta;BURTINA INDUSTRIAL OBRAS Y PROYECTOS, S.L.;38803,14;https://contrataciondelestado.es/wps/poc?uri=deeplink:detalle_licitacion&idEvl=wkjqWL10hFkzjChw4z%2FXvw%3D%3D
Contratos menores;Obras de adecuación de espacio común a varios laboratorios y servicios técnicos como facility room;Gerencias de los Institutos de la Agencia Estatal Consejo Superior de Investigaciones Científicas;obras;Resuelta;Instalaciones y montajes de aluminio Barrios, S.A.;38460;https://contrataciondelestado.es/wps/poc?uri=deeplink:detalle_licitacion&idEvl=%2FxjnhGGesmoZDGvgaZEVxQ%3D%3D
Contratos menores;"Reforma de instalación eléctrica de baja tensión, sustitución de luminarias e instalación de marcador electrónico en el campo de fútbol municipal ""Juan Cayuela"".";Alcaldia del Ayuntamiento de Totana;obras;Resuelta;ELECTRO TOTANA S.L.;37998;https://contrataciondelestado.es/wps/poc?uri=deeplink:detalle_licitacion&idEvl=9buGu%2Bbuh5Q7%2B9FIQYNjeQ%3D%3D
Contratos menores;Sustitución del pavimento del patio del colegio Gil Tarín de La Muela;Alcaldía del Ayuntamiento de La Muela;obras;Resuelta;SPORT OCIO PLUS SL;37989,14;https://contrataciondelestado.es/wps/poc?uri=deeplink:detalle_licitacion&idEvl=DByiL8mwEHwtm4eBPtV6eQ%3D%3D
Contratos menores;Obra de conservacion de cubierta de la ermita de san roman de moroso (bostronizo - arenas de iguña);Consejería de Universidades, Igualdad, Cultura y Deporte;obras;Resuelta;TECNICAS PARA LA RESTAURACIÓN Y CONSTRUCCIONES, S.A;37892,72;https://contrataciondelestado.es/wps/poc?uri=deeplink:detalle_licitacion&idEvl=ShrX%2B8%2B%2BXiiExvMJXBMHHQ%3D%3D
Contratos menores;"Acondicionamiento parque infantil en parque ""La Presa""";Alcaldía-Presidencia del Ayuntamiento de Los Fayos;obras;Resuelta;PARQUES INFANTILES ROTOMOLDEO ESPAÑA S.L.;37800;https://contrataciondelestado.es/wps/poc?uri=deeplink:detalle_licitacion&idEvl=96GJKPwbOm4adbH3CysQuQ%3D%3D
Contratos menores;Obra de mellora en parques infantís do Obre, Paseo Marítimo e Barro.;Alcaldía del Ayuntamiento de Noia;obras;Resuelta;Pavimentos Noia, Obras e Contratas SL;37148,76;https://contrataciondelestado.es/wps/poc?uri=deeplink:detalle_licitacion&idEvl=cO8I5RuNd4P9pbnDwlaUlg%3D%3D
Contratos menores;Renovación de acabados de suelos y paramentos en las salas SS-33 y SS-35 de la sede de Paseo Infanta Isabel.;Dirección General de Servicios e Inspección del Ministerio de Agricultura, Pesca y Alimentación;obras;Resuelta;VEGASCON NORTE SL;37091,23;https://contrataciondelestado.es/wps/poc?uri=deeplink:detalle_licitacion&idEvl=K914%2B9jueICHCIsjvJ3rhQ%3D%3D
Contratos menores;Contrato menor de obras de conservacion de la iglesia de santa maria de lebeña. (prtr);Consejería de Universidades, Igualdad, Cultura y Deporte;obras;Resuelta;VERIFICACION DE EDIFICIOS SA;36817,46;https://contrataciondelestado.es/wps/poc?uri=deeplink:detalle_licitacion&idEvl=yVMM6QiRcsAadbH3CysQuQ%3D%3D
Contratos menores;Acondicionamiento de los locales municipales, El Adelantado y La Caridad, consistentes en ejecución de obras de preinstalación necesarias para la futura colocación de sistemas energía solar fotovoltaica;Alcaldia del Ayuntamiento de Tacoronte;obras;Resuelta;INTERDERSER GLOBAL SL;35887,85;https://contrataciondelestado.es/wps/poc?uri=deeplink:detalle_licitacion&idEvl=cEUHjQE0JDeP%2Bo96UAV7cQ%3D%3D
Contratos menores;Construcción pista de voley playa permanente en barriada de Taraguilla;Alcaldía del Ayuntamiento de San Roque;obras;Resuelta;HERNANDEZ EDIFICACION Y OBRA CIVIL, SL;35814,9;https://contrataciondelestado.es/wps/poc?uri=deeplink:detalle_licitacion&idEvl=4BWhW%2BOoDbIIYE3ZiZ%2BxmQ%3D%3D
Contratos menores;Ejecución de las obras de acondicionamiento y mejora de la estación de Caracollera.;ADIF - Presidencia;obras;Resuelta;2006 De Braserias La Cabila SL;34887,04;https://contrataciondelestado.es/wps/poc?uri=deeplink:detalle_licitacion&idEvl=1baV6EHz5DTi0Kd8%2Brcp6w%3D%3D
Contratos menores;Obras de conexión de las tuberías de impulsión de las captaciones 1 y 2 (ETAP 1 y ETAP 2) en Magaz de Pisuerga.;Alcaldía de Magaz del Pisuerga;obras;Resuelta;AQUONA GESTIÓN AGUAS DE CASTILLA;33691,89;https://contrataciondelestado.es/wps/poc?uri=deeplink:detalle_licitacion&idEvl=k9UFuClFTZGAAM7L03kM8A%3D%3D
Contratos menores;Sidae 187 Adecuación de jardines para ahorro de agua fase 1;Jefatura de la Sección Económico Administrativa 23 de la Base Aérea de Albacete;obras;Resuelta;ONATE FIGUEREZ S.L.;33500;https://contrataciondelestado.es/wps/poc?uri=deeplink:detalle_licitacion&idEvl=1xMwuJ1ILvImMOlAXxDEjw%3D%3D
Contratos menores;Mantenimiento de la tarima de madera existente en el Palacio de Villavicencio del Alcázar;Junta de Gobierno Local del Ayuntamiento de Jerez;obras;Resuelta;CARPINTERÍA JUBASA, S.L.;33018;https://contrataciondelestado.es/wps/poc?uri=deeplink:detalle_licitacion&idEvl=8BAhbKzuzHi2gkLQ8TeYKA%3D%3D
Contratos menores;Suministro de una estación de trabajo a medida;Gerencias de los Institutos de la Agencia Estatal Consejo Superior de Investigaciones Científicas;suministros;Resuelta;Coolmod Informática, S.L.;32384,28;https://contrataciondelestado.es/wps/poc?uri=deeplink:detalle_licitacion&idEvl=v27KBL8d8yp70UvEyYJSGw%3D%3D
Contratos menores;Plataforma libros electrónicos tecnologías de la información;Rectorado de la Universitat de València;suministros;Resuelta;Proquest llc;31414,95;https://contrataciondelestado.es/wps/poc?uri=deeplink:detalle_licitacion&idEvl=%2BDF74AwahrozjChw4z%2FXvw%3D%3D
Contratos menores;Obras acondicionamiento espacio exterior acceso piscina;Junta de Gobierno del Ayuntamiento de Noblejas;obras;Resuelta;BUILDER 2012, S.L;31345,06;https://contrataciondelestado.es/wps/poc?uri=deeplink:detalle_licitacion&idEvl=M3KfUg4cPiG8ebB%2FXTwy0A%3D%3D
Contratos menores;“Instalación solar fotovoltaica para autoconsumo, como aforro enerxético para unha depuradora (EDAR) en Piñeira de Arcos de 15kw de potencia instalada asociada a subministro existente”;Alcaldía del Ayuntamiento de Sandiás;obras;Resuelta;Elyte Xinzo, S.L.U.;31048;https://contrataciondelestado.es/wps/poc?uri=deeplink:detalle_licitacion&idEvl=hAoyARpGOw6OUi78BmzhOQ%3D%3D
Contratos menores;Contrato de obras de Renovación Parcial de la Tubería de abastecimiento de agua en Aldehuela (T.M. de Prados Redondos, Guadalajara). Actuación Cofinanciable con Fondos FEDER.;Dirección General del Agua;obras;Resuelta;CONSTRUCCIONES Y REHABILITACIONES CORDUENTE, S.L.;31000;https://contrataciondelestado.es/wps/poc?uri=deeplink:detalle_licitacion&idEvl=e1%2B2IETLbYDs%2BnLj3vAg5A%3D%3D
Contratos menores;Servicio médico de guardias de Neurocirugía para el Hospital Universitario dependiente del INGESA en Melilla;Gerencia de Atención Sanitaria de Melilla - Instituto Nacional de Gestión Sanitaria;servicios;Resuelta;GAIZKA URRETA JUAREZ;29999,99;https://contrataciondelestado.es/wps/poc?uri=deeplink:detalle_licitacion&idEvl=RtmHgXit1imTylGzYmBF9Q%3D%3D
Contratos menores;Servicio de guardias de pediatría mediante la concertación con un Centro Sanitario o profesional F.E.A. de Pediatría;Gerencia de Atención Sanitaria de Melilla - Instituto Nacional de Gestión Sanitaria;servicios;Resuelta;TAMARA FERNÁNDEZ FERRANDEZ;29900;https://contrataciondelestado.es/wps/poc?uri=deeplink:detalle_licitacion&idEvl=ykpgeUqK3a1%2BF6L2uCfUWg%3D%3D
Contratos menores;Pintado del Cementerio de San Bartolomé 2026;Alcaldía del Ayuntamiento de San Bartolomé de Lanzarote;obras;Resuelta;SILVANA DIESTE GARCÍA;29850;https://contrataciondelestado.es/wps/poc?uri=deeplink:detalle_licitacion&idEvl=k5hsGlHVD3SLAncw3qdZkA%3D%3D
Contratos menores;Acondicionamiento del archivo en la planta semisotano del edificio de la C.H.E. en el Paseo Sagasta nº28, ZARAGOZA;Presidencia de la Confederación Hidrográfica del Ebro;obras;Resuelta;INSTALACIONES TÉCNICAS DE ELECTRICIDAD Y CLIMATIZACIÓN, S.L.;29717,36;https://contrataciondelestado.es/wps/poc?uri=deeplink:detalle_licitacion&idEvl=ZOOB4ZRBdpc36J9Lctlsuw%3D%3D
Contratos menores;"Contrato menor obra ""Recuperación y mejora de la plaza de toros de Cazorla con fines turísticos y culturales"", en el marco de las ayudas previstas a los Municipios Turísticos de Andalucía";Alcaldía del Ayuntamiento de Cazorla;obras;Resuelta;PROMOCIONES Y CONSTRUCCIONES HERLODI S.L;29593,34;https://contrataciondelestado.es/wps/poc?uri=deeplink:detalle_licitacion&idEvl=F%2FfMippp0WWTylGzYmBF9Q%3D%3D
Contratos menores;Cto. Menor de Obras de Mejora del depósito regulador de agua potable en Baides (Guadalajara);Dirección General del Agua;obras;Resuelta;YONA IMPERMEABILIZACIONES, S.L.;28300;https://contrataciondelestado.es/wps/poc?uri=deeplink:detalle_licitacion&idEvl=RkWeX1T2z1%2FkY6rls5tG9A%3D%3D
Contratos menores;Renovación de la instalación de iluminación del salón de actos del edificio situado en la calle del Ter, 16;Consejería de Educación y Universidades;obras;Resuelta;ELECTRO ALOMAR S.L.;28296,4;https://contrataciondelestado.es/wps/poc?uri=deeplink:detalle_licitacion&idEvl=8tN%2FlRqK27bCfVQHDepjGQ%3D%3D
Contratos menores;Rehabilitación de cubiertas y el tratamiento de humedades en el Acuartelamiento de Campotéjar;Comandancia Guardia Civil de Granada;obras;Resuelta;Construcciones Hermanos García Machado S.L.L.;27450;https://contrataciondelestado.es/wps/poc?uri=deeplink:detalle_licitacion&idEvl=bxDX1TtwaFDXOjazN1Dw9Q%3D%3D
Contratos menores;Electrificación de las aulas de la Facultad de Empresa y Gestión Pública del campus de Huesca. Financiado 100% Gobierno de Aragón;Rectorado de la Universidad de Zaragoza;obras;Resuelta;ARISTEL ELECTRIC 3000 SLL;26947,29;https://contrataciondelestado.es/wps/poc?uri=deeplink:detalle_licitacion&idEvl=5HBw5oA%2FQr0tm4eBPtV6eQ%3D%3D
Contratos menores;Reparación/Mantenimiento de seis pilares en Garaje Acuartelamiento de Viveiro;Comandancia Guardia Civil de Lugo;obras;Resuelta;CONSTRU ROMESAR SL;26592,93;https://contrataciondelestado.es/wps/poc?uri=deeplink:detalle_licitacion&idEvl=tK1XcgqfHJbIGlsa0Wad%2Bw%3D%3D
Contratos menores;CM Obra de reparación y mantenimiento del firme y taludes de la totalidad del camino de acceso al asentamiento de Llanos del Juncal en Sierra Luna. (Tarifa-Cádiz).;Jefatura de Intendencia de Asuntos Económicos Sur;obras;Resuelta;COMASER SERVICIOS INTEGRALES S.L.U;26530;https://contrataciondelestado.es/wps/poc?uri=deeplink:detalle_licitacion&idEvl=YejXQFKkble9Hd5zqvq9cg%3D%3D
Contratos menores;Reforma integral 1ª Pta. Dcha. Bloque 16 Comandancia de Lugo para creación de oficinas;Comandancia Guardia Civil de Lugo;obras;Resuelta;PINTURAS CARLOS VARELA SLU;25578,5;https://contrataciondelestado.es/wps/poc?uri=deeplink:detalle_licitacion&idEvl=0T%2BeYQCDB6ceC9GJQOEBkQ%3D%3D
Contratos menores;Obras de sustitución de sanitarios y aseos JPIT Tenerife del MTDFP;Subdirección General de Servicios y Coordinación;obras;Resuelta;ADÁN ÁLVAREZ LÓPEZ;25195,01;https://contrataciondelestado.es/wps/poc?uri=deeplink:detalle_licitacion&idEvl=0hIaR0PlTUu7JOCXkOhcDg%3D%3D
Contratos menores;Repintado de las marcas viales del polígono industrial de Astorga;Alcaldía del Ayuntamiento de Astorga;obras;Resuelta;VIALES Y BALIZAMIENTO DE TRAFICO S.L.U.;24975;https://contrataciondelestado.es/wps/poc?uri=deeplink:detalle_licitacion&idEvl=eey7y4OyJEydkQsA7ROvsg%3D%3D
Contratos menores;Cerramiento parcela municipal;Alcaldía-Presidencia del Ayuntamiento de Los Fayos;obras;Resuelta;CONSYPRO SA;24350;https://contrataciondelestado.es/wps/poc?uri=deeplink:detalle_licitacion&idEvl=N%2BH22ZwNnWwzjChw4z%2FXvw%3D%3D
Contratos menores;Contrato menor de suministro de publicaciones en formato digital para el Ministerio de Inclusión, Seguridad Social y Migraciones. Disposición adicional 9ª de la LCSP;Subdirección General de Gestión Económica y Oficina Presupuestaria del Ministerio de Inclusión, Seguridad Social y Migraciones;suministros;Resuelta;DIRPUBLI, SL;24295,23;https://contrataciondelestado.es/wps/poc?uri=deeplink:detalle_licitacion&idEvl=oCDpF5p5Old9Zh%2FyRJgM8w%3D%3D
Contratos menores;"Adquisición de 13 licencias base de datos de legislación y jurisprudencia de ""Aranzadi Infinita"" para la Comisión Jurídica y Abogacía General.";Vicepresidencia y Consejería de Presidencia, Coordinación de la Acción de Gobierno, Interior y Emergencias;suministros;Resuelta;LA LEY SOLUCIONES LEGALES SA;24094;https://contrataciondelestado.es/wps/poc?uri=deeplink:detalle_licitacion&idEvl=tvVVJthw99WExvMJXBMHHQ%3D%3D
Contratos menores;Servicio de noticias de la Agencia COLPISA para el Gabinete de Prensa del departamento para el año 2026/2027;Oficialía Mayor del Ministerio de Hacienda;privado;Resuelta;AGENCIA COLPISA, S.L.;23586,96;https://contrataciondelestado.es/wps/poc?uri=deeplink:detalle_licitacion&idEvl=nRpVJLCRmVtrSd8H4b2soA%3D%3D
Contratos menores;Reparación cornisa del CEIP Gabriel Arenas;Alcaldía del Ayuntamiento de San Roque;obras;Resuelta;HERNANDEZ EDIFICACION Y OBRA CIVIL, SL;23556,13;https://contrataciondelestado.es/wps/poc?uri=deeplink:detalle_licitacion&idEvl=Rr6e3MX6kHMaF6cS8TCh%2FA%3D%3D
Contratos menores;Aparcamiento descubierto provisional en la calle Francia;Alcaldía del Ayuntamiento de Illescas;obras;Resuelta;INICIATIVAS ALONSO Y JIMENA SL;23404,6;https://contrataciondelestado.es/wps/poc?uri=deeplink:detalle_licitacion&idEvl=XJTFcjZhmxYadbH3CysQuQ%3D%3D
Contratos menores;Contrato menor para la cimentación de una losa de hormigón para instalar casita de aperos en la urbanización de Santo Tomás;Alcaldía del Ayuntamiento des Migjorn Gran;obras;Resuelta;JUAN MORA S.A.;22657,02;https://contrataciondelestado.es/wps/poc?uri=deeplink:detalle_licitacion&idEvl=xNwrkeu4mQzCfVQHDepjGQ%3D%3D
Contratos menores;Reparación e impermeabilización de cubiertas de la Comandancia de Algeciras;Comandancia Guardia Civil de Algeciras;obras;Resuelta;CONSTRUCCIONES DELGASUR S.L.;22646,02;https://contrataciondelestado.es/wps/poc?uri=deeplink:detalle_licitacion&idEvl=VSqxgCIt2eni0Kd8%2Brcp6w%3D%3D
Contratos menores;Fabricación y montaje de pérgola de madera en parque infantil en urbanización LO CRISPIN;Alcaldía del Ayuntamiento de Algorfa;obras;Resuelta;INICIATIVA FORESTAL S.L.U.;21760;https://contrataciondelestado.es/wps/poc?uri=deeplink:detalle_licitacion&idEvl=NF7G%2FRVpgrDyoM4us5k4vw%3D%3D
Contratos menores;CM obras impermeabilizacion azotea ACTO. PLAZA ESPAÑA;Jefatura de Intendencia de Asuntos Económicos Sur;obras;Resuelta;MUPE DESARROLLO S.L.;21500;https://contrataciondelestado.es/wps/poc?uri=deeplink:detalle_licitacion&idEvl=eirB%2BC89c3bpxJFXpLZ%2B2A%3D%3D
Contratos menores;Actuación de mejora y dotación de servicios urbanos básicos (luz, agua y saneamiento) en tramo de calle Valaldolid;Alcaldía del Ayuntamiento de Nava de Arévalo;obras;Resuelta;DIEGO & ALVARO CONSTRUCCIONES Y REFORMAS SL;20715,6;https://contrataciondelestado.es/wps/poc?uri=deeplink:detalle_licitacion&idEvl=qrABU3pZbsPE6P%2FuLemXRw%3D%3D
Contratos menores;Obras de reparación de baches y hundimientos en varias calles del municipio;Junta de Gobierno local del Ayuntamiento de Villalbilla;obras;Resuelta;ASFALTADOS, FRESADOS Y GARAJES SL;20657;https://contrataciondelestado.es/wps/poc?uri=deeplink:detalle_licitacion&idEvl=DYmHSrpzewsQyBAnWzHfCg%3D%3D
Contratos menores;"Adjudicar contrato menor de obras ""Actuación en la cubierta del Terrero de Lucha de Guarazoca - Fase II (Ejecución restante)""";Presidencia del Cabildo Insular de El Hierro;obras;Resuelta;Construcciones Mérida Hernández, S.L.;20462,7;https://contrataciondelestado.es/wps/poc?uri=deeplink:detalle_licitacion&idEvl=4KFeYg0d1uBrSd8H4b2soA%3D%3D
Contratos menores;Renovación de patios interiores y exteriores en el Hospital Ernest Lluch Martín de Calatayud.;Gerencia Sector Sanitario de Calatayud;obras;Resuelta;ADIBIL CENTRO ESPECIAL DE EMPLEO, S.L.U.;19084,56;https://contrataciondelestado.es/wps/poc?uri=deeplink:detalle_licitacion&idEvl=wF5ognkPF%2FY3vLk2DU2Ddg%3D%3D
Contratos menores;Cm Servicio De Consultoría Para La Implantación Y Puesta En Marcha Del Sistema Contable Del Organismo Pagador Sicop;Consejería de Desarrollo Rural, Ganadería, Pesca y Alimentación de la Comunidad Autónoma de Cantabria;servicios;Resuelta;SERESCO S.A.;18125,8;https://contrataciondelestado.es/wps/poc?uri=deeplink:detalle_licitacion&idEvl=jTv9BZvG7GoXhk1FZxEyvw%3D%3D
Contratos menores;"Ejecución de las obras de ""Mejora de la señalización viaria en pasos de peatones del municipio de l'Alfàs del Pi"".";Pleno del Ayuntamiento de L'Alfàs del Pi;obras;Resuelta;SEÑALIZACIONES ROSES S.L.;17160;https://contrataciondelestado.es/wps/poc?uri=deeplink:detalle_licitacion&idEvl=vNkbE2y2K0zI8aL3PRS10Q%3D%3D
Contratos menores;Obras para el revestimiento de los zócalos de la fachada del ayuntamiento;Pleno del Ayuntamiento de L'Alfàs del Pi;obras;Resuelta;PAVASAL EMPRESA CONSTRUCTORA S.A.U.;16764,72;https://contrataciondelestado.es/wps/poc?uri=deeplink:detalle_licitacion&idEvl=zIDsF%2FhmmugZDGvgaZEVxQ%3D%3D
Contratos menores;"Aprobación y adjudicación contrato menor servicios trabajos de mantenimiento y conservación. limpieza de jardines del centro cultural Frontera ""Ana Barrera""";Presidencia del Cabildo Insular de El Hierro;servicios;Resuelta;Merida Hernández, S.L.U.;15996,5;https://contrataciondelestado.es/wps/poc?uri=deeplink:detalle_licitacion&idEvl=pyHzf21M1BGzz8fXU2i3eQ%3D%3D
Contratos menores;Osciloscopio de 4 canales analógicos de señal mixta de la serie (4) FlexChannels con 31,25 M de longitud de registro y 1 GHz de ancho de banda;Gerencias de los Institutos de la Agencia Estatal Consejo Superior de Investigaciones Científicas;suministros;Resuelta;TEKTRONIX INTERNATIONAL SALES GMBH;15872;https://contrataciondelestado.es/wps/poc?uri=deeplink:detalle_licitacion&idEvl=jlXa11ixKPl4zIRvjBVCSw%3D%3D
Contratos menores;"Aprobación del expediente, aprobación del gasto y reconocimiento de la obligación de los contratos menores de servicios para la puesta en marcha del ""Proyecto de atención a las Adicciones. Cabildo Insular de El Hierro 2026. Subvención nominada de 32918 €""";Presidencia del Cabildo Insular de El Hierro;servicios;Resuelta;Asociación de Cooperación Juvenil San Miguel;15860,19;https://contrataciondelestado.es/wps/poc?uri=deeplink:detalle_licitacion&idEvl=5iNp8BDBZYC9Hd5zqvq9cg%3D%3D
Contratos menores;Suministro de una lupa binocular y equipos de iluminación para lupas;Gerencias de los Institutos de la Agencia Estatal Consejo Superior de Investigaciones Científicas;suministros;Resuelta;PALEX MEDICAL, S.A.;15860;https://contrataciondelestado.es/wps/poc?uri=deeplink:detalle_licitacion&idEvl=c7YdZaemQeh4zIRvjBVCSw%3D%3D
Contratos menores;Reforma del pavimento;Presidencia de Málaga Deportes y Eventos S.A.M.;obras;Resuelta;PAYRESPORT 2006, S.L;15737,8;https://contrataciondelestado.es/wps/poc?uri=deeplink:detalle_licitacion&idEvl=OH8%2FFoF8A45%2FR5QFTlaM4A%3D%3D
Contratos menores;El objeto del contrato menor de obras es la mejora de las condiciones adecuadas de funcionalidad, seguridad, comodidad y durabilidad de los aparcamientos disuasorios.;Junta de Gobierno del Ayuntamiento de Vinarós;obras;Resuelta;G. BARREDA SOCIEDAD LIMITADA;15416,46;https://contrataciondelestado.es/wps/poc?uri=deeplink:detalle_licitacion&idEvl=4cMxqsmotYR9Zh%2FyRJgM8w%3D%3D
Contratos menores;Relación trimestral 3T 2026 Contratos menores CITA;Centro de Investigación y Tecnología Agroalimentaria (CITA);suministros;Resuelta;VARIOS ADJUDICATARIOS;15000;https://contrataciondelestado.es/wps/poc?uri=deeplink:detalle_licitacion&idEvl=k7tH9V%2BxesImMOlAXxDEjw%3D%3D
Contratos menores;Servicio de comedor para personas mayores;Junta de Gobierno Local del Ayuntamiento de San Carlos del Valle;servicios;Resuelta;ASOCIACION EDAD DORADA MENSAJEROS DE LA PAZ C.L.M;15000;https://contrataciondelestado.es/wps/poc?uri=deeplink:detalle_licitacion&idEvl=VA%2F%2FeJgWzlvpxJFXpLZ%2B2A%3D%3D
Contratos menores;servicios artísticos para fiestas patronales de octubre 2026;Junta de Gobierno del Ayuntamiento de Alquerías del Niño Perdido;servicios;Resuelta;ESPECTACULOS TALIA S.L.;14999,99;https://contrataciondelestado.es/wps/poc?uri=deeplink:detalle_licitacion&idEvl=l7Y%2BNuiIOtOzz8fXU2i3eQ%3D%3D
Contratos menores;Aprobación y adjudicación contrato menor suministro material promocional del Área de derechos sociales, bienestar social y Dignidad Personal para la campaña Tú Cuidas El Hierro, El Hierro Te Cuida;Presidencia del Cabildo Insular de El Hierro;suministros;Resuelta;Rótulos Meridiano S.L.U;14999,99;https://contrataciondelestado.es/wps/poc?uri=deeplink:detalle_licitacion&idEvl=MCKb8NR2gweOUi78BmzhOQ%3D%3D
Contratos menores;CM Adquisición sillas para el edificio de PLMM NCCTLET;Jefatura de Intendencia de Asuntos Económicos Sur;suministros;Resuelta;GERALVEZ PROYECTOS CONTRAC SL;14999,17;https://contrataciondelestado.es/wps/poc?uri=deeplink:detalle_licitacion&idEvl=ugwA77H11kXmnwcj%2BxbdTg%3D%3D
Contratos menores;Acción de patrocinio por el Cabildo Insular de Tenerife, del evento “La Quedada del Año 2026”, con la entidad ESTUDIOS MULTITRACK S.L.U., que se celebrará el 25 de abril de 2026 en Tenerife.;Dirección Insular de Hacienda del Cabildo Insular de Tenerife;servicios;Resuelta;ESTUDIOS MULTITRACK S.L.U.;14999;https://contrataciondelestado.es/wps/poc?uri=deeplink:detalle_licitacion&idEvl=44T%2BGzpLXgMeIBJRHQiPkQ%3D%3D
Contratos menores;Adquisición de repuestos exclusivos para el sistema BicinRivas;Consejo de Administración de Rivas-Vaciamadrid Empresa Municipal de Servicios S.A. (Rivamadrid);suministros;Resuelta;SERVEO SERVICIOS SAU;14999;https://contrataciondelestado.es/wps/poc?uri=deeplink:detalle_licitacion&idEvl=TvWnE6SW9S%2FL1rX3q%2FMAPA%3D%3D
Contratos menores;Suministro de Material de Oficina oficina en Santa Cruz de Tenerife;Promotur Turismo Canarias S.A.;suministros;Resuelta;ELNUBA DISTRIBUCIONES DE PAPELERIA S.L.;14999;https://contrataciondelestado.es/wps/poc?uri=deeplink:detalle_licitacion&idEvl=UlFKLfyckiCsNfRW6APEDw%3D%3D
Contratos menores;Contrato administrativo menor de servicios preventivos sanitarios;Alcaldía del Ayuntamiento de Güímar;servicios;Resuelta;SALVASER SL;14999;https://contrataciondelestado.es/wps/poc?uri=deeplink:detalle_licitacion&idEvl=WNf5bbGvoY7i0Kd8%2Brcp6w%3D%3D
Contratos menores;Desalojo Instituto Cajal y traslado de material al Ci2A;Gerencias de los Institutos de la Agencia Estatal Consejo Superior de Investigaciones Científicas;servicios;Resuelta;RUFINO RUBIO S.A.;14998,5;https://contrataciondelestado.es/wps/poc?uri=deeplink:detalle_licitacion&idEvl=mbPt26iwUFIUqXM96WStVA%3D%3D
Contratos menores;Suministro de víveres para el servicio de restauración del Hospital Mateu Orfila del Área de Salud de Menorca.;Servicio de Salud de las Illes Balears;suministros;Resuelta;Carnicas Viper, S.L.;14998,25;https://contrataciondelestado.es/wps/poc?uri=deeplink:detalle_licitacion&idEvl=dtJ5PQtKL2G5HQrHoP3G5A%3D%3D
Contratos menores;Contratación artística y preproducción Coincierto 2026;Alcaldía del Ayuntamiento de Coín;servicios;Resuelta;BRISA MUSIC MANAGEMENT S.L.;14995;https://contrataciondelestado.es/wps/poc?uri=deeplink:detalle_licitacion&idEvl=5QaB6I10ObZrhBlEHQFSKA%3D%3D
Contratos menores;Adaptaciones gráficas Coincierto 2026: Diseño de cartel, diseño de soportes publicitarios, adaptaciones redes sociales, grabación de videos para redes sociales pueblo de Coín, lanzamiento en RRSS del video, presentación rueda de prensa Coincierto, gestión de redes sociales desde lanzamiento hasta la finalización y grabación de video Aftermovie;Alcaldía del Ayuntamiento de Coín;servicios;Resuelta;DOCTOR WATSON COMUNICACION S.L.;14995;https://contrataciondelestado.es/wps/poc?uri=deeplink:detalle_licitacion&idEvl=KKtMZhRUxgPL1rX3q%2FMAPA%3D%3D
Contratos menores;Contratación Menor de la “Gestión del Punto Insular de Accesibilidad”.;Miembros Corporativos con Delegaciones Especiales del Cabildo Insular de la Palma;servicios;Resuelta;ASOC. PLATAFORMA PALMERA DE ATENC INTEG A LA DISCAPACIDAD;14994;https://contrataciondelestado.es/wps/poc?uri=deeplink:detalle_licitacion&idEvl=MgPYNy51tqacCF8sV%2BqtYA%3D%3D
Contratos menores;Contrato menor para el servicio de transporte y reparto de fondos bibliográficos, bienes, mobiliario, enseres, exposiciones y otros materiales, ya sea origen o destino, en cualquiera de las instituciones dependientes de la Subdirección General de Bibliotecas y Archivos.;Área de Gobierno de Cultura, Turismo y Deporte;servicios;Resuelta;ORDAX COORDINADORA DE TRANSPORTES Y MERCANCIAS, S.L.;14990,43;https://contrataciondelestado.es/wps/poc?uri=deeplink:detalle_licitacion&idEvl=BKS8Jyqfa5GTylGzYmBF9Q%3D%3D
Contratos menores;Seguridad y Vigilancia de las instalaciones de la Casa de la Mujer y del menor de Badajoz, ubicada en la calle Federico Mayor Zaragoza esquina con Avenida de Elvas;Instituto de la Mujer de Extremadura;servicios;Resuelta;SEGUREX 06 SL;14990,26;https://contrataciondelestado.es/wps/poc?uri=deeplink:detalle_licitacion&idEvl=f3D9fhig0fvi0Kd8%2Brcp6w%3D%3D
Contratos menores;Servicio de Seguridad y Vigilancia de la Casa de la Mujer y del Menor de Badajoz. Asunto: CONTRATO menor del Servicio de Seguridad y Vigilancia de la Casa de la Mujer y del Menor de Badajoz, mientras se procede a la adjudicación y formalización del contrato tramitado cuyo número de expediente es PSS/2026/0000072544, que acaba de ser desistido y por tanto dará lugar a una nueva licitación.;Instituto de la Mujer de Extremadura;servicios;Resuelta;SEGUREX 06 SL;14990,26;https://contrataciondelestado.es/wps/poc?uri=deeplink:detalle_licitacion&idEvl=Pr4i9THAL7A4NavIWzMcHA%3D%3D
Contratos menores;Contrato actuación artística músicos cadiz suena 2026(30/2026/02);Consejo Rector de la Fundación Provincial de Cultura;privado;Resuelta;FACTORIA DE TECNOLOGIA Y CULTURA SOCIEDAD LIMITADA;14990;https://contrataciondelestado.es/wps/poc?uri=deeplink:detalle_licitacion&idEvl=qs53xHHtssfCfVQHDepjGQ%3D%3D
Contratos menores;Fiestas del Pilar 2026: Festejos Taurinos;Junta de Gobierno Local del Ayuntamiento de Calanda;servicios;Resuelta;RUEDOLE, S.L.;14990;https://contrataciondelestado.es/wps/poc?uri=deeplink:detalle_licitacion&idEvl=ctf5ZmIzsEGzz8fXU2i3eQ%3D%3D
Contratos menores;Fiestas del Pilar 2026: Sonorización, Barras, Seguridad, DJs y Publicidad.;Junta de Gobierno Local del Ayuntamiento de Calanda;servicios;Resuelta;ATRACCIONES AVENIDA, S.L.;14990;https://contrataciondelestado.es/wps/poc?uri=deeplink:detalle_licitacion&idEvl=yOzpylwGVnXi0Kd8%2Brcp6w%3D%3D
Contratos menores;Suministro de tejidos para la confección de sábanas de algodón-poliéster para cumplir con el encargo suscrito por la Entidad Estatal de Derecho Público Trabajo Penitenciario y Formación para el Empleo con la Secretaría General de Instituciones Penitenciarias;Gerencia de la Entidad Estatal de Derecho Público Trabajo Penitenciario y Formación para el Empleo, M.P.;suministros;Resuelta;VETONIA BUSINESS S.L.U;14987,99;https://contrataciondelestado.es/wps/poc?uri=deeplink:detalle_licitacion&idEvl=Ol8mENxZBeKExvMJXBMHHQ%3D%3D
Contratos menores;Suministro de tres servidores y un conector para la implantación de una plataforma corporativa de inteligencia artificial en el MEFPD;Subdirección General de Tecnologías de la Información y Comunicaciones del Ministerio de Educación, Formación Profesional y Deportes;suministros;Resuelta;NETUM ESPAÑA,S.A;14981;https://contrataciondelestado.es/wps/poc?uri=deeplink:detalle_licitacion&idEvl=2ooN8DH20qwmMOlAXxDEjw%3D%3D
Contratos menores;Redacción de un informe potencial fotovoltaico y mapa solar para los pueblos de la Horta Nord;Presidencia de la Mancomunidad L'Horta Nord;servicios;Resuelta;Grupo Impacte Planificación Urbana S.L.;14980;https://contrataciondelestado.es/wps/poc?uri=deeplink:detalle_licitacion&idEvl=i9HFwEV9guri0Kd8%2Brcp6w%3D%3D
Contratos menores;"Contrato Menor Jornadas Formativas ""Más allá de lo invisible: el maltrato psicológico en la violencia de género"".";Miembros Corporativos con Delegaciones Especiales del Cabildo Insular de la Palma;servicios;Resuelta;AMY PRODUCCIONES S.L.;14980;https://contrataciondelestado.es/wps/poc?uri=deeplink:detalle_licitacion&idEvl=tx8KeI8bQGOLAncw3qdZkA%3D%3D
Contratos menores;Dinamizacion ZCA Santa Cruz de Tenerife- ZC;Dirección General de Comercio y Consumo del Gobierno de Canarias;servicios;Resuelta;MYFULLTRIP,S.A.;14980;https://contrataciondelestado.es/wps/poc?uri=deeplink:detalle_licitacion&idEvl=e872bGQK4vt9PLkba5eRog%3D%3D
Contratos menores;Redacción del proyecto modificado de obras de construcción del nuevo edificio de juzgados de Manacor. Islas Baleares;Secretaría de Estado de Justicia;servicios;Resuelta;ESTUDIO GONZÁLEZ ARQUITECTOS, S.L.P;14980;https://contrataciondelestado.es/wps/poc?uri=deeplink:detalle_licitacion&idEvl=M5%2FoAQqvMq2P66GS%2BONYvQ%3D%3D
Contratos menores;"Servicio de vigilancia y seguridad para la exposición de ""Jaume I: del Rei a l'home. L'última victòria"", en el MUMA.";Junta de Gobierno del Ayuntamiento de Alzira;servicios;Resuelta;SFV MULTISERVICIOS, SLU;14980;https://contrataciondelestado.es/wps/poc?uri=deeplink:detalle_licitacion&idEvl=vM%2B93CFH2WzyoM4us5k4vw%3D%3D
Contratos menores;Contrato menor suministro licencia de uso conjunto de IPS públicas del Cabildo Insular de El Hierro;Presidencia del Cabildo Insular de El Hierro;suministros;Resuelta;Banda Ancha Canarias 3000, S.L.;14976;https://contrataciondelestado.es/wps/poc?uri=deeplink:detalle_licitacion&idEvl=H1IpWcjQMLyopEMYCmrbmw%3D%3D
Contratos menores;El objeto del presente contrato lo constituye el suministro de una desbrozadora de brazo hidráulico para su acoplamiento al tractor municipal, destinado a la realización de labores de desbroce, control de la vegetación y mantenimiento de espacios municipales.;Alcaldía del Ayuntamiento de Castropodame;suministros;Resuelta;COMERCIAL BERCIANA DE MAQUINARIA SA;14976;https://contrataciondelestado.es/wps/poc?uri=deeplink:detalle_licitacion&idEvl=etdRkDkZqCuP66GS%2BONYvQ%3D%3D
Contratos menores;"Servicio de redacción de proyecto ""Limpieza y acondicionamiento del cauce público del Río Aguascebas T.M de Villacarrillo - Zona de Mogón (Jaén)""";Junta de Gobierno del Ayuntamiento de Villacarrillo;servicios;Resuelta;OFICINA TECNICA MARTIN ARANDA HIGUERAS SOCIEDAD LIMITADA;14975;https://contrataciondelestado.es/wps/poc?uri=deeplink:detalle_licitacion&idEvl=48T9FVSvj1QeIBJRHQiPkQ%3D%3D
Contratos menores;Pulseras SQR/ código QR único y cierre con Logos corporativos. Panel acceso a nube.;Junta de Gobierno del Ayuntamiento de Murcia;suministros;Resuelta;IDEANTO COMUNICACIÓN, S.L.;14970;https://contrataciondelestado.es/wps/poc?uri=deeplink:detalle_licitacion&idEvl=DetC8BY2%2B9x%2FP7lJ7Fu0SA%3D%3D
Contratos menores;Servicios técnicos de iluminación,sonido, montaje y desmontaje y audiovisuales de las actividades organizadas por laconcejalía de cultura durante 3 meses (octubre, noviembre y diciembre de 2026).;Alcaldía del Ayuntamiento de Sant Joan de Alacant;servicios;Resuelta;NATOYDANI, S.L.;14960;https://contrataciondelestado.es/wps/poc?uri=deeplink:detalle_licitacion&idEvl=NiLmkl%2BmllnCfVQHDepjGQ%3D%3D
Contratos menores;EA2405 / SEADA / Adquisición correas y guardamanos para fusil HK G36 del SEADA.;Jefatura de la Sección Económico Administrativa 24 de la Base Aérea de Morón;suministros;Resuelta;EURODIS SYSTEM ESPAÑA SL;14958,68;https://contrataciondelestado.es/wps/poc?uri=deeplink:detalle_licitacion&idEvl=LSfOYeVzxFQ36J9Lctlsuw%3D%3D
Contratos menores;"Contrato menor de servicios ""asistencia de urgencia para resolver incidencias en planta desaladora móvil contenerizada""";Gerencia del O.A. Consejo Insular de Aguas de El Hierro;servicios;Resuelta;Elmasa Tecnología del Agua;14958,19;https://contrataciondelestado.es/wps/poc?uri=deeplink:detalle_licitacion&idEvl=UpuZQC26%2BOFWhbmkna2nXQ%3D%3D
Contratos menores;Montaje equipos de sonido e iluminación acto institucional entrega Premios Regionales Artesanía 2026;Dirección General de Turismo, Comercio y Artesanía de la Junta de Comunidades de Castilla-La Mancha;servicios;Resuelta;Integral Eventos 2000 SL;14950;https://contrataciondelestado.es/wps/poc?uri=deeplink:detalle_licitacion&idEvl=5XtUIqbtLwgtm4eBPtV6eQ%3D%3D
Contratos menores;Servicios de redacción de proyecto ARRU EL CARDONAL III FASE. Lote 4 “10 bloques,(nº. 125, 126, 127, 135, 136, 139,143, 144, 145 y 147);Sociedad Municipal de Viviendas y de Servicios de San Cristóbal de La Laguna;servicios;Resuelta;CENTRO DE ESTUDIOS DE MATERIALES Y CONTROL DE OBRA, S.A. (CEMOSA);14950;https://contrataciondelestado.es/wps/poc?uri=deeplink:detalle_licitacion&idEvl=zP3nowSIiCM%2FbjW6njtWLw%3D%3D
Contratos menores;Adquisición de licencias Salesforce Marketing Cloud para SAPROMIL 4.0;Subdirección General de Contratación de Tecnologías de la Información y de las Comunicaciones (TIC);suministros;Resuelta;Capgemini España S.L.;14950;https://contrataciondelestado.es/wps/poc?uri=deeplink:detalle_licitacion&idEvl=UX96Rv3NiZLs%2BnLj3vAg5A%3D%3D
Contratos menores;Servicio de asistencia técnica para redacción del proyecto de reforma de 15 viviendas en el bloque “A” del Centro Residencial Capitán General Gutiérrez Mellado. Benidorm (Alicante).;Instituto Social de las Fuerzas Armadas (ISFAS);servicios;Resuelta;ENGITEC PROJECTES D' ENGINYERIA, S.L.;14950;https://contrataciondelestado.es/wps/poc?uri=deeplink:detalle_licitacion&idEvl=osib5ZroxAycTfjQf3USOg%3D%3D
Contratos menores;Patrocinio Foro Cope Cantabria Desafios 2027, crecimiento económico en Cantabria, reforma fiscal, un Nuevo Futuro.;Agencia Cántabra de la Administración Tributaria;servicios;Resuelta;RADIO POPULAR, S.A.;14950;https://contrataciondelestado.es/wps/poc?uri=deeplink:detalle_licitacion&idEvl=6mmt04HeABSTylGzYmBF9Q%3D%3D
Contratos menores;Patrocinio de la gala conmemorativa del 35 Aniversario de AJE Sevilla;Gerencia de PRODETUR S.A.U.;servicios;Resuelta;ASOCIACION DE JOVENES EMPRESARIOS DE SEVILLA;14950;https://contrataciondelestado.es/wps/poc?uri=deeplink:detalle_licitacion&idEvl=tizmobNrFogmMOlAXxDEjw%3D%3D
Contratos menores;CSM - Apoyo técnico especializado para garantizar la continuidad del Servicio Público esencial del Cementerio de Botafuegos mediante operaciones de Horno Crematorio de Botafuegos mediante operaciones de Horno Crematorio y Asistencia Técnica de sus Instalaciones.;Alcaldía del Ayuntamiento de Algeciras;servicios;Resuelta;Grupo Interfunerarias, SLU;14940;https://contrataciondelestado.es/wps/poc?uri=deeplink:detalle_licitacion&idEvl=LHuDo256O5I4NavIWzMcHA%3D%3D
Contratos menores;Suministro de materiales y equipos de protección para inhumaciones;Consejería de Sanidad, Servicios Sociales, Menores e Igualdad;suministros;Resuelta;Azulejos y Baños Susi SL;14923;https://contrataciondelestado.es/wps/poc?uri=deeplink:detalle_licitacion&idEvl=T9oC37tVYk7IGlsa0Wad%2Bw%3D%3D
Contratos menores;Servicio especializado para la realización de actuaciones de control de mosquitos en el término municipal de Don Benito y en la Entidad Local Menor de Conquista del Guadiana.;Alcaldia del Ayuntamiento de Don Benito;servicios;Resuelta;MEDIOAMBIENTE, HIGIENE Y CALIDAD ALIMENTARIA, S.L.;14915;https://contrataciondelestado.es/wps/poc?uri=deeplink:detalle_licitacion&idEvl=IOi0QSDrslr%2B3JAijKO%2Bkg%3D%3D
Contratos menores;Trabajos de delineación para actualización de planos de arquitectura e instalaciones de Hospital Maz;Dirección Área Jurídica y Prestación de MAZ, Mutua Colaboradora con la Seguridad Social, Nº 11;servicios;Resuelta;PRODIA SLP;14910;https://contrataciondelestado.es/wps/poc?uri=deeplink:detalle_licitacion&idEvl=IiZ%2FsO9RYXJxseVhcqrkhw%3D%3D
Contratos menores;Servicio de control de calidad de los materiales empleados en la obra del Polígono Industrial de Puerta del Noroeste;Alcaldía del Ayuntamiento de Benavente;servicios;Resuelta;AUSCULTACIÓN CONTROL ENSAYOS S.L.;14900;https://contrataciondelestado.es/wps/poc?uri=deeplink:detalle_licitacion&idEvl=jmkJwrlh5PG9Hd5zqvq9cg%3D%3D
Contratos menores;Redacción de un estudio de riesgo en paradas y cruces peatonales del tranvía de Tenerife;Consejo de Administración de Metropolitano de Tenerife, S.A.;servicios;Resuelta;Tekia Ingenieros S.A.;14900;https://contrataciondelestado.es/wps/poc?uri=deeplink:detalle_licitacion&idEvl=EY%2Fh2eubXy6cCF8sV%2BqtYA%3D%3D
Contratos menores;"Contratación del Caché y Servicio de Producción de los Conciertos; Dr. Gri, Interfectos, Luback y Cobrafuma, del 9 al 11 de octubre en distintos puntos de la ciudad de Mérida";Alcaldia del Ayuntamiento de Mérida;servicios;Resuelta;CineBeat;14900;https://contrataciondelestado.es/wps/poc?uri=deeplink:detalle_licitacion&idEvl=rQcK9PM9RwSHCIsjvJ3rhQ%3D%3D
Contratos menores;Servicios de redacción de proyecto ARRU EL CARDONAL III FASE. Lote 3 - 8 bloques (nº102, 103, 106, 107, 109, 110,114 y 120);Sociedad Municipal de Viviendas y de Servicios de San Cristóbal de La Laguna;servicios;Resuelta;CENTRO DE ESTUDIOS DE MATERIALES Y CONTROL DE OBRA, S.A. (CEMOSA);14900;https://contrataciondelestado.es/wps/poc?uri=deeplink:detalle_licitacion&idEvl=tqGIWMwKvJ6AAM7L03kM8A%3D%3D
Contratos menores;Gestión de redes sociales, medios de comunicación y redacción de notas de prensa del gabinete de prensa.;Alcaldía del Ayuntamiento de Borriana;servicios;Resuelta;JAVIER ESPINOSA NIETO;14900;https://contrataciondelestado.es/wps/poc?uri=deeplink:detalle_licitacion&idEvl=IwQcrXUt0pSGCFcHcNGIlQ%3D%3D
Contratos menores;Contratación de servicios de colaboración a cambio de retorno publicitario a través de la Universidad de Cádiz del proyecto Fórmula GADES.;Delegación Especial del Estado en el Consorcio de la Zona Franca de Cádiz;servicios;Resuelta;Universidad de Cádiz;14900;https://contrataciondelestado.es/wps/poc?uri=deeplink:detalle_licitacion&idEvl=Ss55t0PpWihrhBlEHQFSKA%3D%3D
Contratos menores;Projecte d’execució, direcció de l’obra, coordinació de seguretat i salut i assistència integral a l’Ajuntament en les obres forestals relatives als treballs post-incendi, en l'incendi de la Vall d'Uixó.;Alcaldia del Ayuntamiento de Betxí;servicios;Resuelta;ANDRES MARTINEZ HERRERO SOCIEDAD LIMITADA;14900;https://contrataciondelestado.es/wps/poc?uri=deeplink:detalle_licitacion&idEvl=DSJmIuTsL7JLAIVZdUs8KA%3D%3D
Contratos menores;Contratación de la redacción de un proyecto para la rehabilitación de la envolvente térmica del Polideportivo Municipal de Luarca.;Alcaldía del Ayuntamiento de Valdés;servicios;Resuelta;DESARROLLO INTEGRAL DE NUEVA ARQUITECTURA S.L.;14900;https://contrataciondelestado.es/wps/poc?uri=deeplink:detalle_licitacion&idEvl=IiErxVTDLrd%2BF6L2uCfUWg%3D%3D
Contratos menores;JAT. Suministro de kits de repuestos consumibles para los vehículos 4x4 KGM Rexton y Musso asignados a la FGNE y TERLEV.;Intendente de Cartagena;suministros;Resuelta;GIMOSUR CARTAGENA, S.L.;14900;https://contrataciondelestado.es/wps/poc?uri=deeplink:detalle_licitacion&idEvl=xW%2FTzeS%2F1NJ%2FP7lJ7Fu0SA%3D%3D
Contratos menores;Contrato menor de asistencia veterinaria destinado a los perros del grupo de guías caninos del cuerpo de la Policía Local de Santa Cruz de Tenerife.;Concejalía de Gobierno del Área de Seguridad, Movilidad y Accesibilidad Universal con competencias delegadas en Igualdad y Diversidad Afectivo Sexual del Ayuntamiento de Santa Cruz de Tenerife;servicios;Resuelta;CLINICA VETERINARIA VESALSLP;14900;https://contrataciondelestado.es/wps/poc?uri=deeplink:detalle_licitacion&idEvl=MmYN5ebsGisUqXM96WStVA%3D%3D
Contratos menores;"Contrato de servicios para patrocinio de programa de radio televisión española ""Maestros de la Costura Celebrity"" 2026";Consejería de Cultura, Turismo y Deportes;servicios;Resuelta;LEGIO INVICTUS, SOCIEDAD LIMITADA;14900;https://contrataciondelestado.es/wps/poc?uri=deeplink:detalle_licitacion&idEvl=GnB8O1nGboO8ebB%2FXTwy0A%3D%3D
Contratos menores;Suministro Punto Avanzado Policía Local;Alcaldía del Ayuntamiento de Torremolinos;suministros;Resuelta;SEGURIDAD POLICIAL, S.L.;14900;https://contrataciondelestado.es/wps/poc?uri=deeplink:detalle_licitacion&idEvl=Sv8ZNRV4shy5HQrHoP3G5A%3D%3D
Contratos menores;"Contrato artístico con la Asociación Más Músicas España para la actuación de la artista Albany en el espectáculo musical ""Alcorcón vibra-2026"".";Junta de Gobierno del Ayuntamiento de Alcorcón;privado;Resuelta;ASOCIACIÓN MÁS MÚSICAS ESPAÑA;14900;https://contrataciondelestado.es/wps/poc?uri=deeplink:detalle_licitacion&idEvl=b31Q5b4tsw83vLk2DU2Ddg%3D%3D
Contratos menores;Suministro e instalación de splits en el CEIP Gil Tarín de La Muela;Alcaldía del Ayuntamiento de La Muela;suministros;Resuelta;MONTAJES ELECTRICOS BARRAQUETA SOCIEDAD LIMITADA;14895,5;https://contrataciondelestado.es/wps/poc?uri=deeplink:detalle_licitacion&idEvl=7XYGhjO0jFcmMOlAXxDEjw%3D%3D
Contratos menores;516/26. Servizo de iluminación ornamental das festas patronais de Portonovo 2026;Presidencia del Organismo Autónomo Terra de Sanxenxo;servicios;Resuelta;Creaciones Luminosas, S.L.;14891;https://contrataciondelestado.es/wps/poc?uri=deeplink:detalle_licitacion&idEvl=bY8o3qlxwjT10HRJw8TEnQ%3D%3D
Contratos menores;Suministro e instalación de Equipos Aire Acondicionado fijos;Comandancia Guardia Civil de Lugo;suministros;Resuelta;FRIO INDUSTRIAL CLIMA MIÑO SL;14875;https://contrataciondelestado.es/wps/poc?uri=deeplink:detalle_licitacion&idEvl=V4168rADfbU7u6%2B%2FR7DUoA%3D%3D
Contratos menores;Suministro, mediante alquiler, montaje y desmontaje del alumbrado ornamental y extraordinario con motivo de la Feria y Fiestas de Don Benito 2026.;Alcaldia del Ayuntamiento de Don Benito;suministros;Resuelta;ILUMINACIONES HENRY, S.L.;14856;https://contrataciondelestado.es/wps/poc?uri=deeplink:detalle_licitacion&idEvl=0krvJlnyoeXCfVQHDepjGQ%3D%3D
Contratos menores;"Secretaría Técnica para el ""Concurso de Recetas Caseras de la Sierra Morena de Sevilla"" y para el ""Concurso de Recetas Caseras de Arroz de la provincia de Sevilla""";Gerencia de PRODETUR S.A.U.;servicios;Resuelta;SERVICIOS GLOBALES TECNOLOGICOS Y PROYECTOS, S.L.;14850;https://contrataciondelestado.es/wps/poc?uri=deeplink:detalle_licitacion&idEvl=Pgi0G%2BibywcwYTJJ03sHog%3D%3D
Contratos menores;Producción artística Veguilla;Alcaldía del Ayuntamiento de Benavente;servicios;Resuelta;ARTISTI-K PRODUCCIONES MUSICALES Y CULTURALES, S.L.U;14800;https://contrataciondelestado.es/wps/poc?uri=deeplink:detalle_licitacion&idEvl=wXwkDoIsq1SOUi78BmzhOQ%3D%3D
Contratos menores;Por montaje, desmontaje e instalación de talanqueras para encierros Fiestas Patronales 2026.;Alcaldía del Ayuntamiento de Robledo de Chavela;servicios;Resuelta;MMC CONSTRUCCIONES Y VACIADOS SL;14800;https://contrataciondelestado.es/wps/poc?uri=deeplink:detalle_licitacion&idEvl=TgYo7yaqNsCOUi78BmzhOQ%3D%3D
Contratos menores;Suscripción a una plataforma de información y base de datos especializada en contratación pública, con acceso a expedientes, resoluciones e informes jurídicos y funcionalidades de Inteligencia Artificial para la búsqueda, consulta, análisis y apoyo en la elaboración y revisión de documentación asociada a los procedimientos de contratación.;Gerencia de Transportes Interurbanos de Tenerife S.A.U.;suministros;Resuelta;TENDIOS TECHNOLOGIES S.L.;14800;https://contrataciondelestado.es/wps/poc?uri=deeplink:detalle_licitacion&idEvl=CdA2YoQHqRJVq4S9zvaQpQ%3D%3D
Contratos menores;Desbroce con medios mecanicos na explanada do vertedoiro municipal estrad Vilar de Astres e cunetas;Junta de Gobierno del Ayuntamiento de Ourense;servicios;Resuelta;ISMAEL CARBALLO GOMEZ;14792,5;https://contrataciondelestado.es/wps/poc?uri=deeplink:detalle_licitacion&idEvl=ckOijQhBjyngL1BHd3qjQA%3D%3D
Contratos menores;Contratación de servicios turísticos para Centro de la Albarda, Museo Etnográfico Carlos Soriano, Horno del Concejo y Casa del Folclore, Oficina de Turismo y visitas turísticas.;Junta de Gobierno del Ayuntamiento de Molina de Segura;servicios;Resuelta;ASOC ADYSO DE MOLINA DE SEGURA;14776,03;https://contrataciondelestado.es/wps/poc?uri=deeplink:detalle_licitacion&idEvl=%2BFCnah9kclV%2BF6L2uCfUWg%3D%3D
Contratos menores;Servicio de directorio digital para el área comercial de Almuñecar y La Herradura. Subvención Junta de Andalucía Mejora, Modernización y Promoción del Comercio y la Artesanía, Línea 1.;Alcaldía del Ayuntamiento de Almuñécar;servicios;Resuelta;ASESORIA Y CONSULTORIA DE COMERCIALIZACION Y MARKETING SL;14774,5;https://contrataciondelestado.es/wps/poc?uri=deeplink:detalle_licitacion&idEvl=jBYZWoZAYtaP%2Bo96UAV7cQ%3D%3D
Contratos menores;Gestion y control de accesos a repetidores de telecomunicaciones del SAIH de la CHE, ZG/ZG. Gasto Plurianual;Presidencia de la Confederación Hidrográfica del Ebro;servicios;Resuelta;CALIDAD Y ESTUDIOS ASESORÍA, S.L.;14769,09;https://contrataciondelestado.es/wps/poc?uri=deeplink:detalle_licitacion&idEvl=EHwPjLutsP7I8aL3PRS10Q%3D%3D
Contratos menores;Servizo de redacción do proxecto básico para construción de centro de día en Couso de Limia;Alcaldía del Ayuntamiento de Sandiás;servicios;Resuelta;MANUEL MARCOS VIDAL GARCIA;14753;https://contrataciondelestado.es/wps/poc?uri=deeplink:detalle_licitacion&idEvl=zS8KEO5APrQeIBJRHQiPkQ%3D%3D
Contratos menores;Servicio de elaboración del Inventario de Caminos Municipales del término municipal de Enguídanos;Alcaldía del Ayuntamiento de Enguídanos;servicios;Resuelta;DENDRON SOLUCIONES SL;14750;https://contrataciondelestado.es/wps/poc?uri=deeplink:detalle_licitacion&idEvl=okXbVZQ36ZeAAM7L03kM8A%3D%3D
Contratos menores;Servicio de emergencias médico-sanitarias durante las fiestas patronales de octubre de 2026.;Junta de Gobierno del Ayuntamiento de Alquerías del Niño Perdido;servicios;Resuelta;SERSAN MEDITERRANEO, AMBULANCIAS Y SERVICIOS MEDICO-SANITARIOS;14750;https://contrataciondelestado.es/wps/poc?uri=deeplink:detalle_licitacion&idEvl=syVldrbIu0l70UvEyYJSGw%3D%3D
Contratos menores;Proyecto de remodelación de la instalación de climatización en el Museo Ruso de Málaga;Director de la Agencia Pública para la Gestión de la Casa Natal de Pablo Ruiz Picasso y otros Equipamientos Museístico y Culturales;servicios;Resuelta;VEHICULOS, ESTRUCTURAS Y PROYECTOS SL;14750;https://contrataciondelestado.es/wps/poc?uri=deeplink:detalle_licitacion&idEvl=hAi%2Flw%2BZkvucCF8sV%2BqtYA%3D%3D
Contratos menores;Contrato menor de suministro para la adquisición de cintas estampadoras para la impresión de la tarjeta madridmayor.es y kits de limpieza para impresoras evolis;Área de Gobierno de Políticas Sociales, Familia e Igualdad del Ayuntamiento de Madrid;suministros;Resuelta;TECNOLOGÍAS DE IDENTIFICACIÓN IDENTIA S.L.;14740,06;https://contrataciondelestado.es/wps/poc?uri=deeplink:detalle_licitacion&idEvl=E%2B4Vwd5lTv5Vq4S9zvaQpQ%3D%3D
Contratos menores;Actividades eclipse 2026;Alcaldía del Ayuntamiento de La Muela;servicios;Resuelta;GENERANDO EMOCIONES, S.L.U.;14732;https://contrataciondelestado.es/wps/poc?uri=deeplink:detalle_licitacion&idEvl=Cl9ii62CT5SGCFcHcNGIlQ%3D%3D
Contratos menores;El presente expediente tiene por objeto la contratacion del suministro de pupitres escolares destinados a Educacion Primaria,modelos M01, M02 y M03, para la reposicion de existencias en los centros logisticos de Tenerife y Las Palmas, desde los que seatienden las necesidades de mobiliario de los centros publicos no universitarios dependientes de la Consejeria de Educacion,Formacion Profesional, Actividad Fisica y Deportes del Gobierno de Canarias.;Dirección General de Infraestructuras y Equipamientos del Gobierno de Canarias;suministros;Resuelta;TABERVALL, S.A.;14720;https://contrataciondelestado.es/wps/poc?uri=deeplink:detalle_licitacion&idEvl=Lvx0EKNiBU5Vq4S9zvaQpQ%3D%3D
Contratos menores;Contrato menor de servicios de apoyo en un proceso de consulta preliminar al mercado para un proyecto de proceso de automatización de laboratorios a cargo del proyecto INNVAL 23/19;Dirección de Gestión de la Fundación Instituto de Investigación Marqués de Valdecilla;servicios;Resuelta;CANDA HEALTH SOLUTIONS, S.L.;14700;https://contrataciondelestado.es/wps/poc?uri=deeplink:detalle_licitacion&idEvl=W702OiGaufUS7pcxhTeWOg%3D%3D
Contratos menores;"Contrato menor de servicios para la actualización de la documentación del Proyecto de remodelación para la implantación de nuevas unidades de convivencia en las 2 alas noreste de las plantas 1ª y 3ª de la Residencia "" LOS VALLES"" BENAVENTE-ZA. FASE 2.";Gerencia de Servicios Sociales de la Junta de Castilla y León;servicios;Resuelta;BARRIO Y CAMENO ARQUITECTOS, S.L.;14700;https://contrataciondelestado.es/wps/poc?uri=deeplink:detalle_licitacion&idEvl=sM2vbUi9Cs9PpzdqOdhuWg%3D%3D
Contratos menores;Contrato menor de asistencia técnica para valoración de diferentes concesiones demaniales como Hotel Rey Fernando, Parque Acuático, Residencia Universitaria calle Catalina MIr y otras;Alcaldía del Ayuntamiento de Jaén;servicios;Resuelta;MARIN*CAÑAVATE,SERGIO;14695;https://contrataciondelestado.es/wps/poc?uri=deeplink:detalle_licitacion&idEvl=eCB45SHvgdd9PLkba5eRog%3D%3D
Contratos menores;Elaboracion señalizacion del proyecto restauracion y rehabilitacion de los elementos y trazado patrimonialmente relevantes de la carretera historica española de titularidad estatal n 5, en el tramo entre almaraz y jaraicejo (caceres), correspondiente a los pk 193+500 al 232+300;Dirección Gerencia de la Fundación de los Ferrocarriles Españoles (FFE);servicios;Resuelta;Inventarios y Proyectos de Señalización Vial (IPS Vial, S.L.);14550;https://contrataciondelestado.es/wps/poc?uri=deeplink:detalle_licitacion&idEvl=08QlofFBzCk%2FbjW6njtWLw%3D%3D
Contratos menores;"MSE 462/26 Contratación de Servicio consistente en la organización, dinamización y actividades socioculturales ""El taller del artesano"".";Junta de Gobierno del Ayuntamiento de Marbella;servicios;Resuelta;Eventos y alquileres Andalucía, S.L;14540;https://contrataciondelestado.es/wps/poc?uri=deeplink:detalle_licitacion&idEvl=9m4EU4Huoa6P%2Bo96UAV7cQ%3D%3D
Contratos menores;Adquisición de 225 luminarias led para la mejora energética del edificio ICE.;Gerencias de los Institutos de la Agencia Estatal Consejo Superior de Investigaciones Científicas;suministros;Resuelta;ZG LIGHTING IBERIA S.L;14535;https://contrataciondelestado.es/wps/poc?uri=deeplink:detalle_licitacion&idEvl=m6GuB4izVMj5Rey58Yagpg%3D%3D
Contratos menores;Suministro e instalación de sistema homologado de cierre/apertura automático para salida de emergencia de las puertas de la Residencia San Roque de La Muela;Alcaldía del Ayuntamiento de La Muela;suministros;Resuelta;PREMAEX, SL;14500;https://contrataciondelestado.es/wps/poc?uri=deeplink:detalle_licitacion&idEvl=o3Zs9WuISW4S7pcxhTeWOg%3D%3D
Contratos menores;Adquisición de Camión Recolector Satélite de Ocasión;Consejo de Administración de Rivas-Vaciamadrid Empresa Municipal de Servicios S.A. (Rivamadrid);suministros;Resuelta;ENVIRO RENT XXI S.L.;14500;https://contrataciondelestado.es/wps/poc?uri=deeplink:detalle_licitacion&idEvl=CHz6ZKhMFEfgL1BHd3qjQA%3D%3D
Contratos menores;El objeto del contrato es la ampliacion y mejora de las funcionalidades en la agenda virtual del SEMAC, y la implementacion deProcedimientos de Acciones Administrativas Automatizadas de la Direccion General de Trabajo.;Dirección General de Trabajo de la Comunidad Autonóma de Canarias;servicios;Resuelta;TAC7 TELEMÁTICA AVANZADA CANARIA SL;14500;https://contrataciondelestado.es/wps/poc?uri=deeplink:detalle_licitacion&idEvl=IL%2FDgRv5S%2FPIGlsa0Wad%2Bw%3D%3D
Contratos menores;La Direccion General de Trabajo del Gobierno de Canarias ha de proceder al archivo masivo y ordenado de los expedientes historicosgenerados en el marco del procedimiento de Conciliaciones Previas en Conflictos Laborales Individuales SICAC 5096 / SIA 778961,tramitado por el Servicio de Mediacion, Arbitraje y Conciliacion SEMAC de Las Palmas y de Tenerife.El objetivo general del proyecto es el analisis, clasificacion, preparacion y archivo electronico de la totalidad de losexpedientes de conciliacion acumulados, incorporando la firma o sello electronico de los tramites correspondientes conforme a losestandares de la administracion digital, garantizando la trazabilidad, la integridad documental y el cumplimiento de la normativade procedimiento administrativo electronico.;Dirección General de Trabajo de la Comunidad Autonóma de Canarias;servicios;Resuelta;SATURNO SISTEMAS DE INFORMACIÓN, SL;14500;https://contrataciondelestado.es/wps/poc?uri=deeplink:detalle_licitacion&idEvl=livWg0PxC6T5Rey58Yagpg%3D%3D
Contratos menores;Estudio de prestación de un servicio de diseño estratégico destinado al desarrollo de elementos de identidad vinculada al proyecto Estación 2030;Alcaldía del Ayuntamiento de San Roque;servicios;Resuelta;MUKA DESIGN LAB S.L.;14500;https://contrataciondelestado.es/wps/poc?uri=deeplink:detalle_licitacion&idEvl=Dr%2FpPFTzvtV4zIRvjBVCSw%3D%3D
Contratos menores;"Asesoramiento en valorar el suelo en el ámbito del PAI ""Parque comarcal de innovación Ponst dels Cavalls";Alcaldía del Ayuntamiento de Aldaia;servicios;Resuelta;PAU URBANISMO SLP;14500;https://contrataciondelestado.es/wps/poc?uri=deeplink:detalle_licitacion&idEvl=5s3cFktaaMSIzo3LHNPGcQ%3D%3D
Contratos menores;Creación de obra artística en la torre de entrenamiento del Parque de Bomberos de Fuengirola;Junta de Gobierno del Ayuntamiento de Fuengirola;servicios;Resuelta;Jose Angel Martinez de Tomas;14500;https://contrataciondelestado.es/wps/poc?uri=deeplink:detalle_licitacion&idEvl=pHvtrjrysuAIYE3ZiZ%2BxmQ%3D%3D
Contratos menores;Servicios artísticos para fiestas patronales octubre 2026 Orquesta La Flama-Tucan;Junta de Gobierno del Ayuntamiento de Alquerías del Niño Perdido;servicios;Resuelta;ESPECTACULOS TALIA S.L.;14500;https://contrataciondelestado.es/wps/poc?uri=deeplink:detalle_licitacion&idEvl=s05x2P%2ByXftxseVhcqrkhw%3D%3D
Contratos menores;Asistencia Técnica para la preparación de la candidatura CEF transporte 2026 para la implantación de sistemas OPS en el Puerto de Vigo;Autoridad Portuaria de Vigo;servicios;Resuelta;APORTA CONSULTORES ESTRATÉGICOS, S.L.;14500;https://contrataciondelestado.es/wps/poc?uri=deeplink:detalle_licitacion&idEvl=Sh3h7DYUgHSLAncw3qdZkA%3D%3D
Contratos menores;Servicio de mantenimiento del C.U. UNED-Ceuta;Consorcio Rector del Centro Asociado de la UNED en Ceuta;servicios;Resuelta;TUSSER INGENIERÍA Y OBRAS S.L.;14465;https://contrataciondelestado.es/wps/poc?uri=deeplink:detalle_licitacion&idEvl=gMO%2B06nZ9dwl5NjlNci%2BtA%3D%3D
Contratos menores;Adquisición de equipos informáticos;Rectorado de la Universidad de La Laguna;suministros;Resuelta;EL PRODUCTOR, S.L.;14445;https://contrataciondelestado.es/wps/poc?uri=deeplink:detalle_licitacion&idEvl=twwNcSMpQFt6nTs9LZ9RhQ%3D%3D
Contratos menores;Servicio de telemarketing riesgo;Junta de Compras de Informa DB, S.A.;servicios;Resuelta;CUSTOMERTOP, S.L.;14400;https://contrataciondelestado.es/wps/poc?uri=deeplink:detalle_licitacion&idEvl=l29SyVXKB6Ul5NjlNci%2BtA%3D%3D
Contratos menores;Servicio de redacción de proyecto básico y de ejecución de las obras de sustitución de la enfriadora del sistema de climatización del edificio de Alcalá 37.;Subsecretaría de Igualdad;servicios;Resuelta;SOLUCIONES DE INGENIERÍA A MEDIDA S.L.;14400;https://contrataciondelestado.es/wps/poc?uri=deeplink:detalle_licitacion&idEvl=H6fysvX7kLFrSd8H4b2soA%3D%3D
Contratos menores;Dirección facultativa de las obras del tanque de tormentas este para la laminación de las aguas pluviales recogidas por la red de saneamiento de esta localidad;Alcaldia del Ayuntamiento de Marchamalo;servicios;Resuelta;CONTROL, MANTENIMIENTO, CONSULTORIA E INGENIERIA SL;14400;https://contrataciondelestado.es/wps/poc?uri=deeplink:detalle_licitacion&idEvl=X5fwMlxJKH0eIBJRHQiPkQ%3D%3D
Contratos menores;CM - Saneamiento integral pintado planta baja edificio 86 CEFOT2 (MILANO);Jefatura de Intendencia de Asuntos Económicos Sur;obras;Resuelta;Ivan chica García;14400;https://contrataciondelestado.es/wps/poc?uri=deeplink:detalle_licitacion&idEvl=Cn04zEsVFmDI8aL3PRS10Q%3D%3D
Contratos menores;Suministro de 30 Licencias del Agente de Inteligencia Artificial Perplexity Enterprise Pro para la CAGPSA;Secretaría General Técnica de la Consejería de Agricultura, Ganadería, Pesca y Soberanía Alimentaria del Gobierno de Canarias;suministros;Resuelta;Alecar Sistemas S.L.;14364;https://contrataciondelestado.es/wps/poc?uri=deeplink:detalle_licitacion&idEvl=rLkfP1SoXhc2wEhQbcAqug%3D%3D
Contratos menores;Servicios artísticos para las fiestas patronales de octubre 2026;Junta de Gobierno del Ayuntamiento de Alquerías del Niño Perdido;servicios;Resuelta;JUAN CARLOS GOMEZ MONTOLIU;14300;https://contrataciondelestado.es/wps/poc?uri=deeplink:detalle_licitacion&idEvl=tu8wz0bip0zXOjazN1Dw9Q%3D%3D
Contratos menores;La adquisición de diverso material tecnológico destinado a la mejora de los servicios administrativos, la modernización de losprocedimientos internos y la adaptación de los medios materiales a las necesidades operativas actuales de la Dirección General deTrabajo del Gobierno de Canarias.;Dirección General de Trabajo de la Comunidad Autonóma de Canarias;suministros;Resuelta;Media Markt Adeje, Hnos Dominguez;14255;https://contrataciondelestado.es/wps/poc?uri=deeplink:detalle_licitacion&idEvl=uPq90iEALx8QyBAnWzHfCg%3D%3D
Contratos menores;La no existencia en plantilla del Organismo de personal necesario y cualificado, así como de los medios necesarios para la realización de objeto del contrato, es lo que motiva la necesidad de su contratación externa.;Presidencia de la Confederación Hidrográfica del Tajo;servicios;Resuelta;Limpiezas Gredos, S.A.;14107,92;https://contrataciondelestado.es/wps/poc?uri=deeplink:detalle_licitacion&idEvl=za3oJHakGIKcCF8sV%2BqtYA%3D%3D
Contratos menores;1403/GRUMAT/EOD/ Adquisición explosor vía radio;Jefatura de la Sección Económico Administrativa 24 de la Base Aérea de Morón;suministros;Resuelta;Hisparasa Trading & Technologies, S.A;14100;https://contrataciondelestado.es/wps/poc?uri=deeplink:detalle_licitacion&idEvl=5diEhMdHMRn10HRJw8TEnQ%3D%3D
Contratos menores;Servicio de campaña de publicidad institucional anual del Ayuntamiento de San Fernando con MEDELAND (WW.SER.COM/RADIOCADIZ.ES).;Alcaldia del Ayuntamiento de San Fernando;servicios;Resuelta;MEDELAND EVENTS, S.L.;14049,59;https://contrataciondelestado.es/wps/poc?uri=deeplink:detalle_licitacion&idEvl=LOepQEmswUQ%2B1TMyIiZmzw%3D%3D
Contratos menores;Servicio de bases de datos de Es.Público. Plataforma de Contratación Pública;Alcaldia del Ayuntamiento de San Fernando;servicios;Resuelta;EsPublico Servicios para la Administración S.A;14041,2;https://contrataciondelestado.es/wps/poc?uri=deeplink:detalle_licitacion&idEvl=OZPswn3nGzr%2B3JAijKO%2Bkg%3D%3D
Contratos menores;El objeto de esta contratacion es el suministro de cinco5 estaciones meteorologicas para la renovacion de lasque actualmente se encuentran fuera de uso o al finalde su vida util. El detalle del suministro se desglosa en elAnexo I de la presente memoria.;Dirección General de Calidad Ambiental de Canarias;suministros;Resuelta;DILUS INSTRUMENTACIÓN Y SISTEMAS, S.A.;14013,74;https://contrataciondelestado.es/wps/poc?uri=deeplink:detalle_licitacion&idEvl=cpd3unxFBGnzAq95uGTrDQ%3D%3D
Contratos menores;Constituye el objeto del presente contrato la prestación de los servicios de mantenimiento preventivo y técnico-legal de las instalaciones de protección contra incendios en los diferentes centros de trabajo de TITSA.;Gerencia de Transportes Interurbanos de Tenerife S.A.U.;servicios;Resuelta;EGACAN INGENIERIA Y SERIVICIOS S.L.;14000,57;https://contrataciondelestado.es/wps/poc?uri=deeplink:detalle_licitacion&idEvl=nmOTfbn%2FzjSP66GS%2BONYvQ%3D%3D
Contratos menores;Actuación musical;Junta de Gobierno Local del Ayuntamiento de Cubillos del Sil;privado;Resuelta;MONTAJES Y EVENTOS MUSICALES SL;14000;https://contrataciondelestado.es/wps/poc?uri=deeplink:detalle_licitacion&idEvl=0Vi1puaob3J4zIRvjBVCSw%3D%3D
Contratos menores;Servicio de concierto del grupo musical Teenage Funclub, dentro de la Programación de Otoño de 2026 del Real Teatro de Las Cortes.;Alcaldia del Ayuntamiento de San Fernando;privado;Resuelta;MALAMUSICA PRODUCCIONES, S.L.;14000;https://contrataciondelestado.es/wps/poc?uri=deeplink:detalle_licitacion&idEvl=MSjA12X9sCz9pbnDwlaUlg%3D%3D
Contratos menores;Adjudicacion contrato menor de servicios: formación inicial, avanzada y no EASA directa pilotos UAS Cabildo de El Hierro;Presidencia del Cabildo Insular de El Hierro;servicios;Resuelta;Víctor Betancor Tovar;14000;https://contrataciondelestado.es/wps/poc?uri=deeplink:detalle_licitacion&idEvl=of93qD1Kpm%2BdkQsA7ROvsg%3D%3D
Contratos menores;Contrato privado de la banda de música de Es Migjorn Gran para las fiestas patronales 2026;Alcaldía del Ayuntamiento des Migjorn Gran;privado;Resuelta;BANDA DE MÚSICA DES MIGJORN GRAN;14000;https://contrataciondelestado.es/wps/poc?uri=deeplink:detalle_licitacion&idEvl=tC%2FiTiPpPlC2gkLQ8TeYKA%3D%3D
Contratos menores;Contrato menor para el desbrozamiento y la limpieza de vegetación en el parque fotovoltaico de Son Xua;Alcaldía del Ayuntamiento des Migjorn Gran;servicios;Resuelta;PROPERTY SERVICES TRIAY SL;14000;https://contrataciondelestado.es/wps/poc?uri=deeplink:detalle_licitacion&idEvl=ruQXZMmJEnYS7pcxhTeWOg%3D%3D
Contratos menores;"Adjudicar contrato menor de servicios ""Organización del XVI Congreso de la Asociación Canaria de Derecho Urbanístico""";Presidencia del Cabildo Insular de El Hierro;servicios;Resuelta;Asociación Canaria de Derecho Urbanístico (Acadur);14000;https://contrataciondelestado.es/wps/poc?uri=deeplink:detalle_licitacion&idEvl=KBI4OB7gW12FQ%2FlhRK79lA%3D%3D
Contratos menores;Dinamizacion ZCA San Bartolome de Tirajana Seria Mas Comercio SBT;Dirección General de Comercio y Consumo del Gobierno de Canarias;servicios;Resuelta;SOPORTES PROFESIONALES CANARIOS, S.L.U.;13999;https://contrataciondelestado.es/wps/poc?uri=deeplink:detalle_licitacion&idEvl=LSFcgFOB0L8UqXM96WStVA%3D%3D
Contratos menores;Contrato del Servicio de Difusión de Alimentos de Extremadura a través de un Evento Gastronómico en Pekín (República Popular China);Consejería Delegada de Extremadura Avante Servicios Avanzados a Pymes, S.L.U.;servicios;Resuelta;BEIJING CHINEXITA INTERNATIONAL MANAGEMENT CONSULTING CO. LTD.;13980;https://contrataciondelestado.es/wps/poc?uri=deeplink:detalle_licitacion&idEvl=d%2FoWhX9%2FQcx6nTs9LZ9RhQ%3D%3D
Contratos menores;20260000281b Contrato Menor De Servicio De Mantenimiento Integral De La Sede Del Centro Nacional De Recursos Genéticos-forestales Alaquàs, En Valencia. Pcpeco-02/05/06/08/11/12/19;Oficialía Mayor del Ministerio para la Transición Ecológica y el Reto Demográfico;servicios;Resuelta;YOMEE ENERGY SERVICES S.L;13951,98;https://contrataciondelestado.es/wps/poc?uri=deeplink:detalle_licitacion&idEvl=rVukQsR1Wjv%2B3JAijKO%2Bkg%3D%3D
Contratos menores;Mantenimiento de cabina NetApp desde 01/01/2027 a 31/12/2027;Gerencias de los Institutos de la Agencia Estatal Consejo Superior de Investigaciones Científicas;servicios;Resuelta;ABAST SYSTEMS & SOLUTIONS S.L.;13950,86;https://contrataciondelestado.es/wps/poc?uri=deeplink:detalle_licitacion&idEvl=ZiuGRuGZycbkY6rls5tG9A%3D%3D
Contratos menores;Ruta 2400773 Transporte escolar para el CIFP Ciudad de León;Dirección Provincial de Educación en León;servicios;Resuelta;Fernando Rodríguez Méndez;13940;https://contrataciondelestado.es/wps/poc?uri=deeplink:detalle_licitacion&idEvl=Qjc%2BuL55YxI36J9Lctlsuw%3D%3D
Contratos menores;Servicio de gestión, producción, montaje, desmontaje, puesta en funcionamiento de las infraestructuras, asistencia técnica, promoción y difusión del conjunto de actuaciones musicales que se desarrollarán durante el V Festival Blues de Asturias 2026.;Alcaldía del Ayuntamiento de Valdés;servicios;Resuelta;EDICIONES INMOBILIARIAS FONTAN, S.L.;13930,61;https://contrataciondelestado.es/wps/poc?uri=deeplink:detalle_licitacion&idEvl=xcy%2BT%2FnaX8qIzo3LHNPGcQ%3D%3D
Contratos menores;Reposición-Instalación puertas Palacio de Los Gobernadores;Alcaldía del Ayuntamiento de San Roque;obras;Resuelta;ANTONIO COLLADO RODRIGUEZ;13840;https://contrataciondelestado.es/wps/poc?uri=deeplink:detalle_licitacion&idEvl=DzhIB469CcrN3k3tjedSGw%3D%3D
Contratos menores;Contrato menor de servicios de organización integral del acto de entrega de los premios al fomento de la Seguridad y Salud en el Trabajo de Extremadura. (CONVOCATORIA 2025).;Consejería de Economía, Empleo y Transformación Digital;servicios;Resuelta;DIEGO ESPINOSA BARRERO;13789;https://contrataciondelestado.es/wps/poc?uri=deeplink:detalle_licitacion&idEvl=kr1ekVMgiMyGCFcHcNGIlQ%3D%3D
Contratos menores;Suscripción bases de datos Aranzadi La Ley;Alcaldía del Ayuntamiento de Benavente;servicios;Resuelta;ARANZADI LA LEY, S.A.U.;13752;https://contrataciondelestado.es/wps/poc?uri=deeplink:detalle_licitacion&idEvl=QypzizcDQi7gL1BHd3qjQA%3D%3D
Contratos menores;Alicatado de 2 aulas y 2 departamentos;Dirección Provincial del Ministerio de Educación y Formación Profesional en Ceuta;obras;Resuelta;Essadik Bouhtani;13750;https://contrataciondelestado.es/wps/poc?uri=deeplink:detalle_licitacion&idEvl=4JMGxb3EqMj%2B3JAijKO%2Bkg%3D%3D
Contratos menores;50.000 abanicos impresión y diseño de careta Venus de Alicante Hogueras 2026 impresa sobre cartulina gráfica de 44;Presidencia del Patronato Municipal de Turismo y Playas de Alicante;suministros;Resuelta;Añade Communication, S.L.;13750;https://contrataciondelestado.es/wps/poc?uri=deeplink:detalle_licitacion&idEvl=JgtG0LC8dFS7JOCXkOhcDg%3D%3D
Contratos menores;Adquisición de licencias de una solución colaborativa de informes con destino a la administración presupuestaria;Oficina de Informática Presupuestaria;suministros;Resuelta;SEIDOR SOLUTIONS S.L;13716;https://contrataciondelestado.es/wps/poc?uri=deeplink:detalle_licitacion&idEvl=OL%2BnHRxSRud%2FR5QFTlaM4A%3D%3D
Contratos menores;Instalación eléctrica en baja tensión. Trabajos de naturaleza eléctrica. Montaje y desmontaje eléctricos para las fiestas de Los Dolores y reparación de alumbrado público.;Alcaldía del Ayuntamiento de Tinajo;servicios;Resuelta;MIELET ELECTRICIDAD S.L.;13640;https://contrataciondelestado.es/wps/poc?uri=deeplink:detalle_licitacion&idEvl=oBiTswKwuMMIYE3ZiZ%2BxmQ%3D%3D
Contratos menores;Suministro e instalación de parque infantil y ludoteca en la Plaza del Museo del Viento;Alcaldía del Ayuntamiento de La Muela;suministros;Resuelta;ASUA BG 96, SL;13613,14;https://contrataciondelestado.es/wps/poc?uri=deeplink:detalle_licitacion&idEvl=2IBjmVNIayji0Kd8%2Brcp6w%3D%3D
Contratos menores;Actividades de promoción do Voleibol 2026;Alcaldía del Ayuntamiento de Ortigueira;servicios;Resuelta;CLUB DEPORTIVO ALDEBARAN DE SAN SADURNIÑO;13600;https://contrataciondelestado.es/wps/poc?uri=deeplink:detalle_licitacion&idEvl=hDetof1yqwGcTfjQf3USOg%3D%3D
Contratos menores;20260000279b Contrato Menor De Servicio De Mantenimiento Integral De La Sede Del Centro Nacional De Recursos Genéticos-forestales El Serranillo, En Guadalajara. Pcpeco-02/05/06/08/11/12/19;Oficialía Mayor del Ministerio para la Transición Ecológica y el Reto Demográfico;servicios;Resuelta;EULEN, S.A.;13600;https://contrataciondelestado.es/wps/poc?uri=deeplink:detalle_licitacion&idEvl=za63ncTb9HlQFSeKCRun4Q%3D%3D
Contratos menores;264235 Servicio de Calibración ILS RWY 04R Completo;Jefatura de la Sección Económico-Administrativa 41 - Base Aérea de San Javier;servicios;Resuelta;GRUP AIR-MED, S.A.;13600;https://contrataciondelestado.es/wps/poc?uri=deeplink:detalle_licitacion&idEvl=PMCODkckQGrjHF5qKI4aaw%3D%3D
Contratos menores;Estudio de mejora de circulación de la Avenida de Guadarranque en San Roque (Cádiz);Alcaldía del Ayuntamiento de San Roque;servicios;Resuelta;VECTIO TRAFFIC ENGINEERING, S.L.;13580;https://contrataciondelestado.es/wps/poc?uri=deeplink:detalle_licitacion&idEvl=06La%2FF0wjvK2gkLQ8TeYKA%3D%3D
Contratos menores;Contrato menor de servicio para gestionar una salida al Museo de Microfauna Insectpark para los cursos 5º y 6 º de educación primaria de los colegios públicos y concertados de Distrito Centro.;Distrito Centro;servicios;Resuelta;ASOCIACIÓN PARA EL DESARROLLO Y PROMOCIÓN SOCIAL- ADESPRO;13550;https://contrataciondelestado.es/wps/poc?uri=deeplink:detalle_licitacion&idEvl=Crd5%2FA6NBOm9Hd5zqvq9cg%3D%3D
Contratos menores;26A027 26A029 26A030 Obra consistente en pintado de varias instalaciones;Jefatura de la Sección Económico-Administrativa 41 - Base Aérea de San Javier;obras;Resuelta;CHAVERO VIZUETE, SERGIO;13500;https://contrataciondelestado.es/wps/poc?uri=deeplink:detalle_licitacion&idEvl=C%2FP4TuF6UI%2BIzo3LHNPGcQ%3D%3D
Contratos menores;Difusión, promoción y captación de participantes para el Consejo de Infancia y Adolescencia de Alcobendas;Concejalías Delegadas del Ayuntamiento de Alcobendas;servicios;Resuelta;DELFO DESARROLLO LABORAL Y FORMACION S.L;13500;https://contrataciondelestado.es/wps/poc?uri=deeplink:detalle_licitacion&idEvl=dO%2FNAfduAaY4NavIWzMcHA%3D%3D
Contratos menores;Suministro de licencias;Gerencia Regional de Salud de Castilla y León;suministros;Resuelta;NTT SPAIN INTEL.TECHN.AND SERV.S.L.U.;13488,9;https://contrataciondelestado.es/wps/poc?uri=deeplink:detalle_licitacion&idEvl=qZagj%2FMXz3JrSd8H4b2soA%3D%3D
Contratos menores;servicio de diseño, organización y desarrollo de la actividad semillas de empleo: ideas que brotan, trabajos que florecen. Charlas que hacen crecer oportunidades en el mundo rural.;Servicio Extremeño Público de Empleo (SEXPE);servicios;Resuelta;TOC TOC EVENTOS SOCIEDAD COOPERATIV;13200;https://contrataciondelestado.es/wps/poc?uri=deeplink:detalle_licitacion&idEvl=Qb6ZjD7u9fZt5r0ngvMetA%3D%3D
Contratos menores;Servicios de alquiler de maquinaria;Director Gerente de FREMAP;servicios;Resuelta;TRANE AIRE ACONDICIONADO SL;13200;https://contrataciondelestado.es/wps/poc?uri=deeplink:detalle_licitacion&idEvl=tImNZp%2Btf%2B5rhBlEHQFSKA%3D%3D
Contratos menores;Contratación de los trabajos para el suministro y montaje de 40 mesas con faldón y 40 sillas de trabajo para distintas dependencias oficiales de la Academia de Cabos y Guardias de la Guardia Civil de Baeza (Jaén).;Academia de Cabos y Guardias de la Guardia Civil;suministros;Resuelta;ANTONIO HERRAIZ, S. A.;13160;https://contrataciondelestado.es/wps/poc?uri=deeplink:detalle_licitacion&idEvl=XGam4pobwB6LAncw3qdZkA%3D%3D
Contratos menores;Contrato menor de suministro e instalación de persianas venecianas para varias comisarías integrales de distrito de la Dirección General de Policía Municipal;Área de Gobierno de Vicealcaldía, Portavoz, Seguridad y Emergencias del Ayuntamiento de Madrid;suministros;Resuelta;GERALVEZ PROYECTOS CONTRAC, S.L.;13120,82;https://contrataciondelestado.es/wps/poc?uri=deeplink:detalle_licitacion&idEvl=uMqPWEa3MU4UqXM96WStVA%3D%3D
Contratos menores;Servicio de Videomarcador para el evento PREMIER PADEL P1;Presidencia de Málaga Deportes y Eventos S.A.M.;servicios;Resuelta;YELLOW BRICKS COMUNICACIÓN, S.L.;13110;https://contrataciondelestado.es/wps/poc?uri=deeplink:detalle_licitacion&idEvl=balcq9WcFy02wEhQbcAqug%3D%3D
Contratos menores;Contratación de espacios publicitarios para la difusión de un boletín radiofónico especializado en el sector agroalimentario, producido, realizado y emitido por una cadena de radio generalista de ámbito regional, con contenidos específicos sobre las Denominaciones de Origen Protegidas y las Indicaciones Geográficas Protegidas de Extremadura.;Consejería de Agricultura, Ganadería y Medio Natural;servicios;Resuelta;RADIO POPULAR SA CADENA DE ONDAS;13083;https://contrataciondelestado.es/wps/poc?uri=deeplink:detalle_licitacion&idEvl=wydRfg4P4RqTylGzYmBF9Q%3D%3D
Contratos menores;Sustitución maniobra ascensor edificio Agustinas Canónigas;Concejalía de Contratación del Ayuntamiento de Palencia;servicios;Resuelta;ORONA S. COOP;13039,9;https://contrataciondelestado.es/wps/poc?uri=deeplink:detalle_licitacion&idEvl=x%2BjD2mslfxe8ebB%2FXTwy0A%3D%3D
Contratos menores;Análisis ambiental del cambio de procedencia de materiales para las obras del proyecto muelle de contenedores del Puerto de Valencia;Presidencia de la Autoridad Portuaria de Valencia;servicios;Resuelta;HIDTMA, S.L.;13000;https://contrataciondelestado.es/wps/poc?uri=deeplink:detalle_licitacion&idEvl=VxdyW4a6mT3ECtSnloz%2BZQ%3D%3D
Contratos menores;Contratación de Yanely Hernández que participara Dia Internacional de la Lucha contra el Cáncer de Mama.;Alcaldía del Ayuntamiento de Santa Úrsula;privado;Resuelta;Mueve 2020 Producciones, S.L.U.;12980;https://contrataciondelestado.es/wps/poc?uri=deeplink:detalle_licitacion&idEvl=2um1Eyic6yFPpzdqOdhuWg%3D%3D
Contratos menores;Suministro de licencias de software la aplicación Qlik Sense para el Centro Nacional de Dosimetría;Gerencia del Centro Nacional de Dosimetría del Instituto Nacional de Gestión Sanitaria;suministros;Resuelta;HIBERUS GLOBAL IT SERVICES, S.L.;12971,45;https://contrataciondelestado.es/wps/poc?uri=deeplink:detalle_licitacion&idEvl=4wKu3hDnhJd4zIRvjBVCSw%3D%3D
Contratos menores;Contratación servicio de formación y capacitación en accesibilidad digital;Dirección Área Jurídica y Prestación de MAZ, Mutua Colaboradora con la Seguridad Social, Nº 11;servicios;Resuelta;OLGA CARRERAS MONTOTO;12950;https://contrataciondelestado.es/wps/poc?uri=deeplink:detalle_licitacion&idEvl=8ucXd4z%2BSlVQFSeKCRun4Q%3D%3D
Contratos menores;Suministro de 1 licencia Cypecad Cype M78 monopuesto;Presidencia de la Diputación Provincial de Sevilla;suministros;Resuelta;CYPE INGENIEROS,S.A.;12930;https://contrataciondelestado.es/wps/poc?uri=deeplink:detalle_licitacion&idEvl=EpDfFiKt9wUaF6cS8TCh%2FA%3D%3D
Contratos menores;Asistencia técnica para el acompañamiento al Excmo. Ayuntamiento de Tinajo en la elaboración del expediente de contratación del servicio de recogida de residuos domésticos, fracciones orgánica, resto y voluminosos domésticos;Alcaldía del Ayuntamiento de Tinajo;servicios;Resuelta;Gextiona APV Consultores SL;12900;https://contrataciondelestado.es/wps/poc?uri=deeplink:detalle_licitacion&idEvl=HS8nkfXJm%2BK9Hd5zqvq9cg%3D%3D
Contratos menores;Migracion de licencias VMware vSphere Essentials 8 a VMware vSphere Foundation (VVF);Gerencia de Ecociudad Zaragoza S.A.U. (Medio Propio);suministros;Resuelta;SOLITIUM, S.L;12853,76;https://contrataciondelestado.es/wps/poc?uri=deeplink:detalle_licitacion&idEvl=GTPIA%2BreZGzmnwcj%2BxbdTg%3D%3D
Contratos menores;Ejecución del Proyecto Juvenil “GARJOV”.;Junta de Gobierno local del Ayuntamiento de la Villa y Puerto de Garachico;servicios;Resuelta;FUNDACIÓN CANARIA IMAGINE2050;12807,2;https://contrataciondelestado.es/wps/poc?uri=deeplink:detalle_licitacion&idEvl=F1vJTePcHJ5xseVhcqrkhw%3D%3D
Contratos menores;Carpa actos institucionales Farcama;Dirección General de Turismo, Comercio y Artesanía de la Junta de Comunidades de Castilla-La Mancha;servicios;Resuelta;PROCARPA 2022, S.L.;12805;https://contrataciondelestado.es/wps/poc?uri=deeplink:detalle_licitacion&idEvl=%2BtA7G%2BnzotKIzo3LHNPGcQ%3D%3D
Contratos menores;Suministro de áridos para reparación del camino del Combral (El Allende-Llanes) (CM);Alcaldía del Ayuntamiento de Llanes;suministros;Resuelta;FERNANDO ANTONIO LLERA DÍAZ;12800;https://contrataciondelestado.es/wps/poc?uri=deeplink:detalle_licitacion&idEvl=MYUqgbJi6mLI8aL3PRS10Q%3D%3D
Contratos menores;Servicio de escenario, sillas y mesas para eventos en las fiestas patronales de Octubre 2026;Junta de Gobierno del Ayuntamiento de Alquerías del Niño Perdido;servicios;Resuelta;JUAN CARLOS GOMEZ MONTOLIU;12640;https://contrataciondelestado.es/wps/poc?uri=deeplink:detalle_licitacion&idEvl=ARKBIDvK0928ebB%2FXTwy0A%3D%3D
Contratos menores;Contrato menor de servicios tala, poda y retirada de árboles secos, trabajos de limpieza de jardín, baldeo en los colegios El Viso, San Pedro y Ángel Frigola y guardería municipal La Mojonera.;Junta de Gobierno Local del Ayuntamiento de La Mojonera;servicios;Resuelta;OBRA Y SERVICIOS MARIN Y PETRE, S.L.;12600;https://contrataciondelestado.es/wps/poc?uri=deeplink:detalle_licitacion&idEvl=4JZudpwUUYlSYrkJkLlFdw%3D%3D
Contratos menores;Redacción de proyecto técnico de obra;Junta de Gobierno Local del Ayuntamiento de Cubillos del Sil;servicios;Resuelta;EQUATTRO ARQUITECTURA MAS INGENIERIA SL;12584,74;https://contrataciondelestado.es/wps/poc?uri=deeplink:detalle_licitacion&idEvl=iZntnj%2F2UUQXhk1FZxEyvw%3D%3D
Contratos menores;Actuaciones musicales en fiestas;Junta de Gobierno Local del Ayuntamiento de Cubillos del Sil;privado;Resuelta;CONCIERTOS, MUSICA Y EVENTOS, S.L.;12550;https://contrataciondelestado.es/wps/poc?uri=deeplink:detalle_licitacion&idEvl=YtBRPKNKVrbpxJFXpLZ%2B2A%3D%3D
Contratos menores;Labores de desbroce en 150 HAS del centro agronomico de La Melusa TM Tamarite de Litera, HUESCA 2026;Presidencia de la Confederación Hidrográfica del Ebro;servicios;Resuelta;AGROCASTELLS ALTORRINCON, S.L.U.;12540,91;https://contrataciondelestado.es/wps/poc?uri=deeplink:detalle_licitacion&idEvl=b%2FX%2Bhaqij5Kqb7rCcv76BA%3D%3D
Contratos menores;Servicio para la Dirección de Obra y la Coordinación de Seguridad y Salud para la obra Ciclosenda en Crta de Carmona MARCHENA (Sevilla);Alcaldía del Ayuntamiento de Marchena;servicios;Resuelta;ALQUEVIR S.L;12500;https://contrataciondelestado.es/wps/poc?uri=deeplink:detalle_licitacion&idEvl=07fM%2FLtAdCIkJPJS%2BPS9vg%3D%3D
Contratos menores;Adquisición de microchips para animalario;Gerencias de los Institutos de la Agencia Estatal Consejo Superior de Investigaciones Científicas;suministros;Resuelta;IMAGINE ANIMAL HEALTH;12500;https://contrataciondelestado.es/wps/poc?uri=deeplink:detalle_licitacion&idEvl=qY6jDY4B5%2ByopEMYCmrbmw%3D%3D
Contratos menores;Contrato menor de suministro de señalización para la Senda del Águeda – Financiado por la UE, en el Marco del Plan de Recuperación, Transformación y Resiliencia (Next Generation EU).;Alcaldía del Ayuntamiento de Ciudad Rodrigo;suministros;Resuelta;MÁRMOLES SAHAGÚN, S.L.;12457;https://contrataciondelestado.es/wps/poc?uri=deeplink:detalle_licitacion&idEvl=ncxT72sJKZ6cCF8sV%2BqtYA%3D%3D
Contratos menores;Actuaciones musicales;Junta de Gobierno Local del Ayuntamiento de Cubillos del Sil;privado;Resuelta;CONCIERTOS, MUSICA Y EVENTOS, S.L.;12450;https://contrataciondelestado.es/wps/poc?uri=deeplink:detalle_licitacion&idEvl=M%2ByMXCmqEA%2Bzz8fXU2i3eQ%3D%3D
Contratos menores;Alquiler de plaza portátil de toros para celebración de espectáculos taurinos en Fiestas Locales 2026;Alcaldía del Ayuntamiento de Monreal del Campo;servicios;Resuelta;GUERRERO TOROS SLU;12450;https://contrataciondelestado.es/wps/poc?uri=deeplink:detalle_licitacion&idEvl=R3YdlrORw8kkJPJS%2BPS9vg%3D%3D
Contratos menores;Gala certamen MISS Y MISTER de la Real Feria San Miguel 2026;Junta de Gobierno del Ayuntamiento de Vélez-Málaga;servicios;Resuelta;EVENTUAL THREE, S. L.;12397;https://contrataciondelestado.es/wps/poc?uri=deeplink:detalle_licitacion&idEvl=FfyMHt2RwB14zIRvjBVCSw%3D%3D
Contratos menores;Patrocinio Publicitario: III Feria Agroalimentaria Espiga.;Presidencia de la Diputación de Badajoz;servicios;Resuelta;CAJA RURAL DE EXTREMADURA, S.C.C.;12396,69;https://contrataciondelestado.es/wps/poc?uri=deeplink:detalle_licitacion&idEvl=k%2FeD1ErvQ7qExvMJXBMHHQ%3D%3D
Contratos menores;Adquisición de productos de limpieza del centro penitenciario de Castellón II.;Gerencia de la Entidad Estatal de Derecho Público Trabajo Penitenciario y Formación para el Empleo, M.P.;suministros;Resuelta;LEVANTINA DE CELULOSAS, S. L.;12395,87;https://contrataciondelestado.es/wps/poc?uri=deeplink:detalle_licitacion&idEvl=urVt79SP4Tbmnwcj%2BxbdTg%3D%3D
Contratos menores;Adquisición de film para el taller de panadería del centro penitenciario de Castellón II.;Gerencia de la Entidad Estatal de Derecho Público Trabajo Penitenciario y Formación para el Empleo, M.P.;suministros;Resuelta;PLASTICOS FRANCES;12395,87;https://contrataciondelestado.es/wps/poc?uri=deeplink:detalle_licitacion&idEvl=M99T1XEgRFCP66GS%2BONYvQ%3D%3D
Contratos menores;Suministro de equipamiento para la implantación del ciclo de Grado Básico en Instalaciones Electrotécnicas y Mecánica.;Dirección Provincial de Educación en Ávila;suministros;Resuelta;TECNICAS EXCLUSIVAS INDUSTRIALES SA;12385,89;https://contrataciondelestado.es/wps/poc?uri=deeplink:detalle_licitacion&idEvl=J2TECrCEMtYkJPJS%2BPS9vg%3D%3D
Contratos menores;Realización del proyecto Invasión Art Festival 2026;Junta de Gobierno Local del Ayuntamiento de Plasencia;servicios;Resuelta;ANDRÉS SÁNCHEZ-OCAÑA NÚÑEZ;12371,9;https://contrataciondelestado.es/wps/poc?uri=deeplink:detalle_licitacion&idEvl=%2FosNecL3r7vN3k3tjedSGw%3D%3D
Contratos menores;Contrato mixto para el suministro e instalación de una zona de juegos en recinto del colegio San Miguel en Trevías (Valdés).;Alcaldía del Ayuntamiento de Valdés;suministros;Resuelta;Instalaciones Bahía Park, S.L.;12348;https://contrataciondelestado.es/wps/poc?uri=deeplink:detalle_licitacion&idEvl=X4Zhv6evh5Hmnwcj%2BxbdTg%3D%3D
Contratos menores;Contrato menor de servicio de publicación digital, mantenimiento y soporte evolutivo de la fototeca del IHM.;Intendente de San Fernando;servicios;Resuelta;Konica Minolta Business Solutions Spain S.A;12320;https://contrataciondelestado.es/wps/poc?uri=deeplink:detalle_licitacion&idEvl=SipKa%2BEMWljyoM4us5k4vw%3D%3D
Contratos menores;Organización del acto de entrega de premios de la «XVII Edición de los Premios de la Comunidad de Castilla y León al Cooperativismo y la Economía Social», que se celebrará el 9 de noviembre de 2026 en Zamora.;Consejería de Industria, Universidades, Empleo y Comercio de la Junta de Castilla y León;servicios;Resuelta;DIVENTIA VALLADOLID SL;12281;https://contrataciondelestado.es/wps/poc?uri=deeplink:detalle_licitacion&idEvl=MpQv7wVlEhFWhbmkna2nXQ%3D%3D
Contratos menores;Suministro de Motor para la EBAP Huércal-Overa II a Santa María de Nieva. TM Huércal-Overa;Consejería Delegada de Gestión de Aguas del Levante Almeriense, S.A. (GALASA);suministros;Resuelta;LEFLOMAR SUR S.L.;12249,38;https://contrataciondelestado.es/wps/poc?uri=deeplink:detalle_licitacion&idEvl=tNiPnOZm9uJq1DdmE7eaXg%3D%3D
Contratos menores;3417/Servicio para los diferentes talleres culturales/deportivos a desarrolla en el CDSCM Ciudad del Aire;Jefatura de la Sección Económico Administrativa 24 de la Base Aérea de Morón;servicios;Resuelta;14618748V;12000;https://contrataciondelestado.es/wps/poc?uri=deeplink:detalle_licitacion&idEvl=ixW1I5vQB%2FSzz8fXU2i3eQ%3D%3D
Contratos menores;servizos de monitoraxe para actividades en parroquias;Alcaldía del Ayuntamiento de Ortigueira;servicios;Resuelta;VIRAXES, S.L.;11983,47;https://contrataciondelestado.es/wps/poc?uri=deeplink:detalle_licitacion&idEvl=TyQ4jYrmyXL%2B3JAijKO%2Bkg%3D%3D
Contratos menores;Servicio de localización y monitorización de 151 dispositivos de seguimiento vexia y 81 dispositivos de seguimiento smartone, para las unidades operativas del Departamento de Aduanas e II.EE.;Dirección del Servicio de Gestión Económica de la Agencia Estatal de la Administración Tributaria;servicios;Resuelta;CRAMBO WIRELESS SA;11920,06;https://contrataciondelestado.es/wps/poc?uri=deeplink:detalle_licitacion&idEvl=seFjvzhw8%2FqP%2Bo96UAV7cQ%3D%3D
Contratos menores;Cto mnto ecobroncoscopio Pentax EB197OUK sn H120519 - Ser Neumología_broncoscop;Gerencia de Atención Especializada Hospital Clínico Univ. de Valladolid;servicios;Resuelta;PENTAX MEDICAL IBERIA S.A.U.;11886;https://contrataciondelestado.es/wps/poc?uri=deeplink:detalle_licitacion&idEvl=LKYhv%2Fkx1r7CfVQHDepjGQ%3D%3D
Contratos menores;Poda de seto de buganvilla, poda de palmeras, poda de pinos, poda y limpieza de malas hierbas en zona de juegos infantiles, limpieza de toda la zona y 5 días de barredora con apoyo de operarios con sopladora;Alcaldía del Ayuntamiento de Algorfa;servicios;Resuelta;PRESERBOL S.L.;11865,5;https://contrataciondelestado.es/wps/poc?uri=deeplink:detalle_licitacion&idEvl=TIf3TWmZIye2gkLQ8TeYKA%3D%3D
Contratos menores;Actualización de OJS: instancia Revistas - incluyendo capacitación de usuarios;Rectorado de la Universidad de La Laguna;servicios;Resuelta;JUAN JOSE ASCANIO AMIGO;11843,97;https://contrataciondelestado.es/wps/poc?uri=deeplink:detalle_licitacion&idEvl=Ci1vdKRr6%2FkQyBAnWzHfCg%3D%3D
Contratos menores;Cto mnto ecobroncoscopio Pentax EB19J10U sn A120131 - Ser Neumología_broncoscop;Gerencia de Atención Especializada Hospital Clínico Univ. de Valladolid;servicios;Resuelta;PENTAX MEDICAL IBERIA S.A.U.;11660;https://contrataciondelestado.es/wps/poc?uri=deeplink:detalle_licitacion&idEvl=vyjDrs6Wt9bjHF5qKI4aaw%3D%3D
Contratos menores;Reparación de maquinaria de caminos rurales;Junta de Gobierno del Ayuntamiento de Villacarrillo;servicios;Resuelta;TALLERES MAQUIDIESEL S. COOP.ANDALUZA;11639,19;https://contrataciondelestado.es/wps/poc?uri=deeplink:detalle_licitacion&idEvl=YE4XxGV%2B8GPmnwcj%2BxbdTg%3D%3D
Contratos menores;Contrato Menor de suministro para adquisición de material de intervención en nieve para reposición para el Equipo de intervención de protección civil y emergencias.;Consejería de Presidencia, Justicia, Seguridad y Simplificación Administrativa de la Comunidad Autónoma de Cantabria;suministros;Resuelta;BARRABÉS SKI MONTAÑA, SL;11600,97;https://contrataciondelestado.es/wps/poc?uri=deeplink:detalle_licitacion&idEvl=3yaPtFvQPzJt5r0ngvMetA%3D%3D
Contratos menores;25 unidades prenda de abrigo, anorak impermeable-chubasquero, para agentes nuevo Policía Local;Concejal de Contratación del Ayuntamiento de Torrejón de Ardoz;suministros;Resuelta;SAGRES S.L.;11563;https://contrataciondelestado.es/wps/poc?uri=deeplink:detalle_licitacion&idEvl=XUuVGvAM0P3ua%2Fi14w%2FPLA%3D%3D
Contratos menores;Suministro en régimen de alquiler de equipos de climatización para la Misión de preposicionamiento del Mecanismo Europeo de Protección Civil 2026 con participación de bomberos forestales de Polonia en Castilla-La Mancha, en Campillos Paravientos y Albendea, en la provincia de Cuenca. Expediente nº 103-TT-0-038-26/SU3;Dirección Gerencia de Gestión Ambiental de Castilla-La Mancha S.A.;suministros;Resuelta;TORRES SERVICIOS TECNICOS, SL;11513,3;https://contrataciondelestado.es/wps/poc?uri=deeplink:detalle_licitacion&idEvl=0nZT3lcqxAVVkTabT%2FRM8A%3D%3D
Contratos menores;Servicios artísticos para las fiestas patronales de octubre 2026.;Junta de Gobierno del Ayuntamiento de Alquerías del Niño Perdido;servicios;Resuelta;JUAN CARLOS GOMEZ MONTOLIU;11500;https://contrataciondelestado.es/wps/poc?uri=deeplink:detalle_licitacion&idEvl=E3348uxMVd970UvEyYJSGw%3D%3D
Contratos menores;Asistencia técnica para la redacción de expediente legalización obras realizadas al margen de la licencia urbanística de 2008;Gerencias de los Institutos de la Agencia Estatal Consejo Superior de Investigaciones Científicas;servicios;Resuelta;SERGIO GUMERSINDO CARCIA ALCALDE;11500;https://contrataciondelestado.es/wps/poc?uri=deeplink:detalle_licitacion&idEvl=4fxFMK40c%2Bqzz8fXU2i3eQ%3D%3D
Contratos menores;Contrato de Suministro de Juego Infantil Compacto con forma de Barco para instalar en el Parque Municipal Las Higuerillas, en Las Labores, Ciudad Real;Presidencia de la Diputación Provincial de Ciudad Real;suministros;Resuelta;INDUSTRIAS MOSSER 97, S.L.;11477;https://contrataciondelestado.es/wps/poc?uri=deeplink:detalle_licitacion&idEvl=%2B55KVTpAciSExvMJXBMHHQ%3D%3D
Contratos menores;Reposicion De Pavimento En Camino Herreros, Camino Menchones, Carril Mosquitos,Avda.San Gines.Ap.Pleno 15/06/26.;Junta de Gobierno del Ayuntamiento de Murcia;obras;Resuelta;JS ASFALTOS, SLU;11473,21;https://contrataciondelestado.es/wps/poc?uri=deeplink:detalle_licitacion&idEvl=SODekIkgCAG8ebB%2FXTwy0A%3D%3D
Contratos menores;"Redacción de proyecto de ejecución para la ""Conservación y puesta en valor del entorno de la iglesia de la Vera Cruz, en Segovia""";Alcaldía del Ayuntamiento de Segovia;servicios;Resuelta;ZENIT INGENIERIA Y CONSULTORIA SLP;11450;https://contrataciondelestado.es/wps/poc?uri=deeplink:detalle_licitacion&idEvl=3cduEvjeBWDE6P%2FuLemXRw%3D%3D
Contratos menores;Intervenciones de urgencia para la conservación de la colección de indumentaria y etnológica del Muse de la Taronja;Alcaldía del Ayuntamiento de Borriana;servicios;Resuelta;Nuria Pons Alemán;11441;https://contrataciondelestado.es/wps/poc?uri=deeplink:detalle_licitacion&idEvl=N6Fsu9d%2BPdbpxJFXpLZ%2B2A%3D%3D
Contratos menores;Contrato menor de servicios poda de palmeras en Venta del Viso, Avda. Europa, P/ Constitución y Paseo de los Pueblos.;Junta de Gobierno Local del Ayuntamiento de La Mojonera;servicios;Resuelta;OBRA Y SERVICIOS MARIN Y PETRE, S.L.;11427;https://contrataciondelestado.es/wps/poc?uri=deeplink:detalle_licitacion&idEvl=mZlIuu2MeaEwYTJJ03sHog%3D%3D
Contratos menores;Servicio de redacción, diseño, edición e impresión de un desplegable Año Rafael Azcona;Concejalía Delegada del Área de Administración Pública del Ayuntamiento de Logroño;servicios;Resuelta;ASOCIACION PRENSA DE LA RIOJA;11415;https://contrataciondelestado.es/wps/poc?uri=deeplink:detalle_licitacion&idEvl=clXH7g0Z7P036J9Lctlsuw%3D%3D
Contratos menores;Equipo de medida para caracterizar dispositivo - NI PXIE-4140 SMU DE 4 CANALES con kit de conectores de terminal de tornillo SMU y garantía;Gerencias de los Institutos de la Agencia Estatal Consejo Superior de Investigaciones Científicas;suministros;Resuelta;MEASUREIT SYSTEMS, SL;11413,91;https://contrataciondelestado.es/wps/poc?uri=deeplink:detalle_licitacion&idEvl=z6lSD6M55yHXOjazN1Dw9Q%3D%3D
Contratos menores;Contrato menor 321/2026. Trabajos hundimiento pavimento en Avenida Lepanto nº 63 t.m. Serón;Alcaldía del Ayuntamiento de Serón;obras;Resuelta;PLESER DESMONTES Y ELEVACIONES;11391,4;https://contrataciondelestado.es/wps/poc?uri=deeplink:detalle_licitacion&idEvl=M0nLJJxGoxGcCF8sV%2BqtYA%3D%3D
Contratos menores;"Con motivo de la novillada picada que se celebra el próxima día 5 de septiembre durante las fiestas patronales del Municipio en honor a la Virgen Natividad de Nuestra Señora, se han buscado 3 toros entre 3 y 4 años que no excedan de 270 kg en canal y con fuente propia de sangre brava, bajo el encaste único ""BALTASAR IBAN"", y que puedan ser lidiados en la plaza de toros de Navacerrada de tercera categoría. Y 3 vacas para las sueltas de los días 5 y 6 de septiembre.";Alcaldía del Ayuntamiento de Navacerrada;suministros;Resuelta;GANADERIA IBAN SL;11357;https://contrataciondelestado.es/wps/poc?uri=deeplink:detalle_licitacion&idEvl=f%2FEsl9YhP5J%2FP7lJ7Fu0SA%3D%3D
Contratos menores;Proyecto Migración a Microsoft 365;Gerencia de Guaguas Municipales, S.A.;servicios;Resuelta;Atlantis Tecnología y Sistemas, S.L.;11320;https://contrataciondelestado.es/wps/poc?uri=deeplink:detalle_licitacion&idEvl=37yyjNJ5hvM3vLk2DU2Ddg%3D%3D
Contratos menores;Renovación de muro de cierre en la cabeza del talud de la parcela de Subsistencias de Marina (carretera alta);Presidencia de la Autoridad Portuaria de Ferrol San Cibrao;obras;Resuelta;SUCCESS INFRAESTRUCTURAS Y SERVICIOS, S.A.;11288,71;https://contrataciondelestado.es/wps/poc?uri=deeplink:detalle_licitacion&idEvl=vVI9UWt%2BnOFVq4S9zvaQpQ%3D%3D
Contratos menores;Contrato menor de suministro merchandising aula medio ambiental y campañas;Presidencia del Consorcio Provincial para la Gestión de los Residuos Sólidos Urbanos de Málaga;suministros;Resuelta;PUBLICMAR SL;11208,75;https://contrataciondelestado.es/wps/poc?uri=deeplink:detalle_licitacion&idEvl=Ie2n19VWDMc36J9Lctlsuw%3D%3D
Contratos menores;"Adjudicar el contrato menor de servicios ""Redacción del proyecto: Rehabilitación y terminación del edificio público ubicado en El Mocanal""";Presidencia del Cabildo Insular de El Hierro;servicios;Resuelta;Maria Febles y David Mallo Arquitectos, S.C.P;11200;https://contrataciondelestado.es/wps/poc?uri=deeplink:detalle_licitacion&idEvl=MlD6MQILCg%2BP%2Bo96UAV7cQ%3D%3D
Contratos menores;Contrato de servicio de organización evento cadiz suena en prado del rey (30/2026/07);Consejo Rector de la Fundación Provincial de Cultura;servicios;Resuelta;TRINIDAD DEL ROCIO BELTRAN FERNANDEZ;11200;https://contrataciondelestado.es/wps/poc?uri=deeplink:detalle_licitacion&idEvl=OgZdB3efppbzAq95uGTrDQ%3D%3D
Contratos menores;"Adquisición de mobiliario para las instalaciones de la escuela de conductores de la BRIGADA ""CANARIAS"" XVI (BRICAN XVI).";Jefatura de Asuntos Económicos del Mando de Canarias;suministros;Resuelta;METAL CONFORT S.L.;11168,65;https://contrataciondelestado.es/wps/poc?uri=deeplink:detalle_licitacion&idEvl=61T8JPR8MUCTylGzYmBF9Q%3D%3D
Contratos menores;Reparaciones incidencias robo de material Andorra;Instituto Aragonés de Fomento (IAF);obras;Resuelta;J.R. Aplicaciones Técnicas de la Electricidad S.L.;11161,35;https://contrataciondelestado.es/wps/poc?uri=deeplink:detalle_licitacion&idEvl=68LRS9v8y0X9pbnDwlaUlg%3D%3D
Contratos menores;Obra reparación y mantenimiento de varias calles;Alcaldía del Ayuntamiento de Los Molares;obras;Resuelta;ESTIMULO EMPRESARIAL,SL;11150;https://contrataciondelestado.es/wps/poc?uri=deeplink:detalle_licitacion&idEvl=eob3Q401m%2FdQFSeKCRun4Q%3D%3D
Contratos menores;Diseño de un programa de detección de ITS en Atención Primaria mediante pruebas rápidas;Servicio de Salud de las Illes Balears;servicios;Resuelta;María Jesús Serrano Ripoll;11098,85;https://contrataciondelestado.es/wps/poc?uri=deeplink:detalle_licitacion&idEvl=SCjEtIQNyBj%2B3JAijKO%2Bkg%3D%3D
Contratos menores;"Aprobación del expediente, aprobación del gasto y reconocimiento de la obligación de los contratos menores de servicios para la puesta en marcha del ""Proyecto de Atención a las Adicciones.Cabildo Insular de El Hierro 2026. Subvención nominada de 32918 €""";Presidencia del Cabildo Insular de El Hierro;servicios;Resuelta;Grupo Empresarial Issero, S.L.U.;11005,8;https://contrataciondelestado.es/wps/poc?uri=deeplink:detalle_licitacion&idEvl=khUm6OglNwmcTfjQf3USOg%3D%3D
Contratos menores;Adquisición de 14 botellas de suero fetal bovino;Gerencias de los Institutos de la Agencia Estatal Consejo Superior de Investigaciones Científicas;suministros;Resuelta;LIFE TECHNOLOGIES S.A.;10920,48;https://contrataciondelestado.es/wps/poc?uri=deeplink:detalle_licitacion&idEvl=qutDKH0zvX6sNfRW6APEDw%3D%3D
Contratos menores;servicio de Taller de Teatro para el curso 2026-2027.;Concejalía Delegada de Hacienda del Ayuntamiento de Navalcarnero;servicios;Resuelta;LAPOTINGUELE PRODUCCIONES, S.L.;10890;https://contrataciondelestado.es/wps/poc?uri=deeplink:detalle_licitacion&idEvl=hcaPrxLqQrqFQ%2FlhRK79lA%3D%3D
Contratos menores;Suministro De Material Eléctrico;Consejería de Presidencia, Justicia, Seguridad y Simplificación Administrativa de la Comunidad Autónoma de Cantabria;suministros;Resuelta;HIDROCANTABRIA S.L.;10876,09;https://contrataciondelestado.es/wps/poc?uri=deeplink:detalle_licitacion&idEvl=oqVyymBaA5GGCFcHcNGIlQ%3D%3D
Contratos menores;La contratación propuesta se justifica en la necesidad de en la necesidad de recogida y gestión de residuos impropios de la campa del Ayto. con métodos de tratamiento más eficientes que el vertido, a la par que más económico.;Alcaldía del Ayuntamiento de San Agustín del Guadalix;servicios;Resuelta;RECICLADOS Y SUMINISTROS DE JARDINERIA S.L.;10800;https://contrataciondelestado.es/wps/poc?uri=deeplink:detalle_licitacion&idEvl=x6mBfmdaUQEzjChw4z%2FXvw%3D%3D
Contratos menores;El servicio de monitora para la ludoteca municipal curso 2026/27.;Alcaldía del Ayuntamiento de Las Mesas;servicios;Resuelta;IRENE MARCHANTE ROMERO;10800;https://contrataciondelestado.es/wps/poc?uri=deeplink:detalle_licitacion&idEvl=JS1nMK7OeScl5NjlNci%2BtA%3D%3D
Contratos menores;Adquirir 3 novillos más derechos de mayoral para la novillada del 5 de septiembre retransmitida por Telemadrid con motivo de las fiestas patronales 2026;Alcaldía del Ayuntamiento de Navacerrada;suministros;Resuelta;DEHESA EL VALLEJO;10765;https://contrataciondelestado.es/wps/poc?uri=deeplink:detalle_licitacion&idEvl=b9rc3rPVuceP%2Bo96UAV7cQ%3D%3D
Contratos menores;Suministro de almohadas y colchones a Centros dependientes de la Delegación Provincial de Bienestar Social de Guadalajara 2026;Delegación Provincial de la Consejería de Bienestar Social en Guadalajara;suministros;Resuelta;AGUDEL,S.L.;10714,44;https://contrataciondelestado.es/wps/poc?uri=deeplink:detalle_licitacion&idEvl=IHsTZMGqsZN6nTs9LZ9RhQ%3D%3D
Contratos menores;Contrato Menor Servicio para la Contratación de Artistas Festival Primavera 2026;Alcaldía del Ayuntamiento de Isla Mayor;servicios;Resuelta;FRANCISCO GARCÍA CÁRDENAS;10702,48;https://contrataciondelestado.es/wps/poc?uri=deeplink:detalle_licitacion&idEvl=uxJM72wJ78qFQ%2FlhRK79lA%3D%3D
Contratos menores;Adquisición de material gráfico para la campaña Plan Estimulo al consumo en el Comercio Minorista;Alcaldia del Ayuntamiento de Mérida;suministros;Resuelta;INDUSTRIA GRAFICA IGRAEX, S.L.;10700;https://contrataciondelestado.es/wps/poc?uri=deeplink:detalle_licitacion&idEvl=lWDovOANc0lVYjgxA4nMUw%3D%3D
Contratos menores;Contratación de los trabajos para el suministro y montaje de 4 mesas de estrado y 11 sillones giratorios para el Aula Magna de la Academia de Cabos y Guardias de la Guardia Civil de Baeza (Jaén).;Academia de Cabos y Guardias de la Guardia Civil;suministros;Resuelta;ANTONIO HERRAIZ, S. A.;10660;https://contrataciondelestado.es/wps/poc?uri=deeplink:detalle_licitacion&idEvl=U25LRn1q%2Be9LAIVZdUs8KA%3D%3D
Contratos menores;GU. 7.08.03 CRA Sexma de la Sierra - Alustante - pavimento de caucho;Delegación Provincial de la Consejería de Educación, Cultura y Deportes en Guadalajara;obras;Resuelta;PROELIUM SPORT & EQUIPMENT, S.L.;10581,79;https://contrataciondelestado.es/wps/poc?uri=deeplink:detalle_licitacion&idEvl=WH7nk2l%2BYwYkJPJS%2BPS9vg%3D%3D
Contratos menores;instalación de 102 pracas cerámicas para o rueiro do casco histórico;Junta de Gobierno del Ayuntamiento de Ourense;suministros;Resuelta;BODEGAS COSTOYA SL;10506;https://contrataciondelestado.es/wps/poc?uri=deeplink:detalle_licitacion&idEvl=wOYtodgd7ynmnwcj%2BxbdTg%3D%3D
Contratos menores;Mantenimiento y Conservación de jardines y zonas verdes ubicados en el centro de control de cuenca sito en la Esclusa nº 42 del Canal de Castilla en Valladolid.;Confederación Hidrográfica del Duero, O.A.;servicios;Resuelta;FRANYAL, S.L.;10434,94;https://contrataciondelestado.es/wps/poc?uri=deeplink:detalle_licitacion&idEvl=5vQG7LYipMH5Rey58Yagpg%3D%3D
Contratos menores;Proyectos técnicos de instalaciones necesarios para la redacción de Proyecto Básico y de Ejecución de edificio destinado a residencia de mayores;Alcaldía del Ayuntamiento de El Viso del Alcor;servicios;Resuelta;MANUEL REMESAL DURÁN;10400;https://contrataciondelestado.es/wps/poc?uri=deeplink:detalle_licitacion&idEvl=q4DFUfEknIRt5r0ngvMetA%3D%3D
Contratos menores;Campaña de publicidad institucional INSTRUMENTOS FINANCIEROS FEDER 2026 durante el mes de octubre de 2026 en Cadena SER.;Instituto para la Competitividad Empresarial de la Junta de Castilla y León;servicios;Resuelta;SOCIEDAD ESPAÑOLA DE RADIODIFUSIÓN S.L.U;10342,8;https://contrataciondelestado.es/wps/poc?uri=deeplink:detalle_licitacion&idEvl=%2Fvd1GBOLNpzyoM4us5k4vw%3D%3D
Contratos menores;Equipo de ECG portátil (3 unidades);Servicio de Salud de las Illes Balears;suministros;Resuelta;Dextromedica;10291,56;https://contrataciondelestado.es/wps/poc?uri=deeplink:detalle_licitacion&idEvl=8Lom9IS0l%2FA2wEhQbcAqug%3D%3D
Contratos menores;Adquisición de equipos informáticos para la sección de coordinación cartográfica del EMAD;Jefatura de Asuntos Económicos del Estado Mayor de la Defensa;suministros;Resuelta;KUIPER INFORMATICA SA;10162,08;https://contrataciondelestado.es/wps/poc?uri=deeplink:detalle_licitacion&idEvl=HRFBf1RyY0dWhbmkna2nXQ%3D%3D
Contratos menores;Suministro mediante arrendamiento sin opción de compra de ocho vehículos.;Junta de Gobierno Local del Ayuntamiento de Archena;suministros;Resuelta;MUEVETEPORELMUNDO S.L;10140;https://contrataciondelestado.es/wps/poc?uri=deeplink:detalle_licitacion&idEvl=AS1g%2FZ4qkAHVGIpKDxgsAQ%3D%3D
Contratos menores;Contratación del servicio docente para la impartición de la acción formativa AC 2025-5972 Operaciones Auxiliares de Instalaciones Electrotécnicas y de Telecomunicaciones en Edificios;Agencia de Desarrollo Local y Empleo del Ayuntamiento de Cartagena;servicios;Resuelta;Isidro López Martínez;10109,9;https://contrataciondelestado.es/wps/poc?uri=deeplink:detalle_licitacion&idEvl=44bf2cvRkJW9Hd5zqvq9cg%3D%3D
Contratos menores;Reparación de cubierta y canalones del comedor en el CEIP Reina Fabiola de Bélgica (Ávila);Dirección Provincial de Educación en Ávila;obras;Resuelta;SAJA CONSTRUCCIÓN Y DESARROLLO DE SERVIC;10065,14;https://contrataciondelestado.es/wps/poc?uri=deeplink:detalle_licitacion&idEvl=qi6mLxvPRGmzz8fXU2i3eQ%3D%3D
Contratos menores;Contrato menor de producción artística y técnica para la correcta planificación, coordinación y ejecución de los actos de la Policía Local de Santa Cruz de Tenerife por la festividad de la Patrona.;Concejalía de Gobierno del Área de Seguridad, Movilidad y Accesibilidad Universal con competencias delegadas en Igualdad y Diversidad Afectivo Sexual del Ayuntamiento de Santa Cruz de Tenerife;servicios;Resuelta;ALFA CANARIAS DIRECCION Y PRODUCCION ARTISTICA S.L.;10000;https://contrataciondelestado.es/wps/poc?uri=deeplink:detalle_licitacion&idEvl=VuTRpILOFTNrhBlEHQFSKA%3D%3D
Contratos menores;Prestación de servicios del plan de Medios del II Congreso de Sistemas Eléctricos Aislados Tenerife 2026 (E2026020395-69/2026);Consejería Insular de Industria, Comercio, Sector Primario y Bienestar Animal del Cabildo Insular de Tenerife;servicios;Resuelta;22 GRADOS DE MEDIA, SL;10000;https://contrataciondelestado.es/wps/poc?uri=deeplink:detalle_licitacion&idEvl=GQ0PbZFCHnr9pbnDwlaUlg%3D%3D
Contratos menores;Contratación orquesta día 11 de septiembre Fiestas El Cristo 2026 (Grupo Versus);Alcaldía del Ayuntamiento de Peraleda de la Mata;servicios;Resuelta;ESPECTÁCULOS Y EVENTOS RUBÉN CARLOS, S.L.;10000;https://contrataciondelestado.es/wps/poc?uri=deeplink:detalle_licitacion&idEvl=Yg8w%2BQAW0H6HCIsjvJ3rhQ%3D%3D
Contratos menores;Alquiler equipo de sonido e iluminación para la Feria del Mayor días 8, 9 y 10 de agosto 2026 en el Parque San Agustin;Alcaldía del Ayuntamiento de Coín;servicios;Resuelta;NEO AUDIOVISUALES 2023 S.L.;10000;https://contrataciondelestado.es/wps/poc?uri=deeplink:detalle_licitacion&idEvl=BTiWnibelPAS7pcxhTeWOg%3D%3D
Contratos menores;Cto mnto Sistema Alimentación Ininterrumpida SAIs - CE Pilarica y Ed Rondilla;Gerencia de Atención Especializada Hospital Clínico Univ. de Valladolid;servicios;Resuelta;SISTEM CONSULTING RECTIFIERS S.L;9963,5;https://contrataciondelestado.es/wps/poc?uri=deeplink:detalle_licitacion&idEvl=wIMsb%2FC%2BXAmLAncw3qdZkA%3D%3D
Contratos menores;Patrocinio torneo ciudad de conil;Diputación Provincial de Cádiz;privado;Resuelta;CLUB DE GIMNASIA CONIL;9917,36;https://contrataciondelestado.es/wps/poc?uri=deeplink:detalle_licitacion&idEvl=%2F%2FfRhTg%2FctR%2FR5QFTlaM4A%3D%3D
Contratos menores;Contrato menor patrocinio de la ii edición del libro memoria de un fotógrafo 50 años de luces 1974/2024;Diputación Provincial de Cádiz;privado;Resuelta;JOAQUIN HERNANDEZ CONDE;9917,36;https://contrataciondelestado.es/wps/poc?uri=deeplink:detalle_licitacion&idEvl=We8oTQ3nUzXgL1BHd3qjQA%3D%3D
Contratos menores;Servicio de reparación en fábrica de 46 unidades canceladoras UX410 de Guaguas Municipales, S.A.;Gerencia de Guaguas Municipales, S.A.;servicios;Resuelta;Desarrollos y Sistemas Informáticos Canarios, S.L.;9893,54;https://contrataciondelestado.es/wps/poc?uri=deeplink:detalle_licitacion&idEvl=kA%2Ffwi7trHj%2Fa9DgO%2BoYKQ%3D%3D
Contratos menores;Servicio de montaje en las instalaciones de Málaga Deporte y Eventos, S.A.;Presidencia de Málaga Deportes y Eventos S.A.M.;servicios;Resuelta;JCN AUXSERVICES, S.L.;9807,34;https://contrataciondelestado.es/wps/poc?uri=deeplink:detalle_licitacion&idEvl=PN9uyrbS3g4%2Bk2oCbDosIw%3D%3D
Contratos menores;Aranzadi Fusión Instituciones Diamond (3 licencias);Presidencia de la Autoridad Portuaria de Baleares;suministros;Resuelta;ARANZADI LA LEY S.A.U.;9748;https://contrataciondelestado.es/wps/poc?uri=deeplink:detalle_licitacion&idEvl=yy5Ft31GCevkY6rls5tG9A%3D%3D
Contratos menores;Mejora diferentes caminos en el termino municipal de San Carlos del Valle;Junta de Gobierno Local del Ayuntamiento de San Carlos del Valle;obras;Resuelta;JOSE CANO MOLINA;9737,48;https://contrataciondelestado.es/wps/poc?uri=deeplink:detalle_licitacion&idEvl=Lbj0l4oEXsF%2BF6L2uCfUWg%3D%3D
Contratos menores;Contratación ruta 3702290 Curso 2026/2027;Dirección Provincial de Educación en Salamanca;servicios;Resuelta;VIAGON AUTOCARES SL;9617;https://contrataciondelestado.es/wps/poc?uri=deeplink:detalle_licitacion&idEvl=WeEdUZ19fyj5Rey58Yagpg%3D%3D
Contratos menores;Adquisición de maquinaria almacén abastecimiento CEMILFARDEF;Inspección General de Sanidad de la Defensa;suministros;Resuelta;MOON SUPPLY SL;9562,53;https://contrataciondelestado.es/wps/poc?uri=deeplink:detalle_licitacion&idEvl=cm66IOqwRA0wYTJJ03sHog%3D%3D
Contratos menores;Contrato de Servicio Asistencia Técnica para elaborar la AGENDA URBANA DE ARAHAL.;Alcaldia del Ayuntamiento de Arahal;servicios;Resuelta;ACTUA TECH PARTNERS, S.L.;9500;https://contrataciondelestado.es/wps/poc?uri=deeplink:detalle_licitacion&idEvl=28dICCeTpJ56nTs9LZ9RhQ%3D%3D
Contratos menores;"EIMGAF.- CONTRATO MENOR. Servicio para impartir las clases de ""Construcción y Castrametación"" a los alumnos de la EIMGAF desde 14.09.2026 hasta 30.11.2026.";Intendente de Cartagena;servicios;Resuelta;Real Sociedad Económica de Amigos del País de Cartagena;9499,77;https://contrataciondelestado.es/wps/poc?uri=deeplink:detalle_licitacion&idEvl=tvyK9uw4kvvE6P%2FuLemXRw%3D%3D
Contratos menores;Apoyo a la dirección facultativa y coordinación de la seguridad y salud durante la ejecución de las obras del proyecto de construcción de muros en el torrente de Sant Miquel, tramos Camí des Torrent Vell y Can Marxando. T.M. Sa Pobla;Consejería del Mar y del Ciclo del Agua de la Comunidad Autónoma de las Illes Balears;servicios;Resuelta;ARVUM CONSULTORÍA & PROYECTOS, SL;9480;https://contrataciondelestado.es/wps/poc?uri=deeplink:detalle_licitacion&idEvl=%2Bh3X7xfLI7dVq4S9zvaQpQ%3D%3D
Contratos menores;Redacción del proyecto basico y de ejecucion de la reparación y saneamiento de las humedades y filtraciones de agua del castillo del rey, termino municipal de san vicente de la barquera.;Consejería de Universidades, Igualdad, Cultura y Deporte;servicios;Resuelta;FERNANDEZ ABASCAL TEIRA EDUARDO;9450;https://contrataciondelestado.es/wps/poc?uri=deeplink:detalle_licitacion&idEvl=MFgQ42UJW4qmq21uxhbaVQ%3D%3D
Contratos menores;Adquisición sistema de gestión de reservas y control económico;Gerencias de los Institutos de la Agencia Estatal Consejo Superior de Investigaciones Científicas;suministros;Resuelta;CKLO LDA.;9438;https://contrataciondelestado.es/wps/poc?uri=deeplink:detalle_licitacion&idEvl=WPUHIYSbaO9q1DdmE7eaXg%3D%3D
Contratos menores;Promoción de Lanzarote a través de los medios de comunicación y publicitarios de los que dispondrá el torneo de pesca XXXIII Puerto Calero Marlin Cup;Consejería Delegada de Promoción Exterior de Lanzarote, S.A.;servicios;Resuelta;Puerto Calero Marinas, S.L.;9345,79;https://contrataciondelestado.es/wps/poc?uri=deeplink:detalle_licitacion&idEvl=A2CbGZSFFbUaF6cS8TCh%2FA%3D%3D
Contratos menores;Suministro de electrodomésticos y pequeña maquinaria;Jefatura de Intendencia de Asuntos Económicos Oeste;suministros;Resuelta;Vetocu, S.L.;9336;https://contrataciondelestado.es/wps/poc?uri=deeplink:detalle_licitacion&idEvl=GM7fznk3fqFWhbmkna2nXQ%3D%3D
Contratos menores;Mantenimiento red contra incendios D.Sur;Presidencia de la Autoridad Portuaria de Castellón;servicios;Resuelta;FIRE BUSINESS S.L.;9333,31;https://contrataciondelestado.es/wps/poc?uri=deeplink:detalle_licitacion&idEvl=lU8A0ZoINafi0Kd8%2Brcp6w%3D%3D
Contratos menores;Servicio de limpieza del edificio e instalaciones del CIAPA en Marchamalo (Guadalajara), por un período de 6 meses;Dirección del Instituto Regional de Investigación y Desarrollo Agroalimentario y Forestal de Castilla-La Mancha (IRIAF);servicios;Resuelta;LIMPIEZAS GREDOS S.A.;9326,23;https://contrataciondelestado.es/wps/poc?uri=deeplink:detalle_licitacion&idEvl=XpHfGxsK76UmMOlAXxDEjw%3D%3D
Contratos menores;Por redacción del proyecto de ejecución de actuación edificio de 4 viviendas en Régimen de alquiler social en calle Margaritas 1.;Alcaldía del Ayuntamiento de Robledo de Chavela;servicios;Resuelta;FELIX HERAS RODRIGUEZ;9322;https://contrataciondelestado.es/wps/poc?uri=deeplink:detalle_licitacion&idEvl=pOceTh%2F1G6teKgd8LfVV9g%3D%3D
Contratos menores;Instalación baños en nave Multiusos;Alcaldía del Ayuntamiento de Mancera de Arriba;obras;Resuelta;SISTEMAS MODULARES HABITABLES S.L.;9320;https://contrataciondelestado.es/wps/poc?uri=deeplink:detalle_licitacion&idEvl=QahgnZS6%2Fn6AAM7L03kM8A%3D%3D
Contratos menores;Poda de palmeras con recogida de restos vegetales depositados en contenedores Sector III LA RELLANA-LA FINCA GOLF;Alcaldía del Ayuntamiento de Algorfa;servicios;Resuelta;PODADORES PALMEREROS DE ELCHE, S.L.U.;9270;https://contrataciondelestado.es/wps/poc?uri=deeplink:detalle_licitacion&idEvl=3Hm2KzVYqAyzz8fXU2i3eQ%3D%3D
Contratos menores;Reparacion de la solera de la terraza del edificio de la C.H.E. en Avenida Zaragoza, 57 - TUDELA, NAVARRA;Presidencia de la Confederación Hidrográfica del Ebro;obras;Resuelta;CONSTRUCCIONES Y CONTRATAS TRADENHOR, S.L.;9261,39;https://contrataciondelestado.es/wps/poc?uri=deeplink:detalle_licitacion&idEvl=h31xprSLleMS7pcxhTeWOg%3D%3D
Contratos menores;Trabajos de reparación y montaje de puertas de hierro de la Casa Consistoria;Alcaldía del Ayuntamiento de Becerril de Campos (Palencia);obras;Resuelta;METALICAS LOAN, S.L.;9245;https://contrataciondelestado.es/wps/poc?uri=deeplink:detalle_licitacion&idEvl=pG3KM3y8CvT9pbnDwlaUlg%3D%3D
Contratos menores;Organización carrera popular por la igualdad y contra la violencia de género La Muela 2026;Alcaldía del Ayuntamiento de La Muela;servicios;Resuelta;DEPORTES Y EVENTOS DE OCIO RECREACIÓN Y TIEMPO LIBRE FARTLEK,SL;9220,64;https://contrataciondelestado.es/wps/poc?uri=deeplink:detalle_licitacion&idEvl=sM2vbUi9Cs9t5r0ngvMetA%3D%3D
Contratos menores;JAT. Servicio de peonaje y actividades auxiliares ARCART;Intendente de Cartagena;servicios;Resuelta;Revesd Cor Cartagena, S. L.;9182,81;https://contrataciondelestado.es/wps/poc?uri=deeplink:detalle_licitacion&idEvl=Kx1KHhSSxenyoM4us5k4vw%3D%3D
Contratos menores;Suministro de artículos de combate cuerpo a cuerpo para instrucción del personal del EZAPAC;Jefatura de la Sección Económico-Administrativa 41 - Base Aérea de San Javier;suministros;Resuelta;SUMINISTROS DE ALBACETE, S.L.;9138,82;https://contrataciondelestado.es/wps/poc?uri=deeplink:detalle_licitacion&idEvl=kWi8CJ68yM8ZDGvgaZEVxQ%3D%3D
Contratos menores;Suministro e Instalación de Cámaras de Videovigilancia en los Accesos al Municipio de Calmarza.;Alcalde del Ayuntamiento de Calmarza;suministros;Resuelta;DASIT, S.A.;9103,19;https://contrataciondelestado.es/wps/poc?uri=deeplink:detalle_licitacion&idEvl=oeUCd18j0u4%2Bk2oCbDosIw%3D%3D
Contratos menores;Servicio de publicidad institucional destinado a la promoción de la estrategia de comunicación sobre valorización y fortalecimiento del sistema educativo extremeño, a través de proyecto editorial de grupo de comunicación en prensa local. DIARIO HOY HIPERLOCALES. Expediente: CMSER220826317 - PRM/2026/0000113391;Vicepresidencia y Consejería de Presidencia, Coordinación de la Acción de Gobierno, Interior y Emergencias;servicios;Resuelta;CM EXTREMADURA PUBLICIDAD MULTIMEDI;9102;https://contrataciondelestado.es/wps/poc?uri=deeplink:detalle_licitacion&idEvl=gtWiowoF2MecCF8sV%2BqtYA%3D%3D
Contratos menores;Servicio de ambulancia en ejercicios de tiro Comandancia Lugo segundo semestre 2026;Comandancia Guardia Civil de Lugo;servicios;Resuelta;AMBULANCIAS DE ORTIGUEIRA SL;9100;https://contrataciondelestado.es/wps/poc?uri=deeplink:detalle_licitacion&idEvl=%2BXGr1hU817Q7%2B9FIQYNjeQ%3D%3D
Contratos menores;2204/GRUAPO/SEINT/Adquisición de ropa de trabajo para personal de cocina y pabellones;Jefatura de la Sección Económico Administrativa 24 de la Base Aérea de Morón;suministros;Resuelta;SUMINISTRO SERIBOR, S.L.U.;9097,68;https://contrataciondelestado.es/wps/poc?uri=deeplink:detalle_licitacion&idEvl=xxeYo5odXe7%2B3JAijKO%2Bkg%3D%3D
Contratos menores;Mantenimiento y calibración de equipos sanitarios para el año 2026;ADIF - Presidencia;servicios;Resuelta;Serlomed SL;9087,36;https://contrataciondelestado.es/wps/poc?uri=deeplink:detalle_licitacion&idEvl=lN305v4UGA836J9Lctlsuw%3D%3D
Contratos menores;Adaptación a la instrucción técnica para el diseño y construcción de las unidades de intervención de armas y explosivos de la Comandancia de Algeciras.;Comandancia Guardia Civil de Algeciras;obras;Resuelta;GODITEC CONTRUCCIONES Y REFORMAS S.L.;9005,84;https://contrataciondelestado.es/wps/poc?uri=deeplink:detalle_licitacion&idEvl=wlKndmzpVIn10HRJw8TEnQ%3D%3D
Contratos menores;Sustitución y sellado del parabrisas delantero y de dos cristales y reparación de roces en la carrocería de la unidad 763 de la flota de vehículos de Guaguas Municipales, S.A.;Gerencia de Guaguas Municipales, S.A.;servicios;Resuelta;Importaciones Canarias de Automóviles, S.A. (ICASA);9003,61;https://contrataciondelestado.es/wps/poc?uri=deeplink:detalle_licitacion&idEvl=mKASAFdkFmCP%2Bo96UAV7cQ%3D%3D
Contratos menores;Suministro, instalación y puesta en marcha de equipo de diatermia para Maz Elche;Dirección Área Jurídica y Prestación de MAZ, Mutua Colaboradora con la Seguridad Social, Nº 11;suministros;Resuelta;PRIM SA;9000;https://contrataciondelestado.es/wps/poc?uri=deeplink:detalle_licitacion&idEvl=BU96QhVceu1Whbmkna2nXQ%3D%3D
Contratos menores;Promocion de la Salud Mental en Jovenes a traves de las Redes Sociales Cuidar tambien es hablar.;Dirección General de Juventud del Gobierno de Canarias;servicios;Resuelta;ASOC FELICES CON NARICES;9000;https://contrataciondelestado.es/wps/poc?uri=deeplink:detalle_licitacion&idEvl=IS9Ohg8iGB%2FXOjazN1Dw9Q%3D%3D
Contratos menores;Suscripcion a la base de datos juridica Vlex y otros servicios complementarios;Dirección General de Personal y Formación del Profesorado;servicios;Resuelta;VLEX NETWORKS, S.L.U.;8990;https://contrataciondelestado.es/wps/poc?uri=deeplink:detalle_licitacion&idEvl=Nw9xc2os80FJ8Trn0ZPzLw%3D%3D
Contratos menores;Adquisición de sondas de registro electrofisiológico con leds de estimulación para el correcto desarrollo del proyecto de investigación.;Gerencias de los Institutos de la Agencia Estatal Consejo Superior de Investigaciones Científicas;suministros;Resuelta;PLEXON INC.;8967,8;https://contrataciondelestado.es/wps/poc?uri=deeplink:detalle_licitacion&idEvl=fWjbQf2EAaQ2wEhQbcAqug%3D%3D
Contratos menores;Contrato menor de servicios de recogida de muestras, almacenamiento, transporte, envío a cualquier laboratorio acreditado por la Agencia Mundial Antidopaje WADA y realización del análisis antidopaje a las personas aspirantes del proceso selectivo de 152 plazas de la categoría de Bombero/a Especialista del Cuerpo de Bomberos del Ayuntamiento de Madrid;Área de Gobierno de Vicealcaldía, Portavoz, Seguridad y Emergencias del Ayuntamiento de Madrid;servicios;Resuelta;IBÉRICA DE ANTIDOPAJE Y SALUD, S.L.;8950;https://contrataciondelestado.es/wps/poc?uri=deeplink:detalle_licitacion&idEvl=x0nlQKj9qV1%2FP7lJ7Fu0SA%3D%3D
Contratos menores;Acción puntual de publicidad de promoción de CyL con la emisión de 207 cuñas y cuñas pre roll durante los meses de octubre, noviembre al 15 de diciembre de 2026 en KISS FM.;Consejería de la Presidencia de la Junta de Castilla y León;servicios;Resuelta;RADIO BLANCA S.A.;8925,62;https://contrataciondelestado.es/wps/poc?uri=deeplink:detalle_licitacion&idEvl=FeuF%2Fg%2BGOBm2gkLQ8TeYKA%3D%3D
Contratos menores;Servicios necesarios con motivo de la celebración de la Festividad de la Patrona de la Guardia Civil en Tacoronte, el día 12 de octubre de 2026, restauración;Alcaldia del Ayuntamiento de Tacoronte;servicios;Resuelta;JARDINES DE TACORONTE RESTAURACION SL;8925,23;https://contrataciondelestado.es/wps/poc?uri=deeplink:detalle_licitacion&idEvl=2kJnJ5jgYYacTfjQf3USOg%3D%3D
Contratos menores;Contratación do servizo para impartir actividade de ioga escolas deportivas municipais 2026/2027;Alcaldía del Ayuntamiento de Noia;servicios;Resuelta;ANA ISABEL MAYO AGRAFOJO;8910;https://contrataciondelestado.es/wps/poc?uri=deeplink:detalle_licitacion&idEvl=tx8KeI8bQGMl5NjlNci%2BtA%3D%3D
Contratos menores;Contrato de dos switch;Gerencia de Servicios Sanitarios del Área de Salud de Lanzarote;suministros;Resuelta;07 GLOBALAN S.L.;8836,7;https://contrataciondelestado.es/wps/poc?uri=deeplink:detalle_licitacion&idEvl=l5Wm%2BE1PFjqzz8fXU2i3eQ%3D%3D
Contratos menores;Alquiler de 6 stands expositores y sala para celebración de cata en Experiencia Verema Sevilla 2026.;Gerencia de PRODETUR S.A.U.;suministros;Resuelta;VEREMA INTERACTIVA, S.L.;8800;https://contrataciondelestado.es/wps/poc?uri=deeplink:detalle_licitacion&idEvl=n98PH4de%2ByCKeVWTb9Scog%3D%3D
Contratos menores;Adquisición de 38 unid. sillas giratoria con apoyabrazos y 33 unid cajoneras metalicas blancas con 3 cajones para el ICE.;Gerencias de los Institutos de la Agencia Estatal Consejo Superior de Investigaciones Científicas;suministros;Resuelta;LYRECO ESPAÑA S.A;8716,54;https://contrataciondelestado.es/wps/poc?uri=deeplink:detalle_licitacion&idEvl=Bx2VTW7SGH%2FjHF5qKI4aaw%3D%3D
Contratos menores;Suministro e instalación de estores para la vivienda oficial Delegación Melilla;Delegación Especial de la Agencia Tributaria en Andalucía, Ceuta y Melilla;suministros;Resuelta;SOLER MARTINEZ SILVIA;8713;https://contrataciondelestado.es/wps/poc?uri=deeplink:detalle_licitacion&idEvl=wszJ%2F5%2BjcS%2BOUi78BmzhOQ%3D%3D
Contratos menores;Contrato menor 315/2026. Desbroce caminos municipales.;Alcaldía del Ayuntamiento de Serón;servicios;Resuelta;YESTE MOLINA JOSE;8700;https://contrataciondelestado.es/wps/poc?uri=deeplink:detalle_licitacion&idEvl=D2ZZJjGdGBQZDGvgaZEVxQ%3D%3D
Contratos menores;3.000 ejemplares de la Guia Alicante Gastronómica 2026. Diseño y maquetación de publicación. 50 páginas;Presidencia del Patronato Municipal de Turismo y Playas de Alicante;suministros;Resuelta;CYMA COMUNICACION Y MARKETING SL;8690;https://contrataciondelestado.es/wps/poc?uri=deeplink:detalle_licitacion&idEvl=AdKYCzZq%2BGjmnwcj%2BxbdTg%3D%3D
Contratos menores;Suministro de una cámara de microfotografía Nikon DS100, software NIS-D y complementos;Gerencias de los Institutos de la Agencia Estatal Consejo Superior de Investigaciones Científicas;suministros;Resuelta;PALEX MEDICAL, S.A.;8680;https://contrataciondelestado.es/wps/poc?uri=deeplink:detalle_licitacion&idEvl=N5y7XGwZiC%2BsNfRW6APEDw%3D%3D
Contratos menores;Difusión de la Campaña Legado Quijote en la Cadena Ser Ciudad Real;Presidencia de la Diputación Provincial de Ciudad Real;servicios;Resuelta;EDICIONES LM SL;8677,3;https://contrataciondelestado.es/wps/poc?uri=deeplink:detalle_licitacion&idEvl=TH%2Fyl7KLzc3%2B3JAijKO%2Bkg%3D%3D
Contratos menores;Difundir entre los profesionales del sector agrario y ganadero y la ciudadanía las políticas públicas impulsadas por la Consejería competente en materia de agricultura y ganadería, contribuyendo a mejorar el conocimiento de las ayudas, programas, iniciativas y actuaciones desarrolladas por la Junta de Extremadura.;Consejería de Agricultura, Ganadería y Medio Natural;servicios;Resuelta;RADIO POPULAR SA CADENA DE ONDAS;8652;https://contrataciondelestado.es/wps/poc?uri=deeplink:detalle_licitacion&idEvl=m6twou%2B0QYP9pbnDwlaUlg%3D%3D
Contratos menores;Suministro e instalación cámaras de videovigilancia en instalaciones y espacios públicos. Programa Sevilla Digital;Alcaldia del Ayuntamiento del Ayuntamiento de Olivares;suministros;Resuelta;FABIAN YELAMO MUÑOZ;8524,46;https://contrataciondelestado.es/wps/poc?uri=deeplink:detalle_licitacion&idEvl=KHfkIoMaJuYwYTJJ03sHog%3D%3D
Contratos menores;Contratación de 3 peones para las fiestas patronales de octubre de 2026;Junta de Gobierno del Ayuntamiento de Alquerías del Niño Perdido;servicios;Resuelta;IMAN TEMPORING EMPRESA DE TRABAJO TEMPORAL SL;8505;https://contrataciondelestado.es/wps/poc?uri=deeplink:detalle_licitacion&idEvl=2%2BO7aQUYXQpJ8Trn0ZPzLw%3D%3D
Contratos menores;"Adjudicar el contrato menor del servicios para “La contratación de servicios artísticos para fiestas patronales de octubre 2026""";Junta de Gobierno del Ayuntamiento de Alquerías del Niño Perdido;servicios;Resuelta;JUAN CARLOS GOMEZ MONTOLIU;8500;https://contrataciondelestado.es/wps/poc?uri=deeplink:detalle_licitacion&idEvl=qC4pdVPBvniP66GS%2BONYvQ%3D%3D
Contratos menores;Aulas de formación preventivas y rehabilitación funcional 2026/2027;Junta de Gobierno Local del Ayuntamiento de Cubillos del Sil;servicios;Resuelta;ASOCIACION DE FAMILIARES DE ALZHEIMER BIERZO. AFA BIERZO;8496;https://contrataciondelestado.es/wps/poc?uri=deeplink:detalle_licitacion&idEvl=%2B68U8RtRW6iqb7rCcv76BA%3D%3D
Contratos menores;Suministro, instalación y puesta en marcha de una puerta automática para el acceso de vehículos al aparcamiento de Aigua Dolça, incluyendo los trabajos de desmontaje de la puerta existente, retirada de residuos y puesta en funcionamiento de la nueva instalación.;Gerencia de la Societat Municipal d'Aparcaments i Projectes S.A.;suministros;Resuelta;Isidro Llobet Pérez;8487,12;https://contrataciondelestado.es/wps/poc?uri=deeplink:detalle_licitacion&idEvl=BHn0KGbw8FskJPJS%2BPS9vg%3D%3D
Contratos menores;Contrato menor videoactas pleno;Junta de Gobierno del Ayuntamiento de Toledo;servicios;Resuelta;AMBISER INNOVACIONES SL;8472,7;https://contrataciondelestado.es/wps/poc?uri=deeplink:detalle_licitacion&idEvl=IBpjeb7VMTEeC9GJQOEBkQ%3D%3D
Contratos menores;Adquisición de pulseras de localización como medida de prevención durante la celebración de la Feria y Fiestas de Don Benito 2026.;Alcaldia del Ayuntamiento de Don Benito;suministros;Resuelta;Niu, il·lustració i artesania tèxtil, SL;8440;https://contrataciondelestado.es/wps/poc?uri=deeplink:detalle_licitacion&idEvl=1ICgUPSiAZZSYrkJkLlFdw%3D%3D
Contratos menores;Traslado y configuración del grupo electrógneo y adecuación del cuadro eléctrico;Alcaldía del Ayuntamiento de La Vall d'Uixó;servicios;Resuelta;CABLEALIA INFRAESTRUCTURAS SOCIEDAD LIMITADA;8435,29;https://contrataciondelestado.es/wps/poc?uri=deeplink:detalle_licitacion&idEvl=TJNSqWGnL1k3vLk2DU2Ddg%3D%3D
Contratos menores;Suministro de repuestos para vehículos tácticos, maquinaria pesada y vehículos tácticos pesados;Jefatura de Intendencia de Asuntos Económicos Oeste;suministros;Resuelta;SOLUCIONES Y REPUESTOS SALAMANCA S.L, AUTOPALAS SALAMANCA,S.L.;8397,68;https://contrataciondelestado.es/wps/poc?uri=deeplink:detalle_licitacion&idEvl=sO4zD9uZSa6kU02jNGj1Fw%3D%3D
Contratos menores;Contrato menor de servicios postales de la Delegación Provincial de Fomento en Guadalajara;Delegación Provincial de la Consejería de Fomento en Guadalajara;servicios;Resuelta;SOCIEDAD ESTATAL CORREOS Y TELEGRAFOS S.A. S.M.E.;8397,53;https://contrataciondelestado.es/wps/poc?uri=deeplink:detalle_licitacion&idEvl=dc1n73s2x5XI8aL3PRS10Q%3D%3D
Contratos menores;Rotulo pabellón. Fabricación de letras corpóreas con iluminación frontal y retroiluminadas;Alcaldía del Ayuntamiento de Algorfa;suministros;Resuelta;JULIAN GARCIA NAVARRO;8358;https://contrataciondelestado.es/wps/poc?uri=deeplink:detalle_licitacion&idEvl=n6wSUyBxKcTs%2BnLj3vAg5A%3D%3D
Contratos menores;Servicios de renovación de la herramienta de ticketing, gestión de inventario y contratos del centro municipal de informática;Junta de Gobierno del Ayuntamiento de Toledo;servicios;Resuelta;Econocom SERVICIOS, S.A.;8320,31;https://contrataciondelestado.es/wps/poc?uri=deeplink:detalle_licitacion&idEvl=42P2GjeiTbGqb7rCcv76BA%3D%3D
Contratos menores;Servicios de digitalización;Alcaldia del Ayuntamiento de Paradas;servicios;Resuelta;VINFRA SA;8264,46;https://contrataciondelestado.es/wps/poc?uri=deeplink:detalle_licitacion&idEvl=ZZQa73%2F1o4cS7pcxhTeWOg%3D%3D
Contratos menores;Contratación de un servicio urgente de reparación, por avería del compresor número once, de las instalaciones de aire acondicionado, en la Residencia Jorge Juan, del ISFAS, O.A. en Alicante.;Instituto Social de las Fuerzas Armadas (ISFAS);servicios;Resuelta;FRIESMA LEVANTE, S.L.;8262;https://contrataciondelestado.es/wps/poc?uri=deeplink:detalle_licitacion&idEvl=EHqFwq33cq2qb7rCcv76BA%3D%3D
Contratos menores;Taller de Danza Urbana Jóvenes 2026-2027;Alcaldía del Ayuntamiento de Torremolinos;servicios;Resuelta;DFLOW EVENTOS SL;8256,2;https://contrataciondelestado.es/wps/poc?uri=deeplink:detalle_licitacion&idEvl=AP9pFdPLuKjpxJFXpLZ%2B2A%3D%3D
Contratos menores;Servicio de desarrollo creativo y producción publicitaria de la campaña Conoce el Bono Social;Secretaría de Estado de Energía;servicios;Resuelta;La Máquina de Humo SL;8250;https://contrataciondelestado.es/wps/poc?uri=deeplink:detalle_licitacion&idEvl=X5fwMlxJKH3%2B3JAijKO%2Bkg%3D%3D
Contratos menores;Suministro e implantación de un sistema destinado a la supervisión del flujo de personas para garantizar la seguridad de las instalaciones en el Ministerio de Cultura;Oficialía Mayor del Ministerio de Cultura;suministros;Resuelta;SASEGUR S.L.;8240;https://contrataciondelestado.es/wps/poc?uri=deeplink:detalle_licitacion&idEvl=zF8qauWsSPbCfVQHDepjGQ%3D%3D
Contratos menores;Adquisición de un digitalizador de datos Digidata 1550B0;Gerencias de los Institutos de la Agencia Estatal Consejo Superior de Investigaciones Científicas;suministros;Resuelta;MOLECULAR DEVICES GMBH;8235;https://contrataciondelestado.es/wps/poc?uri=deeplink:detalle_licitacion&idEvl=slujwJxNwyMQyBAnWzHfCg%3D%3D
Contratos menores;Contrato menor de suministros para sustitución de aire acondicionado, conductos 22Kw 20000FG en la Biblioteca municipal.;Junta de Gobierno Local del Ayuntamiento de La Mojonera;suministros;Resuelta;INSTALACIONES ELECTRICAS SEGURA S.L.;8226,02;https://contrataciondelestado.es/wps/poc?uri=deeplink:detalle_licitacion&idEvl=kTg4jSBdfbOOUi78BmzhOQ%3D%3D
Contratos menores;Espectáculo Teatro Alkázar La gran aventura del pollo Pepe;Junta de Gobierno Local del Ayuntamiento de Plasencia;privado;Resuelta;LA ALDABA TEATRO, S.L.;8200;https://contrataciondelestado.es/wps/poc?uri=deeplink:detalle_licitacion&idEvl=kuEYx8iYw2TL1rX3q%2FMAPA%3D%3D
Contratos menores;Servicio de interpretación artística de diferentes actuaciones circenses, dentro de CIRCO DE CALLE 2026.;Alcaldía del Ayuntamiento de Mairena del Aljarafe;privado;Resuelta;Noletia S.L;8200;https://contrataciondelestado.es/wps/poc?uri=deeplink:detalle_licitacion&idEvl=ofNKRyDc6oAaF6cS8TCh%2FA%3D%3D
Contratos menores;Actualización sistema cámaras audiovisual salón actos;Gerencias de los Institutos de la Agencia Estatal Consejo Superior de Investigaciones Científicas;suministros;Resuelta;KONICA MINOLTA BUSINESS SOLUTIONS SPAIN S.A;8190;https://contrataciondelestado.es/wps/poc?uri=deeplink:detalle_licitacion&idEvl=vutre60LdNYZDGvgaZEVxQ%3D%3D
Contratos menores;Adecuación del sistema de sensores en el EDAR - B.A. de Gando;Jefatura de la Sección Económico Administrativa 14 - Cuartel General del Mando Aéreo de Canarias;obras;Resuelta;ELMASA TECNOLOGIA DEL AGUA SA;8171,82;https://contrataciondelestado.es/wps/poc?uri=deeplink:detalle_licitacion&idEvl=AQ69rOBRnxRPpzdqOdhuWg%3D%3D
Contratos menores;Adquisición desmontadora de neumáticos;Jefatura de Intendencia de Asuntos Económicos Oeste;suministros;Resuelta;RIERA SAN FERNANDO CONTRATAS Y EXPLOTACIONES S.L.;8148,46;https://contrataciondelestado.es/wps/poc?uri=deeplink:detalle_licitacion&idEvl=LdDLeE8OEvmzz8fXU2i3eQ%3D%3D
Contratos menores;Equipo médico para la celebración de los festejos taurinos tradicionales de Villacarrillo y Anejos durante 2026;Junta de Gobierno del Ayuntamiento de Villacarrillo;servicios;Resuelta;SERQUIFU S.L.;8100;https://contrataciondelestado.es/wps/poc?uri=deeplink:detalle_licitacion&idEvl=%2FGoCli1DvfHECtSnloz%2BZQ%3D%3D
Contratos menores;Alquiler sillas y mesas Real Feria de San Miguel 2026.;Junta de Gobierno del Ayuntamiento de Vélez-Málaga;servicios;Resuelta;EVENTUAL THREE, S. L.;8090;https://contrataciondelestado.es/wps/poc?uri=deeplink:detalle_licitacion&idEvl=aZshq3sZmcbua%2Fi14w%2FPLA%3D%3D
Contratos menores;Obras de canalización directa de la red de agua en la instalación de la piscina climatizada Eras de Santa Marina;Concejalía de Contratación del Ayuntamiento de Palencia;obras;Resuelta;PROFONCAL SL;8072;https://contrataciondelestado.es/wps/poc?uri=deeplink:detalle_licitacion&idEvl=M411ozzufjhVq4S9zvaQpQ%3D%3D
Contratos menores;Mobiliario diverso Residencia Estudiantes Unidad;Comandancia Guardia Civil de Lugo;suministros;Resuelta;MUEBLES CELEIRO SLU;8070;https://contrataciondelestado.es/wps/poc?uri=deeplink:detalle_licitacion&idEvl=74i2CcIrBZgadbH3CysQuQ%3D%3D
Contratos menores;Contrato menor de suministro en régimen de alquiler de infraestructuras y sistemas de sonido para el día de la Patrona de la Policía Local del Excmo. Ayuntamiento de Santa Cruz de Tenerife.;Concejalía de Gobierno del Área de Seguridad, Movilidad y Accesibilidad Universal con competencias delegadas en Igualdad y Diversidad Afectivo Sexual del Ayuntamiento de Santa Cruz de Tenerife;suministros;Resuelta;MASQUECARPAS S.L.U;8000,21;https://contrataciondelestado.es/wps/poc?uri=deeplink:detalle_licitacion&idEvl=5GonR0b6MDoeIBJRHQiPkQ%3D%3D
Contratos menores;"Actuación musical del artista ""Jose de Rico"" con motivo de ""La Noche de las Peñas 2026"" Fiestas de San Juan.";Junta de Gobierno Local del Ayuntamiento de Catral;servicios;Resuelta;EVENTOS LAMADRE S.L;8000;https://contrataciondelestado.es/wps/poc?uri=deeplink:detalle_licitacion&idEvl=KIJtjHlSjyfN3k3tjedSGw%3D%3D
Contratos menores;"Prestación del ""Servicio de diseño y realización de acciones divulgativas sobre el fenómeno del ""Sincericidio"" y las barreras de la comunicación dirigido a población joven, profesional del ámbito socioeducativo, público general y equipo de Jiventud.";Junta de Gobierno del Ayuntamiento de Móstoles;servicios;Resuelta;Penguin Random House Grupo Editorial S.A;8000;https://contrataciondelestado.es/wps/poc?uri=deeplink:detalle_licitacion&idEvl=66%2FCO1tdtZvIGlsa0Wad%2Bw%3D%3D
Contratos menores;Prevn. de infecciones aseos y rep. y mant. d ambientadores.;Instituto Aragonés de Servicios Sociales (IASS);servicios;Resuelta;AMBIBLUE, SL;8000;https://contrataciondelestado.es/wps/poc?uri=deeplink:detalle_licitacion&idEvl=i6lJJVoU3FqHCIsjvJ3rhQ%3D%3D
Contratos menores;Contratación orquesta día 14 de septiembre Fiestas El Cristo 2026. Orquesta Syra;Alcaldía del Ayuntamiento de Peraleda de la Mata;servicios;Resuelta;ESPECTÁCULOS Y EVENTOS RUBÉN CARLOS, S.L.;8000;https://contrataciondelestado.es/wps/poc?uri=deeplink:detalle_licitacion&idEvl=MZJ9KhRVHJGdkQsA7ROvsg%3D%3D
Contratos menores;Contratación del grupo Los Sabandeños, que actuarán en concierto el día 20 de octubre del actual;Alcaldía del Ayuntamiento de Santa Úrsula;privado;Resuelta;Estudios Multitrack,S.L.;8000;https://contrataciondelestado.es/wps/poc?uri=deeplink:detalle_licitacion&idEvl=k0Baxetg6SkadbH3CysQuQ%3D%3D
Contratos menores;Servicio de asistencia técnica, coordinación, soporte logístico y producción material para la ejecución del Encuentro de personas mayores, con motivo del Día Internacional de las Personas Mayores.;Alcaldia del Ayuntamiento de San Fernando;servicios;Resuelta;GESTOFLOR, S.L.;7995;https://contrataciondelestado.es/wps/poc?uri=deeplink:detalle_licitacion&idEvl=P0g5qUj4120S7pcxhTeWOg%3D%3D
Contratos menores;Coordinación y supervisión de los trabajos de montaje de recinto para animales. Vallas perimetral... para la Muestra Ganadera 2026;Alcaldía del Ayuntamiento de Coín;servicios;Resuelta;AGROPAVON S.L.;7992;https://contrataciondelestado.es/wps/poc?uri=deeplink:detalle_licitacion&idEvl=KgNpjFmbw%2FvIGlsa0Wad%2Bw%3D%3D
Contratos menores;Contrato menor para la Redacción de actualización del proyecto de renovación integral y ampliación de la Oficina de Información Turística en playa de San Juan, t.m. Guía de Isora.;Consejería Insular de Turismo, Acción Exterior y Relaciones Institucionales del Cabildo Insular de Tenerife;servicios;Resuelta;ESTUDIO ARQUITECTURA ESCOBEDO DE LA RIVA SLP;7950;https://contrataciondelestado.es/wps/poc?uri=deeplink:detalle_licitacion&idEvl=L8KrHxWEnYV9Zh%2FyRJgM8w%3D%3D
Contratos menores;Subsanación de deficiencias en la instalación de energía solar térmica de la Residencia juvenil Gil de Siloé en Burgos;Consejería de Desregulación, Familia y Ayudas Sociales de la Junta de Castilla y León;obras;Resuelta;TERMICA Y FRIO, S.L;7943,45;https://contrataciondelestado.es/wps/poc?uri=deeplink:detalle_licitacion&idEvl=oO4u13hlNTgaF6cS8TCh%2FA%3D%3D
Contratos menores;Contratación seguro suspensión de eventos por fenómenos climatológicos Fiestas patronales 2026;Junta de Gobierno Local del Ayuntamiento de Albuixech;servicios;Resuelta;CORREDURIA DE SEGUROS BARRON, S.L.;7939,59;https://contrataciondelestado.es/wps/poc?uri=deeplink:detalle_licitacion&idEvl=h9o6rmglZeLLIx6q1oPaMg%3D%3D
Contratos menores;Servicio de dinamización, gestión del jurado y premio del II Concurso de Investigación Histórica Baldomera García Fuentes;Alcaldia del Ayuntamiento de Tacoronte;servicios;Resuelta;FELIX MARRERO DIAZ;7900;https://contrataciondelestado.es/wps/poc?uri=deeplink:detalle_licitacion&idEvl=uG6Vs6Glvu2sNfRW6APEDw%3D%3D
Contratos menores;Contrato menor de servicio de apoyo a la organización evento: secretaría técnica del i congreso internacional de economía azul;Instituto Tecnológico de Canarias S.A.;servicios;Resuelta;REBEL BOOKINS, S.L.U.;7900;https://contrataciondelestado.es/wps/poc?uri=deeplink:detalle_licitacion&idEvl=UkkAeDuQLNLI8aL3PRS10Q%3D%3D
Contratos menores;Suministro de un detector profesional de fugas de agua para poder reparar las fugas existentes en la red de riego municipal;Consejo de Administración de Rivas-Vaciamadrid Empresa Municipal de Servicios S.A. (Rivamadrid);suministros;Resuelta;SEWERIN IBERIA S.L.;7898,1;https://contrataciondelestado.es/wps/poc?uri=deeplink:detalle_licitacion&idEvl=coBUk6H58gTE6P%2FuLemXRw%3D%3D
Contratos menores;Adquisición de complementos de oficina y varios artículos, con destino a los edificios de los Servicios Centrales del Departamento.;Subdirección General de Gestión Económica y Patrimonial;suministros;Resuelta;AVERAGE TECHNICAL SOLUTION, S.L.;7887,21;https://contrataciondelestado.es/wps/poc?uri=deeplink:detalle_licitacion&idEvl=MM1M1hRpDmIS7pcxhTeWOg%3D%3D
Contratos menores;Suministro de maquinaria y herramientas técnicas para el mantenimiento de la infraestructura de la BAD Tte. Flomesta, Melilla.;Jefatura de Asuntos Económicos del CG de la Comandancia Gral. de Melilla;suministros;Resuelta;PRONOR CUATRO CAMINOS S.L.;7795;https://contrataciondelestado.es/wps/poc?uri=deeplink:detalle_licitacion&idEvl=Z9%2B00paIUeYwYTJJ03sHog%3D%3D
Contratos menores;Fregadora industrial BRIOR B700;Alcaldía del Ayuntamiento de Algorfa;suministros;Resuelta;HUNNISA MACHINERY PARTS, S.L.U.;7780;https://contrataciondelestado.es/wps/poc?uri=deeplink:detalle_licitacion&idEvl=S0ih3PPOkWHXOjazN1Dw9Q%3D%3D
Contratos menores;Contratación servicio de subsanación de deficiencias en grupos electrógenos de edificios municipales;Junta de Gobierno Local del Ayuntamiento de Albuixech;servicios;Resuelta;INSTALACIONES ELECTRICAS ELECTRO ALBORS S.L;7754,25;https://contrataciondelestado.es/wps/poc?uri=deeplink:detalle_licitacion&idEvl=iUFc8cVEry2AAM7L03kM8A%3D%3D
Contratos menores;Festival Dj´s día 7 de agosto 2026;Alcaldía del Ayuntamiento de Peraleda de la Mata;servicios;Resuelta;ESPECTACULOS DANIEL, S.L.;7710;https://contrataciondelestado.es/wps/poc?uri=deeplink:detalle_licitacion&idEvl=aS%2Fy7MrZWMN%2BF6L2uCfUWg%3D%3D
Contratos menores;"Servicio de dirección de obra y dirección de ejecución para las obras del ""Proyecto para la adecuación de los aseos en la estación de València Nord""";ADIF - Presidencia;servicios;Resuelta;Tecnica Y Proyectos SA;7673,65;https://contrataciondelestado.es/wps/poc?uri=deeplink:detalle_licitacion&idEvl=wtLjoJ092ZDLIx6q1oPaMg%3D%3D
Contratos menores;Servicio de viaje a Córdoba de la Banda de música;Concejalía Delegada de Hacienda del Ayuntamiento de Navalcarnero;servicios;Resuelta;URANOTOURS SLL;7671,49;https://contrataciondelestado.es/wps/poc?uri=deeplink:detalle_licitacion&idEvl=w7juxrqy2ad%2FR5QFTlaM4A%3D%3D
Contratos menores;Suministro de mobiliario para el botiquín y oficina;Jefatura de Intendencia de Asuntos Económicos Oeste;suministros;Resuelta;JOSE CARLOS SALGADO SARMENTERO;7667,39;https://contrataciondelestado.es/wps/poc?uri=deeplink:detalle_licitacion&idEvl=fMFPrQcqjkgUqXM96WStVA%3D%3D
Contratos menores;Cerramiento despachos en local calle Cuartel;Alcaldía del Ayuntamiento de Navacerrada;suministros;Resuelta;CRISTANOVA CRISTAL SL;7666,02;https://contrataciondelestado.es/wps/poc?uri=deeplink:detalle_licitacion&idEvl=02mnXD4c2RZWhbmkna2nXQ%3D%3D
Contratos menores;Mobiliario diverso Residencia Descanso Ribadeo y Barreiros;Comandancia Guardia Civil de Lugo;suministros;Resuelta;MUEBLES CELEIRO SLU;7645;https://contrataciondelestado.es/wps/poc?uri=deeplink:detalle_licitacion&idEvl=PfT31X6OBrMadbH3CysQuQ%3D%3D
Contratos menores;contrato menor de servicios para realización de estudio y auditoría sobre actuación: Parque astronómico El Julan transición y digital BIG data turístico financiados con fondos next generación UE de la Consejería de Turísmo y Empleo;Presidencia del Cabildo Insular de El Hierro;servicios;Resuelta;Varietalis, S.L.;7600;https://contrataciondelestado.es/wps/poc?uri=deeplink:detalle_licitacion&idEvl=ivkYPs1daqfVGIpKDxgsAQ%3D%3D
Contratos menores;Contrato Menor de actuaciones musicales para las fiestas patronales, Caseta de Mayores de Fuengirola, dividido en 5 lotes.;Junta de Gobierno del Ayuntamiento de Fuengirola;servicios;Adjudicada;araceli gonzalez sanchez, MIGUEL ANGEL FERNANDEZ LUQUE, Punto Y Aparte, Servicios Integrales para Eventos PANDALUZ, S.L.;7600;https://contrataciondelestado.es/wps/poc?uri=deeplink:detalle_licitacion&idEvl=91CfihzFsDlWhbmkna2nXQ%3D%3D
Contratos menores;Actuación de Blus-Rock con AFTER MIDNIGHT en el Festival SEGOBLUES en la Cárcel-Centro de Creación de Segovia el viernes 25 de septiembre de 2026;Alcaldía del Ayuntamiento de Segovia;privado;Resuelta;BFLAT EVENTS SOCIEDAD LIMITADA;7600;https://contrataciondelestado.es/wps/poc?uri=deeplink:detalle_licitacion&idEvl=jcfscaHf11S8ebB%2FXTwy0A%3D%3D
Contratos menores;"Servicio de tratamientos de mantenimiento y mejora del árbol monumental de ""El Plátano"".";Junta de Gobierno del Ayuntamiento de Biar;servicios;Resuelta;Forest Roots, SL;7589;https://contrataciondelestado.es/wps/poc?uri=deeplink:detalle_licitacion&idEvl=sMfahAhyQzqTylGzYmBF9Q%3D%3D
Contratos menores;Servicio Único de Odontología para Trabajador Protegido (M.A.) de MC Mutual Huesca;Dirección General de la Mutual Midat Cyclops, Mutua Colaboradora con la Seguridad Social, nº 1;servicios;Resuelta;POLICLINICAS SEAP SLU;7525;https://contrataciondelestado.es/wps/poc?uri=deeplink:detalle_licitacion&idEvl=No806yNXHHdq1DdmE7eaXg%3D%3D
Contratos menores;Modificación de chaqueta aislante de carril tranviario;Consejo de Administración de Metropolitano de Tenerife, S.A.;servicios;Resuelta;G3 SOLDADURA Y MONTAJES, S.L.;7500;https://contrataciondelestado.es/wps/poc?uri=deeplink:detalle_licitacion&idEvl=J7FNk1yhy08QyBAnWzHfCg%3D%3D
Contratos menores;Servicio de representación del espectáculo teatral Una madre de película, dentro de la Programación de Otoño de 2026 del Real Teatro de Las Cortes.;Alcaldia del Ayuntamiento de San Fernando;privado;Resuelta;PENTACION, S.A.;7500;https://contrataciondelestado.es/wps/poc?uri=deeplink:detalle_licitacion&idEvl=xl%2Fg%2FrtLP6yTylGzYmBF9Q%3D%3D
Contratos menores;Redacción del proyecto de ejecución de obra: conservación de la cubierta de la ermita de san román de moroso. t.m. arenas de iguña;Consejería de Universidades, Igualdad, Cultura y Deporte;servicios;Resuelta;SAN EMETERIO PEDRAJA, ROMAN;7500;https://contrataciondelestado.es/wps/poc?uri=deeplink:detalle_licitacion&idEvl=vQubb3mssxl%2FP7lJ7Fu0SA%3D%3D
Contratos menores;Redacción del proyecto de ejcución de las obras de conservación de la iglesia de santa maria de lebeña;Consejería de Universidades, Igualdad, Cultura y Deporte;servicios;Resuelta;SAN EMETERIO PEDRAJA, ROMAN;7500;https://contrataciondelestado.es/wps/poc?uri=deeplink:detalle_licitacion&idEvl=DqO8K33nNQurz3GQd5r6SQ%3D%3D
Contratos menores;mantenimiento de aparcamientos;Alcaldía del Ayuntamiento de Gualchos;servicios;Resuelta;TRANSPORTES CAMACHO Y THALIA SL;7500;https://contrataciondelestado.es/wps/poc?uri=deeplink:detalle_licitacion&idEvl=%2FoBE0a2%2F8yKcCF8sV%2BqtYA%3D%3D
Contratos menores;Suministro e instalación de un sistema de control de accesos para el laboratorio de aguas de la Confederación Hidrográfica del Tajo.;Presidencia de la Confederación Hidrográfica del Tajo;suministros;Resuelta;Specialist Computer centres, S.L.;7492,3;https://contrataciondelestado.es/wps/poc?uri=deeplink:detalle_licitacion&idEvl=wxNO62GLU39rhBlEHQFSKA%3D%3D
Contratos menores;"Taller ""Projecte Consentit"": Promoción de la igualdad de Género y Prevención de la Violencia contra las mujeres";Concejalía Delegada del Ayuntamiento de Torrent;servicios;Resuelta;PAULA PEÑA GARCÍA;7480;https://contrataciondelestado.es/wps/poc?uri=deeplink:detalle_licitacion&idEvl=XE9DTuohmDfLIx6q1oPaMg%3D%3D
Contratos menores;JAT. Suministro y montaje de veinte (20) conjuntos completos de llantas reforzadas y neumáticos mixtos de invierno con especificación táctica para vehículos SsangYong Rexton adscritos al PAN4;Intendente de Cartagena;suministros;Resuelta;GIMOSUR CARTAGENA, S.L.;7450;https://contrataciondelestado.es/wps/poc?uri=deeplink:detalle_licitacion&idEvl=4GK6Qsp8p3L10HRJw8TEnQ%3D%3D
Contratos menores;Fiestas del Pilar 2026: Fuegos Artificiales - Espectáculo Pirotécnico exclusivo en honor a la Virgen del Pilar;Junta de Gobierno Local del Ayuntamiento de Calanda;servicios;Resuelta;PIROTECNIA TOMÁS, S.L.;7438,02;https://contrataciondelestado.es/wps/poc?uri=deeplink:detalle_licitacion&idEvl=na9hFD483hwIYE3ZiZ%2BxmQ%3D%3D
Contratos menores;Servicio de prevención ajeno que comprenda un conjunto de actividades de naturaleza técnica, médica y formativa atendiendo a las cuatro especialidades preventivas fundamentales: Seguridad en el Trabajo, Higiene Industrial, Ergonomía y Psicosociología Aplicada y Vigilancia de la Salud.;Instituto Social de la Marina -Dirección Provincial de Lugo;servicios;Resuelta;Servicios de Prevención y Salud SLU;7409,5;https://contrataciondelestado.es/wps/poc?uri=deeplink:detalle_licitacion&idEvl=MKbMdHXIPaQ%2Bk2oCbDosIw%3D%3D
Contratos menores;Contratación de servicio docente para la impartición de la acción formativa AC 2025-5970 Fabricación y Montaje de Instalaciones de Tubería Industrial;Agencia de Desarrollo Local y Empleo del Ayuntamiento de Cartagena;servicios;Resuelta;Miguel Ángel Gómez Ballester;7396,7;https://contrataciondelestado.es/wps/poc?uri=deeplink:detalle_licitacion&idEvl=xOpdW%2F4tEwvE6P%2FuLemXRw%3D%3D
Contratos menores;Contrato menor adecentado del Camino natural Tren Burra;Presidencia de la Diputación Provincial de Palencia;obras;Resuelta;"""EXCAVACIONES TRANSPORTES Y FORESTAL CHESCO, S.L.""";7340;https://contrataciondelestado.es/wps/poc?uri=deeplink:detalle_licitacion&idEvl=lU8A0ZoINaedkQsA7ROvsg%3D%3D
Contratos menores;Ejecución de 4 tabiques de pladur en el edificio de usos múltiples del puerto exterior;Presidencia de la Autoridad Portuaria de Ferrol San Cibrao;obras;Resuelta;DESARROLLA OBRAS Y SERVICIOS SL;7326,59;https://contrataciondelestado.es/wps/poc?uri=deeplink:detalle_licitacion&idEvl=bVKcd9%2F8Cc87%2B9FIQYNjeQ%3D%3D
Contratos menores;Realización de Curso Cultura Alimentaria_Proyecto Integrales2;Presidencia de la Diputación Provincial de Almería;servicios;Resuelta;MARSDIGITAL SL;7260;https://contrataciondelestado.es/wps/poc?uri=deeplink:detalle_licitacion&idEvl=T8SIPPGBLUUzjChw4z%2FXvw%3D%3D
Contratos menores;Servicio de formación de personal contratado a través del programa APR;Alcaldía del Ayuntamiento de Olmeda de las Fuentes;servicios;Resuelta;NEOSOFT SISTEMAS S.L.;7200;https://contrataciondelestado.es/wps/poc?uri=deeplink:detalle_licitacion&idEvl=PENCc98EsNSopEMYCmrbmw%3D%3D
Contratos menores;CM (2026-9-66) Para la adquisición de 1 sistema de radiofrecuencia P/ORL., destinado al nuevo Edificio Polivalente de la GAIAB, en el marco del Plan Director.;Gerencia de Atención Integrada de Albacete;suministros;Resuelta;J.J.P. HOSPITALARIA;7195,74;https://contrataciondelestado.es/wps/poc?uri=deeplink:detalle_licitacion&idEvl=WgV3IXZSdIi7JOCXkOhcDg%3D%3D
Contratos menores;"Actuación de ""Bohemia Lanzarote"" con motivo de las Fiestas de Los Dolores";Alcaldía del Ayuntamiento de Tinajo;privado;Resuelta;ASOCIACION CULTURAL BOHEMIA LANZAROTE;7100;https://contrataciondelestado.es/wps/poc?uri=deeplink:detalle_licitacion&idEvl=fGEgFrA5CIRWhbmkna2nXQ%3D%3D
Contratos menores;Contrato de dirección de obras y estudio básico de seguridad y salud acondicionamiento, redacción del proyecto, dirección de ejecución material y coordinación de seguridad y salud de viviendas Calle Herrería, 28 - FASE 2;Alcaldía del Ayuntamiento de Bordón;servicios;Resuelta;UDDA ARQUITECTURA, SLP;7080,71;https://contrataciondelestado.es/wps/poc?uri=deeplink:detalle_licitacion&idEvl=cOQSp5WDAsj5Rey58Yagpg%3D%3D
Contratos menores;compra de plantas para jardin rotonda toral de los vados;Alcaldia del Ayuntamiento de Toral de los Vados;suministros;Resuelta;pradoplant bierzo sl;7073,64;https://contrataciondelestado.es/wps/poc?uri=deeplink:detalle_licitacion&idEvl=KxakXFILbd2FlFRHfEzEaw%3D%3D
Contratos menores;Servicio de asistencia técnica para la celebración de la I Fiesta Jabata de INJUVE en la sala Infinito Delicias;Organismo Autónomo Instituto de la Juventud;servicios;Resuelta;CROMARENT S.L.;7052,58;https://contrataciondelestado.es/wps/poc?uri=deeplink:detalle_licitacion&idEvl=Ayq6v1G1sWSkU02jNGj1Fw%3D%3D
Contratos menores;Servicio para la inscripcion y participacion del proyecto IDIWATER en el XXI Congreso Internacional SDEWES, quetendra lugar en Las Palmas de Gran Canaria del 30 de agosto al 3 de septiembre de 2026, mediante la participacionen un Side Event especifico del proyecto previsto para el 1 de septiembre de 2026, dentro del programa delCongreso.;Agencia Canaria de Investigación, Innovación y Sociedad de la Información;servicios;Resuelta;SDEWES CENTRE;7009,35;https://contrataciondelestado.es/wps/poc?uri=deeplink:detalle_licitacion&idEvl=TLRlcTP2A5h4zIRvjBVCSw%3D%3D
Contratos menores;"Acción de patrocinio por el Cabildo Insular de Tenerife, del documental “El Rey Puma"", que se estrenará el 21 de abril de 2026.";Dirección Insular de Hacienda del Cabildo Insular de Tenerife;servicios;Resuelta;MEDIAREPORT PRODUCCIONES AUDIOVISUALES S.L.;7000;https://contrataciondelestado.es/wps/poc?uri=deeplink:detalle_licitacion&idEvl=hasoeTzB9vQaF6cS8TCh%2FA%3D%3D
Contratos menores;"Espectáculo consistente en el festival S.O.S con motivo de ""La Noche de las Peñas"" Fiestas de San Juan";Junta de Gobierno Local del Ayuntamiento de Catral;servicios;Resuelta;EVENTOS LAMADRE S.L;7000;https://contrataciondelestado.es/wps/poc?uri=deeplink:detalle_licitacion&idEvl=XTa1mF7aBCd%2FR5QFTlaM4A%3D%3D
Contratos menores;Servicio de representación del espectáculo teatral Todos los ángeles alzaron el vuelo, dentro de la Programación de Otoño de 2026 del Real Teatro de Las Cortes.;Alcaldia del Ayuntamiento de San Fernando;privado;Resuelta;SERVEIS DE L'ESPECTACLE FOCUS, S.A.;7000;https://contrataciondelestado.es/wps/poc?uri=deeplink:detalle_licitacion&idEvl=UMvTGvLZexdq1DdmE7eaXg%3D%3D
Contratos menores;Espectáculo Teatro Alkázar Goteras;Junta de Gobierno Local del Ayuntamiento de Plasencia;privado;Resuelta;MARÍA ISABEL CASARES FERNÁNDEZ;7000;https://contrataciondelestado.es/wps/poc?uri=deeplink:detalle_licitacion&idEvl=BlTrKCypIetVq4S9zvaQpQ%3D%3D
Contratos menores;servizos de monitoraxe de patinaxe artistica;Alcaldía del Ayuntamiento de Ortigueira;servicios;Resuelta;Nerea Galan Losada;7000;https://contrataciondelestado.es/wps/poc?uri=deeplink:detalle_licitacion&idEvl=0lVYJLFUxwZ70UvEyYJSGw%3D%3D
Contratos menores;516/26. Actuación musical do grupo Atenas polas festas patronais de Portonovo;Presidencia del Organismo Autónomo Terra de Sanxenxo;servicios;Resuelta;Castro García, Silvia;7000;https://contrataciondelestado.es/wps/poc?uri=deeplink:detalle_licitacion&idEvl=5aFUDvf%2F9O2S81gZFETWmA%3D%3D
Contratos menores;MAP. Contratación del grupo The Counterpoints para la celebración de un concierto en el Auditorio Santa Ana de Plasencia el día 2 de octubre de 2026.;Presidencia de la Diputación Provincial de Cáceres;servicios;Resuelta;FIESTA TOURS, SL;7000;https://contrataciondelestado.es/wps/poc?uri=deeplink:detalle_licitacion&idEvl=CVMmx3aqQ%2B6opEMYCmrbmw%3D%3D
Contratos menores;Servicio de mantenimiento, conservación y gestión de los 16 desfibriladores automáticos instalados en vehículos patrulla de la Policía Local del Ayuntamiento de Rivas Vaciamadrid y suministro de material fungible (electrodos y baterías).;Junta de Gobierno del Ayuntamiento de Rivas Vaciamadrid;suministros;Resuelta;ANEK S 3 SL;6969,6;https://contrataciondelestado.es/wps/poc?uri=deeplink:detalle_licitacion&idEvl=x1WG5zalRliopEMYCmrbmw%3D%3D
Contratos menores;Catering y alquiler de sala para workshop para Presentación del Destino Sevilla en Colonia.;Gerencia de PRODETUR S.A.U.;servicios;Resuelta;HOSTA HOTELMANAGEMENT GMBH;6962,62;https://contrataciondelestado.es/wps/poc?uri=deeplink:detalle_licitacion&idEvl=ltCii5K39cNrhBlEHQFSKA%3D%3D
Contratos menores;Suministro de luminarias para las obras 11060 y 11061 de chipiona;Diputación Provincial de Cádiz;suministros;Resuelta;LIGHT ENVIRONMENT CONTROL, S.L.;6930;https://contrataciondelestado.es/wps/poc?uri=deeplink:detalle_licitacion&idEvl=sSG7pPWqlyT10HRJw8TEnQ%3D%3D
Contratos menores;S.G.PONTEVEDRA. Reposición red perimetral de seguridad;Subdelegación del Gobierno en Pontevedra;servicios;Resuelta;CONSTRUCCIONES HERMANOS SANZ 2000,S.L.;6922,59;https://contrataciondelestado.es/wps/poc?uri=deeplink:detalle_licitacion&idEvl=31WdVFxiyJ7ua%2Fi14w%2FPLA%3D%3D
Contratos menores;Servicio de instalación de nuevo semáforo en cruce;Consejo de Administración de Metropolitano de Tenerife, S.A.;servicios;Resuelta;KAPSCH TRAFFICCOM TRANSPORTATION S.A.;6917,97;https://contrataciondelestado.es/wps/poc?uri=deeplink:detalle_licitacion&idEvl=EZyF0TTgIQKP66GS%2BONYvQ%3D%3D
Contratos menores;Contrato privado de la orquesta Huracán para las fiestas patronales 2026;Alcaldía del Ayuntamiento des Migjorn Gran;privado;Resuelta;MIGUEL PASCUAL BAGUR;6900;https://contrataciondelestado.es/wps/poc?uri=deeplink:detalle_licitacion&idEvl=1LTDYSJKctFJ8Trn0ZPzLw%3D%3D
Contratos menores;Realización de una auditoría exhaustiva del PSTD de la Mancomunidad de municipios de Los Pedroches, financiado a través de los Fondos Next Generation EU en el marco del Plan de Recuperación, Transformación y Resiliencia (PRTR) y la convocatoria de 2022 de la Junta de Andalucía.;Presidencia de Mancomunidad de Municipios de Los Pedroches;servicios;Resuelta;BGB AUDITORES;6900;https://contrataciondelestado.es/wps/poc?uri=deeplink:detalle_licitacion&idEvl=Dic3Mp5kibCFQ%2FlhRK79lA%3D%3D
Contratos menores;Contrato menor de obras de demolición de vivienda en Calle Real número 23;Alcaldia del Ayuntamiento de Cijuela;obras;Resuelta;CONTENEDORES ALHAMBRA SOCIEDAD LIMITADA;6879,25;https://contrataciondelestado.es/wps/poc?uri=deeplink:detalle_licitacion&idEvl=0%2Fkk0%2FxiMRYadbH3CysQuQ%3D%3D
Contratos menores;"Reparación de ""Es Pou Vell""";Alcaldía del Ayuntamiento des Migjorn Gran;obras;Resuelta;MANOLO MENORCA TRIAY;6873,87;https://contrataciondelestado.es/wps/poc?uri=deeplink:detalle_licitacion&idEvl=sXcDvRlCI3HjHF5qKI4aaw%3D%3D
Contratos menores;Servicios de transporte de pacientes para recibir asistencia sanitaria en medios ordinarios taxi, tren, autobús, minibús, metro,... y avión o barco no medicalizado para Ceuta, Melilla o provincias Insulares.;Director Gerente de FREMAP;servicios;Resuelta;FABIAN MARTIN S.L.;6849,87;https://contrataciondelestado.es/wps/poc?uri=deeplink:detalle_licitacion&idEvl=1yir17fXu3B4zIRvjBVCSw%3D%3D
Contratos menores;Trabajos de adecuación de las instalaciones eléctricas del CEE Carmen Picó;Alcaldía del Ayuntamiento de Alzira;obras;Resuelta;MUNTATGES ELÈCTRICS GALLARDO GNS, SL;6846,11;https://contrataciondelestado.es/wps/poc?uri=deeplink:detalle_licitacion&idEvl=PuFXNo2Rxsx%2FP7lJ7Fu0SA%3D%3D
Contratos menores;Servicio de soporte especializado y administración de sistemas LINUX en el Centro de Proceso de Datos del CEDEX.;Centro de Estudios y Experimentación de Obras Públicas (CEDEX);servicios;Resuelta;TÉCNICOS ASOCIADOS INFORMÁTICA, S.A.U.;6817,5;https://contrataciondelestado.es/wps/poc?uri=deeplink:detalle_licitacion&idEvl=NEpHyYsKXC4UqXM96WStVA%3D%3D
Contratos menores;Suministros para ciclos de FP de Imagen y Sonido;Dirección Provincial del Ministerio de Educación y Formación Profesional en Ceuta;suministros;Resuelta;Javier Blanes Mercado;6774,74;https://contrataciondelestado.es/wps/poc?uri=deeplink:detalle_licitacion&idEvl=mGeT3%2FLnjwbLIx6q1oPaMg%3D%3D
Contratos menores;Adquisición de mobiliario para comedor de personal y salón de actos del Instituto de Investigaciones Agrarias Finca La Orden.;Dirección del Centro de Investigaciones Científicas y Tecnológicas de Extremadura (CICYTEX);suministros;Resuelta;MOFEXSA INTERIORISMO Y EQUIPAMIENTO;6762,52;https://contrataciondelestado.es/wps/poc?uri=deeplink:detalle_licitacion&idEvl=EIFvpI%2FNL%2BPVGIpKDxgsAQ%3D%3D
Contratos menores;Organización marcha socio deportiva contra el cáncer de mama, el día 3 de octubre de 2026 en Castilleja de Guzmán.;Alcaldía del Ayuntamiento de Castilleja de Guzmán;servicios;Resuelta;TOURING&SPORT;6762,5;https://contrataciondelestado.es/wps/poc?uri=deeplink:detalle_licitacion&idEvl=Vgkwb5rQNZJVkTabT%2FRM8A%3D%3D
Contratos menores;Espectáculo Contra Ana - 6 de noviembre de 2026;Alcaldía del Ayuntamiento de La Muela;servicios;Resuelta;META PRODUCCIONES ESCENICAS,SL;6750;https://contrataciondelestado.es/wps/poc?uri=deeplink:detalle_licitacion&idEvl=PjPnQsOLF2OdkQsA7ROvsg%3D%3D
Contratos menores;Contrato menor de Servicio impartición taller de mosaicos y materiales del mismo;Alcaldía del Ayuntamiento de Lora de Estepa;servicios;Resuelta;MOSAICOS CASARICHE SLU;6747,6;https://contrataciondelestado.es/wps/poc?uri=deeplink:detalle_licitacion&idEvl=Ufdiupei0FmkU02jNGj1Fw%3D%3D
Contratos menores;Adquisición marcador electrónico para campo de fútbol;Junta de Gobierno Local del Ayuntamiento de Santa Cruz del Retamar;suministros;Resuelta;EXTREME QUALITY CONTROL, S.L.;6723;https://contrataciondelestado.es/wps/poc?uri=deeplink:detalle_licitacion&idEvl=iuS%2FZGUngVZeKgd8LfVV9g%3D%3D
Contratos menores;Aprobación, adjudicación y reconocimiento de la obligación contrato menor de servicios concierto tributo a Fito y los Fitipaldis en las fiestas de San Pedro 2026;Presidencia del Cabildo Insular de El Hierro;servicios;Resuelta;Oihana Reyes González;6718,5;https://contrataciondelestado.es/wps/poc?uri=deeplink:detalle_licitacion&idEvl=Lv1le3Bs%2BL%2F%2Fa9DgO%2BoYKQ%3D%3D
Contratos menores;Contrato menor de suministro de materiales de pintura;Alcaldía del Ayuntamiento de Saucedilla;suministros;Resuelta;ESTRECHA REPRODUCCIONES, S.L.;6685,07;https://contrataciondelestado.es/wps/poc?uri=deeplink:detalle_licitacion&idEvl=VZEIvQFaFNsmMOlAXxDEjw%3D%3D
Contratos menores;Servicios de transporte de pacientes para recibir asistencia sanitaria en medios ordinarios taxi, tren, autobús, minibús, metro,... y avión o barco no medicalizado para Ceuta, Melilla o provincias Insulares.;Director Gerente de FREMAP;servicios;Resuelta;UNION DE TAXISTAS DE LA RIOJA S L;6609,07;https://contrataciondelestado.es/wps/poc?uri=deeplink:detalle_licitacion&idEvl=zidO2vu%2FSRkIYE3ZiZ%2BxmQ%3D%3D
Contratos menores;Organización del desfile de la disciplina de Diseño de Moda del Certamen Creamurcia 2026;Junta de Gobierno del Ayuntamiento de Murcia;servicios;Resuelta;Lifestyle & Media. Comunicación Organización de eventos;6550;https://contrataciondelestado.es/wps/poc?uri=deeplink:detalle_licitacion&idEvl=oFDmlAxPDaBVkTabT%2FRM8A%3D%3D
Contratos menores;Suministro e instalación de estores enrollables en aulas de laboratorios del grado de medicina de Teruel. Financiado 100% Gobierno de Aragón;Rectorado de la Universidad de Zaragoza;suministros;Resuelta;RIELDECOR, S.L.;6537;https://contrataciondelestado.es/wps/poc?uri=deeplink:detalle_licitacion&idEvl=5o8XC5XFHBhWhbmkna2nXQ%3D%3D
Contratos menores;contrato arreglo de juegos parque manos unidas;Alcaldía del Ayuntamiento de Mocejón;servicios;Resuelta;MAGIVER 2016 SL;6520;https://contrataciondelestado.es/wps/poc?uri=deeplink:detalle_licitacion&idEvl=6VWpGlYeRsh%2FR5QFTlaM4A%3D%3D
Contratos menores;Contratación de fiesta 80, 90 y 2000 de Santos Music, 13 de septiembre - Fiestas El Cristo 2026;Alcaldía del Ayuntamiento de Peraleda de la Mata;servicios;Resuelta;MIGUEL FERNANDO MUÑOZ SÁNCHEZ;6500;https://contrataciondelestado.es/wps/poc?uri=deeplink:detalle_licitacion&idEvl=x%2FICIh%2BnD4qzz8fXU2i3eQ%3D%3D
Contratos menores;Contrato menor de servicios para la adecuación de los sistemas de alimentación ininterrumpida y de todos los armarios de telecomunicaciones del Ayuntamiento.;Alcaldia del Ayuntamiento de Carmona;servicios;Resuelta;RAFAEL BERMUDO SALAS;6500;https://contrataciondelestado.es/wps/poc?uri=deeplink:detalle_licitacion&idEvl=z214xadijA9LAIVZdUs8KA%3D%3D
Contratos menores;Servicio de mantenimiento de los sistemas de protección contra incendios de Atención Especializada del INGESA en Melilla;Gerencia de Atención Sanitaria de Melilla - Instituto Nacional de Gestión Sanitaria;servicios;Resuelta;EXTINSE MELILLA, S.L.;6500;https://contrataciondelestado.es/wps/poc?uri=deeplink:detalle_licitacion&idEvl=IumbuPZZJlDCfVQHDepjGQ%3D%3D
Contratos menores;Suministro e instalación de conductos de climatización en Sala de Prensa del Ministerio de Cultura.;Oficialía Mayor del Ministerio de Cultura;suministros;Resuelta;INFORMÁTICA, TELEFONÍA Y ELECTRICIDAD SOLUCIONES, S.L.;6487,46;https://contrataciondelestado.es/wps/poc?uri=deeplink:detalle_licitacion&idEvl=aB6I4Q460GXpxJFXpLZ%2B2A%3D%3D
Contratos menores;Colocación de 102 contenedores para recogida de podas de palmeras y 6h de maquina amontonando hojas en acopio;Alcaldía del Ayuntamiento de Algorfa;servicios;Resuelta;PRESERBOL S.L.;6480;https://contrataciondelestado.es/wps/poc?uri=deeplink:detalle_licitacion&idEvl=6mEZz3bf9cmFlFRHfEzEaw%3D%3D
Contratos menores;Suministro e instalación de 2 depósitos de ACS del edificio B del INTAEX;Dirección del Centro de Investigaciones Científicas y Tecnológicas de Extremadura (CICYTEX);obras;Resuelta;RAMON CRIADO Y CIA SA;6436,3;https://contrataciondelestado.es/wps/poc?uri=deeplink:detalle_licitacion&idEvl=6ydJ81YYyJgmMOlAXxDEjw%3D%3D
Contratos menores;Contrato Menor De Servicio De Mantenimiento Integral De La Sede Del Centro Nacional De Recursos Genéticos-forestales Valsaín, En Segovia. Pcpeco-02/05/06/08/11/12/19;Oficialía Mayor del Ministerio para la Transición Ecológica y el Reto Demográfico;servicios;Resuelta;ELECNOR SERVICIOS Y PROYECTOS,S.A.U;6430,96;https://contrataciondelestado.es/wps/poc?uri=deeplink:detalle_licitacion&idEvl=N%2FpQ%2FV0dJdvIGlsa0Wad%2Bw%3D%3D
Contratos menores;Reparaciones varias de tuberías en el municipio;Alcaldía del Ayuntamiento de Bárcena de Cicero;obras;Resuelta;JOSE ANGEL GOMEZ SAINZ;6427;https://contrataciondelestado.es/wps/poc?uri=deeplink:detalle_licitacion&idEvl=JtTdRlFccWHECtSnloz%2BZQ%3D%3D
Contratos menores;CR-Contrato menor de mantenimiento del Archivo Histórico Provincial de Ciudad Real;Delegación Provincial de la Consejería de Educación, Cultura y Deportes en Ciudad Real;servicios;Resuelta;ELECNOR SERVICIOS Y PROYECTOS S.A.U.;6392,12;https://contrataciondelestado.es/wps/poc?uri=deeplink:detalle_licitacion&idEvl=snL%2BJZ91wDDyoM4us5k4vw%3D%3D
Contratos menores;"aluguer de vehiculo modelo ""Dacia Sandero Stepway ego-g"", destinado á Alcaldia, durante 11 mensualidades (feb-dec 2026),";Junta de Gobierno del Ayuntamiento de Ourense;servicios;Resuelta;TALLERES RODOSA SL;6380;https://contrataciondelestado.es/wps/poc?uri=deeplink:detalle_licitacion&idEvl=ZPocoNDPl6fpxJFXpLZ%2B2A%3D%3D
Contratos menores;Pintado de pasillos planta baja;Dirección Provincial del Ministerio de Educación y Formación Profesional en Ceuta;obras;Resuelta;Essadik Bouhtani;6340;https://contrataciondelestado.es/wps/poc?uri=deeplink:detalle_licitacion&idEvl=4fxFMK40c%2Bp%2BF6L2uCfUWg%3D%3D
Contratos menores;Obra renovación pintura de las plantas 1ª y 2ª.;Hospital La Magdalena. Dirección Económica-Gerencia;obras;Resuelta;CATRINA IONUT CATALIN;6337,5;https://contrataciondelestado.es/wps/poc?uri=deeplink:detalle_licitacion&idEvl=XQn%2FdW7l4sJeKgd8LfVV9g%3D%3D
Contratos menores;Reforma de 106,50 metros cadrados de terreo, no Concello de Sandiás no recinto da pista polideportiva.;Alcaldía del Ayuntamiento de Sandiás;obras;Resuelta;MIGUEL CID MENDEZ;6290;https://contrataciondelestado.es/wps/poc?uri=deeplink:detalle_licitacion&idEvl=TPYtQVGRAkzN3k3tjedSGw%3D%3D
Contratos menores;Sustitución válvula a caudal variable de la vitrina;Gerencias de los Institutos de la Agencia Estatal Consejo Superior de Investigaciones Científicas;servicios;Resuelta;LABORTECH WALDNER, S.L.;6290;https://contrataciondelestado.es/wps/poc?uri=deeplink:detalle_licitacion&idEvl=53jycoBn9dhWhbmkna2nXQ%3D%3D
Contratos menores;Reparación de la instalación de tubería de climatización para la sede del Instituto Nacional de Seguridad y Salud en el Trabajo, O.A., M.P. INSST, en Madrid.;Instituto Nacional de Seguridad y Salud en el Trabajo O.A. M.P. (INSST);obras;Resuelta;OHL SERVICIOS INGESAN S.A.;6244,95;https://contrataciondelestado.es/wps/poc?uri=deeplink:detalle_licitacion&idEvl=sMfahAhyQzrE6P%2FuLemXRw%3D%3D
Contratos menores;Contratación del servicio de conciliación en días no lectivos y festivos en Luarca y Trevías.;Alcaldía del Ayuntamiento de Valdés;servicios;Resuelta;José Ramón Rodríguez Jamart;6210;https://contrataciondelestado.es/wps/poc?uri=deeplink:detalle_licitacion&idEvl=GFioVUCHEc2ExvMJXBMHHQ%3D%3D
Contratos menores;Contrato menor de servicios para la realización de proyecto de protección contra incendios en Centro Cultural;Alcaldía del Ayuntamiento de Meco;servicios;Resuelta;HENAN INGENIEROS, S.L.;6200;https://contrataciondelestado.es/wps/poc?uri=deeplink:detalle_licitacion&idEvl=IAqvxyTXzSHE6P%2FuLemXRw%3D%3D
Contratos menores;Contratación del Servicio de actuación de la Orquesta Fenix;Alcaldía del Ayuntamiento de Borriana;servicios;Resuelta;Levante Espectáculos, S.L.;6150;https://contrataciondelestado.es/wps/poc?uri=deeplink:detalle_licitacion&idEvl=TITxISQubzOHCIsjvJ3rhQ%3D%3D
Contratos menores;Servicio de redacción de un proyecto de ejecución de obra y Estudio de Seguridad y Salud;Junta de Gobierno del Ayuntamiento de Biar;servicios;Resuelta;Amorós Rubiato Navarro Arquitectos SCP;6150;https://contrataciondelestado.es/wps/poc?uri=deeplink:detalle_licitacion&idEvl=nfzES1Mxp4nmnwcj%2BxbdTg%3D%3D
Contratos menores;Suministro e instalación de un SAI en el edificio de la Policía Local;Alcaldía del Ayuntamiento de Alzira;suministros;Resuelta;ELÉCTRICA DE ALZIRA CEAL, SL;6135,71;https://contrataciondelestado.es/wps/poc?uri=deeplink:detalle_licitacion&idEvl=Gmnc6n7km5tWhbmkna2nXQ%3D%3D
Contratos menores;"Contratación de trabajos de servicios de electricidad para obra PFEA/2025; aseos de la ciudad deportiva "" MARIA DOLORES JIMÉNEZ""";Alcaldía del Ayuntamiento de Cabra;servicios;Resuelta;TELECOMUNICACIONES MORILLO MESA S.L;6099;https://contrataciondelestado.es/wps/poc?uri=deeplink:detalle_licitacion&idEvl=Vf5tcd7l76p9Zh%2FyRJgM8w%3D%3D
Contratos menores;Adquisición de dos sistemas de compresión neumática secuencial de miembros inferiores para el Hospital Universitario de Melilla;Gerencia de Atención Sanitaria de Melilla - Instituto Nacional de Gestión Sanitaria;suministros;Resuelta;MEDICAL SOREVAN S.L.;6090;https://contrataciondelestado.es/wps/poc?uri=deeplink:detalle_licitacion&idEvl=C8hTbqu9pSekU02jNGj1Fw%3D%3D
Contratos menores;Automatización de la puerta de cochera mediante sistema motorizado e incorporación de mecanismo de seguridad autofrenante para prevenir accidentes por caída.;Alcaldía del Ayuntamiento de Marchena;suministros;Resuelta;PUERTAS Y AUTOMATISMOS MERINO, S.L.;6063,17;https://contrataciondelestado.es/wps/poc?uri=deeplink:detalle_licitacion&idEvl=s%2Fdj9Zd45xmKeVWTb9Scog%3D%3D
Contratos menores;214/2026 sum autorefractometro cs parada molino gas zamora priap;Gerencia de Asistencia Sanitaria de Zamora;suministros;Resuelta;OCULUS IBERIA S.L.;6050;https://contrataciondelestado.es/wps/poc?uri=deeplink:detalle_licitacion&idEvl=S3qKKeGLZq9rSd8H4b2soA%3D%3D
Contratos menores;Convalidació de contracte menor - Subministrament de taulons per les passarel·les de Son Bou;Regidor Delegado-Ayuntamiento Alaior;suministros;Resuelta;Madereros Reunidos, SA;6003,7;https://contrataciondelestado.es/wps/poc?uri=deeplink:detalle_licitacion&idEvl=lEmG%2BYp0lRzi0Kd8%2Brcp6w%3D%3D
Contratos menores;Retirada y tratamiento de RCD depositados en el Punto Limpio;Junta de Gobierno del Ayuntamiento de San Martín de la Vega;servicios;Resuelta;CCR Las Mulas S.L;6000;https://contrataciondelestado.es/wps/poc?uri=deeplink:detalle_licitacion&idEvl=zBdpP9ZyLGo36J9Lctlsuw%3D%3D
Contratos menores;Servicio de representación de la función Cuéntame la Zarzuela, Bro.;Alcaldía del Ayuntamiento de La Solana;servicios;Resuelta;ALCANTAR 2025 S.L.;6000;https://contrataciondelestado.es/wps/poc?uri=deeplink:detalle_licitacion&idEvl=PDnT%2FcrbSeRVYjgxA4nMUw%3D%3D
Contratos menores;Gestión de ayudas a entidades locales para las obras de reparación, restitución, reconstrucción, mejora y ampliación de infraestructuras, equipamientos o instalaciones y servicios de titularidad municipal o provincial.;Alcaldía del Ayuntamiento de Jamilena;servicios;Resuelta;MANUEL MENA ESCABIAS;6000;https://contrataciondelestado.es/wps/poc?uri=deeplink:detalle_licitacion&idEvl=uPpUjP6EKPwaF6cS8TCh%2FA%3D%3D
Contratos menores;EQ_Producción Gala y vídeo promocional del Congreso Feminario 2026. Envidea Multimedia SL.;Presidencia de la Diputación Provincial de Valencia;servicios;Resuelta;Envidea Multimedia SL;5997;https://contrataciondelestado.es/wps/poc?uri=deeplink:detalle_licitacion&idEvl=gfMMADfB0jvkY6rls5tG9A%3D%3D
Contratos menores;Servicio reparación puerta de acero de acceso a la playa, sustitución video portero, reparación placa electrónica, y microprocesador;Consejería de Sanidad, Servicios Sociales, Menores e Igualdad;servicios;Resuelta;ABDESELAM ABDESELAM MOHAMED;5930;https://contrataciondelestado.es/wps/poc?uri=deeplink:detalle_licitacion&idEvl=lCn%2BlqMNKGR4zIRvjBVCSw%3D%3D
Contratos menores;"Servicio de diseño de campaña de concienciación en diferentes playas adheridas al servicio de limpieza DIVAL, con eslogan ""AMB LA DIPU, LA MAR DE BÉ"" (Diseño de marca y claim , contenidos para videos y servicio traducción al valenciano, cartelería y redes sociales, sesión de fotografía, creación de spot y acto presentación) de Síntesis y Acción, S.L.";Presidencia de la Diputación Provincial de Valencia;servicios;Resuelta;SINTESIS Y ACCION;5900;https://contrataciondelestado.es/wps/poc?uri=deeplink:detalle_licitacion&idEvl=724qHTy0HLb5Rey58Yagpg%3D%3D
Contratos menores;Suministro de alfombras personalizadas para el Mercado Municipal de Almuñecar. Subvención Junta de Andalucía, mejora modernización y promoción del comercio y la artesanía en Andalucía.;Alcaldía del Ayuntamiento de Almuñécar;suministros;Resuelta;TRAFIC, MAT Y MAS SL;5860,61;https://contrataciondelestado.es/wps/poc?uri=deeplink:detalle_licitacion&idEvl=UukQv3ZoYlOExvMJXBMHHQ%3D%3D
Contratos menores;Asistencia Técnica De Sonido E Iluminación Para Los Eventos En La Casa Del Aire Y El Teatro Municipal De Arahal.;Alcaldia del Ayuntamiento de Arahal;servicios;Resuelta;DOPPLER SONIDO, S.L;5825;https://contrataciondelestado.es/wps/poc?uri=deeplink:detalle_licitacion&idEvl=eNs9gJfNIAzkY6rls5tG9A%3D%3D
Contratos menores;Instalación de luces y controladora Aula Talle Teatro;Dirección Provincial del Ministerio de Educación y Formación Profesional en Ceuta;servicios;Resuelta;Gestión de Espacios Culturales y de Ocio S.A.;5800;https://contrataciondelestado.es/wps/poc?uri=deeplink:detalle_licitacion&idEvl=tA82O883BxQtm4eBPtV6eQ%3D%3D
Contratos menores;Puesta a punto caja de cambios auto extintor;Jefatura de la Sección Económico-Administrativa 26 - Base Aérea de Zaragoza (Agrupación BASE);servicios;Resuelta;LIZAGA SA;5785,12;https://contrataciondelestado.es/wps/poc?uri=deeplink:detalle_licitacion&idEvl=M2OfdNcweIpq1DdmE7eaXg%3D%3D
Contratos menores;Contratación do servizo para impartir actividades EDM escolas deportivas municipais 2026/2027;Alcaldía del Ayuntamiento de Noia;servicios;Resuelta;IRIA VILAS MARTINEZ;5775;https://contrataciondelestado.es/wps/poc?uri=deeplink:detalle_licitacion&idEvl=0XpImzsdALbzAq95uGTrDQ%3D%3D
Contratos menores;Contracte menor mixt per al subministrament i serveis per a l'elaboració i impressió d'un llibre divulgatiu del Molí Fariner;Alcaldía del Ayuntamiento de Agullent;suministros;Resuelta;RAFAEL JORDA PLA;5772,85;https://contrataciondelestado.es/wps/poc?uri=deeplink:detalle_licitacion&idEvl=suYR23odyHKTylGzYmBF9Q%3D%3D
Contratos menores;Suministro de retenedores de puertas cortafuegos pasillo UCI Coron_Hemodin HCUV;Gerencia de Atención Especializada Hospital Clínico Univ. de Valladolid;suministros;Resuelta;CRESPO COMERCIAL ESP.PROTEC.S.L.;5760;https://contrataciondelestado.es/wps/poc?uri=deeplink:detalle_licitacion&idEvl=beXxpt3dfH7pxJFXpLZ%2B2A%3D%3D
Contratos menores;Servicio de formación de personal contrato a través de programa ATC;Alcaldía del Ayuntamiento de Olmeda de las Fuentes;servicios;Resuelta;NEOSOFT SISTEMAS S.L.;5760;https://contrataciondelestado.es/wps/poc?uri=deeplink:detalle_licitacion&idEvl=aP3UOgYE3DR%2FR5QFTlaM4A%3D%3D
Contratos menores;Redacción de proyecto, Dirección de obra, Coordinación de Seguridad y Salud, Estudio del Suelo y Levantamiento topográfico de Camino del Cañalizo;Alcaldía del Ayuntamiento de El Viso del Alcor;servicios;Resuelta;JANDALCOR ENGINEERING SOLUTIONS S.L.;5739;https://contrataciondelestado.es/wps/poc?uri=deeplink:detalle_licitacion&idEvl=8ZLySONVEVU%2Bk2oCbDosIw%3D%3D
Contratos menores;Servicio de gestión centralizada de suscripciones a aplicaciones informáticas - Oficina de Comunicación;Consejería de Presidencia, Justicia, Seguridad y Simplificación Administrativa de la Comunidad Autónoma de Cantabria;servicios;Resuelta;TEJA FERNANDEZ, JUAN;5710;https://contrataciondelestado.es/wps/poc?uri=deeplink:detalle_licitacion&idEvl=oEbKDICyqdy5HQrHoP3G5A%3D%3D
Contratos menores;Obras de saneamiento en cuatro vientos;Alcaldía del Ayuntamiento de El Campillo;obras;Resuelta;FRANCISCO VAZQUEZ CABALLERO;5670;https://contrataciondelestado.es/wps/poc?uri=deeplink:detalle_licitacion&idEvl=YUNNOoCZmmI7u6%2B%2FR7DUoA%3D%3D
Contratos menores;Suministro de 15 equipos informáticos en régimen de arrendamiento para el desarrollo del: Pef Atención A Personas Dependientes Y Con Necesidades Específicas.;Alcaldía del Ayuntamiento de Pedrera;suministros;Resuelta;GRUPO PAPIRO14, SL;5618,25;https://contrataciondelestado.es/wps/poc?uri=deeplink:detalle_licitacion&idEvl=K0Ox7jNX6tXCfVQHDepjGQ%3D%3D
Contratos menores;Convalidació de contracte menor - Tallers i colònies per joves Nadal 2025;Regidor Delegado-Ayuntamiento Alaior;servicios;Resuelta;SONIA MEZQUIDA CERDÀ;5610,18;https://contrataciondelestado.es/wps/poc?uri=deeplink:detalle_licitacion&idEvl=eAfx0NT2o9Bq1DdmE7eaXg%3D%3D
Contratos menores;Concierto de Joan Amèric en la Casa de la Cultura (Sopar Estellés 2026);Alcaldía del Ayuntamiento de Alzira;servicios;Resuelta;ESPACIO ARTE ZENIT, SL;5600;https://contrataciondelestado.es/wps/poc?uri=deeplink:detalle_licitacion&idEvl=XVHxJOsR0%2FZWhbmkna2nXQ%3D%3D
Contratos menores;Suministro e instalación toldos, mupis, material de señalización y placas conmemorativas feria Torrox 2026;Alcaldia del Ayuntamiento de Torrox;suministros;Resuelta;DIGITAL SUR, S. COOP AND;5589;https://contrataciondelestado.es/wps/poc?uri=deeplink:detalle_licitacion&idEvl=4ww2P%2BIdAQ2Izo3LHNPGcQ%3D%3D
Contratos menores;Catering-cena Reina y Damas 2026;Alcaldía del Ayuntamiento de Barrax;servicios;Resuelta;Ignacio Martínez López;5584;https://contrataciondelestado.es/wps/poc?uri=deeplink:detalle_licitacion&idEvl=w1TxVUgQO8vI8aL3PRS10Q%3D%3D
Contratos menores;Servicio de limpieza traumática CGJM (diógenes);Concejalía de Contratación del Ayuntamiento de Palencia;servicios;Resuelta;CASAGESTION EVOLUCIONA SL;5581,42;https://contrataciondelestado.es/wps/poc?uri=deeplink:detalle_licitacion&idEvl=1dWL52%2BNfdfyoM4us5k4vw%3D%3D
Contratos menores;Participación en el Congreso Supply Chain con corner;Presidencia de la Autoridad Portuaria de Bilbao;servicios;Resuelta;AECOC - ASOC. ESP. CODIFICACIO;5500;https://contrataciondelestado.es/wps/poc?uri=deeplink:detalle_licitacion&idEvl=HVeTTF8cn5JVkTabT%2FRM8A%3D%3D
Contratos menores;Trabajos de pintura en el suelo del Museo Arqueológico;Alcaldía del Ayuntamiento de Borriana;servicios;Resuelta;JUAN CARLOS HIDALGO BOJ;5480;https://contrataciondelestado.es/wps/poc?uri=deeplink:detalle_licitacion&idEvl=lRFzhofWvc%2Fi0Kd8%2Brcp6w%3D%3D
Contratos menores;Cm Reposición De Un Equipo Purificador De Agua Para La Producción De Agua Tipo Ii En El Selyc;Consejería de Desarrollo Rural, Ganadería, Pesca y Alimentación de la Comunidad Autónoma de Cantabria;suministros;Resuelta;Merck Life Science S.L.U.;5469,2;https://contrataciondelestado.es/wps/poc?uri=deeplink:detalle_licitacion&idEvl=umf3xY3eu7b5Rey58Yagpg%3D%3D
Contratos menores;Servicio de un organismo de control autorizado (OCA) de los ascensores de Atención Especializada de Melilla;Gerencia de Atención Sanitaria de Melilla - Instituto Nacional de Gestión Sanitaria;servicios;Resuelta;OCA GLOBAL INSPECCIONES REGLAMENTARIAS, S.A.U.;5440;https://contrataciondelestado.es/wps/poc?uri=deeplink:detalle_licitacion&idEvl=BSeoX0l%2FiI2P%2Bo96UAV7cQ%3D%3D
Contratos menores;Contrato menor Colletor;Gerencia de Servicios Sanitarios del Área de Salud de Lanzarote;suministros;Resuelta;GENERAL ELECTRIC HEALTHCARE ESPAÑA SA.;5432,48;https://contrataciondelestado.es/wps/poc?uri=deeplink:detalle_licitacion&idEvl=IDOwjx0JfKCP%2Bo96UAV7cQ%3D%3D
Contratos menores;servicio de limpieza de las instalaciones del centro de formación dónde se imparten los programas: PEF;Alcaldía del Ayuntamiento de Pedrera;servicios;Resuelta;VICTOR MANUEL SALAMANCA MORILLO;5408;https://contrataciondelestado.es/wps/poc?uri=deeplink:detalle_licitacion&idEvl=t4gw5d5mrr%2FECtSnloz%2BZQ%3D%3D
Contratos menores;Suministro sanitarios portátiles para feria Torrox 2026 (wc), mantenimiento y limpieza diaria;Alcaldia del Ayuntamiento de Torrox;suministros;Resuelta;AXAR WC SL;5405;https://contrataciondelestado.es/wps/poc?uri=deeplink:detalle_licitacion&idEvl=%2B59ly4Wri1%2FIGlsa0Wad%2Bw%3D%3D
Contratos menores;Suministro de gafas para el eclipse;Alcaldía del Ayuntamiento de Benavente;suministros;Resuelta;T&D Agencia De Publicidad S.L,;5400;https://contrataciondelestado.es/wps/poc?uri=deeplink:detalle_licitacion&idEvl=solAXcxXVaXmnwcj%2BxbdTg%3D%3D
Contratos menores;"Representación de la obra ""La pantera"" en el teatro del Bosque.";Junta de Gobierno del Ayuntamiento de Móstoles;servicios;Resuelta;"Verein Loop Tanz ""Celine Doyon)";5400;https://contrataciondelestado.es/wps/poc?uri=deeplink:detalle_licitacion&idEvl=smWIH8%2FFcTaTylGzYmBF9Q%3D%3D
Contratos menores;Suministros para adquisición de maquinaria para la Concejalía de Medio Rural: Lote II (Fondo de Compensación Ambiental 2026);Alcaldía del Ayuntamiento de Sarria;suministros;Resuelta;FERRETERÍA SARRIA, S.L.;5379,28;https://contrataciondelestado.es/wps/poc?uri=deeplink:detalle_licitacion&idEvl=ehMJoTi7jshJ8Trn0ZPzLw%3D%3D
Contratos menores;obras de reparación por fugas en radiadores en A.J. Villamanín en León.;Consejería de Desregulación, Familia y Ayudas Sociales de la Junta de Castilla y León;obras;Resuelta;CALEFACCIÓN LODY S.L.;5323,03;https://contrataciondelestado.es/wps/poc?uri=deeplink:detalle_licitacion&idEvl=x3rpjYvN10c7%2B9FIQYNjeQ%3D%3D
Contratos menores;Encargo de trabajo de control de peritaciones del SAC (Agrícola/Pecuario). Cultivo/Provincia: Herbáceos / Soria. Código del servicio: JSB 10/26.;Consorcio de Compensación de Seguros;servicios;Resuelta;JUAN MANUEL SAEZ BELMONTE;5316,26;https://contrataciondelestado.es/wps/poc?uri=deeplink:detalle_licitacion&idEvl=yUaU9cpZpTkl5NjlNci%2BtA%3D%3D
Contratos menores;Contrato menor de la celebración del 9 de octubre.;ALCALDIA del Ayuntamiento de Llocnou de la Corona;servicios;Resuelta;Mathena producciones, S.L.;5310,5;https://contrataciondelestado.es/wps/poc?uri=deeplink:detalle_licitacion&idEvl=95IxbWRPwTfyoM4us5k4vw%3D%3D
Contratos menores;CTO. Instrucción en defensa personal para personal desplegable del CGTAD;Jefatura de Asuntos Económicos del Cuartel General Terrestre Alta Disponibilidad;servicios;Resuelta;Luis Portero Gracia;5310;https://contrataciondelestado.es/wps/poc?uri=deeplink:detalle_licitacion&idEvl=u9T7sLtnPXZxseVhcqrkhw%3D%3D
Contratos menores;M-2016 contrato patrocinio foro desayuno algar innova;Presidencia del Instituto de Empleo y Desarrollo Socioeconómico y Tecnológico de la Diputación Provincial de Cádiz;privado;Resuelta;MARKETER GLOBAL MEDIA SL;5310;https://contrataciondelestado.es/wps/poc?uri=deeplink:detalle_licitacion&idEvl=bIKV5rvb5b%2BTylGzYmBF9Q%3D%3D
Contratos menores;Repar arco quirúrgico Philips Veradius Unity sn 157 S Quirof Pr HCUV;Gerencia de Atención Especializada Hospital Clínico Univ. de Valladolid;servicios;Resuelta;PHILIPS IBERICA S.A.U.;5302;https://contrataciondelestado.es/wps/poc?uri=deeplink:detalle_licitacion&idEvl=NZlJYNGUUzZ4zIRvjBVCSw%3D%3D
Contratos menores;Dotación de mamparas de distribución fenólicas para configurar cabinas sanitarias, en colores a elegir por la Dirección del Centro.;Gerencia Territorial de Servicios Sociales de Salamanca;obras;Resuelta;LAYAN HINI IMPORT S.L.;5300;https://contrataciondelestado.es/wps/poc?uri=deeplink:detalle_licitacion&idEvl=FkHR1G1KmMKopEMYCmrbmw%3D%3D
Contratos menores;Servicio de vigilancia y seguridad privada, control de accesos, custodia de llaves y cierre del edificio administrativo municipal.;Junta de Gobierno del Ayuntamiento de Murcia;servicios;Resuelta;EPSILON SEGURIDAD S.L.;5298,36;https://contrataciondelestado.es/wps/poc?uri=deeplink:detalle_licitacion&idEvl=FSbhe1zwhYf%2Fa9DgO%2BoYKQ%3D%3D
Contratos menores;Encargo de trabajo de control de peritaciones del SAC (Agrícola/Pecuario). Cultivo/Provincia: herbáceos / Burgos. HCA 10/26;Consorcio de Compensación de Seguros;servicios;Resuelta;HERMENEGILDO CORTIJO ALARCON;5275,1;https://contrataciondelestado.es/wps/poc?uri=deeplink:detalle_licitacion&idEvl=37ag4CZKrv3gL1BHd3qjQA%3D%3D
Contratos menores;556/26. Servizo de reparación de humidades na Casa da Cultura de Dorrón;Presidencia del Organismo Autónomo Terra de Sanxenxo;servicios;Resuelta;Construcciones Gonfal, S.L.;5250;https://contrataciondelestado.es/wps/poc?uri=deeplink:detalle_licitacion&idEvl=TF6jqrNOgEDjHF5qKI4aaw%3D%3D
Contratos menores;Jm963.Actuación Los Happy Con Sonido E Iluminación Dia 6 Y Canción Española Dia 7 De Junio. Apr.Pleno 18/05/2026;Junta de Gobierno del Ayuntamiento de Murcia;servicios;Resuelta;MUÑOZ MELERO JOSE ANTONIO;5200;https://contrataciondelestado.es/wps/poc?uri=deeplink:detalle_licitacion&idEvl=GNgYB7IQ8PrpxJFXpLZ%2B2A%3D%3D
Contratos menores;Alquiler de sonido y escenario para las actuaciones del Balcón de Europa en la Feria de Nerja 2025.;Alcaldía del Ayuntamiento de Nerja;suministros;Resuelta;RUBEN SONIDO S. L.;5160;https://contrataciondelestado.es/wps/poc?uri=deeplink:detalle_licitacion&idEvl=G%2BY6le3g9Hn9pbnDwlaUlg%3D%3D
Contratos menores;Renovación canaleta de pluviales en bajada ambulancias plaza Urgencias HCUV;Gerencia de Atención Especializada Hospital Clínico Univ. de Valladolid;obras;Resuelta;REHABILIT.CONST.PROMOCION NUCLEO S.A.;5113,02;https://contrataciondelestado.es/wps/poc?uri=deeplink:detalle_licitacion&idEvl=TNH6EAzVtZaTylGzYmBF9Q%3D%3D
Contratos menores;Pto servicios sanitarios en festejos taurinos celebrados en el municipio de Quijorna con motivo de las Fiestas Patronales. (Pto 2026/430).;Alcaldía del Ayuntamiento de Quijorna;servicios;Resuelta;ENFERMERIAS MOVILES EMILIO,S.L;5100;https://contrataciondelestado.es/wps/poc?uri=deeplink:detalle_licitacion&idEvl=zhOtejeI6jEeC9GJQOEBkQ%3D%3D
Contratos menores;2 Cintas de correr M7L de Salter o de características técnicas similares - Descripcion completa en aclaraciones;Comisión Delegada de la Fundación para la Investigación Biomédica del Hospital Universitario La Paz;suministros;Resuelta;Prim, SA;5100;https://contrataciondelestado.es/wps/poc?uri=deeplink:detalle_licitacion&idEvl=w6JTFml1hJwwYTJJ03sHog%3D%3D
Contratos menores;"Contratación grupo animación para la Caseta del mayor, Grupo Esencia (3 componentes) días 8, 9 y 10 desde las 20h. hasta las 00h. y contratación grupo ""Frasco de Pruna"" el 10 de agosto a las 22h. en la Caseta del Mayor";Alcaldía del Ayuntamiento de Coín;servicios;Resuelta;TALENTO 2026 SL;5100;https://contrataciondelestado.es/wps/poc?uri=deeplink:detalle_licitacion&idEvl=dLnT5on5pX3IGlsa0Wad%2Bw%3D%3D
Contratos menores;Transporte escolar de alumnos de enseñanza no universitaria en la Ruta Escolar 49000459 IES Maestro Haedo de Zamora.;Dirección Provincial de Educación en Zamora;servicios;Resuelta;A.MARTIN VIZAN,SL;5090,9;https://contrataciondelestado.es/wps/poc?uri=deeplink:detalle_licitacion&idEvl=SX%2FVt7PCW19QFSeKCRun4Q%3D%3D
Contratos menores;MSE 377/26 Contratación de Servicio consistente en la contratación de la organización y coordinación del ciclo biblioteca de escritores;Junta de Gobierno del Ayuntamiento de Marbella;servicios;Resuelta;ANNIS DEL CASTILLO INVESTMENT SL;5080;https://contrataciondelestado.es/wps/poc?uri=deeplink:detalle_licitacion&idEvl=65HWrtPyzS6GCFcHcNGIlQ%3D%3D
Contratos menores;Contrato menor de obra de rep e impermeabilización de azotea, hueco de escalera y ascensor, petos y pavimento de terrazas de la Casa de la Juventud de Villafranca de Córdoba, como consecuencia de los fenómenos meteorológicos acaecidos entre los días 4 y 13 de febrero 2026, financiado por la Adm General del Estado a través del Ministerio de Política Territorial y Memoria Democrática (FMA 2026).;Alcaldía del Ayuntamiento de Villafranca de Córdoba;obras;Resuelta;AISLAMIENTOS VALENZUELA S.L.;5050;https://contrataciondelestado.es/wps/poc?uri=deeplink:detalle_licitacion&idEvl=1vmR8Pre1CD%2B3JAijKO%2Bkg%3D%3D
Contratos menores;Suministro de 4.200 unidades de bolas de madera navideñas provistas de lazo decorativo, embolsado individual y grabación personalizada para el Ayuntamiento de La Victoria de Acentejo.;Alcaldía del Ayuntamiento de La Victoria de Acentejo;suministros;Resuelta;Jose A. Hernández Hdez.;5040;https://contrataciondelestado.es/wps/poc?uri=deeplink:detalle_licitacion&idEvl=9HdQgZHTr8NSYrkJkLlFdw%3D%3D
Contratos menores;Servicio de consultoría EIC Pathfinder;Gerencias de los Institutos de la Agencia Estatal Consejo Superior de Investigaciones Científicas;servicios;Resuelta;EVOLUTION EUROPE S.L.;5000;https://contrataciondelestado.es/wps/poc?uri=deeplink:detalle_licitacion&idEvl=2u1jplOOKG%2BKeVWTb9Scog%3D%3D
Contratos menores;Acc. Punt. de public. de promoción de la CC.AA de CyL, con la publicación de banners rotatorios diarios desde el 1 de octubre al 15 diciembre que va a realizar Enfoque – Diario de Zamora;Consejería de la Presidencia de la Junta de Castilla y León;servicios;Resuelta;Mamola Noticias S.L.;5000;https://contrataciondelestado.es/wps/poc?uri=deeplink:detalle_licitacion&idEvl=b%2Bb8t4bJ50Y4NavIWzMcHA%3D%3D
Contratos menores;Servicio de control de palomas asilvestradas;Alcaldía del Ayuntamiento de Alzira;servicios;Resuelta;FEDERACIÓN DE COLOMBICULTURA DE LA COMUNIDAD VALENCIANA;5000;https://contrataciondelestado.es/wps/poc?uri=deeplink:detalle_licitacion&idEvl=CNHfqtU4elF%2FP7lJ7Fu0SA%3D%3D
Contratos menores;Contrato Menor de Suministros para la Distribución de libros de Investigación científica y al pensamiento crítico enfocado en el archipiélago canario para la Librería del Cabildo;Gestión Insular para el Deporte, la Cultura y el Ocio, SA (IDECO S.A.);suministros;Resuelta;Antonio Manuel Macías Hernández;4999,99;https://contrataciondelestado.es/wps/poc?uri=deeplink:detalle_licitacion&idEvl=lih8pMILCbdPpzdqOdhuWg%3D%3D
Contratos menores;Contrato Menor de Suministros para la Distribución de Libros Investigación e innovación en arquitectura, cultura, diseño y turismo avanzado para la Librería del Cabildo;Gestión Insular para el Deporte, la Cultura y el Ocio, SA (IDECO S.A.);suministros;Resuelta;ASOCIACIÓN LABORATORIO DE INVESTIGACIÓN E INNOVACIÓN EN ARQUITECTURA, CULTURA, DISEÑO Y TURISMO AVANZADO;4999,99;https://contrataciondelestado.es/wps/poc?uri=deeplink:detalle_licitacion&idEvl=77TWJ2W2qSDgL1BHd3qjQA%3D%3D
Contratos menores;Instalación gases para equipo Zenith (equipo de proceso del área de procesos térmicos);Gerencias de los Institutos de la Agencia Estatal Consejo Superior de Investigaciones Científicas;suministros;Resuelta;ARJORD TRADE CORPORATION SL;4990;https://contrataciondelestado.es/wps/poc?uri=deeplink:detalle_licitacion&idEvl=p6CjNtV3Oa68ebB%2FXTwy0A%3D%3D
Contratos menores;Taller de teatro inclusivo del Programa de Discapacidad;Alcaldía del Ayuntamiento de Mairena del Aljarafe;servicios;Resuelta;UTRE MULTI GESTION SL;4990;https://contrataciondelestado.es/wps/poc?uri=deeplink:detalle_licitacion&idEvl=4kqObEGCvybECtSnloz%2BZQ%3D%3D
Contratos menores;Vestidos, bandas y coronas para las Reinas 2026;Alcaldía del Ayuntamiento de San Fulgencio;suministros;Resuelta;DOLORES RUIZ VEGARA;4980;https://contrataciondelestado.es/wps/poc?uri=deeplink:detalle_licitacion&idEvl=JwobIDnSCKFWhbmkna2nXQ%3D%3D
Contratos menores;Instal.lació elèctrica per a aula modular, per a donar servei de càtering al CEIP SANT Carles. TM Sta. Eulària des riu,;Instituto Balear de Infraestructuras y Servicios Educativos (IBISEC);obras;Resuelta;Juan Antonio Colomar Colomar;4979,41;https://contrataciondelestado.es/wps/poc?uri=deeplink:detalle_licitacion&idEvl=lGOslci%2FwbKExvMJXBMHHQ%3D%3D
Contratos menores;Actividades extraescolares durante el curso escolar 2026-2027;Alcaldía de la EATIM de Jesús Pobre;servicios;Resuelta;COM A CASA RESTAURACIO COLECTIVA I ACTIVITATS SL;4960;https://contrataciondelestado.es/wps/poc?uri=deeplink:detalle_licitacion&idEvl=V8sHb4ll7%2B6opEMYCmrbmw%3D%3D
Contratos menores;Contrato menor Cadena Ser Peñafiel y Medina campaña de comunicación Residencia Juvenil;Presidencia de la Diputación Provincial de Valladolid;servicios;Resuelta;Radio Aranda, S.A.;4958,68;https://contrataciondelestado.es/wps/poc?uri=deeplink:detalle_licitacion&idEvl=bLqouR3UpNHjHF5qKI4aaw%3D%3D
Contratos menores;Contrato de suministro de pisapapeles y estuches de monedas con motivo del 25 Aniversario de la Escuela Municipal de Música.;Presidencia del Organismo Autónomo de Cultura del Excmo. Ayuntamiento de Santa Cruz de Tenerife;suministros;Resuelta;I LOVE THE WORLD S.L.;4950;https://contrataciondelestado.es/wps/poc?uri=deeplink:detalle_licitacion&idEvl=wwOthIV32L2sNfRW6APEDw%3D%3D
Contratos menores;Coordinación de seguridad y salud, y redacción del estudio de seguridad y salud, de la obra, en fase de ejecución, de rehabilitación superficial, mejora de la seguridad vial y ordenación de accesos de las carreteras CR-201 y CR-201a, correspondientes a los tramos de carretera de antigua N420/430;Presidencia de la Diputación Provincial de Ciudad Real;servicios;Resuelta;INGEACER S.L.;4950;https://contrataciondelestado.es/wps/poc?uri=deeplink:detalle_licitacion&idEvl=sMfahAhyQzp9PLkba5eRog%3D%3D
Contratos menores;Campaña de publicidad institucional INSTRUMENTOS FINANCIEROS FEDER 2026 durante el mes de octubre de 2026 en ABC Castilla y León;Instituto para la Competitividad Empresarial de la Junta de Castilla y León;servicios;Resuelta;DIARIO ABC, S.L.;4947;https://contrataciondelestado.es/wps/poc?uri=deeplink:detalle_licitacion&idEvl=m8wRn8UBEDvCfVQHDepjGQ%3D%3D
Contratos menores;EA2405/SEADA/Adquisición de repuestos para bicicletas bultaco brinco y kit de mantenimiento del SEADA.;Jefatura de la Sección Económico Administrativa 24 de la Base Aérea de Morón;suministros;Resuelta;Grupo AMI equipamiento S.L;4945;https://contrataciondelestado.es/wps/poc?uri=deeplink:detalle_licitacion&idEvl=XH8sj8nGydN9Zh%2FyRJgM8w%3D%3D
Contratos menores;Contrato menor para la adecuación del sistema eléctrico de baja tensión en la Comisaría de Distrito de Ciudad Lineal;Jefatura Superior de Policía de Madrid;servicios;Resuelta;MARIUS DURLAN;4933;https://contrataciondelestado.es/wps/poc?uri=deeplink:detalle_licitacion&idEvl=8xbzwI1bAyWzz8fXU2i3eQ%3D%3D
Contratos menores;2204/GRUAPO/SEINT/ Adquisición de material fungible para pabellon y cocina;Jefatura de la Sección Económico Administrativa 24 de la Base Aérea de Morón;suministros;Resuelta;FERARENAL, S.L.;4929,15;https://contrataciondelestado.es/wps/poc?uri=deeplink:detalle_licitacion&idEvl=WTZqEfFJpD1xseVhcqrkhw%3D%3D
Contratos menores;Instal.lació elèctrica i de dades per a dues aules modulars a IES Capdepera, T.M. Capdepera;Instituto Balear de Infraestructuras y Servicios Educativos (IBISEC);obras;Resuelta;Electro Hidráulica Llevant SA;4928,52;https://contrataciondelestado.es/wps/poc?uri=deeplink:detalle_licitacion&idEvl=aldmzsofmikmMOlAXxDEjw%3D%3D
Contratos menores;Derecho de uso y mantenimiento de gestor de expedientes durante la anualidad 2026;Presidencia del Patronato Municipal de Turismo y Playas de Alicante;servicios;Resuelta;AUDIFILM CONSULTING S.L.U.;4920;https://contrataciondelestado.es/wps/poc?uri=deeplink:detalle_licitacion&idEvl=H6fysvX7kLF%2BF6L2uCfUWg%3D%3D
Contratos menores;Suministro de 33 lápices digitales y 33 cargadores de carga individuales con destino al Hospital Universitario de Ceuta y Melilla, a la Atención Primaria de Ceuta y Melilla, al Centro Nacional de Dosimetría y a los Servicios Centrales;Dirección del Instituto Nacional de Gestión Sanitaria (INGESA);suministros;Resuelta;Teknoservice, S.L.;4917;https://contrataciondelestado.es/wps/poc?uri=deeplink:detalle_licitacion&idEvl=jyFdthfLuex6nTs9LZ9RhQ%3D%3D
Contratos menores;Servicio de impresión de programas de Fiestas locales 2026;Alcaldía del Ayuntamiento de Monreal del Campo;servicios;Resuelta;SISTEMAS DE IMPRESION Y DISEÑO SL.;4914,71;https://contrataciondelestado.es/wps/poc?uri=deeplink:detalle_licitacion&idEvl=sME7ywvOURji0Kd8%2Brcp6w%3D%3D
Contratos menores;Obra de reparación de humedades en Centro de Día;Alcaldía del Ayuntamiento de Almonacid de Zorita;obras;Resuelta;CONSTRUCCIONES DIELBA SL;4907,86;https://contrataciondelestado.es/wps/poc?uri=deeplink:detalle_licitacion&idEvl=17Gdze31XWS8ebB%2FXTwy0A%3D%3D
Contratos menores;Servicio de catering y montaje de cena de hermandad con motivo de las fiestas patronales;Alcaldía del Ayuntamiento de Navacerrada;servicios;Resuelta;MA&MI GESTION INTEGRAL DE SERVICIOS DE HOSTELERIA SL;4907;https://contrataciondelestado.es/wps/poc?uri=deeplink:detalle_licitacion&idEvl=ixsrzYdHoTeFlFRHfEzEaw%3D%3D
Contratos menores;Audiómetro Clínico Consulta ORL;Gerencia de Atención Integrada de Talavera de la Reina;suministros;Resuelta;INSTITUTO AUDITIVO SALESA, S.L.;4891,5;https://contrataciondelestado.es/wps/poc?uri=deeplink:detalle_licitacion&idEvl=s9%2BE%2Bn2f06%2BkU02jNGj1Fw%3D%3D
Contratos menores;Limpieza de pastos del llano y tierras donde se ubica el recinto para la Muestra Ganadera 2026, con medios mecánicos, realizado con motoniveladora, retroexcavadora y limpieza de residuos generados tras la finalización de la Muestra Ganadera, con porte a vertedero. Transporte de los materiales propios del Ayuntamiento para el montaje desde el punto de acopio y vuelta de dichos materiales al punto de procedencia.;Alcaldía del Ayuntamiento de Coín;servicios;Resuelta;PISCINAS SOTO S.L.;4890;https://contrataciondelestado.es/wps/poc?uri=deeplink:detalle_licitacion&idEvl=bZNcPCor2oDyoM4us5k4vw%3D%3D
Contratos menores;Contratacion del servicio consistente en la puesta a disposicion y acondicionamiento del espacio y en el servicio de catering yfotografia para la celebracion de la I Jornada Estrategia de Impulso y Desarrollo Construccion Industrializada de Las Palmas;Dirección General de Industria;servicios;Resuelta;Fundación Canaria Auditorio y Teatro LP;4881;https://contrataciondelestado.es/wps/poc?uri=deeplink:detalle_licitacion&idEvl=pfX%2FX1w8xxAeC9GJQOEBkQ%3D%3D
Contratos menores;Repuestos para paneles de sistemas información al público (SIP);Consejo de Administración de Metropolitano de Tenerife, S.A.;suministros;Resuelta;Luminator Germany GmbH;4858;https://contrataciondelestado.es/wps/poc?uri=deeplink:detalle_licitacion&idEvl=o%2Bo0cFhVQJ99Zh%2FyRJgM8w%3D%3D
Contratos menores;Contrato menor de suministros decoración gala premios deportistas destacados 2025;Diputación Provincial de Cádiz;suministros;Resuelta;GADIR STUDIOS;4850;https://contrataciondelestado.es/wps/poc?uri=deeplink:detalle_licitacion&idEvl=uy5WwmBC6h9q1DdmE7eaXg%3D%3D
Contratos menores;Levantamiento topográfico para la redacción de Proyecto Básico y Ejecución de edificio destinado a residencia de mayores;Alcaldía del Ayuntamiento de El Viso del Alcor;servicios;Resuelta;GST MALAGA S.L.;4837,71;https://contrataciondelestado.es/wps/poc?uri=deeplink:detalle_licitacion&idEvl=R0XTcmwfDd2OUi78BmzhOQ%3D%3D
Contratos menores;"Aprobación del expediente, aprobación del gasto y reconocimiento de la obligación de los contratos menores de servicios para la puesta en marcha del ""Proyecto de atención a las Adicciones. Cabildo Insular de El Hierro 2026. Subvención nominada de 32918 €""";Presidencia del Cabildo Insular de El Hierro;servicios;Resuelta;Social Good;4837,5;https://contrataciondelestado.es/wps/poc?uri=deeplink:detalle_licitacion&idEvl=AigBmWpH2J%2Fmnwcj%2BxbdTg%3D%3D
Contratos menores;Servicio de consultoría especializada para el análisis de la mejora de las Memorias de Sostenibilidad de Transportes Interurbanos de Tenerife, S.A. (TITSA), con el objeto de definir una estructura mejorada y reutilizable que facilite la homogeneización de su estructura, contenidos, indicadores y recursos gráficos, así como la comparabilidad de la información entre ejercicios.;Gerencia de Transportes Interurbanos de Tenerife S.A.U.;servicios;Resuelta;CORPORACION 5 ANALISIS Y ESTRATEGIAS S.L.;4800;https://contrataciondelestado.es/wps/poc?uri=deeplink:detalle_licitacion&idEvl=P2HQSrAGxfA4NavIWzMcHA%3D%3D
Contratos menores;"Contratación de Asaco Producciones para la representación de dos actuaciones del espectáculo ""Los Hermanos Saquetti"" los días 9 y 10 de octubre en Villar del Pedroso y Garvín de la Jara, dentro del programa Calle Teatronal.";Presidencia de la Diputación Provincial de Cáceres;servicios;Resuelta;FRANCISCO JAVIER CEBALLOS CASILLAS;4800;https://contrataciondelestado.es/wps/poc?uri=deeplink:detalle_licitacion&idEvl=p10Erjf8ByS5HQrHoP3G5A%3D%3D
Contratos menores;Contrato menor patrocinio iii día mundial del galeón de manila;Diputación Provincial de Cádiz;privado;Resuelta;ASOC DE PROFESORES DE GEOGRAFIA E HISTORIA DE BACHILLERATO DE ANDALUCIA HESPERIDES;4793,39;https://contrataciondelestado.es/wps/poc?uri=deeplink:detalle_licitacion&idEvl=PcHMqJwHzfvECtSnloz%2BZQ%3D%3D
Contratos menores;Adquisición mobiliario habitaciones edificio de apoyo EVA 21.;Jefatura de la Sección Económico Administrativa 14 - Cuartel General del Mando Aéreo de Canarias;suministros;Resuelta;GOROHOGAR MUEBLES, S.L.;4767,93;https://contrataciondelestado.es/wps/poc?uri=deeplink:detalle_licitacion&idEvl=QW%2FO5VPi04ReKgd8LfVV9g%3D%3D
Contratos menores;Contracte menor de servei de reparació a l'Edifici Multiusos;Alcaldía del Ayuntamiento de Castelló;servicios;Resuelta;JUAN GARRIDO GRANERO;4723;https://contrataciondelestado.es/wps/poc?uri=deeplink:detalle_licitacion&idEvl=wmoiXfDZsk2AAM7L03kM8A%3D%3D
Contratos menores;Convalidació de contracte menor - Servei control poblacional de coloms i gallines a la població d'Alaior;Regidor Delegado-Ayuntamiento Alaior;servicios;Resuelta;JAVIER BARALDES SANTASUSANA XBS CONTROL DE FAUNA;4700;https://contrataciondelestado.es/wps/poc?uri=deeplink:detalle_licitacion&idEvl=9EWZnoZvajkwYTJJ03sHog%3D%3D
Contratos menores;Servicio de transfer para ponentes y participantes del i congreso del pacto europeo por el océano en canarias.;Instituto Tecnológico de Canarias S.A.;servicios;Resuelta;OUT NOW PRODUCTIONS, AIE;4672,9;https://contrataciondelestado.es/wps/poc?uri=deeplink:detalle_licitacion&idEvl=OIYABV5zF2wzjChw4z%2FXvw%3D%3D
Contratos menores;Servicio realización del programa de las Fiestas de la Virgen de la Encarnación y de la Manzana, diseño, impresión y enmaquetación;Alcaldía del Ayuntamiento de Valleseco;servicios;Resuelta;IMPRESIÓNATE GRANDES FORMATOS, S.L.U;4672,8;https://contrataciondelestado.es/wps/poc?uri=deeplink:detalle_licitacion&idEvl=O4tEI2B43yotm4eBPtV6eQ%3D%3D
Contratos menores;Reparaciones de vehículos municipales;Alcaldia del Ayuntamiento de Arucas;servicios;Resuelta;ARUCAUTO, SOCIEDAD LIMITADA;4672;https://contrataciondelestado.es/wps/poc?uri=deeplink:detalle_licitacion&idEvl=Ju3zxp%2BGQUnyoM4us5k4vw%3D%3D
Contratos menores;Suministro e instalación de dos pilonas semiautomáticas en el patio externo de la Escuela de Patrimonio histórico de Nájera;Dirección General de Patrimonio Cultural y Bellas Artes;suministros;Resuelta;Benito Urban S.L.U.;4581;https://contrataciondelestado.es/wps/poc?uri=deeplink:detalle_licitacion&idEvl=6uyTlXD%2FtDf10HRJw8TEnQ%3D%3D
Contratos menores;suministro de 2 carros y 4 sillas ruedas;Gerencia de Asistencia Sanitaria de Palencia;suministros;Resuelta;SANIDAD BURGALESA S.L.;4518;https://contrataciondelestado.es/wps/poc?uri=deeplink:detalle_licitacion&idEvl=e3P5IdDRvpzL1rX3q%2FMAPA%3D%3D
Contratos menores;Suministro cajón facon y elementos para el talle EOD B.A. de Gando;Jefatura de la Sección Económico Administrativa 14 - Cuartel General del Mando Aéreo de Canarias;suministros;Resuelta;GRUPO AZIMUT EQUIPACIONES SL;4505,37;https://contrataciondelestado.es/wps/poc?uri=deeplink:detalle_licitacion&idEvl=bsvDhlqxWR9PpzdqOdhuWg%3D%3D
Contratos menores;Actividades educativas en espai jove de duración de 7h a la semana distribuidas en dos días durante 45 semanas al año;Alcaldia del Ayuntamiento de Olocau;servicios;Resuelta;TRENCADI ESPAI EDUCATIU;4500;https://contrataciondelestado.es/wps/poc?uri=deeplink:detalle_licitacion&idEvl=XnGqT%2FkY%2BpUIYE3ZiZ%2BxmQ%3D%3D
Contratos menores;Espectáculo Teatro Alkázar Hansel y Gretel;Junta de Gobierno Local del Ayuntamiento de Plasencia;privado;Resuelta;TXALO PRODUKZIOAK, S.L.;4500;https://contrataciondelestado.es/wps/poc?uri=deeplink:detalle_licitacion&idEvl=W6ABQ5xKbyFxseVhcqrkhw%3D%3D
Contratos menores;Desbroce arredores da canceira municipal de Ourense e taludes;Junta de Gobierno del Ayuntamiento de Ourense;servicios;Resuelta;ISMAEL CARBALLO GOMEZ;4500;https://contrataciondelestado.es/wps/poc?uri=deeplink:detalle_licitacion&idEvl=TIF1nWPhe5yS81gZFETWmA%3D%3D
Contratos menores;Contrato menor de patrocinio institucional anual con la Asociación Andaluza de Gestión del Deporte (AGESPORT);Presidencia del Patronato Municipal de Deportes del Ayuntamiento de Almería;privado;Resuelta;"ASOCIACIÓN ANDALUZA DE GESTORES DEL DEPORTE ""AGESPORT""";4500;https://contrataciondelestado.es/wps/poc?uri=deeplink:detalle_licitacion&idEvl=KrM2XBsJwYSdkQsA7ROvsg%3D%3D
Contratos menores;"Contrato Menor de Servicios, consistente en: ""Vigilancia de la salud para los trabajadores/as contratados dentro del Plan de Empleo según orden 46/2026 del 7 de abril del 2026 de la Consejería de Economía, Empresas y Empleo"".";Concejalía Delegada de Contratación del Ayuntamiento de Alcázar de San Juan;servicios;Resuelta;QUIRON PREVENCIÓN S.L.U.;4500;https://contrataciondelestado.es/wps/poc?uri=deeplink:detalle_licitacion&idEvl=5ED5AjKBno0IYE3ZiZ%2BxmQ%3D%3D
Contratos menores;Adquisición de un portátil MacBook Pro 16: Apple M5 18 núcleos CPU, 40 núcleos GPU, 64Gb RAM y 2Tb SSD.;Gerencias de los Institutos de la Agencia Estatal Consejo Superior de Investigaciones Científicas;suministros;Resuelta;Ktuin Sistemas Informáticos S.A.U.;4496,4;https://contrataciondelestado.es/wps/poc?uri=deeplink:detalle_licitacion&idEvl=3VCm5CTzYErI8aL3PRS10Q%3D%3D
Contratos menores;Consultoría y acompañamiento para la activación de proyectos estratégicos;Vicepresidencia del Organismo Autónomo de Recaudación y Gestión Tributaria de la Diputación de Salamanca;servicios;Resuelta;FRACTAL STRATEGY SL;4490;https://contrataciondelestado.es/wps/poc?uri=deeplink:detalle_licitacion&idEvl=xj6ld01LoKs%2B1TMyIiZmzw%3D%3D
Contratos menores;Servicio de plataforma web y apps para la comunicación y gestión de incidencias en las playas de Mojácar.;Junta de Gobierno Local del Ayuntamiento de Mojácar;servicios;Resuelta;CREATIO LABS SCA;4485;https://contrataciondelestado.es/wps/poc?uri=deeplink:detalle_licitacion&idEvl=B3V6nPTn1cdrSd8H4b2soA%3D%3D
Contratos menores;Auditoria de la EATIM de Jesús Pobre;Alcaldía de la EATIM de Jesús Pobre;servicios;Resuelta;BLAZQUEZ ASOCIADOS;4450;https://contrataciondelestado.es/wps/poc?uri=deeplink:detalle_licitacion&idEvl=%2BDmQVmhb6svE6P%2FuLemXRw%3D%3D
Contratos menores;Suministro de 25 sillas operativas ergonómicas de uso profesional intensivo, destinadas a puestos de trabajo del Observatorio Nacional de Seguridad Vial.;Dirección General de Tráfico;suministros;Resuelta;OFIDISMA, S.A;4450;https://contrataciondelestado.es/wps/poc?uri=deeplink:detalle_licitacion&idEvl=m5Ivlu0OrorzAq95uGTrDQ%3D%3D
Contratos menores;Servicio de publicidad institucional destinado a la estrategia de comunicación sobre concienciación y cultura de prevención en situaciones de emergencias y protección civil mediante publicación de proyecto multimedia audiovisual y digital realizado, editado y difundido por el periódico ‘REGIÓN DIGITAL’. Expediente: CMSER220826305 - PRM/2026/0000109759;Vicepresidencia y Consejería de Presidencia, Coordinación de la Acción de Gobierno, Interior y Emergencias;servicios;Resuelta;REGION DIGITAL SL;4428;https://contrataciondelestado.es/wps/poc?uri=deeplink:detalle_licitacion&idEvl=%2B4BMearhr1ZSYrkJkLlFdw%3D%3D
Contratos menores;Actuaciones musicales carnaval 2026;Alcaldía del Ayuntamiento de Cózar;servicios;Resuelta;MAPACHE EVENTS SL;4400;https://contrataciondelestado.es/wps/poc?uri=deeplink:detalle_licitacion&idEvl=DP3Ym3RTanrCfVQHDepjGQ%3D%3D
Contratos menores;Realizar pruebas de carga en el gradería de la plaza de toros;Alcaldía del Ayuntamiento de Navacerrada;servicios;Resuelta;LABORATORIOS, TECNICA Y ESTUDIOS SL;4400;https://contrataciondelestado.es/wps/poc?uri=deeplink:detalle_licitacion&idEvl=1cq7evTWjpycCF8sV%2BqtYA%3D%3D
Contratos menores;Dar a conocer a los ciudadanos las actividades de promoción, formación, asesoramiento y certificación de las competencias digitales, en el marco del Programa CyL Digital;Consejería de Movilidad, Transformación Digital e Inteligencia Artificial de la Junta de Castilla y León;servicios;Resuelta;EDITORIAL CASTELLANA DE IMPRESIONES, S.L;4398,88;https://contrataciondelestado.es/wps/poc?uri=deeplink:detalle_licitacion&idEvl=P7ay%2FrSbjFrN3k3tjedSGw%3D%3D
Contratos menores;Obra para sustitución de luminarias en varias dependencias;Jefatura de Asuntos Económicos del Estado Mayor de la Defensa;obras;Resuelta;Jose Antonio Martín Molina;4329,06;https://contrataciondelestado.es/wps/poc?uri=deeplink:detalle_licitacion&idEvl=avl3VtAsDYEzjChw4z%2FXvw%3D%3D
Contratos menores;Fabricación e instalación de escaleras de acceso a tolva;Consejo de Administración de Metropolitano de Tenerife, S.A.;servicios;Resuelta;G3 SOLDADURA Y MONTAJES, S.L.;4306,25;https://contrataciondelestado.es/wps/poc?uri=deeplink:detalle_licitacion&idEvl=33XnyI93M8J%2FR5QFTlaM4A%3D%3D
Contratos menores;Redacción del proyecto de ejecución y documentación técnica necesaria para poder contratar y ejecutar las Obras de renovación del césped artificial de dos campos de fútbol de la Ciudad Deportiva Municipal de Vinaròs (Castellón). El proyecto incluirá el estudio básico o completo de seguridad y salud, el plan de control de calidad, el estudio de gestión de residuos de la construcción y demoliciones (en su caso) así cómo, los proyectos complementarios necesarios para la posible licitación de las obras.;Alcaldía del Ayuntamiento de Vinarós;servicios;Resuelta;VINCAT ENGINYERS SOCIEDAD DE RESPONSABILIDAD LIMITADA PROFESIONAL;4270;https://contrataciondelestado.es/wps/poc?uri=deeplink:detalle_licitacion&idEvl=zP7to8ZFuEBrhBlEHQFSKA%3D%3D
Contratos menores;Servicio de dirección letrada y defensa jurídica del Hipódromo de la Zarzuela, S.A., S.M.E;Presidencia del Consejo de Administración del Hipódromo de la Zarzuela, S.A., S.M.E.;servicios;Resuelta;Gay-Rosell & Solano, S.L.P.;4250;https://contrataciondelestado.es/wps/poc?uri=deeplink:detalle_licitacion&idEvl=aQPoOoh8xPEkJPJS%2BPS9vg%3D%3D
Contratos menores;Contrato menor de servicios de grabación y edición de 24 pildoras formativas a cargo del proyectoTSI-100121-2024-102 de IDIVAL;Dirección de Gestión de la Fundación Instituto de Investigación Marqués de Valdecilla;servicios;Resuelta;TREVOL AUDIOVISUAL, S.L.;4200;https://contrataciondelestado.es/wps/poc?uri=deeplink:detalle_licitacion&idEvl=9ZVF6apSzUB70UvEyYJSGw%3D%3D
Contratos menores;Adquisición de 3 añojos para evento taurino del 6 de septiembre con motivo de las fiestas patronales;Alcaldía del Ayuntamiento de Navacerrada;suministros;Resuelta;GREGORIO BLANCA GOMEZ;4200;https://contrataciondelestado.es/wps/poc?uri=deeplink:detalle_licitacion&idEvl=%2FEKTR%2B6JoN3%2B3JAijKO%2Bkg%3D%3D
Contratos menores;Gestión Integral de la Formación On line incluida en el plan deformación del área de Empleo 2026;Alcaldía del Ayuntamiento de Mairena del Aljarafe;servicios;Resuelta;SINERGIA FORMACION Y CONSULTORIA SOCIEDAD LIMITADA;4200;https://contrataciondelestado.es/wps/poc?uri=deeplink:detalle_licitacion&idEvl=FFiDj0IMEfEadbH3CysQuQ%3D%3D
Contratos menores;trabajos mantenimiento de playas;Alcaldía del Ayuntamiento de Gualchos;servicios;Resuelta;TRANSPORTES CAMACHO Y THALIA SL;4140;https://contrataciondelestado.es/wps/poc?uri=deeplink:detalle_licitacion&idEvl=%2FVONLEQV6ZxWhbmkna2nXQ%3D%3D
Contratos menores;Patrocinio Gala Premios Impronta 2026;Concejalía Delegada del Área de Administración Pública del Ayuntamiento de Logroño;privado;Resuelta;NUEVA RIOJA,S.A.;4132,23;https://contrataciondelestado.es/wps/poc?uri=deeplink:detalle_licitacion&idEvl=QXMEtaEgcYSFQ%2FlhRK79lA%3D%3D
Contratos menores;"Contrato patrocinio ""campeonato del mundo fide u7-u17 2026""";Diputación Provincial de Cádiz;privado;Resuelta;C. D. DE AJEDREZ SHAHMAT;4132,23;https://contrataciondelestado.es/wps/poc?uri=deeplink:detalle_licitacion&idEvl=%2BJ6Jwh5Zg4UIYE3ZiZ%2BxmQ%3D%3D
Contratos menores;Patrocinio ii jornadas historia de la verja;Diputación Provincial de Cádiz;privado;Resuelta;ASOC SOCIO-CULTURAL DE TRABAJADORES ESPAÑOLES EN GIBRALTAR;4132,23;https://contrataciondelestado.es/wps/poc?uri=deeplink:detalle_licitacion&idEvl=A0cPgXLsUXBSYrkJkLlFdw%3D%3D
Contratos menores;PROYECTO ALGORFA 100x100 Volumen 2026, subvencionable en la línea de desarrollo económico de la Diputación. proyecto que incluye elaboración y diseño de una aplicación web;Alcaldía del Ayuntamiento de Algorfa;servicios;Resuelta;Miguel Menarguez Ferrandez;4132,23;https://contrataciondelestado.es/wps/poc?uri=deeplink:detalle_licitacion&idEvl=QqjInCtSfBEQyBAnWzHfCg%3D%3D
Contratos menores;Suministro de material para la difusión y publicidad de las Aulas auxiliares de Aula Mentor.;Alcaldía del Ayuntamiento de Almendralejo;suministros;Resuelta;JOSE MARIA MARTINEZ BLANCO;4132;https://contrataciondelestado.es/wps/poc?uri=deeplink:detalle_licitacion&idEvl=By8u0OJgOHHua%2Fi14w%2FPLA%3D%3D
Contratos menores;Pintar la plaza de toros;Alcaldía del Ayuntamiento de Navacerrada;servicios;Resuelta;JUAN ANTONIO SANZ TORRES;4130,5;https://contrataciondelestado.es/wps/poc?uri=deeplink:detalle_licitacion&idEvl=g6GoIqXk8my8ebB%2FXTwy0A%3D%3D
Contratos menores;GAPTO Pañales desechable pacientes incontinentes residencias sociosanitarias;Dirección Gerencia de Atención Primaria de Toledo;suministros;Resuelta;PATENTE MÉDICO SANITARIA, S.L.;4105,1;https://contrataciondelestado.es/wps/poc?uri=deeplink:detalle_licitacion&idEvl=3JHC5Ng0w5qopEMYCmrbmw%3D%3D
Contratos menores;Mantenimiento de senderos homologados, El Seguili;Alcaldia del Ayuntamiento de Orba;servicios;Resuelta;SENDRA CERO360 SL;4103,14;https://contrataciondelestado.es/wps/poc?uri=deeplink:detalle_licitacion&idEvl=1i4vp0oM4nnIGlsa0Wad%2Bw%3D%3D
Contratos menores;Adquisición de cafetera de 3 brazos para el servicio internalizado de bares;Jefatura de Intendencia de Asuntos Económicos Oeste;suministros;Resuelta;MEIGO INNOVACION S.L.;4100;https://contrataciondelestado.es/wps/poc?uri=deeplink:detalle_licitacion&idEvl=xUukI0oJ9i0kJPJS%2BPS9vg%3D%3D
Contratos menores;Ceuta. Contrato menor de reparación de escáner de seguridad en el Palacio de Justicia.;Subdirección General de Obras y Patrimonio;servicios;Resuelta;TELECOMUNICACION, ELECTRONICA Y CONMUTACION SA (TECOSA);4094,13;https://contrataciondelestado.es/wps/poc?uri=deeplink:detalle_licitacion&idEvl=8Zgd84Awp%2B9%2BF6L2uCfUWg%3D%3D
Contratos menores;951 -Instalación de luminarias en sala de estudio de Zarandona - valoración 10/07/2026;Junta de Gobierno del Ayuntamiento de Murcia;obras;Resuelta;ANGEL ABELLAN LOPEZ;4056,5;https://contrataciondelestado.es/wps/poc?uri=deeplink:detalle_licitacion&idEvl=BEtqFIv3dKYaF6cS8TCh%2FA%3D%3D
Contratos menores;"Trabajos de pintura de 8 habitaciones del Módulo B en Residencia Logística Militar ""Dos de Mayo"", Burgos.";Jefatura de Intendencia de Asuntos Económicos Oeste;obras;Resuelta;JOSE ISAI BAUTISTA ZAMBRANO;4028,93;https://contrataciondelestado.es/wps/poc?uri=deeplink:detalle_licitacion&idEvl=7WewwfCBLnykU02jNGj1Fw%3D%3D
Contratos menores;Suministro de equipo de espuma portátil.;Concejal Delegado del Área de Presidencia, Relaciones Institucionales y Seguridad Ciudadana del Ayuntamiento de Huelva;suministros;Resuelta;AXATON SL;4020;https://contrataciondelestado.es/wps/poc?uri=deeplink:detalle_licitacion&idEvl=Lj21gQBbw%2ByHCIsjvJ3rhQ%3D%3D
Contratos menores;Convalidació de contracte menor - Factures de Seguridad Menorca, SL, revisió extintors i altres sistemes antincendis (2026);Regidor Delegado-Ayuntamiento Alaior;servicios;Resuelta;Seguridad Menorca S.L.;4010,81;https://contrataciondelestado.es/wps/poc?uri=deeplink:detalle_licitacion&idEvl=%2BC2QgtIR1dBq1DdmE7eaXg%3D%3D
Contratos menores;Pantalla y sonorización petición del toro Veguilla;Alcaldía del Ayuntamiento de Benavente;servicios;Resuelta;SONIDO GALENDE SL;4000;https://contrataciondelestado.es/wps/poc?uri=deeplink:detalle_licitacion&idEvl=ZKwqVuN1hICKeVWTb9Scog%3D%3D
Contratos menores;MAP. Contratación del grupo musical La Recercada (cuarteto) para realizar dos conciertos incluidos en el programa Música Antigua de Plasencia: - Día 9 de octubre en Plasencia -Día 10 de octubre en Hervás;Presidencia de la Diputación Provincial de Cáceres;servicios;Resuelta;ADMINISTRACIÓ I GESTIÓ DE MÚSICS I ARTISTES SL;4000;https://contrataciondelestado.es/wps/poc?uri=deeplink:detalle_licitacion&idEvl=Ahm%2FPAuX6u%2B9Hd5zqvq9cg%3D%3D
Contratos menores;Curso de igualdad en procesos selectivos;Comisión de Contratación de la Sociedad Estatal Loterías y Apuestas del Estado, S.M.E., S.A.;servicios;Resuelta;M2I Certified Education Systems, S.L.;4000;https://contrataciondelestado.es/wps/poc?uri=deeplink:detalle_licitacion&idEvl=VhKpRWSYRJVrSd8H4b2soA%3D%3D
Contratos menores;Celebración de el I Día de las Personas Mayores de la provincia de Cáceres. Este evento tendrá lugar en Riolobos el día 3 de octubre y para amenizarlo se contratará la actuación musical de Pilar Boyero y de DJ Gariba.;Presidencia de la Diputación Provincial de Cáceres;servicios;Resuelta;JAIME REYES PRODUCCIONES S.L.U.;4000;https://contrataciondelestado.es/wps/poc?uri=deeplink:detalle_licitacion&idEvl=9ZnlaYpGl2czjChw4z%2FXvw%3D%3D
Contratos menores;"Aprobar el gasto y reconocer la obligación del contrato menor de obras ""Acondicionamiento y arreglo de la pista Pie de Risco""";Presidencia del Cabildo Insular de El Hierro;obras;Resuelta;Excavaciones Benítez Garcés, S.L.;4000;https://contrataciondelestado.es/wps/poc?uri=deeplink:detalle_licitacion&idEvl=Gj%2BATlOJ2d4QyBAnWzHfCg%3D%3D
Contratos menores;Espectáculo Teatro Alkázar Feliz día (Suttotos);Junta de Gobierno Local del Ayuntamiento de Plasencia;privado;Resuelta;PRODUCCIONES CHICHARRO, S.L.U.;4000;https://contrataciondelestado.es/wps/poc?uri=deeplink:detalle_licitacion&idEvl=cLgZMBjCiXD10HRJw8TEnQ%3D%3D
Contratos menores;Contrato Menor de Suministro - Contrato Menor Suministro Mobiliario Urbano;Alcaldía del Ayuntamiento de Jimena;suministros;Resuelta;JOSE MANUEL BAENA CASTRO;4000;https://contrataciondelestado.es/wps/poc?uri=deeplink:detalle_licitacion&idEvl=zBdpP9ZyLGq8ebB%2FXTwy0A%3D%3D
Contratos menores;Laser pulsado 1064 MPL-S-1064-HF.- MPL-S-1064-HF 1064nm laser con 30uJ pulse para tratamientos fototérmicos;Gerencias de los Institutos de la Agencia Estatal Consejo Superior de Investigaciones Científicas;suministros;Resuelta;LASING, S.A.;4000;https://contrataciondelestado.es/wps/poc?uri=deeplink:detalle_licitacion&idEvl=m7pIbyGkJR0l5NjlNci%2BtA%3D%3D
Contratos menores;Direccion de obra de la coservacion de la cubierta de la ermita de san roman de moroso (bostronizo - arenas de iguaña);Consejería de Universidades, Igualdad, Cultura y Deporte;servicios;Resuelta;SAN EMETERIO PEDRAJA, ROMAN;4000;https://contrataciondelestado.es/wps/poc?uri=deeplink:detalle_licitacion&idEvl=d1o4YWnkps2TylGzYmBF9Q%3D%3D
Contratos menores;Direccion facultativa de la obra de conservacion de la iglesia de santa maria de lebeña;Consejería de Universidades, Igualdad, Cultura y Deporte;servicios;Resuelta;SAN EMETERIO PEDRAJA, ROMAN;4000;https://contrataciondelestado.es/wps/poc?uri=deeplink:detalle_licitacion&idEvl=2AQy7tSNTdm7JOCXkOhcDg%3D%3D
Contratos menores;Servicio de publicidad institucional destinado a la ejecución de la estrategia de comunicación de la Junta de Extremadura sobre las actuaciones públicas orientadas al impulso económico, empresarial, del talento y del empleo, especialmente aquellas vinculadas a la transformación digital y al desarrollo del potencial digital de la región, mediante la contratación de espacios para la elaboración, edición, publicación y difusión de un proyecto editorial en el periódico nativo digital EXTREMADURA 7 DÍAS. Expediente: CMSER220826290- PRM/2026/0000106443;Vicepresidencia y Consejería de Presidencia, Coordinación de la Acción de Gobierno, Interior y Emergencias;servicios;Resuelta;SORDO BEATRIZ DE LAS HERAS;4000;https://contrataciondelestado.es/wps/poc?uri=deeplink:detalle_licitacion&idEvl=gExfMfsfH1hVYjgxA4nMUw%3D%3D
Contratos menores;Reparación de reposición de cadro e proxectores rotos por accidente de tráfico na fonte (Bola do mundo) sita na avenida Pardo de Cela;Junta de Gobierno del Ayuntamiento de Ourense;obras;Resuelta;FRANCISCO MEIJE FERNANDEZ;3997,12;https://contrataciondelestado.es/wps/poc?uri=deeplink:detalle_licitacion&idEvl=d4PvqeBUWRjgL1BHd3qjQA%3D%3D
Contratos menores;Adquisición de 2 licencias de software PRESTO para elaboración de presupuestos, con destino al personal técnico del área de urbanismo.;Alcaldía del Ayuntamiento de Coín;suministros;Resuelta;ALBERTO SALLES VANCELLS;3952,8;https://contrataciondelestado.es/wps/poc?uri=deeplink:detalle_licitacion&idEvl=q1HLTOa0zwRq1DdmE7eaXg%3D%3D
Contratos menores;Dar a conocer a los ciudadanos las actividades de promoción, formación, asesoramiento y certificación de las competencias digitales, en el marco del Programa CyL Digital;Consejería de Movilidad, Transformación Digital e Inteligencia Artificial de la Junta de Castilla y León;servicios;Resuelta;GRUPO DE COMUNICACIÓN PROMECAL, S.L.;3928,64;https://contrataciondelestado.es/wps/poc?uri=deeplink:detalle_licitacion&idEvl=l9xMfOMWwDoXhk1FZxEyvw%3D%3D
Contratos menores;Servicio de cabina y equipamiento técnico para traducción simultánea del i congreso del pacto europeo por el océano en canarias.;Instituto Tecnológico de Canarias S.A.;servicios;Resuelta;FUNDACIÓN CANARIA LA CAJA INSULAR DE AHORROS DE CANARIAS- FUNDACIÓN LA CAJA DE CANARIAS;3910,45;https://contrataciondelestado.es/wps/poc?uri=deeplink:detalle_licitacion&idEvl=%2FZBIWlg7jyyP%2Bo96UAV7cQ%3D%3D
Contratos menores;Contrato de servicios de evaluación de impacto relativa a la protección de datos del proyecto VALDATA;Dirección de Gestión de la Fundación Instituto de Investigación Marqués de Valdecilla;servicios;Resuelta;AUDIDAT 3.0, S.L.;3900;https://contrataciondelestado.es/wps/poc?uri=deeplink:detalle_licitacion&idEvl=Ggw7YhCTCC3s%2BnLj3vAg5A%3D%3D
Contratos menores;Espectáculo Teatro Alkázar Atra bilis;Junta de Gobierno Local del Ayuntamiento de Plasencia;privado;Resuelta;LA ESTAMPA TEATRO, S.L.;3900;https://contrataciondelestado.es/wps/poc?uri=deeplink:detalle_licitacion&idEvl=8Cxswuxkzbd9Zh%2FyRJgM8w%3D%3D
Contratos menores;Suministro de guía direccional fluminiscente.;Concejal Delegado del Área de Presidencia, Relaciones Institucionales y Seguridad Ciudadana del Ayuntamiento de Huelva;suministros;Resuelta;URBAN TECHNOLOGY SL;3892,56;https://contrataciondelestado.es/wps/poc?uri=deeplink:detalle_licitacion&idEvl=Xm41SJeyFdEIYE3ZiZ%2BxmQ%3D%3D
Contratos menores;Suministro e instalación de un sistema de extracción para un equipo ZENIT del área de procesos térmicos;Gerencias de los Institutos de la Agencia Estatal Consejo Superior de Investigaciones Científicas;suministros;Resuelta;Instalaciones Eléctricas Egara, SL;3887,95;https://contrataciondelestado.es/wps/poc?uri=deeplink:detalle_licitacion&idEvl=FdQa51z%2FeUjmnwcj%2BxbdTg%3D%3D
Contratos menores;Suministro de marcos para carteles de Fiestas Primaverales;Órganos Directivos del Ayuntamiento de Sevilla;suministros;Resuelta;Cuadros Venecia 1913, S.L.;3878,51;https://contrataciondelestado.es/wps/poc?uri=deeplink:detalle_licitacion&idEvl=r0tU7b%2BT05ZrSd8H4b2soA%3D%3D
Contratos menores;Bolsa de horas por soporte de infraestructura tecnológica;Consejo de Administración de Seromal, S.A. Municipal de Construcciones y Conservación de Alcobendas;servicios;Resuelta;Anadat Consulting, S.L.;3855,5;https://contrataciondelestado.es/wps/poc?uri=deeplink:detalle_licitacion&idEvl=wcKK6P%2Bk6SrCfVQHDepjGQ%3D%3D
Contratos menores;Servicio de ambulancia SVB (TES+DUE) días 7 y 8/08/2026 de 20h. a 5h., días 8 y 10/08/2026 de 20h. a 3h, día 13/08/2026 de 20h. a 2:30h. y día 14/08/2026 de 20h. a 4h para la Feria de Agosto 2026;Alcaldía del Ayuntamiento de Coín;servicios;Resuelta;AMBULANCIAS AYON S.L;3840;https://contrataciondelestado.es/wps/poc?uri=deeplink:detalle_licitacion&idEvl=AIYTN9lb%2BCF%2FP7lJ7Fu0SA%3D%3D
Contratos menores;516/26. Contratación de xeradores eléctricos para actuacións nas festas patronais de Portonovo 2026;Presidencia del Organismo Autónomo Terra de Sanxenxo;suministros;Resuelta;Creaciones Luminosas, S.L.;3825;https://contrataciondelestado.es/wps/poc?uri=deeplink:detalle_licitacion&idEvl=ep75iL94TsIIYE3ZiZ%2BxmQ%3D%3D
Contratos menores;Reunión de presidentes y directores. Cóctel de bienvenida;Autoridad Portuaria de Avilés;servicios;Resuelta;Yume by Iratxe, S.L.;3818,4;https://contrataciondelestado.es/wps/poc?uri=deeplink:detalle_licitacion&idEvl=H7Jrzka0hM0Xhk1FZxEyvw%3D%3D
Contratos menores;Adquisición de focos led para el reforzamiento y mejora de la iluminación del Campo José Mantero.;Alcaldia del Ayuntamiento de Valverde del Camino;suministros;Resuelta;LIGHT ENVIRONMENT CONTROL;3801,14;https://contrataciondelestado.es/wps/poc?uri=deeplink:detalle_licitacion&idEvl=tgps1RizRNb9pbnDwlaUlg%3D%3D
Contratos menores;Dar a conocer a los ciudadanos las actividades de promoción, formación, asesoramiento y certificación de las competencias digitales, en el marco del Programa CyL Digital;Consejería de Movilidad, Transformación Digital e Inteligencia Artificial de la Junta de Castilla y León;servicios;Resuelta;GRUPO PROMOTOR SALMANTINO, S.A.;3800,39;https://contrataciondelestado.es/wps/poc?uri=deeplink:detalle_licitacion&idEvl=g2H%2Fbjb0e1I7u6%2B%2FR7DUoA%3D%3D
Contratos menores;Servicio de limpieza en Casa la Ricarda;Gerencia de Infraestructuras y Equipamientos de Cultura O.A;servicios;Resuelta;LIMPIEZAS BCN S.C.P.;3800;https://contrataciondelestado.es/wps/poc?uri=deeplink:detalle_licitacion&idEvl=xw7EOrOFwBpPpzdqOdhuWg%3D%3D
Contratos menores;Actuaciones judiciales - Procedimiento ordinario 9/2024 interpuesto por Colección Ana Sorondo - Declaración responsable urbanística.;Alcaldía del Ayuntamiento de El Berrueco;servicios;Resuelta;GABINETE JURIDICO LOCAL Y URBANISTICO, S.L.;3800;https://contrataciondelestado.es/wps/poc?uri=deeplink:detalle_licitacion&idEvl=btOHPd8PCGqopEMYCmrbmw%3D%3D
Contratos menores;Alquiler de equipos electrógenos con motivo de las Fiestas de San Xoán 2026;Alcaldía del Ayuntamiento de Sarria;suministros;Resuelta;JOSE FERNANDEZ LOPEZ;3800;https://contrataciondelestado.es/wps/poc?uri=deeplink:detalle_licitacion&idEvl=N9Wr1%2FAKjPRxseVhcqrkhw%3D%3D
Contratos menores;Contrato de Suministros de exorneasy maxi kit (50977164-k) para el proyecto fkoplowitz24/06;Dirección de Gestión de la Fundación Instituto de Investigación Marqués de Valdecilla;suministros;Resuelta;WERFEN ESPAÑA, S.A.U.;3785,39;https://contrataciondelestado.es/wps/poc?uri=deeplink:detalle_licitacion&idEvl=dx8KqDpK%2FdLE6P%2FuLemXRw%3D%3D
Contratos menores;Honorarios para la dirección de la ejecución de obra, aprobación, control y seguimiento del plan de seguridad y salud de las obras de adecuación de la sala de actos del CNM;Gerencias de los Institutos de la Agencia Estatal Consejo Superior de Investigaciones Científicas;servicios;Resuelta;ESTER GATNAU TORRES;3780;https://contrataciondelestado.es/wps/poc?uri=deeplink:detalle_licitacion&idEvl=YYs52nO2zNWP66GS%2BONYvQ%3D%3D
Contratos menores;Servicio de consultoría para la selección con carácter temporal de un/a administrativo/a;Gerencia de Málaga Deportes y Eventos S.A.M.;servicios;Resuelta;HRCS Group & MARM Consultores, S.L.;3725;https://contrataciondelestado.es/wps/poc?uri=deeplink:detalle_licitacion&idEvl=ARts3BYKPJ5eKgd8LfVV9g%3D%3D
Contratos menores;Renovación de la suscripción a la base de datos Iustel General y cuatro revistas en línea de la Editorial PortalDerecho para el año 2027.;Dirección del Centro de Estudios Políticos y Constitucionales;suministros;Resuelta;PORTALDERECHO, S.A.;3715,9;https://contrataciondelestado.es/wps/poc?uri=deeplink:detalle_licitacion&idEvl=p49BM6xjVmGkU02jNGj1Fw%3D%3D
Contratos menores;Horno tubular Compact Tube Furnace para procesado de muestras;Gerencias de los Institutos de la Agencia Estatal Consejo Superior de Investigaciones Científicas;suministros;Resuelta;FISHER SCIENTIFIC SL;3701,37;https://contrataciondelestado.es/wps/poc?uri=deeplink:detalle_licitacion&idEvl=vD9PFbAwzUKP%2Bo96UAV7cQ%3D%3D
Contratos menores;Proyecto eléctrico para el proyecto de la Plaza Virgen de la Vega;Alcaldía del Ayuntamiento de Benavente;servicios;Resuelta;EDUARDO GAÑAN DE CASTRO;3700;https://contrataciondelestado.es/wps/poc?uri=deeplink:detalle_licitacion&idEvl=e%2FJ9ae4RzuNt5r0ngvMetA%3D%3D
Contratos menores;MSE 465/26 Contratación de Servicio de evaluación psicológica mediante pruebas psicotécnicas durante la celebración de las pruebas del proceso selectivo para la provisión de diez plazas de bombero/a del Servicio de Prevención y Extinción de Incendios y Salvamento (SPEIS) de Marbella;Junta de Gobierno del Ayuntamiento de Marbella;servicios;Resuelta;MARIA DEL PILAR SÁNCHEZ MÉNDEZ;3700;https://contrataciondelestado.es/wps/poc?uri=deeplink:detalle_licitacion&idEvl=VOYyrs%2Fj60cmMOlAXxDEjw%3D%3D
Contratos menores;Expediente nº 2026/260022/INSS. Elaboración de auditorías energéticas de los inmuebles de uso administrativo dependientes de esta Dirección Provincial del Instituto Nacional de la Seguridad Social de La Rioja que emplean energía para acondicionar el ambiente interior.;INSS-Dirección provincial de La Rioja;servicios;Resuelta;GESE INTEGRAL DE SERVICIOS ENERGÉTICOS, S.L.;3675;https://contrataciondelestado.es/wps/poc?uri=deeplink:detalle_licitacion&idEvl=tXhcQ49EoI1xseVhcqrkhw%3D%3D
Contratos menores;"Contracte menor artístic de l'espectacle "" EPÍLOGO"" al Gran Teatre. el dia 4 octubre 2026";Alcaldía del Ayuntamiento de Xàtiva;servicios;Resuelta;ARDEN PRODUCCIONES, S.L.;3636,36;https://contrataciondelestado.es/wps/poc?uri=deeplink:detalle_licitacion&idEvl=Rdyx%2FWpocgs7%2B9FIQYNjeQ%3D%3D
Contratos menores;Contratación servicio de tapizado de butacas del salón de la Casa de la Cultura;Junta de Gobierno Local del Ayuntamiento de Albuixech;servicios;Resuelta;PLANTAS ALZADOS Y SECCIONES EN OBRAS, S.L.;3619;https://contrataciondelestado.es/wps/poc?uri=deeplink:detalle_licitacion&idEvl=aBOXv8a8VqH10HRJw8TEnQ%3D%3D
Contratos menores;Suministro de carrete para mangueras contraincendios.;Concejal Delegado del Área de Presidencia, Relaciones Institucionales y Seguridad Ciudadana del Ayuntamiento de Huelva;suministros;Resuelta;INCIPRESA SAU;3584,4;https://contrataciondelestado.es/wps/poc?uri=deeplink:detalle_licitacion&idEvl=0JVsmNoknsWqb7rCcv76BA%3D%3D
Contratos menores;"Servicio de organización y montaje de las Jornadas de Memoria Democrática ""Jerez con Memoria"" en la Sala Compañía y el Palacio de Villapanés";Junta de Gobierno Local del Ayuntamiento de Jerez;servicios;Resuelta;Asociación de Familiares y Amigos por la Recuperación de la Memoria Histórica de Jerez y Comarca;3575;https://contrataciondelestado.es/wps/poc?uri=deeplink:detalle_licitacion&idEvl=SeXmLF7FFyrgL1BHd3qjQA%3D%3D
Contratos menores;Retirada de 6 baterías de contenedores soterrados;Alcaldía del Ayuntamiento de Simancas;servicios;Resuelta;ACDESURBE S.L.U.;3562,14;https://contrataciondelestado.es/wps/poc?uri=deeplink:detalle_licitacion&idEvl=%2FE%2Ftyywkki%2BTylGzYmBF9Q%3D%3D
Contratos menores;Prestación de servicios de limpieza viaria finalizados los actos de la Fiesta de la Hispanidad en la localidad de Guadalupe (Cáceres);Alcaldia del Ayuntamiento de Guadalupe;servicios;Resuelta;CONTRATAS Y SERVICIOS EXTREMEÑOS SA;3536;https://contrataciondelestado.es/wps/poc?uri=deeplink:detalle_licitacion&idEvl=S0Xq4o61qz9PpzdqOdhuWg%3D%3D
Contratos menores;Dar a conocer a los ciudadanos las actividades de promoción, formación, asesoramiento y certificación de las competencias digitales, en el marco del Programa CyL Digital;Consejería de Movilidad, Transformación Digital e Inteligencia Artificial de la Junta de Castilla y León;servicios;Resuelta;EL DIARIO DE LEON, S.A.;3517,77;https://contrataciondelestado.es/wps/poc?uri=deeplink:detalle_licitacion&idEvl=hBKoDUwC1ek%2FbjW6njtWLw%3D%3D
Contratos menores;Cursos de formación de Puente grúa en los Centros Penitenciarios de Madrid IV, Ocaña I y Ocaña II.;Gerencia de la Entidad Estatal de Derecho Público Trabajo Penitenciario y Formación para el Empleo, M.P.;servicios;Resuelta;Preventium Prevención de Riesgos Laborales, S.A.U.;3510;https://contrataciondelestado.es/wps/poc?uri=deeplink:detalle_licitacion&idEvl=l9xMfOMWwDqLAncw3qdZkA%3D%3D
Contratos menores;Suministro de una mesa y 12 sillas para oficina 11 del edificio de usos múltiples del puerto exterior;Presidencia de la Autoridad Portuaria de Ferrol San Cibrao;suministros;Resuelta;EQUIPAMIENTO DE OFICINAS FERROL SL;3506;https://contrataciondelestado.es/wps/poc?uri=deeplink:detalle_licitacion&idEvl=ROXHBLjsjiYS7pcxhTeWOg%3D%3D
Contratos menores;Contratación con Metaproducciones Escénicas S.L. de una actuación de Carolina La Chispa en Casas de Don Antonio el 24 de octubre dentro del programa Ritmo y Cadencia 2026.;Presidencia de la Diputación Provincial de Cáceres;servicios;Resuelta;META PRODUCCIONES ESCENICAS, S.L.;3500;https://contrataciondelestado.es/wps/poc?uri=deeplink:detalle_licitacion&idEvl=b5K%2B2Cub3nMzjChw4z%2FXvw%3D%3D
Contratos menores;Actuaciones musicales;Junta de Gobierno del Ayuntamiento de Fuengirola;servicios;Resuelta;Solearte Music S.L;3500;https://contrataciondelestado.es/wps/poc?uri=deeplink:detalle_licitacion&idEvl=mC9ir9F0Drzi0Kd8%2Brcp6w%3D%3D
Contratos menores;"Contrato menor de Servicios, consistente en: ""Impartición del curso de Historia Local de la Universidad Popular de Alcázar de San Juan"".";Presidencia del Patronato Municipal de Cultura;servicios;Resuelta;ASOCIACIÓN CULTURAL GIGÜELA;3500;https://contrataciondelestado.es/wps/poc?uri=deeplink:detalle_licitacion&idEvl=es9u8BsxaYKFQ%2FlhRK79lA%3D%3D
Contratos menores;Contrato menor de servicio de recreación histórica romana dentro de la programación del X Octubre Romano.;Alcaldia del Ayuntamiento de Carmona;servicios;Resuelta;ASOCIACIÓN CULTURAL EMERITA ANTIQUA;3500;https://contrataciondelestado.es/wps/poc?uri=deeplink:detalle_licitacion&idEvl=MgOhjKeRKmSExvMJXBMHHQ%3D%3D
Contratos menores;Dirección de arquitectura de Obra del salón de actos del Instituto de Microelectrónica de Barcelona IMB-CNM;Gerencias de los Institutos de la Agencia Estatal Consejo Superior de Investigaciones Científicas;servicios;Resuelta;Mavilaarquitectura S.L.P.U;3488,9;https://contrataciondelestado.es/wps/poc?uri=deeplink:detalle_licitacion&idEvl=zSKAwHilmiM%2B1TMyIiZmzw%3D%3D
Contratos menores;Formacion en Panadería, Pastelería y Bollería Artesanal de las personas participantes en el Programa Proyectos Integrales para la Inserción Laboral;Alcaldia del Ayuntamiento de Alcalá la Real;servicios;Resuelta;DULCE PASION PASTRY & BAKERY SOCIEDAD LIMITADA;3480;https://contrataciondelestado.es/wps/poc?uri=deeplink:detalle_licitacion&idEvl=mtH5%2BX%2BRGSX5Rey58Yagpg%3D%3D
Contratos menores;servizos de monitor de padel para escolas municipais;Alcaldía del Ayuntamiento de Ortigueira;servicios;Resuelta;PEDRO SANJOSE LOPEZ;3480;https://contrataciondelestado.es/wps/poc?uri=deeplink:detalle_licitacion&idEvl=%2ByuGGt4szbx%2BF6L2uCfUWg%3D%3D
Contratos menores;Celebración de ejercicios de la fase de oposición correspondientes a cinco procesos selectivos convocados por el Ayuntamiento de Alcobendas, durante el periodo comprendido entre el 1 de octubre y el 30 de noviembre de 2026.;Concejalías Delegadas del Ayuntamiento de Alcobendas;servicios;Resuelta;Universidad Autónoma de Madrid;3452,2;https://contrataciondelestado.es/wps/poc?uri=deeplink:detalle_licitacion&idEvl=KhRomhBY9GcS7pcxhTeWOg%3D%3D
Contratos menores;"Contratación de servicio para desarrollar el programa de inclusión social dirigido a personas con diversidad funcional físicamente autónomas ""Ocio sin límites""";Alcaldía del Ayuntamiento de Borriana;servicios;Resuelta;GESTIONA CULTURA SL;3436,88;https://contrataciondelestado.es/wps/poc?uri=deeplink:detalle_licitacion&idEvl=27WpLu%2Fkqx8kJPJS%2BPS9vg%3D%3D
Contratos menores;Espectáculo Teatro Alkázar Scrooge y los fantasmas;Junta de Gobierno Local del Ayuntamiento de Plasencia;privado;Resuelta;ALEXANDER DÍAZ GEREDIAGA;3400;https://contrataciondelestado.es/wps/poc?uri=deeplink:detalle_licitacion&idEvl=BoHoL7k41Jfmnwcj%2BxbdTg%3D%3D
Contratos menores;suministro de 40 baterias para la SAI de adv. San Sebastian para el sistema de de alimentacion ininterrumpida de 15 kvas.;Dirección General de Salud Pública del Gobierno de Canarias;suministros;Resuelta;Domaser Canaria S.L;3391,3;https://contrataciondelestado.es/wps/poc?uri=deeplink:detalle_licitacion&idEvl=wd710XIvOjomMOlAXxDEjw%3D%3D
Contratos menores;Cm Direccion De Obra Y Coordinación De Seguridad Y Salud De Las Obras Contempladas En Los Proyectos 2026-01;Consejería de Desarrollo Rural, Ganadería, Pesca y Alimentación de la Comunidad Autónoma de Cantabria;servicios;Resuelta;RHAA PROJECT BIM, S.L.;3388;https://contrataciondelestado.es/wps/poc?uri=deeplink:detalle_licitacion&idEvl=w17xhviEiYu9Hd5zqvq9cg%3D%3D
Contratos menores;Reparación del vehículo oficial adscrito al Servicio T. de Cultura, Turismo y Deporte de Palencia;Servicio Territorial de Cultura y Turismo de Palencia;suministros;Resuelta;AUTO MF, S.L.;3374,96;https://contrataciondelestado.es/wps/poc?uri=deeplink:detalle_licitacion&idEvl=dPEdOGq%2F27Oqb7rCcv76BA%3D%3D
Contratos menores;Alfombras personalizadas para el Pla de l'Arc.;Alcaldía del Ayuntamiento de Llíria;suministros;Resuelta;CANTERO GALAN JOSE LUIS;3337;https://contrataciondelestado.es/wps/poc?uri=deeplink:detalle_licitacion&idEvl=gfLiUFZZEU8mMOlAXxDEjw%3D%3D
Contratos menores;Adquisicion de dos pizarras interactivas para las aulas de formación de la Direccion Provincial de la Tesoreria General de la Seguridad Social de Barcelona;TGSS-Dirección provincial de Barcelona;suministros;Resuelta;S.G.ELECTRONICA PROFESIONAL S.A.U.;3320,3;https://contrataciondelestado.es/wps/poc?uri=deeplink:detalle_licitacion&idEvl=tF%2FrhWYL3HoeIBJRHQiPkQ%3D%3D
Contratos menores;SERVICIO consistente en la tramitacion de los desplazamientos de las mentorias del programa codigo escuela 4.0 participantes enlas actividades de formacion.;Dirección General de Ordenación de las Enseñanzas, Inclusión e Innovación;servicios;Resuelta;ARBELO TRAVEL SL;3313,77;https://contrataciondelestado.es/wps/poc?uri=deeplink:detalle_licitacion&idEvl=jy0S7YCXkmn5Rey58Yagpg%3D%3D
Contratos menores;Redacción de documentos técnicos para la expropiación de los terrenos del Pou de la Neu;Alcaldía del Ayuntamiento de Benimantell;servicios;Resuelta;N6-ARQUITECTURA S.L.P;3305,79;https://contrataciondelestado.es/wps/poc?uri=deeplink:detalle_licitacion&idEvl=j8nNa4OKOH7LIx6q1oPaMg%3D%3D
Contratos menores;Instalación de riego por goteo en huerto urbano. Linea 7 Desarrollo economico;Alcaldía del Ayuntamiento de Algorfa;obras;Resuelta;PRESERBOL S.L.;3305,79;https://contrataciondelestado.es/wps/poc?uri=deeplink:detalle_licitacion&idEvl=Ct5FAEh4IoceIBJRHQiPkQ%3D%3D
Contratos menores;Contrato Menor Servicio de realización de Jornadas sobre Memoria Histórica;Alcaldía del Ayuntamiento de Isla Mayor;servicios;Resuelta;JUAN MIGUEL BAQUERO ZURITA;3305,78;https://contrataciondelestado.es/wps/poc?uri=deeplink:detalle_licitacion&idEvl=1XrEDh1KAi%2FgL1BHd3qjQA%3D%3D
Contratos menores;"Contratación servicio de medios audiovisuales para el ""Comité de Seguimiento del Programa FSE+ Castilla y León 2021-2027"" que se va a celebrar en Valladolid el 22 de octubre de 2026.";Consejería de Economía y Hacienda de la Junta de Castilla y León;servicios;Resuelta;ALBERTO LORENZO TOMILLO;3300;https://contrataciondelestado.es/wps/poc?uri=deeplink:detalle_licitacion&idEvl=S6L8950cRBBQFSeKCRun4Q%3D%3D
Contratos menores;servicio de tala de diferentes especies arbustivas situadas en el jardín winthuysen;Gerencia de Infraestructuras y Equipamientos de Cultura O.A;servicios;Resuelta;PODAS Y TALAS SL;3300;https://contrataciondelestado.es/wps/poc?uri=deeplink:detalle_licitacion&idEvl=PyemKfS4hes%2FbjW6njtWLw%3D%3D
Contratos menores;Suministro, mediante alquiler, de aseos ecológicos para distintos eventos a celebrar por el Ayuntamiento de Don Benito.;Alcaldia del Ayuntamiento de Don Benito;suministros;Resuelta;TRANSPORTES Y EXCAVACIONES EL CURRETE, S.L.;3300;https://contrataciondelestado.es/wps/poc?uri=deeplink:detalle_licitacion&idEvl=oj4y2T9X%2FI0aF6cS8TCh%2FA%3D%3D
Contratos menores;Adquisición de un digital Osciloscopio RTB2004 300 MHz;Gerencias de los Institutos de la Agencia Estatal Consejo Superior de Investigaciones Científicas;suministros;Resuelta;DISTRON, S.L.;3295;https://contrataciondelestado.es/wps/poc?uri=deeplink:detalle_licitacion&idEvl=W0frZslBYFE2wEhQbcAqug%3D%3D
Contratos menores;Vallado Escuelas de Santa Rita;Alcaldía del Ayuntamiento de Mota del Cuervo;obras;Resuelta;TALLERES METALICOS RABOSERO S.L.;3290;https://contrataciondelestado.es/wps/poc?uri=deeplink:detalle_licitacion&idEvl=nwS8scuM4DnyoM4us5k4vw%3D%3D
Contratos menores;Suministro de una bobina de cable de cobre unipolar flexible de 1X70mm2;Presidencia del Consorcio Provincial del Agua de Málaga;suministros;Resuelta;SEMAEL ELETRICIDAD, S.L.;3286,4;https://contrataciondelestado.es/wps/poc?uri=deeplink:detalle_licitacion&idEvl=6GRQBQ4ddXr%2B3JAijKO%2Bkg%3D%3D
Contratos menores;Suministro de 8.850 carteles tamaño A2 en papel estucado en 150 gr. para la difusión en los centros sanitarios de la Campaña de Vacunación de la Gripe 2026;Consejería de Sanidad y Bienestar Social de la Junta de Castilla y León;suministros;Resuelta;Miguel Merino García;3280;https://contrataciondelestado.es/wps/poc?uri=deeplink:detalle_licitacion&idEvl=yuM3Xgo%2FXZXua%2Fi14w%2FPLA%3D%3D
Contratos menores;Servicios del segundo paquete de adaptaciones de diseños para el evento Canarias Comunica 26 (señalética, banners web, estático, RRSS, cartelas y edición de videos);Dirección General de la Institución Ferial de Canarias;servicios;Resuelta;KUBO PUBLICIDAD Y SERVICIOS WEB SLNE;3270;https://contrataciondelestado.es/wps/poc?uri=deeplink:detalle_licitacion&idEvl=XfjHMcigEfh9PLkba5eRog%3D%3D
Contratos menores;GAPTO Pañales desechable pacientes incontinentes residencias sociosanitarias;Dirección Gerencia de Atención Primaria de Toledo;suministros;Resuelta;Active Medical Disposable, S.A.U.;3262,28;https://contrataciondelestado.es/wps/poc?uri=deeplink:detalle_licitacion&idEvl=zBAkhKKNOjxPpzdqOdhuWg%3D%3D
Contratos menores;Servicios Centro veterinario Huellas_Control colonias felinas Subv. DPH;Alcaldía del Ayuntamiento de Biescas;servicios;Resuelta;RAÚL BELIO GALLIGO;3257,45;https://contrataciondelestado.es/wps/poc?uri=deeplink:detalle_licitacion&idEvl=46Kfx94l4LsUqXM96WStVA%3D%3D
Contratos menores;Servidor nas para esaogel;Jefatura de la Sección Económico Administrativa 22 - Base Aérea de Torrejón (Agrupación de Base);suministros;Resuelta;ENGLOBE TECHNOLOGIES & SYSTEMS S.L.;3257,02;https://contrataciondelestado.es/wps/poc?uri=deeplink:detalle_licitacion&idEvl=xAvJuQh2HX65HQrHoP3G5A%3D%3D
Contratos menores;"Servicio de Transporte de Alumnos del Bachillerato de Excelencia (BIE) del I.E.S. ""Los Sauces"" a la Universidad de León)";Dirección Provincial de Educación en Zamora;servicios;Resuelta;EMPRESA VAQUERO, S.L.;3250;https://contrataciondelestado.es/wps/poc?uri=deeplink:detalle_licitacion&idEvl=YiSYBeFQMYyIzo3LHNPGcQ%3D%3D
Contratos menores;Suministro de diverso mobiliario de oficina y de descanso con destino a distintos servicios del Hospital del Oriente de Asturias;Gerencia del Área Sanitaria VI del Servicio de Salud del Principado de Asturias;suministros;Resuelta;CLARIN LIBRERIA Y PAPELERIA SOCIEDAD LIMITADA;3248,3;https://contrataciondelestado.es/wps/poc?uri=deeplink:detalle_licitacion&idEvl=Vhe4ZvJaqmKzz8fXU2i3eQ%3D%3D
Contratos menores;Por suministro de granito para renovación fuente caño plaza España 1.;Alcaldía del Ayuntamiento de Robledo de Chavela;obras;Resuelta;GRANITOS Y MARMOLES RODRIGUEZ E HIJOS SL;3245;https://contrataciondelestado.es/wps/poc?uri=deeplink:detalle_licitacion&idEvl=vmW%2BiRdjnCoZDGvgaZEVxQ%3D%3D
Contratos menores;Centralita telefónica (IA) OlivIA. Adecuación al ENS. Actualización medidas seguridad en servidores Cloud.;Alcaldía del Ayuntamiento de Coín;servicios;Resuelta;JUAN JOSE SANCHEZ BERNAL;3240;https://contrataciondelestado.es/wps/poc?uri=deeplink:detalle_licitacion&idEvl=Rzj31XlJ8Ys36J9Lctlsuw%3D%3D
Contratos menores;Contrato de Servicios de publicaciones científicas en libros, revistas y similares para el proyecto apg/36;Dirección de Gestión de la Fundación Instituto de Investigación Marqués de Valdecilla;servicios;Resuelta;SPRINGER NATURE CUSTOMER SERVICE CENTER GMBH;3205;https://contrataciondelestado.es/wps/poc?uri=deeplink:detalle_licitacion&idEvl=YTnOKm3tvJbIGlsa0Wad%2Bw%3D%3D
Contratos menores;Servicio de asesoramiento para la negociación, elaboración, aprobación y registro del III Plan de Igualdad del Hipódromo de la Zarzuela, S.A., S.M.E.;Presidencia del Consejo de Administración del Hipódromo de la Zarzuela, S.A., S.M.E.;servicios;Resuelta;Grupo Adaptalia Legal Formativo, S.L.;3200;https://contrataciondelestado.es/wps/poc?uri=deeplink:detalle_licitacion&idEvl=%2FnvCzFE88k2FQ%2FlhRK79lA%3D%3D
Contratos menores;Servicio de cuadra de caballos y puyas para la novillada del 5 de septiembre con motivo de las fiestas patronales 2026;Alcaldía del Ayuntamiento de Navacerrada;servicios;Resuelta;ISRAEL DE PEDRO PASTOR;3200;https://contrataciondelestado.es/wps/poc?uri=deeplink:detalle_licitacion&idEvl=T7W%2BQ29YHKw4NavIWzMcHA%3D%3D
Contratos menores;516/26. Aluguer dun escenario polas festas patronais de Portonovo 2026;Presidencia del Organismo Autónomo Terra de Sanxenxo;suministros;Resuelta;Byled Multimedia, S.L.;3200;https://contrataciondelestado.es/wps/poc?uri=deeplink:detalle_licitacion&idEvl=smLsI2Iyx2ceIBJRHQiPkQ%3D%3D
Contratos menores;Servicio de autobús para la realización de actividades acuáticas de los jóvenes del municipio.;Junta de Gobierno del Ayuntamiento de Biar;servicios;Resuelta;María José Martínez Ganga;3190;https://contrataciondelestado.es/wps/poc?uri=deeplink:detalle_licitacion&idEvl=hDlrSbgH7Ro%2B1TMyIiZmzw%3D%3D
Contratos menores;7/26. Adquisición de bancos e percheiros para o campo municipal de Baltar;Presidencia del Organismo Autónomo Terra de Sanxenxo;suministros;Resuelta;Darlim, S.L.U.;3189,62;https://contrataciondelestado.es/wps/poc?uri=deeplink:detalle_licitacion&idEvl=PGObZd61sPeKeVWTb9Scog%3D%3D
Contratos menores;Reparación y sustitución de juegos infantiles en el Parque de Montebello;Alcaldía del Ayuntamiento de Algorfa;obras;Resuelta;Grupo Flama Levante S.L.;3185;https://contrataciondelestado.es/wps/poc?uri=deeplink:detalle_licitacion&idEvl=e9Bnecrhl7xJ8Trn0ZPzLw%3D%3D
Contratos menores;Panel de soporte para la figura del migrante;Alcaldia del Ayuntamiento de Orba;suministros;Resuelta;CESAR PALAZUELOS PASTOR;3175;https://contrataciondelestado.es/wps/poc?uri=deeplink:detalle_licitacion&idEvl=zh9QO1taMMR%2BF6L2uCfUWg%3D%3D
Contratos menores;Equipos informáticos Paem 2026 3ª fase incondicionados;Alcaldía del Ayuntamiento de Parauta;suministros;Resuelta;SERVICIOS DE INTERNET ARUNDANET, S.L;3120,59;https://contrataciondelestado.es/wps/poc?uri=deeplink:detalle_licitacion&idEvl=3nDYgy49tcnI8aL3PRS10Q%3D%3D
Contratos menores;INSTALACIÓN ELÉCTRICA: Instalación de una luminaria de emergencia ATEX y pulsador con sirena aviso persona en bunker. MATERIAL luminaria, caja y material ATEX adecuado para la instalación;Gerencias de los Institutos de la Agencia Estatal Consejo Superior de Investigaciones Científicas;suministros;Resuelta;JUAN CARLOS HERNÁNDEZ MÁRQUEZ;3120;https://contrataciondelestado.es/wps/poc?uri=deeplink:detalle_licitacion&idEvl=uFX7CVIntQn%2B3JAijKO%2Bkg%3D%3D
Contratos menores;Suministro de autosobres;Alcaldía del Ayuntamiento de Benavente;suministros;Resuelta;Trama de Gasllar SL;3071,25;https://contrataciondelestado.es/wps/poc?uri=deeplink:detalle_licitacion&idEvl=sV7jpwrOFxc3vLk2DU2Ddg%3D%3D
Contratos menores;GU. 9.37.02 CRA Sexma de la Sierra - Orea - pavimento de caucho;Delegación Provincial de la Consejería de Educación, Cultura y Deportes en Guadalajara;obras;Resuelta;PROELIUM SPORT & EQUIPMENT, S.L.;3045,12;https://contrataciondelestado.es/wps/poc?uri=deeplink:detalle_licitacion&idEvl=AcM6CviHh9710HRJw8TEnQ%3D%3D
Contratos menores;Suministro de fotos para exposición en la Feria de Nerja 2025;Alcaldía del Ayuntamiento de Nerja;suministros;Resuelta;PRISMA FOTOGRAFIA TIMELIME,S.L.;3038,51;https://contrataciondelestado.es/wps/poc?uri=deeplink:detalle_licitacion&idEvl=SL6VoVr50vGcCF8sV%2BqtYA%3D%3D
Contratos menores;GAPTO Pañales desechable pacientes incontinentes residencias ancianos;Dirección Gerencia de Atención Primaria de Toledo;suministros;Resuelta;PATENTE MÉDICO SANITARIA, S.L.;3001,73;https://contrataciondelestado.es/wps/poc?uri=deeplink:detalle_licitacion&idEvl=UGcNNmIEqrceC9GJQOEBkQ%3D%3D
Contratos menores;Organización de la feria de abril 2026;Alcaldía del Ayuntamiento de Benavente;servicios;Resuelta;IGARKI MOREZUELAS ROYO,;3000;https://contrataciondelestado.es/wps/poc?uri=deeplink:detalle_licitacion&idEvl=sm10wlld2rNeKgd8LfVV9g%3D%3D
Contratos menores;Alquiler de carpa para la celebración del carnaval 2026;Alcaldía del Ayuntamiento de Benavente;servicios;Resuelta;MANDALA PRODUCCIONES ARTISTICAS S.L;3000;https://contrataciondelestado.es/wps/poc?uri=deeplink:detalle_licitacion&idEvl=mk9MdSeihRf5Rey58Yagpg%3D%3D
Contratos menores;Actuación musical Carnaval 2026;Alcaldía del Ayuntamiento de Benavente;servicios;Resuelta;PRODUCCIONES ELECTROMOON SL;3000;https://contrataciondelestado.es/wps/poc?uri=deeplink:detalle_licitacion&idEvl=Dk5kbtrKa3J9PLkba5eRog%3D%3D
Contratos menores;Representación del espectáculo WIN WIN por La Negra en Benetússer (SARC in itinere);Presidencia de la Diputación Provincial de Valencia;privado;Resuelta;LA NEGRA PRODUCE S.L.;3000;https://contrataciondelestado.es/wps/poc?uri=deeplink:detalle_licitacion&idEvl=zS4eWG4cBKF9Zh%2FyRJgM8w%3D%3D
Contratos menores;Espectáculo ecuestre de hípica;Junta de Gobierno Local del Ayuntamiento de Cubillos del Sil;privado;Resuelta;DAVID MIRANTES ARIAS;3000;https://contrataciondelestado.es/wps/poc?uri=deeplink:detalle_licitacion&idEvl=M%2FCIaQmfcNvIGlsa0Wad%2Bw%3D%3D
Contratos menores;Desarrollo del proyecto Quimeras. Festival Literatura 2026;Consejería de Educación de la Junta de Castilla y León;servicios;Resuelta;FUNDACIÓN ACADEMAI DE LAS ARTES, LAS LETRAS Y LAS CIENCIAS DE LEÓN;3000;https://contrataciondelestado.es/wps/poc?uri=deeplink:detalle_licitacion&idEvl=B1krmWBI6xGdkQsA7ROvsg%3D%3D
Contratos menores;servicio de adecuación y mantenimiento de zonas verdes;Alcaldía del Ayuntamiento de Illescas;servicios;Resuelta;PROMOILLESCAS, S.L.;2999;https://contrataciondelestado.es/wps/poc?uri=deeplink:detalle_licitacion&idEvl=gVuAKtJ%2Be8Li0Kd8%2Brcp6w%3D%3D
Contratos menores;Contratación seguridad privada para macro discomóvil día 29 de agosto Fiestas patronales.;Junta de Gobierno Local del Ayuntamiento de Albuixech;servicios;Resuelta;LLODAN SEGURIDAD, S.L.;2998;https://contrataciondelestado.es/wps/poc?uri=deeplink:detalle_licitacion&idEvl=zOMa2%2Baqws3L1rX3q%2FMAPA%3D%3D
Contratos menores;Dotación productos farmaceúticos para el Servicio Veterinario;Alcaldía del Ayuntamiento de Torremolinos;suministros;Resuelta;ERNESTO OLMEDO,, S.L.;2994,25;https://contrataciondelestado.es/wps/poc?uri=deeplink:detalle_licitacion&idEvl=i4vNFqWUHAV%2FP7lJ7Fu0SA%3D%3D
Contratos menores;36/26. Traballos de pintado, arreglos de imperfeccións e deterioros existentes do comedor e o salón de actos do CEIP Cruceiro;Presidencia del Organismo Autónomo Terra de Sanxenxo;obras;Resuelta;Cochón Crespo, Gonzalo;2981,8;https://contrataciondelestado.es/wps/poc?uri=deeplink:detalle_licitacion&idEvl=z7b%2FtfBs2J8adbH3CysQuQ%3D%3D
Contratos menores;Redacción del Plan de Acción para el Clima y la Energía Sostenible (PACES) 2024-2030;Alcaldía del Ayuntamiento de Chodos - Xodos;servicios;Resuelta;Enginy dels Ports;2975,25;https://contrataciondelestado.es/wps/poc?uri=deeplink:detalle_licitacion&idEvl=ZM7zM2ZrJ1jIGlsa0Wad%2Bw%3D%3D
Contratos menores;Servicios de mantenimiento y reparaciones de climatización, aire acondicionado y calefacción;Director Gerente de FREMAP;servicios;Resuelta;BAUM CONTROL INGENIERIA Y SERVICIOS, S.L;2959;https://contrataciondelestado.es/wps/poc?uri=deeplink:detalle_licitacion&idEvl=3ajvMttVhPbkY6rls5tG9A%3D%3D
Contratos menores;Jm963.Suministro De Bebidas Para Fiesta Popular El Dia 6 Y 7 De Junio En Colegio Barriomar 74.Apr.Pleno 18/5/2026;Junta de Gobierno del Ayuntamiento de Murcia;suministros;Resuelta;"PEÑA HUERTANA ""EL CHISQUERO"" DE MURCIA";2955;https://contrataciondelestado.es/wps/poc?uri=deeplink:detalle_licitacion&idEvl=YJSJfHPEfO0wYTJJ03sHog%3D%3D
Contratos menores;Adquisición de trofeos conmemorativos de reconocimiento a la labor de las asociaciones de mayores de La Laguna para el Encuentro Anual de Mayores 2026;Sociedad Municipal de Viviendas y de Servicios de San Cristóbal de La Laguna;suministros;Resuelta;DANIEL AIRAN DELGADO HERNANDEZ;2950,5;https://contrataciondelestado.es/wps/poc?uri=deeplink:detalle_licitacion&idEvl=IWaNqiJ%2FFCGP66GS%2BONYvQ%3D%3D
Contratos menores;Contrato menor concierto Pop Rock Español Plaza Costa del Sol;Alcaldía del Ayuntamiento de Torremolinos;servicios;Resuelta;MARCOS PEREZ ALONSO;2950;https://contrataciondelestado.es/wps/poc?uri=deeplink:detalle_licitacion&idEvl=I6YXEysk2bomMOlAXxDEjw%3D%3D
Contratos menores;Congelador vertical;Comisión Delegada de la Fundación para la Investigación Biomédica del Hospital Universitario Puerta de Hierro - Majadahonda;suministros;Resuelta;PROQUINORTE, S.A.;2936,75;https://contrataciondelestado.es/wps/poc?uri=deeplink:detalle_licitacion&idEvl=gjnw5kR6fLw3vLk2DU2Ddg%3D%3D
Contratos menores;Adquisición de nueva impresora para el Ayuntamiento;Alcaldía del Ayuntamiento de Sella;suministros;Resuelta;GRUPO SOLITIUM SL;2916,64;https://contrataciondelestado.es/wps/poc?uri=deeplink:detalle_licitacion&idEvl=QvuRdYfy2jKExvMJXBMHHQ%3D%3D
Contratos menores;GAPTO Pañales desechable pacientes incontinentes residencias sociosanitarias;Dirección Gerencia de Atención Primaria de Toledo;suministros;Resuelta;Active Medical Disposable, S.A.U.;2902,18;https://contrataciondelestado.es/wps/poc?uri=deeplink:detalle_licitacion&idEvl=WkDqS8jNfh14zIRvjBVCSw%3D%3D
Contratos menores;Inscripción y evaluación de EDAR e instalaciones.;Alcaldía del Ayuntamiento de Jamilena;servicios;Resuelta;INURBI INGENIEROS CONSULTORES SL;2900;https://contrataciondelestado.es/wps/poc?uri=deeplink:detalle_licitacion&idEvl=CgT4a6Y8NJCqb7rCcv76BA%3D%3D
Contratos menores;Contratación con Ana Belén Polo Mariscal de una actuación de la artista Rocío Durán el 31 de octubre en Botija, dentro del programa Ritmo y Cadencia 2026.;Presidencia de la Diputación Provincial de Cáceres;servicios;Resuelta;MARISCAL PRODUCCIONES ARTISTICAS;2892,56;https://contrataciondelestado.es/wps/poc?uri=deeplink:detalle_licitacion&idEvl=BsHfZgi3uvicTfjQf3USOg%3D%3D
Contratos menores;Contrato menor El Mundo Diario de Valladolid campaña de comunicación Residencia Juvenil;Presidencia de la Diputación Provincial de Valladolid;servicios;Resuelta;Editorial Castellana De Impresiones, S.L.;2892,56;https://contrataciondelestado.es/wps/poc?uri=deeplink:detalle_licitacion&idEvl=IGOpROsPs0T9pbnDwlaUlg%3D%3D
Contratos menores;Montaje climatización edificio B completo del colegio.;Alcaldía del Ayuntamiento de Jamilena;suministros;Resuelta;JUAN JOSE JIMENEZ COLMENERO;2884,3;https://contrataciondelestado.es/wps/poc?uri=deeplink:detalle_licitacion&idEvl=%2FyYiPfxaOu9VYjgxA4nMUw%3D%3D
Contratos menores;Honorarios fijos del abogado Solicitud EP n.º 21 746 501.2 (EP 4 189 375) Matriz de transductores Patente;Gerencias de los Institutos de la Agencia Estatal Consejo Superior de Investigaciones Científicas;servicios;Resuelta;HOFFMANN-EITLE S.L.U.;2884,29;https://contrataciondelestado.es/wps/poc?uri=deeplink:detalle_licitacion&idEvl=zScPDY9X5dDyoM4us5k4vw%3D%3D
Contratos menores;El objeto del contrato es la adquisición de tres (3) membranas de cebado destinadas al mantenimiento de los vehículos de intervención del Servicio. Dos de las unidades se instalarán en el vehículo AR-21, debido a la rotura de las membranas actualmente montadas, y la tercera se incorporará al stock de Talleres para atender futuras necesidades de mantenimiento en otros vehículos.;Presidencia de la Diputación Provincial de Cáceres;suministros;Resuelta;INCIPRESA, S.A.U.;2861,67;https://contrataciondelestado.es/wps/poc?uri=deeplink:detalle_licitacion&idEvl=F99jxF7hbJdq1DdmE7eaXg%3D%3D
Contratos menores;Suministros de prótesis con o sin expediente asociado;Director Gerente de FREMAP;suministros;Resuelta;GIBERT ROVIRA, JUAN COL.LEGI FARM.;2840;https://contrataciondelestado.es/wps/poc?uri=deeplink:detalle_licitacion&idEvl=n%2B4BvjewGF3I8aL3PRS10Q%3D%3D
Contratos menores;Diseño e impresión de 3.000 folletos ecosostenible de papel reciclado. Subvenciona costa blanca promoción turística 2026;Alcaldía del Ayuntamiento de Algorfa;suministros;Resuelta;ELOY RODRIGUEZ ZAMORA;2840;https://contrataciondelestado.es/wps/poc?uri=deeplink:detalle_licitacion&idEvl=IAqvxyTXzSF70UvEyYJSGw%3D%3D
Contratos menores;Dar a conocer a los ciudadanos las actividades de promoción, formación, asesoramiento y certificación de las competencias digitales, en el marco del Programa CyL Digital;Consejería de Movilidad, Transformación Digital e Inteligencia Artificial de la Junta de Castilla y León;servicios;Resuelta;UNIPREX, S.A.U.;2835,75;https://contrataciondelestado.es/wps/poc?uri=deeplink:detalle_licitacion&idEvl=FYzzIJigjau2gkLQ8TeYKA%3D%3D
Contratos menores;Sustitución e instalación de equipo de medida del nivel de Cloro transmisor Liquiline CM442 para planta de agua desionizada de la sala Blanca IMB;Gerencias de los Institutos de la Agencia Estatal Consejo Superior de Investigaciones Científicas;suministros;Resuelta;ENDRESS Y HAUSER, S.A.U;2832,75;https://contrataciondelestado.es/wps/poc?uri=deeplink:detalle_licitacion&idEvl=801VV2XtdR0IYE3ZiZ%2BxmQ%3D%3D
Contratos menores;SSCC.EN/218/26 Seguimiento y evaluación de las poblaciones de cerceta pardilla, focha moruna, malvasía cabeciblanca y porrón pardo en el marco de los censos coordinados nacionales.;Dirección General de Medio Natural y Biodiversidad de la Junta de Comunidades de Castilla-La Mancha;servicios;Resuelta;CONSULTORES EN BIOLOGÍA DE LA CONSERVACIÓN, S.L.;2830;https://contrataciondelestado.es/wps/poc?uri=deeplink:detalle_licitacion&idEvl=ZKvT9S9mk8J%2BF6L2uCfUWg%3D%3D
Contratos menores;Adquisición de 2 unidades de desfibriladores para salvamento de playas;Alcaldía del Ayuntamiento de Ortigueira;suministros;Resuelta;TECHNOLOGY 2050 S.L,;2828,05;https://contrataciondelestado.es/wps/poc?uri=deeplink:detalle_licitacion&idEvl=7m%2FoHy7f08nN3k3tjedSGw%3D%3D
Contratos menores;GAPTO Pañales desechable pacientes incontinentes residencias sociosanitarias;Dirección Gerencia de Atención Primaria de Toledo;suministros;Resuelta;PATENTE MÉDICO SANITARIA, S.L.;2818,76;https://contrataciondelestado.es/wps/poc?uri=deeplink:detalle_licitacion&idEvl=YSK02EkU2xyKeVWTb9Scog%3D%3D
Contratos menores;Repar. eléctricas en Ed. Archivo Provincial del Complejo Cultural San Francisco: reparaciones en líneas eléctricas, comprobaciones en conexiones generales y montaje de elementos de corte y protección eléctrica en edificios de Archivo Provincial en Complejo Cultural San Francisco;Presidencia de la Diputación Provincial de Cáceres;servicios;Resuelta;ÓSCAR TÉLLEZ;2800;https://contrataciondelestado.es/wps/poc?uri=deeplink:detalle_licitacion&idEvl=0YtIfeA4SqPjHF5qKI4aaw%3D%3D
Contratos menores;Contrato de Servicio para montaje y desmontaje de 2 portadas en la Plaza Mayor.;Alcaldía del Ayuntamiento de Tordesillas;servicios;Resuelta;MUEBLES RODRIGUEZ MARTIN SL;2800;https://contrataciondelestado.es/wps/poc?uri=deeplink:detalle_licitacion&idEvl=1Z%2B9h5IBCaSExvMJXBMHHQ%3D%3D
Contratos menores;Servicio de veterinario (inspección, entrada y salida de animales, verificación de la condición de los mismos, gestión de las guías en caso de necesitarlos9 para la Muestra Ganadera 2026;Alcaldía del Ayuntamiento de Coín;servicios;Resuelta;IVAN LOPEZ CUEVAS;2800;https://contrataciondelestado.es/wps/poc?uri=deeplink:detalle_licitacion&idEvl=s2%2BvRlMUgGwzjChw4z%2FXvw%3D%3D
Contratos menores;Campañas publicitarias septiembre a diciembre 2026;Alcaldía del Ayuntamiento de Simancas;servicios;Resuelta;Tribuna Contenidos Digitales, S.L.U.;2800;https://contrataciondelestado.es/wps/poc?uri=deeplink:detalle_licitacion&idEvl=qe2lZuLKY1E%2Bk2oCbDosIw%3D%3D
Contratos menores;"Servicios audiovisuales para la grabación y edición de videocurriculums en los centros de formación del sexpe en Cáceres y Don Benito, dentro del programa ""Dale al play"" organizado por el COE";Servicio Extremeño Público de Empleo (SEXPE);servicios;Resuelta;JUAN PEDRO CARRILLO VARGAS;2800;https://contrataciondelestado.es/wps/poc?uri=deeplink:detalle_licitacion&idEvl=7R19RMsdZdKIzo3LHNPGcQ%3D%3D
Contratos menores;Contratación parque infantil, fiesta de la espuma y encierro infantil, 15 de septiembre, Fiestas El Cristo 2026;Alcaldía del Ayuntamiento de Peraleda de la Mata;servicios;Resuelta;ESPECTÁCULOS Y EVENTOS RUBÉN CARLOS, S.L.;2800;https://contrataciondelestado.es/wps/poc?uri=deeplink:detalle_licitacion&idEvl=MR7%2BMQWZdy19PLkba5eRog%3D%3D
Contratos menores;Contrato menor 323/2026. Camisetas manga corta evo podium evento deportivo.;Alcaldía del Ayuntamiento de Serón;suministros;Resuelta;CONFECCIONES SELINAC S.L.;2784,6;https://contrataciondelestado.es/wps/poc?uri=deeplink:detalle_licitacion&idEvl=dhG%2Fzr%2BXdfl6nTs9LZ9RhQ%3D%3D
Contratos menores;Adquisición de 14 cubos LED rotulados retroiluminados de diferentes medidas (50 cm, 38 cm y 30 cm) para eventos promocionales de Tierra de Sabor.;Instituto Tecnológico Agrario de Castilla y León;suministros;Resuelta;INTELIGENCIA DE MEDIOS CON IMAGEN APLICADA SL;2770;https://contrataciondelestado.es/wps/poc?uri=deeplink:detalle_licitacion&idEvl=VC%2FxIRuccgXyoM4us5k4vw%3D%3D
Contratos menores;malla antihierbas para jardin rotonda cosmos toral de los vados;Alcaldia del Ayuntamiento de Toral de los Vados;suministros;Resuelta;comercial projar sa;2761,41;https://contrataciondelestado.es/wps/poc?uri=deeplink:detalle_licitacion&idEvl=MyFubyuq0PN%2FP7lJ7Fu0SA%3D%3D
Contratos menores;Prevención de riesgos laborales en el trabajo y reconocimientos médicos;Alcaldía del Ayuntamiento de Gualchos;servicios;Resuelta;QUIRON PREVENCION, SL;2760;https://contrataciondelestado.es/wps/poc?uri=deeplink:detalle_licitacion&idEvl=YMrhPRlGFxQ4NavIWzMcHA%3D%3D
Contratos menores;Control de Calidad en la construcción de 2 VPP en Albalá (Cáceres);Consejería de Infraestructuras, Transporte y Vivienda;servicios;Resuelta;SONITU CONSULTORIA Y SERVICIOS,;2756,32;https://contrataciondelestado.es/wps/poc?uri=deeplink:detalle_licitacion&idEvl=jbOGHZnE1%2FDL1rX3q%2FMAPA%3D%3D
Contratos menores;Actuación de Pau Alabajos;Alcaldía de la EATIM de Jesús Pobre;servicios;Resuelta;Pau Alabajos Ferrer;2750;https://contrataciondelestado.es/wps/poc?uri=deeplink:detalle_licitacion&idEvl=iVSgaLpW6%2Fs7%2B9FIQYNjeQ%3D%3D
Contratos menores;"Aprobar el gasto y reconocer la obligación del contrato menor de suministros ""Adquisición repuestos y reparación Caterpillar 428 del Área de Carreteras""";Presidencia del Cabildo Insular de El Hierro;suministros;Resuelta;Anteza Automoción, S.L;2735,72;https://contrataciondelestado.es/wps/poc?uri=deeplink:detalle_licitacion&idEvl=sJpqvV%2BadZuIzo3LHNPGcQ%3D%3D
Contratos menores;Instal.lació elèctrica i de dades per a dues aules modulars al CEIP S,Auba, T.M. Capdepera;Instituto Balear de Infraestructuras y Servicios Educativos (IBISEC);obras;Resuelta;CAPTEL INSTAL·LACIONS & PROJECTES SL;2710,63;https://contrataciondelestado.es/wps/poc?uri=deeplink:detalle_licitacion&idEvl=OTxYKtY0fjnmnwcj%2BxbdTg%3D%3D
Contratos menores;Adquisición de trece licencias de uso de ChatGPT, por un período de un año, destinadas a subdirectores y personal de niveles superiores del Hipódromo de la Zarzuela, S.A., S.M.E.,;Presidencia del Consejo de Administración del Hipódromo de la Zarzuela, S.A., S.M.E.;suministros;Resuelta;OpenAI Ireland Limited;2708,16;https://contrataciondelestado.es/wps/poc?uri=deeplink:detalle_licitacion&idEvl=RRq%2F1qUPqgycCF8sV%2BqtYA%3D%3D
Contratos menores;Alojamiento para el curso 2026agr021;Consejería de la Presidencia de la Junta de Castilla y León;servicios;Resuelta;PROMOTORES DE EMPRESAS HOTELERAS, S.A.;2700;https://contrataciondelestado.es/wps/poc?uri=deeplink:detalle_licitacion&idEvl=S4IiBiFFWiJ9Zh%2FyRJgM8w%3D%3D
Contratos menores;"Discomovida Star Night; Virgen del Arrabal 2026";Alcaldía del Ayuntamiento de Simancas;privado;Resuelta;MANDALA PRODUCCIONES ARTÍSTICAS, S.L.;2700;https://contrataciondelestado.es/wps/poc?uri=deeplink:detalle_licitacion&idEvl=KpKvryNyA98IYE3ZiZ%2BxmQ%3D%3D
Contratos menores;Pto por los servicios veterinarios previstos en los espectáculos taurinos que se celebrarán en la plaza de toros del municipio de Quijorna, con motivo de las Fiestas Patronales. (Pto 223/2026).;Alcaldía del Ayuntamiento de Quijorna;servicios;Resuelta;COLEGIO OFICIAL DE VETERINARIOS DE MADRID;2685,8;https://contrataciondelestado.es/wps/poc?uri=deeplink:detalle_licitacion&idEvl=XtFdcdwZzp0%2FbjW6njtWLw%3D%3D
Contratos menores;El objeto de este contrato es el suministro de 36 relojes modelo smartwatch para obsequiar a los trabajadores que se han jubilado en el último año, con motivo de la festividad de San Pedro de Alcántara, patrón de la Institución y de la Provincia;Presidencia de la Diputación Provincial de Cáceres;suministros;Resuelta;JOYERÍA GRACOR S.L.;2678,18;https://contrataciondelestado.es/wps/poc?uri=deeplink:detalle_licitacion&idEvl=Ahm%2FPAuX6u8adbH3CysQuQ%3D%3D
Contratos menores;Contrato menor de servicios de naturaleza privada para realización de Gala Lírica del V Aniversario del Festival El Argar Musical;Alcaldía del Ayuntamiento de Cuevas del Almanzora;privado;Resuelta;ASOCIACIÓN EL ARGAR MUSICAL;2677,69;https://contrataciondelestado.es/wps/poc?uri=deeplink:detalle_licitacion&idEvl=3iR5pmOlUupxseVhcqrkhw%3D%3D
Contratos menores;GAPTO Pañales desechable pacientes incontinentes residencias sociosanitarias;Dirección Gerencia de Atención Primaria de Toledo;suministros;Resuelta;LABORATORIOS INDAS, S.A.U.;2660,07;https://contrataciondelestado.es/wps/poc?uri=deeplink:detalle_licitacion&idEvl=47KXQy1psiusNfRW6APEDw%3D%3D
Contratos menores;GAPTO Pañales desechable pacientes incontinentes residencias sociosanitarias;Dirección Gerencia de Atención Primaria de Toledo;suministros;Resuelta;Active Medical Disposable, S.A.U.;2657,21;https://contrataciondelestado.es/wps/poc?uri=deeplink:detalle_licitacion&idEvl=7JwhdHvIHkTzAq95uGTrDQ%3D%3D
Contratos menores;Contrato suministro de vasos y pulseras para fiestas patronales 2026;Junta de Gobierno Local del Ayuntamiento de Albuixech;suministros;Resuelta;JOSEP MARTINEZ PERIS;2625;https://contrataciondelestado.es/wps/poc?uri=deeplink:detalle_licitacion&idEvl=Rtrw2kf9abskJPJS%2BPS9vg%3D%3D
Contratos menores;Jm963.Servicio De Paella Gigante, Platos De Embutido Y Bizcocho Para Fiesta Popular 7 Junio Barriomar.Apr.Pleno 18/5/26;Junta de Gobierno del Ayuntamiento de Murcia;suministros;Resuelta;SANCHEZ CARMONA JUAN CRISTOBAL;2600;https://contrataciondelestado.es/wps/poc?uri=deeplink:detalle_licitacion&idEvl=WhwXK0yn9fsl5NjlNci%2BtA%3D%3D
Contratos menores;Suministro de TRES (3) Básculas digitales con tallímetro y UN (1) Carro de Lencería Hospitalaria de cuatro baldas y dos bolsas, con destino a los servicios de Radiología, Nefrología, Cardiología y Planta 1 de Hospitalización respectivamente del HOA;Gerencia del Área Sanitaria VI del Servicio de Salud del Principado de Asturias;suministros;Resuelta;SALVADOR NAVARRO;2592,88;https://contrataciondelestado.es/wps/poc?uri=deeplink:detalle_licitacion&idEvl=FrcCCTObCu%2FXOjazN1Dw9Q%3D%3D
Contratos menores;GAPTO Pañales desechable pacientes incontinentes residencias sociosanitarias;Dirección Gerencia de Atención Primaria de Toledo;suministros;Resuelta;LABORATORIOS INDAS, S.A.U.;2507,41;https://contrataciondelestado.es/wps/poc?uri=deeplink:detalle_licitacion&idEvl=v6kd%2F0bmHJEUqXM96WStVA%3D%3D
Contratos menores;Por actuación The rockets Blues Band en Robledo de Chavela.;Alcaldía del Ayuntamiento de Robledo de Chavela;servicios;Resuelta;QUINTESSENCE METAL CLUB;2500;https://contrataciondelestado.es/wps/poc?uri=deeplink:detalle_licitacion&idEvl=MrwsNbd6oPWkU02jNGj1Fw%3D%3D
Contratos menores;Contratación con Ana Belén Polo Mariscal de una actuación de la artista Tamara Alegre el 31 de octubre en Zarza de Montánchez dentro del programa Ritmo y Cadencia 2026.;Presidencia de la Diputación Provincial de Cáceres;servicios;Resuelta;MARISCAL PRODUCCIONES ARTISTICAS;2500;https://contrataciondelestado.es/wps/poc?uri=deeplink:detalle_licitacion&idEvl=Qpf1oheFc9q9Hd5zqvq9cg%3D%3D
Contratos menores;Espectáculo Teatro Alkázar Luces, magia y acción;Junta de Gobierno Local del Ayuntamiento de Plasencia;privado;Resuelta;SERGIO BARQUILLA RODRÍGUEZ;2500;https://contrataciondelestado.es/wps/poc?uri=deeplink:detalle_licitacion&idEvl=Zn12hEajUtAwYTJJ03sHog%3D%3D
Contratos menores;516/26. Actuación musical da banda de música de Redondela polas festas patronais de Portonovo;Presidencia del Organismo Autónomo Terra de Sanxenxo;servicios;Resuelta;Banda de Música de Redondela;2500;https://contrataciondelestado.es/wps/poc?uri=deeplink:detalle_licitacion&idEvl=05%2BYnFa%2F4W036J9Lctlsuw%3D%3D
Contratos menores;516/26. Contratación de alboradas para as festas patronais de Portonovo 2026;Presidencia del Organismo Autónomo Terra de Sanxenxo;servicios;Resuelta;Asociación Cultural Lembranzas;2500;https://contrataciondelestado.es/wps/poc?uri=deeplink:detalle_licitacion&idEvl=jHhfZLguPhaKeVWTb9Scog%3D%3D
Contratos menores;512/26. Traballos de instalación de climatización do comedor da Escola Infantil Municipal O Revel;Presidencia del Organismo Autónomo Terra de Sanxenxo;obras;Resuelta;Climatizaciones Neto, S.L.U.;2490;https://contrataciondelestado.es/wps/poc?uri=deeplink:detalle_licitacion&idEvl=ZYnYIkXuBicZDGvgaZEVxQ%3D%3D
Contratos menores;Contrato menor 294/2026. Suministro mostrador frío mesa de refrigeración.;Alcaldía del Ayuntamiento de Serón;suministros;Resuelta;REFRIGERACION FERNANDEZ S L;2482,85;https://contrataciondelestado.es/wps/poc?uri=deeplink:detalle_licitacion&idEvl=aldmzsofmik7u6%2B%2FR7DUoA%3D%3D
Contratos menores;Diseño e impresión del Libro de las Fiestas Patronales 2026;Alcaldía del Ayuntamiento de Daya Vieja;servicios;Resuelta;MARTA RUIZ HERNANDEZ;2480;https://contrataciondelestado.es/wps/poc?uri=deeplink:detalle_licitacion&idEvl=EEq2v7oG68dq1DdmE7eaXg%3D%3D
Contratos menores;Suministro de una rampa de filtración y dos bombas de vacío de membrana;Gerencias de los Institutos de la Agencia Estatal Consejo Superior de Investigaciones Científicas;suministros;Resuelta;DISMED, S.A.;2479,77;https://contrataciondelestado.es/wps/poc?uri=deeplink:detalle_licitacion&idEvl=gfLiUFZZEU8IYE3ZiZ%2BxmQ%3D%3D
Contratos menores;Contrato patrocinio titereje 2026 (55/2026/01);Consejo Rector de la Fundación Provincial de Cultura;privado;Resuelta;LA GOTERA S C;2479,34;https://contrataciondelestado.es/wps/poc?uri=deeplink:detalle_licitacion&idEvl=K6ovkBt36VItm4eBPtV6eQ%3D%3D
Contratos menores;Reparación del cami del pou de simó;Alcaldía de la EATIM de Jesús Pobre;obras;Resuelta;GLOBAL SCAFF, S.L;2479,34;https://contrataciondelestado.es/wps/poc?uri=deeplink:detalle_licitacion&idEvl=wpoRSmWoRoEl5NjlNci%2BtA%3D%3D
Contratos menores;Servicio de sonorización para diferentes eventos programados con motivo de las Fiestas de la Vendimia y el Vino 2026;Alcaldía del Ayuntamiento de Valdepeñas;servicios;Resuelta;DEMETRIO PIÑA ABELLAN;2479,34;https://contrataciondelestado.es/wps/poc?uri=deeplink:detalle_licitacion&idEvl=k%2B7fn5uJU5eHCIsjvJ3rhQ%3D%3D
Contratos menores;Mejora de los caminales del huerto urbano. Línea 6 Desarrollo económico 2026;Alcaldía del Ayuntamiento de Algorfa;obras;Resuelta;PRESERBOL S.L.;2479,34;https://contrataciondelestado.es/wps/poc?uri=deeplink:detalle_licitacion&idEvl=8JHSb6FBLpYIYE3ZiZ%2BxmQ%3D%3D
Contratos menores;Adquisición de vitrina;Alcaldia del Ayuntamiento de Orba;suministros;Resuelta;LAIPA PAPER I PLOMA S.L.U.;2479,12;https://contrataciondelestado.es/wps/poc?uri=deeplink:detalle_licitacion&idEvl=T1md4JR47SrgL1BHd3qjQA%3D%3D
Contratos menores;"""legalización de trabajos en baja tensión ante los organismos correspondientes de las conexiones referentes a las Fiestas del Barrio de Santiago y de la Feria de Septiembre""";Alcaldía del Ayuntamiento de Olula del Río;servicios;Resuelta;SOLUCIONES ENERGETICAS ALMERIA SL;2475;https://contrataciondelestado.es/wps/poc?uri=deeplink:detalle_licitacion&idEvl=IutUBRuVcLWqb7rCcv76BA%3D%3D
Contratos menores;Segunda retirada y colocación de lonas publicitarias con motivo del evento PREMIER PADEL ANDALUCÍA MÁLAGA P1 2026;Gerencia de Málaga Deportes y Eventos S.A.M.;servicios;Resuelta;Showbiz Producciones, S.L.;2470;https://contrataciondelestado.es/wps/poc?uri=deeplink:detalle_licitacion&idEvl=dje26hAMs%2BNxseVhcqrkhw%3D%3D
Contratos menores;IES Félix Rodríguez de la Fuente (Burgos): Contrato de servicios para la asistencia técnica de Dirección Facultativa y Coordinación de Seguridad y Salud de las obras de instalación de ascensor;Dirección Provincial de Educación en Burgos;servicios;Resuelta;RAQUEL GORRIZ MARTIN;2470;https://contrataciondelestado.es/wps/poc?uri=deeplink:detalle_licitacion&idEvl=KOxGkkObVqs3vLk2DU2Ddg%3D%3D
Contratos menores;Servicio para el tratamiento foliar para combatir Barrenillo y Procesionaria del pino en diferentes calles, viales y zonas verdes del municipio;Alcaldía del Ayuntamiento de Torremolinos;servicios;Resuelta;FITOSANITARIOS ALCANTARA, S.L.;2463,16;https://contrataciondelestado.es/wps/poc?uri=deeplink:detalle_licitacion&idEvl=wHVXkaYyeZKKeVWTb9Scog%3D%3D
Contratos menores;contratación de evento jornada de Bádminton en el Puerto (u otro lugar por determinar) y jornadas de tecnificación metodológica en Institutos;Presidencia del Patronato Municipal de Deportes del Ayuntamiento de Almería;servicios;Resuelta;FEDERACION ANDALUZA DE BADMINTON;2420;https://contrataciondelestado.es/wps/poc?uri=deeplink:detalle_licitacion&idEvl=%2BgkUm0gEKR8kJPJS%2BPS9vg%3D%3D
Contratos menores;Impresión del libro de riuralogia nº 14;Alcaldía de la EATIM de Jesús Pobre;suministros;Resuelta;Castellon Digital, S.L.;2403,85;https://contrataciondelestado.es/wps/poc?uri=deeplink:detalle_licitacion&idEvl=Vhe4ZvJaqmJ9Zh%2FyRJgM8w%3D%3D
Contratos menores;Organización gala coronación Veguilla;Alcaldía del Ayuntamiento de Benavente;servicios;Resuelta;CYSPRO MEDIA SA;2400;https://contrataciondelestado.es/wps/poc?uri=deeplink:detalle_licitacion&idEvl=%2BRipQQVxN%2BLLIx6q1oPaMg%3D%3D
Contratos menores;Alugueiro, montaxe e desmonte de Carpa para as actividades da Olimpíadas rurais, escenario e químicos.;Alcaldía del Ayuntamiento de Ortigueira;suministros;Resuelta;ESPECTACULOS JPG S.L;2400;https://contrataciondelestado.es/wps/poc?uri=deeplink:detalle_licitacion&idEvl=nx44jvezI8A3vLk2DU2Ddg%3D%3D
Contratos menores;Alquiler de vehículo todo terreno (tipo pick up) para trabajos de mantenimiento.;Alcaldia del Ayuntamiento de Conil de la Frontera;suministros;Resuelta;AUTOS IGLESIAS SL;2400;https://contrataciondelestado.es/wps/poc?uri=deeplink:detalle_licitacion&idEvl=tnI%2FaTyUQZUtm4eBPtV6eQ%3D%3D
Contratos menores;Contrato menor 333/2026. Productos limpieza.;Alcaldía del Ayuntamiento de Serón;suministros;Resuelta;QUIMICOS CASTAÑO S.L.;2395,57;https://contrataciondelestado.es/wps/poc?uri=deeplink:detalle_licitacion&idEvl=R9T3cuqRP4Tmnwcj%2BxbdTg%3D%3D
Contratos menores;Realizar trabajos de reparación y recuperación de las puertas de hierro forjado de la entrada y fachada de la Casa Consistorial.;Alcaldía del Ayuntamiento de Becerril de Campos (Palencia);obras;Resuelta;ANGEL DAVID ALONSO VILLA;2390;https://contrataciondelestado.es/wps/poc?uri=deeplink:detalle_licitacion&idEvl=Q75TZS0qBGXI8aL3PRS10Q%3D%3D
Contratos menores;Servicio Clases de Tauromaquia;Junta de Gobierno local del Ayuntamiento de Villalbilla;servicios;Resuelta;MARTA SANCHEZ ESCALONILLA ZAPARDIEL;2388,92;https://contrataciondelestado.es/wps/poc?uri=deeplink:detalle_licitacion&idEvl=qojhEw6%2FpIc2wEhQbcAqug%3D%3D
Contratos menores;Adquisición Bombas Cuenta litros Aljibes;Jefatura de Intendencia de Asuntos Económicos Oeste;suministros;Resuelta;Comercial Ulsa S.A.;2388;https://contrataciondelestado.es/wps/poc?uri=deeplink:detalle_licitacion&idEvl=%2FpqdhFx%2BOgvgL1BHd3qjQA%3D%3D
Contratos menores;Comisión de Servicios de D. Miguel García Oramas, D. Héctor Lite Mora y D. David Pérez Rodríguez a Madrid del 2 al 4 de junio del 2026, acompañando al Sr. Consejero Insular del Área D. Juan José Martínez Díaz;Consejería Insular de Investigación, Innovación y Desarrollo del Cabildo Insular de Tenerife;servicios;Resuelta;VIAJES 5 OCEANOS CANARIAS S.L.;2385,29;https://contrataciondelestado.es/wps/poc?uri=deeplink:detalle_licitacion&idEvl=EDmY0SEuJX8kJPJS%2BPS9vg%3D%3D
Contratos menores;Ampliación alquiler de vehículo de representación para la Autoridad Portuaria;Presidencia de la Autoridad Portuaria de Ferrol San Cibrao;suministros;Resuelta;EMPRESA MONFORTE;2382,94;https://contrataciondelestado.es/wps/poc?uri=deeplink:detalle_licitacion&idEvl=8VFAfOCbDnuLAncw3qdZkA%3D%3D
Contratos menores;Suministro de piezas para mantenimiento correctivo del sistema de climatización del Salón de la Casa de las Artes;Alcaldia Ayuntamiento San Juan de Aznalfarache;suministros;Resuelta;INGENIERIA GESTION ENERGETICA Y ESTUDIO DE OBRAS SL;2380,95;https://contrataciondelestado.es/wps/poc?uri=deeplink:detalle_licitacion&idEvl=BX77LK1szk8UqXM96WStVA%3D%3D
Contratos menores;584/26. Compra de material de limpeza para os centros culturais do concello;Presidencia del Organismo Autónomo Terra de Sanxenxo;suministros;Resuelta;Darlim, S.L.U.;2376,92;https://contrataciondelestado.es/wps/poc?uri=deeplink:detalle_licitacion&idEvl=sKr4D1CTkwPL1rX3q%2FMAPA%3D%3D
Contratos menores;"Póliza Seguro de Accidentes ""Programa Voluntariado municipal 2026-2027""";Concejalías Delegadas del Ayuntamiento de Alcobendas;servicios;Resuelta;WR BERKLEY EUROPE AG SUCURSAL EN ESPAÑA;2370,92;https://contrataciondelestado.es/wps/poc?uri=deeplink:detalle_licitacion&idEvl=VUnsWVp2aEFWhbmkna2nXQ%3D%3D
Contratos menores;Adquisición de mesas, armarios, cajoneras y sillas para el Centro Social de Agost, por subvención concedida desde Diputación de Alicante.;Alcaldía del Ayuntamiento de Agost;suministros;Resuelta;INFOELX DISTRIBUCIONES, SL;2357;https://contrataciondelestado.es/wps/poc?uri=deeplink:detalle_licitacion&idEvl=JfcIa2H8idsS7pcxhTeWOg%3D%3D
Contratos menores;GAPTO Pañales desechable pacientes incontinentes residencias sociosanitarias;Dirección Gerencia de Atención Primaria de Toledo;suministros;Resuelta;LABORATORIOS INDAS, S.A.U.;2340;https://contrataciondelestado.es/wps/poc?uri=deeplink:detalle_licitacion&idEvl=VX64sC2dIqd%2FP7lJ7Fu0SA%3D%3D
Contratos menores;Contrato Menor Servicio realización Ciclo Formativo Prevención y Detección Violencias Machistas;Alcaldía del Ayuntamiento de Isla Mayor;servicios;Resuelta;FUNDACIÓN INICIATIVA SOCIAL;2310,5;https://contrataciondelestado.es/wps/poc?uri=deeplink:detalle_licitacion&idEvl=2WvN2EfP47k%2B1TMyIiZmzw%3D%3D
Contratos menores;516/26. Animación musical nas festas patronais de Portonovo 2026;Presidencia del Organismo Autónomo Terra de Sanxenxo;servicios;Resuelta;Cubela Boullosa, Pablo;2300;https://contrataciondelestado.es/wps/poc?uri=deeplink:detalle_licitacion&idEvl=XBtFNrF62lRPpzdqOdhuWg%3D%3D
Contratos menores;Control de palomas 2026;Alcaldía del Ayuntamiento de Simancas;servicios;Resuelta;Monumenta Conservaciones, S.L.;2300;https://contrataciondelestado.es/wps/poc?uri=deeplink:detalle_licitacion&idEvl=Eet%2FdzuA8a2KeVWTb9Scog%3D%3D
Contratos menores;Contrato privado espectáculo “VOILÀ” el 14 de noviembre, con motivo de la programación cultural programada por el Ayuntamiento de Benigánim;Alcaldía del Ayuntamiento de Benigànim;privado;Resuelta;JM GESTIÓN TEATRAL S.L.;2300;https://contrataciondelestado.es/wps/poc?uri=deeplink:detalle_licitacion&idEvl=O%2FwA3FEswf7i0Kd8%2Brcp6w%3D%3D
Contratos menores;Contrato Menor Sumistro de Libros Concurso María Moliner;Alcaldía del Ayuntamiento de Isla Mayor;suministros;Resuelta;COMERCIAL MUÑOZ LIBROS, S.L.;2295,68;https://contrataciondelestado.es/wps/poc?uri=deeplink:detalle_licitacion&idEvl=rPHbXmVv6e22gkLQ8TeYKA%3D%3D
Contratos menores;Suministro de placas escudo ayuntamiento para la vía publica;Junta de Gobierno del Ayuntamiento de Fuengirola;suministros;Resuelta;Alumadhi S.L;2295;https://contrataciondelestado.es/wps/poc?uri=deeplink:detalle_licitacion&idEvl=d8S2FVp4HnQ7%2B9FIQYNjeQ%3D%3D
Contratos menores;Suministro de Un Sillón de paciente con portasueros y un carro de curas 3 estantes acero inoxidable, con destino a la Consulta de Digestivo del HOA;Gerencia del Área Sanitaria VI del Servicio de Salud del Principado de Asturias;suministros;Resuelta;SUMINISTROS MEDICO QUIRURGICOS SA;2284;https://contrataciondelestado.es/wps/poc?uri=deeplink:detalle_licitacion&idEvl=N59TfvRUfVHLIx6q1oPaMg%3D%3D
Contratos menores;Obra en el CEIP Campo de los Judíos de Ponferrada (León): Reparación en cubierta.;Dirección Provincial de Educación en León;obras;Resuelta;CONSTRUCCIONES LÓPEZ ÁLVAREZ S.L.U.;2272,73;https://contrataciondelestado.es/wps/poc?uri=deeplink:detalle_licitacion&idEvl=rVKb6MMLLKmHCIsjvJ3rhQ%3D%3D
Contratos menores;Pistachos ecológicos. Día internacional de la Mujer Rural 2026.;Dirección del Instituto de la Mujer de Castilla-La Mancha;suministros;Resuelta;COLLADO JIMENEZ, MARIA GEMA;2261,82;https://contrataciondelestado.es/wps/poc?uri=deeplink:detalle_licitacion&idEvl=cpc37qx3uhoS7pcxhTeWOg%3D%3D
Contratos menores;GAPTO Pañales desechable pacientes incontinentes residencias sociosanitarias;Dirección Gerencia de Atención Primaria de Toledo;suministros;Resuelta;PATENTE MÉDICO SANITARIA, S.L.;2256,84;https://contrataciondelestado.es/wps/poc?uri=deeplink:detalle_licitacion&idEvl=L3F1WbSZv8x4zIRvjBVCSw%3D%3D
Contratos menores;Comisión de Servicios de D. Miguel García Oramas, D. Héctor Lite Mora, D. Alfonso Padrón Suárez y D. David Pérez Rodríguez a Málaga del 23 al 26 de febrero del 2026, acompañando al Sr. Consejero Insular del Área D Juan José Martínez Díaz;Consejería Insular de Investigación, Innovación y Desarrollo del Cabildo Insular de Tenerife;servicios;Resuelta;VIAJES 5 OCEANOS CANARIAS S.L.;2255,36;https://contrataciondelestado.es/wps/poc?uri=deeplink:detalle_licitacion&idEvl=0J1sXBcB4CEaF6cS8TCh%2FA%3D%3D
Contratos menores;Elaboración e implantación de plans de protección civil para o risco de incendios forestais;Alcaldía del Ayuntamiento de Palas de Rei;servicios;Resuelta;VERONICA PRIETO VIGO;2250;https://contrataciondelestado.es/wps/poc?uri=deeplink:detalle_licitacion&idEvl=tLwP2VzdUFWIzo3LHNPGcQ%3D%3D
Contratos menores;contrato docente art. 310 LCSP cursos capacitacion oficiales Policia Local-gestion personal y recursos humanos;Junta de Gobierno del Ayuntamiento de Almería;servicios;Resuelta;CARMEN MARIA SALVADOR FERRER;2250;https://contrataciondelestado.es/wps/poc?uri=deeplink:detalle_licitacion&idEvl=0WOpKBMSM3aHCIsjvJ3rhQ%3D%3D
Contratos menores;Contrato menor de suministro para la adquisición de rodapié para el Centro de Acogida de Emergencia de Campaña contra el Frío de Villa de Vallecas;Área de Gobierno de Políticas Sociales, Familia e Igualdad del Ayuntamiento de Madrid;suministros;Resuelta;I MAS D MOBILIARIO Y PLANIFICACION , S.A.;2212;https://contrataciondelestado.es/wps/poc?uri=deeplink:detalle_licitacion&idEvl=anlRVG5XY6AUqXM96WStVA%3D%3D
Contratos menores;Limpieza extraordinaria de la vía pública después de las fiestas de Agosto 2026;Alcaldia del Ayuntamiento de Orba;servicios;Resuelta;FOBESA MEDIOAMBIENTE, S.L.U.;2208,8;https://contrataciondelestado.es/wps/poc?uri=deeplink:detalle_licitacion&idEvl=livWg0PxC6Q7%2B9FIQYNjeQ%3D%3D
Contratos menores;GAPTO Pañales desechable pacientes incontinentes residencias sociosanitarias;Dirección Gerencia de Atención Primaria de Toledo;suministros;Resuelta;LABORATORIOS INDAS, S.A.U.;2204,06;https://contrataciondelestado.es/wps/poc?uri=deeplink:detalle_licitacion&idEvl=aPopSG%2FBkmyExvMJXBMHHQ%3D%3D
Contratos menores;Desbroce de cañas en los caminos de los Molinos y Las Charcas.;Alcaldía del Ayuntamiento de Moguer;servicios;Resuelta;JOSE MORENO RODRIGUEZ;2200;https://contrataciondelestado.es/wps/poc?uri=deeplink:detalle_licitacion&idEvl=LE1pDtjgnGjzAq95uGTrDQ%3D%3D
Contratos menores;"Contrato menor de servicios de realización del espectáculo de danza ""MUTAR. ROMPER. VIBRAR» a cargo de la empresa CARMEN FUMERO el 27 de noviembre de 2026 a las 20 horas en el Auditorio del Centro Sociocultural Cas Serres en Ibiza, dentro del marco de Temporada de Danza 2026.";Presidencia del Consell Insular d'Eivissa;servicios;Resuelta;ASOCIACION RITMOS DEL MUNDO;2200;https://contrataciondelestado.es/wps/poc?uri=deeplink:detalle_licitacion&idEvl=UJ%2Fqz40J%2FvNrSd8H4b2soA%3D%3D
Contratos menores;Curso Entrena tu Comunicación;Dirección General del Ente Público Radiotelevisión de Castilla-La Mancha;servicios;Resuelta;Rabaneda Martín, Miguel Ángel;2200;https://contrataciondelestado.es/wps/poc?uri=deeplink:detalle_licitacion&idEvl=8ucXd4z%2BSlXVGIpKDxgsAQ%3D%3D
Contratos menores;Gestió i organització de partida Pro1 de festes modalitat d'escala i corda en el trinquet municipal.;Alcaldía del Ayuntamiento de Llíria;servicios;Resuelta;FEDERACIO DE PILOTA VALENCIANA 2013;2200;https://contrataciondelestado.es/wps/poc?uri=deeplink:detalle_licitacion&idEvl=rzU6liGVUXaP66GS%2BONYvQ%3D%3D
Contratos menores;Contrato menor 303/2026. Trabajos y reparaciones según presupuesto.;Alcaldía del Ayuntamiento de Serón;obras;Resuelta;JOSE ENRIQUE MORA GUIRADO S.L;2193,29;https://contrataciondelestado.es/wps/poc?uri=deeplink:detalle_licitacion&idEvl=fRBkHP%2F1JjGcCF8sV%2BqtYA%3D%3D
Contratos menores;Servicio de mantenimiento para lector de accesos móviles.;Presidencia de Nauta Sanxenxo Sociedad Limitada Unipersonal;servicios;Resuelta;PANDORA GLOBAL SYSTEM, S.L.U;2184;https://contrataciondelestado.es/wps/poc?uri=deeplink:detalle_licitacion&idEvl=1qxw%2Fxmzd%2FDkY6rls5tG9A%3D%3D
Contratos menores;35/26. Traballos de colocación dun canalón no pavillón do CEIP Telleiro;Presidencia del Organismo Autónomo Terra de Sanxenxo;obras;Resuelta;Cerrajería Torres Vilalonga, S.L.;2170;https://contrataciondelestado.es/wps/poc?uri=deeplink:detalle_licitacion&idEvl=aS%2Fy7MrZWMOExvMJXBMHHQ%3D%3D
Contratos menores;ADQUISICIÓN caja insonorización para bomba de vacío. D.SANIDAD. Laboratorio de Drogas. SG PONTEVEDRA;Subdelegación del Gobierno en Pontevedra;suministros;Resuelta;COMERCIAL HOSPITALARIA GRUPO-3 S.L.;2160;https://contrataciondelestado.es/wps/poc?uri=deeplink:detalle_licitacion&idEvl=JDjSFBzQQfU2wEhQbcAqug%3D%3D
Contratos menores;20260000317m. Contrato Menor. Asistencia Sanitaria En El Servicio Médico Del Miteco;Dirección General de Servicios;servicios;Resuelta;PROVITA, SOCIEDAD COOPERATIVA MADRILEÑA;2152,5;https://contrataciondelestado.es/wps/poc?uri=deeplink:detalle_licitacion&idEvl=nUZ3YcVX%2FHSTylGzYmBF9Q%3D%3D
Contratos menores;INSTALACION ELECTRICA: cableado desde el armario en sala donde esta situada la maquina hasta el exterior. Instalación de una botonera de control para el arranque y parado del mismo motor ubicado en pared al lado de armario de alimentaciones sala.;Gerencias de los Institutos de la Agencia Estatal Consejo Superior de Investigaciones Científicas;suministros;Resuelta;JUAN CARLOS HERNÁNDEZ MÁRQUEZ;2150;https://contrataciondelestado.es/wps/poc?uri=deeplink:detalle_licitacion&idEvl=yqnvKboTlATyoM4us5k4vw%3D%3D
Contratos menores;Adquisición de mobiliario de oficina para las nuevas dependencias de la Unidad del Destacamento de Fiscal y de Fronteras de la Guardia Civil de Salamanca;Comandancia Guardia Civil de Salamanca;suministros;Resuelta;El Secretario S.L.;2134,58;https://contrataciondelestado.es/wps/poc?uri=deeplink:detalle_licitacion&idEvl=5nIPBs%2BJGqNSYrkJkLlFdw%3D%3D
Contratos menores;Contratación de guía turístico;Alcaldia del Ayuntamiento de Torredelcampo;servicios;Resuelta;JOSÉ ANTONIO PEÑA VILLAVERDE;2124,37;https://contrataciondelestado.es/wps/poc?uri=deeplink:detalle_licitacion&idEvl=o0NeHYQUtlLmnwcj%2BxbdTg%3D%3D
Contratos menores;Adquisición de tres mesas de oficina y dos sillas, así como del servicio de retirada y traslado de los armarios y elementos de almacenamiento existentes en la Consejería de Salud, ubicada en la calle Federico Vial n.º 13, C.P.39009, Santander;Consejería de Salud de la Comunidad Autónoma de Cantabria;suministros;Resuelta;GOSTODEV, SOCIEDAD LIMITADA;2110;https://contrataciondelestado.es/wps/poc?uri=deeplink:detalle_licitacion&idEvl=TLRlcTP2A5h%2FP7lJ7Fu0SA%3D%3D
Contratos menores;Videos y musicalización de la GADEBE;Alcaldía del Ayuntamiento de Benavente;servicios;Resuelta;CYSPRO MEDIA SLU;2107,44;https://contrataciondelestado.es/wps/poc?uri=deeplink:detalle_licitacion&idEvl=e5jcKbTleJnLIx6q1oPaMg%3D%3D
Contratos menores;GAPTO Pañales desechable pacientes incontinentes residencias sociosanitarias;Dirección Gerencia de Atención Primaria de Toledo;suministros;Resuelta;Active Medical Disposable, S.A.U.;2103,86;https://contrataciondelestado.es/wps/poc?uri=deeplink:detalle_licitacion&idEvl=w3MLZkPJ8fRrhBlEHQFSKA%3D%3D
Contratos menores;516/26. Aluguer dunha plataforma flotante para as festas patronais de Portonovo 2026;Presidencia del Organismo Autónomo Terra de Sanxenxo;suministros;Resuelta;Dds, Desarrollo, Diseño & Styling, S.L.;2100;https://contrataciondelestado.es/wps/poc?uri=deeplink:detalle_licitacion&idEvl=YoSO6v%2B5PPVSYrkJkLlFdw%3D%3D
Contratos menores;Festival de cortometrajes de la mano de los Premios Fugaz para los días 23 y 24 de octubre de 2026 .;Alcaldía del Ayuntamiento de Alfaro;servicios;Resuelta;PATIO DE LUCES PRODUCCIONES SC;2100;https://contrataciondelestado.es/wps/poc?uri=deeplink:detalle_licitacion&idEvl=bUoNgb7q8bnzAq95uGTrDQ%3D%3D
Contratos menores;CM 139/2026 Mtto. de equipos de fotocopiadoras del Hospital;Gerencia de Atención Integrada de Puertollano;servicios;Resuelta;OFIRALIA, S.L.;2090;https://contrataciondelestado.es/wps/poc?uri=deeplink:detalle_licitacion&idEvl=SnUds0jbSzqdkQsA7ROvsg%3D%3D
Contratos menores;1 Escalerilla de montaje antideslizante R13, 1 Escalerilla de montaje de peldaños con paneles de contrachapado ambas con pasamanos;Gerencias de los Institutos de la Agencia Estatal Consejo Superior de Investigaciones Científicas;suministros;Resuelta;KAISER KRAFT, SAU;2087;https://contrataciondelestado.es/wps/poc?uri=deeplink:detalle_licitacion&idEvl=y0AEuItCkQfi0Kd8%2Brcp6w%3D%3D
Contratos menores;¿evento x marcha rosa y campaña octubre rosa 2026¿;Diputación Provincial de Cádiz;privado;Resuelta;ASOCIACIÓN DE MUJERES CON CÁNCER DE LA BAHÍA;2066,12;https://contrataciondelestado.es/wps/poc?uri=deeplink:detalle_licitacion&idEvl=3TkUymP74KY36J9Lctlsuw%3D%3D
Contratos menores;Frigorífico Atex de laboratorio con refrigeración asistida por ventilador e interior sin chispas. 394 lt 6 estantestemperatura regulable de 3C 16C pantallas LED cerradura de la puerta;Gerencias de los Institutos de la Agencia Estatal Consejo Superior de Investigaciones Científicas;suministros;Resuelta;VWR INTERNATIONAL EUROLAB S.L.;2062,7;https://contrataciondelestado.es/wps/poc?uri=deeplink:detalle_licitacion&idEvl=8kfgZA00v2asNfRW6APEDw%3D%3D
Contratos menores;Madrid. Suministro e instalación de un equipo de frio en el Instituto Nacional de Toxicología y Ciencias Forenses.;Subdirección General de Obras y Patrimonio;suministros;Resuelta;FRIGORIFICOS MALLORQUINES FRIMA.S.A.;2050;https://contrataciondelestado.es/wps/poc?uri=deeplink:detalle_licitacion&idEvl=Sw%2FM5qWibi1t5r0ngvMetA%3D%3D
Contratos menores;Contrato menor 297/2026. Arreglo del camino del Valle, río Bolonor, vertedero y colocacoón de tubos en fuente San Juan.;Alcaldía del Ayuntamiento de Serón;obras;Resuelta;YESTE MOLINA JOSE;2045;https://contrataciondelestado.es/wps/poc?uri=deeplink:detalle_licitacion&idEvl=%2BtXAh7dcpIi9Hd5zqvq9cg%3D%3D
Contratos menores;GAPTO Pañales desechable pacientes incontinentes residencias sociosanitarias;Dirección Gerencia de Atención Primaria de Toledo;suministros;Resuelta;LABORATORIOS INDAS, S.A.U.;2022,27;https://contrataciondelestado.es/wps/poc?uri=deeplink:detalle_licitacion&idEvl=VV%2FY2RYGaJ2KeVWTb9Scog%3D%3D
Contratos menores;Reparación de acabados de carpinterías, barnizado-lasur y tintado de madera hasta 80 m² en diferentes acabados. En dependencias de la Diputación Provincial de Plaza de Santa María.;Presidencia de la Diputación Provincial de Cáceres;servicios;Resuelta;RAFAEL RUBIO LARGO;2014,04;https://contrataciondelestado.es/wps/poc?uri=deeplink:detalle_licitacion&idEvl=wwPSN4kdrmVrSd8H4b2soA%3D%3D
Contratos menores;Contrato menor de servicios fiesta de Navidad infantil con, equipo de sonido e iluminación, cañón de nieve y confeti, 4 hinchables con monitor, photocall, animación juego de lotería y campañadas infantiles.;Junta de Gobierno Local del Ayuntamiento de La Mojonera;servicios;Resuelta;LEYENDA SHOW S.L.;2000;https://contrataciondelestado.es/wps/poc?uri=deeplink:detalle_licitacion&idEvl=GZ%2Fw6Z2ja2bIGlsa0Wad%2Bw%3D%3D
Contratos menores;Equipamiento urbano y construcción.;Alcaldía del Ayuntamiento de Jamilena;suministros;Resuelta;UBEPARK EQUIPAMIENTO URBANO, S.L.;2000;https://contrataciondelestado.es/wps/poc?uri=deeplink:detalle_licitacion&idEvl=Zpo0fdLXnrh9Zh%2FyRJgM8w%3D%3D
Contratos menores;Concierto de la Big Baam Band, previsto para el día 13 de septiembre de 2026, a las 12:00 horas, en el parque de los Eucaliptos de l'Albir.;Pleno del Ayuntamiento de L'Alfàs del Pi;privado;Resuelta;ASSOCIACIÓ D'AMICS DE LA MÚSICA;2000;https://contrataciondelestado.es/wps/poc?uri=deeplink:detalle_licitacion&idEvl=7CsmVk2cPT0QyBAnWzHfCg%3D%3D
Contratos menores;Realizar servicio de participación de Cine de Verano.;Junta Vecinal de la Entidad Local Menor de Valdivia;servicios;Resuelta;AUPEX;2000;https://contrataciondelestado.es/wps/poc?uri=deeplink:detalle_licitacion&idEvl=HbF3X8FDP3nmnwcj%2BxbdTg%3D%3D
Contratos menores;Servicio merienda día de la mujer rural 500 comensales 15 octubre;Junta de Gobierno Local del Ayuntamiento de Pinos Puente;servicios;Resuelta;RESTAURANTE LA CRUZ DE GRANADA SL;2000;https://contrataciondelestado.es/wps/poc?uri=deeplink:detalle_licitacion&idEvl=A481RlE2bQXgL1BHd3qjQA%3D%3D
Contratos menores;Contrato menor de servicios para la inspección técnica oficial reglamentaria en ascensores de edificios públicos 2026 por Organismos de Control Autorizado (OCA);Alcaldía del Ayuntamiento de Garrucha;servicios;Resuelta;OCA GLOBAL INSPECCIONES REGLAMENTARIAS, S.A;1999;https://contrataciondelestado.es/wps/poc?uri=deeplink:detalle_licitacion&idEvl=u0hcmscmnRX9pbnDwlaUlg%3D%3D
Contratos menores;GAPTO Pañales desechable pacientes incontinentes residencias sociosanitarias;Dirección Gerencia de Atención Primaria de Toledo;suministros;Resuelta;Active Medical Disposable, S.A.U.;1991,38;https://contrataciondelestado.es/wps/poc?uri=deeplink:detalle_licitacion&idEvl=I19hUYJE1MQ4NavIWzMcHA%3D%3D
Contratos menores;Suministro de remolque para el Centro de Cría en cautividad de visón Europeo de Ribavellosa.;Organismo Autónomo Parques Nacionales;suministros;Resuelta;Remolques Alzaga SL;1990;https://contrataciondelestado.es/wps/poc?uri=deeplink:detalle_licitacion&idEvl=c4Bwsku1MoWkU02jNGj1Fw%3D%3D
Contratos menores;Contrato menor 318/2026. Freidora, lavavajillas y plancha gas restaurante bar la piscina.;Alcaldía del Ayuntamiento de Serón;suministros;Resuelta;ITECLIMA REFRIGERACIÓN VALVERDE, S.L.U.;1990;https://contrataciondelestado.es/wps/poc?uri=deeplink:detalle_licitacion&idEvl=vLRRHCk7f24eIBJRHQiPkQ%3D%3D
Contratos menores;Honorarios técnicos por dirección de obra y seguridad y salud;Junta de Gobierno Local del Ayuntamiento de Cubillos del Sil;servicios;Resuelta;EQUATTRO ARQUITECTURA + INGENIERIA, S.L.;1986,97;https://contrataciondelestado.es/wps/poc?uri=deeplink:detalle_licitacion&idEvl=z6aopQdo%2FeG8ebB%2FXTwy0A%3D%3D
Contratos menores;Adquisición portátil MacBook Pro 14: Apple M5 10 nucleos CPU, 10 nucleos GPU, 16Gb RAM y 1Tb SSD. Adaptador y Applecare.;Gerencias de los Institutos de la Agencia Estatal Consejo Superior de Investigaciones Científicas;suministros;Resuelta;Ktuin Sistemas Informáticos S.A.U.;1982,43;https://contrataciondelestado.es/wps/poc?uri=deeplink:detalle_licitacion&idEvl=DxoAQkS5RZZLAIVZdUs8KA%3D%3D
Contratos menores;Sustitución del mástil y toma a tierra (Actualización pararrayos del Instituto);Gerencias de los Institutos de la Agencia Estatal Consejo Superior de Investigaciones Científicas;suministros;Resuelta;QUIBAC SL;1981,67;https://contrataciondelestado.es/wps/poc?uri=deeplink:detalle_licitacion&idEvl=DIEprZzETE5q1DdmE7eaXg%3D%3D
Contratos menores;GAPTO Pañales desechable pacientes incontinentes residencias sociosanitarias;Dirección Gerencia de Atención Primaria de Toledo;suministros;Resuelta;LABORATORIOS INDAS, S.A.U.;1981,24;https://contrataciondelestado.es/wps/poc?uri=deeplink:detalle_licitacion&idEvl=UFPGDHfwr7gadbH3CysQuQ%3D%3D
Contratos menores;Adquisición de una estación de soldadura de aire caliente JTSE-2B;Gerencias de los Institutos de la Agencia Estatal Consejo Superior de Investigaciones Científicas;suministros;Resuelta;TECHNOLOGY & CHEMICAL, S.L.;1980,5;https://contrataciondelestado.es/wps/poc?uri=deeplink:detalle_licitacion&idEvl=EhTVY5jNHXjmnwcj%2BxbdTg%3D%3D
Contratos menores;Servicio de retirada de paneles de abejas y suministro de cazaenjambres en la sede de Alcalá de Henares de la Biblioteca Nacional de España;Dirección General de la Biblioteca Nacional;servicios;Resuelta;APICULTURA NUTRIVIDA S.L;1978,89;https://contrataciondelestado.es/wps/poc?uri=deeplink:detalle_licitacion&idEvl=SJHCvDMywx4UqXM96WStVA%3D%3D
Contratos menores;Dar a conocer a los ciudadanos las actividades de promoción, formación, asesoramiento y certificación de las competencias digitales, en el marco del Programa CyL Digital;Consejería de Movilidad, Transformación Digital e Inteligencia Artificial de la Junta de Castilla y León;servicios;Resuelta;GRUPO DE COMUNICACIÓN PROMECAL, S.L.;1978,79;https://contrataciondelestado.es/wps/poc?uri=deeplink:detalle_licitacion&idEvl=39vrbaGdchmopEMYCmrbmw%3D%3D
Contratos menores;Fabricación, suministro, colocación y montaje de valla galvanizada sobre muro de bloque y puerta de carruajes en Bosque de Alimentos;Consejo de Administración de Rivas-Vaciamadrid Empresa Municipal de Servicios S.A. (Rivamadrid);suministros;Resuelta;MONTAJES LA VALLA S.L.;1960;https://contrataciondelestado.es/wps/poc?uri=deeplink:detalle_licitacion&idEvl=n41cbP3bVzB%2FR5QFTlaM4A%3D%3D
Contratos menores;Adquirir liquido especifico para la eliminación de las manchas ocasionadas en la pista de parqué del Pabellón Daniel Romero mediante máquina fregadora.;Alcaldia del Ayuntamiento de Valverde del Camino;suministros;Resuelta;J.Menudo Tarimas y Parquets;1947;https://contrataciondelestado.es/wps/poc?uri=deeplink:detalle_licitacion&idEvl=AQmsORNrX4L5Rey58Yagpg%3D%3D
Contratos menores;Montaje de trasdosado de pladur en paramento de la nueva sala de prensa.;Presidencia de la Diputación Provincial de Ciudad Real;obras;Resuelta;PABLO CRUZ RUIZ;1945,1;https://contrataciondelestado.es/wps/poc?uri=deeplink:detalle_licitacion&idEvl=d6eeHTWuf5A%2Bk2oCbDosIw%3D%3D
Contratos menores;Suministro de menús de cena para la Batalla de Flors a celebrarse el sábado 19 de septiembre de 2026.;Alcaldía del Ayuntamiento de Borriana;suministros;Resuelta;LA TAPERIA DU MIMI, S.L.;1938,18;https://contrataciondelestado.es/wps/poc?uri=deeplink:detalle_licitacion&idEvl=eey7y4OyJExrhBlEHQFSKA%3D%3D
Contratos menores;Es la adquisición de rejillas metálicas y bastidores de ángulo para el enmarcado y soporte de la red de imbornales y canaletas de drenaje pluvial en la Plaza Mayor;Alcaldía del Ayuntamiento de Sax;suministros;Resuelta;CERRAJERIA JIPAL SL;1903,5;https://contrataciondelestado.es/wps/poc?uri=deeplink:detalle_licitacion&idEvl=Tsm6n8Hokcmzz8fXU2i3eQ%3D%3D
Contratos menores;Actuación del grupo SINESTESIA;Alcaldía del Ayuntamiento de Benavente;servicios;Resuelta;ESPECTÁCULOS MONGE S.L.;1900;https://contrataciondelestado.es/wps/poc?uri=deeplink:detalle_licitacion&idEvl=fxFLAWZtwkqFQ%2FlhRK79lA%3D%3D
Contratos menores;Contrato de servicio de alquiler y montaje de equipo de sonido e iluminación con motivo la actuación de Luis Zahera, con su monólogo Chungo, a celebrar el día 11 de septiembre en el Parque Marítimo del Mediterráneo en la temporada de verano de 2026;Consejo de Administración del Parque Marítimo del Mediterráneo S.A.;servicios;Resuelta;OLGA PÉREZ MATEO;1900;https://contrataciondelestado.es/wps/poc?uri=deeplink:detalle_licitacion&idEvl=QZsv0X66I%2Fc%2FbjW6njtWLw%3D%3D
Contratos menores;INSTALACION ELECTRICA: colocación de protecciones en el armario de sala y cableado hasta el punto de conexión donde se instalará una toma CETAC de 32A 230VAC MATERIAL ELECTRICO : Material de instalación como cable, canal de instalación, protecciones y base CETAC Línea adicional con otra toma en la misma sala. Incluye tiempo y material necesario para la instalación.;Gerencias de los Institutos de la Agencia Estatal Consejo Superior de Investigaciones Científicas;suministros;Resuelta;JUAN CARLOS HERNÁNDEZ MÁRQUEZ;1892,59;https://contrataciondelestado.es/wps/poc?uri=deeplink:detalle_licitacion&idEvl=%2BfSobt4wRkqTylGzYmBF9Q%3D%3D
Contratos menores;Trabajos y materiales para reparación de la puerta automática de entrada a los Servicios Centrales de la Consejería de Sanidad y Bienestar Social;Consejería de Sanidad y Bienestar Social de la Junta de Castilla y León;servicios;Resuelta;ASSA ABLOY ENTRANCE SYSTEMS SPAIN SAU;1884,66;https://contrataciondelestado.es/wps/poc?uri=deeplink:detalle_licitacion&idEvl=Rg%2B64Zp9ZGOHCIsjvJ3rhQ%3D%3D
Contratos menores;Suministro de pernera de mesa de Quirófano.;Dirección Gerencia del Hospital Nacional de Parapléjicos;suministros;Resuelta;STERIS IBERIA, S.A.U.;1883;https://contrataciondelestado.es/wps/poc?uri=deeplink:detalle_licitacion&idEvl=OwVFCmwqh7SFlFRHfEzEaw%3D%3D
Contratos menores;GAPTO Pañales desechable pacientes incontinentes residencias sociosanitarias;Dirección Gerencia de Atención Primaria de Toledo;suministros;Resuelta;Active Medical Disposable, S.A.U.;1877,54;https://contrataciondelestado.es/wps/poc?uri=deeplink:detalle_licitacion&idEvl=MVz6kwd0rxQeC9GJQOEBkQ%3D%3D
Contratos menores;Contrato Gafas Led;Gerencia de Servicios Sanitarios del Área de Salud de Lanzarote;suministros;Resuelta;ALMEVAN S.L;1875;https://contrataciondelestado.es/wps/poc?uri=deeplink:detalle_licitacion&idEvl=qIFHa9YGJpbkY6rls5tG9A%3D%3D
Contratos menores;Subsanación de deficiencias encontradas en en revisión técnico legal de ascensor sede;Consejo de Administración de Rivas-Vaciamadrid Empresa Municipal de Servicios S.A. (Rivamadrid);servicios;Resuelta;FULTON SERVICIOS INTEGRALES;1869,13;https://contrataciondelestado.es/wps/poc?uri=deeplink:detalle_licitacion&idEvl=tiS0gVUtyAlt5r0ngvMetA%3D%3D
Contratos menores;Sustitución de personal del servicio de ayuda domiciliaria;Presidencia de la Mancomunidad L'Horta Nord;servicios;Resuelta;Grup de Treball Social Reed 21 S.L.;1867;https://contrataciondelestado.es/wps/poc?uri=deeplink:detalle_licitacion&idEvl=8XD4hq6MkTIXhk1FZxEyvw%3D%3D
Contratos menores;Dar a conocer a los ciudadanos las actividades de promoción, formación, asesoramiento y certificación de las competencias digitales, en el marco del Programa CyL Digital;Consejería de Movilidad, Transformación Digital e Inteligencia Artificial de la Junta de Castilla y León;servicios;Resuelta;ALNUAR 2000 SL;1857,67;https://contrataciondelestado.es/wps/poc?uri=deeplink:detalle_licitacion&idEvl=Mw9be7FJxBWdkQsA7ROvsg%3D%3D
Contratos menores;Servicios de dirección de obra actuaciones del PLPIF;Pleno del Ayuntamiento de Ayódar;servicios;Resuelta;JESÚS BALLESTER PERIS;1855,58;https://contrataciondelestado.es/wps/poc?uri=deeplink:detalle_licitacion&idEvl=imsAKD%2BNP%2BZrSd8H4b2soA%3D%3D
Contratos menores;GAPTO Pañales desechable pacientes incontinentes residencias sociosanitarias;Dirección Gerencia de Atención Primaria de Toledo;suministros;Resuelta;PATENTE MÉDICO SANITARIA, S.L.;1848,1;https://contrataciondelestado.es/wps/poc?uri=deeplink:detalle_licitacion&idEvl=rYQWJsElQVU7u6%2B%2FR7DUoA%3D%3D
Contratos menores;Contratación servicio de catering para semana deportiva 2026;Junta de Gobierno Local del Ayuntamiento de Albuixech;servicios;Resuelta;JOAQUINA ANDREU MARTÍNEZ;1847,11;https://contrataciondelestado.es/wps/poc?uri=deeplink:detalle_licitacion&idEvl=hV23KbUCa6F4zIRvjBVCSw%3D%3D
Contratos menores;Evaporadora Casette FFA50A,Condensador Inverter B/V RXM50A,Mando control remoto (equipo de aire para climatización de sala de equipamiento cientifico,equipamiento inventariable);Gerencias de los Institutos de la Agencia Estatal Consejo Superior de Investigaciones Científicas;suministros;Resuelta;SOTEC LUIS CROVETTO S.A.;1840,77;https://contrataciondelestado.es/wps/poc?uri=deeplink:detalle_licitacion&idEvl=x4wea6OV8ENSYrkJkLlFdw%3D%3D
Contratos menores;Contrato menor de servicios para copia de seguridad de los datos del Ayuntamiento en la nube.;Junta de Gobierno Local del Ayuntamiento de La Mojonera;servicios;Resuelta;TREVENQUE SISTEMAS DE INFORMACION, S.L.U.;1836;https://contrataciondelestado.es/wps/poc?uri=deeplink:detalle_licitacion&idEvl=g11oo0cc9m3XOjazN1Dw9Q%3D%3D
Contratos menores;Por estudio geotécnico en calle Madre Regina 35.;Alcaldía del Ayuntamiento de Robledo de Chavela;servicios;Resuelta;INFORMES GEOTECNICOS CONTROL Y GEOTECNICA, S.L.;1835;https://contrataciondelestado.es/wps/poc?uri=deeplink:detalle_licitacion&idEvl=ktb8WHzJgnDjHF5qKI4aaw%3D%3D
Contratos menores;Dar a conocer a los ciudadanos las actividades de promoción, formación, asesoramiento y certificación de las competencias digitales, en el marco del Programa CyL Digital;Consejería de Movilidad, Transformación Digital e Inteligencia Artificial de la Junta de Castilla y León;servicios;Resuelta;EL ADELANTADO DE SEGOVIA, S.L.;1824,42;https://contrataciondelestado.es/wps/poc?uri=deeplink:detalle_licitacion&idEvl=7rzv%2Bpi%2FJ7w%2Bk2oCbDosIw%3D%3D
Contratos menores;Suministro mediante alquiler de sanitarios portátiles y mantenimiento de los mismos, para la actividad denominada ALMA HISPANA 2026, con motivo de la Capitalidad Española de la Gastronomía.;Junta de Gobierno Local del Ayuntamiento de Jerez;suministros;Resuelta;Renta Maquinaria REMSA, S.L.U.;1820;https://contrataciondelestado.es/wps/poc?uri=deeplink:detalle_licitacion&idEvl=miBpst1LxSN9PLkba5eRog%3D%3D
Contratos menores;Actuación de Toni Bright, magia de la mente;Alcaldía de la EATIM de Jesús Pobre;servicios;Resuelta;ANTONIO RISUEÑO FERRANDEZ;1818,18;https://contrataciondelestado.es/wps/poc?uri=deeplink:detalle_licitacion&idEvl=hcVHDhWCcDi8ebB%2FXTwy0A%3D%3D
Contratos menores;Contrato menor de Suministro de 1 Luminaria Vial, 2 Equipos Philips y 3 Luminaria Solar, para mantenimiento de Alumbrado Público de Cangas de Onís.;Alcaldía del Ayuntamiento de Cangas de Onís;suministros;Resuelta;METALUX ASTURIAS S.L.;1816,75;https://contrataciondelestado.es/wps/poc?uri=deeplink:detalle_licitacion&idEvl=eQFyA5xVoAx%2BF6L2uCfUWg%3D%3D
Contratos menores;Bolsa artificiero equipo EOD;Jefatura de la Sección Económico Administrativa 23 de la Base Aérea de Albacete;suministros;Resuelta;INGENIA2 INGENIERIA Y CONSULTORIA, S. MICROCOOP. D;1816,53;https://contrataciondelestado.es/wps/poc?uri=deeplink:detalle_licitacion&idEvl=%2Fdo8Q6%2F6iWw3vLk2DU2Ddg%3D%3D
Contratos menores;GAPTO Pañales desechable pacientes incontinentes residencias sociosanitarias;Dirección Gerencia de Atención Primaria de Toledo;suministros;Resuelta;LABORATORIOS INDAS, S.A.U.;1809,51;https://contrataciondelestado.es/wps/poc?uri=deeplink:detalle_licitacion&idEvl=KNkwwW5oKiyAAM7L03kM8A%3D%3D
Contratos menores;Curso de iniciación e perfeccionamento a patinaxe.;Alcaldía del Ayuntamiento de Ortigueira;servicios;Resuelta;Nerea Galan Losada;1800;https://contrataciondelestado.es/wps/poc?uri=deeplink:detalle_licitacion&idEvl=17Gdze31XWTN3k3tjedSGw%3D%3D
Contratos menores;GAPTO Pañales desechable pacientes incontinentes residencias sociosanitarias;Dirección Gerencia de Atención Primaria de Toledo;suministros;Resuelta;Active Medical Disposable, S.A.U.;1789,44;https://contrataciondelestado.es/wps/poc?uri=deeplink:detalle_licitacion&idEvl=Eg%2B6QdnU0BD5Rey58Yagpg%3D%3D
Contratos menores;Contrato menor 306/2026. Montaje y desmontaje barriada los Zoilos.;Alcaldía del Ayuntamiento de Serón;servicios;Resuelta;REFRIGERACION FERNANDEZ S L;1768,85;https://contrataciondelestado.es/wps/poc?uri=deeplink:detalle_licitacion&idEvl=X67%2FP14%2FB8M7%2B9FIQYNjeQ%3D%3D
Contratos menores;Jm963 Actuacion Musical, Servicio De Palomitas Y Alquiler De Hinchable El Dia 7 De Junio.Apr.Pleno 18/05/2026;Junta de Gobierno del Ayuntamiento de Murcia;servicios;Resuelta;FATI S COOP;1763,64;https://contrataciondelestado.es/wps/poc?uri=deeplink:detalle_licitacion&idEvl=ci0t3y3UpjQl5NjlNci%2BtA%3D%3D
Contratos menores;Material deportivo diverso para actividades de patinaxe e outras;Alcaldía del Ayuntamiento de Ortigueira;suministros;Resuelta;Talentrophy S.L;1761,2;https://contrataciondelestado.es/wps/poc?uri=deeplink:detalle_licitacion&idEvl=ldyTcJDrKt8S7pcxhTeWOg%3D%3D
Contratos menores;Trabajos de retroexcavadora, camión y servicio de transporte para la brigada de obras.;Junta de Gobierno del Ayuntamiento de Biar;obras;Resuelta;Transportes y Excavaciones Camarasa-Navarro, SL;1760;https://contrataciondelestado.es/wps/poc?uri=deeplink:detalle_licitacion&idEvl=M22htKeLi%2FnkY6rls5tG9A%3D%3D
Contratos menores;Suministro de materiales de limpieza.;Presidencia de Nauta Sanxenxo Sociedad Limitada Unipersonal;suministros;Resuelta;DARLIM, S.L.U;1758,92;https://contrataciondelestado.es/wps/poc?uri=deeplink:detalle_licitacion&idEvl=aExczKGAhqvkY6rls5tG9A%3D%3D
Contratos menores;GAPTO Pañales desechable pacientes incontinentes residencias sociosanitarias;Dirección Gerencia de Atención Primaria de Toledo;suministros;Resuelta;LABORATORIOS INDAS, S.A.U.;1757,04;https://contrataciondelestado.es/wps/poc?uri=deeplink:detalle_licitacion&idEvl=DlCwjOPFkdQ%2B1TMyIiZmzw%3D%3D
Contratos menores;Por sustitución farola por siniestro frente Cl Pinosilla 1.;Alcaldía del Ayuntamiento de Robledo de Chavela;suministros;Resuelta;DESARROLLOS ELECTROMECANICOS INTEGRALES, S.L;1754,9;https://contrataciondelestado.es/wps/poc?uri=deeplink:detalle_licitacion&idEvl=dZcw4XgP%2FNl%2FR5QFTlaM4A%3D%3D
Contratos menores;Jm962.Monitores E Hinchables para actividades Infantiles En Colegios de Santiago El Mayor El Dia 22 De Junio;Junta de Gobierno del Ayuntamiento de Murcia;servicios;Resuelta;IMAGINACION ACTIVA, SLU;1750;https://contrataciondelestado.es/wps/poc?uri=deeplink:detalle_licitacion&idEvl=o57%2FqHIpOLGqb7rCcv76BA%3D%3D
Contratos menores;Adquisición 1 dispositivo de almacenamiento Synology DX517 con 5 unidades de disco HAT3300;Gerencias de los Institutos de la Agencia Estatal Consejo Superior de Investigaciones Científicas;suministros;Resuelta;MEDIA MARKT SATURN, S.A.U.;1739,59;https://contrataciondelestado.es/wps/poc?uri=deeplink:detalle_licitacion&idEvl=NAryhXoPAaeP66GS%2BONYvQ%3D%3D
Contratos menores;Reparación sistema de retiración Print Másted SM74-4P3H;Presidencia de la Diputación Provincial de Ciudad Real;servicios;Resuelta;JOSÉ LUIS GARCÍA MARÍN;1734,5;https://contrataciondelestado.es/wps/poc?uri=deeplink:detalle_licitacion&idEvl=U2wFn6A%2BEPw%2FbjW6njtWLw%3D%3D
Contratos menores;Alugueiro, transporte e montaxe das seguintes infraestruturas. Equipos de son, montaxe, técnicos montadores, segundo orzamento adxunto, para as actividades da Olimpíadas rurais;Alcaldía del Ayuntamiento de Ortigueira;suministros;Resuelta;EVENTUM FK, S.L.U.;1733,13;https://contrataciondelestado.es/wps/poc?uri=deeplink:detalle_licitacion&idEvl=eYIjs8024yJWhbmkna2nXQ%3D%3D
Contratos menores;GAPTO Pañales desechable pacientes incontinentes residencias sociosanitarias;Dirección Gerencia de Atención Primaria de Toledo;suministros;Resuelta;LABORATORIOS INDAS, S.A.U.;1729,82;https://contrataciondelestado.es/wps/poc?uri=deeplink:detalle_licitacion&idEvl=tQ%2BNTCdc%2FbozjChw4z%2FXvw%3D%3D
Contratos menores;Equipo de aa_ unidad condensadora aire sai lab. Agua;Instituto Tecnológico de Canarias S.A.;obras;Resuelta;INSISTE 21, S.L.;1722,69;https://contrataciondelestado.es/wps/poc?uri=deeplink:detalle_licitacion&idEvl=5BaBqI6c9hcl5NjlNci%2BtA%3D%3D
Contratos menores;516/26. Acometidas eléctricas para as casetas nas festas patronais de Portonovo;Presidencia del Organismo Autónomo Terra de Sanxenxo;obras;Resuelta;Creaciones Luminosas, S.L.;1700;https://contrataciondelestado.es/wps/poc?uri=deeplink:detalle_licitacion&idEvl=xDABs36fPyheKgd8LfVV9g%3D%3D
Contratos menores;"Adjudicación contrato menor servicio formativo en materia de habilidades comunicativas, gestión de conflictos y desarrollo personal para los participantes del proyecto ""Nuevas Oportunidades de Empleo El Hierro 2025";Presidencia del Cabildo Insular de El Hierro;servicios;Resuelta;Iraya M: Hernández Cejas;1700;https://contrataciondelestado.es/wps/poc?uri=deeplink:detalle_licitacion&idEvl=eiSst6L%2FRHP%2B3JAijKO%2Bkg%3D%3D
Contratos menores;2 Juegos de bomba eléctrica para recipientes Luz de bomba de polipropileno profundidad de inmersión 1000mm;Gerencias de los Institutos de la Agencia Estatal Consejo Superior de Investigaciones Científicas;suministros;Resuelta;KAISER KRAFT, SAU;1698;https://contrataciondelestado.es/wps/poc?uri=deeplink:detalle_licitacion&idEvl=q6imopQ7SXyopEMYCmrbmw%3D%3D
Contratos menores;Desratización;Alcaldía del Ayuntamiento de Parauta;servicios;Resuelta;PLAGUI RONDA, S.L.;1694;https://contrataciondelestado.es/wps/poc?uri=deeplink:detalle_licitacion&idEvl=slujwJxNwyPLIx6q1oPaMg%3D%3D
Contratos menores;Publicación de artículo técnicas bibliométricas y mapeo científico en revista MDPI;Dirección del Centro de Investigaciones Científicas y Tecnológicas de Extremadura (CICYTEX);servicios;Resuelta;MDPI AG;1691,13;https://contrataciondelestado.es/wps/poc?uri=deeplink:detalle_licitacion&idEvl=pdBCXnot3H5%2FP7lJ7Fu0SA%3D%3D
Contratos menores;Murcia. Suministro de cinco cajoneras para la Gerencia Territorial.;Subdirección General de Obras y Patrimonio;suministros;Resuelta;GRUPO FORMA 5, S. L.;1677,9;https://contrataciondelestado.es/wps/poc?uri=deeplink:detalle_licitacion&idEvl=OcSqPMcgnNAXhk1FZxEyvw%3D%3D
Contratos menores;Servei de sonoritzación i control de l'equip de música durant les activitats festives de la localitat;Alcaldía del Ayuntamiento de Benassal;servicios;Resuelta;ROBERTO ARTOLA PITARCH;1675,5;https://contrataciondelestado.es/wps/poc?uri=deeplink:detalle_licitacion&idEvl=ZSkzPKao4WbI8aL3PRS10Q%3D%3D
Contratos menores;Contrato menor de servicios de autobuses para visitas del Congreso Bandera Azul.;Vicepresidencia de la Mancomunidad de Islantilla;servicios;Resuelta;Lepebus, S.L.;1665;https://contrataciondelestado.es/wps/poc?uri=deeplink:detalle_licitacion&idEvl=hgBtyumFN27N3k3tjedSGw%3D%3D
Contratos menores;Bocadillos destinados al personal de la Policía Local y Protección Civil, Fiestas Patronales del 2 al 4 de octubre de 2026;Concejal de Contratación del Ayuntamiento de Torrejón de Ardoz;servicios;Resuelta;PEÑA LA CUADRILLA DEL ARTE;1665;https://contrataciondelestado.es/wps/poc?uri=deeplink:detalle_licitacion&idEvl=x39pFwBnhfHpxJFXpLZ%2B2A%3D%3D
Contratos menores;Limpieza y desbroce de arcenes y cunetas del camino entre La Rellana y Montebello;Alcaldía del Ayuntamiento de Algorfa;servicios;Resuelta;DESMONTES Y EXCAVACIONES ISMAEL, S.L.;1652,89;https://contrataciondelestado.es/wps/poc?uri=deeplink:detalle_licitacion&idEvl=vBSEipGcWY79pbnDwlaUlg%3D%3D
Contratos menores;Será objeto de este contrato la contratación de la realización de una Velada Flamenca con motivo de la celebración de la Feria del Ganado de Íllora, prevista para el día 10 de octubre de 2026, a mediodía.;Alcaldía del Ayuntamiento de Illora;servicios;Resuelta;ESSE ARTE PRODUCCIONES 3.0 S.L.U.;1652,89;https://contrataciondelestado.es/wps/poc?uri=deeplink:detalle_licitacion&idEvl=br3hbjh0%2FYIzjChw4z%2FXvw%3D%3D
Contratos menores;Actuaciones musicales;Alcaldia del Ayuntamiento de Orba;servicios;Resuelta;COLLA LA XOPENA D'ORBA;1650;https://contrataciondelestado.es/wps/poc?uri=deeplink:detalle_licitacion&idEvl=zWr3vrwcDae9Hd5zqvq9cg%3D%3D
Contratos menores;Suministro equipamiento informático portátil Secretaría;Junta de Gobierno del Ayuntamiento de Noblejas;suministros;Resuelta;AF Informática Profesional Toledana S.L;1647,25;https://contrataciondelestado.es/wps/poc?uri=deeplink:detalle_licitacion&idEvl=AHqs1jTmyoCFlFRHfEzEaw%3D%3D
Contratos menores;GAPTO Pañales desechable pacientes incontinentes residencias sociosanitarias;Dirección Gerencia de Atención Primaria de Toledo;suministros;Resuelta;Active Medical Disposable, S.A.U.;1646,9;https://contrataciondelestado.es/wps/poc?uri=deeplink:detalle_licitacion&idEvl=N1m%2BiYSSEgnE6P%2FuLemXRw%3D%3D
Contratos menores;Suministro de equipamiento mobiliario CEIP Fray Enrique Flórez de Villadiego;Dirección Provincial de Educación en Burgos;suministros;Resuelta;EL SECRETARIO S.L.;1644,3;https://contrataciondelestado.es/wps/poc?uri=deeplink:detalle_licitacion&idEvl=pV3LMMZjsFyOUi78BmzhOQ%3D%3D
Contratos menores;Servicios necesarios con motivo de la celebración de la Festividad de la Patrona de la Guardia Civil en Tacoronte, el día 12 de octubre de 2026, suministro botellas de vino;Alcaldia del Ayuntamiento de Tacoronte;suministros;Resuelta;CONSEJO REGULADOR DE LA DENOMINACION DE ORIGEN TACORONTE ACENTEJO;1635,52;https://contrataciondelestado.es/wps/poc?uri=deeplink:detalle_licitacion&idEvl=tWbggAdl4fnjHF5qKI4aaw%3D%3D
Contratos menores;Suministro de 6 Taburete con destino al servicio de Urgencias (3) y Oftalmología (3) y un carro y un baño maria para el servicio de Farmacia, del Hospital del Oriente de Asturias;Gerencia del Área Sanitaria VI del Servicio de Salud del Principado de Asturias;suministros;Resuelta;OVIDIO SUAREZ DISTRIBUCIONES S.L;1620,63;https://contrataciondelestado.es/wps/poc?uri=deeplink:detalle_licitacion&idEvl=apEbGVJmVWnjHF5qKI4aaw%3D%3D
Contratos menores;Suministro en régimen de alquiler de un grupo electrógeno durante el mes de agosto de 2026, en Campillos Paravientos, en la provincia de Cuenca. Expediente nº 103-TT-0-038-26/SU4;Dirección Gerencia de Gestión Ambiental de Castilla-La Mancha S.A.;suministros;Resuelta;MALCOP, S.L.;1614,56;https://contrataciondelestado.es/wps/poc?uri=deeplink:detalle_licitacion&idEvl=K7ZuFQslHXKdkQsA7ROvsg%3D%3D
Contratos menores;Suministros para adquisición de maquinaria para la Concejalía de Medio Ambiente: Lote III (Fondo de Compensación Ambiental 2026);Alcaldía del Ayuntamiento de Sarria;suministros;Resuelta;EUROGÓMEZ, S.L.;1610,74;https://contrataciondelestado.es/wps/poc?uri=deeplink:detalle_licitacion&idEvl=6Ebqa2%2FRgj970UvEyYJSGw%3D%3D
Contratos menores;elaboración do Plan de auto protección do Festival 2026;Alcaldía del Ayuntamiento de Ortigueira;servicios;Resuelta;PREVINEM SL;1600;https://contrataciondelestado.es/wps/poc?uri=deeplink:detalle_licitacion&idEvl=QvzZMn4ng20eC9GJQOEBkQ%3D%3D
Contratos menores;Pasacalles Unión Musical Santa Cecilia en la Ofrenda y Procesión de las Fiestas Patronales 2026;Alcaldía del Ayuntamiento de Daya Vieja;servicios;Resuelta;BANDA DE MUSICA SANTA CECILIA DE ROJALES;1600;https://contrataciondelestado.es/wps/poc?uri=deeplink:detalle_licitacion&idEvl=GNbVxnnlByoIYE3ZiZ%2BxmQ%3D%3D
Contratos menores;Alquiler de dos generadores de 110kva y 115kva, porte de ida y porte de vuelta para la Muestra Ganadera 2026;Alcaldía del Ayuntamiento de Coín;suministros;Resuelta;GAMJI SOCIEDAD CIVIL;1600;https://contrataciondelestado.es/wps/poc?uri=deeplink:detalle_licitacion&idEvl=ZTyqqrVqdDl%2FP7lJ7Fu0SA%3D%3D
Contratos menores;"Servicios para la realización de los eventos culturales ""Pan de luna"" y ""La Noche. Un viaje al origen del arte y el mito de la nocturnidad"" para público adulto, en la biblioteca municipal.";Junta de Gobierno del Ayuntamiento de Móstoles;servicios;Resuelta;Andrés & Alberch S.L;1600;https://contrataciondelestado.es/wps/poc?uri=deeplink:detalle_licitacion&idEvl=UZTo0MLKxUz9pbnDwlaUlg%3D%3D
Contratos menores;Contrato suministro. Adquisición de emisoras de radio para policía local.;Junta de Gobierno Local del Ayuntamiento de Albuixech;suministros;Resuelta;ANFER RADIOCOMUNICACIONES, S.L;1595;https://contrataciondelestado.es/wps/poc?uri=deeplink:detalle_licitacion&idEvl=O5FlVTaW7hWLAncw3qdZkA%3D%3D
Contratos menores;Transporte de pasajeros;Diputación Provincial de Zamora;servicios;Resuelta;AUTOS ALVAREZ DE VIAJEROS S.L;1590,91;https://contrataciondelestado.es/wps/poc?uri=deeplink:detalle_licitacion&idEvl=GTNldr82fsg7%2B9FIQYNjeQ%3D%3D
Contratos menores;Suministro de SEIS (6) Sillas de ruedas para paciente con empuñaduras regulables en altura, pago gotero y sistema antiplegado, con destino al servicio de Urgencias del HOA;Gerencia del Área Sanitaria VI del Servicio de Salud del Principado de Asturias;suministros;Resuelta;POLIORTOS SL;1590;https://contrataciondelestado.es/wps/poc?uri=deeplink:detalle_licitacion&idEvl=z6Ya4HzDQbkeC9GJQOEBkQ%3D%3D
Contratos menores;Jm963.Suministro De Escenario, Mesas Y Sillas Para Fiestas 6 Y 7 De Junio En Ceip Barriomar 74;Junta de Gobierno del Ayuntamiento de Murcia;suministros;Resuelta;MONTAJES TARIN, S.L.;1579;https://contrataciondelestado.es/wps/poc?uri=deeplink:detalle_licitacion&idEvl=HZqMVZNxmm%2BGCFcHcNGIlQ%3D%3D
Contratos menores;Servicios coordinación seguridad y salud para proyectos instalación aire acondicionado colegios públicos.;Alcaldía del Ayuntamiento de Meco;servicios;Resuelta;JUAN JOSE SANZ ROMERO;1560;https://contrataciondelestado.es/wps/poc?uri=deeplink:detalle_licitacion&idEvl=Ss4qD4CMRgo%2FbjW6njtWLw%3D%3D
Contratos menores;Arrastre de Latas Secadero Reyes 2027;Alcaldía del Ayuntamiento de Casares;servicios;Resuelta;MIGUEL ANGEL GONZALEZ MUÑOZ;1550;https://contrataciondelestado.es/wps/poc?uri=deeplink:detalle_licitacion&idEvl=JO%2FSyZk5Y5SP66GS%2BONYvQ%3D%3D
Contratos menores;Prestación del servicio de actividades infantiles y familiares con motivo de la celebración del 9 de octubre;Alcaldía del Ayuntamiento de Benigànim;servicios;Resuelta;GRUPO A RIURE;1550;https://contrataciondelestado.es/wps/poc?uri=deeplink:detalle_licitacion&idEvl=zREUURYkKlHVGIpKDxgsAQ%3D%3D
Contratos menores;Servicio de transporte;Diputación Provincial de Zamora;servicios;Resuelta;HERMANOS VIVAS SANTANDER S.A;1550;https://contrataciondelestado.es/wps/poc?uri=deeplink:detalle_licitacion&idEvl=JQxwhFQRPofgL1BHd3qjQA%3D%3D
Contratos menores;Adquisición e instalación de un (1) proyector;Jefatura de Intendencia de Asuntos Económicos Oeste;suministros;Resuelta;GRUPO META SEGOVIA S.L.;1546,27;https://contrataciondelestado.es/wps/poc?uri=deeplink:detalle_licitacion&idEvl=tTc3b1XYxHaHCIsjvJ3rhQ%3D%3D
Contratos menores;GAPTO Pañales desechable pacientes incontinentes residencias sociosanitarias;Dirección Gerencia de Atención Primaria de Toledo;suministros;Resuelta;PATENTE MÉDICO SANITARIA, S.L.;1543,34;https://contrataciondelestado.es/wps/poc?uri=deeplink:detalle_licitacion&idEvl=yU4OOQ2C9ctLAIVZdUs8KA%3D%3D
Contratos menores;Contrato menor 307/2026. 270 unidades parches circulares carrera la bárbara.;Alcaldía del Ayuntamiento de Serón;suministros;Resuelta;FRANCISCO JAVIER PADILLA PERALES;1539;https://contrataciondelestado.es/wps/poc?uri=deeplink:detalle_licitacion&idEvl=YUr1w6C5kaKcTfjQf3USOg%3D%3D
Contratos menores;El objeto del contrato es la adquisición de mobiliario de oficina para renovar en el juzgado de paz.;Alcaldía del Ayuntamiento de Agost;suministros;Resuelta;MIRA Y DECORA SL;1531;https://contrataciondelestado.es/wps/poc?uri=deeplink:detalle_licitacion&idEvl=GrrNcM%2FjvSu2gkLQ8TeYKA%3D%3D
Contratos menores;Suministro de manuales para los alumnos del Curso AC 2025-5974 Operaciones Básicas de Cocina;Agencia de Desarrollo Local y Empleo del Ayuntamiento de Cartagena;suministros;Resuelta;Miguel Martínez-Fortún Hernández;1513,2;https://contrataciondelestado.es/wps/poc?uri=deeplink:detalle_licitacion&idEvl=u68j2LQaoEPCfVQHDepjGQ%3D%3D
Contratos menores;Actuacións artísticas do Festival;Alcaldía del Ayuntamiento de Ortigueira;privado;Resuelta;MONSERRAT RIVERA CRESPO;1500;https://contrataciondelestado.es/wps/poc?uri=deeplink:detalle_licitacion&idEvl=Ao%2BPSpBKbBlJ8Trn0ZPzLw%3D%3D
Contratos menores;552/2026. Implantación e mantemento da política de protección de datos personales;Presidencia del Organismo Autónomo Terra de Sanxenxo;servicios;Resuelta;Cumplimiento Normattivo Empresarial, S.L.;1500;https://contrataciondelestado.es/wps/poc?uri=deeplink:detalle_licitacion&idEvl=DCql1aWImKhxseVhcqrkhw%3D%3D
Contratos menores;Comestibles y artículos desechables.;Alcaldía del Ayuntamiento de Jamilena;suministros;Resuelta;MANUELA LIEBANA GARRIDO;1500;https://contrataciondelestado.es/wps/poc?uri=deeplink:detalle_licitacion&idEvl=Dn7HWTa%2B6t4%2FbjW6njtWLw%3D%3D
Contratos menores;Autobús feria coto de bornos y bornos;Alcaldía del Ayuntamiento de Bornos;servicios;Resuelta;AUTOCARES LIRIO, SL;1500;https://contrataciondelestado.es/wps/poc?uri=deeplink:detalle_licitacion&idEvl=YgQQ2Ci6jKxSYrkJkLlFdw%3D%3D
Contratos menores;El objeto del contrato es la organización, coordinación y desarrollo de la Copa Moncayo Escolar de Triatlón, actividad deportiva dirigida principalmente a población infantil y juvenil, mediante la realización de las actuaciones técnicas, organizativas y logísticas necesarias para su correcto desarrollo.;Presidencia de la Comarca de Tarazona y el Moncayo;servicios;Resuelta;AGRUPACION DEPORTIVA TARAZONA DE ATLETISMO;1500;https://contrataciondelestado.es/wps/poc?uri=deeplink:detalle_licitacion&idEvl=Ckpx2S9x5fWGCFcHcNGIlQ%3D%3D
Contratos menores;Jm963.Disparo De Castillo De Fuegos Artificiales El Dia 6/6/26 En Barriomar. Apr.Pleno 18/5/2026;Junta de Gobierno del Ayuntamiento de Murcia;servicios;Resuelta;PIROTECNIA CAÑETE, S.L.;1500;https://contrataciondelestado.es/wps/poc?uri=deeplink:detalle_licitacion&idEvl=oDgqOj7hAFaOUi78BmzhOQ%3D%3D
Contratos menores;"Contrato menor de servicios de un espectáculo artístico consistente en un concierto de música clásica denominado ""Sólo violín""";Alcaldia del Ayuntamiento de Massalfassar;servicios;Resuelta;AOIDE ARTE Y CULTURA S.L.;1500;https://contrataciondelestado.es/wps/poc?uri=deeplink:detalle_licitacion&idEvl=%2B%2FnfjgPGP26LAncw3qdZkA%3D%3D
Contratos menores;Realizar amenización músical para el dia de Extremadura.;Junta Vecinal de la Entidad Local Menor de Valdivia;servicios;Resuelta;RUBEN GALLEGO RODRIGUEZ;1500;https://contrataciondelestado.es/wps/poc?uri=deeplink:detalle_licitacion&idEvl=ZA2Ii7X9GA28ebB%2FXTwy0A%3D%3D
Contratos menores;"Contrato de Patrocinio Publicitario entre el Ayuntamiento de Cangas del Narcea e INCUNA para la organización del itinerario de Patrimonio Industrial ""De la Tierra a la Tierra"". Paisaje, Cultura y Patrimonio en Cangas del Narcea";Alcaldía del Ayuntamiento de Cangas del Narcea;privado;Resuelta;INCUNA;1500;https://contrataciondelestado.es/wps/poc?uri=deeplink:detalle_licitacion&idEvl=V4nB1WhB%2Fsd4zIRvjBVCSw%3D%3D
Contratos menores;Pago parcial de una analitica sobre el contrato servicio de análisis acreditado, según iso 17025 o equivalente, de sustancias prioritarias y preferentes incluido en los anexos iv y v del real decreto;Instituto Tecnológico de Canarias S.A.;servicios;Resuelta;LABAQUA, S.A.;1500;https://contrataciondelestado.es/wps/poc?uri=deeplink:detalle_licitacion&idEvl=rfe9pVrqVIxrSd8H4b2soA%3D%3D
Contratos menores;Contrato de servicio de catering actividades deportivas;Junta de Gobierno Local del Ayuntamiento de Albuixech;servicios;Resuelta;The Padrino´S, S.L.;1497,27;https://contrataciondelestado.es/wps/poc?uri=deeplink:detalle_licitacion&idEvl=SC1Cmw%2FpX2K8ebB%2FXTwy0A%3D%3D
Contratos menores;Campaña de publicidad institucional de comunicación de difusión de las Enseñanzas de Idiomas, que se publicará entre los días 24 al 31 de agosto de 2026.;Consejería de la Presidencia de la Junta de Castilla y León;servicios;Resuelta;EUKAST S.L.;1497,09;https://contrataciondelestado.es/wps/poc?uri=deeplink:detalle_licitacion&idEvl=131hIyKdfRpVq4S9zvaQpQ%3D%3D
Contratos menores;Contrato menor 334/2026. Montaje y desmontaje instalación eléctrica el Angosto.;Alcaldía del Ayuntamiento de Serón;obras;Resuelta;REFRIGERACION FERNANDEZ S L;1496,3;https://contrataciondelestado.es/wps/poc?uri=deeplink:detalle_licitacion&idEvl=as%2Fee9TZyG0zjChw4z%2FXvw%3D%3D
Contratos menores;Sustitución de los inversores de fotovoltaica 5 kw de levante por estar averiados;Presidencia de la Autoridad Portuaria de Almería;servicios;Resuelta;KIT PHOTOVOLTAICOS, S.L.;1496,06;https://contrataciondelestado.es/wps/poc?uri=deeplink:detalle_licitacion&idEvl=TGcAP12ryh6kU02jNGj1Fw%3D%3D
Contratos menores;Dar a conocer a los ciudadanos las actividades de promoción, formación, asesoramiento y certificación de las competencias digitales, en el marco del Programa CyL Digital;Consejería de Movilidad, Transformación Digital e Inteligencia Artificial de la Junta de Castilla y León;servicios;Resuelta;BURGOS PUBLICACIONES , S.A.;1491,91;https://contrataciondelestado.es/wps/poc?uri=deeplink:detalle_licitacion&idEvl=H906oU3ycL%2FgL1BHd3qjQA%3D%3D
Contratos menores;suministro de herramientas y útiles diversos destinados a los Servicios Municipales del Ayuntamiento de La Palma del Condado;Alcaldía del Ayuntamiento de La Palma del Condado;suministros;Resuelta;AUTO RECAMBIOS CORUMBEL;1487,6;https://contrataciondelestado.es/wps/poc?uri=deeplink:detalle_licitacion&idEvl=Adc2NpflPZm8ebB%2FXTwy0A%3D%3D
Contratos menores;Suministro de 3 ordenadores portátiles para el Ayuntamiento de La Solana;Alcaldía del Ayuntamiento de La Solana;suministros;Resuelta;CHOKA REVOLUTION PCS S.L.U.;1487,58;https://contrataciondelestado.es/wps/poc?uri=deeplink:detalle_licitacion&idEvl=2HbXQ07uf99t5r0ngvMetA%3D%3D
Contratos menores;GAPTO Pañales desechable pacientes incontinentes residencias sociosanitarias;Dirección Gerencia de Atención Primaria de Toledo;suministros;Resuelta;LABORATORIOS INDAS, S.A.U.;1487,42;https://contrataciondelestado.es/wps/poc?uri=deeplink:detalle_licitacion&idEvl=6KHBOp4QaUpVkTabT%2FRM8A%3D%3D
Contratos menores;Proporcionar a los alumnos de los cursos de la Escuela Regional de Policía Local los impresos necesarios para realizar prácticas en materia de Tráfico y Seguridad Vial;Vicepresidencia Segunda de la Junta de Castilla y León;suministros;Resuelta;PAPELERIA SAN FERNANDO, S.L.;1486;https://contrataciondelestado.es/wps/poc?uri=deeplink:detalle_licitacion&idEvl=fAhYLhcZieeFQ%2FlhRK79lA%3D%3D
Contratos menores;Servicio de reparación reja autolimpiante desbaste EDAR Fuente de Piedra II;Presidencia del Consorcio Provincial del Agua de Málaga;servicios;Resuelta;MECANIZADOS MÁLAGA, S.L.;1480;https://contrataciondelestado.es/wps/poc?uri=deeplink:detalle_licitacion&idEvl=Au%2F00M4KzlcQyBAnWzHfCg%3D%3D
Contratos menores;Servicio de reparación reja autolimpiante desbaste EDAR Villanueva de la Concepción;Presidencia del Consorcio Provincial del Agua de Málaga;servicios;Resuelta;MECANIZADOS MÁLAGA, S.L.;1480;https://contrataciondelestado.es/wps/poc?uri=deeplink:detalle_licitacion&idEvl=JdoaqTyIMyLjHF5qKI4aaw%3D%3D
Contratos menores;Construcción de hueco decorativo para albergar monitores de TV;Presidencia de la Autoridad Portuaria de Almería;servicios;Resuelta;SERINAL SERVICIOS INTEGRADOS, S.L.UNIPERS;1480;https://contrataciondelestado.es/wps/poc?uri=deeplink:detalle_licitacion&idEvl=EJoeT6Z1UGHkY6rls5tG9A%3D%3D
Contratos menores;Suscripción a cronus plus total para las Bibliotecas del Consejo. Disposición Adicional Novena LCSP;Consejo General del Poder Judicial;privado;Resuelta;EDITORIAL JURIDICA SEPIN S.L.;1474,22;https://contrataciondelestado.es/wps/poc?uri=deeplink:detalle_licitacion&idEvl=i5P3fo55cZx70UvEyYJSGw%3D%3D
Contratos menores;Servizo de limpeza do centro de Atención Temperá do Concello de Vilalba (outubro-decembro);Alcaldía del Concello de Vilalba;servicios;Resuelta;Nortex Outsourcing Global, S.L;1463,88;https://contrataciondelestado.es/wps/poc?uri=deeplink:detalle_licitacion&idEvl=tepjAJc6oS39pbnDwlaUlg%3D%3D
Contratos menores;Contrato menor 304/2026. Materiales para trabajos en cementerio de la Loma.;Alcaldía del Ayuntamiento de Serón;suministros;Resuelta;JOSE ENRIQUE MORA GUIRADO S.L;1460,6;https://contrataciondelestado.es/wps/poc?uri=deeplink:detalle_licitacion&idEvl=f4jZuxkXJ1%2FpxJFXpLZ%2B2A%3D%3D
Contratos menores;Suministro, la instalación y la puesta en marcha de una fuente dispensadora de agua destinada al espacio habilitado como Refugio Climático en la Dirección Provincial del Instituto Social de la Marina (ISM) de Vigo.;Instituto Social de la Marina -Dirección Provincial de Vigo;suministros;Resuelta;Veolia Servicios Norte, S.A.U.;1456,29;https://contrataciondelestado.es/wps/poc?uri=deeplink:detalle_licitacion&idEvl=tyjRISPgnRIadbH3CysQuQ%3D%3D
Contratos menores;Contrato de Servicio para realizar distintos trabajos de carpintería.;Alcaldía del Ayuntamiento de Tordesillas;servicios;Resuelta;MUEBLES RODRIGUEZ MARTIN SL;1455;https://contrataciondelestado.es/wps/poc?uri=deeplink:detalle_licitacion&idEvl=2CVhdxegu3H%2B3JAijKO%2Bkg%3D%3D
Contratos menores;DO y CSS Trabajos varios Carboneras;Presidencia de la Autoridad Portuaria de Almería;servicios;Resuelta;JIMENEZ JIMENEZ, RAUL;1450;https://contrataciondelestado.es/wps/poc?uri=deeplink:detalle_licitacion&idEvl=L4pS9MkklWxrSd8H4b2soA%3D%3D
Contratos menores;Contrato menor de servicios cuyo objeto es la representación de la obra de teatro: Notorio, el Tenorio Irrisorio, el día 2 de octubre de 2026. (Financiado mediante subvención concedida por Resolución de la Diputada Delegada del Área de Cultura y Ciudadanía de la Excma. Diputación de Sevilla número 8192/2025, de fecha 11/11/2025, en el marco de la convocatoria de subvenciones para la realización de actividades culturales municipales en apoyo a la contratación artística correspondiente al ejercicio 2025).;Alcaldia del Ayuntamiento de Estepa;servicios;Resuelta;EL OJO DEL BULULU SL;1450;https://contrataciondelestado.es/wps/poc?uri=deeplink:detalle_licitacion&idEvl=71do5XLlqZbpxJFXpLZ%2B2A%3D%3D
Contratos menores;GAPTO Pañales desechable pacientes menores discapacitados incontinentes;Dirección Gerencia de Atención Primaria de Toledo;suministros;Resuelta;PROCTER & GAMBLE ESPAÑA S.A.;1442,68;https://contrataciondelestado.es/wps/poc?uri=deeplink:detalle_licitacion&idEvl=pvIrJNWPMB0%2Bk2oCbDosIw%3D%3D
Contratos menores;Instalación eléctrica interfono recepción Sala Blanca;Gerencias de los Institutos de la Agencia Estatal Consejo Superior de Investigaciones Científicas;suministros;Resuelta;JUAN CARLOS HERNÁNDEZ MÁRQUEZ;1442;https://contrataciondelestado.es/wps/poc?uri=deeplink:detalle_licitacion&idEvl=y7h6ewH%2Br8WkU02jNGj1Fw%3D%3D
Contratos menores;Inteligencia Relacional: Gestionar Emociones y Constituir Buenas Relaciones Laborales;Dirección General del Ente Público Radiotelevisión de Castilla-La Mancha;servicios;Resuelta;MARÍA ESTELA PLAZA GARCÍA;1440;https://contrataciondelestado.es/wps/poc?uri=deeplink:detalle_licitacion&idEvl=ILYLTFOGAfmzz8fXU2i3eQ%3D%3D
Contratos menores;Imparticion del curso y asesoramiento para la elaboracion de materiales de la formacion titulada Evaluacion Formativa, delproyecto Matematicas Newton Canarias.;Dirección General de Ordenación de las Enseñanzas, Inclusión e Innovación;servicios;Resuelta;PALOP DEL RIO BELEN;1440;https://contrataciondelestado.es/wps/poc?uri=deeplink:detalle_licitacion&idEvl=X2u5c8a1YQ%2BLAncw3qdZkA%3D%3D
Contratos menores;Imparticion del curso y asesoramiento para la elaboracion de materiales de la formacion titulada Evaluacion Formativa, delproyecto Matematicas Newton Canarias.;Dirección General de Ordenación de las Enseñanzas, Inclusión e Innovación;servicios;Resuelta;MORALES LOB MARIA DE LA CONSOLACION;1440;https://contrataciondelestado.es/wps/poc?uri=deeplink:detalle_licitacion&idEvl=0W8FT%2FAezDBVkTabT%2FRM8A%3D%3D
Contratos menores;GAPTO Pañales desechable pacientes incontinentes residencias sociosanitarias;Dirección Gerencia de Atención Primaria de Toledo;suministros;Resuelta;LABORATORIOS INDAS, S.A.U.;1435,64;https://contrataciondelestado.es/wps/poc?uri=deeplink:detalle_licitacion&idEvl=seFZDlKj3YBVq4S9zvaQpQ%3D%3D
Contratos menores;Actualización de operador de UAS/drones en vuelos categoría abierta, específica y servicios NO EASA;Presidencia de la Autoridad Portuaria de Almería;servicios;Resuelta;Juan Carlos Liébana Judas (UAS SPAIN);1430;https://contrataciondelestado.es/wps/poc?uri=deeplink:detalle_licitacion&idEvl=gALtNzP7svx70UvEyYJSGw%3D%3D
Contratos menores;Servicio de redacción memoria y dirección obra y coordinación de seguridad y salud para la ejecución de actuaciones del Fondo estratégico Municipal prevención incendios y gestión forestal 2026.;Alcaldía del Ayuntamiento de Alfondeguilla;servicios;Resuelta;JESUS BALLESTER PERIS;1427,34;https://contrataciondelestado.es/wps/poc?uri=deeplink:detalle_licitacion&idEvl=f%2FGI20mp9cjE6P%2FuLemXRw%3D%3D
Contratos menores;Adquisición de piezas y productos para reparación de vehículos municipales;Alcaldía del Ayuntamiento de Bornos;suministros;Resuelta;ANTONIO JESÚS MORALES JAÉN;1425,26;https://contrataciondelestado.es/wps/poc?uri=deeplink:detalle_licitacion&idEvl=Zrw79Q5StreOUi78BmzhOQ%3D%3D
Contratos menores;Suministro de CINCO (5) Armarios de oficina metálicos puerta persiana y estantes, medidas 120x45x100 cm, con destino al servicio de Admisiones del HOA (Puerta Principal);Gerencia del Área Sanitaria VI del Servicio de Salud del Principado de Asturias;suministros;Resuelta;COMERCIAL MANUEL URONES, SL;1425;https://contrataciondelestado.es/wps/poc?uri=deeplink:detalle_licitacion&idEvl=LnS103eN8NiP%2Bo96UAV7cQ%3D%3D
Contratos menores;Mantenimiento del sistema de escáner de paquetería DETESCAN XR 5030 del Cuartel General del MACAN, desde el 01/07/26 al 31/06/27;Jefatura de la Sección Económico Administrativa 14 - Cuartel General del Mando Aéreo de Canarias;servicios;Resuelta;TARGET TECNOLOGIA SA;1420,56;https://contrataciondelestado.es/wps/poc?uri=deeplink:detalle_licitacion&idEvl=MStyqvEZ5FZeKgd8LfVV9g%3D%3D
Contratos menores;Instalación nuevo compresor, verificación 4 elevadores móviles, revisión 4 compresores de aire en centros del CPRSUM;Presidencia del Consorcio Provincial para la Gestión de los Residuos Sólidos Urbanos de Málaga;servicios;Resuelta;HIDROPAMER SOCIEDAD LIMITADA;1420;https://contrataciondelestado.es/wps/poc?uri=deeplink:detalle_licitacion&idEvl=S3ygevTOxyO9Hd5zqvq9cg%3D%3D
Contratos menores;El objeto del contrato es la contratación del Servicio de Interpretación en reuniones bilaterales. Gestión de la interpretación. Selección y gestión del equipo, coordinación de documentación y pases diarios si fuera preciso.;Consejería de Servicios Sociales;servicios;Resuelta;Paula Marta Osés Arregui;1420;https://contrataciondelestado.es/wps/poc?uri=deeplink:detalle_licitacion&idEvl=whuSvChx8lGHCIsjvJ3rhQ%3D%3D
Contratos menores;Servicio de videografía para el evento Canarias Comunica 26 (grabación 5 h, edición 90'', compactado de clips, adaptación vertical, rótulos y subtítulos).;Dirección General de la Institución Ferial de Canarias;servicios;Resuelta;ALBERTO BRITO RIVERO;1410;https://contrataciondelestado.es/wps/poc?uri=deeplink:detalle_licitacion&idEvl=Hv5%2BHNJLkwc4NavIWzMcHA%3D%3D
Contratos menores;Pintado de aparcamientos, premarcaje, encintado en zona Varadero;Presidencia de la Autoridad Portuaria de Almería;servicios;Resuelta;VIALES Y SEÑALES INDALICAS, S.L.;1410;https://contrataciondelestado.es/wps/poc?uri=deeplink:detalle_licitacion&idEvl=hNuYoOLgzx4IYE3ZiZ%2BxmQ%3D%3D
Contratos menores;AB- Reparación fuga de agua aseo aula 4 de la EEII El Tren Azul;Delegación Provincial de la Consejería de Educación, Cultura y Deportes en Albacete;obras;Resuelta;CONSTRUCCIONES BARRAGENSES;1400;https://contrataciondelestado.es/wps/poc?uri=deeplink:detalle_licitacion&idEvl=BPRdJ5zo7t3zAq95uGTrDQ%3D%3D
Contratos menores;Suministro de un ventilador extractor móvil para espacios confinados;Presidencia del Consorcio Provincial del Agua de Málaga;suministros;Resuelta;EPICENTER MALAGA, S.L.;1400;https://contrataciondelestado.es/wps/poc?uri=deeplink:detalle_licitacion&idEvl=nipv1ds958ktm4eBPtV6eQ%3D%3D
Contratos menores;"Programa Actividades En Bibliotecas ""Anem a la Biblio"" (Clubs de Lectura). Periodo Octubre - Diciembre 2026. Actividad: ""Laboratorio, Otoño en la Biblioteca"" en Biblioteca Benalúa, ""Laboratorio, día de las Bibliotecas"" en Bilbioteca Florida-Babel, ""Laboratorio, naturaleza en la Biblioteca"" en Biblioteca Pla-Carolinas y ""Laboratorio, contra la violencia de género"" en Biblioteca Diagonal.";Junta de Gobierno Local del Ayuntamiento de Alicante;servicios;Resuelta;ASOCIACIÓN VA DE CUENTOS;1400;https://contrataciondelestado.es/wps/poc?uri=deeplink:detalle_licitacion&idEvl=W6DWJe5lt7Zt5r0ngvMetA%3D%3D
Contratos menores;Interposición de recurso de apelación - Procedimiento ordinario 9/2024 interpuesto por Colección Ana Sorondo - Declaración responsable urbanística.;Alcaldía del Ayuntamiento de El Berrueco;servicios;Resuelta;GABINETE JURIDICO LOCAL Y URBANISTICO, S.L.;1400;https://contrataciondelestado.es/wps/poc?uri=deeplink:detalle_licitacion&idEvl=jjrCHNVmk0npxJFXpLZ%2B2A%3D%3D
Contratos menores;Servicio reparación bomba agua bruta CAPRARI KCMGM04043NA-E bombeo entrada a EDAR Campillos;Presidencia del Consorcio Provincial del Agua de Málaga;servicios;Resuelta;HIDROMECANICA MALAGA, S.C.;1399,33;https://contrataciondelestado.es/wps/poc?uri=deeplink:detalle_licitacion&idEvl=L9%2FNFW8N8y%2Fs%2BnLj3vAg5A%3D%3D
Contratos menores;GAPTO Pañales desechable pacientes incontinentes residencias sociosanitarias;Dirección Gerencia de Atención Primaria de Toledo;suministros;Resuelta;PATENTE MÉDICO SANITARIA, S.L.;1399,22;https://contrataciondelestado.es/wps/poc?uri=deeplink:detalle_licitacion&idEvl=8ZsI7hdAmdDs%2BnLj3vAg5A%3D%3D
Contratos menores;GAPTO Pañales desechable pacientes incontinentes residencias sociosanitarias;Dirección Gerencia de Atención Primaria de Toledo;suministros;Resuelta;LABORATORIOS INDAS, S.A.U.;1391,88;https://contrataciondelestado.es/wps/poc?uri=deeplink:detalle_licitacion&idEvl=RAJifl3FV4HLIx6q1oPaMg%3D%3D
Contratos menores;GAPTO Pañales desechable pacientes menores discapacitados incontinentes;Dirección Gerencia de Atención Primaria de Toledo;suministros;Resuelta;LABORATORIOS INDAS, S.A.U.;1381,21;https://contrataciondelestado.es/wps/poc?uri=deeplink:detalle_licitacion&idEvl=mQHdTF%2BPwIGP66GS%2BONYvQ%3D%3D
Contratos menores;GAPTO Pañales desechable pacientes incontinentes residencias sociosanitarias;Dirección Gerencia de Atención Primaria de Toledo;suministros;Resuelta;LABORATORIOS INDAS, S.A.U.;1377,73;https://contrataciondelestado.es/wps/poc?uri=deeplink:detalle_licitacion&idEvl=Mf58ovSwEfC2gkLQ8TeYKA%3D%3D
Contratos menores;Reparación del vástago y cilindro derecho del bulldozer D6R del Departamento de Vías, Obras, Infraestructuras y Medio Ambiente;Presidencia de la Diputación Provincial de Ciudad Real;servicios;Resuelta;FINANZAUTO SA;1374,8;https://contrataciondelestado.es/wps/poc?uri=deeplink:detalle_licitacion&idEvl=8jN5s4ZNuFGOUi78BmzhOQ%3D%3D
Contratos menores;Estudio Geotécnico para el Centro Social para Personas Mayores;Junta de Gobierno del Ayuntamiento de Alquerías del Niño Perdido;servicios;Resuelta;MAESTRAT GLOBAL SL;1374;https://contrataciondelestado.es/wps/poc?uri=deeplink:detalle_licitacion&idEvl=BtSTmCoH40ycTfjQf3USOg%3D%3D
Contratos menores;GAPTO Pañales desechable pacientes incontinentes residencias sociosanitarias;Dirección Gerencia de Atención Primaria de Toledo;suministros;Resuelta;LABORATORIOS INDAS, S.A.U.;1372,52;https://contrataciondelestado.es/wps/poc?uri=deeplink:detalle_licitacion&idEvl=mFJrrgrtm%2FFxseVhcqrkhw%3D%3D
Contratos menores;Mantenimiento electrico del area de autocaravanas de Alcoba;Alcaldía del Ayuntamiento de Alcoba;servicios;Resuelta;INTELEC LA MANCHA;1372,23;https://contrataciondelestado.es/wps/poc?uri=deeplink:detalle_licitacion&idEvl=T1AIpeGvulQ36J9Lctlsuw%3D%3D
Contratos menores;Contrato se servicios de revisión, verificación y emisión del certificado de cumplimiento del principio DNSH —“no causar un perjuicio significativo al medio ambiente”— correspondiente al proyecto VALDATA;Dirección de Gestión de la Fundación Instituto de Investigación Marqués de Valdecilla;servicios;Resuelta;ACIE AGENCIA DE CERTIFICACIÓN ESPAÑOLA S.L.;1371,21;https://contrataciondelestado.es/wps/poc?uri=deeplink:detalle_licitacion&idEvl=z%2BVd4%2FZ7r2cUqXM96WStVA%3D%3D
Contratos menores;Cafés para el curso 2026agr021;Consejería de la Presidencia de la Junta de Castilla y León;servicios;Resuelta;CAROLINA SANCHEZ HARO;1370;https://contrataciondelestado.es/wps/poc?uri=deeplink:detalle_licitacion&idEvl=uY%2FseWV5fG6HCIsjvJ3rhQ%3D%3D
Contratos menores;El objeto del contrato es la contratación de procurador para la interposición de recurso contencioso-administrativo frente a los acuerdos del Consejo de Gobierno de la Comunidad de Madrid sobre el concejo abierto de La Hiruela;Alcaldía del Ayuntamiento de La Hiruela;servicios;Resuelta;DANIEL BUFALÁ BALMASEDA;1350;https://contrataciondelestado.es/wps/poc?uri=deeplink:detalle_licitacion&idEvl=y60MKczMt08%2FbjW6njtWLw%3D%3D
Contratos menores;Contrato menor para servicio de presentación y mantenimiento del III Congreso Internacional Bandera Azul en Islantilla.;Vicepresidencia de la Mancomunidad de Islantilla;servicios;Resuelta;Comunicatura S.L.;1350;https://contrataciondelestado.es/wps/poc?uri=deeplink:detalle_licitacion&idEvl=sEtfMjh0eJDVGIpKDxgsAQ%3D%3D
Contratos menores;Contrato menor de servicio para la realización de un cuso de aprendizaje de Baile Payés;Presidencia del Consell Insular d'Eivissa;servicios;Resuelta;AS. SA COLLA DE CAN BONET;1350;https://contrataciondelestado.es/wps/poc?uri=deeplink:detalle_licitacion&idEvl=CD61L%2FJN0G4tm4eBPtV6eQ%3D%3D
Contratos menores;REPOSICIÓN sistema climatización del espacio en el que se ubica el armario RACK de comunicaciones. S.Gº PONTEVEDRA;Subdelegación del Gobierno en Pontevedra;suministros;Resuelta;AUXGASCA, S.L.;1348;https://contrataciondelestado.es/wps/poc?uri=deeplink:detalle_licitacion&idEvl=xZOJ2pQSfdiAAM7L03kM8A%3D%3D
Contratos menores;Suministro equipamiento informático jurídica Urbanismo;Junta de Gobierno del Ayuntamiento de Noblejas;suministros;Resuelta;AF Informática Profesional Toledana S.L;1344,43;https://contrataciondelestado.es/wps/poc?uri=deeplink:detalle_licitacion&idEvl=Dz4MLVAmvNRSYrkJkLlFdw%3D%3D
Contratos menores;GAPTO Pañales desechable pacientes incontinentes residencias sociosanitarias;Dirección Gerencia de Atención Primaria de Toledo;suministros;Resuelta;Active Medical Disposable, S.A.U.;1340,31;https://contrataciondelestado.es/wps/poc?uri=deeplink:detalle_licitacion&idEvl=ENSkq12BNVxWhbmkna2nXQ%3D%3D
Contratos menores;Por actuaciones de reparación en fuente Plaza de España.;Alcaldía del Ayuntamiento de Robledo de Chavela;obras;Resuelta;MULTISERVICIOS GLYCON E.S.P.J.;1335;https://contrataciondelestado.es/wps/poc?uri=deeplink:detalle_licitacion&idEvl=HgZ7ilY%2BRfKcCF8sV%2BqtYA%3D%3D
Contratos menores;Adquisición de un monitor Apple Studio Display Estandar soporte.;Gerencias de los Institutos de la Agencia Estatal Consejo Superior de Investigaciones Científicas;suministros;Resuelta;Ktuin Sistemas Informáticos S.A.U.;1333,92;https://contrataciondelestado.es/wps/poc?uri=deeplink:detalle_licitacion&idEvl=ve2NLfqao7uIzo3LHNPGcQ%3D%3D
Contratos menores;GAPTO Pañales desechable pacientes incontinentes residencias sociosanitarias;Dirección Gerencia de Atención Primaria de Toledo;suministros;Resuelta;PATENTE MÉDICO SANITARIA, S.L.;1333,61;https://contrataciondelestado.es/wps/poc?uri=deeplink:detalle_licitacion&idEvl=s4iWEFoDNR2LAncw3qdZkA%3D%3D
Contratos menores;GAPTO Pañales desechable pacientes incontinentes residencias sociosanitarias;Dirección Gerencia de Atención Primaria de Toledo;suministros;Resuelta;Active Medical Disposable, S.A.U.;1327,38;https://contrataciondelestado.es/wps/poc?uri=deeplink:detalle_licitacion&idEvl=uPF%2Bz%2BB%2BKwsl5NjlNci%2BtA%3D%3D
Contratos menores;GAPTO Pañales desechable pacientes incontinentes residencias sociosanitarias;Dirección Gerencia de Atención Primaria de Toledo;suministros;Resuelta;Active Medical Disposable, S.A.U.;1326,98;https://contrataciondelestado.es/wps/poc?uri=deeplink:detalle_licitacion&idEvl=iwJYIe29YmQkJPJS%2BPS9vg%3D%3D
Contratos menores;Poda y afeitado de palmeras;Presidencia de la Autoridad Portuaria de Almería;servicios;Resuelta;RODULFO DELGADO, PEDRO JOSE;1310;https://contrataciondelestado.es/wps/poc?uri=deeplink:detalle_licitacion&idEvl=YLIEDeqc2oPVGIpKDxgsAQ%3D%3D
Contratos menores;GAPTO Pañales desechable pacientes incontinentes residencias sociosanitarias;Dirección Gerencia de Atención Primaria de Toledo;suministros;Resuelta;LABORATORIOS INDAS, S.A.U.;1307,01;https://contrataciondelestado.es/wps/poc?uri=deeplink:detalle_licitacion&idEvl=KGtC38%2Fi87SP%2Bo96UAV7cQ%3D%3D
Contratos menores;Reposición 4 impresoras en el Servicio fiscal de Mérida;Consejería de Hacienda, Administración Pública y Diálogo Social;suministros;Resuelta;JAVIER JIMENEZ NICOLAS;1305,76;https://contrataciondelestado.es/wps/poc?uri=deeplink:detalle_licitacion&idEvl=D0YbJENffr4eC9GJQOEBkQ%3D%3D
Contratos menores;Espectáculo de humo y fuego Veguilla;Alcaldía del Ayuntamiento de Benavente;servicios;Resuelta;PIROTECNIA BENAVENTE SL;1303;https://contrataciondelestado.es/wps/poc?uri=deeplink:detalle_licitacion&idEvl=h6pCBPKdmiDE6P%2FuLemXRw%3D%3D
Contratos menores;Contratación control de patologías en edificio situado en término municipal de Albuixech. Nueva piscina.;Junta de Gobierno Local del Ayuntamiento de Albuixech;servicios;Resuelta;SOCOTEC CONTROL AND INSPECTIONS SPAIN, S.A.U;1302;https://contrataciondelestado.es/wps/poc?uri=deeplink:detalle_licitacion&idEvl=DpD25V2mzD6dkQsA7ROvsg%3D%3D
Contratos menores;"CR - Servicios de diseño e instalación exposición ""Imágenes del pasado. Fotografía en CLM (1839-1936)"" - Museo Merced";Delegación Provincial de la Consejería de Educación, Cultura y Deportes en Ciudad Real;servicios;Resuelta;YOLANDA OLIVER MENDEZ;1295;https://contrataciondelestado.es/wps/poc?uri=deeplink:detalle_licitacion&idEvl=Ht2Ibq8TN%2F8Xhk1FZxEyvw%3D%3D
Contratos menores;Retirada de hoja de puerta existente y colocación de puerta nueva con marcos y hoja de medidas 0,90 de ancho por 2,14 de altura, con zócalo de chapa de 0,50 en la parte inferior de la puerta y con una rejilla de ventilación en la parte inferior lateral, con barra antipánico para salida de emergencia con apertura hacia la calle, colocación sobre marco de puerta existente, con cristal carglass encima del zócalo, en color aluminio plata en Centro de Adultos;Alcaldía del Ayuntamiento de Santa Marta de Tormes;servicios;Resuelta;JUAN ANTONIO HERNANDEZ MARTIN;1295;https://contrataciondelestado.es/wps/poc?uri=deeplink:detalle_licitacion&idEvl=27DW0TV6US3pxJFXpLZ%2B2A%3D%3D
Contratos menores;adquisición impresora-fotocopiadora;Alcaldia del Ayuntamiento de Toral de los Vados;suministros;Resuelta;proyectos sistemas y peritaciones sl;1290;https://contrataciondelestado.es/wps/poc?uri=deeplink:detalle_licitacion&idEvl=lz4YK7hj2rLzAq95uGTrDQ%3D%3D
Contratos menores;Contrato de Suministros de raton(es) - hembra - 8 semana(s) - spf c57bl/6jrj ref: sc-c57j-f c57bl/6j 40,00un 32,36 15,010% 27,50 1 100,00, transportes ref: et-tr-espagne2 1,00un 113,78 113,78, otros suministros embalaje spf ref: et-em-lfpspfg 2,00un 38,08 76,16 para el proyecto apg/31;Dirección de Gestión de la Fundación Instituto de Investigación Marqués de Valdecilla;suministros;Resuelta;JANVIER LABS;1289,94;https://contrataciondelestado.es/wps/poc?uri=deeplink:detalle_licitacion&idEvl=qEmICJteR6OHCIsjvJ3rhQ%3D%3D
Contratos menores;Servicios de Pequeñas reparaciones de fontanería, carpintería, albañilería, cerrajería, electricidad, consumibles y/o sustitución bombillas, jardinería de interior y exterior;Director Gerente de FREMAP;servicios;Resuelta;SERVICIOS INTEGRALES DE GESTIÓN Y MTTO;1288,97;https://contrataciondelestado.es/wps/poc?uri=deeplink:detalle_licitacion&idEvl=qL6BzwVkj8aP66GS%2BONYvQ%3D%3D
Contratos menores;Adjudicación de contrato menor de servicios de limpieza de segunda planta, aula de formación y escalera del Edificio Municipal de Calle Trafalgar.;Junta de Gobierno Local del Ayuntamiento de San Fulgencio;servicios;Resuelta;MARIA JOSE MAÑOGIL LORENZO;1288;https://contrataciondelestado.es/wps/poc?uri=deeplink:detalle_licitacion&idEvl=sm10wlld2rMadbH3CysQuQ%3D%3D
Contratos menores;Instalación paneles acústicos gama acoustic foam con adhesivo Sala reuniones pequeña segunda planta IMB;Gerencias de los Institutos de la Agencia Estatal Consejo Superior de Investigaciones Científicas;suministros;Resuelta;SERINAC INSONORIZACIONES S.L.;1285;https://contrataciondelestado.es/wps/poc?uri=deeplink:detalle_licitacion&idEvl=4KFeYg0d1uBQFSeKCRun4Q%3D%3D
Contratos menores;Adquisición bandera institucional 12x8 metros;Presidencia de la Autoridad Portuaria de Almería;suministros;Resuelta;IBERICA DE ESTRATIFICADOS SL;1280;https://contrataciondelestado.es/wps/poc?uri=deeplink:detalle_licitacion&idEvl=EjJ6%2F00O6tcadbH3CysQuQ%3D%3D
Contratos menores;Suministro de material promocional para el CEPC 2026.;Dirección del Centro de Estudios Políticos y Constitucionales;suministros;Resuelta;ENLAZE PUBLICITARIO, SL;1279;https://contrataciondelestado.es/wps/poc?uri=deeplink:detalle_licitacion&idEvl=V11H39F%2FUIM7u6%2B%2FR7DUoA%3D%3D
Contratos menores;Reparación puerta seccional de acceso al parque de maquinaria de Segovia.;Servicio Territorial de Movilidad y Transformación Digital de Segovia;obras;Resuelta;JESUS MARÍA MARINAS VELASCO;1278;https://contrataciondelestado.es/wps/poc?uri=deeplink:detalle_licitacion&idEvl=pr6m8djKdg6TylGzYmBF9Q%3D%3D
Contratos menores;Conjunto Split Inverter 5353 FRG R-32 TXF60F Wifi (Equipo de aire acondicionado,equipamiento inventariable);Gerencias de los Institutos de la Agencia Estatal Consejo Superior de Investigaciones Científicas;suministros;Resuelta;SOTEC LUIS CROVETTO S.A.;1270;https://contrataciondelestado.es/wps/poc?uri=deeplink:detalle_licitacion&idEvl=%2BRM9ULQ1i48mMOlAXxDEjw%3D%3D
Contratos menores;963.Suministro De Pasteles De Carne El Dia 6 De Junio Fiesta Popular En Barriomar.Ap.Pleno 18/5/26;Junta de Gobierno del Ayuntamiento de Murcia;suministros;Resuelta;GARCÍA MARTÍNEZ ÁNGEL;1265;https://contrataciondelestado.es/wps/poc?uri=deeplink:detalle_licitacion&idEvl=DHAuOoc6V3nI8aL3PRS10Q%3D%3D
Contratos menores;Contrato de suministro de material de fontanería necesaria para el mantenimiento del Departamento de Jardinería.;Alcaldía del Ayuntamiento de Tordesillas;suministros;Resuelta;DIEZ SERNA SL;1260,97;https://contrataciondelestado.es/wps/poc?uri=deeplink:detalle_licitacion&idEvl=N1b9slnXGoK2gkLQ8TeYKA%3D%3D
Contratos menores;Incremento honorarios DO Ampliación tercer carril;Presidencia de la Autoridad Portuaria de Almería;servicios;Resuelta;INGENIO SOLUCIONES TÉCNICAS Y PROYECTOS, S.L.;1253;https://contrataciondelestado.es/wps/poc?uri=deeplink:detalle_licitacion&idEvl=eiSst6L%2FRHNVq4S9zvaQpQ%3D%3D
Contratos menores;SSCC.SP/186/26 Contratación de ponente experto para la impartición del curso Tecnología LIDAR Terrestre Aplicada al Inventario Forestal;Viceconsejería de Medio Ambiente de la Junta de Comunidades de Castilla-La Mancha;servicios;Resuelta;UNIVERSIDAD CASTILLA- LA MANCHA;1252,1;https://contrataciondelestado.es/wps/poc?uri=deeplink:detalle_licitacion&idEvl=HP3o2lSzznp%2BF6L2uCfUWg%3D%3D
Contratos menores;GAPTO Pañales desechable pacientes incontinentes residencias sociosanitarias;Dirección Gerencia de Atención Primaria de Toledo;suministros;Resuelta;LABORATORIOS INDAS, S.A.U.;1250,14;https://contrataciondelestado.es/wps/poc?uri=deeplink:detalle_licitacion&idEvl=1wPV30vE7Hp%2BF6L2uCfUWg%3D%3D
Contratos menores;Servicio de 5 bodas civiles;Alcaldia del Ayuntamiento del Ayuntamiento de Olivares;servicios;Resuelta;BOTICA 29 CREACIONES, S.L.;1250;https://contrataciondelestado.es/wps/poc?uri=deeplink:detalle_licitacion&idEvl=%2FNRXB2DVVFs36J9Lctlsuw%3D%3D
Contratos menores;Contrato menor de arrendamiento de botellas de oxígeno medicinal para los centros deportivos municipales de Aluche y Gallur del Distrito de Latina;Distrito de Latina;suministros;Resuelta;SOCIEDAD ESPAÑOLA DE CARBUROS METALICOS S.A.;1248,75;https://contrataciondelestado.es/wps/poc?uri=deeplink:detalle_licitacion&idEvl=ab4rjqBOVBU4NavIWzMcHA%3D%3D
Contratos menores;Contrato de Servicios de inscripcion congreso eahp para una persona para el proyecto csi26/12;Dirección de Gestión de la Fundación Instituto de Investigación Marqués de Valdecilla;servicios;Resuelta;VIAJES EL CORTE INGLES, S.A.;1245;https://contrataciondelestado.es/wps/poc?uri=deeplink:detalle_licitacion&idEvl=IUGhCKiFVuE7u6%2B%2FR7DUoA%3D%3D
Contratos menores;Prevención de riesgos laborales 2026.;Alcaldía del Ayuntamiento de Cózar;servicios;Resuelta;ESTUDIO DE PREVENCION Y SALUD SOCIEDAD LIMITADA;1240;https://contrataciondelestado.es/wps/poc?uri=deeplink:detalle_licitacion&idEvl=9R0uTNLZCRWFQ%2FlhRK79lA%3D%3D
Contratos menores;Alquiler de barredora.;Presidencia de Nauta Sanxenxo Sociedad Limitada Unipersonal;suministros;Resuelta;AUSAVIL2, S.L.;1240;https://contrataciondelestado.es/wps/poc?uri=deeplink:detalle_licitacion&idEvl=8Wduyfz98QV%2FR5QFTlaM4A%3D%3D
Contratos menores;Desbroce del camino rural Bisserot;Alcaldía de la EATIM de Jesús Pobre;servicios;Resuelta;SANTIAGO COSTA COSTA;1239,67;https://contrataciondelestado.es/wps/poc?uri=deeplink:detalle_licitacion&idEvl=7liwCOy6%2FZlQFSeKCRun4Q%3D%3D
Contratos menores;"Representación de la obra de teatro ""El abrazo"" con motivo del día internacional de la infancia";Alcaldía del Ayuntamiento de Meco;servicios;Resuelta;TITIRITEROS DE BINEFAR S.L.;1239,67;https://contrataciondelestado.es/wps/poc?uri=deeplink:detalle_licitacion&idEvl=sI6HKGeBcwrs%2BnLj3vAg5A%3D%3D
Contratos menores;Cerramiento metálico bajo escalera Recinto Polideportivo Municipal;Alcaldía del Ayuntamiento de Alcoba;obras;Resuelta;LORENZO CARRASCO SAEZ;1239,67;https://contrataciondelestado.es/wps/poc?uri=deeplink:detalle_licitacion&idEvl=8JeJfZldJclq1DdmE7eaXg%3D%3D
Contratos menores;Retirada y colocación de lona publicitaria Quiron sector BD;Gerencia de Málaga Deportes y Eventos S.A.M.;servicios;Resuelta;Showbiz Producciones, S.L.;1235;https://contrataciondelestado.es/wps/poc?uri=deeplink:detalle_licitacion&idEvl=cjO%2FQsBufa%2FIGlsa0Wad%2Bw%3D%3D
Contratos menores;Subvención 2022 EMM - Mantenimiento de instrumentos: de viento;Alcaldía del Ayuntamiento de Torremolinos;servicios;Resuelta;MAREMUSIC RBC, SL;1227,27;https://contrataciondelestado.es/wps/poc?uri=deeplink:detalle_licitacion&idEvl=bRNz1QUDwp6kU02jNGj1Fw%3D%3D
Contratos menores;Contrato menor de suministro para la adquisición de mobiliario urbano ( bancos);Alcaldía del Ayuntamiento de Torreperogil;suministros;Resuelta;T. Q. TECNOL S.A.;1225;https://contrataciondelestado.es/wps/poc?uri=deeplink:detalle_licitacion&idEvl=0zLoyJR0t9VrhBlEHQFSKA%3D%3D
Contratos menores;GAPTO Pañales desechable pacientes incontinentes residencias sociosanitarias;Dirección Gerencia de Atención Primaria de Toledo;suministros;Resuelta;Active Medical Disposable, S.A.U.;1220,53;https://contrataciondelestado.es/wps/poc?uri=deeplink:detalle_licitacion&idEvl=VUyLLRpVXiQQyBAnWzHfCg%3D%3D
Contratos menores;Filtros equipos medición Calidad del aire.;Presidencia de la Autoridad Portuaria de Almería;suministros;Resuelta;GIS IBERICA, S.L.;1220;https://contrataciondelestado.es/wps/poc?uri=deeplink:detalle_licitacion&idEvl=evjQ1qbqifBVq4S9zvaQpQ%3D%3D
Contratos menores;GAPTO Pañales desechable pacientes incontinentes residencias sociosanitarias;Dirección Gerencia de Atención Primaria de Toledo;suministros;Resuelta;PATENTE MÉDICO SANITARIA, S.L.;1212,72;https://contrataciondelestado.es/wps/poc?uri=deeplink:detalle_licitacion&idEvl=tmTX02JZYa%2F5Rey58Yagpg%3D%3D
Contratos menores;Contrato menor 299/2026. 17 unidades jamón serrano selección.;Alcaldía del Ayuntamiento de Serón;suministros;Resuelta;JAMONES ARTESANOS DE SERON 1880 S.L.;1208,09;https://contrataciondelestado.es/wps/poc?uri=deeplink:detalle_licitacion&idEvl=cDULN7S75%2BYwYTJJ03sHog%3D%3D
Contratos menores;"Servicio de proyección y exhibición pública de la película ""Wicked"", prevista para el día 29 de agosto de 2026, a las 22:00 horas, en el Museo Villa Romana de l'Albir, dentro de la programación cultural municipal.";Junta de Gobierno del Ayuntamiento de L'Alfàs del Pi;servicios;Resuelta;ALSON ESPECTÁCULOS S.L.;1205;https://contrataciondelestado.es/wps/poc?uri=deeplink:detalle_licitacion&idEvl=TIf3TWmZIyeIzo3LHNPGcQ%3D%3D
Contratos menores;Curso de crochet (amigurumi) de la universidad popular, primer cuatrimestre curso 26/27;Alcaldía del Ayuntamiento de Carrión de Calatrava;servicios;Resuelta;TAR 2022 GESTION;1200;https://contrataciondelestado.es/wps/poc?uri=deeplink:detalle_licitacion&idEvl=EG9bVG937th9PLkba5eRog%3D%3D
Contratos menores;Actuación del grupo musical Darío Jover en la Cena de Hermandad.;Alcaldía del Ayuntamiento de Daya Vieja;servicios;Resuelta;BEBLACK PRODUCCIONES SLU;1200;https://contrataciondelestado.es/wps/poc?uri=deeplink:detalle_licitacion&idEvl=nu2g1D5eQ4Sqb7rCcv76BA%3D%3D
Contratos menores;vigilancia gas radon;Instituto Social de la Marina -Dirección Provincial de Tenerife;servicios;Resuelta;Stan Steinhoff - CONTRADON;1200;https://contrataciondelestado.es/wps/poc?uri=deeplink:detalle_licitacion&idEvl=b3w9wvvM4hZPpzdqOdhuWg%3D%3D
Contratos menores;Suministro de lona impresa microperforada QUIRON sector BD;Gerencia de Málaga Deportes y Eventos S.A.M.;suministros;Resuelta;JUMPEJ Servicios Generales, S.L.;1200;https://contrataciondelestado.es/wps/poc?uri=deeplink:detalle_licitacion&idEvl=aj2WW7YuFGLgL1BHd3qjQA%3D%3D
Contratos menores;Elaboración PLan Sanitario Agua;Alcaldía del Ayuntamiento de Tirgo;servicios;Resuelta;CENTRO NACIONAL DE TECNOLOGIA Y SEGURIDAD ALIMENTARIA (CNTA);1200;https://contrataciondelestado.es/wps/poc?uri=deeplink:detalle_licitacion&idEvl=GChu%2BEZDUPA4NavIWzMcHA%3D%3D
Contratos menores;Contratación Audiovisuales (Sonido) para el evento del día 9 de octubre para la XII edición de la Exposición Amalia Avia;Dirección del Instituto de la Mujer de Castilla-La Mancha;servicios;Resuelta;SILVER RAIN, S.L.;1200;https://contrataciondelestado.es/wps/poc?uri=deeplink:detalle_licitacion&idEvl=orOzB%2FLwQFEtm4eBPtV6eQ%3D%3D
Contratos menores;Segundo suministro lona impresa microperforada evento Premier Pádel 2026;Gerencia de Málaga Deportes y Eventos S.A.M.;suministros;Resuelta;JUMPEJ Servicios Generales, S.L.;1200;https://contrataciondelestado.es/wps/poc?uri=deeplink:detalle_licitacion&idEvl=5p%2FaB4zncxgeIBJRHQiPkQ%3D%3D
Contratos menores;Contrato menor 330/2026. Material régimen de alquiler carpa y sillas las Menas.;Alcaldía del Ayuntamiento de Serón;suministros;Resuelta;BURXANA EVENTOS S.L.;1200;https://contrataciondelestado.es/wps/poc?uri=deeplink:detalle_licitacion&idEvl=ZAtGy7jH%2BmLyoM4us5k4vw%3D%3D
Contratos menores;Campaña de publicidad institucional de comunicación de difusión de las Enseñanzas de Idiomas, que se publicará entre los días 24 al 31 de agosto de 2026.;Consejería de la Presidencia de la Junta de Castilla y León;servicios;Resuelta;GLOBAL FISTERRA S.L.;1200;https://contrataciondelestado.es/wps/poc?uri=deeplink:detalle_licitacion&idEvl=DSBrS4STKocwYTJJ03sHog%3D%3D
Contratos menores;Evaluación y plan de protección de la Instalación Portuaria Puerto de Almería ESLEI 0001;Presidencia de la Autoridad Portuaria de Almería;servicios;Resuelta;FRAILE MOLINA, MARIA AZUCENA;1200;https://contrataciondelestado.es/wps/poc?uri=deeplink:detalle_licitacion&idEvl=TLRlcTP2A5g4NavIWzMcHA%3D%3D
Contratos menores;Reparación de repetidor de radiocomunicaciones de Policía Portuaria;Presidencia de la Autoridad Portuaria de Almería;servicios;Resuelta;CEOTRONICS SL;1200;https://contrataciondelestado.es/wps/poc?uri=deeplink:detalle_licitacion&idEvl=2qzW1iH1fIfECtSnloz%2BZQ%3D%3D
Contratos menores;Subir personas en cesta reparación torre de luz en Ribera;Presidencia de la Autoridad Portuaria de Almería;servicios;Resuelta;GRUTALMERIA, S.L.;1200;https://contrataciondelestado.es/wps/poc?uri=deeplink:detalle_licitacion&idEvl=s6BLRkiGSW4tm4eBPtV6eQ%3D%3D
Contratos menores;Formación cursos pre-laborales personas participantes proyecto Formando Futuros 2026;Alcaldia del Ayuntamiento de Las Cabezas de San Juan;servicios;Resuelta;EDUCATIO CONSULTORIA GLOBAL S.L.;1200;https://contrataciondelestado.es/wps/poc?uri=deeplink:detalle_licitacion&idEvl=bSAYOmdtKmeIzo3LHNPGcQ%3D%3D
Contratos menores;Adquisición de un electrodo Sprint Quattro Secure S 6935M Medtronic para el tratamiento de pacientes con arritmias ventriculares de alto riesgo en el Hospital Universitario de la Gerencia de Atención Sanitaria dependiente del INGESA en Melilla;Gerencia de Atención Sanitaria de Melilla - Instituto Nacional de Gestión Sanitaria;suministros;Resuelta;C.S.A. Técnicas Médicas S.L.;1200;https://contrataciondelestado.es/wps/poc?uri=deeplink:detalle_licitacion&idEvl=S6hqFTAjzreExvMJXBMHHQ%3D%3D
Contratos menores;Contrato menor 300/2026. Desfile cinco toritos.;Alcaldía del Ayuntamiento de Serón;servicios;Resuelta;JIMENEZ MOLINA AGUSTIN;1200;https://contrataciondelestado.es/wps/poc?uri=deeplink:detalle_licitacion&idEvl=Nhy5aPoPd20%2Bk2oCbDosIw%3D%3D
Contratos menores;Equipo de Root con oximetria regional;Hospital Intermutual de Euskadi, Centro Mancomunado de Mutuas de Accidentes de Trabajo y Enfermadades Profesionales de la Seguridad Social;suministros;Resuelta;MASIMO MEDICAL TECHNOLOGIES SPAIN, S.L.;1200;https://contrataciondelestado.es/wps/poc?uri=deeplink:detalle_licitacion&idEvl=P3F6TCQeWLeOUi78BmzhOQ%3D%3D
Contratos menores;Contrato menor 298/2026. Trabajos con maquinaria pesada en zona fuente Liar.;Alcaldía del Ayuntamiento de Serón;obras;Resuelta;PLESER DESMONTES Y ELEVACIONES;1200;https://contrataciondelestado.es/wps/poc?uri=deeplink:detalle_licitacion&idEvl=ddhlzaQ7Qott5r0ngvMetA%3D%3D
Contratos menores;Telegestión y control de la instalación de alumbrado público del Ayuntamiento de Autol.;Alcaldía del Ayuntamiento de Autol;servicios;Resuelta;ENERGY VALUE GREEN TECH, S.L.;1200;https://contrataciondelestado.es/wps/poc?uri=deeplink:detalle_licitacion&idEvl=TTzY0f4c11PI8aL3PRS10Q%3D%3D
Contratos menores;Servicio de mantenimiento Software GPS vehículos de flota del Consorcio;Presidencia del Consorcio Provincial del Agua de Málaga;servicios;Resuelta;MOVISAT TECNOMOVILIDAD, S.L.;1199;https://contrataciondelestado.es/wps/poc?uri=deeplink:detalle_licitacion&idEvl=jowrkBnPoUOzz8fXU2i3eQ%3D%3D
Contratos menores;Contrato para la Cartelería de la Feria del Caballo;Alcaldía del Ayuntamiento de Cangas de Onís;suministros;Resuelta;LUIS AMADO PÉREZ BLANCO;1193,3;https://contrataciondelestado.es/wps/poc?uri=deeplink:detalle_licitacion&idEvl=5Vn8wbdZZJpJ8Trn0ZPzLw%3D%3D
Contratos menores;GAPTO Pañales desechable pacientes incontinentes residencias sociosanitarias;Dirección Gerencia de Atención Primaria de Toledo;suministros;Resuelta;LABORATORIOS INDAS, S.A.U.;1191,01;https://contrataciondelestado.es/wps/poc?uri=deeplink:detalle_licitacion&idEvl=TDw6PCB0xGZt5r0ngvMetA%3D%3D
Contratos menores;Servicio de impresion de 100 ejemplares del documento Propuesta de talleres para el personal sanitario elaborado en el marcode la actualizacion del programa Cepillin-Cepillan .;Dirección General de Salud Pública del Gobierno de Canarias;servicios;Resuelta;JUAN FÉLIZ GÓMEZ PÉREZ (DESIGN Comunicación Creativa);1180;https://contrataciondelestado.es/wps/poc?uri=deeplink:detalle_licitacion&idEvl=ab6Nwu%2BBrU7IGlsa0Wad%2Bw%3D%3D
Contratos menores;Dar a conocer a los ciudadanos las actividades de promoción, formación, asesoramiento y certificación de las competencias digitales, en el marco del Programa CyL Digital;Consejería de Movilidad, Transformación Digital e Inteligencia Artificial de la Junta de Castilla y León;servicios;Resuelta;CASTILLA Y LEON RADIO, S.A.;1177,56;https://contrataciondelestado.es/wps/poc?uri=deeplink:detalle_licitacion&idEvl=McZkHCo0mcR6nTs9LZ9RhQ%3D%3D
Contratos menores;Servicio de ambulancia SVB (TES+DUE) día 1 de agosto de 15h. a 00h. y 2 de agosto de 11h. a 15h. para la Muestra Ganadera 2026;Alcaldía del Ayuntamiento de Coín;servicios;Resuelta;AMBULANCIAS AYON S.L;1170;https://contrataciondelestado.es/wps/poc?uri=deeplink:detalle_licitacion&idEvl=8%2FewaGYMlR7I8aL3PRS10Q%3D%3D
Contratos menores;Contrato menor por sustitución y calibración sonda de cloro del depósito de agua de los Corrales;Alcaldia del Ayuntamiento de Tejeda;servicios;Resuelta;PRODUCTOS QUIMICOS BRISAS CANARIAS, S.L.;1169;https://contrataciondelestado.es/wps/poc?uri=deeplink:detalle_licitacion&idEvl=IT%2BikQjcXEF4zIRvjBVCSw%3D%3D
Contratos menores;aperitivo en el Centro de Día con motivo de la Fiesta del Lunes de la Peña.;Alcaldía del Ayuntamiento de Tordesillas;servicios;Resuelta;Inmaculada Arto González;1161,8;https://contrataciondelestado.es/wps/poc?uri=deeplink:detalle_licitacion&idEvl=seFjvzhw8%2Fq9Hd5zqvq9cg%3D%3D
Contratos menores;"Inversión en un colchón antiescaras con destino al CAMP ""Nuestra señora de la Calle""";Gerencia Territorial de Servicios Sociales de Palencia;suministros;Resuelta;GERONTOLOGIA Y AYUDAS TECNICAS;1152;https://contrataciondelestado.es/wps/poc?uri=deeplink:detalle_licitacion&idEvl=h39oCVQ1ei7XOjazN1Dw9Q%3D%3D
Contratos menores;Renovación de licencias del software de grabación de emisora de Policía Portuaria;Presidencia de la Autoridad Portuaria de Almería;suministros;Resuelta;CEOTRONICS SL;1148;https://contrataciondelestado.es/wps/poc?uri=deeplink:detalle_licitacion&idEvl=kNFhd%2FW5mGNJ8Trn0ZPzLw%3D%3D
Contratos menores;GAPTO Pañales desechable pacientes incontinentes residencias sociosanitarias;Dirección Gerencia de Atención Primaria de Toledo;suministros;Resuelta;LABORATORIOS INDAS, S.A.U.;1147,46;https://contrataciondelestado.es/wps/poc?uri=deeplink:detalle_licitacion&idEvl=FMuzywPfqG6cCF8sV%2BqtYA%3D%3D
Contratos menores;Suministro lectores de presencia (Suprema Biolite N2);Presidencia de la Autoridad Portuaria de Almería;suministros;Resuelta;HISPATEC ERPAGRO, S.L.U.;1147,4;https://contrataciondelestado.es/wps/poc?uri=deeplink:detalle_licitacion&idEvl=clsjHVxgnG2P66GS%2BONYvQ%3D%3D
Contratos menores;Lectura en remoto interruptores del muelle de Pechina para su facturación y control de energía;Presidencia de la Autoridad Portuaria de Almería;servicios;Resuelta;MONTAJES DE ELECTRICIDAD MOYA, S.L.;1146,36;https://contrataciondelestado.es/wps/poc?uri=deeplink:detalle_licitacion&idEvl=JfZUW42j%2BBU7u6%2B%2FR7DUoA%3D%3D
Contratos menores;Reparación de farolas en urb. pedralvilla por daños producidos por fuertes vientos el 14 de febrero de 2026;Alcaldia del Ayuntamiento de Olocau;servicios;Resuelta;INSDAGAR S.L.;1144;https://contrataciondelestado.es/wps/poc?uri=deeplink:detalle_licitacion&idEvl=HWKnTXyP3pAzjChw4z%2FXvw%3D%3D
Contratos menores;Suministro de tela de decoración para escenario en la Feria de Nerja 2025.;Alcaldía del Ayuntamiento de Nerja;suministros;Resuelta;MANUEL SERRANO BLANCO;1140;https://contrataciondelestado.es/wps/poc?uri=deeplink:detalle_licitacion&idEvl=nYarC%2BueUPUS7pcxhTeWOg%3D%3D
Contratos menores;Gasto Cena Hermandad_Jueves Santo_2026;Presidencia de la Autoridad Portuaria de Almería;servicios;Resuelta;MANZANO VARGAS, JOSE ANTONIO;1134;https://contrataciondelestado.es/wps/poc?uri=deeplink:detalle_licitacion&idEvl=%2Bk5kO0UZVb4zjChw4z%2FXvw%3D%3D
Contratos menores;"Adquisición material de papelería y oficina; derivado del acuerdo marco PA 26/2025.";Concejal de Contratación del Ayuntamiento de Torrejón de Ardoz;suministros;Resuelta;Folder Papelerías, S.A.;1129,78;https://contrataciondelestado.es/wps/poc?uri=deeplink:detalle_licitacion&idEvl=Rzy7CAfmI9I%2FbjW6njtWLw%3D%3D
Contratos menores;Bebida con motivo del Chupinazo 2026, fiestas en honor a la Virgen del Remedio;Alcaldía del Ayuntamiento de San Fulgencio;suministros;Resuelta;GRUPO JAENMA LA MARINA S.L.;1128,18;https://contrataciondelestado.es/wps/poc?uri=deeplink:detalle_licitacion&idEvl=qJVoKOO%2F0%2FnCfVQHDepjGQ%3D%3D
Contratos menores;Marcas viales y disposición de equipo en zona Muelle Levante;Presidencia de la Autoridad Portuaria de Almería;servicios;Resuelta;VIALES Y SEÑALES INDALICAS, S.L.;1125;https://contrataciondelestado.es/wps/poc?uri=deeplink:detalle_licitacion&idEvl=cjznfiFeZ7Sqb7rCcv76BA%3D%3D
Contratos menores;Auditoria proyecto u.ejs22002;Secretaría General del INTA;servicios;Resuelta;AUDIPUBLIC AUDITORES, S.A.;1125;https://contrataciondelestado.es/wps/poc?uri=deeplink:detalle_licitacion&idEvl=glBasDAIFPY3vLk2DU2Ddg%3D%3D
Contratos menores;GAPTO Pañales desechable pacientes incontinentes residencias sociosanitarias;Dirección Gerencia de Atención Primaria de Toledo;suministros;Resuelta;Active Medical Disposable, S.A.U.;1121,51;https://contrataciondelestado.es/wps/poc?uri=deeplink:detalle_licitacion&idEvl=Gx10Trml4Ws7%2B9FIQYNjeQ%3D%3D
Contratos menores;contrato menor de servicio de asesoramiento técnico al órgano ambiental y territorial municipal del Ayuntamiento de Forcall. Modificación Núm 2 PGOU.;Alcaldía del Ayuntamiento de Forcall;servicios;Resuelta;ESTHER CASAL GIMÉNEZ;1120;https://contrataciondelestado.es/wps/poc?uri=deeplink:detalle_licitacion&idEvl=Q4SIcK5hsK5Vq4S9zvaQpQ%3D%3D
Contratos menores;Tableros para revestimiento de techo en oficina principal zona presidencia y dirección;Presidencia de la Autoridad Portuaria de Almería;suministros;Resuelta;SERRERIA ALMERIENSE, S.L.;1118,98;https://contrataciondelestado.es/wps/poc?uri=deeplink:detalle_licitacion&idEvl=BnIrg5hykMjN3k3tjedSGw%3D%3D
Contratos menores;GAPTO Pañales desechable pacientes incontinentes residencias sociosanitarias;Dirección Gerencia de Atención Primaria de Toledo;suministros;Resuelta;LABORATORIOS INDAS, S.A.U.;1111,78;https://contrataciondelestado.es/wps/poc?uri=deeplink:detalle_licitacion&idEvl=7rD4BpQOW0gtm4eBPtV6eQ%3D%3D
Contratos menores;Servicio de procurador en relación con las Diligencias Previas 308/2026, el Procedimiento Abreviado 453/2026, el Procedimiento 433/2026;Concejalía Delegada de Hacienda del Ayuntamiento de Navalcarnero;servicios;Resuelta;FERNANDO MARÍA GARCÍA SEVILLA;1110,89;https://contrataciondelestado.es/wps/poc?uri=deeplink:detalle_licitacion&idEvl=9djdUHwk9Gw7%2B9FIQYNjeQ%3D%3D
Contratos menores;Suministro de vestuario laboral (indumentaria serigrafiada de otoño invierno), necesario para el desarrollo del Programa De Empleo Y Formación Rehabilitación De Parques Periurbanos.;Alcaldía del Ayuntamiento de Pedrera;suministros;Resuelta;ANTONIO MORALES LUNA;1106,88;https://contrataciondelestado.es/wps/poc?uri=deeplink:detalle_licitacion&idEvl=9LRZLnIwaRd9Zh%2FyRJgM8w%3D%3D
Contratos menores;Suministro 5 tapas arquetas para viales puerto interior;Presidencia de la Autoridad Portuaria de Ferrol San Cibrao;suministros;Resuelta;Corplama S.L.;1102,56;https://contrataciondelestado.es/wps/poc?uri=deeplink:detalle_licitacion&idEvl=n%2Fy7drHvO8I36J9Lctlsuw%3D%3D
Contratos menores;Contrato de servicio de sonorizacion e iluminacion de la verbena con motivo de las fiestas de la Barriada Andalucia 2025;Junta de Gobierno Local del Ayuntamiento de Guadix;servicios;Resuelta;JOSE ANTONIO LIZCANO FORNIELES;1100;https://contrataciondelestado.es/wps/poc?uri=deeplink:detalle_licitacion&idEvl=7YNpxoCJvYBq1DdmE7eaXg%3D%3D
Contratos menores;Contrato menor 325/2026. Concierto le gatto swing band.;Alcaldía del Ayuntamiento de Serón;servicios;Resuelta;EVENTS BRANCH S.L.;1100;https://contrataciondelestado.es/wps/poc?uri=deeplink:detalle_licitacion&idEvl=%2Bel8bmZxWSH%2B3JAijKO%2Bkg%3D%3D
Contratos menores;"Realización de trabajos fotográficos para la exposición ""Domèstica/JARR"".";Presidencia de la Diputación Provincial de Valencia;servicios;Resuelta;Oscar Vázquez Chambó;1100;https://contrataciondelestado.es/wps/poc?uri=deeplink:detalle_licitacion&idEvl=EWQooFycJoC8ebB%2FXTwy0A%3D%3D
Contratos menores;516/26. Actuación musical da Asociación Portonovo Canta polas festas patronais de Portonovo 2026;Presidencia del Organismo Autónomo Terra de Sanxenxo;servicios;Resuelta;Asociación Portonovo Canta;1100;https://contrataciondelestado.es/wps/poc?uri=deeplink:detalle_licitacion&idEvl=Uwj3mxlyeGCkU02jNGj1Fw%3D%3D
Contratos menores;La prestación de Servicios de elaboración y servir un desayuno durante el descanso a realizar en el desarrollo de la Jornada Técnica para la conmemoración del Dia Internacional de la Prevención del Suicidio prevista para el 10 de septiembre 2026, a desarrollar por Servicios Sociales del Ayuntamiento de Alcobendas.;Concejalías Delegadas del Ayuntamiento de Alcobendas;servicios;Resuelta;MILY SERVICIO Y RESTAURACION SL;1100;https://contrataciondelestado.es/wps/poc?uri=deeplink:detalle_licitacion&idEvl=2UKCk89t12GcCF8sV%2BqtYA%3D%3D
Contratos menores;Servicio de publicidad Institucional destinado a la estrategia de Comunicación sobre concienciación y cultura de Prevención en situaciones de Emergencias y Protección Civil mediante programación radiofónica especializada en Canal Autonómico de Radio y su promoción previa. Expediente: CMSER220826304 - PRM/2026/0000109755;Vicepresidencia y Consejería de Presidencia, Coordinación de la Acción de Gobierno, Interior y Emergencias;servicios;Resuelta;SOCIEDAD PUBLICA DE RADIODIFUSION;1100;https://contrataciondelestado.es/wps/poc?uri=deeplink:detalle_licitacion&idEvl=i51bQJBhETTi0Kd8%2Brcp6w%3D%3D
Contratos menores;GAPTO Pañales desechable pacientes incontinentes residencias sociosanitarias;Dirección Gerencia de Atención Primaria de Toledo;suministros;Resuelta;LABORATORIOS INDAS, S.A.U.;1097,83;https://contrataciondelestado.es/wps/poc?uri=deeplink:detalle_licitacion&idEvl=YoDhKpKkbdE2wEhQbcAqug%3D%3D
Contratos menores;Reparación en alumbrado exterior zona restaurante 9/1/2026;Presidencia de la Autoridad Portuaria de Almería;servicios;Resuelta;MONTAJES MECAVAL, S.L.;1094,86;https://contrataciondelestado.es/wps/poc?uri=deeplink:detalle_licitacion&idEvl=G%2FoH7xNOk0BPpzdqOdhuWg%3D%3D
Contratos menores;Redacción de memoria técnica valorada para la sustitución de la red de saneamiento existente en la Residencia Gregorio Santiago.;Gerencia Territorial de Servicios Sociales de Burgos;servicios;Resuelta;Unai Letona Perez-Caballero;1091;https://contrataciondelestado.es/wps/poc?uri=deeplink:detalle_licitacion&idEvl=YY327vtXmZ5Vq4S9zvaQpQ%3D%3D
Contratos menores;"Espectáculo de teatro ""Hi havia una vegada un circ""";Pleno del Ayuntamiento de Ayódar;servicios;Resuelta;DIANA BERNAL TURLO;1090,91;https://contrataciondelestado.es/wps/poc?uri=deeplink:detalle_licitacion&idEvl=KnVG8ArGkRnmnwcj%2BxbdTg%3D%3D
Contratos menores;Lámparas para torretas;Presidencia de la Autoridad Portuaria de Almería;suministros;Resuelta;NOVELEC INDALICA, S.L.;1086,96;https://contrataciondelestado.es/wps/poc?uri=deeplink:detalle_licitacion&idEvl=lW0QMLR%2Fi9QzjChw4z%2FXvw%3D%3D
Contratos menores;Redes voleibol PPM 3mm. y marcador multisport 130x50x5cm_Instalaciones deportivas;Alcaldía del Ayuntamiento de Biescas;suministros;Resuelta;Ranking la tienda del deporte, S.L.;1086,5;https://contrataciondelestado.es/wps/poc?uri=deeplink:detalle_licitacion&idEvl=KpiRpezHs2uOUi78BmzhOQ%3D%3D
Contratos menores;Coordinación de seguridad y salud de la obra Pavimentación de viarios del Fondo de Cooperación;Alcaldía del Ayuntamiento de Benavente;servicios;Resuelta;UNIVERSIDAD DE SALAMANCA, OFICINA DE TRANSFERENCIA DE RESULTADOS DE INVESTIGACIÓN (OTRI);1080;https://contrataciondelestado.es/wps/poc?uri=deeplink:detalle_licitacion&idEvl=RIr4ZL%2F7ui6KeVWTb9Scog%3D%3D
Contratos menores;Coordinación seguridad y salud obra Ampliación del Albergue;Alcaldía del Ayuntamiento de Benavente;servicios;Resuelta;UNIVERSIDAD DE SALAMANCA, OFICINA DE TRANSFERENCIA DE RESULTADOS DE INVESTIGACIÓN (OTRI);1080;https://contrataciondelestado.es/wps/poc?uri=deeplink:detalle_licitacion&idEvl=iT3EzOeg9fAIYE3ZiZ%2BxmQ%3D%3D
Contratos menores;Actuación del grupo musical Lolipop;Alcaldía de la EATIM de Jesús Pobre;servicios;Resuelta;Manuel Martí Mulet;1080;https://contrataciondelestado.es/wps/poc?uri=deeplink:detalle_licitacion&idEvl=artJgrKxHGEl5NjlNci%2BtA%3D%3D
Contratos menores;Suministro de UNA (1) Nevera para conservación de medicación puerta cristal con destino al Hospital de día del Hospital del Oriente de Asturias;Gerencia del Área Sanitaria VI del Servicio de Salud del Principado de Asturias;suministros;Resuelta;PALEX MEDICAL, SA;1080;https://contrataciondelestado.es/wps/poc?uri=deeplink:detalle_licitacion&idEvl=r6BpoWkZ4A04NavIWzMcHA%3D%3D
Contratos menores;Suministro, en régimen de alquiler, de tres (3) carrozas para la Batalla de Flors del día 19 de septiembre de 2026.;Alcaldía del Ayuntamiento de Borriana;suministros;Resuelta;FEDERACIÓ DE LES FALLES DE BURRIANA;1080;https://contrataciondelestado.es/wps/poc?uri=deeplink:detalle_licitacion&idEvl=wcOD5kU%2FBsWS81gZFETWmA%3D%3D
Contratos menores;Renovación del servicio de backup del hosting de la AP Almería;Presidencia de la Autoridad Portuaria de Almería;servicios;Resuelta;DINAHOSTING, S.L.;1080;https://contrataciondelestado.es/wps/poc?uri=deeplink:detalle_licitacion&idEvl=1ugKs0Gbzfcl5NjlNci%2BtA%3D%3D
Contratos menores;Contrato menor de Suministro de bolsas regalo (92 lotes) para promoción de Los Lagos - Atenciones Protocolarias.;Alcaldía del Ayuntamiento de Cangas de Onís;suministros;Resuelta;ELÍAS JOSÉ GONZÁLEZ LLERANDI;1079,06;https://contrataciondelestado.es/wps/poc?uri=deeplink:detalle_licitacion&idEvl=zWAcGb%2B2Xh5%2FP7lJ7Fu0SA%3D%3D
Contratos menores;Preinstalación dispensador de turnos en el Edificio Polifuncional;Instituto Nacional de Gestión Sanitaria - Dirección Territorial Ceuta;servicios;Resuelta;Gabitec Instalaciones, S.L.;1078;https://contrataciondelestado.es/wps/poc?uri=deeplink:detalle_licitacion&idEvl=zek0t2tKnMuHCIsjvJ3rhQ%3D%3D
Contratos menores;Servicio de arteriografía de miembros superiores;Hospital Intermutual de Euskadi, Centro Mancomunado de Mutuas de Accidentes de Trabajo y Enfermadades Profesionales de la Seguridad Social;servicios;Resuelta;IDCQ HOSPITALES Y SANIDAD, S.L.U.;1073,7;https://contrataciondelestado.es/wps/poc?uri=deeplink:detalle_licitacion&idEvl=OfCH49iDoZRq1DdmE7eaXg%3D%3D
Contratos menores;Pintura para labores de mantenimiento municipio;Alcaldía del Ayuntamiento de Simancas;suministros;Resuelta;Jesús Delgado Munilla;1070,02;https://contrataciondelestado.es/wps/poc?uri=deeplink:detalle_licitacion&idEvl=22SHhM6PqeTi0Kd8%2Brcp6w%3D%3D
Contratos menores;Libros para la biblioteca municipal mes de septiembre;Alcaldía del Ayuntamiento de Biescas;suministros;Resuelta;MARIA PILAR FAÑANAS CUENCA;1061,36;https://contrataciondelestado.es/wps/poc?uri=deeplink:detalle_licitacion&idEvl=H9MN5ML6nFF%2FP7lJ7Fu0SA%3D%3D
Contratos menores;Papel higiénico, mecha y lavavajillas autom. aguas duras;Presidencia de la Autoridad Portuaria de Almería;suministros;Resuelta;COMERCIAL JABA INDALICA, S.L.U.;1057;https://contrataciondelestado.es/wps/poc?uri=deeplink:detalle_licitacion&idEvl=w7OJdehqQAnL1rX3q%2FMAPA%3D%3D
Contratos menores;El ayuntamiento debe satisfacer la necesidad de renovar el servicio de mantenimiento de cámaras de vigilancia del municipio.;Alcaldía del Ayuntamiento de Cervera de Buitrago;servicios;Resuelta;DETEKTA TECNOLOGIA E INGENIERIA S.L;1052,32;https://contrataciondelestado.es/wps/poc?uri=deeplink:detalle_licitacion&idEvl=AW3yQVf3SxiHCIsjvJ3rhQ%3D%3D
Contratos menores;GAPTO Pañales desechable pacientes incontinentes residencias sociosanitarias;Dirección Gerencia de Atención Primaria de Toledo;suministros;Resuelta;Active Medical Disposable, S.A.U.;1047,27;https://contrataciondelestado.es/wps/poc?uri=deeplink:detalle_licitacion&idEvl=5PjuLISWfgaHCIsjvJ3rhQ%3D%3D
Contratos menores;Proyectores de iluminación exterior;Presidencia de la Autoridad Portuaria de Almería;suministros;Resuelta;NOVELEC INDALICA, S.L.;1046,7;https://contrataciondelestado.es/wps/poc?uri=deeplink:detalle_licitacion&idEvl=%2FD%2FttLoEeFNq1DdmE7eaXg%3D%3D
Contratos menores;Adquisición de una Estación de Energía Portátil - drones para la Comandancia de la Guardia Civil de Las Palmas según características del Anexo I.;Comandancia Guardia Civil de Las Palmas;suministros;Resuelta;Grupo Bluedrone S.L;1045,79;https://contrataciondelestado.es/wps/poc?uri=deeplink:detalle_licitacion&idEvl=309bKeKb5wE%2Bk2oCbDosIw%3D%3D
Contratos menores;GAPTO Pañales desechable pacientes incontinentes residencias sociosanitarias;Dirección Gerencia de Atención Primaria de Toledo;suministros;Resuelta;Active Medical Disposable, S.A.U.;1043,98;https://contrataciondelestado.es/wps/poc?uri=deeplink:detalle_licitacion&idEvl=Z11Qkm135S9%2FP7lJ7Fu0SA%3D%3D
Contratos menores;General Ayudas a la navegación. Cargadores baterías y material eléctrico;Presidencia de la Autoridad Portuaria de Almería;suministros;Resuelta;NOVELEC INDALICA, S.L.;1040,43;https://contrataciondelestado.es/wps/poc?uri=deeplink:detalle_licitacion&idEvl=ey8RsPYONv7LIx6q1oPaMg%3D%3D
Contratos menores;Servicios;Alcaldia del Ayuntamiento de Paradas;servicios;Resuelta;DAVID FERNANDEZ RACERO;1033,06;https://contrataciondelestado.es/wps/poc?uri=deeplink:detalle_licitacion&idEvl=kWP0rqpLrcSP%2Bo96UAV7cQ%3D%3D
Contratos menores;Setas de seguridad ABB;Presidencia de la Autoridad Portuaria de Almería;suministros;Resuelta;NOVELEC INDALICA, S.L.;1030,9;https://contrataciondelestado.es/wps/poc?uri=deeplink:detalle_licitacion&idEvl=E3fVoUWkSjJt5r0ngvMetA%3D%3D
Contratos menores;Servicio de catering en la rueda de prensa del 49 Certamen de Bandas (Eventos Valencia Catering);Presidencia de la Diputación Provincial de Valencia;servicios;Resuelta;EVENTOS VALENCIA;1030;https://contrataciondelestado.es/wps/poc?uri=deeplink:detalle_licitacion&idEvl=RFztvAmco%2BfjHF5qKI4aaw%3D%3D
Contratos menores;Transporte en autobús ida y vuelta El Berrueco - Excursión mayores Soria - 01/10/2026;Alcaldía del Ayuntamiento de El Berrueco;servicios;Resuelta;FAVIMA AUTOMÓVILES S.L.;1020,14;https://contrataciondelestado.es/wps/poc?uri=deeplink:detalle_licitacion&idEvl=VJCyOqAUkfaIzo3LHNPGcQ%3D%3D
Contratos menores;Suministro de dos unión Gibault Fd y una brazadera hermética Sf de Dos cierres, para el departamento de la Edar de Rota.;Consejería Delegada de Movilidad y Desarrollo Urbano Sostenible, S.L., (MODUS ROTA);suministros;Resuelta;ARAMBURU GUZMÁ, S.L.U;1019,46;https://contrataciondelestado.es/wps/poc?uri=deeplink:detalle_licitacion&idEvl=jUmMOMJWB3pQFSeKCRun4Q%3D%3D
Contratos menores;Suministro de motor para corredera en Carboneras;Presidencia de la Autoridad Portuaria de Almería;suministros;Resuelta;VERDEGAY VIEDMA, ANTONIO;1016,1;https://contrataciondelestado.es/wps/poc?uri=deeplink:detalle_licitacion&idEvl=onfTtp1wUjJ70UvEyYJSGw%3D%3D
Contratos menores;Suministro de marcapáginas de la red de Parques Nacionales con acceso a la librería del OAPN.;Organismo Autónomo Parques Nacionales;suministros;Resuelta;Impresión GSX SL;1015,5;https://contrataciondelestado.es/wps/poc?uri=deeplink:detalle_licitacion&idEvl=Hq3UgynRHOAeC9GJQOEBkQ%3D%3D
Contratos menores;GAPTO Pañales desechable pacientes incontinentes residencias sociosanitarias;Dirección Gerencia de Atención Primaria de Toledo;suministros;Resuelta;LABORATORIOS INDAS, S.A.U.;1010,73;https://contrataciondelestado.es/wps/poc?uri=deeplink:detalle_licitacion&idEvl=yjznOxvKId4%2B1TMyIiZmzw%3D%3D
Contratos menores;Trabajos realizados tras inspección de O.C.A;Presidencia de la Autoridad Portuaria de Almería;servicios;Resuelta;FAIN ASCENSORES, S.A.;1003,81;https://contrataciondelestado.es/wps/poc?uri=deeplink:detalle_licitacion&idEvl=iB0gmI06PCdt5r0ngvMetA%3D%3D
Contratos menores;Por recital de flamenco dentro de la programación cultural de verano 2026.;Alcaldía del Ayuntamiento de Robledo de Chavela;servicios;Resuelta;ASOCIACIÓN MÚSICO-CULTURAL HUELE A CAÍ;1000;https://contrataciondelestado.es/wps/poc?uri=deeplink:detalle_licitacion&idEvl=sXvi%2FAxmP3N70UvEyYJSGw%3D%3D
Contratos menores;249/2026. Aluguer dun xerador eléctrico para actuacións dentro da programación de verán 2026;Presidencia del Organismo Autónomo Terra de Sanxenxo;suministros;Resuelta;Creaciones Luminosas, S.L.;1000;https://contrataciondelestado.es/wps/poc?uri=deeplink:detalle_licitacion&idEvl=M9PZ%2BW0bIH59Zh%2FyRJgM8w%3D%3D
Contratos menores;Servicio de alojamiento y manutención para los participantes en el encuentro hispano luso de escritores, artistas y poetas de ambos lados de la Raya;Consejería de la Presidencia de la Junta de Castilla y León;servicios;Resuelta;ARQUIVOLTA ORDEN, S.L.;1000;https://contrataciondelestado.es/wps/poc?uri=deeplink:detalle_licitacion&idEvl=b2lHGcrgcCUQyBAnWzHfCg%3D%3D
Contratos menores;Jm966. Servicio De Pirotecnia Con Motivo De La Llegada De La Virgen De La Fuensanta El Dia 10 De Junio En Patiño;Junta de Gobierno del Ayuntamiento de Murcia;servicios;Resuelta;PIROTECNIA CAÑETE, S.L.;1000;https://contrataciondelestado.es/wps/poc?uri=deeplink:detalle_licitacion&idEvl=7x7zsEWQJLIIYE3ZiZ%2BxmQ%3D%3D
Contratos menores;El objeto del presente contrato es la prestación del servicio de una actuación de Charanga dentro de la programación de la Feria artesanal y gastronómica;Alcaldía del Ayuntamiento de Agost;servicios;Resuelta;"CENTRE ARTÍSTIC CULTURAL ""VERGE DE LA PAU""";1000;https://contrataciondelestado.es/wps/poc?uri=deeplink:detalle_licitacion&idEvl=m7yHyzmINlM3vLk2DU2Ddg%3D%3D
Contratos menores;Contrato menor de suministro adquicision ornato floral con motivo de las fiestas de San Torcuato 2025;Junta de Gobierno Local del Ayuntamiento de Guadix;suministros;Resuelta;JUAN CARLOS ONIEVA MARTINEZ;1000;https://contrataciondelestado.es/wps/poc?uri=deeplink:detalle_licitacion&idEvl=EsDBx1bGyEBrhBlEHQFSKA%3D%3D
Contratos menores;Pintar la ermita de San Isidro.;Alcaldía del Ayuntamiento de Jamilena;servicios;Resuelta;MIGUEL ANGEL MILLA ARANDA;1000;https://contrataciondelestado.es/wps/poc?uri=deeplink:detalle_licitacion&idEvl=koCPDYpU7vD5Rey58Yagpg%3D%3D
Contratos menores;Contrato menor Servicios. Taller Salud Cuerpo y Mente. Promoción de la Salud y Bienestar Físico y Emociona;Alcaldía del Ayuntamiento de Polopos - La Mamola;servicios;Resuelta;Asociación para el Desarrollo y Difusión del Conocimiento CARPE DIEM;1000;https://contrataciondelestado.es/wps/poc?uri=deeplink:detalle_licitacion&idEvl=GafsR6bVRtOFQ%2FlhRK79lA%3D%3D
Contratos menores;Contrato menor 292/2026. Multifunción byn mp 2555 sp.;Alcaldía del Ayuntamiento de Serón;suministros;Resuelta;COPIADORAS LORENZO SLU;999;https://contrataciondelestado.es/wps/poc?uri=deeplink:detalle_licitacion&idEvl=cLDApyb%2BHfM3vLk2DU2Ddg%3D%3D
Contratos menores;Suministro DRON DJI mini5 pro fly C0 more Protección Civil;Junta de Gobierno del Ayuntamiento de Murcia;suministros;Resuelta;MANUEL RODRIGUEZ LOPEZ;993,06;https://contrataciondelestado.es/wps/poc?uri=deeplink:detalle_licitacion&idEvl=1pPd0JABFx9rSd8H4b2soA%3D%3D
Contratos menores;"Adjudicación contrato menor de servicio formativo en materia de búsqueda empleo a través de IA al personal del proyecto ""NUEVAS OPORTUNIDADES DE EMPLEO EL HIERRO 2025""";Presidencia del Cabildo Insular de El Hierro;servicios;Resuelta;Shine Pasicología y Coaching, S.L.;990;https://contrataciondelestado.es/wps/poc?uri=deeplink:detalle_licitacion&idEvl=m80hd3h9vcZt5r0ngvMetA%3D%3D
Contratos menores;Especialidades técnicas (higiene, ergonomía y psicosociología, seguridad);Vicepresidencia del Organismo Autónomo de Recaudación y Gestión Tributaria de la Diputación de Salamanca;servicios;Resuelta;QUIRON PREVENCIÓN;984,25;https://contrataciondelestado.es/wps/poc?uri=deeplink:detalle_licitacion&idEvl=%2FS5iq7%2Fy%2FZJeKgd8LfVV9g%3D%3D
Contratos menores;Pantallas de luz para 3 y 4 planta en oficina principal;Presidencia de la Autoridad Portuaria de Almería;suministros;Resuelta;NOVELEC INDALICA, S.L.;976,36;https://contrataciondelestado.es/wps/poc?uri=deeplink:detalle_licitacion&idEvl=cBICQ8wuvhxWhbmkna2nXQ%3D%3D
Contratos menores;Intervención urgente por avería de cámaras de refrigeración y congelación en nave biotecnología. Contienen productos perecederos de proyectos de investigación y producción de espirulina.;Instituto Tecnológico de Canarias S.A.;servicios;Resuelta;CLIFRICAN, S.L.U.;975,85;https://contrataciondelestado.es/wps/poc?uri=deeplink:detalle_licitacion&idEvl=B1s6NfwNnDR9Zh%2FyRJgM8w%3D%3D
Contratos menores;GAPTO Pañales desechable pacientes incontinentes residencias sociosanitarias;Dirección Gerencia de Atención Primaria de Toledo;suministros;Resuelta;LABORATORIOS INDAS, S.A.U.;970,59;https://contrataciondelestado.es/wps/poc?uri=deeplink:detalle_licitacion&idEvl=ZTNAHIecuGrua%2Fi14w%2FPLA%3D%3D
Contratos menores;Pienso para colonias felinas del municipio según Ley de Bienestar Animal;Alcaldía del Ayuntamiento de San Fulgencio;suministros;Resuelta;AGROSANFUL, S.L.;970,32;https://contrataciondelestado.es/wps/poc?uri=deeplink:detalle_licitacion&idEvl=4tCaPlJv6idSYrkJkLlFdw%3D%3D
Contratos menores;Gasto cuatro entredas WindEurope;Presidencia de la Autoridad Portuaria de Almería;servicios;Resuelta;WindEurope ASBL;964;https://contrataciondelestado.es/wps/poc?uri=deeplink:detalle_licitacion&idEvl=SalD%2BTyh6VAzjChw4z%2FXvw%3D%3D
Contratos menores;Suministro en exclusividad de gases industriales y técnicos, taller del Centro de Formación, 424 037;Concejalías Delegadas del Ayuntamiento de Alcobendas;suministros;Resuelta;LINDE GAS España S.A.U.;960,32;https://contrataciondelestado.es/wps/poc?uri=deeplink:detalle_licitacion&idEvl=Z80%2BL7qK5Ra8ebB%2FXTwy0A%3D%3D
Contratos menores;Servicio de mantenimiento de la plataforma elevadora y los dos salvaescaleras de la sede de la FB en Peñuelas 10.;Dirección de la Fundación Biodiversidad;servicios;Resuelta;Hersan Elevacion S.L;960;https://contrataciondelestado.es/wps/poc?uri=deeplink:detalle_licitacion&idEvl=bECSbEDpouGGCFcHcNGIlQ%3D%3D
Contratos menores;Adquisición de cloro abastecimiento;Alcaldía del Ayuntamiento de Galera;suministros;Resuelta;QUIMICOS CASTAÑO S.L.;959,05;https://contrataciondelestado.es/wps/poc?uri=deeplink:detalle_licitacion&idEvl=02807ppo8%2BQkJPJS%2BPS9vg%3D%3D
Contratos menores;Contratación de una empresa para recogida de residuos generados en la sede de la FB sita en calle Peñuelas, 10, para dar cumplimiento a la normativa del Sistema de Gestión Ambiental.;Dirección de la Fundación Biodiversidad;servicios;Resuelta;LOGISTICA AMBIENTAL;956;https://contrataciondelestado.es/wps/poc?uri=deeplink:detalle_licitacion&idEvl=cwk1gWVJwyJ9Zh%2FyRJgM8w%3D%3D
Contratos menores;Servicio de microbiologia;Hospital Intermutual de Euskadi, Centro Mancomunado de Mutuas de Accidentes de Trabajo y Enfermadades Profesionales de la Seguridad Social;servicios;Resuelta;IMQ ANALITICAS, S.L.;953,36;https://contrataciondelestado.es/wps/poc?uri=deeplink:detalle_licitacion&idEvl=X56FX%2FlhSQvgL1BHd3qjQA%3D%3D
Contratos menores;Proyector para reparación de torretas;Presidencia de la Autoridad Portuaria de Almería;suministros;Resuelta;NOVELEC INDALICA, S.L.;950,8;https://contrataciondelestado.es/wps/poc?uri=deeplink:detalle_licitacion&idEvl=rhOXV9K5jLy8ebB%2FXTwy0A%3D%3D
Contratos menores;Contratación representación artística PIANISTA del Programa NumEros;Concejalías Delegadas del Ayuntamiento de Alcobendas;servicios;Resuelta;GUSTAVO MOZAR DIAZ JEREZ;950;https://contrataciondelestado.es/wps/poc?uri=deeplink:detalle_licitacion&idEvl=KMUGTuSGIfvCfVQHDepjGQ%3D%3D
Contratos menores;Contrato menor 312/2026. Material electrico Calle Olmo, Reconco y barriada Fuencaliente.;Alcaldía del Ayuntamiento de Serón;suministros;Resuelta;YELAMOS CASTILLO JOSE ANTONIO;941,38;https://contrataciondelestado.es/wps/poc?uri=deeplink:detalle_licitacion&idEvl=SZXG5eIJYRvzAq95uGTrDQ%3D%3D
Contratos menores;Contratación de la actuación de una charanga con motivo de la celebración de el I Día de las Personas Mayores de la provincia de Cáceres, evento que tendrá lugar en Riolobos el día 3 de octubre.;Presidencia de la Diputación Provincial de Cáceres;servicios;Resuelta;PIANO MUSIC, S.L.;940;https://contrataciondelestado.es/wps/poc?uri=deeplink:detalle_licitacion&idEvl=cc2IUrF4WCUzjChw4z%2FXvw%3D%3D
Contratos menores;Repuestos Equipo medición calidad del aire en Carboneras;Presidencia de la Autoridad Portuaria de Almería;suministros;Resuelta;ENVIRA SOSTENIBLE SA;935;https://contrataciondelestado.es/wps/poc?uri=deeplink:detalle_licitacion&idEvl=C46j2Lj5h469Hd5zqvq9cg%3D%3D
Contratos menores;Reparación de líneas a tomas en Muelle de carga Carboneras;Presidencia de la Autoridad Portuaria de Almería;servicios;Resuelta;MONTAJES MECAVAL, S.L.;934,43;https://contrataciondelestado.es/wps/poc?uri=deeplink:detalle_licitacion&idEvl=UJ%2Fqz40J%2FvN%2FP7lJ7Fu0SA%3D%3D
Contratos menores;Mantenimiento sistema nebulización agua, control legionella oficina turismo puerto;Presidencia del Patronato Municipal de Turismo y Playas de Alicante;servicios;Resuelta;SERGIO DACOSTA LOPEZ;925;https://contrataciondelestado.es/wps/poc?uri=deeplink:detalle_licitacion&idEvl=RgKPpGcPTgxVYjgxA4nMUw%3D%3D
Contratos menores;Microscopio digital Dinolite 10X TO 200X 222.3MM;Gerencias de los Institutos de la Agencia Estatal Consejo Superior de Investigaciones Científicas;suministros;Resuelta;FARNELL COMPONENTS SL;921,67;https://contrataciondelestado.es/wps/poc?uri=deeplink:detalle_licitacion&idEvl=MZqCKDogtrbkY6rls5tG9A%3D%3D
Contratos menores;Licencias proyecciones MARTES DE CINE LGTBI septiembre-noviembre 2026;Alcaldía del Ayuntamiento de Torremolinos;servicios;Resuelta;MOTION PICTURE LIECENSING COMPANY SPAIN SL;920;https://contrataciondelestado.es/wps/poc?uri=deeplink:detalle_licitacion&idEvl=HOAFwZ0x5KA2wEhQbcAqug%3D%3D
Contratos menores;Subministración de medallas e trofeos para a carreira popular do 16 de agosto, dentro do convenio rural 2026;Alcaldía del Ayuntamiento de Ortigueira;suministros;Resuelta;Talentrophy S.L;918,06;https://contrataciondelestado.es/wps/poc?uri=deeplink:detalle_licitacion&idEvl=0wWZoCx0u97I8aL3PRS10Q%3D%3D
Contratos menores;Adquisición de 30 títulos de monografías para la biblioteca del Centro de Estudios Políticos y Constitucionales.;Dirección del Centro de Estudios Políticos y Constitucionales;suministros;Resuelta;ANTÁRTICA LIBROS - JACOBO MERINO ORIHUELA;912,46;https://contrataciondelestado.es/wps/poc?uri=deeplink:detalle_licitacion&idEvl=qOq5J3EyVil4zIRvjBVCSw%3D%3D
Contratos menores;Pintura en vivienda. Reparación en pared medianera tras filtraciones de agua, incluyendo acorde a memoria técnica adjunta la reparación del paramento interior de la pared medianera y la aplicación de pintura en los paramentos de un dormitorio.;Servicio Territorial de Movilidad y Transformación Digital de Burgos;obras;Resuelta;CEISLABUR SL;910;https://contrataciondelestado.es/wps/poc?uri=deeplink:detalle_licitacion&idEvl=mJkP8YbfAVwIYE3ZiZ%2BxmQ%3D%3D
Contratos menores;"Contratación de Coffee Break para el ""Comité de Seguimiento del Programa FSE+ 2021-2027"". Valladolid, 22 de octubre de 2026.";Consejería de Economía y Hacienda de la Junta de Castilla y León;servicios;Resuelta;SERGIO PEÑA MAROTO;909,09;https://contrataciondelestado.es/wps/poc?uri=deeplink:detalle_licitacion&idEvl=FH7yqkVW9wFxseVhcqrkhw%3D%3D
Contratos menores;Manutención en el curso 2026FDE038 Análisis de riesgos para DPD;Consejería de la Presidencia de la Junta de Castilla y León;servicios;Resuelta;CRISTINA CALVO GARCIA;909,09;https://contrataciondelestado.es/wps/poc?uri=deeplink:detalle_licitacion&idEvl=X%2BMVYpNsS1MXhk1FZxEyvw%3D%3D
Contratos menores;Reparación de barredora municipal;Alcaldía del Ayuntamiento de Gualchos;servicios;Resuelta;SOS MAQUINARIA S.L;907,39;https://contrataciondelestado.es/wps/poc?uri=deeplink:detalle_licitacion&idEvl=SoGnAraPudc%2FbjW6njtWLw%3D%3D
Contratos menores;Servicio reparación de bomba KCW080HG+002241X1 2.2KW 1350RPM 400V EDAR Ardales (Ent 6738);Presidencia del Consorcio Provincial del Agua de Málaga;servicios;Resuelta;TABOSA BOMBAS, S. L.;900,94;https://contrataciondelestado.es/wps/poc?uri=deeplink:detalle_licitacion&idEvl=RCCaKAtqjE%2F5Rey58Yagpg%3D%3D
Contratos menores;Alquiler de dos módulos de camerinos con aseos para la fiesta de Nuestra Señora de las Angustias;Alcaldia del Ayuntamiento de Ayamonte;suministros;Resuelta;ALQUILEPE SL;900;https://contrataciondelestado.es/wps/poc?uri=deeplink:detalle_licitacion&idEvl=aDNjGyKR%2BLx9PLkba5eRog%3D%3D
Contratos menores;Suministro de tubos para plásticos portabiomasa del biodisco de la EDAR Gaucín.;Presidencia del Consorcio Provincial del Agua de Málaga;suministros;Resuelta;MECANIZADOS MÁLAGA, S.L., S.L.;900;https://contrataciondelestado.es/wps/poc?uri=deeplink:detalle_licitacion&idEvl=tJ3Wjn%2FeoqeP66GS%2BONYvQ%3D%3D
Contratos menores;"Contrato menor 338/2026. Espectáculo ""Lolamentando"".";Alcaldía del Ayuntamiento de Serón;servicios;Resuelta;BEATRIZ GARRIDO MOLINA;900;https://contrataciondelestado.es/wps/poc?uri=deeplink:detalle_licitacion&idEvl=HZqMVZNxmm99Zh%2FyRJgM8w%3D%3D
Contratos menores;El objeto del presente contrato es la prestación del servicio de un taller de torno por el alfarero Jose Ángel Boix, dentro de las actividades programadas en la Feria artesanal y gastronómica 2026.;Alcaldía del Ayuntamiento de Agost;servicios;Resuelta;JOSE ANGEL BOIX MARTINEZ;900;https://contrataciondelestado.es/wps/poc?uri=deeplink:detalle_licitacion&idEvl=o9eTgonQ1GPzAq95uGTrDQ%3D%3D
Contratos menores;Contrato menor 324/2026. Concierto radio crooner.;Alcaldía del Ayuntamiento de Serón;servicios;Resuelta;EVENTS BRANCH S.L.;900;https://contrataciondelestado.es/wps/poc?uri=deeplink:detalle_licitacion&idEvl=DQ75aZV8eiVVq4S9zvaQpQ%3D%3D
Contratos menores;Memoria técnica instalación de protección contra incendios en la nave del Puerto De Carboneras;Presidencia de la Autoridad Portuaria de Almería;servicios;Resuelta;JIMENEZ JIMENEZ, RAUL;900;https://contrataciondelestado.es/wps/poc?uri=deeplink:detalle_licitacion&idEvl=gSGvOH0908dq1DdmE7eaXg%3D%3D
Contratos menores;MSU 466/26 Contratación de Suministro consistente en la adquisición de un traje de mascota corporativa de la Policía Local del Excmo. Ayuntamiento de Marbella.;Junta de Gobierno del Ayuntamiento de Marbella;suministros;Resuelta;Carlos Andrés Gudiño;900;https://contrataciondelestado.es/wps/poc?uri=deeplink:detalle_licitacion&idEvl=bTJcPzv7clJVq4S9zvaQpQ%3D%3D
Contratos menores;Bolsa de analíticas de muestras de agua de mar.;Instituto Tecnológico de Canarias S.A.;servicios;Resuelta;CONSULTORA EN AGUAS DE CANARIAS, S.L.;900;https://contrataciondelestado.es/wps/poc?uri=deeplink:detalle_licitacion&idEvl=Gvb6XO%2BaarNrhBlEHQFSKA%3D%3D
Contratos menores;GAPTO Pañales desechable pacientes incontinentes residencias sociosanitarias;Dirección Gerencia de Atención Primaria de Toledo;suministros;Resuelta;Active Medical Disposable, S.A.U.;897;https://contrataciondelestado.es/wps/poc?uri=deeplink:detalle_licitacion&idEvl=XIXl374V7uiOUi78BmzhOQ%3D%3D
Contratos menores;La necesidad de la contratacion viene determinada por la obligacion de garantizar el correcto funcionamiento y conservacion de lasinstalaciones de proteccion contra incendios del edificio, asegurando asi las adecuadas condiciones de seguridad para laspersonas, bienes e instalaciones, asi como el cumplimiento de la normativa vigente en materia de seguridad contra incendios.;Secretaría General Técnica de la Consejería de Bienestar Social, Igualdad, Juventud, Infancia y Familias;servicios;Resuelta;Arrper Instalaciones Contra Incendios, S.L;891,4;https://contrataciondelestado.es/wps/poc?uri=deeplink:detalle_licitacion&idEvl=lVfKroB0PNeKeVWTb9Scog%3D%3D
Contratos menores;reparación vehículo policial Peugeot 8307JDR;Alcaldía del Ayuntamiento de San Agustín del Guadalix;servicios;Resuelta;REMUS CLAUDIU UNGUR;888,08;https://contrataciondelestado.es/wps/poc?uri=deeplink:detalle_licitacion&idEvl=TfM6VMGh0lW2gkLQ8TeYKA%3D%3D
Contratos menores;Servicios Cloud para la Firma Autenticada de Documentos;Administrador Único de Televisión Autonómica de Castilla-La Mancha, S.A.;servicios;Resuelta;VIAVANSI CORPORACIÓN S.L.;874,8;https://contrataciondelestado.es/wps/poc?uri=deeplink:detalle_licitacion&idEvl=ixbYLISmrcx70UvEyYJSGw%3D%3D
Contratos menores;Papel de fotocopiadora A4 80gr 1 palé para Oficina principal;Presidencia de la Autoridad Portuaria de Almería;suministros;Resuelta;SUPIAL PAPELERIAS, S.L.;871,2;https://contrataciondelestado.es/wps/poc?uri=deeplink:detalle_licitacion&idEvl=0dnX7ixQkh3kY6rls5tG9A%3D%3D
Contratos menores;GAPTO Pañales desechable pacientes incontinentes residencias sociosanitarias;Dirección Gerencia de Atención Primaria de Toledo;suministros;Resuelta;LABORATORIOS INDAS, S.A.U.;870,87;https://contrataciondelestado.es/wps/poc?uri=deeplink:detalle_licitacion&idEvl=vpMzqGM000%2FyoM4us5k4vw%3D%3D
Contratos menores;Estrategia de captación y movilización eye canarias;Instituto Tecnológico de Canarias S.A.;servicios;Resuelta;CARLOS JONAY SUAREZ SUAREZ;865;https://contrataciondelestado.es/wps/poc?uri=deeplink:detalle_licitacion&idEvl=OIYABV5zF2yIzo3LHNPGcQ%3D%3D
Contratos menores;Arreglo parterre para inauguración;Presidencia de la Autoridad Portuaria de Almería;servicios;Resuelta;RODULFO DELGADO, PEDRO JOSE;860;https://contrataciondelestado.es/wps/poc?uri=deeplink:detalle_licitacion&idEvl=0dhhXg5GpOq8ebB%2FXTwy0A%3D%3D
Contratos menores;GAPTO Pañales desechable pacientes incontinentes residencias sociosanitarias;Dirección Gerencia de Atención Primaria de Toledo;suministros;Resuelta;Active Medical Disposable, S.A.U.;859,35;https://contrataciondelestado.es/wps/poc?uri=deeplink:detalle_licitacion&idEvl=oyQjvZfzc%2FNeKgd8LfVV9g%3D%3D
Contratos menores;Contrato Menor Servicio para formación específica en Violencia de Género y Sexuales;Alcaldía del Ayuntamiento de Isla Mayor;servicios;Resuelta;MARIA JOSE ATOCHE GARCIA;850;https://contrataciondelestado.es/wps/poc?uri=deeplink:detalle_licitacion&idEvl=l2HjFbp6k5WOUi78BmzhOQ%3D%3D
Contratos menores;Suministro de 50 menús para cena con motivo de Gala Taurina;Alcaldía del Ayuntamiento de Borriana;suministros;Resuelta;BELEN CHINER LOPEZ;850;https://contrataciondelestado.es/wps/poc?uri=deeplink:detalle_licitacion&idEvl=5Fn9gtEGwNMS7pcxhTeWOg%3D%3D
Contratos menores;Contrato menor 329/2026. Reparación placa tdt el valle.;Alcaldía del Ayuntamiento de Serón;servicios;Resuelta;SETESUR SOCIEDAD LIMITADA;850;https://contrataciondelestado.es/wps/poc?uri=deeplink:detalle_licitacion&idEvl=%2BdqVFMR2g%2BDmnwcj%2BxbdTg%3D%3D
Contratos menores;Catering recepción Hermanamiento Irlanda;Alcaldía del Ayuntamiento de Simancas;servicios;Resuelta;EventosLux, S.L. (Appetite catering y eventos);850;https://contrataciondelestado.es/wps/poc?uri=deeplink:detalle_licitacion&idEvl=ugqKBi5RwrtJ8Trn0ZPzLw%3D%3D
Contratos menores;Contratar el servicio de sonido, microfonía y técnico de sonido e iluminación junto con sillas, para la actuación del grupo Airiños do Mar de Teis en la playa de Cesantes el día 25/09/2026 para promoción turística de Redondela.;Alcaldía del Ayuntamiento de Redondela;servicios;Resuelta;INSERED QUALYTI SL;850;https://contrataciondelestado.es/wps/poc?uri=deeplink:detalle_licitacion&idEvl=QWm%2ByMN3ISzI8aL3PRS10Q%3D%3D
Contratos menores;Servicio de catering;Junta de Gobierno del Ayuntamiento de Toledo;servicios;Resuelta;RRUIZ CATERING SL;850;https://contrataciondelestado.es/wps/poc?uri=deeplink:detalle_licitacion&idEvl=uJ%2FPCs1Q1BYaF6cS8TCh%2FA%3D%3D
Contratos menores;Realizar productos para la piscina.;Junta Vecinal de la Entidad Local Menor de Valdivia;suministros;Resuelta;SUQUIBA, S.L.;849,2;https://contrataciondelestado.es/wps/poc?uri=deeplink:detalle_licitacion&idEvl=gYOsyunL82CIzo3LHNPGcQ%3D%3D
Contratos menores;Alquiler de perforadora y corona para bajante de oficina principal;Presidencia de la Autoridad Portuaria de Almería;servicios;Resuelta;ALMESU, S.L.;849;https://contrataciondelestado.es/wps/poc?uri=deeplink:detalle_licitacion&idEvl=glQvt2jQs2qFQ%2FlhRK79lA%3D%3D
Contratos menores;Comida Friskies Adult Cat_Control colonias felinas Subv. DPH;Alcaldía del Ayuntamiento de Biescas;suministros;Resuelta;NESTLÉ ESPAÑA, S.A.;838,12;https://contrataciondelestado.es/wps/poc?uri=deeplink:detalle_licitacion&idEvl=JDCdODjPTQprhBlEHQFSKA%3D%3D
Contratos menores;Contrato menor 331/2026. Material según presupuesto pequeñas obras municipales.;Alcaldía del Ayuntamiento de Serón;suministros;Resuelta;ALBACANO S.L;834,8;https://contrataciondelestado.es/wps/poc?uri=deeplink:detalle_licitacion&idEvl=7r%2B6tpawma0tm4eBPtV6eQ%3D%3D
Contratos menores;Contratación bingo musical, fiestas patronales 2026;Junta de Gobierno Local del Ayuntamiento de Albuixech;servicios;Resuelta;GARMARROC, S.L;826,45;https://contrataciondelestado.es/wps/poc?uri=deeplink:detalle_licitacion&idEvl=f7V7WopJHUHECtSnloz%2BZQ%3D%3D
Contratos menores;26A024 Suministro de equipamiento actividades naúticas para la RMD Los Alcázares;Jefatura de la Sección Económico-Administrativa 41 - Base Aérea de San Javier;suministros;Resuelta;DECATHLON ESPAÑA, S.A.;826,42;https://contrataciondelestado.es/wps/poc?uri=deeplink:detalle_licitacion&idEvl=dY%2FM1PwInL0ZDGvgaZEVxQ%3D%3D
Contratos menores;Tóner y diverso material para Oficina principal;Presidencia de la Autoridad Portuaria de Almería;suministros;Resuelta;SUPIAL PAPELERIAS, S.L.;824,11;https://contrataciondelestado.es/wps/poc?uri=deeplink:detalle_licitacion&idEvl=%2BdVna4DjzdTjHF5qKI4aaw%3D%3D
Contratos menores;GAPTO Pañales desechable pacientes incontinentes residencias sociosanitarias;Dirección Gerencia de Atención Primaria de Toledo;suministros;Resuelta;LABORATORIOS INDAS, S.A.U.;821,54;https://contrataciondelestado.es/wps/poc?uri=deeplink:detalle_licitacion&idEvl=NFT9oPS49ozyoM4us5k4vw%3D%3D
Contratos menores;GAPTO Pañales desechable pacientes incontinentes residencias sociosanitarias;Dirección Gerencia de Atención Primaria de Toledo;suministros;Resuelta;LABORATORIOS INDAS, S.A.U.;819,85;https://contrataciondelestado.es/wps/poc?uri=deeplink:detalle_licitacion&idEvl=K2zP6IkZ0xgZDGvgaZEVxQ%3D%3D
Contratos menores;Crimpado y certificación de tomas Ethernet de primera planta oficina principal;Presidencia de la Autoridad Portuaria de Almería;servicios;Resuelta;ALMERIMATIK SISTEMAS INFORMATICOS SA;819;https://contrataciondelestado.es/wps/poc?uri=deeplink:detalle_licitacion&idEvl=yKcwT6DlmU%2B2gkLQ8TeYKA%3D%3D
Contratos menores;Jm963.Servicio De Autobuses Para Viaje Cultural A Sangonera La Verde El Dia 28 De Junio Para Vecinos De Barriomar;Junta de Gobierno del Ayuntamiento de Murcia;servicios;Resuelta;ANTONIO MUÑOZ BAENA S.L.;818,18;https://contrataciondelestado.es/wps/poc?uri=deeplink:detalle_licitacion&idEvl=01TjcdwYUXk%2FbjW6njtWLw%3D%3D
Contratos menores;Comisión de Servicio de D. David Pérez Rodríguez y D. Laureano Zurita Espinosa a Madrid del 25 al 27 de mayo del 2026.;Consejería Insular de Investigación, Innovación y Desarrollo del Cabildo Insular de Tenerife;servicios;Resuelta;VIAJES 5 OCEANOS CANARIAS S.L.;814,76;https://contrataciondelestado.es/wps/poc?uri=deeplink:detalle_licitacion&idEvl=5o0%2BcbOu0yOLAncw3qdZkA%3D%3D
Contratos menores;GAPTO Pañales desechable pacientes incontinentes residencias sociosanitarias;Dirección Gerencia de Atención Primaria de Toledo;suministros;Resuelta;LABORATORIOS INDAS, S.A.U.;813,64;https://contrataciondelestado.es/wps/poc?uri=deeplink:detalle_licitacion&idEvl=nGIfqWSZ1n2FlFRHfEzEaw%3D%3D
Contratos menores;Pintura en techo de aseo y paramentos de dormitorios (Retirada de moho, manchas y demás efectos de la condensación) acorde a memoria técnica valorada adjunta;Servicio Territorial de Movilidad y Transformación Digital de Burgos;obras;Resuelta;CEISLABUR SL;812,12;https://contrataciondelestado.es/wps/poc?uri=deeplink:detalle_licitacion&idEvl=C5UwNrY0IUoadbH3CysQuQ%3D%3D
Contratos menores;Suministro de una pancarta y de los carteles para l'escalda;Alcaldía de la EATIM de Jesús Pobre;suministros;Resuelta;FRANCISCO JOSE DOMINGO OLLER;812;https://contrataciondelestado.es/wps/poc?uri=deeplink:detalle_licitacion&idEvl=QZM00%2FlkYiGcTfjQf3USOg%3D%3D
Contratos menores;Adquisición de archivadores para las oficinas de Servicios Sociales;Alcaldía del Ayuntamiento de Sarria;suministros;Resuelta;JAVIER LAMEIRO MUÑOZ;811,8;https://contrataciondelestado.es/wps/poc?uri=deeplink:detalle_licitacion&idEvl=VRoiA%2FNDnGVVkTabT%2FRM8A%3D%3D
Contratos menores;Suministro líquido desengrasante para limpieza de las vías públicas.;Alcaldía del Ayuntamiento de Nerja;suministros;Resuelta;HL EQUIPAMIENTOS SL;801,15;https://contrataciondelestado.es/wps/poc?uri=deeplink:detalle_licitacion&idEvl=uVUqmHZU1DOFQ%2FlhRK79lA%3D%3D
Contratos menores;Actuación de la ASOCIACIÓN CULTURAL ZAS! CANDIL FOLK el 15 de octubre de 2026 en Villalpardo (Cuenca) para el encuentro comarcal de Asociaciones de Mujeres de Iniesta;Servicio Provincial del Instituto de la Mujer de Castilla-La Mancha en Cuenca;servicios;Resuelta;ASOCIACIÓN CULTURAL ZAS! CANDIL FOLK;800;https://contrataciondelestado.es/wps/poc?uri=deeplink:detalle_licitacion&idEvl=vPwmQHJW9fwmMOlAXxDEjw%3D%3D
Contratos menores;Renovación sketchup pro profesional suscripcion;Consejería de Urbanismo y Transporte de la Ciudad Autónoma de Ceuta;servicios;Resuelta;ISCAR SOFTWARE DE ARQUITECTURA, S.L.;800;https://contrataciondelestado.es/wps/poc?uri=deeplink:detalle_licitacion&idEvl=YY57ATyRUcUwYTJJ03sHog%3D%3D
Contratos menores;Honorarios fijos del abogado Solicitud Europea EP n.º EP 4 189 375 Matriz de transductores Patente;Gerencias de los Institutos de la Agencia Estatal Consejo Superior de Investigaciones Científicas;servicios;Resuelta;HOFFMANN-EITLE S.L.U.;800;https://contrataciondelestado.es/wps/poc?uri=deeplink:detalle_licitacion&idEvl=JKRUi2Fk1lyFQ%2FlhRK79lA%3D%3D
Contratos menores;"Aprobar el gasto y reconocer la obligación del contrato menor de servicios ""Transporte de material para acondicionamiento de márgenes con acceso a carreteras por celebración Feria de La Apañada""";Presidencia del Cabildo Insular de El Hierro;servicios;Resuelta;Transporte y Excavaciones Frontera, S.L.;800;https://contrataciondelestado.es/wps/poc?uri=deeplink:detalle_licitacion&idEvl=WHGcB%2FmcOSrI8aL3PRS10Q%3D%3D
Contratos menores;"Banda San Nicolás; Virgen del arrabal 2026";Alcaldía del Ayuntamiento de Simancas;privado;Resuelta;ASOCIACIÓN MUSICAL SAN NICOLÁS;800;https://contrataciondelestado.es/wps/poc?uri=deeplink:detalle_licitacion&idEvl=HPqSqVQE9inLIx6q1oPaMg%3D%3D
Contratos menores;Plan de protección de la Instalación Portuaria Ribera I en el puerto de Carboneras;Presidencia de la Autoridad Portuaria de Almería;servicios;Resuelta;COMISARIADO ESPAÑOL MARITIMO, S.A.;800;https://contrataciondelestado.es/wps/poc?uri=deeplink:detalle_licitacion&idEvl=gMO%2B06nZ9dxJ8Trn0ZPzLw%3D%3D
Contratos menores;Puertas correderas para acceso de pasarela móvil;Presidencia de la Autoridad Portuaria de Almería;suministros;Resuelta;BUENO MUÑOZ, SERGIO;800;https://contrataciondelestado.es/wps/poc?uri=deeplink:detalle_licitacion&idEvl=HshOYcxVdk2sNfRW6APEDw%3D%3D
Contratos menores;Curso Primeros Auxilios;Dirección General del Ente Público Radiotelevisión de Castilla-La Mancha;servicios;Resuelta;VITALY HEALTH SERVICE S.L.;800;https://contrataciondelestado.es/wps/poc?uri=deeplink:detalle_licitacion&idEvl=hvq%2FiXGT%2FHzpxJFXpLZ%2B2A%3D%3D
Contratos menores;Alquiler anual de botellas de gases para poder cubrir diferentes tareas de los trabajadores de Seromal;Consejo de Administración de Seromal, S.A. Municipal de Construcciones y Conservación de Alcobendas;suministros;Resuelta;RAMIREZ AGUADO, S.L.;797,3;https://contrataciondelestado.es/wps/poc?uri=deeplink:detalle_licitacion&idEvl=X7cpnhhbCUacTfjQf3USOg%3D%3D
Contratos menores;Contrato de Suministros de medios de cultivos celulares: corning™ matriz matrigel™ hc 10ml - ref. 354262 para el proyecto innval24/27;Dirección de Gestión de la Fundación Instituto de Investigación Marqués de Valdecilla;suministros;Resuelta;PROQUINORTE, S.A.;795;https://contrataciondelestado.es/wps/poc?uri=deeplink:detalle_licitacion&idEvl=hqKK42K%2BCdA%2B1TMyIiZmzw%3D%3D
Contratos menores;GAPTO Pañales desechable pacientes incontinentes residencias sociosanitarias;Dirección Gerencia de Atención Primaria de Toledo;suministros;Resuelta;Active Medical Disposable, S.A.U.;791,04;https://contrataciondelestado.es/wps/poc?uri=deeplink:detalle_licitacion&idEvl=%2FgTvM2%2BqrWdQFSeKCRun4Q%3D%3D
Contratos menores;Servicios de transporte sanitario de pacientes en medios no ordinarios (ambulancias, avión medicalizado, barco medicalizado, transporte internacional,...);Director Gerente de FREMAP;servicios;Resuelta;TAXIS Y AMBULANCIAS HABICHUELA S.L.;787;https://contrataciondelestado.es/wps/poc?uri=deeplink:detalle_licitacion&idEvl=zCsHKlFlVFi8ebB%2FXTwy0A%3D%3D
Contratos menores;GAPTO Pañales desechable pacientes incontinentes residencias sociosanitarias;Dirección Gerencia de Atención Primaria de Toledo;suministros;Resuelta;Active Medical Disposable, S.A.U.;781,65;https://contrataciondelestado.es/wps/poc?uri=deeplink:detalle_licitacion&idEvl=wnxdMN3txYOKeVWTb9Scog%3D%3D
Contratos menores;Suministro mediante arrendamiento de cinco juegos infantiles de madera para su utilización durante la jornada de Jazz del 13 de septiembre de 2026 en el parque de Eucaliptos de l'Albir, incluyendo su desplazamiento.;Pleno del Ayuntamiento de L'Alfàs del Pi;suministros;Resuelta;EVENTOS LAMADRE S.L.;780;https://contrataciondelestado.es/wps/poc?uri=deeplink:detalle_licitacion&idEvl=sIXn%2Fr1CH%2B0S7pcxhTeWOg%3D%3D
Contratos menores;FinnPipette F1 16 canales ( pipeta mutlicanal para biología molecular,equipamiento inventariable);Gerencias de los Institutos de la Agencia Estatal Consejo Superior de Investigaciones Científicas;suministros;Resuelta;VWR INTERNATIONAL EUROLAB S.L.;780;https://contrataciondelestado.es/wps/poc?uri=deeplink:detalle_licitacion&idEvl=A6O68oYQYUF%2FR5QFTlaM4A%3D%3D
Contratos menores;Suministro de caseta para Policía Local durante las fiestas 2026;Alcaldía del Ayuntamiento de Meco;suministros;Resuelta;CASETAS E INSTALACIONES METALICAS JARCASA, S.L.;775;https://contrataciondelestado.es/wps/poc?uri=deeplink:detalle_licitacion&idEvl=18KgMI34sFEzjChw4z%2FXvw%3D%3D
Contratos menores;Limpieza extraordinaria en Edif. Autoridad Portuaria el 13/03/2026;Presidencia de la Autoridad Portuaria de Almería;servicios;Resuelta;VERDIBLANCA Asoc Pers Discapacidad;774,16;https://contrataciondelestado.es/wps/poc?uri=deeplink:detalle_licitacion&idEvl=6n1Coz33MNE%2Bk2oCbDosIw%3D%3D
Contratos menores;adquisición de un reactivo de recubrimiento para cultivos celulares adherentes que permita mejorar la adhesión, supervivencia y tasa de expansión de líneas celulares humanas empleadas en el presente p;Comisión Delegada de la Fundación para la Investigación Biomédica del Hospital Universitario La Paz;suministros;Resuelta;Horizonte Bio SL;769;https://contrataciondelestado.es/wps/poc?uri=deeplink:detalle_licitacion&idEvl=BPv8GGjkQkMeIBJRHQiPkQ%3D%3D
Contratos menores;Contrato menor de suministros pistola de gel y 7 guantes anticorte para la Policía Local.;Junta de Gobierno Local del Ayuntamiento de La Mojonera;suministros;Resuelta;VIATORPLUSULTRA, S.L.;768,71;https://contrataciondelestado.es/wps/poc?uri=deeplink:detalle_licitacion&idEvl=6NDk8BA5Pf8eIBJRHQiPkQ%3D%3D
Contratos menores;Contrato menor 316/2026. Medallas carrera obstáculos la bárbara.;Alcaldía del Ayuntamiento de Serón;suministros;Resuelta;TROFEOS Y MEDALLAS DEPORTIVAS, S.L.;762,95;https://contrataciondelestado.es/wps/poc?uri=deeplink:detalle_licitacion&idEvl=SeVOLL5ylMuS81gZFETWmA%3D%3D
Contratos menores;Contrato menor 311/2026. Intalación dos farolas Calle Huerta.;Alcaldía del Ayuntamiento de Serón;servicios;Resuelta;YELAMOS CASTILLO JOSE ANTONIO;761,16;https://contrataciondelestado.es/wps/poc?uri=deeplink:detalle_licitacion&idEvl=pxMCrq21FWTCfVQHDepjGQ%3D%3D
Contratos menores;Trabajos de modificación y ajuste de la estructura de las canastas de la Pista Polideportiva 2;Alcaldía del Ayuntamiento de Torremolinos;servicios;Resuelta;Alfredo Flores Hermosilla;760;https://contrataciondelestado.es/wps/poc?uri=deeplink:detalle_licitacion&idEvl=L9dMSc16QoA%2B1TMyIiZmzw%3D%3D
Contratos menores;Seguro de asistencia médica para Ramón Sanfeliu en Argentina del 18 de agosto 2026 al 15 de febrero 2027;Gerencias de los Institutos de la Agencia Estatal Consejo Superior de Investigaciones Científicas;servicios;Resuelta;ARAG SE, Sucursal en España;753,62;https://contrataciondelestado.es/wps/poc?uri=deeplink:detalle_licitacion&idEvl=U3qBkdlNF%2FBLAIVZdUs8KA%3D%3D
Contratos menores;Coordinación de seguridade e montaxe do escenario do Festival 2026;Alcaldía del Ayuntamiento de Ortigueira;servicios;Resuelta;Manuel Velasco Vazquez;750;https://contrataciondelestado.es/wps/poc?uri=deeplink:detalle_licitacion&idEvl=nt1A9jLQ%2FO3%2Fa9DgO%2BoYKQ%3D%3D
Contratos menores;516/26. Actuación musical de Coral Polifónica polas festas patronais de Portonovo;Presidencia del Organismo Autónomo Terra de Sanxenxo;servicios;Resuelta;Coral Polifónica Santa María de Adina;750;https://contrataciondelestado.es/wps/poc?uri=deeplink:detalle_licitacion&idEvl=FyUbnx%2FvsNN9Zh%2FyRJgM8w%3D%3D
Contratos menores;"Representación ""Las mil y una noches"" en Acto de entrega de premios Certamen de Relato Breve";Alcaldía del Ayuntamiento de Illescas;servicios;Resuelta;HECTOR URIEN RODRIGUEZ;750;https://contrataciondelestado.es/wps/poc?uri=deeplink:detalle_licitacion&idEvl=bt4F%2FXyW1%2FY%2B1TMyIiZmzw%3D%3D
Contratos menores;516/26. Actuación musical de Voces de Sempre polas festas patronais de Portonovo;Presidencia del Organismo Autónomo Terra de Sanxenxo;servicios;Resuelta;Asociación Club Xubilados e Pensionistas de Portonovo;750;https://contrataciondelestado.es/wps/poc?uri=deeplink:detalle_licitacion&idEvl=mEF11uFazzXgL1BHd3qjQA%3D%3D
Contratos menores;Contrato menor 336/2026. Actuación charanga los pijamas cabezudos.;Alcaldía del Ayuntamiento de Serón;servicios;Resuelta;ASOCIACIÓN JUVEIL CHARANGA LOS PIJAMAS;750;https://contrataciondelestado.es/wps/poc?uri=deeplink:detalle_licitacion&idEvl=dikXIr%2FizZkXhk1FZxEyvw%3D%3D
Contratos menores;Servicio de transportes;Diputación Provincial de Zamora;servicios;Resuelta;A.MARTIN VIZAN,S.L;750;https://contrataciondelestado.es/wps/poc?uri=deeplink:detalle_licitacion&idEvl=u4u%2F6ahpa%2Fe8ebB%2FXTwy0A%3D%3D
Contratos menores;Servicios de publicidad;Alcaldía de l'Ajuntament del Ràfol d'Almúnia;servicios;Resuelta;MARINA ALTA PERIODIC, S.L.;747;https://contrataciondelestado.es/wps/poc?uri=deeplink:detalle_licitacion&idEvl=hu319v3snIWOUi78BmzhOQ%3D%3D
Contratos menores;Publicidad prensa l'escalda 2026;Alcaldía de la EATIM de Jesús Pobre;servicios;Resuelta;MARINA ALTA PERIODIC, S.L.;743,8;https://contrataciondelestado.es/wps/poc?uri=deeplink:detalle_licitacion&idEvl=jIrjU3aiSyqqb7rCcv76BA%3D%3D
Contratos menores;Adquisición de 1000 l de gasoil para la residencia Nuestra Señora de la Soledad.;Alcaldía del Ayuntamiento de Cózar;suministros;Resuelta;GASOLEOS SANCHEZ Y MURCIA, S.;742,98;https://contrataciondelestado.es/wps/poc?uri=deeplink:detalle_licitacion&idEvl=pXQTh%2BstWIFVYjgxA4nMUw%3D%3D
Contratos menores;Instalación y limpieza de un WC adaptado en los Huertos de Ocio;Alcaldía del Ayuntamiento de Borriana;servicios;Resuelta;GLOBAL HUMANA DE SERVICIOS, S.L.U.;741,77;https://contrataciondelestado.es/wps/poc?uri=deeplink:detalle_licitacion&idEvl=JYK%2FI8VA4%2Bt9PLkba5eRog%3D%3D
Contratos menores;Reparación avería en el robot limpiafondos de la piscina. Parque de Orihuela;Presidencia Delegada del Consorcio Provincial para el Servicio de Prevención y Extinción de Incendios y Salvamento de Alicante;servicios;Resuelta;VALMIR NUNES DA SILVA;740,13;https://contrataciondelestado.es/wps/poc?uri=deeplink:detalle_licitacion&idEvl=DXAwVVLTmSHua%2Fi14w%2FPLA%3D%3D
Contratos menores;Contadores de agua potable Woltex;Presidencia de la Autoridad Portuaria de Almería;suministros;Resuelta;HIDRAGUA SUR, S.L.;731,42;https://contrataciondelestado.es/wps/poc?uri=deeplink:detalle_licitacion&idEvl=PyUeq5mNxBMS7pcxhTeWOg%3D%3D
Contratos menores;"""alquiler de carpa, megafonía, DJ y mesas con ocasión del evento de la Noche en blanco""";Alcaldía del Ayuntamiento de Olula del Río;suministros;Resuelta;OLUKARPA EVENTOS SOCIEDAD LIMITADA;730;https://contrataciondelestado.es/wps/poc?uri=deeplink:detalle_licitacion&idEvl=Oa%2FqNjJE1xB70UvEyYJSGw%3D%3D
Contratos menores;Material de imprenta para Oficina principal;Presidencia de la Autoridad Portuaria de Almería;suministros;Resuelta;IMPRENTA UBEDA, S.L.;728;https://contrataciondelestado.es/wps/poc?uri=deeplink:detalle_licitacion&idEvl=5auZanRaEf07u6%2B%2FR7DUoA%3D%3D
Contratos menores;Servicio de cafetería para la celebración del Café literario que se ofrecerá en la Biblioteca Pública de Zamora con motivo del encuentro hispano luso de escritores, artistas y poetas.;Consejería de la Presidencia de la Junta de Castilla y León;servicios;Resuelta;Alberto Santano García;727,27;https://contrataciondelestado.es/wps/poc?uri=deeplink:detalle_licitacion&idEvl=3cduEvjeBWCOUi78BmzhOQ%3D%3D
Contratos menores;"Programa Actividades En Bibliotecas ""Anem a la Biblio"" (Clubs de Lectura). Periodo Octubre - Diciembre 2026. Actividad: ""Biblioteca viviente"" en Biblioteca Florida-Babel.";Junta de Gobierno Local del Ayuntamiento de Alicante;servicios;Resuelta;Alexandre Morera Torregrosa;727,27;https://contrataciondelestado.es/wps/poc?uri=deeplink:detalle_licitacion&idEvl=td6i1j72fWGOUi78BmzhOQ%3D%3D
Contratos menores;Celebración de almuerzo 23/03/26;Presidencia de la Autoridad Portuaria de Almería;servicios;Resuelta;GRUPO OLIVENCIA ALMERIA, S.L.;726,4;https://contrataciondelestado.es/wps/poc?uri=deeplink:detalle_licitacion&idEvl=dl6JQgzjPh%2BGCFcHcNGIlQ%3D%3D
Contratos menores;Suministro de mesas y sillas para la actividad denominada Alma Hispana 2026, con motivo de la Capitalidad Española de la Gastronomía;Junta de Gobierno Local del Ayuntamiento de Jerez;suministros;Resuelta;ALQUILERES SOTO ARRIAZA, S.L.;720;https://contrataciondelestado.es/wps/poc?uri=deeplink:detalle_licitacion&idEvl=4kAAahm1NdJ%2BF6L2uCfUWg%3D%3D
Contratos menores;Tratamiento de desinfección y desinsectación para la Muestra Ganadera 2026;Alcaldía del Ayuntamiento de Coín;servicios;Resuelta;PLAGAS URBANO;720;https://contrataciondelestado.es/wps/poc?uri=deeplink:detalle_licitacion&idEvl=gdOAw8oAwv4kJPJS%2BPS9vg%3D%3D
Contratos menores;Gasto desayuno-almuerzo_Mas de Uno_24-03-2026;Presidencia de la Autoridad Portuaria de Almería;servicios;Resuelta;MANZANO VARGAS, JOSE ANTONIO;720;https://contrataciondelestado.es/wps/poc?uri=deeplink:detalle_licitacion&idEvl=5XjJrWXiTd9rhBlEHQFSKA%3D%3D
Contratos menores;Solucion Acida Finca Cueva del Polvo - FEADER Recursos Geneticos;Presidencia del Instituto canario de Investigaciones Agrarias;suministros;Resuelta;CANARIAS EXPLOSIVOS SA;720;https://contrataciondelestado.es/wps/poc?uri=deeplink:detalle_licitacion&idEvl=n2bl3v7al%2FQaF6cS8TCh%2FA%3D%3D
Contratos menores;"Suministro de prensa diaria ""Diario de Avisos"" para la Dirección Provincial en el periodo 1/12/2026 a 30/11/2027";INSS-Dirección provincial de Santa Cruz de Tenerife;suministros;Resuelta;CANARIA DE AVISOS, S.L;720;https://contrataciondelestado.es/wps/poc?uri=deeplink:detalle_licitacion&idEvl=pvVrLi453kTyoM4us5k4vw%3D%3D
Contratos menores;Servicio de reparación de contenedores soterrados de recogida de residuos sólidos urbanos.;Junta de Gobierno del Ayuntamiento de Biar;servicios;Resuelta;Talleres Navarro Forja y Mecan. SL;716,28;https://contrataciondelestado.es/wps/poc?uri=deeplink:detalle_licitacion&idEvl=vJIDu%2B21IQzgL1BHd3qjQA%3D%3D
Contratos menores;Apertura de zanja. Reparación tubería alcantarillado Avda. Ordesa (gasolinera);Alcaldía del Ayuntamiento de Biescas;obras;Resuelta;Excavaciones O.G.P. Escarrilla, S.L.U.;715;https://contrataciondelestado.es/wps/poc?uri=deeplink:detalle_licitacion&idEvl=CTrWzzZWD%2BCTylGzYmBF9Q%3D%3D
Contratos menores;GAPTO Pañales desechable pacientes incontinentes residencias sociosanitarias;Dirección Gerencia de Atención Primaria de Toledo;suministros;Resuelta;Active Medical Disposable, S.A.U.;709,65;https://contrataciondelestado.es/wps/poc?uri=deeplink:detalle_licitacion&idEvl=2Z2zrSu31JOHCIsjvJ3rhQ%3D%3D
Contratos menores;GAPTO Pañales desechable pacientes incontinentes residencias sociosanitarias;Dirección Gerencia de Atención Primaria de Toledo;suministros;Resuelta;Active Medical Disposable, S.A.U.;706,58;https://contrataciondelestado.es/wps/poc?uri=deeplink:detalle_licitacion&idEvl=MIpggbeYMQlPpzdqOdhuWg%3D%3D
Contratos menores;Servicio de gabinete de prensa externo para Gran Día, Feria de Celebraciones 26 (7 notas de prensa, 2 convocatorias, cobertura de la feria, escucha activa y resumen de impactos);Dirección General de la Institución Ferial de Canarias;servicios;Resuelta;SILBO ASESORES DE COMUNICACION,SL;705;https://contrataciondelestado.es/wps/poc?uri=deeplink:detalle_licitacion&idEvl=TC%2FT9JIDunEaF6cS8TCh%2FA%3D%3D
Contratos menores;Compra cortasetos de altura;Alcaldía del Ayuntamiento de Casares;suministros;Resuelta;TALLERES MECÁNICOS HERMANOS DIAZ S.L;701,65;https://contrataciondelestado.es/wps/poc?uri=deeplink:detalle_licitacion&idEvl=8EQXAtKL1h3jHF5qKI4aaw%3D%3D
Contratos menores;Material de fontaneria para despachos de Presidencia y Dirección;Presidencia de la Autoridad Portuaria de Almería;suministros;Resuelta;SANEAMIENTOS EMILIO HERNANDEZ, S.A;700,68;https://contrataciondelestado.es/wps/poc?uri=deeplink:detalle_licitacion&idEvl=ekBLG164RVf9pbnDwlaUlg%3D%3D
Contratos menores;Programa de fiestas 2026;Alcaldía del Ayuntamiento de Gualchos;servicios;Resuelta;ANTONIO MARIA PEREZ ALCAIDE;700;https://contrataciondelestado.es/wps/poc?uri=deeplink:detalle_licitacion&idEvl=IxoYrSqa%2FJL5Rey58Yagpg%3D%3D
Contratos menores;Servicio técnico de revisión, calibración y verificación de la Báscula Municipal. Obligatorio cada 2 años. De acuerdo con la nueva normativa ICT/155/2020 de 7 de febrero, por la que se regula el control metrológico del estado de determinados instrumentos de medida, y que obliga a verificar los instrumentos de pesaje.;Alcaldía del Ayuntamiento de Fuenlabrada de los Montes;servicios;Resuelta;Basculas Álvarez, S.L.;690;https://contrataciondelestado.es/wps/poc?uri=deeplink:detalle_licitacion&idEvl=CDatIOttXWucCF8sV%2BqtYA%3D%3D
Contratos menores;Contratación servicio de vigilante armado para custodia de material explosivo del castillo día 2 de septiembre Fiestas patronales 2026;Junta de Gobierno Local del Ayuntamiento de Albuixech;servicios;Resuelta;GRUPO G PROTECCION Y SEGURIDAD, S.A.;688,5;https://contrataciondelestado.es/wps/poc?uri=deeplink:detalle_licitacion&idEvl=YCwoREk48cS8ebB%2FXTwy0A%3D%3D
Contratos menores;Material de iluminación de emergencias con marcos para oficina principal;Presidencia de la Autoridad Portuaria de Almería;suministros;Resuelta;NOVELEC INDALICA, S.L.;686,1;https://contrataciondelestado.es/wps/poc?uri=deeplink:detalle_licitacion&idEvl=W6ABQ5xKbyEQyBAnWzHfCg%3D%3D
Contratos menores;Materiales varios para armario de telecomunicaciones de tercera y cuarta planta en oficina principal;Presidencia de la Autoridad Portuaria de Almería;suministros;Resuelta;SISMATER COMPONENT-S, S.L.;684,66;https://contrataciondelestado.es/wps/poc?uri=deeplink:detalle_licitacion&idEvl=UdRo3HQaXwiKeVWTb9Scog%3D%3D
Contratos menores;Reparación de maquina en puerta de cristales exterior oficina;Presidencia de la Autoridad Portuaria de Almería;servicios;Resuelta;VERDEGAY VIEDMA, ANTONIO;682;https://contrataciondelestado.es/wps/poc?uri=deeplink:detalle_licitacion&idEvl=AcM6CviHh96sNfRW6APEDw%3D%3D
Contratos menores;GAPTO Pañales desechable pacientes incontinentes residencias sociosanitarias;Dirección Gerencia de Atención Primaria de Toledo;suministros;Resuelta;Active Medical Disposable, S.A.U.;681,64;https://contrataciondelestado.es/wps/poc?uri=deeplink:detalle_licitacion&idEvl=8rXPGViK5xGFQ%2FlhRK79lA%3D%3D
Contratos menores;Adquisición de herramientas y artículos de ferretería para la brigada de obras municipal.;Junta de Gobierno del Ayuntamiento de Biar;suministros;Resuelta;Würth España, SA;679,79;https://contrataciondelestado.es/wps/poc?uri=deeplink:detalle_licitacion&idEvl=19%2B5qxu3agwwYTJJ03sHog%3D%3D
Contratos menores;Servicio de cena de reunión de proyecto nesoi+ en el restaurante la marinera el día 7 de octubre;Instituto Tecnológico de Canarias S.A.;servicios;Resuelta;JONICAMAR, S.L.;675,22;https://contrataciondelestado.es/wps/poc?uri=deeplink:detalle_licitacion&idEvl=B1s6NfwNnDQeC9GJQOEBkQ%3D%3D
Contratos menores;Contrato de Suministros de acetonitrilo, grado lc/ms optima™, fisher chemical 4l - ref. a9554 para el proyecto direc-y-gest;Dirección de Gestión de la Fundación Instituto de Investigación Marqués de Valdecilla;suministros;Resuelta;PROQUINORTE, S.A.;675;https://contrataciondelestado.es/wps/poc?uri=deeplink:detalle_licitacion&idEvl=F9xqMnqgFFqFQ%2FlhRK79lA%3D%3D
Contratos menores;Limpieza dependencias de Carboneras;Presidencia de la Autoridad Portuaria de Almería;servicios;Resuelta;SERVICIO ALTA LIMPIEZA, S.L.;675;https://contrataciondelestado.es/wps/poc?uri=deeplink:detalle_licitacion&idEvl=5Ci7UyqdwWSopEMYCmrbmw%3D%3D
Contratos menores;Puerto de Almeria. Mantenimiento y reparación embarcación Zodiac;Presidencia de la Autoridad Portuaria de Almería;servicios;Resuelta;ARM YACHTS & SERVICES ,S.L.L;674,08;https://contrataciondelestado.es/wps/poc?uri=deeplink:detalle_licitacion&idEvl=mNgoDP5RAe8%2Bk2oCbDosIw%3D%3D
Contratos menores;Trabajos obligatorios tras inspección de O.C.A;Presidencia de la Autoridad Portuaria de Almería;servicios;Resuelta;FAIN ASCENSORES, S.A.;669,14;https://contrataciondelestado.es/wps/poc?uri=deeplink:detalle_licitacion&idEvl=4c2W%2FV8D%2F3t%2BF6L2uCfUWg%3D%3D
Contratos menores;GAPTO Pañales desechable pacientes incontinentes residencias sociosanitarias;Dirección Gerencia de Atención Primaria de Toledo;suministros;Resuelta;Active Medical Disposable, S.A.U.;668,46;https://contrataciondelestado.es/wps/poc?uri=deeplink:detalle_licitacion&idEvl=aOMiRN27EnE3vLk2DU2Ddg%3D%3D
Contratos menores;Reparación vehículo patrulla 9967LYZ;Presidencia de la Autoridad Portuaria de Almería;servicios;Resuelta;GARCIA ALMECIJA E HIJOS,SLL;666,58;https://contrataciondelestado.es/wps/poc?uri=deeplink:detalle_licitacion&idEvl=uoyL5IIC4O0IYE3ZiZ%2BxmQ%3D%3D
Contratos menores;Material de fontanería para el montaje de la Muestra Ganadera 2026 (codo placa, bolsa de bridas, TE bocas, Mtr manguera, válvula nile, rosca macho y h, sifón, empalme rápido racord 3/4-1/2);Alcaldía del Ayuntamiento de Coín;suministros;Resuelta;SUMINISTROS CARDENAS S.L.;665,4;https://contrataciondelestado.es/wps/poc?uri=deeplink:detalle_licitacion&idEvl=KgOGd4Kg5tZ70UvEyYJSGw%3D%3D
Contratos menores;127/26. Servizo de arranxo da persiana e pechadura da porta da Escola Infantil de Aios 34/26. Servizo de arranxo da porta do baño e as persianas do CEIP Portonvo;Presidencia del Organismo Autónomo Terra de Sanxenxo;servicios;Resuelta;Barral Otero, Marcial;665;https://contrataciondelestado.es/wps/poc?uri=deeplink:detalle_licitacion&idEvl=eyrdqbxsBOQl5NjlNci%2BtA%3D%3D
Contratos menores;Adquisición de 600 paquetes de 6 botellas de agua mineral natural Aquanevada de 1,5 l y 2.400 botellas de 50 cl para eventos.;Junta de Gobierno Local del Ayuntamiento de Mojácar;suministros;Resuelta;ALONSO CORTES INVERNON E HIJOS SL;664,8;https://contrataciondelestado.es/wps/poc?uri=deeplink:detalle_licitacion&idEvl=lmH7wzgog1vs%2BnLj3vAg5A%3D%3D
Contratos menores;GAPTO Pañales desechable pacientes incontinentes residencias sociosanitarias;Dirección Gerencia de Atención Primaria de Toledo;suministros;Resuelta;Active Medical Disposable, S.A.U.;664,59;https://contrataciondelestado.es/wps/poc?uri=deeplink:detalle_licitacion&idEvl=X%2B4rDGdbmVbkY6rls5tG9A%3D%3D
Contratos menores;Faros de San Telmo y Mesa roldán. Lámparas y material eléctrico;Presidencia de la Autoridad Portuaria de Almería;suministros;Resuelta;NOVELEC INDALICA, S.L.;662,82;https://contrataciondelestado.es/wps/poc?uri=deeplink:detalle_licitacion&idEvl=a0OAxYqcaws4NavIWzMcHA%3D%3D
Contratos menores;Actuación musical Mutación ppaco 26 fiesta del conejo;Alcaldía del Ayuntamiento de Parauta;servicios;Resuelta;Diego Guerrero Marquez;660;https://contrataciondelestado.es/wps/poc?uri=deeplink:detalle_licitacion&idEvl=Zi7S%2F00pzEE%2Bk2oCbDosIw%3D%3D
Contratos menores;Suministro de uva moscatell para l'escalda 2026;Alcaldía de la EATIM de Jesús Pobre;suministros;Resuelta;DOTZE CEPS,COOP. V.;652,8;https://contrataciondelestado.es/wps/poc?uri=deeplink:detalle_licitacion&idEvl=pJI%2FryKEmohVkTabT%2FRM8A%3D%3D
Contratos menores;Traslado de barco desde Muelle Pesquero a recinto de Aduanas en Muelle Pechina;Presidencia de la Autoridad Portuaria de Almería;servicios;Resuelta;GRUTALMERIA, S.L.;650;https://contrataciondelestado.es/wps/poc?uri=deeplink:detalle_licitacion&idEvl=XOICm%2BChih2sNfRW6APEDw%3D%3D
Contratos menores;Contrato menor 301/2026. Hinchables acuáticos actividad piscina.;Alcaldía del Ayuntamiento de Serón;servicios;Resuelta;JIMENEZ MOLINA AGUSTIN;650;https://contrataciondelestado.es/wps/poc?uri=deeplink:detalle_licitacion&idEvl=JblgwoQO0CXjHF5qKI4aaw%3D%3D
Contratos menores;Escalera de acero inoxidable para Muelle Ribera I;Presidencia de la Autoridad Portuaria de Almería;servicios;Resuelta;BUENO MUÑOZ, SERGIO;648;https://contrataciondelestado.es/wps/poc?uri=deeplink:detalle_licitacion&idEvl=XoKIatFubaXCfVQHDepjGQ%3D%3D
Contratos menores;Trabajos y reparaciones de carpintería metálica en la vía pública, escuela infantil y colegios.;Junta de Gobierno del Ayuntamiento de Biar;servicios;Resuelta;Pedro Valdés Pitarch;648;https://contrataciondelestado.es/wps/poc?uri=deeplink:detalle_licitacion&idEvl=ytqq2Gk7Fmuzz8fXU2i3eQ%3D%3D
Contratos menores;Seguro responsabilidad medioambiental ocupación temporal de vía pecuaria camino o vereda de Torredelcampo (Jamilena) por colocación de farolas solares.;Alcaldía del Ayuntamiento de Jamilena;servicios;Resuelta;OMNIA MGA SL;647,02;https://contrataciondelestado.es/wps/poc?uri=deeplink:detalle_licitacion&idEvl=I11vp3CRTnl%2FP7lJ7Fu0SA%3D%3D
Contratos menores;GAPTO Pañales desechable pacientes incontinentes residencias sociosanitarias;Dirección Gerencia de Atención Primaria de Toledo;suministros;Resuelta;Active Medical Disposable, S.A.U.;636,91;https://contrataciondelestado.es/wps/poc?uri=deeplink:detalle_licitacion&idEvl=Fyl8QAtu4sS9Hd5zqvq9cg%3D%3D
Contratos menores;"Programa Actividades En Bibliotecas ""Anem a la Biblio"" (Clubs de Lectura). Periodo Octubre - Diciembre 2026. Actividad: ""El refugio de los monstruos olvidados"" en Biblioteca Diagonal y Benalúa.";Junta de Gobierno Local del Ayuntamiento de Alicante;servicios;Resuelta;Rebombori Cultural, S.L.;636,36;https://contrataciondelestado.es/wps/poc?uri=deeplink:detalle_licitacion&idEvl=t5aOqJnYE%2Bq2gkLQ8TeYKA%3D%3D
Contratos menores;Contrato menor 302/2026. Zuecos residencia de mayores.;Alcaldía del Ayuntamiento de Serón;suministros;Resuelta;FCLIGHT SLU;634,39;https://contrataciondelestado.es/wps/poc?uri=deeplink:detalle_licitacion&idEvl=Ynn5xlKBoyGOUi78BmzhOQ%3D%3D
Contratos menores;GAPTO Pañales desechable pacientes incontinentes residencias sociosanitarias;Dirección Gerencia de Atención Primaria de Toledo;suministros;Resuelta;Active Medical Disposable, S.A.U.;633,01;https://contrataciondelestado.es/wps/poc?uri=deeplink:detalle_licitacion&idEvl=ui2zJ8qaPuW2gkLQ8TeYKA%3D%3D
Contratos menores;Jm963.Suministro De Carteleria Para Fiesta Popular En Barriomar. Apr.Pleno 18/05/2026;Junta de Gobierno del Ayuntamiento de Murcia;suministros;Resuelta;IMPRESIONABILIDAD PAGAN, S.L.;632,23;https://contrataciondelestado.es/wps/poc?uri=deeplink:detalle_licitacion&idEvl=WBUoMKXKYI9%2FR5QFTlaM4A%3D%3D
Contratos menores;Gasto grabación video acto inauguración 1ª Fase P-C;Presidencia de la Autoridad Portuaria de Almería;servicios;Resuelta;RODRIGUEZ FERNANDEZ, CARLOS MANUEL;630;https://contrataciondelestado.es/wps/poc?uri=deeplink:detalle_licitacion&idEvl=OguYErfnB%2BWS81gZFETWmA%3D%3D
Contratos menores;Cambio de dos pantallas atrapapolvo;Presidencia de la Autoridad Portuaria de Almería;servicios;Resuelta;SALAS GARCIA, JUAN DAVID;630;https://contrataciondelestado.es/wps/poc?uri=deeplink:detalle_licitacion&idEvl=Z01HHtywRsxSYrkJkLlFdw%3D%3D
Contratos menores;CONTRATO MENOR DESINSECTACIÓN Y DESRATIZACIÓN en Camino Viejo de Málaga, Calle Camino de la Imaroga, Mirador de rio Seco, Camino de la Maquinilla, Torna de los Ramos, y Mirador de los Almachares.;Alcaldía del Ayuntamiento de Frigiliana;servicios;Resuelta;APLITEX FUMIGACION NERJA, S.C.;630;https://contrataciondelestado.es/wps/poc?uri=deeplink:detalle_licitacion&idEvl=X4JNQusIi3E%2Bk2oCbDosIw%3D%3D
Contratos menores;Suministro de cartel para programación Empleo Juvenil FSE+ del Centro de Formación, 424 038;Concejalías Delegadas del Ayuntamiento de Alcobendas;suministros;Resuelta;PAIVER COMUNICACION, S.L.;625;https://contrataciondelestado.es/wps/poc?uri=deeplink:detalle_licitacion&idEvl=XMajF52PuEc7%2B9FIQYNjeQ%3D%3D
Contratos menores;"Camisetas del VII campus de carretones; Virgen del Arrabal 2026";Alcaldía del Ayuntamiento de Simancas;suministros;Resuelta;OSCAR TORRES DE JUAN;625;https://contrataciondelestado.es/wps/poc?uri=deeplink:detalle_licitacion&idEvl=IMzBUDmi0m%2FXOjazN1Dw9Q%3D%3D
Contratos menores;suministro comida para fiestas San Miguel 2026;Alcaldía del Ayuntamiento de Gualchos;suministros;Resuelta;LUCIA RODRIGUEZ FERNANDEZ;625;https://contrataciondelestado.es/wps/poc?uri=deeplink:detalle_licitacion&idEvl=AVodSISSux%2BdkQsA7ROvsg%3D%3D
Contratos menores;Suministro de una picadora-trituradora para el servicio de cocina del CREER de Burgos.;Centro de Referencia Estatal de Atención a Personas con Enfermedades Raras y sus Familias;suministros;Resuelta;REFRIGERACIÓN FERNANDO LAGO S.L.;624;https://contrataciondelestado.es/wps/poc?uri=deeplink:detalle_licitacion&idEvl=ENeg9NuxYZpLAIVZdUs8KA%3D%3D
Contratos menores;Transporte para el curso 2026agr021;Consejería de la Presidencia de la Junta de Castilla y León;servicios;Resuelta;CABORNERO BUS, S.L.;620;https://contrataciondelestado.es/wps/poc?uri=deeplink:detalle_licitacion&idEvl=HQ4GC67vBMi2gkLQ8TeYKA%3D%3D
Contratos menores;Reparación de barrera por golpe en Recinto Internacional Exp. 345/2026;Presidencia de la Autoridad Portuaria de Almería;servicios;Resuelta;VERDEGAY VIEDMA, ANTONIO;615;https://contrataciondelestado.es/wps/poc?uri=deeplink:detalle_licitacion&idEvl=wksKiwu5n9w%2B1TMyIiZmzw%3D%3D
Contratos menores;Arquetas f900 para Muelle de Pechina por rotura;Presidencia de la Autoridad Portuaria de Almería;servicios;Resuelta;SANIPLAST SOLUCIONES SOSTENIBLES DEL AGUA, S.L.U.;612;https://contrataciondelestado.es/wps/poc?uri=deeplink:detalle_licitacion&idEvl=9CSPind3OqbjHF5qKI4aaw%3D%3D
Contratos menores;Seguro de asistencia médica para Alaa Alburai a Chile 29 de agosto 2026 al 31 de diciembre 2026;Gerencias de los Institutos de la Agencia Estatal Consejo Superior de Investigaciones Científicas;servicios;Resuelta;ARAG SE, Sucursal en España;608,74;https://contrataciondelestado.es/wps/poc?uri=deeplink:detalle_licitacion&idEvl=qzg9%2BaQ3giE%2FbjW6njtWLw%3D%3D
Contratos menores;Faro Mesa Roldán. Cuadro de automatismos;Presidencia de la Autoridad Portuaria de Almería;suministros;Resuelta;NOVELEC INDALICA, S.L.;608,19;https://contrataciondelestado.es/wps/poc?uri=deeplink:detalle_licitacion&idEvl=V4HCkOigHYSS81gZFETWmA%3D%3D
Contratos menores;Contrato menor de suministro e instalación de cristales tipo Armado y Float en el CPR Sierra Almagrera;Alcaldía del Ayuntamiento de Cuevas del Almanzora;suministros;Resuelta;MULTISERVICIOS CIUDAD DEL SOL, S.L.U.;607;https://contrataciondelestado.es/wps/poc?uri=deeplink:detalle_licitacion&idEvl=x39pFwBnhfHgL1BHd3qjQA%3D%3D
Contratos menores;Realizar la revisión anual, pasar la ITV y limpieza de ls furgoneta para realizar el servicio de transporte adaptado de forma correcta;Presidencia de la Comarca de Tarazona y el Moncayo;servicios;Resuelta;AUTOMECANICA SIETE S.COOP;605,91;https://contrataciondelestado.es/wps/poc?uri=deeplink:detalle_licitacion&idEvl=k7GtvYXKS8fL1rX3q%2FMAPA%3D%3D
Contratos menores;Mantenimiento de vehiculo 9953LYZ;Presidencia de la Autoridad Portuaria de Almería;servicios;Resuelta;SYRSA AUTOMOCION, S.L.;601,82;https://contrataciondelestado.es/wps/poc?uri=deeplink:detalle_licitacion&idEvl=fcrQ6KuX5lYaF6cS8TCh%2FA%3D%3D
Contratos menores;"Servicios de animación correspondientes a la ""Tarde Infantil"" con motivo de las Fiestas de San Xoán 2026";Alcaldía del Ayuntamiento de Sarria;servicios;Resuelta;GRUPO TREMOLA SL;600;https://contrataciondelestado.es/wps/poc?uri=deeplink:detalle_licitacion&idEvl=5Cj3OssDSF8ZDGvgaZEVxQ%3D%3D
Contratos menores;Suministro y colocación de tapa y marco telefonica;Presidencia de la Autoridad Portuaria de Almería;servicios;Resuelta;SERINAL SERVICIOS INTEGRADOS, S.L.UNIPERS;600;https://contrataciondelestado.es/wps/poc?uri=deeplink:detalle_licitacion&idEvl=ui%2BKAIQSBbEaF6cS8TCh%2FA%3D%3D
Contratos menores;Corte de césped y tratamiento en oficina principal;Presidencia de la Autoridad Portuaria de Almería;servicios;Resuelta;RODULFO DELGADO, PEDRO JOSE;600;https://contrataciondelestado.es/wps/poc?uri=deeplink:detalle_licitacion&idEvl=EROETKe7L3V%2BF6L2uCfUWg%3D%3D
Contratos menores;Contratacion actuacion inauguracion Caseta Mpal de la 3º Edad;Alcaldía del Ayuntamiento de Torremolinos;servicios;Resuelta;ESPECTACULOS ALBALADEJO SL;600;https://contrataciondelestado.es/wps/poc?uri=deeplink:detalle_licitacion&idEvl=YgsXO%2Bge3F2sNfRW6APEDw%3D%3D
Contratos menores;Seguro responsabilidad medioambiental ocupación temporal de vía pecuaria camino de Goyino por tubería de abastecimiento de agua.;Alcaldía del Ayuntamiento de Jamilena;servicios;Resuelta;OMNIA MGA SL;599,91;https://contrataciondelestado.es/wps/poc?uri=deeplink:detalle_licitacion&idEvl=F%2FEBn5nEp26kU02jNGj1Fw%3D%3D
Contratos menores;GAPTO Pañales desechable pacientes incontinentes residencias sociosanitarias;Dirección Gerencia de Atención Primaria de Toledo;suministros;Resuelta;Active Medical Disposable, S.A.U.;596,46;https://contrataciondelestado.es/wps/poc?uri=deeplink:detalle_licitacion&idEvl=VbL%2BfQTMNEnE6P%2FuLemXRw%3D%3D
Contratos menores;Trofeos en cerámica con motivos específicos segundo probas;Alcaldía del Ayuntamiento de Ortigueira;suministros;Resuelta;ASOCIACIÓN AVELAÍÑA;595,4;https://contrataciondelestado.es/wps/poc?uri=deeplink:detalle_licitacion&idEvl=yMwCKIonhaV%2FP7lJ7Fu0SA%3D%3D
Contratos menores;5 Sillones ergonómicas para oficinas;Servicio Territorial de Sanidad de la Delegación Territorial de la Junta de Castilla y León en Salamanca;suministros;Resuelta;FERNANDO BECEDAS S.L.U;595;https://contrataciondelestado.es/wps/poc?uri=deeplink:detalle_licitacion&idEvl=3eyptrTVCQy2gkLQ8TeYKA%3D%3D
Contratos menores;"Contrato Basado AMSERV2. Lote 1. Adquisición 50 carteles ""Prohibido Aparcar"" medidas 60x45 metálicos";Alcaldía del Ayuntamiento de Torremolinos;servicios;Resuelta;TECNIDIS EMPRESUR;595;https://contrataciondelestado.es/wps/poc?uri=deeplink:detalle_licitacion&idEvl=nDkdmUfdDdl%2FR5QFTlaM4A%3D%3D
Contratos menores;Adecuación modulo contador almadrabillas cable ingles;Presidencia de la Autoridad Portuaria de Almería;servicios;Resuelta;INSTALACIONES ELECTRICAS SEGURA SL;595;https://contrataciondelestado.es/wps/poc?uri=deeplink:detalle_licitacion&idEvl=MxnSn1VUkDSkU02jNGj1Fw%3D%3D
Contratos menores;Contrato menor de suministro para Adquisición de 100 carpetas de congreso para el alumnado del XXIX Plan Agrupado de Formación Continua 2026;Vicepresidencia de la Mancomunidad de Islantilla;suministros;Resuelta;URIUM SERVICE BUSINESS, S.L;592;https://contrataciondelestado.es/wps/poc?uri=deeplink:detalle_licitacion&idEvl=n2WuH%2FoEBsEmMOlAXxDEjw%3D%3D
Contratos menores;Inodoro para aseos de oficina principal;Presidencia de la Autoridad Portuaria de Almería;suministros;Resuelta;SANEAMIENTOS EMILIO HERNANDEZ, S.A;591,59;https://contrataciondelestado.es/wps/poc?uri=deeplink:detalle_licitacion&idEvl=%2FahbVRVo0SRPpzdqOdhuWg%3D%3D
Contratos menores;Contrato menor de Suministro de Material (Señalización de Zona de Preferencia Peatonal), para Señalización Vertical Viaria en Cangas de Onís.;Alcaldía del Ayuntamiento de Cangas de Onís;suministros;Resuelta;SEÑALIZACIONES INTEGRALES NORTE S.L.;590,6;https://contrataciondelestado.es/wps/poc?uri=deeplink:detalle_licitacion&idEvl=IgWY8b6Jm8cIYE3ZiZ%2BxmQ%3D%3D
Contratos menores;Contrato menor destinado al alquiler de un camión con cesta elevadora, para realizar arreglos en los aleros y tejados de los colegios públicos del municipio.;Alcaldía del Ayuntamiento de Illescas;servicios;Resuelta;SUMIALKI SOLUCIONES S.L.;590,22;https://contrataciondelestado.es/wps/poc?uri=deeplink:detalle_licitacion&idEvl=Sv8ZNRV4shyTylGzYmBF9Q%3D%3D
Contratos menores;GAPTO Pañales desechable pacientes incontinentes residencias sociosanitarias;Dirección Gerencia de Atención Primaria de Toledo;suministros;Resuelta;Active Medical Disposable, S.A.U.;590,08;https://contrataciondelestado.es/wps/poc?uri=deeplink:detalle_licitacion&idEvl=lzC4j8R9cXvmnwcj%2BxbdTg%3D%3D
Contratos menores;MH alquiler piano para concierto expo Luis Vidal;Presidencia de la Diputación Provincial de Valencia;suministros;Resuelta;CLEMENTE PIANOS S.L.;590;https://contrataciondelestado.es/wps/poc?uri=deeplink:detalle_licitacion&idEvl=XoE2fD%2BM7QyHCIsjvJ3rhQ%3D%3D
Contratos menores;Servicios de Pequeñas reparaciones de fontanería, carpintería, albañilería, cerrajería, electricidad, consumibles y/o sustitución bombillas, jardinería de interior y exterior;Director Gerente de FREMAP;servicios;Resuelta;FOMENTO VALENCIA MANT. Y LIMP. SAU;585,77;https://contrataciondelestado.es/wps/poc?uri=deeplink:detalle_licitacion&idEvl=p61CVdT27rCLAncw3qdZkA%3D%3D
Contratos menores;Contratación servicio de mantenimiento de desfibriladores 2026;Junta de Gobierno Local del Ayuntamiento de Albuixech;suministros;Resuelta;VIGILANCIA Y SEGURIDAD INTELIGENTE 10 S.L;585;https://contrataciondelestado.es/wps/poc?uri=deeplink:detalle_licitacion&idEvl=q4DFUfEknIQ%2Bk2oCbDosIw%3D%3D
Contratos menores;Reparación marquesina de la parada de autobús del casco urbano;Alcaldia del Ayuntamiento de Olocau;servicios;Resuelta;AMPARO GUILLEM ARENAS;583,1;https://contrataciondelestado.es/wps/poc?uri=deeplink:detalle_licitacion&idEvl=BkbO116UJBBeKgd8LfVV9g%3D%3D
Contratos menores;Adquisición de 14 parrillas para armario calefactor para mantener la comida caliente, en Residencia de Mayores de Carboneras de Guadazaón (Cuenca).;Delegación Provincial de la Consejería de Bienestar Social en Cuenca;suministros;Resuelta;M.P. DICLESA, S.L.;583,1;https://contrataciondelestado.es/wps/poc?uri=deeplink:detalle_licitacion&idEvl=e%2Fo%2Bjnt3s%2BS8ebB%2FXTwy0A%3D%3D
Contratos menores;GAPTO Pañales desechable pacientes incontinentes residencias sociosanitarias;Dirección Gerencia de Atención Primaria de Toledo;suministros;Resuelta;Active Medical Disposable, S.A.U.;582,89;https://contrataciondelestado.es/wps/poc?uri=deeplink:detalle_licitacion&idEvl=BpyQ6BBcxARxseVhcqrkhw%3D%3D
Contratos menores;Tóner y material diverso para Oficina principal;Presidencia de la Autoridad Portuaria de Almería;suministros;Resuelta;SUPIAL PAPELERIAS, S.L.;581,93;https://contrataciondelestado.es/wps/poc?uri=deeplink:detalle_licitacion&idEvl=z1cBaihaq%2BGcCF8sV%2BqtYA%3D%3D
Contratos menores;Tóner, papel y material diverso para Oficina principal;Presidencia de la Autoridad Portuaria de Almería;suministros;Resuelta;SUPIAL PAPELERIAS, S.L.;580,04;https://contrataciondelestado.es/wps/poc?uri=deeplink:detalle_licitacion&idEvl=XlifzqRFZoQtm4eBPtV6eQ%3D%3D
Contratos menores;Repaso de jardín y comienzo de mantenimiento desde el día 10/05/2026;Presidencia de la Autoridad Portuaria de Almería;servicios;Resuelta;RODULFO DELGADO, PEDRO JOSE;580;https://contrataciondelestado.es/wps/poc?uri=deeplink:detalle_licitacion&idEvl=YUjF5eXoL%2BbCfVQHDepjGQ%3D%3D
Contratos menores;Con el objeto de proteger la privacidad y cumplir con la normativa de seguridad de la informacion en los procesos de deshecho y/odestruccion de documentacion fisica tras la realizacion del correspondiente expurgo de la misma, todo ello en el desempeno de susfunciones por parte del personal adscrito al Gabinete de la Consejera, a la Direccion General de Infraestructura, Sostenibilidad yCalidad Turistica y a la Secretaria General Tecnica de la Consejeria de Turismo y Empleo ubicado en las dependencias de la mismaen la planta 6 del edificio de Servicios Multiples III, en la C/. Leon y Castillo, 200, en Las Palmas de Gran Canaria, resultanecesario la adquisicion de una destructora de papel que sustituya a la que se venia utilizando hasta ahora, que seencuentra averiada y cuyo modelo esta descatalogado.;Secretaría General Técnica de la Consejería de Turismo y Empleo de Canarias;suministros;Resuelta;MEGAPRINT CANARIAS 2004 SL;577;https://contrataciondelestado.es/wps/poc?uri=deeplink:detalle_licitacion&idEvl=LOrNk5SJ2pHi0Kd8%2Brcp6w%3D%3D
Contratos menores;Avería Faro Mesa Roldán en línea general de alimentación parte de trabajo 578;Presidencia de la Autoridad Portuaria de Almería;servicios;Resuelta;MONTAJES MECAVAL, S.L.;576;https://contrataciondelestado.es/wps/poc?uri=deeplink:detalle_licitacion&idEvl=PjPnQsOLF2PgL1BHd3qjQA%3D%3D
Contratos menores;Alquiler de manipuladora frontal para la colocación del cuadro eléctrico en el nuevo Faro de la Galea;Presidencia de la Autoridad Portuaria de Bilbao;servicios;Resuelta;ALKIZABAL,S.L.;575,13;https://contrataciondelestado.es/wps/poc?uri=deeplink:detalle_licitacion&idEvl=35Y9j27YbicmMOlAXxDEjw%3D%3D
Contratos menores;Suministro de cartel de entrada para el Conjunto Monumental del Alcázar;Junta de Gobierno Local del Ayuntamiento de Jerez;suministros;Resuelta;JOSE MARÍA FRANCO RUIZ;575;https://contrataciondelestado.es/wps/poc?uri=deeplink:detalle_licitacion&idEvl=KQsfkTjDEtyExvMJXBMHHQ%3D%3D
Contratos menores;Suministro de fotocopiadora multifunción a color en régimen de arrendamiento para el desarrollo del: PEF Atención A Personas Dependientes Y Con Necesidades Específicas.;Alcaldía del Ayuntamiento de Pedrera;suministros;Resuelta;GRUPO PAPIRO14, SL;572;https://contrataciondelestado.es/wps/poc?uri=deeplink:detalle_licitacion&idEvl=Ri10%2FcM9CcGFlFRHfEzEaw%3D%3D
Contratos menores;Adquisicion de rotulo con letras corporeas. Inauguracion Caseta de la 3º edad;Alcaldía del Ayuntamiento de Torremolinos;suministros;Resuelta;PRINT SHOP DIGITAL TORREMOLINOS SL;570;https://contrataciondelestado.es/wps/poc?uri=deeplink:detalle_licitacion&idEvl=LAstRdroKe7IGlsa0Wad%2Bw%3D%3D
Contratos menores;GAPTO Pañales desechable pacientes incontinentes residencias sociosanitarias;Dirección Gerencia de Atención Primaria de Toledo;suministros;Resuelta;LABORATORIOS INDAS, S.A.U.;569,24;https://contrataciondelestado.es/wps/poc?uri=deeplink:detalle_licitacion&idEvl=EGoWSrVGhZeIzo3LHNPGcQ%3D%3D
Contratos menores;Licencias M365 para personal de la APA;Presidencia de la Autoridad Portuaria de Almería;suministros;Resuelta;ALMERIMATIK SISTEMAS INFORMATICOS SA;561,6;https://contrataciondelestado.es/wps/poc?uri=deeplink:detalle_licitacion&idEvl=qSiptKj%2F8Y9QFSeKCRun4Q%3D%3D
Contratos menores;Licencias M365 para personal de la APA;Presidencia de la Autoridad Portuaria de Almería;suministros;Resuelta;ALMERIMATIK SISTEMAS INFORMATICOS SA;561,6;https://contrataciondelestado.es/wps/poc?uri=deeplink:detalle_licitacion&idEvl=hBl7MzcHDjU2wEhQbcAqug%3D%3D
Contratos menores;Suministro mobiliario para el CRA Diego Marín de Peñaranda de Duero;Dirección Provincial de Educación en Burgos;suministros;Resuelta;EL SECRETARIO S.L.;554,74;https://contrataciondelestado.es/wps/poc?uri=deeplink:detalle_licitacion&idEvl=p39FmA2WUelVYjgxA4nMUw%3D%3D
Contratos menores;Reposición de cristales rotos en pasarela fija estación marítima;Presidencia de la Autoridad Portuaria de Almería;suministros;Resuelta;CARPINTERIA METALICA Y CRISTALERIA DAMISA, S.L.;553,12;https://contrataciondelestado.es/wps/poc?uri=deeplink:detalle_licitacion&idEvl=92Y2q0URTgCP66GS%2BONYvQ%3D%3D
Contratos menores;Jm966.Acompañamiento Musical Con Motivo De La Visita De La Virgen De La Fuensanta El Dia 10 De Junio A Patiño;Junta de Gobierno del Ayuntamiento de Murcia;servicios;Resuelta;ASOC. UNION MUSICAL GUADALUPANA;550;https://contrataciondelestado.es/wps/poc?uri=deeplink:detalle_licitacion&idEvl=aDZGcqwsUmY7%2B9FIQYNjeQ%3D%3D
Contratos menores;Jm962.Acompañamiento Musical En Visita De La Virgen De La Fuensanta A Santiago El Mayor El Dia 11 De Junio;Junta de Gobierno del Ayuntamiento de Murcia;servicios;Resuelta;ASOC. UNION MUSICAL GUADALUPANA;550;https://contrataciondelestado.es/wps/poc?uri=deeplink:detalle_licitacion&idEvl=fnEgdeb%2FwwceIBJRHQiPkQ%3D%3D
Contratos menores;Contrato menor 310/2026. Aglomerado asfáltico en frío y emulsión para barriada los Angostos.;Alcaldía del Ayuntamiento de Serón;suministros;Resuelta;CONSTRUCCIONES NILA SOCIEDAD ANONIMA;545,6;https://contrataciondelestado.es/wps/poc?uri=deeplink:detalle_licitacion&idEvl=BC7TbFRctJ39pbnDwlaUlg%3D%3D
Contratos menores;catering evento juventud 9 de octubre de 2026.;Alcaldía del Ayuntamiento de San Agustín del Guadalix;servicios;Resuelta;COSMIN ANDREI GAMAN ATANASOAE;545,45;https://contrataciondelestado.es/wps/poc?uri=deeplink:detalle_licitacion&idEvl=SqA7XiK5jC%2FE6P%2FuLemXRw%3D%3D
Contratos menores;Compra de una bomba para el motor del agua por su rotura del CEIP Palma de Mallorca;Alcaldía del Ayuntamiento de Torremolinos;suministros;Resuelta;SUMI.ANT.MUÑOZ DE LA ROSA E HIJOS, S.L.;540,75;https://contrataciondelestado.es/wps/poc?uri=deeplink:detalle_licitacion&idEvl=WMjeFMP7jgY7%2B9FIQYNjeQ%3D%3D
Contratos menores;Servicios de sustitución de bomba de depuración en fuente transitable de la Plaza de la Constitución;Alcaldía del Ayuntamiento de Meco;servicios;Resuelta;LUMIARTECNIA INTERNACIONAL SL;540;https://contrataciondelestado.es/wps/poc?uri=deeplink:detalle_licitacion&idEvl=o1c4IC8v%2BU2GCFcHcNGIlQ%3D%3D
Contratos menores;"Contratación ponente para impartición d ela parte práctica del curso ""primeros auxilios, emergencia y plan de evacuación PRL""";Instituto Social de la Marina -Dirección Provincial de Tenerife;servicios;Resuelta;Gaspar Jerónimo Monzón Gimeno;539;https://contrataciondelestado.es/wps/poc?uri=deeplink:detalle_licitacion&idEvl=G%2BY6le3g9Hkl5NjlNci%2BtA%3D%3D
Contratos menores;Contrato de Suministros de brilliant violet 785™ anti-human cd25,clon bc96, 100 tests para el proyecto csi25/59;Dirección de Gestión de la Fundación Instituto de Investigación Marqués de Valdecilla;suministros;Resuelta;TEKNOVAS, S. A.;536;https://contrataciondelestado.es/wps/poc?uri=deeplink:detalle_licitacion&idEvl=BqAD2y4BN0LpxJFXpLZ%2B2A%3D%3D
Contratos menores;GAPTO Pañales desechable pacientes incontinentes residencias sociosanitarias;Dirección Gerencia de Atención Primaria de Toledo;suministros;Resuelta;Active Medical Disposable, S.A.U.;531,64;https://contrataciondelestado.es/wps/poc?uri=deeplink:detalle_licitacion&idEvl=Qbr1S6RLnf56nTs9LZ9RhQ%3D%3D
Contratos menores;"Derecho de uso de marca ""Q"" Calidad Turística 2026 Derecho de uso de marca ""S Sostenibildiad"" 2026 Oficina municipal de Turismo y punto de información turística";Junta de Gobierno del Ayuntamiento de Vélez-Málaga;servicios;Resuelta;INSTITUTO PARA LA CALIDAD TURISTICA ESPAÑOLA;531,1;https://contrataciondelestado.es/wps/poc?uri=deeplink:detalle_licitacion&idEvl=d948qYFKRePCfVQHDepjGQ%3D%3D
Contratos menores;Asistencia técnica diferentes eventos en salas Autoridad Portuaria de Almería;Presidencia de la Autoridad Portuaria de Almería;servicios;Resuelta;MORENO DEL AGUILA, JOSE MANUEL;530;https://contrataciondelestado.es/wps/poc?uri=deeplink:detalle_licitacion&idEvl=2vB4UaPt4%2BnIGlsa0Wad%2Bw%3D%3D
Contratos menores;Alquiler de plataforma elevadora;Presidencia de la Autoridad Portuaria de Almería;servicios;Resuelta;ALMESU, S.L.;524,6;https://contrataciondelestado.es/wps/poc?uri=deeplink:detalle_licitacion&idEvl=JiBlexPeQVFrSd8H4b2soA%3D%3D
Contratos menores;Prestar servicios de Gestiona.;Junta Vecinal de la Entidad Local Menor de Valdivia;servicios;Resuelta;ESPUBLICO SERVICOS PARA LA ADMINISTRACION, S.A.;524,37;https://contrataciondelestado.es/wps/poc?uri=deeplink:detalle_licitacion&idEvl=E1JpKqhWw5hVkTabT%2FRM8A%3D%3D
Contratos menores;Contrato menor 328/2026. 130 bocadillos sendero las menas.;Junta de Gobierno del Ayuntamiento de Serón;suministros;Resuelta;RESTAURANTE CUADRADO S.L.;520;https://contrataciondelestado.es/wps/poc?uri=deeplink:detalle_licitacion&idEvl=XCT14HvKMguAAM7L03kM8A%3D%3D
Contratos menores;Impartición de talleres de artes marciales;Junta de Gobierno del Ayuntamiento de Fuengirola;servicios;Resuelta;Club deportivo Taeguk;520;https://contrataciondelestado.es/wps/poc?uri=deeplink:detalle_licitacion&idEvl=Bsw5JA8O5cbi0Kd8%2Brcp6w%3D%3D
Contratos menores;GAPTO Pañales desechable pacientes incontinentes residencias sociosanitarias;Dirección Gerencia de Atención Primaria de Toledo;suministros;Resuelta;LABORATORIOS INDAS, S.A.U.;519,42;https://contrataciondelestado.es/wps/poc?uri=deeplink:detalle_licitacion&idEvl=QWcnONzp8%2Fy2gkLQ8TeYKA%3D%3D
Contratos menores;GAPTO Pañales desechable pacientes incontinentes residencias sociosanitarias;Dirección Gerencia de Atención Primaria de Toledo;suministros;Resuelta;Active Medical Disposable, S.A.U.;514,2;https://contrataciondelestado.es/wps/poc?uri=deeplink:detalle_licitacion&idEvl=XkEI0l8zqVc%2FbjW6njtWLw%3D%3D
Contratos menores;Instalación y parcheo de rack 3 planta edificio autoridad portuaria;Presidencia de la Autoridad Portuaria de Almería;servicios;Resuelta;MONTAJES MECAVAL, S.L.;512;https://contrataciondelestado.es/wps/poc?uri=deeplink:detalle_licitacion&idEvl=%2BTZAo7GNvNqdkQsA7ROvsg%3D%3D
Contratos menores;Contrato de Suministros de (54314522) igm bv510, cat number 314522, 100 test. para el proyecto csi25/59;Dirección de Gestión de la Fundación Instituto de Investigación Marqués de Valdecilla;suministros;Resuelta;TEKNOVAS, S. A.;510;https://contrataciondelestado.es/wps/poc?uri=deeplink:detalle_licitacion&idEvl=HeN26QN7V4szjChw4z%2FXvw%3D%3D
Contratos menores;Catering recepción Hermanamiento Irlanda (complementario);Alcaldía del Ayuntamiento de Simancas;servicios;Resuelta;EventosLux, S.L. (Appetite catering y eventos);510;https://contrataciondelestado.es/wps/poc?uri=deeplink:detalle_licitacion&idEvl=zS4eWG4cBKGIzo3LHNPGcQ%3D%3D
Contratos menores;Servicios necesarios con motivo de la celebración de la Festividad de la Patrona de la Guardia Civil en Tacoronte, el día 12 de octubre de 2026, flores para decoración del evento;Alcaldia del Ayuntamiento de Tacoronte;suministros;Resuelta;MAXIMINA ANGELA BATISTA HERNANDEZ;510;https://contrataciondelestado.es/wps/poc?uri=deeplink:detalle_licitacion&idEvl=pVJCNCyWRX1eKgd8LfVV9g%3D%3D
Contratos menores;Gasto comida Comité Direccion - 25,05,2026;Presidencia de la Autoridad Portuaria de Almería;servicios;Resuelta;MANZANO VARGAS, JOSE ANTONIO;510;https://contrataciondelestado.es/wps/poc?uri=deeplink:detalle_licitacion&idEvl=1JuruhqORRAXhk1FZxEyvw%3D%3D
Contratos menores;Adquisición de pulseras centinela para fiestas y actos de ocio organizados por el Ayuntamiento.;Concejal de Contratación del Ayuntamiento de Torrejón de Ardoz;suministros;Resuelta;Centinela Guardian, S.L.;510;https://contrataciondelestado.es/wps/poc?uri=deeplink:detalle_licitacion&idEvl=F6QDI6LqJHdJ8Trn0ZPzLw%3D%3D
Contratos menores;Servicios necesarios con motivo de la celebración de la Festividad de la Patrona de la Guardia Civil en Tacoronte, el día 12 de octubre de 2026, equipos de sonido;Alcaldia del Ayuntamiento de Tacoronte;suministros;Resuelta;ESPECTACULOS TENERIFE SL;509;https://contrataciondelestado.es/wps/poc?uri=deeplink:detalle_licitacion&idEvl=PHK35ZRsO8hSYrkJkLlFdw%3D%3D
Contratos menores;Reparación por golpe en barrera puerta 1 (exp. 83/2026);Presidencia de la Autoridad Portuaria de Almería;servicios;Resuelta;VERDEGAY VIEDMA, ANTONIO;505,5;https://contrataciondelestado.es/wps/poc?uri=deeplink:detalle_licitacion&idEvl=fgi1mjGlh2IZDGvgaZEVxQ%3D%3D
Contratos menores;Sistema de Alimentación Ininterrumpida SAI SLC-2000-TWIN PRO2;Gerencias de los Institutos de la Agencia Estatal Consejo Superior de Investigaciones Científicas;suministros;Resuelta;SALICRU, S.A.;504;https://contrataciondelestado.es/wps/poc?uri=deeplink:detalle_licitacion&idEvl=oo3C38twwarIGlsa0Wad%2Bw%3D%3D
Contratos menores;GAPTO Pañales desechable pacientes incontinentes residencias sociosanitarias;Dirección Gerencia de Atención Primaria de Toledo;suministros;Resuelta;Active Medical Disposable, S.A.U.;500,79;https://contrataciondelestado.es/wps/poc?uri=deeplink:detalle_licitacion&idEvl=YtBRPKNKVrZJ8Trn0ZPzLw%3D%3D
Contratos menores;Contrato menor 337/2026. Carpa 10x5 poligonal actividades la Jauca.;Alcaldía del Ayuntamiento de Serón;suministros;Resuelta;OLUKARPA EVENTOS SL;500;https://contrataciondelestado.es/wps/poc?uri=deeplink:detalle_licitacion&idEvl=WsbVLYa%2FUpmcCF8sV%2BqtYA%3D%3D
Contratos menores;"CSS obras ""Mejora EE edificio admnistrativo APA, urbanización entorno, ...""";Presidencia de la Autoridad Portuaria de Almería;servicios;Resuelta;MALDONADO CALLEJON, BEATRIZ;500;https://contrataciondelestado.es/wps/poc?uri=deeplink:detalle_licitacion&idEvl=zZsk3yR1d8UIYE3ZiZ%2BxmQ%3D%3D
Contratos menores;Vaciado de aguas zona Lonja;Presidencia de la Autoridad Portuaria de Almería;servicios;Resuelta;DESATASCOS EN ALMERIA RAMON TORRES, S.L.;500;https://contrataciondelestado.es/wps/poc?uri=deeplink:detalle_licitacion&idEvl=jIb%2BWMUSK%2FlWhbmkna2nXQ%3D%3D
Contratos menores;Inspección ascensores Puerto de Almería RAE6595, RAE6596, RAE8151 Puerto de Carboneras RAEAL/015071;Presidencia de la Autoridad Portuaria de Almería;servicios;Resuelta;TÜV SÜD ATISAE, S.A.U.;500;https://contrataciondelestado.es/wps/poc?uri=deeplink:detalle_licitacion&idEvl=s3Lgqxld4u4l5NjlNci%2BtA%3D%3D
Contratos menores;Asistencia técnica integración puerto ciudad y programa Alsina, rueda de prensa Tenis;Presidencia de la Autoridad Portuaria de Almería;servicios;Resuelta;MORENO DEL AGUILA, JOSE MANUEL;500;https://contrataciondelestado.es/wps/poc?uri=deeplink:detalle_licitacion&idEvl=Yzwe1AHGIzcmMOlAXxDEjw%3D%3D
Contratos menores;Hinchables Ur. El Pinar;Alcaldía del Ayuntamiento de Simancas;servicios;Resuelta;Mª del Carmen García Ruiz;500;https://contrataciondelestado.es/wps/poc?uri=deeplink:detalle_licitacion&idEvl=7VXzeauQmh59PLkba5eRog%3D%3D
Contratos menores;Curso persoal GES actualización licenzas DESA e SVB.;Alcaldía del Ayuntamiento de Noia;servicios;Resuelta;BARBANZA PREVENCIÓN, S.L.;500;https://contrataciondelestado.es/wps/poc?uri=deeplink:detalle_licitacion&idEvl=X1%2BJMSQpsgtVq4S9zvaQpQ%3D%3D
Contratos menores;"Contratación montaje de sonido e iluminación ""final mundial de fútbol";Junta de Gobierno Local del Ayuntamiento de Albuixech;servicios;Resuelta;GRUPO L ÁSKAMPA, S.L.;500;https://contrataciondelestado.es/wps/poc?uri=deeplink:detalle_licitacion&idEvl=Udl0owlNgKyqb7rCcv76BA%3D%3D
Contratos menores;Jm962. suministro por alquiler de Escenario Para Fiesta Fin De Curso En Ceip Giner De Los Rios El 22 De Junio;Junta de Gobierno del Ayuntamiento de Murcia;suministros;Resuelta;PACO CASABLANCA ESPECTACULOS, S.L.;500;https://contrataciondelestado.es/wps/poc?uri=deeplink:detalle_licitacion&idEvl=IsPzd2OzXsK8ebB%2FXTwy0A%3D%3D
Contratos menores;GAPTO Pañales desechable pacientes incontinentes residencias sociosanitarias;Dirección Gerencia de Atención Primaria de Toledo;suministros;Resuelta;Active Medical Disposable, S.A.U.;497,49;https://contrataciondelestado.es/wps/poc?uri=deeplink:detalle_licitacion&idEvl=K8PisSH7SFRPpzdqOdhuWg%3D%3D
Contratos menores;Matamoscas electrico y crotales para cabritos UPAPyF;Presidencia del Instituto canario de Investigaciones Agrarias;suministros;Resuelta;JOSAN ZOOSANITARIOS, S.L.;496,3;https://contrataciondelestado.es/wps/poc?uri=deeplink:detalle_licitacion&idEvl=mYx5jLDeg8DpxJFXpLZ%2B2A%3D%3D
Contratos menores;Material eléctrico para la Muestra Ganadera 2026 (cinta aislante negra y cinta aislante blanca, Mag arv-k 3G2.5, Mang agril rvk4*6m/m2);Alcaldía del Ayuntamiento de Coín;suministros;Resuelta;CARLOS ALCARAZ S.A.;495,58;https://contrataciondelestado.es/wps/poc?uri=deeplink:detalle_licitacion&idEvl=MEp6llsbuVK9Hd5zqvq9cg%3D%3D
Contratos menores;Contrato de servicios consistente en solventar las incidencias detectadas en la realizacion del mantenimiento preventivotrimestral julio-septiembre 2026 del sistema de proteccion contra incendios PCI de las dependencias de la UnidadAdministrativa Provisional UAP de la Consejeria de Turismo y Empleo, ubicadas en la C/. Concepcion Arenal, 14, esquina C/.Victor Hugo, 60, en Las Palmas de Gran Canaria, sistema necesario para el desempeno de sus funciones por parte del personaladscrito a dicha unidad en unas condiciones optimas de confort y salud en el trabajo. El servicio trata del retimbrado de doce12 de los veinte 20 extintores que forman parte del PCI, con placas 64619, 537479, 438227, 66374, 438229, 444478, 252730,438235, 575902, 570879, 575928 y 575938.;Secretaría General Técnica de la Consejería de Turismo y Empleo de Canarias;servicios;Resuelta;INGESFIRE SL;493,87;https://contrataciondelestado.es/wps/poc?uri=deeplink:detalle_licitacion&idEvl=9nfbej3LQUd70UvEyYJSGw%3D%3D
Contratos menores;Servicio homologado de transporte de tejidos humanos;Hospital Intermutual de Euskadi, Centro Mancomunado de Mutuas de Accidentes de Trabajo y Enfermadades Profesionales de la Seguridad Social;servicios;Resuelta;AERO-FERR NORTE, S.A.;493,8;https://contrataciondelestado.es/wps/poc?uri=deeplink:detalle_licitacion&idEvl=HDGwfwLjvk83vLk2DU2Ddg%3D%3D
Contratos menores;Lamparas para oficina principal 3 y 4 planta;Presidencia de la Autoridad Portuaria de Almería;suministros;Resuelta;NOVELEC INDALICA, S.L.;490,16;https://contrataciondelestado.es/wps/poc?uri=deeplink:detalle_licitacion&idEvl=FB1OBTVqJRNJ8Trn0ZPzLw%3D%3D
Contratos menores;Contrato menor de servicios autobús para desplazamiento La Mojonera, Vícar, Huércal Overa para encuentro de bolillo.;Junta de Gobierno Local del Ayuntamiento de La Mojonera;servicios;Resuelta;AUTOBUSES DEL SURESTE S.A.;490;https://contrataciondelestado.es/wps/poc?uri=deeplink:detalle_licitacion&idEvl=wzletysoJBWHCIsjvJ3rhQ%3D%3D
Contratos menores;Modificacion para Transferencias inmediatas SEPA;Presidencia de la Autoridad Portuaria de Almería;servicios;Resuelta;ACTIVE BUSINESS & TECHNOLOGY;490;https://contrataciondelestado.es/wps/poc?uri=deeplink:detalle_licitacion&idEvl=3HnxjW1ixVR%2FR5QFTlaM4A%3D%3D
Contratos menores;Faro de Mesa Roldán. Comprobación alternador grupo electrógeno;Presidencia de la Autoridad Portuaria de Almería;servicios;Resuelta;ELECTRO-AUTOMAR, S.L.;490;https://contrataciondelestado.es/wps/poc?uri=deeplink:detalle_licitacion&idEvl=gquRuDzTvyPi0Kd8%2Brcp6w%3D%3D
Contratos menores;Adquisición y colocación de vidrio en ventana del Colegio;Alcaldía del Ayuntamiento de Argoños;suministros;Resuelta;FELIPE EXPOSITO NUÑEZ;490;https://contrataciondelestado.es/wps/poc?uri=deeplink:detalle_licitacion&idEvl=SDjARaFQviR70UvEyYJSGw%3D%3D
Contratos menores;Tratamiento contra roedores exterior e interior en talleres Milan Estación Maritima y Guardia Civil;Presidencia de la Autoridad Portuaria de Almería;servicios;Resuelta;CONSULTING DE PLAGAS, S.L.;490;https://contrataciondelestado.es/wps/poc?uri=deeplink:detalle_licitacion&idEvl=r6pBhRigkkKAAM7L03kM8A%3D%3D
Contratos menores;Trabajos varios en oficina principal en despachos;Presidencia de la Autoridad Portuaria de Almería;servicios;Resuelta;DOBREV PAVEL HRISTOV;489;https://contrataciondelestado.es/wps/poc?uri=deeplink:detalle_licitacion&idEvl=1GznLUHnux6S81gZFETWmA%3D%3D
Contratos menores;GAPTO Pañales desechable pacientes incontinentes residencias sociosanitarias;Dirección Gerencia de Atención Primaria de Toledo;suministros;Resuelta;LABORATORIOS INDAS, S.A.U.;486,29;https://contrataciondelestado.es/wps/poc?uri=deeplink:detalle_licitacion&idEvl=glC5cUtGhct6nTs9LZ9RhQ%3D%3D
Contratos menores;Reparación barrera por golpe barrera salida puerta 6 exp 547/2026;Presidencia de la Autoridad Portuaria de Almería;servicios;Resuelta;VERDEGAY VIEDMA, ANTONIO;480,5;https://contrataciondelestado.es/wps/poc?uri=deeplink:detalle_licitacion&idEvl=rLdZpPA7JzlVkTabT%2FRM8A%3D%3D
Contratos menores;Adquisición de tarjetas telefónicas para transmisión de datos en tiempo real con cargo al proyecto AGRITECH;Dirección del Centro de Investigaciones Científicas y Tecnológicas de Extremadura (CICYTEX);suministros;Resuelta;DIFERENZA ENABLER SAU;480;https://contrataciondelestado.es/wps/poc?uri=deeplink:detalle_licitacion&idEvl=7BVz1uviQbnjHF5qKI4aaw%3D%3D
Contratos menores;Hacer rampa en puerta de acceso antigua Endesa con mortero;Presidencia de la Autoridad Portuaria de Almería;servicios;Resuelta;SALAS GARCIA, JUAN DAVID;480;https://contrataciondelestado.es/wps/poc?uri=deeplink:detalle_licitacion&idEvl=s544whwt8kpLAIVZdUs8KA%3D%3D
Contratos menores;Trabajos de reparación pantallas atrapapolvo Puerto de Carboneras;Presidencia de la Autoridad Portuaria de Almería;servicios;Resuelta;SALAS GARCIA, JUAN DAVID;480;https://contrataciondelestado.es/wps/poc?uri=deeplink:detalle_licitacion&idEvl=n4S9gX%2BbJgRJ8Trn0ZPzLw%3D%3D
Contratos menores;Jm962. Suministro De Flores Con Motivo De La Visita De La Virgen De La Fuensanta A Santiago El Mayor;Junta de Gobierno del Ayuntamiento de Murcia;suministros;Resuelta;JIMENEZ ALIAGA ANTONIO;480;https://contrataciondelestado.es/wps/poc?uri=deeplink:detalle_licitacion&idEvl=bw1UsK%2BDk%2BaP%2Bo96UAV7cQ%3D%3D
Contratos menores;Espectáculo flamenco para fiestas populares;Alcaldía del Ayuntamiento de Gualchos;servicios;Resuelta;MARIA PILAR CAÑETE BURGUILLOS;480;https://contrataciondelestado.es/wps/poc?uri=deeplink:detalle_licitacion&idEvl=SrgwUrIDxi47u6%2B%2FR7DUoA%3D%3D
Contratos menores;Suministro de Puntos de Acceso WiFi para sustitución de averías;Presidencia de la Autoridad Portuaria de Almería;suministros;Resuelta;HISPATEC ERPAGRO, S.L.U.;478,8;https://contrataciondelestado.es/wps/poc?uri=deeplink:detalle_licitacion&idEvl=KQRzppKR9Yi5HQrHoP3G5A%3D%3D
Contratos menores;Contrato menor de servicios para el transporte de los/as asistentes a la Asamblea General de Mujeres con Tiempo Propio que tendrá lugar en Pola de Lena, el próximo 8 de mayo.;Alcaldía del Ayuntamiento de Cangas de Onís;servicios;Resuelta;AUTOCARES CABRANES, S.L.;477,27;https://contrataciondelestado.es/wps/poc?uri=deeplink:detalle_licitacion&idEvl=6cbm9tp7xtnmnwcj%2BxbdTg%3D%3D
Contratos menores;Cabezal de impresión plotter y material diverso para Oficina principal;Presidencia de la Autoridad Portuaria de Almería;suministros;Resuelta;SUPIAL PAPELERIAS, S.L.;474,48;https://contrataciondelestado.es/wps/poc?uri=deeplink:detalle_licitacion&idEvl=Wvt%2B9J8WCNkQyBAnWzHfCg%3D%3D
Contratos menores;Reparación barrera en P1 por golpe;Presidencia de la Autoridad Portuaria de Almería;servicios;Resuelta;VERDEGAY VIEDMA, ANTONIO;473;https://contrataciondelestado.es/wps/poc?uri=deeplink:detalle_licitacion&idEvl=EoYxvbI139H%2Fa9DgO%2BoYKQ%3D%3D
Contratos menores;GAPTO Pañales desechable pacientes incontinentes residencias sociosanitarias;Dirección Gerencia de Atención Primaria de Toledo;suministros;Resuelta;Active Medical Disposable, S.A.U.;472,63;https://contrataciondelestado.es/wps/poc?uri=deeplink:detalle_licitacion&idEvl=LOsbbKzrOJU3vLk2DU2Ddg%3D%3D
Contratos menores;Dar a conocer a los ciudadanos las actividades de promoción, formación, asesoramiento y certificación de las competencias digitales, en el marco del Programa CyL Digital;Consejería de Movilidad, Transformación Digital e Inteligencia Artificial de la Junta de Castilla y León;servicios;Resuelta;RADIO ARLANZON, S.L.;472,16;https://contrataciondelestado.es/wps/poc?uri=deeplink:detalle_licitacion&idEvl=Ypl76%2FpJJmIUqXM96WStVA%3D%3D
Contratos menores;Instalación de caja de llaves en oficina principal;Presidencia de la Autoridad Portuaria de Almería;servicios;Resuelta;INSTALAC Y SERV EFT 2005, SLL;465,21;https://contrataciondelestado.es/wps/poc?uri=deeplink:detalle_licitacion&idEvl=sYwRd68pe8bE6P%2FuLemXRw%3D%3D
Contratos menores;mantenimiento y conservacion de las instalaciones de deteccion, extincion de incendios y alarmas.;Secretaría General Técnica de la Consejería de Bienestar Social, Igualdad, Juventud, Infancia y Familias;servicios;Resuelta;SELECA INSTALACIONES Y MANTENIMIENTOS, S.L.U;464;https://contrataciondelestado.es/wps/poc?uri=deeplink:detalle_licitacion&idEvl=qTmr%2FOoEyS6cTfjQf3USOg%3D%3D
Contratos menores;Suministro de material de limpieza.;Presidencia de Nauta Sanxenxo Sociedad Limitada Unipersonal;suministros;Resuelta;EXCLUSIVAS Y DISTRIBUCIONES NOER, S.L.;463,42;https://contrataciondelestado.es/wps/poc?uri=deeplink:detalle_licitacion&idEvl=%2F25VGAveM5Czz8fXU2i3eQ%3D%3D
Contratos menores;Contrato menor 335/2026. Montaje y desmontaje instalación eléctrica las Menas.;Alcaldía del Ayuntamiento de Serón;obras;Resuelta;REFRIGERACION FERNANDEZ S L;460;https://contrataciondelestado.es/wps/poc?uri=deeplink:detalle_licitacion&idEvl=GgnyjKyKCe0eIBJRHQiPkQ%3D%3D
Contratos menores;Trabajos varios pantallas atrapapolvo Puerto Carboneras;Presidencia de la Autoridad Portuaria de Almería;servicios;Resuelta;SALAS GARCIA, JUAN DAVID;460;https://contrataciondelestado.es/wps/poc?uri=deeplink:detalle_licitacion&idEvl=Ss8v%2BIBWfCk7u6%2B%2FR7DUoA%3D%3D
Contratos menores;Acción promocional mercado internacional. colaboración con turespaña y red de juderías de españa;Junta de Gobierno del Ayuntamiento de Toledo;servicios;Resuelta;GESPER RECURSOS HUMANOS SL;460;https://contrataciondelestado.es/wps/poc?uri=deeplink:detalle_licitacion&idEvl=ycW%2FtiellwQeIBJRHQiPkQ%3D%3D
Contratos menores;Material electrico para Oficina principal;Presidencia de la Autoridad Portuaria de Almería;suministros;Resuelta;NOVELEC INDALICA, S.L.;457,4;https://contrataciondelestado.es/wps/poc?uri=deeplink:detalle_licitacion&idEvl=rhOXV9K5jLx9Zh%2FyRJgM8w%3D%3D
Contratos menores;Reparación motor en puerta abatible en cochera Policía Portuaria;Presidencia de la Autoridad Portuaria de Almería;servicios;Resuelta;VERDEGAY VIEDMA, ANTONIO;454;https://contrataciondelestado.es/wps/poc?uri=deeplink:detalle_licitacion&idEvl=ATdy7WOA1eAkJPJS%2BPS9vg%3D%3D
Contratos menores;"Suministro de material; Taller de jardinería";Alcaldía del Ayuntamiento de Simancas;suministros;Resuelta;COMERCIAL ADA, S.COOP;451,82;https://contrataciondelestado.es/wps/poc?uri=deeplink:detalle_licitacion&idEvl=6r5rYOIr9Is4NavIWzMcHA%3D%3D
Contratos menores;Cableado para internet de la tercera planta oficina principal;Presidencia de la Autoridad Portuaria de Almería;suministros;Resuelta;NOVELEC INDALICA, S.L.;451,4;https://contrataciondelestado.es/wps/poc?uri=deeplink:detalle_licitacion&idEvl=z214xadijA%2FXOjazN1Dw9Q%3D%3D
Contratos menores;GAPTO Pañales desechable pacientes incontinentes residencias sociosanitarias;Dirección Gerencia de Atención Primaria de Toledo;suministros;Resuelta;LABORATORIOS INDAS, S.A.U.;450,74;https://contrataciondelestado.es/wps/poc?uri=deeplink:detalle_licitacion&idEvl=8WwvF9qiwRJVYjgxA4nMUw%3D%3D
Contratos menores;Suministro de cartelería para el pabellón cubierto.;Alcaldía del Ayuntamiento de Nerja;suministros;Resuelta;MDM PUBLICIDAD NERJA S. L.;450,5;https://contrataciondelestado.es/wps/poc?uri=deeplink:detalle_licitacion&idEvl=UW67lg%2FqpJeGCFcHcNGIlQ%3D%3D
Contratos menores;Coordinación seguridad y salud obra señalización de viales;Alcaldía del Ayuntamiento de Benavente;servicios;Resuelta;UNIVERSIDAD DE SALAMANCA, OFICINA DE TRANSFERENCIA DE RESULTADOS DE INVESTIGACIÓN (OTRI);450;https://contrataciondelestado.es/wps/poc?uri=deeplink:detalle_licitacion&idEvl=7DVNy50cnax70UvEyYJSGw%3D%3D
Contratos menores;Desatasco tubería general edificio oficina principal;Presidencia de la Autoridad Portuaria de Almería;servicios;Resuelta;DESATASCOS EN ALMERIA RAMON TORRES, S.L.;450;https://contrataciondelestado.es/wps/poc?uri=deeplink:detalle_licitacion&idEvl=EzXJ8X4HZb6AAM7L03kM8A%3D%3D
Contratos menores;Contrato menor 308/2026. Picaje y bordado de logo corporativo en tamaño grande bandelora.;Alcaldía del Ayuntamiento de Serón;servicios;Resuelta;FERNANDEZ PEREZ PAULINO;450;https://contrataciondelestado.es/wps/poc?uri=deeplink:detalle_licitacion&idEvl=NfjhFHx%2B6oI7%2B9FIQYNjeQ%3D%3D
Contratos menores;Reparación y reposición de techo desmontable y colocación de placas de escayola en bar del Complejo Deportivo.;Alcaldia del Ayuntamiento de Valverde del Camino;obras;Resuelta;EUGENIO MANTERO CHAPARRO;450;https://contrataciondelestado.es/wps/poc?uri=deeplink:detalle_licitacion&idEvl=pnLUlihhqXxrSd8H4b2soA%3D%3D
Contratos menores;Anuncio prensa local Habilitación temporal 1 Práctico para OPE 2026;Presidencia de la Autoridad Portuaria de Almería;servicios;Resuelta;EDITORIAL ALMERIENS PUBLI INDP;448;https://contrataciondelestado.es/wps/poc?uri=deeplink:detalle_licitacion&idEvl=vzR6dbJDEjz%2B3JAijKO%2Bkg%3D%3D
Contratos menores;Cable para conexión iluminación grúa Wilcox;Presidencia de la Autoridad Portuaria de Almería;suministros;Resuelta;NOVELEC INDALICA, S.L.;446,88;https://contrataciondelestado.es/wps/poc?uri=deeplink:detalle_licitacion&idEvl=pyHzf21M1BFPpzdqOdhuWg%3D%3D
Contratos menores;Adquisición vestimenta para membro da bolsa GES contratado para cubir baixa laboral.;Alcaldía del Ayuntamiento de Noia;suministros;Resuelta;PEYCAR PONTEVEDRA SL;445,5;https://contrataciondelestado.es/wps/poc?uri=deeplink:detalle_licitacion&idEvl=wPqWg%2BLxB%2FHua%2Fi14w%2FPLA%3D%3D
Contratos menores;Productos alimenticios para la Escuela Infantil Municipal;Alcaldía del Ayuntamiento de San Fulgencio;suministros;Resuelta;NOELIA TRIGUEROS JOVER;445;https://contrataciondelestado.es/wps/poc?uri=deeplink:detalle_licitacion&idEvl=pb0iPqHNi66GCFcHcNGIlQ%3D%3D
Contratos menores;Licencia Microsoft Power BI Pro;Presidencia de la Diputación Provincial de Ciudad Real;suministros;Resuelta;SPECIALIST COMPUTER CENTRES SL;443,88;https://contrataciondelestado.es/wps/poc?uri=deeplink:detalle_licitacion&idEvl=GM9WN98lIsBVkTabT%2FRM8A%3D%3D
Contratos menores;GAPTO Pañales desechable pacientes incontinentes residencias sociosanitarias;Dirección Gerencia de Atención Primaria de Toledo;suministros;Resuelta;LABORATORIOS INDAS, S.A.U.;441;https://contrataciondelestado.es/wps/poc?uri=deeplink:detalle_licitacion&idEvl=xmWxmjks6BcS7pcxhTeWOg%3D%3D
Contratos menores;Adquisición mobiliario escolar para el CEPA Real Aquende;Dirección Provincial de Educación en Burgos;suministros;Resuelta;EL SECRETARIO S.L.;437,52;https://contrataciondelestado.es/wps/poc?uri=deeplink:detalle_licitacion&idEvl=1uDnexAhKCfs%2BnLj3vAg5A%3D%3D
Contratos menores;Adquisición de productos para restauración (Cofinanciado por Diputación de Granada Pat. Arqu. 2025) (2026.2.DIP.6);Alcaldía del Ayuntamiento de Galera;suministros;Resuelta;C.T.S. ESPAÑA Productos y Equipos para la Restauración S.L.;437,25;https://contrataciondelestado.es/wps/poc?uri=deeplink:detalle_licitacion&idEvl=okgzrRlQUII%2Bk2oCbDosIw%3D%3D
Contratos menores;Vertido y extendido de sacas de arena para parque infantil Colegio El Puente;Alcaldía del Ayuntamiento de Simancas;servicios;Resuelta;CONSTRUCCIONES RAÚL FERNÁNDEZ ALEGRE, S.L.;432;https://contrataciondelestado.es/wps/poc?uri=deeplink:detalle_licitacion&idEvl=h9HLz6Pg5N4UqXM96WStVA%3D%3D
Contratos menores;"Redacción de memoria técnica justificativa de ejecución de la obra ""apertura de nuevas áreas cortafuegos""";Alcaldía del Ayuntamiento de Torrechiva;servicios;Resuelta;Manuel Ricardo Martín García;430,5;https://contrataciondelestado.es/wps/poc?uri=deeplink:detalle_licitacion&idEvl=3%2B6kH0ehEqy8ebB%2FXTwy0A%3D%3D
Contratos menores;Limpieza de cámaras a diferentes alturas;Presidencia de la Autoridad Portuaria de Almería;servicios;Resuelta;SALAS GARCIA, JUAN DAVID;430;https://contrataciondelestado.es/wps/poc?uri=deeplink:detalle_licitacion&idEvl=yYlo6lNPPi1rSd8H4b2soA%3D%3D
Contratos menores;Limpieza de cámaras a diferentes alturas;Presidencia de la Autoridad Portuaria de Almería;servicios;Resuelta;SALAS GARCIA, JUAN DAVID;430;https://contrataciondelestado.es/wps/poc?uri=deeplink:detalle_licitacion&idEvl=BWgLui3iOzaIzo3LHNPGcQ%3D%3D
Contratos menores;Limpieza de cámaras a diferentes alturas;Presidencia de la Autoridad Portuaria de Almería;servicios;Resuelta;SALAS GARCIA, JUAN DAVID;430;https://contrataciondelestado.es/wps/poc?uri=deeplink:detalle_licitacion&idEvl=D%2Fk8J7WdZG%2FVGIpKDxgsAQ%3D%3D
Contratos menores;Limpieza cámaras diferentes alturas, Puerto de Carboneras;Presidencia de la Autoridad Portuaria de Almería;servicios;Resuelta;SALAS GARCIA, JUAN DAVID;430;https://contrataciondelestado.es/wps/poc?uri=deeplink:detalle_licitacion&idEvl=6t0OIp3fxft%2FP7lJ7Fu0SA%3D%3D
Contratos menores;Servicio de limpieza de ventanal alto en la fachada posterior y en el interior del C.E.I.P Bartolomé Flores de Mojácar.;Junta de Gobierno Local del Ayuntamiento de Mojácar;servicios;Resuelta;MARCOS OLIVA;429;https://contrataciondelestado.es/wps/poc?uri=deeplink:detalle_licitacion&idEvl=23XeCjbN9SFSYrkJkLlFdw%3D%3D
Contratos menores;GAPTO Pañales desechable pacientes incontinentes residencias sociosanitarias;Dirección Gerencia de Atención Primaria de Toledo;suministros;Resuelta;LABORATORIOS INDAS, S.A.U.;428,48;https://contrataciondelestado.es/wps/poc?uri=deeplink:detalle_licitacion&idEvl=lghrf4I8fo99PLkba5eRog%3D%3D
Contratos menores;Suministro de material eléctrico para trabajos del Servicio de Instalaciones en la sala de prensa del Palacio Provincial y en IFEDI.;Presidencia de la Diputación Provincial de Ciudad Real;suministros;Resuelta;DIELECTRO MANCHEGO SA;428,21;https://contrataciondelestado.es/wps/poc?uri=deeplink:detalle_licitacion&idEvl=WLjI8aSRM4fgL1BHd3qjQA%3D%3D
Contratos menores;Suministros de ortoprotesis y otras prestaciones con expediente asociado;Director Gerente de FREMAP;suministros;Resuelta;MARCO VISION S.L.;427,27;https://contrataciondelestado.es/wps/poc?uri=deeplink:detalle_licitacion&idEvl=T5TF0OBRn79eKgd8LfVV9g%3D%3D
Contratos menores;Analíticas diferentes perfiles;Vicepresidencia del Organismo Autónomo de Recaudación y Gestión Tributaria de la Diputación de Salamanca;servicios;Resuelta;QUIRON PREVENCIÓN;426,5;https://contrataciondelestado.es/wps/poc?uri=deeplink:detalle_licitacion&idEvl=%2ByuGGt4szbxVYjgxA4nMUw%3D%3D
Contratos menores;"Inversión de mesilla cigueña con destino al CAMP ""Nuestra señora de la Calle"".";Gerencia Territorial de Servicios Sociales de Palencia;suministros;Resuelta;GERONTOLOGIA Y AYUDAS TECNICAS;425,75;https://contrataciondelestado.es/wps/poc?uri=deeplink:detalle_licitacion&idEvl=5o0%2BcbOu0yM%2FbjW6njtWLw%3D%3D
Contratos menores;"Trípticos campaña de comunicación ""La ciudad conectada""";Alcaldía del Ayuntamiento de Segovia;suministros;Resuelta;CARLOS PASCUAL ARAGONESES;425,32;https://contrataciondelestado.es/wps/poc?uri=deeplink:detalle_licitacion&idEvl=s0NtzU3CdzSTylGzYmBF9Q%3D%3D
Contratos menores;Adquisición e instalación de vinilo de cristal con icono de información para el kiosco de turismo de Mojácar playa.;Junta de Gobierno Local del Ayuntamiento de Mojácar;suministros;Resuelta;YES I DO ESPAÑA SL;425;https://contrataciondelestado.es/wps/poc?uri=deeplink:detalle_licitacion&idEvl=R15Km%2FYZSpWKeVWTb9Scog%3D%3D
Contratos menores;Hacer rampa en puerta de acceso a Endesa;Presidencia de la Autoridad Portuaria de Almería;servicios;Resuelta;SALAS GARCIA, JUAN DAVID;425;https://contrataciondelestado.es/wps/poc?uri=deeplink:detalle_licitacion&idEvl=nhJDZ1tVHBbpxJFXpLZ%2B2A%3D%3D
Contratos menores;Puerta de cristales interior de oficina;Presidencia de la Autoridad Portuaria de Almería;servicios;Resuelta;VERDEGAY VIEDMA, ANTONIO;425;https://contrataciondelestado.es/wps/poc?uri=deeplink:detalle_licitacion&idEvl=SFQ6adXs%2B9m2gkLQ8TeYKA%3D%3D
Contratos menores;Actuación del grupo Airiños do Mar de Teis en la playa de Cesantes el 25/09/2026 para la promoción turística de Redondela.;Alcaldía del Ayuntamiento de Redondela;privado;Resuelta;ASOC MUSICO CULTURAL AIRIÑOS DO MAR DE TEIS;420;https://contrataciondelestado.es/wps/poc?uri=deeplink:detalle_licitacion&idEvl=SPVMBgmiZcfjHF5qKI4aaw%3D%3D
Contratos menores;Arreglo puerta corredera Endesa Puerto de Carboneras;Presidencia de la Autoridad Portuaria de Almería;servicios;Resuelta;SALAS GARCIA, JUAN DAVID;420;https://contrataciondelestado.es/wps/poc?uri=deeplink:detalle_licitacion&idEvl=ohv0C7WbaFOsNfRW6APEDw%3D%3D
Contratos menores;GAPTO Pañales desechable pacientes incontinentes residencias sociosanitarias;Dirección Gerencia de Atención Primaria de Toledo;suministros;Resuelta;Active Medical Disposable, S.A.U.;418,22;https://contrataciondelestado.es/wps/poc?uri=deeplink:detalle_licitacion&idEvl=b04nngTVwgYXhk1FZxEyvw%3D%3D
Contratos menores;"Contratar el suministro de un Altavoz Pro Doble Micro + Rueda + Batería + 15""";Alcaldía del Ayuntamiento de Huéscar;suministros;Resuelta;OMAR ROMERO MARTINEZ;415,35;https://contrataciondelestado.es/wps/poc?uri=deeplink:detalle_licitacion&idEvl=D7Ydnpzt24iP66GS%2BONYvQ%3D%3D
Contratos menores;Reparación por golpe salida izquierda P6 Exp: 543/2026;Presidencia de la Autoridad Portuaria de Almería;servicios;Resuelta;VERDEGAY VIEDMA, ANTONIO;413;https://contrataciondelestado.es/wps/poc?uri=deeplink:detalle_licitacion&idEvl=QVAxxEjlxN22gkLQ8TeYKA%3D%3D
Contratos menores;Arreglo por golpe en barrera salda P6 Expediente 503/2026;Presidencia de la Autoridad Portuaria de Almería;servicios;Resuelta;VERDEGAY VIEDMA, ANTONIO;413;https://contrataciondelestado.es/wps/poc?uri=deeplink:detalle_licitacion&idEvl=ewq4D4qZRniKeVWTb9Scog%3D%3D
Contratos menores;Reparación por golpe barrera izquierda salida P6 identificación 11312;Presidencia de la Autoridad Portuaria de Almería;servicios;Resuelta;VERDEGAY VIEDMA, ANTONIO;413;https://contrataciondelestado.es/wps/poc?uri=deeplink:detalle_licitacion&idEvl=1pPd0JABFx9t5r0ngvMetA%3D%3D
Contratos menores;Reparación por golpe barrera de salida derecha puerta 6 identificación 11276;Presidencia de la Autoridad Portuaria de Almería;servicios;Resuelta;VERDEGAY VIEDMA, ANTONIO;413;https://contrataciondelestado.es/wps/poc?uri=deeplink:detalle_licitacion&idEvl=wLUJo7ZhuRG9Hd5zqvq9cg%3D%3D
Contratos menores;Reparación por golpe P6 salida izquierda incidencia 11259;Presidencia de la Autoridad Portuaria de Almería;servicios;Resuelta;VERDEGAY VIEDMA, ANTONIO;413;https://contrataciondelestado.es/wps/poc?uri=deeplink:detalle_licitacion&idEvl=e71zuFFlGX4l5NjlNci%2BtA%3D%3D
Contratos menores;Reparación de barrera por golpe en puerta 6;Presidencia de la Autoridad Portuaria de Almería;servicios;Resuelta;VERDEGAY VIEDMA, ANTONIO;413;https://contrataciondelestado.es/wps/poc?uri=deeplink:detalle_licitacion&idEvl=%2Fg7Ee9T7Wocl5NjlNci%2BtA%3D%3D
Contratos menores;Adquisición de sistema de artrodesis tibiocalcánea;Hospital Intermutual de Euskadi, Centro Mancomunado de Mutuas de Accidentes de Trabajo y Enfermadades Profesionales de la Seguridad Social;suministros;Resuelta;ZIMMER BIOMET SPAIN, S.L.U.;411,63;https://contrataciondelestado.es/wps/poc?uri=deeplink:detalle_licitacion&idEvl=wuaDSKdnbuAmMOlAXxDEjw%3D%3D
Contratos menores;Mantenimiento jardines oficina principal;Presidencia de la Autoridad Portuaria de Almería;servicios;Resuelta;RODULFO DELGADO, PEDRO JOSE;409;https://contrataciondelestado.es/wps/poc?uri=deeplink:detalle_licitacion&idEvl=7XHe%2B06%2FtXOzz8fXU2i3eQ%3D%3D
Contratos menores;Reparación puerta automática del Mercado Municipal;Alcaldía del Ayuntamiento de Borriana;servicios;Resuelta;JP MANTENIMIENTO Y REFORMAS INTEGRALES 2019, SL;405,5;https://contrataciondelestado.es/wps/poc?uri=deeplink:detalle_licitacion&idEvl=B0gxT36Agl5LAIVZdUs8KA%3D%3D
Contratos menores;GAPTO Pañales desechable pacientes incontinentes residencias sociosanitarias;Dirección Gerencia de Atención Primaria de Toledo;suministros;Resuelta;LABORATORIOS INDAS, S.A.U.;401,48;https://contrataciondelestado.es/wps/poc?uri=deeplink:detalle_licitacion&idEvl=M5Xob0t%2FDt6LAncw3qdZkA%3D%3D
Contratos menores;Contracte menor de servei d'actuació musical a l'Edifici dels Jubilats.;Alcaldía del Ayuntamiento de Castelló;servicios;Resuelta;PRODUCCIONES ARTISTICAS ORANGE SL;400;https://contrataciondelestado.es/wps/poc?uri=deeplink:detalle_licitacion&idEvl=bUjWUu%2Fk41E36J9Lctlsuw%3D%3D
Contratos menores;"Adquisición e instalación de placa de metacrilato ""Adaptación y prevención al cambio climático"" con motivo de las actuaciones de la subvención del PSTD.";Junta de Gobierno Local del Ayuntamiento de Mojácar;suministros;Resuelta;YES I DO ESPAÑA SL;400;https://contrataciondelestado.es/wps/poc?uri=deeplink:detalle_licitacion&idEvl=R1XK93QHY7IzjChw4z%2FXvw%3D%3D
Contratos menores;Servicio de vaciado de pozo en zona Lonja;Presidencia de la Autoridad Portuaria de Almería;servicios;Resuelta;DESATASCOS EN ALMERIA RAMON TORRES, S.L.;400;https://contrataciondelestado.es/wps/poc?uri=deeplink:detalle_licitacion&idEvl=mqokxR85x%2Fo%2Bk2oCbDosIw%3D%3D
Contratos menores;Servicio de seguro de responsabilidad civil, para cubrir las actividades de Aquelarre y Halloween 2026.;Alcaldía del Ayuntamiento de Mairena del Aljarafe;servicios;Resuelta;Caja de Seguros Reunidos, CIA. DE SEGUROS Y REASEGUROS, S.A.;395,04;https://contrataciondelestado.es/wps/poc?uri=deeplink:detalle_licitacion&idEvl=ZpCzzKk7HMcS7pcxhTeWOg%3D%3D
Contratos menores;Traslado por horas de palet con caseta de madera día 4/08/2026;Presidencia del Patronato Municipal de Turismo y Playas de Alicante;servicios;Resuelta;Mudanzas Barbero;395;https://contrataciondelestado.es/wps/poc?uri=deeplink:detalle_licitacion&idEvl=Rzy7CAfmI9JWhbmkna2nXQ%3D%3D
Contratos menores;3D Platform Rotator 100-240V, 2 - 80 rpm (material inventariable para uso en laboratorio);Gerencias de los Institutos de la Agencia Estatal Consejo Superior de Investigaciones Científicas;suministros;Resuelta;FISHER SCIENTIFIC S.L.;388;https://contrataciondelestado.es/wps/poc?uri=deeplink:detalle_licitacion&idEvl=KxuQ%2BVsmU3UZDGvgaZEVxQ%3D%3D
Contratos menores;Contrato de Suministros de otros kits de laboratorio. autophagy assay, red detection kit 1 unidad apo010a, transportes para el proyecto apg/15;Dirección de Gestión de la Fundación Instituto de Investigación Marqués de Valdecilla;suministros;Resuelta;BIONOVA CIENTIFICA, S. L.;386,5;https://contrataciondelestado.es/wps/poc?uri=deeplink:detalle_licitacion&idEvl=KErOg%2BzvLZEzjChw4z%2FXvw%3D%3D
Contratos menores;GAPTO Pañales desechable pacientes incontinentes residencias sociosanitarias;Dirección Gerencia de Atención Primaria de Toledo;suministros;Resuelta;Active Medical Disposable, S.A.U.;386,15;https://contrataciondelestado.es/wps/poc?uri=deeplink:detalle_licitacion&idEvl=MxyEWaPXWvYeIBJRHQiPkQ%3D%3D
Contratos menores;Contratar un seguro para las salidas a Noia que se realizarán en el mes de septiembre, los días 15, 16 y 17 de septiembre, perteneciente al programa «Redondela Descubre 2026», para un máximo de 498 usuarios, todos ellos mayores de 55 años.;Alcaldía del Ayuntamiento de Redondela;servicios;Resuelta;MGS, Seguros y Reaseguros S.A.;385,14;https://contrataciondelestado.es/wps/poc?uri=deeplink:detalle_licitacion&idEvl=%2B5wyafTSWtDua%2Fi14w%2FPLA%3D%3D
Contratos menores;Hurcasa Dénia S.l. - Limpieza a fondo Casal Jove (obra techo);Alcaldía del Ayuntamiento de Dénia;servicios;Resuelta;HUCARSA DENIA, SL;385;https://contrataciondelestado.es/wps/poc?uri=deeplink:detalle_licitacion&idEvl=om0WMk2ziqRrSd8H4b2soA%3D%3D
Contratos menores;Reparación tubería agua caliente - Campo de fútbol;Alcaldía del Ayuntamiento de Casares;servicios;Resuelta;ANDATRONIC SL;385;https://contrataciondelestado.es/wps/poc?uri=deeplink:detalle_licitacion&idEvl=bU8jKWoOX%2BQtm4eBPtV6eQ%3D%3D
Contratos menores;Instalación de UTP en edificio Autoridad Portuaria planta 3;Presidencia de la Autoridad Portuaria de Almería;servicios;Resuelta;MONTAJES MECAVAL, S.L.;384;https://contrataciondelestado.es/wps/poc?uri=deeplink:detalle_licitacion&idEvl=8l2cYYRDDnKGCFcHcNGIlQ%3D%3D
Contratos menores;Carpetas anillas, blister 4 pilar, plancha de cartón pluma, base de 5 enchufes, rollo térmico, toner xerox y aceite lubricante para destructora;Vicepresidencia del Organismo Autónomo de Recaudación y Gestión Tributaria de la Diputación de Salamanca;suministros;Resuelta;LIBRERÍA EL SECRETARIO;382,15;https://contrataciondelestado.es/wps/poc?uri=deeplink:detalle_licitacion&idEvl=BiC0RAHaiaRrSd8H4b2soA%3D%3D
Contratos menores;Reparación aleta Renault Zoe 7027LTM accidente interno;Presidencia de la Autoridad Portuaria de Almería;servicios;Resuelta;GARCIA ALMECIJA E HIJOS,SLL;380,2;https://contrataciondelestado.es/wps/poc?uri=deeplink:detalle_licitacion&idEvl=Gq%2Bmp72kAkx%2FR5QFTlaM4A%3D%3D
Contratos menores;Tratamiento contra roedores en Estación Marítima Guardia Civil;Presidencia de la Autoridad Portuaria de Almería;servicios;Resuelta;CONSULTING DE PLAGAS, S.L.;380;https://contrataciondelestado.es/wps/poc?uri=deeplink:detalle_licitacion&idEvl=qb9pp%2FhDJGd4zIRvjBVCSw%3D%3D
Contratos menores;Tratamiento contra roedores Estación Maritima Guardia Civil;Presidencia de la Autoridad Portuaria de Almería;servicios;Resuelta;CONSULTING DE PLAGAS, S.L.;380;https://contrataciondelestado.es/wps/poc?uri=deeplink:detalle_licitacion&idEvl=GHwQ8aYJ03DL1rX3q%2FMAPA%3D%3D
Contratos menores;Adquisición de redes de recolección y varas con cargo al proyecto FEDER EXT - ET-AGROS;Dirección del Centro de Investigaciones Científicas y Tecnológicas de Extremadura (CICYTEX);suministros;Resuelta;GONZALEZ DEL VIEJO SL;378,5;https://contrataciondelestado.es/wps/poc?uri=deeplink:detalle_licitacion&idEvl=FQ%2BlaAHCea6Izo3LHNPGcQ%3D%3D
Contratos menores;Suministro de Tenis de mesa y diana electrónica;Junta de Gobierno local del Ayuntamiento de Villalbilla;suministros;Resuelta;IVIVA SL;378,08;https://contrataciondelestado.es/wps/poc?uri=deeplink:detalle_licitacion&idEvl=%2FakgR%2BfBRQR%2BF6L2uCfUWg%3D%3D
Contratos menores;Actuación Dúo Musical Abril en Semana del Mayor, sábado 14 de noviembre a mediodía. Programa Participación Social del Mayor 2026. Córdoba;Alcaldía de Ayuntamiento de Fuente Tójar;servicios;Resuelta;Multihogar Instalaciones S.L.;375;https://contrataciondelestado.es/wps/poc?uri=deeplink:detalle_licitacion&idEvl=x%2F3TOJ6xaaYwYTJJ03sHog%3D%3D
Contratos menores;Servicio de actualización de tasación del inmueble propiedad de Mutua Montañesa situado en la c/ Cayetanos Tueros 9 de Castro Urdiales para actualización a precio de mercado actual;Dirección General de Mutua Montañesa;servicios;Resuelta;TINSA TASACIONES INMOBILIARIAS S.A.U;375;https://contrataciondelestado.es/wps/poc?uri=deeplink:detalle_licitacion&idEvl=Dtgy6sgG6mh4zIRvjBVCSw%3D%3D
Contratos menores;Arreglo bombas de sala depositos de abastecimiento, Puerto de Carboneras;Presidencia de la Autoridad Portuaria de Almería;servicios;Resuelta;SALAS GARCIA, JUAN DAVID;375;https://contrataciondelestado.es/wps/poc?uri=deeplink:detalle_licitacion&idEvl=aDdPfeNJjwiOUi78BmzhOQ%3D%3D
Contratos menores;Repuestos equipos de submarinismo;Presidencia de la Autoridad Portuaria de Almería;suministros;Resuelta;NAUTICA GUSTAVO MILAN,S.L.U.;372,15;https://contrataciondelestado.es/wps/poc?uri=deeplink:detalle_licitacion&idEvl=reCML775r0PzAq95uGTrDQ%3D%3D
Contratos menores;216/2026 act formativa guia de atención domiciliaria mapyc;Gerencia de Asistencia Sanitaria de Zamora;servicios;Resuelta;SEMFYC;371,92;https://contrataciondelestado.es/wps/poc?uri=deeplink:detalle_licitacion&idEvl=a4gAjZBsIssIYE3ZiZ%2BxmQ%3D%3D
Contratos menores;Suministro de cinco cascos antidisturbios Shoke para Agentes de la Policía Local.;Concejalía Delegada de Hacienda del Ayuntamiento de Navalcarnero;suministros;Resuelta;SHOT MADRID, S.L.;371;https://contrataciondelestado.es/wps/poc?uri=deeplink:detalle_licitacion&idEvl=kPn6YEktfgCOUi78BmzhOQ%3D%3D
Contratos menores;Reparación vehiculo renault clio 7553BZC;Presidencia de la Autoridad Portuaria de Almería;servicios;Resuelta;MARTINEZ CAAMAÑO, JOAQUIN;370,71;https://contrataciondelestado.es/wps/poc?uri=deeplink:detalle_licitacion&idEvl=LJM%2FVBIfn399PLkba5eRog%3D%3D
Contratos menores;CM 204/2026 Servicio de Mto. Integral enfriadora TRANE;Dirección Gerencia del Servicio de Salud de Castilla-La Mancha;servicios;Resuelta;TRANE AIRE ACONDICIONADO, S.L.;370,42;https://contrataciondelestado.es/wps/poc?uri=deeplink:detalle_licitacion&idEvl=8AWUu1ZuQ1fkY6rls5tG9A%3D%3D
Contratos menores;Taller del farolet 2026;Alcaldía de la EATIM de Jesús Pobre;servicios;Resuelta;JORDI RAMIS MORAT;370;https://contrataciondelestado.es/wps/poc?uri=deeplink:detalle_licitacion&idEvl=q09wjKcGTLH5Rey58Yagpg%3D%3D
Contratos menores;ADQUISICIÓN de 2 carros de almacenaje y transporte de sillas plegables SG PONTEVEDRA;Subdelegación del Gobierno en Pontevedra;suministros;Resuelta;OFIPRECIOS KL-1 MOBILIARIO DE OFICINA, S.L.;368;https://contrataciondelestado.es/wps/poc?uri=deeplink:detalle_licitacion&idEvl=6XLm2tHkfB%2B5HQrHoP3G5A%3D%3D
Contratos menores;Servicio de reparación y puesta a punto de vehículo de la policía local.;Junta de Gobierno del Ayuntamiento de Biar;servicios;Resuelta;Biar Car Automoción SL;367,38;https://contrataciondelestado.es/wps/poc?uri=deeplink:detalle_licitacion&idEvl=U6fKM2rqEJ2AAM7L03kM8A%3D%3D
Contratos menores;Retirada de residuos;Instituto Tecnológico de Canarias S.A.;servicios;Resuelta;ENTIDAD GESTORA DE RESIDUOS Y MEDIO AMBIENTE, S.L.U - GEMECAN;366,72;https://contrataciondelestado.es/wps/poc?uri=deeplink:detalle_licitacion&idEvl=Zk7BCDi%2BmnAZDGvgaZEVxQ%3D%3D
Contratos menores;Contrato de suministro de arena para relleno.;Alcaldía del Ayuntamiento de Tordesillas;suministros;Resuelta;JOSE ISIDRO TORRES, S.L.;365,76;https://contrataciondelestado.es/wps/poc?uri=deeplink:detalle_licitacion&idEvl=y9q4JZW3YdRVkTabT%2FRM8A%3D%3D
Contratos menores;Focos para oficina principal;Presidencia de la Autoridad Portuaria de Almería;suministros;Resuelta;NOVELEC INDALICA, S.L.;364,6;https://contrataciondelestado.es/wps/poc?uri=deeplink:detalle_licitacion&idEvl=uDKYKq6MRGVLAIVZdUs8KA%3D%3D
Contratos menores;Suministro de trofeos para evento deportivo incluido en las fiestas de septiembre 2026;Alcaldía del Ayuntamiento de Meco;suministros;Resuelta;MECO PADEL TEAM, S.L.;363;https://contrataciondelestado.es/wps/poc?uri=deeplink:detalle_licitacion&idEvl=18dovjG6y4yP%2Bo96UAV7cQ%3D%3D
Contratos menores;Contrato de Suministro de ropa de trabajo para el Departamento de Urbanismo.;Alcaldía del Ayuntamiento de Tordesillas;suministros;Resuelta;Jose Vicente Bermejo Martin;360,65;https://contrataciondelestado.es/wps/poc?uri=deeplink:detalle_licitacion&idEvl=zQofkLeQBTVPpzdqOdhuWg%3D%3D
Contratos menores;Reparación por golpe barrera entrada dique sur exp 440/2026;Presidencia de la Autoridad Portuaria de Almería;servicios;Resuelta;VERDEGAY VIEDMA, ANTONIO;360,5;https://contrataciondelestado.es/wps/poc?uri=deeplink:detalle_licitacion&idEvl=zwnpZTCOxx3mnwcj%2BxbdTg%3D%3D
Contratos menores;Contratación certificados de iluminación y sonido. Trust fiestas patronales 2026;Junta de Gobierno Local del Ayuntamiento de Albuixech;servicios;Resuelta;MIQUEL GARCIA FUENTES;360;https://contrataciondelestado.es/wps/poc?uri=deeplink:detalle_licitacion&idEvl=NLDCNHFi7v%2FzAq95uGTrDQ%3D%3D
Contratos menores;Adquisición de golosinas para obsequiar a los niños y niñas en la fiesta de final de curso.;Junta de Gobierno del Ayuntamiento de Biar;suministros;Resuelta;Comercial Disdulba, SA;360;https://contrataciondelestado.es/wps/poc?uri=deeplink:detalle_licitacion&idEvl=oj4y2T9X%2FI1J8Trn0ZPzLw%3D%3D
Contratos menores;Marcos y luces de emergencia estándar para oficina principal;Presidencia de la Autoridad Portuaria de Almería;suministros;Resuelta;NOVELEC INDALICA, S.L.;358,85;https://contrataciondelestado.es/wps/poc?uri=deeplink:detalle_licitacion&idEvl=%2BwT7HwsANES7JOCXkOhcDg%3D%3D
Contratos menores;Secamanos eléctrico de pared para reposición estación marítima ( OPE);Presidencia de la Autoridad Portuaria de Almería;suministros;Resuelta;JOCUSI HISPANIA, S.L.;358;https://contrataciondelestado.es/wps/poc?uri=deeplink:detalle_licitacion&idEvl=zII8tsDPBeUwYTJJ03sHog%3D%3D
Contratos menores;Relé para pasarela 4;Presidencia de la Autoridad Portuaria de Almería;suministros;Resuelta;INDASA ALMERIA, S.L.;357,78;https://contrataciondelestado.es/wps/poc?uri=deeplink:detalle_licitacion&idEvl=bdC4baKjIql%2FR5QFTlaM4A%3D%3D
Contratos menores;MH Suministro de 16 monografías para el Centro Documental de Memoria Democrática. La Moixeranga;Presidencia de la Diputación Provincial de Valencia;suministros;Resuelta;LLIBRERIA LA MOIXERANGA;356,2;https://contrataciondelestado.es/wps/poc?uri=deeplink:detalle_licitacion&idEvl=iyNnnH0E5u9Whbmkna2nXQ%3D%3D
Contratos menores;Pantallas de luz para oficina principal;Presidencia de la Autoridad Portuaria de Almería;suministros;Resuelta;NOVELEC INDALICA, S.L.;355,04;https://contrataciondelestado.es/wps/poc?uri=deeplink:detalle_licitacion&idEvl=sV0KNqt%2BT%2FZ%2FP7lJ7Fu0SA%3D%3D
Contratos menores;Contrato menor para arreglo de puerta de persiana de acceso al Centro Social Lucero C/ Luz;Alcaldía del Ayuntamiento de Valdepeñas;servicios;Resuelta;COALVAL, S.L.;355;https://contrataciondelestado.es/wps/poc?uri=deeplink:detalle_licitacion&idEvl=vGfTIwhkB7xJ8Trn0ZPzLw%3D%3D
Contratos menores;Contrato menor 320/2026. Flores homenaje día del mayor fiestas patronales.;Alcaldía del Ayuntamiento de Serón;suministros;Resuelta;FLORISTERIA DOLORES JIMÉNEZ MARTÍNEZ;355;https://contrataciondelestado.es/wps/poc?uri=deeplink:detalle_licitacion&idEvl=3HnxjW1ixVT5Rey58Yagpg%3D%3D
Contratos menores;Suministro de agua mineral del mes de abril de 2026;Presidencia de la Autoridad Portuaria de Almería;suministros;Resuelta;CULLIGAN WATER SPAIN, S.L.;353,2;https://contrataciondelestado.es/wps/poc?uri=deeplink:detalle_licitacion&idEvl=tWMLS0jwLDd70UvEyYJSGw%3D%3D
Contratos menores;Reparación de carretilla elevadora C500H;Presidencia de la Autoridad Portuaria de Almería;servicios;Resuelta;RUBIO MORALES MAQUINARIA, SLU;352;https://contrataciondelestado.es/wps/poc?uri=deeplink:detalle_licitacion&idEvl=wCrPQY5nRZmdkQsA7ROvsg%3D%3D
Contratos menores;Lavados vehículos Policía Portuaria Enero y Febrero 2026;Presidencia de la Autoridad Portuaria de Almería;servicios;Resuelta;MUÑOZ ROVIRA, CARLOS;351,24;https://contrataciondelestado.es/wps/poc?uri=deeplink:detalle_licitacion&idEvl=wqJuxYMX%2BgrE6P%2FuLemXRw%3D%3D
Contratos menores;Realización de Cartelería;Alcaldía del Ayuntamiento de Órgiva;servicios;Resuelta;DAVID GALLLEGO MARTIN;351,24;https://contrataciondelestado.es/wps/poc?uri=deeplink:detalle_licitacion&idEvl=tepjAJc6oS22gkLQ8TeYKA%3D%3D
Contratos menores;"Material de oficina; Ayuntamiento y Turismo";Alcaldía del Ayuntamiento de Simancas;suministros;Resuelta;Papelerias Guerro S.L.;350,98;https://contrataciondelestado.es/wps/poc?uri=deeplink:detalle_licitacion&idEvl=LOqMFVqEKM9Whbmkna2nXQ%3D%3D
Contratos menores;Tubos de PVC para instalación eléctrica en oficina principal;Presidencia de la Autoridad Portuaria de Almería;suministros;Resuelta;NOVELEC INDALICA, S.L.;350,49;https://contrataciondelestado.es/wps/poc?uri=deeplink:detalle_licitacion&idEvl=jHUCQNHazTvs%2BnLj3vAg5A%3D%3D
Contratos menores;Programa informático de diseño (progeCAD pro).;Alcaldía del Ayuntamiento de Jamilena;suministros;Resuelta;DSC TANDEM S.L.U.;350;https://contrataciondelestado.es/wps/poc?uri=deeplink:detalle_licitacion&idEvl=2q4a2AGKvjsZDGvgaZEVxQ%3D%3D
Contratos menores;"Programa Actividades En Bibliotecas ""Anem a la Biblio"" (Clubs de Lectura). Periodo Octubre - Diciembre 2026. Actividad: ""Cuentos de la luz apagada"" en Biblioteca San Blas.";Junta de Gobierno Local del Ayuntamiento de Alicante;servicios;Resuelta;Asociación Palabras y Cuentos;350;https://contrataciondelestado.es/wps/poc?uri=deeplink:detalle_licitacion&idEvl=KuHs%2BU%2FOFGk4NavIWzMcHA%3D%3D
Contratos menores;"Programa Actividades En Bibliotecas ""Anem a la Biblio"" (Clubs de Lectura). Periodo Octubre - Diciembre 2026. Actividad: ""Antón Piñón, detective en acción"" en Biblioteca Pla-Carolinas.";Junta de Gobierno Local del Ayuntamiento de Alicante;servicios;Resuelta;Francisco Manuel Gosálvez Tenorio;350;https://contrataciondelestado.es/wps/poc?uri=deeplink:detalle_licitacion&idEvl=FYt0GSi5jU2opEMYCmrbmw%3D%3D
Contratos menores;Campaña publicitaria Fira de l'escalda y l'agost cultural 2026;Alcaldía de la EATIM de Jesús Pobre;servicios;Resuelta;EDICIONES LA MARINA PLAZA, SL;350;https://contrataciondelestado.es/wps/poc?uri=deeplink:detalle_licitacion&idEvl=%2F6%2FfxO%2BJ63wkJPJS%2BPS9vg%3D%3D
Contratos menores;Trabajos en Oficina Principal;Presidencia de la Autoridad Portuaria de Almería;servicios;Resuelta;DOBREV PAVEL HRISTOV;350;https://contrataciondelestado.es/wps/poc?uri=deeplink:detalle_licitacion&idEvl=Pypz1946AkQtm4eBPtV6eQ%3D%3D
Contratos menores;Adquirir diverso material para el pintado de las líneas de los distintos terrenos de juego de la pista de parqué del Pabellón Daniel Romero.;Alcaldia del Ayuntamiento de Valverde del Camino;suministros;Resuelta;MASPINTURAS,CB;349,67;https://contrataciondelestado.es/wps/poc?uri=deeplink:detalle_licitacion&idEvl=jSl%2FIQmGH%2BLE6P%2FuLemXRw%3D%3D
Contratos menores;Reparación embrague vehículo policía Suzuki Vitara 5134 KGH;Alcaldía del Ayuntamiento de Simancas;servicios;Resuelta;VEPISA VEHICULOS, SL;348,83;https://contrataciondelestado.es/wps/poc?uri=deeplink:detalle_licitacion&idEvl=mVMMewJgtDUUqXM96WStVA%3D%3D
Contratos menores;Servicio de mantenimiento del vehículo 2168LLB;Presidencia del Consorcio Provincial del Agua de Málaga;servicios;Resuelta;José María Brenes García;348,4;https://contrataciondelestado.es/wps/poc?uri=deeplink:detalle_licitacion&idEvl=Nn%2FrAjBesjlWhbmkna2nXQ%3D%3D
Contratos menores;Contratación de autobús para traslado del alumado trabajador para visita formativa a la Feria de Empleo de Biar;Alcaldía del Ayuntamiento de Sax;servicios;Resuelta;MONTESCAR SL;345,46;https://contrataciondelestado.es/wps/poc?uri=deeplink:detalle_licitacion&idEvl=HggEvY40xTDECtSnloz%2BZQ%3D%3D
Contratos menores;Contrato menor de suministro de materiales necesarios para limpieza de vías: 20 Lts. Desengrasante, para vertidos en la vía pública de aceites y grasas.;Alcaldía del Ayuntamiento de Cangas de Onís;suministros;Resuelta;ESPECIALIDADES QUÍMICAS NEOQUIM S.L.;344;https://contrataciondelestado.es/wps/poc?uri=deeplink:detalle_licitacion&idEvl=L%2Fcwq9PUDb%2BExvMJXBMHHQ%3D%3D
Contratos menores;Reparación seat inca 9652BTS por no pasar ITV;Presidencia de la Autoridad Portuaria de Almería;servicios;Resuelta;MARTINEZ CAAMAÑO, JOAQUIN;338,44;https://contrataciondelestado.es/wps/poc?uri=deeplink:detalle_licitacion&idEvl=m%2Fs%2F%2F3FbUwOP%2Bo96UAV7cQ%3D%3D
Contratos menores;Diseño de carteleria;Diputación Provincial de Zamora;servicios;Resuelta;GONZALO PIORNO FERRER;338;https://contrataciondelestado.es/wps/poc?uri=deeplink:detalle_licitacion&idEvl=jb4TSV87%2FaprSd8H4b2soA%3D%3D
Contratos menores;GAPTO Pañales desechable pacientes incontinentes residencias sociosanitarias;Dirección Gerencia de Atención Primaria de Toledo;suministros;Resuelta;Active Medical Disposable, S.A.U.;336,79;https://contrataciondelestado.es/wps/poc?uri=deeplink:detalle_licitacion&idEvl=ce%2BI%2FkUkT%2B65HQrHoP3G5A%3D%3D
Contratos menores;Adquisición de briks biodegradables de agua microfiltrada 330ml para Presidencia;Presidencia de la Autoridad Portuaria de Almería;suministros;Resuelta;AGUA DE AQUI S.L.;335,52;https://contrataciondelestado.es/wps/poc?uri=deeplink:detalle_licitacion&idEvl=mNHJzdFfOs8QyBAnWzHfCg%3D%3D
Contratos menores;Entry/Exit System para Estación marítima;Presidencia de la Autoridad Portuaria de Almería;suministros;Resuelta;SISMATER COMPONENT-S, S.L.;334,65;https://contrataciondelestado.es/wps/poc?uri=deeplink:detalle_licitacion&idEvl=BlTrKCypIeseC9GJQOEBkQ%3D%3D
Contratos menores;Tramitación de Contrato de PARTICIPACIÓN. Contrato menor de suministro de 2 pizarra blanca magnética 240x120;Junta de Gobierno del Ayuntamiento de Ciudad Real;suministros;Resuelta;EUROPA SUMINISTROS DE PAPELERIA S.L.;333,54;https://contrataciondelestado.es/wps/poc?uri=deeplink:detalle_licitacion&idEvl=a7kh4Wrd6OqGCFcHcNGIlQ%3D%3D
Contratos menores;Suministros para adquisición de maquinaria para la Concejalía de Medio Ambiente. Lote II (Fondo Compensación Ambiental 2026);Alcaldía del Ayuntamiento de Sarria;suministros;Resuelta;FERRETERÍA SARRIA, S.L.;332,92;https://contrataciondelestado.es/wps/poc?uri=deeplink:detalle_licitacion&idEvl=AcUglLah6w5SYrkJkLlFdw%3D%3D
Contratos menores;Paneles de luz para oficina principal;Presidencia de la Autoridad Portuaria de Almería;suministros;Resuelta;NOVELEC INDALICA, S.L.;332,85;https://contrataciondelestado.es/wps/poc?uri=deeplink:detalle_licitacion&idEvl=%2FU2zxALlEwr9pbnDwlaUlg%3D%3D
Contratos menores;Adquisición de zahorra fina para trabajos de la brigada de obras.;Junta de Gobierno del Ayuntamiento de Biar;suministros;Resuelta;Arenas y Excavaciones del Valle, SL;331,76;https://contrataciondelestado.es/wps/poc?uri=deeplink:detalle_licitacion&idEvl=zunlWxhdNy%2BcTfjQf3USOg%3D%3D
Contratos menores;Impresión de carteleria;Diputación Provincial de Zamora;concesión de servicios;Resuelta;SFERA GRAFICAS DE COMUNICACION;330;https://contrataciondelestado.es/wps/poc?uri=deeplink:detalle_licitacion&idEvl=Q%2FqT7u6gEootm4eBPtV6eQ%3D%3D
Contratos menores;Cesión de dereitos de autor para o uso dunha ilustración no cartaz das Olimpíadas Rurais de Couzadoiro 2026.;Alcaldía del Ayuntamiento de Ortigueira;privado;Resuelta;CRISTIAN FOJON CARUNCHO;330;https://contrataciondelestado.es/wps/poc?uri=deeplink:detalle_licitacion&idEvl=wkjqWL10hFmKeVWTb9Scog%3D%3D
Contratos menores;Revisión y reparación vehículo 9985LYZ;Presidencia de la Autoridad Portuaria de Almería;servicios;Resuelta;GARCIA ALMECIJA E HIJOS,SLL;329,57;https://contrataciondelestado.es/wps/poc?uri=deeplink:detalle_licitacion&idEvl=%2FjUQ0%2FBtz7rs%2BnLj3vAg5A%3D%3D
Contratos menores;Suministro de un vaso de nitrógeno Dewar de 3L;Gerencias de los Institutos de la Agencia Estatal Consejo Superior de Investigaciones Científicas;suministros;Resuelta;Fisher Scientific, S.L.;328,68;https://contrataciondelestado.es/wps/poc?uri=deeplink:detalle_licitacion&idEvl=65aKCrnCCUiHCIsjvJ3rhQ%3D%3D
Contratos menores;Armario porta llaves y diverso material para Oficina principal;Presidencia de la Autoridad Portuaria de Almería;suministros;Resuelta;SUPIAL PAPELERIAS, S.L.;324,96;https://contrataciondelestado.es/wps/poc?uri=deeplink:detalle_licitacion&idEvl=2tB0IRxTI0%2B5HQrHoP3G5A%3D%3D
Contratos menores;Fregadora para oficina principal;Presidencia de la Autoridad Portuaria de Almería;servicios;Resuelta;ALMESU, S.L.;323;https://contrataciondelestado.es/wps/poc?uri=deeplink:detalle_licitacion&idEvl=LgG%2FGCRIVF3i0Kd8%2Brcp6w%3D%3D
Contratos menores;Servicio churros y chocolate para el día internacional de las personas mayores;Junta de Gobierno Local del Ayuntamiento de Pinos Puente;servicios;Resuelta;JOSE GARCIA LORCA;320;https://contrataciondelestado.es/wps/poc?uri=deeplink:detalle_licitacion&idEvl=Wdw%2BjRR53DzLIx6q1oPaMg%3D%3D
Contratos menores;Servicios prestados de clases de baile;Alcaldía de l'Ajuntament del Ràfol d'Almúnia;servicios;Resuelta;SANDRA MIRALLES MARTINEZ;320;https://contrataciondelestado.es/wps/poc?uri=deeplink:detalle_licitacion&idEvl=ICl1icpod1hWhbmkna2nXQ%3D%3D
Contratos menores;Placas de falso techo para reposición en zona PCF;Presidencia de la Autoridad Portuaria de Almería;suministros;Resuelta;ESTAMMETAL,S.A.;320;https://contrataciondelestado.es/wps/poc?uri=deeplink:detalle_licitacion&idEvl=uWwhRF%2FipA3kY6rls5tG9A%3D%3D
Contratos menores;Transporte en guagua de las personas que participan en la jornada de convivencia del grupo Labrantes de la Palabra.;Alcaldia del Ayuntamiento de Arucas;servicios;Resuelta;LA CUEVITA BUS, SOCIEDAD LIMITADA;320;https://contrataciondelestado.es/wps/poc?uri=deeplink:detalle_licitacion&idEvl=l6rYthV9ukvmnwcj%2BxbdTg%3D%3D
Contratos menores;Adquisición de 5 percheros para Oficina principal;Presidencia de la Autoridad Portuaria de Almería;suministros;Resuelta;ESTAMMETAL,S.A.;320;https://contrataciondelestado.es/wps/poc?uri=deeplink:detalle_licitacion&idEvl=B83gyZ%2BD3d6KeVWTb9Scog%3D%3D
Contratos menores;"Programa Actividades En Bibliotecas ""Anem a la Biblio"" (Clubs de Lectura). Periodo Octubre - Diciembre 2026. Actividad: ""El baúl de los besos de buenas noches"" en Biblioteca Florida-Babel.";Junta de Gobierno Local del Ayuntamiento de Alicante;servicios;Resuelta;Pámpol Teatre, S.L.;318,18;https://contrataciondelestado.es/wps/poc?uri=deeplink:detalle_licitacion&idEvl=59gLCIYSEclrSd8H4b2soA%3D%3D
Contratos menores;"Programa Actividades En Bibliotecas ""Anem a la Biblio"" (Clubs de Lectura). Periodo Octubre - Diciembre 2026. Actividad: ""Cuentos mágicos"" en Biblioteca Virgen del Remedio.";Junta de Gobierno Local del Ayuntamiento de Alicante;servicios;Resuelta;Antonio Francés Bolarín;318,18;https://contrataciondelestado.es/wps/poc?uri=deeplink:detalle_licitacion&idEvl=%2BLwBegfv3oKIzo3LHNPGcQ%3D%3D
Contratos menores;"Programa Actividades En Bibliotecas ""Anem a la Biblio"" (Clubs de Lectura). Periodo Octubre - Diciembre 2026. Actividad: ""Rebelión en la granja-Historias de gallináceos"" en Biblioteca Villafranqueza.";Junta de Gobierno Local del Ayuntamiento de Alicante;servicios;Resuelta;Alberto Celdrán García;318,18;https://contrataciondelestado.es/wps/poc?uri=deeplink:detalle_licitacion&idEvl=jbOGHZnE1%2FBJ8Trn0ZPzLw%3D%3D
Contratos menores;GAPTO Pañales desechable pacientes incontinentes residencias sociosanitarias;Dirección Gerencia de Atención Primaria de Toledo;suministros;Resuelta;LABORATORIOS INDAS, S.A.U.;318,11;https://contrataciondelestado.es/wps/poc?uri=deeplink:detalle_licitacion&idEvl=0rIs%2BGetwRBPpzdqOdhuWg%3D%3D
Contratos menores;Contrato Menor de Servicios - Actividad Cultural Septiembre;Alcaldía del Ayuntamiento de Jimena;servicios;Resuelta;MESON RURAL EL MIRADOR DE MAGINA SL;318;https://contrataciondelestado.es/wps/poc?uri=deeplink:detalle_licitacion&idEvl=Dcx9B%2BGb493pxJFXpLZ%2B2A%3D%3D
Contratos menores;Puclicitat festes Ràfol 2026;Alcaldía de l'Ajuntament del Ràfol d'Almúnia;servicios;Resuelta;JOSE VICENTE SEGUI CASELLES;315;https://contrataciondelestado.es/wps/poc?uri=deeplink:detalle_licitacion&idEvl=gD4tjeNmjPJQFSeKCRun4Q%3D%3D
Contratos menores;Servicio de curso CAP formación continua de un trabajador del Punto Limpio de Rota de Modus Rota.;Consejería Delegada de Movilidad y Desarrollo Urbano Sostenible, S.L., (MODUS ROTA);servicios;Resuelta;ESCUELAS DE CONDUCTORES LA PALMA, S.L.;315;https://contrataciondelestado.es/wps/poc?uri=deeplink:detalle_licitacion&idEvl=ksm99q2UiIQIYE3ZiZ%2BxmQ%3D%3D
Contratos menores;Toma de muestras y análisis de mohos y levaduras lavapiés julio 2026 playa Postiguet;Presidencia del Patronato Municipal de Turismo y Playas de Alicante;servicios;Resuelta;ALILAB S.L.;314,5;https://contrataciondelestado.es/wps/poc?uri=deeplink:detalle_licitacion&idEvl=NF3C%2BsEr4zoUqXM96WStVA%3D%3D
Contratos menores;Suscripción anual Diario de Almería 25/03/2026-24/03/2027;Presidencia de la Autoridad Portuaria de Almería;servicios;Resuelta;EDITORIAL ALMERIENS PUBLI INDP;314,23;https://contrataciondelestado.es/wps/poc?uri=deeplink:detalle_licitacion&idEvl=3zK2Jaam0jRPpzdqOdhuWg%3D%3D
Contratos menores;Calentador vestuarios Policía portuaria;Presidencia de la Autoridad Portuaria de Almería;suministros;Resuelta;SANEAMIENTO JOSE GOMEZ, S.L.;312,7;https://contrataciondelestado.es/wps/poc?uri=deeplink:detalle_licitacion&idEvl=UUeNeLJGTl5%2FP7lJ7Fu0SA%3D%3D
Contratos menores;Apositos esteriles de fibra reforzante;Hospital Intermutual de Euskadi, Centro Mancomunado de Mutuas de Accidentes de Trabajo y Enfermadades Profesionales de la Seguridad Social;suministros;Resuelta;CONVATEC, S.L.;310;https://contrataciondelestado.es/wps/poc?uri=deeplink:detalle_licitacion&idEvl=fMCIk1Bc8dotm4eBPtV6eQ%3D%3D
Contratos menores;Colocación de cuadro eléctrico para control de aerogenerador;Instituto Tecnológico de Canarias S.A.;servicios;Resuelta;MIGUEL ANGEL BARRETO TRAVIESO - MB INSTALACIONES;308;https://contrataciondelestado.es/wps/poc?uri=deeplink:detalle_licitacion&idEvl=qu8dJTwFY78S7pcxhTeWOg%3D%3D
Contratos menores;Suministro e instalación de baterías para SAI;Gerencia de Málaga Deportes y Eventos S.A.M.;suministros;Resuelta;MICROCAD INFORMÁTICA, S.L.;306,99;https://contrataciondelestado.es/wps/poc?uri=deeplink:detalle_licitacion&idEvl=AofhT8v4ljgS7pcxhTeWOg%3D%3D
Contratos menores;Fabricar soporte para distribuidor de tensores y amarrar pantallas;Presidencia de la Autoridad Portuaria de Almería;servicios;Resuelta;SALAS GARCIA, JUAN DAVID;306;https://contrataciondelestado.es/wps/poc?uri=deeplink:detalle_licitacion&idEvl=0ViMqK%2BEAISTylGzYmBF9Q%3D%3D
Contratos menores;GAPTO Pañales desechable pacientes incontinentes residencias sociosanitarias;Dirección Gerencia de Atención Primaria de Toledo;suministros;Resuelta;LABORATORIOS INDAS, S.A.U.;304,81;https://contrataciondelestado.es/wps/poc?uri=deeplink:detalle_licitacion&idEvl=8WHs2Awcfp6kU02jNGj1Fw%3D%3D
Contratos menores;Gastos de Representación;Instituto Nacional de Gestión Sanitaria - Dirección Territorial Ceuta;servicios;Resuelta;Restaurante El Lucas;304,8;https://contrataciondelestado.es/wps/poc?uri=deeplink:detalle_licitacion&idEvl=t7hm3sD1sc59Zh%2FyRJgM8w%3D%3D
Contratos menores;Poder trasladar equipos de televisión a diferentes aulas del CEIP Virgen del Carmen-La Placa en Ponferrada.;Dirección Provincial de Educación en León;suministros;Resuelta;DIDACTICA LEONESA SL;303,02;https://contrataciondelestado.es/wps/poc?uri=deeplink:detalle_licitacion&idEvl=smKZxJFY3Tf5Rey58Yagpg%3D%3D
Contratos menores;Pto por los servicios veterinarios previstos en los espectáculos taurinos que se celebrarán en la plaza de toros del municipio de Quijorna, con motivo de las Fiestas Patronales. (Pto 224/2026).;Alcaldía del Ayuntamiento de Quijorna;servicios;Resuelta;COLEGIO OFICIAL DE VETERINARIOS DE MADRID;300,83;https://contrataciondelestado.es/wps/poc?uri=deeplink:detalle_licitacion&idEvl=OfCH49iDoZTE6P%2FuLemXRw%3D%3D
Contratos menores;Material eléctrico para oficina principal;Presidencia de la Autoridad Portuaria de Almería;suministros;Resuelta;NOVELEC INDALICA, S.L.;300,74;https://contrataciondelestado.es/wps/poc?uri=deeplink:detalle_licitacion&idEvl=JSYwIOqSsBCqb7rCcv76BA%3D%3D
Contratos menores;Velada musical que se ofrecerá en la Biblioteca Pública de Zamora con motivo del encuentro hispano luso de escritores, artistas y poetas.;Consejería de la Presidencia de la Junta de Castilla y León;servicios;Resuelta;ASOCIACIÓN CULTURAL SABARIA;300;https://contrataciondelestado.es/wps/poc?uri=deeplink:detalle_licitacion&idEvl=JZVsZOGmlVAl5NjlNci%2BtA%3D%3D
Contratos menores;Especial Ser Deportivos Salamanca desde el Estadio Municipal Alfonso San Casto el 1 de octubre, incluida dos entrevistas en directo con el Alcalde y Deportes y noticia resumen en web radiosalamanca.com y redes sociales;Alcaldía del Ayuntamiento de Santa Marta de Tormes;servicios;Resuelta;SOCIEDAD ESPAÑOLA DE RADIOFUSIÓN S.L.U;300;https://contrataciondelestado.es/wps/poc?uri=deeplink:detalle_licitacion&idEvl=Ugu9dNG8w1LCfVQHDepjGQ%3D%3D
Contratos menores;El objeto del presente contrato es la prestación del servicio de una actuación musical a cargo de un trío de trompetas durante el acto de presentación de la Pieza del año 2026;Alcaldía del Ayuntamiento de Agost;servicios;Resuelta;"CENTRE ARTÍSTIC CULTURAL ""VERGE DE LA PAU""";300;https://contrataciondelestado.es/wps/poc?uri=deeplink:detalle_licitacion&idEvl=4jSp2Q9%2FTXfi0Kd8%2Brcp6w%3D%3D
Contratos menores;Contrato menor de servicios de actuación de DJ en las fiestas de Fatima 2025;Junta de Gobierno Local del Ayuntamiento de Guadix;servicios;Resuelta;JOSE ANTONIO LIZCANO FORNIELES;300;https://contrataciondelestado.es/wps/poc?uri=deeplink:detalle_licitacion&idEvl=F1zV3pUsWUS5HQrHoP3G5A%3D%3D
Contratos menores;Contrato menor 319/2026. Alquiler climatizador escuela de verano.;Alcaldía del Ayuntamiento de Serón;suministros;Resuelta;M.I ALTO ALMANZORA S.L;300;https://contrataciondelestado.es/wps/poc?uri=deeplink:detalle_licitacion&idEvl=0Jfnr8DJxtSopEMYCmrbmw%3D%3D
Contratos menores;Desatasco en oficina principal baño primera planta;Presidencia de la Autoridad Portuaria de Almería;servicios;Resuelta;DESATASCOS EN ALMERIA RAMON TORRES, S.L.;300;https://contrataciondelestado.es/wps/poc?uri=deeplink:detalle_licitacion&idEvl=9tpiwuvH35DgL1BHd3qjQA%3D%3D
Contratos menores;Conos para señalización y cercado perimetral de tinglado;Presidencia de la Autoridad Portuaria de Almería;suministros;Resuelta;ALMESU, S.L.;300;https://contrataciondelestado.es/wps/poc?uri=deeplink:detalle_licitacion&idEvl=BUhMWZBIzI83vLk2DU2Ddg%3D%3D
Contratos menores;Montaje tensores para pantallas atrapapolvo en Puerto de Carboneras;Presidencia de la Autoridad Portuaria de Almería;servicios;Resuelta;SALAS GARCIA, JUAN DAVID;300;https://contrataciondelestado.es/wps/poc?uri=deeplink:detalle_licitacion&idEvl=So8BVoRy%2BUDgL1BHd3qjQA%3D%3D
Contratos menores;Contrato menor 305/2026. 400 unidades dorsales con logo a color carrera la barbara.;Alcaldía del Ayuntamiento de Serón;suministros;Resuelta;GRAFICAS LUCMAR S.L.;298,7;https://contrataciondelestado.es/wps/poc?uri=deeplink:detalle_licitacion&idEvl=tDdjSX1erFE3vLk2DU2Ddg%3D%3D
Contratos menores;"Actividades náuticas dirigidas a participantes en el programa ""Mar de encuentros- Juventud y Aventura en la Costa occidental""";Alcaldia del Ayuntamiento de Ayamonte;servicios;Resuelta;ANDRES RUA CONCEPCION;297,52;https://contrataciondelestado.es/wps/poc?uri=deeplink:detalle_licitacion&idEvl=BDWByLYgPo3yoM4us5k4vw%3D%3D
Contratos menores;Apósitos estériles;Hospital Intermutual de Euskadi, Centro Mancomunado de Mutuas de Accidentes de Trabajo y Enfermadades Profesionales de la Seguridad Social;suministros;Resuelta;CONVATEC, S.L.;296,34;https://contrataciondelestado.es/wps/poc?uri=deeplink:detalle_licitacion&idEvl=FgBdvpNlSuE%2B1TMyIiZmzw%3D%3D
Contratos menores;Publicación anuncio diario nacional (1) plaza servicio soporte oficina APA;Presidencia de la Autoridad Portuaria de Almería;servicios;Resuelta;OZA JOSE OLIVA, S.L.;296;https://contrataciondelestado.es/wps/poc?uri=deeplink:detalle_licitacion&idEvl=bxV4zq8ZSW9xseVhcqrkhw%3D%3D
Contratos menores;Publicación anuncio prensa nacional (1) plaza servicio soporte estación marítima;Presidencia de la Autoridad Portuaria de Almería;servicios;Resuelta;OZA JOSE OLIVA, S.L.;296;https://contrataciondelestado.es/wps/poc?uri=deeplink:detalle_licitacion&idEvl=uT3w9RdoYhy8ebB%2FXTwy0A%3D%3D
Contratos menores;Adquisición de folios tamaño DIN A-4;Presidencia de la Diputación Provincial de Ciudad Real;suministros;Resuelta;LEYPE;293,75;https://contrataciondelestado.es/wps/poc?uri=deeplink:detalle_licitacion&idEvl=CU%2Fi3YjU94z%2Fa9DgO%2BoYKQ%3D%3D
Contratos menores;Servicio de impresión de carteleria;Diputación Provincial de Zamora;servicios;Resuelta;SFERA GRAFICAS DE COMUNICACION;290;https://contrataciondelestado.es/wps/poc?uri=deeplink:detalle_licitacion&idEvl=RzIobHhEhAY2wEhQbcAqug%3D%3D
Contratos menores;Cartelería en recinto FICA sustituyendo Agrup. Voluntario;Junta de Gobierno del Ayuntamiento de Murcia;suministros;Resuelta;ROTULOS LA ESPAÑOLA S.A.;290;https://contrataciondelestado.es/wps/poc?uri=deeplink:detalle_licitacion&idEvl=5wscDBdn%2FANLAIVZdUs8KA%3D%3D
Contratos menores;Contratación del Equipo de Sonido y Asistencia Técnica del Festival de Magia 09/09/2026;Alcaldía del Ayuntamiento de Borriana;servicios;Resuelta;BURAUDIO S.L.U.;290;https://contrataciondelestado.es/wps/poc?uri=deeplink:detalle_licitacion&idEvl=6ydJ81YYyJg4NavIWzMcHA%3D%3D
Contratos menores;Licencia de uso del software PCAM Nivel 1 para la utilización de la aplicación de gestión de Protección Civil. ( máximo 30 usuarios);Alcaldía del Ayuntamiento de Santa Marta de Tormes;suministros;Resuelta;SYNETIC GLOBAL, S.L.;289,38;https://contrataciondelestado.es/wps/poc?uri=deeplink:detalle_licitacion&idEvl=pw1ay3h%2Bbdf%2B3JAijKO%2Bkg%3D%3D
Contratos menores;Comisión de servicio de Laureano Zurita Espinosa a Sevilla del 13 al 15 de abril del 2026;Consejería Insular de Investigación, Innovación y Desarrollo del Cabildo Insular de Tenerife;servicios;Resuelta;VIAJES 5 OCEANOS CANARIAS ,S.L.;289,26;https://contrataciondelestado.es/wps/poc?uri=deeplink:detalle_licitacion&idEvl=L5BLQp8T11cS7pcxhTeWOg%3D%3D
Contratos menores;Non-IVD Research plus G, monocanal, variable, 0,5- (equipamientol de laboratorio inventariable);Gerencias de los Institutos de la Agencia Estatal Consejo Superior de Investigaciones Científicas;suministros;Resuelta;FISHER SCIENTIFIC S.L.;286,05;https://contrataciondelestado.es/wps/poc?uri=deeplink:detalle_licitacion&idEvl=yUg2z9EnBiPpxJFXpLZ%2B2A%3D%3D
Contratos menores;Reparación puerta corredera acceso a antigua Endesa;Presidencia de la Autoridad Portuaria de Almería;servicios;Resuelta;SALAS GARCIA, JUAN DAVID;286;https://contrataciondelestado.es/wps/poc?uri=deeplink:detalle_licitacion&idEvl=zlVOh7WLkhyFlFRHfEzEaw%3D%3D
Contratos menores;Adquisición auriculares inalámbricos;Gerencias de los Institutos de la Agencia Estatal Consejo Superior de Investigaciones Científicas;suministros;Resuelta;JELP SERVICIOS INFORMÁTICOS S.L.;284,5;https://contrataciondelestado.es/wps/poc?uri=deeplink:detalle_licitacion&idEvl=QYo3yuqoYAEtm4eBPtV6eQ%3D%3D
Contratos menores;Pintado y lijado de foso completo;Presidencia de la Autoridad Portuaria de Almería;servicios;Resuelta;PECRES, S.L.U.;280,79;https://contrataciondelestado.es/wps/poc?uri=deeplink:detalle_licitacion&idEvl=jSg6UqkTDEvVGIpKDxgsAQ%3D%3D
Contratos menores;Suministro de una barra de dirección vehículo para la B.A. Alcantarilla;Jefatura de la Sección Económico-Administrativa 41 - Base Aérea de San Javier;suministros;Resuelta;DIPE 4X4 S.L;280;https://contrataciondelestado.es/wps/poc?uri=deeplink:detalle_licitacion&idEvl=s8D3kvbOQqYXhk1FZxEyvw%3D%3D
Contratos menores;Servicio de impresión;Diputación Provincial de Zamora;servicios;Resuelta;SFERA GRAFICAS DE COMUNICACION;280;https://contrataciondelestado.es/wps/poc?uri=deeplink:detalle_licitacion&idEvl=yl1gt6mwp7WFlFRHfEzEaw%3D%3D
Contratos menores;Revisión mecánica a realizar en la máquina hidrolimpiadora del área de Obras y Servicios Generales.;Alcaldia del Ayuntamiento del Ayuntamiento de Olivares;servicios;Resuelta;REPARACIONES DE MAQUINARIAS;280;https://contrataciondelestado.es/wps/poc?uri=deeplink:detalle_licitacion&idEvl=8Lucklf49MRq1DdmE7eaXg%3D%3D
Contratos menores;Contrato de Suministros de eppendorf tubes(r) 5.0 ml - ep0030122321, eppendorf(r) conical tubes 15 ml - ep0030122160 para el proyecto nval25/06;Dirección de Gestión de la Fundación Instituto de Investigación Marqués de Valdecilla;suministros;Resuelta;MERCK LIFE SCIENCE, S.L.U.;279,6;https://contrataciondelestado.es/wps/poc?uri=deeplink:detalle_licitacion&idEvl=3Q3K7I%2FVQLbyoM4us5k4vw%3D%3D
Contratos menores;GAPTO Pañales desechable pacientes incontinentes residencias sociosanitarias;Dirección Gerencia de Atención Primaria de Toledo;suministros;Resuelta;Active Medical Disposable, S.A.U.;276,9;https://contrataciondelestado.es/wps/poc?uri=deeplink:detalle_licitacion&idEvl=Gx10Trml4WtxseVhcqrkhw%3D%3D
Contratos menores;Contrato menor de Suministro de Material de Limpieza de Edificios Públicos - Música - Internado - Casa de Cultura.;Alcaldía del Ayuntamiento de Cangas de Onís;suministros;Resuelta;EXCLUSIVAS ABELARDO GARCIA, S.L;276,41;https://contrataciondelestado.es/wps/poc?uri=deeplink:detalle_licitacion&idEvl=nsRmCz4%2FeiOOUi78BmzhOQ%3D%3D
Contratos menores;Uso de aula para pruebas selectivas;Presidencia de la Autoridad Portuaria de Almería;servicios;Resuelta;UNIVERSIDAD DE ALMERIA E. PROP;274,71;https://contrataciondelestado.es/wps/poc?uri=deeplink:detalle_licitacion&idEvl=GcoZ4d%2FQP9kIYE3ZiZ%2BxmQ%3D%3D
Contratos menores;GAPTO Pañales desechable pacientes incontinentes residencias sociosanitarias;Dirección Gerencia de Atención Primaria de Toledo;suministros;Resuelta;Active Medical Disposable, S.A.U.;274,32;https://contrataciondelestado.es/wps/poc?uri=deeplink:detalle_licitacion&idEvl=obmDvSkI2jJVYjgxA4nMUw%3D%3D
Contratos menores;Mantenimiento de pistola de verificacion de medicamentos;Hospital Intermutual de Euskadi, Centro Mancomunado de Mutuas de Accidentes de Trabajo y Enfermadades Profesionales de la Seguridad Social;servicios;Resuelta;VERIFARMA INTERNATIONAL, S.L.;273;https://contrataciondelestado.es/wps/poc?uri=deeplink:detalle_licitacion&idEvl=zc024Se%2FAJvE6P%2FuLemXRw%3D%3D
Contratos menores;"Importe de los trabajos ejecutados según la liquidación de la dirección de obra en la obra denominada ""obras de adecuación del salón de actos del Centro Nacional de Microelectrónica (IMB-CNM)"".";Gerencias de los Institutos de la Agencia Estatal Consejo Superior de Investigaciones Científicas;servicios;Resuelta;Mavilaarquitectura S.L.P.U;272,13;https://contrataciondelestado.es/wps/poc?uri=deeplink:detalle_licitacion&idEvl=%2BbSzSgLS1LE36J9Lctlsuw%3D%3D
Contratos menores;962.Actuacion Mago Guillermo En Ceip Santiago El Mayor Para Todos Los Niños De La Pedania El 17 De Junio;Junta de Gobierno del Ayuntamiento de Murcia;servicios;Resuelta;GINES GUILLERMO AVILÉS ANDREU;271;https://contrataciondelestado.es/wps/poc?uri=deeplink:detalle_licitacion&idEvl=OldVvpchGTmP66GS%2BONYvQ%3D%3D
Contratos menores;Suministros Catering Pa i Porta 19/09/2026 (Batalla de Flores);Alcaldía del Ayuntamiento de Borriana;suministros;Resuelta;GRUPO SUMINISTROS FANDOS, S.L;270,2;https://contrataciondelestado.es/wps/poc?uri=deeplink:detalle_licitacion&idEvl=GV347QmWXJE7%2B9FIQYNjeQ%3D%3D
Contratos menores;Placas rockfonde 60x60 para oficina principal secretaria;Presidencia de la Autoridad Portuaria de Almería;suministros;Resuelta;ESTAMMETAL,S.A.;270;https://contrataciondelestado.es/wps/poc?uri=deeplink:detalle_licitacion&idEvl=CWOt8k7Nibjs%2BnLj3vAg5A%3D%3D
Contratos menores;GAPTO Pañales desechable pacientes incontinentes residencias sociosanitarias;Dirección Gerencia de Atención Primaria de Toledo;suministros;Resuelta;Active Medical Disposable, S.A.U.;268,42;https://contrataciondelestado.es/wps/poc?uri=deeplink:detalle_licitacion&idEvl=gYikG7ELZcg3vLk2DU2Ddg%3D%3D
Contratos menores;GAPTO Pañales desechable pacientes incontinentes residencias sociosanitarias;Dirección Gerencia de Atención Primaria de Toledo;suministros;Resuelta;LABORATORIOS INDAS, S.A.U.;268,35;https://contrataciondelestado.es/wps/poc?uri=deeplink:detalle_licitacion&idEvl=NJqIXO42ONIwYTJJ03sHog%3D%3D
Contratos menores;Seguro de asistencia médica para Josep Maria Torrelles en Argentina del 15 de septiembre 2026 al 30 de septiembre 2026;Gerencias de los Institutos de la Agencia Estatal Consejo Superior de Investigaciones Científicas;servicios;Resuelta;ARAG SE, Sucursal en España;265,88;https://contrataciondelestado.es/wps/poc?uri=deeplink:detalle_licitacion&idEvl=cohIeSqfYxtt5r0ngvMetA%3D%3D
Contratos menores;Contracte menor de servei d'analítiques microbiológic aliment i superficies de la cuina al COM I Escoleta Infantil.;Alcaldía del Ayuntamiento de Castelló;servicios;Resuelta;Laboratorios Tacsa SLU;265,44;https://contrataciondelestado.es/wps/poc?uri=deeplink:detalle_licitacion&idEvl=%2BfaBWMUDFsTi0Kd8%2Brcp6w%3D%3D
Contratos menores;Silla de ruedas;Gerencias de los Institutos de la Agencia Estatal Consejo Superior de Investigaciones Científicas;suministros;Resuelta;ROSA MARIA HIDALGO MALDONADO;263,64;https://contrataciondelestado.es/wps/poc?uri=deeplink:detalle_licitacion&idEvl=yuM3Xgo%2FXZWP66GS%2BONYvQ%3D%3D
Contratos menores;Servicio de grabación, edición y retransmisión de celebraciones.;Junta de Gobierno del Ayuntamiento de Biar;servicios;Resuelta;Francisco Rico Rico;262,5;https://contrataciondelestado.es/wps/poc?uri=deeplink:detalle_licitacion&idEvl=UGcNNmIEqrfi0Kd8%2Brcp6w%3D%3D
Contratos menores;Adquisición de medallas y trofeos para los participantes en el torneo de fútbol.;Junta de Gobierno del Ayuntamiento de Biar;suministros;Resuelta;Trofeos y medallas deportivas, SL;260,8;https://contrataciondelestado.es/wps/poc?uri=deeplink:detalle_licitacion&idEvl=C1h9eKdq%2BKusNfRW6APEDw%3D%3D
Contratos menores;Vasos precipitado y reactivos;Consejería de Agricultura, Ganadería, Medio Rural y Política Ambiental de la Junta de Castilla y León;suministros;Resuelta;ANDRES GONZALEZ YAGÜE;258,1;https://contrataciondelestado.es/wps/poc?uri=deeplink:detalle_licitacion&idEvl=alZsj3roMlc3vLk2DU2Ddg%3D%3D
Contratos menores;Contrato menor de suministro de guantes (epis) para el personal de IDIVAL a cargo del proyecto dirección y gestión de IDIVAL;Dirección de Gestión de la Fundación Instituto de Investigación Marqués de Valdecilla;suministros;Resuelta;CELULOSAS VASCAS, S.L.;255;https://contrataciondelestado.es/wps/poc?uri=deeplink:detalle_licitacion&idEvl=nDWY3o%2BJxcji0Kd8%2Brcp6w%3D%3D
Contratos menores;Servicio de edición e impresión de dípticos y carteles del encuentro hispano luso de escritores, artistas y poetas.;Consejería de la Presidencia de la Junta de Castilla y León;servicios;Resuelta;LA TIPO SERVICIOS GRÁFICOS, S.L.;255;https://contrataciondelestado.es/wps/poc?uri=deeplink:detalle_licitacion&idEvl=JTdEEtQcQbV4zIRvjBVCSw%3D%3D
Contratos menores;Contrato menor 317/2026. Extintor c02 y polvo abc 6 kg bar restaurante la piscina y residencia.;Alcaldía del Ayuntamiento de Serón;suministros;Resuelta;FIEGO MATEOS JORGE;255;https://contrataciondelestado.es/wps/poc?uri=deeplink:detalle_licitacion&idEvl=TCWEhQA2FOqopEMYCmrbmw%3D%3D
Contratos menores;Alojamiento en la Isla de Madeira para el desarrollo y monitorizacion de actuaciones coordinadas en la region Macaronesia enmateria de riesgos y amenazas del cambio climatico en el Programa Planclimac2.;Viceconsejería de Transición Ecológica, Lucha Contra el Cambio Climático y Energía del Gobierno de Canarias;servicios;Resuelta;AVORIS RETAIL DIVISION, S.L.;251,54;https://contrataciondelestado.es/wps/poc?uri=deeplink:detalle_licitacion&idEvl=vi53qLMF4cwzjChw4z%2FXvw%3D%3D
Contratos menores;Prestación del servicio profesional consistente en la preparación e impartición del taller “El terratrèmol adolescent: com cultivar una bona relació amb els adolescents”;Alcaldía del Ayuntamiento de Benigànim;servicios;Resuelta;MERCÉ HERNANDIS ÉPILA;250;https://contrataciondelestado.es/wps/poc?uri=deeplink:detalle_licitacion&idEvl=OyQ9HhZJJpY7u6%2B%2FR7DUoA%3D%3D
Contratos menores;contrato docente art. 310 LCSP curso de capacitacion de oficiales policia local- gestion de personal-violencia de genero;Junta de Gobierno del Ayuntamiento de Almería;servicios;Resuelta;MARIA DOLORES CRUZ FERNANDEZ;250;https://contrataciondelestado.es/wps/poc?uri=deeplink:detalle_licitacion&idEvl=mWoRiN1vYafkY6rls5tG9A%3D%3D
Contratos menores;Transporte de cesta para la grúa desde Pechina al puerto;Presidencia de la Autoridad Portuaria de Almería;servicios;Resuelta;GRUTALMERIA, S.L.;250;https://contrataciondelestado.es/wps/poc?uri=deeplink:detalle_licitacion&idEvl=pe%2FyGR%2FiKgx6nTs9LZ9RhQ%3D%3D
Contratos menores;6/26. Compra dun taboleiro de anuncios para a casa de Don Fernando;Presidencia del Organismo Autónomo Terra de Sanxenxo;suministros;Resuelta;Barral Otero, Marcial;250;https://contrataciondelestado.es/wps/poc?uri=deeplink:detalle_licitacion&idEvl=G%2F%2FEcOlBMhrjHF5qKI4aaw%3D%3D
Contratos menores;contrato docente art. 310 LCSP para cursos de capacitacion de oficiales Policia Local Almeria_ Gestion emergencias y telecomunicaciones;Junta de Gobierno del Ayuntamiento de Almería;servicios;Resuelta;FERNANDO LOPEZ HIDALGO;250;https://contrataciondelestado.es/wps/poc?uri=deeplink:detalle_licitacion&idEvl=PhoqMBMMx%2BtVq4S9zvaQpQ%3D%3D
Contratos menores;Contratación salve para día 23 de agosto a las 12:00h Fiestas patronales 2026;Junta de Gobierno Local del Ayuntamiento de Albuixech;servicios;Resuelta;JUAN MIGUEL LLUCH NAVARRO – PIROTECNIA LLUCH;250;https://contrataciondelestado.es/wps/poc?uri=deeplink:detalle_licitacion&idEvl=WhwXK0yn9fv10HRJw8TEnQ%3D%3D
Contratos menores;Contrato menor 290/2026. Hinchable fiesta fin de curso guardería.;Alcaldía del Ayuntamiento de Serón;servicios;Resuelta;JIMENEZ MOLINA AGUSTIN;250;https://contrataciondelestado.es/wps/poc?uri=deeplink:detalle_licitacion&idEvl=ztgcYBm6Y90zjChw4z%2FXvw%3D%3D
Contratos menores;Electrodos para desfibrilador.;Alcaldía del Ayuntamiento de Jamilena;suministros;Resuelta;IBEROMED PRODUCTOS SANITARIOS SL;249,3;https://contrataciondelestado.es/wps/poc?uri=deeplink:detalle_licitacion&idEvl=pihs%2B4ITMgm8ebB%2FXTwy0A%3D%3D
Contratos menores;Atornillar chapas sueltas del techo cinta transportadora antigua Endesa;Presidencia de la Autoridad Portuaria de Almería;servicios;Resuelta;SALAS GARCIA, JUAN DAVID;249;https://contrataciondelestado.es/wps/poc?uri=deeplink:detalle_licitacion&idEvl=kzdVWxQv%2F7uFlFRHfEzEaw%3D%3D
Contratos menores;Diferencial de 25 amperios y terminales;Presidencia de la Autoridad Portuaria de Almería;suministros;Resuelta;NOVELEC INDALICA, S.L.;247,82;https://contrataciondelestado.es/wps/poc?uri=deeplink:detalle_licitacion&idEvl=F0uYNx7Nd3GHCIsjvJ3rhQ%3D%3D
Contratos menores;Suministro de parachoques para vehículo de Servicios Municipales;Concejalía Delegada de Hacienda del Ayuntamiento de Navalcarnero;suministros;Resuelta;MUELAS, S.A.;246,26;https://contrataciondelestado.es/wps/poc?uri=deeplink:detalle_licitacion&idEvl=PAbvFc1xeRwl5NjlNci%2BtA%3D%3D
Contratos menores;Contrato Menor Servicio de Autobús para asistencia a Encuentro Juvenil;Alcaldía del Ayuntamiento de Isla Mayor;servicios;Resuelta;CIDCHABUS.S.L.;245,45;https://contrataciondelestado.es/wps/poc?uri=deeplink:detalle_licitacion&idEvl=HFqX%2F63vS0N%2BF6L2uCfUWg%3D%3D
Contratos menores;Desarrollos y modificaciones en NAV Mar y Abr / 26;Presidencia de la Autoridad Portuaria de Almería;servicios;Resuelta;ACTIVE BUSINESS & TECHNOLOGY;245;https://contrataciondelestado.es/wps/poc?uri=deeplink:detalle_licitacion&idEvl=wRGTX%2BkD1xy5HQrHoP3G5A%3D%3D
Contratos menores;Resolución indicencias Enero/2026;Presidencia de la Autoridad Portuaria de Almería;servicios;Resuelta;ACTIVE BUSINESS & TECHNOLOGY;245;https://contrataciondelestado.es/wps/poc?uri=deeplink:detalle_licitacion&idEvl=Snng%2FwQ96L%2FCfVQHDepjGQ%3D%3D
Contratos menores;Intervención urgente por avería de cámaras de refrigeración y congelación en nave biotecnología. Contienen productos perecederos de proyectos de investigación y producción de esspirulina.;Instituto Tecnológico de Canarias S.A.;servicios;Resuelta;CLIFRICAN, S.L.U.;245;https://contrataciondelestado.es/wps/poc?uri=deeplink:detalle_licitacion&idEvl=Gvb6XO%2BaarP5Rey58Yagpg%3D%3D
Contratos menores;Puerto de Almeria. Revisión anual Opel Vivaro;Presidencia de la Autoridad Portuaria de Almería;servicios;Resuelta;SANCHEZ TIJERAS, LUIS;244,7;https://contrataciondelestado.es/wps/poc?uri=deeplink:detalle_licitacion&idEvl=5Sl29uLewpaS81gZFETWmA%3D%3D
Contratos menores;Adquisición de artículos de ferretería para el almacén de la brigada de obras.;Junta de Gobierno del Ayuntamiento de Biar;suministros;Resuelta;Blinker España SAU;244,54;https://contrataciondelestado.es/wps/poc?uri=deeplink:detalle_licitacion&idEvl=yuBvRMoDGZUIYE3ZiZ%2BxmQ%3D%3D
Contratos menores;Material para aseos de despacho de Presidencia y dirección;Presidencia de la Autoridad Portuaria de Almería;suministros;Resuelta;SANEAMIENTO JOSE GOMEZ, S.L.;243,48;https://contrataciondelestado.es/wps/poc?uri=deeplink:detalle_licitacion&idEvl=XYla6V8%2Bq0OKeVWTb9Scog%3D%3D
Contratos menores;Taller de ganchillo en el municipio de Santa Cruz del Moncayo;Presidencia de la Comarca de Tarazona y el Moncayo;servicios;Resuelta;María Jose Massagué Sanchez;241,8;https://contrataciondelestado.es/wps/poc?uri=deeplink:detalle_licitacion&idEvl=INvmxLMSMCZJ8Trn0ZPzLw%3D%3D
Contratos menores;Suministro y colocación de señales de stop en barrera puerta 1 y puerta 6;Presidencia de la Autoridad Portuaria de Almería;servicios;Resuelta;VERDEGAY VIEDMA, ANTONIO;240,7;https://contrataciondelestado.es/wps/poc?uri=deeplink:detalle_licitacion&idEvl=qs53xHHtssfgL1BHd3qjQA%3D%3D
Contratos menores;Servicio de una visita guiada a la Bodega Muñoz Martín dentro del programa Entre Vinos 2026.;Concejalía Delegada de Hacienda del Ayuntamiento de Navalcarnero;servicios;Resuelta;JOSÉ CARLOS MUÑOZ MARTÍN;240;https://contrataciondelestado.es/wps/poc?uri=deeplink:detalle_licitacion&idEvl=i4ha6Vf5hsV%2BF6L2uCfUWg%3D%3D
Contratos menores;Conos de señalización para zona de pre-embarque;Presidencia de la Autoridad Portuaria de Almería;suministros;Resuelta;ALMESU, S.L.;240;https://contrataciondelestado.es/wps/poc?uri=deeplink:detalle_licitacion&idEvl=0OlSgP99A9seIBJRHQiPkQ%3D%3D
Contratos menores;Plataforma para mover chapas;Presidencia de la Autoridad Portuaria de Almería;servicios;Resuelta;GRUTALMERIA, S.L.;240;https://contrataciondelestado.es/wps/poc?uri=deeplink:detalle_licitacion&idEvl=%2BKm49PTvkGozjChw4z%2FXvw%3D%3D
Contratos menores;Silla escritorio max;Gerencias de los Institutos de la Agencia Estatal Consejo Superior de Investigaciones Científicas;suministros;Resuelta;EL CORTE INGLÉS, S.A.;239,63;https://contrataciondelestado.es/wps/poc?uri=deeplink:detalle_licitacion&idEvl=0usu6PXfVPeExvMJXBMHHQ%3D%3D
Contratos menores;Reparaciones varias de electricidad en colegios;Alcaldía del Ayuntamiento de Borriana;servicios;Resuelta;PABLO SERRANO PALOMARES;237,65;https://contrataciondelestado.es/wps/poc?uri=deeplink:detalle_licitacion&idEvl=d5xkaBhMYtGAAM7L03kM8A%3D%3D
Contratos menores;Contracte menor de servei de conferència sobre Jaume I i el dret valencià, 8 d'octubre 2026.;Alcaldía del Ayuntamiento de Castelló;servicios;Resuelta;PAU VICIANO NAVARRO;236;https://contrataciondelestado.es/wps/poc?uri=deeplink:detalle_licitacion&idEvl=xI87%2FoGx2iomMOlAXxDEjw%3D%3D
Contratos menores;Gasto vigilante seguridad_Fecha 22-23.03.2026;Presidencia de la Autoridad Portuaria de Almería;servicios;Resuelta;GRUPO CONTROL SEGURIDAD,S.A.;234;https://contrataciondelestado.es/wps/poc?uri=deeplink:detalle_licitacion&idEvl=Q92IOWjgdIX5Rey58Yagpg%3D%3D
Contratos menores;GAPTO Pañales desechable pacientes incontinentes residencias sociosanitarias;Dirección Gerencia de Atención Primaria de Toledo;suministros;Resuelta;LABORATORIOS INDAS, S.A.U.;230,7;https://contrataciondelestado.es/wps/poc?uri=deeplink:detalle_licitacion&idEvl=6d838XUDqam9Hd5zqvq9cg%3D%3D
Contratos menores;Reparación puerta corredera sur de Recinto Internacional;Presidencia de la Autoridad Portuaria de Almería;servicios;Resuelta;VERDEGAY VIEDMA, ANTONIO;230,5;https://contrataciondelestado.es/wps/poc?uri=deeplink:detalle_licitacion&idEvl=XJEc%2B2cgg7drhBlEHQFSKA%3D%3D
Contratos menores;Reparación de las bujías y limpieza interior y exterior del vehículo Peugeot Partner 5171BXZ;Alcaldía del Ayuntamiento de Dénia;servicios;Resuelta;REPARAUTO TALLERS DENIA SL;230,28;https://contrataciondelestado.es/wps/poc?uri=deeplink:detalle_licitacion&idEvl=7sDKUiDLJEleKgd8LfVV9g%3D%3D
Contratos menores;Atornillar chapas sueltas del techo cinta transportadora antigua Endesa;Presidencia de la Autoridad Portuaria de Almería;servicios;Resuelta;SALAS GARCIA, JUAN DAVID;230;https://contrataciondelestado.es/wps/poc?uri=deeplink:detalle_licitacion&idEvl=s2Vk3NHwkcD9pbnDwlaUlg%3D%3D
Contratos menores;Jm962. Suministro De Pañuelos Impresos Con Motivo De La Visita De La Virgen De La Fuensanta A Santiago El Mayor;Junta de Gobierno del Ayuntamiento de Murcia;suministros;Resuelta;PUBLICIDADES LA FUENSANTICA, S.L.U.;230;https://contrataciondelestado.es/wps/poc?uri=deeplink:detalle_licitacion&idEvl=zaOgJgU8gBaHCIsjvJ3rhQ%3D%3D
Contratos menores;Suministro de dos Deshumidificadores con destino al Centro de Atención Primaria de Colunga;Gerencia del Área Sanitaria VI del Servicio de Salud del Principado de Asturias;suministros;Resuelta;GUTIERREZ*GONZALEZ,NATALIA;229,75;https://contrataciondelestado.es/wps/poc?uri=deeplink:detalle_licitacion&idEvl=3D7LNvcvww2S81gZFETWmA%3D%3D
Contratos menores;Marco y lámparas de emergencia para oficina principal;Presidencia de la Autoridad Portuaria de Almería;suministros;Resuelta;NOVELEC INDALICA, S.L.;228,7;https://contrataciondelestado.es/wps/poc?uri=deeplink:detalle_licitacion&idEvl=ADkSgjlfWlYeIBJRHQiPkQ%3D%3D
Contratos menores;Suministro de menaje de cocina y comedor para el equipamiento de la cocina de la escoleta Es Fameliar del Consell Insular d'Eivissa;Presidencia del Consell Insular d'Eivissa;suministros;Resuelta;FERRETERIA Y CASA SA ROTA, SL;228,36;https://contrataciondelestado.es/wps/poc?uri=deeplink:detalle_licitacion&idEvl=JCwEuTML8yRPpzdqOdhuWg%3D%3D
Contratos menores;Uso de aula para pruebas selectivas;Presidencia de la Autoridad Portuaria de Almería;servicios;Resuelta;UNIVERSIDAD DE ALMERIA E. PROP;227,03;https://contrataciondelestado.es/wps/poc?uri=deeplink:detalle_licitacion&idEvl=LoQUO1s%2F2jHi0Kd8%2Brcp6w%3D%3D
Contratos menores;Revisión anual vehículo oficial 0762LPV;Presidencia de la Autoridad Portuaria de Almería;servicios;Resuelta;INDAMOVIL, S.A.;226,83;https://contrataciondelestado.es/wps/poc?uri=deeplink:detalle_licitacion&idEvl=4MziVW5hzhf%2Fa9DgO%2BoYKQ%3D%3D
Contratos menores;Manguera electrica para espaldòn de faro;Presidencia de la Autoridad Portuaria de Almería;suministros;Resuelta;NOVELEC INDALICA, S.L.;225,82;https://contrataciondelestado.es/wps/poc?uri=deeplink:detalle_licitacion&idEvl=Ypl76%2FpJJmIQyBAnWzHfCg%3D%3D
Contratos menores;Adquisición de material informático con cargo al proyecto FEDER EXT - SMART CICLE;Dirección del Centro de Investigaciones Científicas y Tecnológicas de Extremadura (CICYTEX);suministros;Resuelta;GECD.EXTREMADURA DIGITAL SL;225,72;https://contrataciondelestado.es/wps/poc?uri=deeplink:detalle_licitacion&idEvl=KnsAeiDLtWxPpzdqOdhuWg%3D%3D
Contratos menores;Contrato menor 327/2026. Alquiler climatizador residencia de mayores.;Alcaldía del Ayuntamiento de Serón;suministros;Resuelta;M.I ALTO ALMANZORA S.L;225;https://contrataciondelestado.es/wps/poc?uri=deeplink:detalle_licitacion&idEvl=h6rPRbqeRH14zIRvjBVCSw%3D%3D
Contratos menores;Material de fontaneria para despachos de Presidencia y Dirección;Presidencia de la Autoridad Portuaria de Almería;suministros;Resuelta;SANEAMIENTOS EMILIO HERNANDEZ, S.A;224,06;https://contrataciondelestado.es/wps/poc?uri=deeplink:detalle_licitacion&idEvl=vhzm%2BmNP0Cb10HRJw8TEnQ%3D%3D
Contratos menores;Reparación de puerta corredera Antigua Endesa cambiando ruedas;Presidencia de la Autoridad Portuaria de Almería;servicios;Resuelta;VERDEGAY VIEDMA, ANTONIO;220,5;https://contrataciondelestado.es/wps/poc?uri=deeplink:detalle_licitacion&idEvl=gryACqTahvxPpzdqOdhuWg%3D%3D
Contratos menores;Reparación y sustitución antena llave arranque 8615LDF;Presidencia de la Autoridad Portuaria de Almería;servicios;Resuelta;GARCIA ALMECIJA E HIJOS,SLL;220;https://contrataciondelestado.es/wps/poc?uri=deeplink:detalle_licitacion&idEvl=br3hbjh0%2FYKsNfRW6APEDw%3D%3D
Contratos menores;Contrato de inscripcion para dos personas a la REGIC a cargo del proyecto dirección y gestión de IDIVAL;Dirección de Gestión de la Fundación Instituto de Investigación Marqués de Valdecilla;servicios;Resuelta;"RED DE ENTIDADES GESTORAS DE INVESTIGACIÓN CLÍNICA HOSPITALARIA Y BIOSANITARIA ""REGIC""";220;https://contrataciondelestado.es/wps/poc?uri=deeplink:detalle_licitacion&idEvl=kkFb6ERclRhVq4S9zvaQpQ%3D%3D
Contratos menores;Comprar combustible para vehículos.;Junta Vecinal de la Entidad Local Menor de Valdivia;suministros;Resuelta;EL CURRETE, S.L.;220;https://contrataciondelestado.es/wps/poc?uri=deeplink:detalle_licitacion&idEvl=hVGoB0zjezBVYjgxA4nMUw%3D%3D
Contratos menores;Alquiler impresoras Admision, 4ª y 6ª planta;Hospital Intermutual de Euskadi, Centro Mancomunado de Mutuas de Accidentes de Trabajo y Enfermadades Profesionales de la Seguridad Social;suministros;Resuelta;SELZUR BIZKAIA, S.A.;219,31;https://contrataciondelestado.es/wps/poc?uri=deeplink:detalle_licitacion&idEvl=w4WQaa8k3bpeKgd8LfVV9g%3D%3D
Contratos menores;Alquiler impresoras Admision, 4ª y 6ª planta;Hospital Intermutual de Euskadi, Centro Mancomunado de Mutuas de Accidentes de Trabajo y Enfermadades Profesionales de la Seguridad Social;suministros;Resuelta;SELZUR BIZKAIA, S.A.;219,31;https://contrataciondelestado.es/wps/poc?uri=deeplink:detalle_licitacion&idEvl=ylw6KS%2FRZn%2BP66GS%2BONYvQ%3D%3D
Contratos menores;50 impresión carteles 32x45 color, impresión cartel 50x70cm montado en cartón pluma 5mm, 200 impresos A5 a color, diseño y maquetación cartel para la Muestra Ganadera 2026;Alcaldía del Ayuntamiento de Coín;suministros;Resuelta;IMPRENTA M.LUCENA SL;219,01;https://contrataciondelestado.es/wps/poc?uri=deeplink:detalle_licitacion&idEvl=uWLwUkuoHnLjHF5qKI4aaw%3D%3D
Contratos menores;ITV y mantenimiento del vehículo 8303jby;Presidencia de la Autoridad Portuaria de Almería;servicios;Resuelta;MARTINEZ CAAMAÑO, JOAQUIN;218,96;https://contrataciondelestado.es/wps/poc?uri=deeplink:detalle_licitacion&idEvl=Y8FPZbcr5ltLAIVZdUs8KA%3D%3D
Contratos menores;Impresión de las guías de evaluación para la validación;Instituto Tecnológico de Canarias S.A.;servicios;Resuelta;ACOSTA GRAFICA, S.L.;218,32;https://contrataciondelestado.es/wps/poc?uri=deeplink:detalle_licitacion&idEvl=FXT%2FOyqeveF%2BF6L2uCfUWg%3D%3D
Contratos menores;Gasto Almuerzo trabajo Presidencia APA;Presidencia de la Autoridad Portuaria de Almería;servicios;Resuelta;LOPEZ GODOY, JOAQUIN;218,18;https://contrataciondelestado.es/wps/poc?uri=deeplink:detalle_licitacion&idEvl=abGRJY0i8LhJ8Trn0ZPzLw%3D%3D
Contratos menores;Adquisición de novedades bibliográficas para la agencia municipal de lectura.;Junta de Gobierno del Ayuntamiento de Biar;suministros;Resuelta;Francisco José Carpena Muñoz;218;https://contrataciondelestado.es/wps/poc?uri=deeplink:detalle_licitacion&idEvl=Bx%2FRzs2A43aFlFRHfEzEaw%3D%3D
Contratos menores;Reimpresión de carteles publicitarios para el Club de idiomas 2026/2027;Junta de Gobierno del Ayuntamiento de Murcia;servicios;Resuelta;Montesinos Martínez, Mariano;218;https://contrataciondelestado.es/wps/poc?uri=deeplink:detalle_licitacion&idEvl=UDmOA6kVFZQ2wEhQbcAqug%3D%3D
Contratos menores;"Suministro de fotos ""III Concurso de fotografías Gente de la Mar"".";Alcaldía del Ayuntamiento de Punta umbría;suministros;Resuelta;PUBLIMARKET PUNTA S.L;216;https://contrataciondelestado.es/wps/poc?uri=deeplink:detalle_licitacion&idEvl=gfqapGZq1JdxseVhcqrkhw%3D%3D
Contratos menores;Jm962.Suministro De Banderas Y Fieltros Con Motivo De La Visita De La Virgen De La Fuensanta.;Junta de Gobierno del Ayuntamiento de Murcia;suministros;Resuelta;TELAS Y TEJIDOS, S.L.;215;https://contrataciondelestado.es/wps/poc?uri=deeplink:detalle_licitacion&idEvl=Ks5eYjLFxNlSYrkJkLlFdw%3D%3D
Contratos menores;Sustitución neumáticos delanteros vehículo 9985LYZ;Presidencia de la Autoridad Portuaria de Almería;servicios;Resuelta;NEUMATICOS ALONSO, S.L.;214,34;https://contrataciondelestado.es/wps/poc?uri=deeplink:detalle_licitacion&idEvl=cf8xS1xjIzNrSd8H4b2soA%3D%3D
Contratos menores;Material eléctrico para oficina principal;Presidencia de la Autoridad Portuaria de Almería;suministros;Resuelta;NOVELEC INDALICA, S.L.;212,2;https://contrataciondelestado.es/wps/poc?uri=deeplink:detalle_licitacion&idEvl=7uhuI%2Bn4rn1%2FP7lJ7Fu0SA%3D%3D
Contratos menores;Suscripción revista Harvard Deusto Business Review;Dirección General de la Mutual Midat Cyclops, Mutua Colaboradora con la Seguridad Social, nº 1;suministros;Resuelta;MG AGNESI TRAINING, S.L.U.;210,58;https://contrataciondelestado.es/wps/poc?uri=deeplink:detalle_licitacion&idEvl=iN8gHjVTp8x%2BF6L2uCfUWg%3D%3D
Contratos menores;Trabajos varios apretar tensores y estructura pantallas atrapapolvo;Presidencia de la Autoridad Portuaria de Almería;servicios;Resuelta;SALAS GARCIA, JUAN DAVID;210;https://contrataciondelestado.es/wps/poc?uri=deeplink:detalle_licitacion&idEvl=DhYA8XsHmkjN3k3tjedSGw%3D%3D
Contratos menores;Reparación pantallas atrapapolvo;Presidencia de la Autoridad Portuaria de Almería;servicios;Resuelta;SALAS GARCIA, JUAN DAVID;210;https://contrataciondelestado.es/wps/poc?uri=deeplink:detalle_licitacion&idEvl=rlDph8F9I5O8ebB%2FXTwy0A%3D%3D
Contratos menores;Adquisición de una caja de papel secamanos y seis bobina de papel;Junta de Gobierno del Ayuntamiento de Biar;suministros;Resuelta;Francisca Tonda Llorens;208,8;https://contrataciondelestado.es/wps/poc?uri=deeplink:detalle_licitacion&idEvl=fi9TfleldI96nTs9LZ9RhQ%3D%3D
Contratos menores;"Aprobación y adjudicación contrato menor ""Seguro Hogar Piso Tutelado Instituto Canario de la Vivienda cedido en precario al Cabildo Insular de El Hierro""";Presidencia del Cabildo Insular de El Hierro;servicios;Resuelta;Mutua Tinerfeña, Mutua de Seguros y Reaseguros a Prima Fija;208,35;https://contrataciondelestado.es/wps/poc?uri=deeplink:detalle_licitacion&idEvl=kxBzIryzkqgZDGvgaZEVxQ%3D%3D
Contratos menores;Arreglo de guardamotor de bomba de agua;Alcaldía del Ayuntamiento de Galera;servicios;Resuelta;ADRIAN SANCHEZ LOPEZ;208,07;https://contrataciondelestado.es/wps/poc?uri=deeplink:detalle_licitacion&idEvl=x%2BLVD824l6GsNfRW6APEDw%3D%3D
Contratos menores;Contrato menor 322/2026. 34 unidades bidón sin marcaje.;Alcaldía del Ayuntamiento de Serón;suministros;Resuelta;GRAFICAS LUCMAR S.L.;207,24;https://contrataciondelestado.es/wps/poc?uri=deeplink:detalle_licitacion&idEvl=JZEHxTAhs2bXOjazN1Dw9Q%3D%3D
Contratos menores;Moqueta para inauguración 1º Fase Puerto ciudad;Presidencia de la Autoridad Portuaria de Almería;suministros;Resuelta;PINTURAS ANDRES VALERO, S.L.;204,98;https://contrataciondelestado.es/wps/poc?uri=deeplink:detalle_licitacion&idEvl=o%2Fe7IjEyoO2P%2Bo96UAV7cQ%3D%3D
Contratos menores;Contrato menor 296/2026. Caramelos y gominolas.;Alcaldía del Ayuntamiento de Serón;suministros;Resuelta;ALMACENES CARRION SL;204,6;https://contrataciondelestado.es/wps/poc?uri=deeplink:detalle_licitacion&idEvl=glLIFnfEDoCLAncw3qdZkA%3D%3D
Contratos menores;Uso de aula para pruebas selectivas;Presidencia de la Autoridad Portuaria de Almería;servicios;Resuelta;UNIVERSIDAD DE ALMERIA E. PROP;203,85;https://contrataciondelestado.es/wps/poc?uri=deeplink:detalle_licitacion&idEvl=NSpAzfKvSKprSd8H4b2soA%3D%3D
Contratos menores;Reparación de puertas correderas 1 y 2 recinto internacional;Presidencia de la Autoridad Portuaria de Almería;servicios;Resuelta;VERDEGAY VIEDMA, ANTONIO;203;https://contrataciondelestado.es/wps/poc?uri=deeplink:detalle_licitacion&idEvl=E7oGsphmj7dJ8Trn0ZPzLw%3D%3D
Contratos menores;Suministro de agua mineral del mes de Ferero de 2026;Presidencia de la Autoridad Portuaria de Almería;suministros;Resuelta;CULLIGAN WATER SPAIN, S.L.;200,56;https://contrataciondelestado.es/wps/poc?uri=deeplink:detalle_licitacion&idEvl=v6IZsHoqDAOdkQsA7ROvsg%3D%3D
Contratos menores;Surtido de dulces para desayuno III Jornadas Deportivas Intercentros.;Alcaldía del Ayuntamiento de Jamilena;suministros;Resuelta;PANADERIA Y PASTELERIA RUIZOR S.L.;200;https://contrataciondelestado.es/wps/poc?uri=deeplink:detalle_licitacion&idEvl=bnN4JReejBrN3k3tjedSGw%3D%3D
Contratos menores;Sustitución 2 proyectores en torre 22 Muelle de Pechina;Presidencia de la Autoridad Portuaria de Almería;servicios;Resuelta;INSTALAC Y SERV EFT 2005, SLL;200;https://contrataciondelestado.es/wps/poc?uri=deeplink:detalle_licitacion&idEvl=cRdd8IbaPITzAq95uGTrDQ%3D%3D
Contratos menores;Desatasco zona esplanada ortuño y varadero;Presidencia de la Autoridad Portuaria de Almería;servicios;Resuelta;DESATASCOS EN ALMERIA RAMON TORRES, S.L.;200;https://contrataciondelestado.es/wps/poc?uri=deeplink:detalle_licitacion&idEvl=aLJKXa5mrzm8ebB%2FXTwy0A%3D%3D
Contratos menores;Servicio de control remoto y contador por página impresa de las Impresoras / Multifunciones de Admisión y Administracion (6ª, 4ª, 2ª y Planta Baja);Hospital Intermutual de Euskadi, Centro Mancomunado de Mutuas de Accidentes de Trabajo y Enfermadades Profesionales de la Seguridad Social;servicios;Resuelta;SELZUR BIZKAIA, S.A.;197,61;https://contrataciondelestado.es/wps/poc?uri=deeplink:detalle_licitacion&idEvl=JFsw4D84uUAS7pcxhTeWOg%3D%3D
Contratos menores;Tóner, carpetas y diverso material para Oficina principal;Presidencia de la Autoridad Portuaria de Almería;suministros;Resuelta;SUPIAL PAPELERIAS, S.L.;197,28;https://contrataciondelestado.es/wps/poc?uri=deeplink:detalle_licitacion&idEvl=Rlv5Td9d9PHmnwcj%2BxbdTg%3D%3D
Contratos menores;Cerraduras para oficina principal;Presidencia de la Autoridad Portuaria de Almería;suministros;Resuelta;DIAZ HERNANDEZ, ONOFRE;196,6;https://contrataciondelestado.es/wps/poc?uri=deeplink:detalle_licitacion&idEvl=v02rW9CVk7waF6cS8TCh%2FA%3D%3D
Contratos menores;Suministro de material eléctrico para trabajos del Servicio de Instalaciones en el palacio Valdeparaíso y en la oficina de Recaudación de Puertollano;Presidencia de la Diputación Provincial de Ciudad Real;suministros;Resuelta;DIELECTRO MANCHEGO SA;196,11;https://contrataciondelestado.es/wps/poc?uri=deeplink:detalle_licitacion&idEvl=mEsVJ5RxJczIGlsa0Wad%2Bw%3D%3D
Contratos menores;Reflectante adhesivo para barreras y discos para mecanizado de pasarela;Presidencia de la Autoridad Portuaria de Almería;suministros;Resuelta;DIAZ HERNANDEZ, ONOFRE;196;https://contrataciondelestado.es/wps/poc?uri=deeplink:detalle_licitacion&idEvl=hOa8v3ZFLZtWhbmkna2nXQ%3D%3D
Contratos menores;Suministro de kit de embrague para vehículo de Servicios Municipales;Concejalía Delegada de Hacienda del Ayuntamiento de Navalcarnero;suministros;Resuelta;AUTORECAMBIOS ALHAMBRA, S.L.;195,1;https://contrataciondelestado.es/wps/poc?uri=deeplink:detalle_licitacion&idEvl=NKCGVxyEaL570UvEyYJSGw%3D%3D
Contratos menores;Suministro silla modelo Viena Departamento de Seguridad;Presidencia de la Autoridad Portuaria de Ferrol San Cibrao;suministros;Resuelta;EQUIPAMIENTO DE OFICINAS FERROL, S.L. (EQUIFER);193,75;https://contrataciondelestado.es/wps/poc?uri=deeplink:detalle_licitacion&idEvl=3nzyR8mVHEpJ8Trn0ZPzLw%3D%3D
Contratos menores;Taladro para reparación de cubiertas de pasarelas;Presidencia de la Autoridad Portuaria de Almería;suministros;Resuelta;DIAZ HERNANDEZ, ONOFRE;193,75;https://contrataciondelestado.es/wps/poc?uri=deeplink:detalle_licitacion&idEvl=3p%2FC%2FxESiemqb7rCcv76BA%3D%3D
Contratos menores;Servicio de reparación y puesta a punto de motocicleta de la policía local.;Junta de Gobierno del Ayuntamiento de Biar;servicios;Resuelta;Biar Car Automoción, SL;193,65;https://contrataciondelestado.es/wps/poc?uri=deeplink:detalle_licitacion&idEvl=YFVsSiGgZxTmnwcj%2BxbdTg%3D%3D
Contratos menores;Retirada de cables en zona filtro policía garita número 2;Presidencia de la Autoridad Portuaria de Almería;servicios;Resuelta;MONTAJES MECAVAL, S.L.;192;https://contrataciondelestado.es/wps/poc?uri=deeplink:detalle_licitacion&idEvl=InWRT9RhFHiTylGzYmBF9Q%3D%3D
Contratos menores;Acompañar y arreglar problema eléctrico de acometida eléctrica en ascensor RAE 15478;Presidencia de la Autoridad Portuaria de Almería;servicios;Resuelta;SCHINDLER, S.A.;191,71;https://contrataciondelestado.es/wps/poc?uri=deeplink:detalle_licitacion&idEvl=weVjVszeZxJrSd8H4b2soA%3D%3D
Contratos menores;Estores para sala de reuniones de policía portuaria;Presidencia de la Autoridad Portuaria de Almería;suministros;Resuelta;CRUZ SILES JOSE;190;https://contrataciondelestado.es/wps/poc?uri=deeplink:detalle_licitacion&idEvl=8ucXd4z%2BSlV%2FR5QFTlaM4A%3D%3D
Contratos menores;Suministro de una silla operativa ergonómica para oficina, con respaldo de malla, apoyo lumbar regulable, brazos regulables y ruedas blandas, destinada a mejorar las condiciones ergonómicas del puesto de trabajo del personal del centro;Dirección Provincial de Educación en Burgos;suministros;Resuelta;ALFREDO ALONSO LATORRE;189,2;https://contrataciondelestado.es/wps/poc?uri=deeplink:detalle_licitacion&idEvl=5HDdatw4h4ZSYrkJkLlFdw%3D%3D
Contratos menores;Reparación de la instalación eléctrica de los focos y el videomarcador e instalación de toma de corriente del campo de fútbol municipal Alfonso San Casto;Alcaldía del Ayuntamiento de Santa Marta de Tormes;servicios;Resuelta;ACEINSA SALAMANCA S.A.;187,25;https://contrataciondelestado.es/wps/poc?uri=deeplink:detalle_licitacion&idEvl=bPedbfUYVxG9Hd5zqvq9cg%3D%3D
Contratos menores;Adquisición de accesorios de mobiliario para un buen desarrollo de la actividad diaria y un correcto uso de la normativa de prevención de riesgos laborales.;Gerencia del Patronato de Recaudación Provincial;suministros;Resuelta;VASCO INFORMÁTICA, S.L.;183;https://contrataciondelestado.es/wps/poc?uri=deeplink:detalle_licitacion&idEvl=ez6Wtw9eFKGS81gZFETWmA%3D%3D
Contratos menores;Material de fontaneria para despachos de Presidencia y Dirección;Presidencia de la Autoridad Portuaria de Almería;suministros;Resuelta;SANEAMIENTOS EMILIO HERNANDEZ, S.A;181,5;https://contrataciondelestado.es/wps/poc?uri=deeplink:detalle_licitacion&idEvl=PtIlFKsbAcLzAq95uGTrDQ%3D%3D
Contratos menores;Adquisición de banderas institucionales de exterior con destino al edificio del Ayuntamiento y Plaza Constitución de la localidad.;Alcaldía del Ayuntamiento de Valdepeñas;suministros;Resuelta;PUERTA DEL SOL VESTUARIO LABORAL HOGAR S.L.;181,44;https://contrataciondelestado.es/wps/poc?uri=deeplink:detalle_licitacion&idEvl=VY3Njx%2FSWr2AAM7L03kM8A%3D%3D
Contratos menores;Latguillos de redpara puestos de trabajo en edificio principal APA;Presidencia de la Autoridad Portuaria de Almería;suministros;Resuelta;MACOFI, S.L.;180,16;https://contrataciondelestado.es/wps/poc?uri=deeplink:detalle_licitacion&idEvl=BdtDE49pi2HyoM4us5k4vw%3D%3D
Contratos menores;Contrato de Suministros de qubit assay tubes *set of 500*, 1 set - ref. q32856 para el proyecto nval24/10;Dirección de Gestión de la Fundación Instituto de Investigación Marqués de Valdecilla;suministros;Resuelta;PROQUINORTE, S.A.;180;https://contrataciondelestado.es/wps/poc?uri=deeplink:detalle_licitacion&idEvl=K0muIQFwVt0IYE3ZiZ%2BxmQ%3D%3D
Contratos menores;Servicio de taller de risoterapia;Alcaldia del Ayuntamiento de Tejeda;servicios;Resuelta;PRODUCCIONES SONREIR ES MAGIA, SOCIEDAD LIMITADA;180;https://contrataciondelestado.es/wps/poc?uri=deeplink:detalle_licitacion&idEvl=M6jIq6wvW2KkU02jNGj1Fw%3D%3D
Contratos menores;Resiembra de refuerzo, abono y cortes mes de enero 2026;Presidencia de la Autoridad Portuaria de Almería;servicios;Resuelta;RODULFO DELGADO, PEDRO JOSE;180;https://contrataciondelestado.es/wps/poc?uri=deeplink:detalle_licitacion&idEvl=AVv%2FO1k4EmOKeVWTb9Scog%3D%3D
Contratos menores;Avituallamiento (alquiler nevera y cajas de agua) para personal de la Muestra Ganadera 2026;Alcaldía del Ayuntamiento de Coín;suministros;Resuelta;CASA COGOAL SL;179,16;https://contrataciondelestado.es/wps/poc?uri=deeplink:detalle_licitacion&idEvl=ds%2FNOw%2F4sb%2FjHF5qKI4aaw%3D%3D
Contratos menores;Mantenimiento y gestión de ITV 9652BTS;Presidencia de la Autoridad Portuaria de Almería;servicios;Resuelta;MARTINEZ CAAMAÑO, JOAQUIN;179,04;https://contrataciondelestado.es/wps/poc?uri=deeplink:detalle_licitacion&idEvl=iMqZLGL%2Bw6WExvMJXBMHHQ%3D%3D
Contratos menores;Control ambiental de quirofanos;Hospital Intermutual de Euskadi, Centro Mancomunado de Mutuas de Accidentes de Trabajo y Enfermadades Profesionales de la Seguridad Social;servicios;Resuelta;IMQ ANALITICAS, S.L.;178,08;https://contrataciondelestado.es/wps/poc?uri=deeplink:detalle_licitacion&idEvl=%2B7gOcoKzmlwkJPJS%2BPS9vg%3D%3D
Contratos menores;GAPTO Pañales desechable pacientes incontinentes residencias sociosanitarias;Dirección Gerencia de Atención Primaria de Toledo;suministros;Resuelta;Active Medical Disposable, S.A.U.;177,52;https://contrataciondelestado.es/wps/poc?uri=deeplink:detalle_licitacion&idEvl=Aq1ZmMfNVmd9Zh%2FyRJgM8w%3D%3D
Contratos menores;Angulares negros 2x2 para oficina principal, candados para policía portuaria y sierra de corte;Presidencia de la Autoridad Portuaria de Almería;suministros;Resuelta;DIAZ HERNANDEZ, ONOFRE;176,99;https://contrataciondelestado.es/wps/poc?uri=deeplink:detalle_licitacion&idEvl=dySwe71sivukU02jNGj1Fw%3D%3D
Contratos menores;Contracte menor de subministrament de material per reparar porta la Llar dels Jubilats.;Alcaldía del Ayuntamiento de Castelló;suministros;Resuelta;FERRETERIA LA CLAU SL;176,45;https://contrataciondelestado.es/wps/poc?uri=deeplink:detalle_licitacion&idEvl=8HjznSOHBJCdkQsA7ROvsg%3D%3D
Contratos menores;Servicio de escaneado de proyectos.;Presidencia de la Autoridad Portuaria de Almería;servicios;Resuelta;GIL AVILES, MIGUEL;175,77;https://contrataciondelestado.es/wps/poc?uri=deeplink:detalle_licitacion&idEvl=RievKw53LsIadbH3CysQuQ%3D%3D
Contratos menores;Sustitución del cambio de la bombona de oxígeno sanitario del polideportivo por caducidad.;Junta de Gobierno del Ayuntamiento de Biar;suministros;Resuelta;S.E. de Carburos Metálicos SA;175,63;https://contrataciondelestado.es/wps/poc?uri=deeplink:detalle_licitacion&idEvl=4fKtUBRcUme9Hd5zqvq9cg%3D%3D
Contratos menores;Pintura para adecuación de taquillas en policía portuaria;Presidencia de la Autoridad Portuaria de Almería;suministros;Resuelta;PINTURAS ANDRES VALERO, S.L.;175,05;https://contrataciondelestado.es/wps/poc?uri=deeplink:detalle_licitacion&idEvl=2fPGQ40x2bt%2FR5QFTlaM4A%3D%3D
Contratos menores;Contrato de suministro de material de fontanería necesaria para el mantenimiento del Colegio Pedro I.;Alcaldía del Ayuntamiento de Tordesillas;suministros;Resuelta;DIEZ SERNA SL;174,7;https://contrataciondelestado.es/wps/poc?uri=deeplink:detalle_licitacion&idEvl=vRLq%2Bjh1PX44NavIWzMcHA%3D%3D
Contratos menores;Sustitución de neumáticos traseros vehículo 0006LZB;Presidencia de la Autoridad Portuaria de Almería;servicios;Resuelta;NEUMATICOS ALONSO, S.L.;173,44;https://contrataciondelestado.es/wps/poc?uri=deeplink:detalle_licitacion&idEvl=LmZP5E%2Bnr5J%2FR5QFTlaM4A%3D%3D
Contratos menores;Material para trabajos en Oficina principal y valla de cerramiento;Presidencia de la Autoridad Portuaria de Almería;suministros;Resuelta;PINTURAS ANDRES VALERO, S.L.;172,95;https://contrataciondelestado.es/wps/poc?uri=deeplink:detalle_licitacion&idEvl=U0FYUxkOUsEQyBAnWzHfCg%3D%3D
Contratos menores;Realizar análisis para la piscina municipal.;Junta Vecinal de la Entidad Local Menor de Valdivia;servicios;Resuelta;SUQUIBA, S.L.;172;https://contrataciondelestado.es/wps/poc?uri=deeplink:detalle_licitacion&idEvl=lpG7FeFvKDQUqXM96WStVA%3D%3D
Contratos menores;Trabajos puerta corredera acceso a Endesa, Puerto de Carboneras;Presidencia de la Autoridad Portuaria de Almería;servicios;Resuelta;SALAS GARCIA, JUAN DAVID;170;https://contrataciondelestado.es/wps/poc?uri=deeplink:detalle_licitacion&idEvl=3uvWjALtKLMS7pcxhTeWOg%3D%3D
Contratos menores;Guantes de protección de fontanería;Presidencia de la Autoridad Portuaria de Almería;suministros;Resuelta;WÜRTH ESPAÑA, S.A.;169,2;https://contrataciondelestado.es/wps/poc?uri=deeplink:detalle_licitacion&idEvl=h1jQZHcTXsBq1DdmE7eaXg%3D%3D
Contratos menores;Reloj astronómico , clavijas para torretas de Ribera 2ª y guantes de trabajo;Presidencia de la Autoridad Portuaria de Almería;suministros;Resuelta;NOVELEC INDALICA, S.L.;168,5;https://contrataciondelestado.es/wps/poc?uri=deeplink:detalle_licitacion&idEvl=Agnh7ZWU%2FIleKgd8LfVV9g%3D%3D
Contratos menores;Suministro de materiales para mantenimiento.;Presidencia de Nauta Sanxenxo Sociedad Limitada Unipersonal;suministros;Resuelta;FERRETERIA VOLVORETA, S.L.U;167,52;https://contrataciondelestado.es/wps/poc?uri=deeplink:detalle_licitacion&idEvl=C9zGfY0FiGPI8aL3PRS10Q%3D%3D
Contratos menores;Mantenimiento de vehiculo 5626LPR;Presidencia de la Autoridad Portuaria de Almería;servicios;Resuelta;SYRSA AUTOMOCION, S.L.;167,51;https://contrataciondelestado.es/wps/poc?uri=deeplink:detalle_licitacion&idEvl=aNuoNntiyCJ4zIRvjBVCSw%3D%3D
Contratos menores;los servicios de pirotecnia con motivo del inicio del otoño, se precisa de una docena de cohetes trueno nº4, incluida mano de obra, desplazamiento y seguro de RC. Se estima un coste de 167 euros iva no incluido;Alcaldía del Ayuntamiento de El Almendro;servicios;Resuelta;ROSENDO RODRIGUEZ TAMAYO;167;https://contrataciondelestado.es/wps/poc?uri=deeplink:detalle_licitacion&idEvl=GrZ%2FzfwQDMnkY6rls5tG9A%3D%3D
Contratos menores;Cristal puerta garita policía nacional;Presidencia de la Autoridad Portuaria de Almería;suministros;Resuelta;CARPINTERIA METALICA Y CRISTALERIA DAMISA, S.L.;166,96;https://contrataciondelestado.es/wps/poc?uri=deeplink:detalle_licitacion&idEvl=xGb%2Br%2BKiH6eGCFcHcNGIlQ%3D%3D
Contratos menores;Comprar productos varios.;Junta Vecinal de la Entidad Local Menor de Valdivia;suministros;Resuelta;MARIA JOSE TEJEDA CASADO;164,83;https://contrataciondelestado.es/wps/poc?uri=deeplink:detalle_licitacion&idEvl=xhRnSmAfWL9LAIVZdUs8KA%3D%3D
Contratos menores;Gasto almuerzo de trabajo Presidencia;Presidencia de la Autoridad Portuaria de Almería;servicios;Resuelta;LOPEZ GODOY, JOAQUIN;163,64;https://contrataciondelestado.es/wps/poc?uri=deeplink:detalle_licitacion&idEvl=HvxVAWO8GeuHCIsjvJ3rhQ%3D%3D
Contratos menores;Comprar productos varios de ferretería.;Junta Vecinal de la Entidad Local Menor de Valdivia;suministros;Resuelta;SUMINISTROS FERRETEROS MENA, S.L.;162,81;https://contrataciondelestado.es/wps/poc?uri=deeplink:detalle_licitacion&idEvl=gKEPV81dA%2BucCF8sV%2BqtYA%3D%3D
Contratos menores;Sobres con ventana derecha;Vicepresidencia del Organismo Autónomo de Recaudación y Gestión Tributaria de la Diputación de Salamanca;suministros;Resuelta;IMPRENTA KADMOS S.COOP.L;161,7;https://contrataciondelestado.es/wps/poc?uri=deeplink:detalle_licitacion&idEvl=TJDM4oYyHOUZDGvgaZEVxQ%3D%3D
Contratos menores;Reparación de las 2 barreras del recinto Internacional;Presidencia de la Autoridad Portuaria de Almería;servicios;Resuelta;VERDEGAY VIEDMA, ANTONIO;161;https://contrataciondelestado.es/wps/poc?uri=deeplink:detalle_licitacion&idEvl=My8ksyAYUFfVGIpKDxgsAQ%3D%3D
Contratos menores;Reparación barrera en recinto internacional;Presidencia de la Autoridad Portuaria de Almería;servicios;Resuelta;VERDEGAY VIEDMA, ANTONIO;161;https://contrataciondelestado.es/wps/poc?uri=deeplink:detalle_licitacion&idEvl=RwWMEkXtXlLI8aL3PRS10Q%3D%3D
Contratos menores;Adquisición de material quirúrgico para fracturas en distintas cirugías;Hospital Intermutual de Euskadi, Centro Mancomunado de Mutuas de Accidentes de Trabajo y Enfermadades Profesionales de la Seguridad Social;suministros;Resuelta;KOPRA MATERIAL QUIRURGICO, S.L.;160;https://contrataciondelestado.es/wps/poc?uri=deeplink:detalle_licitacion&idEvl=HS8nkfXJm%2BKExvMJXBMHHQ%3D%3D
Contratos menores;Reparto por todos los comercios de la ciudad de 700 carteles A1 anunciadores del mundialito de futbol playa 2026;Concejalía Delegada de Contratación y Compras del Ayuntamiento de El Puerto de Santa María;servicios;Resuelta;CONSULTORIA DE LA COMUNICACION Y DESARROLLO DE LA IMAGEN SL;160;https://contrataciondelestado.es/wps/poc?uri=deeplink:detalle_licitacion&idEvl=RvOPg1fJkpsXhk1FZxEyvw%3D%3D
Contratos menores;Servicio de inspección periódica reglamentaria del ascensor para su mantenimiento.;Presidencia de Nauta Sanxenxo Sociedad Limitada Unipersonal;servicios;Resuelta;SGS INSPECCIONES REGLAMENTARIAS, S.A;160;https://contrataciondelestado.es/wps/poc?uri=deeplink:detalle_licitacion&idEvl=ZCPavrs7pbB9PLkba5eRog%3D%3D
Contratos menores;Reparación pilares puerta acceso peatonal acceso Endesa, Puerto de Carboneras;Presidencia de la Autoridad Portuaria de Almería;servicios;Resuelta;SALAS GARCIA, JUAN DAVID;160;https://contrataciondelestado.es/wps/poc?uri=deeplink:detalle_licitacion&idEvl=UCXprRmTD7O2gkLQ8TeYKA%3D%3D
Contratos menores;Contrato de Suministros de zoom workplace pro – suscripción anual. hospitalizacion domiciliaria para el proyecto apg/15;Dirección de Gestión de la Fundación Instituto de Investigación Marqués de Valdecilla;suministros;Resuelta;SEMICROL S.L.;159,9;https://contrataciondelestado.es/wps/poc?uri=deeplink:detalle_licitacion&idEvl=4%2BrxfANxJfnECtSnloz%2BZQ%3D%3D
Contratos menores;Adquisición de trofeos con alegoría de caza e impresión para la actividad de Tirada al Plato.;Alcaldia del Ayuntamiento de Valverde del Camino;suministros;Resuelta;ISSER SERIGRAFIA S.L.;159,6;https://contrataciondelestado.es/wps/poc?uri=deeplink:detalle_licitacion&idEvl=7Gdv5pAdhNKdkQsA7ROvsg%3D%3D
Contratos menores;Adquisicion de macetas para la inauguracion de la Caseta Mpal de la 3º Edad;Alcaldía del Ayuntamiento de Torremolinos;suministros;Resuelta;LOS PINARES VIVERO MUNICIPAL DE TORREMOLINOS, S.A.;157,5;https://contrataciondelestado.es/wps/poc?uri=deeplink:detalle_licitacion&idEvl=LQtAjH9CRK5PpzdqOdhuWg%3D%3D
Contratos menores;Suministro de radiador eléctrico para despacho del edificio de la Consejería de Economía y Hacienda.;Consejería de Economía y Hacienda de la Junta de Castilla y León;suministros;Resuelta;Pilar Ruano Sanz;157,03;https://contrataciondelestado.es/wps/poc?uri=deeplink:detalle_licitacion&idEvl=mFGgQoz3s%2Bs%2B1TMyIiZmzw%3D%3D
Contratos menores;trofeos para actividades deportivas;Alcaldía del Ayuntamiento de Gualchos;suministros;Resuelta;Oliveros joyeros;156,1;https://contrataciondelestado.es/wps/poc?uri=deeplink:detalle_licitacion&idEvl=aSKpdWdl7TUeIBJRHQiPkQ%3D%3D
Contratos menores;Centro de ramos y flores para el Día del Turista 2025.;Alcaldía del Ayuntamiento de Nerja;suministros;Resuelta;FLORISTERIA MARI S.C.;154,53;https://contrataciondelestado.es/wps/poc?uri=deeplink:detalle_licitacion&idEvl=FIY96fbBzydQFSeKCRun4Q%3D%3D
Contratos menores;Pomos y cerraduras para Carboneras;Presidencia de la Autoridad Portuaria de Almería;suministros;Resuelta;DIAZ HERNANDEZ, ONOFRE;153,33;https://contrataciondelestado.es/wps/poc?uri=deeplink:detalle_licitacion&idEvl=vS%2BurfzZ%2FOyqb7rCcv76BA%3D%3D
Contratos menores;Adquisición de materiales para oficina.;Presidencia de Nauta Sanxenxo Sociedad Limitada Unipersonal;suministros;Resuelta;TELECOMUNICACIONES RIAS BAIXAS, S.L.U;152,73;https://contrataciondelestado.es/wps/poc?uri=deeplink:detalle_licitacion&idEvl=1ktvo8%2BrNCG9Hd5zqvq9cg%3D%3D
Contratos menores;Suministro de material de jardinería para los alumnos del Taller de ocupación “Millorem Benigànim II” con número de expediente FOTAE/2025/43/46;Alcaldía del Ayuntamiento de Benigànim;suministros;Resuelta;S.A.T. BEATA INÉS - BENIGÀNIM;152,1;https://contrataciondelestado.es/wps/poc?uri=deeplink:detalle_licitacion&idEvl=aHkiM7tTuYrCfVQHDepjGQ%3D%3D
Contratos menores;Compra de material de oficina para Ayuntamiento;Alcaldía del Ayuntamiento de El Campillo;suministros;Resuelta;VASCO INFORMATICA, S.L.;150,38;https://contrataciondelestado.es/wps/poc?uri=deeplink:detalle_licitacion&idEvl=k1VnvePygmW5HQrHoP3G5A%3D%3D
Contratos menores;Gasto desplazamiento_Avión_06-02-2026;Presidencia de la Autoridad Portuaria de Almería;servicios;Resuelta;IBERIA LAE, S.A.;150,37;https://contrataciondelestado.es/wps/poc?uri=deeplink:detalle_licitacion&idEvl=H0W9Tjm6gSwS7pcxhTeWOg%3D%3D
Contratos menores;Suministros de material eléctrico, fontanería, carpintería, cerrajería y jardinería;Director Gerente de FREMAP;suministros;Resuelta;LEROY MERLIN S.L.;150;https://contrataciondelestado.es/wps/poc?uri=deeplink:detalle_licitacion&idEvl=5d9KgKiYRHCExvMJXBMHHQ%3D%3D
Contratos menores;Contratación de un servicio de traducción de 2 h de idioma lituano de forma presencial.;Alcaldía del Ayuntamiento de Agost;servicios;Resuelta;ALHAMBRA TRADUCTORES SL;150;https://contrataciondelestado.es/wps/poc?uri=deeplink:detalle_licitacion&idEvl=Q6QnA6jg8CCkU02jNGj1Fw%3D%3D
Contratos menores;Servicio de inspección periódica del ascensor del colegio público.;Junta de Gobierno del Ayuntamiento de Biar;servicios;Resuelta;SGS Inspecciones Reglamentarias SAU;150;https://contrataciondelestado.es/wps/poc?uri=deeplink:detalle_licitacion&idEvl=fJc0SlI7BAGdkQsA7ROvsg%3D%3D
Contratos menores;Elaboración y emisión de certificado de baja tensión para instalación eventual de la Muestra Ganadera 2026, durante periodo de uso del 27 de julio al 6 de agosto 2026;Alcaldía del Ayuntamiento de Coín;servicios;Resuelta;MANSEL ELECTRICIDAD Y MONTAJE S.L.;150;https://contrataciondelestado.es/wps/poc?uri=deeplink:detalle_licitacion&idEvl=MQ4S23l%2FPCP%2B3JAijKO%2Bkg%3D%3D
Contratos menores;Desatasco de arquetas en zona lonja;Presidencia de la Autoridad Portuaria de Almería;servicios;Resuelta;DESATASCOS EN ALMERIA RAMON TORRES, S.L.;150;https://contrataciondelestado.es/wps/poc?uri=deeplink:detalle_licitacion&idEvl=mpjF1JVofVFWhbmkna2nXQ%3D%3D
Contratos menores;"Servicio de agua a buque ""Wilson Hanstholm"" toma R103";Presidencia de la Autoridad Portuaria de Almería;servicios;Resuelta;SALAS GARCIA, JUAN DAVID;150;https://contrataciondelestado.es/wps/poc?uri=deeplink:detalle_licitacion&idEvl=dnTLg%2BzdKBiopEMYCmrbmw%3D%3D
Contratos menores;"Servicio de agua a buque ""GTM Denmark"" en R103";Presidencia de la Autoridad Portuaria de Almería;servicios;Resuelta;SALAS GARCIA, JUAN DAVID;150;https://contrataciondelestado.es/wps/poc?uri=deeplink:detalle_licitacion&idEvl=XKfdk%2BJFVGE%2FbjW6njtWLw%3D%3D
Contratos menores;Dsatasco zona Varadero,comprobar bombeo de Aqualia lleno.Avisamos;Presidencia de la Autoridad Portuaria de Almería;servicios;Resuelta;DESATASCOS EN ALMERIA RAMON TORRES, S.L.;150;https://contrataciondelestado.es/wps/poc?uri=deeplink:detalle_licitacion&idEvl=KxiJQC6uBtIeC9GJQOEBkQ%3D%3D
Contratos menores;contrato docente art 310 LCSP cursos capacitacion de oficiales policia local almeria-intervencion policial;Junta de Gobierno del Ayuntamiento de Almería;servicios;Resuelta;maria de la cueva molina ruiz-chena;150;https://contrataciondelestado.es/wps/poc?uri=deeplink:detalle_licitacion&idEvl=fgi1mjGlh2LI8aL3PRS10Q%3D%3D
Contratos menores;Dessatranque en preembarques;Presidencia de la Autoridad Portuaria de Almería;servicios;Resuelta;DESATASCOS EN ALMERIA RAMON TORRES, S.L.;150;https://contrataciondelestado.es/wps/poc?uri=deeplink:detalle_licitacion&idEvl=ZRqPGW7ME3adkQsA7ROvsg%3D%3D
Contratos menores;Revisión del tacógrafo del vehículo con matrículas 7830 JGF del Departamento de Vías y Obras.;Presidencia de la Diputación Provincial de Ciudad Real;servicios;Resuelta;SERVIDIESEL CIUDAD REAL SL;150;https://contrataciondelestado.es/wps/poc?uri=deeplink:detalle_licitacion&idEvl=IoUBIO8M%2FTWTylGzYmBF9Q%3D%3D
Contratos menores;Receta dog diet vet renal-oxalate 6 kg.;Junta de Gobierno Local del Ayuntamiento de Alicante;suministros;Resuelta;MADAGASCAR MASCOTAS S.L.;148,91;https://contrataciondelestado.es/wps/poc?uri=deeplink:detalle_licitacion&idEvl=Oo5FDjufMdqdkQsA7ROvsg%3D%3D
Contratos menores;Mantenimiento y gestión de ITV 2579FYV;Presidencia de la Autoridad Portuaria de Almería;servicios;Resuelta;MARTINEZ CAAMAÑO, JOAQUIN;147,39;https://contrataciondelestado.es/wps/poc?uri=deeplink:detalle_licitacion&idEvl=BeLNF%2Fq14YjI8aL3PRS10Q%3D%3D
Contratos menores;Adquisición de equipos de protección individual para el nuevo personal del ayuntamiento;Junta de Gobierno del Ayuntamiento de Biar;suministros;Resuelta;Ferri Villena, SL;146,93;https://contrataciondelestado.es/wps/poc?uri=deeplink:detalle_licitacion&idEvl=CUwX91UzNkDLIx6q1oPaMg%3D%3D
Contratos menores;GAPTO Pañales desechable pacientes incontinentes residencias sociosanitarias;Dirección Gerencia de Atención Primaria de Toledo;suministros;Resuelta;Active Medical Disposable, S.A.U.;145,84;https://contrataciondelestado.es/wps/poc?uri=deeplink:detalle_licitacion&idEvl=ofWRx1ZAmpOkU02jNGj1Fw%3D%3D
Contratos menores;"Sustitucion de letreros ""Cruise ship""";Presidencia de la Autoridad Portuaria de Almería;suministros;Resuelta;ALVAREZ MORENO, JOSE LUIS;145;https://contrataciondelestado.es/wps/poc?uri=deeplink:detalle_licitacion&idEvl=1TlVvOg4AogS7pcxhTeWOg%3D%3D
Contratos menores;Palear yeso para liberar varillas de tensores en pantallas atrapapolvo;Presidencia de la Autoridad Portuaria de Almería;servicios;Resuelta;SALAS GARCIA, JUAN DAVID;145;https://contrataciondelestado.es/wps/poc?uri=deeplink:detalle_licitacion&idEvl=Z74hVm9bDRW9Hd5zqvq9cg%3D%3D
Contratos menores;Contrato menor 313/2026. Reparaciones herramientas taladro percutor, alargadera y amoledora.;Alcaldía del Ayuntamiento de Serón;servicios;Resuelta;YELAMOS CASTILLO JOSE ANTONIO;144,6;https://contrataciondelestado.es/wps/poc?uri=deeplink:detalle_licitacion&idEvl=NBJ8wS3LI08tm4eBPtV6eQ%3D%3D
Contratos menores;Suministros de combustible vehículo patrulla Carboneras Abril 2026;Presidencia de la Autoridad Portuaria de Almería;suministros;Resuelta;CARBONERAS DE CARBURANTES, S.L.;144,31;https://contrataciondelestado.es/wps/poc?uri=deeplink:detalle_licitacion&idEvl=LHuDo256O5J6nTs9LZ9RhQ%3D%3D
Contratos menores;Dos impresoras-etiquetadoras Sv. Formación;Delegación Provincial de la Consejería de Economía, Empresas y Empleo en Ciudad Real;suministros;Resuelta;INNOVACIÓN, REDES Y;144;https://contrataciondelestado.es/wps/poc?uri=deeplink:detalle_licitacion&idEvl=7sC1%2BGNTCseFQ%2FlhRK79lA%3D%3D
Contratos menores;Kit agua mensual - Agosto 2026 - IAM;Presidencia de la Diputación Provincial de Valencia;suministros;Resuelta;CULLIGAN WATER SPAIN SL.;143,99;https://contrataciondelestado.es/wps/poc?uri=deeplink:detalle_licitacion&idEvl=U4%2BPISdxqyrIGlsa0Wad%2Bw%3D%3D
Contratos menores;Servicios de mantenimiento de cualquier instalación de protección contra incendios (incluido extintores);Director Gerente de FREMAP;servicios;Resuelta;JOMAR SEGURIDAD S.L.;143,04;https://contrataciondelestado.es/wps/poc?uri=deeplink:detalle_licitacion&idEvl=mu1KyWPhA3iP%2Bo96UAV7cQ%3D%3D
Contratos menores;Catering para tención al jurado de Ares Escénicas;Junta de Gobierno del Ayuntamiento de Murcia;servicios;Resuelta;El Cuentavinos, S.L.;141,82;https://contrataciondelestado.es/wps/poc?uri=deeplink:detalle_licitacion&idEvl=uJ3uyl8%2B%2BEoS7pcxhTeWOg%3D%3D
Contratos menores;Aparamenta cuadro pasarela movil;Presidencia de la Autoridad Portuaria de Almería;suministros;Resuelta;NOVELEC INDALICA, S.L.;141,75;https://contrataciondelestado.es/wps/poc?uri=deeplink:detalle_licitacion&idEvl=8dgU9wh9cqUzjChw4z%2FXvw%3D%3D
Contratos menores;Suministro de repuestos para reparaciones de la cuba de riego matrícula 3742 BLC del Departamento de Vías, Obras, Infraestructuras y Medio Ambiente;Presidencia de la Diputación Provincial de Ciudad Real;suministros;Resuelta;MOTOTRACCION SL;141,48;https://contrataciondelestado.es/wps/poc?uri=deeplink:detalle_licitacion&idEvl=djVgt5vE3HaHCIsjvJ3rhQ%3D%3D
Contratos menores;Comprar productos varios.;Junta Vecinal de la Entidad Local Menor de Valdivia;suministros;Resuelta;MONTSERRAT LLANOS ROMERO;141,25;https://contrataciondelestado.es/wps/poc?uri=deeplink:detalle_licitacion&idEvl=jISRQoZzSAG7JOCXkOhcDg%3D%3D
Contratos menores;Gasto alojamiento Comisión Servicio suspendida;Presidencia de la Autoridad Portuaria de Almería;servicios;Resuelta;MELIA HOTELS INTERNATIONAL,S.A.;140,91;https://contrataciondelestado.es/wps/poc?uri=deeplink:detalle_licitacion&idEvl=vBSEipGcWY43vLk2DU2Ddg%3D%3D
Contratos menores;Reparación barreras Dique sur entrada y salida;Presidencia de la Autoridad Portuaria de Almería;servicios;Resuelta;VERDEGAY VIEDMA, ANTONIO;140,5;https://contrataciondelestado.es/wps/poc?uri=deeplink:detalle_licitacion&idEvl=21TcqTze3G%2FXOjazN1Dw9Q%3D%3D
Contratos menores;Retransmisión deportiva.;Alcaldía del Ayuntamiento de Jamilena;servicios;Resuelta;RAUDALMEDIA S.COOP.AND.;140;https://contrataciondelestado.es/wps/poc?uri=deeplink:detalle_licitacion&idEvl=6Jq76494nLbVGIpKDxgsAQ%3D%3D
Contratos menores;Alfombrilla de reposamuñecas, bolsa señales neon, bolígrafos, rollo térmico;Vicepresidencia del Organismo Autónomo de Recaudación y Gestión Tributaria de la Diputación de Salamanca;suministros;Resuelta;LIBRERÍA EL SECRETARIO;139,81;https://contrataciondelestado.es/wps/poc?uri=deeplink:detalle_licitacion&idEvl=XOICm%2BChih3yoM4us5k4vw%3D%3D
Contratos menores;Brocas para cerámica y cuadrados macizos puerta Oficina principal;Presidencia de la Autoridad Portuaria de Almería;suministros;Resuelta;DIAZ HERNANDEZ, ONOFRE;136,82;https://contrataciondelestado.es/wps/poc?uri=deeplink:detalle_licitacion&idEvl=x6KCAptfP1kS7pcxhTeWOg%3D%3D
Contratos menores;Faro de Cabo de Gata. Pintura;Presidencia de la Autoridad Portuaria de Almería;suministros;Resuelta;PINTURAS ANDRES VALERO, S.L.;136,1;https://contrataciondelestado.es/wps/poc?uri=deeplink:detalle_licitacion&idEvl=CiJLJBLNfYEadbH3CysQuQ%3D%3D
Contratos menores;Reparación de cometida de agua para local.;Presidencia de Nauta Sanxenxo Sociedad Limitada Unipersonal;servicios;Resuelta;JOSE CARLOS FEIJOO CACABELOS;135;https://contrataciondelestado.es/wps/poc?uri=deeplink:detalle_licitacion&idEvl=8O8FE%2BoMoAGcTfjQf3USOg%3D%3D
Contratos menores;Alcohol laboratorio 96;Consejería de Agricultura, Ganadería, Medio Rural y Política Ambiental de la Junta de Castilla y León;suministros;Resuelta;ANDRES GONZALEZ YAGÜE;132;https://contrataciondelestado.es/wps/poc?uri=deeplink:detalle_licitacion&idEvl=VEo1xgAhVkDzAq95uGTrDQ%3D%3D
Contratos menores;Cerraduras,topes de puertas y manivelas;Presidencia de la Autoridad Portuaria de Almería;suministros;Resuelta;DIAZ HERNANDEZ, ONOFRE;131,72;https://contrataciondelestado.es/wps/poc?uri=deeplink:detalle_licitacion&idEvl=8xW7biGhkyAeIBJRHQiPkQ%3D%3D
Contratos menores;Adquisición 3 cascos nuevos agentes;Presidencia de la Autoridad Portuaria de Almería;suministros;Resuelta;EGEA MARTINEZ, FRANCISCO JAVIER;131,46;https://contrataciondelestado.es/wps/poc?uri=deeplink:detalle_licitacion&idEvl=G7kd07zme8vs%2BnLj3vAg5A%3D%3D
Contratos menores;Compra de grifos para diferentes departamentos;Presidencia de la Autoridad Portuaria de Almería;suministros;Resuelta;SANEAMIENTO JOSE GOMEZ, S.L.;130,59;https://contrataciondelestado.es/wps/poc?uri=deeplink:detalle_licitacion&idEvl=iOh8Z1E0oi3ECtSnloz%2BZQ%3D%3D
Contratos menores;Diseño gráfico y montaje fotográfico para proyecto rotulación pasarela;Presidencia de la Autoridad Portuaria de Almería;servicios;Resuelta;ALVAREZ MORENO, JOSE LUIS;130;https://contrataciondelestado.es/wps/poc?uri=deeplink:detalle_licitacion&idEvl=J%2FF6mr3z9%2F%2Fmnwcj%2BxbdTg%3D%3D
Contratos menores;Mantenimiento de vehiculo 0552LVM;Presidencia de la Autoridad Portuaria de Almería;servicios;Resuelta;SYRSA AUTOMOCION, S.L.;129,59;https://contrataciondelestado.es/wps/poc?uri=deeplink:detalle_licitacion&idEvl=ZmPVhXs1lTq7JOCXkOhcDg%3D%3D
Contratos menores;Pintura para exterior en valla de cerramiento;Presidencia de la Autoridad Portuaria de Almería;suministros;Resuelta;PINTURAS ANDRES VALERO, S.L.;128,76;https://contrataciondelestado.es/wps/poc?uri=deeplink:detalle_licitacion&idEvl=NiALxmUDrKVPpzdqOdhuWg%3D%3D
Contratos menores;Adquisición de terminal móvil servicio atención sicológica (Pacto Estado 2026. Proyecto 2026-2-EST.2);Alcaldía del Ayuntamiento de Galera;suministros;Resuelta;ORION RECAL S.L.;128,68;https://contrataciondelestado.es/wps/poc?uri=deeplink:detalle_licitacion&idEvl=Ef8efPsXDxTL1rX3q%2FMAPA%3D%3D
Contratos menores;Suministro de material informático para las tabletas de los talleres del Programa Rompiendo Distancias;Alcaldía del Ayuntamiento de Candamo;suministros;Resuelta;EUSEBIO ALFONSO SAN CLAUDIO GONZÁLEZ;128,4;https://contrataciondelestado.es/wps/poc?uri=deeplink:detalle_licitacion&idEvl=gGzagXNdZoYXhk1FZxEyvw%3D%3D
Contratos menores;Botellas de oxígeno para soldadura;Presidencia de la Autoridad Portuaria de Almería;suministros;Resuelta;AL AIR LIQUIDE ESPAÑA, S.A.;128,3;https://contrataciondelestado.es/wps/poc?uri=deeplink:detalle_licitacion&idEvl=m%2F0yXYEyBiReKgd8LfVV9g%3D%3D
Contratos menores;Sustitución cubiertas delanteras 8615LDF;Presidencia de la Autoridad Portuaria de Almería;servicios;Resuelta;NEUMATICOS ALONSO, S.L.;128,1;https://contrataciondelestado.es/wps/poc?uri=deeplink:detalle_licitacion&idEvl=nyqzxek3lPYeC9GJQOEBkQ%3D%3D
Contratos menores;Material para garita puerto Carboneras;Presidencia de la Autoridad Portuaria de Almería;suministros;Resuelta;ALMERIMATIK SISTEMAS INFORMATICOS SA;127;https://contrataciondelestado.es/wps/poc?uri=deeplink:detalle_licitacion&idEvl=WGzb1pKMhPjyoM4us5k4vw%3D%3D
Contratos menores;Material de oficina 2;Alcaldia del Ayuntamiento de Olocau;suministros;Resuelta;CENTRO GRAFICO ARTEVAL S.L.;126,85;https://contrataciondelestado.es/wps/poc?uri=deeplink:detalle_licitacion&idEvl=GIe2qo5atIl%2FR5QFTlaM4A%3D%3D
Contratos menores;Gasto comida trabajo Presidenta_06/05/2026;Presidencia de la Autoridad Portuaria de Almería;servicios;Resuelta;GRUPO OLIVENCIA ALMERIA, S.L.;125,73;https://contrataciondelestado.es/wps/poc?uri=deeplink:detalle_licitacion&idEvl=IyuSAX06uLoeC9GJQOEBkQ%3D%3D
Contratos menores;Renovación certificado wildcard apalmeria.com;Presidencia de la Autoridad Portuaria de Almería;suministros;Resuelta;DINAHOSTING, S.L.;125;https://contrataciondelestado.es/wps/poc?uri=deeplink:detalle_licitacion&idEvl=KW7TySF3VUIIYE3ZiZ%2BxmQ%3D%3D
Contratos menores;Adquisición de varios suministros informáticos para oficinas y juzgado de paz.;Junta de Gobierno del Ayuntamiento de Biar;suministros;Resuelta;MercadoPc Iberia, SL;124,38;https://contrataciondelestado.es/wps/poc?uri=deeplink:detalle_licitacion&idEvl=RqNlYA1cTKhQFSeKCRun4Q%3D%3D
Contratos menores;Compra de material informático;Presidencia de la Autoridad Portuaria de Almería;suministros;Resuelta;MACOFI, S.L.;123,55;https://contrataciondelestado.es/wps/poc?uri=deeplink:detalle_licitacion&idEvl=hcVHDhWCcDht5r0ngvMetA%3D%3D
Contratos menores;Limpiador de frenos para limpieza de locomotora;Presidencia de la Autoridad Portuaria de Almería;suministros;Resuelta;WÜRTH ESPAÑA, S.A.;123;https://contrataciondelestado.es/wps/poc?uri=deeplink:detalle_licitacion&idEvl=PEU8X8vIGTweIBJRHQiPkQ%3D%3D
Contratos menores;Suministro de adaptadores y fundas de Iphone;Dirección Área Jurídica y Prestación de MAZ, Mutua Colaboradora con la Seguridad Social, Nº 11;suministros;Resuelta;SOLITIUM SL;122;https://contrataciondelestado.es/wps/poc?uri=deeplink:detalle_licitacion&idEvl=PEU8X8vIGTwZDGvgaZEVxQ%3D%3D
Contratos menores;Compra tarjetas impresora de control de accesos;Presidencia de la Autoridad Portuaria de Almería;suministros;Resuelta;SISMATER COMPONENT-S, S.L.;121,01;https://contrataciondelestado.es/wps/poc?uri=deeplink:detalle_licitacion&idEvl=gZFD9XngT5WopEMYCmrbmw%3D%3D
Contratos menores;Contrato de Suministros de kits para ngs para el proyecto apg/01;Dirección de Gestión de la Fundación Instituto de Investigación Marqués de Valdecilla;suministros;Resuelta;TEKNOVAS, S. A.;120,12;https://contrataciondelestado.es/wps/poc?uri=deeplink:detalle_licitacion&idEvl=K0muIQFwVt04NavIWzMcHA%3D%3D
Contratos menores;Contrato de Suministros de medio de montaje y moldes para el proyecto innval24/27;Dirección de Gestión de la Fundación Instituto de Investigación Marqués de Valdecilla;suministros;Resuelta;VWR INTERNATIONAL EUROLAB, S. L.;120;https://contrataciondelestado.es/wps/poc?uri=deeplink:detalle_licitacion&idEvl=YvhjbSsM8MW8ebB%2FXTwy0A%3D%3D
Contratos menores;Servicios necesarios con motivo de la celebración de la Festividad de la Patrona de la Guardia Civil en Tacoronte, el día 12 de octubre de 2026, corona de flores para acto institucional;Alcaldia del Ayuntamiento de Tacoronte;suministros;Resuelta;PLANTIFLOR SL;120;https://contrataciondelestado.es/wps/poc?uri=deeplink:detalle_licitacion&idEvl=iLl0LrEUc8mKeVWTb9Scog%3D%3D
Contratos menores;contratación del servicio técnico y puesta en marcha del Ciclo Integral del Agua;Alcaldía del Ayuntamiento de Galera;servicios;Resuelta;COMERCIAL MORENO 2000 S.L.;120;https://contrataciondelestado.es/wps/poc?uri=deeplink:detalle_licitacion&idEvl=CDirQqirSPX%2B3JAijKO%2Bkg%3D%3D
Contratos menores;Contrato menor 332/2026. Trabajos adecuación instalación eléctrica existente fiestas patronales.;Alcaldía del Ayuntamiento de Serón;obras;Resuelta;EDISTRIBUCION REDES DIGITALES, S.L.U.;120;https://contrataciondelestado.es/wps/poc?uri=deeplink:detalle_licitacion&idEvl=FQ%2BlaAHCea6FlFRHfEzEaw%3D%3D
Contratos menores;"""acometida provisional para suministro de obras desde el punto de conexión hasta la CGP con motivo de las Fiestas del Barrio de Santiago""";Alcaldía del Ayuntamiento de Olula del Río;servicios;Resuelta;EDISTRIBUCION REDES DIGITALES SLU;120;https://contrataciondelestado.es/wps/poc?uri=deeplink:detalle_licitacion&idEvl=Jei%2FOrFNbgkl5NjlNci%2BtA%3D%3D
Contratos menores;Adquisición silla ergonómica;Secretaría General de la Consejería de Economía, Empresas y Empleo de la Junta de Comunidades de Castilla-La Mancha;suministros;Resuelta;Mecanográfica Integral, S.L.L.;119;https://contrataciondelestado.es/wps/poc?uri=deeplink:detalle_licitacion&idEvl=CE7gru0KBRg7u6%2B%2FR7DUoA%3D%3D
Contratos menores;Reparación de carretilla elevadora C5500H;Presidencia de la Autoridad Portuaria de Almería;servicios;Resuelta;RUBIO MORALES MAQUINARIA, SLU;119;https://contrataciondelestado.es/wps/poc?uri=deeplink:detalle_licitacion&idEvl=u%2BAfz564RUqIzo3LHNPGcQ%3D%3D
Contratos menores;Cinta adhesiva de señalización de peligro y bridas;Presidencia de la Autoridad Portuaria de Almería;suministros;Resuelta;DIAZ HERNANDEZ, ONOFRE;118,85;https://contrataciondelestado.es/wps/poc?uri=deeplink:detalle_licitacion&idEvl=y6SDl8tKUmd70UvEyYJSGw%3D%3D
Contratos menores;Material divulgativo;Instituto Tecnológico de Canarias S.A.;servicios;Resuelta;ACOSTA GRAFICA, S.L.;118,43;https://contrataciondelestado.es/wps/poc?uri=deeplink:detalle_licitacion&idEvl=bH9jQ8xNGCwmMOlAXxDEjw%3D%3D
Contratos menores;Cerradura para armario del área de informática y electrodos de 3,5 y 2,5;Presidencia de la Autoridad Portuaria de Almería;suministros;Resuelta;DIAZ HERNANDEZ, ONOFRE;118,23;https://contrataciondelestado.es/wps/poc?uri=deeplink:detalle_licitacion&idEvl=EsLLYBUyKZQ4NavIWzMcHA%3D%3D
Contratos menores;Gasto comida trabajo Presidencia_20/04/2026;Presidencia de la Autoridad Portuaria de Almería;servicios;Resuelta;LOPEZ GODOY, JOAQUIN;118,18;https://contrataciondelestado.es/wps/poc?uri=deeplink:detalle_licitacion&idEvl=1FY9a4WdB0gXhk1FZxEyvw%3D%3D
Contratos menores;Generación de la primera versión del juego en imprenta;Instituto Tecnológico de Canarias S.A.;servicios;Resuelta;ACOSTA GRAFICA, S.L.;116,81;https://contrataciondelestado.es/wps/poc?uri=deeplink:detalle_licitacion&idEvl=bH9jQ8xNGCydkQsA7ROvsg%3D%3D
Contratos menores;Suscripción trimestral a La Voz de Almería 01/04-30/06/2026;Presidencia de la Autoridad Portuaria de Almería;servicios;Resuelta;LA VOZ DE ALMERIA, S.L.U.;116,36;https://contrataciondelestado.es/wps/poc?uri=deeplink:detalle_licitacion&idEvl=PykN%2Bw%2Bm2ho36J9Lctlsuw%3D%3D
Contratos menores;Prueba complementaria (obtalmología);Vicepresidencia del Organismo Autónomo de Recaudación y Gestión Tributaria de la Diputación de Salamanca;servicios;Resuelta;QUIRON PREVENCIÓN;115,7;https://contrataciondelestado.es/wps/poc?uri=deeplink:detalle_licitacion&idEvl=GFitrqVkIHucCF8sV%2BqtYA%3D%3D
Contratos menores;Prueba complementaria (obtalmología);Vicepresidencia del Organismo Autónomo de Recaudación y Gestión Tributaria de la Diputación de Salamanca;servicios;Resuelta;QUIRON PREVENCIÓN;115,7;https://contrataciondelestado.es/wps/poc?uri=deeplink:detalle_licitacion&idEvl=L9dMSc16QoBPpzdqOdhuWg%3D%3D
Contratos menores;Fuente de allimentación para valvula de presión;Presidencia de la Autoridad Portuaria de Almería;suministros;Resuelta;HIDROMEJORAS, S.L.;115;https://contrataciondelestado.es/wps/poc?uri=deeplink:detalle_licitacion&idEvl=mQXwRQ0i0evs%2BnLj3vAg5A%3D%3D
Contratos menores;Realizar varios trabajos de carpintería.;Junta Vecinal de la Entidad Local Menor de Valdivia;suministros;Resuelta;ANICETO SIERRA LOZANO;115;https://contrataciondelestado.es/wps/poc?uri=deeplink:detalle_licitacion&idEvl=%2FpLhQSCbsxMkJPJS%2BPS9vg%3D%3D
Contratos menores;Reponer tensor, montar tensor en pantallas atrapapolvo;Presidencia de la Autoridad Portuaria de Almería;servicios;Resuelta;SALAS GARCIA, JUAN DAVID;114;https://contrataciondelestado.es/wps/poc?uri=deeplink:detalle_licitacion&idEvl=zQJ7EeUFQdleKgd8LfVV9g%3D%3D
Contratos menores;Contrato menor 293/2026. Camisetas socorristas con estampación.;Alcaldía del Ayuntamiento de Serón;servicios;Resuelta;ARTES GRAFICAS SALVADOR S.L.;112;https://contrataciondelestado.es/wps/poc?uri=deeplink:detalle_licitacion&idEvl=rL2ztmJU%2Bpo%2FbjW6njtWLw%3D%3D
Contratos menores;Candados universales para diferentes instalaciones y ángulos;Presidencia de la Autoridad Portuaria de Almería;suministros;Resuelta;DIAZ HERNANDEZ, ONOFRE;111,47;https://contrataciondelestado.es/wps/poc?uri=deeplink:detalle_licitacion&idEvl=8c5jiW0cCLAS7pcxhTeWOg%3D%3D
Contratos menores;Reparación de vehículo 2579FYV por urgencia;Presidencia de la Autoridad Portuaria de Almería;servicios;Resuelta;MARTINEZ CAAMAÑO, JOAQUIN;111,11;https://contrataciondelestado.es/wps/poc?uri=deeplink:detalle_licitacion&idEvl=dUyJHKSTPCFWhbmkna2nXQ%3D%3D
Contratos menores;Servicio de resonancia de suelo pélvico;Hospital Intermutual de Euskadi, Centro Mancomunado de Mutuas de Accidentes de Trabajo y Enfermadades Profesionales de la Seguridad Social;servicios;Resuelta;IDCQ HOSPITALES Y SANIDAD, S.L.U.;110;https://contrataciondelestado.es/wps/poc?uri=deeplink:detalle_licitacion&idEvl=SrZQtnnpMjadkQsA7ROvsg%3D%3D
Contratos menores;Rotulación con paños ciegos de vinilo en ventanas de aseos en oficina principal;Presidencia de la Autoridad Portuaria de Almería;suministros;Resuelta;ALVAREZ MORENO, JOSE LUIS;110;https://contrataciondelestado.es/wps/poc?uri=deeplink:detalle_licitacion&idEvl=W2hQC%2Bz0oYoIYE3ZiZ%2BxmQ%3D%3D
Contratos menores;Diferencial para torreta de alumbrado TTP;Presidencia de la Autoridad Portuaria de Almería;suministros;Resuelta;NOVELEC INDALICA, S.L.;110;https://contrataciondelestado.es/wps/poc?uri=deeplink:detalle_licitacion&idEvl=kgQElG4Tl%2B5LAIVZdUs8KA%3D%3D
Contratos menores;Servicio de resonancia de extremidades superiores;Hospital Intermutual de Euskadi, Centro Mancomunado de Mutuas de Accidentes de Trabajo y Enfermadades Profesionales de la Seguridad Social;servicios;Resuelta;IDCQ HOSPITALES Y SANIDAD, S.L.U.;110;https://contrataciondelestado.es/wps/poc?uri=deeplink:detalle_licitacion&idEvl=7W9B8MXnUDp4zIRvjBVCSw%3D%3D
Contratos menores;Gasto renovación suscripcion CapCut Pro;Presidencia de la Autoridad Portuaria de Almería;servicios;Resuelta;FENOY GÁZQUEZ, CARMEN BELÉN;109,99;https://contrataciondelestado.es/wps/poc?uri=deeplink:detalle_licitacion&idEvl=5c6v%2FI%2F9ZYwaF6cS8TCh%2FA%3D%3D
Contratos menores;Contrato de suministro de material de fontanería necesaria para el mantenimiento del Departamento de Urbanismo.;Alcaldía del Ayuntamiento de Tordesillas;suministros;Resuelta;DIEZ SERNA SL;109,53;https://contrataciondelestado.es/wps/poc?uri=deeplink:detalle_licitacion&idEvl=j7hFe%2B1%2BmGI3vLk2DU2Ddg%3D%3D
Contratos menores;Suministro crema solar para operarios APA;Presidencia de la Autoridad Portuaria de Almería;suministros;Resuelta;MARTINEZ LOPEZ, FERNANDO JOSE;108,1;https://contrataciondelestado.es/wps/poc?uri=deeplink:detalle_licitacion&idEvl=rLjUzw308KLmnwcj%2BxbdTg%3D%3D
Contratos menores;Adquisición de alcohol etílico con cargo al proyecto FEDER EXT - SMART CICLE;Dirección del Centro de Investigaciones Científicas y Tecnológicas de Extremadura (CICYTEX);suministros;Resuelta;SCHARLAB, SL;107,8;https://contrataciondelestado.es/wps/poc?uri=deeplink:detalle_licitacion&idEvl=%2Bw23JY1E8k9SYrkJkLlFdw%3D%3D
Contratos menores;Reposición de material de oficina;Presidencia de la Autoridad Portuaria de Almería;suministros;Resuelta;SUPIAL PAPELERIAS, S.L.;106,43;https://contrataciondelestado.es/wps/poc?uri=deeplink:detalle_licitacion&idEvl=GMJkfqCJpVV%2BF6L2uCfUWg%3D%3D
Contratos menores;Suministro de material para mantenimiento.;Presidencia de Nauta Sanxenxo Sociedad Limitada Unipersonal;suministros;Resuelta;GALEKTRA XXI, S.L.;105,84;https://contrataciondelestado.es/wps/poc?uri=deeplink:detalle_licitacion&idEvl=SXQ8gx9rlMVq1DdmE7eaXg%3D%3D
Contratos menores;Producto para tratamiento EIH;Presidencia del Instituto canario de Investigaciones Agrarias;suministros;Resuelta;METAL AGRICOLA SL;105,64;https://contrataciondelestado.es/wps/poc?uri=deeplink:detalle_licitacion&idEvl=VFhx1fIn7FjLIx6q1oPaMg%3D%3D
Contratos menores;Rearmar SAI en garita Policía Portuaria Puerto de Carboneras;Presidencia de la Autoridad Portuaria de Almería;servicios;Resuelta;SALAS GARCIA, JUAN DAVID;105;https://contrataciondelestado.es/wps/poc?uri=deeplink:detalle_licitacion&idEvl=2sf7nrbzCbjXOjazN1Dw9Q%3D%3D
Contratos menores;Publicación en diario local 1 plaza de Publicación en diario local 1 plaza de Servicio Soporte en Es;Presidencia de la Autoridad Portuaria de Almería;servicios;Resuelta;COMERCIALIZADORA MEDIOS ANDALUCIA, S.L.U.;104;https://contrataciondelestado.es/wps/poc?uri=deeplink:detalle_licitacion&idEvl=gJfn6Gr3cF0tm4eBPtV6eQ%3D%3D
Contratos menores;Anuncio prensa local (1) plaza Servicio Soporte oficina APA;Presidencia de la Autoridad Portuaria de Almería;servicios;Resuelta;COMERCIALIZADORA MEDIOS ANDALUCIA, S.L.U.;104;https://contrataciondelestado.es/wps/poc?uri=deeplink:detalle_licitacion&idEvl=sEvyymb1rnfzAq95uGTrDQ%3D%3D
Contratos menores;Adquisición de seis alfombrillas ergonómicas para los ratones de varias oficinas municipales.;Junta de Gobierno del Ayuntamiento de Biar;suministros;Resuelta;Lyreco España SAU;103,73;https://contrataciondelestado.es/wps/poc?uri=deeplink:detalle_licitacion&idEvl=AFJoHFznw%2Bdq1DdmE7eaXg%3D%3D
Contratos menores;Escaneado de Proyectos para Oficina principal;Presidencia de la Autoridad Portuaria de Almería;servicios;Resuelta;GIL AVILES, MIGUEL;103,4;https://contrataciondelestado.es/wps/poc?uri=deeplink:detalle_licitacion&idEvl=8m9Y%2FsK21%2BjLIx6q1oPaMg%3D%3D
Contratos menores;Servicio de Telemetría;Hospital Intermutual de Euskadi, Centro Mancomunado de Mutuas de Accidentes de Trabajo y Enfermadades Profesionales de la Seguridad Social;servicios;Resuelta;PRESTACION DE TECNOLOGIA Y ASISTENCIA TECNICA EN DIAGNOSTICO POR IMAGEN, S.L.;102,96;https://contrataciondelestado.es/wps/poc?uri=deeplink:detalle_licitacion&idEvl=QwyxW3JrD%2BWdkQsA7ROvsg%3D%3D
Contratos menores;Combustible Marzo 2026 Carboneras vehículo patrulla Policía Portuaria;Presidencia de la Autoridad Portuaria de Almería;suministros;Resuelta;CARBONERAS DE CARBURANTES, S.L.;102,38;https://contrataciondelestado.es/wps/poc?uri=deeplink:detalle_licitacion&idEvl=rQvaCcOCuLrI8aL3PRS10Q%3D%3D
Contratos menores;Suministro material de oficina 30 cajas de papel A4 80 gr. rey copy 500 hojas;Presidencia del Patronato Municipal de Turismo y Playas de Alicante;suministros;Resuelta;Suministros de Papelería e Informática Alicante, S.L.;101,4;https://contrataciondelestado.es/wps/poc?uri=deeplink:detalle_licitacion&idEvl=X9hCAoXyJv3yoM4us5k4vw%3D%3D
Contratos menores;Recogida de residuos;Instituto Tecnológico de Canarias S.A.;servicios;Resuelta;ENTIDAD GESTORA DE RESIDUOS Y MEDIO AMBIENTE, S.L.U - GEMECAN;101,28;https://contrataciondelestado.es/wps/poc?uri=deeplink:detalle_licitacion&idEvl=HZcZ%2B0y%2FMjucCF8sV%2BqtYA%3D%3D
Contratos menores;Perchero de pie|B07PPHQVF8 94060 maul;Gerencias de los Institutos de la Agencia Estatal Consejo Superior de Investigaciones Científicas;suministros;Resuelta;AMAZON BUSINESS EU SARL SUCURSAL EN ESPAÑA;100,32;https://contrataciondelestado.es/wps/poc?uri=deeplink:detalle_licitacion&idEvl=db2oW6rRWEleKgd8LfVV9g%3D%3D
Contratos menores;Pintura blanca para zona Cruz Roja, Consulado y Protección Civil;Presidencia de la Autoridad Portuaria de Almería;suministros;Resuelta;PINTURAS ANDRES VALERO, S.L.;99,64;https://contrataciondelestado.es/wps/poc?uri=deeplink:detalle_licitacion&idEvl=Veor%2B4wizxqLAncw3qdZkA%3D%3D
Contratos menores;Sustitución 2 cubiertas delanteras motocicleta 9230-MXX;Presidencia de la Autoridad Portuaria de Almería;servicios;Resuelta;NEUMATICOS ALONSO, S.L.;99,18;https://contrataciondelestado.es/wps/poc?uri=deeplink:detalle_licitacion&idEvl=vIILBfcek1k%2FbjW6njtWLw%3D%3D
Contratos menores;Sustitución 2 cubiertas delanteras motocicleta 9266-MXX;Presidencia de la Autoridad Portuaria de Almería;servicios;Resuelta;NEUMATICOS ALONSO, S.L.;99,18;https://contrataciondelestado.es/wps/poc?uri=deeplink:detalle_licitacion&idEvl=kRUesn3yDxzECtSnloz%2BZQ%3D%3D
Contratos menores;Cambiar silentblock en máquina de aire acondicionado azotea edificio antigua Endesa;Presidencia de la Autoridad Portuaria de Almería;servicios;Resuelta;SALAS GARCIA, JUAN DAVID;99;https://contrataciondelestado.es/wps/poc?uri=deeplink:detalle_licitacion&idEvl=%2BDcqk0GIEOQ36J9Lctlsuw%3D%3D
Contratos menores;Prestar servicio de mantenimiento.;Junta Vecinal de la Entidad Local Menor de Valdivia;servicios;Resuelta;ORONA, S.COOP.;98,3;https://contrataciondelestado.es/wps/poc?uri=deeplink:detalle_licitacion&idEvl=M3Ci2IzQ6UFSYrkJkLlFdw%3D%3D
Contratos menores;Gasto servicio de azafatos acto institucional_23/03/26;Presidencia de la Autoridad Portuaria de Almería;servicios;Resuelta;DIMOBA SERVICIOS, S.L.;97,8;https://contrataciondelestado.es/wps/poc?uri=deeplink:detalle_licitacion&idEvl=YRZEj6Q%2BbyQzjChw4z%2FXvw%3D%3D
Contratos menores;Mascarillas para trabajo de pinturas en pasarela y pistola;Presidencia de la Autoridad Portuaria de Almería;suministros;Resuelta;DIAZ HERNANDEZ, ONOFRE;97,42;https://contrataciondelestado.es/wps/poc?uri=deeplink:detalle_licitacion&idEvl=gbxTkgyINnY%2FbjW6njtWLw%3D%3D
Contratos menores;Cambio pila reseteo y prueba de presión;Presidencia de la Autoridad Portuaria de Almería;servicios;Resuelta;GARCIA MORENO, OSCAR;95;https://contrataciondelestado.es/wps/poc?uri=deeplink:detalle_licitacion&idEvl=R3dy5nhTFh43vLk2DU2Ddg%3D%3D
Contratos menores;Adquisición de cartelería para eventos de bolos y ciclismo;Alcaldía del Ayuntamiento de Argoños;suministros;Resuelta;CARLOS MUÑOZ CARRIEDO (ARENAFINA);95;https://contrataciondelestado.es/wps/poc?uri=deeplink:detalle_licitacion&idEvl=8mCc5mlY%2FKbLIx6q1oPaMg%3D%3D
Contratos menores;Material necesario para el mantenimiento del consulado protección civil y cruz roja para OPE;Presidencia de la Autoridad Portuaria de Almería;suministros;Resuelta;PINTURAS ANDRES VALERO, S.L.;94,7;https://contrataciondelestado.es/wps/poc?uri=deeplink:detalle_licitacion&idEvl=soR5N%2FxdRTSIzo3LHNPGcQ%3D%3D
Contratos menores;Cerraduras para oficina principal;Presidencia de la Autoridad Portuaria de Almería;suministros;Resuelta;DIAZ HERNANDEZ, ONOFRE;94,05;https://contrataciondelestado.es/wps/poc?uri=deeplink:detalle_licitacion&idEvl=IiZ%2FsO9RYXKdkQsA7ROvsg%3D%3D
Contratos menores;Copia de llaves, manivelas y cerraduras para Puerto de Carboneras;Presidencia de la Autoridad Portuaria de Almería;suministros;Resuelta;DIAZ HERNANDEZ, ONOFRE;92,11;https://contrataciondelestado.es/wps/poc?uri=deeplink:detalle_licitacion&idEvl=Cc4Qo90RFQ0UqXM96WStVA%3D%3D
Contratos menores;Contrato de Servicios de inscripciones a cursos, congresos, seminarios y similares. inscripción a la jornada regic los días 1 y 2 de octubre en cádiz para el proyecto gpe2025-001706-p;Dirección de Gestión de la Fundación Instituto de Investigación Marqués de Valdecilla;servicios;Resuelta;"RED DE ENTIDADES GESTORAS DE INVESTIGACIÓN CLÍNICA HOSPITALARIA Y BIOSANITARIA ""REGIC""";90,91;https://contrataciondelestado.es/wps/poc?uri=deeplink:detalle_licitacion&idEvl=laiuMxEBLYiOUi78BmzhOQ%3D%3D
Contratos menores;Contrato de Servicios de inscripciones a cursos, congresos, seminarios y similares. inscripción a la jornada regic los días 1 y 2 de octubre en cádiz para el proyecto GPE2025-001706-P;Dirección de Gestión de la Fundación Instituto de Investigación Marqués de Valdecilla;servicios;Resuelta;"RED DE ENTIDADES GESTORAS DE INVESTIGACIÓN CLÍNICA HOSPITALARIA Y BIOSANITARIA ""REGIC""";90,91;https://contrataciondelestado.es/wps/poc?uri=deeplink:detalle_licitacion&idEvl=YvhjbSsM8MXs%2BnLj3vAg5A%3D%3D
Contratos menores;Espejo Cabel luz integrada 600X800;Presidencia de la Autoridad Portuaria de Almería;suministros;Resuelta;SANEAMIENTOS EMILIO HERNANDEZ, S.A;90,75;https://contrataciondelestado.es/wps/poc?uri=deeplink:detalle_licitacion&idEvl=k5RyBMZSThJSYrkJkLlFdw%3D%3D
Contratos menores;Siendo competencia de las Corporaciones Locales fomentar el ocio, la cultura y tiempo libre de la localidad, se pretende regalar un barril a la caseta mejor engalanada de la feria.;Alcaldía del Ayuntamiento de La Palma del Condado;suministros;Resuelta;LUIS MANUEL ROMERO ARROYO;90;https://contrataciondelestado.es/wps/poc?uri=deeplink:detalle_licitacion&idEvl=NONnYTKjStyHCIsjvJ3rhQ%3D%3D
Contratos menores;Ayuda en instalación de fibra óptica para traslado de cuadro existente en Policía Nacional;Presidencia de la Autoridad Portuaria de Almería;servicios;Resuelta;INSTALAC Y SERV EFT 2005, SLL;90;https://contrataciondelestado.es/wps/poc?uri=deeplink:detalle_licitacion&idEvl=yxH27Lh7RZ9%2BF6L2uCfUWg%3D%3D
Contratos menores;Reparación avería en tomas de internet en PCF 22/01/2025;Presidencia de la Autoridad Portuaria de Almería;servicios;Resuelta;INSTALAC Y SERV EFT 2005, SLL;90;https://contrataciondelestado.es/wps/poc?uri=deeplink:detalle_licitacion&idEvl=WOJomYkpSAKopEMYCmrbmw%3D%3D
Contratos menores;Servicio taxi mes de junio 2026 desplazamientos a reuniones de personal;Presidencia del Patronato Municipal de Turismo y Playas de Alicante;servicios;Resuelta;UNIÓN DE TAXISTAS DEL AREA DE ALICANTE;89,18;https://contrataciondelestado.es/wps/poc?uri=deeplink:detalle_licitacion&idEvl=mTu%2F4nI4nmo7%2B9FIQYNjeQ%3D%3D
Contratos menores;Contrato de Suministros de 392-0415. medio de cultivo celular, vwr®, dmem con 4,5 g/l de glucosa, con glutamina estable, con piruvato de sodio, liquido, 392-0427 cell culture media, vwr®, rpmi 1640 con glutamina estable, liquido para el proyecto 2022.244;Dirección de Gestión de la Fundación Instituto de Investigación Marqués de Valdecilla;suministros;Resuelta;VWR INTERNATIONAL EUROLAB, S. L.;86,94;https://contrataciondelestado.es/wps/poc?uri=deeplink:detalle_licitacion&idEvl=KRn9lerNQQ9LAIVZdUs8KA%3D%3D
Contratos menores;Productos cárnicos para la marcha del Alzheimer;Alcaldía del Ayuntamiento de San Fulgencio;suministros;Resuelta;JOSE LUIS ALEDO PASTOR;86,2;https://contrataciondelestado.es/wps/poc?uri=deeplink:detalle_licitacion&idEvl=txE%2BGyai1seAAM7L03kM8A%3D%3D
Contratos menores;Adquisición de material para las reparaciones de las instalaciones del ayuntamiento;Alcaldía del Ayuntamiento de Todolella;suministros;Resuelta;MACONS BERGANTES SOCIEDAD LIMITADA;85,28;https://contrataciondelestado.es/wps/poc?uri=deeplink:detalle_licitacion&idEvl=IoVzooLE19SFlFRHfEzEaw%3D%3D
Contratos menores;Receta sensitive natural greatness salmón 10 kg con cepillo largo. Unidad canina.;Junta de Gobierno Local del Ayuntamiento de Alicante;suministros;Resuelta;MADAGASCAR MASCOTAS S.L.;85,08;https://contrataciondelestado.es/wps/poc?uri=deeplink:detalle_licitacion&idEvl=cladNo%2BjOtNrhBlEHQFSKA%3D%3D
Contratos menores;Trabajos de instalación de cerradura puerta corredera Puerto de Carboneras;Presidencia de la Autoridad Portuaria de Almería;servicios;Resuelta;SALAS GARCIA, JUAN DAVID;85;https://contrataciondelestado.es/wps/poc?uri=deeplink:detalle_licitacion&idEvl=q3ktkzzEPYyLAncw3qdZkA%3D%3D
Contratos menores;Garrafas de agua destilada para conservación;Presidencia de la Autoridad Portuaria de Almería;suministros;Resuelta;ESTRADA MUÑOZ, JOSE LUIS;84,4;https://contrataciondelestado.es/wps/poc?uri=deeplink:detalle_licitacion&idEvl=eCAnBYvF1U1QFSeKCRun4Q%3D%3D
Contratos menores;Cambiar pantalla de luz en vestuarios de policía;Presidencia de la Autoridad Portuaria de Almería;servicios;Resuelta;SALAS GARCIA, JUAN DAVID;84;https://contrataciondelestado.es/wps/poc?uri=deeplink:detalle_licitacion&idEvl=gDzA4XiY3CEwYTJJ03sHog%3D%3D
Contratos menores;Material para trabajos varios de pintura;Presidencia de la Autoridad Portuaria de Almería;suministros;Resuelta;PINTURAS ANDRES VALERO, S.L.;81,26;https://contrataciondelestado.es/wps/poc?uri=deeplink:detalle_licitacion&idEvl=cpj0x4IkBaNPpzdqOdhuWg%3D%3D
Contratos menores;Contrato menor 309/2026. Cesta de nacimiento Candela Reverte Sánchez.;Alcaldía del Ayuntamiento de Serón;suministros;Resuelta;JIMENEZ BERMUDEZ ELOISA;81,04;https://contrataciondelestado.es/wps/poc?uri=deeplink:detalle_licitacion&idEvl=nrQhkRqj6fIIYE3ZiZ%2BxmQ%3D%3D
Contratos menores;Reparación pilar puerta de entrada antigua Endesa con cadena y candado;Presidencia de la Autoridad Portuaria de Almería;servicios;Resuelta;SALAS GARCIA, JUAN DAVID;81;https://contrataciondelestado.es/wps/poc?uri=deeplink:detalle_licitacion&idEvl=dDuNq5ETl0bjHF5qKI4aaw%3D%3D
Contratos menores;"Suministro de papeleria. 30 U rotuladores permanentes; 12 bolígrafos tinta azul; 20 rotuladores azul y rojo y 4 correctores";Presidencia del Patronato Municipal de Turismo y Playas de Alicante;suministros;Resuelta;Suministros de Papelería e Informática Alicante, S.L.;80,9;https://contrataciondelestado.es/wps/poc?uri=deeplink:detalle_licitacion&idEvl=LWsHThjH13LzAq95uGTrDQ%3D%3D
Contratos menores;Reparación barrera salida dique sur reseteando central y cambio de parámetros;Presidencia de la Autoridad Portuaria de Almería;servicios;Resuelta;VERDEGAY VIEDMA, ANTONIO;80,5;https://contrataciondelestado.es/wps/poc?uri=deeplink:detalle_licitacion&idEvl=Q3RFpxlSlFI36J9Lctlsuw%3D%3D
Contratos menores;Reparación barrera de entrada Dique sur;Presidencia de la Autoridad Portuaria de Almería;servicios;Resuelta;VERDEGAY VIEDMA, ANTONIO;80,5;https://contrataciondelestado.es/wps/poc?uri=deeplink:detalle_licitacion&idEvl=LSzjscyT11ycCF8sV%2BqtYA%3D%3D
Contratos menores;Reparación barrera entrada dique sur soporte descolgado;Presidencia de la Autoridad Portuaria de Almería;servicios;Resuelta;VERDEGAY VIEDMA, ANTONIO;80,5;https://contrataciondelestado.es/wps/poc?uri=deeplink:detalle_licitacion&idEvl=YCwoREk48cT10HRJw8TEnQ%3D%3D
Contratos menores;Reparación de barrera salida dique sur;Presidencia de la Autoridad Portuaria de Almería;servicios;Resuelta;VERDEGAY VIEDMA, ANTONIO;80,5;https://contrataciondelestado.es/wps/poc?uri=deeplink:detalle_licitacion&idEvl=6Jq76494nLbCfVQHDepjGQ%3D%3D
Contratos menores;Reparación puerta de cristal oficina principal;Presidencia de la Autoridad Portuaria de Almería;servicios;Resuelta;VERDEGAY VIEDMA, ANTONIO;80,5;https://contrataciondelestado.es/wps/poc?uri=deeplink:detalle_licitacion&idEvl=7AFgI%2BdBTYowYTJJ03sHog%3D%3D
Contratos menores;Reparación de puerta enrollable en Estación Marítima;Presidencia de la Autoridad Portuaria de Almería;servicios;Resuelta;VERDEGAY VIEDMA, ANTONIO;80,5;https://contrataciondelestado.es/wps/poc?uri=deeplink:detalle_licitacion&idEvl=FsvNWm%2FG7m1QFSeKCRun4Q%3D%3D
Contratos menores;Reparación puerta corredera Recinto Internacional Sur;Presidencia de la Autoridad Portuaria de Almería;servicios;Resuelta;VERDEGAY VIEDMA, ANTONIO;80,5;https://contrataciondelestado.es/wps/poc?uri=deeplink:detalle_licitacion&idEvl=SFH8e0fzSQI36J9Lctlsuw%3D%3D
Contratos menores;Conexión de lector de tarjetas puerta 6;Presidencia de la Autoridad Portuaria de Almería;servicios;Resuelta;VERDEGAY VIEDMA, ANTONIO;80,5;https://contrataciondelestado.es/wps/poc?uri=deeplink:detalle_licitacion&idEvl=LVTXIjGDB0p70UvEyYJSGw%3D%3D
Contratos menores;Reparación momentánea puerta corredera acristalada oficina principal;Presidencia de la Autoridad Portuaria de Almería;servicios;Resuelta;VERDEGAY VIEDMA, ANTONIO;80,5;https://contrataciondelestado.es/wps/poc?uri=deeplink:detalle_licitacion&idEvl=O%2FHycfx37ZTua%2Fi14w%2FPLA%3D%3D
Contratos menores;Reparación reseteando centralita en barrera salida Dique Sur;Presidencia de la Autoridad Portuaria de Almería;servicios;Resuelta;VERDEGAY VIEDMA, ANTONIO;80,5;https://contrataciondelestado.es/wps/poc?uri=deeplink:detalle_licitacion&idEvl=ky%2BzKnPlheyopEMYCmrbmw%3D%3D
Contratos menores;Reparacion de barrera salida P1;Presidencia de la Autoridad Portuaria de Almería;servicios;Resuelta;VERDEGAY VIEDMA, ANTONIO;80,5;https://contrataciondelestado.es/wps/poc?uri=deeplink:detalle_licitacion&idEvl=PlF2TfjW8O56nTs9LZ9RhQ%3D%3D
Contratos menores;Reparación de barrera salida dique sur por mástil rajado;Presidencia de la Autoridad Portuaria de Almería;servicios;Resuelta;VERDEGAY VIEDMA, ANTONIO;80,5;https://contrataciondelestado.es/wps/poc?uri=deeplink:detalle_licitacion&idEvl=qr2RChAU9bE2wEhQbcAqug%3D%3D
Contratos menores;Reparación de puerta corredera de Aduanas;Presidencia de la Autoridad Portuaria de Almería;servicios;Resuelta;VERDEGAY VIEDMA, ANTONIO;80,5;https://contrataciondelestado.es/wps/poc?uri=deeplink:detalle_licitacion&idEvl=Zvor4d2rJNeP66GS%2BONYvQ%3D%3D
Contratos menores;Abrir y cerrar puerta de acceso auxiliar buque Alcántara System;Presidencia de la Autoridad Portuaria de Almería;servicios;Resuelta;SALAS GARCIA, JUAN DAVID;80;https://contrataciondelestado.es/wps/poc?uri=deeplink:detalle_licitacion&idEvl=3Kt0acURrccadbH3CysQuQ%3D%3D
Contratos menores;Soporte para cámara de CCTV en Puerto de Carboneras;Presidencia de la Autoridad Portuaria de Almería;suministros;Resuelta;ALMERIMATIK SISTEMAS INFORMATICOS SA;80;https://contrataciondelestado.es/wps/poc?uri=deeplink:detalle_licitacion&idEvl=sBK3kbtpRSPLIx6q1oPaMg%3D%3D
Contratos menores;repuestos para barredora municipal Piquersa BA 2300H matrícula E1304BHX;Alcaldía del Ayuntamiento de Gualchos;suministros;Resuelta;SUMINISTROS URBANOS DE ANDALUCIA-SURBAN;78,94;https://contrataciondelestado.es/wps/poc?uri=deeplink:detalle_licitacion&idEvl=qJbBjO5vjYyGCFcHcNGIlQ%3D%3D
Contratos menores;Material para trabajos varios de carpintería metálica;Presidencia de la Autoridad Portuaria de Almería;suministros;Resuelta;ALMACENES SIDEROMETALURGICOS,SA;78,05;https://contrataciondelestado.es/wps/poc?uri=deeplink:detalle_licitacion&idEvl=73WF2%2BzCXiMaF6cS8TCh%2FA%3D%3D
Contratos menores;Botiquín para embarcación;Presidencia de la Autoridad Portuaria de Almería;suministros;Resuelta;MARTINEZ LOPEZ, FERNANDO JOSE;76,86;https://contrataciondelestado.es/wps/poc?uri=deeplink:detalle_licitacion&idEvl=%2BXanyIGuOrXmnwcj%2BxbdTg%3D%3D
Contratos menores;Productos de limpieza y aseo para rifa de la marcha del Alzheimer;Alcaldía del Ayuntamiento de San Fulgencio;suministros;Resuelta;ABEL CANO ALBALADEJO;76,65;https://contrataciondelestado.es/wps/poc?uri=deeplink:detalle_licitacion&idEvl=cl54l163%2Fsxt5r0ngvMetA%3D%3D
Contratos menores;servicio de carteleria;Diputación Provincial de Zamora;servicios;Resuelta;SFERA GRAFICAS DE COMUNICACION;75;https://contrataciondelestado.es/wps/poc?uri=deeplink:detalle_licitacion&idEvl=DCq7gYsob1GTylGzYmBF9Q%3D%3D
Contratos menores;Placa aluminio inauguración primera Fase Puerto Ciudad;Presidencia de la Autoridad Portuaria de Almería;suministros;Resuelta;ALVAREZ MORENO, JOSE LUIS;75;https://contrataciondelestado.es/wps/poc?uri=deeplink:detalle_licitacion&idEvl=QUG%2BRb378WnIGlsa0Wad%2Bw%3D%3D
Contratos menores;Relé para arreglo pasarela rampa 4;Presidencia de la Autoridad Portuaria de Almería;suministros;Resuelta;INDASA ALMERIA, S.L.;73,6;https://contrataciondelestado.es/wps/poc?uri=deeplink:detalle_licitacion&idEvl=LJ%2FjHlQCk9t9PLkba5eRog%3D%3D
Contratos menores;Reparación luna vehículo 0552LVM;Presidencia de la Autoridad Portuaria de Almería;servicios;Resuelta;CARGLASS;71,24;https://contrataciondelestado.es/wps/poc?uri=deeplink:detalle_licitacion&idEvl=dJEYNYY3AR0eC9GJQOEBkQ%3D%3D
Contratos menores;Limpieza de vehículos 2661MLJ , 8633LDF y 8568LDF;Presidencia de la Autoridad Portuaria de Almería;servicios;Resuelta;ALMER GESTION SL;69;https://contrataciondelestado.es/wps/poc?uri=deeplink:detalle_licitacion&idEvl=2VNqayRNp2gtm4eBPtV6eQ%3D%3D
Contratos menores;Suministro combustible Febrero 2026 Carboneras;Presidencia de la Autoridad Portuaria de Almería;suministros;Resuelta;CARBONERAS DE CARBURANTES, S.L.;66,93;https://contrataciondelestado.es/wps/poc?uri=deeplink:detalle_licitacion&idEvl=VjysV33PNL%2FyoM4us5k4vw%3D%3D
Contratos menores;Comisión de Servicio de D. Rafael Antonio Navarro Campoamor a Gran Canarias el 20 de mayo del 2026;Consejería Insular de Investigación, Innovación y Desarrollo del Cabildo Insular de Tenerife;servicios;Resuelta;VIAJES 5 OCEANOS CANARIAS S.L.;66,58;https://contrataciondelestado.es/wps/poc?uri=deeplink:detalle_licitacion&idEvl=tv4SrczHkCaTylGzYmBF9Q%3D%3D
Contratos menores;Desplazamiento autorizado de J.V.G.C. del 21-23/09/2026 a Valencia para asistir a 7º jornada de educación ambiental de la Comunidad Valenciana (Se abonan gastos de tren).;Junta de Gobierno Local del Ayuntamiento de Alicante;servicios;Resuelta;AVORIS RETAIL DIVISION;65,64;https://contrataciondelestado.es/wps/poc?uri=deeplink:detalle_licitacion&idEvl=E7oGsphmj7dq1DdmE7eaXg%3D%3D
Contratos menores;GAPTO Pañales desechable pacientes incontinentes residencias sociosanitarias;Dirección Gerencia de Atención Primaria de Toledo;suministros;Resuelta;Active Medical Disposable, S.A.U.;65,16;https://contrataciondelestado.es/wps/poc?uri=deeplink:detalle_licitacion&idEvl=sj3moMXnI%2FSFQ%2FlhRK79lA%3D%3D
Contratos menores;Ganchos para las taquillas de la Policía Portuaria;Presidencia de la Autoridad Portuaria de Almería;suministros;Resuelta;SANEAMIENTO JOSE GOMEZ, S.L.;65;https://contrataciondelestado.es/wps/poc?uri=deeplink:detalle_licitacion&idEvl=ugzRWMpcD2Jt5r0ngvMetA%3D%3D
Contratos menores;Honorarios Tasas OEPM para validación de patente en España Nº 19776863 referente a Dispositivo y método de monitorización de actividad de los peces a nombre de CSIC 1 fase;Gerencias de los Institutos de la Agencia Estatal Consejo Superior de Investigaciones Científicas;servicios;Resuelta;PONS IP, S.A.;64,12;https://contrataciondelestado.es/wps/poc?uri=deeplink:detalle_licitacion&idEvl=plWmKOz31UW9Hd5zqvq9cg%3D%3D
Contratos menores;Topes de puertas y manivelas para oficina principal;Presidencia de la Autoridad Portuaria de Almería;suministros;Resuelta;DIAZ HERNANDEZ, ONOFRE;63,99;https://contrataciondelestado.es/wps/poc?uri=deeplink:detalle_licitacion&idEvl=mUQvl9aR%2BmQQyBAnWzHfCg%3D%3D
Contratos menores;Contrato de suministro de memoria RAM para el proyecto direccion y estructura;Dirección de Gestión de la Fundación Instituto de Investigación Marqués de Valdecilla;suministros;Resuelta;SEMICROL S.L.;63,46;https://contrataciondelestado.es/wps/poc?uri=deeplink:detalle_licitacion&idEvl=dyja4zIOIawzjChw4z%2FXvw%3D%3D
Contratos menores;Suministro de 9 llaves laton seg perf CI-48 parque Almadraba;Presidencia del Patronato Municipal de Turismo y Playas de Alicante;suministros;Resuelta;Suministros Industriales Farell, S.A.U.;62,77;https://contrataciondelestado.es/wps/poc?uri=deeplink:detalle_licitacion&idEvl=Zrw79Q5Strc2wEhQbcAqug%3D%3D
Contratos menores;Compra de material escolar;Alcaldía del Ayuntamiento de El Campillo;suministros;Resuelta;VASCO INFORMATICA, S.L.;62,59;https://contrataciondelestado.es/wps/poc?uri=deeplink:detalle_licitacion&idEvl=xeGM51CYGuD9pbnDwlaUlg%3D%3D
Contratos menores;Contrato de Suministros de memoria ram para el proyecto 2024.232;Dirección de Gestión de la Fundación Instituto de Investigación Marqués de Valdecilla;suministros;Resuelta;SEMICROL S.L.;62,46;https://contrataciondelestado.es/wps/poc?uri=deeplink:detalle_licitacion&idEvl=%2Fz9ZTg7Uw8Sqb7rCcv76BA%3D%3D
Contratos menores;Suministro de agua mineral embotellada para el personal de Conservación;Presidencia de la Autoridad Portuaria de Almería;suministros;Resuelta;ORTUÑOS PUERTO CAFE, S.L.;62,4;https://contrataciondelestado.es/wps/poc?uri=deeplink:detalle_licitacion&idEvl=Fa%2Bztoodu2lJ8Trn0ZPzLw%3D%3D
Contratos menores;Pintura lasur exterior para explanada oficina principal;Presidencia de la Autoridad Portuaria de Almería;suministros;Resuelta;PINTURAS ANDRES VALERO, S.L.;60,48;https://contrataciondelestado.es/wps/poc?uri=deeplink:detalle_licitacion&idEvl=auVguMH7MXTECtSnloz%2BZQ%3D%3D
Contratos menores;Contrato de suministro de Memoria Timetec 8GB DDR4 2666 MHz Para: CEIM - L.A.C.;Dirección de Gestión de la Fundación Instituto de Investigación Marqués de Valdecilla;suministros;Resuelta;SEMICROL S.L.;60,4;https://contrataciondelestado.es/wps/poc?uri=deeplink:detalle_licitacion&idEvl=pvwFx%2BHXiu9rhBlEHQFSKA%3D%3D
Contratos menores;Tapas de arquetas para zona PCF;Presidencia de la Autoridad Portuaria de Almería;suministros;Resuelta;COMERCIAL POLIG SAN RAFAEL,SA;60;https://contrataciondelestado.es/wps/poc?uri=deeplink:detalle_licitacion&idEvl=rG9SCmU5XvGopEMYCmrbmw%3D%3D
Contratos menores;Cerrar manualmente válvula de bypass;Presidencia de la Autoridad Portuaria de Almería;servicios;Resuelta;SALAS GARCIA, JUAN DAVID;60;https://contrataciondelestado.es/wps/poc?uri=deeplink:detalle_licitacion&idEvl=URB7DIwFB8GFQ%2FlhRK79lA%3D%3D
Contratos menores;"Obsequio institucional Guardia Civil Arroyo; Día del Pilar";Alcaldía del Ayuntamiento de Simancas;suministros;Resuelta;BELLOSO S.A ZARAGOZA;59,34;https://contrataciondelestado.es/wps/poc?uri=deeplink:detalle_licitacion&idEvl=DnaVtlswCMf%2Fa9DgO%2BoYKQ%3D%3D
Contratos menores;Pequeño material para arreglo de torreta de iluminación;Presidencia de la Autoridad Portuaria de Almería;suministros;Resuelta;DIAZ HERNANDEZ, ONOFRE;58,94;https://contrataciondelestado.es/wps/poc?uri=deeplink:detalle_licitacion&idEvl=HA4iJKpNi3V9Zh%2FyRJgM8w%3D%3D
Contratos menores;Compra de productos herbicidas.;Junta Vecinal de la Entidad Local Menor de Valdivia;suministros;Resuelta;LUIS DELGADO, S.L.;57,5;https://contrataciondelestado.es/wps/poc?uri=deeplink:detalle_licitacion&idEvl=Le%2BFNvuskcNxseVhcqrkhw%3D%3D
Contratos menores;Tapones para caja de registro en el Tinglado;Presidencia de la Autoridad Portuaria de Almería;suministros;Resuelta;INDASA ALMERIA, S.L.;56,85;https://contrataciondelestado.es/wps/poc?uri=deeplink:detalle_licitacion&idEvl=EYcLJKD690yzz8fXU2i3eQ%3D%3D
Contratos menores;Servicio de reparación de la máquina recortadora de setos de la brigada de obras.;Junta de Gobierno del Ayuntamiento de Biar;servicios;Resuelta;Talleres Cerdá e Hijos, SL;55,76;https://contrataciondelestado.es/wps/poc?uri=deeplink:detalle_licitacion&idEvl=jZDeFEZNI7X9pbnDwlaUlg%3D%3D
Contratos menores;Adquisición de agua mineral para el almacén de la brigada de obras.;Junta de Gobierno del Ayuntamiento de Biar;suministros;Resuelta;Hijo de Remigio Sanchís, SL;55,75;https://contrataciondelestado.es/wps/poc?uri=deeplink:detalle_licitacion&idEvl=ai1FtekBRrbua%2Fi14w%2FPLA%3D%3D
Contratos menores;Compra de productos de limpieza Escuela Infantil;Alcaldía del Ayuntamiento de El Campillo;suministros;Resuelta;GRUPO EMPRESARIAL EL JAMON, S.L.;55,64;https://contrataciondelestado.es/wps/poc?uri=deeplink:detalle_licitacion&idEvl=untaRbTkQ087u6%2B%2FR7DUoA%3D%3D
Contratos menores;Adquisición de cemento rápido y cola blanca para trabajos de la brigada de obras.;Junta de Gobierno del Ayuntamiento de Biar;suministros;Resuelta;Vimaco Materiales, SLU;55,24;https://contrataciondelestado.es/wps/poc?uri=deeplink:detalle_licitacion&idEvl=1cq7evTWjpwQyBAnWzHfCg%3D%3D
Contratos menores;Adjudicación contrato menor servicio impresión fotocopias septiembre 2026;Presidencia de la Mancomunidad de Municipios del Campo de Calatrava;servicios;Resuelta;KORPORATE TECHNOLOGIES SERVICES AND DOCUMENT SOLUTIONS, S.L.;55,23;https://contrataciondelestado.es/wps/poc?uri=deeplink:detalle_licitacion&idEvl=7hEgnzpWnsesNfRW6APEDw%3D%3D
Contratos menores;Limpiador industrial spray para trabajos varios de mecánica;Presidencia de la Autoridad Portuaria de Almería;suministros;Resuelta;WÜRTH ESPAÑA, S.A.;55,18;https://contrataciondelestado.es/wps/poc?uri=deeplink:detalle_licitacion&idEvl=Lpzwfg%2B%2BmJbLIx6q1oPaMg%3D%3D
Contratos menores;Placa metacrilato FEDER Envolvente sede;Presidencia de la Autoridad Portuaria de Almería;suministros;Resuelta;ALVAREZ MORENO, JOSE LUIS;55;https://contrataciondelestado.es/wps/poc?uri=deeplink:detalle_licitacion&idEvl=yLjuVfs9ve5SYrkJkLlFdw%3D%3D
Contratos menores;Eslingas 2 toneladas para carga de mercancía;Presidencia de la Autoridad Portuaria de Almería;suministros;Resuelta;ALMESU, S.L.;54,82;https://contrataciondelestado.es/wps/poc?uri=deeplink:detalle_licitacion&idEvl=WsIwJeQvN4YUqXM96WStVA%3D%3D
Contratos menores;Comprar combustible para vehículos.;Junta Vecinal de la Entidad Local Menor de Valdivia;suministros;Resuelta;GARCIA CAMACHO-ENERGETICAS, S.L.;54,81;https://contrataciondelestado.es/wps/poc?uri=deeplink:detalle_licitacion&idEvl=S2GqXq4A0%2BQzjChw4z%2FXvw%3D%3D
Contratos menores;Cableado para policia nacional en Estación Marítima;Presidencia de la Autoridad Portuaria de Almería;suministros;Resuelta;SISMATER COMPONENT-S, S.L.;54,75;https://contrataciondelestado.es/wps/poc?uri=deeplink:detalle_licitacion&idEvl=cladNo%2BjOtMUqXM96WStVA%3D%3D
Contratos menores;Gasto renovación permiso conducir_Hernández Berenguel,AJ;Presidencia de la Autoridad Portuaria de Almería;servicios;Resuelta;CRUZ ROJA ESPAÑOLA ALMERIA;54,58;https://contrataciondelestado.es/wps/poc?uri=deeplink:detalle_licitacion&idEvl=LOqMFVqEKM%2BHCIsjvJ3rhQ%3D%3D
Contratos menores;Receta sensitive natural Greatness Salmón 10 kg.;Junta de Gobierno Local del Ayuntamiento de Alicante;suministros;Resuelta;MADAGASCAR MASCOTAS S.L.;54,54;https://contrataciondelestado.es/wps/poc?uri=deeplink:detalle_licitacion&idEvl=E6RO4yhXKU16nTs9LZ9RhQ%3D%3D
Contratos menores;Suministro de cartillas impresas de la Campaña de Promoción Comercial Yo Compro en Navalcarnero.;Concejalía Delegada de Hacienda del Ayuntamiento de Navalcarnero;suministros;Resuelta;NAVALGRAFIC, S.L.U.;53,3;https://contrataciondelestado.es/wps/poc?uri=deeplink:detalle_licitacion&idEvl=wtTYwnICCtd6nTs9LZ9RhQ%3D%3D
Contratos menores;Rollos de cartón para pinturas;Presidencia de la Autoridad Portuaria de Almería;suministros;Resuelta;PINTURAS ANDRES VALERO, S.L.;52,3;https://contrataciondelestado.es/wps/poc?uri=deeplink:detalle_licitacion&idEvl=Zvor4d2rJNcmMOlAXxDEjw%3D%3D
Contratos menores;Limpieza de vehículos 0762LPV, 2661MLJ y 9870LRF;Presidencia de la Autoridad Portuaria de Almería;servicios;Resuelta;ALMER GESTION SL;52;https://contrataciondelestado.es/wps/poc?uri=deeplink:detalle_licitacion&idEvl=fx2KEd8nXAMaF6cS8TCh%2FA%3D%3D
Contratos menores;Limpieza de vehículos 9141LKC, 7027LTM y 0762LPV (exterior);Presidencia de la Autoridad Portuaria de Almería;servicios;Resuelta;ALMER GESTION SL;52;https://contrataciondelestado.es/wps/poc?uri=deeplink:detalle_licitacion&idEvl=2fNB%2Bq3kXe96nTs9LZ9RhQ%3D%3D
Contratos menores;Material para bajantes pluviales en oficina principal;Presidencia de la Autoridad Portuaria de Almería;suministros;Resuelta;SANEAMIENTOS EMILIO HERNANDEZ, S.A;51,62;https://contrataciondelestado.es/wps/poc?uri=deeplink:detalle_licitacion&idEvl=WQdnWdQmZME%2B1TMyIiZmzw%3D%3D
Contratos menores;Servicios de mensajería del mes de Abril de 2026;Presidencia de la Autoridad Portuaria de Almería;servicios;Resuelta;ROMADI LOGISTIC, S.L.;51,52;https://contrataciondelestado.es/wps/poc?uri=deeplink:detalle_licitacion&idEvl=jVq0oAOmCTl4zIRvjBVCSw%3D%3D
Contratos menores;Comprar productos de limpieza.;Junta Vecinal de la Entidad Local Menor de Valdivia;suministros;Resuelta;SOL VALDIVIA;50,6;https://contrataciondelestado.es/wps/poc?uri=deeplink:detalle_licitacion&idEvl=WlO7kK2SdXvN3k3tjedSGw%3D%3D
Contratos menores;"Centro de flores; Virgen del Arrabal 2026";Alcaldía del Ayuntamiento de Simancas;suministros;Resuelta;POVEDA PLATAS SL;50;https://contrataciondelestado.es/wps/poc?uri=deeplink:detalle_licitacion&idEvl=tkr2R6Gcw2WFlFRHfEzEaw%3D%3D
Contratos menores;Cerrar bypass manualmente fuga de agua en tubería;Presidencia de la Autoridad Portuaria de Almería;servicios;Resuelta;SALAS GARCIA, JUAN DAVID;50;https://contrataciondelestado.es/wps/poc?uri=deeplink:detalle_licitacion&idEvl=fptg3zd0JP2dkQsA7ROvsg%3D%3D
Contratos menores;Luz de vestuarios policía pantalla rota y comunicada;Presidencia de la Autoridad Portuaria de Almería;servicios;Resuelta;SALAS GARCIA, JUAN DAVID;50;https://contrataciondelestado.es/wps/poc?uri=deeplink:detalle_licitacion&idEvl=dZxC5aCQqwecCF8sV%2BqtYA%3D%3D
Contratos menores;Rearmar cuadro eléctrico en depósito abastecimiento Puerto de Carboneras;Presidencia de la Autoridad Portuaria de Almería;servicios;Resuelta;SALAS GARCIA, JUAN DAVID;50;https://contrataciondelestado.es/wps/poc?uri=deeplink:detalle_licitacion&idEvl=3uvWjALtKLN%2FP7lJ7Fu0SA%3D%3D
Contratos menores;Latiguillos 2 metros para nuevas conexiones de red;Presidencia de la Autoridad Portuaria de Almería;suministros;Resuelta;MACOFI, S.L.;49,93;https://contrataciondelestado.es/wps/poc?uri=deeplink:detalle_licitacion&idEvl=BrGZJVr8ZH%2FLIx6q1oPaMg%3D%3D
Contratos menores;Caja de espuma de poliuretano;Presidencia de la Autoridad Portuaria de Almería;suministros;Resuelta;DIAZ HERNANDEZ, ONOFRE;49,68;https://contrataciondelestado.es/wps/poc?uri=deeplink:detalle_licitacion&idEvl=zju6BTf%2BgeAeIBJRHQiPkQ%3D%3D
Contratos menores;Downlight led para guardia civil;Presidencia de la Autoridad Portuaria de Almería;suministros;Resuelta;ALBERTO CAPARROS, S.L.;49,09;https://contrataciondelestado.es/wps/poc?uri=deeplink:detalle_licitacion&idEvl=L5BUunSGW3RVkTabT%2FRM8A%3D%3D
Contratos menores;Bomba de agua para maquina de corte taller mecanico;Presidencia de la Autoridad Portuaria de Almería;suministros;Resuelta;SUMINISTRO INDUSTR MARTINEZ,SL;48,99;https://contrataciondelestado.es/wps/poc?uri=deeplink:detalle_licitacion&idEvl=j5ZUn7uvxcB9PLkba5eRog%3D%3D
Contratos menores;Alfombrillas para vehículo 9870LRF;Presidencia de la Autoridad Portuaria de Almería;suministros;Resuelta;SYRSA AUTOMOCION, S.L.;48,35;https://contrataciondelestado.es/wps/poc?uri=deeplink:detalle_licitacion&idEvl=oZaS21D0ndyGCFcHcNGIlQ%3D%3D
Contratos menores;Servicio taxi mes de mayo del personal del PMTP a diversas reuniones de trabajo;Presidencia del Patronato Municipal de Turismo y Playas de Alicante;servicios;Resuelta;UNIÓN DE TAXISTAS DEL AREA DE ALICANTE;47,59;https://contrataciondelestado.es/wps/poc?uri=deeplink:detalle_licitacion&idEvl=TN3Xl%2BetxC47%2B9FIQYNjeQ%3D%3D
Contratos menores;ITV reglametaria de vehiculo 5251CDW;Presidencia de la Autoridad Portuaria de Almería;servicios;Resuelta;VERIFICACIONES INDUSTRIALES DE ANDALUCI ,S.A.;47,28;https://contrataciondelestado.es/wps/poc?uri=deeplink:detalle_licitacion&idEvl=0UJVKL2nFejmnwcj%2BxbdTg%3D%3D
Contratos menores;Pegamento para arreglo de locomotora;Presidencia de la Autoridad Portuaria de Almería;suministros;Resuelta;WÜRTH ESPAÑA, S.A.;46,25;https://contrataciondelestado.es/wps/poc?uri=deeplink:detalle_licitacion&idEvl=5EbJNL%2FaAGX5Rey58Yagpg%3D%3D
Contratos menores;Calcetines cortos y cartera de piel para el Oficial de Policía Local;Alcaldía del Ayuntamiento de San Fulgencio;suministros;Resuelta;CODIGO UNIFORMES, S.L.;46;https://contrataciondelestado.es/wps/poc?uri=deeplink:detalle_licitacion&idEvl=MKeFRIhu%2FCq9Hd5zqvq9cg%3D%3D
Contratos menores;limpieza de vehiculos 9141lkc y 7027ltm;Presidencia de la Autoridad Portuaria de Almería;servicios;Resuelta;ALMER GESTION SL;46;https://contrataciondelestado.es/wps/poc?uri=deeplink:detalle_licitacion&idEvl=tK1XcgqfHJYUqXM96WStVA%3D%3D
Contratos menores;Limpieza de vehículos 0762LPV y 8568LDF;Presidencia de la Autoridad Portuaria de Almería;servicios;Resuelta;ALMER GESTION SL;46;https://contrataciondelestado.es/wps/poc?uri=deeplink:detalle_licitacion&idEvl=WvZBbn0xRc6KeVWTb9Scog%3D%3D
Contratos menores;Limpieza de vehículos 0762LPV y 8633LDF;Presidencia de la Autoridad Portuaria de Almería;servicios;Resuelta;ALMER GESTION SL;46;https://contrataciondelestado.es/wps/poc?uri=deeplink:detalle_licitacion&idEvl=f7RAHy9nS3z10HRJw8TEnQ%3D%3D
Contratos menores;Limpieza vehículos oficiales 0762LPV, 2661MLJ;Presidencia de la Autoridad Portuaria de Almería;servicios;Resuelta;ALMER GESTION SL;46;https://contrataciondelestado.es/wps/poc?uri=deeplink:detalle_licitacion&idEvl=C%2FP4TuF6UI%2FCfVQHDepjGQ%3D%3D
Contratos menores;Limpieza de vehículos 7027LTM y 9141LKC;Presidencia de la Autoridad Portuaria de Almería;servicios;Resuelta;ALMER GESTION SL;46;https://contrataciondelestado.es/wps/poc?uri=deeplink:detalle_licitacion&idEvl=6kLsY%2FkmNHXVGIpKDxgsAQ%3D%3D
Contratos menores;Disolvente para trabajos varios de pintura;Presidencia de la Autoridad Portuaria de Almería;suministros;Resuelta;PINTURAS ANDRES VALERO, S.L.;45,16;https://contrataciondelestado.es/wps/poc?uri=deeplink:detalle_licitacion&idEvl=ZHL38YIVPacmMOlAXxDEjw%3D%3D
Contratos menores;kit de reparación masilla de fibra para caseta de Policia Nacional;Presidencia de la Autoridad Portuaria de Almería;suministros;Resuelta;PINTURAS ANDRES VALERO, S.L.;44,59;https://contrataciondelestado.es/wps/poc?uri=deeplink:detalle_licitacion&idEvl=udTezLJl5wkaF6cS8TCh%2FA%3D%3D
Contratos menores;Conectores RJ45 para conexion internet;Presidencia de la Autoridad Portuaria de Almería;suministros;Resuelta;NOVELEC INDALICA, S.L.;44,38;https://contrataciondelestado.es/wps/poc?uri=deeplink:detalle_licitacion&idEvl=mOwgO3itaSF%2FR5QFTlaM4A%3D%3D
Contratos menores;Libro: Electrode potencials , Richard G. Compton Giles H. W. Sanders and Jake M. Yang Oxford University Press;Gerencias de los Institutos de la Agencia Estatal Consejo Superior de Investigaciones Científicas;suministros;Resuelta;LLIBRERÍA HISPANO AMERICANA, S. L.;44,15;https://contrataciondelestado.es/wps/poc?uri=deeplink:detalle_licitacion&idEvl=Ag5naIe%2BF9TI8aL3PRS10Q%3D%3D
Contratos menores;Inspección de vehículo 9424CHB;Presidencia de la Autoridad Portuaria de Almería;servicios;Resuelta;VERIFICACIONES INDUSTRIALES DE ANDALUCI ,S.A.;44,09;https://contrataciondelestado.es/wps/poc?uri=deeplink:detalle_licitacion&idEvl=Woin5FhLJwmkU02jNGj1Fw%3D%3D
Contratos menores;alimentador corriente Asus;Presidencia de la Autoridad Portuaria de Almería;suministros;Resuelta;MACOFI, S.L.;43,85;https://contrataciondelestado.es/wps/poc?uri=deeplink:detalle_licitacion&idEvl=noJAMyIqQZb9pbnDwlaUlg%3D%3D
Contratos menores;Bomba de agua para máquina de corte;Presidencia de la Autoridad Portuaria de Almería;suministros;Resuelta;EFECTOS NAVALES DEL SUR,S.A.;43,85;https://contrataciondelestado.es/wps/poc?uri=deeplink:detalle_licitacion&idEvl=UNGjbUpvrJnXOjazN1Dw9Q%3D%3D
Contratos menores;Suministro de 1 reposacabezas, regulable en altura e inclinación, para silla ergonómica de la Consejería de Economía y Hacienda;Consejería de Economía y Hacienda de la Junta de Castilla y León;suministros;Resuelta;SOLUCIONES INTEGRALES VALIDAS SL;43,73;https://contrataciondelestado.es/wps/poc?uri=deeplink:detalle_licitacion&idEvl=p3EQVfNgmNbgL1BHd3qjQA%3D%3D
Contratos menores;Faro Cabo de Gata. Articulos de ferreteria;Presidencia de la Autoridad Portuaria de Almería;suministros;Resuelta;DIAZ HERNANDEZ, ONOFRE;43,16;https://contrataciondelestado.es/wps/poc?uri=deeplink:detalle_licitacion&idEvl=vm5WpZF2%2FSQQyBAnWzHfCg%3D%3D
Contratos menores;Reparación de maquinaria.;Junta Vecinal de la Entidad Local Menor de Valdivia;suministros;Resuelta;NIARSA MAQUINARIA, S.L.;42,43;https://contrataciondelestado.es/wps/poc?uri=deeplink:detalle_licitacion&idEvl=zRefc%2B7ROf2HCIsjvJ3rhQ%3D%3D
Contratos menores;Cuota mensual PTP connect Enterprise 200 mes de marzo;Presidencia de la Autoridad Portuaria de Almería;servicios;Resuelta;PLACE TO PLUG, S.L.;42;https://contrataciondelestado.es/wps/poc?uri=deeplink:detalle_licitacion&idEvl=w9g2XixwHizkY6rls5tG9A%3D%3D
Contratos menores;Cuota mensual PTP connect Enterprise 200 mes de febrero;Presidencia de la Autoridad Portuaria de Almería;servicios;Resuelta;PLACE TO PLUG, S.L.;42;https://contrataciondelestado.es/wps/poc?uri=deeplink:detalle_licitacion&idEvl=99jyz9QgyqxJ8Trn0ZPzLw%3D%3D
Contratos menores;Cuota mensual PTP connect Enterprise 200 mes de enero;Presidencia de la Autoridad Portuaria de Almería;servicios;Resuelta;PLACE TO PLUG, S.L.;42;https://contrataciondelestado.es/wps/poc?uri=deeplink:detalle_licitacion&idEvl=Pk%2BiwBjUDPu7JOCXkOhcDg%3D%3D
Contratos menores;Almuerzo protección civil 8 de marzo;Alcaldia del Ayuntamiento de Olocau;servicios;Resuelta;SANTIAGO GARCIA BOSQUE;41,74;https://contrataciondelestado.es/wps/poc?uri=deeplink:detalle_licitacion&idEvl=DpD25V2mzD4zjChw4z%2FXvw%3D%3D
Contratos menores;Cerradura para Guardia civil en Estación Marítima y juego de destornilladores;Presidencia de la Autoridad Portuaria de Almería;suministros;Resuelta;DIAZ HERNANDEZ, ONOFRE;41,4;https://contrataciondelestado.es/wps/poc?uri=deeplink:detalle_licitacion&idEvl=8iRLLGjOWjf9pbnDwlaUlg%3D%3D
Contratos menores;Gasto Comida trabajo Presidenta_23-03-2026;Presidencia de la Autoridad Portuaria de Almería;servicios;Resuelta;El capricho C.B.;41,4;https://contrataciondelestado.es/wps/poc?uri=deeplink:detalle_licitacion&idEvl=CZTacLCZx%2Bn9pbnDwlaUlg%3D%3D
Contratos menores;anclajes para caracolas en preembarque;Presidencia de la Autoridad Portuaria de Almería;suministros;Resuelta;DIAZ HERNANDEZ, ONOFRE;41,16;https://contrataciondelestado.es/wps/poc?uri=deeplink:detalle_licitacion&idEvl=fYJeFSvpsOXpxJFXpLZ%2B2A%3D%3D
Contratos menores;Inspección de vehículo 3597DCL;Presidencia de la Autoridad Portuaria de Almería;servicios;Resuelta;VERIFICACIONES INDUSTRIALES DE ANDALUCI ,S.A.;40,1;https://contrataciondelestado.es/wps/poc?uri=deeplink:detalle_licitacion&idEvl=QLmTzU8aqiyqb7rCcv76BA%3D%3D
Contratos menores;Inspección de vehículo 9652BTS;Presidencia de la Autoridad Portuaria de Almería;servicios;Resuelta;VERIFICACIONES INDUSTRIALES DE ANDALUCI ,S.A.;40,1;https://contrataciondelestado.es/wps/poc?uri=deeplink:detalle_licitacion&idEvl=QWm%2ByMN3ISw%2Bk2oCbDosIw%3D%3D
Contratos menores;ITV reglamentaria de vehiculo 6934DBF;Presidencia de la Autoridad Portuaria de Almería;servicios;Resuelta;VERIFICACIONES INDUSTRIALES DE ANDALUCI ,S.A.;40,1;https://contrataciondelestado.es/wps/poc?uri=deeplink:detalle_licitacion&idEvl=isPgyf9frqSKeVWTb9Scog%3D%3D
Contratos menores;Reparación Generador Genesur, Mod. HN7000;Junta de Gobierno del Ayuntamiento de Murcia;servicios;Resuelta;MRM Electromecánica de Murcia, S.L.;40;https://contrataciondelestado.es/wps/poc?uri=deeplink:detalle_licitacion&idEvl=F0uYNx7Nd3EeC9GJQOEBkQ%3D%3D
Contratos menores;Cambiar cerradura para aseos garita policía por oxidación;Presidencia de la Autoridad Portuaria de Almería;servicios;Resuelta;SALAS GARCIA, JUAN DAVID;40;https://contrataciondelestado.es/wps/poc?uri=deeplink:detalle_licitacion&idEvl=PFQUnY0H05LE6P%2FuLemXRw%3D%3D
Contratos menores;Earpods tipo C para Conservación y responsable de compras;Presidencia de la Autoridad Portuaria de Almería;suministros;Resuelta;FRASMAN XXI, S.L.;39,67;https://contrataciondelestado.es/wps/poc?uri=deeplink:detalle_licitacion&idEvl=EVNSnhggO9FPpzdqOdhuWg%3D%3D
Contratos menores;Comprar productos varios.;Junta Vecinal de la Entidad Local Menor de Valdivia;suministros;Resuelta;MERCA-VALDIVIA, S.L.;39,49;https://contrataciondelestado.es/wps/poc?uri=deeplink:detalle_licitacion&idEvl=LKwPcQUkukpPpzdqOdhuWg%3D%3D
Contratos menores;Material para boca de incendio en conservación;Presidencia de la Autoridad Portuaria de Almería;suministros;Resuelta;SANEAMIENTO JOSE GOMEZ, S.L.;38,82;https://contrataciondelestado.es/wps/poc?uri=deeplink:detalle_licitacion&idEvl=swGosH03hM6zz8fXU2i3eQ%3D%3D
Contratos menores;Suministro combustible vehículo patrulla Carboneras;Presidencia de la Autoridad Portuaria de Almería;suministros;Resuelta;CARBONERAS DE CARBURANTES, S.L.;38;https://contrataciondelestado.es/wps/poc?uri=deeplink:detalle_licitacion&idEvl=%2Fdo8Q6%2F6iWyTylGzYmBF9Q%3D%3D
Contratos menores;Desplazamiento autorizado R.C.G. a Valencia el 10/09/26 para asistir a reunión en IVAM (Se abonan gastos de tren);Junta de Gobierno Local del Ayuntamiento de Alicante;servicios;Resuelta;AVORIS RETAIL DIVISION;37,64;https://contrataciondelestado.es/wps/poc?uri=deeplink:detalle_licitacion&idEvl=EtRAyPfWaPiFlFRHfEzEaw%3D%3D
Contratos menores;Contrato de Suministros de 1 x natec fowler mini adaptador multipuerto 3 en 1, 1x ratón inalámbrico trust recargable para el proyecto direc-y-gest;Dirección de Gestión de la Fundación Instituto de Investigación Marqués de Valdecilla;suministros;Resuelta;SUMINISTROS DE OFICINA CONTROL, S.L. PICKIN´PACK ES PAPELERIA;37,4;https://contrataciondelestado.es/wps/poc?uri=deeplink:detalle_licitacion&idEvl=pvwFx%2BHXiu%2FyoM4us5k4vw%3D%3D
Contratos menores;Contrato de Suministros de caldo soja tripticaseína (tsb) ref. 621224 para el proyecto nval24/10;Dirección de Gestión de la Fundación Instituto de Investigación Marqués de Valdecilla;suministros;Resuelta;TEKNOVAS, S. A.;36,97;https://contrataciondelestado.es/wps/poc?uri=deeplink:detalle_licitacion&idEvl=8sL6%2FfNSkK6LAncw3qdZkA%3D%3D
Contratos menores;Almuerzo Dr. Farragut actividades del proyecto;Presidencia del Instituto canario de Investigaciones Agrarias;servicios;Resuelta;HIERBABUENA TABERNA S.L.;36,45;https://contrataciondelestado.es/wps/poc?uri=deeplink:detalle_licitacion&idEvl=INfPwwrD69bVGIpKDxgsAQ%3D%3D
Contratos menores;Suministro combustible vehículo patrulla Carboneras;Presidencia de la Autoridad Portuaria de Almería;suministros;Resuelta;CARBONERAS DE CARBURANTES, S.L.;36,36;https://contrataciondelestado.es/wps/poc?uri=deeplink:detalle_licitacion&idEvl=S%2FUVRCv%2BjFr5Rey58Yagpg%3D%3D
Contratos menores;Suministros de productos farmacéuticos para Hospitales;Director Gerente de FREMAP;suministros;Resuelta;LABORATORIOS GRIFOLS SA;35,85;https://contrataciondelestado.es/wps/poc?uri=deeplink:detalle_licitacion&idEvl=Po8xSMTj6qDLIx6q1oPaMg%3D%3D
Contratos menores;Compra de material informático;Presidencia de la Autoridad Portuaria de Almería;suministros;Resuelta;MACOFI, S.L.;35,55;https://contrataciondelestado.es/wps/poc?uri=deeplink:detalle_licitacion&idEvl=3esU8zFsLUPVGIpKDxgsAQ%3D%3D
Contratos menores;Gasto desayuno concertado_23-03-2026;Presidencia de la Autoridad Portuaria de Almería;servicios;Resuelta;ORTUÑOS PUERTO CAFE, S.L.;35,45;https://contrataciondelestado.es/wps/poc?uri=deeplink:detalle_licitacion&idEvl=yualCAWOsBl6nTs9LZ9RhQ%3D%3D
Contratos menores;Toner para Impresora de Punto de Información;Presidencia de la Autoridad Portuaria de Almería;suministros;Resuelta;MACOFI, S.L.;35,3;https://contrataciondelestado.es/wps/poc?uri=deeplink:detalle_licitacion&idEvl=9lY5jyPtMxDE6P%2FuLemXRw%3D%3D
Contratos menores;Reparación de bomba de agua modelo KS200M de fuente situada en Plaza Blas Infante nº 1;Alcaldía del Ayuntamiento de Torremolinos;servicios;Resuelta;FRANCISCO PEREZ DEL VALLE;35;https://contrataciondelestado.es/wps/poc?uri=deeplink:detalle_licitacion&idEvl=hxxuS3Oa2DA2wEhQbcAqug%3D%3D
Contratos menores;Cerrar cuadro eléctrico en la escollera de Holcan;Presidencia de la Autoridad Portuaria de Almería;servicios;Resuelta;SALAS GARCIA, JUAN DAVID;35;https://contrataciondelestado.es/wps/poc?uri=deeplink:detalle_licitacion&idEvl=35g9jk11%2FxCqb7rCcv76BA%3D%3D
Contratos menores;Cerrar válvula Bypass por rotura de tubería y arqueta;Presidencia de la Autoridad Portuaria de Almería;servicios;Resuelta;SALAS GARCIA, JUAN DAVID;35;https://contrataciondelestado.es/wps/poc?uri=deeplink:detalle_licitacion&idEvl=yAP7wyxdr7fLIx6q1oPaMg%3D%3D
Contratos menores;Abrir Bypass manualmente zona obra oficinas APA;Presidencia de la Autoridad Portuaria de Almería;servicios;Resuelta;SALAS GARCIA, JUAN DAVID;35;https://contrataciondelestado.es/wps/poc?uri=deeplink:detalle_licitacion&idEvl=eo8LjODdTxZ9PLkba5eRog%3D%3D
Contratos menores;Vinilos troquelados para señalización de zona de trabajo;Presidencia de la Autoridad Portuaria de Almería;servicios;Resuelta;ALVAREZ MORENO, JOSE LUIS;35;https://contrataciondelestado.es/wps/poc?uri=deeplink:detalle_licitacion&idEvl=b%2Bb8t4bJ50YwYTJJ03sHog%3D%3D
Contratos menores;Faro punta de baños. cerradura;Presidencia de la Autoridad Portuaria de Almería;suministros;Resuelta;DIAZ HERNANDEZ, ONOFRE;34,9;https://contrataciondelestado.es/wps/poc?uri=deeplink:detalle_licitacion&idEvl=TAb0ps6lFfecTfjQf3USOg%3D%3D
Contratos menores;Pintura pétrea para oficina principal;Presidencia de la Autoridad Portuaria de Almería;suministros;Resuelta;PINTURAS ANDRES VALERO, S.L.;34,66;https://contrataciondelestado.es/wps/poc?uri=deeplink:detalle_licitacion&idEvl=Yz%2Fifr1%2B%2FM%2BAAM7L03kM8A%3D%3D
Contratos menores;Copia de llaves para cuadro eléctrico Tinglado y bridas;Presidencia de la Autoridad Portuaria de Almería;suministros;Resuelta;DIAZ HERNANDEZ, ONOFRE;34,34;https://contrataciondelestado.es/wps/poc?uri=deeplink:detalle_licitacion&idEvl=ojpjrbVEc49QFSeKCRun4Q%3D%3D
Contratos menores;Suministro de grapas para la sujeción de las mallas del invernadero paralos alumnos de jardinería del Taller de ocupación “Millorem Benigánim II”, con número de expediente FOTAE/2025/43/46;Alcaldía del Ayuntamiento de Benigànim;suministros;Resuelta;BENAVENT GOMAR SL;33,5;https://contrataciondelestado.es/wps/poc?uri=deeplink:detalle_licitacion&idEvl=xyD%2BApEOD1WExvMJXBMHHQ%3D%3D
Contratos menores;Candados no maestros;Presidencia de la Autoridad Portuaria de Almería;suministros;Resuelta;DIAZ HERNANDEZ, ONOFRE;33,31;https://contrataciondelestado.es/wps/poc?uri=deeplink:detalle_licitacion&idEvl=wsrM%2Bq2xD%2Fzua%2Fi14w%2FPLA%3D%3D
Contratos menores;Copia de una llave y adquisición de artículos de ferretería para el almacén de la brigada municipal de obras.;Junta de Gobierno del Ayuntamiento de Biar;suministros;Resuelta;Ferri Villena, SL;32,55;https://contrataciondelestado.es/wps/poc?uri=deeplink:detalle_licitacion&idEvl=9m4EU4Huoa5SYrkJkLlFdw%3D%3D
Contratos menores;Servicios de mensajería del mes de Febrero de 2026;Presidencia de la Autoridad Portuaria de Almería;servicios;Resuelta;ROMADI LOGISTIC, S.L.;32,29;https://contrataciondelestado.es/wps/poc?uri=deeplink:detalle_licitacion&idEvl=MGzoQbqEHi7LIx6q1oPaMg%3D%3D
Contratos menores;Cartelería atril para evento inauguración 1º fase Puerto Ciudad;Presidencia de la Autoridad Portuaria de Almería;suministros;Resuelta;GIL AVILES, MIGUEL;32,23;https://contrataciondelestado.es/wps/poc?uri=deeplink:detalle_licitacion&idEvl=zpjZI3cthPIeIBJRHQiPkQ%3D%3D
Contratos menores;Tubo para arreglo de compresor;Presidencia de la Autoridad Portuaria de Almería;suministros;Resuelta;FRENOS SÁNCHEZ S.L.;31,72;https://contrataciondelestado.es/wps/poc?uri=deeplink:detalle_licitacion&idEvl=u9DGh5G07WsadbH3CysQuQ%3D%3D
Contratos menores;ITV informe de inspección vehículo 8303JBY;Presidencia de la Autoridad Portuaria de Almería;servicios;Resuelta;VERIFICACIONES INDUSTRIALES DE ANDALUCI ,S.A.;31,49;https://contrataciondelestado.es/wps/poc?uri=deeplink:detalle_licitacion&idEvl=FXBPA7c%2F13UkJPJS%2BPS9vg%3D%3D
Contratos menores;Inspección de vehículo 2579FYV;Presidencia de la Autoridad Portuaria de Almería;servicios;Resuelta;VERIFICACIONES INDUSTRIALES DE ANDALUCI ,S.A.;31,49;https://contrataciondelestado.es/wps/poc?uri=deeplink:detalle_licitacion&idEvl=LGztlFuYPZt9PLkba5eRog%3D%3D
Contratos menores;Contrato menor 314/2026. Reparación avería luz cuarto de baño casa de los niños.;Alcaldía del Ayuntamiento de Serón;servicios;Resuelta;YELAMOS CASTILLO JOSE ANTONIO;31,12;https://contrataciondelestado.es/wps/poc?uri=deeplink:detalle_licitacion&idEvl=GO%2BxD6A5blN%2BF6L2uCfUWg%3D%3D
Contratos menores;Copia de llaves para policía portuaria;Presidencia de la Autoridad Portuaria de Almería;suministros;Resuelta;DIAZ HERNANDEZ, ONOFRE;30,54;https://contrataciondelestado.es/wps/poc?uri=deeplink:detalle_licitacion&idEvl=WE9b8Di14WfL1rX3q%2FMAPA%3D%3D
Contratos menores;Gasto arreglo costura - Bandera;Presidencia de la Autoridad Portuaria de Almería;servicios;Resuelta;MAR JU SCIV;30;https://contrataciondelestado.es/wps/poc?uri=deeplink:detalle_licitacion&idEvl=JEj3vdD2AafI8aL3PRS10Q%3D%3D
Contratos menores;Desatasco filtros y latiguillos de aseo gartita Policía Portuaria Puerto de Carboneras;Presidencia de la Autoridad Portuaria de Almería;servicios;Resuelta;SALAS GARCIA, JUAN DAVID;30;https://contrataciondelestado.es/wps/poc?uri=deeplink:detalle_licitacion&idEvl=ZEgkN4zKYvOdkQsA7ROvsg%3D%3D
Contratos menores;Proyectores para zona pesquero;Presidencia de la Autoridad Portuaria de Almería;suministros;Resuelta;NOVELEC INDALICA, S.L.;29,51;https://contrataciondelestado.es/wps/poc?uri=deeplink:detalle_licitacion&idEvl=S3qKKeGLZq%2BcCF8sV%2BqtYA%3D%3D
Contratos menores;Ángulos de aluminio para oficina principal;Presidencia de la Autoridad Portuaria de Almería;suministros;Resuelta;DIAZ HERNANDEZ, ONOFRE;29,35;https://contrataciondelestado.es/wps/poc?uri=deeplink:detalle_licitacion&idEvl=Vhe4ZvJaqmKExvMJXBMHHQ%3D%3D
Contratos menores;Suministros de ortoprotesis y otras prestaciones con expediente asociado;Director Gerente de FREMAP;suministros;Resuelta;PACO LOZANO ORTOPEDIA TECNICA;29,1;https://contrataciondelestado.es/wps/poc?uri=deeplink:detalle_licitacion&idEvl=a2XBoavYEwuFQ%2FlhRK79lA%3D%3D
Contratos menores;Botiquin naval c 30 millas;Presidencia de la Autoridad Portuaria de Almería;suministros;Resuelta;MARTINEZ LOPEZ, FERNANDO JOSE;28,74;https://contrataciondelestado.es/wps/poc?uri=deeplink:detalle_licitacion&idEvl=AZERiZzaTJkaF6cS8TCh%2FA%3D%3D
Contratos menores;Tarjeta de empleado público ACCV para Técnico de Recursos Humanos;Alcaldía del Ayuntamiento de San Fulgencio;servicios;Resuelta;ISTEC SAU;28,55;https://contrataciondelestado.es/wps/poc?uri=deeplink:detalle_licitacion&idEvl=S3raaj9uM7RVYjgxA4nMUw%3D%3D
Contratos menores;Trabajo de encuadernación para Oficina principal;Presidencia de la Autoridad Portuaria de Almería;servicios;Resuelta;GIL AVILES, MIGUEL;28,5;https://contrataciondelestado.es/wps/poc?uri=deeplink:detalle_licitacion&idEvl=8wRq6bOlL%2BT%2Fa9DgO%2BoYKQ%3D%3D
Contratos menores;Consulta de cardiología;Hospital Intermutual de Euskadi, Centro Mancomunado de Mutuas de Accidentes de Trabajo y Enfermadades Profesionales de la Seguridad Social;servicios;Resuelta;IDCQ HOSPITALES Y SANIDAD, S.L.U.;27,78;https://contrataciondelestado.es/wps/poc?uri=deeplink:detalle_licitacion&idEvl=5JQ7I1wsPfsS7pcxhTeWOg%3D%3D
Contratos menores;Cuadro eléctrico para grúa Wilcox;Presidencia de la Autoridad Portuaria de Almería;suministros;Resuelta;NOVELEC INDALICA, S.L.;27,68;https://contrataciondelestado.es/wps/poc?uri=deeplink:detalle_licitacion&idEvl=%2F%2F2JYmdBEfjI8aL3PRS10Q%3D%3D
Contratos menores;Cerradura para vestuarios femeninos de Policía Portuaria;Presidencia de la Autoridad Portuaria de Almería;suministros;Resuelta;DIAZ HERNANDEZ, ONOFRE;27,24;https://contrataciondelestado.es/wps/poc?uri=deeplink:detalle_licitacion&idEvl=v2kB6uJTLmOopEMYCmrbmw%3D%3D
Contratos menores;Cable para toma de corriente;Presidencia de la Autoridad Portuaria de Almería;suministros;Resuelta;NOVELEC INDALICA, S.L.;27,19;https://contrataciondelestado.es/wps/poc?uri=deeplink:detalle_licitacion&idEvl=5s04mUk4fQ3kY6rls5tG9A%3D%3D
Contratos menores;Bolsa análisis_transporte;Instituto Tecnológico de Canarias S.A.;servicios;Resuelta;BALCAN LOGISTIC CONSULTING, S.L.;26,56;https://contrataciondelestado.es/wps/poc?uri=deeplink:detalle_licitacion&idEvl=3VDOqYVScLLLIx6q1oPaMg%3D%3D
Contratos menores;Suplido tasa industria RX;Hospital Intermutual de Euskadi, Centro Mancomunado de Mutuas de Accidentes de Trabajo y Enfermadades Profesionales de la Seguridad Social;servicios;Resuelta;CONSENUR SANITARIOS, S.L.;25,12;https://contrataciondelestado.es/wps/poc?uri=deeplink:detalle_licitacion&idEvl=ygZG73XYqvrmnwcj%2BxbdTg%3D%3D
Contratos menores;Libro: ¿Qué hacen por nosotros los semiconductores? El petróleo del siglo XXI (Análisis y crítica), Ignacio Mártil de la Plaza, Editor Guillermo Escolar;Gerencias de los Institutos de la Agencia Estatal Consejo Superior de Investigaciones Científicas;suministros;Resuelta;LLIBRERÍA HISPANO AMERICANA, S. L.;25,08;https://contrataciondelestado.es/wps/poc?uri=deeplink:detalle_licitacion&idEvl=VEbqspYd%2B4prhBlEHQFSKA%3D%3D
Contratos menores;Peanas sillas despacho para oficinas;Presidencia de la Autoridad Portuaria de Almería;suministros;Resuelta;ESTAMMETAL,S.A.;24,2;https://contrataciondelestado.es/wps/poc?uri=deeplink:detalle_licitacion&idEvl=NYUm4LVx7wrs%2BnLj3vAg5A%3D%3D
Contratos menores;Guantes y aceite wd-40 para maquinaria;Presidencia de la Autoridad Portuaria de Almería;suministros;Resuelta;DIAZ HERNANDEZ, ONOFRE;22,16;https://contrataciondelestado.es/wps/poc?uri=deeplink:detalle_licitacion&idEvl=uYlAg9%2BOBpeS81gZFETWmA%3D%3D
Contratos menores;Material para bajante en oficina principal;Presidencia de la Autoridad Portuaria de Almería;suministros;Resuelta;SANEAMIENTO JOSE GOMEZ, S.L.;22,13;https://contrataciondelestado.es/wps/poc?uri=deeplink:detalle_licitacion&idEvl=bqir%2B%2BLTAsdVkTabT%2FRM8A%3D%3D
Contratos menores;Bombillo para puerta de seguridad en terminal de Antigua Endesa Carboneras;Presidencia de la Autoridad Portuaria de Almería;suministros;Resuelta;CAPEL GIMENEZ, DOLORES;20,66;https://contrataciondelestado.es/wps/poc?uri=deeplink:detalle_licitacion&idEvl=ptMiIS0dJOvpxJFXpLZ%2B2A%3D%3D
Contratos menores;Reparación neumático trasero izquierdo 9985LYZ;Presidencia de la Autoridad Portuaria de Almería;servicios;Resuelta;NEUMATICOS ALONSO, S.L.;20;https://contrataciondelestado.es/wps/poc?uri=deeplink:detalle_licitacion&idEvl=KDYiuIG6Xau9Hd5zqvq9cg%3D%3D
Contratos menores;Adquisición de dos kilos de césped rústico para parques y jardines.;Junta de Gobierno del Ayuntamiento de Biar;suministros;Resuelta;Bodega Cooperativa de Castalla Coop. V.;20;https://contrataciondelestado.es/wps/poc?uri=deeplink:detalle_licitacion&idEvl=jO1l6ME3AhseC9GJQOEBkQ%3D%3D
Contratos menores;Realizar copias de llaves de seguridad.;Junta Vecinal de la Entidad Local Menor de Valdivia;suministros;Resuelta;VIRGILIO ACERO FERNANDEZ;19,8;https://contrataciondelestado.es/wps/poc?uri=deeplink:detalle_licitacion&idEvl=8t6fj5Fm9eaKeVWTb9Scog%3D%3D
Contratos menores;Pinchos anti paloma para grúa Wilcox;Presidencia de la Autoridad Portuaria de Almería;suministros;Resuelta;DIAZ HERNANDEZ, ONOFRE;18,65;https://contrataciondelestado.es/wps/poc?uri=deeplink:detalle_licitacion&idEvl=naBQbrahkP3s%2BnLj3vAg5A%3D%3D
Contratos menores;Mensajería Urgente;Instituto Nacional de Gestión Sanitaria - Dirección Territorial Ceuta;servicios;Resuelta;TRANSCOMAR, S.L.;17,35;https://contrataciondelestado.es/wps/poc?uri=deeplink:detalle_licitacion&idEvl=HqdI3KNTw7L9pbnDwlaUlg%3D%3D
Contratos menores;Limpiaparabrisas para vehículos;Presidencia de la Autoridad Portuaria de Almería;suministros;Resuelta;ESTRADA MUÑOZ, JOSE LUIS;17,31;https://contrataciondelestado.es/wps/poc?uri=deeplink:detalle_licitacion&idEvl=F0uYNx7Nd3GFQ%2FlhRK79lA%3D%3D
Contratos menores;Trabajo de encuadernación y plastificado Oficina principal;Presidencia de la Autoridad Portuaria de Almería;servicios;Resuelta;GIL AVILES, MIGUEL;17,26;https://contrataciondelestado.es/wps/poc?uri=deeplink:detalle_licitacion&idEvl=3gv0uxQlUnSGCFcHcNGIlQ%3D%3D
Contratos menores;Lavados vehículo patrulla de Carboneras Abril 2026;Presidencia de la Autoridad Portuaria de Almería;servicios;Resuelta;CARBONERAS DE CARBURANTES, S.L.;16,53;https://contrataciondelestado.es/wps/poc?uri=deeplink:detalle_licitacion&idEvl=18lkzxSHzCEeC9GJQOEBkQ%3D%3D
Contratos menores;Funda y protector de pantalla móvil corporativo;Presidencia de la Autoridad Portuaria de Almería;servicios;Resuelta;FRASMAN XXI, S.L.;15,2;https://contrataciondelestado.es/wps/poc?uri=deeplink:detalle_licitacion&idEvl=HF4xaWTeReP10HRJw8TEnQ%3D%3D
Contratos menores;Reparación pinchazo barredora;Alcaldía del Ayuntamiento de El Campillo;servicios;Resuelta;NEUMATICOS MAFA, S.L.L;15;https://contrataciondelestado.es/wps/poc?uri=deeplink:detalle_licitacion&idEvl=F05E5c%2BQJZc4NavIWzMcHA%3D%3D
Contratos menores;Mecanismo de cisterna para Policia Portuaria en Carboneras;Presidencia de la Autoridad Portuaria de Almería;suministros;Resuelta;CAPEL GIMENEZ, DOLORES;14,67;https://contrataciondelestado.es/wps/poc?uri=deeplink:detalle_licitacion&idEvl=5OChxFA0onX%2Fa9DgO%2BoYKQ%3D%3D
Contratos menores;Material eléctrico para Policía Portuaria;Presidencia de la Autoridad Portuaria de Almería;suministros;Resuelta;NOVELEC INDALICA, S.L.;14,14;https://contrataciondelestado.es/wps/poc?uri=deeplink:detalle_licitacion&idEvl=3hQbjQu%2Fh%2FZQFSeKCRun4Q%3D%3D
Contratos menores;Copia de llaves numero 150 y material variado de ferretería;Presidencia de la Autoridad Portuaria de Almería;suministros;Resuelta;DIAZ HERNANDEZ, ONOFRE;13,7;https://contrataciondelestado.es/wps/poc?uri=deeplink:detalle_licitacion&idEvl=O3hIpAqLmtVVkTabT%2FRM8A%3D%3D
Contratos menores;Aceite para vehículo V2 policía portuaria 9967lyz;Presidencia de la Autoridad Portuaria de Almería;servicios;Resuelta;MARTINEZ CAAMAÑO, JOAQUIN;13,3;https://contrataciondelestado.es/wps/poc?uri=deeplink:detalle_licitacion&idEvl=fK92%2BWMn7zc36J9Lctlsuw%3D%3D
Contratos menores;Ropa de trabajo (uniforme);Instituto Tecnológico de Canarias S.A.;suministros;Resuelta;CENTRAL UNIFORMES, S.L.;12,35;https://contrataciondelestado.es/wps/poc?uri=deeplink:detalle_licitacion&idEvl=qw3ySm6TLYrjHF5qKI4aaw%3D%3D
Contratos menores;Brocas y tornillería para arreglo de cubierta y pasarela;Presidencia de la Autoridad Portuaria de Almería;suministros;Resuelta;DIAZ HERNANDEZ, ONOFRE;12,23;https://contrataciondelestado.es/wps/poc?uri=deeplink:detalle_licitacion&idEvl=ZW9%2B3cKQspgtm4eBPtV6eQ%3D%3D
Contratos menores;Copia de llaves de locomotora y wilcox;Presidencia de la Autoridad Portuaria de Almería;suministros;Resuelta;DIAZ HERNANDEZ, ONOFRE;11,31;https://contrataciondelestado.es/wps/poc?uri=deeplink:detalle_licitacion&idEvl=PeiyaGKFZxlLAIVZdUs8KA%3D%3D
Contratos menores;Plastificado de cartelería;Presidencia de la Autoridad Portuaria de Almería;servicios;Resuelta;GIL AVILES, MIGUEL;11,2;https://contrataciondelestado.es/wps/poc?uri=deeplink:detalle_licitacion&idEvl=SX%2FVt7PCW199Zh%2FyRJgM8w%3D%3D
Contratos menores;Calcetines cortos para el Oficial de Policía Local;Alcaldía del Ayuntamiento de San Fulgencio;suministros;Resuelta;CODIGO UNIFORMES, S.L.;11;https://contrataciondelestado.es/wps/poc?uri=deeplink:detalle_licitacion&idEvl=ppeePB%2BpM179pbnDwlaUlg%3D%3D
Contratos menores;Mortero para agarre de piedra natural en PCF;Presidencia de la Autoridad Portuaria de Almería;suministros;Resuelta;LA BOLETINA MATERIAL CONSTRUCCION,SL;9,15;https://contrataciondelestado.es/wps/poc?uri=deeplink:detalle_licitacion&idEvl=M5PQaSUnnuO9Hd5zqvq9cg%3D%3D
Contratos menores;Copia de llaves para Policía portuaria;Presidencia de la Autoridad Portuaria de Almería;suministros;Resuelta;BAREMA ALMERIA ,S.L.;8,26;https://contrataciondelestado.es/wps/poc?uri=deeplink:detalle_licitacion&idEvl=Rdyx%2FWpocgtSYrkJkLlFdw%3D%3D
Contratos menores;Copias de llaves para policía portuaria;Presidencia de la Autoridad Portuaria de Almería;suministros;Resuelta;DIAZ HERNANDEZ, ONOFRE;8,18;https://contrataciondelestado.es/wps/poc?uri=deeplink:detalle_licitacion&idEvl=kmVqJfcR%2FKVxseVhcqrkhw%3D%3D
Contratos menores;Bote spray para barandillas oficina principal;Presidencia de la Autoridad Portuaria de Almería;suministros;Resuelta;DIAZ HERNANDEZ, ONOFRE;7,84;https://contrataciondelestado.es/wps/poc?uri=deeplink:detalle_licitacion&idEvl=pSQLo04fSPrkY6rls5tG9A%3D%3D
Contratos menores;Material para carpintería en oficina principal;Presidencia de la Autoridad Portuaria de Almería;suministros;Resuelta;DIAZ HERNANDEZ, ONOFRE;7,59;https://contrataciondelestado.es/wps/poc?uri=deeplink:detalle_licitacion&idEvl=OThmysmxs2qqb7rCcv76BA%3D%3D
Contratos menores;Suministros de impresos,material de oficina no inventariable y fotocopias;Director Gerente de FREMAP;suministros;Resuelta;LEROY MERLIN S.L.;7,43;https://contrataciondelestado.es/wps/poc?uri=deeplink:detalle_licitacion&idEvl=q3DnlRJ8lYdrhBlEHQFSKA%3D%3D
Contratos menores;Barra, cerradura y soportes para oficina principal;Presidencia de la Autoridad Portuaria de Almería;suministros;Resuelta;DIAZ HERNANDEZ, ONOFRE;7,41;https://contrataciondelestado.es/wps/poc?uri=deeplink:detalle_licitacion&idEvl=jFL7qcCJt0oeIBJRHQiPkQ%3D%3D
Contratos menores;Copia de llaves para oficina y grúa servicio de limpieza;Presidencia de la Autoridad Portuaria de Almería;suministros;Resuelta;DIAZ HERNANDEZ, ONOFRE;5,86;https://contrataciondelestado.es/wps/poc?uri=deeplink:detalle_licitacion&idEvl=32MupXZabwyHCIsjvJ3rhQ%3D%3D
Contratos menores;Contrato de Suministros de otros fungibles de laboratorio. 00007009 albal papel aluminio 20 metros 2 2.75 5.50 para el proyecto apg/15;Dirección de Gestión de la Fundación Instituto de Investigación Marqués de Valdecilla;suministros;Resuelta;PROQUINORTE, S.A.;5,5;https://contrataciondelestado.es/wps/poc?uri=deeplink:detalle_licitacion&idEvl=BqAD2y4BN0LVGIpKDxgsAQ%3D%3D
Contratos menores;Plastificado de documentos y otros Oficina principal;Presidencia de la Autoridad Portuaria de Almería;servicios;Resuelta;GIL AVILES, MIGUEL;5,33;https://contrataciondelestado.es/wps/poc?uri=deeplink:detalle_licitacion&idEvl=kkxc04S3ITQ%2B1TMyIiZmzw%3D%3D
Contratos menores;Copia de llaves para portal de PCF;Presidencia de la Autoridad Portuaria de Almería;suministros;Resuelta;DIAZ HERNANDEZ, ONOFRE;4,75;https://contrataciondelestado.es/wps/poc?uri=deeplink:detalle_licitacion&idEvl=txTSGk0jwGZLAIVZdUs8KA%3D%3D
Contratos menores;Copia de llaves para Oficina Principal;Presidencia de la Autoridad Portuaria de Almería;suministros;Resuelta;DIAZ HERNANDEZ, ONOFRE;4,75;https://contrataciondelestado.es/wps/poc?uri=deeplink:detalle_licitacion&idEvl=kVbdN%2BAjId8eIBJRHQiPkQ%3D%3D
Contratos menores;LLaave serreta para dependencias de Carboneras;Presidencia de la Autoridad Portuaria de Almería;suministros;Resuelta;CAPEL GIMENEZ, DOLORES;4,5;https://contrataciondelestado.es/wps/poc?uri=deeplink:detalle_licitacion&idEvl=mJkP8YbfAVwadbH3CysQuQ%3D%3D
Contratos menores;Limpieza exterior vehículo patrulla Carboneras;Presidencia de la Autoridad Portuaria de Almería;servicios;Resuelta;CARBONERAS DE CARBURANTES, S.L.;4,13;https://contrataciondelestado.es/wps/poc?uri=deeplink:detalle_licitacion&idEvl=8bEWEzto5dqFQ%2FlhRK79lA%3D%3D
Contratos menores;Limpieza exterior vehículo patrulla Carboneras;Presidencia de la Autoridad Portuaria de Almería;servicios;Resuelta;CARBONERAS DE CARBURANTES, S.L.;4,13;https://contrataciondelestado.es/wps/poc?uri=deeplink:detalle_licitacion&idEvl=OUO5FXrarAweC9GJQOEBkQ%3D%3D
Contratos menores;Limpieza exterior vehículo patrulla de Carboneras;Presidencia de la Autoridad Portuaria de Almería;servicios;Resuelta;CARBONERAS DE CARBURANTES, S.L.;4,13;https://contrataciondelestado.es/wps/poc?uri=deeplink:detalle_licitacion&idEvl=u1SbuHeihtN%2FR5QFTlaM4A%3D%3D
Contratos menores;Limpieza exterior vehículo patrulla Carboneras;Presidencia de la Autoridad Portuaria de Almería;servicios;Resuelta;CARBONERAS DE CARBURANTES, S.L.;4,13;https://contrataciondelestado.es/wps/poc?uri=deeplink:detalle_licitacion&idEvl=eozj%2Bt5V0lA3vLk2DU2Ddg%3D%3D
Contratos menores;Copia de llaves para oficina PCF;Presidencia de la Autoridad Portuaria de Almería;suministros;Resuelta;DIAZ HERNANDEZ, ONOFRE;3,96;https://contrataciondelestado.es/wps/poc?uri=deeplink:detalle_licitacion&idEvl=dvjOwI85EgWS81gZFETWmA%3D%3D
Contratos menores;Servicio de encuadernación para el Departamento de Planificación Estratégica;Presidencia de la Autoridad Portuaria de Almería;suministros;Resuelta;GIL AVILES, MIGUEL;2,6;https://contrataciondelestado.es/wps/poc?uri=deeplink:detalle_licitacion&idEvl=A0%2BEOU2IHM4eIBJRHQiPkQ%3D%3D
Contratos menores;Suministros de vending;Director Gerente de FREMAP;suministros;Resuelta;MUNDO VENDING SIVA, S.L.;0;https://contrataciondelestado.es/wps/poc?uri=deeplink:detalle_licitacion&idEvl=DZx5YzOt0L5q1DdmE7eaXg%3D%3D
Contratos menores;Contrato de publicidad con Mediatel Multimedia, S. A. para la promoción en Onda Cero del Día de la Provincia 2026, encuentro celebrado el 13 de junio de 2026 en Moraleja del Vino (Zamora);Diputación Provincial de Zamora;servicios;Resuelta;MEDIATEL MULTIMEDIA, S. A. (ONDA CERO);0;https://contrataciondelestado.es/wps/poc?uri=deeplink:detalle_licitacion&idEvl=zWqbIKSAxMYkJPJS%2BPS9vg%3D%3D
Contratos menores;Servicio de transporte escolar en turismo ruta 074-032;Dirección General del Consorcio de Transportes de Asturias;servicios;Resuelta;—;;https://contrataciondelestado.es/wps/poc?uri=deeplink:detalle_licitacion&idEvl=yNhOkYjIpRczjChw4z%2FXvw%3D%3D
Contratos menores;Contrato menor de suministro de maquinaria para los trabajos de limpieza, mantenimiento y conservación para los centros deportivos municipales del distrito de Ciudad Lineal;Distrito de Ciudad Lineal;suministros;Resuelta;—;;https://contrataciondelestado.es/wps/poc?uri=deeplink:detalle_licitacion&idEvl=9S36YCokZ416nTs9LZ9RhQ%3D%3D
Contratos menores;Servicio de limpieza en el nuevo CMSc MORATALAZ dependiente de la Subdirección General de Prevención y Promoción de la Salud.;Organismo Autónomo Madrid Salud;servicios;Resuelta;—;;https://contrataciondelestado.es/wps/poc?uri=deeplink:detalle_licitacion&idEvl=VVlCcD53UmNxseVhcqrkhw%3D%3D
Contratos menores;(OP) Servicio de limpiezas extraordinarias para el nuevo edificio del Archivo JSE;Intendencia de Madrid;servicios;Resuelta;—;;https://contrataciondelestado.es/wps/poc?uri=deeplink:detalle_licitacion&idEvl=VAWIKCmAmQ5SYrkJkLlFdw%3D%3D
Contratos menores;Adquisición de dos turismos berlina para el área de presidencia de la diputación provincial de cádiz;Diputación Provincial de Cádiz;suministros;Resuelta;—;;https://contrataciondelestado.es/wps/poc?uri=deeplink:detalle_licitacion&idEvl=HAcPD6W9OnlSYrkJkLlFdw%3D%3D
Contratos menores;Contrato menor de servicio de control técnico mediante jueces federativos de la prueba física de natación y buceo del proceso selectivo convocado para proveer 152 plazas de la categoría de Bombero/a Especialista del Cuerpo de Bomberos del Ayuntamiento de Madrid;Área de Gobierno de Vicealcaldía, Portavoz, Seguridad y Emergencias del Ayuntamiento de Madrid;servicios;Resuelta;—;;https://contrataciondelestado.es/wps/poc?uri=deeplink:detalle_licitacion&idEvl=zm%2FafzrklfuOUi78BmzhOQ%3D%3D
Contratos menores;Placas escudo suelo Ayuntamiento de Fuengirola;Junta de Gobierno del Ayuntamiento de Fuengirola;suministros;Resuelta;—;;https://contrataciondelestado.es/wps/poc?uri=deeplink:detalle_licitacion&idEvl=5SQeFv08faU36J9Lctlsuw%3D%3D
Contratos menores;Adquisición de 2 proyectores para la comisaría de Educación Vial;Área de Gobierno de Vicealcaldía, Portavoz, Seguridad y Emergencias del Ayuntamiento de Madrid;suministros;Resuelta;—;;https://contrataciondelestado.es/wps/poc?uri=deeplink:detalle_licitacion&idEvl=zTmcQVGxUIW5HQrHoP3G5A%3D%3D
Contratos menores;CM Servicio mantenimiento de puertas de los edificios del Acuartelamiento Camposoto;Jefatura de Intendencia de Asuntos Económicos Sur;servicios;Resuelta;—;;https://contrataciondelestado.es/wps/poc?uri=deeplink:detalle_licitacion&idEvl=CPAfdCS4DOmHCIsjvJ3rhQ%3D%3D
Contratos menores;Obras para la sustitución de la puerta principal de entrada del Acuartelamiento de la Guardia Civil de Vilamarxant (Valencia).;Comandancia Guardia Civil de Valencia;obras;Resuelta;—;;https://contrataciondelestado.es/wps/poc?uri=deeplink:detalle_licitacion&idEvl=szCIO97H7z%2BTylGzYmBF9Q%3D%3D
Contratos menores;Suministro e instalación de accesorios para baños (secamanos, portarrollos, jaboneras y contenedores de pañales) en espacios dependientes de la Dirección General de Familia e Infancia.;Área de Gobierno de Políticas Sociales, Familia e Igualdad del Ayuntamiento de Madrid;suministros;Resuelta;—;;https://contrataciondelestado.es/wps/poc?uri=deeplink:detalle_licitacion&idEvl=3gTvdMLpzVrXOjazN1Dw9Q%3D%3D
Contratos menores;Contrato menor para la impartición de 2 talleres de Defensa personal para Mujeres (Jansu Do) a cargo del Maestro Francis (Club Deportivo Taeguk). Actividad de carácter preventivo en el marco de actuación de los Fondos del Pacto de Estado contra la violencia de Género;Junta de Gobierno del Ayuntamiento de Fuengirola;servicios;Resuelta;—;;https://contrataciondelestado.es/wps/poc?uri=deeplink:detalle_licitacion&idEvl=1uhHAqBawrVLAIVZdUs8KA%3D%3D
Contratos menores;Asistente hidráulico para acceso a vaso de instalación acuática de personas con movilidad reducida;Jefatura de Asuntos Económicos del Mando de Personal;suministros;Resuelta;—;;https://contrataciondelestado.es/wps/poc?uri=deeplink:detalle_licitacion&idEvl=eHFnrX3EKev%2Fa9DgO%2BoYKQ%3D%3D
Contratos menores;Contrato menor de servicios de publicidad y comunicación (acompañamiento) institucionaldel iedt;Presidencia del Instituto de Empleo y Desarrollo Socioeconómico y Tecnológico de la Diputación Provincial de Cádiz;servicios;Resuelta;—;;https://contrataciondelestado.es/wps/poc?uri=deeplink:detalle_licitacion&idEvl=M3UWX6WhExuFQ%2FlhRK79lA%3D%3D
Contratos menores;Prestación de un servicio especializado de acompañamiento, motivación y apoyo al proceso de recuperación de personas con problemas de adicciones en situación de grave vulnerabilidad social.;Alcaldia del Ayuntamiento de Mérida;servicios;Resuelta;—;;https://contrataciondelestado.es/wps/poc?uri=deeplink:detalle_licitacion&idEvl=j8f4QOKrRkxq1DdmE7eaXg%3D%3D
