Tipo;Título;Órgano;Tipo;Estado;Plazo hasta;Adjudicatario;Importe (€);Enlace
Licitaciones;El objeto del contrato consiste en la construcción de la ampliación de la red de Metro de Madrid al barrio de Valdebebas.;Consejería de Vivienda, Transportes e Infraestructuras;obras;En plazo;05/10/2026;;727743749,77;https://contratos-publicos.comunidad.madrid/contrato-publico/obras-construccion-ampliacion-red-metro-madrid-barrio-valdebebas-tramos-1-2
Licitaciones;Fabricació i subministrament de 35 trens;Ferrocarril Metropolità de Barcelona, SA;suministros;En plazo;20/11/2026;;330000000;https://contractaciopublica.cat/ca/detall-publicacio/cff69a5d-1f96-4b9e-b1b6-d75f4ea42c82/300897922
Licitaciones;Prestació del servei d'explotació, conservació, manteniment i millores dels sistemes de sanejament d'aigües residuals en alta gestionats pel Consorci d'Aigües Costa Brava Girona, que comprenen un total de 18 Estacions Depuradores d'Aigües Residuals (EDAR), les seves Estacions de Regeneració d'Aigua (ERA), més de 80 Estacions de Bombeig d'Aigües Residuals (EBAR) associades, la xarxa de col·lectors en alta, els emissaris submarins i totes les instal·lacions complementàries, distribuïdes en quatre zones geogràfiques diferenciades a les comarques gironines.;Consorci d'Aigües Costa Brava Girona;servicios;En plazo;23/10/2026;;103064334,98;https://contractaciopublica.cat/ca/detall-publicacio/367fca32-85ac-42d0-8dc9-c253a074341f/300898536
Licitaciones;Obra de la Variante Sur Ferroviaria de Bilbao. Fase 1. Tramo: Durañona-Burtxako;Euskal Trenbide Sarea-Comisión Delegada en Materia de Contratación de ETS;obras;En plazo;02/11/2026;;64925602,78;https://www.contratacion.euskadi.eus/webkpe00-kpeperfi/es/contenidos/anuncio_contratacion/expjaso742777/es_doc/index.html
Licitaciones;Servicio de Conservación y Mantenimiento de Parques, Jardines, Arbolado Urbano y Jardineras y el Servicio para la Evaluación del Riesgo del Arbolado Urbano de la Villa de Bilbao;Ayuntamiento de Bilbao-Junta de Gobierno de la Villa de Bilbao;servicios;En plazo;26/10/2026;;58281690,97;https://www.contratacion.euskadi.eus/webkpe00-kpeperfi/es/contenidos/anuncio_contratacion/expjaso743297/es_doc/index.html
Licitaciones;Ejecución de operaciones de conservación de señalización horizontal de los tramos de las carreteras adscritas a los servicios territoriales de Barcelona, Girona, Lleida, Tarragona y Terres de l'Ebre;Departament de Territori, Habitatge i Transició Ecològica;servicios;En plazo;02/11/2026;;31163863,27;https://contractaciopublica.cat/ca/detall-publicacio/4c8f9451-f9e3-4ce1-89bb-c5232195a817/300898110
Licitaciones;"Ejecución de las obras del Proyecto Constructivo ""Nuevo tranvía del Campo de Tarragona de los FGC. Fase 3: Viaducto en la Av. de Ramon de Olzina y nuevo paso inferior de acceso a Vila-seca Estació"". Clave: PC-FNT-22013.1.2.F3";Infraestructures de la Generalitat de Catalunya, SAU;obras;En plazo;26/10/2026;;11884664,84;https://contractaciopublica.cat/ca/detall-publicacio/c61850ea-9055-46e1-925f-b96bd53298fd/300897636
Licitaciones;Obres de modernització de l’Hospital de Badalona.;Badalona Serveis Assistencials, SA;obras;En plazo;16/10/2026;;10653747,22;https://contractaciopublica.cat/ca/detall-publicacio/90b158db-a9fb-4c72-89f1-0eb6a29cd6c2/300898253
Licitaciones;Suministro de energía eléctrica;Gipuzkoako Urak-Director Gerente;suministros;En plazo;03/11/2026;;8000000;https://www.contratacion.euskadi.eus/webkpe00-kpeperfi/es/contenidos/anuncio_contratacion/expek_guk24120/es_doc/index.html
Licitaciones;L’objecte del contracte consisteix en la prestació dels Serveis Socials d’Intervenció en l’Àmbit del Sensellarisme a la ciutat de Barcelona que gestiona la Direcció de Serveis d’Atenció al Sensellarisme de l’Institut Municipal de Serveis Socials (d’ara endavant l’IMSS), per tal de donar resposta a les situacions d’exclusió social i residencial severa a la ciutat.;Institut Municipal de Serveis Socials;servicios;En plazo;14/10/2026;;7413126,36;https://contractaciopublica.cat/ca/detall-publicacio/83ba059e-c045-4757-84cf-e7bbd37bdbd1/300897956
Licitaciones;Servicio de mantenimiento y limpieza de parques, jardines, zonas verdes y arbolado en Sestao;Ayuntamiento de Sestao -Pleno;servicios;En plazo;19/10/2026;;6458797,68;https://www.contratacion.euskadi.eus/webkpe00-kpeperfi/es/contenidos/anuncio_contratacion/expgebizkaia3615071/es_doc/index.html
Licitaciones;L’objecte d’aquest contracte és l’execució de la urbanització d’un Parc urbà per a la qual cosa es necessària la contractació de l’execució de l’obra i dels serveis de la Direcció Facultativa consistents en la Direcció d’execució d’obra i la Coordinació de seguretat i salut en fase d’execució. El servei de direcció d’obra està contractat conjuntament amb el de la Redacció del projecte, tal com consta als expedients GCON2023000095 i GCON2026000024. Les obres s’executen sobre una finca municipal destinada a Sistema de parcs i jardins urbans (qualificació 3) en sòl urbà consolidat, situada a la Unitat d’Actuació 1 “Torre del Botafoc”, entre la Riera de la Bisbal, el carrer Rasa d’en Solà, el Torrent del Cullaré, el carrer Isabelins, l’Avinguda Baix Penedès i un sistema d’equipaments i dotacions on s’emplacen dos edificis escolars. El terreny es divideix en dues finques cadastrals i incorpora part del sistema viari (clau 1) al seu interior. Les referències cadastrals de lesfinques són 6648006CF7664H0001SJ i 6848402CF7664N0001XW.;Ajuntament del Vendrell;obras;En plazo;02/11/2026;;5993063,97;https://contractaciopublica.cat/ca/detall-publicacio/6f7c3eb5-92ac-4d0e-878d-3614e0f50afe/300894756
Licitaciones;Ejecución de las obras contenidas en el “Proyecto de ejecución del edificio de oficinas del polo MUBIL en el ámbito AU “ZU.08 Eskuzaitzeta” de San Sebastián”, de fecha mayo de 2026, redactado por KREAN, S.COOP.;Diputación Foral de Gipuzkoa-Consejo de Gobierno Foral;obras;En plazo;13/10/2026;;5470996,59;https://www.contratacion.euskadi.eus/webkpe00-kpeperfi/es/contenidos/anuncio_contratacion/expjaso740812/es_doc/index.html
Licitaciones;Gestión integral de cinco SAMI (servicios de atención a menores infractores) para la ejecución de medidas judiciales no privativas de libertad previstas en la Ley Orgánica reguladora de la responsabilidad penal de los menores y otras actuaciones de medio abierto (5 lotes);Organismo Autónomo Agencia de la Comunidad de Madrid para la Reeducación y Reinserción del Menor Infractor;servicios;En plazo;09/10/2026;;5449365,4;https://contratos-publicos.comunidad.madrid/contrato-publico/gestion-integral-cinco-sami-servicios-atencion-menores-infractores-ejecucion
Licitaciones;serv integrado de vigilancia, mto sistemas seguridad y gestion alarmas rtva;Agencia Pública Empresarial de la Radio y Televisión de Andalucía;servicios;En plazo;06/11/2026;;5159809,66;https://www.juntadeandalucia.es/haciendayadministracionpublica/apl/pdc_sirec/perfiles-licitaciones/detalle-licitacion.jsf?idExpediente=1013501
Licitaciones;El acuerdo marco tiene por objeto la determinación de las condiciones de suministro de productos sanitarios para la prevención y el tratamiento de lesiones cutáneas relacionadas con la dependencia y otras lesiones crónicas complejas para todos los centros sanitarios dependientes del Servicio Madrileño de Salud a adjudicar por procedimiento abierto con pluralidad de criterios, bienes que se relacionan en el Anexo 1, cuyas características se especifican en el Pliego de Prescripciones Técnicas.;Agencia de Contratación Sanitaria de la Comunidad de Madrid;suministros;En plazo;02/11/2026;;3999062,5;https://contratos-publicos.comunidad.madrid/contrato-publico/am-pa-sum-37-2026-acuerdo-marco-suministro-productos-sanitarios-prevencion
Licitaciones;Acuerdo Marco para el mantenimiento de aparatos de elevación, rampas y escaleras mecánicas de la Diputación Foral de Bizkaia y las entidades adheridas durante los años 2027, 2028 y 2029;Diputación Foral de Bizkaia-Diputación Foral de Bizkaia;servicios;En plazo;02/11/2026;;3905467,94;https://www.contratacion.euskadi.eus/webkpe00-kpeperfi/es/contenidos/anuncio_contratacion/expgebizkaia3644866/es_doc/index.html
Licitaciones;Servicio atención instalaciones deportivas Muskiz;Ayuntamiento de Muskiz-Pleno;servicios;En plazo;16/10/2026;;3653839,44;https://www.contratacion.euskadi.eus/webkpe00-kpeperfi/es/contenidos/anuncio_contratacion/expgebizkaia3636663/es_doc/index.html
Licitaciones;El objeto del presente Acuerdo Marco es el establecimiento de las condiciones de prestación de los servicios de tratamiento de Protonterapia a los pacientes asegurados y/o beneficiarios de la Red Sanitaria Única de Utilización Pública del Servicio Madrileño de Salud de la Comunidad de Madrid (en adelante,” CM”) y establecer el procedimiento para su contratación por las unidades y centros comprendidos en el ámbito señalado en este apartado, mediante contratos basados en este acuerdo marco.;Agencia de Contratación Sanitaria de la Comunidad de Madrid;servicios;En plazo;02/11/2026;;2934500;https://contratos-publicos.comunidad.madrid/contrato-publico/am-pa-ser-272026-acuerdo-marco-prestacion-servicio-tratamiento-protonterapia
Licitaciones;Obres de remodelació d'un espai jugable a Barcelona;Foment de Ciutat SA;obras;En plazo;30/10/2026;;2163801,01;https://contractaciopublica.cat/ca/detall-publicacio/34d8381b-6652-4196-a4ed-39961c8bcbae/300898705
Licitaciones;Servicios de mantenimiento y verificación de equipos de medida en las instalaciones del ciclo integral del agua adscritas a las áreas de las subdirecciones de planificación recursos hídricos y abastecimiento y de depuración y medio ambiente de Canal de Isabel II, S.A., M.P.;Canal de Isabel II, S.A.;servicios;En plazo;13/10/2026;;2084374,35;https://contratos-publicos.comunidad.madrid/contrato-publico/servicios-mantenimiento-verificacion-equipos-medida-instalaciones-ciclo-integral
Licitaciones;Contratación de una agencia de medios para llevar a cabo los servicios de diseño de la estrategia y plan de medios del Patronat de Turisme Costa Brava Girona, la planificación, la negociación de las tarifas y descuentos, la contratación de los espacios publicitarios, y el análisis y seguimiento de las campañas publicitarias.;Patronat de Turisme Costa Brava Girona, SA;servicios;En plazo;02/10/2026;;1915950,41;https://contractaciopublica.cat/ca/detall-publicacio/8feabcc6-5de1-4793-a959-a525e4133fad/300898435
Licitaciones;AHC-2027-10 Servicio de mantenimiento evolutivo y desarrollo de nuevos módulos de Habicat;Agència de l'Habitatge de Catalunya;servicios;En plazo;02/11/2026;;1887200;https://contractaciopublica.cat/ca/detall-publicacio/b356ab71-e0d7-4ad3-9e11-90ba778015e6/300897278
Licitaciones;Servicio de centro de atención especializada para mujeres víctimas de violencia sexual y servicio foral de coordinación a urgencias sociales.;Diputación Foral de Gipuzkoa-Consejo de Gobierno Foral;servicios;En plazo;30/10/2026;;1759166,45;https://www.contratacion.euskadi.eus/webkpe00-kpeperfi/es/contenidos/anuncio_contratacion/expjaso744263/es_doc/index.html
Licitaciones;Proyecto de ejecución para la rehabilitación del Palacio Bustamante para alojamientos dotacionales de municipio de Aguraingo.;Ayuntamiento de Agurain-Junta de Gobierno Local;obras;En plazo;21/10/2026;;1749223,37;https://www.contratacion.euskadi.eus/webkpe00-kpeperfi/es/contenidos/anuncio_contratacion/expjaso744554/es_doc/index.html
Licitaciones;Servicio de elaboración de proyecto básico y de ejecución, dirección de obra, dirección de ejecución de la obra y coordinación en materia de seguridad y salud para la construcción de un nuevo Centro de Educación Especial en Logroño (La Rioja).;Dirección General de Gestión Educativa, Viceconsejería de Educación, Universidades y Formación Profesional, Consejería de Educación y Empleo;servicios;En plazo;20/10/2026;;1713081,05;https://www.larioja.org/contratacion-publica/es/licitaciones/consulta-expedientes?homepage=?p_colateral%3D08-7-2.01-0035%2F2026%26p_dia_ini%3D14%26p_mes_ini%3D08%26p_ano_ini%3D2026%26p_dia_fin%3D14%26p_mes_fin%3D08%26p_ano_fin%3D2026%26p_todas%3DN
Licitaciones;"El acuerdo marco tiene por objeto la determinación de las condiciones de suministro de los productos sanitarios necesarios para la prevención y el tratamiento de heridas crónicas&nbsp;y establecer el procedimiento para su adquisición por las unidades y centros dependientes del SERMAS&nbsp;mediante contratos basados en este acuerdo.";Agencia de Contratación Sanitaria de la Comunidad de Madrid;suministros;En plazo;15/10/2026;;1481711,51;https://contratos-publicos.comunidad.madrid/contrato-publico/am-pa-sum-282026-asum-0318022026-suministro-6-lotes-productos-sanitarios
Licitaciones;Acuerdo Marco para la redacción de proyectos y/o direcciones de obra, asistencias y estudios técnicos de edificación;Ayuntamiento de Bilbao-Junta de Gobierno de la Villa de Bilbao;servicios;En plazo;02/11/2026;;1319630,38;https://www.contratacion.euskadi.eus/webkpe00-kpeperfi/es/contenidos/anuncio_contratacion/expjaso744105/es_doc/index.html
Licitaciones;Suministro de OMALIZUMAB SUBCUTÁNEO con destino al Servicio de Farmacia del Hospital Clinico San Carlos;Hospital Universitario Clínico San Carlos;suministros;En plazo;16/11/2026;;1318240;https://contratos-publicos.comunidad.madrid/contrato-publico/suministro-omalizumab-subcutaneo-destino-servicio-farmacia-hospital-clinico-san-0
Licitaciones;Siguiendo las líneas metodológicas del Currículo Básico para la Euskaldunización de Personas Adultas (HEOC) y del Marco de Referencia Europeo (MCER), crear un curso de nivel B2 y sus recursos audiovisuales para su publicación en la plataforma INGURA y puesta a disposición de los usuarios INGURA.;Gobierno Vasco-Director/a de HABE;servicios;En plazo;02/11/2026;;1297188;https://www.contratacion.euskadi.eus/webkpe00-kpeperfi/es/contenidos/anuncio_contratacion/expjaso744576/es_doc/index.html
Licitaciones;L’execució de les obres incloses en la “RESTAURACIÓ FLUVIAL PER A LA MILLORA DE LA QUALITAT DE L’AIGUA TRACTADA A L’EDAR MONTORNÈS DEL VALLÈS”, als termes municipal de Montornès del Vallès, Martorelles i Montmeló, amb l'objectiu de executar actuacions de restauració que millorin la resiliència de l'ecosistema fluvial i la qualitat de l'aigua.;Consorci Besòs Tordera;obras;En plazo;28/10/2026;;1258191,29;https://contractaciopublica.cat/ca/detall-publicacio/af016401-b27f-4bea-bf05-21bdfa6f2976/300886607
Licitaciones;Licitació per la la contractació, segons procediment obert, per a l'execució de les obres corresponents al projecte executiu per instal·lar una coberta telescòpica i el sistema de climatització a la piscina exterior de les Piscines Municipals Manel Estiarte Duocastella de Manresa, per Aigües de Manresa, S.A.;Aigües de Manresa, SA;obras;En plazo;12/11/2026;;1153835,63;https://contractaciopublica.cat/ca/detall-publicacio/daf47f58-9f28-4620-b5e2-a3460b30cb0e/300894875
Licitaciones;Desarrollo del programa de intervención socioeducativa y psicosocial;Ayuntamiento de Eibar-Alcalde del Ayuntamiento de Eibar;servicios;En plazo;06/10/2026;;1131951,66;https://www.contratacion.euskadi.eus/webkpe00-kpeperfi/es/contenidos/anuncio_contratacion/expjaso739023/es_doc/index.html
Licitaciones;Contrato de servicios para la dirección de las obras del proyecto constructivo de la red de transmisión inalámbrica de banda ancha de la Línea 9 de Metro de Barcelona para la transmisión en tiempo real de vídeo embarcado. Tramo III y otros. Clave: TM-02609.1-C1.2B.A;Infraestructures de la Generalitat de Catalunya, SAU;servicios;En plazo;04/11/2026;;1096498,92;https://contractaciopublica.cat/ca/detall-publicacio/e7cb46ec-68d9-41ad-b521-9945d88c7603/300895973
Licitaciones;Contratación de un servicio cualificado y profesional en las tareas de atención e información al visitante, mediación cultural e intercultural y controlador de salas, en tres de las salas de exposiciones y tres de los museos dependientes de la Consejería de Cultura Turismo y Deporte de la Comunidad de Madrid en el período comprendido entre el 8 de marzo de 2027 al 7 de marzo de 2028.;Consejería de Cultura, Turismo y Deporte;servicios;En plazo;19/10/2026;;1068899,86;https://contratos-publicos.comunidad.madrid/contrato-publico/servicio-atencion-visitante-salas-museos-direccion-general-cultura-e-industrias-2
Licitaciones;mixto de suministro y mantenimiento mobiliario urbano en ámbito consorcio;Consorcio de Transporte Metropolitano del Área de Sevilla;servicios;En plazo;30/10/2026;;1036500;https://www.juntadeandalucia.es/haciendayadministracionpublica/apl/pdc_sirec/perfiles-licitaciones/detalle-licitacion.jsf?idExpediente=1013622
Licitaciones;Suministro, transporte, instalación, configuración, formación y puesta en funcionamiento de un sistema nLC-MS/MS (espectrometría de masas) de alta resolución y última generación;Asociación Centro de Investigación Cooperativa en Biociencias-CIC bioGUNE-Director General;suministros;En plazo;05/11/2026;;1000000;https://www.contratacion.euskadi.eus/webkpe00-kpeperfi/es/contenidos/anuncio_contratacion/expjaso744639/es_doc/index.html
Licitaciones;Servicio de Centro de Reprografía (CDR) de Metro de Madrid;Metro de Madrid, S.A.;servicios;En plazo;27/10/2026;;883826,36;https://contratos-publicos.comunidad.madrid/contrato-publico/servicio-centro-reprografia-cdr-metro-madrid
Licitaciones;El objeto del presente contrato es el suministro de productos y utensilios de limpieza y aseo personal, destinados a su utilización en las residencias de mayores y centros de día, centros de atención a personas con discapacidad y centros ocupacionales, y centros de menores adscritos a la Agencia Madrileña de Atención Social y que se relacionan en el Anexo III del pliego de prescripciones técnicas particulares. Dicho suministro comprende productos y útiles destinados al aseo personal, higiene corporal, higiene bucodental, cuidado capilar, cuidado dermatológico, afeitado, manicura, higiene femenina, limpieza personal y demás productos necesarios para la atención ordinaria de los usuarios y para el adecuado mantenimiento de las condiciones de higiene en los centros. El contrato tiene por finalidad garantizar una dotación adecuada y continuada de productos de aseo personal, higiene y cuidado de los usuarios, asegurando unas condiciones adecuadas de salubridad, seguridad, bienestar y calidad asistencial en los centros adscritos a la Agencia Madrileña de Atención Social.;Organismo Autónomo Agencia Madrileña de Atención Social;suministros;En plazo;19/10/2026;;873786,38;https://contratos-publicos.comunidad.madrid/contrato-publico/adquisicion-productos-utensilios-limpieza-aseo-personal-centros-adscritos-0
Licitaciones;Obres de la segona fase el parc metropolità de la Costeta, al TM de Begues.;Àrea Metropolitana de Barcelona;obras;En plazo;20/10/2026;;871752,48;https://contractaciopublica.cat/ca/detall-publicacio/c6ad3e5a-b57a-4343-a41a-944c9ef4b575/300898282
Licitaciones;Limpieza de la sede de la Consejería de Economía, Hacienda y Empleo de la Comunidad de Madrid en c/ Ramírez de Prado, 5 bis;Consejería de Economía, Hacienda y Empleo;servicios;En plazo;13/10/2026;;813781,97;https://contratos-publicos.comunidad.madrid/contrato-publico/limpieza-sede-consejeria-economia-hacienda-empleo-comunidad-madrid-c-ramirez-0
Licitaciones;Obres d'execució del projecte “Abastament d'aigua a les masies del Far d'Empordà”, mitjançant procediment obert simplificat, amb una pluralitat de criteris d'adjudicació;Ajuntament del Far d'Empordà;obras;En plazo;22/10/2026;;800629,71;https://contractaciopublica.cat/ca/detall-publicacio/4e1ec7a5-741a-4f9d-916c-a38a1a2cc9c7/300897806
Licitaciones;Servicio de atención frente al racismo y la xenofobia en Navarra;la Directora General de Políticas Migratorias;servicios;En plazo;23/10/2026;;778289,38;https://hacienda.navarra.es/sicpportal/mtoAnunciosModalidad.aspx?cod=261001130358992DCB57
Licitaciones;Prestació de serveis postals i telegràfics;Transports de Barcelona, SA;servicios;En plazo;30/10/2026;;704804,25;https://contractaciopublica.cat/ca/detall-publicacio/2b4d4f01-93d5-4c8e-ab52-ce289647e89b/300897006
Licitaciones;Servicios de limpieza.;Agencia Andaluza de Instituciones Culturales;servicios;En plazo;29/10/2026;;673754,33;https://www.juntadeandalucia.es/haciendayadministracionpublica/apl/pdc_sirec/perfiles-licitaciones/detalle-licitacion.jsf?idExpediente=1013655
Licitaciones;El objeto del presente Contrato es la formulación de la planificación de las infraestructuras y servicios en materia de transporte colectivo a desarrollar en los próximos años en la Comunidad de Madrid, cuyo objetivo fundamental es avanzar hacia la consecución de un modelo de transporte más sostenible en la Región.;Organismo Autónomo Consorcio Regional de Transportes Regulares de Madrid.;servicios;En plazo;20/10/2026;;654284,51;https://contratos-publicos.comunidad.madrid/contrato-publico/aser-0213992026-plan-estrategico-infraestructuras-servicios-transporte-colectivo
Licitaciones;Servicio de mantenimiento de cableado para las instalaciones de comunicaciones y señalización de ETS;Euskal Trenbide Sarea-Comisión Delegada en Materia de Contratación de ETS;servicios;En plazo;02/11/2026;;603000;https://www.contratacion.euskadi.eus/webkpe00-kpeperfi/es/contenidos/anuncio_contratacion/expjaso744630/es_doc/index.html
Licitaciones;servicio medios de pago electr. a favor junta de andalucía;Agencia Digital de Andalucía;servicios;En plazo;20/10/2026;;596952;https://www.juntadeandalucia.es/haciendayadministracionpublica/apl/pdc_sirec/perfiles-licitaciones/detalle-licitacion.jsf?idExpediente=1013582
Licitaciones;Obras de reforma de las oficinas de una de las sedes de NASERTIC;Navarra de Servicios y Tecnologías, S.A.;obras;En plazo;06/11/2026;;592375,38;https://hacienda.navarra.es/sicpportal/mtoAnunciosModalidad.aspx?cod=26100212120047499643
Licitaciones;Servicio de limpieza de locales y edificios municipales del municipio de Porqueres;Ajuntament de Porqueres;servicios;En plazo;02/11/2026;;572150,7;https://contractaciopublica.cat/ca/detall-publicacio/0ff3b236-2626-4165-82b3-1214fc2317da/300893925
Licitaciones;Substitució del sistema de cloració per un sistema salí, més efectiu i sostenible ambientalment i econòmica i la construcció d’un dipòsit de compensació i la instal·lació d’un sistema de depuració de l’aigua de la piscina petita, per poder independitzar el cicle de tractament de l’aigua de cada piscina. Adequar l'accessibilitat per a persones amb mobilitat reduïda amb la instal·lació de sistemes mecànics d’accés.;Ajuntament de Vallromanes;obras;En plazo;22/10/2026;;564175,08;https://contractaciopublica.cat/ca/detall-publicacio/bfc11d3e-8b72-45f7-8b54-2149e32d6212/300898116
Licitaciones;Contratación de la asistencia técnica para el diseño e implementación de planes digitales de internacionalización en las pymes navarras (NAEX DIGITAL III);El director general de Fomento Empresarial e Infraestructuras;servicios;En plazo;03/11/2026;;560000;https://hacienda.navarra.es/sicpportal/mtoAnunciosModalidad.aspx?cod=261001094950644EB9BA
Licitaciones;El present contracte té per objecte l’execució de les obres corresponents al Lot 1 del Projecte bàsic i executiu de les obres d’adequació interior de vestidors i pista esportiva de l’edifici del pavelló municipal de Sant Pere de Torelló, concretament les actuacions relatives a l’adequació interior dels vestidors que donen servei a la pista esportiva i a la piscina, la instal·lació d’un elevador adaptat per garantir l’accessibilitat des del carrer Sant Pere i la renovació interior de la pista esportiva i les graderies. Les actuacions corresponents al Lot 2 del projecte tècnic, relatives a la dotació de nous vestidors al gimnàs municipal, no formen part de l’objecte del present contracte i seran objecte d’un procediment de licitació independent.;Ajuntament de Sant Pere de Torelló;obras;En plazo;22/10/2026;;528271,37;https://contractaciopublica.cat/ca/detall-publicacio/15ce1a4f-82f7-46dd-94a7-150c6c1130d2/300897876
Licitaciones;Contractació de les obres del Projecte de reforma, adequació, reforç i millora de la xarxa d’abastament domiciliari d’aigua potable del sector de Les Pedreres, al terme municipal de Girona.;Cicle de l'Aigua del Ter, SA;obras;En plazo;13/10/2026;;506611,39;https://contractaciopublica.cat/ca/detall-publicacio/994899ed-2718-4ffa-ae91-14b497948a82/300898217
Licitaciones;Acuerdo Marco para las inspecciones periódicas de aparatos elevadores para los años 2026 a 2029;Diputación Foral de Bizkaia-Diputada Foral de Administración Pública y Relaciones Institucionales;servicios;En plazo;19/10/2026;;506250;https://www.contratacion.euskadi.eus/webkpe00-kpeperfi/es/contenidos/anuncio_contratacion/expgebizkaia3645067/es_doc/index.html
Licitaciones;Ordenación de los espacios contiguos a la calzada de la carretera LR-202 en la travesía de Haro;Dirección General de Infraestructuras, Consejería de Política Local, Infraestructuras y Lucha contra la Despoblación;obras;En plazo;23/10/2026;;499923,15;https://www.larioja.org/contratacion-publica/es/licitaciones/consulta-expedientes?homepage=?p_colateral%3D09-1-9.01-0015%2F2026%26p_dia_ini%3D02%26p_mes_ini%3D10%26p_ano_ini%3D2026%26p_dia_fin%3D02%26p_mes_fin%3D10%26p_ano_fin%3D2026%26p_todas%3DN
Licitaciones;Suministro, instalación y puesta en funcionamiento de 9 equipos de anestesia de altas prestaciones y de 9 monitores de paciente con destino al bloque quirúrgico, estructurado en dos lotes independientes, con destino al Hospital U. La Princesa;Hospital Universitario de La Princesa;suministros;En plazo;21/10/2026;;495000;https://contratos-publicos.comunidad.madrid/contrato-publico/suministro-instalacion-puesta-funcionamiento-9-equipos-anestesia-altas
Licitaciones;Gestió dels Serveis d’Intervenció Socioeducatius no residencial per infants, adolescents i les seves famílies al municipi de Gavà, SIS Gavà;Ajuntament de Gavà;999;En plazo;16/10/2026;;485302,91;https://contractaciopublica.cat/ca/detall-publicacio/b41df93d-95a0-4e46-a3c2-ae3acd745c0f/300898452
Licitaciones;Obres corresponents al projecte executiu d’adequació de les oficines d’Infraestructures i Actius al Port Olímpic de Barcelona;Barcelona de Serveis Municipals SA;obras;En plazo;22/10/2026;;481056,09;https://contractaciopublica.cat/ca/detall-publicacio/8a03053d-046e-4703-b938-097eec208b05/300898070
Licitaciones;Executar els treballs descrits en el projecte de manteniment de voreres a Vic;Organisme Autònom Local Xarxa de Serveis Urbans;obras;En plazo;23/10/2026;;474816,31;https://contractaciopublica.cat/ca/detall-publicacio/f1207b91-d0dc-4484-b2c6-8e86c40ab488/300898368
Licitaciones;Obras para el acondicionamiento de las piscinas municipales de Ziordia;Ayuntamiento de Ziordia;obras;En plazo;18/10/2026;;427758,18;https://hacienda.navarra.es/sicpportal/mtoAnunciosModalidad.aspx?cod=261001153822A09D9D37
Licitaciones;ADS-2026-0004: Servicio de limpieza de las instalaciones y unidades móviles de la Agencia Gallega de Sangre, Órganos y Tejidos.;Consellería de Sanidade- SERGAS;servicios;En plazo;03/11/2026;;426129,46;https://www.contratosdegalicia.gal/licitacion?N=829277
Licitaciones;auxiliares cada 2027/2028;Delegación Territorial de Turismo, Cultura y Deporte en Málaga;servicios;En plazo;13/10/2026;;425426,4;https://www.juntadeandalucia.es/haciendayadministracionpublica/apl/pdc_sirec/perfiles-licitaciones/detalle-licitacion.jsf?idExpediente=1008913
Licitaciones;Servicio de asesoramiento, acompañamiento y atención a víctimas de violencias machistas;Ayuntamiento de Galdakao-Alcalde;servicios;En plazo;09/10/2026;;420000;https://www.contratacion.euskadi.eus/webkpe00-kpeperfi/es/contenidos/anuncio_contratacion/expjaso733172/es_doc/index.html
Licitaciones;Suministro,instalación,conexión y puesta en servicio de la infraestructura necesaria para la integración de la red de fibra óptica en las salas técnicas de los túneles de Pedralbes,Bon Pastor,La Maquinista,Nudo de la Trinidad,Palamós y Sant Gervasi de las Rondas de Barcelona.;Àrea Metropolitana de Barcelona;suministros;En plazo;03/11/2026;;399221,48;https://contractaciopublica.cat/ca/detall-publicacio/f41538f5-e953-4699-811f-d29a0b830c69/300896017
Licitaciones;El suministro, instalación, puesta en marcha y formación de un sistema de cromatografía líquida acoplada a espectrometría de masas de alta resolución con analizador híbrido cuadrupolo-tiempo de vuelo (LC-Q-TOF).;Fundación BCMaterials - Basque Center for Materials, Applications and Nanostructures-Gerente;suministros;En plazo;18/10/2026;;396325,2;https://www.contratacion.euskadi.eus/webkpe00-kpeperfi/es/contenidos/anuncio_contratacion/expjaso740631/es_doc/index.html
Licitaciones;L’objecte d’aquest contracte és l’execució de les obres definides en el Projecte Bàsic i d’Execució millores arquitectòniques i d’instal·lacions al camp de futbol Ramon Farrús, LOT 1: ARQUITECTURA i LOT 2: INSTAL·LACIONS.;Ajuntament de Lleida;obras;En plazo;23/10/2026;;381289,16;https://contractaciopublica.cat/ca/detall-publicacio/4931a341-51bb-4405-a7aa-393a1365a8b8/300885494
Licitaciones;Servicio de vigilancia y seguridad de los Campus y edificios de la Universitat de Girona.;Universitat de Girona;servicios;En plazo;02/11/2026;;373931,69;https://contractaciopublica.cat/ca/detall-publicacio/2ca6908c-af96-493c-83f7-9e16fd5ac5ec/300896655
Licitaciones;L’objecte d’aquest contracte és el reasfaltat de la carretera trencament de la Mina fins a Runers.;Ajuntament de Capolat;obras;En plazo;29/10/2026;;341420,71;https://contractaciopublica.cat/ca/detall-publicacio/a017155b-7d51-44c1-97fa-c22f9482dc15/300898495
Licitaciones;"Suministro de Válvulas de derivación para Hidrocefalia y Drenajes el Servicio de Neurocirugía del&nbsp; Hospital Universitario 12 de Octubre";Hospital Universitario 12 de Octubre;suministros;En plazo;03/11/2026;;335206,18;https://contratos-publicos.comunidad.madrid/contrato-publico/suministro-valvulas-derivacion-hidrocefalia-drenajes-servicio-neurocirugia-1
Licitaciones;Servei de recollida, transport autoritzat i lliurament a gestor autoritzat de totes les fraccions de residus recollides a la deixalleria municipal de Collbató.;Ajuntament de Collbató;servicios;En plazo;18/10/2026;;333725,52;https://contractaciopublica.cat/es/detall-publicacio/93eb5b94-6c7f-4049-8d13-8c9d8deb1aea/300896559
Licitaciones;Serveis de suport i manteniment de la solució ERP basada en Microsoft Dynamics 365 Business Central de SERVEIS MEDIAMBIENTALS DE LA SELVA NORA, SA.;Serveis Mediambientals de la Selva NORA, SA;servicios;En plazo;17/10/2026;;321300;https://contractaciopublica.cat/ca/detall-publicacio/c2bc51ab-b093-43b4-b17b-a06b50863bde/300899105
Licitaciones;Prestación de servicios de Secretaría Técnica de BAIC para la articulación de la Hoja de Ruta de inteligencia artificial de la industria de Euskadi.;Asociación Centro Vasco de Inteligencia Artificial-Directora general;servicios;En plazo;04/10/2026;;320000;https://www.contratacion.euskadi.eus/webkpe00-kpeperfi/es/contenidos/anuncio_contratacion/expjaso738741/es_doc/index.html
Licitaciones;Servicios de entrega de información meteorológica a Canal de Isabel II, S.A., M.P.;Canal de Isabel II, S.A.;servicios;En plazo;06/11/2026;;317400;https://contratos-publicos.comunidad.madrid/contrato-publico/servicios-entrega-informacion-meteorologica-canal-isabel-ii-sa-mp
Licitaciones;Servicio de intervención socioeducativa de Castellbisbal;Ajuntament de Castellbisbal;servicios;En plazo;02/11/2026;;313688,56;https://contractaciopublica.cat/ca/detall-publicacio/127fa020-5baf-4362-99d8-358086bc8509/300895660
Licitaciones;Renovación de cubiertas y traslado de compresor en Seguridad Ciudadana de Vitoria-Gasteiz;Ayuntamiento de Vitoria-Gasteiz-Junta de Gobierno Local;obras;En plazo;26/10/2026;;306524,6;https://www.contratacion.euskadi.eus/webkpe00-kpeperfi/es/contenidos/anuncio_contratacion/expjaso744249/es_doc/index.html
Licitaciones;contratación del servicio de limpieza para el parque deportivo la garza de linares.;Empresa Pública para la Gestión del Turismo y el Deporte de Andalucía, S.A.;servicios;En plazo;03/11/2026;;300520,02;https://www.juntadeandalucia.es/haciendayadministracionpublica/apl/pdc_sirec/perfiles-licitaciones/detalle-licitacion.jsf?idExpediente=1013540
Licitaciones;Contratación de los servicios de consultoría para el diseño de una hoja de ruta de evolución a S/4 HANA de los sistemas SAP de Osakidetza.;OSAKIDETZA - Servicio Vasco de Salud -Director General;servicios;En plazo;14/10/2026;;300000;https://www.contratacion.euskadi.eus/webkpe00-kpeperfi/es/contenidos/anuncio_contratacion/exposakisap2026001557/es_doc/index.html
Licitaciones;Asistencia técnica para la redacción del Documento de Objetivos y Propósitos y Avance PTSAE de las veguerías de Ponent y Comarcas gerundenses;Departament d'Agricultura, Ramaderia, Pesca i Alimentació;servicios;En plazo;16/10/2026;;294198,94;https://contractaciopublica.cat/ca/detall-publicacio/90c05e24-6b77-4364-8f21-e32c7d094a75/300896150
Licitaciones;serveis de defensa jurídica en seu judicial contenciós-administrativa, civil, penal i mercantil, social i i del contenciós-administratiu en matèria de funció pública , així com l'assessorament jurídic puntual en matèria urbanística i de contractació de l’Ajuntament;Ajuntament de Cambrils;999;En plazo;19/10/2026;;283000;https://contractaciopublica.cat/ca/detall-publicacio/dbf28093-8a1e-4e08-aac1-750dd8937a1f/300897883
Licitaciones;L'objecte del contracte és la prestació del servei de vigilància i seguretat privada als equipaments municipals i en els actes i esdeveniments culturals organitzats per l'Ajuntament de Granollers, per Roca Umbert – Fàbrica de les Arts (RUFA) i per a EPE Granollers Mercat, incloent el control d'accessos, la vigilància d'instal·lacions, la protecció de béns i persones, el control d'aforaments i les tasques auxiliars de serveis, d'acord amb el Plec de Prescripcions Tècniques.;Ajuntament de Granollers;servicios;En plazo;20/10/2026;;272540;https://contractaciopublica.cat/ca/detall-publicacio/db90e21a-de78-4dbe-9f4c-9b2a8e750135/300897559
Licitaciones;El objeto del contrato es el diseño y producción de cartelería y diferentes soportes de comunicación para eventos, diseño de campañas específicas de promoción de transporte público, diseño y producción de publicaciones técnicas de transporte público, en la realización de “banners” para las páginas web del CRTM, folletos y publicaciones institucionales y de información sobre transporte público, y trabajos de actualización de soportes informativos de la red de transporte.;Organismo Autónomo Consorcio Regional de Transportes Regulares de Madrid.;servicios;En plazo;08/10/2026;;270705;https://contratos-publicos.comunidad.madrid/contrato-publico/aser-0204232026-diseno-grafico-produccion-elementos-comunicacion-consorcio
Licitaciones;Servei d'Atenció Sociocomunitària (SASC) de la Xarxa de Servei d'Atenció Integral LGBTI (Xarxa SAI LGBTI+).;Departament d'Igualtat i Feminisme;999;En plazo;19/10/2026;;268666,2;https://contractaciopublica.cat/ca/detall-publicacio/87be659c-bf74-44cf-8a4d-edcab036205b/300897615
Licitaciones;Servicio veterinario para la ejecución de los programas oficiales de vigilancia, control y erradicación de las enfermedades de los animales en la Comunidad Autónoma de La Rioja. Campaña 2027.;Dirección General de Agricultura y Ganadería, Consejería de Agricultura, Ganadería, Mundo Rural y Medio Ambiente;servicios;En plazo;02/11/2026;;263570;https://www.larioja.org/contratacion-publica/es/licitaciones/consulta-expedientes?homepage=?p_colateral%3D05-7-2.01-0064%2F2026%26p_dia_ini%3D02%26p_mes_ini%3D10%26p_ano_ini%3D2026%26p_dia_fin%3D02%26p_mes_fin%3D10%26p_ano_fin%3D2026%26p_todas%3DN
Licitaciones;Suministro para la ampliación de la instalación de energía fotovoltaica y almacenamiento y la incorporación de energía eólica en el parque de bomberos y bomberas de Urioste de la Diputación Foral de Bizkaia.;Diputación Foral de Bizkaia-Diputada Foral de Administración Pública y Relaciones Institucionales;suministros;En plazo;02/11/2026;;249641,66;https://www.contratacion.euskadi.eus/webkpe00-kpeperfi/es/contenidos/anuncio_contratacion/expgebizkaia3603578/es_doc/index.html
Licitaciones;Servicios para la gestión integral de residuos clases I, II, III, V y VI en el Hospital Universitario de Fuenlabrada y el centro de especialidades “CEP El Arroyo”;Hospital Universitario de Fuenlabrada;servicios;En plazo;19/10/2026;;240440;https://contratos-publicos.comunidad.madrid/contrato-publico/contrato-servicios-gestion-integral-residuos-clases-i-ii-iii-v-vi-hospital
Licitaciones;Obres de millora de la infraestructura verda a diversos espais de la ciutat;Ajuntament del Prat de Llobregat;obras;En plazo;07/10/2026;;238798,06;https://contractaciopublica.cat/ca/detall-publicacio/e985c447-a709-4c71-afc8-eebb6355b0bf/300898680
Licitaciones;Realització de l’auditoria financera dels comptes anuals i de la liquidació pressupostària de l’Institut Català de la Salut (en endavant, ICS), així com d’una auditoria informàtica de l’entitat, referent a l’exercici 2026.;Departament d'Economia i Finances;servicios;En plazo;02/11/2026;;236318,95;https://contractaciopublica.cat/ca/detall-publicacio/0c71d168-b88c-41b7-be56-e58f476fa5a3/300897960
Licitaciones;CS/CC00/1101482796/27/AMUP: acuerdo marco para el suministro agregado de material de fisioterapia y rehabilitación (complementario) para los centros del Institut Català de la Salut i centres adherits: Salut Sant Joan de Reus-Baix Camp, Gestió de Serveis Sanitaris, Consorci Sanitari Alt Penedès-Garraf, Hospital de Cerdanya – AECT Agrupació Europea de Cooperació Territorial, Institut de Diagnòstic per la Imatge y Salut Catalunya Central - Hospital de Berga;ICS - Gerència de compres;suministros;En plazo;02/11/2026;;224088,07;https://contractaciopublica.cat/ca/detall-publicacio/079f7435-03f9-4c77-a4cd-bfc53cc16e2a/300896977
Licitaciones;Contrato de servicios para la asistencia técnica de coordinación de seguridad y salud de las obras del proyecto constructivo de la red de transmisión inalámbrica de banda ancha de la Línea 9 de Metro de Barcelona para la transmisión en tiempo real de vídeo embarcado. Tramo III y otros. Clave: TM-02609.1-C1.2B.A;Infraestructures de la Generalitat de Catalunya, SAU;servicios;En plazo;04/11/2026;;223962,31;https://contractaciopublica.cat/ca/detall-publicacio/2d80af11-f6db-4325-af62-aa44481e2604/300896021
Licitaciones;Para la ejecución de las obras recogidas en el proyecto constructivo de acondicionamiento del vial de erreka alde kalea;Ayuntamiento de Amezketa-Alcaldía;obras;En plazo;28/10/2026;;209854,37;https://www.contratacion.euskadi.eus/webkpe00-kpeperfi/es/contenidos/anuncio_contratacion/expjaso745327/es_doc/index.html
Licitaciones;Arranjament i pavimentació asfàltica de diversos carrers i accessos a Naut Aran, al municipi de Naut Aran.;Ajuntament de Naut Aran;obras;En plazo;22/10/2026;;205315,65;https://contractaciopublica.cat/ca/detall-publicacio/fd0bf0e7-bd5b-4d9a-b23d-efbbb757f148/300899036
Licitaciones;El objeto del presente contrato es el suministro de pulseras identificativas con y sin un sistema de identificación por radiofrecuencia (RFID), compatibles con el sistema de seguridad transfusional GEA , junto con otra variedad de fungibles necesarios para trazar la actividad transfusional del BST.;Banc de Sang i Teixits (BST);suministros;En plazo;04/11/2026;;202750;https://contractaciopublica.cat/ca/detall-publicacio/714bf889-9f3a-4b33-8d09-a743b09b44f1/300895835
Licitaciones;"Contracte de serveis per a l'assistència tècnica de control de qualitat de les obres del Projecte Constructiu ""Nou tramvia del Camp de Tarragona dels Ferrocarrils de la Generalitat de Catalunya. Fase 3: Viaducte a l’Av. de Ramon d’Olzina i nou pas inferior d’accés a Vila-seca Estació"". Clau: PC-FNT-22013.1.2.F3";Infraestructures de la Generalitat de Catalunya, SAU;servicios;En plazo;19/10/2026;;195449,1;https://contractaciopublica.cat/ca/detall-publicacio/fe1eeaea-41a2-4f51-a36e-1ffb23e7b790/300897733
Licitaciones;Les obres tenen per objecte adequar la instal·lació existent situada a la carretera d’Organyà a Cabó, mitjançant l’execució de les actuacions necessàries per garantir-ne les condicions adequades de funcionalitat, seguretat i operativitat. D’acord amb el projecte, les principals actuacions que integren l’objecte del contracte són: a) L’enderroc dels coberts existents que no reuneixen les condicions de seguretat exigibles. b) La construcció d’un edifici destinat a recepció, control d’accés i emmagatzematge de residus d’aparells elèctrics i electrònics de petit format i residus especials, amb una superfície construïda aproximada de 98,00 m². c) La pavimentació exterior de les zones operatives de la deixalleria, amb una superfície aproximada de 1.613,00 m². d) El condicionament del terreny i l’execució de les corresponents fonamentacions i estructures. e) L’execució de façanes, cobertes, revestiments, fusteria i manyeria vinculats a les actuacions projectades. f) L’execució de la xarxa de recollida d’aigües pluvials. g) La instal·lació d’hidrant. h) L’execució de l’enllumenat exterior. i) L’execució de la infraestructura necessària per a la instal·lació de la bàscula de camions. j) L’execució de les connexions elèctriques i de telecomunicacions. k) El tractament i condicionament del talús existent. l) Les actuacions corresponents a seguretat i salut, control de qualitat, assaigs i altres prestacions auxiliars necessàries per a la correcta execució i finalització de les obres. La definició completa de les prestacions objecte del contracte és la que resulta del projecte d’obres i de la resta de documentació tècnica que forma part de l’expedient.;Mancomunitat Intermunicipal per a la Gestió de Residus de l'Alt Urgell Meridional;obras;En plazo;22/10/2026;;194414,73;https://contractaciopublica.cat/ca/detall-publicacio/200345f9-6956-4ef0-9330-9675442053d0/300898917
Licitaciones;Ejecución de obras del Proyecto de Electrificación para la Descarbonización de los edificios E6 y E7 del Campus Vitoria- Gasteiz;Parque Tecnológico de Álava, S.A.-Consejo de Administración;obras;En plazo;22/10/2026;;192248,06;https://www.contratacion.euskadi.eus/webkpe00-kpeperfi/es/contenidos/anuncio_contratacion/expjaso740313/es_doc/index.html
Licitaciones;Servicios de promoción y difusión de las Oficinas Locales de Transición Energética de Andalucía (OLTEAN);Sociedad Andaluza para el Desarrollo de las Telecomunicaciones, S.A. (SANDETEL);servicios;En plazo;13/10/2026;;190550,9;https://www.juntadeandalucia.es/haciendayadministracionpublica/apl/pdc_sirec/perfiles-licitaciones/detalle-licitacion.jsf?idExpediente=1008188
Licitaciones;contratación del servicio de vigilancia y conexión cra para el parque deportivo la garza de linares;Empresa Pública para la Gestión del Turismo y el Deporte de Andalucía, S.A.;servicios;En plazo;03/11/2026;;182485,49;https://www.juntadeandalucia.es/haciendayadministracionpublica/apl/pdc_sirec/perfiles-licitaciones/detalle-licitacion.jsf?idExpediente=1011620
Licitaciones;"Servicio de dirección facultativa en las obras de ""Galdakaoko emakumeen etxea""";Ayuntamiento de Galdakao-Alcalde;servicios;En plazo;22/10/2026;;180129,28;https://www.contratacion.euskadi.eus/webkpe00-kpeperfi/es/contenidos/anuncio_contratacion/expjaso744842/es_doc/index.html
Licitaciones;L’objecte del present contracte és la contractació del serveis de poda per l’hivern 2026-2027 sobre l’arbrat urbà viari de gran format i de l’arbre en centres escolars de Santa Perpètua de Mogoda conforme a les característiques i el detall que figuren en el Plec de clàusules administratives particularsi en el Plec de Prescripcions Tècniques.;Ajuntament de Santa Perpètua de Mogoda;servicios;En plazo;19/10/2026;;177696,21;https://contractaciopublica.cat/ca/detall-publicacio/59a9b5ca-e426-4df4-8a05-369900a00b78/300861223
Licitaciones;"El contrato tiene por objeto la contratación del servicio completo que contempla la creación, instalación, desarrollo, implantación, configuración, mantenimiento, soporte técnico y formación de un servicio integral que permita a la Comunidad de Madrid disponer de una solución tecnológica completa para la realización de autoexámenes que comprendan las pruebas para el ejercicio de la profesión de conductor de vehículos de arrendamiento con conductor (VTC) en la Comunidad de Madrid. &nbsp;";Consejería de Vivienda, Transportes e Infraestructuras;servicios;En plazo;09/10/2026;;176568,24;https://contratos-publicos.comunidad.madrid/contrato-publico/servicios-implantacion-gestion-puesta-marcha-sistema-autoexamen-cabinas
Licitaciones;desarr.e impl.herramienta mod.gestion y dif. inf. geografica y ambiental;Agencia de Medio Ambiente y Agua de Andalucía;servicios;En plazo;20/10/2026;;173934,08;https://www.juntadeandalucia.es/haciendayadministracionpublica/apl/pdc_sirec/perfiles-licitaciones/detalle-licitacion.jsf?idExpediente=1013658
Licitaciones;Instalación de cocina in situ en el CEIP Aiete HLHI de Donostia (Gipuzkoa).;Gobierno Vasco-Dirección de Gestión Económica;obras;En plazo;22/10/2026;;172250,01;https://www.contratacion.euskadi.eus/webkpe00-kpeperfi/es/contenidos/anuncio_contratacion/expjaso745302/es_doc/index.html
Licitaciones;Contratación de servicios para la actualización y mejora de auditorías y certificaciones energéticas de 36 edificios de laDiputación Foral deGipuzkoa.;Diputación Foral de Gipuzkoa-Diputado/a Foral de Medio Ambiente y Obras Hidráulicas;servicios;En plazo;19/10/2026;;170121,88;https://www.contratacion.euskadi.eus/webkpe00-kpeperfi/es/contenidos/anuncio_contratacion/expjaso739552/es_doc/index.html
Licitaciones;suministro de productos alimenticios y bebidas para el comedor del centro d;Delegación Territorial de Sostenibilidad y Medio Ambiente en Jaén;suministros;En plazo;19/10/2026;;169907,37;https://www.juntadeandalucia.es/haciendayadministracionpublica/apl/pdc_sirec/perfiles-licitaciones/detalle-licitacion.jsf?idExpediente=1008012
Licitaciones;Alienació onerosa, mitjançant CONCURS PÚBLIC, de les parcel·les 021-01 EM (eixample modern) i 025-02 CR (cases en reglera) del sector UAR-1 de la Selva del Camp, en un lot únic, de titularitat municipal i naturalesa patrimonial. Ambdues parcel·les formen part del Patrimoni Municipal de Sòl i Habitatge.;Ajuntament de la Selva del Camp;administrativo especial;En plazo;22/10/2026;;166322;https://contractaciopublica.cat/ca/detall-publicacio/d81c0496-be27-415f-8ffb-9bfbabdae2c4/300814519
Licitaciones;Servicio de limpieza, mantenimiento preventivo y correctivo de los equipos de respiración autónoma, del centro ERA y de los equipos aislantes semi autónomos del Instituto de Seguridad Pública de Cataluña , servicio de formación para el personal que opere con los equipos de revisiones de máscaras y suministro de material de limpieza y recambios por máscaras de aire durante el año 2027.;Institut de Seguretat Pública de Catalunya;servicios;En plazo;29/10/2026;;166105,76;https://contractaciopublica.cat/ca/detall-publicacio/cc760999-eb4f-4d85-a42a-9d1dd9113b45/300895580
Licitaciones;Obras de reforma de la cubierta del edificio de la Ferrería de El Pobal;BIZKAIKOA EPEF-Consejo de Administración;obras;En plazo;02/11/2026;;163651,17;https://www.contratacion.euskadi.eus/webkpe00-kpeperfi/es/contenidos/anuncio_contratacion/expgebizkaia3672573/es_doc/index.html
Licitaciones;Obras de renovación de la pavimentación de la urbanización interior Foru kalea 1-3-5-7 y Nekolalde kalea 18-20-22-24;Ayuntamiento de Beasain-Junta de Gobierno Local;obras;En plazo;28/10/2026;;160331,41;https://www.contratacion.euskadi.eus/webkpe00-kpeperfi/es/contenidos/anuncio_contratacion/expjaso744255/es_doc/index.html
Licitaciones;Rehabilitación de cubierta y drenaje perimetral de la edificación principal del centro de recuperación de la fauna de Martioda;Diputación Foral de Álava-Diputado/a Foral de Fomento del Empleo, Comercio y Turismo y de Administración Foral;obras;En plazo;21/10/2026;;152342,47;https://www.contratacion.euskadi.eus/webkpe00-kpeperfi/es/contenidos/anuncio_contratacion/expjaso744555/es_doc/index.html
Licitaciones;Prestació de serveis d’execució d’una intervenció comunitària orientada a la millora del benestar emocional i la salut social de la població adulta al Barri de la Verneda i la Pau, Districte Sant Martí;Agència de Salut Pública de Barcelona;999;En plazo;19/10/2026;;151208,22;https://contractaciopublica.cat/ca/detall-publicacio/4636bba0-58d2-4651-8740-06490cae17ac/300899091
Licitaciones;Contracte de serveis per a la prestació del servei de transport de viatgers a la demanda corresponent a l'àrea territorial de l'Alt Urgell: Lot 1: Línia 18. Coll de Nargó - Montanissell Lot 2: Línia 23. Montant de Tost - La Seu d'Urgell Lot 3: Línia 24. Ossera - La Seu d'Urgell;Consell Comarcal de l'Alt Urgell;servicios;En plazo;19/10/2026;;151182,72;https://contractaciopublica.cat/ca/detall-publicacio/d1caca1c-22a7-40ad-bb68-76b6cbc32d80/300898558
Licitaciones;Servei de corredoria per a les assegurances de la societat municipal La Farga, GEM,S.A.;La Farga, Gestió d'Equipaments Municipals de l'Hospitalet de Llobregat, SA;servicios;En plazo;19/10/2026;;150000;https://contractaciopublica.cat/ca/detall-publicacio/a549b9da-915e-48a3-8704-d0ce94abf452/300897945
Licitaciones;EEI-2026-0060: Servicio para la realización de un estudio de viabilidad económico-industrial para promover la recuperación del cultivo y la transformación industrial del lino en Galicia.;Consellería de Economía e Industria;servicios;En plazo;09/10/2026;;150000;https://www.contratosdegalicia.gal/licitacion?N=829203
Licitaciones;Serveis especialitzats d’analítica digital, anàlisi, optimització i seguiment del posicionament del portal web Catalunya.com en motors de cerca i en entorns digitals basats en intel·ligència artificial (SEO/SEM/AEO/GEO), amb l’objectiu de millorar-ne la visibilitat, el rendiment i la capacitat de captació en mercats nacionals i internacionals.;Agència Catalana de Turisme;servicios;En plazo;23/10/2026;;149572,22;https://contractaciopublica.cat/es/detall-publicacio/101ffc8f-49b8-4944-8917-f8fe4a52b56f/300898329
Licitaciones;Obras de adecuación de la planta primera del centro municipal de Fuente de la salud, 4;Ayuntamiento de Vitoria-Gasteiz-Junta de Gobierno Local;obras;En plazo;26/10/2026;;149342,51;https://www.contratacion.euskadi.eus/webkpe00-kpeperfi/es/contenidos/anuncio_contratacion/expjaso744309/es_doc/index.html
Licitaciones;"Servicio de mantenimiento integral de todas&nbsp;&nbsp; las camas de hospitalización, cuidados críticos y cunas instaladas en el Hospital Universitario 12 de Octubre.";Hospital Universitario 12 de Octubre;servicios;En plazo;27/10/2026;;148084,04;https://contratos-publicos.comunidad.madrid/contrato-publico/servicio-mantenimiento-integral-todas-camas-hospitalizacion-cuidados-criticos
Licitaciones;L’objecte d’aquest contracte consisteix en la redacció d’un Projecte Bàsic i d’Execució i l’estudi de Seguretat i Salut de la remodelació de la piscina del Poliesportiu Ricart, que desenvolupi l’avantprojecte elaborat per la firma Soldevila Soldevila Soldevila Arquitectes (febrer de 2023), on queden definides les mancances que actualment presenta la instal·lació i la proposta arquitectònica per la seva esmena.;Ajuntament de Sant Adrià de Besòs;servicios;En plazo;17/10/2026;;147136,59;https://contractaciopublica.cat/ca/detall-publicacio/51675cde-eaf5-4f76-b2ae-c1858ad57709/300898770
Licitaciones;Proyecto constructivo de acera en la calle Euskal Herria Nº81, en el PK 2,400 de la carretera GI 2130 en Ibarra (2-SV-25/2026);Diputación Foral de Gipuzkoa-Dirección General de Infraestructuras Viarias;obras;En plazo;23/10/2026;;145454,23;https://www.contratacion.euskadi.eus/webkpe00-kpeperfi/es/contenidos/anuncio_contratacion/expjaso743755/es_doc/index.html
Licitaciones;Manteniment de franges perimetrals i zones verdes municipals per a la prevenció d'incendis forestals;Ajuntament de Palafrugell;servicios;En plazo;19/10/2026;;145358,49;https://contractaciopublica.cat/ca/detall-publicacio/045859ee-9627-4dd9-92ab-11918c241b65/300897927
Licitaciones;ECE-2026-0041: Contratación del servicio de limpieza de las oficinas de empleo de la provincia de Lugo;Consellería de Emprego, Comercio e Emigración;servicios;En plazo;13/10/2026;;144574,14;https://www.contratosdegalicia.gal/licitacion?N=829234
Licitaciones;Serveis relacionats amb l’àmbit de l’arquitectura per a l’activitat puntual de redacció del projecte, i la posterior direcció d’obra per a realitzar una intervenció als entorns de la Ciutadella Ibèrica.;Ajuntament de Calafell;servicios;En plazo;13/10/2026;;142516,88;https://contractaciopublica.cat/ca/detall-publicacio/36ad9dfe-fb92-4e89-bf77-1a142a9174d8/300897910
Licitaciones;AMT-2026-0131: Servicio de desarrollo de nuevas funcionalidades, soporte, operación y mantenimiento del gestor de expedientes de conservación de carreteras, EXCON;Axencia para a Modernización Tecnolóxica de Galicia (AMTEGA);servicios;En plazo;30/10/2026;;139392;https://www.contratosdegalicia.gal/licitacion?N=829231
Licitaciones;El present contracte té per objecte completar les obres corresponents al projecte de rehabilitació redactat pel tècnic Sr. Eduard Vilà Barbé, després de la resolució anticipada del contracte anterior adjudicat per SMHAUSA, limitant-se exclusivament a les unitats d'obra pendents d'execució segons la documentació tècnica incorporada a l'expedient. L’objecte d’aquest contracte es troba finançat amb fons Next Generation dins del Pla de Recuperació, Transformació i Resiliència i, per tant, finançat per la Unió Europea-NextGenerationEU amb la referència RT-00389-25. Reial Decret 853/2021, de 5 d’octubre, pel qual es regulen els programes d’ajuts en matèria de rehabilitació residencia i habitatge social del Pla de Recuperació, Transformació i Resiliència.;SERVEI MUNICIPAL DE L'HABITATGE I ACTUACIONS URBANES SA;obras;En plazo;30/10/2026;;137976;https://contractaciopublica.cat/ca/detall-publicacio/a940e9b0-124b-42f1-a579-21432655d30c/300888167
Licitaciones;Servei de Neteja de l’Institut Castellarnau, de Sabadell;Centres educatius - Serveis Territorials al Vallès Occidental;servicios;En plazo;20/10/2026;;137810,4;https://contractaciopublica.cat/ca/detall-publicacio/e8773afe-684c-423e-b1a7-02ab6faa3dc6/300897978
Licitaciones;Contrato mixto de suministro y servicios de sonorización, audiovisuales y grabación derivados de la celebración de los actos institucionales;Ajuntament de Badalona;suministros;En plazo;29/10/2026;;134963,32;https://contractaciopublica.cat/ca/detall-publicacio/669704ab-7367-4901-9524-9324327fe7ee/300892790
Licitaciones;servicio mudanza y transporte para los oojj de malaga y prov;Delegación Territorial de Justicia, Administración Local y Función Pública en Málaga;servicios;En plazo;21/10/2026;;131142;https://www.juntadeandalucia.es/haciendayadministracionpublica/apl/pdc_sirec/perfiles-licitaciones/detalle-licitacion.jsf?idExpediente=1008478
Licitaciones;"Contracte de serveis per a l'assistència tècnica de coordinació de seguretat i salut de les obres del Projecte constructiu del ""Nou tramvia del Camp de Tarragona dels Ferrocarrils de la Generalitat de Catalunya. Fase 3: Viaducte a l’Av. de Ramon d’Olzina i nou pas inferior d’accés a Vila-seca Estació"". Clau: PC-FNT-22013.1.2.F3";Infraestructures de la Generalitat de Catalunya, SAU;servicios;En plazo;19/10/2026;;129484,55;https://contractaciopublica.cat/ca/detall-publicacio/c613d9fe-25cf-4e13-936b-9e342d638118/300897810
Licitaciones;Suministro de peróxido de hidrógeno en solución al 35% a granel en cisternas y en contenedores en ETAP;Canal de Isabel II, S.A.;suministros;En plazo;14/10/2026;;127440;https://contratos-publicos.comunidad.madrid/contrato-publico/suministro-peroxido-hidrogeno-solucion-35-granel-cisternas-contenedores-etap
Licitaciones;*Veure clàusula 1 PCAP Contracte d’obres amb contractació conjunta de la redacció del projecte i de l’execució de les obres, atès que, amb caràcter excepcional, es considera necessari vincular la redacció del projecte amb la seva posterior execució, d’acord amb els motius d’ordre tècnic previstos a l’article 234.1 de la LCSP.;Ajuntament de Premià de Mar;obras;En plazo;23/10/2026;;123966,94;https://contractaciopublica.cat/ca/detall-publicacio/0c5714ea-ccd3-44a1-b42c-0f3daa495cbc/300896863
Licitaciones;L’objecte del contracte és el subministrament del material d’obra necessari pel manteniment integral de la via pública i dels edificis de titularitat municipal de Canet de Mar, incloent-hi, si fos precís, el transport i emmagatzematge d’aquest material.;Ajuntament de Canet de Mar;suministros;En plazo;19/10/2026;;123578,61;https://contractaciopublica.cat/ca/detall-publicacio/99e57aaa-70f2-45b5-8073-f62fc9d32356/300894942
Licitaciones;El objetivo de este contrato es garantizar el uso de los equipos multifuncionales e impresoras para atender las necesidades de impresión, escaneo y gestión de documentos en las dependencias del Ayuntamiento de Bermeo, mediante el alquiler de suministros, así como el servicio de mantenimiento integral de los mismos.;Ayuntamiento de Bermeo-Alcalde;999;En plazo;02/10/2026;;121476,48;https://www.contratacion.euskadi.eus/webkpe00-kpeperfi/es/contenidos/anuncio_contratacion/expjaso741269/es_doc/index.html
Licitaciones;"L’objecte del contracte és l’execució de les obres corresponents al «Projecte executiu de millora i pavimentació de diferents carrers i accessos al municipi de Bellaguarda», redactat per l’arquitecte tècnic Sergi Mateu Vidal, per encàrrec de l’Ajuntament de Bellaguarda. Les obres tenen per finalitat la reurbanització, millora, pavimentació i dotació de serveis urbans de diversos vials i accessos municipals, i comprenen principalment les actuacions següents: els accessos municipals a l’escorxador/rentador de vehicles i al tanatori, així com els tres vials identificats al projecte com a Carrer 1, Carrer 2 i Carrer 3, situats a l’entorn del passeig de Migdia. L’actuació inclou, segons les necessitats de cada àmbit, treballs previs, desbrossades, enderrocs i moviments de terres; regularització i compactació dels terrenys; execució d’obres de contenció; pavimentació de calçades i voreres; ordenació i pavimentació de la zona d’aparcament del tanatori; implantació i adequació de xarxes de sanejament d’aigües residuals i pluvials; instal·lació d’enllumenat públic; i totes les obres auxiliars i complementàries necessàries per a la completa execució de les actuacions projectades. L’execució del contracte s’haurà d’ajustar al projecte executiu aprovat i a la resta de documents que integren l’expedient de contractació, incloent-hi la memòria, documentació gràfica, plecs de condicions, amidaments i pressupost, estudi bàsic de seguretat i salut i pla de control de qualitat.";Ajuntament de Bellaguarda;obras;En plazo;22/10/2026;;119092,61;https://contractaciopublica.cat/ca/detall-publicacio/b2ed1b53-af32-43ae-a164-0aa18e30ecaa/300897897
Licitaciones;Serveis de disseny gràfic, retoc d’imatges, adaptació, maquetació, producció, instal·lació, manteniment, distribució, supervisió i retirada dels diferents elements de comunicació i publicitat, així com de suport a la coordinació de la campanya del festival Dansa Metropolitana 20227, amb mesures de contractació pública sostenible.;Institut de Cultura de Barcelona;servicios;En plazo;20/10/2026;;115702,48;https://contractaciopublica.cat/ca/detall-publicacio/81480e5c-c525-4893-be79-156e45095156/300896932
Licitaciones;Substitució del paviment i pintat de les línies de camp al pavelló Torrentó;Ajuntament de Bordils;obras;En plazo;22/10/2026;;109261,88;https://contractaciopublica.cat/ca/detall-publicacio/955cf927-f063-418f-a825-225cb0f389a7/300893364
Licitaciones;obres incloses en el projecte executiu de reparació de coberta i altres danys a l’equipament municipal del Consell de Riumar – Edifici Àgora com a conseqüència de la DANA ALICE de 12 d'octubre de 2025;Ajuntament de Deltebre;obras;En plazo;28/10/2026;;108446,55;https://contractaciopublica.cat/ca/detall-publicacio/8c10618d-6b58-43de-8733-867833912d9a/300898336
Licitaciones;Servicio de redacción del proyecto básico y de ejecución, dirección facultativa completa y coordinación de seguridad y salud en fase de ejecución de las obras de subsanación de las deficiencias detectadas en la Inspección técnica de edificios en el Hospital Universitario de la Princesa.;Hospital Universitario de La Princesa;servicios;En plazo;19/10/2026;;108100;https://contratos-publicos.comunidad.madrid/contrato-publico/redaccion-proyecto-basico-ejecucion-direccion-facultativa-completa-coordinacion
Licitaciones;El objeto del contrato se refiere a la contratación del servicio de limpieza de las oficinas y zonas comunes de inmuebles gestionados por el Servei Municipal de l'Habitatge i Actuacions Urbanes, SA (en lo sucesivo, SMHAUSA), y de acuerdo con las especificaciones del Pliego de Prescripciones técnicas particulares.;SERVEI MUNICIPAL DE L'HABITATGE I ACTUACIONS URBANES SA;servicios;En plazo;09/11/2026;;106596;https://contractaciopublica.cat/ca/detall-publicacio/8295ab25-ba4d-4ee8-85a4-2c8db5f602a7/300893078
Licitaciones;Subministrament d'instrumental quirúrgic pel Consorci Sanitari Integral;Consorci Sanitari Integral;suministros;En plazo;15/10/2026;;106056,98;https://contractaciopublica.cat/ca/detall-publicacio/2a8a9470-ac49-4926-b620-7fa2001a612b/300898636
Licitaciones;AMT-2026-0136: Servicio de apoyo en los procesos de definición e implantación de la integración de los sistemas TI de la entidad pública empresarial Portos de Galicia en la AMTEGA;Axencia para a Modernización Tecnolóxica de Galicia (AMTEGA);servicios;En plazo;27/10/2026;;105270;https://www.contratosdegalicia.gal/licitacion?N=829205
Licitaciones;Subministrament de proteccions radiologiques per a tots els centres del Consorci Sanitari Integral;Consorci Sanitari Integral;suministros;En plazo;13/10/2026;;99600;https://contractaciopublica.cat/ca/detall-publicacio/1555050b-ec3e-4871-8404-fbd309808de8/300898535
Licitaciones;Adquisició de dos compactadors per a la transferència de residus amb una caixa tancada de 30m3 i una tolva adaptada a moll existent a les deixalleries de Montblanc i de Santa Coloma de Queralt;Consell Comarcal de la Conca de Barberà;suministros;En plazo;16/10/2026;;98800;https://contractaciopublica.cat/ca/detall-publicacio/81155e2c-bebb-427b-a05f-d4c560689766/300898158
Licitaciones;El objeto del contrato es el suministro de mochilas, con destino al alumnado del curso de formación básica para policías (2027-2028) de la Escuela de Policía de Cataluña del Instituto de Seguridad Pública de Cataluña.;Institut de Seguretat Pública de Catalunya;suministros;En plazo;29/10/2026;;98616;https://contractaciopublica.cat/ca/detall-publicacio/60a19dbd-c4de-47b6-b4ff-eebb46248342/300896367
Licitaciones;Servei de direcció de les obres per al servei de redacció del projecte executiu, memòria ambiental, estudi de seguretat i salut, i execució de les obres de col·locació de gespa natural del camp de futbol Nou Sardenya, al barri del Camp d'en Grassot i Gràcia Nova, al districte de Gràcia, a Barcelona.;Barcelona d'Infraestructures Municipals SA;servicios;En plazo;19/10/2026;;96809,56;https://contractaciopublica.cat/ca/detall-publicacio/74341e59-93b2-4434-ba90-8ddecb8cd0f9/300898635
Licitaciones;Rehabilitar la canonada de sanejament existent als carrers La Bassa, Fassina i Plaça Catalunya, que presenta un estat de deteriorament amb manca de solera en diversos punts, esquerdes i pèrdues per les juntes, per tal de garantir el correcte funcionament, l’estanquitat i la durabilitat de la xarxa municipal de sanejament.;Ajuntament del Palau d'Anglesola;obras;En plazo;22/10/2026;;92730,25;https://contractaciopublica.cat/ca/detall-publicacio/963c145a-156a-497f-aade-f93185c36073/300898222
Licitaciones;Servicio de diseño, desarrollo y ejecución de un programa de sensibilización para fomentar los valores democráticos, la participación ciudadana y el respeto a los derechos humanos;Ayuntamiento de Bilbao-Concejal Delegado de Contratación;servicios;En plazo;19/10/2026;;92400;https://www.contratacion.euskadi.eus/webkpe00-kpeperfi/es/contenidos/anuncio_contratacion/expjaso744642/es_doc/index.html
Licitaciones;Servei de producció tècnica, muntatge i logística de la I Jornada a Catalunya Disfàgia 360º: del coneixement a la pràctica;Consorci Sant Gregori, de Girona;servicios;En plazo;19/10/2026;;92250;https://contractaciopublica.cat/ca/detall-publicacio/7804b633-26b2-4f7d-888e-d9accdce9a14/300899137
Licitaciones;Constitueix l'objecte del contracte és la redacció de projecte i l'execució de les obres d’un circuit de bicicletes i patinets a Santa Eulàlia de Ronçana.;Ajuntament de Santa Eulàlia de Ronçana;obras;En plazo;22/10/2026;;90828,44;https://contractaciopublica.cat/ca/detall-publicacio/9cd9b97b-719a-46ea-92c2-2f643746c24b/300896919
Licitaciones;Fabricación y suministro de hojas de respuesta para exámenes a corregir por el IVAP con lector óptico;Gobierno Vasco-Directora del Instituto Vasco de Administración Pública;suministros;En plazo;02/10/2026;;90000;https://www.contratacion.euskadi.eus/webkpe00-kpeperfi/es/contenidos/anuncio_contratacion/expjaso740206/es_doc/index.html
Licitaciones;Servei de manteniment de les instal·lacions fotovoltaiques situades a diversos edificis de la Diputació de Barcelona;Diputació de Barcelona;servicios;En plazo;22/10/2026;;89681,12;https://contractaciopublica.cat/ca/detall-publicacio/3cb1700d-201a-4ba4-847f-cb4a3442acb1/300897929
Licitaciones;Suministro, instalación y puesta en funcionamiento de equipamiento con destino al servicio de microbiología del hospital universitario 12 de Octubre;Hospital Universitario 12 de Octubre;suministros;En plazo;13/10/2026;;87100;https://contratos-publicos.comunidad.madrid/contrato-publico/suministro-instalacion-puesta-funcionamiento-equipamiento-destino-servicio
Licitaciones;Contractació de les obres de reposició de canonades de la xarxa de clavegueram 2026;Ajuntament de Calonge i Sant Antoni;obras;En plazo;02/11/2026;;85939,59;https://contractaciopublica.cat/ca/detall-publicacio/dca27720-22b2-4083-acaa-882c698c6af2/300893680
Licitaciones;L’objecte del contracte és la prestació del servei d’impressió de factures de consum, cartes PDF,comunicacions electròniques i treballs relacionats, d’acord amb allò que preveu el plec de prescripcions tècniquesparticulars (PPTP) de la licitació.;Empresa Municipal d'Aigües de Vilafranca, SA;servicios;En plazo;11/10/2026;;84326,4;https://contractaciopublica.cat/ca/detall-publicacio/122cb219-a8c4-4429-b097-6c84beee55a8/300898798
Licitaciones;Adquisición de suscripciones de software en la nube para la gestión del canal de denuncias;Centro de Cálculo de Álava, S.A.-Centro de Cálculo de Álava, S.A.;servicios;En plazo;19/10/2026;;81818,19;https://www.contratacion.euskadi.eus/webkpe00-kpeperfi/es/contenidos/anuncio_contratacion/expjaso743895/es_doc/index.html
Licitaciones;contratación del suministro de reactivos para la determinacion de biomarcadores específicos en sangre y líquido cefalorraquídeo para la detección precoz de enfermedad de alzheimer en casos clínicos definidos para la fundacion pública andaluza progreso y salud m.p.;Fundación Pública Andaluza Progreso y Salud;suministros;En plazo;16/10/2026;;81645,74;https://www.juntadeandalucia.es/haciendayadministracionpublica/apl/pdc_sirec/perfiles-licitaciones/detalle-licitacion.jsf?idExpediente=1013398
Licitaciones;L'objecte del present contracte és la regulació i gestió de la contractació dels serveis i subministraments per cobrir les necessitats per la instal·lació, muntatge, lloguer i desenvolupament en el marc de la celebració de la Fira de Nadal i Fira de l'Artesania 2026, organitzades per Mercats de Tarragona, SA.;Mercats de Tarragona, SA;suministros;En plazo;19/10/2026;;80785,28;https://contractaciopublica.cat/ca/detall-publicacio/7c4840cb-09e1-428b-8bbd-32710db5cd7f/300896936
Licitaciones;L’objecte de la present contractació és la impressió i distribució dels elements de comunicació, com són els fulletons i vinils adhesius, per a la publicitat i comunicació als usuaris de les noves tarifes i gammes de títols, i per a les diverses campanyes que s’efectuïn al llarg del període d’execució del contracte, tot amb l’objectiu de fer arribar als usuaris la informació relativa al transport públic per mitjà d’un suport físic.;Autoritat del Transport Metropolità, Consorci per a la coordinació del sistema metropolità del transport públic de l'àrea de Barcelona;servicios;En plazo;19/10/2026;;79318,28;https://contractaciopublica.cat/ca/detall-publicacio/5ba7da38-90b2-41df-a957-6c51b84f380f/300899078
Licitaciones;redacción proyecto técnico y dirección de obra de ampliación de las instalaciones deportivas municipales;Junta de Gobierno Local;servicios;En plazo;31/10/2026;;78750;https://hacienda.navarra.es/sicpportal/mtoAnunciosModalidad.aspx?cod=2610020950284CAF8BCA
Licitaciones;ECAO 9879/2026 - Obres definides en la “Memòria valorada dels treballs d’instal·lació de nous punts de llum al barri de Can Tusell – 2026”, amb criteris de contractació pública ecològica.;Ajuntament de Terrassa;obras;En plazo;20/10/2026;;77579,51;https://contractaciopublica.cat/ca/detall-publicacio/0665e850-72b1-481f-b65b-3e0da61ee9a8/300897095
Licitaciones;Servei de recollida i tractament de matalassos procedents de les deixalleries comarcals de la Conca de Barberà;Consell Comarcal de la Conca de Barberà;servicios;En plazo;16/10/2026;;77044;https://contractaciopublica.cat/ca/detall-publicacio/d7151d88-77ef-46e7-8fe0-6bc5479a67d1/300898169
Licitaciones;Suministro de cestas de navidad para el ayuntamiento de getxo;Ayuntamiento de Getxo-Junta de Gobierno;suministros;En plazo;16/10/2026;;77000;https://www.contratacion.euskadi.eus/webkpe00-kpeperfi/es/contenidos/anuncio_contratacion/expgegetxo1006596/es_doc/index.html
Licitaciones;Gestión de la Oficina de Acogida(Harrera Bulegoa) de Vitoria- Gasteiz;Ayuntamiento de Vitoria-Gasteiz-Concejala-Delegada del Departamento de Alcaldía y Relaciones Institucionales e igualdad;servicios;En plazo;05/10/2026;;76570,25;https://www.contratacion.euskadi.eus/webkpe00-kpeperfi/es/contenidos/anuncio_contratacion/expjaso740981/es_doc/index.html
Licitaciones;Contracte de subministrament i instal·lació d'un depressor i una bomba de pressió en un camió cisterna pel departament de sanejament de Cicle de l'Aigua del Ter, SA., (CATSA), ubicat al municipi de Girona.;Cicle de l'Aigua del Ter, SA;suministros;En plazo;16/10/2026;;74800;https://contractaciopublica.cat/ca/detall-publicacio/d2a27cbf-d665-466f-9339-3895a05f4e8d/300898269
Licitaciones;Servei de neteja de l’Institut Forat del Vent, de Cerdanyola del Vallès;Centres educatius - Serveis Territorials al Vallès Occidental;servicios;En plazo;20/10/2026;;73990,8;https://contractaciopublica.cat/ca/detall-publicacio/f805df22-3a3a-40e8-959b-e41e4ae8a14f/300898139
Licitaciones;Servicio de limpieza del Instituto Lluís Domènech i Montaner;Centres educatius - Serveis Territorials a Tarragona;servicios;En plazo;19/10/2026;;72120,4;https://contractaciopublica.cat/ca/detall-publicacio/952370e7-10c1-49ac-b95f-4e6d8c7dc2eb/300897011
Licitaciones;"Este contrato tiene por objeto el Suministro, instalación y puesta en funcionamiento de una torre de&nbsp;videocistoscopia, 3 videocistoscopios flexibles reutilizables y 1 cistoscopio rígido reutilizable para el Servicio de Urología del Hospital Universitario Fundación Alcorcón";Hospital Universitario Fundación Alcorcón;suministros;En plazo;08/10/2026;;70247,93;https://contratos-publicos.comunidad.madrid/contrato-publico/suministro-instalacion-puesta-funcionamiento-torre-videocistoscopia-3
Licitaciones;Obras de adecuación de centro municipal Adriano VI nº9;Ayuntamiento de Vitoria-Gasteiz-Junta de Gobierno Local;obras;En plazo;26/10/2026;;70173,4;https://www.contratacion.euskadi.eus/webkpe00-kpeperfi/es/contenidos/anuncio_contratacion/expjaso744269/es_doc/index.html
Licitaciones;El suministro, instalación, puesta en marcha y formación para su uso de un sistema de deposición de capas delgadas mediante pulverización catódica magnetrón por radiofrecuencia (RF magnetron sputtering).;Fundación BCMaterials - Basque Center for Materials, Applications and Nanostructures-Gerente;suministros;En plazo;12/10/2026;;70000;https://www.contratacion.euskadi.eus/webkpe00-kpeperfi/es/contenidos/anuncio_contratacion/expjaso743447/es_doc/index.html
Licitaciones;Suministro de medicamentos veterinarios y material fungible sanitario para el centro de protección animal del Ayuntamiento de Vitoria-Gasteiz durante los años 2027 y 2028;Ayuntamiento de Vitoria-Gasteiz-Concejala-Delegada del Departamento de Deporte, Salud y Cooperación al desarrollo;suministros;En plazo;05/10/2026;;68436,76;https://www.contratacion.euskadi.eus/webkpe00-kpeperfi/es/contenidos/anuncio_contratacion/expjaso743076/es_doc/index.html
Licitaciones;Suministro, instalación y puesta en marcha de 1 mesa quirúrgica de altas prestaciones con columna móvil y tablero no intercambiable adaptable a procesos quirúrgicos complejos o específicos para el bloque quirúrgico (q 4.4);Hospital Universitario de La Princesa;suministros;En plazo;19/10/2026;;67000;https://contratos-publicos.comunidad.madrid/contrato-publico/suministro-instalacion-puesta-marcha-1-mesa-quirurgica-altas-prestaciones-0
Licitaciones;Suministro de sillas para el Palacio de Congresos Europa;Ayuntamiento de Vitoria-Gasteiz-Concejala-Delegada del Departamento de Promoción Económica, Empleo, Comercio y Turismo;suministros;En plazo;19/10/2026;;66115,7;https://www.contratacion.euskadi.eus/webkpe00-kpeperfi/es/contenidos/anuncio_contratacion/expjaso743855/es_doc/index.html
Licitaciones;Servicio de limpieza del Instituto Torredembarra;Centres educatius - Serveis Territorials a Tarragona;servicios;En plazo;19/10/2026;;65720,4;https://contractaciopublica.cat/ca/detall-publicacio/034bc104-c471-4ac7-8311-3d4727b9877c/300897572
Licitaciones;contratación de servicios externos de gestión y evaluación de proyectos de competencias profesionales de gestión y servicios para la agencia de calidad sanitaria de andalucía (acsa) por procedimiento abierto no sujeto a regulación armonizada.;Fundación Pública Andaluza Progreso y Salud;servicios;En plazo;20/10/2026;;65505;https://www.juntadeandalucia.es/haciendayadministracionpublica/apl/pdc_sirec/perfiles-licitaciones/detalle-licitacion.jsf?idExpediente=1009362
Licitaciones;Suministro, instalación y puesta en funcionamiento de equipamiento para el Servicio de Rehabilitación del Hospital Universitario 12 de Octubre, en el marco de la ejecución progresiva de la dotación del servicio;Hospital Universitario 12 de Octubre;suministros;En plazo;27/10/2026;;65230;https://contratos-publicos.comunidad.madrid/contrato-publico/suministro-instalacion-puesta-funcionamiento-equipamiento-servicio-rehabilitacion
Licitaciones;Servicios de Asistencia Técnica para la Redacción del Proyecto “Renovación de la Red de Saneamiento en el municipio de Colmenar del Arroyo. Fase II (Plan Sanea 2500)”. CYII 2026/56.;Canal de Isabel II, Ente Público;servicios;En plazo;20/10/2026;;61875,25;https://contratos-publicos.comunidad.madrid/contrato-publico/servicios-asistencia-tecnica-redaccion-proyecto-renovacion-red-saneamiento-3
Licitaciones;Suministro, instalación y puesta en funcionamiento de una Mesa de Tallado para el Servicio de Anatomía Patológica del Hospital Universitario de Móstoles.;Hospital Universitario de Móstoles;suministros;En plazo;06/10/2026;;61000;https://contratos-publicos.comunidad.madrid/contrato-publico/suministro-instalacion-puesta-funcionamiento-mesa-tallado-servicio-anatomia
Licitaciones;Rehabilitación del tejado del ambulatorio de Segura;Ayuntamiento de Segura-Alcalde;obras;En plazo;05/10/2026;;60130,4;https://www.contratacion.euskadi.eus/webkpe00-kpeperfi/es/contenidos/anuncio_contratacion/expjaso743232/es_doc/index.html
Licitaciones;Servei de vigilància amb presència física sense arma a la Regidoria d’Igualtat, Feminisme i LGTBI.;Ajuntament de Vilanova i la Geltrú;servicios;En plazo;19/10/2026;;60000;https://contractaciopublica.cat/ca/detall-publicacio/c2fbad93-7164-4f85-ae04-33fe88dc02fb/300898378
Licitaciones;Diseño, modernización, desarrollo, implantación, puesta en producción y mantenimiento de la nueva página web MUGI.;Autoridad Territorial del Transporte de Gipuzkoa-Directora general;servicios;En plazo;13/10/2026;;60000;https://www.contratacion.euskadi.eus/webkpe00-kpeperfi/es/contenidos/anuncio_contratacion/expjaso740661/es_doc/index.html
Licitaciones;Este contrato tiene por objeto la adquisición del suministro de licencia de uso de plataforma de registro horario mediante la prestación, implantación, parametrización, mantenimiento y soporte de solución integral de modalidad SaaS para el registro de control horario del personal, financiado por ADM-Fondos propios de la Fundación.;Fundación para la Investigación Biomédica del Hospital Gregorio Marañón;suministros;En plazo;19/10/2026;;59990;https://contratos-publicos.comunidad.madrid/contrato-publico/suministro-licencia-uso-plataforma-registro-horario-fibhgm-fibhgm-pa-13-2026
Licitaciones;pass. 265/2026 sevilla (0000864/2026) contratación del suministro, instalación y puesta en funcionamiento de un congelador biológico para el centro de transfusión, tejidos y células de sevilla, centro adscrito a la central provincial de compras de sevilla del servicio andaluz de salud, mediante procedimiento abierto simplificado abreviado (supersimplificado), tramitación urgente y presentación electrónica de ofertas;Servicio Andaluz de Salud;suministros;En plazo;09/10/2026;;59900;https://www.juntadeandalucia.es/haciendayadministracionpublica/apl/pdc_sirec/perfiles-licitaciones/detalle-licitacion.jsf?idExpediente=1013395
Licitaciones;planificación, organización y desarrollo iv jornadas proa+;Consejería de Desarrollo Educativo y Formación Profesional. Secretaría General Técnica (En Transición);servicios;En plazo;16/10/2026;;59833,2;https://www.juntadeandalucia.es/haciendayadministracionpublica/apl/pdc_sirec/perfiles-licitaciones/detalle-licitacion.jsf?idExpediente=1013601
Licitaciones;És objecte del present plec la contractació del subministrament d’un del subministrament d’equipament informàtic i accessoris necessaris per al desenvolupament de les funcions del personal del Centre de la Propietat Forestal.;Centre de la Propietat Forestal;suministros;En plazo;13/10/2026;;59510;https://contractaciopublica.cat/ca/detall-publicacio/188e6cdd-8cd5-4aaf-ad0f-5560ccb160d7/300898278
Licitaciones;Subministrament d’un equip de PCR quantitativa i el servei de manteniment associat per poder realitzar els estudis genètics dels pacients amb neoplàsies hematològiques de l’Institut Català d’Oncologia;Institut Català d'Oncologia (ICO);suministros;En plazo;20/10/2026;;58000;https://contractaciopublica.cat/ca/detall-publicacio/26592aea-38fa-4b8e-9695-ef9b5cec20c9/300896295
Licitaciones;Organización, gestión y dinamización del consejo educativo municipal;Ayuntamiento de Durango-Alcaldía;servicios;En plazo;14/10/2026;;57851,24;https://www.contratacion.euskadi.eus/webkpe00-kpeperfi/es/contenidos/anuncio_contratacion/expjaso743735/es_doc/index.html
Licitaciones;Subministrament en règim de rènting sense opció de compra de 3 vehicles;GESTIÓ SANITÀRIA I ASSISTENCIAL DE TORTOSA, SA;suministros;En plazo;19/10/2026;;57600;https://contractaciopublica.cat/ca/detall-publicacio/f2a54475-6f82-4c32-9a53-46c1af713725/300898121
Licitaciones;La redacción de proyecto y dirección de obra de la urbanización de la calle Arkolla;Ayuntamiento de Hondarribia-Alcaldía;servicios;En plazo;07/10/2026;;57409,39;https://www.contratacion.euskadi.eus/webkpe00-kpeperfi/es/contenidos/anuncio_contratacion/expjaso743193/es_doc/index.html
Licitaciones;El objeto del presente pliego es la contratación de un servicio para la realización de Monitorizaciones prolongadas de ECG con Holter textil para monitorizaciones de 30 días necesarios para el ensayo LOSA-HF (Proyecto PI25/00282), para la Fundación para la Investigación Biomédica del Hospital Universitario La Paz.;Fundación para la Investigación Biomédica del Hospital Universitario La Paz;servicios;En plazo;19/10/2026;;56628;https://contratos-publicos.comunidad.madrid/contrato-publico/contrato-servicio-monitorizaciones-prolongadas-ecg-holter-textil-monitorizaciones
Licitaciones;"L'objecte del present contracte és l'execució i legalització de l'obra de modificació de la instal·lació petrolífera de gasoil i l'ampliació de la capacitat d'emmagatzematge als edificis Clúster I i Hèlix del Parc Científic de Barcelona. Aquesta actuació s'executa sota la modalitat ""clau en mà"" i comprèn les següents activitats i prestacions principals: • Desmuntatge i gestió de residus: Retirada parcial de la instal·lació existent, incloent-hi el desmuntatge segur dels equips obsolets i la correcta gestió de residus perillosos (RAFE) d'acord amb la normativa mediambiental vigent. • Subministrament i instal·lació: Fabricació, subministrament, transport i descàrrega de nous dipòsits homologats i canonades, accessoris i equips de gasoil, incloent-hi el posterior muntatge, assemblatge i posada en funcionament. • Connexió i integració: Connexió hidràulica als sistemes existents que es mantenen en servei (dipòsit pulmó i tram de canonada), actualització dels equips de bombeig i incorporació d'un sistema avançat de control i monitoratge per a la gestió remota. • Obra civil i proves: Execució de l'obra civil necessària, instal·lacions de subministrament i instal·lacions auxiliars necessàries, així com la realització de les proves reglamentàries de funcionament i estanquitat i certificació de les mateixes. • Tramitació i legalització: inspecció ECA de la instal·lació, correcció de les variacions en els plànols del projecte executiu segons la instal·lació final realitzada i tramitació de la legalització del departament d’indústria per a la seva posada en servei definitiva.";Fundació Parc Científic de Barcelona;obras;En plazo;19/10/2026;;56612,18;https://contractaciopublica.cat/ca/detall-publicacio/abf62b5e-567a-4883-bc89-9ad00cfd50d3/300898644
Licitaciones;Actuacions de millora del camí de Sant Cugat a Sabadell (carrer de Víctor Hugo), amb l’objectiu de generar una zona de passeig i estada, amb un ambient més verd i més segur, resultant de la instal·lació d’enllumenat i la conversió en zona de vianants d’un tram.;Ajuntament de Sant Cugat del Vallès;obras;En plazo;19/10/2026;;56361,26;https://contractaciopublica.cat/ca/detall-publicacio/638a7bc0-2051-4005-bb67-9c2fb58c8183/300899055
Licitaciones;L’abast del contracte inclou totes les prestacions necessàries per a la migració de l’actual sistema ERP de VNG Aparcaments des de l’entorn Business Central 14, en règim local, cap a l’entorn Microsoft Dynamics 365 Business Central Cloud (en la versió disponible més actual en el moment 6 de l'execució de les feines), així com totes les prestacions necessàries per a la seva posada en servei, estabilització, manteniment, suport i evolució durant la vigència del contracte.;VNG Aparcaments;servicios;En plazo;20/10/2026;;54860;https://contractaciopublica.cat/ca/detall-publicacio/80899e25-7b91-41da-86d6-710c7d2548b6/300897031
Licitaciones;Servicio de Dirección Facultativa para la Obra de Reforma y Humanización del Área de Paritorio y Neonatología del Hospital Universitario de Getafe;Hospital Universitario de Getafe;servicios;En plazo;19/10/2026;;53719,01;https://contratos-publicos.comunidad.madrid/contrato-publico/servicio-direccion-facultativa-obra-reforma-humanizacion-area-paritorio
Licitaciones;Execució de les obres del projecte “Plataforma única del C/ Sant Quintí” de Sant Pere de Riudebitlles.;Ajuntament de Sant Pere de Riudebitlles;obras;En plazo;19/10/2026;;53449,59;https://contractaciopublica.cat/ca/detall-publicacio/3d58a1e6-0175-4207-8d6d-7995788d1877/300899067
Licitaciones;Servei de control de plagues (ddd) al Museu Nacional d’Art de Catalunya, amb mesures de contractació pública responsable social i ambiental;Consorci Museu Nacional d'Art de Catalunya;servicios;En plazo;19/10/2026;;52983;https://contractaciopublica.cat/ca/detall-publicacio/a81b8d0b-a132-4a07-af7c-411ff6767025/300897708
Licitaciones;Equipamiento multimedia para el Salón de Actos Protocolarios del Palacio de Justicia;Sección de Modernización del Servicio Público de Justicia, Dirección General de Justicia eInterior, Consejería de Salud y Políticas Sociales;suministros;En plazo;22/10/2026;;52800;https://www.larioja.org/contratacion-publica/es/licitaciones/consulta-expedientes?homepage=?p_colateral%3D06-4-9.01-0016%2F2027%26p_dia_ini%3D02%26p_mes_ini%3D10%26p_ano_ini%3D2026%26p_dia_fin%3D02%26p_mes_fin%3D10%26p_ano_fin%3D2026%26p_todas%3DN
Licitaciones;Adquisición de mobiliario para la nueva casa consistorial de Riebeira;Concello de Ribeira;suministros;En plazo;08/10/2026;;50603,41;https://www.contratosdegalicia.gal/licitacion?N=829216
Licitaciones;Contractació del subministrament en règim de lloguer dels equips de llum, so i audiovisuals, incloent el transport, la instal·lació, el muntatge i desmuntatge i el servei tècnic especialitzat per a l'escenari del Parc del Migdia durant les Fires de Sant Narcís 2026;Ajuntament de Girona;suministros;En plazo;19/10/2026;;50285;https://contractaciopublica.cat/ca/detall-publicacio/4f62543c-913a-4672-910c-6c2bd740eabb/300898082
Licitaciones;L’objecte del present contracte és l’execució de les obres definides en el Projecte tècnic de reforma de la Plaça de Gallecs per fer-hi una àrea de jocs infantils inclusius, redactat per l’arquitecte Marc Sabaté i Lapuyade el juliol de 2025. Aquest projecte té com a objectiu principal transformar l’actual espai en un parc totalment accessible, segur i adaptat a tots els perfils d’usuaris, promovent un model d’espai públic obert, igualitari i integrador.;Ajuntament de Parets del Vallès;obras;En plazo;16/10/2026;;49986,54;https://contractaciopublica.cat/ca/detall-publicacio/45003e72-abd4-45d1-955d-806f873c9dd2/300898733
Licitaciones;Contrato de servicio para la realización de trabajos forestales en el Valle de Egüés;Junta de Gobierno Local;servicios;En plazo;19/10/2026;;49938,25;https://hacienda.navarra.es/sicpportal/mtoAnunciosModalidad.aspx?cod=261002113836967ACADB
Licitaciones;Treballs de poda hivernal de l’arbrat viari de titularitat municipal de Maçanet de la Selva, incloent la retirada de les restes vegetals generades, per als anys 2026 i 2027;Ajuntament de Maçanet de la Selva;servicios;En plazo;19/10/2026;;49929;https://contractaciopublica.cat/ca/detall-publicacio/1997b0de-3904-48bb-b4ed-722ca261938b/300898375
Licitaciones;Servicio de traducción e interpretación de Vitoria-Gasteiz al servicio de toda la población de Vitoria-Gasteiz;Ayuntamiento de Vitoria-Gasteiz-Junta de Gobierno Local;servicios;En plazo;05/10/2026;;49586,78;https://www.contratacion.euskadi.eus/webkpe00-kpeperfi/es/contenidos/anuncio_contratacion/expjaso742967/es_doc/index.html
Licitaciones;Contractació del subministrament de vehicles, dividit en 2 Lots, d’un vehicle tractor d’emergències i d’un grup electrògen mòbil sobre remolc, per a ús del servei municipal de Protecció Civil de l’Ajuntament de Vandellòs i l’Hospitalet de l’Infant;Ajuntament de Vandellòs i l'Hospitalet de l'Infant;suministros;En plazo;19/10/2026;;49586,77;https://contractaciopublica.cat/ca/detall-publicacio/48219a77-557a-4610-871d-3ea035ce9f41/300894567
Licitaciones;Suministro de salas de espera virtual Queue-Fair en modelo SaaS;EJIE, S.A. - Sociedad Informática del Gobierno Vasco-Director General, Presidente, Vicepresidente del Consejo de Administración o Consejo de Administraci;suministros;En plazo;20/10/2026;;48921,67;https://www.contratacion.euskadi.eus/webkpe00-kpeperfi/es/contenidos/anuncio_contratacion/expjaso744695/es_doc/index.html
Licitaciones;Prestació dels serveis de supervisió, obertura, tancament i consergeria de diversos equipaments esportius municipals, així com del servei d’obertura i tancament dels patis de centres escolars inclosos en el programa de Patis Oberts, amb la finalitat de garantir el correcte funcionament dels equipaments, el compliment dels horaris establerts i el bon ús de les instal·lacions per part de les persones usuàries;Ajuntament de Granollers;servicios;En plazo;27/10/2026;;48706,32;https://contractaciopublica.cat/ca/detall-publicacio/b4fa4cde-b300-4cd6-b629-4df9555889d2/300898685
Licitaciones;Suministro de reactivos, calibradores, controles, consumibles y material fungible necesarios para la determinación de gasometría en sangre para el Hospital Universitario de Móstoles;Hospital Universitario de Móstoles;suministros;En plazo;13/10/2026;;48300;https://contratos-publicos.comunidad.madrid/contrato-publico/suministro-reactivos-calibradores-controles-consumibles-material-fungible
Licitaciones;0192/ise/2026/se, rp+df nave e instalación eléctrica ea sevilla;Agencia Pública Andaluza de Educación;servicios;En plazo;16/10/2026;;48049,18;https://www.juntadeandalucia.es/haciendayadministracionpublica/apl/pdc_sirec/perfiles-licitaciones/detalle-licitacion.jsf?idExpediente=1000139
Licitaciones;Contrato de suministro de cubos y contenedores;Mancomunidad de Municipios de Lea Artibai-Junta General de la Mancomunidad de Lea Artibai;suministros;En plazo;09/11/2026;;46630;https://www.contratacion.euskadi.eus/webkpe00-kpeperfi/es/contenidos/anuncio_contratacion/expgebizkaia3665846/es_doc/index.html
Licitaciones;Suministro de material higiénico para las sedes y oficinas de Lanbide- Servicio Público Vasco de Empleo;LANBIDE, Servicio Vasco de Empleo-Director /a General de LANBIDE-Servicio Vasco de Empleo;suministros;En plazo;22/10/2026;;44500;https://www.contratacion.euskadi.eus/webkpe00-kpeperfi/es/contenidos/anuncio_contratacion/expjaso744809/es_doc/index.html
Licitaciones;contrato auxiliar de servicios;Delegación Territorial de Economía, Hacienda, Fondos Europeos y de Industria, Energía y Minas en Huelva;servicios;En plazo;20/10/2026;;44458,04;https://www.juntadeandalucia.es/haciendayadministracionpublica/apl/pdc_sirec/perfiles-licitaciones/detalle-licitacion.jsf?idExpediente=1013505
Licitaciones;Suministro, instalación y puesta en marcha de 1 mesa quirúrgica convencional móvil para el bloque quirúrgico de la planta 5ª (q 5.3/5.4) del Hospital Universitario de La Princesa;Hospital Universitario de La Princesa;suministros;En plazo;19/10/2026;;43000;https://contratos-publicos.comunidad.madrid/contrato-publico/suministro-instalacion-puesta-marcha-1-mesa-quirurgica-convencional-movil-bloque
Licitaciones;Elaboració, preparació, transport i subministrament dels dinars i berenars de l’Escola Bressol Municipal Petit Mamut de Sant Vicenç dels Horts.;Ajuntament de Sant Vicenç dels Horts;servicios;En plazo;19/10/2026;;42954,8;https://contractaciopublica.cat/ca/detall-publicacio/571f80b5-de69-4da5-b03b-d5c7ae67ea98/300897931
Licitaciones;Suministro de bolsas de basura de plástico grises o negras de diversa capacidad;Badesa, S.A.-Consejo de Administración;suministros;En plazo;19/10/2026;;42714,57;https://www.contratacion.euskadi.eus/webkpe00-kpeperfi/es/contenidos/anuncio_contratacion/expjaso742770/es_doc/index.html
Licitaciones;L’objecte del contracte és el servei d’un parc de Nadal amb activitats infantils i educatives dins de la campanya de Nadal 2026. L’objecte del contracte comporta l’organització i gestió integral d’un parc de Nadal així com el material necessari per al seu desenvolupament, amb un programa d’activitats destinades a un públic infantil amb l’objectiu d’oferir una alternativa de lleure educatiu durant el període no lectiu i contribuir, alhora, a dinamitzar un barri de la ciutat de Terrassa dins de la Campanya de Nadal 2026.;Ajuntament de Terrassa;servicios;En plazo;20/10/2026;;42000;https://contractaciopublica.cat/ca/detall-publicacio/ed61fbac-3733-4669-9bf9-14b2c13a2573/300896808
Licitaciones;Servei d’assessoria i gestió de mobilitat internacional (voluntariat, orientació professional i pràctiques extracurriculars) per a la Universitat de Girona.;Universitat de Girona;servicios;En plazo;19/10/2026;;41191,74;https://contractaciopublica.cat/ca/detall-publicacio/15536523-93fc-43bf-a3b6-70bfaf059870/300895479
Licitaciones;Servicio de limpieza y gestión de residuos recogidos selectivamente en Eresbil - Archivo Vasco de la Música;Fundación Eresbil-Archivo Vasco de la Música-Patronato;concesión de servicios;En plazo;19/10/2026;;40496;https://www.contratacion.euskadi.eus/webkpe00-kpeperfi/es/contenidos/anuncio_contratacion/expjaso744770/es_doc/index.html
Licitaciones;Servicios de mediación y asesoramiento en los contratos de seguros;Centro de Investigación Cooperativa en Nanociencias CIC nanoGUNE-Director;servicios;En plazo;19/10/2026;;40176;https://www.contratacion.euskadi.eus/webkpe00-kpeperfi/es/contenidos/anuncio_contratacion/expjaso745107/es_doc/index.html
Licitaciones;Servei de neteja dels espais del centre educatiu Institut Cristòfol Despuig (edificis, instal·lacions i equipaments).;Centres educatius - Serveis Territorials a les Terres de l'Ebre;servicios;En plazo;17/10/2026;;40062,29;https://contractaciopublica.cat/ca/detall-publicacio/ce23f5e6-344b-4c57-b677-5e51e6b41437/300898460
Licitaciones;Adquisición de vehículo 4x4 usado;Concello de Cervantes;suministros;En plazo;19/10/2026;;40000;https://www.contratosdegalicia.gal/licitacion?N=829286
Licitaciones;Seguro de accidentes y asistencia en viaje;Asociación Vasca de Agencias de Desarrollo GARAPEN -Junta Directiva;servicios;En plazo;09/10/2026;;40000;https://www.contratacion.euskadi.eus/webkpe00-kpeperfi/es/contenidos/anuncio_contratacion/expjaso743145/es_doc/index.html
Licitaciones;Suministro de vehículo en régimen de renting con mantenimiento y aseguramiento. CYII 2026/52;Canal de Isabel II, Ente Público;suministros;En plazo;05/10/2026;;40000;https://contratos-publicos.comunidad.madrid/contrato-publico/suministro-vehiculo-regimen-renting-mantenimiento-aseguramiento-cyii-202652
Licitaciones;Oferta de ocio educativo y saludable, campamento 2027;Ayuntamiento de Vitoria-Gasteiz-Concejala-Delegada del Departamento de Alcaldía y Relaciones Institucionales e igualdad;servicios;En plazo;05/10/2026;;40000;https://www.contratacion.euskadi.eus/webkpe00-kpeperfi/es/contenidos/anuncio_contratacion/expjaso740967/es_doc/index.html
Licitaciones;Contrato del servicio de prevención ajeno del Ayuntamiento del Valle de Egüés;Junta de Gobierno Local;servicios;En plazo;22/10/2026;;39250;https://hacienda.navarra.es/sicpportal/mtoAnunciosModalidad.aspx?cod=2610021211399F6404DB
Licitaciones;premios buenas prácticas bilingües, flamenco y bibliotecas escolares 25/26;Consejería de Desarrollo Educativo y Formación Profesional. Secretaría General Técnica (En Transición);servicios;En plazo;20/10/2026;;37201;https://www.juntadeandalucia.es/haciendayadministracionpublica/apl/pdc_sirec/perfiles-licitaciones/detalle-licitacion.jsf?idExpediente=1013551
Licitaciones;Urnietako udalerriko 3 eta 4 poligonoetako landa-lurzoruaren lurzatiak mugatze zerbitzua.;Ayuntamiento de Urnieta-Junta de Gobierno Local;servicios;En plazo;13/10/2026;;36097,55;https://www.contratacion.euskadi.eus/webkpe00-kpeperfi/es/contenidos/anuncio_contratacion/expjaso744467/es_doc/index.html
Licitaciones;Serveis d'assessorament fiscal i assistència per al compliment de les obligacions tributàries de l'Institut de Cultura de Barcelona;Institut de Cultura de Barcelona;servicios;En plazo;19/10/2026;;36067,97;https://contractaciopublica.cat/ca/detall-publicacio/79845074-bd69-4828-93e9-a94cef8ce68c/300896726
Licitaciones;És necessari poder dur a terme la instal·lació i connexió dels elements i llums de Nadal així com el seu desmuntatge, per tal de complir amb l’objectiu de dinamitzar la vida social i comercial del municipi durant el període nadalenc, com ve fent any rere any, duent a terme la instal·lació d’il·luminació i decoració nadalenca en tots els seus nuclis urbans, Sils, Mallorquines, Vallcanera, Les Comes i King Park.;Ajuntament de Sils;servicios;En plazo;19/10/2026;;35468,9;https://contractaciopublica.cat/ca/detall-publicacio/9629149a-931f-428e-ae54-275a7a85deb4/300898124
Licitaciones;L’objecte del contracte és garantir la prestació del servei del servei de gestió administrativa de la correspondència adreçada a persones empadronades en modalitat Sense Domicili Fix als CSS Gòtic, Cotxeres de Sants, Porta-Vilapicina-Torre Llobeta i Besòs, amb mesures de contractació pública sostenible.;Institut Municipal de Serveis Socials;servicios;En plazo;19/10/2026;;34994,49;https://contractaciopublica.cat/ca/detall-publicacio/70ac5cba-5470-4e9a-a306-6da823e6caa8/300898354
Licitaciones;Dirección de la obra de renovación de las salas de calderas en la Central de Erandio;Gobierno Vasco-Dirección de Gestión Económica y Recursos Generales;servicios;En plazo;20/10/2026;;33057,85;https://www.contratacion.euskadi.eus/webkpe00-kpeperfi/es/contenidos/anuncio_contratacion/expjaso744840/es_doc/index.html
Licitaciones;Contrato de suministro en régimen de alquiler de luces de navidad;Ayuntamiento de Sondika-Alcalde;suministros;En plazo;19/10/2026;;33000;https://www.contratacion.euskadi.eus/webkpe00-kpeperfi/es/contenidos/anuncio_contratacion/expjaso744577/es_doc/index.html
Licitaciones;Servei d’auditoria de comptes anuals i control financer de Reus Mobilitat i Serveis S.A.;Reus Mobilitat i Serveis SA;servicios;En plazo;19/10/2026;;32487;https://contractaciopublica.cat/ca/detall-publicacio/fc87cd72-ef73-4d30-a494-176a406ddce4/300898613
Licitaciones;Servei de manteniment d' equips informàtics i sistemes d' informació a Tecsal,S.A.;TECSAL, SA;servicios;En plazo;27/10/2026;;31120;https://contractaciopublica.cat/ca/detall-publicacio/063359b0-d779-48f0-84a6-c9d629d62001/300898739
Licitaciones;Servei de disseny i conceptualització del nou portal Invest in Barcelona Metropolis de l’Àrea Metropolitana de Barcelona;Àrea Metropolitana de Barcelona;servicios;En plazo;19/10/2026;;30000;https://contractaciopublica.cat/ca/detall-publicacio/ee30aa62-fe8b-4069-81c1-c7f05bf9ed3d/300896685
Licitaciones;Suministro de dos módulos de aseos de reposición para las playas del Ayuntamiento de Nigrán;Concello de Nigrán;suministros;En plazo;16/10/2026;;29983,79;https://www.contratosdegalicia.gal/licitacion?N=829287
Licitaciones;Contrato de servicios de asesoría económico-financiera, fiscal y laboral para la Fundación Dialnet;Fundación Dialnet;servicios;En plazo;07/10/2026;;29286,57;https://www.larioja.org/contratacion-publica/es/licitaciones/consulta-expedientes?homepage=?p_colateral%3D96-7-9.01-0004%2F2026%26p_dia_ini%3D11%26p_mes_ini%3D09%26p_ano_ini%3D2026%26p_dia_fin%3D11%26p_mes_fin%3D09%26p_ano_fin%3D2026%26p_todas%3DN
Licitaciones;Contracte de serveis per a la prestació d’un servei d’assistència tècnica especialitzada en matèria de protecció civil en règim de borsa d’hores d’una persona que doni suport al Servei de protecció civil del Bages en tasques de prevenció, planificació i rehabilitació;Consell Comarcal del Bages;servicios;En plazo;02/10/2026;;28889,28;https://contractaciopublica.cat/ca/detall-publicacio/2fe0bf9a-82a1-4b3c-9bec-1f645477efdb/300898405
Licitaciones;L’objecte del contracte és la prestació de servei d’assessorament fiscal i laboral al PATRONAT DE TURISME COSTA BRAVA GIRONA, SA per part d’una entitat de serveis d’assessorament en matèria fiscal i laboral, d’acord amb les condicions establertes en aquest plec. Aquest servei comprèn la totalitat de serveis i actuacions necessaris per a donar compliment a les actuacions del PTCBG en l’àmbit laboral i fiscal. També es troben incloses les actuacions complementàries i accessòries tendents a la correcta consecució de les obligacions laborals i fiscals, i a totes les que se’n derivin segons la normativa d’aplicació de cada moment.;Patronat de Turisme Costa Brava Girona, SA;servicios;En plazo;02/10/2026;;27613,44;https://contractaciopublica.cat/ca/detall-publicacio/4052fed1-30f6-4a8a-943b-8f24a19c1762/300898439
Licitaciones;Campaña “GAN TORRI 2027-2028” del Valle de Baztan;Junta de Gobierno Local del Ayuntamiento de Baztan;servicios;En plazo;22/10/2026;;27300;https://hacienda.navarra.es/sicpportal/mtoAnunciosModalidad.aspx?cod=2610020909193F6CF03B
Licitaciones;Servei de direcció de la col·lecció «Josep Pla» i la coordinació de la col·lecció de novel·la gràfica «Llamps i tintes!», ambdues editades per la Diputació de Girona. El servei inclou l'assessorament i la valoració de les propostes editorials, el seguiment dels treballs editorials i les funcions de direcció i coordinació tècnica de les col·leccions, d'acord amb les condicions establertes en el Plec de prescripcions tècniques.;Diputació de Girona;servicios;En plazo;19/10/2026;;26000;https://contractaciopublica.cat/ca/detall-publicacio/cb309d79-ae57-4169-ac96-0fb5e4c2724a/300895054
Licitaciones;VPG-2026-0076: Control de calidad de las obras de construcción de un edificio de 14 viviendas de promoción pública (VPP), garajes y trasteros en la parcela UA-43 P11, calle Aguceira en Vilarrodis, municipio de Arteixo (A Coruña).;Sociedade de Vivenda Pública de Galicia, S.A.;servicios;En plazo;13/11/2026;;24659,79;https://www.contratosdegalicia.gal/licitacion?N=829269
Licitaciones;Servei de suport tècnic i assessorament en matèria psicològica per a la realització de la prova d'adequació psicoprofessional de la convocatòria d'accés a la categoria de sotsinspector/a de l'escala executiva del Cos d'Agents Rurals de la Generalitat per l'any 2027 (DGAR/04/2026/SO).;Departament d'Interior i Seguretat Pública;servicios;En plazo;19/10/2026;;23595,44;https://contractaciopublica.cat/ca/detall-publicacio/d344b3cf-20b3-402d-af09-46b442eb6eca/300898570
Licitaciones;L’objecte del contracte és la contractació del servei de retransmissió en directe i per a l’emissora de ràdio municipal dels partits de les competicions del Girona FC, i del primer equip del Bàsquet Girona i el primer equip de l'Spar Girona per a la temporada 2026-27, així com l’elaboració dels continguts informatius posteriors a cada partit per a l’emissora i per a la Xarxa Audiovisual Local i un programa d’actualitat dedicat al bàsquet.;Ajuntament de Girona;servicios;En plazo;19/10/2026;;22819,43;https://contractaciopublica.cat/ca/detall-publicacio/16d2850e-c6ac-464b-bc7a-4927d3282af5/300899124
Licitaciones;367/ise/2026/ja rp+ddff bioclima ies andrés de vandelvira, baeza;Agencia Pública Andaluza de Educación;servicios;En plazo;19/10/2026;;22000;https://www.juntadeandalucia.es/haciendayadministracionpublica/apl/pdc_sirec/perfiles-licitaciones/detalle-licitacion.jsf?idExpediente=1013640
Licitaciones;Adquisició de 7 workstations per a l’Escola d’Art i Disseny de la Diputació de Tarragona a Reus.;Diputació de Tarragona;suministros;En plazo;07/10/2026;;21000;https://contractaciopublica.cat/ca/detall-publicacio/7c7f7efc-f96e-496c-b01d-f0afceb32115/300899118
Licitaciones;Subministre e colocacion des senhaus identificatiques des terçons dera Val d'Aran;Conselh Generau d'Aran;suministros;En plazo;20/10/2026;;20661,16;https://contractaciopublica.cat/oc/detall-publicacio/5c17f3d1-0728-493c-9b38-5e5cb26c8ff3/300898181
Licitaciones;Pliego de condiciones técnicas para la contratación del suministro de pienso para la alimentación de las colonias felinas del ayuntamiento del Valle de Aranguren;Ayuntamiento del Valle de Aranguren;suministros;En plazo;15/10/2026;;20000;https://hacienda.navarra.es/sicpportal/mtoAnunciosModalidad.aspx?cod=2609301303532178CBD6
Licitaciones;L'objecte del present contracte és la prestació d'un servei de prevenció de riscos laborals aliè (SPA) per al desenvolupament de l'activitat preventiva de la Sindicatura de Comptes, en les especialitats i disciplines tècniques de Seguretat en el Treball, Higiene Industrial, i Ergonomia i Psicosociologia Aplicada, així com la Vigilància de la Salut i Medicina del Treball. Així mateix, el contracte comprèn, com a prestació complementària vinculada a la promoció de la salut en el treball, la realització de determinades proves mèdiques addicionals voluntàries per al personal de la Sindicatura, en els termes recollits en el Plec de Prescripcions Tècniques (PPT).;Sindicatura de Comptes de Catalunya;servicios;En plazo;20/10/2026;;19245;https://contractaciopublica.cat/ca/detall-publicacio/31daeefe-7dff-448a-8733-d301d0e48423/300898668
Licitaciones;Coordinació de la participació dels museus i centres patrimonials de Barcelona i l’Àrea Metropolitana a la Nit dels Museus 2027 i 2028, amb possibilitat de pròrroga per l’edició de l’any 2029.;Institut de Cultura de Barcelona;999;En plazo;19/10/2026;;18620,12;https://contractaciopublica.cat/ca/detall-publicacio/875a8a5c-b954-4af5-9e8e-c3ae90d56163/300897017
Licitaciones;servicio de mant de puertas y barajas aut, cerrajería puertas y rejas ooee;Dirección Provincial del Servicio Andaluz de Empleo de Cádiz;servicios;En plazo;20/10/2026;;18360;https://www.juntadeandalucia.es/haciendayadministracionpublica/apl/pdc_sirec/perfiles-licitaciones/detalle-licitacion.jsf?idExpediente=1013669
Licitaciones;Servei d’auditoria de comptes anuals i control financer de Reus Transport Públic SA.;Reus Transport Públic SA;servicios;En plazo;19/10/2026;;17493;https://contractaciopublica.cat/ca/detall-publicacio/a6b26b10-0caf-4374-ac1f-9330948d07f2/300898707
Licitaciones;Supervisió dels equips professionals del Departament de Benestar Social i Família del Tarragonès: Equip d’Atenció a la Infància i l’Adolescència (EAIA), el Servei d’Integració en Família Extensa (SIFE) i els Serveis d’Intervenció Socioeducativa (SIS) i Equips de Serveis Socials Bàsics (EBSS);Consell Comarcal del Tarragonès;servicios;En plazo;22/10/2026;;17400;https://contractaciopublica.cat/ca/detall-publicacio/6830c787-d409-4a64-bd99-3e84a4bc6a03/300898992
Licitaciones;Serveis de formació especialitzada en treballs forestals en els programes mixtos de formació i treball (Exp. 63-26);Barcelona ACTIVA SAU SPM;servicios;En plazo;19/10/2026;;15862,5;https://contractaciopublica.cat/ca/detall-publicacio/e4871063-83c6-477c-9868-91e6dedeea47/300897916
Licitaciones;Gestión del servicio de cementerio municipal de Peralta;Pleno del Ayuntamiento de Peralta;servicios;En plazo;18/10/2026;;15805,53;https://hacienda.navarra.es/sicpportal/mtoAnunciosModalidad.aspx?cod=2610011309437E7EE66A
Licitaciones;L’abast del contracte inclou totes les prestacions necessàries per al manteniment preventiu, correctiu i predictiu dels portons d’accés als aparcaments soterrats que gestiona VNG-Aparcaments, i de qualsevol altra equipament que pugui estar sota gestió operativa de VNG-Aparcaments i durant la vigència del contracte.;VNG Aparcaments;servicios;En plazo;19/10/2026;;14923,52;https://contractaciopublica.cat/ca/detall-publicacio/d4bb049d-3af0-44e6-b564-3c3c83c5ddee/300894906
Licitaciones;Servicio de mantenimiento de las instalaciones de climatización en las escuelas infantiles de primer ciclo dependientes del Gobierno de La Rioja;Dirección General de Gestión Educativa, Viceconsejería de Educación, Universidades y Formación Profesional, Consejería de Educación y Empleo;servicios;En plazo;20/10/2026;;14500;https://www.larioja.org/contratacion-publica/es/licitaciones/consulta-expedientes?homepage=?p_colateral%3D08-7-9.02-0051%2F2026%26p_dia_ini%3D02%26p_mes_ini%3D10%26p_ano_ini%3D2026%26p_dia_fin%3D02%26p_mes_fin%3D10%26p_ano_fin%3D2026%26p_todas%3DN
Licitaciones;Contracte privat de subministrament per a la renovació de llicències de programari de disseny assistit per ordinador i edició de documents PDF de l’Entitat Pública Empresarial Local Nostraigua;NOSTRAIGUA, E.P.E. GESTIO CICLE AIGUA;suministros;En plazo;19/10/2026;;12792,5;https://contractaciopublica.cat/ca/detall-publicacio/cb1dbab9-cfac-4ae4-9a7a-2894e704ff5f/300897981
Licitaciones;"Desarrollo del programa ""Arte y primera infancia"" en las Escuelas Infantiles Municipales.";Ayuntamiento de Vitoria-Gasteiz-Concejala Delegada del Departamento de Cultura y Educación;servicios;En plazo;05/10/2026;;12655,38;https://www.contratacion.euskadi.eus/webkpe00-kpeperfi/es/contenidos/anuncio_contratacion/expjaso740676/es_doc/index.html
Licitaciones;Serveis preventius sanitaris i d’intervenció que requereix l’Ajuntament de Vilanova i la Geltrú per la Fira de novembre 2026 (del 13 al 15 de novembre del 2026);Ajuntament de Vilanova i la Geltrú;servicios;En plazo;13/10/2026;;12361,23;https://contractaciopublica.cat/ca/detall-publicacio/0df7a2ac-256f-492a-9456-aa74dce4b070/300898760
Licitaciones;Contracte de concessió de serveis per la gestió i explotació del servei de bar del Centre Cívic de Rocallisa.;Ajuntament de Castellet i la Gornal;concesión de servicios;En plazo;27/10/2026;;12000;https://contractaciopublica.cat/ca/detall-publicacio/2afcdc2b-0206-4e99-ae46-cb5a54e2cdb5/300888897
Licitaciones;Servicio de conservación y mantenimiento de puertas, portones y barreras del Campus de Álava de la Universidad del País Vasco / Euskal Herriko Unibertsitatea en los términos que figuran en el pliego de prescripciones técnicas particulares;UPV/EHU - Universidad del País Vasco-La Gerente de la UPV/EHU;servicios;En plazo;19/10/2026;;11632,6;https://www.contratacion.euskadi.eus/webkpe00-kpeperfi/es/contenidos/anuncio_contratacion/expjaso744553/es_doc/index.html
Licitaciones;Licitació del servei detrituració, gestió i retirada de restes vegetals;Ajuntament de la Torre de Claramunt;servicios;En plazo;19/10/2026;;10330;https://contractaciopublica.cat/ca/detall-publicacio/7702cc52-4d0d-4634-af4b-f9ad99a9b146/300898488
Licitaciones;Contrato de servicios de destrucción confidencial y certificada de documentación del Ayuntamiento de Pamplona;Alcaldía;servicios;En plazo;16/10/2026;;9100;https://hacienda.navarra.es/sicpportal/mtoAnunciosModalidad.aspx?cod=261001135405E6BE02DC
Licitaciones;Servei de retirada dels diferents elements d’abalisament de les zones de bany de les platges de Vandellòs i l’Hospitalet de l’Infant. Les tasques de retirada es concreten com a mínim en el desmuntatge, retirada, conservació, neteja, classificació, càrrega, transport i lliurament al magatzem designat per l’Ajuntament. Els elements a retirar son: a. l’abalisament litoral instal·lat a les platges municipal. b. el camp de fondeig. c. els canals nàutics instal·lats. d. tots els elements de fondeig, ancoratge, connexió i senyalització associats a aquestes instal·lacions.;Ajuntament de Vandellòs i l'Hospitalet de l'Infant;servicios;En plazo;19/10/2026;;8984,27;https://contractaciopublica.cat/ca/detall-publicacio/0a79b0cf-3a1d-46b4-9e91-bd0670c5be03/300895103
Licitaciones;Inclou: - La maquetació de l’agenda de 120 x 120 mm i que pot oscil·lar entre les 16 i les 32 pàgines. - Disseny de la portada de l’agenda en base a la temàtica escollida per l’Ajuntament (portades per a les agendes de gener, febrer, març, abril, maig, juny, juliol/agost, setembre, octubre, novembre i desembre).;Ajuntament de Cassà de la Selva;servicios;En plazo;19/10/2026;;8250;https://contractaciopublica.cat/ca/detall-publicacio/b92d9a5f-d843-44d6-94d2-55c827996973/300898837
Licitaciones;Servei de suport als professionals i acompanyament emocional d'equips de l'ABSS del Tarragonès;Consell Comarcal del Tarragonès;servicios;En plazo;19/10/2026;;8200;https://contractaciopublica.cat/ca/detall-publicacio/05def4d1-68aa-4fd6-9fa1-36ae89b5d53a/300868441
Licitaciones;geobio - sum. folletos jardines r.a.j. botánico y micológico;Agencia de Medio Ambiente y Agua de Andalucía;suministros;En plazo;19/10/2026;;6170;https://www.juntadeandalucia.es/haciendayadministracionpublica/apl/pdc_sirec/perfiles-licitaciones/detalle-licitacion.jsf?idExpediente=1013626
Licitaciones;Servicio de mantenimiento de la maquinaria del gimnasio del polideportivo Lubaki;Ayuntamiento de Zumaia-Alcalde;servicios;En plazo;06/10/2026;;5785,12;https://www.contratacion.euskadi.eus/webkpe00-kpeperfi/es/contenidos/anuncio_contratacion/expjaso743106/es_doc/index.html
Licitaciones;Suministro de licencias KERIO MAIL SERVER;Ayuntamiento de Galdakao-Alcalde;suministros;En plazo;19/10/2026;;3400;https://www.contratacion.euskadi.eus/webkpe00-kpeperfi/es/contenidos/anuncio_contratacion/expjaso744272/es_doc/index.html
Licitaciones;Contracte de serveis de consultoria, auditoria interna i auditoria externa i certificació del sistema de gestió de la qualitat de la regidoria d'ocupació i formació de l'Ajuntament de Calafell, d'acord amb la norma UNE-EN ISO 9001:2015 per procediment obert,tramitació ordinària (EXPEDIENT 2026/11061);Ajuntament de Calafell;servicios;En plazo;19/10/2026;;3363,63;https://contractaciopublica.cat/ca/detall-publicacio/9490473d-dd82-47a2-a6ca-2bd7ef60b276/300898040
Licitaciones;Suministro de licencias SOPHOS;Ayuntamiento de Galdakao-Alcalde;suministros;En plazo;19/10/2026;;3229,5;https://www.contratacion.euskadi.eus/webkpe00-kpeperfi/es/contenidos/anuncio_contratacion/expjaso743253/es_doc/index.html
Licitaciones;Servicios de auditoría para la elaboración de los certificados de estado financiero del proyecto CAPRICE II de HAZI Fundazioa.;HAZI Desarrollo Rural Litoral y Alimentario-Director/a de HAZI;servicios;En plazo;19/10/2026;;2400;https://www.contratacion.euskadi.eus/webkpe00-kpeperfi/es/contenidos/anuncio_contratacion/expjaso745172/es_doc/index.html
Licitaciones;Instal·lació de 4 fonts que dispensen aigua mineral natural freda i calenta amb aixeta de seguretat, repartides 1 font per cada una de les diferents ubicacions de l’Àrea d’Infraestructures i Serveis Generals implicades en la licitació. - Els bidons o ampolles seran d’uns 15 litres aproximadament, sent un total anual de 132 garrafes d’aigua. - La reposició de les ampolles es realitzarà amb una freqüència mensual. - El manteniment tècnic o substitució de les fonts en cas de mal funcionament estarà inclòs al servei, és a dir, la quota del servei és 0. L’objecte també inclou el servei de manteniment i higienització dels dispensadors, així com l’anàlisi periòdica per al control de la qualitat de l’aigua per assegurar el compliment de la legislació vigent en aquest sector.;Universitat de Barcelona;suministros;En plazo;19/10/2026;;1716;https://contractaciopublica.cat/ca/detall-publicacio/2818543f-6ca9-4ae3-8d74-10148d178e15/300899008
Licitaciones;ME La-ASS1-26-043. Suministro de mobiliario de oficina, destinado a la ampliación de él edificio C de él Hospital Clínico Universitario de Santiago, perteneciente al Área Sanitario de Santiago de Compostela y Barbanza;Consellería de Sanidade- SERGAS;suministros;En plazo;14/10/2026;;0,11;https://www.contratosdegalicia.gal/licitacion?N=829063
Licitaciones;Constitución de los derechos de superficie sobre tres parcelas sitas en el A.P.R. 16.04 U.V.A. de Hortaleza, en el municipio de municipio de Madrid, propiedad de la Agencia de Vivienda Social de la Comunidad de Madrid para la construcción y gestión de viviendas protegidas destinadas a alquiler a precio asequible (VPPB);Organismo autónomo Agencia de Vivienda Social de la Comunidad de Madrid;administrativo especial;En plazo;03/11/2026;;0;https://contratos-publicos.comunidad.madrid/contrato-publico/adjudicacion-derechos-superficie-constituir-tres-parcelas-sitas-apr-1604-uva
Licitaciones;Instalaciones eléctricas de baja tensión para proyectos operativos y logísticos de Metro de Madrid;Metro de Madrid, S.A.;obras;En plazo;13/10/2026;;0;https://contratos-publicos.comunidad.madrid/contrato-publico/acuerdo-marco-obras-instalaciones-electricas-baja-tension-proyectos-operativos
Licitaciones;Explotación del servicio de cafetería y comedor en la Residencia de Mayores Alcorcón, adscrita a la Agencia Madrileña de Atención Social;Organismo Autónomo Agencia Madrileña de Atención Social;concesión de servicios;En plazo;21/10/2026;;0;https://contratos-publicos.comunidad.madrid/contrato-publico/explotacion-servicio-cafeteria-comedor-residencia-mayores-alcorcon-adscrita
Licitaciones;La prestació de diferents tipologies de transport discrecional de viatgers del Consell Comarcal del Moianès i del Consorci del Moianès. Pels esdeveniments diversos que organitza el Consell o el Consorci, es requereix la contractació de serveis de transport, segons les categories establertes a continuació: - Categoria 1: Vehicles de fins a 9 places, inclosa la plaça que ocupa el conductor/a. - Categoria 2: Vehicle adaptat de fins a 9 places, inclosa la plaça que ocupa el conductor/a. - Categoria 3: Vehicles de fins a 22 places, inclosa la plaça que ocupa el conductor/a. - Categoria 4: Vehicles de fins a 35 places, inclosa la plaça que ocupa el conductor/a. - Categoria 5: Vehicles de fins a 55 places, inclosa la plaça que ocupa el conductor/a. - Categoria 6: Vehicles de més de 55 places, inclosa la plaça que ocupa el conductor/a.;Consell Comarcal del Moianès;servicios;En plazo;20/06/2029;;0;https://contractaciopublica.cat/ca/detall-publicacio/8bfaac70-c3a0-4979-bcfd-e6207d9413cb/300898884
Licitaciones;Servei de manteniment correctiu i evolutiu dels sistemes d’informació al client;Transports de Barcelona, SA;servicios;En plazo;30/10/2026;;0;https://contractaciopublica.cat/ca/detall-publicacio/9ca68ac5-5236-4d30-909d-a4ce9adb5d7f/300897924
Adjudicaciones;Servicio de vigilancia para la seguridad en la red de Metro;Metro de Madrid, S.A.;servicios;Resuelta;;PROSEGUR SOLUCIONES INTEGRALES DE SEGURIDAD ESPAÑA, S.L., SEGURISA, SERVICIOS INTEGRALES DE SEGURIDAD, S.A., SURESTE SEGURIDAD, S.L., SICOR SEGURIDAD EL CORTE INGLES, S.L., I-SEC SPAIN AVIATION SECURITY, S.L.;219081151,69;https://contratos-publicos.comunidad.madrid/contrato-publico/servicio-vigilancia-seguridad-red-metro
Adjudicaciones;078/ise/2024/sc acuerdo marco de obras;Agencia Pública Andaluza de Educación;obras;Resuelta;;UTE OBRASERV-DL, S.L. - PABLO RODRÍGUEZ, S.L, FACTO ALMERIENSE DE CONSTRUCCIONES Y OBRAS PUBLICAS SA, CONSTRUCCIONES DE OBRAS Y EDIFICACIONES MONTEAGUD SOCIEDAD LIMITADA, EXCAVACIONES LOS MELLIZOS SL, VIVENDIO SOSTENIBILIDAD ENERGÉTICA S.L., EMPRESA CONSTRUCTORA EJUCA SA, ASCH INFRAESTRUCTURAS Y SERVICIOS, S.A., UTE CONSTRUCCIONES GALLARDO BARRERA SOCIEDAD LIMITADA CONSTRUCCIONES RETORTILLO DOMINGUEZ SL, UTE CONSTRUCCIONES RODRIGUEZ CIVICO SL CONSTRUCCIONES ANTROJU SL, CONSTRUCCIONES MOGILBA SL, UTE CONSTRUCCIONES GALLARDO BARRERA SOCIEDAD LIMITADA SEDEÑO MUÑOZ SOCIEDAD LIMITADA CONSTRUCCIONES RETORTILLO DOMINGUEZ SL, CONSTRUCCIONES ANTROJU SL, ELECNOR SERVICIOS Y PROYECTOS S.A.U., UTE 2007 ALTO LA ERA CONSTRUCCIONES SL CONSTRUCCIONES MANUEL ZAMBRANO SA, CONSTRUCCIONES SERROT SA, CONSTRUCCIONES CALDERON SOCIEDAD LIMITADA, UTE GESTION, PROYECTOS Y OBRAS DEL SUR SL ROFEZ CONSTRUCCIONES SL, VIALTERRA INFRAESTRUCTURAS SOCIEDAD ANONIMA, PROCYR EDIFICACION Y URBANISMO SL, SERVEO SERVICIOS, S.A.U., CONSTRUCCIONES ANTONIO JESUS SL, CONSTRUCCIONES Y REFORMAS INTEGRALES DEL SUR SL, NACIMIENTO, INFRAESTRUCTURAS Y MEDIOAMBIENTE SOCIEDAD LIMITADA, UTE CONSTRUCCIONES GALLARDO BARRERA SOCIEDAD LIMITADA CONSTRUCCIONES RETORTILLO DOMINGUEZ SL TECNOLOGIA COOPERATIVA S. COOP. AND., UTE ALBAIDA INFRAESTRUCTURAS SA OBRAS Y SERVICIOS PUBLICOS SA, PRODESUR CONSTRUCCION Y PROYECTOS , S.L., ACSA OBRAS E INFRAESTRUCTURAS SAU, CONSTRUCCIONES UXCAR-97 SL, ANFRASA SL, URBANA INFRAESTRUCTURAS E INGENIERIA SOCIEDAD LIMITADA, GUAMAR SA, UTE MAYFRA OBRAS Y SERVICIOS SOCIEDAD LIMITADA DESARROLLA OBRAS Y SERVICIOS SL, GRUPOCOPSA S.L., JARQUIL CONSTRUCCIÓN, S.A., UTE SUMINISTROS ASFALTICOS SL CONSTRUCCIONES GLESA SA, GESTION DE VIVIENDAS VERA CRUZ, S.L., SEDEÑO MUÑOZ SOCIEDAD LIMITADA, 2007 ALTO LA ERA CONSTRUCCIONES SL, CONSTRUCCIONES MANUEL ZAMBRANO SA, UTE SEDEÑO MUÑOZ SOCIEDAD LIMITADA CONSTRUCCIONES GALLARDO BARRERA SOCIEDAD LIMITADA, UTE 2007 ALTO LA ERA CONSTRUCCIONES SL HIJOS DE MANUEL MOLINA LOPEZ SDAD COOP ANDALUZA, CONSTRUCCIONES RASCON SLU, BIBIAN MORENO MESSIA OBRAS Y SERVICIOS SOCIEDAD LIMITADA, GRUPO TORRES & OCAÑA SOCIEDAD LIMITADA, CONSTRUCCIONES GALLARDO BARRERA SOCIEDAD LIMITADA, CONICA DE OBRAS Y SERVICIOS SOCIEDAD LIMITADA, UTE SEDEÑO MUÑOZ SOCIEDAD LIMITADA CONSTRUCCIONES ANTONIO CABALLERO GALLARDO SOCIEDAD LIMITADA, UTE BLAS TORRES GUTIERREZ SOCIEDAD LIMITADA MEISUR TECHNOLOGICAL SOLUTIONS SOCIEDAD LIMITADA, EXCAVACIONES TORRES MOLINA SOCIEDAD LIMITADA, DEYPLAD PROYECTOS Y CONTRATAS SOCIEDAD LIMITADA LABORAL, UTE 2007 ALTO LA ERA CONSTRUCCIONES SL OBRAS GENERALES DEL NORTE, SA, CONSTRUCCIONES J. LORENZO, S.L., DIZU SL, AGUAEMA SOCIEDAD LIMITADA, AVANZASI SOCIEDAD LIMITADA, ROFEZ CONSTRUCCIONES SL, GESTION, PROYECTOS Y OBRAS DEL SUR SL, UTE COMSA -REFERMO Y OBRAS, S.L., UTE Azogue Ingenieria S.L. INSTALACIONES ELECTRICAS CUETO S.L. INVESIA CONSTRUCCION Y SERVICIOS S.L.U., ECSA OBRA PUBLICA Y CIVIL SL, UTE HIJOS DE MANUEL MOLINA LOPEZ SDAD COOP ANDALUZA REVESTIMIENTOS RUIZ SL, SARDALLA ESPAÑOLA SA, CONSTRUCCIONES T. ARJONA, S.L., COMONSA SUR SL, UTE CONSTRUCCIONES GALLARDO BARRERA SOCIEDAD LIMITADA TECNOLOGIA COOPERATIVA S. COOP. AND., ISTEM, S.L., UTE AGUAS CAMINOS Y PUENTES SL MINUSWAT SOLUCIONES DE AHORRO ENERGETICO SL, SERVICIOS TECNICOS NAPAL SL, JICA ANDALUZA OBRAS Y SERVICIOS SOCIEDAD LIMITADA;197312940;https://www.juntadeandalucia.es/haciendayadministracionpublica/apl/pdc_sirec/perfiles-licitaciones/detalle-licitacion.jsf?idExpediente=766165
Adjudicaciones;pa 165/2022-sevilla-servicio de transporte sanitario urgente y programado para la provincia de sevilla del servicio andaluz de salud, mediante procedimiento abierto y presentación electrónica de ofertas (siglo 94/2024 __ contr 2024 0000494276 _ cca: +6.c43x6c2);Servicio Andaluz de Salud;servicios;Resuelta;;AMBULANCIAS TENORIO E HIJOS SL;164031215,09;https://www.juntadeandalucia.es/haciendayadministracionpublica/apl/pdc_sirec/perfiles-licitaciones/detalle-licitacion.jsf?idExpediente=740630
Adjudicaciones;Projecte estratègic per l'acceleració de la transformació digital dels centres educatius de Catalunya i abordatge de la bretxa digital dels centres docents públics de Catalunya per a l'accés a un conjunt de serveis digitals i telemàtics orientats a millorar el desenvolupament de l'activitat educativa, en el marc del Pla d'Educació digital de Catalunya.;Departament d'Educació i Formació Professional;servicios;Resuelta;;Saytel Servicios Informáticos, SA,, Telefónica Soluciones de Informática y Comunicaciones de España, SAU., Orange Espagne, SAU, Vodafone España, SAU;98791135,08;https://contractaciopublica.cat/ca/detall-publicacio/63653428-881f-5264-74ee-6bd8c33c42fc/72436934
Adjudicaciones;0000557/2025 contratación del servicio de asistencia sanitaria mediante hemodiálisis en régimen ambulatorio en centros de diálisis extrahospitalarios, a pacientes beneficiarios de la asistencia sanitaria prestada por el servicio andaluz de salud (sas) en la provincia de cádiz por procedimiento abierto y contratación electrónica;Servicio Andaluz de Salud;servicios;Adjudicada;;FRESENIUS MEDICAL CARE SERVICES ANDALUCIA SA;24277500;https://www.juntadeandalucia.es/haciendayadministracionpublica/apl/pdc_sirec/perfiles-licitaciones/detalle-licitacion.jsf?idExpediente=849160
Adjudicaciones;VPG-2026-0031: Obra de construcción de un edificio de 152 viviendas de promoción pública (VPP) en la parcela B2 de la Unidad de Actuación Norte1-Norte 2, Garabolos (Lugo);Sociedade de Vivenda Pública de Galicia, S.A.;obras;Adjudicada;;COPASA INFRAESTRUCTURAS, S.L.U.;24207000;https://www.contratosdegalicia.gal/licitacion?N=827754
Adjudicaciones;Diversas operaciones de conservación en la Red de Carreteras de Andalucía.;Consejería de Fomento, Articulación del Territorio y Vivienda. Secretaría General Técnica (En Transición);servicios;Resuelta;;HIDRAULICAS Y VIALES SOCIEDAD LIMITADA, UTE ACEINSA MOVILIDAD SA CORALSUR MANTENIMIENTO S L, ECOFILIA SOCIEDAD ANONIMA;23306181,72;https://www.juntadeandalucia.es/haciendayadministracionpublica/apl/pdc_sirec/perfiles-licitaciones/detalle-licitacion.jsf?idExpediente=410257
Adjudicaciones;Obra del proyecto de construcción del vial de conexión de la carretera BI-633 con la BI-2636 de Markina a Etxebarria;INTERBIAK BIZKAIA, S.A. M.P.-Consejo de Administración;obras;Resuelta;;UTE CONEXIÓN MARKINA-ETXEBERRIA (ALTUNA Y URIA-MARIEZCURRENA-OLARRA9;21299445,91;https://www.contratacion.euskadi.eus/webkpe00-kpeperfi/es/contenidos/anuncio_contratacion/expgebizkaia2106996/es_doc/index.html
Adjudicaciones;17/ise/2025/co servicio transporte escolar en centros docentes de córdoba;Agencia Pública Andaluza de Educación;servicios;Resuelta;;LUQUE RAIGADA E HIJOS SLU RAFAEL RAMIREZ SL Y MANUEL LOPEZ ARAGONES UTE LEY 18/1982, UTE SERVICIO TRANSPORTE ESCOLAR LOTE 10, UTE SERVICIO DE TRANSPORTE ESCOLAR LOTE 11, RAFAEL RAMIREZ SL EMPRESA CARRERA SL AUTOCARES ZAMORANO ARENAS SL UTE, UTE RAFAEL RAMIREZ SL EMPRESA CARRERA SL MICROBUSES ALCANTARA SL FRANCISCO BRAVO SA FDEZ VILLATORO SL AUTOCARES RASCON SL ARROYO 2000 SL, AUTOCARES DE BALERMA SL, HERMANOS MOLINA SL Y AUTOCARES GUERRERO Y DELGADO UTE, UTE SERVICIO DE TRANSPORTE ESCOLAR LOTE 15, AUTOCARES MARIN SL REINA ESPEJO SL Y AUTOCARES VALDES SL UTE 2025, UTE SERVICIO TRANSPORTE ESCOLAR LOTE 17, ARRIBAS SUR SL, AUTO TRANSPORTES SAN SEBASTIAN SA, HERMANOS MOLINA SL, FERNANDEZ VILLATORO SL AUTONAGAR SL UTE 1EY 18/1982, AUTOCARES MARIN SL, EMPRESA CARRERA SL, UTE SERVICIO DE TRANSPORTE ESCOLAR LOTES 4 Y 7, ROSA RIVERA SL, UTE LA CARLOTA 2026 LOTE 8;18332069,4;https://www.juntadeandalucia.es/haciendayadministracionpublica/apl/pdc_sirec/perfiles-licitaciones/detalle-licitacion.jsf?idExpediente=831072
Adjudicaciones;Ejecución de las obras del Proyecto constructivo de la Línea 9 del Metro de Barcelona. Acondicionamiento e instalaciones de la estación de Guinardó. Clave: TM-00509.31C.2;Infraestructures de la Generalitat de Catalunya, SAU;obras;Resuelta;;Copcisa, SA & Istem, SLU (UTE);16153951,98;https://contractaciopublica.cat/ca/detall-publicacio/480ac5b6-57a1-4411-8a6d-0189c94fac24/300896551
Adjudicaciones;0001059/2025 servicio de asistencia médico sanitaria en los traslados entre centros sanitarios de pacientes críticos adultos, pediátricos y neonatales para la comunidad autónoma de andalucía.;Servicio Andaluz de Salud;servicios;Adjudicada;;ANDALUZA DE AMBULANCIAS SOCIEDAD LIMITADA, AMBULANCIAS TENORIO E HIJOS SL;10475931,57;https://www.juntadeandalucia.es/haciendayadministracionpublica/apl/pdc_sirec/perfiles-licitaciones/detalle-licitacion.jsf?idExpediente=949766
Adjudicaciones;Gestión de los programas, servicios y actuaciones de prevención de la dependencia, promoción de la autonomía y participación social en los centros Bizan;Ayuntamiento de Vitoria-Gasteiz-Junta de Gobierno Local;servicios;Resuelta;;SIRIMIRI, SERVICIOS SOCIO-CULTURALES, S.L.;8695000;https://www.contratacion.euskadi.eus/webkpe00-kpeperfi/es/contenidos/anuncio_contratacion/expjaso587219/es_doc/index.html
Adjudicaciones;Suministro de equipos tecnológicos (fase II) necesarios para la integración, implantación y desarrollo de contenidos en materia de robótica, en el ámbito de Educación Primaria y Secundaria Obligatoria en la Comunidad de Madrid, en ejecución del Programa Código Escuela 4.0. (13 lotes);Consejería de Digitalización;suministros;Resuelta;;GENERAL MACHINES TECHNOLOGY, S.L., PRODEL,S.A., IRISBOND CROWDBONDING, S.L., ABACUS SCCL, MICRO LOG TECNOLOGIA Y SISTEMAS, S.L., PRODEL, S.A.;7552772,72;https://contratos-publicos.comunidad.madrid/contrato-publico/suministro-equipos-tecnologicos-fase-ii-necesarios-integracion-implantacion
Adjudicaciones;cbam astrazeneca/01 (málaga) acuerdo marco, con una única empresa, por lote, por el que se fijan las condiciones para el suministro de tracto sucesivo y precio unitario de medicamentos exclusivos utilizados en los centros sanitarios del servicio andaluz de salud. expediente 0000578/2025 (cca +6.i+e9q8j);Servicio Andaluz de Salud;suministros;Resuelta;;ASTRAZENECA FARMACEUTICA SPAIN, S.A.;6923076,92;https://www.juntadeandalucia.es/haciendayadministracionpublica/apl/pdc_sirec/perfiles-licitaciones/detalle-licitacion.jsf?idExpediente=1013584
Adjudicaciones;0000223/2026 contratación de las obras de construcción del centro de salud virgen de la oliva, de vejer (cádiz), adscrito a la central provincial de compras de cádiz, servicio andaluz de salud;Servicio Andaluz de Salud;obras;Resuelta;;Seranco SA;6444400;https://www.juntadeandalucia.es/haciendayadministracionpublica/apl/pdc_sirec/perfiles-licitaciones/detalle-licitacion.jsf?idExpediente=946660
Adjudicaciones;cbam biogen/01 (málaga) acuerdo marco, con una única empresa, por lote, por el que se fijan las condiciones para el suministro de tracto sucesivo y precio unitario de medicamentos exclusivos utilizados en los centros sanitarios del servicio andaluz de salud. expediente 0000578/2025 (cca +6.i+e9q8j);Servicio Andaluz de Salud;suministros;Resuelta;;BIOGEN SPAIN SL;6346153,85;https://www.juntadeandalucia.es/haciendayadministracionpublica/apl/pdc_sirec/perfiles-licitaciones/detalle-licitacion.jsf?idExpediente=1013652
Adjudicaciones;renovación de puestos de trabajo digital únicos para personal de la junta;Agencia Digital de Andalucía;suministros;Adjudicada;;ALGORITMOS PROCESOS Y DISEÑOS, S.A., UNIVERTIA, INFOSER NEW TECHNOLOGIES, S.L.;6021000;https://www.juntadeandalucia.es/haciendayadministracionpublica/apl/pdc_sirec/perfiles-licitaciones/detalle-licitacion.jsf?idExpediente=981657
Adjudicaciones;Suministro de prótesis de cadera y de revisión, así como de los componentes necesarios para su implantación para las organizaciones de servicios de Osakidetza;OSAKIDETZA - Servicio Vasco de Salud -Director General;suministros;Resuelta;;TRAUMEDICA, S.L., M.B.A. INCORPORADO, S.L., LEPINE IBERICA GROUPE LEPINE, S.L., INDUMED, S.A., WALDEMAR LINK ESPAÑA, S.A., ESTABLECIMIENTOS SUMISAN, S.A., ZIMMER BIOMET SPAIN, S.L.U., MEDICINA ANALÍTICA CONSUMIBLES MAC, S.A., SUMINISTROS HOSPIT. UNIMEDIC,S.L., EXACTECH IBERICA S L, PALEX MEDICAL, S.A., LIMA IMPLANTES S L U, JOHNSON & JOHNS, JEMED IMPORTACIONES SOCIEDAD LIMITADA, MEDACTA ESPAÑA S.L.;5943217,24;https://www.contratacion.euskadi.eus/webkpe00-kpeperfi/es/contenidos/anuncio_contratacion/exposakisap2023001465/es_doc/index.html
Adjudicaciones;0000599/2025 servicio de transporte y distribución de muestras médicas, medicamentos, material sanitario y no sanitario, a disposición de los centros sanitarios vinculados a la central provincial de compras de almería, mediante procedimiento abierto y licitación electrónica, sujeto a regulación armonizada;Servicio Andaluz de Salud;servicios;Resuelta;;TRANSFER ALMERIA SL;5614958,89;https://www.juntadeandalucia.es/haciendayadministracionpublica/apl/pdc_sirec/perfiles-licitaciones/detalle-licitacion.jsf?idExpediente=837184
Adjudicaciones;Servicios de mantenimiento eléctrico y asistencia técnica en estaciones depuradoras de aguas residuales de Canal de Isabel II, S.A.;Canal de Isabel II, S.A.;servicios;Resuelta;;ELECNOR SERVICIOS Y PROYECTOS, S.A.U., OPS INFRAESTRUCTURAS Y SERVICIOS HIDRÁULICOS, S.L., UTE NOLTER, INGENIERÍA Y MEDIO AMBIENTE, S.L.P. – ALAUDA INGENIERÍA, S.A.;5348786,06;https://contratos-publicos.comunidad.madrid/contrato-publico/servicios-mantenimiento-electrico-asistencia-tecnica-estaciones-depuradoras-aguas
Adjudicaciones;suministro de tracto sucesivo y precio unitario al amparo del art. 16.3.a) de la lcsp, de reactivos, productos químicos, material fungible e instrumentación, con cesión y mantenimiento de equipos, para la realización de determinaciones de anatomía patológica, así como el arrendamiento con mantenimiento de los equipos de implantación del flujo de trabajo en imagen digital en patología, para los laboratorios de los centros sanitarios del servicio andaluz de salud en la provincia de almería. exp. 0000784/2025 contr 2025 0000650557;Servicio Andaluz de Salud;suministros;Adjudicada;;LEICA MICROSISTEMAS, SLU, ROCHE DIAGNOSTICS, S.L.U., AGILENT TECHNOLOGIES SPAIN SL;4845000;https://www.juntadeandalucia.es/haciendayadministracionpublica/apl/pdc_sirec/perfiles-licitaciones/detalle-licitacion.jsf?idExpediente=898520
Adjudicaciones;Servicio de limpieza de instalaciones en general, estaciones, WCs autolimpiables y jardineria de Euskal Trenbide Sarea;Euskal Trenbide Sarea-Comisión Delegada en Materia de Contratación de ETS;servicios;Resuelta;;GARBIALDI, S.A.;4499744,35;https://www.contratacion.euskadi.eus/webkpe00-kpeperfi/es/contenidos/anuncio_contratacion/expjaso468604/es_doc/index.html
Adjudicaciones;servicio de limpieza y gestión de residuos de la Diputación de Tarragona, que comprende la limpieza de los inmuebles y de los vehículos de la flota corporativa, la gestión y recogida selectiva de los residuos generados y la destrucción segura y certificada del material confidencial y sensible.;Diputació de Tarragona;servicios;Adjudicada;;OHL Servicios Ingesa, SA, Junan Serveis Solidaris, SL;4007327,39;https://contractaciopublica.cat/ca/detall-publicacio/552480de-8cc5-4a12-9421-0751d5374fb0/300898998
Adjudicaciones;cbam beone/01 (málaga) acuerdo marco, con una única empresa, por lote, por el que se fijan las condiciones para el suministro de tracto sucesivo y precio unitario de medicamentos exclusivos utilizados en los centros sanitarios del servicio andaluz de salud. expediente 0000578/2025 (cca +6.i+e9q8j);Servicio Andaluz de Salud;suministros;Resuelta;;BEONE MEDICINES ESP, S.L.U.;3846153,85;https://www.juntadeandalucia.es/haciendayadministracionpublica/apl/pdc_sirec/perfiles-licitaciones/detalle-licitacion.jsf?idExpediente=1013644
Adjudicaciones;Suministro de Cloruro Férrico para las EDAR gestionadas por Canal de Isabel II, S.A, M.P.;Canal de Isabel II, S.A.;suministros;Resuelta;;KEMIRA IBÉRICA S.A., RNM PRODUCTOS QUÍMICOS, LDA ESTABLECIMIENTO PERMANENTE;2701800;https://contratos-publicos.comunidad.madrid/contrato-publico/suministro-cloruro-ferrico-edar-gestionadas-canal-isabel-ii-sa-mp
Adjudicaciones;ampl.ceip andalucia en santa maria del aguila (tipo c2)-ref:77/ise/2026/sc;Agencia Pública Andaluza de Educación;obras;Resuelta;;JOCON INFRAESTRUCTURAS SOCIEDAD LIMITADA;2369972,09;https://www.juntadeandalucia.es/haciendayadministracionpublica/apl/pdc_sirec/perfiles-licitaciones/detalle-licitacion.jsf?idExpediente=981492
Adjudicaciones;Gestión y mantenimiento con garantía total de las piscinas municipales;Ayuntamiento de Vitoria-Gasteiz-Junta de Gobierno Local;servicios;Resuelta;;GIROA,S.A.;2358599,24;https://www.contratacion.euskadi.eus/webkpe00-kpeperfi/es/contenidos/anuncio_contratacion/expjaso298513/es_doc/index.html
Adjudicaciones;Servicio de mantenimiento de equipos electromédicos del Hospital La Paz, Hospital Cantoblanco, Hospital Carlos III y Centros adscritos;Hospital Universitario La Paz;servicios;Resuelta;;Ibérica de Mantenimiento, S.A. (IBERMANSA);2177842,35;https://contratos-publicos.comunidad.madrid/contrato-publico/pa-82020-servicio-mantenimiento-equipos-electromedicos-hospital-paz-hospital
Adjudicaciones;0000071/2025 suministro de artículos para incontinencia: pañales y absorbentes para los centros sociosanitarios residenciales dependientes (asu006-2025);Servicio Andaluz de Salud;suministros;Resuelta;;ACTIVE MEDICAL DISPOSABLE, SAU (AMD);2177064,14;https://www.juntadeandalucia.es/haciendayadministracionpublica/apl/pdc_sirec/perfiles-licitaciones/detalle-licitacion.jsf?idExpediente=838392
Adjudicaciones;Suministro de Toxina Botulínica (DOE) tipo A;OSAKIDETZA - Servicio Vasco de Salud -Director General;suministros;Resuelta;;IPSEN PHARMA, S.A., MERZ THERAPEUTICS IBERIA SL, ABBVIE SPAIN, S.L.;2175311,6;https://www.contratacion.euskadi.eus/webkpe00-kpeperfi/es/contenidos/anuncio_contratacion/exposakisap2025001102/es_doc/index.html
Adjudicaciones;Tercer contrato basado en Acuerdo marco con varias empresas por el que se fijan las condiciones para la contratación del servicio de asistencia sanitaria complementaria para procedimientos quirúrgicos a usuarios del Servicio Andaluz de Salud (SAS) en centros sanitarios y servicios privados de la Comunidad Autónoma de Andalucía y provincias limítrofes pertenecientes a otras Comunidades Autónomas. Exp. 923/2023 con HOSPITAL VIRGEN DEL ALCÁZAR DE LORCA. CONTR 2025 0000613062_2 AM PADRE CONTR 2023 0000902330 ALMERÍA;Servicio Andaluz de Salud;servicios;Resuelta;;HOSPITAL VIRGEN DEL ALCAZAR DE LORCA, S.A.;2107830;https://www.juntadeandalucia.es/haciendayadministracionpublica/apl/pdc_sirec/perfiles-licitaciones/detalle-licitacion.jsf?idExpediente=1008009
Adjudicaciones;"Contrato de Obras del Proyecto de Renovación de la Red de Saneamiento en el municipio de Rozas de Puerto Real. Fase I (Plan Sanea 2500).”. CYII &nbsp;2026/19";Canal de Isabel II, Ente Público;obras;Resuelta;;AZVI S. A. U.;2067239,93;https://contratos-publicos.comunidad.madrid/contrato-publico/contrato-obras-proyecto-renovacion-red-saneamiento-municipio-rozas-puerto-real
Adjudicaciones;Contracte mixt de subministraments i obres relatiu a l'execució dels Lots núm. 2 (Residencial Sud i Oest), núm. 3 (Residencial Nord i Est) i núm. 4 (Telegestió a quadres) del projecte executiu modificat de canvi de tecnologia de l'enllumenat públic de Vic;Ajuntament de Vic;suministros;Resuelta;;ACISA, FERROVIAL ENERGIA SA;1978219,31;https://contractaciopublica.cat/ca/detall-publicacio/fb8dca00-897b-44cf-9853-5b94bc1f96ff/300565528
Adjudicaciones;Mantenimiento integral de 824 equipos de instalaciones de climatización ubicados en estaciones, recintos y depósitos de Metro de Madrid S.A.;Metro de Madrid, S.A.;servicios;Adjudicada;;ELECNOR SERVICIOS Y PROYECTOS, S.A.U., ONET IBERIA SOLUCIONES, S.A.U.;1901797,32;https://contratos-publicos.comunidad.madrid/contrato-publico/servicio-mantenimiento-integral-824-equipos-instalaciones-climatizacion-ubicados
Adjudicaciones;Limpieza de superficie terrestre, lámina de agua y recogida de residuos procedentes de los buques en los puertos de Ondarroa, Lekeitio, Ea y Elantxobe.;Gobierno Vasco-Dirección de Servicios;servicios;Resuelta;;BIDEZAIN S L;1824000;https://www.contratacion.euskadi.eus/webkpe00-kpeperfi/es/contenidos/anuncio_contratacion/expjaso286465/es_doc/index.html
Adjudicaciones;Subministrament de Medicaments Diversos per l'àmbit de Farmàcia del CCSPT;Consorci Corporació Sanitària Parc Taulí de Sabadell;suministros;Adjudicada;;B. BRAUN MEDICAL, S.A, TARBIS FARMA, S.L., VEMEDIA PHARMA HISPANIA, S.A., KERN PHARMA SL, VIATRIS PHARMACEUTICALS, S.L., Aurovitas Spain S.A., PFIZER SLU, ACCORD HEALTHCARE, SLU, Laboratorios Normon, S.A., GLENMARK FARMACÉUTICA, S.L.U., SUN PHARMA LABORATORIOS, SLU, TEVA PHARMA SLU, CSL BEHRING, S.A., LABORATORIO REIG JOFRE, S.A., LABORATORIO ALDO UNION, ALTAN PHARMACEUTICALS, S.A., EVER Pharma Therapeutics Spain SL, ROCHE FARMA, S.A., VIVANTA GENERICS S.R.O. SUCURSAL EN ESPAÑA, LABORATORIOS FARMACEUTICOS ROVI, S.A., BAYER HISPANIA, S.L., REDDY PHARMA IBÉRIA, S.A., OCTAPHARMA,S.A, JANSSEN-CILAG, S.A., GP PHARM SAU;1769655,12;https://contractaciopublica.cat/ca/detall-publicacio/275c8e70-e6b3-4e69-a849-d785f3c31770/300895748
Adjudicaciones;Contrato de gestión de riesgos a la navegación y mantenimiento de la luminaria y electrónica del balizamiento de BIMEP;Biscay marine energy platform, S.A.-Consejo Administración;servicios;Resuelta;;GMSM MEDIOAMBIENTE, S.A.;1649900,16;https://www.contratacion.euskadi.eus/webkpe00-kpeperfi/es/contenidos/anuncio_contratacion/expjaso228466/es_doc/index.html
Adjudicaciones;Mantenimiento preventivo, correctivo y normativo de diferentes ramos de oficios a los equipamientos municipales.;Ajuntament de Sabadell;servicios;Resuelta;;CATALANA ELECTRA I SANEJAMENT SLU, MH MULTITECNIA SL, CONSTRUCCIONS JAS VALLES SL, CRISTALERIA ESPRONCEDA SL, CONSTRUCCIONS JOSEP RAMON SL;1640489,72;https://contractaciopublica.cat/ca/detall-publicacio/216d93da-d9e6-4a73-a271-8990ca0c9fa7/300898955
Adjudicaciones;Gestión integral de cadáveres animales en el Territorio Histórico de Bizkaia;Diputación Foral de Bizkaia-Diputada Foral de Sostenibilidad y Medio Natural;servicios;Resuelta;;SAINZ E HIJOS LOGISTICA SL, LOGAR INDUSTRIAS AGROALIMENTARIAS SA;1520000;https://www.contratacion.euskadi.eus/webkpe00-kpeperfi/es/contenidos/anuncio_contratacion/expgebizkaia2551849/es_doc/index.html
Adjudicaciones;Suministro e instalación de canceladoras en las nuevas estaciones del Topo y en el apeadero de Bedia de ETS;Euskal Trenbide Sarea-Comisión Delegada en Materia de Contratación de ETS;suministros;Resuelta;;KONTRON PUBLIC TRANSPORT ARCE, S.A.;1431539,95;https://www.contratacion.euskadi.eus/webkpe00-kpeperfi/es/contenidos/anuncio_contratacion/expjaso589756/es_doc/index.html
Adjudicaciones;CAMP DE FUTBOL DE CALAFELL - Redacció de projecte per a la implantació d’un nou camp de futbol 7 annex al camp de futbol Juan Ríos de Calafell. - Obres d’implantació d’un nou camp de futbol 7 annex al camp de futbol Juan Ríos de Calafell. - Manteniment de la gespa instal·lada del futur camp de futbol 7, i actual camp de futbol 11 Juan Ríos de Calafell. CAMP DE FUTBOL DE SEGUR DE CALAFELL - Redacció de projecte per a la renovació de la gespa i equipament esportiu del camp de futbol de Segur de Calafell. - Renovació de la gespa i equipament esportiu del camp de futbol de Segur de Calafell. - Manteniment de la nova gespa artificial del camp de futbol de Segur de Calafell.;Ajuntament de Calafell;obras;Adjudicada;;VORACYS S.L.;1366972,66;https://contractaciopublica.cat/ca/detall-publicacio/3a66d990-dd4f-4511-a6b1-3a14c088d266/300898725
Adjudicaciones;Suministro de reactivos y materiales necesarios para técnicas de biología molecular (PCR) en el laboratorio de Microbiología de la OSI Araba;OSAKIDETZA - Servicio Vasco de Salud -Director Gerente;suministros;Resuelta;;MENARINI DIAGNÓSTICOS, S.A., BRUKER ESPAÑOLA S A, HOLOGIC IBERIA, S.L., PALEX MEDICAL, S.A., PROGENIE MOLECULAR S L, WERFEN ESPAÑA, S.A., SUMINISTROS CLINICOS LANAU SL, BECTON DICKINSON, S.A.U., GRIFOLS MOVACO, S.A., SD BIOSENSOR SPAIN S L, ALTAIR HEALTH SL, VITRO SA, VIRCELL SPAIN, S.L.;1270418,4;https://www.contratacion.euskadi.eus/webkpe00-kpeperfi/es/contenidos/anuncio_contratacion/exposakisap2024002517/es_doc/index.html
Adjudicaciones;"Adquisición de la especialidad farmacéutica PADCEV 20 MG polvo para concentrado para solución para perfusión, 1 vial, y&nbsp; PADCEV 30 MG polvo para concentrado para solución para perfusión,1 vial, (Enfortumab Vedotina), con destino al Servicio de Farmacia del Hospital Universitario Ramón y Cajal,";Hospital Universitario Ramón y Cajal;suministros;Adjudicada;;Astellas Pharma S.A.;1228471,15;https://contratos-publicos.comunidad.madrid/contrato-publico/adquisicion-especialidad-farmaceutica-padcev-20-mg-polvo-concentrado-solucion
Adjudicaciones;Revisión, reparación y reacondicionamiento de rodamientos compactos TBU (SKF 1639609) y CTBU (SKF BT2-7093) en distintas series de Material Móvil de Metro de Madrid;Metro de Madrid, S.A.;servicios;Resuelta;;SKF INDUSTRIAL SPAIN, S.L.U;1200258;https://contratos-publicos.comunidad.madrid/contrato-publico/servicio-revision-reacondicionamiento-rodamientos-compactos-tbu-ctbu-0
Adjudicaciones;Tercer contrato basado en Acuerdo marco con varias empresas por el que se fijan las condiciones para la contratación del servicio de asistencia sanitaria complementaria para procedimientos quirúrgicos a usuarios del Servicio Andaluz de Salud (SAS) en centros sanitarios y servicios privados de la Comunidad Autónoma de Andalucía y provincias limítrofes pertenecientes a otras Comunidades Autónomas. Exp. 923/2023 con SANATORIO VIRGEN DEL MAR-CRISTÓBAL CASTILLO, S.A. CONTR 2025 0000612680_2 AM PADRE CONTR 2023 0000902330;Servicio Andaluz de Salud;servicios;Resuelta;;SANATORIO VIRGEN DEL MAR-CRISTOBAL CASTILLO SA;1137960;https://www.juntadeandalucia.es/haciendayadministracionpublica/apl/pdc_sirec/perfiles-licitaciones/detalle-licitacion.jsf?idExpediente=1008007
Adjudicaciones;Subministrament de cascos d'intervenció pel cos de bombers de la Generalitat per a l'any 2026, dividit en dos lots: • Lot 1: 1.000 Cascos d'intervenció pesants • Lot 2:1.500 Cascos d'intervenció lleugers;Departament d'Interior i Seguretat Pública;suministros;Adjudicada;;DRÄGER HISPANIA, SA, VALLFIREST TECNOLOGIAS FORESTALES SL;1127185;https://contractaciopublica.cat/ca/detall-publicacio/8fdf389b-e537-469c-8dc3-0b5842e970eb/300898274
Adjudicaciones;Manteniment i reparació de les instal·lacions de regulació i control de trànsit a la Zona Nord i a la Zona Sud de la xarxa viària de Catalunya.;Servei Català de Trànsit;servicios;Adjudicada;;AERONAVAL DE CONSTRUCCIONES E INSTALACIONES, S.A (ACISA), ALUVISA TRAFFIC SYSTEMS, SLU;1070920,29;https://contractaciopublica.cat/ca/detall-publicacio/c9907830-5d5d-48c5-a7f5-3b24e19badd6/300898889
Adjudicaciones;Contractació conjunta del servei de redacció del projecte executiu i execució d’obres per a la construcció d’una marquesina fotovoltaica a les pistes d’atletisme Carme Sugrañes Blay, situades al C/ Ronda Ibèrica, 58 de Vilanova i la Geltrú.;Ajuntament de Vilanova i la Geltrú;obras;Resuelta;;AERONAVAL DE CONSTRUCCIONES E INSTALACIONES S.A.;1039546,71;https://contractaciopublica.cat/ca/detall-publicacio/e924dce5-89ab-4607-9eba-d7bc9a877d8a/300899054
Adjudicaciones;"Concesión de Servicio Público de explotación de la Plaza de Toros de ""Las Ventas""";Consejería de Medio Ambiente, Agricultura e Interior;concesión de servicios;Resuelta;;UTE: SIMÓN CASAS PRODUCTION, SAS, y NAUTALIA VIAJES, S.L.;975000;https://contratos-publicos.comunidad.madrid/contrato-publico/concesion-servicio-publico-explotacion-plaza-toros-ventas
Adjudicaciones;Suministro de Reactivos para Técnicas Varias para el Hospital Universitario de Getafe;Hospital Universitario de Getafe;suministros;Resuelta;;PALEX MEDICAL, S.A., RADIOMETER IBERICA, S.L., QUERMED, S.A., DIASORIN IBERIA, S.A., MENARINI DIAGNOSTICOS, S.A., HORIBA ABX IBERICA SUC. EN ESPAÑA, THERMO FISHER DIAGNOSTICS,SLU, WERFEN ESPAÑA, S.A.U, THE BINDING SITE SPAIN(, SEBIA HISPANIA, S.A., EUROIMMUN DIAGNOSTICS ESPAÑA, S.L.U.;935529,62;https://contratos-publicos.comunidad.madrid/contrato-publico/suministro-reactivos-tecnicas-varias-hospital-universitario-getafe
Adjudicaciones;Contracte de serveis per a l'assistència tècnica per a la redacció del projecte de traçat i el projecte constructiu. Millora del nus entre l’AP-7, la C-33 i la C-17 i dels accessos a Parets del Vallès, Montmeló i Mollet del Vallès. Clau: PT-CPB-25087 / PC-CPB-25087;Infraestructures de la Generalitat de Catalunya, SAU;servicios;Resuelta;;UTE SOCOTEC-BEWS;883339,51;https://contractaciopublica.cat/ca/detall-publicacio/72fe3bd0-deae-4289-ad09-0f44fac5fbf7/300898863
Adjudicaciones;Suministro del reactivo coagulantes de aluminio para ETAP en la Comunidad de Madrid y provincias limítrofes;Canal de Isabel II, S.A.;suministros;Resuelta;;FERALCO IBERIA, S.A., KEMIRA IBÉRICA, S.A.;882711,5;https://contratos-publicos.comunidad.madrid/contrato-publico/suministro-reactivo-coagulantes-aluminio-etap-comunidad-madrid-provincias
Adjudicaciones;Obres relatives al projecte executiu de la remodelació del c. Pau Alsina, situat entre el c. Pi i Margall i Travessera de Gràcia i a la memòria valorada per a la instal?lació d’un pas de vianants a l’encreuament del c. Bailèn amb c. Sant Antoni Maria Calret, al barri el Camp d'en Grassot-Gràcia Nova, al districte de Gràcia.;Barcelona d'Infraestructures Municipals SA;obras;Resuelta;;OBRES I PROJECTES CATALUNYA, SL;869899,34;https://contractaciopublica.cat/ca/detall-publicacio/b34e9530-d00e-4dee-895f-4b0b820977f5/300899053
Adjudicaciones;Servicio de apoyo a la gestión municipal del Centro de Acogida nocturna y diurna denominado BELABARATZ;Ayuntamiento de Errenteria-Alcalde-Presidente;servicios;Resuelta;;GRUPO 5 ACCION Y GESTION SOCIAL;844675,66;https://www.contratacion.euskadi.eus/webkpe00-kpeperfi/es/contenidos/anuncio_contratacion/expjaso527773/es_doc/index.html
Adjudicaciones;Mantenimiento de Switches Brocade;Agencia para la Administración Digital de la Comunidad de Madrid;servicios;Adjudicada;;SPECIALIST COMPUTER CENTRES S.L.;831743,6;https://contratos-publicos.comunidad.madrid/contrato-publico/mantenimiento-switches-brocade
Adjudicaciones;El objeto del contrato es la contratación conjunta del servicio de comedor escolar para las dos escuelas de máxima complejidad de Tortosa, concretamente las escuelas de La Mercè y Remolins de Tortosa, para la Escuela Port Rodó de Campredó, la Escuela Riumar de Deltebre y la Escuela Sant Jordi de l'Ametlla de Mar, todas ellas del Baix Ebre y la Escuela Lluis Viñas i Viñoles de Móra d'Ebre.;Consell Comarcal del Baix Ebre;servicios;Resuelta;;GASTRONOEVENTS SELECTES, S.L;830023,2;https://contractaciopublica.cat/ca/detall-publicacio/59ac7260-901c-4923-89f2-07521cca031e/300898832
Adjudicaciones;"Servicios jurídicos, en vía extrajudicial y judicial, para la reclamación de las deudas de las que es acreedor Canal de Isabel II, S.A.; M.P. frente a clientes y terceros";Canal de Isabel II, S.A.;servicios;Resuelta;;ASIGNO SERVICIOS INT. RECUPERACIÓN DE CRÉDITOS, SLP, AMSTRO LEGAL SERVICES, SA, DELOITTE ABOGADOS Y SESORES TRIBUTARIOS, SLU, LEGAL PROCEDIMENTUM, SL;825024;https://contratos-publicos.comunidad.madrid/contrato-publico/servicios-juridicos-via-extrajudicial-judicial-reclamacion-deudas-es-acreedor
Adjudicaciones;Subministrament de gas natural a l’Ajuntament de Terrassa i a les empreses municipals (Egarvia SA, Societat Municipal de Comunicació Terrassa SA, Parc Audiovisual de Catalunya SL i Societat Municipal de Serveis Funerària de Terrassa SA) mitjançant l’adhesió a l’Acord Marc de subministrament de gas natural amb destinació a les entitats locals de Catalunya de l'Associació Catalana de Municipis.;Ajuntament de Terrassa;suministros;Adjudicada;;ENDESA ENERGÍA SAU;824626,45;https://contractaciopublica.cat/ca/detall-publicacio/6cfba70a-af76-45ae-9e30-967a89c57d55/300897452
Adjudicaciones;obras de ejecución de la cubierta para el área de juegos infantiles existentes en la conocida como plaza de Panera (Músico Guridi).;Ayuntamiento de Bilbao-Junta de Gobierno de la Villa de Bilbao;obras;Adjudicada;;VICONSA, S.A.;804557,57;https://www.contratacion.euskadi.eus/webkpe00-kpeperfi/es/contenidos/anuncio_contratacion/expjaso644921/es_doc/index.html
Adjudicaciones;Servicios Profesionales en el ámbito de la Presencia Digital para el Proyecto IREKIA BERRIA;EJIE, S.A. - Sociedad Informática del Gobierno Vasco-Director General, Presidente, Vicepresidente del Consejo de Administración o Consejo de Administraci;servicios;Adjudicada;;UTE BILBOMATICA-HIBERUS EJIE-2026-044;795128;https://www.contratacion.euskadi.eus/webkpe00-kpeperfi/es/contenidos/anuncio_contratacion/expjaso700234/es_doc/index.html
Adjudicaciones;Suministro de hidróxido cálcico a las ETAP de Canal de Isabel II, S.A., M.P.;Canal de Isabel II, S.A.;suministros;Resuelta;;CAL DE CASTILLA, S.A.;785400;https://contratos-publicos.comunidad.madrid/contrato-publico/suministro-hidroxido-calcico-etap-canal-isabel-ii-sa-mp-0
Adjudicaciones;Cuarto contrato basado en Acuerdo marco con varias empresas por el que se fijan las condiciones para la contratación del servicio de asistencia sanitaria complementaria para procedimientos quirúrgicos a usuarios del Servicio Andaluz de Salud (SAS) en centros sanitarios y servicios privados de la Comunidad Autónoma de Andalucía y provincias limítrofes pertenecientes a otras Comunidades Autónomas. Exp. 923/2023 con HOSPITAL MEDITERRANEO GRUPO HLA S.A. CONTR 2025 0000612666_3 AM PADRE CONTR 2023 0000902330 ALMERÍA;Servicio Andaluz de Salud;servicios;Resuelta;;HOSPITAL MEDITERRANEO GRUPO HLA S.A.;775467;https://www.juntadeandalucia.es/haciendayadministracionpublica/apl/pdc_sirec/perfiles-licitaciones/detalle-licitacion.jsf?idExpediente=1008008
Adjudicaciones;"&nbsp; Contrato mixto de servicios y concesión de servicios: explotación de servicio de cafetería en el Hospital Clínico San Carlos";Hospital Universitario Clínico San Carlos;servicios;Adjudicada;;ENASUI S.L;752960,98;https://contratos-publicos.comunidad.madrid/contrato-publico/cspa-2025-4-267-aser-0228182026-contrato-mixto-servicios-concesion-servicios
Adjudicaciones;Obres de redistribució interior, instal·lació d’un ascensor i reparació de patologies estructurals de l’edifici d’oficines i antic centre de tràfic centralitzat de Sant Boi a la línia Llobregat-Anoia de Ferrocarrils de la Generalitat de Catalunya (ref. POS41/26);Ferrocarrils de la Generalitat de Catalunya;obras;Adjudicada;;FUENTES Y ARIZA, S.A.;741973,2;https://contractaciopublica.cat/ca/detall-publicacio/57f8e9b5-869a-4980-92b6-a00369f4af1b/300897930
Adjudicaciones;00036/ise/2026/hu servicio transporte escolar con vehículos hasta 9 plazas;Agencia Pública Andaluza de Educación;servicios;Adjudicada;;JESUS MARIA BEJARANO SANCHEZ, FRANCISCO DE LA TORRE HERVAS, ELLEM OLIVEIRA DE AQUINO, CASADO SALAS SL, JUAN JOSE MILLAN CARDENAS, ALCAIDE E HIJOS SL, JUAN ALONSO FERNANDEZ MORA, MIGUEL ANGEL INFANTE SANTIAGO SL, TRANSFER LA PALMA DEL CONDADO TAXIS MILLAN SL, JUAN MANUEL RUFO CHAPARRO, MANUEL FERNANDEZ PEREZ, CARLOS VELASCO HERNANDEZ, ELISA ISABEL BUSTILLO MORENO, JOSE ORTIZ PRIETO, MARIA MAR SALAS ROMERO, TOMAS SANCHEZ MARQUEZ, DAVID ARAGON MANRIQUE, FRANCISCO JESUS MANTARAS MUÑOZ, FRANCISCO JAVIER MONTERO MUÑOZ, AUTOCARES PEREA, S. L., YOLANDA MARTINEZ GARCIA, JOSE LUIS MORENO ORTEGA, FRANCISCO JAVIER DELGADO LACHICA, GUILLERMO ALEJANDRO GARRIDO GARCIA;740670,1;https://www.juntadeandalucia.es/haciendayadministracionpublica/apl/pdc_sirec/perfiles-licitaciones/detalle-licitacion.jsf?idExpediente=946702
Adjudicaciones;El presente contrato tiene por objeto dotar del servicio de limpieza a unos diez inmuebles de centros públicos docentes de enseñanzas artísticas elementales y profesionales, y de artes plásticas, de la Consejería de Educación, Ciencia y Universidades de la Comunidad de Madrid, detallados en el Anexo I al Pliego de Prescripciones Técnicas Particulares y de conformidad con las prescripciones recogidas en dicho pliego.;Consejería de Educación, Ciencia y Universidades;servicios;Resuelta;;Limpiezas y Servicios Salamanca, SL;725010;https://contratos-publicos.comunidad.madrid/contrato-publico/limpieza-centros-publicos-docentes-ensenanzas-artisticas-elementales-0
Adjudicaciones;Contractació del servei de manteniment integral i gestió energètica de les instal·lacions de l’edifici de l'IJC, ubicat dins del Campus Can Ruti de Badalona, a la Carretera de Can Ruti, s/n Camí de les Escoles (08916).;Fundació Institut de Recerca contra la Leucèmia Josep Carreras;servicios;Resuelta;;AGEFRED, SL;682924,7;https://contractaciopublica.cat/ca/detall-publicacio/ddf0dc96-0d82-4c88-a874-b9f5d792c123/300898005
Adjudicaciones;analíticas en en protección de salud;Consejería de Sanidad, Presidencia y Emergencias Secretaría General Técnica de Sanidad y Consumo (En Transición);servicios;Adjudicada;;AINIA, LABAQUA, S.A.U., LABYGEMA SL, LABORATORIOS TECNOLOGICOS DE LEVANTE SL;682836;https://www.juntadeandalucia.es/haciendayadministracionpublica/apl/pdc_sirec/perfiles-licitaciones/detalle-licitacion.jsf?idExpediente=835296
Adjudicaciones;Servicio de mantenimiento y evolución del aplicativo del sistema central de gestión de cobro de Bidegi. Periodo 2026-2028.;BIDEGI Agencia Guipuzcoana de Infraestructuras-Consejo de Administración;servicios;Adjudicada;;INETUM NORTE, S.L.U.;677631,48;https://www.contratacion.euskadi.eus/webkpe00-kpeperfi/es/contenidos/anuncio_contratacion/expjaso728491/es_doc/index.html
Adjudicaciones;Servicio de mantenimiento “a todo Riesgo” de los ascensores del Hospital Universitario La Paz, el Hospital de Cantoblanco y los Centros de Especialidades José Marvá, Peñagrande y Alcobendas;Hospital Universitario La Paz;servicios;Resuelta;;SCHINDLER, S.A.U.;665132,4;https://contratos-publicos.comunidad.madrid/contrato-publico/pa-22024-servicio-mantenimiento-todo-riesgo-ascensores-hospital-universitario-paz
Adjudicaciones;Acuerdo marco el suministro de material sanitario para el Servicio de Ginecología de la OSI BARRUALDEGALDAKAO;OSAKIDETZA - Servicio Vasco de Salud -Director Gerente;suministros;Resuelta;;MEDICINA ANALÍTICA CONSUMIBLES MAC, S.A., BAYER HISPANIA, S.L., VIALTA S L, OIARSO, S. COOP., GARRIC MEDICA S L, IBERIAN CARE 2016 S.L., QUERMED, S.A., PRIM, S.A., BIOCLAR S L, APPLIED MEDICAL DISTRIBUTION EUROPE BV SUCURSAL EN ESPAÑA, HOLOGIC IBERIA SL;648150,58;https://www.contratacion.euskadi.eus/webkpe00-kpeperfi/es/contenidos/anuncio_contratacion/exposakisap2023001127/es_doc/index.html
Adjudicaciones;Contratación por Empresa Pública de Gestión de Activos, S.A. M.P. (EPGASA), en el marco del Procedimiento Epgasa Ordinario, mediante Acuerdo Marco con varias empresas, de los Servicios de Redacción de Proyectos y de Estudio de Seguridad y Salud, Dirección Facultativa de Obras y Coordinación de Seguridad y Salud de obras y Consultoría Técnica Especializada en distintos inmuebles.;Empresa Pública de Gestión de Activos, S.A. M.P.;servicios;Resuelta;;Técnicos Reunidos Para Andalucía y Extremadura S.L.P., PROJECTARC PROJECT MANAGEMENT SLP, UTE NSIA, SECURAMA CONSULTORIA DE SEGURIDAD EN OBRAS SL, VALDEMAR INGENIEROS, INSTALACIONES Y OBRAS, SOCIEDAD DE INTERMEDIACION. SOCIEDAD LIMITADA, HERRERO SUAREZ & RODRIGUEZ SOCIEDAD LIMITADA, JULIO RODRIGUEZ MOGUER, ARGENIA INGENIERIA Y ARQUITECTURA, SOCIEDAD LIMITADA, CONSULTORIA TECNOLOGICA SA, PROYTEC, ENERGIA Y TECNOLOGIA SL, CARLOS ISOTTA SANCHEZ, AVANTA PREVENCION INTEGRAL, S.L.U., INGENIERIA Y PREVENCION DE RIESGOS SL, DELENDA SOLAR SL, APPLUS NORCONTROL, S.L.U, RAMON CAÑIZARES FERNANDEZ, ISOLUCIONA S.C.A., SGS TECNOS SAU, INGRAVITTO PROJECT MANAGEMENT SL, CONTEGO CONSULTORES SOCIEDAD LIMITADA, OFICINA TECNICA GABINETE DE PROYECTOS SL;638000;https://www.juntadeandalucia.es/haciendayadministracionpublica/apl/pdc_sirec/perfiles-licitaciones/detalle-licitacion.jsf?idExpediente=831459
Adjudicaciones;Realización de las campañas de saneamiento ganadero correspondiente al año 2024;Diputación Foral de Bizkaia-Diputada Foral de Sostenibilidad y Medio Natural;servicios;Resuelta;;BEKALAN 96 SLP;626581,5;https://www.contratacion.euskadi.eus/webkpe00-kpeperfi/es/contenidos/anuncio_contratacion/expgebizkaia2441577/es_doc/index.html
Adjudicaciones;suministro de material fungible y equipamiento para la realización de tratamiento de Hemodiálisis en paciente adultos;Hospital Universitario La Paz;suministros;Resuelta;;FRESENIUS MEDICAL CARE ESPAÑA, S.A., NIPRO MEDICAL SPAIN, S.L., PALEX MEDICAL, S.A.;625159,83;https://contratos-publicos.comunidad.madrid/contrato-publico/pa-2024-0-9-suministro-material-fungible-equipamiento-realizacion-tratamiento
Adjudicaciones;Subministrament de solucions per a fluïdoteràpia i irrigació per a l’Hospital Universitari Germans Trias i Pujol;ICS - Gerència de compres;suministros;Resuelta;;Laphysan, Baxter S.L., B. BRAUN MEDICAL, S.A, FRESENIUS KABI ESPAÑA, S.A., GRIFOLS MOVACO, S.A.;620078,64;https://contractaciopublica.cat/ca/detall-publicacio/c4f25284-e44b-45cc-af83-257fe0321e62/300899125
Adjudicaciones;Consiste en el suministro y plantación de arbolado y arbustos para la renovación de diferentes zonas ajardinadas del municipio de Salou, por las anualidades 2026-2027, según las condiciones, emplazamientos, épocas y con el alcance requeridas en el pliego de prescripciones técnicas particulares (PPTP), documento técnico de carácter contractual que complementa este pliego de cláusulas administrativas particulares ( PCAP );Ajuntament de Salou;suministros;Adjudicada;;L'AGULLA CONSTRUCCIO I SERVEIS DE PAISATGE SL;618181,73;https://contractaciopublica.cat/ca/detall-publicacio/5fa0d4d7-914f-4f78-a9a4-2a250728a9e6/300898309
Adjudicaciones;Serveis de captures reactives per donar resposta a la presència de d'animals salvatges o ensalvatgits no en captivitat, ni immobilitzats a la trama urbana de la ciutat de Barcelona, així com de suport veterinari als serveis de captures programades de porc senglar a la via pública de la ciutat de Barcelona, amb mesures de contractació pública sostenible;Ajuntament de Barcelona;servicios;Resuelta;;UTE ADDA - ASTROVET;608071,6;https://contractaciopublica.cat/ca/detall-publicacio/28e44a67-5ff6-4550-b1c6-85d571fa8f1f/300884995
Adjudicaciones;Suministro de equipos con destino al Cuerpo de Bomberos de la Comunidad de Madrid;Agencia de Seguridad y Emergencias Madrid 112;suministros;Adjudicada;;INCIPRESA, S.A, ROSENBAUER ESPAÑOLA, S.A., INDUSTRIAL GLOBAL SUPPLY, S.L., DEIN, S.A.U., BARRABES SKI MONTAÑA, S.L.U.;605343,56;https://contratos-publicos.comunidad.madrid/contrato-publico/suministro-equipos-destino-cuerpo-bomberos-comunidad-madrid
Adjudicaciones;"Execució de les obres definides en el ""Projecte Executiu de Reforma i Ampliació del Pavelló Poliesportiu El Vilar""";Ajuntament de Valls;obras;Adjudicada;;COASA;560418,97;https://contractaciopublica.cat/ca/detall-publicacio/c5ed9c46-4662-4cae-bbc6-dcb4e4051da3/300898674
Adjudicaciones;Adhesió d’Aigües del Prat, SA, al contracte 2023.04.A02 de l’Acord marc de l'ACM de subministrament d’energia elèctrica amb destinació a les entitats locals de Catalunya (Exp. 2023.04). LOT 3. ALTA TENSIÓ (LOT AT);Aigües del Prat, S.A.;suministros;Adjudicada;;IBERDROLA CLIENTES, SAU;552500,91;https://contractaciopublica.cat/ca/detall-publicacio/47e99d07-0fe6-4e6f-a426-bb93da5ee8e2/300898763
Adjudicaciones;Prestación de servicios y asistencia técnica para la redacción del proyecto y la ejecución de las obras de rehabilitación de la estación de tratamiento de agua potable (ETAP) de San Bartolomé en Laudio/Llodio, 1ª fase.;Urbide Arabako Ur Partzuergoa – Consorcio de Aguas de Álava-Presidente;obras;Adjudicada;;INARAQUA, S.L.;551371,57;https://www.contratacion.euskadi.eus/webkpe00-kpeperfi/es/contenidos/anuncio_contratacion/expjaso731507/es_doc/index.html
Adjudicaciones;Contrato de servicio de gestión del polideportivo de Bekoerrota y piscinas de Altzate.;Ayuntamiento de Lezo-Pleno;servicios;Resuelta;;NEO INSTALACIONES DEPORTIVAS, S.L.;550000;https://www.contratacion.euskadi.eus/webkpe00-kpeperfi/es/contenidos/anuncio_contratacion/expjaso663405/es_doc/index.html
Adjudicaciones;Acuerdo Público de Adquisición de Medicamentos (FARM F123-2025) para el suministro de los medicamentos exclusivos con destino a los servicios de farmacia de los centros dependientes del Servicio Navarro de Salud-Osasunbidea.;Director Gerente del SNS-O;suministros;Adjudicada;;MERCK, S.L.;545817;https://hacienda.navarra.es/sicpportal/ctaDatosAdjudicacion.aspx?cod=3184&Ticket=2610021149072E0A5BC4
Adjudicaciones;Suministro de sistemas de trombectomía, cierres venosos y vasculares y lazos para el Hospital Universitario 12 de octubre de Madrid;Hospital Universitario 12 de Octubre;suministros;Resuelta;;CORDIS MEDICAL SPAIN, S.L.U, INNOVASC INTEGRAL SOLUTION, ABBOT MEDICAL ESPAÑA, S.A, MERIT MEDICAL SPAIN, S.L.U. B87175253, TERUMO EUROPE ESPAÑA, S.L., MEDTRONIC IBERICA, S.A, COOK ESPAÑA S.A, PALEX MEDICA S.A, MERIT MEDICAL SPAIN, S.L.U.;543525,73;https://contratos-publicos.comunidad.madrid/contrato-publico/suministro-sistemas-trombectomia-cierres-venosos-vasculares-lazos-hospital
Adjudicaciones;contrato punto encuentro familiar;Delegación Territorial de Justicia, Administración Local y Función Pública en Huelva;servicios;Resuelta;;AOSSA GLOBAL, S.A.;460487,52;https://www.juntadeandalucia.es/haciendayadministracionpublica/apl/pdc_sirec/perfiles-licitaciones/detalle-licitacion.jsf?idExpediente=660653
Adjudicaciones;Execució de les obres del Projecte constructiu “Nova rotonda al PK 17+100 de la carretera C-1413b. TM Centelles”;Diputació de Barcelona;obras;Adjudicada;;NUMTA CONSTRUCTORA, S.L.;459507,34;https://contractaciopublica.cat/ca/detall-publicacio/77fc45a9-9920-4573-80c5-eacab970a89e/300894801
Adjudicaciones;Servicio para el mantenimiento de la señalización viaria del tranvía de Bilbao;Euskal Trenbide Sarea-Secretaría General;servicios;Resuelta;;ETRA NORTE, S.A.;445000;https://www.contratacion.euskadi.eus/webkpe00-kpeperfi/es/contenidos/anuncio_contratacion/expjaso321812/es_doc/index.html
Adjudicaciones;"La elaboración de las Comidas que se prestan en el Centro de Día (desayuno-sobredesayuno, comida y merienda), que se efectuará mayoritariamente mediante el sistema de “línea fría” en cocinas centrales; el transporte de la comida elaborada en condiciones higiénico-sanitarias adecuadas desde las cocinas centrales a cada uno de los centros de día; el almacenamiento y conservación de los alimentos elaborados, así como la regeneración adecuada de los mismos y la posterior distribución en comedores y su servicio a los comensales. La atención en comedores de los usuarios del Centro de Día (realizar el servicio de montaje de meja con el menaje pertinente, servicio de los distintos platos a cada uno de los usuarios, recogida del servicio utilizado y limpieza del comedor/sala utilizada). Labores auxiliares de cocina y de office (recepción de mercancías, o alimentos elaborados, regeneración de alimentos, control de almacenaje del mismo, almacenaje de vajilla y lavado de la misma)";Organismo Autónomo Agencia Madrileña de Atención Social;servicios;Resuelta;;COLECTIVIDADES BEDMAR, S.L.;437176,14;https://contratos-publicos.comunidad.madrid/contrato-publico/servicio-integral-comidas-atencion-comedores-usuarios-centros-dia-mostoles-0
Adjudicaciones;0000885/2025 acuerdo marco con una única empresa por el que se fijan las condiciones para el suministro de mobiliario clínico con destino al distrito de primaria granada-metropolitano y área de gestión sanitaria sur, centros vinculados de la central provincial de compras de granada, mediante procedimiento abierto, tramitación urgente y presentación electrónica de ofertas. (asu038-2025);Servicio Andaluz de Salud;suministros;Resuelta;;OFIGRANADA SOCIEDAD LIMITADA, INSTRUMEDIC SL, ENDOOK EUROPA SL, SOCIAL MOBEL S.L., OFICACERES SL, ARJO IBERIA, S.L., GALMEDICA SL, ASMEDIC SLU, HILL-ROM IBERIA SL, HIDEMAR SA;435912,25;https://www.juntadeandalucia.es/haciendayadministracionpublica/apl/pdc_sirec/perfiles-licitaciones/detalle-licitacion.jsf?idExpediente=838875
Adjudicaciones;Suministro de un sistema bipolar para corte y coagulación transuretral y transcervical con cesión de equipos para la Osi BilbaoBasurto.;OSAKIDETZA - Servicio Vasco de Salud -Director Gerente;suministros;Resuelta;;RICHARD WOLF ENDOSCOPIA IBERICA S L, KARL STORZ ENDOSCOPIA IBERICA, S.A.;430000;https://www.contratacion.euskadi.eus/webkpe00-kpeperfi/es/contenidos/anuncio_contratacion/exposakisap2026000097/es_doc/index.html
Adjudicaciones;Subministrament, instal·lació i posada en funcionament, i manteniment post-garantia de respiradors i accessoris per a les sales d'intensius de l'ICMID, l'ICR i l’ICCV de l'Hospital Clínic de Barcelona (HCB);Consorci Hospital Clínic de Barcelona (HCB);suministros;Resuelta;;GETINGE GROUP SPAIN SLU, DRAGER HISPANIA,S.A.U.;428950;https://contractaciopublica.cat/ca/detall-publicacio/b2908fc5-444b-4750-956c-213ddae40365/300895635
Adjudicaciones;Suministro de tracto sucesivo y precios unitarios fuentes de IR-192 y de ITRIO-90 (subgrupo 01.26.10 del catálogo del S.A.S.), con disponibilidad de un software para la realización del tratamiento, con destino al Hospital Universitario Reina Sofía, de la Central Provincial de Compras de la Provincia de Córdoba (PAAM 43/24)+6.6W+S2T+0000631/2024;Servicio Andaluz de Salud;suministros;Resuelta;;BOSTON SCIENTIFIC IBERICA SA, ELEKTA MEDICAL SA;422160;https://www.juntadeandalucia.es/haciendayadministracionpublica/apl/pdc_sirec/perfiles-licitaciones/detalle-licitacion.jsf?idExpediente=710420
Adjudicaciones;Obras para la ejecución del proyecto de restauración ambiental del arroyo Sel en Sopuerta;Gobierno Vasco-Dirección General de la Agencia Vasca del Agua;obras;Adjudicada;;OBRAS Y SERVICIOS BASAURI, S.L.;421734;https://www.contratacion.euskadi.eus/webkpe00-kpeperfi/es/contenidos/anuncio_contratacion/expgeura224632/es_doc/index.html
Adjudicaciones;Suministro de plataformas elevadoras móviles de tijera y articuladas para Metro de Madrid;Metro de Madrid, S.A.;suministros;Resuelta;;GAM ESPAÑA SERVICIOS DEMAQUINARIA, S.L.U., TERMISER SERVICIOSINTEGRALES, S.L.;419988,98;https://contratos-publicos.comunidad.madrid/contrato-publico/suministro-plataformas-elevadoras-moviles-tijera-articuladas-metro-madrid
Adjudicaciones;Servei d'inserció de publicitat institucional als mitjans de comunicació per a la difusió d'una campanya per reforçar l'esport i l'activitat física com a eina de cohesió social i territorial.;Departament d'Esports;servicios;Adjudicada;;HAVAS MEDIA GROUP SPAIN SAU;415453,3;https://contractaciopublica.cat/ca/detall-publicacio/150226d6-fa23-4f7a-839b-55ca53a08670/300898228
Adjudicaciones;Suministro de carne de aves, huevos y ovoproductos a las dos cocinas del Hospital universitario La Paz.;Hospital Universitario La Paz;suministros;Resuelta;;INDUSTRIASCARNICAS COLLSARS.A.;412440;https://contratos-publicos.comunidad.madrid/contrato-publico/pa-22026-suministro-carne-aves-huevos-ovoproductos-dos-cocinas-hospital
Adjudicaciones;cordoba 4ª prórroga del 4º cbam cirugia ortopedia y medicina medcor sl, para el suministro de tracto sucesivo y precios unitarios, de valvulas biologicas percutaneas (subgrupo 04.00 del catalogo sas), con destino al hospital reina sofia de cordoba adscrito a la central provincial de compras de cordoba. paam 39/24;Servicio Andaluz de Salud;suministros;Resuelta;;CIRUGIA ORTOPEDIA Y MEDICINA MEDCOR SL;409090,91;https://www.juntadeandalucia.es/haciendayadministracionpublica/apl/pdc_sirec/perfiles-licitaciones/detalle-licitacion.jsf?idExpediente=1009422
Adjudicaciones;primer contrato basado en el acuerdo marco con única empresa, para el suministro de vacunas frente al virus respiratorio sincitial (vrs) para población adulta destinadas al programa (pva), de la cpca. exp. 438/2026;Servicio Andaluz de Salud;suministros;Resuelta;;MODERNA BIOTECH SPAIN SL;404755,77;https://www.juntadeandalucia.es/haciendayadministracionpublica/apl/pdc_sirec/perfiles-licitaciones/detalle-licitacion.jsf?idExpediente=1008557
Adjudicaciones;Servicio de rehabilitación de bogies y compuertas de descarga para vagones 62000 de los Ferrocarrils de la Generalitat de Catalunya (Ref:PO16/26);Ferrocarrils de la Generalitat de Catalunya;servicios;Resuelta;;TRANSERVI;391832;https://contractaciopublica.cat/ca/detall-publicacio/c9833c76-3524-450a-a639-2d1b289ce956/300897410
Adjudicaciones;AB-ASS1-26-025. Servicio de escuela infantil de 0-3 corderos de él Hospital de Barbanza, perteneciente al Área Sanitario de Santiago de Compostela y Barbanza;Consellería de Sanidade- SERGAS;administrativo especial;Resuelta;;ANA NAYA GARCIA, S.L.;390126;https://www.contratosdegalicia.gal/licitacion?N=828551
Adjudicaciones;Obra de comunicaciones de la nueva estación de Usurbil;Euskal Trenbide Sarea-Comisión Delegada en Materia de Contratación de ETS;obras;Resuelta;;REVENGA INGENIEROS SA;376650,74;https://www.contratacion.euskadi.eus/webkpe00-kpeperfi/es/contenidos/anuncio_contratacion/expjaso564589/es_doc/index.html
Adjudicaciones;Recalce del dique rompeolas del puerto de Lekeitio;Gobierno Vasco-Dirección de Servicios;obras;Resuelta;;CIOMAR, S.L.;369284,15;https://www.contratacion.euskadi.eus/webkpe00-kpeperfi/es/contenidos/anuncio_contratacion/expjaso439556/es_doc/index.html
Adjudicaciones;Obra para la adecuación térmica de los módulos F y G de la Academia Vasca de Policía y Emergencias;Gobierno Vasco-Dirección de la Academia Vasca de Policía y Emergencias;obras;Adjudicada;;GIROA, S.A.;355234,24;https://www.contratacion.euskadi.eus/webkpe00-kpeperfi/es/contenidos/anuncio_contratacion/expjaso733175/es_doc/index.html
Adjudicaciones;La prestació del servei de manteniment i operació del Centre d'informació viària de Catalunya (CIVICAT), de manera temporal fins que es resolgui la licitació principal en curs per al manteniment i operació del CIVICAT, actualment suspesa a causa de la interposició de recursos especials en matèria de contractació.;Servei Català de Trànsit;servicios;Resuelta;;SISTEMAS Y MONTAJES INDUSTRIALES, SA;345580,37;https://contractaciopublica.cat/ca/detall-publicacio/7f576a50-ab19-4fc0-94aa-691b4c5c32ad/300898112
Adjudicaciones;Contractació del Servei d'Ajuda a Domicili;Consell Comarcal del Pallars Sobirà;servicios;Adjudicada;;AYUDA FAMILIAR CASTELLÓN S.L.;339205,38;https://contractaciopublica.cat/ca/detall-publicacio/1b5c1ed7-6956-48a7-bc6e-ceb2ed2a2399/300898914
Adjudicaciones;Esta contratación tiene por objeto la adquisición de sensores para la monitorización de la profundidad hipnótica, la nocicepción y la oximetría cerebral y somática con objeto de adecuar las dosis farmacológicas en pacientes anestesiados que se someten a cirugía, aumentando así la seguridad del paciente, en la realización de la actividad asistencial ordinaria en el Hospital Universitario Fundación Alcorcón y cuyas características técnicas se especifican en el pliego de prescripciones técnicas particulares, con cesión de los equipos necesarios para el funcionamiento de este fungible.;Hospital Universitario Fundación Alcorcón;suministros;Resuelta;;MEDTRONIC IBERICA, S.A., MEDTRONIC IBERICA S.A.;339000;https://contratos-publicos.comunidad.madrid/contrato-publico/suministro-sensores-servicio-anestesia-hospital-universitario-fundacion-alcorcon
Adjudicaciones;Servicio de limpieza de edificios y dependencias del Ayuntamiento de Lezo;Ayuntamiento de Lezo-Junta de gobierno local;servicios;Resuelta;;LIMPEDUR, S.L.;332000;https://www.contratacion.euskadi.eus/webkpe00-kpeperfi/es/contenidos/anuncio_contratacion/expjaso727192/es_doc/index.html
Adjudicaciones;SAG-2026-0012: PAH/009/26: Contratación por lotes del suministro de planta forestal para diferentes encargos, por procedimiento abierto armonizado, para la Empresa Pública de Servicios Agrarios Gallegos, S.A. (SEAGA, S.A.;Empresa Pública de Servizos Agrarios Galegos, S.A. (SEAGA);suministros;Adjudicada;;VERALEZA SLU;314545;https://www.contratosdegalicia.gal/licitacion?N=828223
Adjudicaciones;Suministro de 2 vehículos compuestos de chasis y equipo recolector de carga trasera de 7 m3 aproximados de capacidad;Badesa, S.A.-Consejo de Administración;suministros;Resuelta;;FFS EQUIPOS URBANOS S A;309346,48;https://www.contratacion.euskadi.eus/webkpe00-kpeperfi/es/contenidos/anuncio_contratacion/expjaso706737/es_doc/index.html
Adjudicaciones;Subministrament de filtres de cartutx necessaris per al tractament de potabilització a la ITAM Llobregat. Aquests filtres s’ubiquen entre les etapes de filtració a pressió i el procés d’osmosi inversa, dins de la línia de tractament de l’aigua. I el seu objectiu és el de retenir partícules, fins i pols de sorra i antracita que puguin quedar presents a l’aigua, per tal de protegir i salvaguardar la vida útil de les membranes i intercanviadors de pressió en el tractament per osmosi inversa. Lots: •Lot 1: 17.980 unitats, per un pressupost de 179.800,00 € (IVA exclòs) •Lot 2: 12.220 unitats, per un pressupost de 122.200,00 € (IVA exclòs);Ens d'Abastament d'Aigua Ter-Llobregat (ATL);suministros;Resuelta;;CHEMIPOL SA, LOGISTIUM, SERVICIOS LOGISTICOS S.A.;302000;https://contractaciopublica.cat/ca/detall-publicacio/bf108800-45d8-4da9-9cdc-eafabaae756f/300898577
Adjudicaciones;Alquiler de grupos electrógenos y de las conexiones y elementos auxiliares asociados para el suministro eléctrico provisional de la zona industrial del aeropuerto de Lleida-Alguaire;Aeroports Públics de Catalunya, SLU;suministros;Adjudicada;;MORILLO ENERGY RENT, S.A.U.;299755,2;https://contractaciopublica.cat/ca/detall-publicacio/6457b0ec-a40f-4e42-97f8-3e5fca5dbc6e/300898971
Adjudicaciones;L’objecte del contracte és l’execució de les obres del Projecte constructiu d’augment de la capacitat de desguàs dels òrgans de la presa de la Baells i rehabilitació de juntes de retracció del canal del sobreeixidor existent, al terme municipal de Cercs (el Berguedà), clau: LAB.00359/01.P.;Agència Catalana de l'Aigua (ACA);obras;Adjudicada;;ACSA OBRAS E INFRAESTRUCTURAS SAU;294832,69;https://contractaciopublica.cat/ca/detall-publicacio/020b1a2c-ce60-45ce-8e47-7540d89267cc/300899128
Adjudicaciones;Servicio relativo a la póliza del Seguro Obligatorio de Viajeros (SOV);Metro de Madrid, S.A.;servicios;Adjudicada;;AXA SEGUROS GENERALES, S.A. DE SEGUROS Y REASEGUROS;279650,56;https://contratos-publicos.comunidad.madrid/contrato-publico/servicio-relativo-poliza-seguro-obligatorio-viajeros-sov
Adjudicaciones;L’objecte del contracte és l’execució de l’obra d’adequació i millora energètica del magatzem municipal de Seròs, d’acord amb el projecte redactat per l’arquitecta municipal i aprovat pel Ple de la corporació en sessió de data 23 de desembre de 2024 i publicació de l’aprovació definitiva al BOP de Lleida nº6 de data 10 de gener de 2025.;Ajuntament de Seròs;obras;Resuelta;;M. I J. GRUAS, S.A.;276613,09;https://contractaciopublica.cat/ca/detall-publicacio/c6db49df-95c5-4754-9675-9156c29be378/300897909
Adjudicaciones;MAR-2026-0032: Contrato de obrareforma en el centro de formación A Aixola de Marín (Porto de Marín);Consellería do Mar;obras;Resuelta;;SERGONSA SERVICIOS, S.L;265102,53;https://www.contratosdegalicia.gal/licitacion?N=828772
Adjudicaciones;Patrocinio de Radar Madrid 2026;Madrid Cultura y Turismo, S.A.U.;999;Resuelta;;CHARCO MUSIC SL;264910,8;https://contratos-publicos.comunidad.madrid/contrato-publico/contrato-patrocinio-radar-madrid-2026
Adjudicaciones;suministro y puesta en marcha de material de iluminación;Agencia Andaluza de Instituciones Culturales;suministros;Adjudicada;;STONEX SHOW LIGHTING SL, CHEMTROL DIVISION TEATRO SA;262545,09;https://www.juntadeandalucia.es/haciendayadministracionpublica/apl/pdc_sirec/perfiles-licitaciones/detalle-licitacion.jsf?idExpediente=974565
Adjudicaciones;CSG-2026-0027: Contrato mixto de suministro y servicios, para la suscripción de licencias PROVYS de tráfico de emisiones y servicios accesorios;Corporación de Servizos Audiovisuais de Galicia, S.A.;suministros;Resuelta;;DATOS MEDIA TECHNOLOGIES, S.A;260753,36;https://www.contratosdegalicia.gal/licitacion?N=828763
Adjudicaciones;Servicio de mantenimiento integral de equipamiento de alta tecnología. Marca GE. Fundación Rioja Salud;Fundación Rioja Salud;servicios;Resuelta;;GENERAL ELECTRIC HEALTHCARE ESPAÑA SAU, CEDYT SISTEMAS DIAGNOSTICOS SL;256650;https://www.larioja.org/contratacion-publica/es/licitaciones/consulta-expedientes?homepage=?p_colateral%3D40-7-2.01-0024%2F2026%26p_dia_ini%3D04%26p_mes_ini%3D09%26p_ano_ini%3D2026%26p_dia_fin%3D04%26p_mes_fin%3D09%26p_ano_fin%3D2026%26p_todas%3DN
Adjudicaciones;Estabilización del tramo entre los PP.KK. 4+350 y 4+690 de la GI-3321 en el Elgoibar (Azkarate) (8-ME-41/2026);Diputación Foral de Gipuzkoa-Diputado/a Foral de Infraestructuras Viarias;obras;Resuelta;;TUNELAN OBRAS SUBTERRANEAS, S.L.;246862,44;https://www.contratacion.euskadi.eus/webkpe00-kpeperfi/es/contenidos/anuncio_contratacion/expjaso734135/es_doc/index.html
Adjudicaciones;Suministro del medicamento exclusivo: Ramucirumab (CYRAMZA);Hospital Universitario La Paz;suministros;Resuelta;;LILLY, S.A.;242535;https://contratos-publicos.comunidad.madrid/contrato-publico/pnsp-292025-suministro-medicamento-exclusivo-ramucirumab-cyramza
Adjudicaciones;Obres de renovació de les instal·lacions de climatització de la sala de graus i de la sala doctorands de llengües estrangeres de la Facultat de Lletres de la Universitat de Girona.;Universitat de Girona;obras;Adjudicada;;Facilities Estea Next, S.L.;242310,01;https://contractaciopublica.cat/ca/detall-publicacio/3eac160e-2d65-42fa-a540-5003a5737b18/300898670
Adjudicaciones;Reparaciones de lesiones en cimentación en elIES GURUTZETA de Barakaldo (Bizkaia);Gobierno Vasco-Dirección de Gestión Económica;obras;Resuelta;;INSIGNIA REHABILITACION Y ARQUITECTURA SL;240667,71;https://www.contratacion.euskadi.eus/webkpe00-kpeperfi/es/contenidos/anuncio_contratacion/expjaso700608/es_doc/index.html
Adjudicaciones;"huelva; 1ºcbam 402/2025; am 40000/2025; acuerdo marco con una única empresa por agrupación de lotes por el que se fijan las condiciones para el suministro de implantes cocleares, implantes de conducción ósea (implantes vibratorios o implantes osteointegrados) e implantes activos de oído medio, y de elementos de reposición para implantes cocleares, implantes de conducción ósea e implantes activos de oído medio con destino a los centros sanitarios del servicio andaluz de salud con la empresash medical salud ibérica,s.l.con c.i.f. b65083016 .";Servicio Andaluz de Salud;suministros;Resuelta;;SH MEDICAL SALUD Y SERVICIOS IBERICA, SL;239250;https://www.juntadeandalucia.es/haciendayadministracionpublica/apl/pdc_sirec/perfiles-licitaciones/detalle-licitacion.jsf?idExpediente=979505
Adjudicaciones;Suministro de Polielectrolito para tratamiento de fango en las ETAP de Canal de Isabel II, S.A., M.P.;Canal de Isabel II, S.A.;suministros;Resuelta;;TESIS GALICIA, S.L.;239200,53;https://contratos-publicos.comunidad.madrid/contrato-publico/suministro-polielectrolito-tratamiento-fango-etap-canal-isabel-ii-sa-mp-0
Adjudicaciones;L’objecte del contracte es la prestació dels serveis necessaris per al desenvolupament d’accions d’intervencions a la comunitat per a la prevenció i atenció de les persones amb consum de drogues a Santa Coloma de Gramenet de conformitat amb el PPT redactat pel servei gestor. Complementàriament la finalitat del contracte es promoure la perspectiva de gènere amb l’adopció d’un llenguatge inclusiu i igualitari;Ajuntament de Santa Coloma de Gramenet;999;Resuelta;;Asaupam (Associació d'Intervenció Comunitària en Drogues);235638,13;https://contractaciopublica.cat/ca/detall-publicacio/5c5f2d30-572d-4cf8-9c16-7afb3ee12160/300899069
Adjudicaciones;El contrato tiene por objeto el suministro e instalación de dos recintos visitables isotérmicos para la conservación de documentos en soporte fotográfico y audiovisual custodiados en el Archivo Regional de la Comunidad de Madrid;Consejería de Cultura, Turismo y Deporte;suministros;Resuelta;;Comercial Sevillana De Laboratorios, S.L.;233750;https://contratos-publicos.comunidad.madrid/contrato-publico/suministro-e-instalacion-dos-recintos-visitables-isotermicos-conservacion
Adjudicaciones;El objeto del presente procedimiento es la contratación del suministro para la creación de una infraestructura de virtualización de alta disponibilidad, computación y almacenamiento en el marco del proyecto de mejoras de la unidad de investigación clínica para garantizar una participación accesible, cómoda y humana de los pacientes en los ensayos clínicos para la Fundació Institut de recerca Hospital de la Santa Creu i Sant Pau”.;Fundació Privada Institut de Recerca de l'Hospital de la Santa Creu i Sant Pau;suministros;Adjudicada;;CENTRIA TECNOLOGIA, S.L.;229999;https://contractaciopublica.cat/es/detall-publicacio/08b84cf9-f52b-4f96-aa3e-567a9ba83e1c/300898510
Adjudicaciones;Serveis tècnics per a la redacció dels Plans Integrals de gestió dels sistemes de sanejament d'Anglès i Sils-Vidreres;Consell Comarcal de la Selva;servicios;Adjudicada;;UTE AVENTEC - FACSA, INVALL, SA;229893,75;https://contractaciopublica.cat/ca/detall-publicacio/92404e36-bb41-47b4-b36b-e3a1e9675439/300898029
Adjudicaciones;servicios integrados de seguridad con vigilancia y sistemas de alarmas;Agencia Andaluza de Instituciones Culturales;servicios;Resuelta;;SEGURIDAD HISPANICA DE VIGILANCIA Y PROTECCION SOCIEDAD LIMITADA;229736,71;https://www.juntadeandalucia.es/haciendayadministracionpublica/apl/pdc_sirec/perfiles-licitaciones/detalle-licitacion.jsf?idExpediente=981088
Adjudicaciones;Servicio para la colaboración y asistencia técnica en el procedimiento sancionador por infracciones de las normas de tráfico, así como la recaudación en vía voluntaria de las sanciones de tráfico;Ayuntamiento de Getxo-Junta de Gobierno;servicios;Resuelta;;SERVICIOS DE COLABORACION INTEGRAL SL;227272,73;https://www.contratacion.euskadi.eus/webkpe00-kpeperfi/es/contenidos/anuncio_contratacion/expgegetxo1006511/es_doc/index.html
Adjudicaciones;l’adhesió de l’Ajuntament al sistema de contractació centralitzada ambdestinació als ens local de Catalunya que es realitzi en les diverses categoriesd’adquisicions previstes en l’article 205 del Text refós de la llei de contractes delsector públic aprovat pel Reial Decret Legislatiu 3/2011 (en endavant, TRLCSP), pelConsorci Català per al Desenvolupament Local (CCDL);Ajuntament de Castellar del Vallès;suministros;Adjudicada;;ENDESA DISTRIBUCION ELÉCTRICA SLU;224263,56;https://contractaciopublica.cat/ca/detall-publicacio/f4326ae2-9560-45ab-8718-d5352a358a81/300898421
Adjudicaciones;Suministro para la renovación de equipamiento de seguridad de Energía y Línea Aérea, de diverso material de seguridad, compuesto por equipos de protección frente a riesgo eléctrico utilizados en las instalaciones de Metro de Madrid S.A.;Metro de Madrid, S.A.;suministros;Resuelta;;SOFAMEL S.L.U, RIBODEL, S.L.;217058,79;https://contratos-publicos.comunidad.madrid/contrato-publico/suministro-renovacion-equipamiento-seguridad-energia-linea-aerea-metro-madrid
Adjudicaciones;Renovación del plan de suscripciones de pago por uso de productos Autodesk;LANTIK-Director-Gerente;suministros;Resuelta;;SEIDOR TECH, SAU;215000;https://www.contratacion.euskadi.eus/webkpe00-kpeperfi/es/contenidos/anuncio_contratacion/expgebizkaia3529618/es_doc/index.html
Adjudicaciones;huj_cbam_am_1028/2023_greiner bio-one españa s.a_suministro del material del subgrupo 01.03, genérico de punción (agujas) con disponibilidad de uso y mantenimiento del equipamiento necesario para la utilización del material, para los centros sanitarios que integran la central provincial de compras de la provincia de jaén (+6.6lk179k)_.;Servicio Andaluz de Salud;suministros;Resuelta;;GREINER BIO-ONE ESPAÑA SA;210670,88;https://www.juntadeandalucia.es/haciendayadministracionpublica/apl/pdc_sirec/perfiles-licitaciones/detalle-licitacion.jsf?idExpediente=732249
Adjudicaciones;Contratación del análisis, diseño, construcción e implantación de un Sistema de Prescripción Ortoprotésica en Osakidetza;OSAKIDETZA - Servicio Vasco de Salud -Director General;servicios;Resuelta;;HIBERUS IKT SOCIEDAD LIMITADA;210000;https://www.contratacion.euskadi.eus/webkpe00-kpeperfi/es/contenidos/anuncio_contratacion/exposakisap2026001017/es_doc/index.html
Adjudicaciones;Suministro del medicamento exclusivo: Ublituximab (BRIUMV);Hospital Universitario La Paz;suministros;Resuelta;;NEURAXPHARM SPAIN S.L.;207635,12;https://contratos-publicos.comunidad.madrid/contrato-publico/pnsp-232025-suministro-medicamento-exclusivo-ublituximab-briumv
Adjudicaciones;Obres per a l’execució de la memòria valorada per a les actuacions relatives als elements patrimonials a La Rambla de Barcelona, amb mesures de contractació pública sostenible.;Barcelona d'Infraestructures Municipals SA;obras;Resuelta;;RIGEL OVER, S.L.;201040,52;https://contractaciopublica.cat/ca/detall-publicacio/9c2489bf-5282-4ba9-84a0-aee33b4181be/300898176
Adjudicaciones;Reforma del Vestíbul de planta 2 de l’edifici Principal de l’Hospital Universitari de Bellvitge.;ICS - Hospital Universitari de Bellvitge;obras;Adjudicada;;SURIS, S.L.;200514,71;https://contractaciopublica.cat/ca/detall-publicacio/1e7738ef-46d9-4f98-8ea1-0f5322fc6b00/300898099
Adjudicaciones;Servicio de handling del aeropuerto de Andorra-La Seu d'Urgell;Aeroports Públics de Catalunya, SLU;servicios;Adjudicada;;ANDORRA AVIATION GROUP SPAIN SLU;199940;https://contractaciopublica.cat/ca/detall-publicacio/0c6ba7ef-65bc-4431-818f-d65fd0b59846/300898434
Adjudicaciones;Servicio de implantación y mantenimiento de un sistema integral de gestión de información para el paciente crítico en el Hospital Universitario Severo Ochoa;Hospital Universitario Severo Ochoa;servicios;Resuelta;;PHILIPS IBERICA, S.A.U.;198000;https://contratos-publicos.comunidad.madrid/contrato-publico/servicio-implantacion-mantenimiento-sistema-integral-gestion-informacion-paciente
Adjudicaciones;1101472950 Servei d'assistència tècnica per al seguiment i control de qualitat dels serveis de neteja, bugaderia i transports de mostres biològiques dels centres d'Atenció Primària i Centre Corporatiu de l'institut català de la salut;ICS - Gerència de compres;servicios;Resuelta;;CIAS COM 2001,S.L.;196000;https://contractaciopublica.cat/ca/detall-publicacio/dde4a1e6-20e3-4b52-bba0-07bda5e938e8/300898048
Adjudicaciones;cordoba 1er cbam 1º prorroga bayer hispania s.l.para el suministro de tracto sucesivo y precio unitario de medicamentos exclusivos utilizados en los centros sanitarios del servicio andaluz de salud am2204/2025 (578/2025);Servicio Andaluz de Salud;suministros;Resuelta;;BAYER HISPANIA, SL;192307,69;https://www.juntadeandalucia.es/haciendayadministracionpublica/apl/pdc_sirec/perfiles-licitaciones/detalle-licitacion.jsf?idExpediente=1009169
Adjudicaciones;Servei de manteniment i neteja de cabines sanitàries en la zona periurbana, i subministrament, en règim de lloguer, de cabines sanitàries químiques i connectades a clavegueram per a esdeveniments i actes diversos (2 lots).;Ajuntament del Prat de Llobregat;servicios;Resuelta;;TOI TOI SANITARIOS MOVILES, S.A., VALLAS & TOILETES;187986;https://contractaciopublica.cat/ca/detall-publicacio/987b21cd-f86c-472a-9fc1-689b8da4f237/300898165
Adjudicaciones;Subministrament de 3 camions, un de més de 3.500 kg i dos de menys 3.500 kg per la unitat de suport al territori. Aquests vehicles han de substituir els camions que actualment té aquesta unitat que ja no poden circular.;Ajuntament de l'Hospitalet de Llobregat;suministros;Adjudicada;;BILBOTRUCK S.L., AUTO DISTRIBUCION, S.L.;185000;https://contractaciopublica.cat/ca/detall-publicacio/005e586d-7dd5-4a3a-80ae-c15fe96df00a/300898926
Adjudicaciones;Servei d’allotjament, suport i manteniment integral de la infraestructura web de FGC a AWS per a Ferrocarrils de la Generalitat de Catalunya (Ref: PO73/26);Ferrocarrils de la Generalitat de Catalunya;servicios;Adjudicada;;Eurovía Servicios Telemáticos, S.L.;184000;https://contractaciopublica.cat/ca/detall-publicacio/d5efd8b2-afa2-45c1-bf19-61b3139a61cc/300898957
Adjudicaciones;Contratación de los servicios de mantenimiento, reparación y ampliación de instalaciones eléctricas de los edificios de Fomento de San Sebastián y de actividades propias que desarrolla Fomento de San Sebastián en entorno urbano;Sociedad Fomento de San Sebastián, S.A.-Presidente;servicios;Adjudicada;;LOYOLA NORTE, S.A.;183882,89;https://www.contratacion.euskadi.eus/webkpe00-kpeperfi/es/contenidos/anuncio_contratacion/expjaso735175/es_doc/index.html
Adjudicaciones;Prestació integral del servei de manteniment, conservació, reparació d’avaries, control de la qualitat sanitària de l’aigua i lectures de comptadors en l’àmbit del subministrament d’aigua potable de Massanes, conforme a l’especificat en el Plec de Prescripcions Tècniques (PPT).;Ajuntament de Massanes;servicios;Resuelta;;abastaments d'aigua del tordera sl;179808,3;https://contractaciopublica.cat/ca/detall-publicacio/301cb1d6-70bf-4fa9-8a8a-038ceb787130/300894961
Adjudicaciones;Suministro del medicamento exclusivo Atogepant (AQUIPTA),;Hospital Universitario La Paz;suministros;Resuelta;;ABBVIE SPAIN, S.L.U.;176636,88;https://contratos-publicos.comunidad.madrid/contrato-publico/pnsp-92026-suministro-medicamento-exclusivo-atogepant-aquipta
Adjudicaciones;Subministrament de llicències per al programari de fonts anomenat “Helvetica”, per al seu ús en les web i APP d’FGC Turisme;Ferrocarrils de la Generalitat de Catalunya;suministros;Adjudicada;;Monotype Limited;170266;https://contractaciopublica.cat/ca/detall-publicacio/7bb5d018-f113-4bf9-b792-5e14ef1f861c/300898388
Adjudicaciones;obras de reparacion de terraza y acera perimetral para el restaurante nevasol, en borreguiles, sierra nevada.;Cetursa Sierra Nevada, S.A.;obras;Resuelta;;PRODESUR CONSTRUCCION Y PROYECTOS , S.L.;165001,87;https://www.juntadeandalucia.es/haciendayadministracionpublica/apl/pdc_sirec/perfiles-licitaciones/detalle-licitacion.jsf?idExpediente=978073
Adjudicaciones;Suministro mediante Renting de 9 Vehículos;Euskal Trenbide Sarea-Comisión Delegada en Materia de Contratación de ETS;suministros;Resuelta;;PROMOCIONES ELDEAR, S.L.;162345,6;https://www.contratacion.euskadi.eus/webkpe00-kpeperfi/es/contenidos/anuncio_contratacion/expjaso442098/es_doc/index.html
Adjudicaciones;Desarrollo e implantación del sistema de gestión de la seguridad del Sistema de Información municipal para su adecuación al ENS, incluyendo el soporte a los responsables de seguridad, DPD, en materia de RGPD, y en la implantación de la IA.;Ayuntamiento de Irun -Junta de Gobierno Local;servicios;Resuelta;;S2 GRUPO SOLUCIONES DE SEGURIDAD, S.L.;159924;https://www.contratacion.euskadi.eus/webkpe00-kpeperfi/es/contenidos/anuncio_contratacion/expjaso701498/es_doc/index.html
Adjudicaciones;Contractació del manteniment de l'aplicació informàtica de gestió de dades InCa Urbano, consistent en un sistema d'informació d'inventari d'elements urbans de la ciutat de Barcelona, amb mesures de contractació pública sostenible (2026 - 2030);Ajuntament de Barcelona;servicios;Resuelta;;IPSVIAL, S.L.;159760;https://contractaciopublica.cat/ca/detall-publicacio/cd077677-5f55-4299-b370-0b90a38e326c/300898584
Adjudicaciones;"Subministrament de tracte successiu de reactius, material fungible i necessàriament complementari, controls de qualitat i cessió d’equips, incloent el seu manteniment, així com la cessió de l’ús de sistemes d’informació associats, per dur a terme les determinacions del tipus ""a prop del pacient"" o Point Of Care Testing (POCT) a la xarxa del Laboratori de Referència de Catalunya, SA.";Laboratori de Referència de Catalunya, SA;suministros;Adjudicada;;FUJIFILM HEALTHCARE ESPAÑA S.L., Linear Chemicals, S.L.U.;155237,4;https://contractaciopublica.cat/ca/detall-publicacio/240d34cc-ee18-4c51-8bac-13206e5cf94f/300898746
Adjudicaciones;Obres d'infraestructura per a la instal·lació d'un mòdul prefabricat a l'Escola L'Assumpció de Deltebre (Codi Centre: 43004074. Codi ENS: 4267).;Departament d'Educació i Formació Professional;obras;Resuelta;;DELTASEAM CONSTRUCTORA, S.L.U.;151243,22;https://contractaciopublica.cat/ca/detall-publicacio/f58ed178-08e3-4600-8210-245585d42214/300899037
Adjudicaciones;Redacció de projecte executiu i direcció d’obra de reparació de les patologies constructives de cúpules i torres detectades en les darreres campanyes d’inspecció de l’obra civil de l’edifici Palau Nacional del Museu Nacional d’Art de Catalunya, amb mesures de contractació pública social i ambiental;Consorci Museu Nacional d'Art de Catalunya;servicios;Resuelta;;UTE BIS-AVA;150883,2;https://contractaciopublica.cat/ca/detall-publicacio/6ab88d30-04b3-4466-8fe1-60a14803a6c4/300898171
Adjudicaciones;Suministro de frotadores de pantógrafos de UTs.;Metro Bilbao, S.A.-Consejo de Administración;suministros;Adjudicada;;FAIVELEY TRANSPORT IBERICA SA;150500;https://www.contratacion.euskadi.eus/webkpe00-kpeperfi/es/contenidos/anuncio_contratacion/expjaso729844/es_doc/index.html
Adjudicaciones;Rehabilitació estructural del tauler de la passarel·la (pont) del Barri de l’Hospital que creua la Riera de Begues al Municipi d’Olesa de Bonesvalls.;Ajuntament d'Olesa de Bonesvalls;obras;Adjudicada;;TALLERS VIDAL AMILL SLU;149961,1;https://contractaciopublica.cat/ca/detall-publicacio/e13331e4-6454-4e78-8f20-1bda775c195d/300898077
Adjudicaciones;AXG-2026-0013: Suministro de tres (3) vehículos tipo 4x4 todo-camino para la Agencia Gallega de Emergencias de la Comunidad Autónoma de Galicia, mediante procedimiento abierto simplificado, tramitación común y licitación electrónica, utilizando una pluralidad de criterios de adjudicación, cofinanciado por la unión europea en un 60 % del gasto elegible en el marco del programa Galicia FEDER 2021-2027, OP 2, Prioridad P2La, Objetivo específico RS02.4, tipo de acción 2.4.03;Axencia Galega de Emerxencias (AXEGA);suministros;Adjudicada;;BREOGAN MOTOR, S.L.;149798;https://www.contratosdegalicia.gal/licitacion?N=828871
Adjudicaciones;huj_cbam_am_1028/2023_becton dickinson s.a_suministro del material del subgrupo 01.03, genérico de punción (agujas) con disponibilidad de uso y mantenimiento del equipamiento necesario para la utilización del material, para los centros sanitarios que integran la central provincial de compras de la provincia de jaén (+6.6lk179k);Servicio Andaluz de Salud;suministros;Resuelta;;BECTON DICKINSON SA;149432;https://www.juntadeandalucia.es/haciendayadministracionpublica/apl/pdc_sirec/perfiles-licitaciones/detalle-licitacion.jsf?idExpediente=732256
Adjudicaciones;Servei de manteniment de la carretera de l’estació de muntanya de Port Ainé (PO63/26);Ferrocarrils de la Generalitat de Catalunya;servicios;Resuelta;;CERVÓS SAU;148625,8;https://contractaciopublica.cat/ca/detall-publicacio/43c9ffbf-e944-457a-95fa-7def2b506975/300898400
Adjudicaciones;Asistencia técnica para la elaboración de los Inventarios de GEIs y Contaminantes atmosféricos de Euskadi, años 2025 y 2026;Sociedad Pública de Gestión Ambiental, IHOBE, S.A.-Director general;servicios;Adjudicada;;EY TRANSFORMA SERVICIOS DE CONSULTORIA SL;146500;https://www.contratacion.euskadi.eus/webkpe00-kpeperfi/es/contenidos/anuncio_contratacion/expjaso722411/es_doc/index.html
Adjudicaciones;cbamsl 50/2024 (paam 60/2021) para las obras de instalación eléctrica de baja tensión de edificio destinado a centro de salud, sito en c/segovia, n.º 32, dos hermanas, sevilla (lote 10);Servicio Andaluz de Salud;obras;Resuelta;;EULEN SA;143766,35;https://www.juntadeandalucia.es/haciendayadministracionpublica/apl/pdc_sirec/perfiles-licitaciones/detalle-licitacion.jsf?idExpediente=761846
Adjudicaciones;Adquisición de sistemas para Infusión de Fluidos Vía Parenteral para la OSI DEBABARRENA;OSAKIDETZA - Servicio Vasco de Salud -Director Gerente;suministros;Resuelta;;B. BRAUN MEDICAL, S.A., ICU MEDICAL PRODUCTOS FARMACÉUTICOS Y HOSPITALARIOS, S.L., CARDIVA 2, S.L.;143625,7;https://www.contratacion.euskadi.eus/webkpe00-kpeperfi/es/contenidos/anuncio_contratacion/exposakisap2026000050/es_doc/index.html
Adjudicaciones;Subministrament i instal·lació d'un sistema d'anàlisi d'imatge en viu d'alta sensiblitat per a organismes vegetals per a la recerca científica, incloent-hi accessoris òptics i de precisió i sistemes de control ambiental anti-condensació, així com la corresponent garantia extra d'1 any, derivat de la categoria 3.- Equips de laboratori i instrumentació del Sistema Dinàmic d'Adquisició per al Subministrament de Material de laboratori Catàleg general 23/02;Centre de Recerca Agrigenòmica (CRAG);suministros;Adjudicada;;LABNET BIOTECNICA, S.L.;141006,77;https://contractaciopublica.cat/ca/detall-publicacio/13a29626-e71b-4305-af60-099e286cc62b/300897199
Adjudicaciones;Servicio de mantenimiento de cerrajería en estaciones y apeaderos del ferrocarril, salidas de emergencia, funicular, oficinas, viviendas y locales comerciales de Bizkaia y Gipuzkoa de ETS;Euskal Trenbide Sarea-Comisión Delegada en Materia de Contratación de ETS;servicios;Resuelta;;JUAN JOSE MONTEJO, SL;140550;https://www.contratacion.euskadi.eus/webkpe00-kpeperfi/es/contenidos/anuncio_contratacion/expjaso459339/es_doc/index.html
Adjudicaciones;Servicio de limpieza de fachadas y retirada de carteles en el municipio de Eibar;Mancomunidad Comarcal de Debabarrena-Comisión de Gobierno;servicios;Resuelta;;TRAECO MEDIOAMBIENTAL, S.L.;140098;https://www.contratacion.euskadi.eus/webkpe00-kpeperfi/es/contenidos/anuncio_contratacion/expjaso412577/es_doc/index.html
Adjudicaciones;Contrato de producción artística integral y exhibición de dos carrozas para la Hispanidad 2026.;Madrid Cultura y Turismo, S.A.U.;servicios;Resuelta;;MADAR DECORADOS STAND ESCENOGRAFIA S.L.;140000;https://contratos-publicos.comunidad.madrid/contrato-publico/contrato-produccion-artistica-integral-exhibicion-dos-carrozas
Adjudicaciones;Servicio de mantenimiento, inspección técnica, equipación de vías y limpieza en los rocódromos municipales del Ayuntamiento de Vitoria-Gasteiz;Ayuntamiento de Vitoria-Gasteiz-Junta de Gobierno Local;servicios;Adjudicada;;LAZITURRI MANTENIMIENTOS, SLU;139500;https://www.contratacion.euskadi.eus/webkpe00-kpeperfi/es/contenidos/anuncio_contratacion/expjaso717312/es_doc/index.html
Adjudicaciones;Organització de la Tercera Fira de l'ocupació de L'Hospitalet de Llobregat;Ajuntament de l'Hospitalet de Llobregat;servicios;Adjudicada;;AMT COMUNICACIÓN, SL;139003,01;https://contractaciopublica.cat/ca/detall-publicacio/7697ef25-76a9-44a9-86e1-d8f5ff26d1fd/300898777
Adjudicaciones;Tramitación y ejecución, con carácter de emergencia, del contrato de obras, de acondicionamiento y reparación de 4 viviendas propiedad de la Agencia de Vivienda Social sitas en la zona noroeste de la Comunidad de Madrid con el fin exclusivo de permitir el realojo inmediato de las familias afectadas por los incendios;Organismo autónomo Agencia de Vivienda Social de la Comunidad de Madrid;obras;Resuelta;;AC CLIMAVANCE, SL;137803,19;https://contratos-publicos.comunidad.madrid/contrato-publico/tramitacion-ejecucion-caracter-emergencia-contrato-obras-acondicionamiento-7
Adjudicaciones;Suministro de cateters y guías para radiología intervencionista del Consorci Corporació Sanitària Parc Taulí;Consorci Corporació Sanitària Parc Taulí de Sabadell;suministros;Resuelta;;MERIT MEDICAL SPAIN, S.L.U, Cordis Medical Spain SLU, BOSTON SCIENTIFIC IBERICA S.A., Becton Dickinson, S.A., MEDTRONIC IBERICA, S.A., TERUMO EUROPE ESPAÑA SL;136254,4;https://contractaciopublica.cat/ca/detall-publicacio/358f604f-cb7b-4628-b516-2bc08450d91d/300897013
Adjudicaciones;Tramitación y ejecución, con carácter de emergencia, del Contrato de obras, de acondicionamiento y reparación de 4 viviendas propiedad de la Agencia de Vivienda Social sitas en la zona noroeste de la Comunidad de Madrid con el fin exclusivo de permitir el realojo inmediato de las familias afectadas por los incendios;Organismo autónomo Agencia de Vivienda Social de la Comunidad de Madrid;obras;Resuelta;;ELECNOR, SA;133819,41;https://contratos-publicos.comunidad.madrid/contrato-publico/tramitacion-ejecucion-caracter-emergencia-contrato-obras-acondicionamiento-5
Adjudicaciones;Servicio de educación social en medio abierto de Lezo.;Ayuntamiento de Lezo-Junta de gobierno local;servicios;Resuelta;;GURE AMETS GIZARTE ELKARTEA;132000;https://www.contratacion.euskadi.eus/webkpe00-kpeperfi/es/contenidos/anuncio_contratacion/expjaso612834/es_doc/index.html
Adjudicaciones;La present licitació té per objecte la prestació del servei de disseny, organització i producció executiva de les edicions XXI i XXII del «Memorimage, Festival Internacional de Cinema amb imatges d’arxiu» que se celebrarà a Reus el mes de novembre, puntualment, i estendre el Festival a la resta de l’any durant el 2026 i el 2027, organitzat per l’Institut Municipal Reus Cultura (IMRC), i també complint amb les potestats reflectides a l’article 2 dels Estatuts de l’IMRC pels quals s’impulsa la promoció, potenciació i organització de tot tipus d’iniciatives ciutadanes dins l’àmbit cultural;Institut Municipal Reus Cultura;servicios;Adjudicada;;PLANETA MED SLU;132000;https://contractaciopublica.cat/ca/detall-publicacio/5202442c-5551-4b6b-bae2-c216c1b6ce30/300899092
Adjudicaciones;Srveis d’atenció al públic i execució del programa d’activitats didàctiques que inclou els serveis d’informació, la gestió de reserves, regidoria d’espais, taquillatge, la venda de publicacions i altres articles, la gestió, promoció i execució de la programació d’activitats didàctiques i altres serveis relacionats amb la mediació cultural i l’objecte de l’Institut de Patrimoni Cultural (IPAC), de manera diferenciada per la Biblioteca Museu Víctor Balaguer, el Museu Romàntic Can Papiol, la Torre Blava- Espai Guinovart i l’Espai Far.;Institut Municipal de Patrimoni Cultural (IPaC);servicios;Adjudicada;;ARC GESTIÓCULTURAL S.L.;130860,25;https://contractaciopublica.cat/ca/detall-publicacio/ecc48abe-aea5-416e-813c-24e028b7156e/300898995
Adjudicaciones;- CBAM- LINETLOTE 2 HUPM Acuerdo marco de suministro de equipamiento para mobiliario clínico y de soporte susceptible de ser financiado por fondos europeos en centros sanitarios dependientes del Servicio Andaluz de Salud.;Servicio Andaluz de Salud;suministros;Resuelta;;LINET IBERIA S.L.U;130830;https://www.juntadeandalucia.es/haciendayadministracionpublica/apl/pdc_sirec/perfiles-licitaciones/detalle-licitacion.jsf?idExpediente=982525
Adjudicaciones;0000266/2026 cca.: +6.cleywar contratación del arrendamiento sin opción de compra de una construcción modular provisional destinada al servicio de cocina del hospital infanta margarita, centro adscrito a la central provincial de compras de córdoba. pa 13/26;Servicio Andaluz de Salud;suministros;Resuelta;;MODUL CULINARY CENTER SL;130824,71;https://www.juntadeandalucia.es/haciendayadministracionpublica/apl/pdc_sirec/perfiles-licitaciones/detalle-licitacion.jsf?idExpediente=947783
Adjudicaciones;Reforma interior per a la implantació de telecomandament multifunció (arquitectura) del DIVAS 3 de l'Hospital Universitari de Bellvitge.;ICS - Hospital Universitari de Bellvitge;obras;Adjudicada;;CONSTRUCCIONS CAPSANA SL;130402,02;https://contractaciopublica.cat/ca/detall-publicacio/f35fbeab-0c9c-4d18-958b-eb5b74725109/300898154
Adjudicaciones;Contrato de la producción Lo niego, me niego, reniego (para acabar a tiro limpio) en los Teatros del Canal;Madrid Cultura y Turismo, S.A.U.;servicios;Adjudicada;;SOÑANDO PRODUCCIONES S.L.;127970,2;https://contratos-publicos.comunidad.madrid/contrato-publico/contrato-produccion-lo-niego-me-niego-reniego-acabar-tiro-limpio
Adjudicaciones;Servicio de mantenimiento obligatorio y reparaciones en ascensores municipales;Ayuntamiento de Arrasate/Mondragón-Junta de Gobierno Local;servicios;Adjudicada;;ORONA SOCIEDAD COOPERATIVA;127249,47;https://www.contratacion.euskadi.eus/webkpe00-kpeperfi/es/contenidos/anuncio_contratacion/expjaso720470/es_doc/index.html
Adjudicaciones;NB-ASS1-26-067. 17º contrato derivado correspondiente al lote 1: ordenadores personales básicos (con pantalla), de él acuerdo marco, con varios empresarios, de él suministro de equipamiento TIC (expte. AMT-2023-0057_L1_CD13);Consellería de Sanidade- SERGAS;suministros;Adjudicada;;BALIDEA CONSULTING AND PROGRAMMING, S.L.;126389,34;https://www.contratosdegalicia.gal/licitacion?N=829284
Adjudicaciones;Servicio de mantenimiento de los equipos de laboratorio de investigación para la Fundación para la Investigación Biomédica del Hospital Universitario 12 de Octubre.;Fundación para la Investigación Biomédica del Hospital Universitario 12 de Octubre;servicios;Resuelta;;AGENOR MANTENIMIENTOS S.A.;124668;https://contratos-publicos.comunidad.madrid/contrato-publico/contratacion-servicio-mantenimiento-equipos-laboratorio-investigacion-fundacion
Adjudicaciones;Serveis del contracte de col·laboració publicitària (patrocini) en el Barcelona Open-Pickle Pro Tour i les seves activitats complementàries, en la seva edició 2026, amb mesures de contractació publica sostenible;Institut Barcelona Esports;servicios;Adjudicada;;B3 SPORTAINMENT;124000;https://contractaciopublica.cat/ca/detall-publicacio/3699e2f9-a243-47c8-95d6-a4a7ad6a937f/300898841
Adjudicaciones;Suministro de reactivos y material necesario para detección bacteriana en hemocultivos y medios de crecimiento líquido para el cultivo de micobacterias con cesión de equipos en uso para el hospital durante la vigencia del contrato;Hospital Universitario de La Princesa;suministros;Resuelta;;BECTON DICKINSON, S.A.;123900;https://contratos-publicos.comunidad.madrid/contrato-publico/suministro-reactivos-material-necesario-deteccion-bacteriana-hemocultivos-medios-0
Adjudicaciones;"El objeto del presente contrato es el servicio de conservación y mantenimiento de las depuradoras de las Residencias de Mayores Doctor González Bueno y Villaviciosa de Odón, dependientes de la Agencia Madrileña de Atención Social en adelante, para mantener el funcionamiento normal de cada estación depuradora, &nbsp;consiguiendo en todo momento unos índices de depuración que correspondan, como mínimo, a los rendimientos normales y condiciones que se indican en el Pliego de prescripciones técnicas y la legislación vigente.";Organismo Autónomo Agencia Madrileña de Atención Social;servicios;Resuelta;;MONTAJES Y MANTENIMIENTOS AMBIENTALES, S.A., CONSULNIMA S.L.;123728,27;https://contratos-publicos.comunidad.madrid/contrato-publico/servicio-mantenimiento-conservacion-depuradoras-residencias-mayores-doctor-2
Adjudicaciones;"La celebración de la presente licitación tiene por objeto concretar las condiciones del contrato basado&nbsp;en la prórroga del Acuerdo Marco 21/2023, para el suministro de combustibles en estaciones de servicio&nbsp;correspondientes al Lote 1 - Península correspondiente a la Secretaría General Técnica de la&nbsp;Consejería de Sanidad de la Comunidad de Madrid.";Consejería de Sanidad;suministros;Adjudicada;;SOLRED, S.A.;123280,99;https://contratos-publicos.comunidad.madrid/contrato-publico/2026-sgt1-combustible
Adjudicaciones;Contratación de suministro, instalación y puesta en marcha de infraestructura para el procesamiento de imágenes mediante inteligencia artificial en la plataforma basque resource for electron microscopy — BREM.;Fundación Biofísica Bizkaia-Director Científico;suministros;Adjudicada;;SISTEMAS INFORMATICOS EUROPEOS S L;122990;https://www.contratacion.euskadi.eus/webkpe00-kpeperfi/es/contenidos/anuncio_contratacion/expjaso738904/es_doc/index.html
Adjudicaciones;Servicio de Migración del Sistema BMS TAC Vista a EcoStruxure Building Operation de varios edificios propiedad de EPGASA.;Empresa Pública de Gestión de Activos, S.A. M.P.;servicios;Adjudicada;;Q2TEC SL, Control y Montajes Domoal, S.L.U.;122470,06;https://www.juntadeandalucia.es/haciendayadministracionpublica/apl/pdc_sirec/perfiles-licitaciones/detalle-licitacion.jsf?idExpediente=968861
Adjudicaciones;subministramentdels drets d'ús del sistema de virtualització corporatiu basat en Dell, Broadcom i Microsoft, més els serveis de manteniment, mitjançant el lot 1 de l'acord marc del Consorci Localret de subministrament de solucions i serveis gestionats de virtualització (exp. 1431-0012/2024).;Ajuntament de Cambrils;suministros;Resuelta;;PUNT INFORMATIC I CREATIU SL;120750,24;https://contractaciopublica.cat/ca/detall-publicacio/de3e2149-4c21-43d1-8d70-9009c3c82079/300817331
Adjudicaciones;AB-ASS1-26-019. Suministro, instalación y puesta en funcionamiento de un sistema avanzado de láser CO2 para microcirugía ORL destinado al Área Sanitario de Santiago de Compostela y Barbanza.;Consellería de Sanidade- SERGAS;suministros;Adjudicada;;SUMINISTROS MEDICOS MEP S.L;120395;https://www.contratosdegalicia.gal/licitacion?N=828983
Adjudicaciones;L’objecte de l’Acord Marc és la selecció de l’empresa que podrà efectuar el corresponent subministrament de material fungible d’un generador Bipolar, amb cessió d’equipament per al CSA, d’acord amb les característiques tècniques i condicions definides en el Plec de Prescripcions Tècniques;Consorci Sanitari de l'Anoia;suministros;Adjudicada;;KARL STORZ ENDOSCOPIA IBERICA, S.A.;120000;https://contractaciopublica.cat/ca/detall-publicacio/c23d7754-a68c-4b90-87c3-57bc9bfafaf2/300898340
Adjudicaciones;Reposició de fanals i llumeneres de l’espai públic, que han estat objecte de col·lisió o per un grau elevat de corrosió, i millorar la seguretat i la qualitat de la via pública.;Ajuntament de Vilanova i la Geltrú;suministros;Adjudicada;;RUBATEC, S.A.;119834,71;https://contractaciopublica.cat/ca/detall-publicacio/e1275923-03cb-43dd-ae4b-776ba7ea9829/300898230
Adjudicaciones;AMFS203_2026_10 CONTRACTE BASAT ACORD MARC Obra civil corresponent al projecte executiu de renovació xarxa d’aigua i clavegueram del carrer Albert Cotó.;Figueres de Serveis, SA;obras;Adjudicada;;E. FÀBREGA GESTIONA OBRES, S.L.;118857,99;https://contractaciopublica.cat/ca/detall-publicacio/766fe88f-a6c5-4022-a07a-0d5d65076a90/300898757
Adjudicaciones;Suministro de catéter emisor radiofrecuencia para ablación para el Hospital Universitario La Paz;Hospital Universitario La Paz;suministros;Adjudicada;;MEDTRONIC IBERICA, S.A.;118850;https://contratos-publicos.comunidad.madrid/contrato-publico/pas-2026-5-20-suministro-cateter-emisor-radiofrecuencia-ablacion-hospital
Adjudicaciones;És objecte del present contracte les obres del Projecte executiu del pla de senyalització viària de les urbanitzacions de Mas Coll, Alella Parc i Can Comulada, al terme municipal d’Alella.;Ajuntament d'Alella;obras;Resuelta;;PROSEÑAL, S.L.U.;114000;https://contractaciopublica.cat/ca/detall-publicacio/c809efb4-f035-430c-9414-b766200612a3/300898248
Adjudicaciones;Suministrso de cuadros de alarma de gases medicinales en el Hospital Universitario Ramón y Cajal;Hospital Universitario Ramón y Cajal;suministros;Adjudicada;;S.E. Carburos Metálicos S.A;111564,2;https://contratos-publicos.comunidad.madrid/contrato-publico/suministrso-cuadros-alarma-gases-medicinales-hospital-universitario-ramon-cajal
Adjudicaciones;Red de parques públicos de Nabarniz: renovación integral;Ayuntamiento de Nabarniz-Pleno;obras;Resuelta;;BERMEOSOLO SA;109954;https://www.contratacion.euskadi.eus/webkpe00-kpeperfi/es/contenidos/anuncio_contratacion/expgebizkaia3102557/es_doc/index.html
Adjudicaciones;L’objecte del contracte és la contractació i execució del projecte d’implantació d’una Oficina de Transformació Digital per liderar, coordinar i impulsar la integració de tecnologies digitals per transformar els processos de l’organització amb per tal d’incrementar el valor i l’eficiència prioritzant el desenvolupament del talent i la capacitació de les persones. L’objecte del contracte contempla: • Impuls de l’Oficina del Transformació Digital. • Implementar model de gestió i configurar les eines tecnològiques de forma pràctica. La descripció d’aquestes prestacions està descrita al Plec Prescripcions Tècniques Particulars (PPTP).;Ens d'Abastament d'Aigua Ter-Llobregat (ATL);servicios;Resuelta;;KPMG ASESORES S.L.U.;109057,92;https://contractaciopublica.cat/ca/detall-publicacio/ccffbb4a-88d7-4782-ac86-93f868de1699/300899089
Adjudicaciones;(SU-6/2026) subministrament i la instal·lació de nous terminals de control horari (rellotges de control de presència) per a les diferents dependències municipals de l’ Ajuntament de l’Hospitalet atès l’estat d’obsolescència tecnològica dels actuals equips, mitjançant la incorporació d’un nou model, compatible amb els sistemes corporatius i amb suport vigent del fabricant.;Ajuntament de l'Hospitalet de Llobregat;suministros;Resuelta;;PRIMIONTECHNOLOGY SLU (Antes primion DIGITEK SLU);106240,53;https://contractaciopublica.cat/ca/detall-publicacio/904bf662-cfec-4e9d-882f-16b8c24b02a8/300898440
Adjudicaciones;L’objecte del contracte és la reforma interior de la cuina de 59 m² de l’escola Jaume Vicens Vives, habilitant i modernitzant la sala de cuina de l’escola per a una millor preparació dels àpats dels alumnes i treballadors de l’escola, adaptada a la reglamentació industrial.;Ajuntament de Roses;obras;Resuelta;;CONSTRUCCIONS QUERA AGULLANA, SLU;106000;https://contractaciopublica.cat/ca/detall-publicacio/e2b416e4-789f-4455-bead-df2df2e3be3a/300897936
Adjudicaciones;Suministro de cuatro motos de nieve utilitarias profesionales para uso en estación de esquí y montaña, en Cetursa Sierra Nevada, S.A.;Cetursa Sierra Nevada, S.A.;suministros;Resuelta;;CASLI SA;105600;https://www.juntadeandalucia.es/haciendayadministracionpublica/apl/pdc_sirec/perfiles-licitaciones/detalle-licitacion.jsf?idExpediente=981573
Adjudicaciones;Prótesis percutánesa mitrales con destino al Servicio de Cardiología-Hemodinamia Adultos para el Hospital Universitario Ramón y Cajal;Hospital Universitario Ramón y Cajal;suministros;Adjudicada;;EDWARDS LIFESCIENCES, S.L.;105000;https://contratos-publicos.comunidad.madrid/contrato-publico/suministro-protesis-percutaneas-mitrales-destino-servicio-cardiologia-hemodinamia
Adjudicaciones;Obras de bidegorri en la Plaza Euskadi (Fase I);Ayuntamiento de Bilbao-Concejal Delegado de Contratación;obras;Resuelta;;CONSTRUCCIONES FHIMASA, S.A.;104845,36;https://www.contratacion.euskadi.eus/webkpe00-kpeperfi/es/contenidos/anuncio_contratacion/expjaso733554/es_doc/index.html
Adjudicaciones;Subministrament i muntatge d'un sistema de pintes penjants i de prestatgeries cantilever destinats al'emmagatzematge d'obres d'art al magatzem de La Campana a executar durant el 2026;Departament de Cultura;suministros;Adjudicada;;EYPAR, SA;104000;https://contractaciopublica.cat/ca/detall-publicacio/d3143ce6-a223-490a-9b7e-e8d59073ed50/300899138
Adjudicaciones;MRU/PHB Servei d'adaptació del disseny, construcció del projecte arquitectònic, producció de continguts, muntatge, desmuntatge, transport i serveis associats de l'estand del BARCELONA CATALONIA a la fira Expo Real 2026, a celebrar a Munic, Alemanya;Institut Català del Sòl (INCASÒL);servicios;Resuelta;;RC PROJECTS 1997,S.L.U;103446;https://contractaciopublica.cat/ca/detall-publicacio/83d00e0d-c46f-48f6-a1ae-0fbb4372a2a9/300898835
Adjudicaciones;Suministro, instalación y puesta en funcionamiento de un sistema estereotáctico para neurocirugía funcional, con destino al Hospital Universitario de la Princesa;Hospital Universitario de La Princesa;suministros;Adjudicada;;ELEKTA MEDICAL, S.A.;103000;https://contratos-publicos.comunidad.madrid/contrato-publico/suministro-instalacion-puesta-funcionamiento-sistema-estereotactico-neurocirugia
Adjudicaciones;Servei de manteniment dels equips Orbitrap IQ-X i HPLC Vanquish Flex ubicat al Centre de Ciències Òmiques (COS) de la Universitat Rovira i Virgili (Exp. núm. SE 43/26);Universitat Rovira i Virgili;servicios;Adjudicada;;THERMO FISHER SCIENTIFIC SLU;102668,62;https://contractaciopublica.cat/ca/detall-publicacio/56849bb5-5d1e-4f3e-a316-a355647fbbef/300898634
Adjudicaciones;Assistència tècnica a l' ICAEN en els àmbits del medi ambient, l'agricultura, l'urbanisme i el territori en la realitzaciódel pla territorial sectorial per a la implantació de les energies renovables a Catalunya (PLATER), en la seva nova fase que comença al 2026. Aquesta nova fase requereix un nou suport de naturalesa similar al de l’anterior contractació però amb un enfocament especialment centrat en l’anàlisi de les aportacions que es puguin rebre en la fase d’exposició pública i de la tramitació ambiental del pla.;Institut Català d'Energia (ICAEN);servicios;Adjudicada;;Imbrica Environment & Engineering SLP;101341,16;https://contractaciopublica.cat/ca/detall-publicacio/ecd24f62-3395-455d-bddd-1d61323f5090/300859926
Adjudicaciones;Servei de gestió i coordinació del programa formatiu no reglat en arts visuals i plàstiques de l’Escola d’Art Municipal Leandre Cristòfol i la contractació de professorat expert per a impartir els cursos monogràfics per adults, joves i infants d’arts visuals i plàstiques, dins de l’oferta formativa no reglada de l’Escola d’Art Municipal Leandre Cristòfol.;Ajuntament de Lleida;999;Resuelta;;Qualia Social SCCL;100702;https://contractaciopublica.cat/ca/detall-publicacio/2c234b2f-2a66-48ff-ad79-f18ed6655a9b/300898586
Adjudicaciones;huj_cbamj_am_1028/2023_leleman, s.l_suministro del material del subgrupo 01.03, genérico de punción (agujas) con disponibilidad de uso y mantenimiento del equipamiento necesario para la utilización del material, para los centros sanitarios que integran la central provincial de compras de la provincia de jaén (+6.6lk179k);Servicio Andaluz de Salud;suministros;Resuelta;;LELEMAN SL;98398;https://www.juntadeandalucia.es/haciendayadministracionpublica/apl/pdc_sirec/perfiles-licitaciones/detalle-licitacion.jsf?idExpediente=732116
Adjudicaciones;"&nbsp;Suministro de material y repuestas para climatización del Hospital Universitario Ramón y &nbsp;Cajal";Hospital Universitario Ramón y Cajal;suministros;Resuelta;;FORNELA MULTISERVICIOS S.L.;98061,92;https://contratos-publicos.comunidad.madrid/contrato-publico/suministro-material-repuestos-climatizacion-hospital-universitario-ramon-cajal
Adjudicaciones;Obras de derribo del edificio sito en calle Cuchilleria 79 en Vitoria-Gasteiz.;Ayuntamiento de Vitoria-Gasteiz-Junta de Gobierno Local;obras;Resuelta;;ARTARRIA OBRA Y REHABILITACION, S.L.;97330,06;https://www.contratacion.euskadi.eus/webkpe00-kpeperfi/es/contenidos/anuncio_contratacion/expjaso666202/es_doc/index.html
Adjudicaciones;L’objecte de l’Acord Marc és la selecció de l’empresa que podrà efectuar el corresponent contracte MIXT de subministrament d’un làser per a la tècnica quirúrgica Holep, amb el seu fungible i el servei de manteniment per al CSA, d’acord amb les característiques tècniques i condicions definides en el Plec de Prescripcions Tècniques.;Consorci Sanitari de l'Anoia;suministros;Adjudicada;;PALEX MEDICAL, S.A.;96860;https://contractaciopublica.cat/ca/detall-publicacio/1d2e9f46-bb55-437c-a205-cde8fb732938/300898350
Adjudicaciones;subministrament d’equipament del sistema d’emmagatzematge de la Diputació de Tarragona;Diputació de Tarragona;suministros;Resuelta;;INFORMÀTICA I COMUNICACIONS TARRAGONA, SA (ICOT);96358,39;https://contractaciopublica.cat/ca/detall-publicacio/345e4798-f7e5-4eaf-a004-c489352c2f13/300135374
Adjudicaciones;Servicios de asistencia técnica para la redacción del Proyecto de construcción de la via ciclista-peatonal entre el Polígono Gabiria (Irún) y El Alto de Gaintxurizketa (Lezo), parte de los tramos 01 002F Y 01 003F del itinerario nº 1 del PTSVCG.;Diputación Foral de Gipuzkoa-Diputado/a Foral de Medio Ambiente y Obras Hidráulicas;servicios;Adjudicada;;GIRDER INGENIEROS, S.L.;96000;https://www.contratacion.euskadi.eus/webkpe00-kpeperfi/es/contenidos/anuncio_contratacion/expjaso728350/es_doc/index.html
Adjudicaciones;Renove Consolidadors Video;Ferrocarril Metropolità de Barcelona, SA;suministros;Adjudicada;;ID Grup, S.A;95047,3;https://contractaciopublica.cat/ca/detall-publicacio/91945632-e79a-4525-b7af-8970ab42ee1f/300898919
Adjudicaciones;0000349/2026 suministro e instalación de seis monitores multiparamétricos con central de monitorizacion con destino a la unidad de cuidados intensivos del hospital universitario reina sofia de córdoba. (pa 23/26);Servicio Andaluz de Salud;suministros;Resuelta;;PHILIPS IBERICA S.A;94583,07;https://www.juntadeandalucia.es/haciendayadministracionpublica/apl/pdc_sirec/perfiles-licitaciones/detalle-licitacion.jsf?idExpediente=945202
Adjudicaciones;Mejora de caminos municipales de acceso a las entidades de población de La Cruz, A Hedreira y Roibás pertenecientes al Ayuntamiento de Begonte (Lugo);Concello de Begonte;obras;Resuelta;;CHOLO, S.L.;92389,95;https://www.contratosdegalicia.gal/licitacion?N=828857
Adjudicaciones;Refuerzo del firme y mejora de la señalización en Estramar, Sano Rebordín y Los Picos;Concello de Cervantes;obras;Adjudicada;;SERVICIOS AGRÍCOLAS Y EXCAVACIONES FONSAGRADA SL;89866,7;https://www.contratosdegalicia.gal/licitacion?N=829076
Adjudicaciones;Mantenimiento integral de la instalación eléctrica de la CTSS;Compañía del Tranvía de San Sebastián, S.A.U.-Director;servicios;Adjudicada;;LOYOLA NORTE, S.A.;89500;https://www.contratacion.euskadi.eus/webkpe00-kpeperfi/es/contenidos/anuncio_contratacion/expjaso739299/es_doc/index.html
Adjudicaciones;L'objecte del contracte és el subministrament d’un programa informàtic per a la gestió integral dels recursos humans de l’Ajuntament de Premià de Dalt, que permeti la gestió de la nòmina, el registre de personali d’un portal de l’empleat de l’Ajuntament de Premià de Dalt, així també d’un programa de control horari, en la modalitat servei al núvol (SaaS), incloent-hi la migració, la parametrització, la posta en marxa, la formació d’usuaris i el seu manteniment durant la vigència del contracte.;Ajuntament de Premià de Dalt;suministros;Resuelta;;ATM GRUPO MAGGIOLI, S.L.;89412,5;https://contractaciopublica.cat/ca/detall-publicacio/fcd2cc1a-4a4d-4bee-a0c9-ac85c535c137/300898140
Adjudicaciones;Suministro, instalación,tramitación, puesta en funcionamiento y mantenimiento preventivo de las placas solares fotovoltaicas en el colegio Urdaneta;Ayuntamiento de Ordizia-Alcaldía;suministros;Resuelta;;LEYCOLAN, S.A.L.;88770,5;https://www.contratacion.euskadi.eus/webkpe00-kpeperfi/es/contenidos/anuncio_contratacion/expjaso713417/es_doc/index.html
Adjudicaciones;Serveis de direcció d’execució d’obra, valoració d’ofertes de subministraments i seguiment de mobiliari i senyalètica de les Obres d’adequació del vestíbul de l'Edifici Novíssim, situat a la plaça Sant Miquel sn núm., al Districte de Ciutat Vella, de Barcelona.;Barcelona d'Infraestructures Municipals SA;servicios;Adjudicada;;MASTER PLAN, S.L.;86730,11;https://contractaciopublica.cat/ca/detall-publicacio/3864d59f-54a2-462a-8a84-69853d4460a3/300899042
Adjudicaciones;Servei d'anàlisi de microbioma intestinal i material intraarticular en pacients diagnosticats amb artrosi de maluc o en pacients de control sotmesos a cirurgia de maluc, en funció de les necessitats, per al projecte PI25/01231 de Fundació de Recerca Clínic Barcelona – Institut d’Investigacions Biomèdiques August Pi i Sunyer;Fundació de Recerca Clínic Barcelona - Institut d'Investigacions Biomèdiques August Pi i Sunyer;servicios;Adjudicada;;HOSPITAL CLÍNIC DE BARCELONA;85091,76;https://contractaciopublica.cat/ca/detall-publicacio/75684f9a-f3b2-4266-a236-61a179b70261/300899000
Adjudicaciones;Servicios de apoyo a la gestión de actividades de automatización del marketing y marketing online dirigidos a la difusión de la plataforma de comunicación del Grupo SPRI, productos estratégicos y eventos;SPRI-Agencia Vasca de Desarrollo Empresarial-Director General;servicios;Resuelta;;EÑUTT COMUNICACIÓN, S.L.;81700;https://www.contratacion.euskadi.eus/webkpe00-kpeperfi/es/contenidos/anuncio_contratacion/expjaso552499/es_doc/index.html
Adjudicaciones;Patrocinio publicitario Umbra ligth Festival Vitoria-Gasteiz 2027;Ayuntamiento de Vitoria-Gasteiz-Concejala-Delegada del Departamento de Alcaldía y Relaciones Institucionales e igualdad;privado;Adjudicada;;ARGIA 3 ASOCIACIÓN CULTURAL;81400;https://www.contratacion.euskadi.eus/webkpe00-kpeperfi/es/contenidos/anuncio_contratacion/expjaso731024/es_doc/index.html
Adjudicaciones;El Departament d’Educació de la Generalitat de Catalunya i l’Ajuntament d’Olot fa anys que cada curs signen un conveni de col·laboració per a la realització d’activitats complementàries específiques de l’educació secundària obligatòria, adreçades a l’alumnat amb necessitats educatives específiques derivades de la inadaptació al medi escolar, en unitats d’escolarització compartida.;Ajuntament d'Olot;servicios;Adjudicada;;AULA-FORMAT;80540;https://contractaciopublica.cat/ca/detall-publicacio/83652ea6-eebd-4bcd-a3ab-27615fcb6a44/300898026
Adjudicaciones;servicio de mantenimiento de la plataforma GIS de información de entidades y actividades del Área de Movilidad y Sostenibilidad;Ayuntamiento de Bilbao-Concejal Delegado de Contratación;servicios;Adjudicada;;GEOGRAMA, S.L.;80401,5;https://www.contratacion.euskadi.eus/webkpe00-kpeperfi/es/contenidos/anuncio_contratacion/expjaso694445/es_doc/index.html
Adjudicaciones;Servicio de redacción del Proyecto de mallado del ramal III de la red de abastecimiento entre Urnieta y Lasarte-Oria. Fase 3;AGASA-Director Gerente;servicios;Resuelta;;DAIR INGENIEROS, S.L.;80275;https://www.contratacion.euskadi.eus/webkpe00-kpeperfi/es/contenidos/anuncio_contratacion/expjaso723767/es_doc/index.html
Adjudicaciones;Contractació de l´ actuació del grup musical “Álvaro de Luna” el dia 10 de maig de 2026, a les 23.30 h al passeig Marítim de Badalona;Badalona Cultura, SL;servicios;Adjudicada;;LA OFISINICA SVQ, S.L.;79915;https://contractaciopublica.cat/ca/detall-publicacio/3e66b943-1006-4e75-87d7-660925abcee6/300898996
Adjudicaciones;gbio - servicio realización censos quirópteros andalucía;Agencia de Medio Ambiente y Agua de Andalucía;servicios;Adjudicada;;SIMIENTE SOCIEDAD DE RESPONSABILIDAD LIMITADA;78000;https://www.juntadeandalucia.es/haciendayadministracionpublica/apl/pdc_sirec/perfiles-licitaciones/detalle-licitacion.jsf?idExpediente=946839
Adjudicaciones;Contratació del servei d'accés a la plataforma Benchmarking Sanitari 3.0(BS3) del Consorci Hospitalari de Vic;Consorci Hospitalari de Vic;servicios;Adjudicada;;Higia Benchmarking SL;74643,03;https://contractaciopublica.cat/ca/detall-publicacio/bc08cd2e-64d6-427e-a46e-5fbfe700d898/300898024
Adjudicaciones;Servei de manteniment dels equips d’electromedicina de l’Institut Català d’Oncologia a l’Hospital Duran i Reynals a l’Hospitalet de Llobregat;Institut Català d'Oncologia (ICO);servicios;Adjudicada;;Agenor Mantenimientos S.A.;70800;https://contractaciopublica.cat/ca/detall-publicacio/a8782f61-0cad-417e-9543-da31e52d2def/300898762
Adjudicaciones;0000562/2026 suministro e instalación de mobiliario clínico para el edificio de consultas externas materno-infantil del hospital universitario reina sofía de córdoba (pa 39/26). c.c.a. +6.i6ienfg;Servicio Andaluz de Salud;suministros;Adjudicada;;HIDEMAR SA, OFICACERES SL, SENEGAR SL, SOCIAL MOBEL S.L.;70154,09;https://www.juntadeandalucia.es/haciendayadministracionpublica/apl/pdc_sirec/perfiles-licitaciones/detalle-licitacion.jsf?idExpediente=979393
Adjudicaciones;Treballs de pintura a diferents centres de la GAPiC del Penedès (AP61);ICS - Gerència de compres;servicios;Adjudicada;;Celmar Multiserveis slu;69448,94;https://contractaciopublica.cat/ca/detall-publicacio/dfd33684-fb5c-4bce-9ae9-220d13152da9/300899098
Adjudicaciones;Hormigonado y renovación de tuberías de abastecimiento de agua del camino público nº 48 de Gaintxurizketa Goiko Bailara.;Ayuntamiento de Lezo-Junta de gobierno local;obras;Resuelta;;EREGI HERRILAN ETA ZERBITZUAK S.L.;68471,36;https://www.contratacion.euskadi.eus/webkpe00-kpeperfi/es/contenidos/anuncio_contratacion/expjaso612830/es_doc/index.html
Adjudicaciones;Servei de manteniment tècnic de les instal·lacions del centre de processament de dades (CPD) del Parlament de Catalunya;Parlament de Catalunya;servicios;Adjudicada;;ABAST SYSTEMS & SOLUTIONS, SL;68455,09;https://contractaciopublica.cat/ca/detall-publicacio/ac1bd865-d2a2-41bb-a86b-19ddf68337f4/300899113
Adjudicaciones;huj_cbam_am_1028/2023_b.braun medical s.a_suministro del material del subgrupo 01.03, genérico de punción (agujas) con disponibilidad de uso y mantenimiento del equipamiento necesario para la utilización del material, para los centros sanitarios que integran la central provincial de compras de la provincia de jaén (+6.6lk179k);Servicio Andaluz de Salud;suministros;Resuelta;;B BRAUN MEDICAL, S.A.;65687,7;https://www.juntadeandalucia.es/haciendayadministracionpublica/apl/pdc_sirec/perfiles-licitaciones/detalle-licitacion.jsf?idExpediente=732240
Adjudicaciones;Contracte d'execució d'obres de substitució i protecció de col·lectors de la xarxa de sanejament en alta d'Arbúcies-Fase 6. Protecció del darrer tram aeri del col·lector de la riera d'Arbúcies.;Ajuntament d'Arbúcies;obras;Adjudicada;;CONSTRUCCIONS FUSTÉ,SA;65652,92;https://contractaciopublica.cat/ca/detall-publicacio/59a91c3c-5007-4a94-a4dd-988f35aba7c9/300898242
Adjudicaciones;Obres d'enderroc de la fonamentació dels antics mòduls de l'Institut de Navàs (Codi centre: 08079328. Codi ENS: 16311).;Departament d'Educació i Formació Professional;obras;Resuelta;;CIONES. Y DES. RIBERA NAVARRA, SA;65450;https://contractaciopublica.cat/ca/detall-publicacio/574f9d70-080e-4163-accc-8f32e32d5803/300898339
Adjudicaciones;Licitació d'obres de construcció d'ampliació i millora del cementiri municipal de Freginals;Ajuntament de Freginals;obras;Resuelta;;Torrents Cervelló Construccions SL;65433,23;https://contractaciopublica.cat/ca/detall-publicacio/71e59401-deef-43c7-88d3-42329851f651/300867482
Adjudicaciones;Subministrament i configuració de l’equipament de xarxa sense fils (WiFi) i llicències del sistema d’autenticació per finalitzar el desplegament de la nova xarxa sense fils de la Universitat Pompeu Fabra, d’acord amb el plec de prescripcions tècniques. Contractació específica de la categoria 2 del sistema dinàmic d'adquisició per a l’acreditació de proveïdors del servei de telecomunicacions, serveis annexes i subministrament de maquinari auxiliar als serveis per a les entitats que integren el grup de compra, formalitzat pel Consorci de Serveis Universitaris de Catalunya (CSUC) amb expedient E2406. Accés als plecs de l'SDA: https://contractaciopublica.cat/ca/detall-publicacio/e49ff4fd-f03d-4077-bb9a-a2c45de2a65f/300564160;Universitat Pompeu Fabra;suministros;Adjudicada;;TELEFÓNICA SOLUCIONES DE INFORMÁTICA Y COMUNICACIONES DE ESPAÑA SAU;65411,92;https://contractaciopublica.cat/ca/detall-publicacio/e9f2df6e-7b29-43f4-a5d3-5ab8621d4e69/300896167
Adjudicaciones;Arrendamiento de una resonancia magnética móvil con destino el Hospital Universitario del Tajo;Hospital Universitario del Tajo;suministros;Adjudicada;;Medalte Globe, S.L.;65000;https://contratos-publicos.comunidad.madrid/contrato-publico/arrendamiento-resonancia-magnetica-movil-hospital-universitario-tajo
Adjudicaciones;Contrato de dirección artística del Festival Madrid en Danza 2027.;Madrid Cultura y Turismo, S.A.U.;servicios;Resuelta;;MONICA RODRIGUEZ RUNDE;65000;https://contratos-publicos.comunidad.madrid/contrato-publico/contrato-direccion-artistica-madrid-danza-2027
Adjudicaciones;Contratación del servicio de refuerzo de euskera: Desarrollo del programa “Hizkuntza Indartzeko Proiektua”;Ayuntamiento de Amorebieta-Etxano-Alcaldía;servicios;Resuelta;;ALAIKI ZERBITZU GIZAKULTURALAK S.L.;63714,43;https://www.contratacion.euskadi.eus/webkpe00-kpeperfi/es/contenidos/anuncio_contratacion/expjaso720079/es_doc/index.html
Adjudicaciones;Organización de jornadas de emprendimiento universitario;Fundación Pública Andaluza Andalucía Emprende (en transición);servicios;Adjudicada;;INGENIERIA Y CONSULTORIA GLOBAL SOCIEDAD LIMITADA, BOXPMO PROJECTS SL, GRUPO INCENTIFOR SLU, SOCIAL MEDIA CONNECTION SOCIEDAD LIMITADA, CON ACENTO DIGITAL SOCIEDAD LIMITADA;62998,5;https://www.juntadeandalucia.es/haciendayadministracionpublica/apl/pdc_sirec/perfiles-licitaciones/detalle-licitacion.jsf?idExpediente=945336
Adjudicaciones;patrocinio partido rugby femenino españa vs sudáfrica 2026;Empresa Pública para la Gestión del Turismo y el Deporte de Andalucía, S.A.;privado;Adjudicada;;REAL FEDERACION ESAPAÑOLA DE RUGBY;61983,47;https://www.juntadeandalucia.es/haciendayadministracionpublica/apl/pdc_sirec/perfiles-licitaciones/detalle-licitacion.jsf?idExpediente=1008735
Adjudicaciones;L’objecte és l’execució de reparacions puntuals de paviments asfàltics en diversos punts del terme municipal d’Alella (Maresme), recollides en la memòria valorada de les obres de reparacions puntuals de paviments 2025 del terme municipal d’Alella. La finalitat principal és la millora del trànsit, especialment en punts estratègics del municipi, i garantir un entorn urbà més segur i funcional. L’àrea objecte d’actuació es troba distribuïda al llarg del terme municipal d’Alella, i comprèn diversos punts de paviments asfàltics en mal estat de conservació, ja sigui per deteriorament acumulat o per tractar-se de trams clau d’itineraris importants existents. Les actuacions se centraran, per tant, en zones amb patologies que comprometen la seguretat i la mobilitat del trànsit, amb l’objectiu de millorar la continuïtat, l’accessibilitat universal i la qualitat urbana dels recorreguts prioritaris del municipi.;Ajuntament d'Alella;obras;Adjudicada;;INNOVACIÓN TECSA S.L.;60996,97;https://contractaciopublica.cat/ca/detall-publicacio/97b61b9b-d56c-46ff-8c28-e65418f70177/300737839
Adjudicaciones;Servei d'assessorament jurídic integral en matèria de contractació pública i de gestió de recursos especials en matèria de contractació.;Corporació Catalana de Mitjans Audiovisuals, SA (CCMA, SA);servicios;Adjudicada;;Bufet Vallbé, SLP;60700;https://contractaciopublica.cat/ca/detall-publicacio/bdc32059-c61a-4325-adcf-3117783c99f0/300898419
Adjudicaciones;- Extracció de la base de graves existent: Es procedirà a la retirada de la base de graves actual per permetre la preparació de la nova superfície del parc. - Execució d’un nou paviment: Es realitzarà la col·locació d’un paviment de sauló compactat, que garantirà un bon drenatge i una superfície natural i integrada amb l’entorn. - Instal·lació del joc infantil: Es dotarà l’espai amb un element de joc adequat per a infants, complint amb la normativa vigent en matèria de seguretat i accessibilitat. Els elements seran els descrits en la memòria (annex 1) o similars. Inclòs subministre, instal·lació seguint les indicacions del fabricant i certificat de l'àrea de jocs. - Plantació d’arbres i instal·lació de mobiliari urbà: Per afavorir el confort de l’espai, es plantaran arbres que proporcionaran ombra i es col·locarà mobiliari urbà vinculat, com bancs i papereres, fomentant així un ús còmode i sostenible del parc. - Implementació del sistema de reg: S’instal·larà un sistema de reg eficient per garantir el correcte manteniment de la vegetació i optimitzar el consum d’aigua. - Execució de la continuació del porxo existent per tal de cobrir tot l’espai de la terrassa del bar-vestidors amb el mateix sistema que l’actual. - Execució de nova escala d’accés al recinte segons plànols.;Ajuntament de la Floresta;obras;Adjudicada;;JARDITEC SERVEIS ENGINYERIA DEL PAISATGE, S.L.;60181,4;https://contractaciopublica.cat/ca/detall-publicacio/db92c1d5-ff1f-4c1c-9f52-7c18d8b5f014/300898686
Adjudicaciones;Servicio de recogida y gestión de residuos peligrosos de la Mancomunidad Comarcal de Debabarrena;Mancomunidad Comarcal de Debabarrena-Comisión de Gobierno;servicios;Resuelta;;FCC AMBITO SA;60000;https://www.contratacion.euskadi.eus/webkpe00-kpeperfi/es/contenidos/anuncio_contratacion/expjaso523266/es_doc/index.html
Adjudicaciones;córdoba 5ª prórroga 3er cbam paam 15/22 abbott para el suministro, de tracto sucesivo y precios unitarios, de material específico para cirugía cardiovascular (subgrupo 01.14 del catálogo s.a.s.), con cesión de uso de equipamiento necesario para la utilización del material, con destino al hospital universitario reina sofía, área de gestión sanitaria córdoba sur y área sanitaria norte de córdoba, centros adscritos a la central provincial de compras de córdoba.;Servicio Andaluz de Salud;suministros;Resuelta;;ABBOTT MEDICAL ESPAÑA SA;59978,16;https://www.juntadeandalucia.es/haciendayadministracionpublica/apl/pdc_sirec/perfiles-licitaciones/detalle-licitacion.jsf?idExpediente=1009231
Adjudicaciones;621A-25-CB21 Servicio de auditoría externa para la justificación de 163 ayudas de la Xunta de Galicia de consolidación y estructuración de unidades de investigación competitivas y otras acciones de la convocatoria de 2025;Universidade de Santiago de Compostela;servicios;Resuelta;;ERNST & YOUNG, S. L.;59169;https://www.contratosdegalicia.gal/licitacion?N=828340
Adjudicaciones;Servicio de producción artística y técnica para la realización de espectáculos durante las festividades de Carnaval y Gabonak en Basauri.;Ayuntamiento de Basauri-Alcalde;servicios;Adjudicada;;STAR LAN, S.L.;59000;https://www.contratacion.euskadi.eus/webkpe00-kpeperfi/es/contenidos/anuncio_contratacion/expjaso726693/es_doc/index.html
Adjudicaciones;Servicio mediante Renting de 3 Vehículos;Euskal Trenbide Sarea-Comisión Delegada en Materia de Contratación de ETS;servicios;Resuelta;;PROMOCIONES ELDEAR, S.L.;58924,8;https://www.contratacion.euskadi.eus/webkpe00-kpeperfi/es/contenidos/anuncio_contratacion/expjaso602057/es_doc/index.html
Adjudicaciones;Servicios de mantenimiento de las licencias SCADA de AMVISA;Aguas Municipales de Vitoria-Gasteiz, S.A.U. -Consejo de Administración;servicios;Adjudicada;;ELECNOR SERVICIOS Y PROYECTOS, S.A.;58340,58;https://www.contratacion.euskadi.eus/webkpe00-kpeperfi/es/contenidos/anuncio_contratacion/expjaso722046/es_doc/index.html
Adjudicaciones;Constitueix l'objecte d'aquest contracte el servei de desratització, desinsectació, control de la població d'aus i tractament preventiu i control del mosquit tigre, en el terme municipal d'Olot;Ajuntament d'Olot;servicios;Resuelta;;ECADE;57800;https://contractaciopublica.cat/ca/detall-publicacio/4da30ea3-6ac8-2ee6-31a6-889108ab2430/300898976
Adjudicaciones;El present contracte té per objecte l'execució de les obres i subministraments per la instal·lació solar fotovoltaica a l'escola Joan de Palà per autoconsum col·lectiu.;Ajuntament de Cardona;obras;Resuelta;;Quantum Energía Verde S.L.;56400;https://contractaciopublica.cat/ca/detall-publicacio/4059601a-9daa-4c92-b4f9-3588c3bd8775/300898667
Adjudicaciones;Suministro de Cloruro Férrico 40% PWG a las ETAP de Canal de Isabel II, S.A., M.P.;Canal de Isabel II, S.A.;suministros;Resuelta;;KEMIRA IBÉRICA, S.A.;55500;https://contratos-publicos.comunidad.madrid/contrato-publico/suministro-cloruro-ferrico-40-pwg-etap-canal-isabel-ii-sa-mp
Adjudicaciones;Suministro de reactivos necesarios para la extracción automatizada de ADN genómico a partir de muestras de sangre periférica de donantes y pacientes;Centro de Transfusión;suministros;Resuelta;;Roche Diagnostics, S.L.U.;54600;https://contratos-publicos.comunidad.madrid/contrato-publico/suministro-reactivos-necesarios-extraccion-automatizada-adn-genomico-partir
Adjudicaciones;obras de finalización de los trabajos de adecuación del grupo se-8089;Agencia de Vivienda y Rehabilitación de Andalucía (AVRA);obras;Adjudicada;;SARIAL SL;52877,32;https://www.juntadeandalucia.es/haciendayadministracionpublica/apl/pdc_sirec/perfiles-licitaciones/detalle-licitacion.jsf?idExpediente=981734
Adjudicaciones;Contractació dels serveis de producció audiovisual i comunicació digital per al projecte divulgatiu sobre drogues i addiccions.;Fundació Institut Hospital del Mar d'Investigacions Mèdiques;servicios;Adjudicada;;EVOCO BCN S.L., Cristina Neus Robles Tejeiro, La Clara Comunicació SCCL;52706,25;https://contractaciopublica.cat/ca/detall-publicacio/4e33d439-1be4-414f-aa1b-afbfe3b577c3/300896430
Adjudicaciones;183/ise/2026/gr servicio transporte escolar. ruta la peza-graena-guadix;Agencia Pública Andaluza de Educación;servicios;Resuelta;;SORIA BUS, S.L.;52430;https://www.juntadeandalucia.es/haciendayadministracionpublica/apl/pdc_sirec/perfiles-licitaciones/detalle-licitacion.jsf?idExpediente=982193
Adjudicaciones;EDU-2026-0043: Suministro de diverso mobiliario (pupitres, mesas de ordenador, encerados, caderas, mesas de laboratorio, mesas abatibles, estanterías, etc.) con destino las aulas, bibliotecas, salas de usos múltiples y zonas administrativas y de reunión de los centros educativos de infantil, primaria y secundaria, dependientes de esta consellería.;Consellería de Educación, Ciencia, Universidades e Formación Profesional;suministros;Adjudicada;;SACAI, S.A., TABERVALL SA, GSI DOTACION INDUSTRIAL SL, PME 1910, S.L., DISTRIBUCIONES GENERALES MRC, S.L., NAUTILUS SA, IBERDIDACTIC, SL;52080;https://www.contratosdegalicia.gal/licitacion?N=828194
Adjudicaciones;suministro vehículos alquiler flexible asistencia técnica feader;Agencia de Gestión Agraria y Pesquera de Andalucía;suministros;Resuelta;;ANDACAR 2000 SOCIEDAD ANONIMA;52066,12;https://www.juntadeandalucia.es/haciendayadministracionpublica/apl/pdc_sirec/perfiles-licitaciones/detalle-licitacion.jsf?idExpediente=980869
Adjudicaciones;Servicio de CRO para el proyecto de investigación PI25/00676;Fundación para la Investigación Biomédica del Hospital Gregorio Marañón;servicios;Resuelta;;MEDICAL RESEARCH AND CLINICAL CONSULTING;52000;https://contratos-publicos.comunidad.madrid/contrato-publico/servicio-cro-proyecto-investigacion-pi2500676-fibhgm-pa-052026
Adjudicaciones;Servicio de transporte escolar.;Ayuntamiento de Lezo-Junta de gobierno local;servicios;Resuelta;;AUTOCARES BELINTXON, S.L.;51800;https://www.contratacion.euskadi.eus/webkpe00-kpeperfi/es/contenidos/anuncio_contratacion/expjaso528654/es_doc/index.html
Adjudicaciones;Gestión, asistencia y control del semillero de empresas Basaldea 2025-2026;Ayuntamiento de Vitoria-Gasteiz-Junta de Gobierno Local;servicios;Resuelta;;GARBINGURU SERVICIOS MEDIOAMBIENTALES, S.L.;51741;https://www.contratacion.euskadi.eus/webkpe00-kpeperfi/es/contenidos/anuncio_contratacion/expjaso619298/es_doc/index.html
Adjudicaciones;CSN-2026-0008: Suministro de agujas hipodérmicas con dispositivo de bioseguridad y jeringas para la Dirección General de Salud Pública para la administración de la vacuna contra él virus SARS-COV-2.;Consellería de Sanidade- SERGAS;suministros;Adjudicada;;PRODUCTOS SANITARIOS GALLEGOS, S.L, TORROVAL Y LÓPEZ SERVICIOS PROFESIONALES, S.L.;50372,3;https://www.contratosdegalicia.gal/licitacion?N=828147
Adjudicaciones;Subministrament de recanvis per a les vàlvules IMI CCI instal·lades a la Planta de Valorització Energètica de Sant Adrià de Besòs;Tractament i Selecció de Residus, S.A.;suministros;Adjudicada;;CCI Czech Republic SRO;50000;https://contractaciopublica.cat/ca/detall-publicacio/b59beed7-da4c-45f4-9cfd-355a340b228b/300898229
Adjudicaciones;Contracte administratiu d’obres consistent en els treballs de millora de l’àrea d’esbarjo per a gossos al parc del Mil·lenari, al terme municipal de Sant Just Desvern;Àrea Metropolitana de Barcelona;obras;Adjudicada;;GRUPO RAGA, S.A.;49611,66;https://contractaciopublica.cat/ca/detall-publicacio/8986cde0-4f1e-4af6-bc11-869bfd77ccb4/300897491
Adjudicaciones;Serveis de creació del nou sistema visual corporatiu i d'una declinació específica pel 40è. aniversari de BARCELONA ACTIVA.;Barcelona ACTIVA SAU SPM;servicios;Resuelta;;PRINCIPI DISSENY BARCELONA SL;49200;https://contractaciopublica.cat/ca/detall-publicacio/657382bb-bdfd-4fd7-99df-6d07a184a52d/300898327
Adjudicaciones;La implantació i posada en marxa d’un sistema de videoassistència domiciliària adreçat a gent gran, amb l’objectiu de millorar la seva autonomia personal, seguretat i qualitat de vida. El contracte inclou: - Subministrament de 40 dispositius tipus tauleta, degudament configurats i preparats per al seu ús. - La implantació d’una solució tecnològica integral que permeti la gestió, el seguiment i l’operativitat del servei, assegurant la interoperabilitat amb altres sistemes i a diversos recursos del territori, així com la seguretat de la informació i la continuïtat del servei durant tot el període d’execució. - La configuració, parametrització i posada en marxa del sistema tecnològic necessari per garantir el correcte funcionament de la plataforma. - La formació del personal tècnic del Consell Comarcal i de les persones usuàries, amb l’objectiu de garantir un ús adequat, eficient i autònom de la plataforma, així com l’adquisició de les competències necessàries per al seu correcte funcionament i aprofitament. - La prestació de suport tècnic i el manteniment operatiu del sistema durant tot el període d’execució del contracte, amb la finalitat de garantir la seva disponibilitat, estabilitat i correcte funcionament continuat.;Consell Comarcal de l'Alt Camp;servicios;Adjudicada;;ZWIT PROJECT S.L.;49165;https://contractaciopublica.cat/ca/detall-publicacio/c663a31b-bce0-4d22-8967-5a74937c1dbe/300899087
Adjudicaciones;huj_cbam_am_1028/2023_mermaid medical iberia s.l_ suministro del material del subgrupo 01.03, genérico de punción (agujas) con disponibilidad de uso y mantenimiento del equipamiento necesario para la utilización del material, para los centros sanitarios que integran la central provincial de compras de la provincia de jaén (+6.6lk179k);Servicio Andaluz de Salud;suministros;Resuelta;;MERMAID MEDICAL IBERIA SL;48310;https://www.juntadeandalucia.es/haciendayadministracionpublica/apl/pdc_sirec/perfiles-licitaciones/detalle-licitacion.jsf?idExpediente=732006
Adjudicaciones;Reparació i manteniment dels danys soferts en els contenidors de recollida de residus de càrrega lateral, així com el subministrament de peces i tapes. Els contenidors es troben ubicats a les localitats de Blanes i Tossa de Mar.;Serveis Mediambientals de la Selva NORA, SA;servicios;Resuelta;;ROS ROCA S.A.;46020;https://contractaciopublica.cat/ca/detall-publicacio/111536e4-e6f2-4586-861a-80f06809f98e/300897276
Adjudicaciones;Servicio de recogida y transporte de bandejas de limpieza viaria;Mancomunidad Comarcal de Debabarrena-Comisión de Gobierno;servicios;Resuelta;;DEBA BEHEKO KONTENEDOREAK, S.L.;45556,9;https://www.contratacion.euskadi.eus/webkpe00-kpeperfi/es/contenidos/anuncio_contratacion/expjaso545742/es_doc/index.html
Adjudicaciones;Subministrament dels drets d'ús del sistema de virtualització Citrix i els serveis per aplicar actualitzacions;Ajuntament de Cambrils;suministros;Adjudicada;;Specialist Computer Centres, S.L. (SCC);45187,82;https://contractaciopublica.cat/ca/detall-publicacio/60d57665-c6c0-4b82-ab28-311a4eddaf27/300640886
Adjudicaciones;Obres de substitució del ferm de la deixalleria municipal de Palau-solità i Plegamans, d’acord amb les prescripcions que consten al plec tècnic d’aquest contracte.;Ajuntament de Palau-solità i Plegamans;obras;Resuelta;;MARSAL EXCAVACIONS, S.L.;45000;https://contractaciopublica.cat/ca/detall-publicacio/8904384d-5855-46bf-8282-aac3b60e038f/300898193
Adjudicaciones;huj_cbam_am_1028/2023_intersurgical españa, s.l_suministro del material del subgrupo 01.03, genérico de punción (agujas) con disponibilidad de uso y mantenimiento del equipamiento necesario para la utilización del material, para los centros sanitarios que integran la central provincial de compras de la provincia de jaén (+6.6lk179k);Servicio Andaluz de Salud;suministros;Resuelta;;INTERSURGICAL ESPAÑA SL;44851,2;https://www.juntadeandalucia.es/haciendayadministracionpublica/apl/pdc_sirec/perfiles-licitaciones/detalle-licitacion.jsf?idExpediente=732208
Adjudicaciones;Servei de gestió de vulnerabilitats de la infraestructura IT d’ATL, mitjançant una solució on premise, incloent el subministrament de les llicències/eines necessàries i els serveis associats per a la detecció, gestió i seguiment de vulnerabilitats dels sistemes d’informació d’ATL, d’acord amb les condicions establertes al PPTP.;Ens d'Abastament d'Aigua Ter-Llobregat (ATL);servicios;Resuelta;;Maintenance Development, S.A;44147;https://contractaciopublica.cat/ca/detall-publicacio/eabe459c-9a72-4255-a9d7-009339a400ab/300898204
Adjudicaciones;Gasas y compresas;Hospital Universitario de Móstoles;suministros;Resuelta;;Textil Planas Oliveras, S.A., Textil Planas Oliveras, S.A, Ortopedia y Cirugía, S.L:, Ortopedia y Cirugía, S.L.;43552,6;https://contratos-publicos.comunidad.madrid/contrato-publico/gasas-compresas-0
Adjudicaciones;Servei de dinamització i coordinació del projecte “El Prat, ciutat dels infants i adolescents”.;Ajuntament del Prat de Llobregat;servicios;Resuelta;;+Educació sccl;43413,18;https://contractaciopublica.cat/ca/detall-publicacio/a0cff503-0a3e-4395-b3bc-94751da53a6b/300898051
Adjudicaciones;L’objecte és la contractació dels serveis i subministraments (mitjançant lloguer) de transports, muntatge, manteniment i desmuntatge de mòduls prefabricats i mobiliari per als treballadors i usuaris del servei d’acollida de persones transeünts en el marc de la campanya agrària 2026, ubicat al Pavelló de Fira 3 de la Fira de Lleida. Lot 1: Transport, muntatge, manteniment i desmuntatge de mòduls prefabricats i taquilles Lot 2: Transport, muntatge, manteniment i desmuntatge de mobiliari i connexió d’instal·lacions per als mòduls prefabricats Tipificació contracte: Es tracta d’un contracte mixt. La seva tipificació és de subministraments donat que els percentatges del pressupost global es distribueixen de la següent forma: subministrament 53,04 % i serveis 46,96%.;Ajuntament de Lleida;suministros;Adjudicada;;RENT BARRERA, S.L., C.F.G. BARA, S.L.;42840,23;https://contractaciopublica.cat/ca/detall-publicacio/e186657d-d4c4-4f96-bacc-7b18689a3d4d/300898095
Adjudicaciones;Execució del Projecte executiu per a millorar la cobertura de la Zona de Baixes Emissions (ZBE) de Granollers;Ajuntament de Granollers;concesión de obras;Adjudicada;;MESWIFITECH, SL;42478,33;https://contractaciopublica.cat/ca/detall-publicacio/976cf869-2149-4b61-a74b-da6055c538b6/300898702
Adjudicaciones;USC-2026-0028: 616X-26 Alquiler autobús prácticas con conductor para prácticas de campo;Universidade de Santiago de Compostela;servicios;Adjudicada;;HER VEI SL;42410;https://www.contratosdegalicia.gal/licitacion?N=829116
Adjudicaciones;Suministro del Alumbrado de Nadal (alquiler) e instalación;Concello de O Grove;suministros;Adjudicada;;ELECTRICIDAD LESTA S.L;42328,22;https://www.contratosdegalicia.gal/licitacion?N=829060
Adjudicaciones;Renovación de las licencias y del mantenimiento y soporte del software ASSURE MIMIX para IBM i;Ayuntamiento de Vitoria-Gasteiz-Concejala Delegada del Departamento de Modernización de la Administración;suministros;Adjudicada;;TRENTINORT, S.L.;41574;https://www.contratacion.euskadi.eus/webkpe00-kpeperfi/es/contenidos/anuncio_contratacion/expjaso633512/es_doc/index.html
Adjudicaciones;Suministro de software como servicio (SaaS) y soporte para la gestión del canal ético de Canal de Isabel II, S.A., M.P.;Canal de Isabel II, S.A.;suministros;Resuelta;;QARONI EMEA, S.L.;41200;https://contratos-publicos.comunidad.madrid/contrato-publico/suministro-software-servicio-saas-soporte-gestion-canal-etico-canal-isabel-ii-sa
Adjudicaciones;Suministro de un Ecógrafo para la Unidad del Dolor de la Organización Sanitaria Integrada Ezkerraldea Enkarterri Cruces;OSAKIDETZA - Servicio Vasco de Salud -Director Gerente;suministros;Resuelta;;FUJIFILM SONOSITE IBÉRICA, S.L.;41130;https://www.contratacion.euskadi.eus/webkpe00-kpeperfi/es/contenidos/anuncio_contratacion/exposakisap2026001256/es_doc/index.html
Adjudicaciones;Subministrament i manteniment de llicències de programari de Microsoft;Xarxa Audiovisual Local, SL;suministros;Adjudicada;;ORANGE ESPAGNE SAU;40826,94;https://contractaciopublica.cat/ca/detall-publicacio/e785f510-4026-4eee-8545-a89f68c37b37/300898960
Adjudicaciones;Realització de dues enquestes en línia amb panel d'accés a una mostra de 5.000 cadascuna i amb una durada màxima de 15 minuts.;Centre d'Estudis d'Opinió;servicios;Adjudicada;;Soluciones Netquest de Investigación SLU;40500;https://contractaciopublica.cat/ca/detall-publicacio/3de5891b-c29d-47b7-99c2-8819271ba4dd/300897528
Adjudicaciones;Adquisición de una obra de arte denominada Caracola de Fuentesal Arenillas;Centro Andaluz de Arte Contemporáneo;suministros;Adjudicada;;PABLO EDUARDO MUÑOZ DE ARENILLAS GUTIERREZ;40000;https://www.juntadeandalucia.es/haciendayadministracionpublica/apl/pdc_sirec/perfiles-licitaciones/detalle-licitacion.jsf?idExpediente=985976
Adjudicaciones;Contratación del servicio de publicaciones turísticas de Bizkaia.;Diputación Foral de Bizkaia-Diputado Foral de Transportes y Movilidad Sostenible;servicios;Resuelta;;CGBARRIOS COMUNICACION SL;39592,5;https://www.contratacion.euskadi.eus/webkpe00-kpeperfi/es/contenidos/anuncio_contratacion/expgebizkaia3417557/es_doc/index.html
Adjudicaciones;Suministro de Equipo de Contrapulsación Intraaórtico para la Unidad de Críticos (Coronaria y Cirugía Cardiaca) de la Organización Sanitaria Integrada Ezkerraldea Enkarterri Cruces;OSAKIDETZA - Servicio Vasco de Salud -Director Gerente;suministros;Adjudicada;;TELEFLEX MEDICAL, S.A.;39500;https://www.contratacion.euskadi.eus/webkpe00-kpeperfi/es/contenidos/anuncio_contratacion/exposakisap2026001265/es_doc/index.html
Adjudicaciones;la creació i desenvolupament d’un portal digital informatiu per a la gestió dels continguts de VOTV i del seu posterior manteniment.;VALLÈS ORIENTAL TELEVISIÓ, SL;servicios;Adjudicada;;Ebantic Systems SL;39500;https://contractaciopublica.cat/ca/detall-publicacio/da70a198-4e4a-4be5-b6e2-a6336567e128/300899095
Adjudicaciones;"Servei de distribució de material de comunicació de les activitats dels diferents departaments i serveis municipals dependents de l’Ajuntament de Vilanova i la Geltrú; en concret, aquest servei engloba tasques com l’enganxada de cartells, entrega de fullets, bustiades no nominatives, col·locació d’avisos d’anul·lació de parades d’autobús i col·locació dels avisos anomenats “Ajuntament informa”.";Ajuntament de Vilanova i la Geltrú;servicios;Resuelta;;ANEM ADVANCED LOGISTICS,S.L.U;39355,37;https://contractaciopublica.cat/ca/detall-publicacio/334674be-fd3f-4f93-a4f4-930116b2e71d/300898804
Adjudicaciones;"El suministro e instalación de una mesa quirúrgica convencional&nbsp;con destino al Hospital Universitario Santa Cristina";Hospital Universitario Santa Cristina;suministros;Adjudicada;;Getinge Group Spain S.L.U.;38645;https://contratos-publicos.comunidad.madrid/contrato-publico/adquisicion-mesa-quirurgica-convencional-destino-hospital-universitario-santa
Adjudicaciones;Fixar les condicions tècniques per a la contractació del subministrament de sistemes i equips de so, il·luminació i serveis audiovisuals, així com el servei tècnic pel muntatge i desmuntatge d’aquets elements materials, necessaris per a la correcta execució de les activitats organitzades per l’Auditori Municipal Enric Granados i pell Teatre Municipal de l’Escorxador, amb motiu de la programació d’arts escèniques i musicals, que te lloc als respectius equipaments,i altres espais públics de la ciutat on realitzin actes. Quedaran exclosos d’aquest contracte altres esdeveniments organitzats de la Regidoria de Cultura que no formin part de la programació estable de l’Auditori Municipal Enric Granados i del Teatre Municipal de l’Escorxador.;Ajuntament de Lleida;suministros;Adjudicada;;SONAKTRONA S.L., EVENTS91 BLG SLU;37866,25;https://contractaciopublica.cat/ca/detall-publicacio/cdaf8816-66fd-402b-9784-8ca69ae7328c/300898893
Adjudicaciones;Servei relatiu de la campanya de mesura de vent per al projecte d'eòlica a les instal·lacions de l'ITAM Tordera i la seva ampliació​.;Energies Renovables Públiques de Catalunya, SAU;servicios;Adjudicada;;NORMAWIND, SL;37751,78;https://contractaciopublica.cat/ca/detall-publicacio/6d87ec85-bdbf-4c0e-bbb4-56e5efda2bd0/300898474
Adjudicaciones;Servicio de realización de campañas de promoción y apoyo al sector comercial y hostelero de Basauri.;Ayuntamiento de Basauri-Alcalde;servicios;Adjudicada;;ASIER LOPEZ FERNANDEZ-ISABEL LOPEZ DE LA TORRE, S.C.;37700;https://www.contratacion.euskadi.eus/webkpe00-kpeperfi/es/contenidos/anuncio_contratacion/expjaso727044/es_doc/index.html
Adjudicaciones;L’objecte del contracte és el servei per a la reparació del cargol Arquímedes 2 de l’EDAR de Sant Celoni;CCB Serveis Mediambientals, SA;servicios;Adjudicada;;COUTEX EQUIPOS Y PROYECTOS, SAU;37610;https://contractaciopublica.cat/ca/detall-publicacio/1ccdcb44-ce2c-4fa6-874f-eafc7bdac4b6/300898087
Adjudicaciones;L’objecte del contracte és el servei per al manteniment nivell III de les turbobufants de l’EDAR Montornès del Vallès. La necessitat d'aquesta contractació ve motivada pel fet que es precisa el servei tècnic del fabricat per a dur a terme el manteniment específic que l’equip necessita.;CCB Serveis Mediambientals, SA;servicios;Resuelta;;PASCH Y CIA,S.A.U.;37406,89;https://contractaciopublica.cat/ca/detall-publicacio/d5c5628b-06af-4482-9adb-5e85e2319634/300897932
Adjudicaciones;suministro material de oficina y material impreso corporativo cehyfe;Consejería de Economía, Hacienda , Fondos Europeos y Diálogo Social. Secretaría General Técnica (En Transición);suministros;Resuelta;;B91107524, GENERAL MACHINES TECHNOLOGY SOCIEDAD LIMITADA;37311,9;https://www.juntadeandalucia.es/haciendayadministracionpublica/apl/pdc_sirec/perfiles-licitaciones/detalle-licitacion.jsf?idExpediente=732516
Adjudicaciones;Servei de retirada de vehicles pesants (vehicles de més de 3.500 Kg de MMA), que puguin quedar avariats o accidentats en un carril de circulació o ocupant qualsevol part de la plataforma de l’AP-7 en el tram comprés entre Calafat i Ulldecona i suposin un risc viari.;Servei Català de Trànsit;servicios;Adjudicada;;SERVIGRUES TOMAS S.L.;37304,63;https://contractaciopublica.cat/ca/detall-publicacio/f354b6bd-4042-4bb0-b332-3db12630c5dd/300898648
Adjudicaciones;Contrato para el fomento de la participación infantil, adolescente y juvenil en Olaberria;Ayuntamiento de Olaberria-Alcaldía;servicios;Resuelta;;Mattin Gizarte Abentura;37255,91;https://www.contratacion.euskadi.eus/webkpe00-kpeperfi/es/contenidos/anuncio_contratacion/expjaso725406/es_doc/index.html
Adjudicaciones;Licitació del contracte de serveis de l'auxiliar del recinte de l'església de la Colònia Güell 2026-2028;Consorci de la Colònia Güell;servicios;Resuelta;;Integracion Social de Minusvalidos SL;37017,63;https://contractaciopublica.cat/ca/detall-publicacio/ebfe3e55-f16c-4933-9814-12451316422d/300898126
Adjudicaciones;El Ayuntamiento de Granollers dispone de cerca de 90 áreas de juegos infantiles/deportivos ubicadas en plazas, jardines, parques y equipaciones municipales. Para garantizar el buen estado, funcionamiento y seguridad de estas infraestructuras es necesario contar con un mantenimiento preventivo y correctivo, así como la inspección y la certificación del cumplimiento de normas UNE de las áreas de juegos infantiles y/o deportivas y sus elementos. La natura y especificidad de las varias actuaciones previstas, así como su temporalidad, obliga a plantear estas tareas en 2 lotes, por lo tanto, en consecuencia, se justifica la división en los siguiente lotes del objeto del contrato: LOTE 1: Tareas de mantenimiento de las áreas y los elementos de juego infantil y deportivo, así como los areneros de juego, y los juegos de agua. LOTE 2: Servicio de inspección principal anual y certificación de cumplimiento de normas UNE de las áreas de juegos infantiles y/o deportivas y sus elementos y la inspección de puesta en servicio de los juegos de agua.;Ajuntament de Granollers;servicios;Resuelta;;Eulen, S.A., ASES XXI SL;36363,64;https://contractaciopublica.cat/ca/detall-publicacio/af315cc1-62c4-43b0-baf3-9076fc8b71d1/300898098
Adjudicaciones;suministro mediante la modalidad de renting de un vehiculo para la flota de veiasa;Verificaciones Industriales de Andalucía, S.A. (VEIASA);suministros;Adjudicada;;GUMAR RENTING SL;35820;https://www.juntadeandalucia.es/haciendayadministracionpublica/apl/pdc_sirec/perfiles-licitaciones/detalle-licitacion.jsf?idExpediente=982466
Adjudicaciones;Subministrament de la roba esportiva dels participants de la lliga universitària i de les seleccions esportives, de la Universitat de Barcelona, mitjançant un sistema de venda per internet/botiga on line que permeti sol·licitar els productes. Els productes s’hauran de lliurar al domicili que indiqui en aquesta comanda online l’usuari final (que variarà en funció de l’equip). El delegat de cada equip facilitarà a l’empresa l’adreça per al lliurament de les equipacions de tots els membres de l’equip L’objecte del contracte també compren el transport i la distribució de les comandes dels productes en un màxim de 10 dies naturals.;Universitat de Barcelona;suministros;Adjudicada;;KAURI SPORTWEAR S.L.;35042,3;https://contractaciopublica.cat/ca/detall-publicacio/a34bb062-f0d9-422c-bdcd-303702f3e780/300899040
Adjudicaciones;La prestació consisteix en el disseny i execució d'un programa formatiu i d'intervenció en Power Skills per acompanyar la transformació organitzativa de la UOC. L'objectiu és capacitar els equips directius, tècnics i operatius en el lideratge transversal sense autoritat jeràrquica, fomentar la proactivitat per gestionar la incertesa, i desenvolupar una comunicació assertiva que permeti afrontar converses exigents i resoldre resistències promovent una cultura de col·laboració interdepartamental.;Fundació per a la Universitat Oberta de Catalunya;servicios;Adjudicada;;focus inside;35000;https://contractaciopublica.cat/ca/detall-publicacio/f4732ea6-3604-413b-bd5d-28bf290f9f8f/300898876
Adjudicaciones;Suministro de Mobiliario General (Mesas, Sillas, Armarios) para el Nuevo Edificio de Rehabilitación del Hospital Universitario de Cruces Organización Sanitaria Integrada Ezkerraldea Enkarterri Cruces;OSAKIDETZA - Servicio Vasco de Salud -Director Gerente;suministros;Resuelta;;DISEÑO INTERIORISMO INFORMÁTICA OFICINAS, S.A.;34806,53;https://www.contratacion.euskadi.eus/webkpe00-kpeperfi/es/contenidos/anuncio_contratacion/exposakisap2026001303/es_doc/index.html
Adjudicaciones;Contrato de obras de reforma de la sala de calderas de gas de la casa de cultura de Lodosa.;ALCALDIAAYUNTAMIENTO DE LODOSA;obras;Adjudicada;;SALA MANTENIMIENTOS S.L;34644,97;https://hacienda.navarra.es/sicpportal/ctaDatosAdjudicacion.aspx?cod=3197&Ticket=26100211090073DB12C4
Adjudicaciones;0000612/2026 suministro e instalación de una incubadorade transporte con destino a la unidad de pediatría del hospital universitario reina sofia de córdoba, adscrito a la central provincial de compras de córdoba, mediante procedimiento abierto (pa 45/26);Servicio Andaluz de Salud;suministros;Resuelta;;MEDICAL SOREVAN SL;34211,15;https://www.juntadeandalucia.es/haciendayadministracionpublica/apl/pdc_sirec/perfiles-licitaciones/detalle-licitacion.jsf?idExpediente=981280
Adjudicaciones;L’objecte del contracte és el servei per al manteniment de centrífugues deshidratadores de la marca ANDRITZ especificades a continuació: • EDAR Sant Antoni de Vilamajor (Model: D3LC30CHP, núm. sèrie: 804243). • EDAR La Garriga (Model: D4LC30CHP, núm. sèrie: 803836). • EDAR Vilanova del Vallès (Model: D4LC30CHP, núm. sèrie: 133267176). • EDAR Montornès del Vallès (Model: D4LC30CHP, núm. sèrie: 133257617). • EDAR Granollers (Model: D4LC30CHP, núm. sèrie: 400432277). La necessitat d'aquesta contractació ve motivada pel fet que es precisa el servei tècnic del fabricant per a dur a terme el manteniment específic que l’equip necessita.;CCB Serveis Mediambientals, SA;servicios;Resuelta;;Andriz;33500;https://contractaciopublica.cat/ca/detall-publicacio/10169f23-ddcd-4316-a2bf-15c75bb6aa62/300897952
Adjudicaciones;L’objecte del contracte és la prestació de serveis de manteniment, suport tècnic i evolució de les aplicacions informàtiques del servei de Medi Ambient de la Diputació de Girona destinades a la prevenció d’incendis, incloent la resolució d’incidències, l’assistència als usuaris, la gestió de la seguretat, l’actualització de dades i la realització de modificacions i ajustos, mitjançant un model de bossa d’hores.;Diputació de Girona;servicios;Adjudicada;;Esolvo Global SL, Aubay Spain S.A.U;33240;https://contractaciopublica.cat/ca/detall-publicacio/ce35573a-7923-4cb2-a9fd-7f7804647a9c/300886493
Adjudicaciones;contratación mediante procedimiento abierto simplificado, de los servicios de consultoría especializada para la adecuación, implantación y acompañamiento a la certificación de la escuela andaluza de salud pública en el esquema nacional de seguridad (ens), expediente;Escuela Andaluza de Salud Pública, S.A.;servicios;Adjudicada;;CIPHERBIT SL;31284,53;https://www.juntadeandalucia.es/haciendayadministracionpublica/apl/pdc_sirec/perfiles-licitaciones/detalle-licitacion.jsf?idExpediente=982142
Adjudicaciones;Contracte de serveis d'activitats culturals. Aquest contracte està dividit en 4 lots: LOT 1) Servei taller de dibuix i pintura per a infants. LOT 2) Servei taller de dibuix i pintura. LOT 3) Servei taller de restauració de mobles. LOT 4) Servei taller de ceràmica.;Ajuntament de Celrà;servicios;Adjudicada;;COCU ASSOCIACIÓ CULTURAL, YEVDOKYM PEREVALSKYI PODVYSOTSKYI;31212;https://contractaciopublica.cat/ca/detall-publicacio/9614c167-990a-43e2-a484-6ebc0a0a3c09/300890005
Adjudicaciones;Contractació dels serveis de producció tècnica, regidories d'escenari i serveis auxiliars de suport als concerts i altres espectacles durant les Fires de Sant Narcís 2026.;Ajuntament de Girona;servicios;Resuelta;;R.G.B. MÚSIC, S.L.;29780;https://contractaciopublica.cat/ca/detall-publicacio/e528d715-41f8-44fc-adcf-af4b348c6206/300898489
Adjudicaciones;Suministro del material necesario para la nebulización de fármacos mediante tecnología de malla vibratoria de paladio en los pacientes del Hospital Universitario Severo Ochoa;Hospital Universitario Severo Ochoa;suministros;Adjudicada;;DEXTROMEDICA SL;29344;https://contratos-publicos.comunidad.madrid/contrato-publico/suministro-material-necesario-nebulizacion-farmacos-tecnologia-malla-vibratoria
Adjudicaciones;Contractació del servei de restauració del 48è homenatge a la gent gran a Lloret de Mar;Ajuntament de Lloret de Mar;servicios;Resuelta;;SEGIS, SL;29234,5;https://contractaciopublica.cat/ca/detall-publicacio/0dc2d53b-a4f6-4eec-8f0e-3dccd716a691/300896144
Adjudicaciones;Dotación de butacas fijas en él Salón de Actos de la Casa Consistorial - Ayuntamiento de Ribas de Sil;Concello de Ribas de Sil;suministros;Resuelta;;SOCIEDAD COOPERATIVA OBREROS DE EZCARAY;29040;https://www.contratosdegalicia.gal/licitacion?N=828813
Adjudicaciones;CORDOBA 2ª PRORROGA 2º CBAM PAAM 11/24 JALSOSA para el Suministro de tracto sucesivo y precios unitarios, de válvulas biológicas percutáneas (subgrupo 04.00 del catálogo SAS), con destino al Hospital Reina Sofía de Córdoba adscrito a la Central Provincial de Compras de Córdoba;Servicio Andaluz de Salud;suministros;Resuelta;;JALSOSA SL;28850,69;https://www.juntadeandalucia.es/haciendayadministracionpublica/apl/pdc_sirec/perfiles-licitaciones/detalle-licitacion.jsf?idExpediente=1009174
Adjudicaciones;Suministro de maniquíes de control de calidad para el Servicio de Radiofísica del Hospital Universitario La Paz;Hospital Universitario La Paz;suministros;Adjudicada;;DTA TECNOLOGÍAS AVANZADAS, S.L., RADIAPROT, S.L.;28199;https://contratos-publicos.comunidad.madrid/contrato-publico/pasa-222026suministro-maniquies-control-calidad-servicio-radiofisica-hospital
Adjudicaciones;EEI-2026-0058: Contrato de suministro de un comparador de masas con un alcance máximo igual o superior a 300 kg para el Laboratorio Oficial de Metrología de Galicia (LOMG), centro dependiente de la Consellería de Economía e Industria;Consellería de Economía e Industria;suministros;Adjudicada;;SARTORIUS SPAIN S.A.;27830;https://www.contratosdegalicia.gal/licitacion?N=828926
Adjudicaciones;L’objecte és el subministrament en règim de lloguer i instal·lació i desmuntatge de carpes i elements complementaris de les fires i esdeveniments de la ciutat.;Ajuntament d'Olot;suministros;Adjudicada;;Pentacarpa s.l;27300;https://contractaciopublica.cat/ca/detall-publicacio/7e58640a-904f-4e6a-a6f7-766905dadc50/300897996
Adjudicaciones;cordoba 2ª prorroga 2º cbam farmaban (am 4004/2021) 1373/2021 para suministro de material genérico de curas: vendas, esparadrapos y diverso material de soporte, con destino a los centros sanitarios del servicio andaluz de salud.;Servicio Andaluz de Salud;suministros;Resuelta;;FARMABAN, SA;27272,73;https://www.juntadeandalucia.es/haciendayadministracionpublica/apl/pdc_sirec/perfiles-licitaciones/detalle-licitacion.jsf?idExpediente=1009347
Adjudicaciones;L’objecte del contracte és el servei de recollida i gestió de fibrociment amb amiant a l’Anella Verda i a les rieres urbanes de Terrassa. L’objecte del contracte inclou la retirada i gestió dels diferents abocaments abandonats de fibrociment amb amiant. Aquests residus es localitzen en l’entorn de l’Anella Verda (marges de camins, entorns de fonts, entorns d’equipaments municipals, etc.) i rieres urbanes, que són competència de l'Ajuntament de Terrassa, ja sigui perquè n’és el titular o perquè són d’ús públic a conseqüència de la signatura d’un acord amb la propietat.;Ajuntament de Terrassa;servicios;Adjudicada;;VERDMON, GESTIO AMBIENTAL, S.L.;27170;https://contractaciopublica.cat/ca/detall-publicacio/9f5a28f1-bf1e-4140-9fdd-ec9299a45bb5/300897943
Adjudicaciones;Iniciar el procediment d’adjudicació mitjançant procediment negociat sense publicitat per raons artístiques i tramitació ordinària a la companyia SERVEIS DE L’ESPECTACLE FOCUS, SA per a la representació dels espectacles “EL RETRAT DE DORIAN GRAY” I “MORNING SUN” amb motiu de la programació estable de teatre, música i dansa de la temporada 2026/2027.;Granollers Escena, S.L.;servicios;Resuelta;;Serveis de l’espectacle Focus SA;26300;https://contractaciopublica.cat/ca/detall-publicacio/6a84435c-a370-461e-9aaf-48c102f7bb4f/300897683
Adjudicaciones;servicio de mantenimiento de sistemas de seguridad y gestión alarmas cpas;Delegación Territorial de Inclusión Social, Juventud, Familias e Igualdad en Huelva;servicios;Resuelta;;SECURITAS SEGURIDAD ESPAÑA SA;26090,9;https://www.juntadeandalucia.es/haciendayadministracionpublica/apl/pdc_sirec/perfiles-licitaciones/detalle-licitacion.jsf?idExpediente=982725
Adjudicaciones;Servei de patrocini dels Premis Vinari, de la Fira de Vins dels Premis Vinari a Rubí i dels Premis Barcelona Rosé, que se'n deriva, com a campanya de promoció i difusió dels vins catalans del 2026.;Institut Català de la Vinya i el Vi;servicios;Resuelta;;COMUNICACIÓ VINÀRIA SL;26000;https://contractaciopublica.cat/ca/detall-publicacio/57b708ac-ada7-4026-b6d1-2756a0ac78a3/300898311
Adjudicaciones;Suministro de Ácido Cítrico alimentario para limpieza química de membranas. Disolución acuosa al 50% en ETAP en la Comunidad de Madrid y provincias limítrofes;Canal de Isabel II, S.A.;suministros;Resuelta;;ACIDEKA, S.A.;25670;https://contratos-publicos.comunidad.madrid/contrato-publico/suministro-acido-citrico-alimentario-limpieza-quimica-membranas-disolucion-acuosa
Adjudicaciones;serveis de gestió i producció tècnica del concert participatiu CANTA GRAN del Servei Educatiu de L¿Auditori de Barcelona, amb mesures de contractació pública sostenible;Consorci de l'Auditori i l'Orquestra;servicios;Resuelta;;VESC SCCL;25000;https://contractaciopublica.cat/ca/detall-publicacio/ac46dcfe-0614-49cc-afe1-bc1bf751d8e3/300897547
Adjudicaciones;Mantenimiento y soporte del entorno tecnológico para la gestión de las pruebas de capacitación profesional de transportistas y de consejeros de seguridad;Agencia para la Administración Digital de la Comunidad de Madrid;servicios;Resuelta;;DARA INFORMÁTICA, S.L.U.;24800;https://contratos-publicos.comunidad.madrid/contrato-publico/mantenimiento-soporte-entorno-tecnologico-gestion-pruebas-capacitacion-0
Adjudicaciones;99/ise/2026/ja serv trans escolar .destino cdpee psicopedagógico. rutas fue;Agencia Pública Andaluza de Educación;servicios;Adjudicada;;JUAN RIVILLA CARDENAS, ALVARO MARTOS AGUILERA;24739;https://www.juntadeandalucia.es/haciendayadministracionpublica/apl/pdc_sirec/perfiles-licitaciones/detalle-licitacion.jsf?idExpediente=977852
Adjudicaciones;servicios para la gestión de la participación de avra en 22º simed;Agencia de Vivienda y Rehabilitación de Andalucía (AVRA);servicios;Adjudicada;;OVEJERO SEQUEIRO SL;24686,85;https://www.juntadeandalucia.es/haciendayadministracionpublica/apl/pdc_sirec/perfiles-licitaciones/detalle-licitacion.jsf?idExpediente=982963
Adjudicaciones;Renovación de la tecnología de transporte de 3 enlaces e1 a Pseudowire TDMA sobre IP;Metro de Madrid, S.A.;suministros;Adjudicada;;HITACHI RAIL GTS SPAIN, S.A.U.;24495;https://contratos-publicos.comunidad.madrid/contrato-publico/suministro-renovacion-tecnologia-transporte-3-enlaces-e1-pseudowire-tdma-ip
Adjudicaciones;Suministro de cepillos para las máquinas barredoras del servicio de limpieza viaria;Badesa, S.A.-Consejo de Administración;suministros;Adjudicada;;CEPILLERIA INDUSTRIAL ALAVESA, S.L.;23899,2;https://www.contratacion.euskadi.eus/webkpe00-kpeperfi/es/contenidos/anuncio_contratacion/expjaso727730/es_doc/index.html
Adjudicaciones;Subscripció a la base de dades eLibro Cátedra, en modalitat AxA, per a la UPF i la UdG;Consorci de Serveis Universitaris de Catalunya (CSUC);suministros;Adjudicada;;ELIBRO CO;23816;https://contractaciopublica.cat/ca/detall-publicacio/43954d13-9ba0-4a77-b960-d52da814b19d/300898319
Adjudicaciones;L’objecte del contracte és la prestació del servei de formació en informàtica bàsica i tecnologies de la informació i la comunicació (TIC), mitjançant la realització de 160 cursos anuals, d’acord amb els requisits i les condicions que es detallen al plec de prescripcions tècniques (PPT). Cada curs té una durada de 3 hores, fet que suposa un total de 480 hores de formació anuals. Els cursos s’adrecen als usuaris de les biblioteques públiques municipals de les comarques gironines, així com als usuaris dels Punts d’Informació i Lectura de la Xarxa XPIL de la Diputació. La finalitat del contracte és facilitar l’accés i el contacte de la ciutadania amb les noves tecnologies, promoure l’ús bàsic de les eines digitals i fomentar la inclusió digital, contribuint així a reduir la bretxa digital i a millorar les competències digitals de la població.;Diputació de Girona;servicios;Resuelta;;Pitagora Advanced slu;23760;https://contractaciopublica.cat/ca/detall-publicacio/dceec5bc-37cf-4a8d-8f57-158256a52128/300877417
Adjudicaciones;Suministro, instalación y puesta en funcionamiento de un equipo multifunción de cocción para el servicio de hostelería del Hospital Universitario La Paz;Hospital Universitario La Paz;suministros;Adjudicada;;COMERCIAL HOSTELERA DEL NORTE EQUIPAMIEN;22443,96;https://contratos-publicos.comunidad.madrid/contrato-publico/pasa-572026-suministro-instalacion-puesta-funcionamiento-equipo-multifuncion
Adjudicaciones;"Adquisició de l'obra ""Vora de riu"" de l'artista Isabel Banal, per integrar-la a la Col·lecció Nacional d'Art Contemporani";Departament de Cultura;suministros;Resuelta;;14 Sitambara, SL (Galeria Chiquita Room);22000;https://contractaciopublica.cat/ca/detall-publicacio/fd04394c-b32b-463a-8838-0ee4ebbe1598/300899134
Adjudicaciones;Servei de manteniment de l’equipament de control horari de la Diputació de Barcelona.;Diputació de Barcelona;servicios;Resuelta;;SPEC, SAU;20680,02;https://contractaciopublica.cat/ca/detall-publicacio/e0a527a1-cdbf-47ee-af57-43af0c79ec25/300898294
Adjudicaciones;Prestació del servei de redacció del projecte executiu de nova pista esportiva al centre cívic de La Collada i de redacció del projecte d’activitats i del pla d’emergència, d’acord amb l’Avantprojecte de Nova Pista Esportiva al Centre Cívic de La Collada, C/ Turbina, de Vilanova i la Geltrú.;Ajuntament de Vilanova i la Geltrú;servicios;Resuelta;;EDDAB arquitectura SLP, RAIZDE3, S.L.;20528,93;https://contractaciopublica.cat/ca/detall-publicacio/5d5c0d8e-9f0e-474a-9979-d0c5459b80cf/300898491
Adjudicaciones;L’objecte és la contractació d’un laboratori acreditat per assajos de radioactivitat en aigua de consum, segons norma UNE EN ISO 17025:2017, les analítiques marcades al RD 03/2023 per a 280 mostres d’aigua de consum en quatre anys. Les 280 mostres, en principi és una planificació a l’alça. Ja que el RD marca una periodicitat en funció del volum tractat / distribuït per ATL a les diferents zones d’abastament.;Agència Catalana de l'Aigua (ACA);servicios;Adjudicada;;Fundació URV;20160;https://contractaciopublica.cat/ca/detall-publicacio/93f52d40-3bab-4b89-9471-6246a7cc42d5/300898657
Adjudicaciones;Mantenimiento y soporte de Arges;IZFE - Sociedad Foral de Servicios Informáticos-Dirección General;servicios;Resuelta;;TEKNEI DIGITAL, S.A.;20000;https://www.contratacion.euskadi.eus/webkpe00-kpeperfi/es/contenidos/anuncio_contratacion/expjaso731781/es_doc/index.html
Adjudicaciones;Contrato de exhibición de Metamorfosis de Lin Cortés el día 9 de octubre de 2026 en la Puerta del Sol como parte de la programación de la Hispanidad.;Madrid Cultura y Turismo, S.A.U.;servicios;Adjudicada;;LUIS CORTES MORENO;20000;https://contratos-publicos.comunidad.madrid/contrato-publico/contrato-exhibicion-metamorfosis
Adjudicaciones;Realització dels treballs de control financer relacionats amb expedients d’ingressos de caràcter tributari de l'ajuntament.;Ajuntament de Manresa;servicios;Adjudicada;;FAURA-CASAS AUDITORS CONSULTORS, SL;20000;https://contractaciopublica.cat/ca/detall-publicacio/d51427a4-969b-45c9-b182-348e9c6ea89a/300898767
Adjudicaciones;Adquisición de material de comunicaciones para el CEIS- Rioja;Consorcio para el Servicio de Extinción de Incendios, Salvamento y Protección Civil de La Rioja;suministros;Adjudicada;;ANFER RADIOCOMUNICACIONES, S.L, COMUNICACIONES MÓVILES TERRESTRES, S.L.;19767,42;https://www.larioja.org/contratacion-publica/es/licitaciones/consulta-expedientes?homepage=?p_colateral%3D75-4-9.02-0014%2F2026%26p_dia_ini%3D01%26p_mes_ini%3D10%26p_ano_ini%3D2026%26p_dia_fin%3D01%26p_mes_fin%3D10%26p_ano_fin%3D2026%26p_todas%3DN
Adjudicaciones;cbam 859/2026 tekno service/01 - lot1 - microordenadores - hrum. acuerdo marco de homologación de suministro de microordenadores y periféricos para la administración de la junta de andalucía y sus entidades instrumentales. lote1;Servicio Andaluz de Salud;suministros;Resuelta;;TEKNO SERVICE SL;19012;https://www.juntadeandalucia.es/haciendayadministracionpublica/apl/pdc_sirec/perfiles-licitaciones/detalle-licitacion.jsf?idExpediente=1008488
Adjudicaciones;Contracte privat de serveis per les actuacions musicals d'interpretació de sardanes en actes, esdeveniments i festivals de Santa Coloma de Farners durant l’any 2026.;Ajuntament de Santa Coloma de Farners;servicios;Resuelta;;Associació musical la flama de farners;18945;https://contractaciopublica.cat/ca/detall-publicacio/fda37bfd-7a09-4557-b9cc-42253d979c2e/300898105
Adjudicaciones;Elaboració i subministrament de clauers personalitzats d’argent per a l’acte de Noces d’Or i Argent per a les persones treballadores de TMB;Transports de Barcelona, SA;suministros;Adjudicada;;EUROCEBRIAN SL;18268,75;https://contractaciopublica.cat/ca/detall-publicacio/18d0d734-2705-4d29-b8cb-ed4a7225d05f/300898994
Adjudicaciones;huj_cbam_2_am_151/2023_biosensors iberia, s.l.;Servicio Andaluz de Salud;suministros;Resuelta;;BIOSENSORS IBERIA SL;18181,82;https://www.juntadeandalucia.es/haciendayadministracionpublica/apl/pdc_sirec/perfiles-licitaciones/detalle-licitacion.jsf?idExpediente=1009356
Adjudicaciones;CÓRDOBA 2º CBAM COLOPLAST PRODUCTOS MEDICOS SA Suministro de tracto sucesivo y precios unitarios de material específico para urología (subgrupo 01.18 del catálogo S.A.S.), con disponibilidad de uso de equipamiento necesario para la utilización del material, con destino a los centros que integran la Central Provincial de Compras de Córdoba (PAAM 37/24);Servicio Andaluz de Salud;suministros;Resuelta;;COLOPLAST PRODUCTOS MEDICOS SA;18180,96;https://www.juntadeandalucia.es/haciendayadministracionpublica/apl/pdc_sirec/perfiles-licitaciones/detalle-licitacion.jsf?idExpediente=1009078
Adjudicaciones;Subministrament, transport, instal·lació, configuració, proves de funcionament i posada en servei d’un videomarcador LED destinat al pavelló poliesportiu municipal de Vila-sana, d’acord amb les característiques i condicions establertes en el Plec de clàusules administratives particulars i en la documentació tècnica que regeix la contractació.;Ajuntament de Vila-Sana;suministros;Adjudicada;;CINFO CONTENIDOS INFORMATIVOS PERSONALIZADOS, S.L.;18000;https://contractaciopublica.cat/ca/detall-publicacio/c9fffc24-27e4-47a0-b9e4-4b6481b0495f/300898295
Adjudicaciones;L'objecte del present plec és l’establiment de les condicions que regiran la contractació, per part de l’Empresa Municipal Mixta d’Aigües de Tarragona, SA (en endavant, EMATSA), dels serveis consistents en la realització d’auditoria externa d’acreditació per la revaluació i ampliació de l’expedient mediambiental LE354 del laboratori d’acord a la norma UNE-EN ISO 17025, d’acord amb les característiques i condicions fixades al plec de condicions tècniques regulador d’aquest contracte elaborat per la responsable del Sistema Integrat de Gestió d’Ematsa.;Empresa Municipal Mixta d'Aigües de Tarragona, SA;servicios;Resuelta;;ENTIDAD NACIONAL DE ACREDITACION, ENAC;17871,5;https://contractaciopublica.cat/ca/detall-publicacio/d345c657-032a-4668-8a58-c2b6059f8758/300898594
Adjudicaciones;Diseño de plan de medios e imagen, contratación, producción y reparto de soportes de los mercados de oportunidades para la promocion comercial de getxo;Ayuntamiento de Getxo-Junta de Gobierno;servicios;Resuelta;;MANITU COMUNICACIÓN, S.L.;17500;https://www.contratacion.euskadi.eus/webkpe00-kpeperfi/es/contenidos/anuncio_contratacion/expgegetxo1006551/es_doc/index.html
Adjudicaciones;Servei de teràpia assistida amb cavalls (hipoteràpia) per a l’alumnat dels Centres d’Educació Especial de la Diputació de Tarragona: Cursos escolars 2026-2027 i 2027-2028, 2 lots;Diputació de Tarragona;servicios;Resuelta;;Josep Maria Torrell Benavent;16900;https://contractaciopublica.cat/ca/detall-publicacio/550aa267-34fb-4b04-b99f-1fe7198f04ea/300885413
Adjudicaciones;pgrn - subst. b. calor aire-agua suberoteca y func.alc. gazules (cádiz);Agencia de Medio Ambiente y Agua de Andalucía;suministros;Adjudicada;;ARTICLIMA ENERGIA SL;16890,87;https://www.juntadeandalucia.es/haciendayadministracionpublica/apl/pdc_sirec/perfiles-licitaciones/detalle-licitacion.jsf?idExpediente=980286
Adjudicaciones;L’objecte del contracte és el subministrament d’una bomba centrífuga submergible per a l'EDAR de La Garriga.;CCB Serveis Mediambientals, SA;suministros;Resuelta;;Ingenieria de bombeo Hidrostal;16734,47;https://contractaciopublica.cat/ca/detall-publicacio/300e6035-5163-44a3-ac56-2e9c8d6f0662/300897993
Adjudicaciones;Servicios de traslado de instrumentos y materiales, cargas y descargas, alquiler, montaje y desmontaje de infraestructuras en los diferentes programas organizados por la Escuela Municipal de Música.;Escuela Municipal de Música Luis Aramburu-Presidente del Consejo Rector;servicios;Adjudicada;;EVENTO KIT S.L.;16628;https://www.contratacion.euskadi.eus/webkpe00-kpeperfi/es/contenidos/anuncio_contratacion/expjaso730200/es_doc/index.html
Adjudicaciones;Representación pública del espectáculo Poeta perdido en New York_RATP 26;Agencia Andaluza de Instituciones Culturales;privado;Resuelta;;MEMORO CULTURA Y ENTRETENIMIENTO, S.L.;16164,19;https://www.juntadeandalucia.es/haciendayadministracionpublica/apl/pdc_sirec/perfiles-licitaciones/detalle-licitacion.jsf?idExpediente=1009213
Adjudicaciones;Servicio de asesoramiento y asistencia técnica en material laboral a la Mancomunidad de Servicios de Uribe Kosta;Mancomunidad de Servicios de Uribe Kosta-Presidenta;servicios;Resuelta;;EIBEX ASESORES CONSULTORES, S.L.;15400;https://www.contratacion.euskadi.eus/webkpe00-kpeperfi/es/contenidos/anuncio_contratacion/expjaso630872/es_doc/index.html
Adjudicaciones;Servicio de asesoramiento externo en sistemas de información y protección de datos;Mancomunidad de Servicios de Uribe Kosta-Presidenta;servicios;Adjudicada;;UKGK S.L;15231,4;https://www.contratacion.euskadi.eus/webkpe00-kpeperfi/es/contenidos/anuncio_contratacion/expjaso645096/es_doc/index.html
Adjudicaciones;Subministrament de materials i recanvis per a carpes 3x3 destinades al seu ús en préstec als ens locals de la província de Barcelona;Diputació de Barcelona;suministros;Resuelta;;Antonio Miguel Rus Muñoz;15000;https://contractaciopublica.cat/ca/detall-publicacio/1515d1bd-a56d-4189-8d51-e3f27915f404/300897847
Adjudicaciones;Diseño y suministro de adhesivos y cartelería para el servicio municipalde Taxi de Bilbao.;Ayuntamiento de Bilbao-Concejal Delegado de Contratación;suministros;Resuelta;;BINARI, SERVICIOS GLOBALES DE COMUNICACIÓN, S.L.L.;14805;https://www.contratacion.euskadi.eus/webkpe00-kpeperfi/es/contenidos/anuncio_contratacion/expjaso539430/es_doc/index.html
Adjudicaciones;Servicio de asesoramiento en economía circular dirigido a Pymes.;Ayuntamiento de Vitoria-Gasteiz-Concejala-Delegada del Departamento de Promoción Económica, Empleo, Comercio y Turismo;servicios;Resuelta;;GRUNVER SOSTENIBILIDAD, S.L.;14460;https://www.contratacion.euskadi.eus/webkpe00-kpeperfi/es/contenidos/anuncio_contratacion/expjaso628132/es_doc/index.html
Adjudicaciones;Servei de neteja i desinfecció del material de la Guàrdia Urbana de Barcelona;Ajuntament de Barcelona;servicios;Adjudicada;;TOTAL SAFETY CLEAN, S.L.U;13689,64;https://contractaciopublica.cat/ca/detall-publicacio/c8b03d2b-c4fb-46e3-b4c6-60946b90f243/300893486
Adjudicaciones;Servicios de apoyo en el asesoramiento jurídico, ordinario y extraordinario, en materia de Derecho Laboral, de Derecho Fiscal, de Derecho Concursal y servicios de apoyo para la defensa y asistencia jurídica letrada ante Tribunales;SPRI-Agencia Vasca de Desarrollo Empresarial-Director General;servicios;Resuelta;;IPAR-BILBAO ABOGADOS, S.L.P.;13320;https://www.contratacion.euskadi.eus/webkpe00-kpeperfi/es/contenidos/anuncio_contratacion/expjaso720172/es_doc/index.html
Adjudicaciones;Contracte específic per a la formació de de certificat de professionalitat de CARNISSERIA I ELABORACIÓ DE PRODUCTES CARNIS, corresponent a la categoria 3 (Carnisseria) del Sistema Dinàmic d’Adquisició per a l’homologació d’experts i formadors per a la impartició dels cursos de formació professional que organitzen els Serveis de Formació de MERCABARNA, amb mesures de contractació.;Mercados de Abastecimientos de Barcelona, S.A;servicios;Adjudicada;;Jordi Rodríguez Milan, PERE GODINO CANTERO;13169;https://contractaciopublica.cat/ca/detall-publicacio/92c55d28-be84-4c7f-aee0-5d561592a4e8/300898871
Adjudicaciones;segundo cbamsl 216/2026sevilla am 4005/2023 ( siglo 963/2023 ) electrofisiologia cardiaca. palex;Servicio Andaluz de Salud;suministros;Resuelta;;PALEX MEDICAL, SA;13100;https://www.juntadeandalucia.es/haciendayadministracionpublica/apl/pdc_sirec/perfiles-licitaciones/detalle-licitacion.jsf?idExpediente=1009394
Adjudicaciones;Servicio para desarrolar la agenda 2030 escolar en los centros educativos de Basauri.;Ayuntamiento de Basauri-Alcalde;servicios;Adjudicada;;ORTZADAR, S.L.;13000;https://www.contratacion.euskadi.eus/webkpe00-kpeperfi/es/contenidos/anuncio_contratacion/expjaso719954/es_doc/index.html
Adjudicaciones;Asistencia técnica y alquiler del equipo de sonido necesario para la realización de varios programas de la Escuela Municipal de Música y Danza Luis Aramburu;Escuela Municipal de Música Luis Aramburu-Presidente del Consejo Rector;servicios;Adjudicada;;LIZARRALDE SOINUA TXALAPARTA, S.L.;12835;https://www.contratacion.euskadi.eus/webkpe00-kpeperfi/es/contenidos/anuncio_contratacion/expjaso730782/es_doc/index.html
Adjudicaciones;Organització d’un esdeveniment cultural relacionat amb el mon literari;Ajuntament de Malgrat de Mar;servicios;Adjudicada;;Trifusió, Projectes Culturals SL;12750;https://contractaciopublica.cat/ca/detall-publicacio/47e20cb0-184d-4562-88ac-370bd698d130/300899120
Adjudicaciones;Servei de manteniment preventiu i normatiu de les instal.lacions tèrmiques dels edificis del Consell Comarcal;Consell Comarcal de l'Alt Empordà;servicios;Adjudicada;;ELECTROMECANICA VILAFRANCA JF SL;12651,6;https://contractaciopublica.cat/ca/detall-publicacio/47735aff-1cc1-4573-bc66-7e873f4249e7/300898458
Adjudicaciones;Servicios de atención individual y grupal por perspectiva de género en la Emakumeen Etxea de Errenteria;Ayuntamiento de Errenteria-Alcalde-Presidente;servicios;Resuelta;;ARRATS ELKARTEA, SEXUNE EMAKUME ELKARTEA, BIDEZ BIDE GIZARTE SUSTAPENERAKO K.A.E.;12426,48;https://www.contratacion.euskadi.eus/webkpe00-kpeperfi/es/contenidos/anuncio_contratacion/expjaso610646/es_doc/index.html
Adjudicaciones;Contracte de serveis de manteniment de l'estació transformadora d’alta tensió de l’edifici municipal El Viver.;Ajuntament de Badalona;servicios;Resuelta;;ISTEM SLU;11458,84;https://contractaciopublica.cat/ca/detall-publicacio/fd1ceebc-360e-4c6a-8fc6-0ae2ba33435f/300898194
Adjudicaciones;huj_cbam_am_1028/2023_kluter medical, s.l_suministro del material del subgrupo 01.03, genérico de punción (agujas) con disponibilidad de uso y mantenimiento del equipamiento necesario para la utilización del material, para los centros sanitarios que integran la central provincial de compras de la provincia de jaén (+6.6lk179k);Servicio Andaluz de Salud;suministros;Resuelta;;KLUTER MEDICAL SL;11404,8;https://www.juntadeandalucia.es/haciendayadministracionpublica/apl/pdc_sirec/perfiles-licitaciones/detalle-licitacion.jsf?idExpediente=732189
Adjudicaciones;Prestació dels serveis de creació de continguts i gestió de les xarxes socials, així com dels serveis de disseny gràfic i de les impressions diverses en diferents formats i materials, relacionats amb la Fira de Novembre.;Ajuntament de Vilanova i la Geltrú;servicios;Resuelta;;Gala Media SL, PRODUCCIONES MIC S.L.;10365;https://contractaciopublica.cat/ca/detall-publicacio/8e2646d3-9e64-49a6-beed-07bebd2945b9/300898735
Adjudicaciones;ruta al5: velefique-tabernas serv pub tte regula personas a demanda;Delegación Territorial de Fomento, Articulación del Territorio y Vivienda en Almería;servicios;Adjudicada;;JUANA MARIA CONTRERAS CONTRERAS;10002,91;https://www.juntadeandalucia.es/haciendayadministracionpublica/apl/pdc_sirec/perfiles-licitaciones/detalle-licitacion.jsf?idExpediente=1005238
Adjudicaciones;Subministrament de Discs Durs i NAS, accessoris i serveis associats per l’Oficina de Serveis Cientificotècnics. En concret, les necessitats són per una banda el subministrament d’equips i per una altra banda el servei de reparació de fora de garantia (sense peces) i el servei de gestió de la garantia del fabricant i extensions de garantia.;Fundació per a la Universitat Oberta de Catalunya;suministros;Adjudicada;;Nunsys;10000;https://contractaciopublica.cat/ca/detall-publicacio/2026c6ae-765c-4487-bdd4-d37ae052b6b6/300898681
Adjudicaciones;Servicio de intervención socioeducativa y psicosocial dirigido a personas en situación o riesgo de exclusión social.;Ayuntamiento de Lezo-Alcalde;servicios;Resuelta;;HIRUBE S. COOP.;10000;https://www.contratacion.euskadi.eus/webkpe00-kpeperfi/es/contenidos/anuncio_contratacion/expjaso586247/es_doc/index.html
Adjudicaciones;Contratación del servicio de auditoría externa del estado de cuentas del Ayuntamiento de Lezo.;Ayuntamiento de Lezo-Alcalde;servicios;Resuelta;;BETEAN AUDITORÍA, S.L.P.;9200;https://www.contratacion.euskadi.eus/webkpe00-kpeperfi/es/contenidos/anuncio_contratacion/expjaso619067/es_doc/index.html
Adjudicaciones;Servicios de extracción, traslado, destrucción y archivo de recetas médicas oficiales y justificantes de dispensación de medicamentos facturados por el Colegio Oficial de Farmacéuticos a la Comunidad de Madrid;Servicio Madrileño de Salud;servicios;Adjudicada;;FCC ÁMBITO S.A.;8944,2;https://contratos-publicos.comunidad.madrid/contrato-publico/servicios-extraccion-traslado-destruccion-archivo-recetas-medicas-oficiales
Adjudicaciones;2º CBAM-TELEFLEX MEDICAL Suministro de tracto sucesivo y precios unitarios de material específico para urología (subgrupo 01.18 del catálogo S.A.S.), con disponibilidad de uso de equipamiento necesario para la utilización del material, con destino a los centros que integran la Central Provincial de Compras de Córdoba (PAAM 37/24) CCA +6.6EBX6D- (648/2024);Servicio Andaluz de Salud;suministros;Resuelta;;TELEFLEX MEDICAL SA;8680,4;https://www.juntadeandalucia.es/haciendayadministracionpublica/apl/pdc_sirec/perfiles-licitaciones/detalle-licitacion.jsf?idExpediente=1009029
Adjudicaciones;Servicio a fe que de Responsabilidad Civil;Fundación Pública Galega Instituto de Investigación Sanitaria de Santiago de Compostela (FIDIS);servicios;Adjudicada;;WR BERKLEY EUROPE AG SUCURSAL EN ESPAÑA;8630,37;https://www.contratosdegalicia.gal/licitacion?N=829165
Adjudicaciones;El contracte té per objecte el subministrament de pèl·let per a la caldera de biomassa de l’Escola Vilademany d’Aiguaviva. La prestació comprèn el subministrament del combustible, el transport, la descàrrega a la sitja de l’equipament i el seguiment del nivell de combustible emmagatzemat, en els termes establerts al plec de prescripcions tècniques.;Ajuntament d'Aiguaviva;suministros;Adjudicada;;SOLUCIONS BIOENERGETIQUES INTEGRALS, S.L.;8000;https://contractaciopublica.cat/ca/detall-publicacio/1f492bf6-f440-4dfb-9001-e62104ce3c8f/300898473
Adjudicaciones;"Servicio de ""residuo alimentario cero"" en el comedor de la ikastola Jakintza del municipio de Ordizia";Ayuntamiento de Ordizia-Alcaldía;servicios;Resuelta;;FUNDACION RESIDUO CERO;7945,74;https://www.contratacion.euskadi.eus/webkpe00-kpeperfi/es/contenidos/anuncio_contratacion/expjaso739289/es_doc/index.html
Adjudicaciones;Contrato derivado octubre Acuerdo Marco pescados frescos.;Gobierno Vasco-Dirección de Administración y Servicios de la Academía Vasca de Policía y Emergencias;suministros;Resuelta;;ZUZEN ARRAINAK, S.L.;7871,11;https://www.contratacion.euskadi.eus/webkpe00-kpeperfi/es/contenidos/anuncio_contratacion/expjaso743477/es_doc/index.html
Adjudicaciones;L’objecte del contracte és el servei de manteniment de la plataforma Decidim en modalitat multientitat de la Diputació de Girona, d’acord amb els requisits i les condicions que es detallen en el plec de prescripcions tècniques. El servei d’assistència inclou: -Mantenir la plataforma Decidim de la Diputació de Girona, en modalitat multientitat, actualitzada a les darreres versions compatibles i estables de cadascun dels seus components (inclosa la paquetització endocker). - Seguiment i comprovació de l’aparició de vulnerabilitats a la plataforma o en algun dels seus components i correcció de les vulnerabilitats. - Lliurament d’un informe mensual de revisió de seguretat i estat del servei. - Resolució d’incidències de la plataforma Decidim. - Formació i consultoria a l’equip de l’àrea de Noves Tecnologies de la Diputació de Girona en el manteniment i actualització tecnològics de la plataforma Decidim. L’execució de l’objecte d’aquest contracte implica per part del proveïdor el tractament de dades de caràcter personal de la Diputació de Girona. El proveïdor tracta les dades en qualitat d’encarregat del tractament per al compliment de les finalitats d'assistència i suport en la utilització de la plataforma, i servei de formació i consultoria per al personal de la Diputació. L’empresa que resulti adjudicatària ha de signar el contracte de tractament de dades personal. El tractament s'efectua remotament contra els serveis propis de la Diputació de Girona. No s'enregistraran dades en suports o sistemes que no siguin els propis de la Diputació de Girona.;Diputació de Girona;servicios;Adjudicada;;Pokecode SL;7840;https://contractaciopublica.cat/ca/detall-publicacio/c10cb4bd-fbf6-4375-85aa-ef3230af88b5/300898753
Adjudicaciones;Servei consistent en la redacció d’un estudi d’actuacions per a solucionar filtracions d’aigua detectades a l’Ecoparc 3 de Sant Adrià del Besos.;Àrea Metropolitana de Barcelona;servicios;Resuelta;;ENIGEST SL;7017,99;https://contractaciopublica.cat/ca/detall-publicacio/e4f9cf53-7839-40ed-b7c2-de5cc7e36abf/300897455
Adjudicaciones;Servicio de toma de fotografías de empresas participantes en el buscador digital de negocios de comercio y hostelería;Ayuntamiento de Vitoria-Gasteiz-Concejala-Delegada del Departamento de Promoción Económica, Empleo, Comercio y Turismo;servicios;Resuelta;;LINO GONZALEZ RICO;6858;https://www.contratacion.euskadi.eus/webkpe00-kpeperfi/es/contenidos/anuncio_contratacion/expjaso733383/es_doc/index.html
Adjudicaciones;L’objecte del present contracte és el servei d’organització del viatge cultural, que inclou el desplaçament d’anada i tornada en autocar, visita guiada, acompanyament i dinar de germanor el dia 1 d'octubre de 2026;Ajuntament de Sant Vicenç de Castellet;servicios;Adjudicada;;EINA D'ACTIVITATS I GESTIÓ SL;5714,5;https://contractaciopublica.cat/ca/detall-publicacio/7af5dd50-112e-4a3a-9654-5f4509d3b93c/300898693
Adjudicaciones;Electrodomésticos de cocina estándar. Varios;Instituto Foral de Bienestar Social-Dirección-Gerencia;suministros;Adjudicada;;ETXE-LAN, S.COOP;5425;https://www.contratacion.euskadi.eus/webkpe00-kpeperfi/es/contenidos/anuncio_contratacion/expjaso739912/es_doc/index.html
Adjudicaciones;Asistencia técnica en proceso de selección de un/una responsable de ficción;Grupo Euskal Irrati Telebista-Director/a General de EITB;servicios;Adjudicada;;LKS SELECTION & TRAINING MANAGEMENT S.L;5082,78;https://www.contratacion.euskadi.eus/webkpe00-kpeperfi/es/contenidos/anuncio_contratacion/expjaso739381/es_doc/index.html
Adjudicaciones;L’objecte és contractar dues revisions de manteniment preventives una en 2026 i l’altra en 2027 (amb el material necessari per substituir segons la descripció d’aquest plec tècnic) i una visita de manteniment correctiu (sense peces o recanvis) de l’equip de fluorescència d’anàlisi de mercuri: Teledyne QuickTrace M-8000 del laboratori de l’Agència Catalana de l’Aigua.;Agència Catalana de l'Aigua (ACA);servicios;Adjudicada;;PALEX MEDICAL, S.A.U;5000;https://contractaciopublica.cat/ca/detall-publicacio/e19ace20-1f39-4a71-afd5-55e9a2b0360d/300898582
Adjudicaciones;Mobiliario estándar. Cama nido, literas, colchones y somier.;Instituto Foral de Bienestar Social-Dirección-Gerencia;suministros;Adjudicada;;MOBIDECOR 2000 S.L.;4900,1;https://www.contratacion.euskadi.eus/webkpe00-kpeperfi/es/contenidos/anuncio_contratacion/expjaso740780/es_doc/index.html
Adjudicaciones;córdoba 2ª prórroga 3º cbam sun pharma laboratorios, s.l.u. acuerdo marco para el suministro de medicamentos con destino a los servicios de farmacia de los centros integrantes de la central provincial de compras de córdoba (paam 33/23);Servicio Andaluz de Salud;suministros;Resuelta;;SUN PHARMA LABORATORIOS SL;4807,69;https://www.juntadeandalucia.es/haciendayadministracionpublica/apl/pdc_sirec/perfiles-licitaciones/detalle-licitacion.jsf?idExpediente=1009308
Adjudicaciones;Servicio de carpintería, montaje y desmontaje museográfico de la exposición del artista Jochen Lempert en Artium Museoa;Fundación Artium de Álava-Directora;servicios;Adjudicada;;EL TALLER DEL OSO ZURDO, S.L.;4580;https://www.contratacion.euskadi.eus/webkpe00-kpeperfi/es/contenidos/anuncio_contratacion/expjaso740590/es_doc/index.html
Adjudicaciones;Suministro de mascarillas quirurgicas con destino al Hospital Universitario Severo Ochoa;Hospital Universitario Severo Ochoa;suministros;Resuelta;;Hostas Suministros, SL;4322,5;https://contratos-publicos.comunidad.madrid/contrato-publico/suministro-mascarillas-quirurgicas-destino-hospital-universitario-severo-ochoa
Adjudicaciones;Subministrament de cadires d’oficina, de tipus operativa, destinades a diversos llocs de treball de l’Ajuntament de Vilanova i la Geltrú, d’acord amb la següent modalitat d’adquisició d’una pluralitat de béns de forma successiva i per preu unitari sense que la quantia total es defineixi amb exactitud al moment de formalitzar el contracte per estar subordinades les entregues a les necessitats de l’Ajuntament.;Ajuntament de Vilanova i la Geltrú;suministros;Resuelta;;SOLITIUM CONTROL GROUP, S.A.;4175;https://contractaciopublica.cat/ca/detall-publicacio/2bcce93c-460a-491b-a4a0-f4acee918c46/300898954
Adjudicaciones;Servei de manteniment preventiu de 7 microscopis de laboratori de l’Hospital Universitari De Girona Doctor Josep Trueta.;ICS - Hospital Universitari de Girona Dr. Josep Trueta i GAPiC Àmbit Girona;servicios;Adjudicada;;Leica Microsistemas SLU;4030;https://contractaciopublica.cat/ca/detall-publicacio/b651d206-e67d-4e3b-86af-66f007692c1d/300898606
Adjudicaciones;L’objecte del present contracte és el del subministrament de copolímer d’acrilamida aniònic sòlid pel tractament del fang procedent de la potabilització d’aigua a l’ETAP Ter d’ATL. La quantitat de copolímer d’acrilamida a subministrar serà d’acord amb la qualitat de l’aigua i la quantitat de fang a tractar i ha de complir amb les especificacions tècniques i obligacions establertes al PPT que regeix aquesta licitació.;Ens d'Abastament d'Aigua Ter-Llobregat (ATL);suministros;Adjudicada;;TESIS GALICIA,S.L.;4020;https://contractaciopublica.cat/ca/detall-publicacio/6f55a494-b468-4a31-8339-5aa0180919bb/300898819
Adjudicaciones;Adhesió d'Aigües del Prat, SA, al contracte 2023.04.A03 de l'Acord Marc de l'ACM de subministrament d'energia elèctrica amb destinació a les entitats locals de Catalunya (Exp. 2023.04). LOT 1. Baixa tensió fins a 15 KW;Aigües del Prat, S.A.;suministros;Adjudicada;;IBERDROLA CLIENTES, SAU;3888;https://contractaciopublica.cat/ca/detall-publicacio/03ac41a7-9263-4990-b3ec-d86d03a5e408/300898814
Adjudicaciones;Servicio de revisión periódica de los equipos de medición de gases múltiples para Metro de Madrid;Metro de Madrid, S.A.;servicios;Adjudicada;;GOMETRICS, S.L.;3775;https://contratos-publicos.comunidad.madrid/contrato-publico/servicio-revision-periodica-equipos-medicion-gases-multiples-metro-madrid
Adjudicaciones;És objecte del present contracte la prestació del servei de retirada de vehicles de la via pública com a conseqüència de l’aplicació de la normativa de trànsit o de seguretat pública, precisa també de l'exercici d'autoritat. L'exercici d'autoritat és un fet inalienable de l'Ajuntament que, en el cas de la circulació, es duu a terme per mitjà de la Policia Local, que controla, dirigeix i vigila el trànsit.;Ajuntament de Palau-solità i Plegamans;servicios;Resuelta;;MICAL AUTOMOCION SL;3050;https://contractaciopublica.cat/ca/detall-publicacio/7efebc1d-aaa1-4935-a79f-9fb2e646974e/300898432
Adjudicaciones;Curs de català C2 semipresencial de 67,5 hores;Universitat de Lleida;servicios;Adjudicada;;Maria Teresa Fontanet Llobera;2700;https://contractaciopublica.cat/ca/detall-publicacio/0c51e1e7-8288-4ea9-a7ea-85c370f014db/300898022
Adjudicaciones;pgrn-serv.coord.act.preventivas act.adec.cerr.cineg.m.pub. huelva y jaén;Agencia de Medio Ambiente y Agua de Andalucía;servicios;Adjudicada;;SECUOYA MEDIOAMBIENTE S.L.;2598,06;https://www.juntadeandalucia.es/haciendayadministracionpublica/apl/pdc_sirec/perfiles-licitaciones/detalle-licitacion.jsf?idExpediente=949838
Adjudicaciones;Coordinación en materia de seguridad y salud durante la ejecución de las obras/actuaciones que resulten de los contratos del Área de Movilidad y Sostenibilidad del Ayuntamiento de Bilbao;Ayuntamiento de Bilbao-Concejal Delegado de Contratación;servicios;Resuelta;;INCOPE CONSULTORES, S.L.;2367,39;https://www.contratacion.euskadi.eus/webkpe00-kpeperfi/es/contenidos/anuncio_contratacion/expjaso430470/es_doc/index.html
Adjudicaciones;segundo cbamsl 216/2026sevilla am 4005/2023 ( siglo 963/2023 ) electrofisiologia cardiaca. biotronik spain, s.a.;Servicio Andaluz de Salud;suministros;Resuelta;;BIOTRONIK SPAIN SA;2225;https://www.juntadeandalucia.es/haciendayadministracionpublica/apl/pdc_sirec/perfiles-licitaciones/detalle-licitacion.jsf?idExpediente=1009388
Adjudicaciones;Contrato basado. Servicios de consultoría en relación con el control de determinados aspectos de la ejecución de los proyectos y las obras promovidas por la dirección general de obras hidráulicas. (2023/07-VR-ZE).;Diputación Foral de Gipuzkoa-Diputado/a Foral de Medio Ambiente y Obras Hidráulicas;obras;Resuelta;;BSP SERVICIOS DE CONSULTORIA TECNICA, S.L;2080;https://www.contratacion.euskadi.eus/webkpe00-kpeperfi/es/contenidos/anuncio_contratacion/expjaso744811/es_doc/index.html
Adjudicaciones;L'objecte del contracte és el disseny i impartició d'una formació pràctica de 10 hores sobre «Metodologies de Treball i Gestió de Projectes» per a l'Àrea de Màrqueting de la UOC, amb l'objectiu d'homogeneïtzar i millorar la coordinació dels seus equips de treball.;Fundació per a la Universitat Oberta de Catalunya;servicios;Adjudicada;;GESEM Formació i Consultoria, SL;1900,01;https://contractaciopublica.cat/ca/detall-publicacio/dd27f702-7028-401a-a778-a8967c882290/300898816
Adjudicaciones;Servicio de mantenimiento de microinformática;Ayuntamiento de Getxo-Junta de Gobierno;servicios;Adjudicada;;VERSIA SERVICIOS DISTRIBUIDOS TI, S.A.;1587,62;https://www.contratacion.euskadi.eus/webkpe00-kpeperfi/es/contenidos/anuncio_contratacion/expgegetxo1006555/es_doc/index.html
Adjudicaciones;Servicio de aseguramiento de riesgos patrimoniales, personales y de responsabilidad civil derivados del uso de vehículos a motor (automóviles).;ARARTEKO Defensoría del Pueblo del País Vasco-Ararteko;servicios;Adjudicada;;MGS SEGUROS Y REASEGUROS S A;1465,23;https://www.contratacion.euskadi.eus/webkpe00-kpeperfi/es/contenidos/anuncio_contratacion/expjaso718540/es_doc/index.html
Adjudicaciones;El objeto de este acuerdo marco es contratar diferentes servicios necesarios para las actividades del centro, estructurados en 8 LOTES. Cada LOTE cubre un aspecto específico de apoyo a las actividades del centro y se ha diseñado para satisfacer necesidades concretas.;Ajuntament de Salt;999;Resuelta;;Salvador González Toll, Laia Alzueta Dilmé, Marçal Pujol Malé, KABUTS CULTURA, 30DEFEBRER SCCL, Richard Schmutz, PAU RODRIGUEZ CARREÑO, Jordi Arranz Costa, Núria Surrell Rafart, Joan Cortès Fàbregas, Alter Sinergies SL, Tekla Solutions SL, aeiou, estudi creatiu S.L., Àlex van Wijhe, Alejandro Ferrandiz Meyer;1244,6;https://contractaciopublica.cat/ca/detall-publicacio/d9d0f6c8-9921-42d4-85e5-64dce3f38196/300889335
Adjudicaciones;cordoba 2ª pro 1º cbam garric medica sl acuerdo marco para la contratación del suministro, de tracto sucesivo y precios unitarios, de material genérico de curas, vendas, esparadrapos y diverso material de soporte (subgrupo su. pc. sani. 01.00 del catálogo sas), con destino a los centros que integran la central provincial de compras de córdoba. (paam 17/24);Servicio Andaluz de Salud;suministros;Resuelta;;GARRIC MEDICA SL;350;https://www.juntadeandalucia.es/haciendayadministracionpublica/apl/pdc_sirec/perfiles-licitaciones/detalle-licitacion.jsf?idExpediente=1008987
Adjudicaciones;Realización de un programa de prevención del consumo de alcohol y otras drogas en el ámbito educativo de la CAPV.;Gobierno Vasco-Dirección de Régimen Jurídico, Económico y Servicios Generales;servicios;Resuelta;;ORTZADAR, S.L.;331;https://www.contratacion.euskadi.eus/webkpe00-kpeperfi/es/contenidos/anuncio_contratacion/expjaso718618/es_doc/index.html
Adjudicaciones;Suscripción a los mementos de contratación y administración pública 2026-27;Consejería de Economía, Hacienda , Fondos Europeos y Diálogo Social. Secretaría General Técnica (En Transición);privado;Resuelta;;LEFEBVRE-EL DERECHO SA;295;https://www.juntadeandalucia.es/haciendayadministracionpublica/apl/pdc_sirec/perfiles-licitaciones/detalle-licitacion.jsf?idExpediente=1013579
Adjudicaciones;L’objecte de la licitació de l’aprofitament de les pastures dels Aiguamolls de Rufea. La finca objecte de l’aprofitament es troba al Polígon 26, parcel·la 466, Propietat de l’Ajuntament de Lleida, i coneguda com “Aiguamolls de Rufea”’ i amb una superfície de 74,72 ha. L’objecte de l’aprofitament de pastures ocupa una superfície de 51,15 ha.;Ajuntament de Lleida;administrativo especial;Resuelta;;CEFERINO RODRIGUEZ SANCHEZ;255,75;https://contractaciopublica.cat/ca/detall-publicacio/3f1e54df-ab81-4f01-9ba5-a59395f86ad8/300898035
Adjudicaciones;"Servicio de atención residencial del menor CA.C.R. mediante la concertación de una plaza residencial en el centro educativo terapeútico ""La Marquesa""";Instituto Foral de Bienestar Social-Dirección-Gerencia;servicios;Resuelta;;Fundación Emet Arco Iris;175;https://www.contratacion.euskadi.eus/webkpe00-kpeperfi/es/contenidos/anuncio_contratacion/expjaso633022/es_doc/index.html
Adjudicaciones;Servicio de determinación y cuantificación de drogas en muestras de fluido oral para la Policía Municipal de Bilbao.;Ayuntamiento de Bilbao-Concejal Delegado de Contratación;servicios;Resuelta;;UNIVERSIDAD DE SANTIAGO DE COMPOSTELA;33,92;https://www.contratacion.euskadi.eus/webkpe00-kpeperfi/es/contenidos/anuncio_contratacion/expjaso651838/es_doc/index.html
Adjudicaciones;L’objecte de la licitació és l’adjudicació de les llicències per a l’ocupació temporal de la via publica per a la instal·lació de casetes de venda de pirotècnia per a la revetlla de Sant Joan 2026, atorgades mitjançant un procediment públic i de concurrència competitiva.;Ajuntament de Lleida;administrativo especial;Resuelta;;HIPERCOHETE SL;5,2;https://contractaciopublica.cat/ca/detall-publicacio/e9fa6a66-dbb0-445a-b07a-6e2753777b62/300898170
Adjudicaciones;L’objecte de la licitació és l’adjudicació les llicències per a l’ocupació temporal de la via publica per a la instal·lació de casetes de venda de pirotècnia per a la revetlla de Sant Joan 2025, atorgades mitjançant un procediment públic i de concurrència competitiva.;Ajuntament de Lleida;administrativo especial;Resuelta;;HIPERCOHETE, SL;5;https://contractaciopublica.cat/ca/detall-publicacio/ae827c4e-3cdf-4a43-b56d-544493768bd0/300898209
Adjudicaciones;Autorització d’ús privatiu d’un espai de domini públic marítim terrestre per a l’explotació de guinguetes a les platges del municipi de Cambrils, per la temporada 2026-2029.;Ajuntament de Cambrils;administrativo especial;Adjudicada;;KALMA BEACH CAMBRILS, S.L., PLANIFICA GROUP 2025, S.L., BENUR EVENTOS 2020 S.L.U, NOVAGESTION 2025, S.L., MAR I PLATJA VILAFORTUNY, S.C.P., FESTIVAL VILAGE SALOU, S.L., PLAYAVISTA MEDITERRANEO, SL, CAMPING JOAN SL, AQUAMAR CEMM, SL, HOTEL DORADO PLAYA SL, FOODIECLUB 21, S.L., EXPLOTACIONS CAMBRILS, S.L., EXPLOTACIONES TURÍSTICAS Y HOSTELERAS SACALO 1986, S.L.;0;https://contractaciopublica.cat/ca/detall-publicacio/38877904-e133-492f-8a5f-509972055556/300883958
Adjudicaciones;Acuerdo Marco del suministro de los medicamentos Colistimetato, Desflurano, Sevoflurano e Isoflurano;Consorci de Salut i d'Atenció Social de Catalunya;suministros;Adjudicada;;BAXTER, ABBVIE SPAIN, S.L.U., ALTAN PHARMACEUTICALS, S.A., EUROMED PHARMA SPAIN S.L., ACCORD HEALTHCARE, SLU, Pari Pharma Iberia S.L. S.U, BIOPHARMED IBÉRICA S.L.;0;https://contractaciopublica.cat/ca/detall-publicacio/721ceeeb-63d6-4ed5-88fa-4bcd6d6c4005/300898587
Adjudicaciones;Acuerdo marco para el suministro de pictogramas y pegatinas específicos para la señalización en Metro Madrid.;Metro de Madrid, S.A.;suministros;Resuelta;;FRANCH INSTALADORES Y APLICACIONES, S.L., FRANCO IMAGEN CORPORATIVA, S.L., SOPORTES Y PRODUCCIONES INTEGRALES, S.L, ACABADOS DEL NOROESTE VIGO, S.L., GRAFISMOS Y PUBLICIDAD BBF, S.L., REALIZACIONES PUBLICITARIAS GAMA, S.L;0;https://contratos-publicos.comunidad.madrid/contrato-publico/acuerdo-marco-suministro-pictogramas-pegatinas-especificos-senalizacion-metro
Adjudicaciones;Acuerdo marco para el suministro de los repuestos exclusivos del fabricante SEPSAMEDHA S.L.U. para el mantenimiento de los trenes del material móvil de Metro de Madrid, S.A;Metro de Madrid, S.A.;suministros;Resuelta;;SEPSAMEDHA S.L.U;0;https://contratos-publicos.comunidad.madrid/contrato-publico/acuerdo-marco-suministro-repuestos-exclusivos-fabricante-sepsamedha-slu
Adjudicaciones;Acuerdo marco para servicios de diseño, producción y montaje de exposiciones y eventos de patrimonio histórico de Metro de Madrid;Metro de Madrid, S.A.;servicios;Resuelta;;INTERVENTO 2, S.L, ARTEC EXPOSICIONES, S.L, ARTERIA LOGÍSTICA DEL ARTE, S.L., YPUNTO ENDING, S.L;0;https://contratos-publicos.comunidad.madrid/contrato-publico/acuerdo-marco-servicios-diseno-produccion-montaje-exposiciones-eventos-patrimonio
Adjudicaciones;Acuerdo marco para servicios de reparaciones de equipos de tecnología del grupo Knorr Bremse (Knorr/Ife/Merak/ Microelettrica Scientifica) en trenes de las series 3000 1ª y 9000;Metro de Madrid, S.A.;servicios;Resuelta;;HITACHI RAIL ESPAÑA S.L.U, KNORR-BREMSE ESPAÑA, S.A, HITACHI RAIL ESPAÑA S.L.U., TELCE, S.A;0;https://contratos-publicos.comunidad.madrid/contrato-publico/acuerdo-marco-servicios-reparaciones-equipos-tecnologia-grupo-knorr-bremse
Adjudicaciones;Pavimentación caminos públicos 2026;Ayuntamiento de Lezama-Alcalde;obras;Resuelta;;ASFALTIA, S.L.;0;https://www.contratacion.euskadi.eus/webkpe00-kpeperfi/es/contenidos/anuncio_contratacion/expgebizkaia3550190/es_doc/index.html
Adjudicaciones;Acuerdo marco para el suministro de elementos de unión mecánica desmontables, empleados en las operaciones de mantenimiento de las instalaciones fijas y del material móvil de Metro Madrid;Metro de Madrid, S.A.;suministros;Resuelta;;LUMAR MARTIN, S.L., COMERCIAL URCELAY S.A.;0;https://contratos-publicos.comunidad.madrid/contrato-publico/acuerdo-marco-suministro-elementos-union-mecanica-desmontables-empleados
Adjudicaciones;Acuerdo marco para el suministro de repuestos eléctricos para el mantenimiento de las instalaciones y material móvil de Metro Madrid;Metro de Madrid, S.A.;suministros;Resuelta;;INDUREMON, S.L, GUARCONSA, S.A., DISCOEL, S.L, TEDITRONIC, S.L., SUMINISTROS Y MANTENIMIENTOS CAP, S.L, DISCOEL, S.L., GUARCONSA, S.A, MACOBEL, S.A., INSTALACIONES Y MANTENIMIENTOS MAGAR, S.L, SUMINISTROS Y MANTENIMIENTOS CAP, S.L., TEDITRONIC, S.L, INDUREMON, S.L.;0;https://contratos-publicos.comunidad.madrid/contrato-publico/acuerdo-marco-suministro-repuestos-electricos-mantenimiento-instalaciones-material
Adjudicaciones;Acuerdo Marco para el suministro de gases industriales y accesorios para Metro de Madrid;Metro de Madrid, S.A.;suministros;Resuelta;;LINDE GAS ESPAÑA S.A, NIPPON GASES ESPAÑA, S.L.U, SOCIEDAD ESPAÑOLA DE CARBUROS METÁLICOS, S.A, LUMAR MARTIN, S.L, SUMINISTROS INDUSTRIALES INCOMER, S.;0;https://contratos-publicos.comunidad.madrid/contrato-publico/acuerdo-marco-suministro-gases-industriales-accesorios-metro-madrid
Adjudicaciones;Acuerdo marco para el suministro de suscripción y mantenimiento de licencias de aplicaciones informáticas comerciales de puesto cliente para Metro de Madrid.;Metro de Madrid, S.A.;suministros;Adjudicada;;SPHERA DESARROLLO E INNOVACION EN TECNOLOGIAS DE LA INFORMACION, S.A., ASISTENCIA DISTRIBUCION Y VENTAS INFORMATICAS, S.L., TECNICOS ASOCIADOS INFORMATICA, S.A.U., EVOLUTIO CLOUD ENABLER, S.A.U., SEIDOR SOLUTIONS, S.L., DISINFOR, S.L.;0;https://contratos-publicos.comunidad.madrid/contrato-publico/acuerdo-marco-suministro-suscripcion-mantenimiento-licencias-aplicaciones-0
Adjudicaciones;Acuerdo Marco para el suministro de herramientas objetivas de evaluación para procesos de selección en Metro de Madrid;Metro de Madrid, S.A.;suministros;Resuelta;;DARWIN PARTNERS S.L, FACTHUM SPAIN, S.L, HOGREFE TEA EDICIONES S.A.U, HOGREFE TEA EDICIONES S.A.U.;0;https://contratos-publicos.comunidad.madrid/contrato-publico/acuerdo-marco-suministro-herramientas-objetivas-evaluacion-procesos-seleccion
Adjudicaciones;Acuerdo marco para servicios de coordinación en materia de seguridad y salud durante la ejecución de las obras promovidas por Metro de Madrid y elaboración de Estudios de Seguridad y Salud (ESS) y Estudios Básicos de Seguridad y Salud (EBSS) en proyectos realizados por Metro de Madrid.;Metro de Madrid, S.A.;servicios;Adjudicada;;OCA INSPECCIÓN CONTROL Y PREVENCIÓN, S.A.U. (OCAGLOBAL), INGENIERÍA Y PREVENCIÓN DE RIESGOS, S.L., Q-SAFETY BY QUIRÓN PREVENCIÓN, S.A.U., INCOPE CONSULTORES, S.L.;0;https://contratos-publicos.comunidad.madrid/contrato-publico/acuerdo-marco-servicios-coordinacion-materia-seguridad-salud-ejecucion-obras
Adjudicaciones;Acuerdo Marco para los servicios de realización de mediciones higiénicas en los lugares de trabajo de Metro de Madrid.;Metro de Madrid, S.A.;servicios;Resuelta;;AGORA, INGENIERIA, SERVICIOS Y PREVENCIÓN S.L, EQUIPO TÉCNICO PREVENCIÓN PROCARION, S.L., SGS TECNOS, S.A.;0;https://contratos-publicos.comunidad.madrid/contrato-publico/acuerdo-marco-servicios-realizacion-mediciones-higienicas-lugares-trabajo-metro
Adjudicaciones;Concurs públic pr de la transmissió onerosa i constitució d'un dret de superfície sobre un proindivís d’un bé immoble patrimonial per destinar-lo a la promoció, la construcció i la transmissió dels habitatges amb qualificació de protecció oficial en règim de venda del dret de superfície a les persones que determini l’Ajuntament.;Ajuntament del Masnou;administrativo especial;Adjudicada;;METROPOLITAN HOUSE BCN RESIDENTIAL;0;https://contractaciopublica.cat/ca/detall-publicacio/44b75e60-4547-48fe-b039-4bfc587dae9d/300898128
Adjudicaciones;CS/CC00/1101467356/27/AMUP:Suministro agregado de material de puricultura para los centros del Institut Català de la Salut y centros adheridos: Consorci Sanitari de l'Anoia, Hospital de la Cerdanya-AECT Agrupació europea de Cooperació Territorial, Gestió de Serveis Sanitaris y Salut Catalunya Central-Hospital de Berga;ICS - Gerència de compres;suministros;Resuelta;;MAPA SPONTEX IBERICA SAU, PRODUCTOS MEDICINALES MEDELA SL, KLUTER MEDICAL SL, MEDICAL SOREVAN SL, LABORATORIOS CAIR ESPAÑA, S.L.;0;https://contractaciopublica.cat/ca/detall-publicacio/a10db547-4518-4e36-884b-45c8fdca4334/300896832
Adjudicaciones;C6102-16-2026-004 - Acuerdo marco con un único adjudicatario para el mantenimiento integral de los equipos de electromedicina del CHV, FHSC, FPHC y FHOCG.;Consorci Hospitalari de Vic;servicios;Resuelta;;IBERICA DE MANTENIMIENTO, S.A.;0;https://contractaciopublica.cat/ca/detall-publicacio/440b7c7b-ce54-46ac-a131-a66fbf617f54/300895708
Adjudicaciones;CS/CC00/1101464245/26/AM: acuerdo marco para el suministro agregado de intervencionimo coronario, (catéteres angiográficos, catéteres guia y microcatéteres) y cateres balón_complemenario para los centros del Instituto Catalán de la Salud;ICS - Gerència de compres;suministros;Resuelta;;PHILIPS IBERICA, SA Societat Unipersonal, IBERHOSPITEX, SA;0;https://contractaciopublica.cat/ca/detall-publicacio/ee276876-19ec-47f7-9c5c-b39b6f361e89/300895383
Adjudicaciones;Subministrament de material de pavimentació divers per a la construcció i mantenimentd'escenografies, muntatges diversos de produccions audiovisuals i muntatges efímers.;Corporació Catalana de Mitjans Audiovisuals, SA (CCMA, SA);suministros;Resuelta;;DISSTANDS MOQUETAS S.L., PLATA HERMANOS 94, SL;0;https://contractaciopublica.cat/ca/detall-publicacio/3e2dd96a-fda6-4e8a-9011-e84ae9e85aef/300898934
Adjudicaciones;Servicio de ruta entre la oficina central de hacienda y finanzas, oficinas descentralizadas, oficinas liquidadoras del registro y oficinas de atención ciudadana (GERTU) para el traslado de documentación y paquetería de la DFB para los años 2027 a 2030;Diputación Foral de Bizkaia-Diputada Foral de Administración Pública y Relaciones Institucionales;servicios;Adjudicada;;AERO-FERR NORTE, SA.;0;https://www.contratacion.euskadi.eus/webkpe00-kpeperfi/es/contenidos/anuncio_contratacion/expgebizkaia3534008/es_doc/index.html
Adjudicaciones;Reforma exterior para mejorar la accesibilidad al Ayuntamiento de Ajangiz;Ayuntamiento de Ajangiz-Alcaldía;obras;Resuelta;;ARTETXU SL;0;https://www.contratacion.euskadi.eus/webkpe00-kpeperfi/es/contenidos/anuncio_contratacion/expgebizkaia3638319/es_doc/index.html
Adjudicaciones;Asistencia técnica-metodológica del proceso de presupuestos participativos del ayto. de Elorrio;Ayuntamiento de Elorrio-Junta de Gobierno Local;servicios;Resuelta;;OSOIGO SL;0;https://www.contratacion.euskadi.eus/webkpe00-kpeperfi/es/contenidos/anuncio_contratacion/expgebizkaia3450554/es_doc/index.html
Adjudicaciones;"Acuerdo marco para el suministro de repuestos exclusivos del fabricante Siemens Rail Automation, S.A.U. para el mantenimiento de las instalaciones y material móvil de Metro de Madrid&nbsp;";Metro de Madrid, S.A.;suministros;Resuelta;;SIEMENS RAIL AUTOMATION, S.A.U.;0;https://contratos-publicos.comunidad.madrid/contrato-publico/acuerdo-marco-suministro-repuestos-exclusivos-fabricante-siemens-rail-automation
Adjudicaciones;Acuerdo marco para suministro de repuestos de comunicaciones para el mantenimiento de las instalaciones y del material móvil de Metro de Madrid;Metro de Madrid, S.A.;suministros;Resuelta;;NYE´HER COMUNICACIONES, S.L., TEDITRONIC, S.L., COX T&I, S.L.U., NTT SPAIN INTELLIGENT TECHNOLOGIES AND SERVICES, S.L.U.;;https://contratos-publicos.comunidad.madrid/contrato-publico/acuerdo-marco-suministro-repuestos-comunicaciones-mantenimiento-instalaciones
Adjudicaciones;La prestació consisteix en l’adquisició, instal·lació, posada en funcionament i posterior manteniment i suport dels serveis necessaris per garantir el correcte funcionament d’un caixer d’autopagament model PAUSE Lite de l’empresa SEPALO a instal·lar en les oficines d’atenció al client d’Aigües de Reus. El contracte inclou: - El subministrament i instal·lació del caixer d’autopagament i dels elements i accessoris necessaris. - La instal·lació, configuració i integració amb els sistemes corporatius. - La formació bàsica al personal designat per l’òrgan de contractació. - El servei de suport i manteniment preventiu i correctiu, durant el període de vigència del contracte. - Retirada del caixer d’autopagament actual.;Reus Serveis Municipals, S.A.;suministros;Resuelta;;—;;https://contractaciopublica.cat/ca/detall-publicacio/77981243-7598-4248-9951-99af412e4241/300898461
Adjudicaciones;Acuerdo Marco para el suministro de repuestos exclusivos del fabricante Merak (Knorr-Bremse) empleados en el mantenimiento del material móvil de Metro de Madrid;Metro de Madrid, S.A.;suministros;Resuelta;;KNORR-BREMSE ESPAÑA, S.A.;;https://contratos-publicos.comunidad.madrid/contrato-publico/acuerdo-marco-suministro-repuestos-exclusivos-fabricante-merak-knorr-bremse
Adjudicaciones;Acuerdo Marco para el suministro de materiales de imprenta, papel y plásticos, utilizados en Metro de Madrid;Metro de Madrid, S.A.;suministros;Resuelta;;GRAFICAS SOLANO, S.L., NADIZA, S.L., TOMPLA INDUSTRIA INTERNACIONAL DEL SOBRE, S.L.;;https://contratos-publicos.comunidad.madrid/contrato-publico/acuerdo-marco-suministro-materiales-imprenta-papel-plasticos-utilizados-metro-1
Adjudicaciones;Acuerdo Marco para el suministro de elementos auxiliares de elevación;Metro de Madrid, S.A.;suministros;Resuelta;;EM RAIL COMPONENTS S.L., SUMINISTROS BEZABALA, S.A., LUMAR MARTIN S.L., PESCAIRA S.L.U., PESCAIRA S.L.U;;https://contratos-publicos.comunidad.madrid/contrato-publico/acuerdo-marco-suministro-elementos-auxiliares-elevacion
Adjudicaciones;Suministro de instrumentos musicales para el 23008919 CSM A. Vandelvira;Agencia Pública Andaluza de Educación;suministros;Adjudicada;;—;;https://www.juntadeandalucia.es/haciendayadministracionpublica/apl/pdc_sirec/perfiles-licitaciones/detalle-licitacion.jsf?idExpediente=949439
Adjudicaciones;Acuerdo marco para servicios de reparaciones de mantenimiento correctivo de segundo nivel de equipos y componentes de las unidades del Metro Ligero.;Metro de Madrid, S.A.;servicios;Resuelta;;ALSTOM RANSPORTE, S.A., TELCE, S.A., ALSTOM RANSPORTE, S.A, VOITH TURBO, S.A.;;https://contratos-publicos.comunidad.madrid/contrato-publico/acuerdo-marco-servicios-reparaciones-mantenimiento-correctivo-segundo-nivel-0
Adjudicaciones;Acuerdo marco para el suministro de accesorios de telefonía móvil;Metro de Madrid, S.A.;suministros;Resuelta;;EUPROLINK, S.L.;;https://contratos-publicos.comunidad.madrid/contrato-publico/acuerdo-marco-suministro-accesorios-telefonia-movil
Adjudicaciones;Acuerdo marco para la producción y suministro de material gráfico;Metro de Madrid, S.A.;suministros;Resuelta;;NADIZA, S.L., PRODUCCIONES MIC, S.L., ESTUDIOS GRÁFICOS EUROPEOS, S.A., GRAFO, S.A., GRÁFICAS ARIES, S.A., PANORAMA SERVICIOS INTEGRALES, S.L., FRANCH INSTALADORES Y APLICACIONES, S.L., FRANCO IMAGEN CORPORATIVA, S.L., SOPORTES Y PRODUCCIONES INTEGRALES, S.L., DEJAVU GRAPHIC, S.L.;;https://contratos-publicos.comunidad.madrid/contrato-publico/acuerdo-marco-produccion-suministro-material-grafico
Adjudicaciones;"Acuerdo Marco para el suministro de material de repuesto (recambios de automoción y aparellaje eléctrico) para vehículos auxiliares y dresinas&nbsp;";Metro de Madrid, S.A.;suministros;Resuelta;;EUROPART HISPANO ALEMANA, S.A., REPUESTOS MENENDEZ, S.L., LUMAR MARTIN, S.L., TEDITRONIC, S.L.;;https://contratos-publicos.comunidad.madrid/contrato-publico/acuerdo-marco-suministro-material-repuesto-recambios-automocion-aparellaje
Adjudicaciones;Acuerdo Marco para servicios de mantenimiento correctivo de los equipos del sistema de protección contra incendios (SDPI) instalados en los coches 2000-B de material móvil.;Metro de Madrid, S.A.;servicios;Resuelta;;EMPRESA ESPAÑOLA DE ELECTRONICA S.A.;;https://contratos-publicos.comunidad.madrid/contrato-publico/acuerdo-marco-servicios-mantenimiento-correctivo-equipos-sistema-proteccion
Adjudicaciones;Acuerdo Marco para el suministro de herramientas de mano, herramientas eléctricas, material de ferretería y tornillería para Metro de Madrid.;Metro de Madrid, S.A.;suministros;Resuelta;;REPUESTOS MENENDEZ, S.L, FERRETERIA IBERMADRID, S.A, METALCO, S.A, REDONDO GARCÍA, S.A, FERRETERIA UNCETA , S.A., PLATA HERMANOS 94, S.L, IMPORTACIONES INDUSTRIALES, S.A, PLATA HERMANOS 94, S., FERRETERIA UNCETA, S.A., SUMINISTROS INDUSTRIALES INCOMER, S.L, FERRETERIA UNCETA , S.A;;https://contratos-publicos.comunidad.madrid/contrato-publico/acuerdo-marco-suministro-herramientas-mano-herramientas-electricas-material
Adjudicaciones;Acuerdo marco para el suministro de repuestos relacionados con la distribución de fluidos para el mantenimiento de las instalaciones y los trenes del material móvil de Metro Madrid;Metro de Madrid, S.A.;suministros;Resuelta;;CONTROL SERVICIO Y TRATAMIENTO DE FLUIDOS, S.L, HIDRÁULICA CARRERA, S.L., CONTROL SERVICIO Y TRATAMIENTO DE FLUIDOS, S.L.;;https://contratos-publicos.comunidad.madrid/contrato-publico/acuerdo-marco-suministro-repuestos-relacionados-distribucion-fluidos-mantenimiento
Adjudicaciones;Acuerdo marco para el suministro de repuestos electrónicos para el mantenimiento de las instalaciones y el material móvil de Metro de Madrid;Metro de Madrid, S.A.;suministros;Resuelta;;DIOTRONIC, S.A., TEDITRONIC, S.L., INDUREMON, S.L., DISCOEL, S.L., INDUREMON, S.L, ARAIZ SUMINISTROS ELECTRICOS, S.A.U., ARAIZ SUMINISTROS ELECTRICOS, S.A.U;;https://contratos-publicos.comunidad.madrid/contrato-publico/acuerdo-marco-suministro-repuestos-electronicos-mantenimiento-instalaciones
Adjudicaciones;Acuerdo marco para el suministro de rodamientos para el mantenimiento de las instalaciones y el material móvil de Metro Madrid;Metro de Madrid, S.A.;suministros;Resuelta;;RODAMIENTOS FEYC, S.A., ROEIRASA, S.A., DEXIBERICA SOLUCIONES INDUSTRIALES, S.A.U., APUS GLOBAL,S.L., EUROPART HISPANO ALEMANA, S.A.;;https://contratos-publicos.comunidad.madrid/contrato-publico/acuerdo-marco-suministro-rodamientos-mantenimiento-instalaciones-material-movil
Adjudicaciones;Acuerdo marco para el suministro de repuestos exclusivos del fabricante Automatic Systems Española, S.A., para el mantenimiento de los equipos de peaje instalados en las distintas estaciones de la red de Metro de Madrid;Metro de Madrid, S.A.;suministros;Resuelta;;AUTOMATIC SYSTEMS ESPAÑOLA S.A.U;;https://contratos-publicos.comunidad.madrid/contrato-publico/acuerdo-marco-suministro-repuestos-exclusivos-fabricante-automatic-systems
Adjudicaciones;Acuerdo marco para el suministro de repuestos de material eléctrico;Metro de Madrid, S.A.;suministros;Resuelta;;ANDALUZA DE SUMINISTROS ELECTRICOS E INDUSTRIALES, S.A., LUMAR MARTIN, S.L., LUJISA, S.A., TEDITRONIC, S.L., GESEL SUMINISTROS ELÉCTRICOS, S.A.;;https://contratos-publicos.comunidad.madrid/contrato-publico/acuerdo-marco-suministro-repuestos-material-electrico
Adjudicaciones;Suministro del derecho de uso del software Complete Anatomy para la Universidad de La Rioja.;Universidad de La Rioja;suministros;Resuelta;;—;;https://www.larioja.org/contratacion-publica/es/licitaciones/consulta-expedientes?homepage=?p_colateral%3D92-3-3.01-0033%2F2026%26p_dia_ini%3D09%26p_mes_ini%3D09%26p_ano_ini%3D2026%26p_dia_fin%3D09%26p_mes_fin%3D09%26p_ano_fin%3D2026%26p_todas%3DN
Adjudicaciones;Acuerdo Marco para la suscripción de licencias de Autodesk para Metro de Madrid;Metro de Madrid, S.A.;suministros;Resuelta;;SEYS CAD SYSTEMS, S.L.;;https://contratos-publicos.comunidad.madrid/contrato-publico/acuerdo-marco-suscripcion-licencias-autodesk-metro-madrid
Adjudicaciones;Acuerdo marco para la contratación del suministro de equipos de medida.;Metro de Madrid, S.A.;suministros;Resuelta;;AFC INGENIEROS, S.A.;;https://contratos-publicos.comunidad.madrid/contrato-publico/acuerdo-marco-contratacion-suministro-equipos-medida
Adjudicaciones;Acuerdo Marco para servicios de formación de Metro de Madrid;Metro de Madrid, S.A.;servicios;Resuelta;;INCOPE CONSULTORES, S.L., CUALTIS, S.L.U., EDUCALIMPIA, S.L., EUROCONTROL, S.A., BUREAU VERITAS INSPECCIÓN Y TESTING, S.L.U., ATEXIS SPAIN, S.L.U., ESM, S.L., AVANZO LEARNING PROGRESS, S.A., UNIDAD EDITORIAL FORMACIÓN, S.L.U., EFIPSA FORMACIÓN Y CONSULTORÍA, S.L., IMANTIA DESARROLLO DIRECTIVO, S.L.;;https://contratos-publicos.comunidad.madrid/contrato-publico/acuerdo-marco-servicios-formacion-metro-madrid
Adjudicaciones;Acuerdo marco para el suministro e instalación de baterías para cuartos técnicos de Metro de Madrid.;Metro de Madrid, S.A.;suministros;Resuelta;;ALVE RAIL SERVICES, S.L., LEOCH IBERIA, S.L., RIELLO ENERDATA, S.L.U., SINERGIA SOLUCIONES, S.L.;;https://contratos-publicos.comunidad.madrid/contrato-publico/acuerdo-marco-suministro-e-instalacion-baterias-cuartos-tecnicos-metro-madrid
Adjudicaciones;Acuerdo Marco para la ejecución de obras de estudios geotécnicos y ensayos in situ;Metro de Madrid, S.A.;obras;Resuelta;;CENTRO DE ESTUDIOS DE MATERIALES Y CONTROL DE OBRA, S.A., GEOPROVI, GEOTECNIA Y SONDEOS, S.L., EPTISA SERVICIOS DE INGENIERÍA, S.L., UTE INSTITUTO TÉCNICO DE MATERIALES Y CONSTRUCCIONES, S.A. - MACIAS MELGAREJO, S.L., ELABORA AGENCIA PARA LA CALIDAD EN LA CONSTRUCCIÓN, S.L., GEOTECNIA Y MEDIOAMBIENTE 2000, S.L., UTE G.O.C., S.A. - CONTROL DE ESTRUCTURAS Y SUELOS, S.A.;;https://contratos-publicos.comunidad.madrid/contrato-publico/acuerdo-marco-ejecucion-obras-estudios-geotecnicos-ensayos-in-situ-0
Adjudicaciones;Servicio de auditoría;FUNDACIÓN GIZAIN;servicios;Resuelta;;—;;https://hacienda.navarra.es/sicpportal/ctaDatosAdjudicacion.aspx?cod=8350&Ticket=261002094618D34C1059
Adjudicaciones;contrat.mixta. suministro mediante adquisición equipamiento técnico laborat;Agencia de Gestión Agraria y Pesquera de Andalucía;suministros;Adjudicada;;—;;https://www.juntadeandalucia.es/haciendayadministracionpublica/apl/pdc_sirec/perfiles-licitaciones/detalle-licitacion.jsf?idExpediente=978483
Adjudicaciones;Acuerdo marco de suministro de textil, menaje de comedor y menaje de cocina para centros docentes no universitarios de la Comunidad de Madrid;Consejería de Educación, Ciencia y Universidades;suministros;Resuelta;;RAFI TEXTIL E HIJOS, S.L., PRODEL, S.A.;;https://contratos-publicos.comunidad.madrid/contrato-publico/acuerdo-marco-suministro-textil-menaje-comedor-menaje-cocina-centros-docentes-no
Adjudicaciones;"""Acuerdo Marco para el&nbsp;suministro de equipamiento de autoclaves, selladoras, basculas y tallimetro con destino a&nbsp;los Centros dependientes de la Gerencia Asistencial de Atención Primaria del Servicio&nbsp;Madrileño de Salud”";Gerencia Asistencial de Atención Primaria;suministros;Adjudicada;;VIALTA, S.L., PEREZ FERNANDEZ MATERIAL MEDICO, S.L., PERGUT MEDICAL, S.L., HELIANTHUS MEDICAL, S.L., ASMEDIC, S.L., HASN E RUTH, S.A, GALMEDICA, S.L., PSYMTEC MATERIAL TECNICO, S.L.;;https://contratos-publicos.comunidad.madrid/contrato-publico/acuerdo-marco-suministro-equipamiento-autoclaves-selladora-bolsas-basculas
Adjudicaciones;Describir el contenido del servicio de atención a personas mayores dependientes en residencia y establecer las obligaciones y condiciones técnicas y actividades específicas que deben ser asumidas y desarrolladas por las empresas o entidades que puedan ser adjudicatarias de la prestación del servicio en residencia para la atención a personas mayores dependientes, en la modalidad de financiación total y financiación parcial.;Consejería de Familia, Juventud y Asuntos Sociales;servicios;Resuelta;;Visiboleo Gestión, S.L.(C0636), La Solana Servicios Asistenciales, S.L.(C1993), Tosande, S. Coop. Mad.(C3293), Tar 2022 Gestión Madrid, S.L.(C0159), UTE Asispa / Asispa S.L.(C2212), Sanitas Mayores, S.L.(C2620), R Nuestra Señora del Rosario, S.L.(C2184), Sucesores de Gancedo Rodríguez, S.A.(C0082), Florje, S.L.(C0719), Centro de Mayores Avenida de Andalucía,S.L.(C0519), Gersmile, S.L.(C1750), Mial, S.L.(C7869), R Geriatrica Bellas Vistas, S.L.(C0716), Fundación Basílica de Colmenar Viejo(C0763), Asociación Edad Dorada Mensajeros de la Paz(C0099), Vitalia Home, S.L.U.(C2453), Servicios Sanitarios y Sociales Galdama, S.L.(C4318), Tar 2022 Gestión Madrid, S.L.(C0160), Ecoplar, S.A.(C3295), Las Celindas R para Mayores, S.L.(C3422), Intercentros Ballesol, S.A.(C2296), Fundación Catalina Laboure(C0760), Intercentros Ballesol, S.A.(C1849), Sogerasa, S.L.(C0468), Rl Nogales XXI, S.A.(C0453), Geriatel, S.A.(C4276), Ecoplar Serranillos, S.A.(C2369), Montesalud, S.A.(C0219), Rl Senior 2000 S.L.U.(C2878), Intercentros Ballesol, S.A(C0288), Casablanca Griñón(C5071), Geriatría y Sanidad, S.A.(C0765), Mayorus, S.L.(C3484), Sanyres sur,S.L.(C3286), Centro Geriátrico Madre Maravillas, S.A.(C0018), Rl Senior 2000 S.L.U.(C2866), Real Asociación de Hidalgos de España(C1146), Sanitas Mayores, S.L.(C2762), R 3ª Edad Las Matas, S.A.(C1285), WSenior Asistencia Integral 1, SL(C2394), Hospitales y Centros Casaverde Madrid, S.L(C1899), Centro Asistencial Médico Geriátrico,S.A.(C3145), Sanitas Mayores, S.L.(C3242), Centro para Mayores Santa Isabel,S.L.(C1978), Asociación Edad Dorada Mensajeros de la Paz(C3340), Sanyres sur,S.L.(C2263), Centro Geriátrico Campodon, S.A.(C2069), R para mayores Altagracia, S.L.(C4333), Arias Montano S.N., S.L.(C1792), Asociación Edad Dorada Mensajeros de la Paz(C2362), Rosalba Gestión, S.A.(C1824), Vitalia Home, S.L.U.(C3318), Sanitas Mayores, S.L.(C0248), Intercentros Ballesol, S.A.(C2869), R Tercera Edat L'Onada, SL(C7841), Alba II R Geriátrica, S.L.(C2469), Inarejos 2010,S.L.U.(C0722), Quavitae Servicios Asistenciales, S.A.U.(C2617), Fundación Summa Humanitate(C2280), Intercentros Ballesol, S.A.(C2185), Asermut S. Coop(C1730), Servicios Sanitarios y Sociales Galdama, S.L.(C3077), Riosalud, S.A.(C0471), Monte Hermoso, S.A.(C2811), Sereni Orizzonti 1 S.P.A.Sucursal España(C2151), Geriátricos del Principado, S.A.(C3323), Gesresan Siglo XXI, S.A.(C0667), RR. Camilos - R Asistida San Camilo(C0007), R Nava Real, S.L.(C0724), Centro de Mayores Rivas, S.L.(C3365), Intercentros Ballesol, S.A(C2037), Rl Senior 2000 S.L.U.(C2753), Geriátricos del Principado, S.A.(C2470), Clínica Geriátrica Los Ángeles, S.L.(C2367), Quavitae Servicios Asistenciales, S.A.U.(C0124), Fundación Santa Lucia(C2279), Asociación Edad Dorada Mensajeros de la Paz Madrid(C0707), Geriatel, S.A.(C1078), R de Mayores San Marcos, S.L.(C3468), Gecovaz, S.L.(C1572), Clinica Madrid, S.A.(C2737), Vitalia Suite, S.L.U. (C7806), Intercentros Ballesol, S.A(C0261), Vitalia Suite, S.L.U. (C2452), Rl Nogales XXI, S.A.(C5125), Sanyres sur,S.L.(C2622), María del Carmen Martín Jiménez(C0779), Fundación R de Ancianos San Miguel Arcángel(C2268), R 3ª edad La Merced de los Peñascales, S.L.(C0637), Rl Nogales XXI, S.A.(C1606), Primar Centro Geriátrico, S.L.(C2646), Casablanca Valdemoro, S.L.(C2436), Geriatría y Sanidad, S.A.(C7836), Rosalba Gestión, S.A.(C3368), Fund R A Mª Leonor y Legado de los Pobres Hdez Muriel(C0695), Asociación Colegio de Huérfanos Ferroviarios(C3149), Albertia Servicios Sociosanitarios, S.A.(C2619), Monte Hermoso, S.A.(C3085), Rl Senior 2000 S.L.U.(C1737), Sanyres sur,S.L.(C2422), Rl Senior 2000 S.L.U.(C2561), Rl Senior 2000 S.L.U.(C3322), Fundación Catalina Laboure(C0203), Edificios Gerontológicos, S.A.(C2493), Mial, S.L.(C3740), Serviger XXI Alcalá, S.L.(C3757), Sanitas Mayores, S.L.(C3031), Servicios Integrales de Atención Geriátrica, S.L.(C0287), R Guadarrama Escorial, S.L.(C2557), Planiger, S.A.(C1999);;https://contratos-publicos.comunidad.madrid/contrato-publico/acuerdo-marco-fija-condiciones-habran-ajustarse-contratos-servicios-atencion
Adjudicaciones;Edifici situat al carrer de l’Església, núm. 8, pis 1r. – 2a, conegut com edifici de l’Ajuntament. Actualment consta de tres habitacions, una cuina, un menjador i un bany, s’hi accedeix per la façana principal a nivell de planta baixa de l’edifici de l’Ajuntament i disposa d’ascensor. L’habitatge consta dels següents electrodomèstics: - Cuina vitroceràmica - Rentadora - Nevera - Forn - Rentaplats L’habitatge no disposa de mobiliari.;Ajuntament de Fígols i Alinyà;administrativo especial;Resuelta;;—;;https://contractaciopublica.cat/ca/detall-publicacio/898bda2f-fc20-4d48-a40e-e9aed5904cb4/300898206
Adjudicaciones;Contracte de serveis per a l'assistència tècnica per a la redacció del projecte bàsic, el projecte executiu, i la posterior Execució de les obres de construcció d’un nou vestuari en la zona del Tir. Clau:VGB-25258.;Infraestructures de la Generalitat de Catalunya, SAU;obras;Resuelta;;—;;https://contractaciopublica.cat/ca/detall-publicacio/05535390-1717-4b0a-937e-c9d3299abe25/300896439
Adjudicaciones;concesión del servicio de bar-cafetería en los cpa de córdoba;Delegación Territorial de Inclusión Social, Juventud, Familias e Igualdad en Córdoba;concesión de servicios;Adjudicada;;LAURA RIQUELME PUCHECHA, PAULA ANDREA MONCADA AZCARATE, FELIPE CARRILLO ORTIZ, ROSANGEL LUCAS GARCIA, ROSA VALDIVIA MUÑOZ, JOSE MANUEL ESTEPA ALCALA, ROSA MARIA ESTEPA ALCALA, RAFAEL RUZ GRANADOS, MANUEL ESTEPA NUÑEZ, ANTONIO DAVID EXPOSITO ORTEGA, ANA BELEN ESTEPA ALCALA;;https://www.juntadeandalucia.es/haciendayadministracionpublica/apl/pdc_sirec/perfiles-licitaciones/detalle-licitacion.jsf?idExpediente=946203
Adjudicaciones;L’objecte del contracte és la prestació del Servei d’esporga de l’arbrat de Molins de Rei, que consta dels següents treballs: • Esporga de l’arbrat. Inclou tant la ma d’obra necessària per a la seva realització com els mitjans tècnics i mecànics adients. • Inspecció visual de l’arbrat. • Realització i manteniment t de l’inventari de l’arbrat públic.;MOLIVERS SOCIETAT MUNICIPAL, SL;servicios;Resuelta;;—;;https://contractaciopublica.cat/ca/detall-publicacio/d7373570-2915-430e-990a-53bb1d562fa4/300899139
Adjudicaciones;Serveis professionals de fotoperiodisme per a la cobertura informativa i corporativa de l'EPEL Cugat.cat;EPEL Cugat.cat;servicios;Resuelta;;—;;https://contractaciopublica.cat/ca/detall-publicacio/793b2c7b-5990-4463-821e-210f8e4f7485/300899122
Adjudicaciones;Servei de bar-cantina de l’Institut de Camarles, destinat a l’alumnat, professorat i personal d’administració i serveis del centre;Centres educatius - Serveis Territorials a les Terres de l'Ebre;servicios;Resuelta;;—;;https://contractaciopublica.cat/ca/detall-publicacio/a8144248-d284-4125-8ebb-9305e87ebb01/300898969
Adjudicaciones;La contractació de serveis consistent en la recollida i gestió de l’oli vegetal domèstic de Collbató.;Ajuntament de Collbató;servicios;Resuelta;;—;;https://contractaciopublica.cat/ca/detall-publicacio/97631a44-8c1b-49ac-bc32-44b708853be0/300898933
Adjudicaciones;0388/ise/2026/se, ampl y ref nave ccff ies antonio de ulloa, la rinconada;Agencia Pública Andaluza de Educación;obras;Resuelta;;—;;https://www.juntadeandalucia.es/haciendayadministracionpublica/apl/pdc_sirec/perfiles-licitaciones/detalle-licitacion.jsf?idExpediente=1006445
Adjudicaciones;0356/ise/2026/se, fotovoltaica y bioclimatización en el hienipa;Agencia Pública Andaluza de Educación;obras;Resuelta;;—;;https://www.juntadeandalucia.es/haciendayadministracionpublica/apl/pdc_sirec/perfiles-licitaciones/detalle-licitacion.jsf?idExpediente=1006274
Adjudicaciones;Realización del inventario de levantamientos topográficos y mantenimiento de la base geográfica 1:5.000 del Territorio Histórico de Gipuzkoa;Diputación Foral de Gipuzkoa-Diputado/a Foral de Movilidad y Ordenación del Territorio;servicios;Resuelta;;—;;https://www.contratacion.euskadi.eus/webkpe00-kpeperfi/es/contenidos/anuncio_contratacion/expjaso37055/es_doc/index.html
Adjudicaciones;Mantenimiento integral de los equipos de pesaje de la Dirección General de Movilidad y Transporte Público de la Diputación Foral de Gipuzkoa.;Diputación Foral de Gipuzkoa-Diputado/a Foral de Movilidad y Ordenación del Territorio;servicios;Resuelta;;—;;https://www.contratacion.euskadi.eus/webkpe00-kpeperfi/es/contenidos/anuncio_contratacion/expjaso35272/es_doc/index.html
Adjudicaciones;Acuerdo Marco de Prestación de los Servicios de asistencia técnica para el Control de Calidad de los Proyectos, de Actuaciones de índole municipal, incluidas en algunos de los programas de inversión regional: “PROGRAMA DE INVERSIÓN REGIONAL 2016-2019” y “PROGRAMA REGIONAL DE INVERSIÓN 2008-2011”;Planifica Madrid, Proyectos y Obras, S.A.;servicios;Resuelta;;CENTRO ESTUDIOS MATERIALES Y CONTROL DE OBRA, S.A. (CEMOSA), AUSCULTACIÓN CONTROL ENSAYOS, S.L.;;https://contratos-publicos.comunidad.madrid/contrato-publico/planifica-madrid-proyectos-obras-mp-sa-pir-0012-2025-s-acuerdo-marco-prestacion
Adjudicaciones;"Suministro de repuestos mecánicos fungibles fabricados por talleres de&nbsp;máquinas-herramientas y similares que Metro de Madrid tiene referenciados internamente para el&nbsp;mantenimiento de equipos de instalaciones fijas y el material móvil de Metro de Madrid,";Metro de Madrid, S.A.;suministros;Resuelta;;MECATECNICA MATEO, S.L, TALLERES COEMPRE, S.L, TEKNIK DESARROLLOS MECÁNICOS, S.L., TEKNIK DESARROLLOS MECÁNICOS, S.L, TALLERES COEMPRE, S.L., MECATECNICA MATEO, S.L.;;https://contratos-publicos.comunidad.madrid/contrato-publico/acuerdo-marco-suministro-repuestos-mecanicos-mantenimiento-equipos-instalaciones
Adjudicaciones;Acuerdo marco para el suministro de recambios de automoción necesarios para el mantenimiento del material móvil de Metro de Madrid;Metro de Madrid, S.A.;suministros;Resuelta;;PLATA HERMANOS 94, S.L., AUTO COMERCIAL MONEDERO, S.A.U.;;https://contratos-publicos.comunidad.madrid/contrato-publico/acuerdo-marco-suministro-recambios-automocion-necesarios-mantenimiento-material
Adjudicaciones;Acuerdo marco para el suministro de materiales de limpieza empleados en el mantenimiento de las instalaciones y del material móvil de Metro de Madrid;Metro de Madrid, S.A.;suministros;Resuelta;;SUMINISTROS INDUSTRIALES DE LIMPIEZA VYMA, S.L.U., DROGUERIA INDUSTRIAL MANUEL DURAN, S.L.;;https://contratos-publicos.comunidad.madrid/contrato-publico/acuerdo-marco-suministro-materiales-limpieza-empleados-mantenimiento-instalaciones
Adjudicaciones;Acuerdo Marco para el suministro de repuestos exclusivos Faiveley Transport Ibérica, S.A. para el mantenimiento del material móvil de Metro de Madrid;Metro de Madrid, S.A.;suministros;Resuelta;;FAIVELEY TRANSPORT IBERICA, S.A.U.;;https://contratos-publicos.comunidad.madrid/contrato-publico/acuerdo-marco-suministro-repuestos-exclusivos-faiveley-transport-iberica-sa
Adjudicaciones;Acuerdo Marco para servicios de mantenimiento correctivo de los equipos de A.A. instalados en los coches 3000 1ª, 5000 4ª, 6000, 7000, y 8000 1ª y tranvías ML1 de material móvil;Metro de Madrid, S.A.;servicios;Resuelta;;ALVE RAIL SERVICES, S.L., INDUREMON, S.L.;;https://contratos-publicos.comunidad.madrid/contrato-publico/acuerdo-marco-servicios-mantenimiento-correctivo-equipos-aa-instalados-coches-3000
Adjudicaciones;Acuerdo marco para servicios de asistencia técnica en obras asociados a las actividades del servicio de infraestructuras y estaciones de Metro de Madrid.;Metro de Madrid, S.A.;servicios;Resuelta;;PEYCO-PROYECTOS, ESTUDIOS Y CONSTRUCCIONES, S.A., LRA INFRASTRUCTURES CONSULTING, S.L., INSERAIL, S.L., TÜV SÜD IBERIA, S.A.U., TECNICA Y PROYECTOS S.A., OFICINA TECNICA DE ESTUDIOS Y CONTROL DE OBRAS, S.A. (OFITECO), UTE GESTIÓN INTEGRAL DEL SUELO, S.L. - SGS Tecnos, S.A.U., GEOCONSULT ESPAÑA INGENIEROS CONSULTORES, S.A.U., CURVA INGENIEROS S.L., SOCOTEC ENGINEERING SOLUTIONS SPAIN, S.L.U.;;https://contratos-publicos.comunidad.madrid/contrato-publico/acuerdo-marco-servicios-asistencia-tecnica-obras-asociados-actividades-servicio
Adjudicaciones;"Acuerdo marco para el suministro de repuestos exclusivos del fabricante Alstom Transporte, S.A. para el mantenimiento del material móvil de Metro de Madrid y de los coches CITADIS de Metros Ligeros de Madrid&nbsp;";Metro de Madrid, S.A.;suministros;Resuelta;;ALSTOM TRANSPORTE, S.A.U.;;https://contratos-publicos.comunidad.madrid/contrato-publico/acuerdo-marco-suministro-repuestos-exclusivos-fabricante-alstom-transporte-sa
Otros anuncios;L’objecte del contracte són les obres incloses en el projecte Executar les obres previstes al projecte de “Rotonda a la intersecció de la carretera TV-7048 i l'accés a la urbanització Castellmoster. Castellvell del Camp”.;Diputació de Tarragona;obras;Pendiente de adjudicación;;—;;https://contractaciopublica.cat/ca/detall-publicacio/595f98f9-0a06-4812-8ff4-9216f2710aff/300898677
Otros anuncios;Mejora del camina de Enjambres a Doña Elvira y Moimenta , Ayuntamiento de Vilardevós ( Plan Camina 2026/2027);Concello de Vilardevós;obras;Pendiente de adjudicación;;—;;https://www.contratosdegalicia.gal/licitacion?N=829068
Otros anuncios;Execució de les obres del projecte constructiu “Millora de seguretat viària del vial amb denominació camí BG-103, entre la carretera B-5531 i el nucli antic de Rajadell, pk. 0+000 a 1+105, TM. de Rajadell”;Diputació de Barcelona;obras;Pendiente de adjudicación;;—;;https://contractaciopublica.cat/ca/detall-publicacio/7f7cefa5-26f2-4c26-81d4-63c3128bb1e2/300898809
Otros anuncios;Servicio de limpieza de los edificios y dependencias municipal del Ayuntamiento de Vila-seca.;Ajuntament de Vila-seca;servicios;Pendiente de adjudicación;;—;;https://contractaciopublica.cat/ca/detall-publicacio/fdea49f6-cea4-4b85-b536-dbfe81aec691/300898803
Otros anuncios;Servei de control de consum de drogues per a persones internes amb problemes de drogodependències dels centres penitenciaris ordinaris i oberts de Catalunya.;Departament de Justícia i Qualitat Democràtica;servicios;Pendiente de adjudicación;;—;;https://contractaciopublica.cat/ca/detall-publicacio/bcf900c1-aa75-408e-b8dd-835cc40aa302/300898785
Otros anuncios;La present contractació té per objecte el subministrament de gas natural canalitzat a les dependències de l’Institut Català d’Investigació Química (ICIQ).;Fundació Institut Català d'Investigació Química (ICIQ);suministros;Pendiente de adjudicación;;—;;https://contractaciopublica.cat/ca/detall-publicacio/f07645ad-1618-4308-8523-8a0e94b79c98/300898737
Otros anuncios;Realització dels serveis d’auditoria financera dels comptes anuals i, quan correspongui, de verificació de l’estat d’informació no financera (EINF), d’acord amb la normativa vigent d’aplicació, relatius als exercicis 2026 a 2028 de les entitats participades majoritàriament per l’Administració de la Generalitat de Catalunya següents: - Aeroports de Catalunya, SLU - Centrals i Infraestructures per a la Mobilitat i les Activitats Logístiques, SA (CIMALSA) - Terminal Intermodal de l’Empordà, SL - Forestal Catalana, SA - Intracatalònia, SA - Circuits de Catalunya, SL - Energies Renovables Públiques de Catalunya, SAU El servei de verificació de l’estat d’informació no financera només està previst per a la societat Forestal Catalana, SA. En tots els exercicis l’entitat adjudicatària del contracte efectuarà les tasques d’auditoria sense supervisió de la Intervenció General, sense perjudici que posteriorment, seguint criteris de risc s’inclogui a alguna d’aquestes entitats dins del seu pla anual d’actuacions en algun dels exercicis objecte d’aquest contracte. La Direcció General del Patrimoni de la Generalitat de Catalunya (DGPGC) farà la direcció del contracte, atesa la responsabilitat del titular d’aquesta Direcció que exerceix la representació de l'Administració de la Generalitat com a soci únic en les societats, en el capital social de les quals, la Generalitat participa directament i totalment, i la representació en les juntes generals de la resta de societats en les quals la Generalitat participa directament (art. 38 de l’Estatut de l’Empresa Pública Catalana). La DGPGC i la Intervenció General de la Generalitat de Catalunya podran tenir accés als papers de treball continguts en els expedients de les auditories/verificacions objecte d’aquest contracte, bé en el transcurs de la seva execució, bé un cop finalitzada aquesta.;Departament d'Economia i Finances;servicios;Pendiente de adjudicación;;—;;https://contractaciopublica.cat/ca/detall-publicacio/3895c859-08f6-4681-8e2b-97a26e690922/300898719
Otros anuncios;Execució del projecte de millora dels vials de diferents zones de Maçanet de Cabrenys;Ajuntament de Maçanet de Cabrenys;obras;Pendiente de adjudicación;;—;;https://contractaciopublica.cat/ca/detall-publicacio/c5d3699a-5f34-4cde-ac21-b6cc87133897/300898717
Otros anuncios;El objeto del contrato es la prestación del servicio de comidas a domicilio. Este servicio constituye un complemento de los servicios de atención domiciliaria del Ayuntamiento de Terrassa y consiste en la preparación previa y entrega en el domicilio de la persona usuaria de comidas equilibradas y saludables destinadas a personas con dificultades permanentes o temporales para preparar sus alimentos, ya sea por problemas de movilidad o de autonomía. Las comidas deberán adaptarse a sus necesidades y prestarse en condiciones adecuadas de calidad e higiene.;Ajuntament de Terrassa;servicios;Pendiente de adjudicación;;—;;https://contractaciopublica.cat/ca/detall-publicacio/47fd30b3-ee2c-42d1-a741-e06cfdd01ece/300898704
Otros anuncios;Subministrament, la instal·lació, la configuració i la posada en marxa de l'electrònica de xarxa necessària per a la renovació integral de la infraestructura de xarxa de l'organització.;Consorci Sanitari Integral;suministros;Pendiente de adjudicación;;—;;https://contractaciopublica.cat/ca/detall-publicacio/60afbf54-ce98-4aea-93b7-46d67e8e7e95/300898673
Otros anuncios;Serveis forestals Life Uncinata*;Consorci Centre de Ciència i Tecnologia Forestal de Catalunya;servicios;Pendiente de adjudicación;;—;;https://contractaciopublica.cat/ca/detall-publicacio/3533254e-bfe1-4026-8d1f-518db92d3175/300898665
Otros anuncios;Per a la contractació mitjançant procediment obert simplificat abreujat de la obra de polit, envernissat i pintat del paviment de parquet del pavelló d’atrium;Viladecans Qualitat, S.L.;obras;Pendiente de adjudicación;;—;;https://contractaciopublica.cat/ca/detall-publicacio/8a4aac8b-1595-4393-8048-8bcecd2e012b/300898660
Otros anuncios;Concessió de serveis del bar del pavelló municipal d'esports de Cardedeu;Ajuntament de Cardedeu;concesión de servicios;Pendiente de adjudicación;;—;;https://contractaciopublica.cat/ca/detall-publicacio/20120039-f397-4d67-a546-ac343c06c6d3/300898632
Otros anuncios;Contracte de serveis per a l'assistència tècnica de coordinació de seguretat i salut de les obres del projecte constructiu de Millora i restauració de la tartera del Sotllo al Parc Natural de l’Alt Pirineu. Clau: PAP-23245;Infraestructures de la Generalitat de Catalunya, SAU;servicios;Pendiente de adjudicación;;—;;https://contractaciopublica.cat/ca/detall-publicacio/bcf3eab2-1245-4c1f-acf1-35c20ebef591/300898610
Otros anuncios;Contracte de serveis per a la direcció de les obres de projecte constructiu. Millora i restauració de la tartera del Sotllo al Parc Natural de l’Alt Pirineu. Clau: PAP-23245;Infraestructures de la Generalitat de Catalunya, SAU;servicios;Pendiente de adjudicación;;—;;https://contractaciopublica.cat/ca/detall-publicacio/5d4e601e-8638-41bb-a878-a55036f10f35/300898605
Otros anuncios;Execució de les obres de projecte constructiu. Millora i restauració de la tartera del Sotllo al Parc Natural de l’Alt Pirineu. Clau: PAP-23245;Infraestructures de la Generalitat de Catalunya, SAU;obras;Pendiente de adjudicación;;—;;https://contractaciopublica.cat/ca/detall-publicacio/88d23b44-a67a-4eb0-9d9b-c95c3e09f724/300898604
Otros anuncios;L’objecte d’aquest contracte és la prestació del servei d’intermediació, gestió, coordinació i organització integral de sortides d’un dia per a les persones usuàries dels centres assistencials, centres de dia centres de serveis gestionats per SUMAR;Sumar, serveis públics d'acció social de Catalunya, MP, SL;servicios;Pendiente de adjudicación;;—;;https://contractaciopublica.cat/ca/detall-publicacio/1c29c709-08a2-428d-8884-fb3b411db1d3/300898585
Otros anuncios;Servicio de atenció en el entorno domiciliario de Ripollet (SAED);Ajuntament de Ripollet;servicios;Pendiente de adjudicación;;—;;https://contractaciopublica.cat/ca/detall-publicacio/85839953-cb42-4817-8679-f8bc39c0a673/300898553
Otros anuncios;Servei Bàsic d'Ajuda a Domicili (SAD) pels serveis socials bàsics a Llinars del Vallès;Ajuntament de Llinars del Vallès;servicios;Pendiente de adjudicación;;—;;https://contractaciopublica.cat/ca/detall-publicacio/6aa11e31-ee28-4dfd-b615-d4af0673f4c1/300898513
Otros anuncios;Serveis destinats a la gestió, explotació i manteniment dels sistemes informàtics i de comunicacions de la xarxa corporativa;Ajuntament de Cerdanyola del Vallès;servicios;Pendiente de adjudicación;;—;;https://contractaciopublica.cat/ca/detall-publicacio/f1c1533a-9eca-440c-881a-ac0b10ee398e/300898508
Otros anuncios;L’objecte del present contracte és el desenvolupament de l’adaptació artística d’un espectacle de caràcter musical existent, a realitzar en el marc de la programació cultural nadalenca del municipi, i que podrà incorporar, reinterpretar, actualitzar o transformar els elements escènics, musicals i dramatúrgics originals, així com introduir nous continguts creatius, tot respectant els drets d’explotació de l’obra original, titularitat de l’Ajuntament. Aquest espectacle pren com a base l’obra “La Fanalera”, produïda per Alea Teatre, SL, de la qual l’Ajuntament n’ostenta els drets d’explotació en virtut del contracte de serveis de creació i exhibició d’un espectacle de Nadal de gran format, tramitat amb el núm. d’expedient B1392025000005. L’actuació inclourà també la representació de la tradició local d’encesa de fanals per guiar Ses Majestats els Reis d’Orient la nit del 5 de gener. Així mateix, els personatges protagonistes de l’espectacle també participaran en els actes vinculats a l’arribada de Ses Majestats els Reis d’Orient i la cavalcada de Reis. Les característiques d’aquest contracte són les que s’especifiquen al plec de prescripcions tècniques (PPT).;Ajuntament de Sant Andreu de la Barca;999;Pendiente de adjudicación;;—;;https://contractaciopublica.cat/ca/detall-publicacio/50278bca-8f72-4992-a99f-39bc135a0b63/300898494
Otros anuncios;Contratación del suministro de una solución de planificación de personas y del servicio de implantación, integración y mantenimiento para el Banco de Sangre y Tejidos.;Banc de Sang i Teixits (BST);servicios;Pendiente de adjudicación;;—;;https://contractaciopublica.cat/ca/detall-publicacio/944b89b6-0ac7-4306-a513-4c69b6afa4c3/300898487
Otros anuncios;Acord Marc per a l'homologació d'una empresa per a la provisió, de tot el catàleg de productes disponibles de la tecnologia Microsoft existents en el moment de la licitació, en qualsevol modalitat i versió disponible.;Centre de Telecomunicacions i Tecnologies de la Informació de la Generalitat de Catalunya (CTTI);suministros;Pendiente de adjudicación;;—;;https://contractaciopublica.cat/ca/detall-publicacio/fa9887e6-a426-497d-a656-5737eb93434a/300898457
Otros anuncios;Aquest servei és una acció educativa de suport a la tasca escolar, realitzada fora de l’horari lectiu, per a l’alumnat en situació de desavantatge per tal que pugui adquirir hàbits d’estudi i tècniques d’organització i estudi, afavorir una actitud positiva envers l’aprenentatge, col·laborar en l’assoliment de les competències bàsiques i promoure l’ús de la llengua catalana com a instrument de comunicació, l’aprenentatge i la cohesió social. Aquest programa es basa en l’atenció, suport i acompanyament educatiu a l’alumnat amb dificultats acadèmiques i escolars amb l’objectiu que puguin seguir, amb normalitat, un itinerari formatiu i acadèmic que els permeti acreditar l’ensenyament obligatori. Amb subrogació de personal;Ajuntament de Santa Perpètua de Mogoda;servicios;Pendiente de adjudicación;;—;;https://contractaciopublica.cat/ca/detall-publicacio/0cc269a3-5b59-4025-b533-b7893fe10996/300898448
Otros anuncios;Obres de reparació de coberta, reparacions menors de façana i adequació bàsica de local interior de l’antiga estació de tren de Sant Andreu Comtal, al Districte de Sant Andreu, amb mesures de contractació pública sostenible.;Ajuntament de Barcelona;obras;Pendiente de adjudicación;;—;;https://contractaciopublica.cat/ca/detall-publicacio/8df92580-8da0-4799-946f-1f1b7ef9bb32/300898437
Otros anuncios;Servei d'assistència tècnica per a la redacció del projecte executiu per a la reforma de la instal·lació de producció d'ACS de l'Hospital de Sant Joan Despí Moisès Broggi.;Consorci Sanitari Integral;servicios;Pendiente de adjudicación;;—;;https://contractaciopublica.cat/ca/detall-publicacio/fa59f662-016c-44ff-95c2-7930134d63c9/300898164
Otros anuncios;Servei d’auditoria financera sobre els comptes anuals 2026-2027-2028 de Salut Sant Joan de Reus-Baix Camp;Salut Sant Joan de Reus - Baix Camp;servicios;Pendiente de adjudicación;;—;;https://contractaciopublica.cat/ca/detall-publicacio/b0a7e27e-3948-4129-8c3e-4c1f1fcf795a/300898163
Otros anuncios;Gestió i dinamització del catàleg de recursos educatius per difondre la cultura de sostenibilitat als Barris de Barcelona;Ajuntament de Barcelona;servicios;Pendiente de adjudicación;;—;;https://contractaciopublica.cat/ca/detall-publicacio/2db8075c-19ee-403c-9d44-3d6e9ad815e4/300894996
Otros anuncios;Suministro de reactivos y diverso material para las determinaciones analíticas de cribado de drogas de abuso y detección de b-hcg en orina para el Hospital Universitario de la Princesa;Hospital Universitario de La Princesa;suministros;Pendiente de adjudicación;;—;;https://contratos-publicos.comunidad.madrid/contrato-publico/suministro-reactivos-diverso-material-determinaciones-analiticas-cribado-drogas-0
Otros anuncios;seguridad sede sv boja 2026;Consejería de Sanidad, Presidencia y Emergencias. Secretaría General Técnica de Presidencia (En Transición);servicios;Pendiente de adjudicación;;—;;https://www.juntadeandalucia.es/haciendayadministracionpublica/apl/pdc_sirec/perfiles-licitaciones/detalle-licitacion.jsf?idExpediente=977610
Otros anuncios;contratación mediante procedimiento abierto, de los servicios de trabajo de campo del estudio piloto del programa de biomonitorización humana en andalucía;Escuela Andaluza de Salud Pública, S.A.;servicios;Pendiente de adjudicación;;—;;https://www.juntadeandalucia.es/haciendayadministracionpublica/apl/pdc_sirec/perfiles-licitaciones/detalle-licitacion.jsf?idExpediente=981578
Otros anuncios;Mantenimiento instalacionesD.T. Salud y Consumo Jaén y Laboratorio Jaén;Delegación Territorial de Salud y Consumo en Jaén;servicios;Pendiente de adjudicación;;—;;https://www.juntadeandalucia.es/haciendayadministracionpublica/apl/pdc_sirec/perfiles-licitaciones/detalle-licitacion.jsf?idExpediente=1005617
Otros anuncios;Servicio de topografía mina El Soldado en Villanueva del Duque (Córdoba);Agencia de Medio Ambiente y Agua de Andalucía;servicios;Pendiente de adjudicación;;—;;https://www.juntadeandalucia.es/haciendayadministracionpublica/apl/pdc_sirec/perfiles-licitaciones/detalle-licitacion.jsf?idExpediente=1006853
Otros anuncios;docss de la obra de adecuación de la edar de (ja);Consejería de Agricultura, Pesca, Agua y Desarrollo Rural. D.G. de Infraestructuras del Agua (En Transición);servicios;Pendiente de adjudicación;;—;;https://www.juntadeandalucia.es/haciendayadministracionpublica/apl/pdc_sirec/perfiles-licitaciones/detalle-licitacion.jsf?idExpediente=931204
Otros anuncios;proyecto mejora seguridad vial políg.industrial la marcoba guadix (granada);Delegación Territorial de Fomento, Articulación del Territorio y Vivienda en Granada;obras;Pendiente de adjudicación;;—;;https://www.juntadeandalucia.es/haciendayadministracionpublica/apl/pdc_sirec/perfiles-licitaciones/detalle-licitacion.jsf?idExpediente=978441
Otros anuncios;auditoría para la certificación sgcia norma iso 9001:2015.;Agencia de Gestión Agraria y Pesquera de Andalucía;servicios;Pendiente de adjudicación;;—;;https://www.juntadeandalucia.es/haciendayadministracionpublica/apl/pdc_sirec/perfiles-licitaciones/detalle-licitacion.jsf?idExpediente=979464
Otros anuncios;suministro mediante arrendamiento con opcion a compra de un analizador de a;Agencia de Gestión Agraria y Pesquera de Andalucía;suministros;Pendiente de adjudicación;;—;;https://www.juntadeandalucia.es/haciendayadministracionpublica/apl/pdc_sirec/perfiles-licitaciones/detalle-licitacion.jsf?idExpediente=981944
Otros anuncios;concesión demanial para la ocupación, explotación y gestión de zona náutico recreativa en el puerto de estepona;Agencia Pública de Puertos de Andalucía (APPA);patrimonial;Pendiente de adjudicación;;—;;https://www.juntadeandalucia.es/haciendayadministracionpublica/apl/pdc_sirec/perfiles-licitaciones/detalle-licitacion.jsf?idExpediente=934085
Otros anuncios;"suministro productos alimenticios al c.r.m. ""la orden""";Delegación Territorial de Inclusión Social, Juventud, Familias e Igualdad en Huelva;suministros;Pendiente de adjudicación;;—;;https://www.juntadeandalucia.es/haciendayadministracionpublica/apl/pdc_sirec/perfiles-licitaciones/detalle-licitacion.jsf?idExpediente=982551
Otros anuncios;impresoras de tarjetas para la agencia digital de andalucía;Agencia Digital de Andalucía;suministros;Pendiente de adjudicación;;—;;https://www.juntadeandalucia.es/haciendayadministracionpublica/apl/pdc_sirec/perfiles-licitaciones/detalle-licitacion.jsf?idExpediente=1007907
Otros anuncios;servicio de oficina técnica de proyecto para el seguimiento y control de productos digitales;Sociedad Andaluza para el Desarrollo de las Telecomunicaciones, S.A. (SANDETEL);servicios;Pendiente de adjudicación;;—;;https://www.juntadeandalucia.es/haciendayadministracionpublica/apl/pdc_sirec/perfiles-licitaciones/detalle-licitacion.jsf?idExpediente=1006695
Otros anuncios;Servicio de limpieza de atranques de tuberías y arquetas en redes de saneamiento y pluviales, fosas sépticas, depósitos, succionamientos, localización de averías y revisiones e inspecciones en lasinstalaciones de Cetursa Sierra Nevada S.A;Cetursa Sierra Nevada, S.A.;servicios;Pendiente de adjudicación;;—;;https://www.juntadeandalucia.es/haciendayadministracionpublica/apl/pdc_sirec/perfiles-licitaciones/detalle-licitacion.jsf?idExpediente=1008030
Otros anuncios;Prestación de servicios culturales necesarios para la adecuada organización del Programa de Exposiciones Itinerantes de la Red Itiner 2027 de la Comunidad de Madrid, de conformidad con lo establecido en el Pliego de Prescripciones Técnicas;Consejería de Cultura, Turismo y Deporte;servicios;Pendiente de adjudicación;;—;;https://contratos-publicos.comunidad.madrid/contrato-publico/servicios-culturales-necesarios-ejecucion-programa-exposiciones-itinerantes-red-0
Otros anuncios;APRO 410 - Pruebas analíticas por HPLC para laboratorio;Director Gerente del SNS-O;suministros;Anuncio previo;;—;;https://hacienda.navarra.es/sicpportal/mtoFichaAnuncioPrevisto.aspx?cod=2610021325559E2C261F
Otros anuncios;APRO 225 - Sistema neuromodulación raíces sacras para Urología;Director Gerente del SNS-O;suministros;Anuncio previo;;—;;https://hacienda.navarra.es/sicpportal/mtoFichaAnuncioPrevisto.aspx?cod=2610021323080F75AAAE
Otros anuncios;APRO 231 - Reactivos, materiales y cesión de equipos para detección de ITS para Microbiología;Director Gerente del SNS-O;suministros;Anuncio previo;;—;;https://hacienda.navarra.es/sicpportal/mtoFichaAnuncioPrevisto.aspx?cod=261002131953D29D6A9C
Otros anuncios;APRO 236 - Aplicadores de clips quirúrgicos para cirugía abierta;Director Gerente del SNS-O;suministros;Anuncio previo;;—;;https://hacienda.navarra.es/sicpportal/mtoFichaAnuncioPrevisto.aspx?cod=261002131044427382C5
Otros anuncios;APRO 227 - Hemocultivo y cultivo de micobacterias para laboratorio de microbiología;Director Gerente del SNS-O;suministros;Anuncio previo;;—;;https://hacienda.navarra.es/sicpportal/mtoFichaAnuncioPrevisto.aspx?cod=2610021307118E2E4D48
Otros anuncios;APRO 221 - Inmunohistoquímica Anatomía Patológica;Director Gerente del SNS-O;suministros;Anuncio previo;;—;;https://hacienda.navarra.es/sicpportal/mtoFichaAnuncioPrevisto.aspx?cod=261002130417E2E2E57F
Otros anuncios;APRO 230 - Cargas virales para laboratorio de microbiología;Director Gerente del SNS-O;suministros;Anuncio previo;;—;;https://hacienda.navarra.es/sicpportal/mtoFichaAnuncioPrevisto.aspx?cod=261002130106E3FB1E34
Otros anuncios;APRO 223 - Reactivos, material y cesión equipos para pruebas de hemostasia;Director Gerente del SNS-O;suministros;Anuncio previo;;—;;https://hacienda.navarra.es/sicpportal/mtoFichaAnuncioPrevisto.aspx?cod=26100212574760B36FBA
Otros anuncios;Apro 209 - Gasómetros y POCT;Director Gerente del SNS-O;suministros;Anuncio previo;;—;;https://hacienda.navarra.es/sicpportal/mtoFichaAnuncioPrevisto.aspx?cod=261002125514822CF609
Otros anuncios;APRO 214 - Reactivos secuenciación masiva Anatomía Patológica;Director Gerente del SNS-O;suministros;Anuncio previo;;—;;https://hacienda.navarra.es/sicpportal/mtoFichaAnuncioPrevisto.aspx?cod=26100212462114469035
Otros anuncios;Suministro de sobres de votación, sobres voto CERA y sobres bolsa para las elecciones autonómicas y concejiles que se celebren en Navarra en el año 2027;Dirección General de Presidencia, Gobierno Abierto y Relaciones con el Parlamento de Navarra;suministros;Anuncio previo;;—;;https://hacienda.navarra.es/sicpportal/mtoFichaAnuncioPrevisto.aspx?cod=261002120538BE0E4BE4
Otros anuncios;Servicio de preparación y empaquetado de la documentación de las mesas electorales en las elecciones autonómicas y concejiles que se celebren en Navarra en el año 2027;Dirección General de Presidencia, Gobierno Abierto y Relaciones con el Parlamento de Navarra;servicios;Anuncio previo;;—;;https://hacienda.navarra.es/sicpportal/mtoFichaAnuncioPrevisto.aspx?cod=26100211570864661EAC
Otros anuncios;Suministro de papeletas de votación para las elecciones autonómicas y concejiles que se celebren en Navarra en el año 2027;Dirección General de Presidencia, Gobierno Abierto y Relaciones con el Parlamento de Navarra;suministros;Anuncio previo;;—;;https://hacienda.navarra.es/sicpportal/mtoFichaAnuncioPrevisto.aspx?cod=26100211524529EE3096
Otros anuncios;ACUERDO MARCO DE LOS SERVICIOS DE Contenido Gráfico y Audiovisual para la Dirección General Comunicación y Relaciones Institucionales;DIRECCIÓN GENERAL DE COMUNICACIÓN Y PROYECCIÓN INSTITUCIONAL;servicios;Anuncio previo;;—;;https://hacienda.navarra.es/sicpportal/mtoFichaAnuncioPrevisto.aspx?cod=261002115133644588AD
Otros anuncios;Servicios para la realización de la captura de los datos de las mesas electorales, tratamiento ydifusión de resultados provisionales, para losprocesos electorales al parlamento y concejosde Navarra que se celebren en el año 2027;Dirección General de Presidencia, Gobierno Abierto y Relaciones con el Parlamento de Navarra;servicios;Anuncio previo;;—;;https://hacienda.navarra.es/sicpportal/mtoFichaAnuncioPrevisto.aspx?cod=261002114750A7475505
Otros anuncios;Contratación de la gestión de contenidos y publicidad del Gobierno de Navarra en redes sociales;DIRECCIÓN GENERAL DE COMUNICACIÓN Y PROYECCIÓN INSTITUCIONAL;servicios;Anuncio previo;;—;;https://hacienda.navarra.es/sicpportal/mtoFichaAnuncioPrevisto.aspx?cod=261002113557A0540078
Otros anuncios;Obras de reforma en el interior de la segunda planta de las oficinas de la Calle Alhondiga, 1;Dirección General de Ordenación del Territorio;obras;Anuncio previo;;—;;https://hacienda.navarra.es/sicpportal/mtoFichaAnuncioPrevisto.aspx?cod=2610021110175C0331D7
Otros anuncios;Suministro de un camión usado con plataforma para INTIA;INTIA;suministros;Pendiente de adjudicación;;—;;https://hacienda.navarra.es/sicpportal/mtoAnunciosModalidad.aspx?cod=26091712405926E4EEF4
Otros anuncios;Adquisición de vehículo furgoneta;Ayuntamiento de Allo;suministros;Pendiente de adjudicación;;—;;https://hacienda.navarra.es/sicpportal/mtoAnunciosModalidad.aspx?cod=26091609463036830833
Otros anuncios;Renovación de redes de abastecimiento y saneamiento y pavimentación de calle Jardín de Cárcar. Modificado;Presidencia de Mancomunidad de Montejurra;obras;Anulada;;—;;https://hacienda.navarra.es/sicpportal/ctaDatosAdjudicacion.aspx?cod=8094&Ticket=260910114715C7E2312E
Otros anuncios;Servicio de adaptación de la imagen corporativa, desarrollo y alojamiento de un nuevo portal web corporativo del Consejo de Cuentas de Galicia;Consello de Contas de Galicia;servicios;Pendiente de adjudicación;;—;;https://www.contratosdegalicia.gal/licitacion?N=828638
Otros anuncios;Mantenimiento preventivo y correctivo de las instalaciones eléctricas;Fundación Donostia International Physics Center-Director;servicios;Pendiente de adjudicación;;—;;https://www.contratacion.euskadi.eus/webkpe00-kpeperfi/es/contenidos/anuncio_contratacion/expjaso739703/es_doc/index.html
Otros anuncios;contratación del servicio de transporte de los instrumentos musicales y accesorios necesarios para la celebración de conciertos fuera de la sede;Fundación Juan Crisóstomo de Arriaga-Orquesta Sinfónica de Bilbao-Director General;servicios;Pendiente de adjudicación;;—;;https://www.contratacion.euskadi.eus/webkpe00-kpeperfi/es/contenidos/anuncio_contratacion/expgebizkaia3642640/es_doc/index.html
Otros anuncios;Suministro de ecógrafos portátiles para la OSI Donostialdea;OSAKIDETZA - Servicio Vasco de Salud -Director Gerente;suministros;Pendiente de adjudicación;;—;;https://www.contratacion.euskadi.eus/webkpe00-kpeperfi/es/contenidos/anuncio_contratacion/exposakisap2026001588/es_doc/index.html
Otros anuncios;Suministro de 2 equipos Portátiles de RX para la Unidad de Radiología del Hospital Universitario Donostia (OSI Donostialdea);OSAKIDETZA - Servicio Vasco de Salud -Director Gerente;suministros;Pendiente de adjudicación;;—;;https://www.contratacion.euskadi.eus/webkpe00-kpeperfi/es/contenidos/anuncio_contratacion/exposakisap2026001577/es_doc/index.html
Otros anuncios;Servicio de mantenimiento de limpieza de los centros públicos docentes y centros de apoyo dependientes del Departamento de Educación en los territorios de Araba, Gipuzkoa y Bizkaia.;Gobierno Vasco-Consejero/a de Educación;servicios;Pendiente de adjudicación;;—;;https://www.contratacion.euskadi.eus/webkpe00-kpeperfi/es/contenidos/anuncio_contratacion/expjaso723784/es_doc/index.html
Otros anuncios;Explotación del bar Aiton Borda y del servicio de conserjería de la asociación de jubilados y jubiladas;Ayuntamiento de Lezo-Junta de gobierno local;servicios;Pendiente de adjudicación;;—;;https://www.contratacion.euskadi.eus/webkpe00-kpeperfi/es/contenidos/anuncio_contratacion/expjaso653621/es_doc/index.html
Otros anuncios;Programa de igualdad y prevención de violencia machista;Mancomunidad Mungialde de Servicios Sociales-Presidente;servicios;Pendiente de adjudicación;;—;;https://www.contratacion.euskadi.eus/webkpe00-kpeperfi/es/contenidos/anuncio_contratacion/expgebizkaia3620830/es_doc/index.html
Otros anuncios;Suministro e instalación de elementos para unparque infantil en el parque Lizardia;ELM IGELDO-La Junta Vecinal;suministros;Pendiente de adjudicación;;—;;https://www.contratacion.euskadi.eus/webkpe00-kpeperfi/es/contenidos/anuncio_contratacion/expjaso728553/es_doc/index.html
Otros anuncios;Suministro, instalación, puesta en marcha y mantenimiento de un sistema informático de gestión integral portuaria.;Ente Público Euskadiko Kirol Portuak-Dirección de Euskadiko Kirol Portuak;suministros;Pendiente de adjudicación;;—;;https://www.contratacion.euskadi.eus/webkpe00-kpeperfi/es/contenidos/anuncio_contratacion/expjaso733198/es_doc/index.html
Otros anuncios;Servicio de limpieza, DDD y legionella de edificios municipales respetuosos con entorno de Muskiz;Ayuntamiento de Muskiz-Junta de Gobierno Local;servicios;Pendiente de adjudicación;;—;;https://www.contratacion.euskadi.eus/webkpe00-kpeperfi/es/contenidos/anuncio_contratacion/expgebizkaia3386923/es_doc/index.html
Otros anuncios;Renovación del alumbrado por tecnología LED en centros de salud de las OSIs Uribe, BarrualdeGaldakao y Donostialdea (Fase II EXP 3);OSAKIDETZA - Servicio Vasco de Salud -Director General;obras;Pendiente de adjudicación;;—;;https://www.contratacion.euskadi.eus/webkpe00-kpeperfi/es/contenidos/anuncio_contratacion/exposakisap2026001220/es_doc/index.html
Otros anuncios;Terapias derivadas desde Mediación Familiar;Gobierno Vasco-Dirección de Servicios;servicios;Pendiente de adjudicación;;—;;https://www.contratacion.euskadi.eus/webkpe00-kpeperfi/es/contenidos/anuncio_contratacion/expjaso740889/es_doc/index.html
Otros anuncios;Obra de mejora y refuerzo en el túnel 11 de la línea Donostia-Hendaia;Euskal Trenbide Sarea-Comisión Delegada en Materia de Contratación de ETS;obras;Pendiente de adjudicación;;—;;https://www.contratacion.euskadi.eus/webkpe00-kpeperfi/es/contenidos/anuncio_contratacion/expjaso739418/es_doc/index.html
Otros anuncios;Suministro de procesadores de tejidos, impresora de casetes y microtomo;Gobierno Vasco-Dirección de Servicios;suministros;Pendiente de adjudicación;;—;;https://www.contratacion.euskadi.eus/webkpe00-kpeperfi/es/contenidos/anuncio_contratacion/expjaso739325/es_doc/index.html
Otros anuncios;Obra de la Variante Sur Ferroviaria de Bilbao. Fase 1. Tramo: Río Castaños - Túnel Baxatxu;Euskal Trenbide Sarea-Comisión Delegada en Materia de Contratación de ETS;obras;Pendiente de adjudicación;;—;;https://www.contratacion.euskadi.eus/webkpe00-kpeperfi/es/contenidos/anuncio_contratacion/expjaso733459/es_doc/index.html
Otros anuncios;Redacción del proyecto básico, estudio de viabilidad, proyectos de actividad, proyecto de ejecución dirección facultativa de las obras de edificación y de urbanización complementarias de la edificaciónen Abadiño;AZPIEGITURAK, S.A.M.P.-Consejo de administración;servicios;Pendiente de adjudicación;;—;;https://www.contratacion.euskadi.eus/webkpe00-kpeperfi/es/contenidos/anuncio_contratacion/expgebizkaia3585903/es_doc/index.html
Otros anuncios;Análisis y diseño de la base de datos maestra de datos ciudadanos;IZFE - Sociedad Foral de Servicios Informáticos-Dirección General;servicios;Pendiente de adjudicación;;—;;https://www.contratacion.euskadi.eus/webkpe00-kpeperfi/es/contenidos/anuncio_contratacion/expjaso726818/es_doc/index.html
Otros anuncios;Mejora vial municipal Zendagorta;Ayuntamiento de Ereño-Pleno;obras;Pendiente de adjudicación;;—;;https://www.contratacion.euskadi.eus/webkpe00-kpeperfi/es/contenidos/anuncio_contratacion/expgebizkaia3614311/es_doc/index.html
Otros anuncios;Asistencia técnica para la dirección facultativa de las obras del proyecto refundido de cambio del césped natural por césped artificial delCAMPO DE FÚTBOL DE ASTI en Zarautz.;Ayuntamiento de Zarautz-Alcalde;servicios;Pendiente de adjudicación;;—;;https://www.contratacion.euskadi.eus/webkpe00-kpeperfi/es/contenidos/anuncio_contratacion/expjaso738119/es_doc/index.html
Otros anuncios;Prestar el servicio de desbroce y limpieza de los margenes de los caminos rurales, huertas, parques periurbanos y cunetas del término municipal de Zarautz.;Ayuntamiento de Zarautz-Alcalde;servicios;Pendiente de adjudicación;;—;;https://www.contratacion.euskadi.eus/webkpe00-kpeperfi/es/contenidos/anuncio_contratacion/expjaso738827/es_doc/index.html
Otros anuncios;Ejecución de las obras incluidas en el “Proyecto Refundido de cambio del césped natural por césped artificial del campo de fútbol de ASTI en Zarautz”.;Ayuntamiento de Zarautz-Junta de Gobierno Local;obras;Pendiente de adjudicación;;—;;https://www.contratacion.euskadi.eus/webkpe00-kpeperfi/es/contenidos/anuncio_contratacion/expjaso727529/es_doc/index.html
Otros anuncios;Contratación de las obras del Proyecto de construcción de vía ciclista-peatonal entre el Polígono industrial Gabiria y Jaizubia, parte del tramo 01 003F del itinerarioNº1 del PTSVCG;Diputación Foral de Gipuzkoa-Consejo de Gobierno Foral;obras;Pendiente de adjudicación;;—;;https://www.contratacion.euskadi.eus/webkpe00-kpeperfi/es/contenidos/anuncio_contratacion/expjaso733143/es_doc/index.html
Otros anuncios;Servicio integral de mantenimiento de las instalaciones térmicas de los edificios dependientes del Ayuntamiento de Zarautz así como la ejecución de determinadas actuaciones de renovación de equipos incluidas en el contrato.;Ayuntamiento de Zarautz-Alcalde;servicios;Pendiente de adjudicación;;—;;https://www.contratacion.euskadi.eus/webkpe00-kpeperfi/es/contenidos/anuncio_contratacion/expjaso720830/es_doc/index.html
Otros anuncios;Servicios de Dirección de Obra y Coordinación de Seguridad y Salud de la ejecución de las obras contenidas en el Proyecto de construcción de Vía ciclista-peatonal entre el Polígono industrial Gabiria y Jaizubia, parte del tramo 01 003F del itinerario Nº1 DEL PTSVCG.;Diputación Foral de Gipuzkoa-Diputado/a Foral de Medio Ambiente y Obras Hidráulicas;servicios;Pendiente de adjudicación;;—;;https://www.contratacion.euskadi.eus/webkpe00-kpeperfi/es/contenidos/anuncio_contratacion/expjaso733338/es_doc/index.html
Otros anuncios;Derribo del edificio del antiguo astillero Cortazar del puerto de Bermeo;Gobierno Vasco-Dirección de Servicios;obras;Pendiente de adjudicación;;—;;https://www.contratacion.euskadi.eus/webkpe00-kpeperfi/es/contenidos/anuncio_contratacion/expjaso731938/es_doc/index.html
Otros anuncios;Suministro de Almohadas para la Organizacion Sanitaria Integrada Ezkerraldea Enkarterri Cruces;OSAKIDETZA - Servicio Vasco de Salud -Director Gerente;suministros;Pendiente de adjudicación;;—;;https://www.contratacion.euskadi.eus/webkpe00-kpeperfi/es/contenidos/anuncio_contratacion/exposakisap2026001094/es_doc/index.html
Otros anuncios;Suministro diferentes andadores y sus accesorios complementarios destinados a alumnado con necesidades educativas especiales escolarizados en centros públicos y concertados de la Comunidad Autónoma Vasca.;Gobierno Vasco-Dirección de Gestión Económica;suministros;Pendiente de adjudicación;;—;;https://www.contratacion.euskadi.eus/webkpe00-kpeperfi/es/contenidos/anuncio_contratacion/expjaso737676/es_doc/index.html
Otros anuncios;Pliego de prescripciones técnicas para la adjudicación del proyecto de diagnóstico y plan de acción para la reputación corporativa Ihobe;Sociedad Pública de Gestión Ambiental, IHOBE, S.A.-Director general;servicios;Pendiente de adjudicación;;—;;https://www.contratacion.euskadi.eus/webkpe00-kpeperfi/es/contenidos/anuncio_contratacion/expjaso726237/es_doc/index.html
Otros anuncios;Gestión integral de los cementerios municipales de San Blas, Bedaio y Aldaba de Tolosa;Ayuntamiento de Tolosa-Alcalde;servicios;Pendiente de adjudicación;;—;;https://www.contratacion.euskadi.eus/webkpe00-kpeperfi/es/contenidos/anuncio_contratacion/expjaso720539/es_doc/index.html
Otros anuncios;Asistencia técnica para la redacción de la documentación y asesoramiento necesario para la formulación de la modificación puntual del PGOU del ámbito territorial denominado “Altzaberri”(ámbitos urbanísticos “al.19 Landerro” y “al.20 Aduritz-Akular” y entorno), incluyendo la documentación requerida para la tramitación de la evaluación ambiental estratégica y del proceso de participación ciudadana.;Ayuntamiento de Donostia/San Sebastián-Junta de Gobierno Local;servicios;Pendiente de adjudicación;;—;;https://www.contratacion.euskadi.eus/webkpe00-kpeperfi/es/contenidos/anuncio_contratacion/expjaso736335/es_doc/index.html
Otros anuncios;Servicios de colaboración en la recaudación de ingresos y gestión integral del patrimonio de la Agencia de Vivienda Social.;Organismo autónomo Agencia de Vivienda Social de la Comunidad de Madrid;servicios;Pendiente de adjudicación;;—;;https://contratos-publicos.comunidad.madrid/contrato-publico/servicios-colaboracion-recaudacion-ingresos-gestion-integral-patrimonio-agencia
Otros anuncios;Adquisición de productos para el lavado de ropa y vajilla para centros adscritos a la Agencia Madrileña de Atención Social (3 lotes);Organismo Autónomo Agencia Madrileña de Atención Social;suministros;Pendiente de adjudicación;;—;;https://contratos-publicos.comunidad.madrid/contrato-publico/adquisicion-productos-lavado-ropa-vajilla-centros-adscritos-agencia-madrilena-0
Otros anuncios;Reforma de climatización de la Unidad de Pediatría del Hospital Universitario de Móstoles.;Hospital Universitario de Móstoles;obras;Pendiente de adjudicación;;—;;https://contratos-publicos.comunidad.madrid/contrato-publico/reforma-climatizacion-unidad-pediatria-hospital-universitario-mostoles
Otros anuncios;Suministro, instalación y puesta en funcionamiento de mesas quirúrgicas para el bloque quirúrgico;Hospital Universitario de Móstoles;suministros;Pendiente de adjudicación;;—;;https://contratos-publicos.comunidad.madrid/contrato-publico/suministro-instalacion-puesta-funcionamiento-mesas-quirurgicas-bloque-quirurgico
Otros anuncios;Suministro, instalación, puesta en servicio de mesas de anestesia de Gama Media con destino al bloque quirúrgico del Hospital Universitario de Móstoles;Hospital Universitario de Móstoles;suministros;Pendiente de adjudicación;;—;;https://contratos-publicos.comunidad.madrid/contrato-publico/suministro-instalacion-puesta-servicio-mesas-anestesia-gama-media-destino-bloque
Otros anuncios;Servicio de mantenimiento integral, conservación y mejora de las zonas verdes, jardines y espacios ajardinados de la sede de la Fundación Canal, sita en la calle Mateo Inurria, nº 2 de Madrid.;Fundación Canal De Isabel II;servicios;Pendiente de adjudicación;;—;;https://contratos-publicos.comunidad.madrid/contrato-publico/servicio-jardineria
Otros anuncios;Suministro, instalación, puesta en servicio de mesas de anestesia de Gama Alta con destino al bloque quirúrgico del Hospital Universitario de Móstoles;Hospital Universitario de Móstoles;suministros;Pendiente de adjudicación;;—;;https://contratos-publicos.comunidad.madrid/contrato-publico/suministro-instalacion-puesta-servicio-mesas-anestesia-gama-alta-destino-bloque
Otros anuncios;Prestación del servicio de 264 plazas de acogimiento residencial de menores;Delegación Territorial de Inclusión Social, Juventud, Familias e Igualdad en Málaga;administrativo especial;Pendiente de adjudicación;;—;;https://www.juntadeandalucia.es/haciendayadministracionpublica/apl/pdc_sirec/perfiles-licitaciones/detalle-licitacion.jsf?idExpediente=978348
Otros anuncios;servicio de limpieza de oficinas de la agencia idea en cádiz;Agencia de Innovación y Desarrollo de Andalucía;servicios;Pendiente de adjudicación;;—;;https://www.juntadeandalucia.es/haciendayadministracionpublica/apl/pdc_sirec/perfiles-licitaciones/detalle-licitacion.jsf?idExpediente=979754
Otros anuncios;venta de corcho en patio proveniente de aprovechamiento forestal en las provincias de sevilla y jaén de la comunidad autónoma de andalucía.;Agencia de Medio Ambiente y Agua de Andalucía;patrimonial;Pendiente de adjudicación;;—;;https://www.juntadeandalucia.es/haciendayadministracionpublica/apl/pdc_sirec/perfiles-licitaciones/detalle-licitacion.jsf?idExpediente=981835
Otros anuncios;sº mantenimiento y gestion tª sedes admon. justicia cádiz-huelva;Consejería de Justicia, Administración Local y Función Pública. Secretaría General Técnica (En Transición);servicios;Pendiente de adjudicación;;—;;https://www.juntadeandalucia.es/haciendayadministracionpublica/apl/pdc_sirec/perfiles-licitaciones/detalle-licitacion.jsf?idExpediente=982894
Otros anuncios;El contrato tiene por objeto la ejecución de las obras de Construcción del Nuevo Hospital General Universitario Gregorio Marañón Fase 0, correspondientes a la Primera Fase de las obras del Plan Funcional del Complejo Hospitalario, para dar cumplimiento a las necesidades del mismo.;Agencia de Contratación Sanitaria de la Comunidad de Madrid;obras;Pendiente de adjudicación;;—;;https://contratos-publicos.comunidad.madrid/contrato-publico/obras-construccion-nuevo-hospital-general-universitario-gregorio-maranon
Otros anuncios;ECE-2026-0035: Limpieza de los centros de formación dependientes del DepartamentoTerritorial de Pontevedra de la Conselleria de Empleo,Comercio y Emigración.;Consellería de Emprego, Comercio e Emigración;servicios;Pendiente de adjudicación;;—;;https://www.contratosdegalicia.gal/licitacion?N=828730
Otros anuncios;L'Ajuntament de Sant Adrià de Besòs és titular actualment de més de 45 edificis i dependències municipals a les quals és necessari disposar d’un servei de neteja. L’objecte del contracte consisteix en la prestació dels serveis de neteja dels edificis i dependències municipals de l’Ajuntament de Sant Adrià de Besòs, a les seves àrees d’influència i d’altres espais propis;Ajuntament de Sant Adrià de Besòs;servicios;Pendiente de adjudicación;;—;;https://contractaciopublica.cat/ca/detall-publicacio/fbd0de61-ee89-4627-9f4a-54448513c8ff/300898471
Otros anuncios;Servicio de limpieza 2026-2029 de las dependencias de Rubí (COR) y Sarrià (NEO), taller y almacén del COR, Centro de Mando Integrado, trenes de Barcelona-Vallès, trenes de Llobregat-Anoia, Cremallera y funiculares de Montserrat, estaciones y trenes de Lleida- la Puebla de Ferrocarriles de la Generalitat de Cataluña y dependencias y trenes de FGC Movilidad SA y FGC Rail SA. (ref. PO43/26);Ferrocarrils de la Generalitat de Catalunya;servicios;Pendiente de adjudicación;;—;;https://contractaciopublica.cat/ca/detall-publicacio/7c0a7d02-e3af-424a-a6ca-a38b969349f6/300898469
Otros anuncios;Prestació del servei d’Observatori d’Inclusió de l’Ajuntament de Montcada i Reixac.;Ajuntament de Montcada i Reixac;servicios;Pendiente de adjudicación;;—;;https://contractaciopublica.cat/ca/detall-publicacio/bab80286-e697-4ff4-b22a-09052d27fcba/300898413
Otros anuncios;L’ objecte del contracte és la contractació dels serveis relacionats amb l’ estratègia, planificació, execució i seguiment de les campanyes de continguts This is Barcelona, nacionals i internacionals, en mitjans pagats, així com l’ anàlisi quantitatiu i qualitatiu del seu l'impacte, amb objectiu de millora continua en el marc de l'estratègia de Turisme de Barcelona.;Consorci de Turisme de Barcelona;servicios;Pendiente de adjudicación;;—;;https://contractaciopublica.cat/ca/detall-publicacio/4f96559b-294e-49c9-aa93-79b51bcd8249/300898403
Otros anuncios;Servei de consultoria financera externa sobre el deute públic i les operacions financeres de la Generalitat de Catalunya i el seu sector públic administratiu i empresarial;Departament d'Economia i Finances;servicios;Pendiente de adjudicación;;—;;https://contractaciopublica.cat/ca/detall-publicacio/a913cfa8-6a47-442b-a41c-1cabac94b237/300898401
Otros anuncios;Contracte de servei de manteniment del sistema de gestió basat en la solució SAP i altres aplicacions corporatives vinculades per a Infraestructures de la Generalitat, SAU.;Infraestructures de la Generalitat de Catalunya, SAU;servicios;Pendiente de adjudicación;;—;;https://contractaciopublica.cat/ca/detall-publicacio/2232993d-c652-43c8-aa45-1b4b2c8a3ae1/300898398
Otros anuncios;Servei d’atenció a les persones visitants del Centre de Cultura Contemporània de Barcelona (CCCB);Centre de Cultura Contemporània de Barcelona CCCB;servicios;Pendiente de adjudicación;;—;;https://contractaciopublica.cat/ca/detall-publicacio/cda328bf-7488-488d-9559-3bc8de53ae57/300898387
Otros anuncios;Contractació del subministrament i servei de gestió de les llicències dels productes Adobe Experience Cloud que donen suport a les plataformes digitals del Consorci de Turisme de Barcelona.;Consorci de Turisme de Barcelona;suministros;Pendiente de adjudicación;;—;;https://contractaciopublica.cat/ca/detall-publicacio/2f3f8429-bb1d-45d2-9b61-7357b3ee7484/300898383
Otros anuncios;Pantalla LED informativa per instal·lar a l'exterior;Ajuntament d'Anglès;suministros;Pendiente de adjudicación;;—;;https://contractaciopublica.cat/ca/detall-publicacio/bf101821-90ed-45ee-9f62-0f975f91912e/300898377
Otros anuncios;Redacción del proyecto básico y de ejecución para la construcción de la nueva comisaría de la Guardia Urbana de l'Hospitalet, de acuerdo con las especificaciones que se determinan en el Pliego de Prescripciones Técnicas. Redacción del correspondiente Plan especial que concrete el uso y condiciones de ordenación de la edificación que resulte de la propuesta ganadora del concurso. Redacción del resto de documentos técnicos complementarios y otras tareas necesarias para la redacción de dicho proyecto de ejecución (anteproyecto, levantamiento topográfico, estudio geotécnico, estudio de suelo). Redacción de todas las modificaciones que haya que introducir en el proyecto, hasta su aprobación definitiva, por causa de los informes sectoriales y de supervisión que se redacten durante su tramitación , así como las que resulten de las posibles alegaciones que se estimen durante los diferentes trámites de información pública.;Ajuntament de l'Hospitalet de Llobregat;servicios;Pendiente de adjudicación;;—;;https://contractaciopublica.cat/es/detall-publicacio/c9d1bb47-7255-4fe0-9eed-2ba38fd1f115/300898358
Otros anuncios;Contracte de serveis per a l'assistència tècnica per a la redacció del document ambiental. Millora del nus viari entre l’AP-7, la B-30, la C-58 i la N-150. Barberà del Vallès - Cerdanyola del Vallès - Badia del Vallès - Ripollet. Clau: DA-CPB-21075.F1;Infraestructures de la Generalitat de Catalunya, SAU;servicios;Pendiente de adjudicación;;—;;https://contractaciopublica.cat/ca/detall-publicacio/9ebdcac4-de06-4d42-b366-0a77637233cb/300898353
Otros anuncios;"Contractació del servei d’enginyeria per a la redacció del projecte bàsic i executiu d’obra per a la consolidació de la seu de l’IDIBGI, situada a Salt. Aquest contracte està cofinançat pel Departament de recerca i universitats de la Generalitat de Catalunya i cofinançat per la Unió Europea a través del programa del FEDER de Catalunya 2021-2027, per a la realització de projecte ""AMPLIACIÓ D’ESPAIS I TECNOLOGIES PER IMPULSAR L'ACCÉS DELS PACIENTS GIRONINS A TERÀPIES DE FRONTERA"". NÚMERO D’EXPEDIENT: 2024 SINGU 00023 (Codi operació: UR68-001921).";Institut d'Investigació Biomèdica de Girona (IDIBGI);servicios;Pendiente de adjudicación;;—;;https://contractaciopublica.cat/ca/detall-publicacio/44e5f9f0-74f3-4862-a61a-239854a51b0e/300898325
Otros anuncios;L’objecte d’aquesta concurrència és la contractació per part de la Corporació Catalana de Mitjans Audiovisuals, SASubministrament de l'equipament tècnic per l'ampliació dels sistemes de monitorització dels platós del Centre de Producció Audiovisual (CPA).;Corporació Catalana de Mitjans Audiovisuals, SA (CCMA, SA);suministros;Pendiente de adjudicación;;—;;https://contractaciopublica.cat/ca/detall-publicacio/1a44eaa5-eaf8-444a-ab19-775fdb6871c3/300898304
Otros anuncios;Elaboració del PDSI 2026-30;Sistema d'Emergències Mèdiques (SEM);servicios;Pendiente de adjudicación;;—;;https://contractaciopublica.cat/ca/detall-publicacio/233a0c99-eb1b-4959-9751-8ee3b7619709/300898301
Otros anuncios;Servei de consultoria i assistència tècnica per a l’elaboració d’un estudi d’anàlisi i recopilació sobre solucions basades en la natura (SBN) per a zones urbanes mediterrànies.;Àrea Metropolitana de Barcelona;servicios;Pendiente de adjudicación;;—;;https://contractaciopublica.cat/ca/detall-publicacio/01001067-b7a1-4362-98f2-d42bb3ad8f65/300898300
Otros anuncios;Contractació d'una plataforma digital, proporcionada en modalitat de servei (Software as a Service – SaaS), destinada a donar suport a la metodologia Model d’Intel·ligència Turística de la Diputació de Barcelona;Diputació de Barcelona;servicios;Pendiente de adjudicación;;—;;https://contractaciopublica.cat/ca/detall-publicacio/8fa3df4c-0d04-4750-9d5f-15377978990c/300898289
Otros anuncios;Servei de manteniment tècnic, incloent reparacions correctives i servei 24 hores del següent grup de la Marca Electra Molins: Model EMO -1375 nº Sèrie 814.728 (Any 2006);Servei d'Incineració de Residus Urbans, SA;servicios;Pendiente de adjudicación;;—;;https://contractaciopublica.cat/ca/detall-publicacio/aff79442-a1ab-4ac6-8b8e-e7fcdb5db4a5/300898283
Otros anuncios;Les obres consisteixen en la rehabilitació de la coberta de l’edifici municipal, consistents en la retirada completa de la impermeabilització existent i l’execució d’un nou sistema d’impermeabilització que garanteix l’estanquitat de la coberta i la correcta conservació de l’immoble. El contracte inclou actuacions complementàries consistents en la instal·lació d’una pica a l’interior del magatzem per facilitat les tasques de neteja dels estris de la brigada municipal, així com la prolongació de la xemeneia de la caldera de biomassa per reduir les molèsties que genera la seva alçada actual a les persones que transiten per la zona.;Ajuntament del Brull;obras;Pendiente de adjudicación;;—;;https://contractaciopublica.cat/ca/detall-publicacio/5e079b90-cc78-44c7-8f8b-51524574480e/300898281
Otros anuncios;L’objecte del contracte que es licita consisteix en la concessió del servei d’explotació del bar-cafeteria-restaurant del local 12 situat a l’edifici “REDESSA Viver”, al camí de Valls, 81-87, de Reus amb les especificitats previstes en aquest plec i el plec tècnic, prèvia execució de les actuacions i/o obres necessàries per al seu equipament i funcionament.;Reus Desenvolupament Econòmic SA;concesión de servicios;Pendiente de adjudicación;;—;;https://contractaciopublica.cat/ca/detall-publicacio/4dd2e974-4336-4afa-a95f-a8cf997d60dc/300898272
Otros anuncios;L’objecte del contracte és la prestació del servei de neteja dels edificis municipals de l’Ajuntament de Mataró, Aigües de Mataró, SA, Mataró Audiovisual EPE, Consorci Museu d’Art Contemporani de Mataró, Promocions Urbanístiques de Mataró, Fundació Hospital i el Parc TecnoCampus Mataró.;Ajuntament de Mataró;servicios;Pendiente de adjudicación;;—;;https://contractaciopublica.cat/ca/detall-publicacio/7bd0d7b9-6b05-4f42-a8b2-317429da32c7/300898241
Otros anuncios;Contrato administrativo de servicios consistente en la implantación y soporte a las oficinas de atención a la empresa metropolitana e impulso de la red metropolitana de oficinas de atención a la empresa (XMOAE).;Àrea Metropolitana de Barcelona;servicios;Pendiente de adjudicación;;—;;https://contractaciopublica.cat/ca/detall-publicacio/72a53ecd-b9db-47d5-b254-1464ecdf059d/300898234
Otros anuncios;Obres de renovació del paviment esportiu i substitució de les portes d'accés al pavello de La Gamba de Vilafranca del Penedès;Ajuntament de Vilafranca del Penedès;obras;Pendiente de adjudicación;;—;;https://contractaciopublica.cat/ca/detall-publicacio/c71e5015-13a3-4538-9a33-23a536626424/300898205
Otros anuncios;Contractació mitjançant procediment obert, de l'Acord Marc d'homologació de proveïdors per al subministrament de tapes de registre, cofres, portes de registre, i altres elements, per a instal·lacions de xarxa d’aigua i clavegueram, gestionades per Aigües de MANRESA, SA, amb divisió de quatre (4) lots.;Aigües de Manresa, SA;suministros;Pendiente de adjudicación;;—;;https://contractaciopublica.cat/ca/detall-publicacio/edcc487a-3d3d-4e8d-8582-c8edc8d1ddab/300898190
Otros anuncios;Projecte d'adequació i millora de l'aparcament públic de la zona esportiva de Can Pons;Ajuntament d'Arbúcies;obras;Pendiente de adjudicación;;—;;https://contractaciopublica.cat/ca/detall-publicacio/a96fb071-c60d-40f7-b7b2-8f621026a776/300898104
Otros anuncios;En aquest sentit, l’actuació proposada consisteix en la renovació integral de les voreres afectades, amb l’objectiu de millorar-ne la funcionalitat, la seguretat i l’accessibilitat, tot adequant-les a la normativa tècnica vigent. Els treballs es desenvoluparan segons les següents fases: 1. Demolició i retirada del paviment existent: Es procedirà a l’aixecament del paviment actual, així com dels bordons, rigoles i altres elements deteriorats. Els residus generats es gestionaran conforme a la normativa sobre gestió de residus de la construcció (Decret 89/2010 i normativa municipal). 2. Excavació i preparació de la base: Es realitzarà l’excavació del terreny fins a la cota adequada per a la formació del nou ferm, amb aportació i compactació de capes de sauló, grava o formigó, segons especificacions de projecte. 3. Col·locació de nous bordons i rigoles: En el cas del tram del carrer del Barri, es col·locaran bordons de formigó prefabricat, alineats i anivellats per garantir la contenció lateral del paviment i el correcte drenatge superficial mitjançant rigoles o pendents transversals. En el cas del camí del Cementiri, es preu amb plataforma única, per tant, no serà necessari la col·locació de bordons i rigoles. 4. Execució del nou paviment de vorera: Es preveu la col·locació d’un nou paviment antilliscant, de gran durabilitat i adequat a l’ús urbà, com ara el paviment continu de formigó, el qual es realitzarà amb colorejant terrós per tal de millorar la seva integració amb l’entorn. 5. Instal·lacions Simplement es preveu la substitució dels fanals amb columna existents en l’àmbit d’actuació, i la previsió d’un nou traçat de xarxa de telecomunicacions en el camí del Cementiri.;Ajuntament de Prats i Sansor;obras;Pendiente de adjudicación;;—;;https://contractaciopublica.cat/ca/detall-publicacio/f139c968-04fe-4aeb-b5f7-80ad3a2a214b/300898075
Otros anuncios;Servei d'auditoria financera de comptes anuals i d'auditoria de compliment de la Fundació Ticsalut i Social.;Fundació TicSalut i Social;servicios;Pendiente de adjudicación;;—;;https://contractaciopublica.cat/ca/detall-publicacio/9a013c39-920e-44bc-958c-5be4f61156d1/300896237
Otros anuncios;Contracte del Servei d'ensenyament i formació;Consorci d'Osona de Serveis Socials;servicios;Pendiente de adjudicación;;—;;https://contractaciopublica.cat/ca/detall-publicacio/e3d30af6-ee1c-42ae-a5cf-43a26c61a79f/300895733
Otros anuncios;Substitució de l'actual fusteria exterior de l'edifici de l'Ajuntament de Vilallonga del Camp, situat a la Plaça de l'Església 1 de Vilallonga del Camp. L'actuació té per finalitat millorar l'eficiència energètica de l'edifici mitjançant noves fusteries d'altres prestacions tèrmiques i acústiques que compleixin els requisits establerts per la normativa vigent.;Ajuntament de Vilallonga del Camp;obras;Pendiente de adjudicación;;—;;https://contractaciopublica.cat/ca/detall-publicacio/2eab0712-e093-4e19-9922-07b6e25e809e/300895426
Otros anuncios;- Preparació i perfilat de la contenció existent de bloc de morter de ciment. - Formació de mur de pedra de contenció perimetral. - Rebliment i anivellació de la plataforma a tot el contorn de l’ edifici. - Reparació guardacontenidors. - Drenatge de la plataforma i l’ esplanació amb tub. - Subministrament i col·locació del paviment. - Subministrament, col·locació i plantació d'arbres. - Connexió i escomesa elèctrica completa. - Subministrament i col·locació de paviment solera. - Reposició de serveis afectats.;Ajuntament de Fígols i Alinyà;obras;Pendiente de adjudicación;;—;;https://contractaciopublica.cat/ca/detall-publicacio/61daecfa-ffc7-4036-8b0c-d7019baed925/300884296
Otros anuncios;Prestació del servei de sonorització i il·luminació de totes les activitats que afecten a diferents àmbits municipals (Joventut, Cultura, Atenció Social, Esports, Igualtat, etc.);Ajuntament d'Esplugues de Llobregat;servicios;Pendiente de adjudicación;;—;;https://contractaciopublica.cat/es/detall-publicacio/ff156b3d-0625-4769-8049-181f19300810/300839842
Otros anuncios;El objeto del presente contrato es la gestión de los servicios de acompañamiento y apoyo auxiliar a los menores de las Residencias Públicas de Protección de Menores de la Comunidad de Madrid El Valle y Las Rosas, en sus desplazamientos (centros escolares, consultas y actividades extraescolares), hospitalizaciones, así como el apoyo en tareas de la vida cotidiana.;Consejería de Familia, Juventud y Asuntos Sociales;servicios;Pendiente de adjudicación;;—;;https://contratos-publicos.comunidad.madrid/contrato-publico/acompanamiento-apoyo-auxiliar-residencias-publicas-proteccion-menores-comunidad
Otros anuncios;0000623/2026 contratación del servicio de transporte del personal sanitario, material inventariable y fungible, y contenedores de órganos, tejidos y otras muestras biológicas, destinadas al proceso de donación - trasplante de la coordinación sectorial de trasplantes de jaén, con cláusulas medioambientales, mediante procedimiento abierto y presentación electrónica de ofertas.;Servicio Andaluz de Salud;servicios;Pendiente de adjudicación;;—;;https://www.juntadeandalucia.es/haciendayadministracionpublica/apl/pdc_sirec/perfiles-licitaciones/detalle-licitacion.jsf?idExpediente=988802
Otros anuncios;0000589/2026 servicio de jardinería para los hospitales alto guadalquivir, de alta resolución sierra de segura y de alta resolución de cazorla, integrados en la central de compras de la provincia de jaén;Servicio Andaluz de Salud;servicios;Pendiente de adjudicación;;—;;https://www.juntadeandalucia.es/haciendayadministracionpublica/apl/pdc_sirec/perfiles-licitaciones/detalle-licitacion.jsf?idExpediente=979414
Otros anuncios;contratación, por procedimiento abierto simplificado con publicidad, del servicio de gestión y soporte administrativo de la formación en la fundación pública andaluza progreso y salud mp.;Fundación Pública Andaluza Progreso y Salud;servicios;Anulada;;—;;https://www.juntadeandalucia.es/haciendayadministracionpublica/apl/pdc_sirec/perfiles-licitaciones/detalle-licitacion.jsf?idExpediente=1009375
Otros anuncios;pgrn - serv. aeronaves no trip. apl. aérea cipermetrin contra procesionaria;Agencia de Medio Ambiente y Agua de Andalucía;servicios;Pendiente de adjudicación;;—;;https://www.juntadeandalucia.es/haciendayadministracionpublica/apl/pdc_sirec/perfiles-licitaciones/detalle-licitacion.jsf?idExpediente=982861
Otros anuncios;servicio de talleres y actividades en los centros de participación activa;Delegación Territorial de Inclusión Social, Juventud, Familias e Igualdad en Almería;servicios;Pendiente de adjudicación;;—;;https://www.juntadeandalucia.es/haciendayadministracionpublica/apl/pdc_sirec/perfiles-licitaciones/detalle-licitacion.jsf?idExpediente=968906
Otros anuncios;0000156/2026 acuerdo marco con varias empresas por el que se fijan las condiciones para la contratación del servicio de asistencia sanitaria complementaria para estancias médicas de pacientes pluripatologicos y de pacientes con necesidades de cuidados paliativos, usuarios del servicio andaluz de salud (sas), en centros sanitarios y servicios privados de la provincia de jaén y provincias limítrofes, incluso pertenecientes a otras comunidades autónomas, mediante procedimiento abierto y presentación electrónica;Servicio Andaluz de Salud;servicios;Pendiente de adjudicación;;—;;https://www.juntadeandalucia.es/haciendayadministracionpublica/apl/pdc_sirec/perfiles-licitaciones/detalle-licitacion.jsf?idExpediente=947623
Otros anuncios;suministro víveres lotes desiertos escuela de hosteleria;Dirección Provincial del Servicio Andaluz de Empleo de Huelva;suministros;Pendiente de adjudicación;;—;;https://www.juntadeandalucia.es/haciendayadministracionpublica/apl/pdc_sirec/perfiles-licitaciones/detalle-licitacion.jsf?idExpediente=944739
Otros anuncios;agrupación de vertidos y edar de montellano (sevilla);Consejería de Agricultura, Pesca, Agua y Desarrollo Rural. D.G. de Infraestructuras del Agua (En Transición);obras;Pendiente de adjudicación;;—;;https://www.juntadeandalucia.es/haciendayadministracionpublica/apl/pdc_sirec/perfiles-licitaciones/detalle-licitacion.jsf?idExpediente=935307
Otros anuncios;compra de seis vehiculos furgonetas para los laboratorios provinciales metrología;Verificaciones Industriales de Andalucía, S.A. (VEIASA);suministros;Pendiente de adjudicación;;—;;https://www.juntadeandalucia.es/haciendayadministracionpublica/apl/pdc_sirec/perfiles-licitaciones/detalle-licitacion.jsf?idExpediente=978520
Otros anuncios;suministro y puesta en marcha sistemas de seguridad y cctv centros infoca;Agencia de Emergencias de Andalucía;suministros;Pendiente de adjudicación;;—;;https://www.juntadeandalucia.es/haciendayadministracionpublica/apl/pdc_sirec/perfiles-licitaciones/detalle-licitacion.jsf?idExpediente=981694
Otros anuncios;Este contrato tiene por objeto la realización de la integración de la información que aportan los diferentes indicadores relativos a la salud mental y adicciones, todo ello dentro de la vigilancia, análisis y control de las condiciones de salud y sus determinantes, así como de las enfermedades transmisibles y no transmisibles y su distribución en los distintos grupos de población.;Consejería de Sanidad;servicios;Pendiente de adjudicación;;—;;https://contratos-publicos.comunidad.madrid/contrato-publico/servicios-apoyo-elaboracion-indicadores-epidemiologicos-salud-mental-comunidad
Otros anuncios;Servicio público de transporte colectivo urbano de Tolosa;Ayuntamiento de Tolosa-Pleno Municipal;servicios;Pendiente de adjudicación;;—;;https://www.contratacion.euskadi.eus/webkpe00-kpeperfi/es/contenidos/anuncio_contratacion/expjaso733387/es_doc/index.html
Otros anuncios;Suministro de material fungible para cirugía de catarata, cirugía vitreorretiniana e inyecciones intravítreas, con cesión de equipamiento asociado, OSI Bilbao Basurto;OSAKIDETZA - Servicio Vasco de Salud -Director Gerente;suministros;Pendiente de adjudicación;;—;;https://www.contratacion.euskadi.eus/webkpe00-kpeperfi/es/contenidos/anuncio_contratacion/exposakisap2026001510/es_doc/index.html
Otros anuncios;Dirección facultativa de las obras de rehabilitación del edificio de la antigua cofradía del puerto de Mutriku;Gobierno Vasco-Dirección de Servicios;servicios;Pendiente de adjudicación;;—;;https://www.contratacion.euskadi.eus/webkpe00-kpeperfi/es/contenidos/anuncio_contratacion/expjaso722953/es_doc/index.html
Otros anuncios;Proyecto de consolidación y rehabilitación del almacén auxiliar y de las estructuras del cable inglés del Coto Minero de Aizpea;Ayuntamiento de Zerain-Pleno;obras;Pendiente de adjudicación;;—;;https://www.contratacion.euskadi.eus/webkpe00-kpeperfi/es/contenidos/anuncio_contratacion/expjaso723945/es_doc/index.html
Otros anuncios;Contratación del seguro de daños materiales del Ayuntamiento de Amurrio.;Ayuntamiento de Amurrio-Junta de Gobierno Local;privado;Pendiente de adjudicación;;—;;https://www.contratacion.euskadi.eus/webkpe00-kpeperfi/es/contenidos/anuncio_contratacion/expjaso737439/es_doc/index.html
Otros anuncios;Suministro e integración de un motor diésel de ensayos para el LIVING LAB DEL EIC – ENERGY INTELLIGENCE CENTER;AZPIEGITURAK, S.A.M.P.-Consejo de administración;suministros;Pendiente de adjudicación;;—;;https://www.contratacion.euskadi.eus/webkpe00-kpeperfi/es/contenidos/anuncio_contratacion/expgebizkaia3595544/es_doc/index.html
Otros anuncios;Diseño, la fabricación, el suministro, la instalación, la integración, la puesta en marcha, la formación, la garantía y el soporte de un sistema integrado compuesto: (EIC FULLSCALE ENERGY INTELLIGENCE CENTER);AZPIEGITURAK, S.A.M.P.-Consejo de administración;suministros;Pendiente de adjudicación;;—;;https://www.contratacion.euskadi.eus/webkpe00-kpeperfi/es/contenidos/anuncio_contratacion/expgebizkaia3592477/es_doc/index.html
Otros anuncios;Servicio de Montaje del alumbrado navideño en las calles y edificios de Portugalete.;Ayuntamiento de Portugalete -Alcalde;servicios;Pendiente de adjudicación;;—;;https://www.contratacion.euskadi.eus/webkpe00-kpeperfi/es/contenidos/anuncio_contratacion/expjaso740638/es_doc/index.html
Otros anuncios;Servicio de seguridad en el recinto de BEC y en los eventos organizados por la institución.;Bilbao Exhibition Centre, S.A.-Director General;servicios;Pendiente de adjudicación;;—;;https://www.contratacion.euskadi.eus/webkpe00-kpeperfi/es/contenidos/anuncio_contratacion/expjaso733011/es_doc/index.html
Otros anuncios;Suministro, instalación, configuración, puesta en funcionamiento y mantenimiento inicial de un sistema integral de control de accesos al aparcamiento, que permita una gestión segura, eficaz y automatizada de los accesos de vehículos;Sociedad Pública de Vivienda de Irun, S.A.U.-Consejo de Administración;suministros;Pendiente de adjudicación;;—;;https://www.contratacion.euskadi.eus/webkpe00-kpeperfi/es/contenidos/anuncio_contratacion/expjaso738124/es_doc/index.html
Otros anuncios;Contratación de las obras de instalación de pantalanes en la Dársena de Artza del puerto de Bermeo;Ente Público Euskadiko Kirol Portuak-Dirección de Euskadiko Kirol Portuak;obras;Pendiente de adjudicación;;—;;https://www.contratacion.euskadi.eus/webkpe00-kpeperfi/es/contenidos/anuncio_contratacion/expjaso734060/es_doc/index.html
Otros anuncios;Servicio de limpieza del quinto edificio del DIPC y de dos viviendas en régimen de alquiler;Fundación Donostia International Physics Center-Director;servicios;Pendiente de adjudicación;;—;;https://www.contratacion.euskadi.eus/webkpe00-kpeperfi/es/contenidos/anuncio_contratacion/expjaso736955/es_doc/index.html
Otros anuncios;Servicio de mantenimiento integral de los equipos de refrigeración del supercomputador Hyperion del DIPC.;Fundación Donostia International Physics Center-Director;servicios;Pendiente de adjudicación;;—;;https://www.contratacion.euskadi.eus/webkpe00-kpeperfi/es/contenidos/anuncio_contratacion/expjaso740857/es_doc/index.html
Otros anuncios;Suministro de licencias Adobe 2026-2029.;EJIE, S.A. - Sociedad Informática del Gobierno Vasco-Director General, Presidente, Vicepresidente del Consejo de Administración o Consejo de Administraci;suministros;Pendiente de adjudicación;;—;;https://www.contratacion.euskadi.eus/webkpe00-kpeperfi/es/contenidos/anuncio_contratacion/expjaso739286/es_doc/index.html
Otros anuncios;Suscripción a plataforma de autoaprendizaje;EJIE, S.A. - Sociedad Informática del Gobierno Vasco-Director General, Presidente, Vicepresidente del Consejo de Administración o Consejo de Administraci;servicios;Pendiente de adjudicación;;—;;https://www.contratacion.euskadi.eus/webkpe00-kpeperfi/es/contenidos/anuncio_contratacion/expjaso731545/es_doc/index.html
Otros anuncios;servicio de soporte a usuarios y administración del módulo de RRHH, Nóminas y Portal del empleado;Fundación BiscayTIK -Director/a Gerente;servicios;Pendiente de adjudicación;;—;;https://www.contratacion.euskadi.eus/webkpe00-kpeperfi/es/contenidos/anuncio_contratacion/expgebizkaia3644784/es_doc/index.html
Otros anuncios;Licitación de la ejecución de las obras y equipamiento de locales para la oficina de atención ciudadana y garaje de Alokabide en Donostia / San Sebastián;ALOKABIDE - Sociedad de Alquiler S.A.-Director General de ALOKABIDE;obras;Pendiente de adjudicación;;—;;https://www.contratacion.euskadi.eus/webkpe00-kpeperfi/es/contenidos/anuncio_contratacion/expjaso718124/es_doc/index.html
Otros anuncios;El objeto del contrato consiste en el suministro, instalación, configuración y puesta en servicio de un sistema de videovigilancia (CCTV) en el aparcamiento de Belartza de Irun.;Sociedad Pública de Vivienda de Irun, S.A.U.-Consejo de Administración;suministros;Pendiente de adjudicación;;—;;https://www.contratacion.euskadi.eus/webkpe00-kpeperfi/es/contenidos/anuncio_contratacion/expjaso738095/es_doc/index.html
Otros anuncios;Obras de construcción de un espacio destinado a servir de osario para las personas que profesen la religión musulmana, inhumadas en el Cementerio municipal de Bilbao;Bilbao Zerbitzuak-Dirección;obras;Pendiente de adjudicación;;—;;https://www.contratacion.euskadi.eus/webkpe00-kpeperfi/es/contenidos/anuncio_contratacion/expjaso723956/es_doc/index.html
Otros anuncios;Servicios de consultoría especializada para la realización de un diagnóstico integral y el diseño de un modelo de funcionamiento de Besaldi desde una perspectiva funcional y de gestión de la información.;Gobierno Vasco-Dirección de Servicios de Trabajo y Empleo;servicios;Pendiente de adjudicación;;—;;https://www.contratacion.euskadi.eus/webkpe00-kpeperfi/es/contenidos/anuncio_contratacion/expjaso727567/es_doc/index.html
Otros anuncios;Asistencia técnica para la elaboración, implantación y seguimiento del plan de empleo y desarrollo local (PEDL);Mancomunidad de Servicios del Txorierri-Presidencia;servicios;Pendiente de adjudicación;;—;;https://www.contratacion.euskadi.eus/webkpe00-kpeperfi/es/contenidos/anuncio_contratacion/expjaso740273/es_doc/index.html
Otros anuncios;Contrato de obras de urbanización de instalación de un aseo público autolimpiable en plaza Astillero;Ayuntamiento de Plentzia-Alcaldía;obras;Pendiente de adjudicación;;—;;https://www.contratacion.euskadi.eus/webkpe00-kpeperfi/es/contenidos/anuncio_contratacion/expgebizkaia3631964/es_doc/index.html
Otros anuncios;SS-ASC1-26-029. Suministro sucesivo de detergentes y jabones liquidos para la lavandería del área Sanitaria de A Coruña y Cee;Consellería de Sanidade- SERGAS;suministros;Pendiente de adjudicación;;—;;https://www.contratosdegalicia.gal/licitacion?N=828993
Otros anuncios;Encuesta Nacional de Inmigrantes;Director General de Planificación, Coordinación, Innovación y Evaluación de Políticas Públicas;servicios;Anuncio previo;;—;;https://hacienda.navarra.es/sicpportal/mtoFichaAnuncioPrevisto.aspx?cod=261002091634C551E0F9
Otros anuncios;Cuentas de protección social y de la economía social;Director General de Planificación, Coordinación, Innovación y Evaluación de Políticas Públicas;servicios;Anuncio previo;;—;;https://hacienda.navarra.es/sicpportal/mtoFichaAnuncioPrevisto.aspx?cod=261002085832963F0DE3
Otros anuncios;Suministro de vestuario de gala, media gala y sus complementos con destino la Orquesta Sinfónica de Navarra.;Representantes legal de Fundación Baluarte;suministros;Pendiente de adjudicación;;—;;https://hacienda.navarra.es/sicpportal/mtoAnunciosModalidad.aspx?cod=26091616131285D95989
Otros anuncios;El objeto del presente pliego es la contratación de un de consultoría, soporte técnico y coordinación de investigación para Proyecto de Responsabilidad Corporativa del Hospital Universitario la Paz-Cantoblanco- Carlos III denominado “Entorno amigo para las personas mayores”.;Fundación para la Investigación Biomédica del Hospital Universitario La Paz;servicios;Pendiente de adjudicación;;—;;https://contratos-publicos.comunidad.madrid/contrato-publico/contrato-servicios-consultoria-soporte-tecnico-coordinacion-investigacion-proyecto
Otros anuncios;El objeto del presente pliego es la ampliación de la prestación de un servicio especializado de análisis estadístico. Esta ampliación está principalmente orientada al análisis exploratorio de los resultados obtenidos en el proyecto de investigación, con especial atención a la interpretación de las puntuaciones de utilidad derivadas del instrumento EQ-5D-Y-3L (value set o EQ-VALUE).;Fundación para la Investigación Biomédica del Hospital Universitario La Paz;servicios;Pendiente de adjudicación;;—;;https://contratos-publicos.comunidad.madrid/contrato-publico/contrato-servicio-especializado-analisis-estadistico-value-set-fundacion
Otros anuncios;0000312/2026 acuerdo marco para el suministro, de tracto sucesivo y precios unitarios, de placas y tornillos de traumatologia, (subgrupo 15.02 del catálogo s.a.s.) lotes desiertos del expediente paam 6/25, con disponibilidad de uso de determinado instrumental y equipamiento necesarios para su implantación, con destino a los centros que integran la central provincial de compras de córdoba. paam 15/26.;Servicio Andaluz de Salud;suministros;Pendiente de adjudicación;;—;;https://www.juntadeandalucia.es/haciendayadministracionpublica/apl/pdc_sirec/perfiles-licitaciones/detalle-licitacion.jsf?idExpediente=977128
Otros anuncios;servicio de mantenimientoascensores edificio c/ martínez montañés nº8;Delegación Territorial de Desarrollo Educativo y Formación Profesional y de Universidad, Investigación e Innovación en Jaén;servicios;Pendiente de adjudicación;;—;;https://www.juntadeandalucia.es/haciendayadministracionpublica/apl/pdc_sirec/perfiles-licitaciones/detalle-licitacion.jsf?idExpediente=979910
Otros anuncios;servicios vigilancia cuatro sedes avra provincia de cadiz;Agencia de Vivienda y Rehabilitación de Andalucía (AVRA);servicios;Pendiente de adjudicación;;—;;https://www.juntadeandalucia.es/haciendayadministracionpublica/apl/pdc_sirec/perfiles-licitaciones/detalle-licitacion.jsf?idExpediente=981906
Otros anuncios;Suministro de marcapasos monocameral sin cable para el Hospital Universitario La Paz;Hospital Universitario La Paz;suministros;Pendiente de adjudicación;;—;;https://contratos-publicos.comunidad.madrid/contrato-publico/pa-2026-0-37-suministro-marcapasos-monocameral-cable-hospital-universitario-paz
Otros anuncios;El objeto del presente pliego es la contratación del suministro e instalación de un sistema integral de monitorización clínica de pacientes destinado a la Unidad de Investigación Clínica y Ensayos Clínicos (UCICEC IDiPAZ), mediante la adquisición de monitores de cabecera, monitores de transporte, módulos multiparamétricos, telémetros portátiles, soportes, central de monitorización y licencias de software biomédico, así como las prestaciones accesorias de instalación, integración y formación operativa necesarias para su puesta en funcionamiento.;Fundación para la Investigación Biomédica del Hospital Universitario La Paz;suministros;Pendiente de adjudicación;;—;;https://contratos-publicos.comunidad.madrid/contrato-publico/contrato-suministro-equipos-sistema-monitorizacion-fundacion-investigacion
Otros anuncios;"Tratamientos selvícolas en varios montes de la zona oeste de la Comunidad de Madrid. financiados por el Fondo Europeo FEADER, la Administración General del Estado y la Comunidad de Madrid, en el marco del PEPAC 2023-2027. Expediente&nbsp;6-G/26";Consejería de Medio Ambiente, Agricultura e Interior;obras;Pendiente de adjudicación;;—;;https://contratos-publicos.comunidad.madrid/contrato-publico/tratamientos-selvicolas-varios-montes-zona-oeste-comunidad-madrid-financiados
Otros anuncios;AB-GLR1-26-044. Servicio de realización de ensayos relacionados con la esterilidad de los radiofármacos elaborados en la Unidad de Radiofármacos PET y de los medicamentos a base de células elaborados en él Centro de Fabricación de Terapias Avanzadas de Galicia, ambas unidades pertenecientes a Galaria, Empresa Pública de Servicios Sanitarios, S.A.;Consellería de Sanidade- SERGAS;servicios;Pendiente de adjudicación;;—;;https://www.contratosdegalicia.gal/licitacion?N=828399
Otros anuncios;CMA-2026-0141: CMR-2025-0065_1º contrato basado del lote 2: Camiseta interior térmica, pantalón interior térmico, bufanda tubular, calcetines de verano, calcetines de invierno, boina de invierno, guantes térmicos, polainas y chuvasqueiro del suministro sucesivo por precios unitarios, mediante acuerdo marco con un único empresario, de la uniformidad de agentes ambientales y ropa de personal técnico durante los años 2026, 2027 y 2028, cofinanciada parcialmente con el Fondo Europeo Agrícola de Desarrollo Rural (FEADER) en el marco del Plan Estratégico de la PAC 2023-2027.;Consellería de Medio Ambiente e Cambio Climático;suministros;Pendiente de adjudicación;;—;;https://www.contratosdegalicia.gal/licitacion?N=829281
Otros anuncios;Servicio de transporte en autobús para los viajeros afectados por las suspensiones de servicio no programadas en las líneas 7B, 9B y 12 de Metro de Madrid;Metro de Madrid, S.A.;servicios;Pendiente de adjudicación;;—;;https://contratos-publicos.comunidad.madrid/contrato-publico/servicio-transporte-autobus-viajeros-afectados-suspensiones-servicio-no-6
Otros anuncios;El objeto del contrato es la digitalización de documentos, que consistirá en la captura, tratamiento e inserción de metadatos de 190.000 capturas de imágenes de documentos del Archivo Regional de la Comunidad de Madrid y del Archivo Histórico Provincial de Madrid.;Consejería de Cultura, Turismo y Deporte;servicios;Pendiente de adjudicación;;—;;https://contratos-publicos.comunidad.madrid/contrato-publico/digitalizacion-documentos-archivo-regional-comunidad-madrid-archivo-historico-1
Otros anuncios;Suministro de Bus-Bar módulos Inverter TE2402CMP01A00 coches 7000;Metro de Madrid, S.A.;suministros;Pendiente de adjudicación;;—;;https://contratos-publicos.comunidad.madrid/contrato-publico/suministro-bus-bar-modulos-inverter-te2402cmp01a00-coches-7000
Otros anuncios;Contrato de obras de instalaciones de climatización, iluminación y PCI del CTA este CAID San Blas, integrado en la red de centros de tratamiento de adicciones de la Comunidad de Madrid.;Hospital Universitario Ramón y Cajal;obras;Pendiente de adjudicación;;—;;https://contratos-publicos.comunidad.madrid/contrato-publico/obras-instalaciones-climatizacion-iluminacion-pci-cta-caid-san-blas-integrado-red
Otros anuncios;Subministrament material fungible de camps quirúrgics per a tots els centres del Consorci Sanitari Integral;Consorci Sanitari Integral;suministros;Pendiente de adjudicación;;—;;https://contractaciopublica.cat/ca/detall-publicacio/e94b7082-e4ab-4b79-a66b-9ec04e869618/300898201
Otros anuncios;Contractació obres de reparació menor de la coberta de l'edifici del Palau Firal de Sant Antoni de Calonge.;Ajuntament de Calonge i Sant Antoni;obras;Pendiente de adjudicación;;—;;https://contractaciopublica.cat/ca/detall-publicacio/e4315edc-13c4-4af8-bb9d-8185f1bc8112/300898186
Otros anuncios;la prestació del servei de neteja dels equipaments i dependències adscrites a l’empresa municipal Badalona Cultura, S.L., així com de qualsevol altre espai en el qual l’empresa desenvolupi la seva activitat ordinària o extraordinària reservat a Centres Especials de Treball d’Iniciativa Social,.;Badalona Cultura, SL;servicios;Pendiente de adjudicación;;—;;https://contractaciopublica.cat/es/detall-publicacio/9e5459b7-5f0c-46f5-84bc-46315d21c97e/300898157
Otros anuncios;Acord marc per a la prestació dels serveis d’assessorament i suport als ens locals de la província de Barcelona en matèria de participació ciutadana, amb la selecció d'un màxim de 5 empreses;Diputació de Barcelona;servicios;Pendiente de adjudicación;;—;;https://contractaciopublica.cat/ca/detall-publicacio/9dbedc52-5481-4d52-85cd-5b333fd020d4/300898143
Otros anuncios;Subministrament de roba plana, coixins i matalassos per al Consorci Corporació Sanitària Parc Taulí i entitat adherida Sabadell Gent Gran Centre de Serveis;Consorci Corporació Sanitària Parc Taulí de Sabadell;suministros;Pendiente de adjudicación;;—;;https://contractaciopublica.cat/ca/detall-publicacio/011387a7-d370-4d19-9ada-29daf8ef41e3/300898113
Otros anuncios;2026PT0115AC - Servei de lloguer pista de gel pel Parc d'Atraccions del Tibidabo;Barcelona de Serveis Municipals SA;servicios;Pendiente de adjudicación;;—;;https://contractaciopublica.cat/ca/detall-publicacio/d7844b8f-ab0b-43bd-a081-9ddfbaf74172/300898103
Otros anuncios;Suministro de 10 vehículos pick-up necesarios por la renovación del parque móvil de Ferrocarriles de la Generalitat de Cataluña y Vallter SA (Ref: PO99/26);Ferrocarrils de la Generalitat de Catalunya;suministros;Pendiente de adjudicación;;—;;https://contractaciopublica.cat/ca/detall-publicacio/9d6e2619-1be0-4bf4-b90b-340dc3ce9b41/300898042
Otros anuncios;Suministro de ropa de trabajo (casual y profesional) y equipos de protección individual;Institut de Recerca i Tecnologia Agroalimentàries (IRTA);suministros;Pendiente de adjudicación;;—;;https://contractaciopublica.cat/ca/detall-publicacio/f3d89cb9-d438-425c-9c20-3bf22e36de87/300898036
Otros anuncios;És objecte del present contracte la restauració dels murs de la Plaça de Sant Pere de Berga. Degut al mal estat general del revestiment amb plaques de pedra de Sant Vicenç es preveu l’enderroc de tot el revestiment deixant els murs de formigó nets i repicats. Posteriorment es preveu la col·locació d’un nou revestiment amb plaques de pedra natural granítica de mides 60x40x3 cm. i acabat deixat de disc, subjectades al mur de base amb ancoratges ocults mitjançant pivots d'acer inoxidable. Finalment es preveu pintar el mur amb una pintura acrílica incolora per tal de protegir la superfície de les pintades i grafits. No es preveu la modificació de la geometria dels murs actuals.;Ajuntament de Berga;obras;Pendiente de adjudicación;;—;;https://contractaciopublica.cat/ca/detall-publicacio/70048420-83bb-4933-9516-57a57a81d387/300898008
Otros anuncios;L’objecte del contracte és la contractació del Servei d’acompanyament terapèutic socioeducatiu a les famílies. El Servei d’acompanyament terapèutic socioeducatiu a les famílies és un recurs municipal adreçat al conjunt de famílies, parelles o persones que presenten dificultats relacionalsi emocionals i que són ateses pels professionals dels serveis socials bàsicsde l’Ajuntament d’Olesa de Montserrat. L’objectiu general que persegueix aquest servei és realitzar un servei complementari dels serveis socials bàsics destinat a oferir acompanyament i suport de caire formatiu, educatiu i terapèutic a famílies, parelles o persones empadronades a Olesa de Montserrat que presentin dificultats emocionals, relacionals, des del model sistèmic relacionals que fomenti la capacitació de les persones amb qui s’intervé. Els objectius específics: • Prevenció de trastorns psicosocials • Potenciar dinàmiques relacionals saludables en l’àmbit familiar • Capacitació de pares i mares en l’exercici de la criança i educació dels seus fills/es • Prevenció de situacions de negligència i maltractaments • Donar suport a la tasca realitzada pels professionals dels serveis socials bàsics;Ajuntament d'Olesa de Montserrat;servicios;Pendiente de adjudicación;;—;;https://contractaciopublica.cat/ca/detall-publicacio/cf4668af-2896-46e5-9677-596d8dabaef2/300897994
Otros anuncios;Contractació de la creació d’un visualitzador de dades obert per a mostrar i consultar de manera automàtica, al moment i de forma interactiva els resultats globals i específics de la campanya Lets Clean Up Europe a Catalunya.;Agència de Residus de Catalunya;servicios;Pendiente de adjudicación;;—;;https://contractaciopublica.cat/ca/detall-publicacio/7de63e0c-c92d-46aa-ae9d-88e6f7da3b23/300897986
Otros anuncios;Contrato de servicios para asistencia técnica para la redacción del proyecto constructivo. Acondicionamiento de la B-224 del PK 4+600 al PK 8+000. Vallbona de Anoia-Piera. Clave: VB-98171-A2.1.F3;Infraestructures de la Generalitat de Catalunya, SAU;servicios;Pendiente de adjudicación;;—;;https://contractaciopublica.cat/ca/detall-publicacio/1986036b-75be-4c2b-bf08-acd272fb4637/300897977
Otros anuncios;Servei de menjador extern de Tecsal,S.A.;TECSAL, SA;servicios;Pendiente de adjudicación;;—;;https://contractaciopublica.cat/ca/detall-publicacio/226c5e08-b0d2-4a55-82e6-c10b2c820986/300897949
Otros anuncios;CS/CC00/1101476743/26/AMUP: acuerdo marco para el suministro agregado de sustitutos de tejidos blandos para los centros del Instituto Catalán de la Salud y centros adheridos: Consorcio Sanitario Alt Penedès-Garraf, Gestión de Servicios Sanitarios, Hospital de Cerdanya - AECT Agrupación Europea de Cooperación Territorial y Salud Cataluña Central;ICS - Gerència de compres;suministros;Pendiente de adjudicación;;—;;https://contractaciopublica.cat/ca/detall-publicacio/a4bb0a5b-8b7b-4a6b-8c97-4feeefad14de/300897941
Otros anuncios;És objecte del present plec la contractació, promoguda per l’Ajuntament de Castellfollit de la Roca, del contracte d’obres del projecte executiu de finalització de la urbanització del camí de ronda, redactat per l’arquitecta Montserrat Gou Juvinyà (Ref. 4152). El projecte esmentat ha estat aprovat definitivament el dia 4 de setembre de 2026, de resultes de no haver-se presentat cap al·legació contra l’acord d’aprovació inicial, publicat degudament al Butlletí Oficial de la Província per un termini de trenta (30) dies. El Codi CPV que correspon a aquest contracte és el 45233200-1 (treballs diversos de pavimentació). Per la naturalesa de les prestacions no és possible dividir l’objecte del contracte en lots, ja que l’objecte del contracte constitueix una unitat operativa o funcional i no procedeix una execució separada. La realització separada de la prestació objecte del contracte en dificultaria l’execució correcta des del punt de vista tècnic i comportaria la necessitat de coordinar l’execució de les prestacions per una pluralitat de contractistes diferents.;Ajuntament de Castellfollit de la Roca;obras;Pendiente de adjudicación;;—;;https://contractaciopublica.cat/ca/detall-publicacio/16ac46df-3f90-4752-9a8d-d79de79a26f5/300897926
Otros anuncios;Fase 2 de la rehabilitació d'habitatges de lloguer social del carrer del pont 2 de Sant Quirze de Besora;Ajuntament de Sant Quirze de Besora;obras;Pendiente de adjudicación;;—;;https://contractaciopublica.cat/ca/detall-publicacio/4ed56649-350c-46e8-95c9-c59d2f12bc6f/300897923
Otros anuncios;Obres de rehabilitació de via al tram urbà entre les estacions de Gràcia i Plaça Molina de la línia Barcelona-Vallès de Ferrocarrils de la Generalitat de Catalunya. (Ref.POS64/26);Ferrocarrils de la Generalitat de Catalunya;obras;Pendiente de adjudicación;;—;;https://contractaciopublica.cat/ca/detall-publicacio/485925e4-721a-4573-8a8f-4258aa5eff6c/300897921
Otros anuncios;Creació vorera a la carretera de Riba-Roja d'Ebre entre els carrers Ernst Scheff i Doctor Stroof per millorar l'accessibilitat.;Ajuntament de Flix;obras;Pendiente de adjudicación;;—;;https://contractaciopublica.cat/ca/detall-publicacio/f0b5ab1f-8efc-48f1-8c0d-08b52dd13e9b/300897919
Otros anuncios;Material electricidad y ventilación;Consorci Corporació Sanitària Parc Taulí de Sabadell;suministros;Pendiente de adjudicación;;—;;https://contractaciopublica.cat/ca/detall-publicacio/d2f64406-c714-4a06-a53f-922b73b6dea9/300897918
Otros anuncios;Servicio de explotación de las obras de regulación y transporte del canal Segarra-Garrigues;Ens d'Abastament d'Aigua Ter-Llobregat (ATL);servicios;Pendiente de adjudicación;;—;;https://contractaciopublica.cat/ca/detall-publicacio/7d235b0b-1997-4d2f-92a1-7c56ca99775d/300897917
Otros anuncios;El objeto de este contrato consiste en la prestación del servicio de mantenimiento de las instalaciones generales de los edificios de la Universidad Rovira i Virgili;Universitat Rovira i Virgili;servicios;Pendiente de adjudicación;;—;;https://contractaciopublica.cat/ca/detall-publicacio/2cdd23e0-3e15-4c32-8c88-ab69879f3afd/300897913
Otros anuncios;Obres de redistribució de la zona infantil de la Biblioteca de la Sagrada Família i creació d'una nova sala polivalent, ubicada al carrer Provença núm. 480 de Barcelona, al districte de l'Eixample;Ajuntament de Barcelona;obras;Pendiente de adjudicación;;—;;https://contractaciopublica.cat/ca/detall-publicacio/d9c6447c-1eb1-40d5-89d3-0154cd530b77/300896303
Otros anuncios;L’objecte del contracte és l’execució de les obres del projecte “Reurbanització i serveis del carrer Girona”, d’acord amb el projecte aprovat.;Ajuntament de Blanes;obras;Pendiente de adjudicación;;—;;https://contractaciopublica.cat/ca/detall-publicacio/5c5c75b1-49d4-4752-a280-4566c85384c2/300891959
Otros anuncios;Mantenimiento integral, preventivo y correctivo, con garantía total, de los edificios e instalaciones adscritos a la Subdirección General de Instalaciones Deportivas (SGID) de la Consejería de Cultura, Turismo y Deporte de la Comunidad de Madrid, de conformidad con lo establecido en el Pliego de Prescripciones Técnicas Particulares;Consejería de Cultura, Turismo y Deporte;servicios;Pendiente de adjudicación;;—;;https://contratos-publicos.comunidad.madrid/contrato-publico/servicio-mantenimiento-integral-garantia-total-instalaciones-deportivas-adscritas
Otros anuncios;Realización de trabajos de peritación en los juicios rápidos en el ámbito de la Comunidad de Madrid.;Consejería de Presidencia, Justicia y Administración Local;servicios;Pendiente de adjudicación;;—;;https://contratos-publicos.comunidad.madrid/contrato-publico/realizacion-trabajos-peritacion-juicios-rapidos-ambito-comunidad-madrid-1
Otros anuncios;Suministro de aceites vegetales para el servicio de hostelería del Hospital Universitario Ramón y Cajal;Hospital Universitario Ramón y Cajal;suministros;Pendiente de adjudicación;;—;;https://contratos-publicos.comunidad.madrid/contrato-publico/suministro-aceites-vegetales-servicio-hosteleria-hospital-universitario-ramon-1
Otros anuncios;Suministro de alimentos NO perecederos para el servicio de hostelería del Hospital Universitario Ramón y Cajal;Hospital Universitario Ramón y Cajal;suministros;Pendiente de adjudicación;;—;;https://contratos-publicos.comunidad.madrid/contrato-publico/suministro-alimentos-no-perecederos-servicio-hosteleria-hospital-universitario
Otros anuncios;plataforma colaborativa del cdau (callejeando);Instituto de Estadística y Cartografía de Andalucía;servicios;Pendiente de adjudicación;;—;;https://www.juntadeandalucia.es/haciendayadministracionpublica/apl/pdc_sirec/perfiles-licitaciones/detalle-licitacion.jsf?idExpediente=947763
Otros anuncios;fe01-26 at realización tareas de verificación dg ffee marco 21-27;Consejería de Economía, Hacienda , Fondos Europeos y Diálogo Social. Dirección General de Fondos Europeos (En Transición);servicios;Pendiente de adjudicación;;—;;https://www.juntadeandalucia.es/haciendayadministracionpublica/apl/pdc_sirec/perfiles-licitaciones/detalle-licitacion.jsf?idExpediente=982100
Otros anuncios;adjudicación, mediante sorteo, de permisos de caza para facilitar la incorporación de mujeres a la caza, en las modalidades de recechos y permisos de perdiz con reclamo en las provincias de almería, córdoba, granada, jaén, málaga y sevilla. temporada cinegética 2026-2027.;Agencia de Medio Ambiente y Agua de Andalucía;patrimonial;Pendiente de adjudicación;;—;;https://www.juntadeandalucia.es/haciendayadministracionpublica/apl/pdc_sirec/perfiles-licitaciones/detalle-licitacion.jsf?idExpediente=994381
Otros anuncios;suministro de mobiliario oficina para cedefos y centros infoca;Agencia de Emergencias de Andalucía;suministros;Pendiente de adjudicación;;—;;https://www.juntadeandalucia.es/haciendayadministracionpublica/apl/pdc_sirec/perfiles-licitaciones/detalle-licitacion.jsf?idExpediente=1005812
Otros anuncios;vigilancia cfo guadalquivir;Consejería de Empleo, Empresa y Trabajo Autónomo. Secretaría General Técnica (En Transición);servicios;Pendiente de adjudicación;;—;;https://www.juntadeandalucia.es/haciendayadministracionpublica/apl/pdc_sirec/perfiles-licitaciones/detalle-licitacion.jsf?idExpediente=982121
Otros anuncios;recolección, puesta en centro de recep de la produc de aceituna cjo enmedi0;Agencia de Gestión Agraria y Pesquera de Andalucía;servicios;Pendiente de adjudicación;;—;;https://www.juntadeandalucia.es/haciendayadministracionpublica/apl/pdc_sirec/perfiles-licitaciones/detalle-licitacion.jsf?idExpediente=981275
Otros anuncios;servicios integrados mod (vigilancia, mantenimiento de sist y gest alarmas);Delegación Territorial de Justicia, Administración Local y Función Pública en Málaga;servicios;Pendiente de adjudicación;;—;;https://www.juntadeandalucia.es/haciendayadministracionpublica/apl/pdc_sirec/perfiles-licitaciones/detalle-licitacion.jsf?idExpediente=977888
Otros anuncios;contratación del servicio de mantenimiento integral en hacienda de quinto;Agencia de Gestión Agraria y Pesquera de Andalucía;servicios;Pendiente de adjudicación;;—;;https://www.juntadeandalucia.es/haciendayadministracionpublica/apl/pdc_sirec/perfiles-licitaciones/detalle-licitacion.jsf?idExpediente=1005467
Otros anuncios;Suministro de sistema de válvula pulmonar transcatéter autoexpandible con valvas de pericardio porcino para el Servicio de Cardiología Pediátrica del Hospital Universitario Ramón y Cajal;Hospital Universitario Ramón y Cajal;suministros;Pendiente de adjudicación;;—;;https://contratos-publicos.comunidad.madrid/contrato-publico/suministro-sistema-valvula-pulmonar-transcateter-autoexpandible-valvas-pericardio
Otros anuncios;Suministro de archivadores y bandejas para escaner de protaobjetos y bloques de parafina para el Servicio de Anatomía Patológica del Hospital Universitario Ramón y Cajal;Hospital Universitario Ramón y Cajal;suministros;Pendiente de adjudicación;;—;;https://contratos-publicos.comunidad.madrid/contrato-publico/suministro-archivadores-bandejas-escaner-protaobjetos-bloques-parafina-servicio
Otros anuncios;Suministro de sistemas de contenedores para esterilización de sets quirúrgicos para la Central de Esterilización del Hospital Universitario Ramón y Cajal;Hospital Universitario Ramón y Cajal;suministros;Pendiente de adjudicación;;—;;https://contratos-publicos.comunidad.madrid/contrato-publico/suministro-sistemas-contenedores-esterilizacion-sets-quirurgicos-central
Otros anuncios;Acuerdo marco de servicios para la realización de pruebas PET TAC en Centros externos para el Servicio de Medicina Nuclear a pacientes del Hospital Universitario Ramón y Cajal.;Hospital Universitario Ramón y Cajal;servicios;Pendiente de adjudicación;;—;;https://contratos-publicos.comunidad.madrid/contrato-publico/acuerdo-marco-servicios-realizacion-pruebas-pet-tac-centros-externos-servicio
Otros anuncios;Contrato de servicios para la redacción del proyecto de ejecución para la integración del Bloque Quirúrgico en la planta 1ª del Hospital Universitario Ramón y Cajal.;Hospital Universitario Ramón y Cajal;servicios;Pendiente de adjudicación;;—;;https://contratos-publicos.comunidad.madrid/contrato-publico/contrato-servicios-redaccion-proyecto-ejecucion-integracion-bloque-quirurgico
Otros anuncios;Suministro de frutas frescas, verduras frescas y productos de cuarta gama para el Servicio de Hostelería del Hospital Universitario Ramón y Cajal;Hospital Universitario Ramón y Cajal;suministros;Pendiente de adjudicación;;—;;https://contratos-publicos.comunidad.madrid/contrato-publico/suministro-frutas-frescas-verduras-frescas-productos-cuarta-gama-servicio-0
Otros anuncios;Servicio de recepción, control y conserjería en la Residencia Nuestra Señora de Begoña (Residencia Municipal de Santurtzi).;Residencia Municipal Santurtzi-Presidencia;servicios;Pendiente de adjudicación;;—;;https://www.contratacion.euskadi.eus/webkpe00-kpeperfi/es/contenidos/anuncio_contratacion/expjaso730206/es_doc/index.html
Otros anuncios;Suministro de un Sistema de Monitorización Multiparamétrica Avanzada para el Servicio de Anestesiología, Reanimación y Terapia del Dolor de la OSI Donostialdea;OSAKIDETZA - Servicio Vasco de Salud -Director Gerente;suministros;Pendiente de adjudicación;;—;;https://www.contratacion.euskadi.eus/webkpe00-kpeperfi/es/contenidos/anuncio_contratacion/exposakisap2026001460/es_doc/index.html
Otros anuncios;Servicios de reparación y de limpieza de los radiadores MAN y el suministro de recambios de radiadores para los modelos de autobús marca SOLARIS de la flota de autobuses de la CTSS;Compañía del Tranvía de San Sebastián, S.A.U.-Director;suministros;Pendiente de adjudicación;;—;;https://www.contratacion.euskadi.eus/webkpe00-kpeperfi/es/contenidos/anuncio_contratacion/expjaso742534/es_doc/index.html
Otros anuncios;Servicios arqueológicos para la ejecución del Proyecto de Investigación Arqueológica de Asurtzu correspondiente al periodo 2026-2028;Ayuntamiento de Azpeitia-Alcaldía;servicios;Pendiente de adjudicación;;—;;https://www.contratacion.euskadi.eus/webkpe00-kpeperfi/es/contenidos/anuncio_contratacion/expjaso735173/es_doc/index.html
Otros anuncios;Servicio de valija para la Diputación Foral de Álava;Diputación Foral de Álava-Diputado/a Foral de Fomento del Empleo, Comercio y Turismo y de Administración Foral;servicios;Pendiente de adjudicación;;—;;https://www.contratacion.euskadi.eus/webkpe00-kpeperfi/es/contenidos/anuncio_contratacion/expjaso732746/es_doc/index.html
Otros anuncios;Diseñar, desarrollar, implantar y validar un MVP del Servicio de Atención Inteligente de Fomento de San Sebastián (SAISS);Sociedad Fomento de San Sebastián, S.A.-Presidente;servicios;Pendiente de adjudicación;;—;;https://www.contratacion.euskadi.eus/webkpe00-kpeperfi/es/contenidos/anuncio_contratacion/expjaso727466/es_doc/index.html
Otros anuncios;Contrato de servicios para la implantación de un sistema de información integral para la digitalización de archivos y procesos del departamento de RRHH del Hospital Universitario Ramón y Cajal.;Hospital Universitario Ramón y Cajal;servicios;Pendiente de adjudicación;;—;;https://contratos-publicos.comunidad.madrid/contrato-publico/servicios-implantacion-sistema-informacion-integral-digitalizacion-archivos
Otros anuncios;Apoyo al mantenimiento y soporte técnico al control, medida y protección de instalaciones de energía;Metro de Madrid, S.A.;servicios;Pendiente de adjudicación;;—;;https://contratos-publicos.comunidad.madrid/contrato-publico/servicio-apoyo-mantenimiento-soporte-tecnico-control-medida-proteccion-1
Otros anuncios;vigilancia y mant. y gestión de alarmas en ofic/c.e. y cio de mijas;Dirección Provincial del Servicio Andaluz de Empleo de Málaga;servicios;Pendiente de adjudicación;;—;;https://www.juntadeandalucia.es/haciendayadministracionpublica/apl/pdc_sirec/perfiles-licitaciones/detalle-licitacion.jsf?idExpediente=1004697
Otros anuncios;Modelos de previsión económica y del mercado de trabajo;Director General de Planificación, Coordinación, Innovación y Evaluación de Políticas Públicas;servicios;Anuncio previo;;—;;https://hacienda.navarra.es/sicpportal/mtoFichaAnuncioPrevisto.aspx?cod=261002075557671E4870
Otros anuncios;Contrato de obra Reforma de la cubierta de la Escuela Infantil de Marcilla;AYUNTAMIENTO DE MARCILLA;obras;Anulada;;—;;https://hacienda.navarra.es/sicpportal/mtoAnunciosModalidad.aspx?cod=260925075516BDA4EB7F
Otros anuncios;Servicios de asistencia técnica para la redacción de planes directores y estudios técnicos municipales de abastecimiento, saneamiento y reutilización;Canal de Isabel II, S.A.;servicios;Pendiente de adjudicación;;—;;https://contratos-publicos.comunidad.madrid/contrato-publico/servicios-asistencia-tecnica-redaccion-planes-directores-estudios-tecnicos
Otros anuncios;Contratación de los servicios de Recepción y Conserjería en Planifica Madrid, Proyectos y Obras, M.P., S.A., a adjudicar por procedimiento abierto con pluralidad de criterios, para el periodo 2026-2028.;Planifica Madrid, Proyectos y Obras, S.A.;servicios;Pendiente de adjudicación;;—;;https://contratos-publicos.comunidad.madrid/contrato-publico/planifica-madrid-proyectos-obras-mp-sa-rh-0027-2026-s-contratacion-servicios
Otros anuncios;Suministro de concentradores NB-IoT para contadores de agua une 82326:2010 y servicio de telecomunicaciones para su telelectura;Canal de Isabel II, S.A.;suministros;Pendiente de adjudicación;;—;;https://contratos-publicos.comunidad.madrid/contrato-publico/suministro-concentradores-nb-iot-contadores-agua-une-823262010-servicio-0
Otros anuncios;Suministro de apoyos para forfaites para las estaciones de montaña de FGC Turismo (PO92/26);Ferrocarrils de la Generalitat de Catalunya;suministros;Pendiente de adjudicación;;—;;https://contractaciopublica.cat/ca/detall-publicacio/37b39b95-c158-4a4f-8be9-61823c6d74ca/300897907
Otros anuncios;Contrato de servicios para asistencia técnica para la redacción del proyecto constructivo. Variante de Caldes de Montbui, del PK 33+725 de la C-1413a al PK 12+900 de la C-59. Sentmenat - Caldes de Montbui. Clave: VB-05013-A1;Infraestructures de la Generalitat de Catalunya, SAU;servicios;Pendiente de adjudicación;;—;;https://contractaciopublica.cat/ca/detall-publicacio/ffacc7aa-9a33-4ac5-9709-8c9fdce2a3b9/300897899
Otros anuncios;Licitación del seguro de responsabilidad civil para 2027;Consorcio para el Servicio de Extinción de Incendios, Salvamento y Protección Civil de La Rioja;servicios;Pendiente de adjudicación;;—;;https://www.larioja.org/contratacion-publica/es/licitaciones/consulta-expedientes?homepage=?p_colateral%3D75-7-9.02-0002%2F2027%26p_dia_ini%3D16%26p_mes_ini%3D09%26p_ano_ini%3D2026%26p_dia_fin%3D16%26p_mes_fin%3D09%26p_ano_fin%3D2026%26p_todas%3DN
Otros anuncios;El objeto del presente contrato es la prestación de servicios de asistencia técnica, supervisión, seguimiento y apoyo técnico especializado en el marco del proyecto de implantación de un sistema de ticketing basado en cuenta (Account-Based Ticketing: ABT) en el transporte público regular de viajeros de la Comunidad de Madrid, con los alcances establecidos en el Pliego de Prescripciones Técnicas Particulares. Se destaca que este contrato de asistencia técnica es complementario y se distingue claramente del contrato principal de implantación y puesta en servicio del sistema, cuyo objeto es la ejecución directa del sistema ABT: desarrollo, diseño, implantación, soporte, mantenimiento y operación de la implementación de la solución ABT en la Comunidad de Madrid.;Organismo Autónomo Consorcio Regional de Transportes Regulares de Madrid.;servicios;Pendiente de adjudicación;;—;;https://contratos-publicos.comunidad.madrid/contrato-publico/sg-22026-servicio-asistencia-tecnica-consorcio-regional-transportes-madrid-crtm
Otros anuncios;Servicio de limpieza del Instituto El Morell;Centres educatius - Serveis Territorials a Tarragona;servicios;Anuncio previo;;—;;https://contractaciopublica.cat/ca/detall-publicacio/978cdb81-a3c5-405a-b00c-fa99a85a094a/300897706
Otros anuncios;Gestión indirecta, en régimen de concesión de servicios, del servicio público de atención domiciliaria en el municipio de Viladecans.;Ajuntament de Viladecans;999;Anuncio previo;;—;;https://contractaciopublica.cat/ca/detall-publicacio/53c7242b-0a0a-4d7e-9d50-58ba177972a8/300897353
Otros anuncios;Servicio de limpieza del Instituto Ramon Berenguer IV;Centres educatius - Serveis Territorials a Tarragona;servicios;Anuncio previo;;—;;https://contractaciopublica.cat/ca/detall-publicacio/d7a14efe-f321-47aa-9def-1547089ceaca/300897005
Otros anuncios;Suministro de equipamiento para la ampliación de la infraestructura de almacenamiento de datos;Fundación Miguel Servet;suministros;Pendiente de adjudicación;;—;;https://hacienda.navarra.es/sicpportal/mtoAnunciosModalidad.aspx?cod=260923145159D315B88A
Otros anuncios;Contrato de servicio de limpieza de vías públicas de Galar (polígonos);Junta de Gobierno Local;servicios;Pendiente de adjudicación;;—;;https://hacienda.navarra.es/sicpportal/mtoAnunciosModalidad.aspx?cod=260916145323DD05C925
Otros anuncios;Servicio de comunicación institucional;Junta de Gobierno Local;servicios;Pendiente de adjudicación;;—;;https://hacienda.navarra.es/sicpportal/mtoAnunciosModalidad.aspx?cod=260916143357532D61D0
Otros anuncios;Mantenimiento del Parque Informático de la Administración de la Comunidad Foral de Navarra durante el año 2027;Director General de Telecomunicaciones y Digitalización;servicios;Pendiente de adjudicación;;—;;https://hacienda.navarra.es/sicpportal/mtoAnunciosModalidad.aspx?cod=2609011431488039B55D
Otros anuncios;"Suministro, instalación y puesta en funcionamiento de un sistema automatizado de montaje de cubreobjetos, para el servicio de Anatomía Patológica del Hospital Universitario Infanta Cristina.&nbsp;A adjudicar por procedimiento abierto simplificado abreviado";Hospital Universitario Infanta Cristina;suministros;Pendiente de adjudicación;;—;;https://contratos-publicos.comunidad.madrid/contrato-publico/suministro-instalacion-puesta-funcionamiento-sistema-automatizado-montaje
Otros anuncios;Este contrato tiene por objeto la realización de la integración de la información que aportan los diferentes indicadores relativos a la salud mental y adicciones, todo ello dentro de la vigilancia, análisis y control de las condiciones de salud y sus determinantes, así como de las enfermedades transmisibles y no transmisibles y su distribución en los distintos grupos de población.;Consejería de Sanidad;servicios;Pendiente de adjudicación;;—;;https://contratos-publicos.comunidad.madrid/contrato-publico/servicios-apoyo-elaboracion-indicadores-epidemiologicos-salud-mental-comunidad
Otros anuncios;Adquisición, el suministro e instalación de 6 respiradores de Invasiva y tomografía por impedancia eléctrica para el Servicio de Medicina Intensiva del Hospital Universitario Puerta de Hierro Majadahonda.;Hospital Universitario Puerta de Hierro Majadahonda;suministros;Pendiente de adjudicación;;—;;https://contratos-publicos.comunidad.madrid/contrato-publico/suministro-instalacion-puesta-funcionamiento-respiradores-invasiva-tomografia
Otros anuncios;Suministro, instalación y puesta en funcionamiento de 3 equipos de anestesia de alta gama y 3 monitores para los servicios de CGD, COT y GINECOLOGÍA del Hospital Universitario Infanta Cristina. A adjudicar por procedimiento abierto con pluralidad de criterios;Hospital Universitario Infanta Cristina;suministros;Pendiente de adjudicación;;—;;https://contratos-publicos.comunidad.madrid/contrato-publico/suministro-instalacion-puesta-funcionamiento-3-equipos-anestesia-alta-gama-3-0
Otros anuncios;El objeto del presente expediente de contratación consiste en el suministro, instalación y puesta en funcionamiento, mediante adquisición, de seis equipos de anestesia de gama media con destino al Hospital Universitario El Escorial, cuyas características se especifican en el pliego de prescripciones técnicas particulares.;Hospital Universitario El Escorial;suministros;Pendiente de adjudicación;;—;;https://contratos-publicos.comunidad.madrid/contrato-publico/suministro-instalacion-puesta-marcha-seis-equipos-anestesia-gama-media-destino
Otros anuncios;Suministro, instalación y puesta en funcionamiento de 3 equipos de anestesia de alta gama y 3 monitores para los servicios de oftalmología, dermatología, urología y ORL del Hospital Universitario Infanta Cristina.;Hospital Universitario Infanta Cristina;suministros;Pendiente de adjudicación;;—;;https://contratos-publicos.comunidad.madrid/contrato-publico/suministro-instalacion-puesta-funcionamiento-3-equipos-anestesia-alta-gama-3
Otros anuncios;Servicios de montaje y desmontaje de la exposición “María Gómez. Cada cierto tiempo se lee el mismo libro”. La muestra, comisariada por la directora del Museo, Tania Pardos, se celebrará del 30 de enero al 13 de junio de 2027 en la tercera planta del edificio del Museo CA2M;Consejería de Cultura, Turismo y Deporte;servicios;Pendiente de adjudicación;;—;;https://contratos-publicos.comunidad.madrid/contrato-publico/montaje-desmontaje-exposicion-maria-gomez-cada-cierto-tiempo-lee-mismo-libro-museo
Otros anuncios;Suministro, Instalación y Puesta en Marcha de un Equipo de Resonancia Magnética para el Servicio de Radiología para el Hospital Universitario de Getafe;Hospital Universitario de Getafe;suministros;Pendiente de adjudicación;;—;;https://contratos-publicos.comunidad.madrid/contrato-publico/suministro-instalacion-puesta-marcha-equipo-resonancia-magnetica-servicio
Otros anuncios;Servicio de mantenimiento integral, conservación y mejora de las zonas verdes, jardines y espacios ajardinados de la sede de la Fundación Canal, sita en la calle Mateo Inurria, nº 2 de Madrid.;Fundación Canal De Isabel II;servicios;Pendiente de adjudicación;;—;;https://contratos-publicos.comunidad.madrid/contrato-publico/servicio-jardineria
Otros anuncios;El Contrato de Servicios titulado: “Servicio de provisión de apoyos para la inclusión sociolaboral de personas con trastorno del espectro del autismo” es una iniciativa técnica específica dirigida a impulsar la inclusión sociolaboral de personas con trastorno del espectro del autismo (en adelante TEA), en entornos preferentemente ordinarios, a través de la organización y gestión de un servicio de provisión de apoyos.;Consejería de Familia, Juventud y Asuntos Sociales;servicios;Pendiente de adjudicación;;—;;https://contratos-publicos.comunidad.madrid/contrato-publico/servicio-provision-apoyos-inclusion-sociolaboral-personas-trastorno-espectro-0
Otros anuncios;contratación del servicio de gestión de mantenimiento integral predictivo, preventivo y correctivo en 16 centros de trabajo de la empresa pública para la gestión del turismo y del deporte de andalucía, s.a., m.p.;Empresa Pública para la Gestión del Turismo y el Deporte de Andalucía, S.A.;servicios;Pendiente de adjudicación;;—;;https://www.juntadeandalucia.es/haciendayadministracionpublica/apl/pdc_sirec/perfiles-licitaciones/detalle-licitacion.jsf?idExpediente=982311
Otros anuncios;L'objecte del present contracte és la contractació d'un servei de programari o plataforma de gestió documental per a la coordinació d'activitats empresarials (CAE) mitjançant una aplicació web en modalitat SaaS (Software as a Service) per al Parc Científic de Barcelona. Les diferents activitats i prestacions principals que comprendrà el contracte seran: ● Provisió de llicències d'ús i accés a la plataforma web de gestió documental (SaaS) per a la Coordinació d'Activitats Empresarials (CAE). ● Parametrització, configuració inicial i posada en marxa de la plataforma tecnològica, adaptant-la a l'estructura i requeriments operatius del Parc Científic de Barcelona. ● Migració de les dades i de la documentació històrica existent des dels sistemes anteriors cap a la nova plataforma. ● Allotjament de les dades (hosting) en servidors segurs, garantint l'alta disponibilitat del servei i el compliment estricte de la normativa vigent en matèria de protecció de dades personals (RGPD i LOPDGDD). ● Servei de suport tècnic i manteniment integral (preventiu, correctiu i evolutiu) del programari, incloent-hi la resolució d'incidències tècniques i l'actualització contínua de versions i funcionalitats. ● Formació i capacitació del personal administrador i gestor del Parc Científic de Barcelona per assegurar la correcta utilització, explotació i administració de l'eina web.;Fundació Parc Científic de Barcelona;servicios;Pendiente de adjudicación;;—;;https://contractaciopublica.cat/ca/detall-publicacio/fc06701a-80c7-497f-bcd4-69667d07e5f6/300899140
Otros anuncios;suministro material de oficina no inventariable ss.cc ifapa;Instituto Andaluz de Investigación y Formación Agraria, Pesquera, Alimentaria y de la Producción Ecológica. Servicios Centrales;suministros;Pendiente de adjudicación;;—;;https://www.juntadeandalucia.es/haciendayadministracionpublica/apl/pdc_sirec/perfiles-licitaciones/detalle-licitacion.jsf?idExpediente=1009021
Otros anuncios;suministro en modalidad de adquisicion 42 vehiculos 4x4 dispositivo infoca;Agencia de Emergencias de Andalucía;suministros;Pendiente de adjudicación;;—;;https://www.juntadeandalucia.es/haciendayadministracionpublica/apl/pdc_sirec/perfiles-licitaciones/detalle-licitacion.jsf?idExpediente=1008014
Otros anuncios;servicio de autobuses para las eehh curso 2026-27;Dirección Provincial del Servicio Andaluz de Empleo de Málaga;servicios;Pendiente de adjudicación;;—;;https://www.juntadeandalucia.es/haciendayadministracionpublica/apl/pdc_sirec/perfiles-licitaciones/detalle-licitacion.jsf?idExpediente=1008187
Otros anuncios;Servicio de asistencia técnica y asesoramiento en diversas materias al CPV;Consorcio Puntos Vuela de Andalucía.;servicios;Pendiente de adjudicación;;—;;https://www.juntadeandalucia.es/haciendayadministracionpublica/apl/pdc_sirec/perfiles-licitaciones/detalle-licitacion.jsf?idExpediente=1005829
Otros anuncios;Producció i subministrament de marcs i paspartús, i els serveis d’emmarcament/desemmarcament de les obres d’art, amb mesures de contractació pública responsable social, sostenible i ambiental;Consorci Museu Nacional d'Art de Catalunya;suministros;Pendiente de adjudicación;;—;;https://contractaciopublica.cat/ca/detall-publicacio/da8dc0a5-8a51-4341-87a4-b3c45da5f9be/300899131
Otros anuncios;20 unitats Cameo Studio Par 4 G2 10 unitats Cameo Flat Pro 12 G2 10 unitats Cameo FlatPro 7 G2;Corporació Catalana de Mitjans Audiovisuals, SA (CCMA, SA);suministros;Pendiente de adjudicación;;—;;https://contractaciopublica.cat/ca/detall-publicacio/87389cb6-3a0d-48a3-bf60-f2807489f227/300899126
Otros anuncios;Subministrament consistent en la producció i lliurament de dos-cents exemplars d'una edició facsímil del manuscrit M 971 (Missa de Barcelona), incloent-hi la reproducció dels manuscrits M 971, M 971b i M 971c, la impressió d'un llibre d'estudis i la fabricació d'un estoig de presentació per part de la Biblioteca de Catalunya;Biblioteca de Catalunya;suministros;Pendiente de adjudicación;;—;;https://contractaciopublica.cat/ca/detall-publicacio/1e18a076-7c61-4434-bc27-8d6313c5d027/300899123
Otros anuncios;Servei de Cantina de l'Escola d'Art Pau Gargallo de Badalona;Centres educatius - Serveis Territorials al Barcelonès;servicios;Pendiente de adjudicación;;—;;https://contractaciopublica.cat/ca/detall-publicacio/279a84f5-becb-407b-84bf-aeaec9267014/300899117
Otros anuncios;Servicio de comunicación;Ayuntamiento de Bergara-Alcalde;servicios;Pendiente de adjudicación;;—;;https://www.contratacion.euskadi.eus/webkpe00-kpeperfi/es/contenidos/anuncio_contratacion/expjaso732699/es_doc/index.html
Otros anuncios;Servicio de limpieza de los locales de la Mancomunidad de Servicios de Uribe Kosta (MUSK);Mancomunidad de Servicios de Uribe Kosta-Presidenta;servicios;Pendiente de adjudicación;;—;;https://www.contratacion.euskadi.eus/webkpe00-kpeperfi/es/contenidos/anuncio_contratacion/expjaso506148/es_doc/index.html
Otros anuncios;Servicio denominado UK Hezkidetza del Servicio de Igualdad a desarrollar en los centros educativos de primaria y secundaria de los municipios que integran la Mancomunidad de Servicios Uribe Kosta.;Mancomunidad de Servicios de Uribe Kosta-Presidenta;servicios;Pendiente de adjudicación;;—;;https://www.contratacion.euskadi.eus/webkpe00-kpeperfi/es/contenidos/anuncio_contratacion/expjaso426334/es_doc/index.html
Otros anuncios;Renting vehículos para el Parque Móvil del Gobierno Vasco;Gobierno Vasco-Viceconsejería de Administración y Servicios Generales;suministros;Pendiente de adjudicación;;—;;https://www.contratacion.euskadi.eus/webkpe00-kpeperfi/es/contenidos/anuncio_contratacion/expjaso738112/es_doc/index.html
Otros anuncios;Suministro de máquinas cardiovasculares para el polideportivo de Larrabetzu;Ayuntamiento de Larrabetzu-Alcalde;suministros;Pendiente de adjudicación;;—;;https://www.contratacion.euskadi.eus/webkpe00-kpeperfi/es/contenidos/anuncio_contratacion/expgebizkaia3459827/es_doc/index.html
Otros anuncios;Servicio de desarrollo integral, puesta en marcha y soporte de una plataforma tecnológica federada orientada a la gestión de espacios de datos;Ayuntamiento de Ermua-Alcalde-Presidente;servicios;Pendiente de adjudicación;;—;;https://www.contratacion.euskadi.eus/webkpe00-kpeperfi/es/contenidos/anuncio_contratacion/expjaso742457/es_doc/index.html
Otros anuncios;Suministro e instalación de un nuevo sistema eléctrico modular para un CPD;Fundación Donostia International Physics Center-Director;suministros;Pendiente de adjudicación;;—;;https://www.contratacion.euskadi.eus/webkpe00-kpeperfi/es/contenidos/anuncio_contratacion/expjaso739308/es_doc/index.html
Otros anuncios;Suministro de la infraestructura de refrigeración y comunicaciones del nuevo supercomputador ATENEA;Fundación Donostia International Physics Center-Director;suministros;Pendiente de adjudicación;;—;;https://www.contratacion.euskadi.eus/webkpe00-kpeperfi/es/contenidos/anuncio_contratacion/expjaso739301/es_doc/index.html
Otros anuncios;Instalación de cocina in situ en el CPI IKASBIDEA IKASTOLA de Arrazua-Ubarrundia (Araba);Gobierno Vasco-Dirección de Gestión Económica;obras;Pendiente de adjudicación;;—;;https://www.contratacion.euskadi.eus/webkpe00-kpeperfi/es/contenidos/anuncio_contratacion/expjaso738102/es_doc/index.html
Otros anuncios;Contrato mixto de servicio de redacción del proyecto, dirección y ejecución de obra de 8 viviendas, trasteros y garajes de régimen tasado municipal en la parcela del caserío Zaldibarren, Bidania gunea 18, del municipio de Bidania Goiatz (Gipuzkoa);Etorlur Gipuzkoako Lurra S.A.-Director General-Gerente y Consejo de Administración;999;Pendiente de adjudicación;;—;;https://www.contratacion.euskadi.eus/webkpe00-kpeperfi/es/contenidos/anuncio_contratacion/expjaso731061/es_doc/index.html
Otros anuncios;Contrato mixto de servicio de redacción del estudio de detalle, proyecto, dirección y ejecución de obra de 4 viviendas y garajes de régimen tasado municipal en el área de intervención urbanística “BBI-04 Etxebeste” del municipio de Beizama;Etorlur Gipuzkoako Lurra S.A.-Director General-Gerente;999;Pendiente de adjudicación;;—;;https://www.contratacion.euskadi.eus/webkpe00-kpeperfi/es/contenidos/anuncio_contratacion/expjaso731032/es_doc/index.html
Otros anuncios;El suministro, instalación, puesta en marcha y formación para su uso de una impresora de serigrafía automática de cama plana (flat bed) con alineamiento automático;Fundación BCMaterials - Basque Center for Materials, Applications and Nanostructures-Gerente;suministros;Pendiente de adjudicación;;—;;https://www.contratacion.euskadi.eus/webkpe00-kpeperfi/es/contenidos/anuncio_contratacion/expjaso741644/es_doc/index.html
Otros anuncios;obras de reparación elementos estructurales balneario de la palma y el real;Instituto Andaluz del Patrimonio Histórico;obras;Pendiente de adjudicación;;—;;https://www.juntadeandalucia.es/haciendayadministracionpublica/apl/pdc_sirec/perfiles-licitaciones/detalle-licitacion.jsf?idExpediente=1004685
Otros anuncios;servicio vigilancia y seguridad edificio prensa;Consejería de Economía, Hacienda , Fondos Europeos y Diálogo Social. Secretaría General Técnica (En Transición);servicios;Pendiente de adjudicación;;—;;https://www.juntadeandalucia.es/haciendayadministracionpublica/apl/pdc_sirec/perfiles-licitaciones/detalle-licitacion.jsf?idExpediente=983813
Otros anuncios;pa 31/2026 servicio de mantenimiento tecnico legal y especializado para las instalaciones de protección contra incendios en los centros dependientes del hospital universitario virgen del rocio de sevilla;Servicio Andaluz de Salud;servicios;Pendiente de adjudicación;;—;;https://www.juntadeandalucia.es/haciendayadministracionpublica/apl/pdc_sirec/perfiles-licitaciones/detalle-licitacion.jsf?idExpediente=1000281
Otros anuncios;Medición de la concentración promedio anual de gas radón, análisis de las muestras y emisión de informe de resultados en 14 centros de trabajo (CADES);Fundación Pública Andaluza Andalucía Emprende (en transición);servicios;Pendiente de adjudicación;;—;;https://www.juntadeandalucia.es/haciendayadministracionpublica/apl/pdc_sirec/perfiles-licitaciones/detalle-licitacion.jsf?idExpediente=1008215
Otros anuncios;Este contrato tiene por objeto el establecimiento de un acuerdo marco de los diferentes servicios que sirven de apoyo integral a la Investigación Científica y Clínica necesarios para desarrollar tareas propias de los proyectos de investigación y actividades de la Fundación para la Investigación Biomédica del Hospital Gregorio Marañón.;Fundación para la Investigación Biomédica del Hospital Gregorio Marañón;servicios;Pendiente de adjudicación;;—;;https://contratos-publicos.comunidad.madrid/contrato-publico/am-servicios-apoyo-integral-investigacion-cientifica-clinica-fibhgm-pa-032026
Otros anuncios;Este contrato tiene por objeto la contratación del suministro, en régimen de arrendamiento financiero (leasing), de un citómetro espectral de flujo multiláser, para el Proyecto FFA25/02 cuyo título es “Trasplante de células Thytreg autólogas para prevenir el rechazo en niños trasplantados de corazón: Modelo de Exención Hospitalaria e implantación en el sistema de salud: Fase 3” cuyo Investigador Principal (IP) es Rafael Correa Rocha del Laboratorio de Inmuno-Regulación del Hospital Gregorio Marañón.;Fundación para la Investigación Biomédica del Hospital Gregorio Marañón;suministros;Pendiente de adjudicación;;—;;https://contratos-publicos.comunidad.madrid/contrato-publico/sum-arrendamiento-financiero-citometro-espectral-flujo-multilaser-pi-ffa2502
Otros anuncios;Aquest contracte té per objecte l’adquisició de maquinària de combustió i elèctrica de jardineria i forestal de les Brigades Externes del Centre el Puig del Consell Comarcal del Pla de l’Estany.;Consell Comarcal del Pla de l'Estany;suministros;Pendiente de adjudicación;;—;;https://contractaciopublica.cat/ca/detall-publicacio/f69fbafc-171a-409c-b795-98ca830daaa7/300899121
Otros anuncios;Aquest contracte té per objecte el subministrament, en règim d’arrendament operatiu, d’un tractor agrícola amb braç desbrossadora per al tractor, amb destinació al servei de Brigades Externes de l’àrea del centre ocupacional i especial de treball “El Puig” (Centre El Puig) per a la realització de treballs de sega de camins rurals, a la comarca del Pla de l’Estany. El contracte comprendrà la posada a disposició dels vehicles, així com totes aquelles prestacions inherents a l’arrendament operatiu incloent-hi, amb caràcter enunciatiu i no limitatiu: • Dret d’utilització amb tots els accessoris incorporats, • Realització d’un màxim de 150 hores mensuals d’acord amb el repartiment anual contingut a l’apartat 10.2 del PPTP, • Assegurança a tot risc sense franquícia, • Manteniment integral preventiu i reparació d’avaries (mà d’obra i peces), sense cap tipus d’excepció (veure apartat 8 del PPTP), • Lliurament d’un tractor vehicle de substitució o braç desbrossadora de les mateixes característiques, en cas d’avaries que necessitin un temps de reparació superior a 72 hores. • 1 joc de ganivetes o martelles inclòs cada any. • Obligacions fiscals: ITV, matriculació i impostos. • Llibre o manual d’instruccions i funcionament del vehicle i dels seus equipaments de sèrie. • Els vehicles es lliuraran amb el material de recanvis i eines que resultin obligatòries per la legislació vigent. • Formació mínima als conductors i operaris, per conèixer el funcionament. • Altres obligacions que es detallen en el present document.;Consell Comarcal del Pla de l'Estany;suministros;Pendiente de adjudicación;;—;;https://contractaciopublica.cat/ca/detall-publicacio/da6abbb7-7211-4d37-8b81-e7f69ca3e233/300899116
Otros anuncios;(Exp. CSAPG 2025/05) Subministrament de material per cirurgia laparoscòpia d'un sol ús per al Consorci Sanitari de l'Alt Penedès i Garraf , mitjançant l'homologació del catàleg de productes d'un proveïdor per establir-lo com a únic subministrador.;Consorci Sanitari de l'Alt Penedès i Garraf;suministros;Pendiente de adjudicación;;—;;https://contractaciopublica.cat/ca/detall-publicacio/5e978891-e985-47be-ba4e-c791cc288a6e/300899111
Otros anuncios;"És objecte del contracte la subscripció per part de la. Diputació de Tarragona d’una pòlissa d’Assegurança Tot Risc de Danys als béns mobles i obres de Valor Històric-Artístic, o de Considerable Valor sobre els que la Diputació de Tarragona ostenti qualsevol títol de domini (propietat o altre dret real) o títol possessori, així com aquells que es trobin sota la seva responsabilitat i respecte dels que tingui una provada obligació de “preservació” en virtut del deure de ""in vigilando"" conferit.";Diputació de Tarragona;servicios;Pendiente de adjudicación;;—;;https://contractaciopublica.cat/ca/detall-publicacio/c81449d7-c699-418c-8707-961fa6537820/300899086
Otros anuncios;ECAO 9105/2026 - Obres definides en la Memòria valorada de manteniment de voreres a diferents trams de carrers de la ciutat de Terrassa, amb criteris de contractació pública ecològica.;Ajuntament de Terrassa;obras;Pendiente de adjudicación;;—;;https://contractaciopublica.cat/ca/detall-publicacio/cd0e1a1b-34ff-4582-bf9f-71824e8916c3/300899079
Otros anuncios;L’objecte del contracte és disposar d’una empresa que realitzi conjuntament el Pla d’igualtat intern, l’actualització de la valoració de llocs de treball amb perspectiva de gènere i la relació de llocs de treball de l’Ajuntament de Montornès del Vallès, tenint en compte que la plantilla de personal de l’Ajuntament de Montornès del Vallès es situa entre 250 - 260 empleats/des municipals i l’actual mètode aprovat en 1999 es troba desfasat i no té en compte les dedicacions o factors psicosocials dins de dites valoracions;Ajuntament de Montornès del Vallès;servicios;Pendiente de adjudicación;;—;;https://contractaciopublica.cat/ca/detall-publicacio/b4a322fa-b597-4429-a2a7-756da6faeee6/300899077
Otros anuncios;Execució d´obra hidràulica per optimitzar l´ús de l´aigua a la sèquia Horts Camarles. (Municipi Camarles);Comunitat de Regants Sindicat Agrícola de l'Ebre;obras;Pendiente de adjudicación;;—;;https://contractaciopublica.cat/ca/detall-publicacio/8a0c3618-da85-44a0-b28f-010b4e6b6d64/300899071
Otros anuncios;Servei de manteniment i neteja de la xarxa de sanejament de l’Hospital Universitari de Bellvitge;ICS - Hospital Universitari de Bellvitge;servicios;Pendiente de adjudicación;;—;;https://contractaciopublica.cat/ca/detall-publicacio/eace75c0-c33d-45c0-860c-85a50fda6219/300899070
Otros anuncios;Suministro sucesivo y continuado de esponjas higiénicas con jabón con destino a todos los centros del Consorci Mar Parc de Salut de Barcelona, según características y condiciones definidas en el Pliego de prescripciones técnicas de la licitación.;Consorci Mar Parc de Salut de Barcelona;suministros;Pendiente de adjudicación;;—;;https://contractaciopublica.cat/ca/detall-publicacio/143e9cc5-aeb3-4ae8-8203-42078486cba8/300899066
Otros anuncios;Servicio de asistencia, gestión y facturación de la atención sanitaria al paciente extranjero no residente con destino al Consorci Mar Parc de Salut de Barcelona, según características y condiciones definidas en el Pliego de prescripciones técnicas de la licitación.;Consorci Mar Parc de Salut de Barcelona;servicios;Pendiente de adjudicación;;—;;https://contractaciopublica.cat/ca/detall-publicacio/08a908f2-a381-46eb-9dba-3da858a985a9/300899060
Otros anuncios;Servei de manteniment, reparació i conservació de fusteria i mobiliari de l’Hospital Universitari de Bellvitge;ICS - Hospital Universitari de Bellvitge;servicios;Pendiente de adjudicación;;—;;https://contractaciopublica.cat/ca/detall-publicacio/b7270c6e-9534-4f70-b381-0e2a14176250/300899057
Otros anuncios;Realització les obres de reforma dels banys de l’escola Jacint Verdaguer de Santa Eugènia de Berga.;Ajuntament de Santa Eugènia de Berga;obras;Pendiente de adjudicación;;—;;https://contractaciopublica.cat/ca/detall-publicacio/d6504994-e223-45e6-a0a0-0a1e4f6b76a9/300899048
Otros anuncios;Póliza colectiva de seguro de asistencia sanitaria, hospitalaria y quirúrgica para el personal de la Diputación de Tarragona y de los Organismos Autónomos.;Diputació de Tarragona;servicios;Pendiente de adjudicación;;—;;https://contractaciopublica.cat/ca/detall-publicacio/64a34152-c784-4ac4-9a26-cede7788dcd6/300899045
Otros anuncios;Contracte de subministrament de material d'oficina i productes de drogueria per la Fundació Josep Finestres;Fundació Josep Finestres;suministros;Pendiente de adjudicación;;—;;https://contractaciopublica.cat/ca/detall-publicacio/4adbe398-be22-47e4-bed0-d76fbc6ca7d8/300899015
Otros anuncios;El objeto del contrato es la puesta en marcha, el equipamiento integral, la dinamización, la gestión técnica y la evaluación de seis (6) unidades territoriales de “Social Lab” para el proyecto SISCU. Cada unidad actuará como un nodo autónomo pero interconectado de experimentación y validación de tecnologías para los cuidados. El adjudicatario de cada lote asume la responsabilidad de proporcionar una “solución llave en mano” que incluye la infraestructura física, los entornos de pilotaje en domicilios reales, la adquisición y el mantenimiento del equipamiento tecnológico (robots e IoT), la ejecución de la metodología completa de innovación y la evaluación del impacto del proyecto.;Fundació TicSalut i Social;servicios;Pendiente de adjudicación;;—;;https://contractaciopublica.cat/ca/detall-publicacio/f47ca408-5c30-4d9a-9b38-6901c32cb42c/300899014
Otros anuncios;Servei bàsic de la cartera de l'àrea de serveis socials destinat a infants, adolescents i joves ( de 0 a 18 anys) i a les seves famílies : SIS, Servei d’Intervenció Socioeducativa.;Ajuntament de Lliçà de Vall;999;Pendiente de adjudicación;;—;;https://contractaciopublica.cat/ca/detall-publicacio/373cad26-5b4f-4bca-92dc-3e327edef73c/300899007
Otros anuncios;Servei de control de plagues urbanes del municipi de Quart;Ajuntament de Quart;servicios;Pendiente de adjudicación;;—;;https://contractaciopublica.cat/ca/detall-publicacio/33de946f-d685-463f-bb6a-ae663b266647/300898987
Otros anuncios;Servei de seguiment nivològic, assessoria i formació en la gestió del risc d’allaus i suport a les actuacions de control i desencadenament preventiu d’allaus a l’estació de muntanya de Boí Taüll (POS134/26);Actius de Muntanya, SA;servicios;Pendiente de adjudicación;;—;;https://contractaciopublica.cat/ca/detall-publicacio/620ba1c4-67dd-4897-b47c-31bc1513f1a9/300898984
Otros anuncios;Servicios de preparación, producción, montaje, desmontaje, mantenimiento y transporte de las exposiciones que organice la Dirección General de Difusión (DGD) del Departamento de la Presidencia, incluido el suministro del material y de la infraestructura necesarios para la prestación de dichos servicios.;Departament de la Presidència;servicios;Pendiente de adjudicación;;—;;https://contractaciopublica.cat/ca/detall-publicacio/7f4d9a81-2491-4ea8-82f5-b1325850aeca/300898981
Otros anuncios;Servicio de de conservación y mantenimiento de instalaciones y maquinaria del Centre Integral d’Esports i Salut (CIES) i del Complex Esportiu La Vila (CELV);Ajuntament de Martorell;servicios;Pendiente de adjudicación;;—;;https://contractaciopublica.cat/ca/detall-publicacio/fd2e9697-40a6-4922-995c-0f57117a9569/300898980
Otros anuncios;L’objecte d’aquest contracte és l’execució de les obres de manteniment, conservació i reparació del ferm asfàltic en diversos vials públics del municipi de Pals que presenten patologies, tant de caràcter: a) Estructural, com flonjalls o afectacions derivades de les arrels de l’arbrat. b) Superficials, derivades de processos de fissuració, degradació o esgotament de la vida útil del paviment existent. El contracte inclou la realització d’actuacions de pavimentació en camins públics veïnals actualment consolidats, amb l’objectiu de millorar la mobilitat interna del municipi i la connectivitat amb les edificacions disseminades, així com la reparació puntual de voreres afectades.;Ajuntament de Pals;obras;Pendiente de adjudicación;;—;;https://contractaciopublica.cat/ca/detall-publicacio/6f0548b2-31e6-4335-a227-00b2cda63d2a/300898979
Otros anuncios;L'objecte del contracte que es proposa consisteix en el servei de streaming per a la retransmissió, a través d'internet, dels actes d'arribada del primer seguici de la Festa de Tardor, de l'encesa del campanar i inici del correfoc i seguiment per pantalla gran, corresponents a la Festa de Tardor de 2026 de l'Ajuntament de Sant Feliu de Llobregat.;Ajuntament de Sant Feliu de Llobregat;servicios;Pendiente de adjudicación;;—;;https://contractaciopublica.cat/ca/detall-publicacio/688e08e8-fa6c-47f6-9b6c-5bd72bb6ae6f/300898973
Otros anuncios;Contracte relatiu als serveis de verificació de la informació no financera i de sostenibilitat per a Barcelona de Serveis Municipals, SA i empreses dependents;Barcelona de Serveis Municipals SA;servicios;Pendiente de adjudicación;;—;;https://contractaciopublica.cat/ca/detall-publicacio/99e9c856-975d-4055-9741-e542d9bed798/300898968
Otros anuncios;Serveis de redacció de diferents estudis de millora i manteniment de ponts a Bigues i Riells del Fai, Cardedeu, Castellterçol, Olost, Sant Climent de Llobregat, Sant Quintí de Mediona i Sant Quirze Safaja, dividit en 2 lots;Diputació de Barcelona;servicios;Pendiente de adjudicación;;—;;https://contractaciopublica.cat/ca/detall-publicacio/eff6b638-f427-4a32-8d2a-8421c2ca2615/300898962
Otros anuncios;El objeto de esta concurrencia es la contratación por parte de la Corporació Catalana de Mitjans Audiovisuales, S. A. (en adelante, CCMA, S. A.) del servicio de medición del valor e impacto de 3Cat, marca de relación con la audiencia del Ente Público Corporació Catalana de Mitjans Audiovisuals;Corporació Catalana de Mitjans Audiovisuals, SA (CCMA, SA);servicios;Pendiente de adjudicación;;—;;https://contractaciopublica.cat/ca/detall-publicacio/81e8f79e-8a23-4ea8-89a2-5ce7b4f69b8e/300898953
Otros anuncios;Serveis d’enginyeria de Redacció del Projecte de connexió del municipi de Tordera a la xarxa de l’Ens d’Abastament d’Aigua Ter Llobregat (ATL). Id. Pla 1.8.02.;Ens d'Abastament d'Aigua Ter-Llobregat (ATL);servicios;Pendiente de adjudicación;;—;;https://contractaciopublica.cat/ca/detall-publicacio/e22c22f6-66f0-4f95-be63-9a78d0bc5a2b/300898941
Otros anuncios;Servicio consistente en el soporte preventivo y correctivo y de realización de tareas identificadas de la plataforma tecnológica Oracle del AMB.;Àrea Metropolitana de Barcelona;servicios;Pendiente de adjudicación;;—;;https://contractaciopublica.cat/ca/detall-publicacio/98464adb-de49-41d5-b091-9ef88ea58f40/300898812
Otros anuncios;Obres d'arranjament patologies en façana i paviments exteriors de l'Escola Mare de Déu de Montserrat de Castellví de Rosanes (Codi Centre: 08016173. Codi ENS:4221).;Departament d'Educació i Formació Professional;obras;Pendiente de adjudicación;;—;;https://contractaciopublica.cat/ca/detall-publicacio/cf92ae1c-9bd7-4b0c-bb23-a0f8040986ba/300897915
Otros anuncios;Servei de llenceria i bugaderia de l'Hospital de Cerdanya;Agrupació Europea de Cooperació Territorial - Hospital de la Cerdanya (AECT-HC);servicios;Pendiente de adjudicación;;—;;https://contractaciopublica.cat/ca/detall-publicacio/362fb3d7-9105-415e-b99d-3cdd124fca77/300897238
Otros anuncios;Contractació de la Prestació del Servei per a impartir la formació dels mòduls de formació professional del Programa de Formació i Inserció (PFI) en la modalitat de Pla de Transició al Treball (PTT) de l’Ajuntament de Sant Pere de Ribes, i en concret per impartirinicialment els següents perfil professionals: - 2 perfils d’auxiliar de perruqueria i estètica - 1 perfil d’auxiliar de muntatges d’instal·lacions electrotècniques en edificis d’acord amb aquest plec de clàusules administratives particulars i de prescripcions tècniques. d’acord amb aquest plec de clàusules administratives particulars i de prescripcions tècniques.;Ajuntament de Sant Pere de Ribes;999;Pendiente de adjudicación;;—;;https://contractaciopublica.cat/ca/detall-publicacio/edff8935-d1ab-4d29-912a-b7c71853f937/300895034
Otros anuncios;Acord Marc per a l’aprovisionament de serveis, recursos i infraestructures de cloud públic de l’Ajuntament de Barcelona, amb mesures de contractació pública sostenible;Institut Municipal Barcelona Innovació i Tecnologia;suministros;Pendiente de adjudicación;;—;;https://contractaciopublica.cat/ca/detall-publicacio/3c98a456-2545-47e2-ba5f-6b469f1b02fb/300849407
Otros anuncios;0000204/2026 Servicios de soporte y mantenimiento de la plataforma de analítica avanzada del Servicio Andaluz de Salud, basada en las licencias del producto software Stratio Generative AI Data Fabric, y de la infraestructura hardware asociada.;Servicio Andaluz de Salud;servicios;Pendiente de adjudicación;;—;;https://www.juntadeandalucia.es/haciendayadministracionpublica/apl/pdc_sirec/perfiles-licitaciones/detalle-licitacion.jsf?idExpediente=979784
Otros anuncios;urbanización 1ª fase majarabique. área logística de sevilla;Agencia Pública de Puertos de Andalucía (APPA);obras;Pendiente de adjudicación;;—;;https://www.juntadeandalucia.es/haciendayadministracionpublica/apl/pdc_sirec/perfiles-licitaciones/detalle-licitacion.jsf?idExpediente=982159
Otros anuncios;Redacción del proyecto básico de la Fase 1 y Fase 2 y proyecto de ejecución, estudio de seguridad y salud, dirección de obra, dirección de ejecución de las obras, coordinación de seguridad y salud y asistencia técnica de la Fase 1 de la obra de reforma del Edificio de Usos Múltiples situado en la Avenida de la Aurora, 47 de Málaga, con aportación de anteproyecto promovido por Empresa Pública de Gestión de Activos, S.A. M.P.;Empresa Pública de Gestión de Activos, S.A. M.P.;servicios;Pendiente de adjudicación;;—;;https://www.juntadeandalucia.es/haciendayadministracionpublica/apl/pdc_sirec/perfiles-licitaciones/detalle-licitacion.jsf?idExpediente=945015
Otros anuncios;0000611/2026 Dirección de Obra, Dirección de Ejecución de Obra y Coordinación en Materia de Seguridad y Salud, durante la Ejecuciónde lasObras en Servicio UCI del Hospital Universitario de Puerto Real, Cádiz.;Servicio Andaluz de Salud;servicios;Pendiente de adjudicación;;—;;https://www.juntadeandalucia.es/haciendayadministracionpublica/apl/pdc_sirec/perfiles-licitaciones/detalle-licitacion.jsf?idExpediente=982679
Otros anuncios;gbio - suministro alimento congelado para creas;Agencia de Medio Ambiente y Agua de Andalucía;suministros;Pendiente de adjudicación;;—;;https://www.juntadeandalucia.es/haciendayadministracionpublica/apl/pdc_sirec/perfiles-licitaciones/detalle-licitacion.jsf?idExpediente=1005957
Otros anuncios;0000527/2026 suministro, instalación y puesta en servicio de equipamientos médicospara los centros adscritos a la central provincial de compras de cádiz perteneciente al servicio andaluz de salud, mediante procedimiento abierto y con presentación electrónica de ofertas sujeto a regulación armonizada.;Servicio Andaluz de Salud;suministros;Pendiente de adjudicación;;—;;https://www.juntadeandalucia.es/haciendayadministracionpublica/apl/pdc_sirec/perfiles-licitaciones/detalle-licitacion.jsf?idExpediente=982588
Otros anuncios;pgrn_tratamiento selvícola monte monteras (córdoba), pgi 2026.;Agencia de Medio Ambiente y Agua de Andalucía;servicios;Pendiente de adjudicación;;—;;https://www.juntadeandalucia.es/haciendayadministracionpublica/apl/pdc_sirec/perfiles-licitaciones/detalle-licitacion.jsf?idExpediente=979038
Otros anuncios;paam 303/2025 (sevilla) cca:+6.cpgxs-anº siglo: 0001300/2025. acuerdo marco con una única empresa para la contratación del suministro de material específico de neurología y neurofisiología (subgrupos 01.15 y 14.01), con destino a los centros sanitarios adscritos a la central provincial de compras de sevilla, mediante procedimiento abierto y presentación electrónica de ofertas.;Servicio Andaluz de Salud;suministros;Pendiente de adjudicación;;—;;https://www.juntadeandalucia.es/haciendayadministracionpublica/apl/pdc_sirec/perfiles-licitaciones/detalle-licitacion.jsf?idExpediente=934854
Otros anuncios;redacción pbe obras de reformas y mejora en lonjas. puertos de andalucía;Agencia de Gestión Agraria y Pesquera de Andalucía;servicios;Pendiente de adjudicación;;—;;https://www.juntadeandalucia.es/haciendayadministracionpublica/apl/pdc_sirec/perfiles-licitaciones/detalle-licitacion.jsf?idExpediente=1007655
Otros anuncios;Servicio prevención riesgos laborales ajeno para personal del CTPDA;Consejo de Transparencia y Protección de Datos de Andalucía;servicios;Pendiente de adjudicación;;—;;https://www.juntadeandalucia.es/haciendayadministracionpublica/apl/pdc_sirec/perfiles-licitaciones/detalle-licitacion.jsf?idExpediente=1007984
Otros anuncios;Adquisic. obra de arte Fábula de Polifemo y Galatea-Rafael Alberti;Centro Andaluz de Arte Contemporáneo;suministros;Pendiente de adjudicación;;—;;https://www.juntadeandalucia.es/haciendayadministracionpublica/apl/pdc_sirec/perfiles-licitaciones/detalle-licitacion.jsf?idExpediente=1008466
Otros anuncios;Suscripción de una póliza de seguros que cubra los riesgos de accidente deportivo de los participantes en las actividades y competiciones deportivas convocadas en el año 2027, por la Dirección General de Deportes de la Comunidad de Madrid.;Consejería de Cultura, Turismo y Deporte;servicios;Pendiente de adjudicación;;—;;https://contratos-publicos.comunidad.madrid/contrato-publico/suscripcion-poliza-seguros-cubra-riesgos-accidente-deportivo-participantes
Otros anuncios;Suministro, instalación y puesta en marcha de un equipo de resonancia magnética (RM) de 3 teslas de altas prestaciones del Hospital Universitario de Fuenlabrada.;Hospital Universitario de Fuenlabrada;suministros;Pendiente de adjudicación;;—;;https://contratos-publicos.comunidad.madrid/contrato-publico/suministro-instalacion-puesta-marcha-equipo-resonancia-magnetica-rm-3-teslas-altas
Otros anuncios;Suministro de diverso material fungible para cuidados intensivos, cateteres venosos centrales, de acceso periférico y líneas medias, con puesta a disposición de equipos del hospital universitario de Fuenlabrada;Hospital Universitario de Fuenlabrada;suministros;Pendiente de adjudicación;;—;;https://contratos-publicos.comunidad.madrid/contrato-publico/pa-sum-26-010-suministro-diverso-material-fungible-cuidados-intensivos-cateteres
Otros anuncios;El objeto de este contrato es la prestación del servicio de gestión del Programa Municipal de Participación Infantil “HAURREN ELKARGUNEA”.;Ayuntamiento de Amurrio-Alcalde/sa;servicios;Pendiente de adjudicación;;—;;https://www.contratacion.euskadi.eus/webkpe00-kpeperfi/es/contenidos/anuncio_contratacion/expjaso739280/es_doc/index.html
Otros anuncios;Obra de la subestación eléctrica de tracción de Gernika;Euskal Trenbide Sarea-Comisión Delegada en Materia de Contratación de ETS;obras;Pendiente de adjudicación;;—;;https://www.contratacion.euskadi.eus/webkpe00-kpeperfi/es/contenidos/anuncio_contratacion/expjaso733403/es_doc/index.html
Otros anuncios;Suministro de material y cesión de equipamiento para el Servicio de Cirugía Cardíaca del Hospital de Basurto, Osi Bilbao Basurto;OSAKIDETZA - Servicio Vasco de Salud -Director Gerente;suministros;Pendiente de adjudicación;;—;;https://www.contratacion.euskadi.eus/webkpe00-kpeperfi/es/contenidos/anuncio_contratacion/exposakisap2026001412/es_doc/index.html
Otros anuncios;Adquisición de vehículos turismo sin distintivos;Gobierno Vasco-Viceconsejería de Seguridad;suministros;Pendiente de adjudicación;;—;;https://www.contratacion.euskadi.eus/webkpe00-kpeperfi/es/contenidos/anuncio_contratacion/expjaso717429/es_doc/index.html
Otros anuncios;Servicio de aparejador – arquitecto técnico para la dirección de ejecución de obra de 10 viviendas tasadas de régimen municipal, garajes, anejos y equipamiento en el subámbito “1.1. Azpikoetxe” del a.u. “1. herrigunea” del municipio de Abaltzisketa;Etorlur Gipuzkoako Lurra S.A.-Director General-Gerente;servicios;Pendiente de adjudicación;;—;;https://www.contratacion.euskadi.eus/webkpe00-kpeperfi/es/contenidos/anuncio_contratacion/expjaso735506/es_doc/index.html
Otros anuncios;Servicio de traducción de documentos administrativos y demás documentación de la Mancomunidad de Servicios Uribe Kosta.;Mancomunidad de Servicios de Uribe Kosta-Junta de Gobierno Local;servicios;Pendiente de adjudicación;;—;;https://www.contratacion.euskadi.eus/webkpe00-kpeperfi/es/contenidos/anuncio_contratacion/expjaso418483/es_doc/index.html
Otros anuncios;Contrato de suministro de dos vehículos en régimen de arrendamiento con mantenimiento y seguro, para cubrir las necesidades de movilidad del grupoEVE.;Ente Vasco de la Energía-Dirección General;suministros;Pendiente de adjudicación;;—;;https://www.contratacion.euskadi.eus/webkpe00-kpeperfi/es/contenidos/anuncio_contratacion/expjaso723981/es_doc/index.html
Otros anuncios;Obras de Rehabilitación de Colectores de Aguas Residuales entre las Calles Santsaerreka y Germán María Landazabal de Araia.;Ayuntamiento de Asparrena -Pleno Ayuntamiento;obras;Pendiente de adjudicación;;—;;https://www.contratacion.euskadi.eus/webkpe00-kpeperfi/es/contenidos/anuncio_contratacion/expjaso730795/es_doc/index.html
Otros anuncios;Sustitución del aparato elevador hidráulico actual RAE 120318 por un aparato elevador eléctrico en el Aparcamiento Iradier de Vitoria-Gasteiz;Transportes Urbanos de Vitoria-Gasteiz, S.A.-Consejo de Adminsitración;suministros;Pendiente de adjudicación;;—;;https://www.contratacion.euskadi.eus/webkpe00-kpeperfi/es/contenidos/anuncio_contratacion/expjaso734052/es_doc/index.html
Otros anuncios;Redacción de proyectos y dirección facultativa de obras de complejo inmobiliario en la Parcela RZ-9;Parque Científico y Tecnológico de Bizkaia, S.A.-Consejo de administración;servicios;Pendiente de adjudicación;;—;;https://www.contratacion.euskadi.eus/webkpe00-kpeperfi/es/contenidos/anuncio_contratacion/expjaso737606/es_doc/index.html
Otros anuncios;Contrato del servicio público de ayuda domiciliaria para el municipio de Mutriku.;Ayuntamiento de Mutriku-Pleno;servicios;Pendiente de adjudicación;;—;;https://www.contratacion.euskadi.eus/webkpe00-kpeperfi/es/contenidos/anuncio_contratacion/expjaso733521/es_doc/index.html
Otros anuncios;Contratación, por lotes, de los servicios de diseño y desarrollo de actividades para el desarrollo de capacidades personales vinculadas a la innovación;Sociedad Fomento de San Sebastián, S.A.-Presidente;servicios;Pendiente de adjudicación;;—;;https://www.contratacion.euskadi.eus/webkpe00-kpeperfi/es/contenidos/anuncio_contratacion/expjaso731465/es_doc/index.html
Otros anuncios;Servicio de gestión de madera “limpia” y “sucia” o “tratada” para su reciclaje y reutilización;Mancomunidad Comarcal de Debabarrena-Comisión de Gobierno;servicios;Pendiente de adjudicación;;—;;https://www.contratacion.euskadi.eus/webkpe00-kpeperfi/es/contenidos/anuncio_contratacion/expjaso715316/es_doc/index.html
Otros anuncios;Servicio de limpieza de nieve en calzadas municipales de Vitoria-Gasteiz durante la temporada invernal 2026-2027.;Ayuntamiento de Vitoria-Gasteiz-Concejal-Delegado del Departamento de Seguridad;servicios;Pendiente de adjudicación;;—;;https://www.contratacion.euskadi.eus/webkpe00-kpeperfi/es/contenidos/anuncio_contratacion/expjaso742813/es_doc/index.html
Otros anuncios;Obras de reposición de marcas viales en la ciudad de Vitoria-Gasteiz (Año 2026).;Ayuntamiento de Vitoria-Gasteiz-Junta de Gobierno Local;obras;Pendiente de adjudicación;;—;;https://www.contratacion.euskadi.eus/webkpe00-kpeperfi/es/contenidos/anuncio_contratacion/expjaso727519/es_doc/index.html
Otros anuncios;Contrato concesión de serviciosde explotación del bar cafeteria del centro cívico;Ayuntamiento de Sopuerta-Alcaldía;concesión de servicios;Pendiente de adjudicación;;—;;https://www.contratacion.euskadi.eus/webkpe00-kpeperfi/es/contenidos/anuncio_contratacion/expgebizkaia3608118/es_doc/index.html
Otros anuncios;Contratación de los servicios de soporte y mantenimiento del ecosistema de atención ciudadana de atención primaria de Osakidetza (Erantzunak);OSAKIDETZA - Servicio Vasco de Salud -Director General;servicios;Pendiente de adjudicación;;—;;https://www.contratacion.euskadi.eus/webkpe00-kpeperfi/es/contenidos/anuncio_contratacion/exposakisap2026001606/es_doc/index.html
Otros anuncios;El objeto de este contrato es imprimir el anuario 2026 de UEMA y distribuirlo en los municipios adheridos a UEMA.;Udalerri Euskaldunen Mankomunitatea-Junta Directiva;servicios;Pendiente de adjudicación;;—;;https://www.contratacion.euskadi.eus/webkpe00-kpeperfi/es/contenidos/anuncio_contratacion/expjaso742662/es_doc/index.html
Otros anuncios;Concesión de servicios de explotación del albergue del somo y de su edificio anexo de Alonsotegi;Ayuntamiento de Alonsotegi-Pleno;concesión de servicios;Pendiente de adjudicación;;—;;https://www.contratacion.euskadi.eus/webkpe00-kpeperfi/es/contenidos/anuncio_contratacion/expjaso718077/es_doc/index.html
Otros anuncios;Renovación del equipamiento, junto con mantenimiento, de las Salas de Endoscopia del Hospital Universitario Araba y del Hospital Bidasoa;OSAKIDETZA - Servicio Vasco de Salud -Director General;suministros;Pendiente de adjudicación;;—;;https://www.contratacion.euskadi.eus/webkpe00-kpeperfi/es/contenidos/anuncio_contratacion/exposakisap2026001726/es_doc/index.html
Otros anuncios;Contratación de las obras de acondicimiento de la Vía ciclista en Ezkio-Itsaso, tramo 06 003F del PTSVCG (Uribar Baserria-Zelaia Erreka);Diputación Foral de Gipuzkoa-Consejo de Gobierno Foral;obras;Pendiente de adjudicación;;—;;https://www.contratacion.euskadi.eus/webkpe00-kpeperfi/es/contenidos/anuncio_contratacion/expjaso732829/es_doc/index.html
Otros anuncios;adquisición de una Autobomba Nodriza Ligera (BNL) con destino al Servicio de Bomberos, y enajenación de vehículo salvamento;Ayuntamiento de Bilbao-Junta de Gobierno de la Villa de Bilbao;suministros;Pendiente de adjudicación;;—;;https://www.contratacion.euskadi.eus/webkpe00-kpeperfi/es/contenidos/anuncio_contratacion/expjaso728502/es_doc/index.html
Otros anuncios;Stand de Euskadi en FITUR 2027 y sus posibles adaptaciones a las ferias EXPOVACACIONES 2027 y ROUTES 2027;BASQUETOUR Agencia Vasca de Turismo, S.A.-Vicepresidencia de BASQUETOUR;servicios;Pendiente de adjudicación;;—;;https://www.contratacion.euskadi.eus/webkpe00-kpeperfi/es/contenidos/anuncio_contratacion/expjaso732933/es_doc/index.html
Otros anuncios;Servicio de colaboración y asistencia en la gestión integral del procedimiento sancionador en materia de tráfico, estacionamiento regulado (OTA) y tenencia y protección de animales, en el Ayuntamiento de Bakio;Ayuntamiento de Bakio-Alcaldía;servicios;Pendiente de adjudicación;;—;;https://www.contratacion.euskadi.eus/webkpe00-kpeperfi/es/contenidos/anuncio_contratacion/expjaso726733/es_doc/index.html
Otros anuncios;Servicio integral de mantenimiento, conservación y gestión de zonas verdes y arbolado de titularidad pública en el área Berreagamendi de Mungia.;Ayuntamiento de Mungia-Alcalde;servicios;Pendiente de adjudicación;;—;;https://www.contratacion.euskadi.eus/webkpe00-kpeperfi/es/contenidos/anuncio_contratacion/expjaso725387/es_doc/index.html
Otros anuncios;Suministro y mantenimiento de aseo autolimpiable en Eleizabarri;Ayuntamiento Elantxobe-Alcaldía;suministros;Pendiente de adjudicación;;—;;https://www.contratacion.euskadi.eus/webkpe00-kpeperfi/es/contenidos/anuncio_contratacion/expgebizkaia3622840/es_doc/index.html
Otros anuncios;Redacción del Plan Territorial de Vivienda de la Comunidad Autónoma del País Vasco;Gobierno Vasco-Dirección de Servicios;servicios;Pendiente de adjudicación;;—;;https://www.contratacion.euskadi.eus/webkpe00-kpeperfi/es/contenidos/anuncio_contratacion/expjaso722015/es_doc/index.html
Otros anuncios;Obras de ejecución de un nuevo aparcamiento en barrio Txiriboketa de Lemoa, P.K. 49+930 de la N-240;Ayuntamiento de Lemoa-Alcaldía;obras;Pendiente de adjudicación;;—;;https://www.contratacion.euskadi.eus/webkpe00-kpeperfi/es/contenidos/anuncio_contratacion/expgebizkaia3549629/es_doc/index.html
Otros anuncios;Campaña de sensibilización para promocionar el consumo local y de proximidad en Vitoria-Gasteiz;Ayuntamiento de Vitoria-Gasteiz-Concejala-Delegada del Departamento de Promoción Económica, Empleo, Comercio y Turismo;servicios;Pendiente de adjudicación;;—;;https://www.contratacion.euskadi.eus/webkpe00-kpeperfi/es/contenidos/anuncio_contratacion/expjaso733527/es_doc/index.html
Otros anuncios;Suministro de los productos y puesta a disposición de los equipos necesarios para realizar Técnicas de Inmunohematología y Seguridad Transfusional en la Red Hemoterápica de Osakidetza;OSAKIDETZA - Servicio Vasco de Salud -Director General;suministros;Pendiente de adjudicación;;—;;https://www.contratacion.euskadi.eus/webkpe00-kpeperfi/es/contenidos/anuncio_contratacion/exposakisap2026001390/es_doc/index.html
Otros anuncios;Instalación de cocina in situ en el CEIP Mendiko Eskola HLHI de AMURRIO (ARABA);Gobierno Vasco-Dirección de Gestión Económica;obras;Pendiente de adjudicación;;—;;https://www.contratacion.euskadi.eus/webkpe00-kpeperfi/es/contenidos/anuncio_contratacion/expjaso738566/es_doc/index.html
Otros anuncios;Obras de mantenimiento, reparación, conservación y mejora constructiva y del estándar ambiental en los centros de comunicaciones gestionados por ITELAZPI, SA.;ITELAZPI, S.A.-Consejo de Administración - ITELAZPI, S.A.;obras;Pendiente de adjudicación;;—;;https://www.contratacion.euskadi.eus/webkpe00-kpeperfi/es/contenidos/anuncio_contratacion/expjaso736321/es_doc/index.html
Otros anuncios;Servicios postales de correspondencia y servicios ordinarios;Ayuntamiento de Vitoria-Gasteiz-Junta de Gobierno Local;servicios;Pendiente de adjudicación;;—;;https://www.contratacion.euskadi.eus/webkpe00-kpeperfi/es/contenidos/anuncio_contratacion/expjaso734075/es_doc/index.html
Otros anuncios;Servicios de una agencia que coordine la comunicación del Plan de Actuación Integrado para el Casco Medieval de Vitoria-Gasteiz (Fondos Feder) desde 2027-2030.;Ayuntamiento de Vitoria-Gasteiz-Concejala-Delegada del Departamento de Promoción Económica, Empleo, Comercio y Turismo;servicios;Pendiente de adjudicación;;—;;https://www.contratacion.euskadi.eus/webkpe00-kpeperfi/es/contenidos/anuncio_contratacion/expjaso732739/es_doc/index.html
Otros anuncios;Suministro de dos nuevos vehículos y una cisterna arrastrada para los servicios municipales (Servicios Eléctricos y Servicio de Paisaje Urbano) de Vitoria-Gasteiz.;Ayuntamiento de Vitoria-Gasteiz-Junta de Gobierno Local;suministros;Pendiente de adjudicación;;—;;https://www.contratacion.euskadi.eus/webkpe00-kpeperfi/es/contenidos/anuncio_contratacion/expjaso737643/es_doc/index.html
Otros anuncios;Redacción del P. basico, P. de ejecución, P. de actividad, y DF de las obras resultantes, para la puesta en funcionamiento de un centro de SS para personas en situación de dependencia (CD – modelo etxeTIC) y 2 viviendas tuteladas en Markina.;AZPIEGITURAK, S.A.M.P.-Consejo de administración;servicios;Pendiente de adjudicación;;—;;https://www.contratacion.euskadi.eus/webkpe00-kpeperfi/es/contenidos/anuncio_contratacion/expgebizkaia3461176/es_doc/index.html
Otros anuncios;Servicio para la elaboración del plan integral de mantenimiento y conservación de la obra artística en vía pública;Ayuntamiento de Vitoria-Gasteiz-Concejala Delegada del Departamento de Cultura y Educación;servicios;Pendiente de adjudicación;;—;;https://www.contratacion.euskadi.eus/webkpe00-kpeperfi/es/contenidos/anuncio_contratacion/expjaso732700/es_doc/index.html
Otros anuncios;Servicio del mantenimiento preventivo del sistema de climatización RITTAL BLUE E+;Ayuntamiento de Galdakao-Alcalde;servicios;Pendiente de adjudicación;;—;;https://www.contratacion.euskadi.eus/webkpe00-kpeperfi/es/contenidos/anuncio_contratacion/expjaso742758/es_doc/index.html
Otros anuncios;Obras de rehabilitación de vivienda de titularidad municipal en el barrio Bengoetxe de Galdakao;Ayuntamiento de Galdakao-Alcalde;obras;Pendiente de adjudicación;;—;;https://www.contratacion.euskadi.eus/webkpe00-kpeperfi/es/contenidos/anuncio_contratacion/expjaso742433/es_doc/index.html
Otros anuncios;Diseño de un proceso participativo para elaborar una hoja de ruta dirigida a incorporar la diversidad sexual y de género en los Servicios Sociales del Ayuntamiento de Vitoria-Gasteiz.;Ayuntamiento de Vitoria-Gasteiz-Concejala-Delegada del Departamento de Alcaldía y Relaciones Institucionales e igualdad;servicios;Pendiente de adjudicación;;—;;https://www.contratacion.euskadi.eus/webkpe00-kpeperfi/es/contenidos/anuncio_contratacion/expjaso739292/es_doc/index.html
Otros anuncios;Contratación para diseñar y gestionar el programa Convivencia en el Aula en el marco Hirian Hezi.;Ayuntamiento de Vitoria-Gasteiz-Junta de Gobierno Local;servicios;Pendiente de adjudicación;;—;;https://www.contratacion.euskadi.eus/webkpe00-kpeperfi/es/contenidos/anuncio_contratacion/expjaso733331/es_doc/index.html
Otros anuncios;Redacción de estudios previos, proyecto de ejecución y actividad y dirección facultativa para la ampliación y reforma del complejo de las piscinas de Abadesolo.;Ayuntamiento de Sopela-Alcaldía;servicios;Pendiente de adjudicación;;—;;https://www.contratacion.euskadi.eus/webkpe00-kpeperfi/es/contenidos/anuncio_contratacion/expjaso717148/es_doc/index.html
Otros anuncios;Contratación de la renovación de iluminación LED del campo de fútbol de Muskiz, Malecon Grande;Ayuntamiento de Muskiz-Junta de Gobierno Local;obras;Pendiente de adjudicación;;—;;https://www.contratacion.euskadi.eus/webkpe00-kpeperfi/es/contenidos/anuncio_contratacion/expgebizkaia3434449/es_doc/index.html
Otros anuncios;AB-SER1-26-058. La contratación de los servicios de gestión y evolución de la plataforma de gestores de base de datos y servidores de aplicaciones de él Servicio Gallego de Salud;Consellería de Sanidade- SERGAS;servicios;Pendiente de adjudicación;;—;;https://www.contratosdegalicia.gal/licitacion?N=829020
Otros anuncios;Material publicitario, merchandising y artículos con imagen institucional para la promoción de los servicios que se prestan en la red de Oficinas de Empleo de la Dirección General del Servicio Público de Empleo de la Consejería de Economía, Hacienda y Empleo.;Consejería de Economía, Hacienda y Empleo;suministros;Pendiente de adjudicación;;—;;https://contratos-publicos.comunidad.madrid/contrato-publico/material-publicitario-merchandising-articulos-imagen-institucional-promocion-0
Otros anuncios;: Servicio de asesoramiento jurídico, laboral, información y orientación a empleadas del hogar y de cuidados, personas empleadoras y profesionales del ámbito de los Servicios Sociales;Dirección Gerencia INAI/NABI;servicios;Anuncio previo;;—;;https://hacienda.navarra.es/sicpportal/mtoFichaAnuncioPrevisto.aspx?cod=261002144722C8962101
Otros anuncios;APRO xx - Prótesis y material sanitario para Cirugía Vascular;Director Gerente del SNS-O;suministros;Anuncio previo;;—;;https://hacienda.navarra.es/sicpportal/mtoFichaAnuncioPrevisto.aspx?cod=2610021427233312BFAC
Otros anuncios;APRO 243 - Material implantable para el Servicio de Radiología;Director Gerente del SNS-O;suministros;Anuncio previo;;—;;https://hacienda.navarra.es/sicpportal/mtoFichaAnuncioPrevisto.aspx?cod=2610021424195B8CA541
Otros anuncios;APRO 204 - Reactivos y fungibles Hematimetria y VSG;Director Gerente del SNS-O;suministros;Anuncio previo;;—;;https://hacienda.navarra.es/sicpportal/mtoFichaAnuncioPrevisto.aspx?cod=26100214213708D27149
Otros anuncios;APRO xx - Drenajes Torácicos (pleurales y digitales);Director Gerente del SNS-O;suministros;Anuncio previo;;—;;https://hacienda.navarra.es/sicpportal/mtoFichaAnuncioPrevisto.aspx?cod=2610021418213F08706F
Otros anuncios;APRO xx - Material fungible para el Servicio de Cirugia Cardiaca;Director Gerente del SNS-O;suministros;Anuncio previo;;—;;https://hacienda.navarra.es/sicpportal/mtoFichaAnuncioPrevisto.aspx?cod=26100213510968097E31
Otros anuncios;Unidad móvil para la Red de vigilancia de la calidad del aire de Navarra;Dirección General de Medio Ambiente;suministros;Anuncio previo;;—;;https://hacienda.navarra.es/sicpportal/mtoFichaAnuncioPrevisto.aspx?cod=261002135101B6E53F35
Otros anuncios;Cabina para estación de calidad del aire de Pamplona - Rochapea;Dirección General de Medio Ambiente;suministros;Anuncio previo;;—;;https://hacienda.navarra.es/sicpportal/mtoFichaAnuncioPrevisto.aspx?cod=26100213423908E4FE11
Otros anuncios;APRO xx - Hemoterapia;Director Gerente del SNS-O;suministros;Anuncio previo;;—;;https://hacienda.navarra.es/sicpportal/mtoFichaAnuncioPrevisto.aspx?cod=261002134047F0640BA0
Otros anuncios;Analizadores para la Red de vigilancia de la calidad del aire de Navarra;Dirección General de Medio Ambiente;suministros;Anuncio previo;;—;;https://hacienda.navarra.es/sicpportal/mtoFichaAnuncioPrevisto.aspx?cod=261002133811C6E84F1B
Otros anuncios;Acuerdo marco para la selección de empresas que prestarán el suministro de productos de limpieza y aseo para los centros dependientes de la Agencia Navarra de Autonomía y Desarrollo de las Personas, así como de los contratos derivados de este Acuerdo;DIRECTORA GERENTE DE LA AGENCIA NAVARRA DE AUTONOMIA Y DESARROLLO DE LAS PERSONAS;suministros;Anuncio previo;;—;;https://hacienda.navarra.es/sicpportal/mtoFichaAnuncioPrevisto.aspx?cod=2610021336340480B835
Otros anuncios;APRO 207 - Sensores medidores de óxido nítrico;Director Gerente del SNS-O;suministros;Anuncio previo;;—;;https://hacienda.navarra.es/sicpportal/mtoFichaAnuncioPrevisto.aspx?cod=261002133026F06BD9E3
Otros anuncios;Servicios de mantenimiento integral de los equipos de electromedicina del Hospital Universitario de Fuenlabrada y el centro de especialidades El Arroyo;Hospital Universitario de Fuenlabrada;servicios;Pendiente de adjudicación;;—;;https://contratos-publicos.comunidad.madrid/contrato-publico/pa-s-26-002-servicios-mantenimiento-integral-equipos-electromedicina-hospital
Otros anuncios;Transporte de usuarios de Centros de Mayores adscritos a la Agencia Madrileña de Atención Social, para salidas de carácter cultural y de ocio (23 Lotes);Organismo Autónomo Agencia Madrileña de Atención Social;servicios;Pendiente de adjudicación;;—;;https://contratos-publicos.comunidad.madrid/contrato-publico/transporte-usuarios-centros-mayores-adscritos-agencia-madrilena-atencion-social
Otros anuncios;servicio de transorte regular de personas a la demanda;Delegación Territorial de Fomento, Articulación del Territorio y Vivienda en Huelva;servicios;Pendiente de adjudicación;;—;;https://www.juntadeandalucia.es/haciendayadministracionpublica/apl/pdc_sirec/perfiles-licitaciones/detalle-licitacion.jsf?idExpediente=978976
Otros anuncios;servicio de limpieza, aseo, desinf y mant hig sanit edific admin alamed cri;Delegación Territorial de Economía, Hacienda, Fondos Europeos y de Industria, Energía y Minas en Cádiz;servicios;Pendiente de adjudicación;;—;;https://www.juntadeandalucia.es/haciendayadministracionpublica/apl/pdc_sirec/perfiles-licitaciones/detalle-licitacion.jsf?idExpediente=980635
Otros anuncios;adecuación audiovisual salón de actos y sala de juntas edif pnz. ieca;Instituto de Estadística y Cartografía de Andalucía;suministros;Anulada;;—;;https://www.juntadeandalucia.es/haciendayadministracionpublica/apl/pdc_sirec/perfiles-licitaciones/detalle-licitacion.jsf?idExpediente=1013647
Otros anuncios;"0000647/2026 suministro de diverso equipamiento clínico para diversos centros de salud integrantes del distrito sanitario málaga; valle del guadalhorce, centro sanitario adscrito a la central provincial de compras de málaga, mediante procedimiento abierto simplificado y presentación electrónica de ofertas (central provincial de compras de málaga)";Servicio Andaluz de Salud;suministros;Pendiente de adjudicación;;—;;https://www.juntadeandalucia.es/haciendayadministracionpublica/apl/pdc_sirec/perfiles-licitaciones/detalle-licitacion.jsf?idExpediente=991623
Otros anuncios;0000728/2026 suministro, instalación y puesta en funcionamiento de equipamiento electromédico, general e instrumental clínico para la ampliación del hospital costa del sol, centro dependiente del servicio andaluz de salud (central provincial de compras de málaga);Servicio Andaluz de Salud;suministros;Pendiente de adjudicación;;—;;https://www.juntadeandalucia.es/haciendayadministracionpublica/apl/pdc_sirec/perfiles-licitaciones/detalle-licitacion.jsf?idExpediente=991642
Otros anuncios;acuerdo marco, con varias empresas, por el que se fijan las condiciones para la contratación del suministro de tracto sucesivo y por precio unitario del material específico de laboratorio: tubos y agujas de extracción de sangre y recipientes de recogida de muestras con disponibilidad de uso y mantenimiento del equipamiento necesario y sistema de gestión preanalítica para la agrupación 1, con destino a los centros sanitarios de la provincia de málaga, pertenecientes al servicio andaluz de salud. cca. +6.6sck6ue. nº siglo 0000278/2026;Servicio Andaluz de Salud;suministros;Pendiente de adjudicación;;—;;https://www.juntadeandalucia.es/haciendayadministracionpublica/apl/pdc_sirec/perfiles-licitaciones/detalle-licitacion.jsf?idExpediente=939930
Otros anuncios;"contrato de seguridad interior edificio adm. ""plaza de la constitución""";Delegación Territorial de Economía, Hacienda, Fondos Europeos y de Industria, Energía y Minas en Córdoba;servicios;Pendiente de adjudicación;;—;;https://www.juntadeandalucia.es/haciendayadministracionpublica/apl/pdc_sirec/perfiles-licitaciones/detalle-licitacion.jsf?idExpediente=978367
Otros anuncios;dirección ejecución obras rehabilitación 88 vpp en andújar;Agencia de Vivienda y Rehabilitación de Andalucía (AVRA);servicios;Pendiente de adjudicación;;—;;https://www.juntadeandalucia.es/haciendayadministracionpublica/apl/pdc_sirec/perfiles-licitaciones/detalle-licitacion.jsf?idExpediente=1006685
Otros anuncios;expediente de contratación de los servicios de dirección de obra, dirección de ejecución de obra y coordinación en materia de seguridad y salud durante la ejecución de las obras del consultorio local de santiponce (sevilla), financiado con fondos europeos. cc 5001/2026, nº siglo 0115/2026 contr 2026 0000106531;Servicio Andaluz de Salud;servicios;Pendiente de adjudicación;;—;;https://www.juntadeandalucia.es/haciendayadministracionpublica/apl/pdc_sirec/perfiles-licitaciones/detalle-licitacion.jsf?idExpediente=938348
Otros anuncios;Servicio de Transporte Aéreo de órganos y/o personal sanitario para trasplantes en la Comunidad Autónoma de Andalucía. Este servicio es necesario ya que un trasplante de órganos es el tratamiento más eficaz para solucionar graves problemas de salud para los que no se dispone de alternativas.;Servicio Andaluz de Salud;servicios;Pendiente de adjudicación;;—;;https://www.juntadeandalucia.es/haciendayadministracionpublica/apl/pdc_sirec/perfiles-licitaciones/detalle-licitacion.jsf?idExpediente=980373
Otros anuncios;0000356/2026 Acuerdo Marco con una única empresa por lote, por el que se fijan las condiciones para el suministro de tracto sucesivo de reactivos, material consumible, disponibilidad de uso y mantenimiento del equipamiento principal y auxiliar para realizar las determinaciones analíticas en el programa de cribado poblacional y su seguimiento del cáncer de cervix en Andalucía;Servicio Andaluz de Salud;suministros;Pendiente de adjudicación;;—;;https://www.juntadeandalucia.es/haciendayadministracionpublica/apl/pdc_sirec/perfiles-licitaciones/detalle-licitacion.jsf?idExpediente=980004
Otros anuncios;Suministro de alimentación (condimentos, salsas y varios) Heliópolis;Delegación Territorial de Inclusión Social, Juventud, Familias e Igualdad en Sevilla;suministros;Pendiente de adjudicación;;—;;https://www.juntadeandalucia.es/haciendayadministracionpublica/apl/pdc_sirec/perfiles-licitaciones/detalle-licitacion.jsf?idExpediente=982483
Otros anuncios;4002/2024 (siglo 823/2024) acuerdo marco con varias empresas por el que se fijan las condiciones para el suministro de material específico para quirófano (su.pc.sani.01.11.06) y material específico para videocirugía (su.pc.sani.01.13.01, 01.13.04, 01.13.07) con destino a los centros sanitarios del servicio andaluz de salud;Servicio Andaluz de Salud;suministros;Pendiente de adjudicación;;—;;https://www.juntadeandalucia.es/haciendayadministracionpublica/apl/pdc_sirec/perfiles-licitaciones/detalle-licitacion.jsf?idExpediente=797163
Otros anuncios;0001342/2025 Suministro y puesta en servicio de una solución software de ayuda al diagnóstico clínico (en adelante la solución), basada en el análisis automatizado de imágenes diagnósticas (mamografías y tomosíntesis 3D) con algoritmos de inteligencia artificial, para el Servicio Andaluz de Salud (SAS).;Servicio Andaluz de Salud;suministros;Pendiente de adjudicación;;—;;https://www.juntadeandalucia.es/haciendayadministracionpublica/apl/pdc_sirec/perfiles-licitaciones/detalle-licitacion.jsf?idExpediente=944893
Otros anuncios;suministro vestuario personal laboral residencia úbeda;Delegación Territorial de Inclusión Social, Juventud, Familias e Igualdad en Jaén;suministros;Pendiente de adjudicación;;—;;https://www.juntadeandalucia.es/haciendayadministracionpublica/apl/pdc_sirec/perfiles-licitaciones/detalle-licitacion.jsf?idExpediente=980675
Otros anuncios;servicio de limpieza sedes d.t. justicia, adm. local y f. públ. huelva;Delegación Territorial de Justicia, Administración Local y Función Pública en Huelva;servicios;Pendiente de adjudicación;;—;;https://www.juntadeandalucia.es/haciendayadministracionpublica/apl/pdc_sirec/perfiles-licitaciones/detalle-licitacion.jsf?idExpediente=1005588
Otros anuncios;upps-concesión rutas 4x4 e itinerarios guiados pn s cazor, segu yvillas;Agencia de Medio Ambiente y Agua de Andalucía;concesión de servicios;Pendiente de adjudicación;;—;;https://www.juntadeandalucia.es/haciendayadministracionpublica/apl/pdc_sirec/perfiles-licitaciones/detalle-licitacion.jsf?idExpediente=946088
Otros anuncios;Suministro, instalación y puesta en funcionamiento de dos mesas de tallado para el Servicio de Anatomía Patológica del Hospital Universitario Infanta Leonor;Hospital Universitario Infanta Leonor;suministros;Pendiente de adjudicación;;—;;https://contratos-publicos.comunidad.madrid/contrato-publico/suministro-instalacion-puesta-funcionamiento-dos-mesas-tallado-servicio-anatomia
Otros anuncios;Suministro, instalación y puesta en funcionamiento de dos equipos de anestesia de gama alta y 7 monitores hemodinámicos con destino al servicio de anestesia del Hospital Universitario Infanta Leonor (2 lotes).;Hospital Universitario Infanta Leonor;suministros;Pendiente de adjudicación;;—;;https://contratos-publicos.comunidad.madrid/contrato-publico/suministro-instalacion-puesta-funcionamiento-dos-equipos-anestesia-gama-alta-7
Otros anuncios;Suministro, instalación y puesta en funcionamiento de ocho mesas de anestesia.;Hospital Universitario Santa Cristina;suministros;Pendiente de adjudicación;;—;;https://contratos-publicos.comunidad.madrid/contrato-publico/suministro-instalacion-puesta-funcionamiento-ocho-mesas-anestesia-destino-hospital
Otros anuncios;"El objeto del presente concurso de proyectos es la selección de los mejores diseños para la implantación de un sistema de ticketing Account-Based (ABT) en el ámbito del Consorcio Regional de Transportes de Madrid (CRTM).&nbsp;";Organismo Autónomo Consorcio Regional de Transportes Regulares de Madrid.;999;Pendiente de adjudicación;;—;;https://contratos-publicos.comunidad.madrid/contrato-publico/cp-12025-concurso-proyectos-implantacion-sistema-ticketing-account-based-abt
Otros anuncios;Subministrament de senyals per a la Xarxa de Parcs Naturals de la Diputació de Barcelona;Diputació de Barcelona;suministros;Pendiente de adjudicación;;—;;https://contractaciopublica.cat/ca/detall-publicacio/b1c21ccc-6e32-48f9-b3b5-40de4c16e11b/300898920
Otros anuncios;El objeto de la presente licitación mediante procedimiento abierto será el suministro de tres (3) vehículos policiales nuevos con tracción 4x4 para el servicio de la Guardia Urbana del Ayuntamiento de Lleida, mediante la modalidad de arrendamiento (rénting), así como su necesaria transformación para que sean plenamente operativos, garantizando además su mantenimiento y las eventuales reparaciones que requieran.;Ajuntament de Lleida;suministros;Pendiente de adjudicación;;—;;https://contractaciopublica.cat/ca/detall-publicacio/f030dc9d-e6c9-42ca-9a96-6996eebb36fc/300898913
Otros anuncios;"L’objecte d'aquest contracte consisteix en l’execució de les obres definides al ""Projecte d'arranjament i millora de l'espai públic de Sant Feliu de Llobregat"". Aquesta intervenció té un abast integral i estructurat sobre la trama urbana de la ciutat, incloenthi actuacions específiques als barris de Can Bertrand, Can Llobera, Can Maginàs, Falguera, Les Grases, Mas Lluí, La Salut, Roses-Castellbell, Can Calders i Can Nadal. La necessitat d'actuació ha estat acreditada empíricament mitjançant l'auditoria duta a terme sota el Projecte Gemini. La integració de dades SIG i intel·ligència artificial ha permès cartografiar i auditar un total de 14.466 deficiències (incloent-hi més de 4.200 incidències en voreres i més de 2.900 en calçades, la resta d’incidències son de mobiliari, herbes i altres tipologies) a tota la ciutat. Aquesta diagnosi posa de manifest l'esgotament de la vida útil de les plataformes viàries i fa inviable garantir la seguretat de l'espai públic exclusivament a través del manteniment correctiu ordinari. Les tasques projectades contemplen no només la millora superficial, sinó un estricte programa de control de qualitat per garantir l'estabilitat i comportament mecànic dels materials emprats, incloent-hi la realització d'assajos de penetració i envelliment de betums asfàltics, i la comprovació escleromètrica i extracció de testimonis del formigó endurit on sigui requerit. Aquest rigor assegura una major resiliència de la infraestructura i allarga el cicle de vida de les futures intervencions.";Ajuntament de Sant Feliu de Llobregat;obras;Pendiente de adjudicación;;—;;https://contractaciopublica.cat/ca/detall-publicacio/a5780a49-f5f9-49bb-bb95-08640d0d1555/300898911
Otros anuncios;"Contracte del servei de recollida selectiva de residus municipals i del servei de neteja viària i de platges (Lot 1); del servei de recollida concertada de voluminosos a domicili (Lot 2); i del servei de gestió de deixalleries i de recollida d’oli i tèxtil (Lot3); del municipi de Mataró.";Ajuntament de Mataró;servicios;Pendiente de adjudicación;;—;;https://contractaciopublica.cat/ca/detall-publicacio/fbf0fb98-e306-4416-9544-b8495e6cdce2/300830924
Otros anuncios;Servei extern per dur a terme la gestió, anàlisi, coordinació i administració dels expedients d’ingressos de Fibra òptica que s’operen des de l’Àrea de Plans de Negoci i Gestió Administrativa d’FGC i realitzar totes les tasques que se’n derivin (Ref: PO88/26);Ferrocarrils de la Generalitat de Catalunya;servicios;Pendiente de adjudicación;;—;;https://contractaciopublica.cat/ca/detall-publicacio/01a0fcb2-4e16-4664-8e0b-27f8402f7445/300898905
Otros anuncios;Execució de les obres del Projecte constructiu “Condicionament de camins. Incorporació a la xarxa local de carreteres. Camí de Ca n'Aguilera (AN-903). Codi de carretera: B-5414. TM de Piera”;Diputació de Barcelona;obras;Pendiente de adjudicación;;—;;https://contractaciopublica.cat/ca/detall-publicacio/b41d8018-e743-4591-a3b9-72d146de3ba0/300898904
Otros anuncios;Contractació del servei de neteja de l’Institut Vilamajor de Sant Pere de Vilamajor;Departament d'Educació i Formació Professional;servicios;Pendiente de adjudicación;;—;;https://contractaciopublica.cat/ca/detall-publicacio/4b80e4e9-26e8-4bbb-936d-9b1e031d966d/300898888
Otros anuncios;El contrato tiene por objetivo ofrecer servicios de asistencia integral a todos los terceros en el uso de los servicios de administración electrónica del Ayuntamiento de Sitges, así como de los de otras administraciones públicas que el Ayuntamiento requiera.;Ajuntament de Sitges;servicios;Pendiente de adjudicación;;—;;https://contractaciopublica.cat/ca/detall-publicacio/59fa0769-b657-4ca8-b1f9-b24111243973/300898883
Otros anuncios;Manteniment de xarxa, Wifi municipal i seguretat perimetral;Ajuntament de Cunit;servicios;Pendiente de adjudicación;;—;;https://contractaciopublica.cat/ca/detall-publicacio/5fcc4c99-81ac-4011-a2bb-9e21ea111831/300898881
Otros anuncios;(CSAPG OB 2026/23) Servei d'assessorament jurídic i assistència lletrada destinat a tot el Consorci Sanitari de l'Alt Penedès i Garraf (en endavant CSAPG), dividit en tres lots.;Consorci Sanitari de l'Alt Penedès i Garraf;servicios;Pendiente de adjudicación;;—;;https://contractaciopublica.cat/ca/detall-publicacio/32404328-8610-4245-99a8-468442b7dbac/300898878
Otros anuncios;Obres del projecte constructiu “Reurbanització de la BV-2112, entre el PK 5+075 i el PK 5+670 (carrer Major i carrer Sant Pere). TM Sant Pere de Ribes”;Diputació de Barcelona;obras;Pendiente de adjudicación;;—;;https://contractaciopublica.cat/ca/detall-publicacio/d4754726-fead-4f4f-9450-44b9c75a4d39/300898860
Otros anuncios;Els serveis d'explotació de la cafeteria-menjador del Casal Municipal de la Gent Gran de Cambrils;Ajuntament de Cambrils;concesión de servicios;Anulada;;—;;https://contractaciopublica.cat/ca/detall-publicacio/990f78a4-5adf-c0ab-b8f9-f1da5cee2b44/300898857
Otros anuncios;Execució de les obres del Projecte constructiu “Millora de la intersecció de les carreteres BV-5201 i N-141d.TM.Calldetenes”.;Diputació de Barcelona;obras;Pendiente de adjudicación;;—;;https://contractaciopublica.cat/ca/detall-publicacio/4996099e-e5cb-4a7e-8ca3-fe4dc53d2d2e/300898825
Otros anuncios;Contractació de l'assegurança de responsabilitat civil i d'accidents per a les persones voluntàries de la campanya Let's Clean Up Europe.;Agència de Residus de Catalunya;servicios;Pendiente de adjudicación;;—;;https://contractaciopublica.cat/ca/detall-publicacio/ad413dc6-7f12-4772-8d9d-8a8f17196762/300898793
