Tipo;Título;Órgano;Tipo;Estado;Adjudicatario;Importe (€);Enlace
Contratos menores;CM de obra para el bacheo y la reparación de las calzadas en el termino municipal de moncada.;Alcaldía del Ajuntament de Moncada;obras;Resuelta;BECSA SOCIEDAD ANONIMA;39721,49;https://contrataciondelestado.es/wps/poc?uri=deeplink:detalle_licitacion&idEvl=4RtoE5kvFCwXhk1FZxEyvw%3D%3D
Contratos menores;Remodelación del cuarto hídrico de la Facultad, sustitución del grupo de bombeo, ejecución de nuevo colector hidráulico sectorizado y dotación de infraestructuras de agua y electricidad para la futura implantación de un servicio de Auto-Bar;Rectorado de la Universidad de La Laguna;obras;Resuelta;VEOLIA SERVICIOS CANARIAS S.L.U;36411,8;https://contrataciondelestado.es/wps/poc?uri=deeplink:detalle_licitacion&idEvl=9rjuemlO1r2KeVWTb9Scog%3D%3D
Contratos menores;Ejecución dondo estratégico Cunetas viales zona sur del Término Municipal;Alcaldía del Ayuntamiento de Cortes de Pallás;obras;Resuelta;SERVICIOS MEDIOAMBIENTALES SOLER TORRES SL;32903,17;https://contrataciondelestado.es/wps/poc?uri=deeplink:detalle_licitacion&idEvl=EquN9XxUgO6qb7rCcv76BA%3D%3D
Contratos menores;Ejec fondo estratégico obras tratamiento vegetación zona norte de Cortes de Pallás;Alcaldía del Ayuntamiento de Cortes de Pallás;obras;Resuelta;SERVI-FOR VALENCIA SOCIEDAD LIMITADA;32438,84;https://contrataciondelestado.es/wps/poc?uri=deeplink:detalle_licitacion&idEvl=s8ezdMieNMU2wEhQbcAqug%3D%3D
Contratos menores;Obras de reparación y conservación en edificio de camarotes en Comandancia Naval de Huelva.;Intendente de San Fernando;obras;Resuelta;OPUS Sociedad Cooperativa Andaluza;30045,44;https://contrataciondelestado.es/wps/poc?uri=deeplink:detalle_licitacion&idEvl=APd6BrKkgo9Whbmkna2nXQ%3D%3D
Contratos menores;Contrato reservado a EInserción según a DA 4ª. Las actividades que se desgranan a continuación están dentro de las que pueden realizar las mismas y se ha hecho una consulta al Observatorio de Compra Pública Responsable de Canarias. - Apoyo en el desarrollo de materiales formativos para jóvenes de 6-16 años en el marco del Plan Corresponsables 2025. - Apoyo en la edición y maquetación de los materiales. - Apoyo en la celebración de eventos de difusión de los materiales. - El plazo de ejecución hasta el 31/12/2026.;Rectorado de la Universidad de La Laguna;servicios;Resuelta;Hiebra Social S.L.U.;30000;https://contrataciondelestado.es/wps/poc?uri=deeplink:detalle_licitacion&idEvl=BQgHSKgxk2X%2B3JAijKO%2Bkg%3D%3D
Contratos menores;Adquisición de dos cabinas de bioseguridad MARS1200;Presidencia de la Agencia Estatal Consejo Superior de Investigaciones Científicas, M.P.;suministros;Resuelta;CALTECNICA INGENIEROS SL;20092,03;https://contrataciondelestado.es/wps/poc?uri=deeplink:detalle_licitacion&idEvl=cB13zxDkXqY%2Bk2oCbDosIw%3D%3D
Contratos menores;del suministro del sistema pliance;Gerencia de la Fundación Universidad de Valladolid;suministros;Resuelta;Novel Gmbh;18980;https://contrataciondelestado.es/wps/poc?uri=deeplink:detalle_licitacion&idEvl=dzRx3mMTGaB4zIRvjBVCSw%3D%3D
Contratos menores;Contrato menor de obras para ejecutar obra FEMPIGF (Fondo prevención de incendios) 2026 “Faja perimetral en interfaz urbano-forestal (IUF) en urb. Codoval”. PLPIF;Alcaldía del Ayuntamiento de Sagunto;obras;Resuelta;APER AMBIENT S.L.;15500;https://contrataciondelestado.es/wps/poc?uri=deeplink:detalle_licitacion&idEvl=c8Yn9mvsEBaTylGzYmBF9Q%3D%3D
Contratos menores;Renovación de los canalones del pabellón de diálisis del Hospital Alcoi / Renovació dels canalons del pavelló de diàlisi de l'Hospital Alcoi;Departamento de Salud Alcoy. Dirección Económica-Gerencia;obras;Resuelta;Proyectos y Subcontratas, s.l.;15263,92;https://contrataciondelestado.es/wps/poc?uri=deeplink:detalle_licitacion&idEvl=Bm%2ByQJmj%2FaE2wEhQbcAqug%3D%3D
Contratos menores;Contrato Menor de servicio de desbroces y talas en dependencias de tierra apoyadas por el ARDIZ.;Intendente de San Fernando;servicios;Resuelta;podasur de la bahia sl;14999;https://contrataciondelestado.es/wps/poc?uri=deeplink:detalle_licitacion&idEvl=gQrb1e0b9Rs%2B1TMyIiZmzw%3D%3D
Contratos menores;del suministro de material de laboratorio;Gerencia de la Fundación Universidad de Valladolid;suministros;Resuelta;JL ASENSIO SL;14997,5;https://contrataciondelestado.es/wps/poc?uri=deeplink:detalle_licitacion&idEvl=YiQiRZpdQ0LI8aL3PRS10Q%3D%3D
Contratos menores;Contrato de Producción Festival 3 Culturas Frigiliana del 27 al 30 de agosto de 2026;Alcaldía del Ayuntamiento de Frigiliana;servicios;Resuelta;CONTRARIDER SL;14995;https://contrataciondelestado.es/wps/poc?uri=deeplink:detalle_licitacion&idEvl=RJ8zMP47DL1VkTabT%2FRM8A%3D%3D
Contratos menores;Suministro de materiales y reactivo para su uso en terapia celular;Gerencia de la Fundación Universidad de Valladolid;suministros;Resuelta;INQUALAB DISTRIBUCIONES SL;14993,93;https://contrataciondelestado.es/wps/poc?uri=deeplink:detalle_licitacion&idEvl=RW1gqVhQxT%2Bzz8fXU2i3eQ%3D%3D
Contratos menores;Equipamiento y modernización del Laboratorio de Ingeniería de Control mediante sistemas Quanser QUBE-Servo 3;Rectorado de la Universidad de La Laguna;suministros;Resuelta;TLS INFORMÁTICA;14985;https://contrataciondelestado.es/wps/poc?uri=deeplink:detalle_licitacion&idEvl=p5KW35RzR2aIzo3LHNPGcQ%3D%3D
Contratos menores;Suministro de Pistolas Taser y sus Elementos Accesorios, Licencias y Curso de Instrucción;Alcaldía del Ayuntamiento de Quart de Poblet;suministros;Resuelta;MAC UNIFORMES SL;14960,95;https://contrataciondelestado.es/wps/poc?uri=deeplink:detalle_licitacion&idEvl=t55NIajdpWk7u6%2B%2FR7DUoA%3D%3D
Contratos menores;Adquisición de equipaciones deportivas oficiales reutilizables.;Rectorado de la Universidad de La Laguna;servicios;Resuelta;Med Salud Sport Canarias S.L.U.;14950;https://contrataciondelestado.es/wps/poc?uri=deeplink:detalle_licitacion&idEvl=BQgHSKgxk2WS81gZFETWmA%3D%3D
Contratos menores;Servicio de Espectáculo Pirotécnico para las Fiestas de Los Dolores 2026;Alcaldía del Ayuntamiento de Tinajo;servicios;Resuelta;PIROTECNIA ISLA DEL FUEGO S.L.;14945;https://contrataciondelestado.es/wps/poc?uri=deeplink:detalle_licitacion&idEvl=NnluiNKLPWk7%2B9FIQYNjeQ%3D%3D
Contratos menores;Contratación de espectáculo pirotécnico con motivo de la Festividad del 9 de octubre;Alcaldía del Ayuntamiento de Mislata;privado;Resuelta;PIROTECNIA TURIS SOCIEDAD LIMITADA;14900;https://contrataciondelestado.es/wps/poc?uri=deeplink:detalle_licitacion&idEvl=PYHVFe5bRjy5HQrHoP3G5A%3D%3D
Contratos menores;del suministro de material de laboratorio;Gerencia de la Fundación Universidad de Valladolid;suministros;Resuelta;HOMELAB SL;14895,28;https://contrataciondelestado.es/wps/poc?uri=deeplink:detalle_licitacion&idEvl=Ge3rS86YuRMIYE3ZiZ%2BxmQ%3D%3D
Contratos menores;Contrato menor edición y distribución de un Boletín de Información Municipal de las aldeas (BIM de Aldeas) en formato papel;Alcaldía del Ayuntamiento de Requena;servicios;Resuelta;OCIO Y COMUNICACIONES DE TU CIUDAD SOCIEDAD LIMITADA;14800;https://contrataciondelestado.es/wps/poc?uri=deeplink:detalle_licitacion&idEvl=MjSxe2onlCsadbH3CysQuQ%3D%3D
Contratos menores;Suministro grupo electrógeno de emergencia para el edificio de la policía local;Alcaldía del Ayuntamiento de Picassent;suministros;Resuelta;J A MARTINEZ ETAYO SL;14600;https://contrataciondelestado.es/wps/poc?uri=deeplink:detalle_licitacion&idEvl=HQ0JDNE2vCdxseVhcqrkhw%3D%3D
Contratos menores;Organització de tallers sobre pesca local sostenible a centres de formació professional durant el curs 2026/2027;Consejería de Agricultura, Pesca y Medio Natural de las Illes Balears;servicios;Resuelta;Marilles Foundation;14500;https://contrataciondelestado.es/wps/poc?uri=deeplink:detalle_licitacion&idEvl=9a4bQgdEbq7i0Kd8%2Brcp6w%3D%3D
Contratos menores;Contrato Menor de Suministros para la Compra de Drones;Alcaldía del Ayuntamiento de Quart de Poblet;suministros;Resuelta;SERVICIOS AEREOS DE RESCATE, S.L.;14394,45;https://contrataciondelestado.es/wps/poc?uri=deeplink:detalle_licitacion&idEvl=dygdVBO%2B0v2TylGzYmBF9Q%3D%3D
Contratos menores;Servicio de organización de archivo de historiales clínicos para la transición definitiva a gestión digital.;Gerencia de la Fundación Universidad de Valladolid;servicios;Resuelta;GRUPO LINCE ASPRONA SLU;14355,37;https://contrataciondelestado.es/wps/poc?uri=deeplink:detalle_licitacion&idEvl=j%2FG9zSps4k5eKgd8LfVV9g%3D%3D
Contratos menores;Servicio especializado apoyo integral gestión emergencias y asistencia técnica Ayuntamiento Requena;Alcaldía del Ayuntamiento de Requena;servicios;Resuelta;Ambipar Response, SL;14100;https://contrataciondelestado.es/wps/poc?uri=deeplink:detalle_licitacion&idEvl=t0sDrxBOF2M7%2B9FIQYNjeQ%3D%3D
Contratos menores;Servicios de defensa en juicio y representación procesal del Ayuntamiento;Alcaldia del Ayuntamiento de Arroyo de la Encomienda;servicios;Resuelta;ENRIQUE RIOS ARGÜELLO;14069,42;https://contrataciondelestado.es/wps/poc?uri=deeplink:detalle_licitacion&idEvl=AzfLDvOSjsE4NavIWzMcHA%3D%3D
Contratos menores;Contracte menor obra “Fons Estratègic Municipal de Prevenció d’Incendis Forestals i Gestió Forestal 2026”;Alcaldía del Ayuntamiento de Antella;obras;Resuelta;GESTION INTEGRAL DE RESIDUOS SOLIDOS, SA;13856,73;https://contrataciondelestado.es/wps/poc?uri=deeplink:detalle_licitacion&idEvl=LfC%2Fy6c8bQWcCF8sV%2BqtYA%3D%3D
Contratos menores;Dotación de equipamiento en los laboratorios del departamento destinados a la docencia, con la financiación concedida para actuaciones diversas a los diferentes centros de gasto en el ejercicio 2026 (Línea 3);Rectorado de la Universidad de La Laguna;suministros;Resuelta;BIOSIGMA, S.L.;12945;https://contrataciondelestado.es/wps/poc?uri=deeplink:detalle_licitacion&idEvl=CL9aIpsl54TkY6rls5tG9A%3D%3D
Contratos menores;Instalación y puesta en marcha bomba sumergible en la ebam de cúpulas.;Instituto Tecnológico de Canarias S.A.;obras;Resuelta;DOMINGO PONCE, S.L.;12573;https://contrataciondelestado.es/wps/poc?uri=deeplink:detalle_licitacion&idEvl=q4%2Bmavl%2BwFWopEMYCmrbmw%3D%3D
Contratos menores;Contrato menor de suministro de material de construcción para un periodo de 4 meses;Alcaldía del Ayuntamiento de Cullera;suministros;Resuelta;CONSTRUCCION PROMOCION CLIMENT SL;12395,87;https://contrataciondelestado.es/wps/poc?uri=deeplink:detalle_licitacion&idEvl=oEqhb9ejbukeIBJRHQiPkQ%3D%3D
Contratos menores;"Suministro de contenedores de almacenaje y transporte para la Brigada de Infantería de Marina Tercio de Armada ""TEAR""";Intendente de San Fernando;suministros;Resuelta;MOON SUPPLY SL;11892,96;https://contrataciondelestado.es/wps/poc?uri=deeplink:detalle_licitacion&idEvl=yOXNSzTUDUt9Zh%2FyRJgM8w%3D%3D
Contratos menores;Compra de monitores y portátiles para nuevo personal.;Alcaldía del Ayuntamiento de Puçol;suministros;Resuelta;Ionia Solutions SL;11565,35;https://contrataciondelestado.es/wps/poc?uri=deeplink:detalle_licitacion&idEvl=tT4JQwQt8adVYjgxA4nMUw%3D%3D
Contratos menores;Obras para la mejora del acondicionamiento acústico del Aula de Didáctica de la Expresión Musical de la Facultad de Educación. La actuación comprende la insonorización de dos paramentos del aula mediante la instalación de un sistema de aislamiento acústico compuesto por placas acústicas, lana de vidrio, lámina acústica tipo LA-5 y revestimiento ecológico de corcho, así como las pequeñas adaptaciones eléctricas necesarias para la correcta ejecución de la intervención.;Rectorado de la Universidad de La Laguna;obras;Resuelta;Degab 21 Canarias SL;11375,28;https://contrataciondelestado.es/wps/poc?uri=deeplink:detalle_licitacion&idEvl=MofiQ9UHUEOcTfjQf3USOg%3D%3D
Contratos menores;del servicio de instalación de cuadro eléctrico para planta piloto de biogás en República Checa;Gerencia de la Fundación Universidad de Valladolid;servicios;Resuelta;Ingenieria y Fabricacion EXEN,S.L.;11000;https://contrataciondelestado.es/wps/poc?uri=deeplink:detalle_licitacion&idEvl=Z3Ulv9G3AJLI8aL3PRS10Q%3D%3D
Contratos menores;Realización escuela de Navidad 2026 - Diverty School SL;Alcaldía del Ayuntamiento de Vilamarxant;servicios;Resuelta;DIVERTY SCHOOL SL;10290;https://contrataciondelestado.es/wps/poc?uri=deeplink:detalle_licitacion&idEvl=RRdaB%2F2K7h3i0Kd8%2Brcp6w%3D%3D
Contratos menores;Contrato de Animación callejera Saltinpunquis en el FF3C.;Alcaldía del Ayuntamiento de Frigiliana;servicios;Resuelta;JOSE GONZALEZ BATANERO;10283;https://contrataciondelestado.es/wps/poc?uri=deeplink:detalle_licitacion&idEvl=muuhqGjTXBbCfVQHDepjGQ%3D%3D
Contratos menores;Adquisició de bancs amb respatller i banquetes sense respatller per a la seva instal·lació a les àrees d'ús públic del Parc Nacional Maritimoterrestre de l'Arxipèlag de Cabrera;Consejería de Agricultura, Pesca y Medio Natural de las Illes Balears;suministros;Resuelta;Parques y Jardines Fabregas, slu;10240;https://contrataciondelestado.es/wps/poc?uri=deeplink:detalle_licitacion&idEvl=DGRdLnqA1SJrhBlEHQFSKA%3D%3D
Contratos menores;Taller cantar y contar curso 2026 2027;Alcaldía del Ayuntamiento de Cortes de Pallás;servicios;Resuelta;Enriqueta Sánchez Quilez;10216,8;https://contrataciondelestado.es/wps/poc?uri=deeplink:detalle_licitacion&idEvl=CHM09nTEWs9rhBlEHQFSKA%3D%3D
Contratos menores;IP Julio Rufo. Proveedor Djunta Mon. La asistencia técnica tiene como objetivo evaluar el rendimiento y la escalabilidad de las soluciones de comunicaciones ópticas inalámbricas (OWC) desarrolladas en el proyecto VELOCITY-2, analizar su integración en redes IT/OT y contribuir al diseño de una arquitectura abierta que facilite su incorporación en infraestructuras viarias y sistemas inteligentes de transporte. Esta actuación se enmarca en las tareas T3.3, T5.1 y T5.4 de la memoria científico-técnica del proyecto. Los trabajos incluirán la evaluación del rendimiento de los sistemas OWC (caudal, latencia, disponibilidad, estabilidad y tasa de error), el análisis de su compatibilidad e integración con redes IT/OT, la identificación de limitaciones y oportunidades de mejora, y la definición de una propuesta de arquitectura abierta, acompañada de recomendaciones técnicas para optimizar el rendimiento, la escalabilidad y la futura implantación de estas soluciones.;Rectorado de la Universidad de La Laguna;servicios;Resuelta;Djunta Mon Investimentos S.U. Lda;10000;https://contrataciondelestado.es/wps/poc?uri=deeplink:detalle_licitacion&idEvl=SCxHI4zWuTBVYjgxA4nMUw%3D%3D
Contratos menores;Contrato menor-adjudicación Servicio asistencia jurídica y contable 2026;Alcaldía del Ayuntamiento de Vinalesa;servicios;Resuelta;G S LOCAL S.L.;9600;https://contrataciondelestado.es/wps/poc?uri=deeplink:detalle_licitacion&idEvl=yfle6T%2FZGgzmnwcj%2BxbdTg%3D%3D
Contratos menores;Contratacion.Contrato menor de suministro para la adquisicion de equipos informaticos.SERVINCO.;Alcaldía del Ayuntamiento de Quart de les Valls;suministros;Resuelta;SERVINCO CONSULTORIA INFORMÁTICA, S.L;9458,39;https://contrataciondelestado.es/wps/poc?uri=deeplink:detalle_licitacion&idEvl=FDrftcPMOsPXOjazN1Dw9Q%3D%3D
Contratos menores;Contrato Menor. Suministro Radio Emisora individual / Agentes Nuevo ingreso;Alcaldía del Ayuntamiento de Paiporta;suministros;Resuelta;TECNITRAN TELECOMUNICACIONES SL;9141,77;https://contrataciondelestado.es/wps/poc?uri=deeplink:detalle_licitacion&idEvl=RsMOpndKb25J8Trn0ZPzLw%3D%3D
Contratos menores;Compra de electrónica de red para el proyecto de instalación de la fibra óptica municipal.;Alcaldía del Ayuntamiento de Puçol;suministros;Resuelta;FORMACION INFORMATICA DESARROLLO Y COMUNICACIONES SOCIEDAD LIMITADA;9083,67;https://contrataciondelestado.es/wps/poc?uri=deeplink:detalle_licitacion&idEvl=ZSVr6ot6sQj%2Fa9DgO%2BoYKQ%3D%3D
Contratos menores;Equipo didáctico de kit de máquinas eléctricas rotativas, modelo KMQ-120, con manuales en CD multiidioma;Rectorado de la Universidad de La Laguna;suministros;Resuelta;Mondragon Lingua - Alecop S. Coop.;9025;https://contrataciondelestado.es/wps/poc?uri=deeplink:detalle_licitacion&idEvl=SCxHI4zWuTBPpzdqOdhuWg%3D%3D
Contratos menores;Contrato de servicios de Coordinación mercado medieval FF3C 2026;Alcaldía del Ayuntamiento de Frigiliana;servicios;Resuelta;MORENO ALVAREZ, EVA;8850;https://contrataciondelestado.es/wps/poc?uri=deeplink:detalle_licitacion&idEvl=fKhs4wGQvIYXhk1FZxEyvw%3D%3D
Contratos menores;Suministro de un bastidor para la planta piloto de biogas en República Checa;Gerencia de la Fundación Universidad de Valladolid;suministros;Resuelta;Ingenieria y Fabricacion EXEN,S.L.;8790;https://contrataciondelestado.es/wps/poc?uri=deeplink:detalle_licitacion&idEvl=Z8lLY8y2Gt43vLk2DU2Ddg%3D%3D
Contratos menores;Contrato menor adquisición piedras para muro de contención en Pago Monte Ariza;Alcaldía del Ayuntamiento de Frigiliana;suministros;Resuelta;SANTIAGO MARTIN ACOSTA;8750;https://contrataciondelestado.es/wps/poc?uri=deeplink:detalle_licitacion&idEvl=1EVwH0oRQbJ6nTs9LZ9RhQ%3D%3D
Contratos menores;Servei de creació d'il·lustracions originals i disseny gràfic per a l'elaboració de dos calendaris de producte local de temporada;Consejería de Agricultura, Pesca y Medio Natural de las Illes Balears;servicios;Resuelta;Flavia Gargiulo Rosa;8630;https://contrataciondelestado.es/wps/poc?uri=deeplink:detalle_licitacion&idEvl=4zBCTwrCXzDI8aL3PRS10Q%3D%3D
Contratos menores;Realització de 6 serveis de càtering en actes propis de promoció del producte local, en forma de pausa-cafè o aperitiu;Consejería de Agricultura, Pesca y Medio Natural de las Illes Balears;servicios;Resuelta;ASSOCIACIO DE LA PRODUCCIÓ AGRÀRIA ECOLÒGICA DE MALLORCA;8622;https://contrataciondelestado.es/wps/poc?uri=deeplink:detalle_licitacion&idEvl=1EVwH0oRQbLN3k3tjedSGw%3D%3D
Contratos menores;MED-26 Compra de papeleras de reciclaje para eventos y fiestas;Alcaldía del Ayuntamiento de Paiporta;suministros;Resuelta;SULO IBERICA SA;8382;https://contrataciondelestado.es/wps/poc?uri=deeplink:detalle_licitacion&idEvl=bJcER3wnJNJVq4S9zvaQpQ%3D%3D
Contratos menores;"(IP Carina González). El objetivo de este gasto es la adquisición a Grupo Bluedrone S.L. de equipamiento tecnológico (drones, sistemas de visión inmersiva, baterías, cargadores y accesorios) necesario para el desarrollo de las actividades de investigación del proyecto ""2024POB40 - Aulas Hospitalarias y Brecha Digital: Implementación de Herramientas de IA y Robótica Social para la Inclusión"". Su necesidad radica en que constituye un recurso imprescindible para ejecutar las actividades experimentales y alcanzar los objetivos científicos del estudio. Específicamente, los drones (DJI Neo 2) junto con los sistemas de visión inmersiva (DJI Goggles 3) se destinarán al diseño y validación de experiencias educativas innovadoras en aulas hospitalarias y con menores con cáncer; estos mismos dispositivos facilitarán la telepresencia y la exploración remota de los usuarios; el equipamiento tecnológico servirá para la generación de contenidos digitales; y los consumibles de soporte, como las baterías inteligentes y los centros de carga bidireccionales, asegurarán el desarrollo continuado de las actividades dentro y fuera del entorno hospitalario con el fin de reducir la brecha digital y favorecer la inclusión";Rectorado de la Universidad de La Laguna;servicios;Resuelta;Grupo Bluedrone, S.L.;8219,8;https://contrataciondelestado.es/wps/poc?uri=deeplink:detalle_licitacion&idEvl=CL9aIpsl54R70UvEyYJSGw%3D%3D
Contratos menores;del servicio de pruebas de cualificación en las instalaciones HVAC y equipos de aire;Gerencia de la Fundación Universidad de Valladolid;servicios;Resuelta;QUALITY PHARMACEUTICAL CONSULTING SL;8215,75;https://contrataciondelestado.es/wps/poc?uri=deeplink:detalle_licitacion&idEvl=9yeWMFpPRblt5r0ngvMetA%3D%3D
Contratos menores;Contrato menor servicio reparación del centro de transformación del Polígono Químico;Alcaldía del Ayuntamiento de Sagunto;servicios;Resuelta;MORET ELECTROTECNIA SOCIEDAD LIMITADA;8191,97;https://contrataciondelestado.es/wps/poc?uri=deeplink:detalle_licitacion&idEvl=%2Fa9uhPjmat1rSd8H4b2soA%3D%3D
Contratos menores;Contrato menor para instalación, mantenimiento y retirada Instalaciones eléctricas para FF3C 2026;Alcaldía del Ayuntamiento de Frigiliana;servicios;Resuelta;ILUMINACIONES FLORES E HIJOS SL;7950;https://contrataciondelestado.es/wps/poc?uri=deeplink:detalle_licitacion&idEvl=W80eHmBJ4nZJ8Trn0ZPzLw%3D%3D
Contratos menores;Contrato menor de Dirección artística Festival Frigiliana 3 Culturas 2026;Alcaldía del Ayuntamiento de Frigiliana;servicios;Resuelta;ARIZA RUIZ, ANA ISABEL;7400;https://contrataciondelestado.es/wps/poc?uri=deeplink:detalle_licitacion&idEvl=Ta3uTyQPKbMUqXM96WStVA%3D%3D
Contratos menores;Contrato menor de SUMINISTRO_ Depósito de agua para el sistema de riego por aspersión del campo de fútbol el Terrer del Polideportivo Municipal - OFI;Alcaldía del Ayuntamiento de Paiporta;suministros;Resuelta;CONDUCCIONES Y ESPACIOS VERDES SOCIEDAD LIMITADA;7300;https://contrataciondelestado.es/wps/poc?uri=deeplink:detalle_licitacion&idEvl=yn%2F97jN0h44%2FbjW6njtWLw%3D%3D
Contratos menores;Compra de instrumentos para el Teatro Capitolio (Presupuestos Participativos 2026);Alcaldía del Ayuntamiento de Godella;suministros;Resuelta;HOL MUSIC DRAL S.L.U.;7106,16;https://contrataciondelestado.es/wps/poc?uri=deeplink:detalle_licitacion&idEvl=d04imNsXxJ5SYrkJkLlFdw%3D%3D
Contratos menores;CM Servicio de producción evento 35 aniversario FECACV, programado el 19 de septiembre de 2026.;Alcaldía del Ajuntament de Moncada;servicios;Resuelta;MIGUEL SEPULVEDA PASCUAL;6960;https://contrataciondelestado.es/wps/poc?uri=deeplink:detalle_licitacion&idEvl=3gWRpYtT%2BNWLAncw3qdZkA%3D%3D
Contratos menores;Suministro de 4 ordenadores;Gerencia de la Fundación Universidad de Valladolid;suministros;Resuelta;Informatica Imaz & Mate SL;6889,92;https://contrataciondelestado.es/wps/poc?uri=deeplink:detalle_licitacion&idEvl=tK4gfRvIqTKS81gZFETWmA%3D%3D
Contratos menores;del servicio de cualificación de cabinas Sección 1;Gerencia de la Fundación Universidad de Valladolid;servicios;Resuelta;QUALITY PHARMACEUTICAL CONSULTING SL;6504,95;https://contrataciondelestado.es/wps/poc?uri=deeplink:detalle_licitacion&idEvl=NaC1wVKrrEv%2Fa9DgO%2BoYKQ%3D%3D
Contratos menores;"Representación de la obra teatral ""El apagón""";Alcaldía del Ayuntamiento de Tinajo;servicios;Resuelta;COMPAÑÍA REGAÑIZA SCP;6500;https://contrataciondelestado.es/wps/poc?uri=deeplink:detalle_licitacion&idEvl=W84ckgKv1KadkQsA7ROvsg%3D%3D
Contratos menores;Obra mejora accesibilidad y seguridad entorno CEIP CEIP Sibil.la Mercer;Alcaldía del Ayuntamiento de Picassent;obras;Resuelta;ABALA INFRAESTRUCTURAS SL;6446,28;https://contrataciondelestado.es/wps/poc?uri=deeplink:detalle_licitacion&idEvl=KgLGxezGdIT%2B3JAijKO%2Bkg%3D%3D
Contratos menores;CM privado Representación espectáculo La vida Extraordinaria el 26 de septiembre del actual;Alcaldía del Ayuntamiento de L'Eliana;privado;Resuelta;PRODUCCIONES TEATRALES CONTEMPORANEAS SL;6198,35;https://contrataciondelestado.es/wps/poc?uri=deeplink:detalle_licitacion&idEvl=4YLNz6RyI%2FykU02jNGj1Fw%3D%3D
Contratos menores;Contrato menor de servicio para realización proyecto AULA FM;Alcaldía del Ayuntamiento de Alginet;servicios;Resuelta;TOT ANIMACIO SL;6198,29;https://contrataciondelestado.es/wps/poc?uri=deeplink:detalle_licitacion&idEvl=OkZaJX6NFAAkJPJS%2BPS9vg%3D%3D
Contratos menores;Suscripción el consultor de los Ayuntamientos Premium 2026;Alcaldía del Ayuntamiento de Cullera;servicios;Resuelta;ARANZADI LA LEY SA UNIPERSONAL;6125;https://contrataciondelestado.es/wps/poc?uri=deeplink:detalle_licitacion&idEvl=Pqqv14HvgRWqb7rCcv76BA%3D%3D
Contratos menores;Suministro de material y reactivos;Gerencia de la Fundación Universidad de Valladolid;suministros;Resuelta;JL ASENSIO SL;6028,83;https://contrataciondelestado.es/wps/poc?uri=deeplink:detalle_licitacion&idEvl=3Ewd3b0yjb0adbH3CysQuQ%3D%3D
Contratos menores;Contrato menor de Servicios auxiliares de información, recepción, control de accesos y comprobación de instalaciones durante la celebración del FF3C 2026;Alcaldía del Ayuntamiento de Frigiliana;servicios;Resuelta;COSAX SERVICIOS ANDALUCES, SL;5995;https://contrataciondelestado.es/wps/poc?uri=deeplink:detalle_licitacion&idEvl=63qhnqo%2F4nctm4eBPtV6eQ%3D%3D
Contratos menores;Servicio de consultoría documental para la redacción de Estudios Previos de Viabilidad Comercial (EPV) 2026;Gerencia de la Fundación Universidad de Valladolid;servicios;Resuelta;PABLO VILLANUEVA ALONSO;5995;https://contrataciondelestado.es/wps/poc?uri=deeplink:detalle_licitacion&idEvl=IZsmi7L5DNAwYTJJ03sHog%3D%3D
Contratos menores;Servicios de catering: cafés y comida para 200 personas;Gerencia de la Fundación Universidad de Valladolid;servicios;Resuelta;JOLOCHO SL;5950;https://contrataciondelestado.es/wps/poc?uri=deeplink:detalle_licitacion&idEvl=ch6TAF1SEy%2FECtSnloz%2BZQ%3D%3D
Contratos menores;Mantenimiento de sistemas de alimentación ininterrumpida (SAI) de edificios municipales.;Alcaldía del Ayuntamiento de Picassent;servicios;Resuelta;SCHNEIDER ELECTRIC IT, S.L.;5764,48;https://contrataciondelestado.es/wps/poc?uri=deeplink:detalle_licitacion&idEvl=LVkISWui9Kn%2B3JAijKO%2Bkg%3D%3D
Contratos menores;del servicio del mantenimiento de la sala HVAC;Gerencia de la Fundación Universidad de Valladolid;servicios;Resuelta;QUIMILID SL MATERIAL DE LABORATORIO;5700;https://contrataciondelestado.es/wps/poc?uri=deeplink:detalle_licitacion&idEvl=6w2aDdtVWLOFQ%2FlhRK79lA%3D%3D
Contratos menores;ayuda, el 8th Iberoamerican Meeting on Geometry, Dynamics and Field Theory se celebró del 19 al 23 de enero de 2026, mientras que la resolución definitiva de concesión de la ayuda, con expediente contable 2026/0002497 fue firmada por la Universidad de La Laguna el 1 de julio de 2026, varios meses después de la celebración del congreso.;Rectorado de la Universidad de La Laguna;servicios;Resuelta;VIAJES SABANDA;5612,35;https://contrataciondelestado.es/wps/poc?uri=deeplink:detalle_licitacion&idEvl=p5KW35RzR2a2gkLQ8TeYKA%3D%3D
Contratos menores;Cont. menor servei Redacció i direcció obra Acondicionament de camins rurals 2026;Alcaldía del Ayuntamiento de Antella;servicios;Resuelta;SEGURA ROLDAN INGENIEROS SOCIEDAD LIMITADA PROFESIONAL;5611,31;https://contrataciondelestado.es/wps/poc?uri=deeplink:detalle_licitacion&idEvl=aFqv%2FEqhRdCcCF8sV%2BqtYA%3D%3D
Contratos menores;Conmenurb LCSP 2026-61. Dietes European Heritage Volunteers;Alcaldía del Ayuntamiento de Meliana;servicios;Resuelta;Irina Angelica Barbuta;5607,73;https://contrataciondelestado.es/wps/poc?uri=deeplink:detalle_licitacion&idEvl=ZOVx8sWyHls3vLk2DU2Ddg%3D%3D
Contratos menores;Redacción del proyecto modificado de acople y ajuste de la distribución de las canalizaciones interiores del área de desarrollo tecnológico-industrial en biotecnología azul y acuicultura a la mancomun;Instituto Tecnológico de Canarias S.A.;servicios;Resuelta;MONBE CONSULTORES S.L.;5600;https://contrataciondelestado.es/wps/poc?uri=deeplink:detalle_licitacion&idEvl=7bi7zkgkJkcXhk1FZxEyvw%3D%3D
Contratos menores;Contrato menor de suministro de dos sistemas portátiles de megafonía y acústica de fijación magnética para los vehículos de la Policia Local - Oficina de Emergencias;Alcaldía del Ayuntamiento de Paiporta;suministros;Resuelta;SAIVAL TRAFIC, S.L;5500;https://contrataciondelestado.es/wps/poc?uri=deeplink:detalle_licitacion&idEvl=yn%2F97jN0h46zz8fXU2i3eQ%3D%3D
Contratos menores;Suministro equipos de climatización: splits, conducto y cassete.;ENAIRE. Dirección Región Sur;suministros;Resuelta;CLIMATEGA SLU;5496,32;https://contrataciondelestado.es/wps/poc?uri=deeplink:detalle_licitacion&idEvl=Vamqn0uQ4AN%2BF6L2uCfUWg%3D%3D
Contratos menores;Contrato menor para Proyección multicultural sobre la fachada de la Iglesia durante FF3C 2026;Alcaldía del Ayuntamiento de Frigiliana;servicios;Resuelta;KABUKI VISION, S.L.;5270;https://contrataciondelestado.es/wps/poc?uri=deeplink:detalle_licitacion&idEvl=oIiVacxqI7SKeVWTb9Scog%3D%3D
Contratos menores;Suministro de 1 rack APC 48U, 1 rack APC 42U y dos PDU Metered APC;Gerencia de la Fundación Universidad de Valladolid;suministros;Resuelta;ELECTROSON CASTILLA SA;5215;https://contrataciondelestado.es/wps/poc?uri=deeplink:detalle_licitacion&idEvl=Ha0qjQF3vPKOUi78BmzhOQ%3D%3D
Contratos menores;Servicio de auditoría del proyecto Talento Valladolid 2025-2026;Gerencia de la Fundación Universidad de Valladolid;servicios;Resuelta;AUREN AUDITORES SP, S.L.P.;5200;https://contrataciondelestado.es/wps/poc?uri=deeplink:detalle_licitacion&idEvl=WL3f%2BbQX9NXmnwcj%2BxbdTg%3D%3D
Contratos menores;CM adquisición pieza cerámica Javier Mariscal y Arturo Mora;Alcaldía del Ayuntamiento de Manises;suministros;Resuelta;MARIA ENCARNACION BAENA TALAVERON;5165,29;https://contrataciondelestado.es/wps/poc?uri=deeplink:detalle_licitacion&idEvl=%2FvA01x6HEMyTylGzYmBF9Q%3D%3D
Contratos menores;Difusión Campaña Divulgativa;Viceconsejería de Comunicación y Relaciones con los Medios del Gobierno de Canarias;servicios;Resuelta;Editorial Prensa Canaria S.A.;5000;https://contrataciondelestado.es/wps/poc?uri=deeplink:detalle_licitacion&idEvl=%2FHmo3NGXuREtm4eBPtV6eQ%3D%3D
Contratos menores;Suministro de equipamiento informático variado, incluyendo ordenadores, periféricos, dispositivos de almacenamiento y demás accesorios;Gerencia de la Fundación Universidad de Valladolid;suministros;Resuelta;SISTAC ILS SL (PC BOX);5000;https://contrataciondelestado.es/wps/poc?uri=deeplink:detalle_licitacion&idEvl=HKqUbZicgqYadbH3CysQuQ%3D%3D
Contratos menores;Suministro de equipamiento informático variado, incluyendo ordenadores, periféricos, dispositivos de almacenamiento y demás accesorios;Gerencia de la Fundación Universidad de Valladolid;suministros;Resuelta;AMAZON EU;5000;https://contrataciondelestado.es/wps/poc?uri=deeplink:detalle_licitacion&idEvl=Hcwgqka15vtVkTabT%2FRM8A%3D%3D
Contratos menores;Equipamiento informático variado, incluyendo ordenadores, periféricos, dispositivos de almacenamiento y demás accesorios;Gerencia de la Fundación Universidad de Valladolid;suministros;Resuelta;PC COMPONENTES Y MULTIMEDIA SLU;5000;https://contrataciondelestado.es/wps/poc?uri=deeplink:detalle_licitacion&idEvl=tK4gfRvIqTLgL1BHd3qjQA%3D%3D
Contratos menores;Contrato menor servicios talleres prevención y sensibilización violencia entorno al 25 de noviembre,;Alcaldía del Ayuntamiento de Sedaví;servicios;Resuelta;CONCILIA2 SOLUCIONES SOCIEDAD LIMITADA;4990;https://contrataciondelestado.es/wps/poc?uri=deeplink:detalle_licitacion&idEvl=cQ4bv%2Fzf0ogZDGvgaZEVxQ%3D%3D
Contratos menores;Servicio de decapado y pulido del suelo;Gerencia de la Fundación Universidad de Valladolid;servicios;Resuelta;JORGE SORIA REVUELTA;4980;https://contrataciondelestado.es/wps/poc?uri=deeplink:detalle_licitacion&idEvl=nDxU3615SUSGCFcHcNGIlQ%3D%3D
Contratos menores;Puzzle contra la Violencia de Género;Alcaldía del Ayuntamiento de Cortes de Pallás;servicios;Resuelta;BETACONSULTING FORMACIÓN S.L.;4958,68;https://contrataciondelestado.es/wps/poc?uri=deeplink:detalle_licitacion&idEvl=WkbfH%2Fpiqxezz8fXU2i3eQ%3D%3D
Contratos menores;Contratacion.Contrato menor de servicios de poliza de responsabilidad civil y accidentes en festejos taurinos.GESTIONES TAURINAS DEL MEDITERRANEO, SL;Alcaldía del Ayuntamiento de Quart de les Valls;servicios;Resuelta;GESTIONES TAURINAS DEL MEDITERRÁNEO SL;4950;https://contrataciondelestado.es/wps/poc?uri=deeplink:detalle_licitacion&idEvl=jH571sYgkq99Zh%2FyRJgM8w%3D%3D
Contratos menores;Servicio de calibración de los equipos medidores de partículas según el plan bronce;Gerencia de la Fundación Universidad de Valladolid;servicios;Resuelta;IESMAT;4844,63;https://contrataciondelestado.es/wps/poc?uri=deeplink:detalle_licitacion&idEvl=6w2aDdtVWLNrhBlEHQFSKA%3D%3D
Contratos menores;2 -2026 - contrato menor -Transparencia y Buen Gobierno -Barómetro de Servicios Públicos;Alcaldía del Ayuntamiento de Sedaví;servicios;Resuelta;JOAN MIQUEL GONÇALES NOGUEROLES;4648,76;https://contrataciondelestado.es/wps/poc?uri=deeplink:detalle_licitacion&idEvl=cQ4bv%2Fzf0ogUqXM96WStVA%3D%3D
Contratos menores;C.M. Servei megafonía Mundial 82;Alcaldía del Ayuntamiento de Catarroja;servicios;Resuelta;POLIDISCOFASHION, S.L.;4607;https://contrataciondelestado.es/wps/poc?uri=deeplink:detalle_licitacion&idEvl=VkElzmbPcj%2BopEMYCmrbmw%3D%3D
Contratos menores;Servicio de consultoría para el diseño metodológico y de contenidos de microcredenciales formativas relativas a la protección, transferencia y valorización de resultados de I+D+i;Gerencia de la Fundación Universidad de Valladolid;servicios;Resuelta;PABLO VILLANUEVA ALONSO;4500;https://contrataciondelestado.es/wps/poc?uri=deeplink:detalle_licitacion&idEvl=ZXWx6740d9LI8aL3PRS10Q%3D%3D
Contratos menores;C.M. servicio de actuación de la orquesta IGUANA el próximo día 19 de septiembre de 2026, con motivo de la celebración de las Fiestas del Barrio de los Dolores.;Alcaldía del Ajuntament de Moncada;servicios;Resuelta;PRODUCCIONES ARTISTICAS ORANGE S.L.;4500;https://contrataciondelestado.es/wps/poc?uri=deeplink:detalle_licitacion&idEvl=Z5AH6TLMVoh70UvEyYJSGw%3D%3D
Contratos menores;Contrato menor curso tejer redes de itinerarios de inclusión;Alcaldía del Ayuntamiento de Sagunto;servicios;Resuelta;ALEJANDRA ANDREA VICUÑA CASTILLO;4335;https://contrataciondelestado.es/wps/poc?uri=deeplink:detalle_licitacion&idEvl=mZupPGwQatKHCIsjvJ3rhQ%3D%3D
Contratos menores;Contrato menor suministro CPU/ordenadores departamento Policía local;Alcaldía del Ayuntamiento de Picassent;suministros;Resuelta;INFASE MACHINES SOCIEDAD LIMITADA;4289,19;https://contrataciondelestado.es/wps/poc?uri=deeplink:detalle_licitacion&idEvl=zCe79rb86olxseVhcqrkhw%3D%3D
Contratos menores;del suministro de ordenador y complementos:;Gerencia de la Fundación Universidad de Valladolid;suministros;Resuelta;Manuel Ramos Muñiz;4212,16;https://contrataciondelestado.es/wps/poc?uri=deeplink:detalle_licitacion&idEvl=UfA%2F8g3U5nZrSd8H4b2soA%3D%3D
Contratos menores;Software videoactas plenos municipales;Alcaldía del Ayuntamiento de Guadalix de la Sierra;suministros;Resuelta;AMBISER INNOVACIONES S.L;4210;https://contrataciondelestado.es/wps/poc?uri=deeplink:detalle_licitacion&idEvl=5od6vYIgUPE7u6%2B%2FR7DUoA%3D%3D
Contratos menores;Contrato menor para la adquisición de elementos y componentes de los inmovilizadores eléctricos del departamento de Policía Local.;Alcaldía del Ayuntamiento de Godella;suministros;Resuelta;MAC UNIFORMES, S.L.;4188,35;https://contrataciondelestado.es/wps/poc?uri=deeplink:detalle_licitacion&idEvl=N37tKriIEsScTfjQf3USOg%3D%3D
Contratos menores;Contrato suministro material de divulgación y difusión de actividades de juventud.;Alcaldía del Ayuntamiento de Picassent;suministros;Resuelta;COPIFORMES SOCIEDAD LIMITADA;4178,85;https://contrataciondelestado.es/wps/poc?uri=deeplink:detalle_licitacion&idEvl=meOj4tGgdgbjHF5qKI4aaw%3D%3D
Contratos menores;CM Cámaras Videovigilancia Polígono La Cova;Alcaldía del Ayuntamiento de Manises;suministros;Resuelta;VIRIOTEC SISTEMAS SL;4142,17;https://contrataciondelestado.es/wps/poc?uri=deeplink:detalle_licitacion&idEvl=rvVy2nGglQyTylGzYmBF9Q%3D%3D
Contratos menores;Contrato de servicio consistente en talleres de bienestar emocional y prevención de problemas de salud mental E+Q1n dentro del Proyecto de juventud.;Alcaldía del Ayuntamiento de Picassent;servicios;Resuelta;EVA VICTORIA BERNAL SERRANO;4140;https://contrataciondelestado.es/wps/poc?uri=deeplink:detalle_licitacion&idEvl=XRpC19ywFzb5Rey58Yagpg%3D%3D
Contratos menores;Servicio de mantenimiento preventivo de tres muestreadores ambientales AIR IDEAL.;Gerencia de la Fundación Universidad de Valladolid;servicios;Resuelta;BIOMERIEUX ESPAÑA SA;4107;https://contrataciondelestado.es/wps/poc?uri=deeplink:detalle_licitacion&idEvl=CgOswCSS75AwYTJJ03sHog%3D%3D
Contratos menores;Servicio de mantenimiento del equipo Bact-Alert;Gerencia de la Fundación Universidad de Valladolid;servicios;Resuelta;BIOMERIEUX ESPAÑA SA;4080;https://contrataciondelestado.es/wps/poc?uri=deeplink:detalle_licitacion&idEvl=whtRTik%2B3Oz9pbnDwlaUlg%3D%3D
Contratos menores;Suministro de una bomba Grundfos con protección ATEX Tipo II;Gerencia de la Fundación Universidad de Valladolid;suministros;Resuelta;Silver Hidraulica, S.L.;4043;https://contrataciondelestado.es/wps/poc?uri=deeplink:detalle_licitacion&idEvl=bX2Ez4KIy7l9PLkba5eRog%3D%3D
Contratos menores;Contrato menor concierto Trio Jazz David Pastor en noche en blanco. Notes and Words S.l.;Alcaldía del Ayuntamiento de Requena;servicios;Resuelta;NOTES AND WORDS SL;4000;https://contrataciondelestado.es/wps/poc?uri=deeplink:detalle_licitacion&idEvl=%2Fa9uhPjmat2kU02jNGj1Fw%3D%3D
Contratos menores;Autobuses viaje Benidorm 2026;Alcaldía del Ayuntamiento de Cortes de Pallás;servicios;Resuelta;Autocares Sanguiao S.A.;4000;https://contrataciondelestado.es/wps/poc?uri=deeplink:detalle_licitacion&idEvl=au1lkv7dTeZ6nTs9LZ9RhQ%3D%3D
Contratos menores;FM26 Adquisició de caramels i llepolies per a la cavalcada de Sant Miquel;Alcaldía del Ayuntamiento de Catarroja;suministros;Resuelta;TODODULCE, S.A.;3938,12;https://contrataciondelestado.es/wps/poc?uri=deeplink:detalle_licitacion&idEvl=yPBY5zJ%2FgWOFQ%2FlhRK79lA%3D%3D
Contratos menores;Contrato de suministro consistente en dos carpas de jardín, lonas y banderas serigrafiadas para su uso en actividades del Departamento.;Alcaldía del Ayuntamiento de Picassent;suministros;Resuelta;M I M AMICS PUBLICITAT SL;3902,54;https://contrataciondelestado.es/wps/poc?uri=deeplink:detalle_licitacion&idEvl=f68bCSZrulTECtSnloz%2BZQ%3D%3D
Contratos menores;Contrato menor de suministro de máquina fregadora para pabellón deportivo (MAQUINARIA 357, S.L.);Alcaldía del Ayuntamiento de Quart de Poblet;suministros;Resuelta;MAQUINARIA Y LIMPIEZAS 357;3750;https://contrataciondelestado.es/wps/poc?uri=deeplink:detalle_licitacion&idEvl=xyxOA4dZUBF%2BF6L2uCfUWg%3D%3D
Contratos menores;Contrato de Servicio de asistencia sanitaria con ambulancias y personal médico durante el FF3C;Alcaldía del Ayuntamiento de Frigiliana;servicios;Resuelta;AYÓN AMBULANCIAS;3740;https://contrataciondelestado.es/wps/poc?uri=deeplink:detalle_licitacion&idEvl=rTZOyOzGErMIYE3ZiZ%2BxmQ%3D%3D
Contratos menores;FM26 CM Servici Impressió Lones Recinte Concerts;Alcaldía del Ayuntamiento de Catarroja;servicios;Resuelta;FORJA MASS IDEAS DE COMUNICACION SL;3660;https://contrataciondelestado.es/wps/poc?uri=deeplink:detalle_licitacion&idEvl=kQMwQs2fq83L1rX3q%2FMAPA%3D%3D
Contratos menores;"Mantenimiento de los 5 ascensores ubicados en el edificio de Servicios Administrativos ""La Paz"", en Mérida, dos en el edificio Anexo y tres en el edificio principal.";Consejería de Infraestructuras, Transporte y Vivienda;servicios;Resuelta;ORONA S.COOP.;3635,52;https://contrataciondelestado.es/wps/poc?uri=deeplink:detalle_licitacion&idEvl=9i0Ahf9rK3mKeVWTb9Scog%3D%3D
Contratos menores;Suministro de un detector de metano;Gerencia de la Fundación Universidad de Valladolid;suministros;Resuelta;AIR300, S.L.;3582,63;https://contrataciondelestado.es/wps/poc?uri=deeplink:detalle_licitacion&idEvl=7WpdsqvPtEbL1rX3q%2FMAPA%3D%3D
Contratos menores;Contrato menor Obra para la revisión de fisuras en pilares y cornisa en fachada principal del CEIP JAUME I. OFI;Alcaldía del Ayuntamiento de Puçol;obras;Resuelta;CONSTRUCCIONES ALSAN 22 SL;3570;https://contrataciondelestado.es/wps/poc?uri=deeplink:detalle_licitacion&idEvl=Zk0EOO4rEz82wEhQbcAqug%3D%3D
Contratos menores;FM 26. Contracte menor de servei de cuinat de la degustació d'allipbres;Alcaldía del Ayuntamiento de Catarroja;servicios;Resuelta;Miguel Raga Mata;3458,72;https://contrataciondelestado.es/wps/poc?uri=deeplink:detalle_licitacion&idEvl=JK2gEWhQR2B4zIRvjBVCSw%3D%3D
Contratos menores;"CM Divendres Teatre ""Original Greek""";Alcaldía del Ajuntament de Moncada;servicios;Resuelta;MARINA ALEGRE SILVA;3313,25;https://contrataciondelestado.es/wps/poc?uri=deeplink:detalle_licitacion&idEvl=oEqhb9ejbunXOjazN1Dw9Q%3D%3D
Contratos menores;Contrato menor de servicios consistente en la limpieza interior y exterior de los vehículos del Departamento de Agricultura;Alcaldía del Ayuntamiento de Sagunto;servicios;Resuelta;TURBINSA S.A;3305,79;https://contrataciondelestado.es/wps/poc?uri=deeplink:detalle_licitacion&idEvl=8bG39IqS8g6HCIsjvJ3rhQ%3D%3D
Contratos menores;Exp. de digitalización de documentación del Fondo Venancio Serrano Clavero ingresado en el Archivo Municipal de Requena año 2026 a Solcomtec SL 3999,05 euros;Alcaldía del Ayuntamiento de Requena;servicios;Resuelta;Solcomtec, S.L.;3305;https://contrataciondelestado.es/wps/poc?uri=deeplink:detalle_licitacion&idEvl=HSV7tqyxcbaopEMYCmrbmw%3D%3D
Contratos menores;Merchandising Quartmetratges 2026;Alcaldía del Ayuntamiento de Quart de Poblet;suministros;Resuelta;ALTON PUBLICIDAD, SL;3250;https://contrataciondelestado.es/wps/poc?uri=deeplink:detalle_licitacion&idEvl=ou2htRekMK0zjChw4z%2FXvw%3D%3D
Contratos menores;Suministro de Apple MacBook Pro con chip M4 Pro;Gerencia de la Fundación Universidad de Valladolid;suministros;Resuelta;NEO-BYTE Computers, S.L.;3162;https://contrataciondelestado.es/wps/poc?uri=deeplink:detalle_licitacion&idEvl=pQCKm5Jshm0Xhk1FZxEyvw%3D%3D
Contratos menores;Reparación de compresor de aire comprimido;Instituto Tecnológico de Canarias S.A.;servicios;Resuelta;ANGEL CABRERA SANCHEZ;3159,6;https://contrataciondelestado.es/wps/poc?uri=deeplink:detalle_licitacion&idEvl=t68ZNMZ3oGd9Zh%2FyRJgM8w%3D%3D
Contratos menores;Contrato menor suministro impresoras térmicas sistema denuncias departamento Policía local;Alcaldía del Ayuntamiento de Picassent;suministros;Resuelta;INFASE MACHINES SOCIEDAD LIMITADA;2999,2;https://contrataciondelestado.es/wps/poc?uri=deeplink:detalle_licitacion&idEvl=zCe79rb86okzjChw4z%2FXvw%3D%3D
Contratos menores;Contrato de Servicios artísticos de cuentacuentos Festival Frigiliana 3 Culturas;Alcaldía del Ayuntamiento de Frigiliana;servicios;Resuelta;PEDRO NAVAS PLATERO;2990;https://contrataciondelestado.es/wps/poc?uri=deeplink:detalle_licitacion&idEvl=JReX%2FyE%2BNeSTylGzYmBF9Q%3D%3D
Contratos menores;Proposta de despeses per al subminitrament de tanques correctament homologades- CEIP SANT AGUSTÍ;Alcaldía del Ayuntamiento de Cullera;suministros;Resuelta;PUERTAS Y VENTANAS HERMANOS PRIETO SL;2984;https://contrataciondelestado.es/wps/poc?uri=deeplink:detalle_licitacion&idEvl=Th%2BL2tJ%2B2btPpzdqOdhuWg%3D%3D
Contratos menores;Servicio de pintura y reparaciones menores en tres apartamentos Apartamentos “Cardenal Mendoza”;Gerencia de la Fundación Universidad de Valladolid;servicios;Resuelta;Soluciones en pinturas y resinas SL;2980;https://contrataciondelestado.es/wps/poc?uri=deeplink:detalle_licitacion&idEvl=edseHIelNfpeKgd8LfVV9g%3D%3D
Contratos menores;Propuesta de gastos adquisición Sustitución compresor equipo SPA;Alcaldía del Ayuntamiento de Cullera;suministros;Resuelta;VERDU MASIP SERVICIOS SL;2957,41;https://contrataciondelestado.es/wps/poc?uri=deeplink:detalle_licitacion&idEvl=FY99pqb980oeC9GJQOEBkQ%3D%3D
Contratos menores;Contrato menor participación catálogo escapadas CV 2026. Experiencias Junta al Mediterráneo, S.L.;Alcaldía del Ayuntamiento de Requena;servicios;Resuelta;EXPERIENCIAS JUNTO AL MEDITERRANEO SL;2950;https://contrataciondelestado.es/wps/poc?uri=deeplink:detalle_licitacion&idEvl=t0sDrxBOF2MwYTJJ03sHog%3D%3D
Contratos menores;Proposta de despeses d'activitats juvenils per a la inauguració de l'Espai Jove El Patronat;Alcaldía del Ayuntamiento de Cullera;servicios;Resuelta;MATHENA PRODUCCIONES;2950;https://contrataciondelestado.es/wps/poc?uri=deeplink:detalle_licitacion&idEvl=o0ZjpulKrR2AAM7L03kM8A%3D%3D
Contratos menores;Servicio de control de temperatura de los equipo térmicos;Gerencia de la Fundación Universidad de Valladolid;servicios;Resuelta;Juan Gil Sanchez;2940;https://contrataciondelestado.es/wps/poc?uri=deeplink:detalle_licitacion&idEvl=wdvLG3p6uJq2gkLQ8TeYKA%3D%3D
Contratos menores;Contrato menor de actividades y entretenimiento de temática medieval del RINCÓN INFANTIL Festival Frigiliana 3 Culturas;Alcaldía del Ayuntamiento de Frigiliana;servicios;Resuelta;ANAYAO SABORES DE ANTAÑO SL;2900;https://contrataciondelestado.es/wps/poc?uri=deeplink:detalle_licitacion&idEvl=4nWdJyuV4FomMOlAXxDEjw%3D%3D
Contratos menores;Contrato Servicio Asistencia de redacción de pliegos para la licitación del Proyecto Básico y de ejecución del Parque de divulgación científica.;Alcaldía del Ayuntamiento de Quart de Poblet;servicios;Resuelta;DISEIA ESTUDIO SL;2890;https://contrataciondelestado.es/wps/poc?uri=deeplink:detalle_licitacion&idEvl=s8ezdMieNMU3vLk2DU2Ddg%3D%3D
Contratos menores;"Servicios de colaboración en la edición en formato papel y electrónico de la obra ""40 años de adhesión a la Unión Europea""";Gerencia de la Fundación Universidad de Valladolid;servicios;Resuelta;Dykinson. S.L;2884,62;https://contrataciondelestado.es/wps/poc?uri=deeplink:detalle_licitacion&idEvl=92kF4b7Y6bbyoM4us5k4vw%3D%3D
Contratos menores;Aula multimedia de la Casa de la Dona;Alcaldía del Ayuntamiento de Puçol;suministros;Resuelta;MONICA ROMAN TORTAJADA;2883;https://contrataciondelestado.es/wps/poc?uri=deeplink:detalle_licitacion&idEvl=eKQ1ZoQmc3mqb7rCcv76BA%3D%3D
Contratos menores;Conmenurb LCSP 2026-62. Informes jurídics de setembre a desembre 2026;Alcaldía del Ayuntamiento de Meliana;servicios;Resuelta;José Luís Ferrando Calatayud;2800;https://contrataciondelestado.es/wps/poc?uri=deeplink:detalle_licitacion&idEvl=gu8AKkd3cVsQyBAnWzHfCg%3D%3D
Contratos menores;Contrato menor de suministros de bancos para zona lavadero y paraje La Font;Alcaldía del Ayuntamiento de Quart de les Valls;suministros;Resuelta;SALUDES PARQUES;2790;https://contrataciondelestado.es/wps/poc?uri=deeplink:detalle_licitacion&idEvl=WlwKHVf314%2FCfVQHDepjGQ%3D%3D
Contratos menores;Reimpresión volúmenes III y IV del poeta Vicent d'Anna;Alcaldía del Ayuntamiento de Puçol;servicios;Resuelta;JUAN IGNACIO SALVADOR TURMO;2786;https://contrataciondelestado.es/wps/poc?uri=deeplink:detalle_licitacion&idEvl=Zk0EOO4rEz%2BdkQsA7ROvsg%3D%3D
Contratos menores;Marketing, publicidad online promoción, posicionamiento digital y difusión Festival Quartmetratges 2026.;Alcaldía del Ayuntamiento de Quart de Poblet;servicios;Resuelta;ROSA ANA MONROS MARTINEZ;2750;https://contrataciondelestado.es/wps/poc?uri=deeplink:detalle_licitacion&idEvl=bfQU28e3WuvkY6rls5tG9A%3D%3D
Contratos menores;Servicios de almuerzos para 120 personas en cafetería durante congreso;Gerencia de la Fundación Universidad de Valladolid;servicios;Resuelta;JUANJO Y TERE CAMPUS S.L;2640;https://contrataciondelestado.es/wps/poc?uri=deeplink:detalle_licitacion&idEvl=Cg0H0fHspXeKeVWTb9Scog%3D%3D
Contratos menores;Contrato menor actuación del espectáculo ROB en la noche en blanco. Teatre de L'Abast S.L.;Alcaldía del Ayuntamiento de Requena;servicios;Resuelta;TEATRE DE L'ABAST SOCIEDAD LIMITADA;2500;https://contrataciondelestado.es/wps/poc?uri=deeplink:detalle_licitacion&idEvl=0ynb6AHhw1QQyBAnWzHfCg%3D%3D
Contratos menores;CM de servicios de contratación de auditoria para la subvención del conservatorio 2026;Alcaldía del Ajuntament de Moncada;servicios;Resuelta;DULA AUDITORES, S.L.P.;2500;https://contrataciondelestado.es/wps/poc?uri=deeplink:detalle_licitacion&idEvl=QhvRd9PCKw1PpzdqOdhuWg%3D%3D
Contratos menores;Actualización y mantenimiento programa Omicweb2026;Alcaldía del Ayuntamiento de Cullera;servicios;Resuelta;SERNUTEC SERVICIOS Y NUEVAS TECNOLOGIAS S.L.;2500;https://contrataciondelestado.es/wps/poc?uri=deeplink:detalle_licitacion&idEvl=fEGq%2F7EWKLmExvMJXBMHHQ%3D%3D
Contratos menores;Contrato Menor de Servicios «Informe auditor subvención 2026 Conservatorio Profesional de Música de Silla»;Alcaldía del Ayuntamiento de Silla;servicios;Resuelta;SEBASTIA ABOGADOS Y ECONOMISTAS SOCIEDAD LIMITADA;2479;https://contrataciondelestado.es/wps/poc?uri=deeplink:detalle_licitacion&idEvl=ogT9aqv6FeMIYE3ZiZ%2BxmQ%3D%3D
Contratos menores;Contrato servicio de alquiler de escenario realización Certamen Play-backs falleros 2026;Alcaldía del Ayuntamiento de Sagunto;servicios;Resuelta;RICARDO FERRANDIS SALCEDO;2450;https://contrataciondelestado.es/wps/poc?uri=deeplink:detalle_licitacion&idEvl=WEwEdsosIpZq1DdmE7eaXg%3D%3D
Contratos menores;Contrato Menor de Servicios «Acción formativa “Pequeños Cambios, Grandes Diferencias” para los talleres de empleo»;Alcaldía del Ayuntamiento de Silla;servicios;Resuelta;FLORIDA CENTRE DE FORMACIO COOP. V;2400;https://contrataciondelestado.es/wps/poc?uri=deeplink:detalle_licitacion&idEvl=RRdaB%2F2K7h19PLkba5eRog%3D%3D
Contratos menores;Taller teatro arte mayor 26 - 27;Alcaldía del Ayuntamiento de Cortes de Pallás;servicios;Resuelta;Enriqueta Sánchez Quilez;2400;https://contrataciondelestado.es/wps/poc?uri=deeplink:detalle_licitacion&idEvl=IvpnYzMIVxs2wEhQbcAqug%3D%3D
Contratos menores;Impresión Calendarios Sobremesa Casa de la Dona 2027;Alcaldía del Ayuntamiento de Quart de Poblet;suministros;Resuelta;GIL INDUSTRIAS GRAFICAS SOCIEDAD LIMITADA;2393;https://contrataciondelestado.es/wps/poc?uri=deeplink:detalle_licitacion&idEvl=Ee%2BPEGHEzaAXhk1FZxEyvw%3D%3D
Contratos menores;CMSE Servei de dinamització de l'acte commemoratiu del dia internacional de l'alzhéimer 2026 (ACTIVITAT+MATERIAL);Alcaldía del Ayuntamiento de L'Eliana;servicios;Resuelta;IVAN BURGUETE ZAYAS;2302,63;https://contrataciondelestado.es/wps/poc?uri=deeplink:detalle_licitacion&idEvl=U0tpis%2Be6uM7u6%2B%2FR7DUoA%3D%3D
Contratos menores;"Contrato privado de Camerata Valencia para ""Mislata a la fresca"".";Alcaldía del Ayuntamiento de Mislata;privado;Resuelta;ASOCIACION CAMERATA DE VALENCIA;2300;https://contrataciondelestado.es/wps/poc?uri=deeplink:detalle_licitacion&idEvl=WM7U9zHM8qI2wEhQbcAqug%3D%3D
Contratos menores;Suministro de medidores de caudales de gases y líquidos;Gerencia de la Fundación Universidad de Valladolid;suministros;Resuelta;TECFLUID S.A.;2257,33;https://contrataciondelestado.es/wps/poc?uri=deeplink:detalle_licitacion&idEvl=x4eslJtmbxz5Rey58Yagpg%3D%3D
Contratos menores;Acondicionamiento arquetas y acceso ct1 para facilitar acceso en mantenimiento y operación.;Instituto Tecnológico de Canarias S.A.;obras;Resuelta;IMESAPI, S.A.;2242,53;https://contrataciondelestado.es/wps/poc?uri=deeplink:detalle_licitacion&idEvl=2bX06Qhv7Yt4zIRvjBVCSw%3D%3D
Contratos menores;"Contrato menor servicios ""Contratación monitor talleres educativos desde el 1 octubre al 22 de diciembre 2026, plan corresponsables"". PLACOR/2025/064/46";Alcaldia del Ayuntamiento de Pinet;servicios;Resuelta;FEM ESCOLA SL;2240,58;https://contrataciondelestado.es/wps/poc?uri=deeplink:detalle_licitacion&idEvl=dIlSzc5i76DIGlsa0Wad%2Bw%3D%3D
Contratos menores;FM26 Lloguer passejos en barca per al públic assistent a la Sega de l'Arròs;Alcaldía del Ayuntamiento de Catarroja;servicios;Resuelta;Miguel Raga Mata;2240;https://contrataciondelestado.es/wps/poc?uri=deeplink:detalle_licitacion&idEvl=51dHqXyNTxAkJPJS%2BPS9vg%3D%3D
Contratos menores;"Contracte actuació ""Apocalipsi fatxa"" (02-10-26)TARDOR";Alcaldía del Ayuntamiento de Sagunto;servicios;Resuelta;XAVIER CASTILLO MONTAÑES,;2200;https://contrataciondelestado.es/wps/poc?uri=deeplink:detalle_licitacion&idEvl=JO%2FPEhnj1CCopEMYCmrbmw%3D%3D
Contratos menores;Adjudicaciones Fase I Plan de Comunicación Bienal de Mislata Miquel Navarro 2026;Alcaldía del Ayuntamiento de Mislata;servicios;Resuelta;MAKMA CULTURAL, S.L., EDICIONES PLAZA SA, MASDEARTE CONTENIDOS DIGITALES SL;2200;https://contrataciondelestado.es/wps/poc?uri=deeplink:detalle_licitacion&idEvl=tedGGWsOtmAl5NjlNci%2BtA%3D%3D
Contratos menores;"Contratacion espectáculo ""30 Anys fent el moniato""";Alcaldía del Ayuntamiento de Cullera;privado;Resuelta;Francisco Javier Castillo Montañes;2200;https://contrataciondelestado.es/wps/poc?uri=deeplink:detalle_licitacion&idEvl=J5grqKFcGLuExvMJXBMHHQ%3D%3D
Contratos menores;Contrato menor para adquisición de revistas y polípticos para Festival de las 3 Culturas de Frigiliana 2026;Alcaldía del Ayuntamiento de Frigiliana;suministros;Resuelta;LOLI NAVAS ALVAREZ;2155,79;https://contrataciondelestado.es/wps/poc?uri=deeplink:detalle_licitacion&idEvl=D3F145b7UxBSYrkJkLlFdw%3D%3D
Contratos menores;Contrato menor para disponer de animación en el Recinto Festivo en la Fiestas Patronales 2026;Alcaldía del Ayuntamiento de Sedaví;servicios;Resuelta;SOMRIURES SOCIOEDUCATIUS SOCIEDAD LIMITADA;2150;https://contrataciondelestado.es/wps/poc?uri=deeplink:detalle_licitacion&idEvl=Ijca%2Bqzux684NavIWzMcHA%3D%3D
Contratos menores;Contrato de Grabación, edición y elaboración de vídeos e imágenes del Festival Frigiliana 3 Culturas 2026;Alcaldía del Ayuntamiento de Frigiliana;servicios;Resuelta;FRANCESCA RUGGIERO;2100;https://contrataciondelestado.es/wps/poc?uri=deeplink:detalle_licitacion&idEvl=q3%2BN%2Fac4hvBVq4S9zvaQpQ%3D%3D
Contratos menores;Redacción proyecto y DO ejecución de las redes de saneamiento y abastecimiento en la travesía de la C/ Mayor de El Azagador;Alcaldía del Ayuntamiento de Requena;servicios;Resuelta;GROUPED MINDS SL;2100;https://contrataciondelestado.es/wps/poc?uri=deeplink:detalle_licitacion&idEvl=f1BEvK1qLu%2F5Rey58Yagpg%3D%3D
Contratos menores;Actuació musical acústica de Sandra Monfort el 02/10/2026 en la Casa de Cultura;Alcaldía del Ayuntamiento de Puçol;privado;Resuelta;PROGES XXI SOCIEDAD DE RESPONSABILIDAD LIMITADA;2100;https://contrataciondelestado.es/wps/poc?uri=deeplink:detalle_licitacion&idEvl=dIlSzc5i76DXOjazN1Dw9Q%3D%3D
Contratos menores;Propuesta de gasto instalación iluminación Fiestas Sant Antoni de Padua 2026;Alcaldía del Ayuntamiento de Cullera;suministros;Resuelta;ILUMINACIONES JUST SL;2100;https://contrataciondelestado.es/wps/poc?uri=deeplink:detalle_licitacion&idEvl=zf7X52x3JKLL1rX3q%2FMAPA%3D%3D
Contratos menores;Contracte menor de servei d'activitats infantils per al 29 de setembre_PFJ 2026;Alcaldía del Ayuntamiento de Catarroja;servicios;Resuelta;GRUPO A RIURE SL;2050;https://contrataciondelestado.es/wps/poc?uri=deeplink:detalle_licitacion&idEvl=MND7wvUg%2FG8%2Bk2oCbDosIw%3D%3D
Contratos menores;Contrato menor OBRAS de ejecución de boca de riego con contador e hidrante en la calle Hostalets;Alcaldía del Ayuntamiento de Puçol;obras;Resuelta;AGUAS DE VALENCIA, S.A.;2014,31;https://contrataciondelestado.es/wps/poc?uri=deeplink:detalle_licitacion&idEvl=a0qipqTVlJlLAIVZdUs8KA%3D%3D
Contratos menores;Contrato Menor Obras- Trabajos de albañilería en CEIP La Pau;Junta de Gobierno Local del Ayuntamiento de Casinos;obras;Resuelta;BM LLAVATA CONTRUCIONES Y REFORMAS;1995;https://contrataciondelestado.es/wps/poc?uri=deeplink:detalle_licitacion&idEvl=4PbzsX4ZHgY%2FbjW6njtWLw%3D%3D
Contratos menores;REP26-2018AR001R-020 - CM - ESUBO - Adquisición de mangueras de varios tipos y accesorios para el sistema contraincendios de la Escuela de Suboficiales de la Armada;Intendente de San Fernando;suministros;Resuelta;Domo Frio S.L.U.;1994,27;https://contrataciondelestado.es/wps/poc?uri=deeplink:detalle_licitacion&idEvl=rzMt5pThGgaKeVWTb9Scog%3D%3D
Contratos menores;Desenvolupament i implantació mòdul processos jornades participatives per a la reconstrucció DANA;Alcaldía del Ayuntamiento de Paiporta;servicios;Resuelta;DIGITAL VALUE, S.L.;1975;https://contrataciondelestado.es/wps/poc?uri=deeplink:detalle_licitacion&idEvl=ijVy9%2BbBneeKeVWTb9Scog%3D%3D
Contratos menores;Suministro de agitador Pmix para IBC;Gerencia de la Fundación Universidad de Valladolid;suministros;Resuelta;CONTEROL SEGURIDAD Y MEDIO AMBIENTE SLU;1960;https://contrataciondelestado.es/wps/poc?uri=deeplink:detalle_licitacion&idEvl=Mb1WftPiiiwaF6cS8TCh%2FA%3D%3D
Contratos menores;Actualización Sistema Central FileSystem - CORDELIA;Alcaldía del Ayuntamiento de Sagunto;servicios;Resuelta;FORMACION INFORMATICA DESARROLLO Y COMUNICACIONES SOCIEDAD LIMITADA;1960;https://contrataciondelestado.es/wps/poc?uri=deeplink:detalle_licitacion&idEvl=aryS8IVQYyYZDGvgaZEVxQ%3D%3D
Contratos menores;Seguro obligatorio accidentes colectivos miembros Protección Civil 2026;Alcaldía del Ayuntamiento de Requena;privado;Resuelta;SERVICIOS BROKERS PROFESIONALES SOCIEDAD LIMITADA;1948,45;https://contrataciondelestado.es/wps/poc?uri=deeplink:detalle_licitacion&idEvl=KFS8lb0KNkwXhk1FZxEyvw%3D%3D
Contratos menores;Contratacion.Contrato menor de servicios para la limpieza con motivo de las fiestas municipales. TETMA;Alcaldía del Ayuntamiento de Quart de les Valls;servicios;Resuelta;TECNICAS Y TRATAMIENTOS MEDIOAMBIENTALES SA;1931,04;https://contrataciondelestado.es/wps/poc?uri=deeplink:detalle_licitacion&idEvl=GYSBMOO9%2FIIQyBAnWzHfCg%3D%3D
Contratos menores;Contrato de Transporte de residuos urbanos de Frigiliana a Vélez-Málaga, durante el Festival Frigiliana 3 Culturas;Alcaldía del Ayuntamiento de Frigiliana;servicios;Resuelta;MARTIN PLATERO, SEBASTIAN;1920;https://contrataciondelestado.es/wps/poc?uri=deeplink:detalle_licitacion&idEvl=a%2Fnd%2B8Pxevc%2Bk2oCbDosIw%3D%3D
Contratos menores;Proposta de despeses de berenar per a la inauguració de l'Espai Jove El Patronat;Alcaldía del Ayuntamiento de Cullera;suministros;Resuelta;PIROL EMPREN SL;1920;https://contrataciondelestado.es/wps/poc?uri=deeplink:detalle_licitacion&idEvl=uhCvKcufU0PIGlsa0Wad%2Bw%3D%3D
Contratos menores;CMSE Creació d’un vídeo resum 2-3 minuts sobre la commemoració del dia mundial de l’alzhéimer 2026 per a compartir a les XXSS;Alcaldía del Ayuntamiento de L'Eliana;servicios;Resuelta;SERGIO FERNANDEZ ROMERO;1900;https://contrataciondelestado.es/wps/poc?uri=deeplink:detalle_licitacion&idEvl=4YLNz6RyI%2FyP66GS%2BONYvQ%3D%3D
Contratos menores;CM Subministrament xarxes Poliesportiu Municipal;Alcaldía del Ayuntamiento de Catarroja;suministros;Resuelta;VIMAS SPORT, S.L.;1891;https://contrataciondelestado.es/wps/poc?uri=deeplink:detalle_licitacion&idEvl=qnWrDpOVRbBLAIVZdUs8KA%3D%3D
Contratos menores;Impresión tripticos Esc. Cultura, cat. Premios Pintura 2026, carteles 9 d'oct y cat. José M. Vera;Alcaldía del Ayuntamiento de Puçol;servicios;Resuelta;IMPRENTA PUIG SOCIEDAD LIMITADA;1873,5;https://contrataciondelestado.es/wps/poc?uri=deeplink:detalle_licitacion&idEvl=WSNdJT3tD00QyBAnWzHfCg%3D%3D
Contratos menores;Catering Hospitalidad Grupos Naina y Candela Gómez Mislata Jove Fest 2026;Alcaldía del Ayuntamiento de Mislata;suministros;Resuelta;BON DIA SC;1840,91;https://contrataciondelestado.es/wps/poc?uri=deeplink:detalle_licitacion&idEvl=WM7U9zHM8qIeC9GJQOEBkQ%3D%3D
Contratos menores;Talleres formativos de Alejandro Villena Adicción a la pornografía 2026 - Campaña 23S;Alcaldía del Ayuntamiento de Quart de Poblet;servicios;Resuelta;ALEJANDRO VILLENA MOYA;1800;https://contrataciondelestado.es/wps/poc?uri=deeplink:detalle_licitacion&idEvl=Nxlkntuh8yZ%2BF6L2uCfUWg%3D%3D
Contratos menores;FM26 Cobertura radiofònica Concurs All i Pebre;Alcaldía del Ayuntamiento de Catarroja;servicios;Resuelta;G.M. PUBLICIDAD SOCIEDAD LIMITADA;1800;https://contrataciondelestado.es/wps/poc?uri=deeplink:detalle_licitacion&idEvl=sbbWwYGgzf4%2FbjW6njtWLw%3D%3D
Contratos menores;Contrato menor suministro sustitución de luminaria (farola);Alcaldia del Ayuntamiento de Pinet;suministros;Resuelta;ANTONI CANET PRATS;1767,3;https://contrataciondelestado.es/wps/poc?uri=deeplink:detalle_licitacion&idEvl=uctgUzy7O54UqXM96WStVA%3D%3D
Contratos menores;Proposta de despesa adquisició productes neteja Casa de la Cultura 2026;Alcaldía del Ayuntamiento de Cullera;suministros;Resuelta;MANUEL LOPEZ BAÑOS;1757,15;https://contrataciondelestado.es/wps/poc?uri=deeplink:detalle_licitacion&idEvl=Zlr%2B1lxU%2F31rhBlEHQFSKA%3D%3D
Contratos menores;Verificación de la Certificación de Eficiencia Energética en la Construcción de 31 VPP en Villafranca de los Barros (Badajoz);Consejería de Infraestructuras, Transporte y Vivienda;servicios;Resuelta;SIMBIOSIS ARQUITECTURA SL;1750;https://contrataciondelestado.es/wps/poc?uri=deeplink:detalle_licitacion&idEvl=jjm1eQ69y3X10HRJw8TEnQ%3D%3D
Contratos menores;Formación en ia generativa para gestores/as de proyectos europeos;Instituto Tecnológico de Canarias S.A.;servicios;Resuelta;ASOCIACION DE INVESTIGACION Y COOPERACION INDUSTRIAL DE ANDALUCIA (AICIA);1700;https://contrataciondelestado.es/wps/poc?uri=deeplink:detalle_licitacion&idEvl=2bX06Qhv7YuTylGzYmBF9Q%3D%3D
Contratos menores;Suministro e instalación placa electrónica planta tercera ayuntamiento nuevo;Alcaldía del Ayuntamiento de Picassent;suministros;Resuelta;VERDU MASIP SERVICIOS SLU;1658,52;https://contrataciondelestado.es/wps/poc?uri=deeplink:detalle_licitacion&idEvl=JAN4GvV8Ng%2FCfVQHDepjGQ%3D%3D
Contratos menores;Contrato menor actividad cultural dentro de La Noche en Blanco 2026. La Magia Proyectada. álvaro Ibañez Solaz;Alcaldía del Ayuntamiento de Requena;servicios;Resuelta;ALVARO IBAÑEZ SOLAZ;1650;https://contrataciondelestado.es/wps/poc?uri=deeplink:detalle_licitacion&idEvl=MjSxe2onlCs%2FbjW6njtWLw%3D%3D
Contratos menores;CM Servicio de actividades taurinas infantiles en acto programado el 20 de septiembre de 2026;Alcaldía del Ajuntament de Moncada;servicios;Resuelta;CRISTIAN BLANCO MONTAÑES;1615;https://contrataciondelestado.es/wps/poc?uri=deeplink:detalle_licitacion&idEvl=tiHS2I6fwwrE6P%2FuLemXRw%3D%3D
Contratos menores;Suministro e instalación de vidrio/ventanal en kiosko la ermita.;Alcaldía del Ayuntamiento de Picassent;suministros;Resuelta;ACRISTALAMIENTOS VIDRENOVA SL;1608,25;https://contrataciondelestado.es/wps/poc?uri=deeplink:detalle_licitacion&idEvl=zSaEhXP%2FYkjjHF5qKI4aaw%3D%3D
Contratos menores;Propuesta de gastos fotocopiadora Turismo 14/06/2026 - 26/08/2026;Alcaldía del Ayuntamiento de Cullera;servicios;Resuelta;DFLABS TECH SOLUTIONS SL;1602,04;https://contrataciondelestado.es/wps/poc?uri=deeplink:detalle_licitacion&idEvl=Cl0UH1gl91eqb7rCcv76BA%3D%3D
Contratos menores;Realización Plan de Emergencia Central de Policia;Alcaldía del Ayuntamiento de Sagunto;servicios;Resuelta;RAUL LORENTE OROVAY;1600;https://contrataciondelestado.es/wps/poc?uri=deeplink:detalle_licitacion&idEvl=mfbN6rDGfOCS81gZFETWmA%3D%3D
Contratos menores;Contrato de Talleres de metroflexia y perfumes personalizados para Festival Frigiliana 3 Culturas;Alcaldía del Ayuntamiento de Frigiliana;servicios;Resuelta;JOSE CARLOS SOTO MARTINEZ;1580;https://contrataciondelestado.es/wps/poc?uri=deeplink:detalle_licitacion&idEvl=uOtU07ittJ8mMOlAXxDEjw%3D%3D
Contratos menores;C.M. Servicio Discomóvil Buena con motivo de las fiestas del barrio de los Dolores, organizada por el Ayuntamiento de Moncada;Alcaldía del Ajuntament de Moncada;servicios;Resuelta;PRODUCCIONES ARTISTICAS ORANGE SL;1500;https://contrataciondelestado.es/wps/poc?uri=deeplink:detalle_licitacion&idEvl=%2FMeZpmC7MQqLAncw3qdZkA%3D%3D
Contratos menores;Contracte menor serveis projecció cinematogràfica Plaça Llotgeta - 22.09.206;Alcaldía del Ayuntamiento de Catarroja;servicios;Resuelta;EL CAPRICHO AUDIOVISUAL SL;1500;https://contrataciondelestado.es/wps/poc?uri=deeplink:detalle_licitacion&idEvl=DBePGakBCvecCF8sV%2BqtYA%3D%3D
Contratos menores;Impresión 9.000 ejemplares de la Agenda Socio-Cultural Otoño 2026;Alcaldía del Ayuntamiento de Picassent;suministros;Resuelta;COPIFORMES SOCIEDAD LIMITADA;1496;https://contrataciondelestado.es/wps/poc?uri=deeplink:detalle_licitacion&idEvl=VnRj4TEdXN9xseVhcqrkhw%3D%3D
Contratos menores;Servicio de restauración de marcos de ventanas y zócalo de fachada Residencia Universitaria Duques de Soria;Gerencia de la Fundación Universidad de Valladolid;obras;Resuelta;MARIA BEGOÑA VERDE TEJEDOR;1495;https://contrataciondelestado.es/wps/poc?uri=deeplink:detalle_licitacion&idEvl=YBBUmJP0KVezz8fXU2i3eQ%3D%3D
Contratos menores;Contratacion.Contrato menor mixto de suministro-servicio para la adquisicion de televisor con soporte movil.AUDIOVISUALES MORVEDRE;Alcaldía del Ayuntamiento de Quart de les Valls;suministros;Resuelta;AUDIOVISUALES MORVEDRE, SL;1475;https://contrataciondelestado.es/wps/poc?uri=deeplink:detalle_licitacion&idEvl=UnDQX%2B1GJBh6nTs9LZ9RhQ%3D%3D
Contratos menores;Suministro de 410 llaves de proximidad e instalación de sistema de control de acceso mediante lector;Gerencia de la Fundación Universidad de Valladolid;suministros;Resuelta;ACERO GEST S.L.U.;1471,13;https://contrataciondelestado.es/wps/poc?uri=deeplink:detalle_licitacion&idEvl=ubdCqPuxKlHyoM4us5k4vw%3D%3D
Contratos menores;Propuesta de gastos Proyecto Rural Connect - SEQUOIA;Alcaldía del Ayuntamiento de Quart de Poblet;servicios;Resuelta;SEQUOIA GESTION AMBIENTAL SOCIEDAD LIMITADA;1446,79;https://contrataciondelestado.es/wps/poc?uri=deeplink:detalle_licitacion&idEvl=OA8Ae%2F5weDfIGlsa0Wad%2Bw%3D%3D
Contratos menores;Contrato menor suministro 4 tablets vehículos patrulla Policía local;Alcaldía del Ayuntamiento de Picassent;suministros;Resuelta;INFASE MACHINES SOCIEDAD LIMITADA;1397,68;https://contrataciondelestado.es/wps/poc?uri=deeplink:detalle_licitacion&idEvl=Kh9HBeYfN6El5NjlNci%2BtA%3D%3D
Contratos menores;Reparación alumbrado puente CV 407;Alcaldía del Ayuntamiento de Sedaví;servicios;Resuelta;VICTOR MANUEL VERDEGUER ARCE;1375;https://contrataciondelestado.es/wps/poc?uri=deeplink:detalle_licitacion&idEvl=Ijca%2Bqzux6%2Fua%2Fi14w%2FPLA%3D%3D
Contratos menores;CMSU Catering esmorzar per a celebrar el dia internacional de l'alzhéimer el dia 21/09/2026;Alcaldía del Ayuntamiento de L'Eliana;suministros;Resuelta;CONTA LABOR SL;1375;https://contrataciondelestado.es/wps/poc?uri=deeplink:detalle_licitacion&idEvl=5180f6igR7%2BcCF8sV%2BqtYA%3D%3D
Contratos menores;Contrato suministro de elementos publicitarios para la difusión del Festival QUARTMETRATGES 2026.;Alcaldía del Ayuntamiento de Quart de Poblet;suministros;Resuelta;JUAN ALBERTO LARRIEUX O'BRIEN;1370;https://contrataciondelestado.es/wps/poc?uri=deeplink:detalle_licitacion&idEvl=RS%2FMSBwDO2aIzo3LHNPGcQ%3D%3D
Contratos menores;Dinar Cloenda Trobada Músical Tradicional;Alcaldía del Ajuntament de Moncada;servicios;Resuelta;ORIGINAL PAELLA, S.L.;1363,63;https://contrataciondelestado.es/wps/poc?uri=deeplink:detalle_licitacion&idEvl=%2FMeZpmC7MQo%2B1TMyIiZmzw%3D%3D
Contratos menores;Suministro de un soplante Pump N87TT;Gerencia de la Fundación Universidad de Valladolid;suministros;Resuelta;ACTIVIDADES UNIDAS AUCOM SL;1306,72;https://contrataciondelestado.es/wps/poc?uri=deeplink:detalle_licitacion&idEvl=cFXxGCCMWglLAIVZdUs8KA%3D%3D
Contratos menores;Contrato menor actividad leyendas vivas noche en blanco el 19 de septiembre. Asociación de Tursimo Creativo Leyendas Vivas de Requena.;Alcaldía del Ayuntamiento de Requena;servicios;Resuelta;ASOCIACION DE TURISMO CREATIVO LEYENDAS VIVAS;1300;https://contrataciondelestado.es/wps/poc?uri=deeplink:detalle_licitacion&idEvl=%2Flcmi%2F78h3CopEMYCmrbmw%3D%3D
Contratos menores;FM26 Contracte menor de servei de producció impressió lones acte Festes Majors;Alcaldía del Ayuntamiento de Catarroja;servicios;Resuelta;FORJA MASS IDEAS DE COMUNICACION SL;1295;https://contrataciondelestado.es/wps/poc?uri=deeplink:detalle_licitacion&idEvl=hClzwv7lkkokJPJS%2BPS9vg%3D%3D
Contratos menores;"Proposta de despeses de material per a publicitat Espai Jove ""El Patronat""";Alcaldía del Ayuntamiento de Cullera;suministros;Resuelta;SERGIO GOMEZ GARCIA;1294;https://contrataciondelestado.es/wps/poc?uri=deeplink:detalle_licitacion&idEvl=%2F2a%2BRup%2F76c2wEhQbcAqug%3D%3D
Contratos menores;Servicio de catering de bienvenida y despedida para el Programa Learning Journey Korea;Gerencia de la Fundación Universidad de Valladolid;servicios;Resuelta;ANA DIEZ DE LA CALLE;1239,67;https://contrataciondelestado.es/wps/poc?uri=deeplink:detalle_licitacion&idEvl=Iw3Y4IwKvbkzjChw4z%2FXvw%3D%3D
Contratos menores;FM26 Contracte privat de caràcter artístic espectacle pirotècnic processó Sant Miquel;Alcaldía del Ayuntamiento de Catarroja;privado;Resuelta;FOCS D´ARTIFICI EUROPLA, S.L.;1239,67;https://contrataciondelestado.es/wps/poc?uri=deeplink:detalle_licitacion&idEvl=A08AUhRsFFJ4zIRvjBVCSw%3D%3D
Contratos menores;Servei electricitat guardia Fira Comerç i la Tapa Picassent 2026;Alcaldía del Ayuntamiento de Picassent;servicios;Resuelta;JUAN CARLOS CABO SOCIEDAD LIMITADA;1205;https://contrataciondelestado.es/wps/poc?uri=deeplink:detalle_licitacion&idEvl=RDUmnDonWj22gkLQ8TeYKA%3D%3D
Contratos menores;"Contrato menor servicios ""Contratación profesor para la impartición de clases de valenciano nivel básico""";Alcaldia del Ayuntamiento de Pinet;servicios;Resuelta;FEM ESCOLA SL;1200;https://contrataciondelestado.es/wps/poc?uri=deeplink:detalle_licitacion&idEvl=I4jVAjjW6BSHCIsjvJ3rhQ%3D%3D
Contratos menores;CM Servicio de actividades infantiles con motivo de las fiestas Barrio de los Dolores 2026;Alcaldía del Ajuntament de Moncada;servicios;Resuelta;PRODUCCIONES ARTISTICAS ORANGE S.L.;1200;https://contrataciondelestado.es/wps/poc?uri=deeplink:detalle_licitacion&idEvl=tiHS2I6fwwprhBlEHQFSKA%3D%3D
Contratos menores;Difusión Especial Semana de la Movilidad;Alcaldía del Ayuntamiento de Mislata;servicios;Resuelta;EDITORIAL PRENSA VALENCIANA SA, FEDERICO DOMENECH SA;1200;https://contrataciondelestado.es/wps/poc?uri=deeplink:detalle_licitacion&idEvl=8QRXoGKgwiykU02jNGj1Fw%3D%3D
Contratos menores;"Contrato menor suministro 50 ejemplares del libro ""Diccionario para valientes""";Alcaldía del Ayuntamiento de Picassent;suministros;Resuelta;Jaume Peiró Gramuntell;1176,88;https://contrataciondelestado.es/wps/poc?uri=deeplink:detalle_licitacion&idEvl=%2B6gDQLGg51D5Rey58Yagpg%3D%3D
Contratos menores;"Propuesta de despeses impartició tallers ""Desaprendre la masculinitat""";Alcaldía del Ayuntamiento de Cullera;servicios;Resuelta;AGUSTIN ZARAGOZA GRANELL;1176,47;https://contrataciondelestado.es/wps/poc?uri=deeplink:detalle_licitacion&idEvl=J5grqKFcGLsmMOlAXxDEjw%3D%3D
Contratos menores;Contratación. Contrato menor de servicios de taller de cocina y demostración culinaria, jornadas de patrimonio y turismo 2026.;Alcaldía del Ayuntamiento de Gestalgar;servicios;Resuelta;Maria Dolores Gimenez Martinez;1170,85;https://contrataciondelestado.es/wps/poc?uri=deeplink:detalle_licitacion&idEvl=uiF0iYKGcXAeIBJRHQiPkQ%3D%3D
Contratos menores;Suministro temporal de envases contenedores de gases industriales;Gerencia de la Fundación Universidad de Valladolid;suministros;Resuelta;CARBUROS METALICOS SA;1152,5;https://contrataciondelestado.es/wps/poc?uri=deeplink:detalle_licitacion&idEvl=ps6NOO0yiph9Zh%2FyRJgM8w%3D%3D
Contratos menores;servicio de retirada pared de pladur divisoria de espacios;Gerencia de la Fundación Universidad de Valladolid;obras;Resuelta;JORGE SORIA REVUELTA;1150;https://contrataciondelestado.es/wps/poc?uri=deeplink:detalle_licitacion&idEvl=fmb%2F%2Bnfk3QoZDGvgaZEVxQ%3D%3D
Contratos menores;Contratación alquiler material técnico espectáculo DOMINARE;Alcaldía del Ayuntamiento de Cullera;suministros;Resuelta;Audio-Net Alquiler Profesional, S.L;1140;https://contrataciondelestado.es/wps/poc?uri=deeplink:detalle_licitacion&idEvl=lhK6mpnTR0h%2BF6L2uCfUWg%3D%3D
Contratos menores;CM Subministrament equipament mòdul atletisme Poliesportiu Minicipal;Alcaldía del Ayuntamiento de Catarroja;suministros;Resuelta;VIMAS SPORT, S.L.;1139;https://contrataciondelestado.es/wps/poc?uri=deeplink:detalle_licitacion&idEvl=fwDyCnCEWjIkJPJS%2BPS9vg%3D%3D
Contratos menores;Servicio de revisión del sistema antiincendios (PCI) del Edificio PCUVA;Gerencia de la Fundación Universidad de Valladolid;servicios;Resuelta;PROTEXVALL SOCIEDAD COOPERATIVA;1137,5;https://contrataciondelestado.es/wps/poc?uri=deeplink:detalle_licitacion&idEvl=eyMczCzAGq%2B8ebB%2FXTwy0A%3D%3D
Contratos menores;"Contrato Menor - Servicios de un artista Drag Queen (Ácida Liss Eventos) para dinamizar y presentar el desfile y posterior concurso de disfraces del ""PeñasFest 2026"", que tendrá lugar el día 2 de octubre de 2026.";Alcaldia del Ayuntamiento de Arroyo de la Encomienda;privado;Resuelta;Victor Sanz Alonso;1100;https://contrataciondelestado.es/wps/poc?uri=deeplink:detalle_licitacion&idEvl=QSaLEPt5EQ84NavIWzMcHA%3D%3D
Contratos menores;Contrato menor Catering XV Congreso Citricola l'Horta Sud 15 de octubre 2026;Alcaldía del Ayuntamiento de Picassent;servicios;Resuelta;BAR FEBLAS PICASSENT SOCIEDAD LIMITADA;1100;https://contrataciondelestado.es/wps/poc?uri=deeplink:detalle_licitacion&idEvl=RtUGsuqV7vVVq4S9zvaQpQ%3D%3D
Contratos menores;CM Revisión periódica y reparación dirección delantera palier derecho del vehículo Toyota Rav4, matrícula 1180KBX (V4), además de reparación alternador de furgoneta Ford Transit, matrícula 9662 LBR (V6) de Policía Local.;Alcaldía del Ayuntamiento de Cullera;servicios;Resuelta;MAROTO AUTOMOCIÓN, SL;1046,87;https://contrataciondelestado.es/wps/poc?uri=deeplink:detalle_licitacion&idEvl=DosbOzhwACSOUi78BmzhOQ%3D%3D
Contratos menores;CM servicios. Sonorización de la Festa Folk 2026;Alcaldía del Ayuntamiento de Manises;servicios;Resuelta;LLEONARD GINER SONORITZACIONS I IL.LUMINACIONS;1040;https://contrataciondelestado.es/wps/poc?uri=deeplink:detalle_licitacion&idEvl=WgtYmbxMtn2opEMYCmrbmw%3D%3D
Contratos menores;Contrato producción audiovisual- Fira comerç i la tapa 2026;Alcaldía del Ayuntamiento de Picassent;servicios;Resuelta;EDICIONS DIARI LA VEU COOP.V.;1000;https://contrataciondelestado.es/wps/poc?uri=deeplink:detalle_licitacion&idEvl=dbDh5mlrVDEZDGvgaZEVxQ%3D%3D
Contratos menores;del suministro de medios de cultivo y material de laboratorio;Gerencia de la Fundación Universidad de Valladolid;suministros;Resuelta;BIOSUR SCIENTIFIC;991,73;https://contrataciondelestado.es/wps/poc?uri=deeplink:detalle_licitacion&idEvl=KP%2F9g4zPJwN4zIRvjBVCSw%3D%3D
Contratos menores;Accesorios necesarios para la operación de la planta desaladora desalro 2.0;Instituto Tecnológico de Canarias S.A.;suministros;Resuelta;CHEMIPOL, S.A.;980;https://contrataciondelestado.es/wps/poc?uri=deeplink:detalle_licitacion&idEvl=zF%2FVVmJx%2BxR9Zh%2FyRJgM8w%3D%3D
Contratos menores;Contratación del diseño y maquetación de una colección digital, de 5 tomos, de una guía técnica para la elaboración y seguimiento de los paces.;Instituto Tecnológico de Canarias S.A.;servicios;Resuelta;REGLADE3 DISEÑO INDUSTRIAL Y GRAFICO, S.L.U.;980;https://contrataciondelestado.es/wps/poc?uri=deeplink:detalle_licitacion&idEvl=q4%2Bmavl%2BwFXIGlsa0Wad%2Bw%3D%3D
Contratos menores;CM Subministrament xarxes porteries i tennis;Alcaldía del Ayuntamiento de Catarroja;suministros;Resuelta;WORLD INDUSTRIES PUXALT, S.L.;967,78;https://contrataciondelestado.es/wps/poc?uri=deeplink:detalle_licitacion&idEvl=LyrrU9wRHYadkQsA7ROvsg%3D%3D
Contratos menores;Servicio para el análisis de muestras de residuos;Gerencia de la Fundación Universidad de Valladolid;servicios;Resuelta;UNIVERSIDAD DE ALICANTE;944,02;https://contrataciondelestado.es/wps/poc?uri=deeplink:detalle_licitacion&idEvl=DUIfE9gzNtGKeVWTb9Scog%3D%3D
Contratos menores;Suministro de ordenador portátil LENOVO ThinkPad L16 GEN 2;Gerencia de la Fundación Universidad de Valladolid;suministros;Resuelta;SISTAC ILS SL (PC BOX);928,09;https://contrataciondelestado.es/wps/poc?uri=deeplink:detalle_licitacion&idEvl=sFTYeZQ%2B2A6opEMYCmrbmw%3D%3D
Contratos menores;Proposta de despeses per l'adquisició de Distintiu 9 d'Octubre;Alcaldía del Ayuntamiento de Cullera;suministros;Resuelta;FEDERICO APARICI VERCHER;892,56;https://contrataciondelestado.es/wps/poc?uri=deeplink:detalle_licitacion&idEvl=fEEeJXI0S1l%2BF6L2uCfUWg%3D%3D
Contratos menores;Servicio de Instalación eléctrica para adecuar ampliar en un armario el CPD de respaldo;Gerencia de la Fundación Universidad de Valladolid;servicios;Resuelta;J.J. MENDEZ INSTALACIONES Y SERVICIOS S.;885;https://contrataciondelestado.es/wps/poc?uri=deeplink:detalle_licitacion&idEvl=1hmPONIM2epVq4S9zvaQpQ%3D%3D
Contratos menores;Suministro de un ordenador Intel Core Ultra 7-1 Tb;Gerencia de la Fundación Universidad de Valladolid;suministros;Resuelta;Informatica Imaz & Mate SL;882,64;https://contrataciondelestado.es/wps/poc?uri=deeplink:detalle_licitacion&idEvl=j2o10v4QtjD9pbnDwlaUlg%3D%3D
Contratos menores;Conmengen LCSP 2026 13 Compra de mesas departamento de contratación;Alcaldía del Ayuntamiento de Meliana;suministros;Resuelta;Sanlop Equipamiento, SL;870,44;https://contrataciondelestado.es/wps/poc?uri=deeplink:detalle_licitacion&idEvl=gu8AKkd3cVv5Rey58Yagpg%3D%3D
Contratos menores;Contrato para la reparación del sistema de refrigeración del almacén municipal;Alcaldía del Ayuntamiento de Quart de Poblet;servicios;Resuelta;Ecosiona Facility Services, S.L.;850,7;https://contrataciondelestado.es/wps/poc?uri=deeplink:detalle_licitacion&idEvl=FH2sYDC57J03vLk2DU2Ddg%3D%3D
Contratos menores;Contrato de servicios cuenta consolidada 2025;Alcaldía del Ayuntamiento de Cullera;servicios;Resuelta;GS LOCAL SL;825;https://contrataciondelestado.es/wps/poc?uri=deeplink:detalle_licitacion&idEvl=Ua5tJtnTf8LgL1BHd3qjQA%3D%3D
Contratos menores;Contrato menor servicio de Jornadas de artesanía en vivo de mosaico durante el Festival Frigiliana 3 Culturas;Alcaldía del Ayuntamiento de Frigiliana;servicios;Resuelta;PURIFICACION RODRIGUEZ FERNANDEZ;800;https://contrataciondelestado.es/wps/poc?uri=deeplink:detalle_licitacion&idEvl=MIQ6Jvu8dkOP66GS%2BONYvQ%3D%3D
Contratos menores;Contrato menor _ Obra de Teatro Ni contigo Ni sintigo.;Alcaldia del Ayuntamiento de Arroyo de la Encomienda;servicios;Resuelta;Asociación Di-amantes del teatro;800;https://contrataciondelestado.es/wps/poc?uri=deeplink:detalle_licitacion&idEvl=%2Fr%2FPZvh2ZQeFQ%2FlhRK79lA%3D%3D
Contratos menores;Contrato menor - Obra de teatro VIAJA A OZ, dentro de la I Muestra de Teatro Aficionado de Arroyo de la Encomienda.;Alcaldia del Ayuntamiento de Arroyo de la Encomienda;servicios;Resuelta;TRESBOLILLO TEATRO;800;https://contrataciondelestado.es/wps/poc?uri=deeplink:detalle_licitacion&idEvl=pfvf9diX2yAIYE3ZiZ%2BxmQ%3D%3D
Contratos menores;Contrato menor- obra de teatro PÁNCREAS, I Muestra de Teatro Aficionado de Arroyo de la Encomienda.;Alcaldia del Ayuntamiento de Arroyo de la Encomienda;servicios;Resuelta;ASCO GRUPO TIRAMISU TEATRO;800;https://contrataciondelestado.es/wps/poc?uri=deeplink:detalle_licitacion&idEvl=JNj2VLDQuiXVGIpKDxgsAQ%3D%3D
Contratos menores;Contrato menor suministro 4 impresoras portátiles vehículos patrulla Policía local;Alcaldía del Ayuntamiento de Picassent;suministros;Resuelta;INFASE MACHINES SOCIEDAD LIMITADA;799,92;https://contrataciondelestado.es/wps/poc?uri=deeplink:detalle_licitacion&idEvl=Kh9HBeYfN6FrSd8H4b2soA%3D%3D
Contratos menores;Suministro de material de laboratorio;Gerencia de la Fundación Universidad de Valladolid;suministros;Resuelta;REM REPRESENTACIONES EDUARDO MUÑIZ SL;799,03;https://contrataciondelestado.es/wps/poc?uri=deeplink:detalle_licitacion&idEvl=K2ExM%2B7SPKUmMOlAXxDEjw%3D%3D
Contratos menores;Proposta de despeses d'OCA per a activitats d'inauguració de l'Espai Jove El Patronat;Alcaldía del Ayuntamiento de Cullera;servicios;Resuelta;SERVICIOS DE CONTROL E INSPECCION S.A.;790;https://contrataciondelestado.es/wps/poc?uri=deeplink:detalle_licitacion&idEvl=TpE4%2FIW%2F5oaP66GS%2BONYvQ%3D%3D
Contratos menores;SUM 21-2026 Licencias Antivirus ESET 2026;Presidencia de la Entidad Metropolitana de Servicios Hidráulicos (EMSHI);suministros;Resuelta;KUIPER INFORMATICA SOCIEDAD ANONIMA;788;https://contrataciondelestado.es/wps/poc?uri=deeplink:detalle_licitacion&idEvl=9P9kXo1c3AgadbH3CysQuQ%3D%3D
Contratos menores;Contrato menor de suministro «Smart TV para videovigilancia Policía Local»;Alcaldía del Ayuntamiento de Silla;suministros;Resuelta;ELECTRODOMESTICOS CLIMART S.L;776,03;https://contrataciondelestado.es/wps/poc?uri=deeplink:detalle_licitacion&idEvl=IVc%2BnrgU%2B1VVYjgxA4nMUw%3D%3D
Contratos menores;Contrato menor de suministro de material de oficina para reponer el archivo municipal;Alcaldía del Ayuntamiento de Catarroja;suministros;Resuelta;ARTICULOS PAPELERIA SENA SL;766;https://contrataciondelestado.es/wps/poc?uri=deeplink:detalle_licitacion&idEvl=MU7%2FatQCzfKqb7rCcv76BA%3D%3D
Contratos menores;Subministrament de marxandatge per a la justificació dels Premis a l'ús del valencià en el comerç local 2026;Alcaldía del Ayuntamiento de Picassent;suministros;Resuelta;QUATRIGRAFIC SL;743,79;https://contrataciondelestado.es/wps/poc?uri=deeplink:detalle_licitacion&idEvl=2wy%2BiCb7yKHE6P%2FuLemXRw%3D%3D
Contratos menores;"Contracte menor del servei de tallers didàctics i ""Fes el teu propi joc de taula"" _PFJ 2026";Alcaldía del Ayuntamiento de Catarroja;servicios;Resuelta;JAVIER ALFONSO CAYON;720;https://contrataciondelestado.es/wps/poc?uri=deeplink:detalle_licitacion&idEvl=10lQQojHch310HRJw8TEnQ%3D%3D
Contratos menores;Contratación. Contrato menor de servicios de representación teatral, jornadas de patrimonio y turismo 2026.;Alcaldía del Ayuntamiento de Gestalgar;servicios;Resuelta;La Comarcal;705,88;https://contrataciondelestado.es/wps/poc?uri=deeplink:detalle_licitacion&idEvl=d04imNsXxJ56nTs9LZ9RhQ%3D%3D
Contratos menores;Contratación del diseño y maquetación de una colección digital, de 5 tomos, de una guía técnica para la elaboración y seguimiento de los paces.;Instituto Tecnológico de Canarias S.A.;servicios;Resuelta;REGLADE3 DISEÑO INDUSTRIAL Y GRAFICO, S.L.U.;700;https://contrataciondelestado.es/wps/poc?uri=deeplink:detalle_licitacion&idEvl=7bi7zkgkJkczjChw4z%2FXvw%3D%3D
Contratos menores;Rider Bèrnia_ Sopar Estellés;Alcaldía del Ayuntamiento de Quart de Poblet;servicios;Resuelta;GOLA SECA COOP V;700;https://contrataciondelestado.es/wps/poc?uri=deeplink:detalle_licitacion&idEvl=ML1JqXuk9WU%2FbjW6njtWLw%3D%3D
Contratos menores;Reparación vehículo Protección Civil ( Ford ranger );Alcaldía del Ayuntamiento de Mislata;servicios;Resuelta;LUIS LATORRE ORTIZ;690,2;https://contrataciondelestado.es/wps/poc?uri=deeplink:detalle_licitacion&idEvl=YP7Em8%2BGpQ%2Bqb7rCcv76BA%3D%3D
Contratos menores;"ompra de libro de cuentos ""mandarina i els pirates"" dentro de ""divendres al mercat"" 25 de septiembre";Alcaldía del Ayuntamiento de Sedaví;suministros;Resuelta;MARIA DOLORES VIDAL VERA;689,35;https://contrataciondelestado.es/wps/poc?uri=deeplink:detalle_licitacion&idEvl=C%2BCDD66VrBwS7pcxhTeWOg%3D%3D
Contratos menores;Productos químicos para analizador lsi de hach ? planta doble etapa. Actividad 1.2. Tarea 8.;Instituto Tecnológico de Canarias S.A.;suministros;Resuelta;HACH LANGE SPAIN S.L.U.;675;https://contrataciondelestado.es/wps/poc?uri=deeplink:detalle_licitacion&idEvl=zwnrknNravlJ8Trn0ZPzLw%3D%3D
Contratos menores;Contracte menor de subministrament 2026. Cartes de reis;Alcaldía del Ayuntamiento de Alginet;suministros;Resuelta;MUNDO GRAFICO SERVICIOS INTEGRALES DE IMPRESION SL;668,51;https://contrataciondelestado.es/wps/poc?uri=deeplink:detalle_licitacion&idEvl=S%2BgseT3oo5R70UvEyYJSGw%3D%3D
Contratos menores;Servei de coordinació i dinamització de Trobada Dia de les Escriptores;Alcaldía del Ayuntamiento de Picassent;servicios;Resuelta;FUNDACION FULL FUNDACIO PEL LLIBRE I LA LECTURA;650;https://contrataciondelestado.es/wps/poc?uri=deeplink:detalle_licitacion&idEvl=aQKkNe9ZqBT5Rey58Yagpg%3D%3D
Contratos menores;Contrato Menor de servicios. Instalación de toldo y mosquiteras en Bar Jubi;Alcaldía del Ayuntamiento de Losa del Obispo;servicios;Resuelta;CRISTAGUILAR SL;636;https://contrataciondelestado.es/wps/poc?uri=deeplink:detalle_licitacion&idEvl=9nCYovR7auukU02jNGj1Fw%3D%3D
Contratos menores;Lote de ropa-vestuario para operarios de servicio y mantenimiento;Alcaldía del Ayuntamiento de Guadalix de la Sierra;suministros;Resuelta;ISABEL ACEBES HERRANZ;630,6;https://contrataciondelestado.es/wps/poc?uri=deeplink:detalle_licitacion&idEvl=eYz%2F1GDuX%2BAXhk1FZxEyvw%3D%3D
Contratos menores;Contrato menor de Servicios Teleastro, telegestión cuadros de mando del Alumbrado Público 2026-2027;Alcaldía del Ayuntamiento de Puçol;servicios;Resuelta;AFEI SOLUCIONES AVANZADAS S.L.;624;https://contrataciondelestado.es/wps/poc?uri=deeplink:detalle_licitacion&idEvl=ue1%2F6zasrvkl5NjlNci%2BtA%3D%3D
Contratos menores;Suministro de garrafas de plástico;Gerencia de la Fundación Universidad de Valladolid;suministros;Resuelta;QUIMILID SL MATERIAL DE LABORATORIO;616,38;https://contrataciondelestado.es/wps/poc?uri=deeplink:detalle_licitacion&idEvl=vX4g%2FWwR6fCS81gZFETWmA%3D%3D
Contratos menores;Contrato Menor Publicidad Arroyo es Teatro en la Casa de la Música-El Día de Valladolid;Alcaldia del Ayuntamiento de Arroyo de la Encomienda;servicios;Resuelta;Servicios de Presa Comunicaplus S.A.U.;600;https://contrataciondelestado.es/wps/poc?uri=deeplink:detalle_licitacion&idEvl=gfVkJ4KcI3e8ebB%2FXTwy0A%3D%3D
Contratos menores;Proposta de despeses de dos televisors per a Espai Jove El Patronat;Alcaldía del Ayuntamiento de Cullera;suministros;Resuelta;ELECTRODOMESTICOS SENEN ORTEGA SOCIEDAD LIMITADA;593,39;https://contrataciondelestado.es/wps/poc?uri=deeplink:detalle_licitacion&idEvl=8pBov6c8TQDIGlsa0Wad%2Bw%3D%3D
Contratos menores;Suministro de un teléfono móvil iPhone 17e de 256 GB con función de conexión por satélite;Gerencia de la Fundación Universidad de Valladolid;suministros;Resuelta;APPLE RETAIL SPAIN SLU;585,95;https://contrataciondelestado.es/wps/poc?uri=deeplink:detalle_licitacion&idEvl=CZS7FUCHgbV4zIRvjBVCSw%3D%3D
Contratos menores;Servicio de transporte en autobús para el traslado de 40 alumnos participantes en actividades formativas, mediante el itinerario ValladolidSegoviaValladolid;Gerencia de la Fundación Universidad de Valladolid;servicios;Resuelta;CABORNERO BUS SL;575;https://contrataciondelestado.es/wps/poc?uri=deeplink:detalle_licitacion&idEvl=xckuZDUku5o4NavIWzMcHA%3D%3D
Contratos menores;Adquisición material didáctico complementario ADGD0308-ADGG0208;Alcaldía del Ayuntamiento de Picassent;suministros;Resuelta;SERHII KHRYPKO;558,85;https://contrataciondelestado.es/wps/poc?uri=deeplink:detalle_licitacion&idEvl=uctgUzy7O55xseVhcqrkhw%3D%3D
Contratos menores;"CM Reposición de cargador, mando y cepillo Fregadora KARCHER. P&#186; Sara Moreno - Vicente Lli";Alcaldía del Ajuntament de Moncada;suministros;Resuelta;HIPERLIM LEVANTE, S.L.;558,35;https://contrataciondelestado.es/wps/poc?uri=deeplink:detalle_licitacion&idEvl=kddg6Z0PQ0RPpzdqOdhuWg%3D%3D
Contratos menores;Servicio de reprografía;Gerencia de la Fundación Universidad de Valladolid;servicios;Resuelta;Juan Carlos Gomez Pola;555,68;https://contrataciondelestado.es/wps/poc?uri=deeplink:detalle_licitacion&idEvl=AoBZhUP5o2g%2B1TMyIiZmzw%3D%3D
Contratos menores;Contrato menor suministro un altavoz, un micrófono y un proyector para los talleres de las personas mayores;Alcaldía del Ayuntamiento de Picassent;suministros;Resuelta;INFASE MACHINES SOCIEDAD LIMITADA;554,13;https://contrataciondelestado.es/wps/poc?uri=deeplink:detalle_licitacion&idEvl=Wx40E1yKoNf5Rey58Yagpg%3D%3D
Contratos menores;Contrato Menor Alquiler Equipo de Sonido para evento Municipal;Alcaldia del Ayuntamiento de Arroyo de la Encomienda;suministros;Resuelta;IMPACTO MUSICAL SL;550;https://contrataciondelestado.es/wps/poc?uri=deeplink:detalle_licitacion&idEvl=78INMZGLVLw3vLk2DU2Ddg%3D%3D
Contratos menores;Equip de so per al campionat scooter;Alcaldía del Ayuntamiento de Cullera;servicios;Resuelta;MANTECNIC CULLERA SL;550;https://contrataciondelestado.es/wps/poc?uri=deeplink:detalle_licitacion&idEvl=KhALP4JfYO%2F%2Fa9DgO%2BoYKQ%3D%3D
Contratos menores;Servicio de desinsectación de la Residencia Universitaria Duques de Soria;Gerencia de la Fundación Universidad de Valladolid;servicios;Resuelta;Servicios Biocidas ambientales S.L.;545;https://contrataciondelestado.es/wps/poc?uri=deeplink:detalle_licitacion&idEvl=x4eslJtmbxyIzo3LHNPGcQ%3D%3D
Contratos menores;Sustitución de 2 vidrios rotos en el CEIP Sant Ignasi De Loiola;Alcaldía del Ayuntamiento de Picassent;suministros;Resuelta;ACRISTALAMIENTOS VIDRENOVA SL;536,14;https://contrataciondelestado.es/wps/poc?uri=deeplink:detalle_licitacion&idEvl=U5dhZ0MYHRGS81gZFETWmA%3D%3D
Contratos menores;Suministro almuerzo viaje a Benirdorm 2026 bienestar social;Alcaldía del Ayuntamiento de Cortes de Pallás;suministros;Resuelta;Daniel Bordera Gómez;528,73;https://contrataciondelestado.es/wps/poc?uri=deeplink:detalle_licitacion&idEvl=HmtLuISKM2kUqXM96WStVA%3D%3D
Contratos menores;Zona de futbolines Espai Associatiu - Mislata Jove Fest 2026;Alcaldía del Ayuntamiento de Mislata;servicios;Resuelta;FRANCISCO MARTI RUIZ;510;https://contrataciondelestado.es/wps/poc?uri=deeplink:detalle_licitacion&idEvl=oEqhb9ejbunIGlsa0Wad%2Bw%3D%3D
Contratos menores;Proposta de despeses contractació servei actuació musical per al acte dels Distintius 9 d'Octubre;Alcaldía del Ayuntamiento de Cullera;servicios;Resuelta;PROMENOKEKE S.L.;500;https://contrataciondelestado.es/wps/poc?uri=deeplink:detalle_licitacion&idEvl=TSSWMLmAjbNPpzdqOdhuWg%3D%3D
Contratos menores;Propuesta de gastos adquisición cubas de agua algibe Polideportivo;Alcaldía del Ayuntamiento de Cullera;suministros;Resuelta;VICENTE SAPIÑA GOMAR;500;https://contrataciondelestado.es/wps/poc?uri=deeplink:detalle_licitacion&idEvl=fkx93OvprraHCIsjvJ3rhQ%3D%3D
Contratos menores;Publicidad Fiestas 2026 - Las Provincias;Alcaldía del Ayuntamiento de Quart de Poblet;servicios;Resuelta;FEDERICO DOMENECH, S.A.;500;https://contrataciondelestado.es/wps/poc?uri=deeplink:detalle_licitacion&idEvl=d8MFLVc3wMh70UvEyYJSGw%3D%3D
Contratos menores;Contratacion.Contrato menor de servicios para la insercion de anuncio en formato faldon en periodico Levante-EMV;Alcaldía del Ayuntamiento de Quart de les Valls;servicios;Resuelta;EDITORIAL PRENSA VALENCIANA, S.A.;500;https://contrataciondelestado.es/wps/poc?uri=deeplink:detalle_licitacion&idEvl=n8Mnn%2FqQ3dZ70UvEyYJSGw%3D%3D
Contratos menores;Contracte menor de servei de dinamització de tallers de batukada_PFJ26;Alcaldía del Ayuntamiento de Catarroja;servicios;Resuelta;ASOCIACION CULTURAL DE BATUCADA EYWA;500;https://contrataciondelestado.es/wps/poc?uri=deeplink:detalle_licitacion&idEvl=2TYyahVq8nrpxJFXpLZ%2B2A%3D%3D
Contratos menores;Contratación. Contrato menor servicios Juegos tradicionales SARC 2026 (jornadas patrimono y turismo);Alcaldía del Ayuntamiento de Gestalgar;servicios;Resuelta;María Carmen Muñoz Moreno;475,21;https://contrataciondelestado.es/wps/poc?uri=deeplink:detalle_licitacion&idEvl=Phg4YzclpgDmnwcj%2BxbdTg%3D%3D
Contratos menores;Suministro de Termómetros y Manómetros;Gerencia de la Fundación Universidad de Valladolid;suministros;Resuelta;ABAD CONTROLS S.L.;454,5;https://contrataciondelestado.es/wps/poc?uri=deeplink:detalle_licitacion&idEvl=cFXxGCCMWgk3vLk2DU2Ddg%3D%3D
Contratos menores;Contrato Menor Adquisición Escudos Brazo - DANA;Alcaldía del Ayuntamiento de Catarroja;suministros;Resuelta;INSIGNA UNIFORMES, S.L.;445;https://contrataciondelestado.es/wps/poc?uri=deeplink:detalle_licitacion&idEvl=51dHqXyNTxBQFSeKCRun4Q%3D%3D
Contratos menores;Servicios de impresión de paneles informativos;Gerencia de la Fundación Universidad de Valladolid;servicios;Resuelta;Mata Digital SL;436,8;https://contrataciondelestado.es/wps/poc?uri=deeplink:detalle_licitacion&idEvl=ps6NOO0yipgZDGvgaZEVxQ%3D%3D
Contratos menores;"Servicio de impresión Libro ""Memoria de las actividades anual"" de la Cátedra Conocimiento e Innovación Caja Rural de Soria";Gerencia de la Fundación Universidad de Valladolid;servicios;Resuelta;GRÁFICAS OCHOA S A;435,38;https://contrataciondelestado.es/wps/poc?uri=deeplink:detalle_licitacion&idEvl=LwCY6rzS7NDgL1BHd3qjQA%3D%3D
Contratos menores;Transporte de residuos de tejidos vegetales.3;Junta de Gobierno Local del Ayuntamiento de Casinos;servicios;Resuelta;ECOVISA GESTIONA S.L.;421,75;https://contrataciondelestado.es/wps/poc?uri=deeplink:detalle_licitacion&idEvl=LyrrU9wRHYazz8fXU2i3eQ%3D%3D
Contratos menores;Contrato menor _ Contratación dos personas de seguridad para los eventos del PEÑASFEST.;Alcaldia del Ayuntamiento de Arroyo de la Encomienda;servicios;Resuelta;CONTROL-Y-DAR SL;420;https://contrataciondelestado.es/wps/poc?uri=deeplink:detalle_licitacion&idEvl=ESdLdo5OjDtrSd8H4b2soA%3D%3D
Contratos menores;Proposta Despeses transport per a Préstecs Interbibliotecaris;Alcaldía del Ayuntamiento de Cullera;servicios;Resuelta;MARCUN CARS SL;413,22;https://contrataciondelestado.es/wps/poc?uri=deeplink:detalle_licitacion&idEvl=O%2Fb6IkWsjhC7JOCXkOhcDg%3D%3D
Contratos menores;Publicitat institucional Fira del Comerç 2026;Alcaldía del Ayuntamiento de Picassent;servicios;Resuelta;Ediciones Plaza, S.A.;400;https://contrataciondelestado.es/wps/poc?uri=deeplink:detalle_licitacion&idEvl=zyDT%2F2bwG%2F35Rey58Yagpg%3D%3D
Contratos menores;Suministro de toalleros dispensadores de papel y toallitas de papel para aseos;Gerencia de la Fundación Universidad de Valladolid;suministros;Resuelta;JOFISA S.L.;394,75;https://contrataciondelestado.es/wps/poc?uri=deeplink:detalle_licitacion&idEvl=ubdCqPuxKlF6nTs9LZ9RhQ%3D%3D
Contratos menores;Servicio de valorización de tecnologías para ITR;Gerencia de la Fundación Universidad de Valladolid;servicios;Resuelta;LA FABRICA DE INVENTOS SL;390;https://contrataciondelestado.es/wps/poc?uri=deeplink:detalle_licitacion&idEvl=Z3Ulv9G3AJJ4zIRvjBVCSw%3D%3D
Contratos menores;Suministro de obsequios para los ponentes de congreso;Gerencia de la Fundación Universidad de Valladolid;suministros;Resuelta;MESETARIOS STORE S.L.;388,18;https://contrataciondelestado.es/wps/poc?uri=deeplink:detalle_licitacion&idEvl=%2BsQNL62Efv436J9Lctlsuw%3D%3D
Contratos menores;Servicios de edición, maquetación, producción editorial e impresión de libro;Gerencia de la Fundación Universidad de Valladolid;servicios;Resuelta;Editorial Comares, S.L.;384,62;https://contrataciondelestado.es/wps/poc?uri=deeplink:detalle_licitacion&idEvl=jrlDsFMPONHCfVQHDepjGQ%3D%3D
Contratos menores;Contrato Menor de Servicios «Puntos Violeta 9 de Octubre»;Alcaldía del Ayuntamiento de Silla;servicios;Resuelta;Ivana Brandon Perales;379,8;https://contrataciondelestado.es/wps/poc?uri=deeplink:detalle_licitacion&idEvl=FN0xxgCZ6Y1rSd8H4b2soA%3D%3D
Contratos menores;Futbolí per al nou espai jove el patronat;Alcaldía del Ayuntamiento de Cullera;suministros;Resuelta;PL OCIOTRENDS S.L.;350,37;https://contrataciondelestado.es/wps/poc?uri=deeplink:detalle_licitacion&idEvl=czlkT%2B2nvxY2wEhQbcAqug%3D%3D
Contratos menores;Servicio de retirada de material y enseres en desuso;Gerencia de la Fundación Universidad de Valladolid;servicios;Resuelta;Mudanzas MPMB 10, S.L.;350;https://contrataciondelestado.es/wps/poc?uri=deeplink:detalle_licitacion&idEvl=RTgYBA%2Fdh6OGCFcHcNGIlQ%3D%3D
Contratos menores;Suministro de una bomba de arrastre magnético Tecnium BKMYS 4.9 ATEX;Gerencia de la Fundación Universidad de Valladolid;suministros;Resuelta;COMQUIMA EUROPE S.L;350;https://contrataciondelestado.es/wps/poc?uri=deeplink:detalle_licitacion&idEvl=ACZnIpjjZfezz8fXU2i3eQ%3D%3D
Contratos menores;Proposta de despeses de projecte d'ingenieria per a la inauguració de l'Espai Jove El Patronat;Alcaldía del Ayuntamiento de Cullera;servicios;Resuelta;ANGEL HOLGUERA INGENIERIA Y SOLUCIONES SOCIEDAD LIMITADA;350;https://contrataciondelestado.es/wps/poc?uri=deeplink:detalle_licitacion&idEvl=%2F2a%2BRup%2F76ceC9GJQOEBkQ%3D%3D
Contratos menores;Servicios de reprografía;Gerencia de la Fundación Universidad de Valladolid;servicios;Resuelta;CLAMAR REPROGRAFÍA SLU;347,42;https://contrataciondelestado.es/wps/poc?uri=deeplink:detalle_licitacion&idEvl=zE0JdjCHcQsIYE3ZiZ%2BxmQ%3D%3D
Contratos menores;Suministro de impresora Epson Econtank ET-3950;Gerencia de la Fundación Universidad de Valladolid;suministros;Resuelta;TEJINFORMATICA PALENCIA, S.L.;338,84;https://contrataciondelestado.es/wps/poc?uri=deeplink:detalle_licitacion&idEvl=HKqUbZicgqaqb7rCcv76BA%3D%3D
Contratos menores;"Contracte menor sessió contes ""Glup-Glup!"" el 6 d'octubre dins de la programació de Colla de Lletres 2026-OFI";Alcaldía del Ayuntamiento de Paiporta;servicios;Resuelta;PAULA BERNABEU AICART;332;https://contrataciondelestado.es/wps/poc?uri=deeplink:detalle_licitacion&idEvl=Q0srNHYQ6AYkJPJS%2BPS9vg%3D%3D
Contratos menores;Reparación hidrolimpiadora;Alcaldia del Ayuntamiento de Arroyo de la Encomienda;servicios;Resuelta;FLUME S.L.;327,1;https://contrataciondelestado.es/wps/poc?uri=deeplink:detalle_licitacion&idEvl=eLkL39DcyZri0Kd8%2Brcp6w%3D%3D
Contratos menores;Contrato menor de suministro de 14 tarjetas con Certificado de empleado público;Alcaldía del Ayuntamiento de Picassent;suministros;Resuelta;INFRAESTRUCTURES I SERVEIS DE TELECOMUNICACIONS I CERTIFICACIÓ, S.A. ISTEC;321,7;https://contrataciondelestado.es/wps/poc?uri=deeplink:detalle_licitacion&idEvl=EQMuuQDVf2ZxseVhcqrkhw%3D%3D
Contratos menores;Suministro de un transmisor de presion;Gerencia de la Fundación Universidad de Valladolid;suministros;Resuelta;Garrido y Vazquez S.A.( GAVASA);309,41;https://contrataciondelestado.es/wps/poc?uri=deeplink:detalle_licitacion&idEvl=6aulREF6faPi0Kd8%2Brcp6w%3D%3D
Contratos menores;del suministro de resistencia eléctrica;Gerencia de la Fundación Universidad de Valladolid;suministros;Resuelta;Salvador Escoda, S.A.;305;https://contrataciondelestado.es/wps/poc?uri=deeplink:detalle_licitacion&idEvl=pQhhgjcAnFKOUi78BmzhOQ%3D%3D
Contratos menores;Suministro de 2 monitores Phillips 27E1N1600AE/00;Gerencia de la Fundación Universidad de Valladolid;suministros;Resuelta;ESOVA SL;300;https://contrataciondelestado.es/wps/poc?uri=deeplink:detalle_licitacion&idEvl=z%2BZ7NpzVLZAaF6cS8TCh%2FA%3D%3D
Contratos menores;Publicitat institucional Fira del Comerç, el meridiano;Alcaldía del Ayuntamiento de Picassent;servicios;Resuelta;PERIODICO EL MERIDIANO SOCIEDAD LIMITADA;300;https://contrataciondelestado.es/wps/poc?uri=deeplink:detalle_licitacion&idEvl=44gSCKQM%2BJ9%2FP7lJ7Fu0SA%3D%3D
Contratos menores;Publicitat institucional Fira del Comerç;Alcaldía del Ayuntamiento de Picassent;servicios;Resuelta;JOSE ANTONIO GARZON ROGER;300;https://contrataciondelestado.es/wps/poc?uri=deeplink:detalle_licitacion&idEvl=VzyL6ZqfESB%2FP7lJ7Fu0SA%3D%3D
Contratos menores;"Contracte menor sessió contes ""Poemes i cançons per tots el racons"" el 24 de novembre dins de la programació de Colla de Lletres 2026-OFI";Alcaldía del Ayuntamiento de Paiporta;servicios;Resuelta;EVENTS BRANCH S.L.;300;https://contrataciondelestado.es/wps/poc?uri=deeplink:detalle_licitacion&idEvl=wSGpfGPhbhlVq4S9zvaQpQ%3D%3D
Contratos menores;Proposta de despeses de lloguer de futbolí per a l'Espai Jove El Patronat;Alcaldía del Ayuntamiento de Cullera;suministros;Resuelta;GRUPO PEQUEÑIN 2000 SOCIEDAD LIMITADA;300;https://contrataciondelestado.es/wps/poc?uri=deeplink:detalle_licitacion&idEvl=YOdCKAYpMikzjChw4z%2FXvw%3D%3D
Contratos menores;Contrato Menor Servicios- Retirada de residuos pista Torreseca;Junta de Gobierno Local del Ayuntamiento de Casinos;servicios;Resuelta;CHE QUE MARAVILLA,S.L;300;https://contrataciondelestado.es/wps/poc?uri=deeplink:detalle_licitacion&idEvl=DrptYU0teUs%2FbjW6njtWLw%3D%3D
Contratos menores;Reposición de encimera con lavabos integrados en los baños masculinos del gimnasio municipal Luis García Berlanga;Alcaldía del Ayuntamiento de Guadalix de la Sierra;obras;Resuelta;COCINAS CHAMO;296,25;https://contrataciondelestado.es/wps/poc?uri=deeplink:detalle_licitacion&idEvl=ypAp83H%2FBdzXOjazN1Dw9Q%3D%3D
Contratos menores;Servicio de Identificación de bacterias;Gerencia de la Fundación Universidad de Valladolid;servicios;Resuelta;Universidad de Valladolid;295,24;https://contrataciondelestado.es/wps/poc?uri=deeplink:detalle_licitacion&idEvl=SNuLwGlcjv2kU02jNGj1Fw%3D%3D
Contratos menores;Adquisición bolsas/mochila CMIA;Alcaldía del Ayuntamiento de Quart de Poblet;suministros;Resuelta;NOELIA VALLDECABRES NUÑEZ;287;https://contrataciondelestado.es/wps/poc?uri=deeplink:detalle_licitacion&idEvl=XlT%2BFoSYR%2FU%2FbjW6njtWLw%3D%3D
Contratos menores;Suministro de un palet de plástico nuevo de 1000 litros;Gerencia de la Fundación Universidad de Valladolid;suministros;Resuelta;Martin Contenedores para Logistica, S.L.;285,25;https://contrataciondelestado.es/wps/poc?uri=deeplink:detalle_licitacion&idEvl=eyMczCzAGq%2FzAq95uGTrDQ%3D%3D
Contratos menores;Servicio de mantenimiento correctivo del sistema de climatización del Centro de Procesamiento de Datos, incluyendo la sustitución de aceite de compresor e instalación de captor de presión;Gerencia de la Fundación Universidad de Valladolid;servicios;Resuelta;EIFFAGE ENERGIA, S.L.U.;276,5;https://contrataciondelestado.es/wps/poc?uri=deeplink:detalle_licitacion&idEvl=FUWMsXr%2FOjZQFSeKCRun4Q%3D%3D
Contratos menores;Material para la Unidad de Marketing y Comunicación del CIC/CSIC;Presidencia de la Agencia Estatal Consejo Superior de Investigaciones Científicas, M.P.;suministros;Resuelta;PAPELERIA SAN FERNANDO, SL;273,76;https://contrataciondelestado.es/wps/poc?uri=deeplink:detalle_licitacion&idEvl=3%2BrXT2nJ5mCOUi78BmzhOQ%3D%3D
Contratos menores;Adquisició de banderes exteriors d'Europa;Alcaldía del Ayuntamiento de Cullera;suministros;Resuelta;ABBE GLOBAL SL;263,15;https://contrataciondelestado.es/wps/poc?uri=deeplink:detalle_licitacion&idEvl=Zlr%2B1lxU%2F33E6P%2FuLemXRw%3D%3D
Contratos menores;Propuesta de gastos servicio de reparación embrague tractor;Alcaldía del Ayuntamiento de Cullera;servicios;Resuelta;JORGE JUAN MARTI PALOMARES;261;https://contrataciondelestado.es/wps/poc?uri=deeplink:detalle_licitacion&idEvl=pQOat%2BqwPSCP66GS%2BONYvQ%3D%3D
Contratos menores;CM Subministrament tatami;Alcaldía del Ayuntamiento de Catarroja;suministros;Resuelta;PAVIMENTOS ARQUISERVI SL;259,87;https://contrataciondelestado.es/wps/poc?uri=deeplink:detalle_licitacion&idEvl=qnWrDpOVRbD10HRJw8TEnQ%3D%3D
Contratos menores;Contrato Menor Seguro Feria de Comerç i la Tapa 2026;Alcaldía del Ayuntamiento de Picassent;servicios;Resuelta;GENERALI SEGUROS Y REASEGUROS, S.A.U.;258,42;https://contrataciondelestado.es/wps/poc?uri=deeplink:detalle_licitacion&idEvl=hvWkwp1%2FTtVxseVhcqrkhw%3D%3D
Contratos menores;Suministro de bebidas y snacks Mislata Jove Fest 2026;Alcaldía del Ayuntamiento de Mislata;suministros;Resuelta;AROCA ALIMENTACION, S.L.;252,68;https://contrataciondelestado.es/wps/poc?uri=deeplink:detalle_licitacion&idEvl=%2F1Y%2B5bPlH0uAAM7L03kM8A%3D%3D
Contratos menores;Suministro vestuario auxiliares SAD;Alcaldía del Ayuntamiento de Cortes de Pallás;suministros;Resuelta;Distribuciones Confluentum Sl;250,55;https://contrataciondelestado.es/wps/poc?uri=deeplink:detalle_licitacion&idEvl=au1lkv7dTeZPpzdqOdhuWg%3D%3D
Contratos menores;Suministro de fuente de alimentación Mars Gaming MPB650SI ATX 650W y memoria Kingston Fury Beast DDR5 5600 8Gb;Gerencia de la Fundación Universidad de Valladolid;suministros;Resuelta;Informatica Imaz & Mate SL;250;https://contrataciondelestado.es/wps/poc?uri=deeplink:detalle_licitacion&idEvl=79D7K0Epl%2BRJ8Trn0ZPzLw%3D%3D
Contratos menores;Servicio de catering;Gerencia de la Fundación Universidad de Valladolid;servicios;Resuelta;JUANJO Y TERE CAMPUS S.L;250;https://contrataciondelestado.es/wps/poc?uri=deeplink:detalle_licitacion&idEvl=w0iwJs2MC5BrSd8H4b2soA%3D%3D
Contratos menores;Coordinación de seguridad y salud obra mejora accesibilidad y seguridad entorno CEIP Sibil.la Mercer;Alcaldía del Ayuntamiento de Picassent;servicios;Resuelta;JUANA BELENGUER SEVILLA;250;https://contrataciondelestado.es/wps/poc?uri=deeplink:detalle_licitacion&idEvl=DH3WcPk8zWGzz8fXU2i3eQ%3D%3D
Contratos menores;Contrato Menor Servicios- Reparación de fuga en Polideportivo;Junta de Gobierno Local del Ayuntamiento de Casinos;servicios;Resuelta;SANEAMIENTOS BORI, S.L.;250;https://contrataciondelestado.es/wps/poc?uri=deeplink:detalle_licitacion&idEvl=GLNSWi3drr1%2BF6L2uCfUWg%3D%3D
Contratos menores;CM Servicio Taller escritura creativa Salva Valero;Alcaldía del Ayuntamiento de Manises;servicios;Resuelta;SALVADOR VALERO CANO;247,93;https://contrataciondelestado.es/wps/poc?uri=deeplink:detalle_licitacion&idEvl=jIkLcQQB8h0QyBAnWzHfCg%3D%3D
Contratos menores;Contrato menor de suministro de 1 licencia plataforma de marketing digital Acumbamail;Alcaldía del Ayuntamiento de Paiporta;suministros;Resuelta;ACUMBAMAIL S. L.;246,28;https://contrataciondelestado.es/wps/poc?uri=deeplink:detalle_licitacion&idEvl=UxfG94lbSpycCF8sV%2BqtYA%3D%3D
Contratos menores;Suministro de material fungible para laboratorio;Gerencia de la Fundación Universidad de Valladolid;suministros;Resuelta;REM REPRESENTACIONES EDUARDO MUÑIZ SL;240,42;https://contrataciondelestado.es/wps/poc?uri=deeplink:detalle_licitacion&idEvl=hB66d%2BV00aizz8fXU2i3eQ%3D%3D
Contratos menores;FM26 Cobertura fotogràfica Nit Estellés 2026;Alcaldía del Ayuntamiento de Catarroja;servicios;Resuelta;Eva Máñez lópez;220;https://contrataciondelestado.es/wps/poc?uri=deeplink:detalle_licitacion&idEvl=A08AUhRsFFLI8aL3PRS10Q%3D%3D
Contratos menores;Suministro de 4 ROLL UP campus Talentocyl;Gerencia de la Fundación Universidad de Valladolid;suministros;Resuelta;Mata Digital SL;214,88;https://contrataciondelestado.es/wps/poc?uri=deeplink:detalle_licitacion&idEvl=PbGQhHALIntQFSeKCRun4Q%3D%3D
Contratos menores;Contrato menor de Talleres de pintura para Festival Frigiliana 3 Culturas;Alcaldía del Ayuntamiento de Frigiliana;servicios;Resuelta;MARTIN LOPEZ, MARIA ISABEL;206,61;https://contrataciondelestado.es/wps/poc?uri=deeplink:detalle_licitacion&idEvl=WclPJ6mAmFGcCF8sV%2BqtYA%3D%3D
Contratos menores;CM Taller de artesanía Ceràmica Oberta 2026 Casa Mayólica;Alcaldía del Ayuntamiento de Manises;servicios;Resuelta;LORENZO ANGELI;206,61;https://contrataciondelestado.es/wps/poc?uri=deeplink:detalle_licitacion&idEvl=qqAkd1cVPElVkTabT%2FRM8A%3D%3D
Contratos menores;Suministro de una válvula solenoide EX 2/2;Gerencia de la Fundación Universidad de Valladolid;suministros;Resuelta;Witt-Gasetechnik Gmbh&Co KG;204,8;https://contrataciondelestado.es/wps/poc?uri=deeplink:detalle_licitacion&idEvl=IZsmi7L5DNAkJPJS%2BPS9vg%3D%3D
Contratos menores;Servicio de visita al Museo Nacional de Escultura para el Congreso CADAAD;Gerencia de la Fundación Universidad de Valladolid;servicios;Resuelta;Museo Nacional de Escultura;200,83;https://contrataciondelestado.es/wps/poc?uri=deeplink:detalle_licitacion&idEvl=%2BsQNL62Efv7E6P%2FuLemXRw%3D%3D
Contratos menores;Propuesta de gastos adquisición 2 antenas polideportivo y piscina municipal;Alcaldía del Ayuntamiento de Cullera;suministros;Resuelta;GABRIEL SAPINYA BERTOMEU;194;https://contrataciondelestado.es/wps/poc?uri=deeplink:detalle_licitacion&idEvl=xuYGcmq%2BBbHua%2Fi14w%2FPLA%3D%3D
Contratos menores;Adquisición material de oficina (papel térmico impresora gestor de colas OAC);Alcaldía del Ayuntamiento de Quart de Poblet;suministros;Resuelta;OFFICE24 SOLUTIONS, S.L.;191,8;https://contrataciondelestado.es/wps/poc?uri=deeplink:detalle_licitacion&idEvl=bfQU28e3WuuIzo3LHNPGcQ%3D%3D
Contratos menores;Suministro de una batería compatible Lenovo IdeaPad S145 y disco duro WD Blue SN5100;Gerencia de la Fundación Universidad de Valladolid;suministros;Resuelta;Informatica Imaz & Mate SL;190,91;https://contrataciondelestado.es/wps/poc?uri=deeplink:detalle_licitacion&idEvl=yoeHpEnZ0JA%2FbjW6njtWLw%3D%3D
Contratos menores;Bolsa para servicios del registro mercantil y registro de la propiedad durante el ejercicio 2026;Instituto Tecnológico de Canarias S.A.;servicios;Resuelta;FERCA CB;189,07;https://contrataciondelestado.es/wps/poc?uri=deeplink:detalle_licitacion&idEvl=zwnrknNravlq1DdmE7eaXg%3D%3D
Contratos menores;Propuesta de gastos adquisición material especifico cooperativa;Alcaldía del Ayuntamiento de Cullera;suministros;Resuelta;SOCIEDAD COOPERATIVA CULLERCOOP COOP V;161,07;https://contrataciondelestado.es/wps/poc?uri=deeplink:detalle_licitacion&idEvl=fkx93Ovprra5HQrHoP3G5A%3D%3D
Contratos menores;Tratamiento desratización nave frente multiusos mercado Municipal;Alcaldía del Ayuntamiento de Cullera;servicios;Resuelta;VICTORIA Y MIÑANA SOCIEDAD LIMITADA;160;https://contrataciondelestado.es/wps/poc?uri=deeplink:detalle_licitacion&idEvl=czlkT%2B2nvxadkQsA7ROvsg%3D%3D
Contratos menores;CM Derechos de Autor Día del Comercio Local 2026;Alcaldía del Ayuntamiento de Manises;servicios;Resuelta;SOC GENERAL DE AUTORES Y EDITORES-EGDPI;159,37;https://contrataciondelestado.es/wps/poc?uri=deeplink:detalle_licitacion&idEvl=jIkLcQQB8h0aF6cS8TCh%2FA%3D%3D
Contratos menores;Activitat amb el cmia, pujada al castell i berenar;Alcaldía del Ayuntamiento de Cullera;servicios;Resuelta;AMBITS SOCIALS SL;157;https://contrataciondelestado.es/wps/poc?uri=deeplink:detalle_licitacion&idEvl=F4jDKc6a5jKLAncw3qdZkA%3D%3D
Contratos menores;Desratización edf. servicios sociales;Alcaldía del Ayuntamiento de Cullera;servicios;Resuelta;VICTORIA Y MIÑANA SOCIEDAD LIMITADA;150;https://contrataciondelestado.es/wps/poc?uri=deeplink:detalle_licitacion&idEvl=lhMjRRn1iQ1LAIVZdUs8KA%3D%3D
Contratos menores;Suministro de dos sondas;Gerencia de la Fundación Universidad de Valladolid;suministros;Resuelta;COMERCIAL DANIEL SASTRE SL;149,3;https://contrataciondelestado.es/wps/poc?uri=deeplink:detalle_licitacion&idEvl=rQ6wJoiI7RIwYTJJ03sHog%3D%3D
Contratos menores;Propuesta de Gasto Suministro Carteleria y flyers. Jornadas Gastronómicas arroz. Septiembre 2026;Alcaldía del Ayuntamiento de Cullera;suministros;Resuelta;FERNANDO RAMON ANDRES BRIVA;146,5;https://contrataciondelestado.es/wps/poc?uri=deeplink:detalle_licitacion&idEvl=KhALP4JfYO8eC9GJQOEBkQ%3D%3D
Contratos menores;Servicio de taller para sustitución de batería del vehículo 7314HJX;Alcaldia del Ayuntamiento de Arroyo de la Encomienda;servicios;Resuelta;ANGEL ALFREDO GARCIA PEREZ;142;https://contrataciondelestado.es/wps/poc?uri=deeplink:detalle_licitacion&idEvl=9P9kXo1c3AiopEMYCmrbmw%3D%3D
Contratos menores;Batería y arrancador para la motocicleta (M1), matrícula 5844LHH de Policía Local.;Alcaldía del Ayuntamiento de Cullera;servicios;Resuelta;FESACAR SOCIEDAD LIMITADA;117,32;https://contrataciondelestado.es/wps/poc?uri=deeplink:detalle_licitacion&idEvl=vw9QXeXyMMAzjChw4z%2FXvw%3D%3D
Contratos menores;Propuesta de gastos dietas voluntarios y voluntarias Agrupación Protección Civil;Alcaldía del Ayuntamiento de Cullera;servicios;Resuelta;EMBRUMAR SL;110,45;https://contrataciondelestado.es/wps/poc?uri=deeplink:detalle_licitacion&idEvl=a2SR7Z3pfnX5Rey58Yagpg%3D%3D
Contratos menores;Contrato menor de suministro de tarjetas Micro SD 64Gb;Alcaldía del Ayuntamiento de Quart de Poblet;suministros;Resuelta;APPQUART S.L.U.;107,58;https://contrataciondelestado.es/wps/poc?uri=deeplink:detalle_licitacion&idEvl=lBg8N7RTFVaqb7rCcv76BA%3D%3D
Contratos menores;CM Servicio de rectificación de pancartas Ceràmica Oberta 2026;Alcaldía del Ayuntamiento de Manises;servicios;Resuelta;RICARDO MORENO PEÑARROCHA;105;https://contrataciondelestado.es/wps/poc?uri=deeplink:detalle_licitacion&idEvl=N37tKriIEsRrSd8H4b2soA%3D%3D
Contratos menores;Servicio de transporte de paquetería Biblioteca;Alcaldía del Ayuntamiento de Manises;servicios;Resuelta;SIBEALPI SL;99,17;https://contrataciondelestado.es/wps/poc?uri=deeplink:detalle_licitacion&idEvl=TD63OmdSDax%2FP7lJ7Fu0SA%3D%3D
Contratos menores;Contrato menor de suministro de material de pegatinas identificativas para carros de limpieza viaria..;Presidencia de la Empresa de Servicis de Paiporta (ESPAI);suministros;Resuelta;TB imprenta SLU;63;https://contrataciondelestado.es/wps/poc?uri=deeplink:detalle_licitacion&idEvl=q9uoyYYoo5%2B2gkLQ8TeYKA%3D%3D
Contratos menores;Contrato menor privado renovación suscripción anual publicación periódica Plaza;Alcaldía del Ayuntamiento de Mislata;privado;Resuelta;UVEPE PLAZA SL;48,08;https://contrataciondelestado.es/wps/poc?uri=deeplink:detalle_licitacion&idEvl=HfDnqc4hWGCIzo3LHNPGcQ%3D%3D
Contratos menores;Servicio de registro, mantenimiento y gestión del dominio catedracajarural.com;Gerencia de la Fundación Universidad de Valladolid;servicios;Resuelta;Alba Garcia Gonzalo;36,18;https://contrataciondelestado.es/wps/poc?uri=deeplink:detalle_licitacion&idEvl=2LW2glkG4%2BceIBJRHQiPkQ%3D%3D
Contratos menores;Cuentas de correo biblioteca;Alcaldía del Ayuntamiento de Guadalix de la Sierra;servicios;Resuelta;IBIS COMPUTER SL;35;https://contrataciondelestado.es/wps/poc?uri=deeplink:detalle_licitacion&idEvl=nW5pkUIuUgDLIx6q1oPaMg%3D%3D
Contratos menores;Suministro de botella de nitrógeno;Gerencia de la Fundación Universidad de Valladolid;suministros;Resuelta;MESSER IBERICA DE GASES SA;30,48;https://contrataciondelestado.es/wps/poc?uri=deeplink:detalle_licitacion&idEvl=ch6TAF1SEy%2BFQ%2FlhRK79lA%3D%3D
Contratos menores;Suministro material electrónica;Alcaldía del Ayuntamiento de Cullera;suministros;Resuelta;ELECTRODOMESTICOS SENEN ORTEGA SOCIEDAD LIMITADA;28,93;https://contrataciondelestado.es/wps/poc?uri=deeplink:detalle_licitacion&idEvl=lFbrnoThBxD%2B3JAijKO%2Bkg%3D%3D
Contratos menores;del suministro de una válvula de seguridad;Gerencia de la Fundación Universidad de Valladolid;suministros;Resuelta;Flexibles la Plana, S.L (DISUMTEC);20,42;https://contrataciondelestado.es/wps/poc?uri=deeplink:detalle_licitacion&idEvl=RW1gqVhQxT9%2BF6L2uCfUWg%3D%3D
