Tipo;Título;Órgano;Código BDNS;Beneficiario;Instrumento;Concedida el;Importe (€);Enlace
Concesiones;Resolución de la Conselleria de Educación, Cultura y Universidades, por la que se tramita una transferencia a tres universidades públicas valencianas, para impulsar la investigación y desarrollo de fotónica y semiconductores en la Comunitat Valenciana, en;SECRETARÍA AUTONÓMICA DE UNIVERSIDADES;934111;UNIVERSIDAD POLITECNICA DE VALENCIA;Subvención;07/10/2026;2800000;
Concesiones;Resolución de 15/05/2024, de la Consejería de Fomento, por la que se convocan ayudas a las actuaciones de rehabilitación a nivel;DIRECCIÓN GENERAL DE VIVIENDA;761811;CCPP BLOQUE 4 BARRIO SANTA TERESA;Subvención;07/10/2026;986133;https://www.jccm.es
Concesiones;Resolución de la Conselleria de Educación, Cultura y Universidades, por la que se tramita una transferencia a tres universidades públicas valencianas, para impulsar la investigación y desarrollo de fotónica y semiconductores en la Comunitat Valenciana, en;SECRETARÍA AUTONÓMICA DE UNIVERSIDADES;934111;UNIVERSITAT DE VALENCIA (ESTUDI GENERAL DE VALENCIA);Subvención;07/10/2026;800000;
Concesiones;Resolución de la Conselleria de Educación, Cultura y Universidades, por la que se tramita una transferencia a tres universidades públicas valencianas, para impulsar la investigación y desarrollo de fotónica y semiconductores en la Comunitat Valenciana, en;SECRETARÍA AUTONÓMICA DE UNIVERSIDADES;934111;UNIVERSITAT JAUME I DE CASTELLON;Subvención;07/10/2026;400000;
Concesiones;(IDI) Proyectos de I+D+i orientados al mercado (Reg.651/2014);AGENCIA DE DESARROLLO ECONÓMICO DE LA RIOJA;825362;NEURONUP SL;Subvención;07/10/2026;378669,37;https://ias1.larioja.org/boletin/Bor_Boletin_visor_Servlet?referencia=29351922-1-PDF-561198
Concesiones;"Decreto nº 2026-7584 de 07/10/2026 del Cabildo Lanzarote y La Graciosa de concesión de subv. al ICAVI por importe de 200.000€ para la ejecución del proyecto ""Bono Alquiler Joven""";CABILDO INSULAR DE LANZAROTE;934101;INSTITUTO CANARIO DE LA VIVIENDA;Subvención;07/10/2026;200000;https://www.boplaspalmas.net/nbop2/index.php
Concesiones;Subvención para asegurar la viabilidad económica de la Fundación Tarazona Monumental, con el fin de contribuir a la preservación y protección del Patrimonio Cultural de Tarazona y su comarca;DIRECCIÓN GENERAL DE PATRIMONIO CULTURAL;928771;FUNDACION TARAZONA MONUMENTAL;Subvención;07/10/2026;178000;https://www.boa.aragon.es/cgibin/EBOA/BRSCGI?CMD=VEROBJ&MLKOB=1310275420303
Concesiones;(IDI) Proyectos de I+D+i orientados al mercado (Reg.651/2014);AGENCIA DE DESARROLLO ECONÓMICO DE LA RIOJA;825362;UNIVERSIDAD DE LA RIOJA;Subvención;07/10/2026;130902,72;https://ias1.larioja.org/boletin/Bor_Boletin_visor_Servlet?referencia=29351922-1-PDF-561198
Concesiones;(IDI) Proyectos de I+D+i orientados al mercado (Reg.651/2014);AGENCIA DE DESARROLLO ECONÓMICO DE LA RIOJA;825362;FAL CALZADOS DE SEGURIDAD SA;Subvención;07/10/2026;111003,12;https://ias1.larioja.org/boletin/Bor_Boletin_visor_Servlet?referencia=29351922-1-PDF-561198
Concesiones;Ajunt. Os de Balaguer. Protecció talús camí de Basella a Gerb. LV-9047;DIPUTACIÓN PROVINCIAL DE LLEIDA;933865;AJNT. OS DE BALAGUER;Subvención;07/10/2026;107842,04;https://ebop.diputaciolleida.cat/aplicacions/bop/bopV1/fitxers/pdf/2025/58/20255802322.pdf
Concesiones;(IDI) Proyectos de I+D+i orientados al mercado (Reg.651/2014);AGENCIA DE DESARROLLO ECONÓMICO DE LA RIOJA;825362;BODEGAS VALLEMAYOR SL;Subvención;07/10/2026;59005,85;https://ias1.larioja.org/boletin/Bor_Boletin_visor_Servlet?referencia=29351922-1-PDF-561198
Concesiones;(IDI) Proyectos de I+D+i orientados al mercado (Reg.651/2014);AGENCIA DE DESARROLLO ECONÓMICO DE LA RIOJA;825362;ENSATEC S.L.;Subvención;07/10/2026;52967,03;https://ias1.larioja.org/boletin/Bor_Boletin_visor_Servlet?referencia=29351922-1-PDF-561198
Concesiones;Ayudas a la destilación de subproductos de la vinificación ISV 2024;CONSEJERÍA DE AGRICULTURA, GANADERÍA, MUNDO RURAL Y MEDIO AMBIENTE;841361;LA ALCOHOLERA DE LA RIOJA, EBRO,DUERO,SA;Subvención;07/10/2026;49706,8;https://www.boe.es/buscar/doc.php?id=BOE-A-2022-17475
Concesiones;SUBVENCION NOMINATIVA PROYECTO DINAMIZACION COMERCIAL Y SOCIAL A TRAVES C.D. MENSAJERO;EXCMO. CABILDO INSULAR DE LA PALMA;933967;CLUB DEPORTIVO MENSAJERO LA PALMA;Subvención;07/10/2026;40000;https://www.bopsantacruzdetenerife.es/bopsc2/index.php
Concesiones;FINANCIACION EST-TRAM.ANTIC.2026 LINEA 1_INCENT.CONT.INDEF.PERS.DESEMPL.;CONSEJERÍA ECONOMÍA, HACIENDA Y EMPLEO;877746;OFICINA DE MEDIACION Y SOLUCION DE CONFL;Subvención;07/10/2026;39500;https://www.bocm.es/boletin/CM_Orden_BOCM/2024/12/30/BOCM-20241230-21.PDF
Concesiones;(IDI) Proyectos de I+D+i orientados al mercado (Reg.651/2014);AGENCIA DE DESARROLLO ECONÓMICO DE LA RIOJA;825362;CALZADOS FORTIA, SL;Subvención;07/10/2026;27898,9;https://ias1.larioja.org/boletin/Bor_Boletin_visor_Servlet?referencia=29351922-1-PDF-561198
Concesiones;Resolución de 26/12/2025 por la que se aprueba la convocatoria de subvenciones para la realización de proyectos de formación profesional y empleo en el seno de la empresa, Línea 5 Sectorial, para el año 2026. REG (UE) 2023/2831.;DIRECCIÓN GENERAL FORMACIÓN PROFESIONAL EN EL ÁMBITO LABORAL;878664;MONTAÑES ALDEA, S.L.;Subvención;07/10/2026;25524;https://docm.jccm.es/docm/descargarArchivo.do?ruta=2024/08/09/pdf/2024_6382.pdf&tipo=rutaDocm
Concesiones;Convocatoria 2026 de ayudas a la participación en ferias comerciales con productos agroalimentarios;DEPARTAMENTO DE DESARROLLO RURAL Y MEDIO AMBIENTE;901796;HACIENDA Y VIÑEDOS MARQUES DEL ATRIO SL;Subvención;07/10/2026;25000;
Concesiones;Convocatoria 2026 de ayudas a la participación en ferias comerciales con productos agroalimentarios;DEPARTAMENTO DE DESARROLLO RURAL Y MEDIO AMBIENTE;901796;BODEGAS MANZANOS SL;Subvención;07/10/2026;25000;
Concesiones;Convocatoria 2026 de ayudas a la participación en ferias comerciales con productos agroalimentarios;DEPARTAMENTO DE DESARROLLO RURAL Y MEDIO AMBIENTE;901796;ULTRACONGELADOS VIRTO SAU;Subvención;07/10/2026;25000;
Concesiones;Convocatoria 2026 de ayudas a la participación en ferias comerciales con productos agroalimentarios;DEPARTAMENTO DE DESARROLLO RURAL Y MEDIO AMBIENTE;901796;EMBUTIDOS GOIKOA SAU;Subvención;07/10/2026;25000;
Concesiones;Convocatoria 2026 de ayudas a la participación en ferias comerciales con productos agroalimentarios;DEPARTAMENTO DE DESARROLLO RURAL Y MEDIO AMBIENTE;901796;BODEGAS MARCO REAL SA;Subvención;07/10/2026;25000;
Concesiones;Convocatoria 2026 de ayudas a la participación en ferias comerciales con productos agroalimentarios;DEPARTAMENTO DE DESARROLLO RURAL Y MEDIO AMBIENTE;901796;PLANTAS DE NAVARRA SA;Subvención;07/10/2026;25000;
Concesiones;Convocatoria 2026 de ayudas a la participación en ferias comerciales con productos agroalimentarios;DEPARTAMENTO DE DESARROLLO RURAL Y MEDIO AMBIENTE;901796;INURRIETA SL;Subvención;07/10/2026;25000;
Concesiones;Convocatoria 2026 de ayudas a la participación en ferias comerciales con productos agroalimentarios;DEPARTAMENTO DE DESARROLLO RURAL Y MEDIO AMBIENTE;901796;HUERTA DE PERALTA SL;Subvención;07/10/2026;25000;
Concesiones;Convocatoria 2026 de ayudas a la participación en ferias comerciales con productos agroalimentarios;DEPARTAMENTO DE DESARROLLO RURAL Y MEDIO AMBIENTE;901796;URZANTE SL;Subvención;07/10/2026;25000;
Concesiones;Convocatoria 2026 de ayudas a la participación en ferias comerciales con productos agroalimentarios;DEPARTAMENTO DE DESARROLLO RURAL Y MEDIO AMBIENTE;901796;CONSERVAS MEDRANO SL;Subvención;07/10/2026;25000;
Concesiones;Convocatoria 2026 de ayudas a la participación en ferias comerciales con productos agroalimentarios;DEPARTAMENTO DE DESARROLLO RURAL Y MEDIO AMBIENTE;901796;BODEGA DE SARRIA SA;Subvención;07/10/2026;25000;
Concesiones;Convocatoria 2026 de ayudas a la participación en ferias comerciales con productos agroalimentarios;DEPARTAMENTO DE DESARROLLO RURAL Y MEDIO AMBIENTE;901796;BODEGAS CASTILLO DE MONJARDIN SA;Subvención;07/10/2026;25000;
Concesiones;Convocatoria 2026 de ayudas a la participación en ferias comerciales con productos agroalimentarios;DEPARTAMENTO DE DESARROLLO RURAL Y MEDIO AMBIENTE;901796;BODEGAS PRINCIPE DE VIANA SL;Subvención;07/10/2026;25000;
Concesiones;Convocatoria 2026 de ayudas a la participación en ferias comerciales con productos agroalimentarios;DEPARTAMENTO DE DESARROLLO RURAL Y MEDIO AMBIENTE;901796;CONSERVAS MARTIKO SA;Subvención;07/10/2026;24943,1;
Concesiones;Convocatoria 2026 de ayudas a la participación en ferias comerciales con productos agroalimentarios;DEPARTAMENTO DE DESARROLLO RURAL Y MEDIO AMBIENTE;901796;ELABORADOS NATURALES DE LA RIBERA DEL EBRO SL;Subvención;07/10/2026;24150,24;
Concesiones;Convocatoria 2026 de ayudas a la participación en ferias comerciales con productos agroalimentarios;DEPARTAMENTO DE DESARROLLO RURAL Y MEDIO AMBIENTE;901796;CONSERVAS PEDRO LUIS SL;Subvención;07/10/2026;24101,75;
Concesiones;AYUDAS PARA LA MEJORA DE ÁREAS INDUSTRIALES CM - 2026;CONSEJERÍA ECONOMÍA, HACIENDA Y EMPLEO;886788;ASOC DE POLIGONOS INDUSTRIALES DE MADRID;Subvención;07/10/2026;22300,5;https://www.bocm.es/boletin/CM_Orden_BOCM/2023/01/05/BOCM-20230105-13.PDF
Concesiones;Convocatoria 2026 de ayudas a la participación en ferias comerciales con productos agroalimentarios;DEPARTAMENTO DE DESARROLLO RURAL Y MEDIO AMBIENTE;901796;BODEGA OTAZU S.A.U;Subvención;07/10/2026;21799,26;
Concesiones;Convocatoria 2026 de ayudas a la participación en ferias comerciales con productos agroalimentarios;DEPARTAMENTO DE DESARROLLO RURAL Y MEDIO AMBIENTE;901796;BODEGAS Y VIÑEDOS QUADERNA VIA SL;Subvención;07/10/2026;21699,38;
Concesiones;FINANCIACION EST-TRAM.ANTIC.2026 LINEA 1_INCENT.CONT.INDEF.PERS.DESEMPL.;CONSEJERÍA ECONOMÍA, HACIENDA Y EMPLEO;877746;SERVIGUIDE BPO, S.L.;Subvención;07/10/2026;21500;https://www.bocm.es/boletin/CM_Orden_BOCM/2024/12/30/BOCM-20241230-21.PDF
Concesiones;Resolución de 7 de abril de 2025, de la Consejería de Medio Rural y Política Agraria, por la que se aprueban las Bases Reguladoras y la Convocatoria de las Intervenciones en forma de pagos directos a la agricultura y a la ganadería y de las Intervenciones;CONSEJERÍA DE MEDIO RURAL Y POLÍTICA AGRARIA;825858;AUXILIAR MEDIOAMBIENTAL SL;Subvención;07/10/2026;21412,2;https://www.mapa.gob.es/es/pac/pac-2023-2027/plan-estrategico-pac.aspx
Concesiones;Convocatoria 2026 de ayudas a la participación en ferias comerciales con productos agroalimentarios;DEPARTAMENTO DE DESARROLLO RURAL Y MEDIO AMBIENTE;901796;SOCIEDAD COOPERATIVA NEQUEAS;Subvención;07/10/2026;21239,23;
Concesiones;Convocatoria 2026 de ayudas a la participación en ferias comerciales con productos agroalimentarios;DEPARTAMENTO DE DESARROLLO RURAL Y MEDIO AMBIENTE;901796;INDUSTRIAS ALIMENTARIAS DE NAVARRA SAU;Subvención;07/10/2026;20284,88;
Concesiones;Convocatoria 2026 de ayudas a la participación en ferias comerciales con productos agroalimentarios;DEPARTAMENTO DE DESARROLLO RURAL Y MEDIO AMBIENTE;901796;BODEGA PAGO DE CIRSUS SL;Subvención;07/10/2026;20250;
Concesiones;TRAM. ANTICIPADA.FOM. EMPREND. COLECT 2026. 3ª LINEA. INVERSIONES;CONSEJERÍA ECONOMÍA, HACIENDA Y EMPLEO;883180;GREDOS SAN DIEGO S.COOP.MAD.;Subvención;07/10/2026;20000;https://www.bocm.es/boletin/CM_Orden_BOCM/2024/12/30/BOCM-20241230-20.PDF
Concesiones;RESOLUCIÓN DE LA DIRECCIÓN GENERAL DE DEPORTE POR LA QUE SE ACUERDA EL INICIO Y SE PROPONE LA CONCESIÓN DE UNA SUBVENCIÓN A FAVOR DE LA UNIVERSIDAD SAN JORGE APOYO UNIVERSITARIOS DEPORTISTAS ARAGONESES DE ALTO RENDIMIENTO.;D. GRAL. DE DEPORTE;920875;FUNDACION UNIVERSIDAD SAN JORGE;Subvención;07/10/2026;20000;https://www.boa.aragon.es/cgi-bin/EBOA/BRSCGI?CMD=VEROBJ&MLKOB=1407666030303
Concesiones;TRAM. ANTICIPADA.FOM. EMPREND. COLECT 2026. 3ª LINEA. INVERSIONES;CONSEJERÍA ECONOMÍA, HACIENDA Y EMPLEO;883180;FORMULA EDUCATIVA, S. COOP. MAD.;Subvención;07/10/2026;19886,01;https://www.bocm.es/boletin/CM_Orden_BOCM/2024/12/30/BOCM-20241230-20.PDF
Concesiones;Resolución de 26/02/2026, por la que se publican los créditos disponibles, en el ejercicio 2026, para la financiación de las diversas líneas de ayuda previstas en el Decreto 91/2022.;DIRECCIÓN GENERAL DE AUTÓNOMOS, TRABAJO Y ECONOMÍA SOCIAL;890577;AL QANTARA, S. MICROCOOP. DE CLM;Subvención;07/10/2026;19500;https://docm.jccm.es/docm/descargarArchivo.do?ruta=2022/08/23/pdf/2022_7821.pdf&tipo=rutaDocm
Concesiones;Convocatoria 2026 para la concesión de subvenciones a entidades locales, entidades públicas, Universidades y entidades sin ánimo de lucro, para el fomento de la contratación de personas desempleadas con dificultades de acceso al mercado de trabajo.;INSTITUTO ARAGONÉS DE EMPLEO (INAEM);892541;FUNDACION RAMON REY ARDID;Subvención;07/10/2026;18888,8;https://www.boa.aragon.es/cgi-bin/EBOA/BRSCGI?CMD=VEROBJ&MLKOB=1267312400303
Concesiones;TRAM. ANTICIPADA.FOM. EMPREND. COLECT 2026. 3ª LINEA. INVERSIONES;CONSEJERÍA ECONOMÍA, HACIENDA Y EMPLEO;883180;COOPERATIVA CASTELLANA DE GANADEROS;Subvención;07/10/2026;17394,64;https://www.bocm.es/boletin/CM_Orden_BOCM/2024/12/30/BOCM-20241230-20.PDF
Concesiones;Convocatoria 2026 de ayudas a la participación en ferias comerciales con productos agroalimentarios;DEPARTAMENTO DE DESARROLLO RURAL Y MEDIO AMBIENTE;901796;ENDINE SL;Subvención;07/10/2026;17084,46;
Concesiones;Resolución de 26/12/2025 por la que se aprueba la convocatoria de subvenciones para la realización de proyectos de formación profesional y empleo en el seno de la empresa, Línea 5 Sectorial, para el año 2026. REG (UE) 2023/2831.;DIRECCIÓN GENERAL FORMACIÓN PROFESIONAL EN EL ÁMBITO LABORAL;878664;IBERCESA FIRMES,SL;Subvención;07/10/2026;17016;https://docm.jccm.es/docm/descargarArchivo.do?ruta=2024/08/09/pdf/2024_6382.pdf&tipo=rutaDocm
Concesiones;Convocatoria 2026 de ayudas a la participación en ferias comerciales con productos agroalimentarios;DEPARTAMENTO DE DESARROLLO RURAL Y MEDIO AMBIENTE;901796;CONSERVAS ANGEL RIA SA;Subvención;07/10/2026;16649,69;
Concesiones;Convocatoria 2026 de ayudas a la participación en ferias comerciales con productos agroalimentarios;DEPARTAMENTO DE DESARROLLO RURAL Y MEDIO AMBIENTE;901796;SUMINISTROS AGROEBRO SL;Subvención;07/10/2026;16649,69;
Concesiones;Convocatoria 2026 de ayudas a la participación en ferias comerciales con productos agroalimentarios;DEPARTAMENTO DE DESARROLLO RURAL Y MEDIO AMBIENTE;901796;BODEGAS PIEDEMONTE SOCIEDAD COOPERATIVA;Subvención;07/10/2026;16187,99;
Concesiones;Resolución de 26/02/2026, por la que se publican los créditos disponibles, en el ejercicio 2026, para la financiación de las diversas líneas de ayuda previstas en el Decreto 91/2022.;DIRECCIÓN GENERAL DE AUTÓNOMOS, TRABAJO Y ECONOMÍA SOCIAL;890577;GRUPO BIEN JAMON S. MICROCOOP. DE C;Subvención;07/10/2026;16000;https://docm.jccm.es/docm/descargarArchivo.do?ruta=2022/08/23/pdf/2022_7821.pdf&tipo=rutaDocm
Concesiones;Resolución de 26/02/2026, por la que se publican los créditos disponibles, en el ejercicio 2026, para la financiación de las diversas líneas de ayuda previstas en el Decreto 91/2022.;DIRECCIÓN GENERAL DE AUTÓNOMOS, TRABAJO Y ECONOMÍA SOCIAL;890577;RYA DIGITAL S MICROCOOP DE C-LM;Subvención;07/10/2026;15900;https://docm.jccm.es/docm/descargarArchivo.do?ruta=2022/08/23/pdf/2022_7821.pdf&tipo=rutaDocm
Concesiones;Resolución de 26/02/2026, por la que se publican los créditos disponibles, en el ejercicio 2026, para la financiación de las diversas líneas de ayuda previstas en el Decreto 91/2022.;DIRECCIÓN GENERAL DE AUTÓNOMOS, TRABAJO Y ECONOMÍA SOCIAL;890577;CLAMCOOP, UNION DE COOP DE C-LM;Subvención;07/10/2026;15713,55;https://docm.jccm.es/docm/descargarArchivo.do?ruta=2022/08/23/pdf/2022_7821.pdf&tipo=rutaDocm
Concesiones;Resolución de 26/02/2026, por la que se publican los créditos disponibles, en el ejercicio 2026, para la financiación de las diversas líneas de ayuda previstas en el Decreto 91/2022.;DIRECCIÓN GENERAL DE AUTÓNOMOS, TRABAJO Y ECONOMÍA SOCIAL;890577;ELICOLOR DECORACION S COOP DE CLM;Subvención;07/10/2026;15400;https://docm.jccm.es/docm/descargarArchivo.do?ruta=2022/08/23/pdf/2022_7821.pdf&tipo=rutaDocm
Concesiones;TRAM. ANTICIPADA.FOM. EMPREND. COLECT 2026. 3ª LINEA. INVERSIONES;CONSEJERÍA ECONOMÍA, HACIENDA Y EMPLEO;883180;SENTINEL INFRAESTRUCTURAS Y TELECOMUNICA;Subvención;07/10/2026;14647,25;https://www.bocm.es/boletin/CM_Orden_BOCM/2024/12/30/BOCM-20241230-20.PDF
Concesiones;FINANCIACION EST-TRAM.ANTIC.2026 LINEA 1_INCENT.CONT.INDEF.PERS.DESEMPL.;CONSEJERÍA ECONOMÍA, HACIENDA Y EMPLEO;877746;NORTEX OUTSOURCING GLOBAL S.L.;Subvención;07/10/2026;14000;https://www.bocm.es/boletin/CM_Orden_BOCM/2024/12/30/BOCM-20241230-21.PDF
Concesiones;Convocatoria 2026 de ayudas a la participación en ferias comerciales con productos agroalimentarios;DEPARTAMENTO DE DESARROLLO RURAL Y MEDIO AMBIENTE;901796;MCA SPAIN SL;Subvención;07/10/2026;13788,89;
Concesiones;TRAM. ANTICIPADA.FOM. EMPREND. COLECT 2026. 3ª LINEA. INVERSIONES;CONSEJERÍA ECONOMÍA, HACIENDA Y EMPLEO;883180;LA COCINA DE RAFA S.L.L.;Subvención;07/10/2026;13696,64;https://www.bocm.es/boletin/CM_Orden_BOCM/2024/12/30/BOCM-20241230-20.PDF
Concesiones;FINANCIACION EST-TRAM.ANTIC.2026 LINEA 1_INCENT.CONT.INDEF.PERS.DESEMPL.;CONSEJERÍA ECONOMÍA, HACIENDA Y EMPLEO;877746;ERANEOS IBERIA SLU;Subvención;07/10/2026;13500;https://www.bocm.es/boletin/CM_Orden_BOCM/2024/12/30/BOCM-20241230-21.PDF
Concesiones;Convocatoria 2026 de ayudas a la participación en ferias comerciales con productos agroalimentarios;DEPARTAMENTO DE DESARROLLO RURAL Y MEDIO AMBIENTE;901796;BODEGAS CAUDALIA SL;Subvención;07/10/2026;13457,92;
Concesiones;Resolución de 26/02/2026, por la que se publican los créditos disponibles, en el ejercicio 2026, para la financiación de las diversas líneas de ayuda previstas en el Decreto 91/2022.;DIRECCIÓN GENERAL DE AUTÓNOMOS, TRABAJO Y ECONOMÍA SOCIAL;890577;COOP. AGROALIMENTARIA C-LM, UNION D;Subvención;07/10/2026;13424,02;https://docm.jccm.es/docm/descargarArchivo.do?ruta=2022/08/23/pdf/2022_7821.pdf&tipo=rutaDocm
Concesiones;FINANCIACION EST-TRAM.ANTIC.2026 LINEA 1_INCENT.CONT.INDEF.PERS.DESEMPL.;CONSEJERÍA ECONOMÍA, HACIENDA Y EMPLEO;877746;ANCORA SERVICIOS INTEGRALES, S.L.;Subvención;07/10/2026;13125;https://www.bocm.es/boletin/CM_Orden_BOCM/2024/12/30/BOCM-20241230-21.PDF
Concesiones;Convocatoria 2026 de ayudas a la participación en ferias comerciales con productos agroalimentarios;DEPARTAMENTO DE DESARROLLO RURAL Y MEDIO AMBIENTE;901796;BODEGAS PAGO DE LARRAINZAR SLU;Subvención;07/10/2026;13087,5;
Concesiones;Convocatoria 2026 de ayudas a la participación en ferias comerciales con productos agroalimentarios;DEPARTAMENTO DE DESARROLLO RURAL Y MEDIO AMBIENTE;901796;PRODUCTOS TREVIJANO SL;Subvención;07/10/2026;12511,86;
Concesiones;FINANCIACION EST-TRAM.ANTIC.2026 LINEA 1_INCENT.CONT.INDEF.PERS.DESEMPL.;CONSEJERÍA ECONOMÍA, HACIENDA Y EMPLEO;877746;VECTOR NAUTICO S.L.;Subvención;07/10/2026;12000;https://www.bocm.es/boletin/CM_Orden_BOCM/2024/12/30/BOCM-20241230-21.PDF
Concesiones;Convocatoria 2026 de ayudas a la participación en ferias comerciales con productos agroalimentarios;DEPARTAMENTO DE DESARROLLO RURAL Y MEDIO AMBIENTE;901796;VIÑEDOS Y BODEGAS ALCONDE SL;Subvención;07/10/2026;11915,25;
Concesiones;Convocatoria 2026 de ayudas a la participación en ferias comerciales con productos agroalimentarios;DEPARTAMENTO DE DESARROLLO RURAL Y MEDIO AMBIENTE;901796;COMPAÑIA VITIVINICOLA TANDEM SA;Subvención;07/10/2026;11811,66;
Concesiones;FINANCIACION EST-TRAM.ANTIC.2026 LINEA 1_INCENT.CONT.INDEF.PERS.DESEMPL.;CONSEJERÍA ECONOMÍA, HACIENDA Y EMPLEO;877746;TRASLADO VIP MADRID, S.L.;Subvención;07/10/2026;11500;https://www.bocm.es/boletin/CM_Orden_BOCM/2024/12/30/BOCM-20241230-21.PDF
Concesiones;Convocatoria 2026 de ayudas a la participación en ferias comerciales con productos agroalimentarios;DEPARTAMENTO DE DESARROLLO RURAL Y MEDIO AMBIENTE;901796;BODEGA MARQUES DE MONTECIERZO SL;Subvención;07/10/2026;11088,75;
Concesiones;Convocatoria 2026 de ayudas a la participación en ferias comerciales con productos agroalimentarios;DEPARTAMENTO DE DESARROLLO RURAL Y MEDIO AMBIENTE;901796;BODEGAS OCHOA SA;Subvención;07/10/2026;10751,42;
Concesiones;Resolución de 22/06/2026, de la Dirección General de Empleo, por la que se publican los créditos disponibles en el ejercicio 2026 para la concesión de las subvenciones reguladas en el Decreto 31/2026, de 16 de junio.;DIRECCIÓN GENERAL DE EMPLEO;914826;BERMETRANS EXPRES 1985, SL;Subvención;07/10/2026;10400;https://docm.jccm.es/docm/descargarArchivo.do?ruta=2026/06/19/pdf/2026_4694.pdf&tipo=rutaDocm
Concesiones;Convocatoria 2026 de ayudas a la participación en ferias comerciales con productos agroalimentarios;DEPARTAMENTO DE DESARROLLO RURAL Y MEDIO AMBIENTE;901796;INBIOLEV SL;Subvención;07/10/2026;10266,46;
Concesiones;TRAM. ANTICIPADA.FOM. EMPREND. COLECT 2026. 3ª LINEA. INVERSIONES;CONSEJERÍA ECONOMÍA, HACIENDA Y EMPLEO;883180;ADEIA, SDAD.COOP.MADRILEÑA;Subvención;07/10/2026;10170,37;https://www.bocm.es/boletin/CM_Orden_BOCM/2024/12/30/BOCM-20241230-20.PDF
Concesiones;C_SUBV_NOM_2026_AYTO_MERIDA_Semana Santa;DIPUTACIÓN PROVINCIAL DE BADAJOZ;934173;MERIDA, AYUNTAMIENTO;Subvención;07/10/2026;10000;http://economia.dip-badajoz.es/presupuestos
Concesiones;Resolución de 03/03/2026, de publicación de créditos en 2026, de las subvenciones previstas en el Decreto 42/2025, para el fomento de la inserción laboral de personas en situación de exclusión social a través de empresas de inserción. Reg. UE 2831;DIRECCIÓN GENERAL DE EMPLEO;891656;SUPERMERCADO ROMERO S.L;Subvención;07/10/2026;10000;https://docm.jccm.es/docm/descargarArchivo.do?ruta=2025/06/09/pdf/2025_4689.pdf&tipo=rutaDocm
Concesiones;Resolución de 03/03/2026, de publicación de créditos en 2026, de las subvenciones previstas en el Decreto 42/2025, para el fomento de la inserción laboral de personas en situación de exclusión social a través de empresas de inserción. Reg. UE 2831;DIRECCIÓN GENERAL DE EMPLEO;891656;PIEDRAS NAT.CARRETERO, SL;Subvención;07/10/2026;10000;https://docm.jccm.es/docm/descargarArchivo.do?ruta=2025/06/09/pdf/2025_4689.pdf&tipo=rutaDocm
Concesiones;Resolución de 03/03/2026, de publicación de créditos en 2026, de las subvenciones previstas en el Decreto 42/2025, para el fomento de la inserción laboral de personas en situación de exclusión social a través de empresas de inserción. Reg. UE 2831;DIRECCIÓN GENERAL DE EMPLEO;891656;PIEDRAS NAT.CARRETERO, SL;Subvención;07/10/2026;10000;https://docm.jccm.es/docm/descargarArchivo.do?ruta=2025/06/09/pdf/2025_4689.pdf&tipo=rutaDocm
Concesiones;Resolución de publicación de créditos para 2026, de las subvenciones previstas en el Decreto 37/2024, para favorecer el pleno empleo y la inclusión social a través del empleo estable y de calidad cofinanciables por el F.S.E. Plus. R. 2023/2831;DIRECCIÓN GENERAL DE EMPLEO;876434;SETAS COCCO, S. COOP DE C-LM;Subvención;07/10/2026;9750;https://docm.jccm.es/docm/descargarArchivo.do?ruta=2024/07/17/pdf/2024_5770.pdf&tipo=rutaDocm
Concesiones;Convocatoria 2026 de ayudas a la participación en ferias comerciales con productos agroalimentarios;DEPARTAMENTO DE DESARROLLO RURAL Y MEDIO AMBIENTE;901796;BRI SA;Subvención;07/10/2026;9727,57;
Concesiones;FINANCIACION EST-TRAM.ANTIC.2026 LINEA 1_INCENT.CONT.INDEF.PERS.DESEMPL.;CONSEJERÍA ECONOMÍA, HACIENDA Y EMPLEO;877746;—;Subvención;07/10/2026;9500;https://www.bocm.es/boletin/CM_Orden_BOCM/2024/12/30/BOCM-20241230-21.PDF
Concesiones;Convocatoria 2026 de ayudas a la participación en ferias comerciales con productos agroalimentarios;DEPARTAMENTO DE DESARROLLO RURAL Y MEDIO AMBIENTE;901796;M. ETXENIKE SA;Subvención;07/10/2026;9464,43;
Concesiones;TALENTIUM EMPRESA. CONVOCATORIA DE SUBVENCIONES DIRIGIDAS A EMPRESAS LOCALES EN MUNICIPIOS MENORES DE 20.000 HAB.;DIPUTACIÓN PROVINCIAL DE JAÉN;918072;—;Subvención;07/10/2026;9400;https://www.dipujaen.es/export/files/transparencia/presupuesto2026/presupuestos2026.html
Concesiones;TALENTIUM EMPRESA. CONVOCATORIA DE SUBVENCIONES DIRIGIDAS A EMPRESAS LOCALES EN MUNICIPIOS MENORES DE 20.000 HAB.;DIPUTACIÓN PROVINCIAL DE JAÉN;918072;—;Subvención;07/10/2026;9400;https://www.dipujaen.es/export/files/transparencia/presupuesto2026/presupuestos2026.html
Concesiones;TALENTIUM EMPRESA. CONVOCATORIA DE SUBVENCIONES DIRIGIDAS A EMPRESAS LOCALES EN MUNICIPIOS MENORES DE 20.000 HAB.;DIPUTACIÓN PROVINCIAL DE JAÉN;918072;LIDERKIT, S.L.;Subvención;07/10/2026;9400;https://www.dipujaen.es/export/files/transparencia/presupuesto2026/presupuestos2026.html
Concesiones;TALENTIUM EMPRESA. CONVOCATORIA DE SUBVENCIONES DIRIGIDAS A EMPRESAS LOCALES EN MUNICIPIOS MENORES DE 20.000 HAB.;DIPUTACIÓN PROVINCIAL DE JAÉN;918072;LIDERKIT, S.L.;Subvención;07/10/2026;9400;https://www.dipujaen.es/export/files/transparencia/presupuesto2026/presupuestos2026.html
Concesiones;Convocatoria 2026 de ayudas a la participación en ferias comerciales con productos agroalimentarios;DEPARTAMENTO DE DESARROLLO RURAL Y MEDIO AMBIENTE;901796;BODEGAS Y VIÑEDOS ALZANIA SL;Subvención;07/10/2026;9366,41;
Concesiones;Convocatoria 2026 de ayudas a la participación en ferias comerciales con productos agroalimentarios;DEPARTAMENTO DE DESARROLLO RURAL Y MEDIO AMBIENTE;901796;LACTEOS GOSHUA SLU;Subvención;07/10/2026;9350,01;
Concesiones;Convocatoria 2026 de ayudas a la participación en ferias comerciales con productos agroalimentarios;DEPARTAMENTO DE DESARROLLO RURAL Y MEDIO AMBIENTE;901796;BERIPAN SL;Subvención;07/10/2026;9158,47;
Concesiones;Convocatoria 2026 de ayudas a la participación en ferias comerciales con productos agroalimentarios;DEPARTAMENTO DE DESARROLLO RURAL Y MEDIO AMBIENTE;901796;PASTAS URRUTIA SL;Subvención;07/10/2026;9153,63;
Concesiones;Convocatoria 2026 de ayudas a la participación en ferias comerciales con productos agroalimentarios;DEPARTAMENTO DE DESARROLLO RURAL Y MEDIO AMBIENTE;901796;KATEALDE ARTESANOS SL;Subvención;07/10/2026;9153,63;
Concesiones;Convocatoria 2026 de ayudas a la participación en ferias comerciales con productos agroalimentarios;DEPARTAMENTO DE DESARROLLO RURAL Y MEDIO AMBIENTE;901796;EL CASERIO SA;Subvención;07/10/2026;9153,63;
Concesiones;Convocatoria 2026 de ayudas a la participación en ferias comerciales con productos agroalimentarios;DEPARTAMENTO DE DESARROLLO RURAL Y MEDIO AMBIENTE;901796;CEBOLLAS MARCHITE SL;Subvención;07/10/2026;9144,21;
Concesiones;Convocatoria 2026 de ayudas a la participación en ferias comerciales con productos agroalimentarios;DEPARTAMENTO DE DESARROLLO RURAL Y MEDIO AMBIENTE;901796;SAT NUMERO 562 NA FRUTAS Y VERDURAS CASTEL RU IZ;Subvención;07/10/2026;9018,21;
Concesiones;Convocatoria 2026 de ayudas a la participación en ferias comerciales con productos agroalimentarios;DEPARTAMENTO DE DESARROLLO RURAL Y MEDIO AMBIENTE;901796;GUMIEL Y MENDIA SL;Subvención;07/10/2026;9018,21;
Concesiones;Convocatoria 2026 de ayudas a la participación en ferias comerciales con productos agroalimentarios;DEPARTAMENTO DE DESARROLLO RURAL Y MEDIO AMBIENTE;901796;AGRICOLA SAN BLAS DE RIBAFORADA SOCIEDAD COOPERATI;Subvención;07/10/2026;9018,21;
Concesiones;Convocatoria 2026 de ayudas a la participación en ferias comerciales con productos agroalimentarios;DEPARTAMENTO DE DESARROLLO RURAL Y MEDIO AMBIENTE;901796;FRUTAS Y HORTALIZAS DE FONTELLAS SL;Subvención;07/10/2026;9018,21;
Concesiones;Convocatoria 2026 de ayudas a la participación en ferias comerciales con productos agroalimentarios;DEPARTAMENTO DE DESARROLLO RURAL Y MEDIO AMBIENTE;901796;SAT AGORRETA 721 NA;Subvención;07/10/2026;9018,21;
Concesiones;Convocatoria 2026 de ayudas a la participación en ferias comerciales con productos agroalimentarios;DEPARTAMENTO DE DESARROLLO RURAL Y MEDIO AMBIENTE;901796;SOLA ONIONS GROUP SL;Subvención;07/10/2026;9018,21;
Concesiones;Convocatoria 2026 de ayudas a la participación en ferias comerciales con productos agroalimentarios;DEPARTAMENTO DE DESARROLLO RURAL Y MEDIO AMBIENTE;901796;SAT NUMERO 424 NA ENDINAVA;Subvención;07/10/2026;9018,21;
Concesiones;FINANCIACION EST-TRAM.ANTIC.2026 LINEA 1_INCENT.CONT.INDEF.PERS.DESEMPL.;CONSEJERÍA ECONOMÍA, HACIENDA Y EMPLEO;877746;CAMBIO FUTURO SL;Subvención;07/10/2026;9000;https://www.bocm.es/boletin/CM_Orden_BOCM/2024/12/30/BOCM-20241230-21.PDF
Concesiones;Orden de 27 de diciembre de 2024, por la que se regulan las bases para la concesión de subvenciones para la puesta en marcha del;DIRECCIÓN GENERAL DE EMPLEO;806376;GRUPO ALIMENTARIO JAVIERY ADRIAN, S;Subvención;07/10/2026;9000;https://docm.jccm.es/docm/descargarArchivo.do?ruta=2025/01/07/pdf/2024_10499.pdf&tipo=rutaDocm
Concesiones;Resolución de 26/12/2025 por la que se aprueba la convocatoria de subvenciones para la realización de proyectos de formación profesional y empleo en el seno de la empresa, Línea 5 Sectorial, para el año 2026. REG (UE) 2023/2831.;DIRECCIÓN GENERAL FORMACIÓN PROFESIONAL EN EL ÁMBITO LABORAL;878664;—;Subvención;07/10/2026;8508;https://docm.jccm.es/docm/descargarArchivo.do?ruta=2024/08/09/pdf/2024_6382.pdf&tipo=rutaDocm
Concesiones;Resolución de 26/12/2025 por la que se aprueba la convocatoria de subvenciones para la realización de proyectos de formación profesional y empleo en el seno de la empresa, Línea 5 Sectorial, para el año 2026. REG (UE) 2023/2831.;DIRECCIÓN GENERAL FORMACIÓN PROFESIONAL EN EL ÁMBITO LABORAL;878664;SOLADOS Y ALICATADOS SANHER, S.L.;Subvención;07/10/2026;8508;https://docm.jccm.es/docm/descargarArchivo.do?ruta=2024/08/09/pdf/2024_6382.pdf&tipo=rutaDocm
Concesiones;Resolución de 26/12/2025 por la que se aprueba la convocatoria de subvenciones para la realización de proyectos de formación profesional y empleo en el seno de la empresa, Línea 5 Sectorial, para el año 2026. REG (UE) 2023/2831.;DIRECCIÓN GENERAL FORMACIÓN PROFESIONAL EN EL ÁMBITO LABORAL;878664;HERMANOS TERRIZA, C.B.;Subvención;07/10/2026;8508;https://docm.jccm.es/docm/descargarArchivo.do?ruta=2024/08/09/pdf/2024_6382.pdf&tipo=rutaDocm
Concesiones;Resolución de 26/12/2025 por la que se aprueba la convocatoria de subvenciones para la realización de proyectos de formación profesional y empleo en el seno de la empresa, Línea 5 Sectorial, para el año 2026. REG (UE) 2023/2831.;DIRECCIÓN GENERAL FORMACIÓN PROFESIONAL EN EL ÁMBITO LABORAL;878664;CONSTRUCCIONES JEDAMASE, S.L.;Subvención;07/10/2026;8508;https://docm.jccm.es/docm/descargarArchivo.do?ruta=2024/08/09/pdf/2024_6382.pdf&tipo=rutaDocm
Concesiones;Resolución de 26/12/2025 por la que se aprueba la convocatoria de subvenciones para la realización de proyectos de formación profesional y empleo en el seno de la empresa, Línea 5 Sectorial, para el año 2026. REG (UE) 2023/2831.;DIRECCIÓN GENERAL FORMACIÓN PROFESIONAL EN EL ÁMBITO LABORAL;878664;—;Subvención;07/10/2026;8508;https://docm.jccm.es/docm/descargarArchivo.do?ruta=2024/08/09/pdf/2024_6382.pdf&tipo=rutaDocm
Concesiones;Resolución de 26/12/2025 por la que se aprueba la convocatoria de subvenciones para la realización de proyectos de formación profesional y empleo en el seno de la empresa, Línea 5 Sectorial, para el año 2026. REG (UE) 2023/2831.;DIRECCIÓN GENERAL FORMACIÓN PROFESIONAL EN EL ÁMBITO LABORAL;878664;—;Subvención;07/10/2026;8508;https://docm.jccm.es/docm/descargarArchivo.do?ruta=2024/08/09/pdf/2024_6382.pdf&tipo=rutaDocm
Concesiones;Resolución de 26/12/2025 por la que se aprueba la convocatoria de subvenciones para la realización de proyectos de formación profesional y empleo en el seno de la empresa, Línea 5 Sectorial, para el año 2026. REG (UE) 2023/2831.;DIRECCIÓN GENERAL FORMACIÓN PROFESIONAL EN EL ÁMBITO LABORAL;878664;IBERSERVICIOS 2019, S.L.;Subvención;07/10/2026;8508;https://docm.jccm.es/docm/descargarArchivo.do?ruta=2024/08/09/pdf/2024_6382.pdf&tipo=rutaDocm
Concesiones;Resolución de 26/12/2025 por la que se aprueba la convocatoria de subvenciones para la realización de proyectos de formación profesional y empleo en el seno de la empresa, Línea 5 Sectorial, para el año 2026. REG (UE) 2023/2831.;DIRECCIÓN GENERAL FORMACIÓN PROFESIONAL EN EL ÁMBITO LABORAL;878664;FERNÁNDEZ INFANTES INGENIERÍA Y CON;Subvención;07/10/2026;8508;https://docm.jccm.es/docm/descargarArchivo.do?ruta=2024/08/09/pdf/2024_6382.pdf&tipo=rutaDocm
Concesiones;Resolución de 26/12/2025 por la que se aprueba la convocatoria de subvenciones para la realización de proyectos de formación profesional y empleo en el seno de la empresa, Línea 5 Sectorial, para el año 2026. REG (UE) 2023/2831.;DIRECCIÓN GENERAL FORMACIÓN PROFESIONAL EN EL ÁMBITO LABORAL;878664;DEMOLICIONES Y EXCAVACI MOYA SLU;Subvención;07/10/2026;8508;https://docm.jccm.es/docm/descargarArchivo.do?ruta=2024/08/09/pdf/2024_6382.pdf&tipo=rutaDocm
Concesiones;FINANCIACION EST-TRAM.ANTIC.2026 LINEA 1_INCENT.CONT.INDEF.PERS.DESEMPL.;CONSEJERÍA ECONOMÍA, HACIENDA Y EMPLEO;877746;FABRICADOS DE COCINA POR ELEMENTOS SL;Subvención;07/10/2026;8500;https://www.bocm.es/boletin/CM_Orden_BOCM/2024/12/30/BOCM-20241230-21.PDF
Concesiones;FINANCIACION EST-TRAM.ANTIC.2026 LINEA 1_INCENT.CONT.INDEF.PERS.DESEMPL.;CONSEJERÍA ECONOMÍA, HACIENDA Y EMPLEO;877746;SALACAR SILVA SLU;Subvención;07/10/2026;8500;https://www.bocm.es/boletin/CM_Orden_BOCM/2024/12/30/BOCM-20241230-21.PDF
Concesiones;FINANCIACION EST-TRAM.ANTIC.2026 LINEA 1_INCENT.CONT.INDEF.PERS.DESEMPL.;CONSEJERÍA ECONOMÍA, HACIENDA Y EMPLEO;877746;OMIRA DESARROLLOS URBANOS, S.L.;Subvención;07/10/2026;8500;https://www.bocm.es/boletin/CM_Orden_BOCM/2024/12/30/BOCM-20241230-21.PDF
Concesiones;CONVENIO DE COLABORACIÓN ENTRE EL INSTITUTO ARAGONÉS DE LA MUJER Y LA COMARCA DE LAS CINCO VILLAS PARA LA GESTIÓN DE UN INMUEBLE DESTINADO A VIVIENDA TUTELADA PARA MUJERES VICTIMAS DE VIOLENCIAS CONTRA LA MUJER.;INSTITUTO ARAGONÉS DE LA MUJER (IAM);919151;COMARCA DE CINCO VILLAS;Subvención;07/10/2026;8400;https://www.boe.es/buscar/doc.php?id=BOE-A-2023-12919
Concesiones;Resolución de 26/02/2026, por la que se publican los créditos disponibles, en el ejercicio 2026, para la financiación de las diversas líneas de ayuda previstas en el Decreto 91/2022.;DIRECCIÓN GENERAL DE AUTÓNOMOS, TRABAJO Y ECONOMÍA SOCIAL;890577;DYX-ARTE, S. MICOROCOOP. DE CLM ALM;Subvención;07/10/2026;8400;https://docm.jccm.es/docm/descargarArchivo.do?ruta=2022/08/23/pdf/2022_7821.pdf&tipo=rutaDocm
Concesiones;SUBVENCION NOMINATIVA COMERCIO_ASOCIACION EL CENTRO MOLA 2026;AYUNTAMIENTO DE PONFERRADA;934141;EL CENTRO MOLA;Subvención;07/10/2026;8000;"http://www.dipuleon.es/frontdipuleon/bopSearchAction.do;jsessionid=B27D0DA15F3F92177555E6D966E5E48C?fromDay=5&fromMonth=2&fromYear=2005&toDay=5&toMonth=2&toYear=2005&numBulletin=&allSearchField=&action=viewCategory&idCategoryToShow=5790"
Concesiones;FINANCIACION EST-TRAM.ANTIC.2026 LINEA 1_INCENT.CONT.INDEF.PERS.DESEMPL.;CONSEJERÍA ECONOMÍA, HACIENDA Y EMPLEO;877746;CALIQUA, S.A.;Subvención;07/10/2026;8000;https://www.bocm.es/boletin/CM_Orden_BOCM/2024/12/30/BOCM-20241230-21.PDF
Concesiones;FINANCIACION EST-TRAM.ANTIC.2026 LINEA 1_INCENT.CONT.INDEF.PERS.DESEMPL.;CONSEJERÍA ECONOMÍA, HACIENDA Y EMPLEO;877746;SOLUCIONES OPERATIVAS TECNOLOGICAS A MED;Subvención;07/10/2026;8000;https://www.bocm.es/boletin/CM_Orden_BOCM/2024/12/30/BOCM-20241230-21.PDF
Concesiones;FINANCIACION EST-TRAM.ANTIC.2026 LINEA 1_INCENT.CONT.INDEF.PERS.DESEMPL.;CONSEJERÍA ECONOMÍA, HACIENDA Y EMPLEO;877746;INTERSAL Y SERNUMAN, S.L.;Subvención;07/10/2026;8000;https://www.bocm.es/boletin/CM_Orden_BOCM/2024/12/30/BOCM-20241230-21.PDF
Concesiones;FINANCIACION EST-TRAM.ANTIC.2026 LINEA 1_INCENT.CONT.INDEF.PERS.DESEMPL.;CONSEJERÍA ECONOMÍA, HACIENDA Y EMPLEO;877746;CUPATENA SERVICIOS Y GESTIONES SL;Subvención;07/10/2026;8000;https://www.bocm.es/boletin/CM_Orden_BOCM/2024/12/30/BOCM-20241230-21.PDF
Concesiones;FINANCIACION EST-TRAM.ANTIC.2026 LINEA 1_INCENT.CONT.INDEF.PERS.DESEMPL.;CONSEJERÍA ECONOMÍA, HACIENDA Y EMPLEO;877746;INSTALACIONES JORALO;Subvención;07/10/2026;8000;https://www.bocm.es/boletin/CM_Orden_BOCM/2024/12/30/BOCM-20241230-21.PDF
Concesiones;FINANCIACION EST-TRAM.ANTIC.2026 LINEA 1_INCENT.CONT.INDEF.PERS.DESEMPL.;CONSEJERÍA ECONOMÍA, HACIENDA Y EMPLEO;877746;EMS ELECTRO MEDICAL SYSTEMS ESPAÑA SL;Subvención;07/10/2026;8000;https://www.bocm.es/boletin/CM_Orden_BOCM/2024/12/30/BOCM-20241230-21.PDF
Concesiones;FINANCIACION EST-TRAM.ANTIC.2026 LINEA 1_INCENT.CONT.INDEF.PERS.DESEMPL.;CONSEJERÍA ECONOMÍA, HACIENDA Y EMPLEO;877746;—;Subvención;07/10/2026;8000;https://www.bocm.es/boletin/CM_Orden_BOCM/2024/12/30/BOCM-20241230-21.PDF
Concesiones;FINANCIACION EST-TRAM.ANTIC.2026 LINEA 1_INCENT.CONT.INDEF.PERS.DESEMPL.;CONSEJERÍA ECONOMÍA, HACIENDA Y EMPLEO;877746;INFINITE HOPE S.L.;Subvención;07/10/2026;8000;https://www.bocm.es/boletin/CM_Orden_BOCM/2024/12/30/BOCM-20241230-21.PDF
Concesiones;FINANCIACION EST-TRAM.ANTIC.2026 LINEA 1_INCENT.CONT.INDEF.PERS.DESEMPL.;CONSEJERÍA ECONOMÍA, HACIENDA Y EMPLEO;877746;LIBER DIGITAL SL;Subvención;07/10/2026;8000;https://www.bocm.es/boletin/CM_Orden_BOCM/2024/12/30/BOCM-20241230-21.PDF
Concesiones;FINANCIACION EST-TRAM.ANTIC.2026 LINEA 1_INCENT.CONT.INDEF.PERS.DESEMPL.;CONSEJERÍA ECONOMÍA, HACIENDA Y EMPLEO;877746;CHORPOS, S.L.;Subvención;07/10/2026;8000;https://www.bocm.es/boletin/CM_Orden_BOCM/2024/12/30/BOCM-20241230-21.PDF
Concesiones;FINANCIACION EST-TRAM.ANTIC.2026 LINEA 1_INCENT.CONT.INDEF.PERS.DESEMPL.;CONSEJERÍA ECONOMÍA, HACIENDA Y EMPLEO;877746;DONNA FORTUNATA, SOCIEDAD LIMITADA;Subvención;07/10/2026;8000;https://www.bocm.es/boletin/CM_Orden_BOCM/2024/12/30/BOCM-20241230-21.PDF
Concesiones;FINANCIACION EST-TRAM.ANTIC.2026 LINEA 1_INCENT.CONT.INDEF.PERS.DESEMPL.;CONSEJERÍA ECONOMÍA, HACIENDA Y EMPLEO;877746;PUERTALUZ, S.L.;Subvención;07/10/2026;8000;https://www.bocm.es/boletin/CM_Orden_BOCM/2024/12/30/BOCM-20241230-21.PDF
Concesiones;FINANCIACION EST-TRAM.ANTIC.2026 LINEA 1_INCENT.CONT.INDEF.PERS.DESEMPL.;CONSEJERÍA ECONOMÍA, HACIENDA Y EMPLEO;877746;TRANSPORTES NEVUCA, S.L.;Subvención;07/10/2026;8000;https://www.bocm.es/boletin/CM_Orden_BOCM/2024/12/30/BOCM-20241230-21.PDF
Concesiones;FINANCIACION EST-TRAM.ANTIC.2026 LINEA 1_INCENT.CONT.INDEF.PERS.DESEMPL.;CONSEJERÍA ECONOMÍA, HACIENDA Y EMPLEO;877746;—;Subvención;07/10/2026;8000;https://www.bocm.es/boletin/CM_Orden_BOCM/2024/12/30/BOCM-20241230-21.PDF
Concesiones;FINANCIACION EST-TRAM.ANTIC.2026 LINEA 1_INCENT.CONT.INDEF.PERS.DESEMPL.;CONSEJERÍA ECONOMÍA, HACIENDA Y EMPLEO;877746;ASOC. LA FRONTERA;Subvención;07/10/2026;8000;https://www.bocm.es/boletin/CM_Orden_BOCM/2024/12/30/BOCM-20241230-21.PDF
Concesiones;FINANCIACION EST-TRAM.ANTIC.2026 LINEA 1_INCENT.CONT.INDEF.PERS.DESEMPL.;CONSEJERÍA ECONOMÍA, HACIENDA Y EMPLEO;877746;—;Subvención;07/10/2026;8000;https://www.bocm.es/boletin/CM_Orden_BOCM/2024/12/30/BOCM-20241230-21.PDF
Concesiones;FINANCIACION EST-TRAM.ANTIC.2026 LINEA 1_INCENT.CONT.INDEF.PERS.DESEMPL.;CONSEJERÍA ECONOMÍA, HACIENDA Y EMPLEO;877746;ISABEL DE FRUTOS GONZALO SL;Subvención;07/10/2026;8000;https://www.bocm.es/boletin/CM_Orden_BOCM/2024/12/30/BOCM-20241230-21.PDF
Concesiones;FINANCIACION EST-TRAM.ANTIC.2026 LINEA 1_INCENT.CONT.INDEF.PERS.DESEMPL.;CONSEJERÍA ECONOMÍA, HACIENDA Y EMPLEO;877746;SOLERA DENTAL SL;Subvención;07/10/2026;8000;https://www.bocm.es/boletin/CM_Orden_BOCM/2024/12/30/BOCM-20241230-21.PDF
Concesiones;FINANCIACION EST-TRAM.ANTIC.2026 LINEA 1_INCENT.CONT.INDEF.PERS.DESEMPL.;CONSEJERÍA ECONOMÍA, HACIENDA Y EMPLEO;877746;—;Subvención;07/10/2026;8000;https://www.bocm.es/boletin/CM_Orden_BOCM/2024/12/30/BOCM-20241230-21.PDF
Concesiones;FINANCIACION EST-TRAM.ANTIC.2026 LINEA 1_INCENT.CONT.INDEF.PERS.DESEMPL.;CONSEJERÍA ECONOMÍA, HACIENDA Y EMPLEO;877746;CAS TRAINING S.L.;Subvención;07/10/2026;8000;https://www.bocm.es/boletin/CM_Orden_BOCM/2024/12/30/BOCM-20241230-21.PDF
Concesiones;FINANCIACION EST-TRAM.ANTIC.2026 LINEA 1_INCENT.CONT.INDEF.PERS.DESEMPL.;CONSEJERÍA ECONOMÍA, HACIENDA Y EMPLEO;877746;SERVIGUIDE BPO, S.L.;Subvención;07/10/2026;8000;https://www.bocm.es/boletin/CM_Orden_BOCM/2024/12/30/BOCM-20241230-21.PDF
Concesiones;FINANCIACION EST-TRAM.ANTIC.2026 LINEA 1_INCENT.CONT.INDEF.PERS.DESEMPL.;CONSEJERÍA ECONOMÍA, HACIENDA Y EMPLEO;877746;ASESORIA INTEGRAL 360 FLC SL;Subvención;07/10/2026;8000;https://www.bocm.es/boletin/CM_Orden_BOCM/2024/12/30/BOCM-20241230-21.PDF
Concesiones;FINANCIACION EST-TRAM.ANTIC.2026 LINEA 1_INCENT.CONT.INDEF.PERS.DESEMPL.;CONSEJERÍA ECONOMÍA, HACIENDA Y EMPLEO;877746;CIRCULO CONVIVENCIAL LIMITE (CIRVITE);Subvención;07/10/2026;8000;https://www.bocm.es/boletin/CM_Orden_BOCM/2024/12/30/BOCM-20241230-21.PDF
Concesiones;FINANCIACION EST-TRAM.ANTIC.2026 LINEA 1_INCENT.CONT.INDEF.PERS.DESEMPL.;CONSEJERÍA ECONOMÍA, HACIENDA Y EMPLEO;877746;DN MUEBLES E INTERIORES, S.L;Subvención;07/10/2026;8000;https://www.bocm.es/boletin/CM_Orden_BOCM/2024/12/30/BOCM-20241230-21.PDF
Concesiones;FINANCIACION EST-TRAM.ANTIC.2026 LINEA 1_INCENT.CONT.INDEF.PERS.DESEMPL.;CONSEJERÍA ECONOMÍA, HACIENDA Y EMPLEO;877746;CONCUIDADO SUMA Y SIGUE SL;Subvención;07/10/2026;8000;https://www.bocm.es/boletin/CM_Orden_BOCM/2024/12/30/BOCM-20241230-21.PDF
Concesiones;FINANCIACION EST-TRAM.ANTIC.2026 LINEA 1_INCENT.CONT.INDEF.PERS.DESEMPL.;CONSEJERÍA ECONOMÍA, HACIENDA Y EMPLEO;877746;—;Subvención;07/10/2026;8000;https://www.bocm.es/boletin/CM_Orden_BOCM/2024/12/30/BOCM-20241230-21.PDF
Concesiones;FINANCIACION EST-TRAM.ANTIC.2026 LINEA 1_INCENT.CONT.INDEF.PERS.DESEMPL.;CONSEJERÍA ECONOMÍA, HACIENDA Y EMPLEO;877746;AIR TRAVEL MANAGEMENT, S.L.;Subvención;07/10/2026;8000;https://www.bocm.es/boletin/CM_Orden_BOCM/2024/12/30/BOCM-20241230-21.PDF
Concesiones;FINANCIACION EST-TRAM.ANTIC.2026 LINEA 1_INCENT.CONT.INDEF.PERS.DESEMPL.;CONSEJERÍA ECONOMÍA, HACIENDA Y EMPLEO;877746;SERCON UNIDAD DE SERVICIOS INTEGRALES SL;Subvención;07/10/2026;8000;https://www.bocm.es/boletin/CM_Orden_BOCM/2024/12/30/BOCM-20241230-21.PDF
Concesiones;FINANCIACION EST-TRAM.ANTIC.2026 LINEA 1_INCENT.CONT.INDEF.PERS.DESEMPL.;CONSEJERÍA ECONOMÍA, HACIENDA Y EMPLEO;877746;MIGA TRAS MIGA, S.L.;Subvención;07/10/2026;8000;https://www.bocm.es/boletin/CM_Orden_BOCM/2024/12/30/BOCM-20241230-21.PDF
Concesiones;FINANCIACION EST-TRAM.ANTIC.2026 LINEA 1_INCENT.CONT.INDEF.PERS.DESEMPL.;CONSEJERÍA ECONOMÍA, HACIENDA Y EMPLEO;877746;—;Subvención;07/10/2026;8000;https://www.bocm.es/boletin/CM_Orden_BOCM/2024/12/30/BOCM-20241230-21.PDF
Concesiones;FINANCIACION EST-TRAM.ANTIC.2026 LINEA 1_INCENT.CONT.INDEF.PERS.DESEMPL.;CONSEJERÍA ECONOMÍA, HACIENDA Y EMPLEO;877746;—;Subvención;07/10/2026;8000;https://www.bocm.es/boletin/CM_Orden_BOCM/2024/12/30/BOCM-20241230-21.PDF
Concesiones;FINANCIACION EST-TRAM.ANTIC.2026 LINEA 1_INCENT.CONT.INDEF.PERS.DESEMPL.;CONSEJERÍA ECONOMÍA, HACIENDA Y EMPLEO;877746;CRESPO & FRAGA ASESORES S.L;Subvención;07/10/2026;8000;https://www.bocm.es/boletin/CM_Orden_BOCM/2024/12/30/BOCM-20241230-21.PDF
Concesiones;FINANCIACION EST-TRAM.ANTIC.2026 LINEA 1_INCENT.CONT.INDEF.PERS.DESEMPL.;CONSEJERÍA ECONOMÍA, HACIENDA Y EMPLEO;877746;ANGEL GARCIA CRUZ ASESORIA DE EMPRESAS S;Subvención;07/10/2026;8000;https://www.bocm.es/boletin/CM_Orden_BOCM/2024/12/30/BOCM-20241230-21.PDF
Concesiones;FINANCIACION EST-TRAM.ANTIC.2026 LINEA 1_INCENT.CONT.INDEF.PERS.DESEMPL.;CONSEJERÍA ECONOMÍA, HACIENDA Y EMPLEO;877746;—;Subvención;07/10/2026;8000;https://www.bocm.es/boletin/CM_Orden_BOCM/2024/12/30/BOCM-20241230-21.PDF
Concesiones;FINANCIACION EST-TRAM.ANTIC.2026 LINEA 1_INCENT.CONT.INDEF.PERS.DESEMPL.;CONSEJERÍA ECONOMÍA, HACIENDA Y EMPLEO;877746;—;Subvención;07/10/2026;8000;https://www.bocm.es/boletin/CM_Orden_BOCM/2024/12/30/BOCM-20241230-21.PDF
Concesiones;FINANCIACION EST-TRAM.ANTIC.2026 LINEA 1_INCENT.CONT.INDEF.PERS.DESEMPL.;CONSEJERÍA ECONOMÍA, HACIENDA Y EMPLEO;877746;SLJ ABOGADOS ASOCIADOS S.L.P.;Subvención;07/10/2026;8000;https://www.bocm.es/boletin/CM_Orden_BOCM/2024/12/30/BOCM-20241230-21.PDF
Concesiones;FINANCIACION EST-TRAM.ANTIC.2026 LINEA 1_INCENT.CONT.INDEF.PERS.DESEMPL.;CONSEJERÍA ECONOMÍA, HACIENDA Y EMPLEO;877746;—;Subvención;07/10/2026;8000;https://www.bocm.es/boletin/CM_Orden_BOCM/2024/12/30/BOCM-20241230-21.PDF
Concesiones;FINANCIACION EST-TRAM.ANTIC.2026 LINEA 1_INCENT.CONT.INDEF.PERS.DESEMPL.;CONSEJERÍA ECONOMÍA, HACIENDA Y EMPLEO;877746;SCIENCE & INNOVATION LINK OFFICE, S.L.;Subvención;07/10/2026;8000;https://www.bocm.es/boletin/CM_Orden_BOCM/2024/12/30/BOCM-20241230-21.PDF
Concesiones;FINANCIACION EST-TRAM.ANTIC.2026 LINEA 1_INCENT.CONT.INDEF.PERS.DESEMPL.;CONSEJERÍA ECONOMÍA, HACIENDA Y EMPLEO;877746;HENNEO CORPORACION EDITORIAL SLU;Subvención;07/10/2026;8000;https://www.bocm.es/boletin/CM_Orden_BOCM/2024/12/30/BOCM-20241230-21.PDF
Concesiones;FINANCIACION EST-TRAM.ANTIC.2026 LINEA 1_INCENT.CONT.INDEF.PERS.DESEMPL.;CONSEJERÍA ECONOMÍA, HACIENDA Y EMPLEO;877746;DEAL II, S.L.;Subvención;07/10/2026;8000;https://www.bocm.es/boletin/CM_Orden_BOCM/2024/12/30/BOCM-20241230-21.PDF
Concesiones;FINANCIACION EST-TRAM.ANTIC.2026 LINEA 1_INCENT.CONT.INDEF.PERS.DESEMPL.;CONSEJERÍA ECONOMÍA, HACIENDA Y EMPLEO;877746;—;Subvención;07/10/2026;8000;https://www.bocm.es/boletin/CM_Orden_BOCM/2024/12/30/BOCM-20241230-21.PDF
Concesiones;FINANCIACION EST-TRAM.ANTIC.2026 LINEA 1_INCENT.CONT.INDEF.PERS.DESEMPL.;CONSEJERÍA ECONOMÍA, HACIENDA Y EMPLEO;877746;CAFETERIA LOS LLANOS S.L.;Subvención;07/10/2026;8000;https://www.bocm.es/boletin/CM_Orden_BOCM/2024/12/30/BOCM-20241230-21.PDF
Concesiones;FINANCIACION EST-TRAM.ANTIC.2026 LINEA 1_INCENT.CONT.INDEF.PERS.DESEMPL.;CONSEJERÍA ECONOMÍA, HACIENDA Y EMPLEO;877746;CONTENT FLOW STUDIOS, S.L;Subvención;07/10/2026;8000;https://www.bocm.es/boletin/CM_Orden_BOCM/2024/12/30/BOCM-20241230-21.PDF
Concesiones;Resolución de 22/06/2026, de la Dirección General de Empleo, por la que se publican los créditos disponibles en el ejercicio 2026 para la concesión de las subvenciones reguladas en el Decreto 31/2026, de 16 de junio.;DIRECCIÓN GENERAL DE EMPLEO;914826;ORGANIZACION NAC. CIEGOS ESP. ONCE;Subvención;07/10/2026;8000;https://docm.jccm.es/docm/descargarArchivo.do?ruta=2026/06/19/pdf/2026_4694.pdf&tipo=rutaDocm
Concesiones;Resolución de 22/06/2026, de la Dirección General de Empleo, por la que se publican los créditos disponibles en el ejercicio 2026 para la concesión de las subvenciones reguladas en el Decreto 31/2026, de 16 de junio.;DIRECCIÓN GENERAL DE EMPLEO;914826;ORGANIZACION NAC. CIEGOS ESP. ONCE;Subvención;07/10/2026;8000;https://docm.jccm.es/docm/descargarArchivo.do?ruta=2026/06/19/pdf/2026_4694.pdf&tipo=rutaDocm
Concesiones;Convocatoria 2026 de ayudas a la participación en ferias comerciales con productos agroalimentarios;DEPARTAMENTO DE DESARROLLO RURAL Y MEDIO AMBIENTE;901796;BODEGAS CAMINO DEL VILLAR SL;Subvención;07/10/2026;7874,57;
Concesiones;Convocatoria 2026 de ayudas a la participación en ferias comerciales con productos agroalimentarios;DEPARTAMENTO DE DESARROLLO RURAL Y MEDIO AMBIENTE;901796;CAVIAR PIRINEA SL;Subvención;07/10/2026;7806,86;
Concesiones;Convocatoria 2026 de ayudas a la participación en ferias comerciales con productos agroalimentarios;DEPARTAMENTO DE DESARROLLO RURAL Y MEDIO AMBIENTE;901796;INTERMEAT 2 SA;Subvención;07/10/2026;7800;
Concesiones;Convocatoria 2026 de ayudas a la participación en ferias comerciales con productos agroalimentarios;DEPARTAMENTO DE DESARROLLO RURAL Y MEDIO AMBIENTE;901796;GUERINDA 2010 SL;Subvención;07/10/2026;7565,73;
Concesiones;FINANCIACION EST-TRAM.ANTIC.2026 LINEA 1_INCENT.CONT.INDEF.PERS.DESEMPL.;CONSEJERÍA ECONOMÍA, HACIENDA Y EMPLEO;877746;ALAREA. S-L-;Subvención;07/10/2026;7500;https://www.bocm.es/boletin/CM_Orden_BOCM/2024/12/30/BOCM-20241230-21.PDF
Concesiones;FINANCIACION EST-TRAM.ANTIC.2026 LINEA 1_INCENT.CONT.INDEF.PERS.DESEMPL.;CONSEJERÍA ECONOMÍA, HACIENDA Y EMPLEO;877746;ABARCA ANALISIS Y ESTRATEGIA S.L.;Subvención;07/10/2026;7500;https://www.bocm.es/boletin/CM_Orden_BOCM/2024/12/30/BOCM-20241230-21.PDF
Concesiones;FINANCIACION EST-TRAM.ANTIC.2026 LINEA 1_INCENT.CONT.INDEF.PERS.DESEMPL.;CONSEJERÍA ECONOMÍA, HACIENDA Y EMPLEO;877746;FERNANDO JIMENEZ INSTALACIONES SL;Subvención;07/10/2026;7500;https://www.bocm.es/boletin/CM_Orden_BOCM/2024/12/30/BOCM-20241230-21.PDF
Concesiones;FINANCIACION EST-TRAM.ANTIC.2026 LINEA 1_INCENT.CONT.INDEF.PERS.DESEMPL.;CONSEJERÍA ECONOMÍA, HACIENDA Y EMPLEO;877746;MIDAS SILENCIADOR S.L.;Subvención;07/10/2026;7500;https://www.bocm.es/boletin/CM_Orden_BOCM/2024/12/30/BOCM-20241230-21.PDF
Concesiones;FINANCIACION EST-TRAM.ANTIC.2026 LINEA 1_INCENT.CONT.INDEF.PERS.DESEMPL.;CONSEJERÍA ECONOMÍA, HACIENDA Y EMPLEO;877746;AUTOESCUELA HELGUERA, S.L.;Subvención;07/10/2026;7500;https://www.bocm.es/boletin/CM_Orden_BOCM/2024/12/30/BOCM-20241230-21.PDF
Concesiones;FINANCIACION EST-TRAM.ANTIC.2026 LINEA 1_INCENT.CONT.INDEF.PERS.DESEMPL.;CONSEJERÍA ECONOMÍA, HACIENDA Y EMPLEO;877746;SUPERKIT DISTRIBUCIONES, S.A.;Subvención;07/10/2026;7500;https://www.bocm.es/boletin/CM_Orden_BOCM/2024/12/30/BOCM-20241230-21.PDF
Concesiones;FINANCIACION EST-TRAM.ANTIC.2026 LINEA 1_INCENT.CONT.INDEF.PERS.DESEMPL.;CONSEJERÍA ECONOMÍA, HACIENDA Y EMPLEO;877746;JAMONES HUSAN DE SALAMANCA, S.L.;Subvención;07/10/2026;7500;https://www.bocm.es/boletin/CM_Orden_BOCM/2024/12/30/BOCM-20241230-21.PDF
Concesiones;FINANCIACION EST-TRAM.ANTIC.2026 LINEA 1_INCENT.CONT.INDEF.PERS.DESEMPL.;CONSEJERÍA ECONOMÍA, HACIENDA Y EMPLEO;877746;AUTOESCUELA GARLU, S.L.;Subvención;07/10/2026;7500;https://www.bocm.es/boletin/CM_Orden_BOCM/2024/12/30/BOCM-20241230-21.PDF
Concesiones;FINANCIACION EST-TRAM.ANTIC.2026 LINEA 1_INCENT.CONT.INDEF.PERS.DESEMPL.;CONSEJERÍA ECONOMÍA, HACIENDA Y EMPLEO;877746;DUPLEX ELEVACION S.L.;Subvención;07/10/2026;7500;https://www.bocm.es/boletin/CM_Orden_BOCM/2024/12/30/BOCM-20241230-21.PDF
Concesiones;FINANCIACION EST-TRAM.ANTIC.2026 LINEA 1_INCENT.CONT.INDEF.PERS.DESEMPL.;CONSEJERÍA ECONOMÍA, HACIENDA Y EMPLEO;877746;VILAGALLO RETAIL, S.L;Subvención;07/10/2026;7500;https://www.bocm.es/boletin/CM_Orden_BOCM/2024/12/30/BOCM-20241230-21.PDF
Concesiones;FINANCIACION EST-TRAM.ANTIC.2026 LINEA 1_INCENT.CONT.INDEF.PERS.DESEMPL.;CONSEJERÍA ECONOMÍA, HACIENDA Y EMPLEO;877746;AUTOS CIBELES SOCIEDAD COOPERATIVA;Subvención;07/10/2026;7500;https://www.bocm.es/boletin/CM_Orden_BOCM/2024/12/30/BOCM-20241230-21.PDF
Concesiones;FINANCIACION EST-TRAM.ANTIC.2026 LINEA 1_INCENT.CONT.INDEF.PERS.DESEMPL.;CONSEJERÍA ECONOMÍA, HACIENDA Y EMPLEO;877746;TRACERIG, SOCIEDAD LIMITADA;Subvención;07/10/2026;7500;https://www.bocm.es/boletin/CM_Orden_BOCM/2024/12/30/BOCM-20241230-21.PDF
Concesiones;FINANCIACION EST-TRAM.ANTIC.2026 LINEA 1_INCENT.CONT.INDEF.PERS.DESEMPL.;CONSEJERÍA ECONOMÍA, HACIENDA Y EMPLEO;877746;MANTEFINCO, S.L.;Subvención;07/10/2026;7500;https://www.bocm.es/boletin/CM_Orden_BOCM/2024/12/30/BOCM-20241230-21.PDF
Concesiones;FINANCIACION EST-TRAM.ANTIC.2026 LINEA 1_INCENT.CONT.INDEF.PERS.DESEMPL.;CONSEJERÍA ECONOMÍA, HACIENDA Y EMPLEO;877746;CAMINO DE FLORES S.L.;Subvención;07/10/2026;7500;https://www.bocm.es/boletin/CM_Orden_BOCM/2024/12/30/BOCM-20241230-21.PDF
Concesiones;FINANCIACION EST-TRAM.ANTIC.2026 LINEA 1_INCENT.CONT.INDEF.PERS.DESEMPL.;CONSEJERÍA ECONOMÍA, HACIENDA Y EMPLEO;877746;IGLESIA BIBLICA RETO A LA ESPERANZA;Subvención;07/10/2026;7500;https://www.bocm.es/boletin/CM_Orden_BOCM/2024/12/30/BOCM-20241230-21.PDF
Concesiones;FINANCIACION EST-TRAM.ANTIC.2026 LINEA 1_INCENT.CONT.INDEF.PERS.DESEMPL.;CONSEJERÍA ECONOMÍA, HACIENDA Y EMPLEO;877746;INTEGRAL EDIFICA Y REHABILITA SL;Subvención;07/10/2026;7500;https://www.bocm.es/boletin/CM_Orden_BOCM/2024/12/30/BOCM-20241230-21.PDF
Concesiones;FINANCIACION EST-TRAM.ANTIC.2026 LINEA 1_INCENT.CONT.INDEF.PERS.DESEMPL.;CONSEJERÍA ECONOMÍA, HACIENDA Y EMPLEO;877746;SERCON EXTERNALIZACION DE SERVICIOS SL;Subvención;07/10/2026;7500;https://www.bocm.es/boletin/CM_Orden_BOCM/2024/12/30/BOCM-20241230-21.PDF
Concesiones;FINANCIACION EST-TRAM.ANTIC.2026 LINEA 1_INCENT.CONT.INDEF.PERS.DESEMPL.;CONSEJERÍA ECONOMÍA, HACIENDA Y EMPLEO;877746;GREEN PULSE BUILDING, SL;Subvención;07/10/2026;7500;https://www.bocm.es/boletin/CM_Orden_BOCM/2024/12/30/BOCM-20241230-21.PDF
Concesiones;FINANCIACION EST-TRAM.ANTIC.2026 LINEA 1_INCENT.CONT.INDEF.PERS.DESEMPL.;CONSEJERÍA ECONOMÍA, HACIENDA Y EMPLEO;877746;MONTAJES ELECTRICOS G&CH SL;Subvención;07/10/2026;7500;https://www.bocm.es/boletin/CM_Orden_BOCM/2024/12/30/BOCM-20241230-21.PDF
Concesiones;FINANCIACION EST-TRAM.ANTIC.2026 LINEA 1_INCENT.CONT.INDEF.PERS.DESEMPL.;CONSEJERÍA ECONOMÍA, HACIENDA Y EMPLEO;877746;MELANWORKS S.L.;Subvención;07/10/2026;7500;https://www.bocm.es/boletin/CM_Orden_BOCM/2024/12/30/BOCM-20241230-21.PDF
Concesiones;FINANCIACION EST-TRAM.ANTIC.2026 LINEA 1_INCENT.CONT.INDEF.PERS.DESEMPL.;CONSEJERÍA ECONOMÍA, HACIENDA Y EMPLEO;877746;DESESCOMBRADOS Y DERRIBOS PABLITO, SL;Subvención;07/10/2026;7500;https://www.bocm.es/boletin/CM_Orden_BOCM/2024/12/30/BOCM-20241230-21.PDF
Concesiones;FINANCIACION EST-TRAM.ANTIC.2026 LINEA 1_INCENT.CONT.INDEF.PERS.DESEMPL.;CONSEJERÍA ECONOMÍA, HACIENDA Y EMPLEO;877746;ALUMINIOS DE FRUTOS, S.A;Subvención;07/10/2026;7500;https://www.bocm.es/boletin/CM_Orden_BOCM/2024/12/30/BOCM-20241230-21.PDF
Concesiones;FINANCIACION EST-TRAM.ANTIC.2026 LINEA 1_INCENT.CONT.INDEF.PERS.DESEMPL.;CONSEJERÍA ECONOMÍA, HACIENDA Y EMPLEO;877746;—;Subvención;07/10/2026;7500;https://www.bocm.es/boletin/CM_Orden_BOCM/2024/12/30/BOCM-20241230-21.PDF
Concesiones;FINANCIACION EST-TRAM.ANTIC.2026 LINEA 1_INCENT.CONT.INDEF.PERS.DESEMPL.;CONSEJERÍA ECONOMÍA, HACIENDA Y EMPLEO;877746;SOLUCIONES INTEGRALES RYOS, S.L.;Subvención;07/10/2026;7500;https://www.bocm.es/boletin/CM_Orden_BOCM/2024/12/30/BOCM-20241230-21.PDF
Concesiones;FINANCIACION EST-TRAM.ANTIC.2026 LINEA 1_INCENT.CONT.INDEF.PERS.DESEMPL.;CONSEJERÍA ECONOMÍA, HACIENDA Y EMPLEO;877746;RENT A VAN MB IBERICA, SL;Subvención;07/10/2026;7500;https://www.bocm.es/boletin/CM_Orden_BOCM/2024/12/30/BOCM-20241230-21.PDF
Concesiones;FINANCIACION EST-TRAM.ANTIC.2026 LINEA 1_INCENT.CONT.INDEF.PERS.DESEMPL.;CONSEJERÍA ECONOMÍA, HACIENDA Y EMPLEO;877746;MEDIATEC PREMIUM SL;Subvención;07/10/2026;7500;https://www.bocm.es/boletin/CM_Orden_BOCM/2024/12/30/BOCM-20241230-21.PDF
Concesiones;FINANCIACION EST-TRAM.ANTIC.2026 LINEA 1_INCENT.CONT.INDEF.PERS.DESEMPL.;CONSEJERÍA ECONOMÍA, HACIENDA Y EMPLEO;877746;ORVIA PROYECTOS Y CONSTRUCCIONES, S.L.;Subvención;07/10/2026;7500;https://www.bocm.es/boletin/CM_Orden_BOCM/2024/12/30/BOCM-20241230-21.PDF
Concesiones;FINANCIACION EST-TRAM.ANTIC.2026 LINEA 1_INCENT.CONT.INDEF.PERS.DESEMPL.;CONSEJERÍA ECONOMÍA, HACIENDA Y EMPLEO;877746;SERVISE S.A.;Subvención;07/10/2026;7500;https://www.bocm.es/boletin/CM_Orden_BOCM/2024/12/30/BOCM-20241230-21.PDF
Concesiones;FINANCIACION EST-TRAM.ANTIC.2026 LINEA 1_INCENT.CONT.INDEF.PERS.DESEMPL.;CONSEJERÍA ECONOMÍA, HACIENDA Y EMPLEO;877746;INMOBILIARIA GOPARD, SL;Subvención;07/10/2026;7500;https://www.bocm.es/boletin/CM_Orden_BOCM/2024/12/30/BOCM-20241230-21.PDF
Concesiones;FINANCIACION EST-TRAM.ANTIC.2026 LINEA 1_INCENT.CONT.INDEF.PERS.DESEMPL.;CONSEJERÍA ECONOMÍA, HACIENDA Y EMPLEO;877746;FIBRASER 2000, S.L.;Subvención;07/10/2026;7500;https://www.bocm.es/boletin/CM_Orden_BOCM/2024/12/30/BOCM-20241230-21.PDF
Concesiones;FINANCIACION EST-TRAM.ANTIC.2026 LINEA 1_INCENT.CONT.INDEF.PERS.DESEMPL.;CONSEJERÍA ECONOMÍA, HACIENDA Y EMPLEO;877746;SUFEIN, S.L.;Subvención;07/10/2026;7500;https://www.bocm.es/boletin/CM_Orden_BOCM/2024/12/30/BOCM-20241230-21.PDF
Concesiones;FINANCIACION EST-TRAM.ANTIC.2026 LINEA 1_INCENT.CONT.INDEF.PERS.DESEMPL.;CONSEJERÍA ECONOMÍA, HACIENDA Y EMPLEO;877746;REPARACION Y SERVICIOS HORMITRANS, S.L.;Subvención;07/10/2026;7500;https://www.bocm.es/boletin/CM_Orden_BOCM/2024/12/30/BOCM-20241230-21.PDF
Concesiones;FINANCIACION EST-TRAM.ANTIC.2026 LINEA 1_INCENT.CONT.INDEF.PERS.DESEMPL.;CONSEJERÍA ECONOMÍA, HACIENDA Y EMPLEO;877746;ASOCIACIÓN BENEFICA REMAR ESPAÑA;Subvención;07/10/2026;7500;https://www.bocm.es/boletin/CM_Orden_BOCM/2024/12/30/BOCM-20241230-21.PDF
Concesiones;FINANCIACION EST-TRAM.ANTIC.2026 LINEA 1_INCENT.CONT.INDEF.PERS.DESEMPL.;CONSEJERÍA ECONOMÍA, HACIENDA Y EMPLEO;877746;TRANSPORTES NEVUCA, S.L.;Subvención;07/10/2026;7500;https://www.bocm.es/boletin/CM_Orden_BOCM/2024/12/30/BOCM-20241230-21.PDF
Concesiones;FINANCIACION EST-TRAM.ANTIC.2026 LINEA 1_INCENT.CONT.INDEF.PERS.DESEMPL.;CONSEJERÍA ECONOMÍA, HACIENDA Y EMPLEO;877746;—;Subvención;07/10/2026;7500;https://www.bocm.es/boletin/CM_Orden_BOCM/2024/12/30/BOCM-20241230-21.PDF
Concesiones;FINANCIACION EST-TRAM.ANTIC.2026 LINEA 1_INCENT.CONT.INDEF.PERS.DESEMPL.;CONSEJERÍA ECONOMÍA, HACIENDA Y EMPLEO;877746;—;Subvención;07/10/2026;7500;https://www.bocm.es/boletin/CM_Orden_BOCM/2024/12/30/BOCM-20241230-21.PDF
Concesiones;FINANCIACION EST-TRAM.ANTIC.2026 LINEA 1_INCENT.CONT.INDEF.PERS.DESEMPL.;CONSEJERÍA ECONOMÍA, HACIENDA Y EMPLEO;877746;BUSINESS HURCAS OBRA CIVIL Y PROYECTOS S;Subvención;07/10/2026;7500;https://www.bocm.es/boletin/CM_Orden_BOCM/2024/12/30/BOCM-20241230-21.PDF
Concesiones;FINANCIACION EST-TRAM.ANTIC.2026 LINEA 1_INCENT.CONT.INDEF.PERS.DESEMPL.;CONSEJERÍA ECONOMÍA, HACIENDA Y EMPLEO;877746;COCINAR FELICIDAD;Subvención;07/10/2026;7500;https://www.bocm.es/boletin/CM_Orden_BOCM/2024/12/30/BOCM-20241230-21.PDF
Concesiones;FINANCIACION EST-TRAM.ANTIC.2026 LINEA 1_INCENT.CONT.INDEF.PERS.DESEMPL.;CONSEJERÍA ECONOMÍA, HACIENDA Y EMPLEO;877746;PAPELERIA MRA IMPORT, S.L.;Subvención;07/10/2026;7500;https://www.bocm.es/boletin/CM_Orden_BOCM/2024/12/30/BOCM-20241230-21.PDF
Concesiones;FINANCIACION EST-TRAM.ANTIC.2026 LINEA 1_INCENT.CONT.INDEF.PERS.DESEMPL.;CONSEJERÍA ECONOMÍA, HACIENDA Y EMPLEO;877746;ASOC DE PRODUCTORES PARA LA RAP DE ENVAS;Subvención;07/10/2026;7500;https://www.bocm.es/boletin/CM_Orden_BOCM/2024/12/30/BOCM-20241230-21.PDF
Concesiones;FINANCIACION EST-TRAM.ANTIC.2026 LINEA 1_INCENT.CONT.INDEF.PERS.DESEMPL.;CONSEJERÍA ECONOMÍA, HACIENDA Y EMPLEO;877746;ALUFASE, S.A.;Subvención;07/10/2026;7500;https://www.bocm.es/boletin/CM_Orden_BOCM/2024/12/30/BOCM-20241230-21.PDF
Concesiones;FINANCIACION EST-TRAM.ANTIC.2026 LINEA 1_INCENT.CONT.INDEF.PERS.DESEMPL.;CONSEJERÍA ECONOMÍA, HACIENDA Y EMPLEO;877746;GREENFO INGENIERIA S.L.;Subvención;07/10/2026;7500;https://www.bocm.es/boletin/CM_Orden_BOCM/2024/12/30/BOCM-20241230-21.PDF
Concesiones;FINANCIACION EST-TRAM.ANTIC.2026 LINEA 1_INCENT.CONT.INDEF.PERS.DESEMPL.;CONSEJERÍA ECONOMÍA, HACIENDA Y EMPLEO;877746;TALLERES CHERCOVALLE,S.L;Subvención;07/10/2026;7500;https://www.bocm.es/boletin/CM_Orden_BOCM/2024/12/30/BOCM-20241230-21.PDF
Concesiones;FINANCIACION EST-TRAM.ANTIC.2026 LINEA 1_INCENT.CONT.INDEF.PERS.DESEMPL.;CONSEJERÍA ECONOMÍA, HACIENDA Y EMPLEO;877746;LOS TRES CAMARONES, S.L.;Subvención;07/10/2026;7500;https://www.bocm.es/boletin/CM_Orden_BOCM/2024/12/30/BOCM-20241230-21.PDF
Concesiones;FINANCIACION EST-TRAM.ANTIC.2026 LINEA 1_INCENT.CONT.INDEF.PERS.DESEMPL.;CONSEJERÍA ECONOMÍA, HACIENDA Y EMPLEO;877746;SNAP-ON BUSINESS SOLUTIONS, S. L.;Subvención;07/10/2026;7500;https://www.bocm.es/boletin/CM_Orden_BOCM/2024/12/30/BOCM-20241230-21.PDF
Concesiones;FINANCIACION EST-TRAM.ANTIC.2026 LINEA 1_INCENT.CONT.INDEF.PERS.DESEMPL.;CONSEJERÍA ECONOMÍA, HACIENDA Y EMPLEO;877746;VALE Y TINO SL;Subvención;07/10/2026;7500;https://www.bocm.es/boletin/CM_Orden_BOCM/2024/12/30/BOCM-20241230-21.PDF
Concesiones;FINANCIACION EST-TRAM.ANTIC.2026 LINEA 1_INCENT.CONT.INDEF.PERS.DESEMPL.;CONSEJERÍA ECONOMÍA, HACIENDA Y EMPLEO;877746;—;Subvención;07/10/2026;7500;https://www.bocm.es/boletin/CM_Orden_BOCM/2024/12/30/BOCM-20241230-21.PDF
Concesiones;FINANCIACION EST-TRAM.ANTIC.2026 LINEA 1_INCENT.CONT.INDEF.PERS.DESEMPL.;CONSEJERÍA ECONOMÍA, HACIENDA Y EMPLEO;877746;ZAHGAR TOUR, S.A.;Subvención;07/10/2026;7500;https://www.bocm.es/boletin/CM_Orden_BOCM/2024/12/30/BOCM-20241230-21.PDF
Concesiones;FINANCIACION EST-TRAM.ANTIC.2026 LINEA 1_INCENT.CONT.INDEF.PERS.DESEMPL.;CONSEJERÍA ECONOMÍA, HACIENDA Y EMPLEO;877746;SERVIZALIA BY MET S.L.;Subvención;07/10/2026;7500;https://www.bocm.es/boletin/CM_Orden_BOCM/2024/12/30/BOCM-20241230-21.PDF
Concesiones;FINANCIACION EST-TRAM.ANTIC.2026 LINEA 1_INCENT.CONT.INDEF.PERS.DESEMPL.;CONSEJERÍA ECONOMÍA, HACIENDA Y EMPLEO;877746;SERCON EXTERNALIZACION DE SERVICIOS SL;Subvención;07/10/2026;7500;https://www.bocm.es/boletin/CM_Orden_BOCM/2024/12/30/BOCM-20241230-21.PDF
Concesiones;FINANCIACION EST-TRAM.ANTIC.2026 LINEA 1_INCENT.CONT.INDEF.PERS.DESEMPL.;CONSEJERÍA ECONOMÍA, HACIENDA Y EMPLEO;877746;—;Subvención;07/10/2026;7500;https://www.bocm.es/boletin/CM_Orden_BOCM/2024/12/30/BOCM-20241230-21.PDF
Concesiones;FINANCIACION EST-TRAM.ANTIC.2026 LINEA 1_INCENT.CONT.INDEF.PERS.DESEMPL.;CONSEJERÍA ECONOMÍA, HACIENDA Y EMPLEO;877746;ALUMINIOS DE FRUTOS, S.A;Subvención;07/10/2026;7500;https://www.bocm.es/boletin/CM_Orden_BOCM/2024/12/30/BOCM-20241230-21.PDF
Concesiones;FINANCIACION EST-TRAM.ANTIC.2026 LINEA 1_INCENT.CONT.INDEF.PERS.DESEMPL.;CONSEJERÍA ECONOMÍA, HACIENDA Y EMPLEO;877746;TRANSPORTES MOSMARGA, S.L.;Subvención;07/10/2026;7500;https://www.bocm.es/boletin/CM_Orden_BOCM/2024/12/30/BOCM-20241230-21.PDF
Concesiones;FINANCIACION EST-TRAM.ANTIC.2026 LINEA 1_INCENT.CONT.INDEF.PERS.DESEMPL.;CONSEJERÍA ECONOMÍA, HACIENDA Y EMPLEO;877746;GESTION EMPRESARIAL TRISERVICE, S.L.;Subvención;07/10/2026;7500;https://www.bocm.es/boletin/CM_Orden_BOCM/2024/12/30/BOCM-20241230-21.PDF
Concesiones;FINANCIACION EST-TRAM.ANTIC.2026 LINEA 1_INCENT.CONT.INDEF.PERS.DESEMPL.;CONSEJERÍA ECONOMÍA, HACIENDA Y EMPLEO;877746;ROE - CO TECNOLOGIA Y SERVICIOS INDUSTRI;Subvención;07/10/2026;7500;https://www.bocm.es/boletin/CM_Orden_BOCM/2024/12/30/BOCM-20241230-21.PDF
Concesiones;FINANCIACION EST-TRAM.ANTIC.2026 LINEA 1_INCENT.CONT.INDEF.PERS.DESEMPL.;CONSEJERÍA ECONOMÍA, HACIENDA Y EMPLEO;877746;ISMENIA XXI, S.L.;Subvención;07/10/2026;7500;https://www.bocm.es/boletin/CM_Orden_BOCM/2024/12/30/BOCM-20241230-21.PDF
Concesiones;FINANCIACION EST-TRAM.ANTIC.2026 LINEA 1_INCENT.CONT.INDEF.PERS.DESEMPL.;CONSEJERÍA ECONOMÍA, HACIENDA Y EMPLEO;877746;DINTEL ARQUITECTURA INTEGRAL S.A.U;Subvención;07/10/2026;7500;https://www.bocm.es/boletin/CM_Orden_BOCM/2024/12/30/BOCM-20241230-21.PDF
Concesiones;FINANCIACION EST-TRAM.ANTIC.2026 LINEA 1_INCENT.CONT.INDEF.PERS.DESEMPL.;CONSEJERÍA ECONOMÍA, HACIENDA Y EMPLEO;877746;ENERGYSAT MICROCLIMA,SLU.;Subvención;07/10/2026;7500;https://www.bocm.es/boletin/CM_Orden_BOCM/2024/12/30/BOCM-20241230-21.PDF
Concesiones;FINANCIACION EST-TRAM.ANTIC.2026 LINEA 1_INCENT.CONT.INDEF.PERS.DESEMPL.;CONSEJERÍA ECONOMÍA, HACIENDA Y EMPLEO;877746;DN MUEBLES E INTERIORES, S.L;Subvención;07/10/2026;7500;https://www.bocm.es/boletin/CM_Orden_BOCM/2024/12/30/BOCM-20241230-21.PDF
Concesiones;FINANCIACION EST-TRAM.ANTIC.2026 LINEA 1_INCENT.CONT.INDEF.PERS.DESEMPL.;CONSEJERÍA ECONOMÍA, HACIENDA Y EMPLEO;877746;—;Subvención;07/10/2026;7500;https://www.bocm.es/boletin/CM_Orden_BOCM/2024/12/30/BOCM-20241230-21.PDF
Concesiones;FINANCIACION EST-TRAM.ANTIC.2026 LINEA 1_INCENT.CONT.INDEF.PERS.DESEMPL.;CONSEJERÍA ECONOMÍA, HACIENDA Y EMPLEO;877746;GENERAL IMPORT ESPAÑA S.L.;Subvención;07/10/2026;7500;https://www.bocm.es/boletin/CM_Orden_BOCM/2024/12/30/BOCM-20241230-21.PDF
Concesiones;FINANCIACION EST-TRAM.ANTIC.2026 LINEA 1_INCENT.CONT.INDEF.PERS.DESEMPL.;CONSEJERÍA ECONOMÍA, HACIENDA Y EMPLEO;877746;COUTURE COLLECTIVE SL;Subvención;07/10/2026;7500;https://www.bocm.es/boletin/CM_Orden_BOCM/2024/12/30/BOCM-20241230-21.PDF
Concesiones;FINANCIACION EST-TRAM.ANTIC.2026 LINEA 1_INCENT.CONT.INDEF.PERS.DESEMPL.;CONSEJERÍA ECONOMÍA, HACIENDA Y EMPLEO;877746;CLAIRICAR C.B.;Subvención;07/10/2026;7500;https://www.bocm.es/boletin/CM_Orden_BOCM/2024/12/30/BOCM-20241230-21.PDF
Concesiones;FINANCIACION EST-TRAM.ANTIC.2026 LINEA 1_INCENT.CONT.INDEF.PERS.DESEMPL.;CONSEJERÍA ECONOMÍA, HACIENDA Y EMPLEO;877746;CERRAJERIA Y CONSTRUCCIONES MONROSA SL;Subvención;07/10/2026;7500;https://www.bocm.es/boletin/CM_Orden_BOCM/2024/12/30/BOCM-20241230-21.PDF
Concesiones;FINANCIACION EST-TRAM.ANTIC.2026 LINEA 1_INCENT.CONT.INDEF.PERS.DESEMPL.;CONSEJERÍA ECONOMÍA, HACIENDA Y EMPLEO;877746;ELIS-MANOMATIC, S.A.;Subvención;07/10/2026;7500;https://www.bocm.es/boletin/CM_Orden_BOCM/2024/12/30/BOCM-20241230-21.PDF
Concesiones;FINANCIACION EST-TRAM.ANTIC.2026 LINEA 1_INCENT.CONT.INDEF.PERS.DESEMPL.;CONSEJERÍA ECONOMÍA, HACIENDA Y EMPLEO;877746;JUNGLA AMARILLA SL;Subvención;07/10/2026;7500;https://www.bocm.es/boletin/CM_Orden_BOCM/2024/12/30/BOCM-20241230-21.PDF
Concesiones;FINANCIACION EST-TRAM.ANTIC.2026 LINEA 1_INCENT.CONT.INDEF.PERS.DESEMPL.;CONSEJERÍA ECONOMÍA, HACIENDA Y EMPLEO;877746;PRUDENZIA BROKER GROUP, S.L.;Subvención;07/10/2026;7500;https://www.bocm.es/boletin/CM_Orden_BOCM/2024/12/30/BOCM-20241230-21.PDF
Concesiones;FINANCIACION EST-TRAM.ANTIC.2026 LINEA 1_INCENT.CONT.INDEF.PERS.DESEMPL.;CONSEJERÍA ECONOMÍA, HACIENDA Y EMPLEO;877746;MUNDORUM VIATOR SL;Subvención;07/10/2026;7500;https://www.bocm.es/boletin/CM_Orden_BOCM/2024/12/30/BOCM-20241230-21.PDF
Concesiones;FINANCIACION EST-TRAM.ANTIC.2026 LINEA 1_INCENT.CONT.INDEF.PERS.DESEMPL.;CONSEJERÍA ECONOMÍA, HACIENDA Y EMPLEO;877746;—;Subvención;07/10/2026;7500;https://www.bocm.es/boletin/CM_Orden_BOCM/2024/12/30/BOCM-20241230-21.PDF
Concesiones;FINANCIACION EST-TRAM.ANTIC.2026 LINEA 1_INCENT.CONT.INDEF.PERS.DESEMPL.;CONSEJERÍA ECONOMÍA, HACIENDA Y EMPLEO;877746;SOLUCIONES Y SERVIVIOS SEINFA SL;Subvención;07/10/2026;7500;https://www.bocm.es/boletin/CM_Orden_BOCM/2024/12/30/BOCM-20241230-21.PDF
Concesiones;Resolución por la que se publican los créditos disponibles, en el ejercicio 2025, para la financiación de las diversas líneas de ayuda previstas en el Decreto 91/2022.;DIRECCIÓN GENERAL DE AUTÓNOMOS, TRABAJO Y ECONOMÍA SOCIAL;831424;LANDESPAR, S.MICROCOOP. DE CLM;Subvención;07/10/2026;7500;https://docm.jccm.es/docm/descargarArchivo.do?ruta=2022/08/23/pdf/2022_7821.pdf&tipo=rutaDocm
Concesiones;Resolución de publicación de créditos para 2026, de las subvenciones previstas en el Decreto 37/2024, para favorecer el pleno empleo y la inclusión social a través del empleo estable y de calidad cofinanciables por el F.S.E. Plus. R. 2023/2831;DIRECCIÓN GENERAL DE EMPLEO;876434;RADUTTI SOCIEDAD LIMITADA;Subvención;07/10/2026;7500;https://docm.jccm.es/docm/descargarArchivo.do?ruta=2024/07/17/pdf/2024_5770.pdf&tipo=rutaDocm
Concesiones;Convocatoria 2026 de ayudas a la participación en ferias comerciales con productos agroalimentarios;DEPARTAMENTO DE DESARROLLO RURAL Y MEDIO AMBIENTE;901796;CAMPOREL DELICATESSEN SL;Subvención;07/10/2026;7496,06;
Concesiones;Convocatoria 2026 de ayudas a la participación en ferias comerciales con productos agroalimentarios;DEPARTAMENTO DE DESARROLLO RURAL Y MEDIO AMBIENTE;901796;JOSE SALCEDO SORIA SL;Subvención;07/10/2026;7496,06;
Concesiones;Convocatoria 2026 de ayudas a la participación en ferias comerciales con productos agroalimentarios;DEPARTAMENTO DE DESARROLLO RURAL Y MEDIO AMBIENTE;901796;RIBEREGA S. COOP.;Subvención;07/10/2026;7496,06;
Concesiones;Convocatoria 2026 de ayudas a la participación en ferias comerciales con productos agroalimentarios;DEPARTAMENTO DE DESARROLLO RURAL Y MEDIO AMBIENTE;901796;ANKO SL;Subvención;07/10/2026;7496,06;
Concesiones;Convocatoria 2026 de ayudas a la participación en ferias comerciales con productos agroalimentarios;DEPARTAMENTO DE DESARROLLO RURAL Y MEDIO AMBIENTE;901796;EKOLO PRODUCTOS ECOLOGICOS SA;Subvención;07/10/2026;7496,06;
Concesiones;Convocatoria 2026 de ayudas a la participación en ferias comerciales con productos agroalimentarios;DEPARTAMENTO DE DESARROLLO RURAL Y MEDIO AMBIENTE;901796;GAZTANDEGI DORREA SA;Subvención;07/10/2026;7454,76;
Concesiones;Convocatoria 2026 de ayudas a la participación en ferias comerciales con productos agroalimentarios;DEPARTAMENTO DE DESARROLLO RURAL Y MEDIO AMBIENTE;901796;UNION DE FABRICANTES DE CONSERVAS SA;Subvención;07/10/2026;7371;
Concesiones;FINANCIACION EST-TRAM.ANTIC.2026 LINEA 1_INCENT.CONT.INDEF.PERS.DESEMPL.;CONSEJERÍA ECONOMÍA, HACIENDA Y EMPLEO;877746;CENTRO DE ODONTOESTOMATOLOGIA ORENSE 67;Subvención;07/10/2026;7256;https://www.bocm.es/boletin/CM_Orden_BOCM/2024/12/30/BOCM-20241230-21.PDF
Concesiones;Convocatoria 2026 de ayudas a la participación en ferias comerciales con productos agroalimentarios;DEPARTAMENTO DE DESARROLLO RURAL Y MEDIO AMBIENTE;901796;RIOJA VEGA SA;Subvención;07/10/2026;7149,29;
Concesiones;FINANCIACION EST-TRAM.ANTIC.2026 LINEA 1_INCENT.CONT.INDEF.PERS.DESEMPL.;CONSEJERÍA ECONOMÍA, HACIENDA Y EMPLEO;877746;PEMSA MANAGEMENT SL;Subvención;07/10/2026;7000;https://www.bocm.es/boletin/CM_Orden_BOCM/2024/12/30/BOCM-20241230-21.PDF
Concesiones;FINANCIACION EST-TRAM.ANTIC.2026 LINEA 1_INCENT.CONT.INDEF.PERS.DESEMPL.;CONSEJERÍA ECONOMÍA, HACIENDA Y EMPLEO;877746;CITY-PRIVE P.F.P.;Subvención;07/10/2026;7000;https://www.bocm.es/boletin/CM_Orden_BOCM/2024/12/30/BOCM-20241230-21.PDF
Concesiones;FINANCIACION EST-TRAM.ANTIC.2026 LINEA 1_INCENT.CONT.INDEF.PERS.DESEMPL.;CONSEJERÍA ECONOMÍA, HACIENDA Y EMPLEO;877746;CLOVER SOLUCIONES GLOBALES DE MARKETING,;Subvención;07/10/2026;7000;https://www.bocm.es/boletin/CM_Orden_BOCM/2024/12/30/BOCM-20241230-21.PDF
Concesiones;Convocatoria 2026 de ayudas a la participación en ferias comerciales con productos agroalimentarios;DEPARTAMENTO DE DESARROLLO RURAL Y MEDIO AMBIENTE;901796;GALIPIENZO SL;Subvención;07/10/2026;6807,26;
Concesiones;Convocatoria 2026 de ayudas a la participación en ferias comerciales con productos agroalimentarios;DEPARTAMENTO DE DESARROLLO RURAL Y MEDIO AMBIENTE;901796;SAT NUMERO 595 NA ULTZAMAKOAK;Subvención;07/10/2026;6791,86;
Concesiones;FINANCIACION EST-TRAM.ANTIC.2026 LINEA 1_INCENT.CONT.INDEF.PERS.DESEMPL.;CONSEJERÍA ECONOMÍA, HACIENDA Y EMPLEO;877746;MIKEPA SYSTEMS, S.L;Subvención;07/10/2026;6750;https://www.bocm.es/boletin/CM_Orden_BOCM/2024/12/30/BOCM-20241230-21.PDF
Concesiones;FINANCIACION EST-TRAM.ANTIC.2026 LINEA 1_INCENT.CONT.INDEF.PERS.DESEMPL.;CONSEJERÍA ECONOMÍA, HACIENDA Y EMPLEO;877746;SOLUCIONES Y SERVIVIOS SEINFA SL;Subvención;07/10/2026;6727,5;https://www.bocm.es/boletin/CM_Orden_BOCM/2024/12/30/BOCM-20241230-21.PDF
Concesiones;FINANCIACION EST-TRAM.ANTIC.2026 LINEA 1_INCENT.CONT.INDEF.PERS.DESEMPL.;CONSEJERÍA ECONOMÍA, HACIENDA Y EMPLEO;877746;ULBENSA, S.L.;Subvención;07/10/2026;6500;https://www.bocm.es/boletin/CM_Orden_BOCM/2024/12/30/BOCM-20241230-21.PDF
Concesiones;FINANCIACION EST-TRAM.ANTIC.2026 LINEA 1_INCENT.CONT.INDEF.PERS.DESEMPL.;CONSEJERÍA ECONOMÍA, HACIENDA Y EMPLEO;877746;SERVICIOS INMOBILIARIOS ROMASA, S.L.;Subvención;07/10/2026;6500;https://www.bocm.es/boletin/CM_Orden_BOCM/2024/12/30/BOCM-20241230-21.PDF
Concesiones;FINANCIACION EST-TRAM.ANTIC.2026 LINEA 1_INCENT.CONT.INDEF.PERS.DESEMPL.;CONSEJERÍA ECONOMÍA, HACIENDA Y EMPLEO;877746;SOLDESER, S.L.;Subvención;07/10/2026;6500;https://www.bocm.es/boletin/CM_Orden_BOCM/2024/12/30/BOCM-20241230-21.PDF
Concesiones;FINANCIACION EST-TRAM.ANTIC.2026 LINEA 1_INCENT.CONT.INDEF.PERS.DESEMPL.;CONSEJERÍA ECONOMÍA, HACIENDA Y EMPLEO;877746;DATOS Y ENERGIA RENOVABLE, S.L.;Subvención;07/10/2026;6500;https://www.bocm.es/boletin/CM_Orden_BOCM/2024/12/30/BOCM-20241230-21.PDF
Concesiones;FINANCIACION EST-TRAM.ANTIC.2026 LINEA 1_INCENT.CONT.INDEF.PERS.DESEMPL.;CONSEJERÍA ECONOMÍA, HACIENDA Y EMPLEO;877746;—;Subvención;07/10/2026;6500;https://www.bocm.es/boletin/CM_Orden_BOCM/2024/12/30/BOCM-20241230-21.PDF
Concesiones;FINANCIACION EST-TRAM.ANTIC.2026 LINEA 1_INCENT.CONT.INDEF.PERS.DESEMPL.;CONSEJERÍA ECONOMÍA, HACIENDA Y EMPLEO;877746;SIDERCOM, S.L.;Subvención;07/10/2026;6500;https://www.bocm.es/boletin/CM_Orden_BOCM/2024/12/30/BOCM-20241230-21.PDF
Concesiones;FINANCIACION EST-TRAM.ANTIC.2026 LINEA 1_INCENT.CONT.INDEF.PERS.DESEMPL.;CONSEJERÍA ECONOMÍA, HACIENDA Y EMPLEO;877746;IBIS COMPUTER, S.L.;Subvención;07/10/2026;6500;https://www.bocm.es/boletin/CM_Orden_BOCM/2024/12/30/BOCM-20241230-21.PDF
Concesiones;FINANCIACION EST-TRAM.ANTIC.2026 LINEA 1_INCENT.CONT.INDEF.PERS.DESEMPL.;CONSEJERÍA ECONOMÍA, HACIENDA Y EMPLEO;877746;—;Subvención;07/10/2026;6500;https://www.bocm.es/boletin/CM_Orden_BOCM/2024/12/30/BOCM-20241230-21.PDF
Concesiones;FINANCIACION EST-TRAM.ANTIC.2026 LINEA 1_INCENT.CONT.INDEF.PERS.DESEMPL.;CONSEJERÍA ECONOMÍA, HACIENDA Y EMPLEO;877746;ESTATUS CAPITAL SL;Subvención;07/10/2026;6500;https://www.bocm.es/boletin/CM_Orden_BOCM/2024/12/30/BOCM-20241230-21.PDF
Concesiones;FINANCIACION EST-TRAM.ANTIC.2026 LINEA 1_INCENT.CONT.INDEF.PERS.DESEMPL.;CONSEJERÍA ECONOMÍA, HACIENDA Y EMPLEO;877746;ARDOZ GLOBAL SERVICIOS SL;Subvención;07/10/2026;6500;https://www.bocm.es/boletin/CM_Orden_BOCM/2024/12/30/BOCM-20241230-21.PDF
Concesiones;FINANCIACION EST-TRAM.ANTIC.2026 LINEA 1_INCENT.CONT.INDEF.PERS.DESEMPL.;CONSEJERÍA ECONOMÍA, HACIENDA Y EMPLEO;877746;FACTORÍA, GESTIÓN Y CONSULTORÍA, S.L.;Subvención;07/10/2026;6500;https://www.bocm.es/boletin/CM_Orden_BOCM/2024/12/30/BOCM-20241230-21.PDF
Concesiones;FINANCIACION EST-TRAM.ANTIC.2026 LINEA 1_INCENT.CONT.INDEF.PERS.DESEMPL.;CONSEJERÍA ECONOMÍA, HACIENDA Y EMPLEO;877746;MASU - SMALL THINGS, S.L.;Subvención;07/10/2026;6500;https://www.bocm.es/boletin/CM_Orden_BOCM/2024/12/30/BOCM-20241230-21.PDF
Concesiones;FINANCIACION EST-TRAM.ANTIC.2026 LINEA 1_INCENT.CONT.INDEF.PERS.DESEMPL.;CONSEJERÍA ECONOMÍA, HACIENDA Y EMPLEO;877746;RIALS EXTRUSION TECNICA, S.L.;Subvención;07/10/2026;6500;https://www.bocm.es/boletin/CM_Orden_BOCM/2024/12/30/BOCM-20241230-21.PDF
Concesiones;FINANCIACION EST-TRAM.ANTIC.2026 LINEA 1_INCENT.CONT.INDEF.PERS.DESEMPL.;CONSEJERÍA ECONOMÍA, HACIENDA Y EMPLEO;877746;MASPV DESARROLLOS S.L.;Subvención;07/10/2026;6500;https://www.bocm.es/boletin/CM_Orden_BOCM/2024/12/30/BOCM-20241230-21.PDF
Concesiones;FINANCIACION EST-TRAM.ANTIC.2026 LINEA 1_INCENT.CONT.INDEF.PERS.DESEMPL.;CONSEJERÍA ECONOMÍA, HACIENDA Y EMPLEO;877746;MALDAREZ SL;Subvención;07/10/2026;6500;https://www.bocm.es/boletin/CM_Orden_BOCM/2024/12/30/BOCM-20241230-21.PDF
Concesiones;FINANCIACION EST-TRAM.ANTIC.2026 LINEA 1_INCENT.CONT.INDEF.PERS.DESEMPL.;CONSEJERÍA ECONOMÍA, HACIENDA Y EMPLEO;877746;EMPLOYEES ASSISTANCE PROGRAMMES IBERIA S;Subvención;07/10/2026;6500;https://www.bocm.es/boletin/CM_Orden_BOCM/2024/12/30/BOCM-20241230-21.PDF
Concesiones;FINANCIACION EST-TRAM.ANTIC.2026 LINEA 1_INCENT.CONT.INDEF.PERS.DESEMPL.;CONSEJERÍA ECONOMÍA, HACIENDA Y EMPLEO;877746;INNENAR CHITEKTOR S.L.U.;Subvención;07/10/2026;6500;https://www.bocm.es/boletin/CM_Orden_BOCM/2024/12/30/BOCM-20241230-21.PDF
Concesiones;FINANCIACION EST-TRAM.ANTIC.2026 LINEA 1_INCENT.CONT.INDEF.PERS.DESEMPL.;CONSEJERÍA ECONOMÍA, HACIENDA Y EMPLEO;877746;SOLUCIONES DINAMICAS DE LA RED, S.L.;Subvención;07/10/2026;6500;https://www.bocm.es/boletin/CM_Orden_BOCM/2024/12/30/BOCM-20241230-21.PDF
Concesiones;FINANCIACION EST-TRAM.ANTIC.2026 LINEA 1_INCENT.CONT.INDEF.PERS.DESEMPL.;CONSEJERÍA ECONOMÍA, HACIENDA Y EMPLEO;877746;PADEL SPIN OUT SL;Subvención;07/10/2026;6500;https://www.bocm.es/boletin/CM_Orden_BOCM/2024/12/30/BOCM-20241230-21.PDF
Concesiones;FINANCIACION EST-TRAM.ANTIC.2026 LINEA 1_INCENT.CONT.INDEF.PERS.DESEMPL.;CONSEJERÍA ECONOMÍA, HACIENDA Y EMPLEO;877746;PASTOR Y CANALS, S.A.;Subvención;07/10/2026;6500;https://www.bocm.es/boletin/CM_Orden_BOCM/2024/12/30/BOCM-20241230-21.PDF
Concesiones;CONVENIO DE COLABORACIÓN ENTRE EL INSTITUTO ARAGONÉS DE LA MUJER Y EL AYUNTAMIENTO DE UTEBO PARA LA GESTIÓN DE UN INMUEBLE DESTINADO A VIVIENDA TUTELADA PARA MUJERES VICTIMAS DE VIOLENCIAS CONTRA LA MUJER.;INSTITUTO ARAGONÉS DE LA MUJER (IAM);919153;AYUNTAMIENTO DE UTEBO (ZARAGOZA);Subvención;07/10/2026;6500;https://www.boe.es/buscar/doc.php?id=BOE-A-2023-12919
Concesiones;FINANCIACION EST-TRAM.ANTIC.2026 LINEA 1_INCENT.CONT.INDEF.PERS.DESEMPL.;CONSEJERÍA ECONOMÍA, HACIENDA Y EMPLEO;877746;VINOPREMIER GALILEO, S.L.;Subvención;07/10/2026;6450;https://www.bocm.es/boletin/CM_Orden_BOCM/2024/12/30/BOCM-20241230-21.PDF
Concesiones;Convocatoria 2026 de ayudas a la participación en ferias comerciales con productos agroalimentarios;DEPARTAMENTO DE DESARROLLO RURAL Y MEDIO AMBIENTE;901796;ALMAMEAT SLU;Subvención;07/10/2026;6439,76;
Concesiones;FINANCIACION EST-TRAM.ANTIC.2026 LINEA 1_INCENT.CONT.INDEF.PERS.DESEMPL.;CONSEJERÍA ECONOMÍA, HACIENDA Y EMPLEO;877746;QUIMIKA MKI SL;Subvención;07/10/2026;6375;https://www.bocm.es/boletin/CM_Orden_BOCM/2024/12/30/BOCM-20241230-21.PDF
Concesiones;SUBVENCION FORMACION DESEMPLEADOS Y NFE 2022 Y 2023;CONSEJERÍA ECONOMÍA, HACIENDA Y EMPLEO;641069;ASOC DESARROLLO FORMACION EMPRENDIMIENTO;Subvención;07/10/2026;6281,2;https://www.boe.es/buscar/doc.php?id=BOE-A-2019-4715
Concesiones;FINANCIACION EST-TRAM.ANTIC.2026 LINEA 1_INCENT.CONT.INDEF.PERS.DESEMPL.;CONSEJERÍA ECONOMÍA, HACIENDA Y EMPLEO;877746;SERVINET LIMPIEZAS S.L.;Subvención;07/10/2026;6152;https://www.bocm.es/boletin/CM_Orden_BOCM/2024/12/30/BOCM-20241230-21.PDF
Concesiones;FINANCIACION EST-TRAM.ANTIC.2026 LINEA 1_INCENT.CONT.INDEF.PERS.DESEMPL.;CONSEJERÍA ECONOMÍA, HACIENDA Y EMPLEO;877746;BRILLO CAPITAL SERVICIOS INTEGRALES SL;Subvención;07/10/2026;6152;https://www.bocm.es/boletin/CM_Orden_BOCM/2024/12/30/BOCM-20241230-21.PDF
Concesiones;BONO ALQUILER JOVEN 2026;CONSEJERÍA DE POLÍTICA LOCAL, INFRAESTRUCTURAS Y LUCHA CONTRA LA DESPOBLACIÓN;908997;—;Subvención;07/10/2026;6000;https://www.boe.es/boe/dias/2022/01/19/pdfs/BOE-A-2022-802.pdf
Concesiones;BONO ALQUILER JOVEN 2026;CONSEJERÍA DE POLÍTICA LOCAL, INFRAESTRUCTURAS Y LUCHA CONTRA LA DESPOBLACIÓN;908997;—;Subvención;07/10/2026;6000;https://www.boe.es/boe/dias/2022/01/19/pdfs/BOE-A-2022-802.pdf
Concesiones;FINANCIACION EST-TRAM.ANTIC.2026 LINEA 1_INCENT.CONT.INDEF.PERS.DESEMPL.;CONSEJERÍA ECONOMÍA, HACIENDA Y EMPLEO;877746;CLINICA AMAYA CEREZO S. SALVADOR SL;Subvención;07/10/2026;6000;https://www.bocm.es/boletin/CM_Orden_BOCM/2024/12/30/BOCM-20241230-21.PDF
Concesiones;FINANCIACION EST-TRAM.ANTIC.2026 LINEA 1_INCENT.CONT.INDEF.PERS.DESEMPL.;CONSEJERÍA ECONOMÍA, HACIENDA Y EMPLEO;877746;SUMINISTROS DE FERRETERIA PALACIOS, S.L.;Subvención;07/10/2026;6000;https://www.bocm.es/boletin/CM_Orden_BOCM/2024/12/30/BOCM-20241230-21.PDF
Concesiones;FINANCIACION EST-TRAM.ANTIC.2026 LINEA 1_INCENT.CONT.INDEF.PERS.DESEMPL.;CONSEJERÍA ECONOMÍA, HACIENDA Y EMPLEO;877746;—;Subvención;07/10/2026;6000;https://www.bocm.es/boletin/CM_Orden_BOCM/2024/12/30/BOCM-20241230-21.PDF
Concesiones;FINANCIACION EST-TRAM.ANTIC.2026 LINEA 1_INCENT.CONT.INDEF.PERS.DESEMPL.;CONSEJERÍA ECONOMÍA, HACIENDA Y EMPLEO;877746;THE BOX ADVERTISING SL;Subvención;07/10/2026;6000;https://www.bocm.es/boletin/CM_Orden_BOCM/2024/12/30/BOCM-20241230-21.PDF
Concesiones;FINANCIACION EST-TRAM.ANTIC.2026 LINEA 1_INCENT.CONT.INDEF.PERS.DESEMPL.;CONSEJERÍA ECONOMÍA, HACIENDA Y EMPLEO;877746;AIR-RAIL, S.L.;Subvención;07/10/2026;6000;https://www.bocm.es/boletin/CM_Orden_BOCM/2024/12/30/BOCM-20241230-21.PDF
Concesiones;FINANCIACION EST-TRAM.ANTIC.2026 LINEA 1_INCENT.CONT.INDEF.PERS.DESEMPL.;CONSEJERÍA ECONOMÍA, HACIENDA Y EMPLEO;877746;NEFAB,S.A.;Subvención;07/10/2026;6000;https://www.bocm.es/boletin/CM_Orden_BOCM/2024/12/30/BOCM-20241230-21.PDF
Concesiones;FINANCIACION EST-TRAM.ANTIC.2026 LINEA 1_INCENT.CONT.INDEF.PERS.DESEMPL.;CONSEJERÍA ECONOMÍA, HACIENDA Y EMPLEO;877746;MERAKI SERVICIOS GLOBALES S.L.U;Subvención;07/10/2026;6000;https://www.bocm.es/boletin/CM_Orden_BOCM/2024/12/30/BOCM-20241230-21.PDF
Concesiones;FINANCIACION EST-TRAM.ANTIC.2026 LINEA 1_INCENT.CONT.INDEF.PERS.DESEMPL.;CONSEJERÍA ECONOMÍA, HACIENDA Y EMPLEO;877746;GOURMET ON WHEELS SL;Subvención;07/10/2026;6000;https://www.bocm.es/boletin/CM_Orden_BOCM/2024/12/30/BOCM-20241230-21.PDF
Concesiones;FINANCIACION EST-TRAM.ANTIC.2026 LINEA 1_INCENT.CONT.INDEF.PERS.DESEMPL.;CONSEJERÍA ECONOMÍA, HACIENDA Y EMPLEO;877746;LABORATORIO DE ARQUITECTURA BASE SL;Subvención;07/10/2026;6000;https://www.bocm.es/boletin/CM_Orden_BOCM/2024/12/30/BOCM-20241230-21.PDF
Concesiones;FINANCIACION EST-TRAM.ANTIC.2026 LINEA 1_INCENT.CONT.INDEF.PERS.DESEMPL.;CONSEJERÍA ECONOMÍA, HACIENDA Y EMPLEO;877746;BUENAMADOR, S.L.;Subvención;07/10/2026;6000;https://www.bocm.es/boletin/CM_Orden_BOCM/2024/12/30/BOCM-20241230-21.PDF
Concesiones;FINANCIACION EST-TRAM.ANTIC.2026 LINEA 1_INCENT.CONT.INDEF.PERS.DESEMPL.;CONSEJERÍA ECONOMÍA, HACIENDA Y EMPLEO;877746;TREBOL CORE PROPERTIES, S.L;Subvención;07/10/2026;6000;https://www.bocm.es/boletin/CM_Orden_BOCM/2024/12/30/BOCM-20241230-21.PDF
Concesiones;FINANCIACION EST-TRAM.ANTIC.2026 LINEA 1_INCENT.CONT.INDEF.PERS.DESEMPL.;CONSEJERÍA ECONOMÍA, HACIENDA Y EMPLEO;877746;AUREA MADRID 360 SL;Subvención;07/10/2026;6000;https://www.bocm.es/boletin/CM_Orden_BOCM/2024/12/30/BOCM-20241230-21.PDF
Concesiones;FINANCIACION EST-TRAM.ANTIC.2026 LINEA 1_INCENT.CONT.INDEF.PERS.DESEMPL.;CONSEJERÍA ECONOMÍA, HACIENDA Y EMPLEO;877746;MEDIATEC PREMIUM SL;Subvención;07/10/2026;6000;https://www.bocm.es/boletin/CM_Orden_BOCM/2024/12/30/BOCM-20241230-21.PDF
Concesiones;FINANCIACION EST-TRAM.ANTIC.2026 LINEA 1_INCENT.CONT.INDEF.PERS.DESEMPL.;CONSEJERÍA ECONOMÍA, HACIENDA Y EMPLEO;877746;GILSHERRY ABOGADOS,S.L.P.;Subvención;07/10/2026;6000;https://www.bocm.es/boletin/CM_Orden_BOCM/2024/12/30/BOCM-20241230-21.PDF
Concesiones;FINANCIACION EST-TRAM.ANTIC.2026 LINEA 1_INCENT.CONT.INDEF.PERS.DESEMPL.;CONSEJERÍA ECONOMÍA, HACIENDA Y EMPLEO;877746;IVORY MANAGEMENT CONSULTING SERVICES SA;Subvención;07/10/2026;6000;https://www.bocm.es/boletin/CM_Orden_BOCM/2024/12/30/BOCM-20241230-21.PDF
Concesiones;FINANCIACION EST-TRAM.ANTIC.2026 LINEA 1_INCENT.CONT.INDEF.PERS.DESEMPL.;CONSEJERÍA ECONOMÍA, HACIENDA Y EMPLEO;877746;—;Subvención;07/10/2026;6000;https://www.bocm.es/boletin/CM_Orden_BOCM/2024/12/30/BOCM-20241230-21.PDF
Concesiones;FINANCIACION EST-TRAM.ANTIC.2026 LINEA 1_INCENT.CONT.INDEF.PERS.DESEMPL.;CONSEJERÍA ECONOMÍA, HACIENDA Y EMPLEO;877746;FISIOTERAPIA MIRASIERRA, S.L.;Subvención;07/10/2026;6000;https://www.bocm.es/boletin/CM_Orden_BOCM/2024/12/30/BOCM-20241230-21.PDF
Concesiones;FINANCIACION EST-TRAM.ANTIC.2026 LINEA 1_INCENT.CONT.INDEF.PERS.DESEMPL.;CONSEJERÍA ECONOMÍA, HACIENDA Y EMPLEO;877746;—;Subvención;07/10/2026;6000;https://www.bocm.es/boletin/CM_Orden_BOCM/2024/12/30/BOCM-20241230-21.PDF
Concesiones;FINANCIACION EST-TRAM.ANTIC.2026 LINEA 1_INCENT.CONT.INDEF.PERS.DESEMPL.;CONSEJERÍA ECONOMÍA, HACIENDA Y EMPLEO;877746;OLEO ESPACIO, S.L.;Subvención;07/10/2026;6000;https://www.bocm.es/boletin/CM_Orden_BOCM/2024/12/30/BOCM-20241230-21.PDF
Concesiones;FINANCIACION EST-TRAM.ANTIC.2026 LINEA 1_INCENT.CONT.INDEF.PERS.DESEMPL.;CONSEJERÍA ECONOMÍA, HACIENDA Y EMPLEO;877746;LAVANDERIA BALLESTA SL;Subvención;07/10/2026;6000;https://www.bocm.es/boletin/CM_Orden_BOCM/2024/12/30/BOCM-20241230-21.PDF
Concesiones;FINANCIACION EST-TRAM.ANTIC.2026 LINEA 1_INCENT.CONT.INDEF.PERS.DESEMPL.;CONSEJERÍA ECONOMÍA, HACIENDA Y EMPLEO;877746;EXCLUSIVAS LA CAPITAL DPS SL;Subvención;07/10/2026;6000;https://www.bocm.es/boletin/CM_Orden_BOCM/2024/12/30/BOCM-20241230-21.PDF
Concesiones;FINANCIACION EST-TRAM.ANTIC.2026 LINEA 1_INCENT.CONT.INDEF.PERS.DESEMPL.;CONSEJERÍA ECONOMÍA, HACIENDA Y EMPLEO;877746;HUMMER REFORMAS INTEGRALES, S.L.;Subvención;07/10/2026;6000;https://www.bocm.es/boletin/CM_Orden_BOCM/2024/12/30/BOCM-20241230-21.PDF
Concesiones;FINANCIACION EST-TRAM.ANTIC.2026 LINEA 1_INCENT.CONT.INDEF.PERS.DESEMPL.;CONSEJERÍA ECONOMÍA, HACIENDA Y EMPLEO;877746;CIRCULO CONVIVENCIAL LIMITE (CIRVITE);Subvención;07/10/2026;6000;https://www.bocm.es/boletin/CM_Orden_BOCM/2024/12/30/BOCM-20241230-21.PDF
Concesiones;FINANCIACION EST-TRAM.ANTIC.2026 LINEA 1_INCENT.CONT.INDEF.PERS.DESEMPL.;CONSEJERÍA ECONOMÍA, HACIENDA Y EMPLEO;877746;NIDRA HOMES, S.L.;Subvención;07/10/2026;6000;https://www.bocm.es/boletin/CM_Orden_BOCM/2024/12/30/BOCM-20241230-21.PDF
Concesiones;FINANCIACION EST-TRAM.ANTIC.2026 LINEA 1_INCENT.CONT.INDEF.PERS.DESEMPL.;CONSEJERÍA ECONOMÍA, HACIENDA Y EMPLEO;877746;YDRYS LIFE, S.L;Subvención;07/10/2026;6000;https://www.bocm.es/boletin/CM_Orden_BOCM/2024/12/30/BOCM-20241230-21.PDF
Concesiones;FINANCIACION EST-TRAM.ANTIC.2026 LINEA 1_INCENT.CONT.INDEF.PERS.DESEMPL.;CONSEJERÍA ECONOMÍA, HACIENDA Y EMPLEO;877746;IMERETI, S.L.;Subvención;07/10/2026;6000;https://www.bocm.es/boletin/CM_Orden_BOCM/2024/12/30/BOCM-20241230-21.PDF
Concesiones;FINANCIACION EST-TRAM.ANTIC.2026 LINEA 1_INCENT.CONT.INDEF.PERS.DESEMPL.;CONSEJERÍA ECONOMÍA, HACIENDA Y EMPLEO;877746;MARTÍN HERRERA & FRAGA S.L.P;Subvención;07/10/2026;6000;https://www.bocm.es/boletin/CM_Orden_BOCM/2024/12/30/BOCM-20241230-21.PDF
Concesiones;FINANCIACION EST-TRAM.ANTIC.2026 LINEA 1_INCENT.CONT.INDEF.PERS.DESEMPL.;CONSEJERÍA ECONOMÍA, HACIENDA Y EMPLEO;877746;SILSOIL, S.L.;Subvención;07/10/2026;6000;https://www.bocm.es/boletin/CM_Orden_BOCM/2024/12/30/BOCM-20241230-21.PDF
Concesiones;FINANCIACION EST-TRAM.ANTIC.2026 LINEA 1_INCENT.CONT.INDEF.PERS.DESEMPL.;CONSEJERÍA ECONOMÍA, HACIENDA Y EMPLEO;877746;GLOBAL SHAKAN, S.L.;Subvención;07/10/2026;6000;https://www.bocm.es/boletin/CM_Orden_BOCM/2024/12/30/BOCM-20241230-21.PDF
Concesiones;FINANCIACION EST-TRAM.ANTIC.2026 LINEA 1_INCENT.CONT.INDEF.PERS.DESEMPL.;CONSEJERÍA ECONOMÍA, HACIENDA Y EMPLEO;877746;FRUTECO DISTRIBUCIONES, S.L.;Subvención;07/10/2026;6000;https://www.bocm.es/boletin/CM_Orden_BOCM/2024/12/30/BOCM-20241230-21.PDF
Concesiones;FINANCIACION EST-TRAM.ANTIC.2026 LINEA 1_INCENT.CONT.INDEF.PERS.DESEMPL.;CONSEJERÍA ECONOMÍA, HACIENDA Y EMPLEO;877746;SANTANDREU INVERSIONES SL;Subvención;07/10/2026;6000;https://www.bocm.es/boletin/CM_Orden_BOCM/2024/12/30/BOCM-20241230-21.PDF
Concesiones;FINANCIACION EST-TRAM.ANTIC.2026 LINEA 1_INCENT.CONT.INDEF.PERS.DESEMPL.;CONSEJERÍA ECONOMÍA, HACIENDA Y EMPLEO;877746;DRAGER MEDICAL HISPANIA S.A.;Subvención;07/10/2026;6000;https://www.bocm.es/boletin/CM_Orden_BOCM/2024/12/30/BOCM-20241230-21.PDF
Concesiones;FINANCIACION EST-TRAM.ANTIC.2026 LINEA 1_INCENT.CONT.INDEF.PERS.DESEMPL.;CONSEJERÍA ECONOMÍA, HACIENDA Y EMPLEO;877746;—;Subvención;07/10/2026;6000;https://www.bocm.es/boletin/CM_Orden_BOCM/2024/12/30/BOCM-20241230-21.PDF
Concesiones;FINANCIACION EST-TRAM.ANTIC.2026 LINEA 1_INCENT.CONT.INDEF.PERS.DESEMPL.;CONSEJERÍA ECONOMÍA, HACIENDA Y EMPLEO;877746;ITERA PROCESS CONSULTING, S.L.;Subvención;07/10/2026;6000;https://www.bocm.es/boletin/CM_Orden_BOCM/2024/12/30/BOCM-20241230-21.PDF
Concesiones;FINANCIACION EST-TRAM.ANTIC.2026 LINEA 1_INCENT.CONT.INDEF.PERS.DESEMPL.;CONSEJERÍA ECONOMÍA, HACIENDA Y EMPLEO;877746;ATELIER ASESORES, S.L.;Subvención;07/10/2026;6000;https://www.bocm.es/boletin/CM_Orden_BOCM/2024/12/30/BOCM-20241230-21.PDF
Concesiones;FINANCIACION EST-TRAM.ANTIC.2026 LINEA 1_INCENT.CONT.INDEF.PERS.DESEMPL.;CONSEJERÍA ECONOMÍA, HACIENDA Y EMPLEO;877746;LA ESPLENDIDA HOSTELERIA S.L.;Subvención;07/10/2026;6000;https://www.bocm.es/boletin/CM_Orden_BOCM/2024/12/30/BOCM-20241230-21.PDF
Concesiones;FINANCIACION EST-TRAM.ANTIC.2026 LINEA 1_INCENT.CONT.INDEF.PERS.DESEMPL.;CONSEJERÍA ECONOMÍA, HACIENDA Y EMPLEO;877746;BL82 LOGISTICA, S.L.;Subvención;07/10/2026;6000;https://www.bocm.es/boletin/CM_Orden_BOCM/2024/12/30/BOCM-20241230-21.PDF
Concesiones;FINANCIACION EST-TRAM.ANTIC.2026 LINEA 1_INCENT.CONT.INDEF.PERS.DESEMPL.;CONSEJERÍA ECONOMÍA, HACIENDA Y EMPLEO;877746;INNOVACION Y TECNOLOGIA MELKART S.L.;Subvención;07/10/2026;6000;https://www.bocm.es/boletin/CM_Orden_BOCM/2024/12/30/BOCM-20241230-21.PDF
Concesiones;FINANCIACION EST-TRAM.ANTIC.2026 LINEA 1_INCENT.CONT.INDEF.PERS.DESEMPL.;CONSEJERÍA ECONOMÍA, HACIENDA Y EMPLEO;877746;HERITAGE AUDIO S.L.;Subvención;07/10/2026;6000;https://www.bocm.es/boletin/CM_Orden_BOCM/2024/12/30/BOCM-20241230-21.PDF
Concesiones;FINANCIACION EST-TRAM.ANTIC.2026 LINEA 1_INCENT.CONT.INDEF.PERS.DESEMPL.;CONSEJERÍA ECONOMÍA, HACIENDA Y EMPLEO;877746;CAMIONES LUISCHE S.L.;Subvención;07/10/2026;6000;https://www.bocm.es/boletin/CM_Orden_BOCM/2024/12/30/BOCM-20241230-21.PDF
Concesiones;FINANCIACION EST-TRAM.ANTIC.2026 LINEA 1_INCENT.CONT.INDEF.PERS.DESEMPL.;CONSEJERÍA ECONOMÍA, HACIENDA Y EMPLEO;877746;BADRA DOORS GLASS S.L.;Subvención;07/10/2026;6000;https://www.bocm.es/boletin/CM_Orden_BOCM/2024/12/30/BOCM-20241230-21.PDF
Concesiones;FINANCIACION EST-TRAM.ANTIC.2026 LINEA 1_INCENT.CONT.INDEF.PERS.DESEMPL.;CONSEJERÍA ECONOMÍA, HACIENDA Y EMPLEO;877746;MARTIN ROBRES, S.L.;Subvención;07/10/2026;6000;https://www.bocm.es/boletin/CM_Orden_BOCM/2024/12/30/BOCM-20241230-21.PDF
Concesiones;FINANCIACION EST-TRAM.ANTIC.2026 LINEA 1_INCENT.CONT.INDEF.PERS.DESEMPL.;CONSEJERÍA ECONOMÍA, HACIENDA Y EMPLEO;877746;—;Subvención;07/10/2026;6000;https://www.bocm.es/boletin/CM_Orden_BOCM/2024/12/30/BOCM-20241230-21.PDF
Concesiones;FINANCIACION EST-TRAM.ANTIC.2026 LINEA 1_INCENT.CONT.INDEF.PERS.DESEMPL.;CONSEJERÍA ECONOMÍA, HACIENDA Y EMPLEO;877746;—;Subvención;07/10/2026;6000;https://www.bocm.es/boletin/CM_Orden_BOCM/2024/12/30/BOCM-20241230-21.PDF
Concesiones;FINANCIACION EST-TRAM.ANTIC.2026 LINEA 1_INCENT.CONT.INDEF.PERS.DESEMPL.;CONSEJERÍA ECONOMÍA, HACIENDA Y EMPLEO;877746;PUERTALUZ, S.L.;Subvención;07/10/2026;6000;https://www.bocm.es/boletin/CM_Orden_BOCM/2024/12/30/BOCM-20241230-21.PDF
Concesiones;FINANCIACION EST-TRAM.ANTIC.2026 LINEA 1_INCENT.CONT.INDEF.PERS.DESEMPL.;CONSEJERÍA ECONOMÍA, HACIENDA Y EMPLEO;877746;VITALSERVIT, SOCIEDAD LIMITADA;Subvención;07/10/2026;6000;https://www.bocm.es/boletin/CM_Orden_BOCM/2024/12/30/BOCM-20241230-21.PDF
Concesiones;FINANCIACION EST-TRAM.ANTIC.2026 LINEA 1_INCENT.CONT.INDEF.PERS.DESEMPL.;CONSEJERÍA ECONOMÍA, HACIENDA Y EMPLEO;877746;—;Subvención;07/10/2026;6000;https://www.bocm.es/boletin/CM_Orden_BOCM/2024/12/30/BOCM-20241230-21.PDF
Concesiones;FINANCIACION EST-TRAM.ANTIC.2026 LINEA 1_INCENT.CONT.INDEF.PERS.DESEMPL.;CONSEJERÍA ECONOMÍA, HACIENDA Y EMPLEO;877746;GEHISO ENERGY SL;Subvención;07/10/2026;6000;https://www.bocm.es/boletin/CM_Orden_BOCM/2024/12/30/BOCM-20241230-21.PDF
Concesiones;Resolución de la Dirección General de Economía Circular y Agenda 2030, por la que se convocan subvenciones para actividades y proyectos de educación ambiental promovidos por entidades privadas sin ánimo de lucro de Castilla-La Mancha en el año 2026;DIRECCIÓN GENERAL DE ECONOMÍA CIRCULAR;910200;ASOCIACION NACIONAL MICORRIZA;Subvención;07/10/2026;6000;https://docm.jccm.es/docm/descargarArchivo.do?ruta=2022/05/13/pdf/2022_4197.pdf&tipo=rutaDocm
Concesiones;Resolución de la Dirección General de Economía Circular y Agenda 2030, por la que se convocan subvenciones para actividades y proyectos de educación ambiental promovidos por entidades privadas sin ánimo de lucro de Castilla-La Mancha en el año 2026;DIRECCIÓN GENERAL DE ECONOMÍA CIRCULAR;910200;FED.ASOC.JOVENES EMPRESARIOS DE C-L;Subvención;07/10/2026;6000;https://docm.jccm.es/docm/descargarArchivo.do?ruta=2022/05/13/pdf/2022_4197.pdf&tipo=rutaDocm
Concesiones;Resolución de la Dirección General de Economía Circular y Agenda 2030, por la que se convocan subvenciones para actividades y proyectos de educación ambiental promovidos por entidades privadas sin ánimo de lucro de Castilla-La Mancha en el año 2026;DIRECCIÓN GENERAL DE ECONOMÍA CIRCULAR;910200;ASOC DE VECINOS DE HUETE Y PEDANIAS;Subvención;07/10/2026;6000;https://docm.jccm.es/docm/descargarArchivo.do?ruta=2022/05/13/pdf/2022_4197.pdf&tipo=rutaDocm
Concesiones;Resolución de la Dirección General de Economía Circular y Agenda 2030, por la que se convocan subvenciones para actividades y proyectos de educación ambiental promovidos por entidades privadas sin ánimo de lucro de Castilla-La Mancha en el año 2026;DIRECCIÓN GENERAL DE ECONOMÍA CIRCULAR;910200;ASOCIACION RESILENCIO;Subvención;07/10/2026;6000;https://docm.jccm.es/docm/descargarArchivo.do?ruta=2022/05/13/pdf/2022_4197.pdf&tipo=rutaDocm
Concesiones;Resolución de la Dirección General de Economía Circular y Agenda 2030, por la que se convocan subvenciones para actividades y proyectos de educación ambiental promovidos por entidades privadas sin ánimo de lucro de Castilla-La Mancha en el año 2026;DIRECCIÓN GENERAL DE ECONOMÍA CIRCULAR;910200;MILELE KONGO;Subvención;07/10/2026;6000;https://docm.jccm.es/docm/descargarArchivo.do?ruta=2022/05/13/pdf/2022_4197.pdf&tipo=rutaDocm
Concesiones;Resolución de la Dirección General de Economía Circular y Agenda 2030, por la que se convocan subvenciones para actividades y proyectos de educación ambiental promovidos por entidades privadas sin ánimo de lucro de Castilla-La Mancha en el año 2026;DIRECCIÓN GENERAL DE ECONOMÍA CIRCULAR;910200;ENTRE TOD@ ASOC. POR LA INTEGRACIO;Subvención;07/10/2026;6000;https://docm.jccm.es/docm/descargarArchivo.do?ruta=2022/05/13/pdf/2022_4197.pdf&tipo=rutaDocm
Concesiones;Resolución de la Dirección General de Economía Circular y Agenda 2030, por la que se convocan subvenciones para actividades y proyectos de educación ambiental promovidos por entidades privadas sin ánimo de lucro de Castilla-La Mancha en el año 2026;DIRECCIÓN GENERAL DE ECONOMÍA CIRCULAR;910200;ASOC. RFESERVA DE LA BIOSFERA;Subvención;07/10/2026;6000;https://docm.jccm.es/docm/descargarArchivo.do?ruta=2022/05/13/pdf/2022_4197.pdf&tipo=rutaDocm
Concesiones;Resolución de la Dirección General de Economía Circular y Agenda 2030, por la que se convocan subvenciones para actividades y proyectos de educación ambiental promovidos por entidades privadas sin ánimo de lucro de Castilla-La Mancha en el año 2026;DIRECCIÓN GENERAL DE ECONOMÍA CIRCULAR;910200;ASOC.MUJERES Y FAM. RURAL-AMFAR;Subvención;07/10/2026;6000;https://docm.jccm.es/docm/descargarArchivo.do?ruta=2022/05/13/pdf/2022_4197.pdf&tipo=rutaDocm
Concesiones;Resolución de la Dirección General de Economía Circular y Agenda 2030, por la que se convocan subvenciones para actividades y proyectos de educación ambiental promovidos por entidades privadas sin ánimo de lucro de Castilla-La Mancha en el año 2026;DIRECCIÓN GENERAL DE ECONOMÍA CIRCULAR;910200;ASOCIACION CULTURAL ALTRANTRÁN;Subvención;07/10/2026;6000;https://docm.jccm.es/docm/descargarArchivo.do?ruta=2022/05/13/pdf/2022_4197.pdf&tipo=rutaDocm
Concesiones;Resolución de la Dirección General de Economía Circular y Agenda 2030, por la que se convocan subvenciones para actividades y proyectos de educación ambiental promovidos por entidades privadas sin ánimo de lucro de Castilla-La Mancha en el año 2026;DIRECCIÓN GENERAL DE ECONOMÍA CIRCULAR;910200;ASOCIACION DESARROLLO EL ARRIERO;Subvención;07/10/2026;6000;https://docm.jccm.es/docm/descargarArchivo.do?ruta=2022/05/13/pdf/2022_4197.pdf&tipo=rutaDocm
Concesiones;Resolución de la Dirección General de Economía Circular y Agenda 2030, por la que se convocan subvenciones para actividades y proyectos de educación ambiental promovidos por entidades privadas sin ánimo de lucro de Castilla-La Mancha en el año 2026;DIRECCIÓN GENERAL DE ECONOMÍA CIRCULAR;910200;DENDROS IDEA, G. LOCAL Y AMBIENTAL;Subvención;07/10/2026;6000;https://docm.jccm.es/docm/descargarArchivo.do?ruta=2022/05/13/pdf/2022_4197.pdf&tipo=rutaDocm
Concesiones;Resolución de la Dirección General de Economía Circular y Agenda 2030, por la que se convocan subvenciones para actividades y proyectos de educación ambiental promovidos por entidades privadas sin ánimo de lucro de Castilla-La Mancha en el año 2026;DIRECCIÓN GENERAL DE ECONOMÍA CIRCULAR;910200;FUNDACIÓN AQUILA;Subvención;07/10/2026;6000;https://docm.jccm.es/docm/descargarArchivo.do?ruta=2022/05/13/pdf/2022_4197.pdf&tipo=rutaDocm
Concesiones;Resolución de la Dirección General de Economía Circular y Agenda 2030, por la que se convocan subvenciones para actividades y proyectos de educación ambiental promovidos por entidades privadas sin ánimo de lucro de Castilla-La Mancha en el año 2026;DIRECCIÓN GENERAL DE ECONOMÍA CIRCULAR;910200;ASOCIACIÓN DE VECINOS FRAY HERNANDO;Subvención;07/10/2026;6000;https://docm.jccm.es/docm/descargarArchivo.do?ruta=2022/05/13/pdf/2022_4197.pdf&tipo=rutaDocm
Concesiones;Resolución de la Dirección General de Economía Circular y Agenda 2030, por la que se convocan subvenciones para actividades y proyectos de educación ambiental promovidos por entidades privadas sin ánimo de lucro de Castilla-La Mancha en el año 2026;DIRECCIÓN GENERAL DE ECONOMÍA CIRCULAR;910200;"ASOCIACION ""LLANERO SOLIDARIO""";Subvención;07/10/2026;6000;https://docm.jccm.es/docm/descargarArchivo.do?ruta=2022/05/13/pdf/2022_4197.pdf&tipo=rutaDocm
Concesiones;Resolución de la Dirección General de Economía Circular y Agenda 2030, por la que se convocan subvenciones para actividades y proyectos de educación ambiental promovidos por entidades privadas sin ánimo de lucro de Castilla-La Mancha en el año 2026;DIRECCIÓN GENERAL DE ECONOMÍA CIRCULAR;910200;ASOC DESARR. INTEGRAL EL ZANCARA;Subvención;07/10/2026;6000;https://docm.jccm.es/docm/descargarArchivo.do?ruta=2022/05/13/pdf/2022_4197.pdf&tipo=rutaDocm
Concesiones;Resolución de la Dirección General de Economía Circular y Agenda 2030, por la que se convocan subvenciones para actividades y proyectos de educación ambiental promovidos por entidades privadas sin ánimo de lucro de Castilla-La Mancha en el año 2026;DIRECCIÓN GENERAL DE ECONOMÍA CIRCULAR;910200;APROFEM;Subvención;07/10/2026;6000;https://docm.jccm.es/docm/descargarArchivo.do?ruta=2022/05/13/pdf/2022_4197.pdf&tipo=rutaDocm
Concesiones;Resolución de la Dirección General de Economía Circular y Agenda 2030, por la que se convocan subvenciones para actividades y proyectos de educación ambiental promovidos por entidades privadas sin ánimo de lucro de Castilla-La Mancha en el año 2026;DIRECCIÓN GENERAL DE ECONOMÍA CIRCULAR;910200;ASOC. MEDIACION SOCIAL Y CULTURA;Subvención;07/10/2026;6000;https://docm.jccm.es/docm/descargarArchivo.do?ruta=2022/05/13/pdf/2022_4197.pdf&tipo=rutaDocm
Concesiones;Resolución de la Dirección General de Economía Circular y Agenda 2030, por la que se convocan subvenciones para actividades y proyectos de educación ambiental promovidos por entidades privadas sin ánimo de lucro de Castilla-La Mancha en el año 2026;DIRECCIÓN GENERAL DE ECONOMÍA CIRCULAR;910200;POKHARA;Subvención;07/10/2026;6000;https://docm.jccm.es/docm/descargarArchivo.do?ruta=2022/05/13/pdf/2022_4197.pdf&tipo=rutaDocm
Concesiones;Resolución de la Dirección General de Economía Circular y Agenda 2030, por la que se convocan subvenciones para actividades y proyectos de educación ambiental promovidos por entidades privadas sin ánimo de lucro de Castilla-La Mancha en el año 2026;DIRECCIÓN GENERAL DE ECONOMÍA CIRCULAR;910200;ASOCIACION SOCIOCULTURAL LOS;Subvención;07/10/2026;6000;https://docm.jccm.es/docm/descargarArchivo.do?ruta=2022/05/13/pdf/2022_4197.pdf&tipo=rutaDocm
Concesiones;Resolución de la Dirección General de Economía Circular y Agenda 2030, por la que se convocan subvenciones para actividades y proyectos de educación ambiental promovidos por entidades privadas sin ánimo de lucro de Castilla-La Mancha en el año 2026;DIRECCIÓN GENERAL DE ECONOMÍA CIRCULAR;910200;ENT PREST SERV JUVENTUD POLARIS;Subvención;07/10/2026;6000;https://docm.jccm.es/docm/descargarArchivo.do?ruta=2022/05/13/pdf/2022_4197.pdf&tipo=rutaDocm
Concesiones;Resolución de la Dirección General de Economía Circular y Agenda 2030, por la que se convocan subvenciones para actividades y proyectos de educación ambiental promovidos por entidades privadas sin ánimo de lucro de Castilla-La Mancha en el año 2026;DIRECCIÓN GENERAL DE ECONOMÍA CIRCULAR;910200;AGRUP. NATURALISTA ESPARVEL;Subvención;07/10/2026;5950;https://docm.jccm.es/docm/descargarArchivo.do?ruta=2022/05/13/pdf/2022_4197.pdf&tipo=rutaDocm
Concesiones;Resolución de la Dirección General de Economía Circular y Agenda 2030, por la que se convocan subvenciones para actividades y proyectos de educación ambiental promovidos por entidades privadas sin ánimo de lucro de Castilla-La Mancha en el año 2026;DIRECCIÓN GENERAL DE ECONOMÍA CIRCULAR;910200;ASOCIACION PISTO ECOLOGICO;Subvención;07/10/2026;5929;https://docm.jccm.es/docm/descargarArchivo.do?ruta=2022/05/13/pdf/2022_4197.pdf&tipo=rutaDocm
Concesiones;Resolución de la Dirección General de Economía Circular y Agenda 2030, por la que se convocan subvenciones para actividades y proyectos de educación ambiental promovidos por entidades privadas sin ánimo de lucro de Castilla-La Mancha en el año 2026;DIRECCIÓN GENERAL DE ECONOMÍA CIRCULAR;910200;APRODEL;Subvención;07/10/2026;5880,6;https://docm.jccm.es/docm/descargarArchivo.do?ruta=2022/05/13/pdf/2022_4197.pdf&tipo=rutaDocm
Concesiones;Convocatoria Jaén+ X: Formación Profesional con PLus en Europa (Línea 1 Subvenciones Movilidad Internacional Estudiantes);DIPUTACIÓN PROVINCIAL DE JAÉN;888790;—;Subvención;07/10/2026;5869;https://www.dipujaen.es/portal-de-transparencia/economica-financiera/presupuestos-diputacion-jaen-2025
Concesiones;Convocatoria Jaén+ X: Formación Profesional con PLus en Europa (Línea 1 Subvenciones Movilidad Internacional Estudiantes);DIPUTACIÓN PROVINCIAL DE JAÉN;888790;—;Subvención;07/10/2026;5869;https://www.dipujaen.es/portal-de-transparencia/economica-financiera/presupuestos-diputacion-jaen-2025
Concesiones;Convocatoria Jaén+ X: Formación Profesional con PLus en Europa (Línea 1 Subvenciones Movilidad Internacional Estudiantes);DIPUTACIÓN PROVINCIAL DE JAÉN;888790;—;Subvención;07/10/2026;5869;https://www.dipujaen.es/portal-de-transparencia/economica-financiera/presupuestos-diputacion-jaen-2025
Concesiones;Convocatoria Jaén+ X: Formación Profesional con PLus en Europa (Línea 1 Subvenciones Movilidad Internacional Estudiantes);DIPUTACIÓN PROVINCIAL DE JAÉN;888790;—;Subvención;07/10/2026;5869;https://www.dipujaen.es/portal-de-transparencia/economica-financiera/presupuestos-diputacion-jaen-2025
Concesiones;Convocatoria Jaén+ X: Formación Profesional con PLus en Europa (Línea 1 Subvenciones Movilidad Internacional Estudiantes);DIPUTACIÓN PROVINCIAL DE JAÉN;888790;—;Subvención;07/10/2026;5869;https://www.dipujaen.es/portal-de-transparencia/economica-financiera/presupuestos-diputacion-jaen-2025
Concesiones;Convocatoria Jaén+ X: Formación Profesional con PLus en Europa (Línea 1 Subvenciones Movilidad Internacional Estudiantes);DIPUTACIÓN PROVINCIAL DE JAÉN;888790;—;Subvención;07/10/2026;5869;https://www.dipujaen.es/portal-de-transparencia/economica-financiera/presupuestos-diputacion-jaen-2025
Concesiones;Convocatoria Jaén+ X: Formación Profesional con PLus en Europa (Línea 1 Subvenciones Movilidad Internacional Estudiantes);DIPUTACIÓN PROVINCIAL DE JAÉN;888790;—;Subvención;07/10/2026;5869;https://www.dipujaen.es/portal-de-transparencia/economica-financiera/presupuestos-diputacion-jaen-2025
Concesiones;Convocatoria Jaén+ X: Formación Profesional con PLus en Europa (Línea 1 Subvenciones Movilidad Internacional Estudiantes);DIPUTACIÓN PROVINCIAL DE JAÉN;888790;—;Subvención;07/10/2026;5869;https://www.dipujaen.es/portal-de-transparencia/economica-financiera/presupuestos-diputacion-jaen-2025
Concesiones;Convocatoria Jaén+ X: Formación Profesional con PLus en Europa (Línea 1 Subvenciones Movilidad Internacional Estudiantes);DIPUTACIÓN PROVINCIAL DE JAÉN;888790;—;Subvención;07/10/2026;5869;https://www.dipujaen.es/portal-de-transparencia/economica-financiera/presupuestos-diputacion-jaen-2025
Concesiones;Convocatoria Jaén+ X: Formación Profesional con PLus en Europa (Línea 1 Subvenciones Movilidad Internacional Estudiantes);DIPUTACIÓN PROVINCIAL DE JAÉN;888790;—;Subvención;07/10/2026;5869;https://www.dipujaen.es/portal-de-transparencia/economica-financiera/presupuestos-diputacion-jaen-2025
Concesiones;Convocatoria Jaén+ X: Formación Profesional con PLus en Europa (Línea 1 Subvenciones Movilidad Internacional Estudiantes);DIPUTACIÓN PROVINCIAL DE JAÉN;888790;—;Subvención;07/10/2026;5869;https://www.dipujaen.es/portal-de-transparencia/economica-financiera/presupuestos-diputacion-jaen-2025
Concesiones;Convocatoria Jaén+ X: Formación Profesional con PLus en Europa (Línea 1 Subvenciones Movilidad Internacional Estudiantes);DIPUTACIÓN PROVINCIAL DE JAÉN;888790;—;Subvención;07/10/2026;5869;https://www.dipujaen.es/portal-de-transparencia/economica-financiera/presupuestos-diputacion-jaen-2025
Concesiones;Convocatoria Jaén+ X: Formación Profesional con PLus en Europa (Línea 1 Subvenciones Movilidad Internacional Estudiantes);DIPUTACIÓN PROVINCIAL DE JAÉN;888790;—;Subvención;07/10/2026;5869;https://www.dipujaen.es/portal-de-transparencia/economica-financiera/presupuestos-diputacion-jaen-2025
Concesiones;Convocatoria Jaén+ X: Formación Profesional con PLus en Europa (Línea 1 Subvenciones Movilidad Internacional Estudiantes);DIPUTACIÓN PROVINCIAL DE JAÉN;888790;—;Subvención;07/10/2026;5869;https://www.dipujaen.es/portal-de-transparencia/economica-financiera/presupuestos-diputacion-jaen-2025
Concesiones;Convocatoria Jaén+ X: Formación Profesional con PLus en Europa (Línea 1 Subvenciones Movilidad Internacional Estudiantes);DIPUTACIÓN PROVINCIAL DE JAÉN;888790;—;Subvención;07/10/2026;5869;https://www.dipujaen.es/portal-de-transparencia/economica-financiera/presupuestos-diputacion-jaen-2025
Concesiones;Convocatoria Jaén+ X: Formación Profesional con PLus en Europa (Línea 1 Subvenciones Movilidad Internacional Estudiantes);DIPUTACIÓN PROVINCIAL DE JAÉN;888790;—;Subvención;07/10/2026;5869;https://www.dipujaen.es/portal-de-transparencia/economica-financiera/presupuestos-diputacion-jaen-2025
Concesiones;Convocatoria Jaén+ X: Formación Profesional con PLus en Europa (Línea 1 Subvenciones Movilidad Internacional Estudiantes);DIPUTACIÓN PROVINCIAL DE JAÉN;888790;—;Subvención;07/10/2026;5869;https://www.dipujaen.es/portal-de-transparencia/economica-financiera/presupuestos-diputacion-jaen-2025
Concesiones;Convocatoria Jaén+ X: Formación Profesional con PLus en Europa (Línea 1 Subvenciones Movilidad Internacional Estudiantes);DIPUTACIÓN PROVINCIAL DE JAÉN;888790;—;Subvención;07/10/2026;5869;https://www.dipujaen.es/portal-de-transparencia/economica-financiera/presupuestos-diputacion-jaen-2025
Concesiones;Convocatoria Jaén+ X: Formación Profesional con PLus en Europa (Línea 1 Subvenciones Movilidad Internacional Estudiantes);DIPUTACIÓN PROVINCIAL DE JAÉN;888790;—;Subvención;07/10/2026;5869;https://www.dipujaen.es/portal-de-transparencia/economica-financiera/presupuestos-diputacion-jaen-2025
Concesiones;Convocatoria Jaén+ X: Formación Profesional con PLus en Europa (Línea 1 Subvenciones Movilidad Internacional Estudiantes);DIPUTACIÓN PROVINCIAL DE JAÉN;888790;—;Subvención;07/10/2026;5869;https://www.dipujaen.es/portal-de-transparencia/economica-financiera/presupuestos-diputacion-jaen-2025
Concesiones;Convocatoria Jaén+ X: Formación Profesional con PLus en Europa (Línea 1 Subvenciones Movilidad Internacional Estudiantes);DIPUTACIÓN PROVINCIAL DE JAÉN;888790;—;Subvención;07/10/2026;5869;https://www.dipujaen.es/portal-de-transparencia/economica-financiera/presupuestos-diputacion-jaen-2025
Concesiones;Convocatoria Jaén+ X: Formación Profesional con PLus en Europa (Línea 1 Subvenciones Movilidad Internacional Estudiantes);DIPUTACIÓN PROVINCIAL DE JAÉN;888790;—;Subvención;07/10/2026;5869;https://www.dipujaen.es/portal-de-transparencia/economica-financiera/presupuestos-diputacion-jaen-2025
Concesiones;Convocatoria Jaén+ X: Formación Profesional con PLus en Europa (Línea 1 Subvenciones Movilidad Internacional Estudiantes);DIPUTACIÓN PROVINCIAL DE JAÉN;888790;—;Subvención;07/10/2026;5869;https://www.dipujaen.es/portal-de-transparencia/economica-financiera/presupuestos-diputacion-jaen-2025
Concesiones;Convocatoria Jaén+ X: Formación Profesional con PLus en Europa (Línea 1 Subvenciones Movilidad Internacional Estudiantes);DIPUTACIÓN PROVINCIAL DE JAÉN;888790;—;Subvención;07/10/2026;5869;https://www.dipujaen.es/portal-de-transparencia/economica-financiera/presupuestos-diputacion-jaen-2025
Concesiones;Convocatoria Jaén+ X: Formación Profesional con PLus en Europa (Línea 1 Subvenciones Movilidad Internacional Estudiantes);DIPUTACIÓN PROVINCIAL DE JAÉN;888790;—;Subvención;07/10/2026;5869;https://www.dipujaen.es/portal-de-transparencia/economica-financiera/presupuestos-diputacion-jaen-2025
Concesiones;Convocatoria Jaén+ X: Formación Profesional con PLus en Europa (Línea 1 Subvenciones Movilidad Internacional Estudiantes);DIPUTACIÓN PROVINCIAL DE JAÉN;888790;—;Subvención;07/10/2026;5869;https://www.dipujaen.es/portal-de-transparencia/economica-financiera/presupuestos-diputacion-jaen-2025
Concesiones;Convocatoria Jaén+ X: Formación Profesional con PLus en Europa (Línea 1 Subvenciones Movilidad Internacional Estudiantes);DIPUTACIÓN PROVINCIAL DE JAÉN;888790;—;Subvención;07/10/2026;5869;https://www.dipujaen.es/portal-de-transparencia/economica-financiera/presupuestos-diputacion-jaen-2025
Concesiones;Convocatoria Jaén+ X: Formación Profesional con PLus en Europa (Línea 1 Subvenciones Movilidad Internacional Estudiantes);DIPUTACIÓN PROVINCIAL DE JAÉN;888790;—;Subvención;07/10/2026;5869;https://www.dipujaen.es/portal-de-transparencia/economica-financiera/presupuestos-diputacion-jaen-2025
Concesiones;Convocatoria Jaén+ X: Formación Profesional con PLus en Europa (Línea 1 Subvenciones Movilidad Internacional Estudiantes);DIPUTACIÓN PROVINCIAL DE JAÉN;888790;—;Subvención;07/10/2026;5869;https://www.dipujaen.es/portal-de-transparencia/economica-financiera/presupuestos-diputacion-jaen-2025
Concesiones;Convocatoria Jaén+ X: Formación Profesional con PLus en Europa (Línea 1 Subvenciones Movilidad Internacional Estudiantes);DIPUTACIÓN PROVINCIAL DE JAÉN;888790;—;Subvención;07/10/2026;5869;https://www.dipujaen.es/portal-de-transparencia/economica-financiera/presupuestos-diputacion-jaen-2025
Concesiones;Convocatoria Jaén+ X: Formación Profesional con PLus en Europa (Línea 1 Subvenciones Movilidad Internacional Estudiantes);DIPUTACIÓN PROVINCIAL DE JAÉN;888790;—;Subvención;07/10/2026;5869;https://www.dipujaen.es/portal-de-transparencia/economica-financiera/presupuestos-diputacion-jaen-2025
Concesiones;Convocatoria Jaén+ X: Formación Profesional con PLus en Europa (Línea 1 Subvenciones Movilidad Internacional Estudiantes);DIPUTACIÓN PROVINCIAL DE JAÉN;888790;—;Subvención;07/10/2026;5869;https://www.dipujaen.es/portal-de-transparencia/economica-financiera/presupuestos-diputacion-jaen-2025
Concesiones;Convocatoria Jaén+ X: Formación Profesional con PLus en Europa (Línea 1 Subvenciones Movilidad Internacional Estudiantes);DIPUTACIÓN PROVINCIAL DE JAÉN;888790;—;Subvención;07/10/2026;5869;https://www.dipujaen.es/portal-de-transparencia/economica-financiera/presupuestos-diputacion-jaen-2025
Concesiones;Convocatoria Jaén+ X: Formación Profesional con PLus en Europa (Línea 1 Subvenciones Movilidad Internacional Estudiantes);DIPUTACIÓN PROVINCIAL DE JAÉN;888790;—;Subvención;07/10/2026;5869;https://www.dipujaen.es/portal-de-transparencia/economica-financiera/presupuestos-diputacion-jaen-2025
Concesiones;Convocatoria Jaén+ X: Formación Profesional con PLus en Europa (Línea 1 Subvenciones Movilidad Internacional Estudiantes);DIPUTACIÓN PROVINCIAL DE JAÉN;888790;—;Subvención;07/10/2026;5869;https://www.dipujaen.es/portal-de-transparencia/economica-financiera/presupuestos-diputacion-jaen-2025
Concesiones;Convocatoria Jaén+ X: Formación Profesional con PLus en Europa (Línea 1 Subvenciones Movilidad Internacional Estudiantes);DIPUTACIÓN PROVINCIAL DE JAÉN;888790;—;Subvención;07/10/2026;5869;https://www.dipujaen.es/portal-de-transparencia/economica-financiera/presupuestos-diputacion-jaen-2025
Concesiones;Convocatoria Jaén+ X: Formación Profesional con PLus en Europa (Línea 1 Subvenciones Movilidad Internacional Estudiantes);DIPUTACIÓN PROVINCIAL DE JAÉN;888790;—;Subvención;07/10/2026;5869;https://www.dipujaen.es/portal-de-transparencia/economica-financiera/presupuestos-diputacion-jaen-2025
Concesiones;Convocatoria Jaén+ X: Formación Profesional con PLus en Europa (Línea 1 Subvenciones Movilidad Internacional Estudiantes);DIPUTACIÓN PROVINCIAL DE JAÉN;888790;—;Subvención;07/10/2026;5869;https://www.dipujaen.es/portal-de-transparencia/economica-financiera/presupuestos-diputacion-jaen-2025
Concesiones;Convocatoria Jaén+ X: Formación Profesional con PLus en Europa (Línea 1 Subvenciones Movilidad Internacional Estudiantes);DIPUTACIÓN PROVINCIAL DE JAÉN;888790;—;Subvención;07/10/2026;5869;https://www.dipujaen.es/portal-de-transparencia/economica-financiera/presupuestos-diputacion-jaen-2025
Concesiones;Convocatoria Jaén+ X: Formación Profesional con PLus en Europa (Línea 1 Subvenciones Movilidad Internacional Estudiantes);DIPUTACIÓN PROVINCIAL DE JAÉN;888790;—;Subvención;07/10/2026;5869;https://www.dipujaen.es/portal-de-transparencia/economica-financiera/presupuestos-diputacion-jaen-2025
Concesiones;Convocatoria Jaén+ X: Formación Profesional con PLus en Europa (Línea 1 Subvenciones Movilidad Internacional Estudiantes);DIPUTACIÓN PROVINCIAL DE JAÉN;888790;—;Subvención;07/10/2026;5869;https://www.dipujaen.es/portal-de-transparencia/economica-financiera/presupuestos-diputacion-jaen-2025
Concesiones;Convocatoria 2026 de ayudas a la participación en ferias comerciales con productos agroalimentarios;DEPARTAMENTO DE DESARROLLO RURAL Y MEDIO AMBIENTE;901796;NATUR-ALL BBVV-2018 SL;Subvención;07/10/2026;5850;
Concesiones;PIR 2016-2019-CONCESIONES 2026 DECRETO 75/2016 DE 12 DE JULIO;CONSEJERÍA DE PRESIDENCIA, JUSTICIA Y ADMINISTRACIÓN LOCAL;900623;AYTO DE CERVERA DE BUITRAGO;Subvención;07/10/2026;5827,9;http://www.bocm.es/boletin/CM_Orden_BOCM/2016/07/14/BOCM-20160714-1.PDF
Concesiones;Resolución de la Dirección General de Economía Circular y Agenda 2030, por la que se convocan subvenciones para actividades y proyectos de educación ambiental promovidos por entidades privadas sin ánimo de lucro de Castilla-La Mancha en el año 2026;DIRECCIÓN GENERAL DE ECONOMÍA CIRCULAR;910200;MOVIMIENTO POR LA PAZ EL DESARME Y;Subvención;07/10/2026;5791,5;https://docm.jccm.es/docm/descargarArchivo.do?ruta=2022/05/13/pdf/2022_4197.pdf&tipo=rutaDocm
Concesiones;FINANCIACION EST-TRAM.ANTIC.2026 LINEA 1_INCENT.CONT.INDEF.PERS.DESEMPL.;CONSEJERÍA ECONOMÍA, HACIENDA Y EMPLEO;877746;ACELERA 360 FORMACION S.L.;Subvención;07/10/2026;5687,5;https://www.bocm.es/boletin/CM_Orden_BOCM/2024/12/30/BOCM-20241230-21.PDF
Concesiones;PIR 2016-2019-CONCESIONES 2026 DECRETO 75/2016 DE 12 DE JULIO;CONSEJERÍA DE PRESIDENCIA, JUSTICIA Y ADMINISTRACIÓN LOCAL;900623;AYTO DE CANENCIA;Subvención;07/10/2026;5626,5;http://www.bocm.es/boletin/CM_Orden_BOCM/2016/07/14/BOCM-20160714-1.PDF
Concesiones;FINANCIACION EST-TRAM.ANTIC.2026 LINEA 1_INCENT.CONT.INDEF.PERS.DESEMPL.;CONSEJERÍA ECONOMÍA, HACIENDA Y EMPLEO;877746;TALLER RPM SPORT MS, SOCIEDAD LIMITADA;Subvención;07/10/2026;5625;https://www.bocm.es/boletin/CM_Orden_BOCM/2024/12/30/BOCM-20241230-21.PDF
Concesiones;FINANCIACION EST-TRAM.ANTIC.2026 LINEA 1_INCENT.CONT.INDEF.PERS.DESEMPL.;CONSEJERÍA ECONOMÍA, HACIENDA Y EMPLEO;877746;EDIFICACIONES REFORMAS Y MANTENIMIENTOS;Subvención;07/10/2026;5625;https://www.bocm.es/boletin/CM_Orden_BOCM/2024/12/30/BOCM-20241230-21.PDF
Concesiones;FINANCIACION EST-TRAM.ANTIC.2026 LINEA 1_INCENT.CONT.INDEF.PERS.DESEMPL.;CONSEJERÍA ECONOMÍA, HACIENDA Y EMPLEO;877746;—;Subvención;07/10/2026;5625;https://www.bocm.es/boletin/CM_Orden_BOCM/2024/12/30/BOCM-20241230-21.PDF
Concesiones;FINANCIACION EST-TRAM.ANTIC.2026 LINEA 1_INCENT.CONT.INDEF.PERS.DESEMPL.;CONSEJERÍA ECONOMÍA, HACIENDA Y EMPLEO;877746;INGESCASA GESTION BERROCALES SL;Subvención;07/10/2026;5625;https://www.bocm.es/boletin/CM_Orden_BOCM/2024/12/30/BOCM-20241230-21.PDF
Concesiones;FINANCIACION EST-TRAM.ANTIC.2026 LINEA 1_INCENT.CONT.INDEF.PERS.DESEMPL.;CONSEJERÍA ECONOMÍA, HACIENDA Y EMPLEO;877746;SERVICIOS GRAFICOS COMINO LORENTE, S.AL.;Subvención;07/10/2026;5500;https://www.bocm.es/boletin/CM_Orden_BOCM/2024/12/30/BOCM-20241230-21.PDF
Concesiones;FINANCIACION EST-TRAM.ANTIC.2026 LINEA 1_INCENT.CONT.INDEF.PERS.DESEMPL.;CONSEJERÍA ECONOMÍA, HACIENDA Y EMPLEO;877746;CARNES ROJAS DE LOS PICOS DE EUROPA, S.L;Subvención;07/10/2026;5500;https://www.bocm.es/boletin/CM_Orden_BOCM/2024/12/30/BOCM-20241230-21.PDF
Concesiones;FINANCIACION EST-TRAM.ANTIC.2026 LINEA 1_INCENT.CONT.INDEF.PERS.DESEMPL.;CONSEJERÍA ECONOMÍA, HACIENDA Y EMPLEO;877746;GRANDSON GESTORIA ADMINISTRATIVA SLP;Subvención;07/10/2026;5500;https://www.bocm.es/boletin/CM_Orden_BOCM/2024/12/30/BOCM-20241230-21.PDF
Concesiones;FINANCIACION EST-TRAM.ANTIC.2026 LINEA 1_INCENT.CONT.INDEF.PERS.DESEMPL.;CONSEJERÍA ECONOMÍA, HACIENDA Y EMPLEO;877746;GRUPO CARNICO MORAN SL;Subvención;07/10/2026;5500;https://www.bocm.es/boletin/CM_Orden_BOCM/2024/12/30/BOCM-20241230-21.PDF
Concesiones;FINANCIACION EST-TRAM.ANTIC.2026 LINEA 1_INCENT.CONT.INDEF.PERS.DESEMPL.;CONSEJERÍA ECONOMÍA, HACIENDA Y EMPLEO;877746;CONSULTORIA, REGISTROS Y MANTENIMIE;Subvención;07/10/2026;5500;https://www.bocm.es/boletin/CM_Orden_BOCM/2024/12/30/BOCM-20241230-21.PDF
Concesiones;FINANCIACION EST-TRAM.ANTIC.2026 LINEA 1_INCENT.CONT.INDEF.PERS.DESEMPL.;CONSEJERÍA ECONOMÍA, HACIENDA Y EMPLEO;877746;IBANEZ VIEJO SA;Subvención;07/10/2026;5500;https://www.bocm.es/boletin/CM_Orden_BOCM/2024/12/30/BOCM-20241230-21.PDF
Concesiones;FINANCIACION EST-TRAM.ANTIC.2026 LINEA 1_INCENT.CONT.INDEF.PERS.DESEMPL.;CONSEJERÍA ECONOMÍA, HACIENDA Y EMPLEO;877746;—;Subvención;07/10/2026;5500;https://www.bocm.es/boletin/CM_Orden_BOCM/2024/12/30/BOCM-20241230-21.PDF
Concesiones;FINANCIACION EST-TRAM.ANTIC.2026 LINEA 1_INCENT.CONT.INDEF.PERS.DESEMPL.;CONSEJERÍA ECONOMÍA, HACIENDA Y EMPLEO;877746;COMESS GROUP DE RESTAURACION, S.L.;Subvención;07/10/2026;5500;https://www.bocm.es/boletin/CM_Orden_BOCM/2024/12/30/BOCM-20241230-21.PDF
Concesiones;FINANCIACION EST-TRAM.ANTIC.2026 LINEA 1_INCENT.CONT.INDEF.PERS.DESEMPL.;CONSEJERÍA ECONOMÍA, HACIENDA Y EMPLEO;877746;—;Subvención;07/10/2026;5500;https://www.bocm.es/boletin/CM_Orden_BOCM/2024/12/30/BOCM-20241230-21.PDF
Concesiones;FINANCIACION EST-TRAM.ANTIC.2026 LINEA 1_INCENT.CONT.INDEF.PERS.DESEMPL.;CONSEJERÍA ECONOMÍA, HACIENDA Y EMPLEO;877746;SANCHEZ GUERRA, S.L.;Subvención;07/10/2026;5500;https://www.bocm.es/boletin/CM_Orden_BOCM/2024/12/30/BOCM-20241230-21.PDF
Concesiones;FINANCIACION EST-TRAM.ANTIC.2026 LINEA 1_INCENT.CONT.INDEF.PERS.DESEMPL.;CONSEJERÍA ECONOMÍA, HACIENDA Y EMPLEO;877746;PLANETA POP,S.L.;Subvención;07/10/2026;5500;https://www.bocm.es/boletin/CM_Orden_BOCM/2024/12/30/BOCM-20241230-21.PDF
Concesiones;FINANCIACION EST-TRAM.ANTIC.2026 LINEA 1_INCENT.CONT.INDEF.PERS.DESEMPL.;CONSEJERÍA ECONOMÍA, HACIENDA Y EMPLEO;877746;SEUR GEOPOST, S.L.;Subvención;07/10/2026;5500;https://www.bocm.es/boletin/CM_Orden_BOCM/2024/12/30/BOCM-20241230-21.PDF
Concesiones;FINANCIACION EST-TRAM.ANTIC.2026 LINEA 1_INCENT.CONT.INDEF.PERS.DESEMPL.;CONSEJERÍA ECONOMÍA, HACIENDA Y EMPLEO;877746;THE THINKING PATH, SL;Subvención;07/10/2026;5500;https://www.bocm.es/boletin/CM_Orden_BOCM/2024/12/30/BOCM-20241230-21.PDF
Concesiones;FINANCIACION EST-TRAM.ANTIC.2026 LINEA 1_INCENT.CONT.INDEF.PERS.DESEMPL.;CONSEJERÍA ECONOMÍA, HACIENDA Y EMPLEO;877746;PANELADOS Y SERVICIOS TRES CANTOS, S.L.;Subvención;07/10/2026;5500;https://www.bocm.es/boletin/CM_Orden_BOCM/2024/12/30/BOCM-20241230-21.PDF
Concesiones;FINANCIACION EST-TRAM.ANTIC.2026 LINEA 1_INCENT.CONT.INDEF.PERS.DESEMPL.;CONSEJERÍA ECONOMÍA, HACIENDA Y EMPLEO;877746;VARONA ENERGIA,S.L.U;Subvención;07/10/2026;5500;https://www.bocm.es/boletin/CM_Orden_BOCM/2024/12/30/BOCM-20241230-21.PDF
Concesiones;FINANCIACION EST-TRAM.ANTIC.2026 LINEA 1_INCENT.CONT.INDEF.PERS.DESEMPL.;CONSEJERÍA ECONOMÍA, HACIENDA Y EMPLEO;877746;CLICK & CALL SERVICES, S.L.;Subvención;07/10/2026;5500;https://www.bocm.es/boletin/CM_Orden_BOCM/2024/12/30/BOCM-20241230-21.PDF
Concesiones;FINANCIACION EST-TRAM.ANTIC.2026 LINEA 1_INCENT.CONT.INDEF.PERS.DESEMPL.;CONSEJERÍA ECONOMÍA, HACIENDA Y EMPLEO;877746;RODRIGUEZ BONILLA, S.L.;Subvención;07/10/2026;5500;https://www.bocm.es/boletin/CM_Orden_BOCM/2024/12/30/BOCM-20241230-21.PDF
Concesiones;FINANCIACION EST-TRAM.ANTIC.2026 LINEA 1_INCENT.CONT.INDEF.PERS.DESEMPL.;CONSEJERÍA ECONOMÍA, HACIENDA Y EMPLEO;877746;NAMURA SPORT, S.L.U.;Subvención;07/10/2026;5500;https://www.bocm.es/boletin/CM_Orden_BOCM/2024/12/30/BOCM-20241230-21.PDF
Concesiones;FINANCIACION EST-TRAM.ANTIC.2026 LINEA 1_INCENT.CONT.INDEF.PERS.DESEMPL.;CONSEJERÍA ECONOMÍA, HACIENDA Y EMPLEO;877746;SANCHEZ AREVALO CB;Subvención;07/10/2026;5500;https://www.bocm.es/boletin/CM_Orden_BOCM/2024/12/30/BOCM-20241230-21.PDF
Concesiones;FINANCIACION EST-TRAM.ANTIC.2026 LINEA 1_INCENT.CONT.INDEF.PERS.DESEMPL.;CONSEJERÍA ECONOMÍA, HACIENDA Y EMPLEO;877746;MOTOSTION, S.L.;Subvención;07/10/2026;5500;https://www.bocm.es/boletin/CM_Orden_BOCM/2024/12/30/BOCM-20241230-21.PDF
Concesiones;FINANCIACION EST-TRAM.ANTIC.2026 LINEA 1_INCENT.CONT.INDEF.PERS.DESEMPL.;CONSEJERÍA ECONOMÍA, HACIENDA Y EMPLEO;877746;YDRYS LIFE, S.L;Subvención;07/10/2026;5500;https://www.bocm.es/boletin/CM_Orden_BOCM/2024/12/30/BOCM-20241230-21.PDF
Concesiones;FINANCIACION EST-TRAM.ANTIC.2026 LINEA 1_INCENT.CONT.INDEF.PERS.DESEMPL.;CONSEJERÍA ECONOMÍA, HACIENDA Y EMPLEO;877746;MOGENSEN SPAIN S.L.U.;Subvención;07/10/2026;5500;https://www.bocm.es/boletin/CM_Orden_BOCM/2024/12/30/BOCM-20241230-21.PDF
Concesiones;FINANCIACION EST-TRAM.ANTIC.2026 LINEA 1_INCENT.CONT.INDEF.PERS.DESEMPL.;CONSEJERÍA ECONOMÍA, HACIENDA Y EMPLEO;877746;SERMANRED S.L;Subvención;07/10/2026;5500;https://www.bocm.es/boletin/CM_Orden_BOCM/2024/12/30/BOCM-20241230-21.PDF
Concesiones;FINANCIACION EST-TRAM.ANTIC.2026 LINEA 1_INCENT.CONT.INDEF.PERS.DESEMPL.;CONSEJERÍA ECONOMÍA, HACIENDA Y EMPLEO;877746;NOVEX PHARMA LABORATORIOS, S.L.;Subvención;07/10/2026;5500;https://www.bocm.es/boletin/CM_Orden_BOCM/2024/12/30/BOCM-20241230-21.PDF
Concesiones;FINANCIACION EST-TRAM.ANTIC.2026 LINEA 1_INCENT.CONT.INDEF.PERS.DESEMPL.;CONSEJERÍA ECONOMÍA, HACIENDA Y EMPLEO;877746;—;Subvención;07/10/2026;5500;https://www.bocm.es/boletin/CM_Orden_BOCM/2024/12/30/BOCM-20241230-21.PDF
Concesiones;FINANCIACION EST-TRAM.ANTIC.2026 LINEA 1_INCENT.CONT.INDEF.PERS.DESEMPL.;CONSEJERÍA ECONOMÍA, HACIENDA Y EMPLEO;877746;PERROBUENO SL;Subvención;07/10/2026;5500;https://www.bocm.es/boletin/CM_Orden_BOCM/2024/12/30/BOCM-20241230-21.PDF
Concesiones;FINANCIACION EST-TRAM.ANTIC.2026 LINEA 1_INCENT.CONT.INDEF.PERS.DESEMPL.;CONSEJERÍA ECONOMÍA, HACIENDA Y EMPLEO;877746;NAYI 2012, S.L.;Subvención;07/10/2026;5500;https://www.bocm.es/boletin/CM_Orden_BOCM/2024/12/30/BOCM-20241230-21.PDF
Concesiones;FINANCIACION EST-TRAM.ANTIC.2026 LINEA 1_INCENT.CONT.INDEF.PERS.DESEMPL.;CONSEJERÍA ECONOMÍA, HACIENDA Y EMPLEO;877746;EVENTIZE GLOBAL SERVICES SL;Subvención;07/10/2026;5500;https://www.bocm.es/boletin/CM_Orden_BOCM/2024/12/30/BOCM-20241230-21.PDF
Concesiones;FINANCIACION EST-TRAM.ANTIC.2026 LINEA 1_INCENT.CONT.INDEF.PERS.DESEMPL.;CONSEJERÍA ECONOMÍA, HACIENDA Y EMPLEO;877746;AUTTOM TECHNOLOGIES, S.L.;Subvención;07/10/2026;5500;https://www.bocm.es/boletin/CM_Orden_BOCM/2024/12/30/BOCM-20241230-21.PDF
Concesiones;FINANCIACION EST-TRAM.ANTIC.2026 LINEA 1_INCENT.CONT.INDEF.PERS.DESEMPL.;CONSEJERÍA ECONOMÍA, HACIENDA Y EMPLEO;877746;ZAHGAR TOUR, S.A.;Subvención;07/10/2026;5500;https://www.bocm.es/boletin/CM_Orden_BOCM/2024/12/30/BOCM-20241230-21.PDF
Concesiones;FINANCIACION EST-TRAM.ANTIC.2026 LINEA 1_INCENT.CONT.INDEF.PERS.DESEMPL.;CONSEJERÍA ECONOMÍA, HACIENDA Y EMPLEO;877746;REHABILITACION Y TRABAJOS VERTICALES DO;Subvención;07/10/2026;5500;https://www.bocm.es/boletin/CM_Orden_BOCM/2024/12/30/BOCM-20241230-21.PDF
Concesiones;FINANCIACION EST-TRAM.ANTIC.2026 LINEA 1_INCENT.CONT.INDEF.PERS.DESEMPL.;CONSEJERÍA ECONOMÍA, HACIENDA Y EMPLEO;877746;UNA DECIMA DE SEGUNDO, S.L.;Subvención;07/10/2026;5500;https://www.bocm.es/boletin/CM_Orden_BOCM/2024/12/30/BOCM-20241230-21.PDF
Concesiones;FINANCIACION EST-TRAM.ANTIC.2026 LINEA 1_INCENT.CONT.INDEF.PERS.DESEMPL.;CONSEJERÍA ECONOMÍA, HACIENDA Y EMPLEO;877746;MERINO COMPONENTES INDUSTRIALES, S.L.;Subvención;07/10/2026;5500;https://www.bocm.es/boletin/CM_Orden_BOCM/2024/12/30/BOCM-20241230-21.PDF
Concesiones;FINANCIACION EST-TRAM.ANTIC.2026 LINEA 1_INCENT.CONT.INDEF.PERS.DESEMPL.;CONSEJERÍA ECONOMÍA, HACIENDA Y EMPLEO;877746;CONSTRUCCIONES Y REFORMAS CESPEDES;Subvención;07/10/2026;5500;https://www.bocm.es/boletin/CM_Orden_BOCM/2024/12/30/BOCM-20241230-21.PDF
Concesiones;FINANCIACION EST-TRAM.ANTIC.2026 LINEA 1_INCENT.CONT.INDEF.PERS.DESEMPL.;CONSEJERÍA ECONOMÍA, HACIENDA Y EMPLEO;877746;IRCONGAS ENERGÍAS ALTERNATIVAS AUTOMOCIÓ;Subvención;07/10/2026;5500;https://www.bocm.es/boletin/CM_Orden_BOCM/2024/12/30/BOCM-20241230-21.PDF
Concesiones;FINANCIACION EST-TRAM.ANTIC.2026 LINEA 1_INCENT.CONT.INDEF.PERS.DESEMPL.;CONSEJERÍA ECONOMÍA, HACIENDA Y EMPLEO;877746;TALLERES CARROCERIAS LOPEZ SL;Subvención;07/10/2026;5500;https://www.bocm.es/boletin/CM_Orden_BOCM/2024/12/30/BOCM-20241230-21.PDF
Concesiones;FINANCIACION EST-TRAM.ANTIC.2026 LINEA 1_INCENT.CONT.INDEF.PERS.DESEMPL.;CONSEJERÍA ECONOMÍA, HACIENDA Y EMPLEO;877746;RURAL COCKTAIL CLUB S.L;Subvención;07/10/2026;5500;https://www.bocm.es/boletin/CM_Orden_BOCM/2024/12/30/BOCM-20241230-21.PDF
Concesiones;FINANCIACION EST-TRAM.ANTIC.2026 LINEA 1_INCENT.CONT.INDEF.PERS.DESEMPL.;CONSEJERÍA ECONOMÍA, HACIENDA Y EMPLEO;877746;G.M.CHAMORRO Y CABANILLAS SL;Subvención;07/10/2026;5500;https://www.bocm.es/boletin/CM_Orden_BOCM/2024/12/30/BOCM-20241230-21.PDF
Concesiones;FINANCIACION EST-TRAM.ANTIC.2026 LINEA 1_INCENT.CONT.INDEF.PERS.DESEMPL.;CONSEJERÍA ECONOMÍA, HACIENDA Y EMPLEO;877746;NATURALEZA NATURAL SL;Subvención;07/10/2026;5500;https://www.bocm.es/boletin/CM_Orden_BOCM/2024/12/30/BOCM-20241230-21.PDF
Concesiones;FINANCIACION EST-TRAM.ANTIC.2026 LINEA 1_INCENT.CONT.INDEF.PERS.DESEMPL.;CONSEJERÍA ECONOMÍA, HACIENDA Y EMPLEO;877746;LEGANES ORGANIZACION DE FABRICADOS, S.L.;Subvención;07/10/2026;5500;https://www.bocm.es/boletin/CM_Orden_BOCM/2024/12/30/BOCM-20241230-21.PDF
Concesiones;FINANCIACION EST-TRAM.ANTIC.2026 LINEA 1_INCENT.CONT.INDEF.PERS.DESEMPL.;CONSEJERÍA ECONOMÍA, HACIENDA Y EMPLEO;877746;FATIGANDO MADRID SL;Subvención;07/10/2026;5500;https://www.bocm.es/boletin/CM_Orden_BOCM/2024/12/30/BOCM-20241230-21.PDF
Concesiones;FINANCIACION EST-TRAM.ANTIC.2026 LINEA 1_INCENT.CONT.INDEF.PERS.DESEMPL.;CONSEJERÍA ECONOMÍA, HACIENDA Y EMPLEO;877746;ENDUTEX IBERICA, S. A.;Subvención;07/10/2026;5500;https://www.bocm.es/boletin/CM_Orden_BOCM/2024/12/30/BOCM-20241230-21.PDF
Concesiones;FINANCIACION EST-TRAM.ANTIC.2026 LINEA 1_INCENT.CONT.INDEF.PERS.DESEMPL.;CONSEJERÍA ECONOMÍA, HACIENDA Y EMPLEO;877746;CENTRO VETERINARIO MUKAY, SL;Subvención;07/10/2026;5500;https://www.bocm.es/boletin/CM_Orden_BOCM/2024/12/30/BOCM-20241230-21.PDF
Concesiones;FINANCIACION EST-TRAM.ANTIC.2026 LINEA 1_INCENT.CONT.INDEF.PERS.DESEMPL.;CONSEJERÍA ECONOMÍA, HACIENDA Y EMPLEO;877746;IBERICA DE INGENIERIA SANTA ANA, S.L.;Subvención;07/10/2026;5500;https://www.bocm.es/boletin/CM_Orden_BOCM/2024/12/30/BOCM-20241230-21.PDF
Concesiones;FINANCIACION EST-TRAM.ANTIC.2026 LINEA 1_INCENT.CONT.INDEF.PERS.DESEMPL.;CONSEJERÍA ECONOMÍA, HACIENDA Y EMPLEO;877746;DECOESTECO DISEÑO, S.L.;Subvención;07/10/2026;5500;https://www.bocm.es/boletin/CM_Orden_BOCM/2024/12/30/BOCM-20241230-21.PDF
Concesiones;FINANCIACION EST-TRAM.ANTIC.2026 LINEA 1_INCENT.CONT.INDEF.PERS.DESEMPL.;CONSEJERÍA ECONOMÍA, HACIENDA Y EMPLEO;877746;HERMANOS GARCIA LOPEZ SA;Subvención;07/10/2026;5500;https://www.bocm.es/boletin/CM_Orden_BOCM/2024/12/30/BOCM-20241230-21.PDF
Concesiones;FINANCIACION EST-TRAM.ANTIC.2026 LINEA 1_INCENT.CONT.INDEF.PERS.DESEMPL.;CONSEJERÍA ECONOMÍA, HACIENDA Y EMPLEO;877746;FOX OLD, S.L.;Subvención;07/10/2026;5500;https://www.bocm.es/boletin/CM_Orden_BOCM/2024/12/30/BOCM-20241230-21.PDF
Concesiones;FINANCIACION EST-TRAM.ANTIC.2026 LINEA 1_INCENT.CONT.INDEF.PERS.DESEMPL.;CONSEJERÍA ECONOMÍA, HACIENDA Y EMPLEO;877746;AUTOS NOROESTE ALQUILER DE COCHES CON CO;Subvención;07/10/2026;5500;https://www.bocm.es/boletin/CM_Orden_BOCM/2024/12/30/BOCM-20241230-21.PDF
Concesiones;FINANCIACION EST-TRAM.ANTIC.2026 LINEA 1_INCENT.CONT.INDEF.PERS.DESEMPL.;CONSEJERÍA ECONOMÍA, HACIENDA Y EMPLEO;877746;TALAVERA, TRUJILLO Y ASOCIADOS, S.L.;Subvención;07/10/2026;5500;https://www.bocm.es/boletin/CM_Orden_BOCM/2024/12/30/BOCM-20241230-21.PDF
Concesiones;FINANCIACION EST-TRAM.ANTIC.2026 LINEA 1_INCENT.CONT.INDEF.PERS.DESEMPL.;CONSEJERÍA ECONOMÍA, HACIENDA Y EMPLEO;877746;—;Subvención;07/10/2026;5500;https://www.bocm.es/boletin/CM_Orden_BOCM/2024/12/30/BOCM-20241230-21.PDF
Concesiones;FINANCIACION EST-TRAM.ANTIC.2026 LINEA 1_INCENT.CONT.INDEF.PERS.DESEMPL.;CONSEJERÍA ECONOMÍA, HACIENDA Y EMPLEO;877746;TEXTIL REYTEX, S.L.;Subvención;07/10/2026;5500;https://www.bocm.es/boletin/CM_Orden_BOCM/2024/12/30/BOCM-20241230-21.PDF
Concesiones;FINANCIACION EST-TRAM.ANTIC.2026 LINEA 1_INCENT.CONT.INDEF.PERS.DESEMPL.;CONSEJERÍA ECONOMÍA, HACIENDA Y EMPLEO;877746;—;Subvención;07/10/2026;5400;https://www.bocm.es/boletin/CM_Orden_BOCM/2024/12/30/BOCM-20241230-21.PDF
Concesiones;FINANCIACION EST-TRAM.ANTIC.2026 LINEA 1_INCENT.CONT.INDEF.PERS.DESEMPL.;CONSEJERÍA ECONOMÍA, HACIENDA Y EMPLEO;877746;J I GESTORIA ADMINISTRATIVA, S.L.P.;Subvención;07/10/2026;5400;https://www.bocm.es/boletin/CM_Orden_BOCM/2024/12/30/BOCM-20241230-21.PDF
Concesiones;FINANCIACION EST-TRAM.ANTIC.2026 LINEA 1_INCENT.CONT.INDEF.PERS.DESEMPL.;CONSEJERÍA ECONOMÍA, HACIENDA Y EMPLEO;877746;SBR CLEAN, S.L.;Subvención;07/10/2026;5382;https://www.bocm.es/boletin/CM_Orden_BOCM/2024/12/30/BOCM-20241230-21.PDF
Concesiones;Convocatoria Jaén+ X: Formación Profesional con PLus en Europa (Línea 1 Subvenciones Movilidad Internacional Estudiantes);DIPUTACIÓN PROVINCIAL DE JAÉN;888790;—;Subvención;07/10/2026;5275;https://www.dipujaen.es/portal-de-transparencia/economica-financiera/presupuestos-diputacion-jaen-2025
Concesiones;Convocatoria Jaén+ X: Formación Profesional con PLus en Europa (Línea 1 Subvenciones Movilidad Internacional Estudiantes);DIPUTACIÓN PROVINCIAL DE JAÉN;888790;—;Subvención;07/10/2026;5275;https://www.dipujaen.es/portal-de-transparencia/economica-financiera/presupuestos-diputacion-jaen-2025
Concesiones;Convocatoria Jaén+ X: Formación Profesional con PLus en Europa (Línea 1 Subvenciones Movilidad Internacional Estudiantes);DIPUTACIÓN PROVINCIAL DE JAÉN;888790;—;Subvención;07/10/2026;5275;https://www.dipujaen.es/portal-de-transparencia/economica-financiera/presupuestos-diputacion-jaen-2025
Concesiones;Convocatoria Jaén+ X: Formación Profesional con PLus en Europa (Línea 1 Subvenciones Movilidad Internacional Estudiantes);DIPUTACIÓN PROVINCIAL DE JAÉN;888790;—;Subvención;07/10/2026;5275;https://www.dipujaen.es/portal-de-transparencia/economica-financiera/presupuestos-diputacion-jaen-2025
Concesiones;Convocatoria Jaén+ X: Formación Profesional con PLus en Europa (Línea 1 Subvenciones Movilidad Internacional Estudiantes);DIPUTACIÓN PROVINCIAL DE JAÉN;888790;—;Subvención;07/10/2026;5275;https://www.dipujaen.es/portal-de-transparencia/economica-financiera/presupuestos-diputacion-jaen-2025
Concesiones;Convocatoria Jaén+ X: Formación Profesional con PLus en Europa (Línea 1 Subvenciones Movilidad Internacional Estudiantes);DIPUTACIÓN PROVINCIAL DE JAÉN;888790;—;Subvención;07/10/2026;5275;https://www.dipujaen.es/portal-de-transparencia/economica-financiera/presupuestos-diputacion-jaen-2025
Concesiones;Convocatoria Jaén+ X: Formación Profesional con PLus en Europa (Línea 1 Subvenciones Movilidad Internacional Estudiantes);DIPUTACIÓN PROVINCIAL DE JAÉN;888790;—;Subvención;07/10/2026;5275;https://www.dipujaen.es/portal-de-transparencia/economica-financiera/presupuestos-diputacion-jaen-2025
Concesiones;Convocatoria Jaén+ X: Formación Profesional con PLus en Europa (Línea 1 Subvenciones Movilidad Internacional Estudiantes);DIPUTACIÓN PROVINCIAL DE JAÉN;888790;—;Subvención;07/10/2026;5275;https://www.dipujaen.es/portal-de-transparencia/economica-financiera/presupuestos-diputacion-jaen-2025
Concesiones;Convocatoria Jaén+ X: Formación Profesional con PLus en Europa (Línea 1 Subvenciones Movilidad Internacional Estudiantes);DIPUTACIÓN PROVINCIAL DE JAÉN;888790;—;Subvención;07/10/2026;5275;https://www.dipujaen.es/portal-de-transparencia/economica-financiera/presupuestos-diputacion-jaen-2025
Concesiones;Convocatoria Jaén+ X: Formación Profesional con PLus en Europa (Línea 1 Subvenciones Movilidad Internacional Estudiantes);DIPUTACIÓN PROVINCIAL DE JAÉN;888790;—;Subvención;07/10/2026;5275;https://www.dipujaen.es/portal-de-transparencia/economica-financiera/presupuestos-diputacion-jaen-2025
Concesiones;Convocatoria Jaén+ X: Formación Profesional con PLus en Europa (Línea 1 Subvenciones Movilidad Internacional Estudiantes);DIPUTACIÓN PROVINCIAL DE JAÉN;888790;—;Subvención;07/10/2026;5275;https://www.dipujaen.es/portal-de-transparencia/economica-financiera/presupuestos-diputacion-jaen-2025
Concesiones;Convocatoria Jaén+ X: Formación Profesional con PLus en Europa (Línea 1 Subvenciones Movilidad Internacional Estudiantes);DIPUTACIÓN PROVINCIAL DE JAÉN;888790;—;Subvención;07/10/2026;5275;https://www.dipujaen.es/portal-de-transparencia/economica-financiera/presupuestos-diputacion-jaen-2025
Concesiones;Convocatoria Jaén+ X: Formación Profesional con PLus en Europa (Línea 1 Subvenciones Movilidad Internacional Estudiantes);DIPUTACIÓN PROVINCIAL DE JAÉN;888790;—;Subvención;07/10/2026;5275;https://www.dipujaen.es/portal-de-transparencia/economica-financiera/presupuestos-diputacion-jaen-2025
Concesiones;Convocatoria Jaén+ X: Formación Profesional con PLus en Europa (Línea 1 Subvenciones Movilidad Internacional Estudiantes);DIPUTACIÓN PROVINCIAL DE JAÉN;888790;—;Subvención;07/10/2026;5275;https://www.dipujaen.es/portal-de-transparencia/economica-financiera/presupuestos-diputacion-jaen-2025
Concesiones;Convocatoria Jaén+ X: Formación Profesional con PLus en Europa (Línea 1 Subvenciones Movilidad Internacional Estudiantes);DIPUTACIÓN PROVINCIAL DE JAÉN;888790;—;Subvención;07/10/2026;5275;https://www.dipujaen.es/portal-de-transparencia/economica-financiera/presupuestos-diputacion-jaen-2025
Concesiones;Convocatoria Jaén+ X: Formación Profesional con PLus en Europa (Línea 1 Subvenciones Movilidad Internacional Estudiantes);DIPUTACIÓN PROVINCIAL DE JAÉN;888790;—;Subvención;07/10/2026;5275;https://www.dipujaen.es/portal-de-transparencia/economica-financiera/presupuestos-diputacion-jaen-2025
Concesiones;Convocatoria Jaén+ X: Formación Profesional con PLus en Europa (Línea 1 Subvenciones Movilidad Internacional Estudiantes);DIPUTACIÓN PROVINCIAL DE JAÉN;888790;—;Subvención;07/10/2026;5275;https://www.dipujaen.es/portal-de-transparencia/economica-financiera/presupuestos-diputacion-jaen-2025
Concesiones;Convocatoria Jaén+ X: Formación Profesional con PLus en Europa (Línea 1 Subvenciones Movilidad Internacional Estudiantes);DIPUTACIÓN PROVINCIAL DE JAÉN;888790;—;Subvención;07/10/2026;5275;https://www.dipujaen.es/portal-de-transparencia/economica-financiera/presupuestos-diputacion-jaen-2025
Concesiones;Convocatoria Jaén+ X: Formación Profesional con PLus en Europa (Línea 1 Subvenciones Movilidad Internacional Estudiantes);DIPUTACIÓN PROVINCIAL DE JAÉN;888790;—;Subvención;07/10/2026;5275;https://www.dipujaen.es/portal-de-transparencia/economica-financiera/presupuestos-diputacion-jaen-2025
Concesiones;Convocatoria Jaén+ X: Formación Profesional con PLus en Europa (Línea 1 Subvenciones Movilidad Internacional Estudiantes);DIPUTACIÓN PROVINCIAL DE JAÉN;888790;—;Subvención;07/10/2026;5275;https://www.dipujaen.es/portal-de-transparencia/economica-financiera/presupuestos-diputacion-jaen-2025
Concesiones;Convocatoria Jaén+ X: Formación Profesional con PLus en Europa (Línea 1 Subvenciones Movilidad Internacional Estudiantes);DIPUTACIÓN PROVINCIAL DE JAÉN;888790;—;Subvención;07/10/2026;5275;https://www.dipujaen.es/portal-de-transparencia/economica-financiera/presupuestos-diputacion-jaen-2025
Concesiones;Convocatoria Jaén+ X: Formación Profesional con PLus en Europa (Línea 1 Subvenciones Movilidad Internacional Estudiantes);DIPUTACIÓN PROVINCIAL DE JAÉN;888790;—;Subvención;07/10/2026;5275;https://www.dipujaen.es/portal-de-transparencia/economica-financiera/presupuestos-diputacion-jaen-2025
Concesiones;Convocatoria Jaén+ X: Formación Profesional con PLus en Europa (Línea 1 Subvenciones Movilidad Internacional Estudiantes);DIPUTACIÓN PROVINCIAL DE JAÉN;888790;—;Subvención;07/10/2026;5275;https://www.dipujaen.es/portal-de-transparencia/economica-financiera/presupuestos-diputacion-jaen-2025
Concesiones;Convocatoria Jaén+ X: Formación Profesional con PLus en Europa (Línea 1 Subvenciones Movilidad Internacional Estudiantes);DIPUTACIÓN PROVINCIAL DE JAÉN;888790;—;Subvención;07/10/2026;5275;https://www.dipujaen.es/portal-de-transparencia/economica-financiera/presupuestos-diputacion-jaen-2025
Concesiones;Convocatoria Jaén+ X: Formación Profesional con PLus en Europa (Línea 1 Subvenciones Movilidad Internacional Estudiantes);DIPUTACIÓN PROVINCIAL DE JAÉN;888790;—;Subvención;07/10/2026;5275;https://www.dipujaen.es/portal-de-transparencia/economica-financiera/presupuestos-diputacion-jaen-2025
Concesiones;Orde do 30 de decembro de 2025, pola que se establecen as bases reguladoras dos programas de axuda ás persoas traballadoras autónomas TR341D;CONSELLERÍA DE EMPLEO, COMERCIO Y EMIGRACIÓN;884382;—;Subvención;07/10/2026;5200;https://www.xunta.gal/diario-oficial-galicia/portalPublicoHome.do?lang=es
Concesiones;Orde do 30 de decembro de 2025, pola que se establecen as bases reguladoras dos programas de axuda ás persoas traballadoras autónomas TR341D;CONSELLERÍA DE EMPLEO, COMERCIO Y EMIGRACIÓN;884382;—;Subvención;07/10/2026;5200;https://www.xunta.gal/diario-oficial-galicia/portalPublicoHome.do?lang=es
Concesiones;BONO ALQUILER JOVEN 2026;CONSEJERÍA DE POLÍTICA LOCAL, INFRAESTRUCTURAS Y LUCHA CONTRA LA DESPOBLACIÓN;908997;—;Subvención;07/10/2026;5018,64;https://www.boe.es/boe/dias/2022/01/19/pdfs/BOE-A-2022-802.pdf
Concesiones;FINANCIACION EST-TRAM.ANTIC.2026 LINEA 1_INCENT.CONT.INDEF.PERS.DESEMPL.;CONSEJERÍA ECONOMÍA, HACIENDA Y EMPLEO;877746;PELUSANA STYLE.S.L;Subvención;07/10/2026;4812,5;https://www.bocm.es/boletin/CM_Orden_BOCM/2024/12/30/BOCM-20241230-21.PDF
Concesiones;FINANCIACION EST-TRAM.ANTIC.2026 LINEA 1_INCENT.CONT.INDEF.PERS.DESEMPL.;CONSEJERÍA ECONOMÍA, HACIENDA Y EMPLEO;877746;LES KINES VEOLI, S.L;Subvención;07/10/2026;4800;https://www.bocm.es/boletin/CM_Orden_BOCM/2024/12/30/BOCM-20241230-21.PDF
Concesiones;AYUDAS MERCADOS Y GALERÍAS COMERCIALES 2026;CONSEJERÍA ECONOMÍA, HACIENDA Y EMPLEO;915218;CDAD PROP GALERIA COMERCIAL OESTE CL TOL;Subvención;07/10/2026;4630,6;https://www.bocm.es/boletin/CM_Orden_BOCM/2025/08/14/BOCM-20250814-8.PDF
Concesiones;FINANCIACION EST-TRAM.ANTIC.2026 LINEA 1_INCENT.CONT.INDEF.PERS.DESEMPL.;CONSEJERÍA ECONOMÍA, HACIENDA Y EMPLEO;877746;D & W CONSULTING AND CLEANING ADVICESL;Subvención;07/10/2026;4614;https://www.bocm.es/boletin/CM_Orden_BOCM/2024/12/30/BOCM-20241230-21.PDF
Concesiones;Orde do 30 de decembro de 2025, pola que se establecen as bases reguladoras dos programas de axuda ás persoas traballadoras autónomas TR341D;CONSELLERÍA DE EMPLEO, COMERCIO Y EMIGRACIÓN;884382;—;Subvención;07/10/2026;4600;https://www.xunta.gal/diario-oficial-galicia/portalPublicoHome.do?lang=es
Concesiones;Orde do 30 de decembro de 2025, pola que se establecen as bases reguladoras dos programas de axuda ás persoas traballadoras autónomas TR341D;CONSELLERÍA DE EMPLEO, COMERCIO Y EMIGRACIÓN;884382;—;Subvención;07/10/2026;4600;https://www.xunta.gal/diario-oficial-galicia/portalPublicoHome.do?lang=es
Concesiones;Orde do 30 de decembro de 2025, pola que se establecen as bases reguladoras dos programas de axuda ás persoas traballadoras autónomas TR341D;CONSELLERÍA DE EMPLEO, COMERCIO Y EMIGRACIÓN;884382;—;Subvención;07/10/2026;4600;https://www.xunta.gal/diario-oficial-galicia/portalPublicoHome.do?lang=es
Concesiones;Orde do 30 de decembro de 2025, pola que se establecen as bases reguladoras dos programas de axuda ás persoas traballadoras autónomas TR341D;CONSELLERÍA DE EMPLEO, COMERCIO Y EMIGRACIÓN;884382;—;Subvención;07/10/2026;4600;https://www.xunta.gal/diario-oficial-galicia/portalPublicoHome.do?lang=es
Concesiones;Orde do 30 de decembro de 2025, pola que se establecen as bases reguladoras dos programas de axuda ás persoas traballadoras autónomas TR341D;CONSELLERÍA DE EMPLEO, COMERCIO Y EMIGRACIÓN;884382;—;Subvención;07/10/2026;4600;https://www.xunta.gal/diario-oficial-galicia/portalPublicoHome.do?lang=es
Concesiones;Orde do 30 de decembro de 2025, pola que se establecen as bases reguladoras dos programas de axuda ás persoas traballadoras autónomas TR341D;CONSELLERÍA DE EMPLEO, COMERCIO Y EMIGRACIÓN;884382;—;Subvención;07/10/2026;4600;https://www.xunta.gal/diario-oficial-galicia/portalPublicoHome.do?lang=es
Concesiones;Orde do 30 de decembro de 2025, pola que se establecen as bases reguladoras dos programas de axuda ás persoas traballadoras autónomas TR341D;CONSELLERÍA DE EMPLEO, COMERCIO Y EMIGRACIÓN;884382;—;Subvención;07/10/2026;4600;https://www.xunta.gal/diario-oficial-galicia/portalPublicoHome.do?lang=es
Concesiones;Orde do 30 de decembro de 2025, pola que se establecen as bases reguladoras dos programas de axuda ás persoas traballadoras autónomas TR341D;CONSELLERÍA DE EMPLEO, COMERCIO Y EMIGRACIÓN;884382;—;Subvención;07/10/2026;4600;https://www.xunta.gal/diario-oficial-galicia/portalPublicoHome.do?lang=es
Concesiones;Orde do 30 de decembro de 2025, pola que se establecen as bases reguladoras dos programas de axuda ás persoas traballadoras autónomas TR341D;CONSELLERÍA DE EMPLEO, COMERCIO Y EMIGRACIÓN;884382;—;Subvención;07/10/2026;4600;https://www.xunta.gal/diario-oficial-galicia/portalPublicoHome.do?lang=es
Concesiones;Orde do 30 de decembro de 2025, pola que se establecen as bases reguladoras dos programas de axuda ás persoas traballadoras autónomas TR341D;CONSELLERÍA DE EMPLEO, COMERCIO Y EMIGRACIÓN;884382;—;Subvención;07/10/2026;4600;https://www.xunta.gal/diario-oficial-galicia/portalPublicoHome.do?lang=es
Concesiones;Convocatoria Jaén+ X: Formación Profesional con PLus en Europa (Línea 1 Subvenciones Movilidad Internacional Estudiantes);DIPUTACIÓN PROVINCIAL DE JAÉN;888790;—;Subvención;07/10/2026;4567;https://www.dipujaen.es/portal-de-transparencia/economica-financiera/presupuestos-diputacion-jaen-2025
Concesiones;Convocatoria Jaén+ X: Formación Profesional con PLus en Europa (Línea 1 Subvenciones Movilidad Internacional Estudiantes);DIPUTACIÓN PROVINCIAL DE JAÉN;888790;—;Subvención;07/10/2026;4567;https://www.dipujaen.es/portal-de-transparencia/economica-financiera/presupuestos-diputacion-jaen-2025
Concesiones;Convocatoria Jaén+ X: Formación Profesional con PLus en Europa (Línea 1 Subvenciones Movilidad Internacional Estudiantes);DIPUTACIÓN PROVINCIAL DE JAÉN;888790;—;Subvención;07/10/2026;4567;https://www.dipujaen.es/portal-de-transparencia/economica-financiera/presupuestos-diputacion-jaen-2025
Concesiones;Convocatoria Jaén+ X: Formación Profesional con PLus en Europa (Línea 1 Subvenciones Movilidad Internacional Estudiantes);DIPUTACIÓN PROVINCIAL DE JAÉN;888790;—;Subvención;07/10/2026;4567;https://www.dipujaen.es/portal-de-transparencia/economica-financiera/presupuestos-diputacion-jaen-2025
Concesiones;Convocatoria Jaén+ X: Formación Profesional con PLus en Europa (Línea 1 Subvenciones Movilidad Internacional Estudiantes);DIPUTACIÓN PROVINCIAL DE JAÉN;888790;—;Subvención;07/10/2026;4567;https://www.dipujaen.es/portal-de-transparencia/economica-financiera/presupuestos-diputacion-jaen-2025
Concesiones;Convocatoria Jaén+ X: Formación Profesional con PLus en Europa (Línea 1 Subvenciones Movilidad Internacional Estudiantes);DIPUTACIÓN PROVINCIAL DE JAÉN;888790;—;Subvención;07/10/2026;4567;https://www.dipujaen.es/portal-de-transparencia/economica-financiera/presupuestos-diputacion-jaen-2025
Concesiones;Convocatoria Jaén+ X: Formación Profesional con PLus en Europa (Línea 1 Subvenciones Movilidad Internacional Estudiantes);DIPUTACIÓN PROVINCIAL DE JAÉN;888790;—;Subvención;07/10/2026;4567;https://www.dipujaen.es/portal-de-transparencia/economica-financiera/presupuestos-diputacion-jaen-2025
Concesiones;Convocatoria Jaén+ X: Formación Profesional con PLus en Europa (Línea 1 Subvenciones Movilidad Internacional Estudiantes);DIPUTACIÓN PROVINCIAL DE JAÉN;888790;—;Subvención;07/10/2026;4567;https://www.dipujaen.es/portal-de-transparencia/economica-financiera/presupuestos-diputacion-jaen-2025
Concesiones;Convocatoria Jaén+ X: Formación Profesional con PLus en Europa (Línea 1 Subvenciones Movilidad Internacional Estudiantes);DIPUTACIÓN PROVINCIAL DE JAÉN;888790;—;Subvención;07/10/2026;4567;https://www.dipujaen.es/portal-de-transparencia/economica-financiera/presupuestos-diputacion-jaen-2025
Concesiones;Convocatoria Jaén+ X: Formación Profesional con PLus en Europa (Línea 1 Subvenciones Movilidad Internacional Estudiantes);DIPUTACIÓN PROVINCIAL DE JAÉN;888790;—;Subvención;07/10/2026;4567;https://www.dipujaen.es/portal-de-transparencia/economica-financiera/presupuestos-diputacion-jaen-2025
Concesiones;Convocatoria Jaén+ X: Formación Profesional con PLus en Europa (Línea 1 Subvenciones Movilidad Internacional Estudiantes);DIPUTACIÓN PROVINCIAL DE JAÉN;888790;—;Subvención;07/10/2026;4567;https://www.dipujaen.es/portal-de-transparencia/economica-financiera/presupuestos-diputacion-jaen-2025
Concesiones;Convocatoria Jaén+ X: Formación Profesional con PLus en Europa (Línea 1 Subvenciones Movilidad Internacional Estudiantes);DIPUTACIÓN PROVINCIAL DE JAÉN;888790;—;Subvención;07/10/2026;4567;https://www.dipujaen.es/portal-de-transparencia/economica-financiera/presupuestos-diputacion-jaen-2025
Concesiones;Convocatoria Jaén+ X: Formación Profesional con PLus en Europa (Línea 1 Subvenciones Movilidad Internacional Estudiantes);DIPUTACIÓN PROVINCIAL DE JAÉN;888790;—;Subvención;07/10/2026;4567;https://www.dipujaen.es/portal-de-transparencia/economica-financiera/presupuestos-diputacion-jaen-2025
Concesiones;Convocatoria Jaén+ X: Formación Profesional con PLus en Europa (Línea 1 Subvenciones Movilidad Internacional Estudiantes);DIPUTACIÓN PROVINCIAL DE JAÉN;888790;—;Subvención;07/10/2026;4567;https://www.dipujaen.es/portal-de-transparencia/economica-financiera/presupuestos-diputacion-jaen-2025
Concesiones;Convocatoria Jaén+ X: Formación Profesional con PLus en Europa (Línea 1 Subvenciones Movilidad Internacional Estudiantes);DIPUTACIÓN PROVINCIAL DE JAÉN;888790;—;Subvención;07/10/2026;4567;https://www.dipujaen.es/portal-de-transparencia/economica-financiera/presupuestos-diputacion-jaen-2025
Concesiones;Convocatoria Jaén+ X: Formación Profesional con PLus en Europa (Línea 1 Subvenciones Movilidad Internacional Estudiantes);DIPUTACIÓN PROVINCIAL DE JAÉN;888790;—;Subvención;07/10/2026;4567;https://www.dipujaen.es/portal-de-transparencia/economica-financiera/presupuestos-diputacion-jaen-2025
Concesiones;Convocatoria Jaén+ X: Formación Profesional con PLus en Europa (Línea 1 Subvenciones Movilidad Internacional Estudiantes);DIPUTACIÓN PROVINCIAL DE JAÉN;888790;—;Subvención;07/10/2026;4567;https://www.dipujaen.es/portal-de-transparencia/economica-financiera/presupuestos-diputacion-jaen-2025
Concesiones;Convocatoria Jaén+ X: Formación Profesional con PLus en Europa (Línea 1 Subvenciones Movilidad Internacional Estudiantes);DIPUTACIÓN PROVINCIAL DE JAÉN;888790;—;Subvención;07/10/2026;4567;https://www.dipujaen.es/portal-de-transparencia/economica-financiera/presupuestos-diputacion-jaen-2025
Concesiones;Convocatoria Jaén+ X: Formación Profesional con PLus en Europa (Línea 1 Subvenciones Movilidad Internacional Estudiantes);DIPUTACIÓN PROVINCIAL DE JAÉN;888790;—;Subvención;07/10/2026;4567;https://www.dipujaen.es/portal-de-transparencia/economica-financiera/presupuestos-diputacion-jaen-2025
Concesiones;FINANCIACION EST-TRAM.ANTIC.2026 LINEA 1_INCENT.CONT.INDEF.PERS.DESEMPL.;CONSEJERÍA ECONOMÍA, HACIENDA Y EMPLEO;877746;CONSTRUCCIONES GILSA, S.L.;Subvención;07/10/2026;4500;https://www.bocm.es/boletin/CM_Orden_BOCM/2024/12/30/BOCM-20241230-21.PDF
Concesiones;FINANCIACION EST-TRAM.ANTIC.2026 LINEA 1_INCENT.CONT.INDEF.PERS.DESEMPL.;CONSEJERÍA ECONOMÍA, HACIENDA Y EMPLEO;877746;LEXJETRO ASESORES S.L.;Subvención;07/10/2026;4500;https://www.bocm.es/boletin/CM_Orden_BOCM/2024/12/30/BOCM-20241230-21.PDF
Concesiones;FINANCIACION EST-TRAM.ANTIC.2026 LINEA 1_INCENT.CONT.INDEF.PERS.DESEMPL.;CONSEJERÍA ECONOMÍA, HACIENDA Y EMPLEO;877746;ISPAS CONSULTING & MANAGEMENT, SL;Subvención;07/10/2026;4500;https://www.bocm.es/boletin/CM_Orden_BOCM/2024/12/30/BOCM-20241230-21.PDF
Concesiones;FINANCIACION EST-TRAM.ANTIC.2026 LINEA 1_INCENT.CONT.INDEF.PERS.DESEMPL.;CONSEJERÍA ECONOMÍA, HACIENDA Y EMPLEO;877746;—;Subvención;07/10/2026;4500;https://www.bocm.es/boletin/CM_Orden_BOCM/2024/12/30/BOCM-20241230-21.PDF
Concesiones;Resolución de la Dirección General de Economía Circular y Agenda 2030, por la que se convocan subvenciones para actividades y proyectos de educación ambiental promovidos por entidades privadas sin ánimo de lucro de Castilla-La Mancha en el año 2026;DIRECCIÓN GENERAL DE ECONOMÍA CIRCULAR;910200;ASOCIACION DEL BOSQUE A TU CASA;Subvención;07/10/2026;4500;https://docm.jccm.es/docm/descargarArchivo.do?ruta=2022/05/13/pdf/2022_4197.pdf&tipo=rutaDocm
Concesiones;Resolución de 7 de abril de 2025, de la Consejería de Medio Rural y Política Agraria, por la que se aprueban las Bases Reguladoras y la Convocatoria de las Intervenciones en forma de pagos directos a la agricultura y a la ganadería y de las Intervenciones;CONSEJERÍA DE MEDIO RURAL Y POLÍTICA AGRARIA;825858;HERENCIA YACENTE MIGUEL VALDÉS;Subvención;07/10/2026;4417,7;https://www.mapa.gob.es/es/pac/pac-2023-2027/plan-estrategico-pac.aspx
Concesiones;BONO ALQUILER JOVEN 2026;CONSEJERÍA DE POLÍTICA LOCAL, INFRAESTRUCTURAS Y LUCHA CONTRA LA DESPOBLACIÓN;908997;—;Subvención;07/10/2026;4320;https://www.boe.es/boe/dias/2022/01/19/pdfs/BOE-A-2022-802.pdf
Concesiones;Ayudas a la destilación de subproductos de la vinificación ISV 2024;CONSEJERÍA DE AGRICULTURA, GANADERÍA, MUNDO RURAL Y MEDIO AMBIENTE;841361;LA ALCOHOLERA DE LA RIOJA, EBRO,DUERO,SA;Subvención;07/10/2026;4286,9;https://www.boe.es/buscar/doc.php?id=BOE-A-2022-17475
Concesiones;TRAM. ANTICIPADA.FOM. EMPREND. COLECT 2026. 3ª LINEA. INVERSIONES;CONSEJERÍA ECONOMÍA, HACIENDA Y EMPLEO;883180;ZAZO FITNESS, S.L.L;Subvención;07/10/2026;4227,88;https://www.bocm.es/boletin/CM_Orden_BOCM/2024/12/30/BOCM-20241230-20.PDF
Concesiones;Convocatoria Jaén+ X: Formación Profesional con PLus en Europa (Línea 1 Subvenciones Movilidad Internacional Estudiantes);DIPUTACIÓN PROVINCIAL DE JAÉN;888790;—;Subvención;07/10/2026;4123;https://www.dipujaen.es/portal-de-transparencia/economica-financiera/presupuestos-diputacion-jaen-2025
Concesiones;Resolución de 7 de abril de 2025, de la Consejería de Medio Rural y Política Agraria, por la que se aprueban las Bases Reguladoras y la Convocatoria de las Intervenciones en forma de pagos directos a la agricultura y a la ganadería y de las Intervenciones;CONSEJERÍA DE MEDIO RURAL Y POLÍTICA AGRARIA;825858;COMUNIDAD DE HEREDEROS DE ROSARIO;Subvención;07/10/2026;4051,3;https://www.mapa.gob.es/es/pac/pac-2023-2027/plan-estrategico-pac.aspx
Concesiones;Orde do 30 de decembro de 2025, pola que se establecen as bases reguladoras dos programas de axuda ás persoas traballadoras autónomas TR341D;CONSELLERÍA DE EMPLEO, COMERCIO Y EMIGRACIÓN;884382;—;Subvención;07/10/2026;4000;https://www.xunta.gal/diario-oficial-galicia/portalPublicoHome.do?lang=es
Concesiones;Orde do 30 de decembro de 2025, pola que se establecen as bases reguladoras dos programas de axuda ás persoas traballadoras autónomas TR341D;CONSELLERÍA DE EMPLEO, COMERCIO Y EMIGRACIÓN;884382;—;Subvención;07/10/2026;4000;https://www.xunta.gal/diario-oficial-galicia/portalPublicoHome.do?lang=es
Concesiones;Orde do 30 de decembro de 2025, pola que se establecen as bases reguladoras dos programas de axuda ás persoas traballadoras autónomas TR341D;CONSELLERÍA DE EMPLEO, COMERCIO Y EMIGRACIÓN;884382;—;Subvención;07/10/2026;4000;https://www.xunta.gal/diario-oficial-galicia/portalPublicoHome.do?lang=es
Concesiones;Orde do 30 de decembro de 2025, pola que se establecen as bases reguladoras dos programas de axuda ás persoas traballadoras autónomas TR341D;CONSELLERÍA DE EMPLEO, COMERCIO Y EMIGRACIÓN;884382;—;Subvención;07/10/2026;4000;https://www.xunta.gal/diario-oficial-galicia/portalPublicoHome.do?lang=es
Concesiones;AYUDAS MERCADOS Y GALERÍAS COMERCIALES 2026;CONSEJERÍA ECONOMÍA, HACIENDA Y EMPLEO;915218;CDAD PROP CENTRO COMERCIAL BOISAN II PS;Subvención;07/10/2026;3962,5;https://www.bocm.es/boletin/CM_Orden_BOCM/2025/08/14/BOCM-20250814-8.PDF
Concesiones;Resolución de 26/02/2026, por la que se publican los créditos disponibles, en el ejercicio 2026, para la financiación de las diversas líneas de ayuda previstas en el Decreto 91/2022.;DIRECCIÓN GENERAL DE AUTÓNOMOS, TRABAJO Y ECONOMÍA SOCIAL;890577;COOPERACTIVA FUND.PROM.C.AGROALIM.;Subvención;07/10/2026;3901,38;https://docm.jccm.es/docm/descargarArchivo.do?ruta=2022/08/23/pdf/2022_7821.pdf&tipo=rutaDocm
Concesiones;Convocatoria 2026 de ayudas a la participación en ferias comerciales con productos agroalimentarios;DEPARTAMENTO DE DESARROLLO RURAL Y MEDIO AMBIENTE;901796;SAT LIMITADA GARCIA GARCIA 734 NA;Subvención;07/10/2026;3776,25;
Concesiones;Convocatoria 2026 de ayudas a la participación en ferias comerciales con productos agroalimentarios;DEPARTAMENTO DE DESARROLLO RURAL Y MEDIO AMBIENTE;901796;ASENSIO VIÑEDOS Y BODEGAS SL;Subvención;07/10/2026;3776,25;
Concesiones;Convocatoria 2026 de ayudas a la participación en ferias comerciales con productos agroalimentarios;DEPARTAMENTO DE DESARROLLO RURAL Y MEDIO AMBIENTE;901796;SOCIEDAD COOPERATIVA BODEGA DE ESLAVA;Subvención;07/10/2026;3776,25;
Concesiones;Convocatoria 2026 de ayudas a la participación en ferias comerciales con productos agroalimentarios;DEPARTAMENTO DE DESARROLLO RURAL Y MEDIO AMBIENTE;901796;BODEGA COOPERATIVA NUESTRA SEÑORA DEL ROMERO;Subvención;07/10/2026;3776,25;
Concesiones;Convocatoria 2026 de ayudas a la participación en ferias comerciales con productos agroalimentarios;DEPARTAMENTO DE DESARROLLO RURAL Y MEDIO AMBIENTE;901796;BODEGA COOPERATIVA SAN FRANCISCO JAVIER;Subvención;07/10/2026;3776,25;
Concesiones;Resolución por la que se publica el crédito disponible, en el ejercicio 2026, para atender las ayudas previstas en el Decreto 104/2025, de 23 de diciembre, de concesión directa de subvenciones en el marco del Programa Retorno del Talento. No mínimis.;VICECONSEJERÍA DE EMPLEO, DIÁLOGO SOCIAL Y SEGURIDAD Y SALUD LABORAL;897595;—;Subvención;07/10/2026;3752,4;https://docm.jccm.es/docm/descargarArchivo.do?ruta=2025/12/30/pdf/2025_9955.pdf&tipo=rutaDocm
Concesiones;Orden de 15/04/2026, de la Consejería de Fomento, por la que se establecen las bases reguladoras y se efectúa la convocatoria de las ayudas al alquiler de vivienda en Castilla-La Mancha. 2026;DIRECCIÓN GENERAL DE VIVIENDA;900401;—;Subvención;07/10/2026;3720;
Concesiones;Convocatoria Jaén+ X: Formación Profesional con PLus en Europa (Línea 1 Subvenciones Movilidad Internacional Estudiantes);DIPUTACIÓN PROVINCIAL DE JAÉN;888790;—;Subvención;07/10/2026;3709;https://www.dipujaen.es/portal-de-transparencia/economica-financiera/presupuestos-diputacion-jaen-2025
Concesiones;Convocatoria Jaén+ X: Formación Profesional con PLus en Europa (Línea 1 Subvenciones Movilidad Internacional Estudiantes);DIPUTACIÓN PROVINCIAL DE JAÉN;888790;—;Subvención;07/10/2026;3709;https://www.dipujaen.es/portal-de-transparencia/economica-financiera/presupuestos-diputacion-jaen-2025
Concesiones;Resolución de la Dirección General de Economía Circular y Agenda 2030, por la que se convocan subvenciones para actividades y proyectos de educación ambiental promovidos por entidades privadas sin ánimo de lucro de Castilla-La Mancha en el año 2026;DIRECCIÓN GENERAL DE ECONOMÍA CIRCULAR;910200;FEDERACION SCOUTS CATOLICOS DE CLM;Subvención;07/10/2026;3655,53;https://docm.jccm.es/docm/descargarArchivo.do?ruta=2022/05/13/pdf/2022_4197.pdf&tipo=rutaDocm
Concesiones;Orden de 15/04/2026, de la Consejería de Fomento, por la que se establecen las bases reguladoras y se efectúa la convocatoria de las ayudas al alquiler de vivienda en Castilla-La Mancha. 2026;DIRECCIÓN GENERAL DE VIVIENDA;900401;—;Subvención;07/10/2026;3600;
Concesiones;Orden de 15/04/2026, de la Consejería de Fomento, por la que se establecen las bases reguladoras y se efectúa la convocatoria de las ayudas al alquiler de vivienda en Castilla-La Mancha. 2026;DIRECCIÓN GENERAL DE VIVIENDA;900401;—;Subvención;07/10/2026;3540;
Concesiones;TRAM. ANTICIPADA.FOM. EMPREND. COLECT 2026. 3ª LINEA. INVERSIONES;CONSEJERÍA ECONOMÍA, HACIENDA Y EMPLEO;883180;ANOTHER WAY COOP S.COOP.MAD.;Subvención;07/10/2026;3500,54;https://www.bocm.es/boletin/CM_Orden_BOCM/2024/12/30/BOCM-20241230-20.PDF
Concesiones;Orden de 15/04/2026, de la Consejería de Fomento, por la que se establecen las bases reguladoras y se efectúa la convocatoria de las ayudas al alquiler de vivienda en Castilla-La Mancha. 2026;DIRECCIÓN GENERAL DE VIVIENDA;900401;—;Subvención;07/10/2026;3414;
Concesiones;Convocatoria 2026 de ayudas a la participación en ferias comerciales con productos agroalimentarios;DEPARTAMENTO DE DESARROLLO RURAL Y MEDIO AMBIENTE;901796;ECOVINAL SLU;Subvención;07/10/2026;3356,86;
Concesiones;Resolución de 7 de abril de 2025, de la Consejería de Medio Rural y Política Agraria, por la que se aprueban las Bases Reguladoras y la Convocatoria de las Intervenciones en forma de pagos directos a la agricultura y a la ganadería y de las Intervenciones;CONSEJERÍA DE MEDIO RURAL Y POLÍTICA AGRARIA;825858;—;Subvención;07/10/2026;3282,95;https://www.mapa.gob.es/es/pac/pac-2023-2027/plan-estrategico-pac.aspx
Concesiones;Orden de 15/04/2026, de la Consejería de Fomento, por la que se establecen las bases reguladoras y se efectúa la convocatoria de las ayudas al alquiler de vivienda en Castilla-La Mancha. 2026;DIRECCIÓN GENERAL DE VIVIENDA;900401;—;Subvención;07/10/2026;3162;
Concesiones;Orden de 15/04/2026, de la Consejería de Fomento, por la que se establecen las bases reguladoras y se efectúa la convocatoria de las ayudas al alquiler de vivienda en Castilla-La Mancha. 2026;DIRECCIÓN GENERAL DE VIVIENDA;900401;—;Subvención;07/10/2026;3100;
Concesiones;Orden de 15/04/2026, de la Consejería de Fomento, por la que se establecen las bases reguladoras y se efectúa la convocatoria de las ayudas al alquiler de vivienda en Castilla-La Mancha. 2026;DIRECCIÓN GENERAL DE VIVIENDA;900401;—;Subvención;07/10/2026;3060,12;
Concesiones;Orden de 15/04/2026, de la Consejería de Fomento, por la que se establecen las bases reguladoras y se efectúa la convocatoria de las ayudas al alquiler de vivienda en Castilla-La Mancha. 2026;DIRECCIÓN GENERAL DE VIVIENDA;900401;—;Subvención;07/10/2026;3002,64;
Concesiones;A propietarios ganado realice desplazamientos a través vías pecuarias esp.natur.;CONSEJERÍA DE AGRICULTURA, GANADERÍA, MUNDO RURAL Y MEDIO AMBIENTE;885888;—;Subvención;07/10/2026;3000;https://ias1.larioja.org/boletin/boletin/bor_mostrar_anuncio.jsp?referencia=689161-1-HTML-372286-X
Concesiones;SUBV. ACC. FORM. CERT. PROF. PNL ASOC.(CPPA 2023)-COMPENSACIÓN EMPRESAS-L2;CONSEJERÍA ECONOMÍA, HACIENDA Y EMPLEO;764283;SUJA QUALITY SL;Subvención;07/10/2026;3000;https://www.boe.es/eli/es/o/2022/09/23/efp942
Concesiones;Orden de 15/04/2026, de la Consejería de Fomento, por la que se establecen las bases reguladoras y se efectúa la convocatoria de las ayudas al alquiler de vivienda en Castilla-La Mancha. 2026;DIRECCIÓN GENERAL DE VIVIENDA;900401;—;Subvención;07/10/2026;3000;
Concesiones;Orden de 15/04/2026, de la Consejería de Fomento, por la que se establecen las bases reguladoras y se efectúa la convocatoria de las ayudas al alquiler de vivienda en Castilla-La Mancha. 2026;DIRECCIÓN GENERAL DE VIVIENDA;900401;—;Subvención;07/10/2026;3000;
Concesiones;Orden de 15/04/2026, de la Consejería de Fomento, por la que se establecen las bases reguladoras y se efectúa la convocatoria de las ayudas al alquiler de vivienda en Castilla-La Mancha. 2026;DIRECCIÓN GENERAL DE VIVIENDA;900401;—;Subvención;07/10/2026;3000;
Concesiones;Orden de 15/04/2026, de la Consejería de Fomento, por la que se establecen las bases reguladoras y se efectúa la convocatoria de las ayudas al alquiler de vivienda en Castilla-La Mancha. 2026;DIRECCIÓN GENERAL DE VIVIENDA;900401;—;Subvención;07/10/2026;3000;
Concesiones;Orde do 30 de decembro de 2025, pola que se establecen as bases reguladoras dos programas de axuda ás persoas traballadoras autónomas TR341D;CONSELLERÍA DE EMPLEO, COMERCIO Y EMIGRACIÓN;884382;—;Subvención;07/10/2026;2900;https://www.xunta.gal/diario-oficial-galicia/portalPublicoHome.do?lang=es
Concesiones;TRAM. ANTICIPADA.FOM. EMPREND. COLECT 2026. 3ª LINEA. INVERSIONES;CONSEJERÍA ECONOMÍA, HACIENDA Y EMPLEO;883180;LA SEMILLA VIOLETA, S. COOP. MAD;Subvención;07/10/2026;2859,45;https://www.bocm.es/boletin/CM_Orden_BOCM/2024/12/30/BOCM-20241230-20.PDF
Concesiones;Orden de 15/04/2026, de la Consejería de Fomento, por la que se establecen las bases reguladoras y se efectúa la convocatoria de las ayudas al alquiler de vivienda en Castilla-La Mancha. 2026;DIRECCIÓN GENERAL DE VIVIENDA;900401;—;Subvención;07/10/2026;2820;
Concesiones;Orden de 15/04/2026, de la Consejería de Fomento, por la que se establecen las bases reguladoras y se efectúa la convocatoria de las ayudas al alquiler de vivienda en Castilla-La Mancha. 2026;DIRECCIÓN GENERAL DE VIVIENDA;900401;—;Subvención;07/10/2026;2802;
Concesiones;Orden de 15/04/2026, de la Consejería de Fomento, por la que se establecen las bases reguladoras y se efectúa la convocatoria de las ayudas al alquiler de vivienda en Castilla-La Mancha. 2026;DIRECCIÓN GENERAL DE VIVIENDA;900401;—;Subvención;07/10/2026;2790;
Concesiones;Resolución de la Dirección General de Economía Circular y Agenda 2030, por la que se convocan subvenciones para actividades y proyectos de educación ambiental promovidos por entidades privadas sin ánimo de lucro de Castilla-La Mancha en el año 2026;DIRECCIÓN GENERAL DE ECONOMÍA CIRCULAR;910200;ASOC. CULT. PEÑA DE LA MORA;Subvención;07/10/2026;2780,58;https://docm.jccm.es/docm/descargarArchivo.do?ruta=2022/05/13/pdf/2022_4197.pdf&tipo=rutaDocm
Concesiones;Orden de 15/04/2026, de la Consejería de Fomento, por la que se establecen las bases reguladoras y se efectúa la convocatoria de las ayudas al alquiler de vivienda en Castilla-La Mancha. 2026;DIRECCIÓN GENERAL DE VIVIENDA;900401;—;Subvención;07/10/2026;2700;
Concesiones;Orden de 15/04/2026, de la Consejería de Fomento, por la que se establecen las bases reguladoras y se efectúa la convocatoria de las ayudas al alquiler de vivienda en Castilla-La Mancha. 2026;DIRECCIÓN GENERAL DE VIVIENDA;900401;—;Subvención;07/10/2026;2630,33;
Concesiones;Orde do 30 de decembro de 2025, pola que se establecen as bases reguladoras dos programas de axuda ás persoas traballadoras autónomas TR341D;CONSELLERÍA DE EMPLEO, COMERCIO Y EMIGRACIÓN;884382;—;Subvención;07/10/2026;2600;https://www.xunta.gal/diario-oficial-galicia/portalPublicoHome.do?lang=es
Concesiones;Orde do 30 de decembro de 2025, pola que se establecen as bases reguladoras dos programas de axuda ás persoas traballadoras autónomas TR341D;CONSELLERÍA DE EMPLEO, COMERCIO Y EMIGRACIÓN;884382;—;Subvención;07/10/2026;2600;https://www.xunta.gal/diario-oficial-galicia/portalPublicoHome.do?lang=es
Concesiones;Orde do 30 de decembro de 2025, pola que se establecen as bases reguladoras dos programas de axuda ás persoas traballadoras autónomas TR341D;CONSELLERÍA DE EMPLEO, COMERCIO Y EMIGRACIÓN;884382;—;Subvención;07/10/2026;2600;https://www.xunta.gal/diario-oficial-galicia/portalPublicoHome.do?lang=es
Concesiones;Resolución de 26/12/2025 por la que se aprueba la convocatoria de subvenciones para la realización de proyectos de formación profesional y empleo en el seno de la empresa, Línea 5 Sectorial, para el año 2026. REG (UE) 2023/2831.;DIRECCIÓN GENERAL FORMACIÓN PROFESIONAL EN EL ÁMBITO LABORAL;878664;CORPORACION AAPA TACTICA Y FOMENTO;Subvención;07/10/2026;2560,8;https://docm.jccm.es/docm/descargarArchivo.do?ruta=2024/08/09/pdf/2024_6382.pdf&tipo=rutaDocm
Concesiones;AYUDAS PARA LA MODERNIZACIÓN DE LAS ESTRUCTURAS AGRARIAS CONVOCATORIA 2022;CONSEJERÍA DE MEDIO AMBIENTE, AGRICULTURA E INTERIOR;604049;—;Subvención;07/10/2026;2504,09;http://www.bocm.es/boletin/CM_Orden_BOCM/2019/10/24/BOCM-20191024-11.PDF
Concesiones;Resolución de 26/02/2026, por la que se publican los créditos disponibles, en el ejercicio 2026, para la financiación de las diversas líneas de ayuda previstas en el Decreto 91/2022.;DIRECCIÓN GENERAL DE AUTÓNOMOS, TRABAJO Y ECONOMÍA SOCIAL;890577;CONFED ASOC. EMPR. ECON. SOCIAL CLM;Subvención;07/10/2026;2500;https://docm.jccm.es/docm/descargarArchivo.do?ruta=2022/08/23/pdf/2022_7821.pdf&tipo=rutaDocm
Concesiones;Orden de 15/04/2026, de la Consejería de Fomento, por la que se establecen las bases reguladoras y se efectúa la convocatoria de las ayudas al alquiler de vivienda en Castilla-La Mancha. 2026;DIRECCIÓN GENERAL DE VIVIENDA;900401;—;Subvención;07/10/2026;2418;
Concesiones;Orden de 15/04/2026, de la Consejería de Fomento, por la que se establecen las bases reguladoras y se efectúa la convocatoria de las ayudas al alquiler de vivienda en Castilla-La Mancha. 2026;DIRECCIÓN GENERAL DE VIVIENDA;900401;—;Subvención;07/10/2026;2400;
Concesiones;Orden de 15/04/2026, de la Consejería de Fomento, por la que se establecen las bases reguladoras y se efectúa la convocatoria de las ayudas al alquiler de vivienda en Castilla-La Mancha. 2026;DIRECCIÓN GENERAL DE VIVIENDA;900401;—;Subvención;07/10/2026;2340;
Concesiones;Orde do 30 de decembro de 2025, pola que se establecen as bases reguladoras dos programas de axuda ás persoas traballadoras autónomas TR341D;CONSELLERÍA DE EMPLEO, COMERCIO Y EMIGRACIÓN;884382;—;Subvención;07/10/2026;2300;https://www.xunta.gal/diario-oficial-galicia/portalPublicoHome.do?lang=es
Concesiones;Ayudas a la destilación de subproductos de la vinificación ISV 2024;CONSEJERÍA DE AGRICULTURA, GANADERÍA, MUNDO RURAL Y MEDIO AMBIENTE;841361;LA ALCOHOLERA DE LA RIOJA, EBRO,DUERO,SA;Subvención;07/10/2026;2191,36;https://www.boe.es/buscar/doc.php?id=BOE-A-2022-17475
Concesiones;Orden de 15/04/2026, de la Consejería de Fomento, por la que se establecen las bases reguladoras y se efectúa la convocatoria de las ayudas al alquiler de vivienda en Castilla-La Mancha. 2026;DIRECCIÓN GENERAL DE VIVIENDA;900401;—;Subvención;07/10/2026;2171,4;
Concesiones;Convocatoria 2026 de ayudas a la participación en ferias comerciales con productos agroalimentarios;DEPARTAMENTO DE DESARROLLO RURAL Y MEDIO AMBIENTE;901796;PRECOCINADOS FRISA SL;Subvención;07/10/2026;2110,65;
Concesiones;Convocatoria 2026 de ayudas a la participación en ferias comerciales con productos agroalimentarios;DEPARTAMENTO DE DESARROLLO RURAL Y MEDIO AMBIENTE;901796;CONGELADOS DE NAVARRA SAU;Subvención;07/10/2026;2110,65;
Concesiones;(AUT) Consolidación Autónomo (Reg. Minimis Agro 1408/2013);AGENCIA DE DESARROLLO ECONÓMICO DE LA RIOJA;898584;—;Subvención;07/10/2026;2100;https://www.ader.es/fileadmin/redactor/ayudas/normativa/2024-normativa/ORDEN_EIE-9-2024_DE_12_DE_MARZO__AUT_.pdf
Concesiones;Orde do 30 de decembro de 2025, pola que se establecen as bases reguladoras dos programas de axuda ás persoas traballadoras autónomas TR341D;CONSELLERÍA DE EMPLEO, COMERCIO Y EMIGRACIÓN;884382;—;Subvención;07/10/2026;2000;https://www.xunta.gal/diario-oficial-galicia/portalPublicoHome.do?lang=es
Concesiones;Orde do 30 de decembro de 2025, pola que se establecen as bases reguladoras dos programas de axuda ás persoas traballadoras autónomas TR341D;CONSELLERÍA DE EMPLEO, COMERCIO Y EMIGRACIÓN;884382;—;Subvención;07/10/2026;2000;https://www.xunta.gal/diario-oficial-galicia/portalPublicoHome.do?lang=es
Concesiones;Orde do 30 de decembro de 2025, pola que se establecen as bases reguladoras dos programas de axuda ás persoas traballadoras autónomas TR341D;CONSELLERÍA DE EMPLEO, COMERCIO Y EMIGRACIÓN;884382;—;Subvención;07/10/2026;2000;https://www.xunta.gal/diario-oficial-galicia/portalPublicoHome.do?lang=es
Concesiones;Orden de 15/04/2026, de la Consejería de Fomento, por la que se establecen las bases reguladoras y se efectúa la convocatoria de las ayudas al alquiler de vivienda en Castilla-La Mancha. 2026;DIRECCIÓN GENERAL DE VIVIENDA;900401;—;Subvención;07/10/2026;1950;
Concesiones;Orden de 15/04/2026, de la Consejería de Fomento, por la que se establecen las bases reguladoras y se efectúa la convocatoria de las ayudas al alquiler de vivienda en Castilla-La Mancha. 2026;DIRECCIÓN GENERAL DE VIVIENDA;900401;—;Subvención;07/10/2026;1950;
Concesiones;Orden de 15/04/2026, de la Consejería de Fomento, por la que se establecen las bases reguladoras y se efectúa la convocatoria de las ayudas al alquiler de vivienda en Castilla-La Mancha. 2026;DIRECCIÓN GENERAL DE VIVIENDA;900401;—;Subvención;07/10/2026;1950;
Concesiones;Orden de 15/04/2026, de la Consejería de Fomento, por la que se establecen las bases reguladoras y se efectúa la convocatoria de las ayudas al alquiler de vivienda en Castilla-La Mancha. 2026;DIRECCIÓN GENERAL DE VIVIENDA;900401;—;Subvención;07/10/2026;1950;
Concesiones;Orde do 30 de decembro de 2025, pola que se establecen as bases reguladoras dos programas de axuda ás persoas traballadoras autónomas TR341D;CONSELLERÍA DE EMPLEO, COMERCIO Y EMIGRACIÓN;884382;—;Subvención;07/10/2026;1920;https://www.xunta.gal/diario-oficial-galicia/portalPublicoHome.do?lang=es
Concesiones;Resolución de 26/02/2026, por la que se publican los créditos disponibles, en el ejercicio 2026, para la financiación de las diversas líneas de ayuda previstas en el Decreto 91/2022.;DIRECCIÓN GENERAL DE AUTÓNOMOS, TRABAJO Y ECONOMÍA SOCIAL;890577;CONFED ASOC. EMPR. ECON. SOCIAL CLM;Subvención;07/10/2026;1881,55;https://docm.jccm.es/docm/descargarArchivo.do?ruta=2022/08/23/pdf/2022_7821.pdf&tipo=rutaDocm
Concesiones;TRAM. ANTICIPADA.FOM. EMPREND. COLECT 2026. 3ª LINEA. INVERSIONES;CONSEJERÍA ECONOMÍA, HACIENDA Y EMPLEO;883180;AGRESTA S.COOP.MAD.;Subvención;07/10/2026;1853,61;https://www.bocm.es/boletin/CM_Orden_BOCM/2024/12/30/BOCM-20241230-20.PDF
Concesiones;Orden de 15/04/2026, de la Consejería de Fomento, por la que se establecen las bases reguladoras y se efectúa la convocatoria de las ayudas al alquiler de vivienda en Castilla-La Mancha. 2026;DIRECCIÓN GENERAL DE VIVIENDA;900401;—;Subvención;07/10/2026;1845;
Concesiones;TRAM. ANTICIPADA.FOM. EMPREND. COLECT 2026. 3ª LINEA. INVERSIONES;CONSEJERÍA ECONOMÍA, HACIENDA Y EMPLEO;883180;TAKETHEWAVE SLL;Subvención;07/10/2026;1841,52;https://www.bocm.es/boletin/CM_Orden_BOCM/2024/12/30/BOCM-20241230-20.PDF
Concesiones;Ayudas a la destilación de subproductos de la vinificación ISV 2024;CONSEJERÍA DE AGRICULTURA, GANADERÍA, MUNDO RURAL Y MEDIO AMBIENTE;841361;LA ALCOHOLERA DE LA RIOJA, EBRO,DUERO,SA;Subvención;07/10/2026;1799,84;https://www.boe.es/buscar/doc.php?id=BOE-A-2022-17475
Concesiones;Convocatoria 2026 de ayudas a la participación en ferias comerciales con productos agroalimentarios;DEPARTAMENTO DE DESARROLLO RURAL Y MEDIO AMBIENTE;901796;ARDIARANA SL;Subvención;07/10/2026;1755;
Concesiones;SUBV. ACC. FORM. CERT. PROF. PNL ASOC. (CPPA 2023) - BECAS - L3;CONSEJERÍA ECONOMÍA, HACIENDA Y EMPLEO;764291;—;Subvención;07/10/2026;1716;https://www.boe.es/eli/es/o/2022/09/23/efp942
Concesiones;SUBV. ACC. FORM. CERT. PROF. PNL ASOC. (CPPA 2023) - BECAS - L3;CONSEJERÍA ECONOMÍA, HACIENDA Y EMPLEO;764291;—;Subvención;07/10/2026;1716;https://www.boe.es/eli/es/o/2022/09/23/efp942
Concesiones;SUBV. ACC. FORM. CERT. PROF. PNL ASOC. (CPPA 2023) - BECAS - L3;CONSEJERÍA ECONOMÍA, HACIENDA Y EMPLEO;764291;—;Subvención;07/10/2026;1716;https://www.boe.es/eli/es/o/2022/09/23/efp942
Concesiones;SUBV. ACC. FORM. CERT. PROF. PNL ASOC. (CPPA 2023) - BECAS - L3;CONSEJERÍA ECONOMÍA, HACIENDA Y EMPLEO;764291;—;Subvención;07/10/2026;1716;https://www.boe.es/eli/es/o/2022/09/23/efp942
Concesiones;SUBV. ACC. FORM. CERT. PROF. PNL ASOC. (CPPA 2023) - BECAS - L3;CONSEJERÍA ECONOMÍA, HACIENDA Y EMPLEO;764291;—;Subvención;07/10/2026;1716;https://www.boe.es/eli/es/o/2022/09/23/efp942
Concesiones;SUBV. ACC. FORM. CERT. PROF. PNL ASOC. (CPPA 2023) - BECAS - L3;CONSEJERÍA ECONOMÍA, HACIENDA Y EMPLEO;764291;—;Subvención;07/10/2026;1699,5;https://www.boe.es/eli/es/o/2022/09/23/efp942
Concesiones;SUBV. ACC. FORM. CERT. PROF. PNL ASOC. (CPPA 2023) - BECAS - L3;CONSEJERÍA ECONOMÍA, HACIENDA Y EMPLEO;764291;—;Subvención;07/10/2026;1683;https://www.boe.es/eli/es/o/2022/09/23/efp942
Concesiones;SUBV. ACC. FORM. CERT. PROF. PNL ASOC. (CPPA 2023) - BECAS - L3;CONSEJERÍA ECONOMÍA, HACIENDA Y EMPLEO;764291;—;Subvención;07/10/2026;1666,5;https://www.boe.es/eli/es/o/2022/09/23/efp942
Concesiones;SUBV. ACC. FORM. CERT. PROF. PNL ASOC. (CPPA 2023) - BECAS - L3;CONSEJERÍA ECONOMÍA, HACIENDA Y EMPLEO;764291;—;Subvención;07/10/2026;1666,5;https://www.boe.es/eli/es/o/2022/09/23/efp942
Concesiones;SUBV. ACC. FORM. CERT. PROF. PNL ASOC. (CPPA 2023) - BECAS - L3;CONSEJERÍA ECONOMÍA, HACIENDA Y EMPLEO;764291;—;Subvención;07/10/2026;1650;https://www.boe.es/eli/es/o/2022/09/23/efp942
Concesiones;SUBV. ACC. FORM. CERT. PROF. PNL ASOC. (CPPA 2023) - BECAS - L3;CONSEJERÍA ECONOMÍA, HACIENDA Y EMPLEO;764291;—;Subvención;07/10/2026;1650;https://www.boe.es/eli/es/o/2022/09/23/efp942
Concesiones;SUBV. ACC. FORM. CERT. PROF. PNL ASOC. (CPPA 2023) - BECAS - L3;CONSEJERÍA ECONOMÍA, HACIENDA Y EMPLEO;764291;—;Subvención;07/10/2026;1633,5;https://www.boe.es/eli/es/o/2022/09/23/efp942
Concesiones;SUBV. ACC. FORM. CERT. PROF. PNL ASOC. (CPPA 2023) - BECAS - L3;CONSEJERÍA ECONOMÍA, HACIENDA Y EMPLEO;764291;—;Subvención;07/10/2026;1633,5;https://www.boe.es/eli/es/o/2022/09/23/efp942
Concesiones;SUBV. ACC. FORM. CERT. PROF. PNL ASOC. (CPPA 2023) - BECAS - L3;CONSEJERÍA ECONOMÍA, HACIENDA Y EMPLEO;764291;—;Subvención;07/10/2026;1633,5;https://www.boe.es/eli/es/o/2022/09/23/efp942
Concesiones;SUBV. ACC. FORM. CERT. PROF. PNL ASOC. (CPPA 2023) - BECAS - L3;CONSEJERÍA ECONOMÍA, HACIENDA Y EMPLEO;764291;—;Subvención;07/10/2026;1633,5;https://www.boe.es/eli/es/o/2022/09/23/efp942
Concesiones;SUBV. ACC. FORM. CERT. PROF. PNL ASOC. (CPPA 2023) - BECAS - L3;CONSEJERÍA ECONOMÍA, HACIENDA Y EMPLEO;764291;—;Subvención;07/10/2026;1633,5;https://www.boe.es/eli/es/o/2022/09/23/efp942
Concesiones;SUBV. ACC. FORM. CERT. PROF. PNL ASOC. (CPPA 2023) - BECAS - L3;CONSEJERÍA ECONOMÍA, HACIENDA Y EMPLEO;764291;—;Subvención;07/10/2026;1633,5;https://www.boe.es/eli/es/o/2022/09/23/efp942
Concesiones;SUBV. ACC. FORM. CERT. PROF. PNL ASOC. (CPPA 2023) - BECAS - L3;CONSEJERÍA ECONOMÍA, HACIENDA Y EMPLEO;764291;—;Subvención;07/10/2026;1633,5;https://www.boe.es/eli/es/o/2022/09/23/efp942
Concesiones;SUBV. ACC. FORM. CERT. PROF. PNL ASOC. (CPPA 2023) - BECAS - L3;CONSEJERÍA ECONOMÍA, HACIENDA Y EMPLEO;764291;—;Subvención;07/10/2026;1633,5;https://www.boe.es/eli/es/o/2022/09/23/efp942
Concesiones;Orden de 15/04/2026, de la Consejería de Fomento, por la que se establecen las bases reguladoras y se efectúa la convocatoria de las ayudas al alquiler de vivienda en Castilla-La Mancha. 2026;DIRECCIÓN GENERAL DE VIVIENDA;900401;—;Subvención;07/10/2026;1620;
Concesiones;SUBV. ACC. FORM. CERT. PROF. PNL ASOC. (CPPA 2023) - BECAS - L3;CONSEJERÍA ECONOMÍA, HACIENDA Y EMPLEO;764291;—;Subvención;07/10/2026;1617;https://www.boe.es/eli/es/o/2022/09/23/efp942
Concesiones;SUBV. ACC. FORM. CERT. PROF. PNL ASOC. (CPPA 2023) - BECAS - L3;CONSEJERÍA ECONOMÍA, HACIENDA Y EMPLEO;764291;—;Subvención;07/10/2026;1617;https://www.boe.es/eli/es/o/2022/09/23/efp942
Concesiones;SUBV. ACC. FORM. CERT. PROF. PNL ASOC. (CPPA 2023) - BECAS - L3;CONSEJERÍA ECONOMÍA, HACIENDA Y EMPLEO;764291;—;Subvención;07/10/2026;1617;https://www.boe.es/eli/es/o/2022/09/23/efp942
Concesiones;SUBV. ACC. FORM. CERT. PROF. PNL ASOC. (CPPA 2023) - BECAS - L3;CONSEJERÍA ECONOMÍA, HACIENDA Y EMPLEO;764291;—;Subvención;07/10/2026;1617;https://www.boe.es/eli/es/o/2022/09/23/efp942
Concesiones;SUBV. ACC. FORM. CERT. PROF. PNL ASOC. (CPPA 2023) - BECAS - L3;CONSEJERÍA ECONOMÍA, HACIENDA Y EMPLEO;764291;—;Subvención;07/10/2026;1617;https://www.boe.es/eli/es/o/2022/09/23/efp942
Concesiones;SUBV. ACC. FORM. CERT. PROF. PNL ASOC. (CPPA 2023) - BECAS - L3;CONSEJERÍA ECONOMÍA, HACIENDA Y EMPLEO;764291;—;Subvención;07/10/2026;1617;https://www.boe.es/eli/es/o/2022/09/23/efp942
Concesiones;SUBV. ACC. FORM. CERT. PROF. PNL ASOC. (CPPA 2023) - BECAS - L3;CONSEJERÍA ECONOMÍA, HACIENDA Y EMPLEO;764291;—;Subvención;07/10/2026;1584;https://www.boe.es/eli/es/o/2022/09/23/efp942
Concesiones;SUBV. ACC. FORM. CERT. PROF. PNL ASOC. (CPPA 2023) - BECAS - L3;CONSEJERÍA ECONOMÍA, HACIENDA Y EMPLEO;764291;—;Subvención;07/10/2026;1584;https://www.boe.es/eli/es/o/2022/09/23/efp942
Concesiones;SUBV. ACC. FORM. CERT. PROF. PNL ASOC. (CPPA 2023) - BECAS - L3;CONSEJERÍA ECONOMÍA, HACIENDA Y EMPLEO;764291;—;Subvención;07/10/2026;1584;https://www.boe.es/eli/es/o/2022/09/23/efp942
Concesiones;SUBV. ACC. FORM. CERT. PROF. PNL ASOC. (CPPA 2023) - BECAS - L3;CONSEJERÍA ECONOMÍA, HACIENDA Y EMPLEO;764291;—;Subvención;07/10/2026;1584;https://www.boe.es/eli/es/o/2022/09/23/efp942
Concesiones;SUBV. ACC. FORM. CERT. PROF. PNL ASOC. (CPPA 2023) - BECAS - L3;CONSEJERÍA ECONOMÍA, HACIENDA Y EMPLEO;764291;—;Subvención;07/10/2026;1551;https://www.boe.es/eli/es/o/2022/09/23/efp942
Concesiones;SUBV. ACC. FORM. CERT. PROF. PNL ASOC. (CPPA 2023) - BECAS - L3;CONSEJERÍA ECONOMÍA, HACIENDA Y EMPLEO;764291;—;Subvención;07/10/2026;1534,5;https://www.boe.es/eli/es/o/2022/09/23/efp942
Concesiones;SUBV. ACC. FORM. CERT. PROF. PNL ASOC. (CPPA 2023) - BECAS - L3;CONSEJERÍA ECONOMÍA, HACIENDA Y EMPLEO;764291;—;Subvención;07/10/2026;1534,5;https://www.boe.es/eli/es/o/2022/09/23/efp942
Concesiones;SUBV. ACC. FORM. CERT. PROF. PNL ASOC. (CPPA 2023) - BECAS - L3;CONSEJERÍA ECONOMÍA, HACIENDA Y EMPLEO;764291;—;Subvención;07/10/2026;1534,5;https://www.boe.es/eli/es/o/2022/09/23/efp942
Concesiones;Orden de 15/04/2026, de la Consejería de Fomento, por la que se establecen las bases reguladoras y se efectúa la convocatoria de las ayudas al alquiler de vivienda en Castilla-La Mancha. 2026;DIRECCIÓN GENERAL DE VIVIENDA;900401;—;Subvención;07/10/2026;1500;
Concesiones;Orden de 15/04/2026, de la Consejería de Fomento, por la que se establecen las bases reguladoras y se efectúa la convocatoria de las ayudas al alquiler de vivienda en Castilla-La Mancha. 2026;DIRECCIÓN GENERAL DE VIVIENDA;900401;—;Subvención;07/10/2026;1500;
Concesiones;Orden de 15/04/2026, de la Consejería de Fomento, por la que se establecen las bases reguladoras y se efectúa la convocatoria de las ayudas al alquiler de vivienda en Castilla-La Mancha. 2026;DIRECCIÓN GENERAL DE VIVIENDA;900401;—;Subvención;07/10/2026;1500;
Concesiones;Orden de 15/04/2026, de la Consejería de Fomento, por la que se establecen las bases reguladoras y se efectúa la convocatoria de las ayudas al alquiler de vivienda en Castilla-La Mancha. 2026;DIRECCIÓN GENERAL DE VIVIENDA;900401;—;Subvención;07/10/2026;1500;
Concesiones;SUBV. ACC. FORM. CERT. PROF. PNL ASOC. (CPPA 2023) - BECAS - L3;CONSEJERÍA ECONOMÍA, HACIENDA Y EMPLEO;764291;—;Subvención;07/10/2026;1468,5;https://www.boe.es/eli/es/o/2022/09/23/efp942
Concesiones;SUBV. ACC. FORM. CERT. PROF. PNL ASOC. (CPPA 2023) - BECAS - L3;CONSEJERÍA ECONOMÍA, HACIENDA Y EMPLEO;764291;—;Subvención;07/10/2026;1468,5;https://www.boe.es/eli/es/o/2022/09/23/efp942
Concesiones;SUBV. ACC. FORM. CERT. PROF. PNL ASOC. (CPPA 2023) - BECAS - L3;CONSEJERÍA ECONOMÍA, HACIENDA Y EMPLEO;764291;—;Subvención;07/10/2026;1468,5;https://www.boe.es/eli/es/o/2022/09/23/efp942
Concesiones;SUBV. ACC. FORM. CERT. PROF. PNL ASOC. (CPPA 2023) - BECAS - L3;CONSEJERÍA ECONOMÍA, HACIENDA Y EMPLEO;764291;—;Subvención;07/10/2026;1468,5;https://www.boe.es/eli/es/o/2022/09/23/efp942
Concesiones;SUBV. ACC. FORM. CERT. PROF. PNL ASOC. (CPPA 2023) - BECAS - L3;CONSEJERÍA ECONOMÍA, HACIENDA Y EMPLEO;764291;—;Subvención;07/10/2026;1468,5;https://www.boe.es/eli/es/o/2022/09/23/efp942
Concesiones;SUBV. ACC. FORM. CERT. PROF. PNL ASOC. (CPPA 2023) - BECAS - L3;CONSEJERÍA ECONOMÍA, HACIENDA Y EMPLEO;764291;—;Subvención;07/10/2026;1452;https://www.boe.es/eli/es/o/2022/09/23/efp942
Concesiones;SUBV. ACC. FORM. CERT. PROF. PNL ASOC. (CPPA 2023) - BECAS - L3;CONSEJERÍA ECONOMÍA, HACIENDA Y EMPLEO;764291;—;Subvención;07/10/2026;1452;https://www.boe.es/eli/es/o/2022/09/23/efp942
Concesiones;SUBV. ACC. FORM. CERT. PROF. PNL ASOC. (CPPA 2023) - BECAS - L3;CONSEJERÍA ECONOMÍA, HACIENDA Y EMPLEO;764291;—;Subvención;07/10/2026;1435,5;https://www.boe.es/eli/es/o/2022/09/23/efp942
Concesiones;SUBV. ACC. FORM. CERT. PROF. PNL ASOC. (CPPA 2023) - BECAS - L3;CONSEJERÍA ECONOMÍA, HACIENDA Y EMPLEO;764291;—;Subvención;07/10/2026;1419;https://www.boe.es/eli/es/o/2022/09/23/efp942
Concesiones;SUBV. ACC. FORM. CERT. PROF. PNL ASOC. (CPPA 2023) - BECAS - L3;CONSEJERÍA ECONOMÍA, HACIENDA Y EMPLEO;764291;—;Subvención;07/10/2026;1419;https://www.boe.es/eli/es/o/2022/09/23/efp942
Concesiones;A propietarios ganado realice desplazamientos a través vías pecuarias esp.natur.;CONSEJERÍA DE AGRICULTURA, GANADERÍA, MUNDO RURAL Y MEDIO AMBIENTE;885888;—;Subvención;07/10/2026;1400;https://ias1.larioja.org/boletin/boletin/bor_mostrar_anuncio.jsp?referencia=689161-1-HTML-372286-X
Concesiones;SUBV. ACC. FORM. CERT. PROF. PNL ASOC. (CPPA 2023) - BECAS - L3;CONSEJERÍA ECONOMÍA, HACIENDA Y EMPLEO;764291;—;Subvención;07/10/2026;1386;https://www.boe.es/eli/es/o/2022/09/23/efp942
Concesiones;SUBV. ACC. FORM. CERT. PROF. PNL ASOC. (CPPA 2023) - BECAS - L3;CONSEJERÍA ECONOMÍA, HACIENDA Y EMPLEO;764291;—;Subvención;07/10/2026;1386;https://www.boe.es/eli/es/o/2022/09/23/efp942
Concesiones;SUBV. ACC. FORM. CERT. PROF. PNL ASOC. (CPPA 2023) - BECAS - L3;CONSEJERÍA ECONOMÍA, HACIENDA Y EMPLEO;764291;—;Subvención;07/10/2026;1336,5;https://www.boe.es/eli/es/o/2022/09/23/efp942
Concesiones;TRAM. ANTICIPADA.FOM. EMPREND. COLECT 2026. 3ª LINEA. INVERSIONES;CONSEJERÍA ECONOMÍA, HACIENDA Y EMPLEO;883180;ESPIRITU CAMPER ALQUILER Y VENTA DE AUTO;Subvención;07/10/2026;1336;https://www.bocm.es/boletin/CM_Orden_BOCM/2024/12/30/BOCM-20241230-20.PDF
Concesiones;SUBV. ACC. FORM. CERT. PROF. PNL ASOC. (CPPA 2023) - BECAS - L3;CONSEJERÍA ECONOMÍA, HACIENDA Y EMPLEO;764291;—;Subvención;07/10/2026;1320;https://www.boe.es/eli/es/o/2022/09/23/efp942
Concesiones;Convocatoria 2026 de ayudas a la participación en ferias comerciales con productos agroalimentarios;DEPARTAMENTO DE DESARROLLO RURAL Y MEDIO AMBIENTE;901796;ZITROMAC SOLUCIONES CITRICAS SL;Subvención;07/10/2026;1305,5;
Concesiones;BONO ALQUILER JOVEN 2026;CONSEJERÍA DE POLÍTICA LOCAL, INFRAESTRUCTURAS Y LUCHA CONTRA LA DESPOBLACIÓN;908997;—;Subvención;07/10/2026;1292,4;https://www.boe.es/boe/dias/2022/01/19/pdfs/BOE-A-2022-802.pdf
Concesiones;Resolución de 26/12/2025 por la que se aprueba la convocatoria de subvenciones para la realización de proyectos de formación profesional y empleo en el seno de la empresa, Línea 5 Sectorial, para el año 2026. REG (UE) 2023/2831.;DIRECCIÓN GENERAL FORMACIÓN PROFESIONAL EN EL ÁMBITO LABORAL;878664;—;Subvención;07/10/2026;1280,4;https://docm.jccm.es/docm/descargarArchivo.do?ruta=2024/08/09/pdf/2024_6382.pdf&tipo=rutaDocm
Concesiones;Resolución de 26/12/2025 por la que se aprueba la convocatoria de subvenciones para la realización de proyectos de formación profesional y empleo en el seno de la empresa, Línea 5 Sectorial, para el año 2026. REG (UE) 2023/2831.;DIRECCIÓN GENERAL FORMACIÓN PROFESIONAL EN EL ÁMBITO LABORAL;878664;—;Subvención;07/10/2026;1280,4;https://docm.jccm.es/docm/descargarArchivo.do?ruta=2024/08/09/pdf/2024_6382.pdf&tipo=rutaDocm
Concesiones;SUBV. ACC. FORM. CERT. PROF. PNL ASOC. (CPPA 2023) - BECAS - L3;CONSEJERÍA ECONOMÍA, HACIENDA Y EMPLEO;764291;—;Subvención;07/10/2026;1254;https://www.boe.es/eli/es/o/2022/09/23/efp942
Concesiones;TRAM. ANTICIPADA.FOM. EMPREND. COLECT 2026. 3ª LINEA. INVERSIONES;CONSEJERÍA ECONOMÍA, HACIENDA Y EMPLEO;883180;DOCUMFY SOC. COOP. MAD.;Subvención;07/10/2026;1243,55;https://www.bocm.es/boletin/CM_Orden_BOCM/2024/12/30/BOCM-20241230-20.PDF
Concesiones;Orden de 15/04/2026, de la Consejería de Fomento, por la que se establecen las bases reguladoras y se efectúa la convocatoria de las ayudas al alquiler de vivienda en Castilla-La Mancha. 2026;DIRECCIÓN GENERAL DE VIVIENDA;900401;—;Subvención;07/10/2026;1226,28;
Concesiones;Convocatoria 2026 de ayudas a la participación en ferias comerciales con productos agroalimentarios;DEPARTAMENTO DE DESARROLLO RURAL Y MEDIO AMBIENTE;901796;CARNICAS GALAR SL;Subvención;07/10/2026;1222,31;
Concesiones;SUBV. ACC. FORM. CERT. PROF. PNL ASOC. (CPPA 2023) - BECAS - L3;CONSEJERÍA ECONOMÍA, HACIENDA Y EMPLEO;764291;—;Subvención;07/10/2026;1204,5;https://www.boe.es/eli/es/o/2022/09/23/efp942
Concesiones;SUBV. ACC. FORM. CERT. PROF. PNL ASOC. (CPPA 2023) - BECAS - L3;CONSEJERÍA ECONOMÍA, HACIENDA Y EMPLEO;764291;—;Subvención;07/10/2026;1204,5;https://www.boe.es/eli/es/o/2022/09/23/efp942
Concesiones;A propietarios ganado realice desplazamientos a través vías pecuarias esp.natur.;CONSEJERÍA DE AGRICULTURA, GANADERÍA, MUNDO RURAL Y MEDIO AMBIENTE;885888;—;Subvención;07/10/2026;1194;https://ias1.larioja.org/boletin/boletin/bor_mostrar_anuncio.jsp?referencia=689161-1-HTML-372286-X
Concesiones;SUBV. ACC. FORM. CERT. PROF. PNL ASOC. (CPPA 2023) - BECAS - L3;CONSEJERÍA ECONOMÍA, HACIENDA Y EMPLEO;764291;—;Subvención;07/10/2026;1188;https://www.boe.es/eli/es/o/2022/09/23/efp942
Concesiones;SUBV. ACC. FORM. CERT. PROF. PNL ASOC. (CPPA 2023) - BECAS - L3;CONSEJERÍA ECONOMÍA, HACIENDA Y EMPLEO;764291;—;Subvención;07/10/2026;1188;https://www.boe.es/eli/es/o/2022/09/23/efp942
Concesiones;SUBV. ACC. FORM. CERT. PROF. PNL ASOC. (CPPA 2023) - BECAS - L3;CONSEJERÍA ECONOMÍA, HACIENDA Y EMPLEO;764291;—;Subvención;07/10/2026;1188;https://www.boe.es/eli/es/o/2022/09/23/efp942
Concesiones;SUBV. ACC. FORM. CERT. PROF. PNL ASOC. (CPPA 2023) - BECAS - L3;CONSEJERÍA ECONOMÍA, HACIENDA Y EMPLEO;764291;—;Subvención;07/10/2026;1188;https://www.boe.es/eli/es/o/2022/09/23/efp942
Concesiones;SUBV. ACC. FORM. CERT. PROF. PNL ASOC. (CPPA 2023) - BECAS - L3;CONSEJERÍA ECONOMÍA, HACIENDA Y EMPLEO;764291;—;Subvención;07/10/2026;1188;https://www.boe.es/eli/es/o/2022/09/23/efp942
Concesiones;SUBV. ACC. FORM. CERT. PROF. PNL ASOC. (CPPA 2023) - BECAS - L3;CONSEJERÍA ECONOMÍA, HACIENDA Y EMPLEO;764291;—;Subvención;07/10/2026;1188;https://www.boe.es/eli/es/o/2022/09/23/efp942
Concesiones;SUBV. ACC. FORM. CERT. PROF. PNL ASOC. (CPPA 2023) - BECAS - L3;CONSEJERÍA ECONOMÍA, HACIENDA Y EMPLEO;764291;—;Subvención;07/10/2026;1188;https://www.boe.es/eli/es/o/2022/09/23/efp942
Concesiones;SUBV. ACC. FORM. CERT. PROF. PNL ASOC. (CPPA 2023) - BECAS - L3;CONSEJERÍA ECONOMÍA, HACIENDA Y EMPLEO;764291;—;Subvención;07/10/2026;1188;https://www.boe.es/eli/es/o/2022/09/23/efp942
Concesiones;SUBV. ACC. FORM. CERT. PROF. PNL ASOC. (CPPA 2023) - BECAS - L3;CONSEJERÍA ECONOMÍA, HACIENDA Y EMPLEO;764291;—;Subvención;07/10/2026;1188;https://www.boe.es/eli/es/o/2022/09/23/efp942
Concesiones;Resolución de 08/04/2026 por la que se aprueba la convocatoria de becas dirigidas a personas que participen en acciones formativas asociadas al CNECP desarrolladas en centros propios y en centros de la red pública de formación profesional para 2026.;DIRECCIÓN GENERAL FORMACIÓN PROFESIONAL EN EL ÁMBITO LABORAL;897825;—;Subvención;07/10/2026;1178;https://www.boe.es/buscar/act.php?id=BOE-A-2022-16196
Concesiones;SUBV. ACC. FORM. CERT. PROF. PNL ASOC. (CPPA 2023) - BECAS - L3;CONSEJERÍA ECONOMÍA, HACIENDA Y EMPLEO;764291;—;Subvención;07/10/2026;1171,5;https://www.boe.es/eli/es/o/2022/09/23/efp942
Concesiones;SUBV. ACC. FORM. CERT. PROF. PNL ASOC. (CPPA 2023) - BECAS - L3;CONSEJERÍA ECONOMÍA, HACIENDA Y EMPLEO;764291;—;Subvención;07/10/2026;1171,5;https://www.boe.es/eli/es/o/2022/09/23/efp942
Concesiones;SUBV. ACC. FORM. CERT. PROF. PNL ASOC. (CPPA 2023) - BECAS - L3;CONSEJERÍA ECONOMÍA, HACIENDA Y EMPLEO;764291;—;Subvención;07/10/2026;1171,5;https://www.boe.es/eli/es/o/2022/09/23/efp942
Concesiones;SUBV. ACC. FORM. CERT. PROF. PNL ASOC. (CPPA 2023) - BECAS - L3;CONSEJERÍA ECONOMÍA, HACIENDA Y EMPLEO;764291;—;Subvención;07/10/2026;1171,5;https://www.boe.es/eli/es/o/2022/09/23/efp942
Concesiones;SUBV. ACC. FORM. CERT. PROF. PNL ASOC. (CPPA 2023) - BECAS - L3;CONSEJERÍA ECONOMÍA, HACIENDA Y EMPLEO;764291;—;Subvención;07/10/2026;1171,5;https://www.boe.es/eli/es/o/2022/09/23/efp942
Concesiones;SUBV. ACC. FORM. CERT. PROF. PNL ASOC. (CPPA 2023) - BECAS - L3;CONSEJERÍA ECONOMÍA, HACIENDA Y EMPLEO;764291;—;Subvención;07/10/2026;1155;https://www.boe.es/eli/es/o/2022/09/23/efp942
Concesiones;SUBV. ACC. FORM. CERT. PROF. PNL ASOC. (CPPA 2023) - BECAS - L3;CONSEJERÍA ECONOMÍA, HACIENDA Y EMPLEO;764291;—;Subvención;07/10/2026;1155;https://www.boe.es/eli/es/o/2022/09/23/efp942
Concesiones;SUBV. ACC. FORM. CERT. PROF. PNL ASOC. (CPPA 2023) - BECAS - L3;CONSEJERÍA ECONOMÍA, HACIENDA Y EMPLEO;764291;—;Subvención;07/10/2026;1138,5;https://www.boe.es/eli/es/o/2022/09/23/efp942
Concesiones;SUBV. ACC. FORM. CERT. PROF. PNL ASOC. (CPPA 2023) - BECAS - L3;CONSEJERÍA ECONOMÍA, HACIENDA Y EMPLEO;764291;—;Subvención;07/10/2026;1138,5;https://www.boe.es/eli/es/o/2022/09/23/efp942
Concesiones;SUBV. ACC. FORM. CERT. PROF. PNL ASOC. (CPPA 2023) - BECAS - L3;CONSEJERÍA ECONOMÍA, HACIENDA Y EMPLEO;764291;—;Subvención;07/10/2026;1122;https://www.boe.es/eli/es/o/2022/09/23/efp942
Concesiones;SUBV. ACC. FORM. CERT. PROF. PNL ASOC. (CPPA 2023) - BECAS - L3;CONSEJERÍA ECONOMÍA, HACIENDA Y EMPLEO;764291;—;Subvención;07/10/2026;1105,5;https://www.boe.es/eli/es/o/2022/09/23/efp942
Concesiones;SUBV. ACC. FORM. CERT. PROF. PNL ASOC. (CPPA 2023) - BECAS - L3;CONSEJERÍA ECONOMÍA, HACIENDA Y EMPLEO;764291;—;Subvención;07/10/2026;1105,5;https://www.boe.es/eli/es/o/2022/09/23/efp942
Concesiones;SUBV. ACC. FORM. CERT. PROF. PNL ASOC. (CPPA 2023) - BECAS - L3;CONSEJERÍA ECONOMÍA, HACIENDA Y EMPLEO;764291;—;Subvención;07/10/2026;1105,5;https://www.boe.es/eli/es/o/2022/09/23/efp942
Concesiones;SUBVENCIÓN A PROPIETARIOS DE VIVIENDAS QUE LAS CEDAN A LA BOLSA DE ALQUILER 2026;DEPARTAMENTO DE VIVIENDA, JUVENTUD Y POLÍTICAS MIGRATORIAS;898211;—;Subvención;07/10/2026;1099,66;
Concesiones;SUBVENCIÓN A PROPIETARIOS DE VIVIENDAS QUE LAS CEDAN A LA BOLSA DE ALQUILER 2026;DEPARTAMENTO DE VIVIENDA, JUVENTUD Y POLÍTICAS MIGRATORIAS;898211;—;Subvención;07/10/2026;1099,66;
Concesiones;TRAM. ANTICIPADA.FOM. EMPREND. COLECT 2026. 3ª LINEA. INVERSIONES;CONSEJERÍA ECONOMÍA, HACIENDA Y EMPLEO;883180;MUNAY ALSAN SLL;Subvención;07/10/2026;1090,53;https://www.bocm.es/boletin/CM_Orden_BOCM/2024/12/30/BOCM-20241230-20.PDF
Concesiones;SUBV. ACC. FORM. CERT. PROF. PNL ASOC. (CPPA 2023) - BECAS - L3;CONSEJERÍA ECONOMÍA, HACIENDA Y EMPLEO;764291;—;Subvención;07/10/2026;1089;https://www.boe.es/eli/es/o/2022/09/23/efp942
Concesiones;BONO ALQUILER JOVEN 2026;CONSEJERÍA DE POLÍTICA LOCAL, INFRAESTRUCTURAS Y LUCHA CONTRA LA DESPOBLACIÓN;908997;—;Subvención;07/10/2026;1080;https://www.boe.es/boe/dias/2022/01/19/pdfs/BOE-A-2022-802.pdf
Concesiones;SUBV. ACC. FORM. CERT. PROF. PNL ASOC. (CPPA 2023) - BECAS - L3;CONSEJERÍA ECONOMÍA, HACIENDA Y EMPLEO;764291;—;Subvención;07/10/2026;1072,5;https://www.boe.es/eli/es/o/2022/09/23/efp942
Concesiones;SUBV. ACC. FORM. CERT. PROF. PNL ASOC. (CPPA 2023) - BECAS - L3;CONSEJERÍA ECONOMÍA, HACIENDA Y EMPLEO;764291;—;Subvención;07/10/2026;1072,5;https://www.boe.es/eli/es/o/2022/09/23/efp942
Concesiones;SUBV. ACC. FORM. CERT. PROF. PNL ASOC. (CPPA 2023) - BECAS - L3;CONSEJERÍA ECONOMÍA, HACIENDA Y EMPLEO;764291;—;Subvención;07/10/2026;1072,5;https://www.boe.es/eli/es/o/2022/09/23/efp942
Concesiones;Orden de 15/04/2026, de la Consejería de Fomento, por la que se establecen las bases reguladoras y se efectúa la convocatoria de las ayudas al alquiler de vivienda en Castilla-La Mancha. 2026;DIRECCIÓN GENERAL DE VIVIENDA;900401;—;Subvención;07/10/2026;1070,64;
Concesiones;SUBV. ACC. FORM. CERT. PROF. PNL ASOC. (CPPA 2023) - BECAS - L3;CONSEJERÍA ECONOMÍA, HACIENDA Y EMPLEO;764291;—;Subvención;07/10/2026;1056;https://www.boe.es/eli/es/o/2022/09/23/efp942
Concesiones;SUBV. ACC. FORM. CERT. PROF. PNL ASOC. (CPPA 2023) - BECAS - L3;CONSEJERÍA ECONOMÍA, HACIENDA Y EMPLEO;764291;—;Subvención;07/10/2026;1056;https://www.boe.es/eli/es/o/2022/09/23/efp942
Concesiones;SUBV. ACC. FORM. CERT. PROF. PNL ASOC. (CPPA 2023) - BECAS - L3;CONSEJERÍA ECONOMÍA, HACIENDA Y EMPLEO;764291;—;Subvención;07/10/2026;1056;https://www.boe.es/eli/es/o/2022/09/23/efp942
Concesiones;SUBV. ACC. FORM. CERT. PROF. PNL ASOC. (CPPA 2023) - BECAS - L3;CONSEJERÍA ECONOMÍA, HACIENDA Y EMPLEO;764291;—;Subvención;07/10/2026;1056;https://www.boe.es/eli/es/o/2022/09/23/efp942
Concesiones;SUBV. ACC. FORM. CERT. PROF. PNL ASOC. (CPPA 2023) - BECAS - L3;CONSEJERÍA ECONOMÍA, HACIENDA Y EMPLEO;764291;—;Subvención;07/10/2026;1039,5;https://www.boe.es/eli/es/o/2022/09/23/efp942
Concesiones;SUBV. ACC. FORM. CERT. PROF. PNL ASOC. (CPPA 2023) - BECAS - L3;CONSEJERÍA ECONOMÍA, HACIENDA Y EMPLEO;764291;—;Subvención;07/10/2026;1039,5;https://www.boe.es/eli/es/o/2022/09/23/efp942
Concesiones;SUBV. ACC. FORM. CERT. PROF. PNL ASOC. (CPPA 2023) - BECAS - L3;CONSEJERÍA ECONOMÍA, HACIENDA Y EMPLEO;764291;—;Subvención;07/10/2026;1039,5;https://www.boe.es/eli/es/o/2022/09/23/efp942
Concesiones;SUBV. ACC. FORM. CERT. PROF. PNL ASOC. (CPPA 2023) - BECAS - L3;CONSEJERÍA ECONOMÍA, HACIENDA Y EMPLEO;764291;—;Subvención;07/10/2026;1039,5;https://www.boe.es/eli/es/o/2022/09/23/efp942
Concesiones;SUBV. ACC. FORM. CERT. PROF. PNL ASOC. (CPPA 2023) - BECAS - L3;CONSEJERÍA ECONOMÍA, HACIENDA Y EMPLEO;764291;—;Subvención;07/10/2026;1039,5;https://www.boe.es/eli/es/o/2022/09/23/efp942
Concesiones;SUBV. ACC. FORM. CERT. PROF. PNL ASOC. (CPPA 2023) - BECAS - L3;CONSEJERÍA ECONOMÍA, HACIENDA Y EMPLEO;764291;—;Subvención;07/10/2026;1039,5;https://www.boe.es/eli/es/o/2022/09/23/efp942
Concesiones;SUBV. ACC. FORM. CERT. PROF. PNL ASOC. (CPPA 2023) - BECAS - L3;CONSEJERÍA ECONOMÍA, HACIENDA Y EMPLEO;764291;—;Subvención;07/10/2026;1039,5;https://www.boe.es/eli/es/o/2022/09/23/efp942
Concesiones;SUBV. ACC. FORM. CERT. PROF. PNL ASOC. (CPPA 2023) - BECAS - L3;CONSEJERÍA ECONOMÍA, HACIENDA Y EMPLEO;764291;—;Subvención;07/10/2026;1039,5;https://www.boe.es/eli/es/o/2022/09/23/efp942
Concesiones;SUBV. ACC. FORM. CERT. PROF. PNL ASOC. (CPPA 2023) - BECAS - L3;CONSEJERÍA ECONOMÍA, HACIENDA Y EMPLEO;764291;—;Subvención;07/10/2026;1039,5;https://www.boe.es/eli/es/o/2022/09/23/efp942
Concesiones;SUBV. ACC. FORM. CERT. PROF. PNL ASOC. (CPPA 2023) - BECAS - L3;CONSEJERÍA ECONOMÍA, HACIENDA Y EMPLEO;764291;—;Subvención;07/10/2026;1039,5;https://www.boe.es/eli/es/o/2022/09/23/efp942
Concesiones;SUBV. ACC. FORM. CERT. PROF. PNL ASOC. (CPPA 2023) - BECAS - L3;CONSEJERÍA ECONOMÍA, HACIENDA Y EMPLEO;764291;—;Subvención;07/10/2026;1039,5;https://www.boe.es/eli/es/o/2022/09/23/efp942
Concesiones;SUBV. ACC. FORM. CERT. PROF. PNL ASOC. (CPPA 2023) - BECAS - L3;CONSEJERÍA ECONOMÍA, HACIENDA Y EMPLEO;764291;—;Subvención;07/10/2026;1039,5;https://www.boe.es/eli/es/o/2022/09/23/efp942
Concesiones;SUBV. ACC. FORM. CERT. PROF. PNL ASOC. (CPPA 2023) - BECAS - L3;CONSEJERÍA ECONOMÍA, HACIENDA Y EMPLEO;764291;—;Subvención;07/10/2026;1039,5;https://www.boe.es/eli/es/o/2022/09/23/efp942
Concesiones;SUBV. ACC. FORM. CERT. PROF. PNL ASOC. (CPPA 2023) - BECAS - L3;CONSEJERÍA ECONOMÍA, HACIENDA Y EMPLEO;764291;—;Subvención;07/10/2026;1039,5;https://www.boe.es/eli/es/o/2022/09/23/efp942
Concesiones;SUBV. ACC. FORM. CERT. PROF. PNL ASOC. (CPPA 2023) - BECAS - L3;CONSEJERÍA ECONOMÍA, HACIENDA Y EMPLEO;764291;—;Subvención;07/10/2026;1039,5;https://www.boe.es/eli/es/o/2022/09/23/efp942
Concesiones;SUBV. ACC. FORM. CERT. PROF. PNL ASOC. (CPPA 2023) - BECAS - L3;CONSEJERÍA ECONOMÍA, HACIENDA Y EMPLEO;764291;—;Subvención;07/10/2026;1039,5;https://www.boe.es/eli/es/o/2022/09/23/efp942
Concesiones;SUBV. ACC. FORM. CERT. PROF. PNL ASOC. (CPPA 2023) - BECAS - L3;CONSEJERÍA ECONOMÍA, HACIENDA Y EMPLEO;764291;—;Subvención;07/10/2026;1039,5;https://www.boe.es/eli/es/o/2022/09/23/efp942
Concesiones;SUBV. ACC. FORM. CERT. PROF. PNL ASOC. (CPPA 2023) - BECAS - L3;CONSEJERÍA ECONOMÍA, HACIENDA Y EMPLEO;764291;—;Subvención;07/10/2026;1039,5;https://www.boe.es/eli/es/o/2022/09/23/efp942
Concesiones;SUBV. ACC. FORM. CERT. PROF. PNL ASOC. (CPPA 2023) - BECAS - L3;CONSEJERÍA ECONOMÍA, HACIENDA Y EMPLEO;764291;—;Subvención;07/10/2026;1039,5;https://www.boe.es/eli/es/o/2022/09/23/efp942
Concesiones;SUBV. ACC. FORM. CERT. PROF. PNL ASOC. (CPPA 2023) - BECAS - L3;CONSEJERÍA ECONOMÍA, HACIENDA Y EMPLEO;764291;—;Subvención;07/10/2026;1039,5;https://www.boe.es/eli/es/o/2022/09/23/efp942
Concesiones;SUBV. ACC. FORM. CERT. PROF. PNL ASOC. (CPPA 2023) - BECAS - L3;CONSEJERÍA ECONOMÍA, HACIENDA Y EMPLEO;764291;—;Subvención;07/10/2026;1039,5;https://www.boe.es/eli/es/o/2022/09/23/efp942
Concesiones;SUBV. ACC. FORM. CERT. PROF. PNL ASOC. (CPPA 2023) - BECAS - L3;CONSEJERÍA ECONOMÍA, HACIENDA Y EMPLEO;764291;—;Subvención;07/10/2026;1039,5;https://www.boe.es/eli/es/o/2022/09/23/efp942
Concesiones;SUBV. ACC. FORM. CERT. PROF. PNL ASOC. (CPPA 2023) - BECAS - L3;CONSEJERÍA ECONOMÍA, HACIENDA Y EMPLEO;764291;—;Subvención;07/10/2026;1039,5;https://www.boe.es/eli/es/o/2022/09/23/efp942
Concesiones;SUBV. ACC. FORM. CERT. PROF. PNL ASOC. (CPPA 2023) - BECAS - L3;CONSEJERÍA ECONOMÍA, HACIENDA Y EMPLEO;764291;—;Subvención;07/10/2026;1039,5;https://www.boe.es/eli/es/o/2022/09/23/efp942
Concesiones;SUBV. ACC. FORM. CERT. PROF. PNL ASOC. (CPPA 2023) - BECAS - L3;CONSEJERÍA ECONOMÍA, HACIENDA Y EMPLEO;764291;—;Subvención;07/10/2026;1039,5;https://www.boe.es/eli/es/o/2022/09/23/efp942
Concesiones;SUBV. ACC. FORM. CERT. PROF. PNL ASOC. (CPPA 2023) - BECAS - L3;CONSEJERÍA ECONOMÍA, HACIENDA Y EMPLEO;764291;—;Subvención;07/10/2026;1039,5;https://www.boe.es/eli/es/o/2022/09/23/efp942
Concesiones;SUBV. ACC. FORM. CERT. PROF. PNL ASOC. (CPPA 2023) - BECAS - L3;CONSEJERÍA ECONOMÍA, HACIENDA Y EMPLEO;764291;—;Subvención;07/10/2026;1039,5;https://www.boe.es/eli/es/o/2022/09/23/efp942
Concesiones;SUBV. ACC. FORM. CERT. PROF. PNL ASOC. (CPPA 2023) - BECAS - L3;CONSEJERÍA ECONOMÍA, HACIENDA Y EMPLEO;764291;—;Subvención;07/10/2026;1039,5;https://www.boe.es/eli/es/o/2022/09/23/efp942
Concesiones;SUBV. ACC. FORM. CERT. PROF. PNL ASOC. (CPPA 2023) - BECAS - L3;CONSEJERÍA ECONOMÍA, HACIENDA Y EMPLEO;764291;—;Subvención;07/10/2026;1039,5;https://www.boe.es/eli/es/o/2022/09/23/efp942
Concesiones;SUBV. ACC. FORM. CERT. PROF. PNL ASOC. (CPPA 2023) - BECAS - L3;CONSEJERÍA ECONOMÍA, HACIENDA Y EMPLEO;764291;—;Subvención;07/10/2026;1039,5;https://www.boe.es/eli/es/o/2022/09/23/efp942
Concesiones;SUBV. ACC. FORM. CERT. PROF. PNL ASOC. (CPPA 2023) - BECAS - L3;CONSEJERÍA ECONOMÍA, HACIENDA Y EMPLEO;764291;—;Subvención;07/10/2026;1039,5;https://www.boe.es/eli/es/o/2022/09/23/efp942
Concesiones;SUBV. ACC. FORM. CERT. PROF. PNL ASOC. (CPPA 2023) - BECAS - L3;CONSEJERÍA ECONOMÍA, HACIENDA Y EMPLEO;764291;—;Subvención;07/10/2026;1039,5;https://www.boe.es/eli/es/o/2022/09/23/efp942
Concesiones;SUBV. ACC. FORM. CERT. PROF. PNL ASOC. (CPPA 2023) - BECAS - L3;CONSEJERÍA ECONOMÍA, HACIENDA Y EMPLEO;764291;—;Subvención;07/10/2026;1039,5;https://www.boe.es/eli/es/o/2022/09/23/efp942
Concesiones;Convocatoria Jaén+ X: Formación Profesional con PLus en Europa (Línea 1 Subvenciones Movilidad Internacional Estudiantes);DIPUTACIÓN PROVINCIAL DE JAÉN;888790;—;Subvención;07/10/2026;1036;https://www.dipujaen.es/portal-de-transparencia/economica-financiera/presupuestos-diputacion-jaen-2025
Concesiones;Convocatoria Jaén+ X: Formación Profesional con PLus en Europa (Línea 1 Subvenciones Movilidad Internacional Estudiantes);DIPUTACIÓN PROVINCIAL DE JAÉN;888790;—;Subvención;07/10/2026;1036;https://www.dipujaen.es/portal-de-transparencia/economica-financiera/presupuestos-diputacion-jaen-2025
Concesiones;Convocatoria Jaén+ X: Formación Profesional con PLus en Europa (Línea 1 Subvenciones Movilidad Internacional Estudiantes);DIPUTACIÓN PROVINCIAL DE JAÉN;888790;—;Subvención;07/10/2026;1036;https://www.dipujaen.es/portal-de-transparencia/economica-financiera/presupuestos-diputacion-jaen-2025
Concesiones;SUBV. ACC. FORM. CERT. PROF. PNL ASOC. (CPPA 2023) - BECAS - L3;CONSEJERÍA ECONOMÍA, HACIENDA Y EMPLEO;764291;—;Subvención;07/10/2026;1023;https://www.boe.es/eli/es/o/2022/09/23/efp942
Concesiones;SUBV. ACC. FORM. CERT. PROF. PNL ASOC. (CPPA 2023) - BECAS - L3;CONSEJERÍA ECONOMÍA, HACIENDA Y EMPLEO;764291;—;Subvención;07/10/2026;1023;https://www.boe.es/eli/es/o/2022/09/23/efp942
Concesiones;Convocatoria 2026 de ayudas a la participación en ferias comerciales con productos agroalimentarios;DEPARTAMENTO DE DESARROLLO RURAL Y MEDIO AMBIENTE;901796;VIDMUNDI SL;Subvención;07/10/2026;1012,5;
Concesiones;SUBV. ACC. FORM. CERT. PROF. PNL ASOC. (CPPA 2023) - BECAS - L3;CONSEJERÍA ECONOMÍA, HACIENDA Y EMPLEO;764291;—;Subvención;07/10/2026;1006,5;https://www.boe.es/eli/es/o/2022/09/23/efp942
Concesiones;SUBV. ACC. FORM. CERT. PROF. PNL ASOC. (CPPA 2023) - BECAS - L3;CONSEJERÍA ECONOMÍA, HACIENDA Y EMPLEO;764291;—;Subvención;07/10/2026;1006,5;https://www.boe.es/eli/es/o/2022/09/23/efp942
Concesiones;SUBV. ACC. FORM. CERT. PROF. PNL ASOC. (CPPA 2023) - BECAS - L3;CONSEJERÍA ECONOMÍA, HACIENDA Y EMPLEO;764291;—;Subvención;07/10/2026;1006,5;https://www.boe.es/eli/es/o/2022/09/23/efp942
Concesiones;SUBV. ACC. FORM. CERT. PROF. PNL ASOC. (CPPA 2023) - BECAS - L3;CONSEJERÍA ECONOMÍA, HACIENDA Y EMPLEO;764291;—;Subvención;07/10/2026;1006,5;https://www.boe.es/eli/es/o/2022/09/23/efp942
Concesiones;SUBV. ACC. FORM. CERT. PROF. PNL ASOC. (CPPA 2023) - BECAS - L3;CONSEJERÍA ECONOMÍA, HACIENDA Y EMPLEO;764291;—;Subvención;07/10/2026;1006,5;https://www.boe.es/eli/es/o/2022/09/23/efp942
Concesiones;Orden de 15/04/2026, de la Consejería de Fomento, por la que se establecen las bases reguladoras y se efectúa la convocatoria de las ayudas al alquiler de vivienda en Castilla-La Mancha. 2026;DIRECCIÓN GENERAL DE VIVIENDA;900401;—;Subvención;07/10/2026;1000;
Concesiones;SUBV. ACC. FORM. CERT. PROF. PNL ASOC. (CPPA 2023) - BECAS - L3;CONSEJERÍA ECONOMÍA, HACIENDA Y EMPLEO;764291;—;Subvención;07/10/2026;990;https://www.boe.es/eli/es/o/2022/09/23/efp942
Concesiones;SUBV. ACC. FORM. CERT. PROF. PNL ASOC. (CPPA 2023) - BECAS - L3;CONSEJERÍA ECONOMÍA, HACIENDA Y EMPLEO;764291;—;Subvención;07/10/2026;990;https://www.boe.es/eli/es/o/2022/09/23/efp942
Concesiones;SUBV. ACC. FORM. CERT. PROF. PNL ASOC. (CPPA 2023) - BECAS - L3;CONSEJERÍA ECONOMÍA, HACIENDA Y EMPLEO;764291;—;Subvención;07/10/2026;990;https://www.boe.es/eli/es/o/2022/09/23/efp942
Concesiones;Orden de 15/04/2026, de la Consejería de Fomento, por la que se establecen las bases reguladoras y se efectúa la convocatoria de las ayudas al alquiler de vivienda en Castilla-La Mancha. 2026;DIRECCIÓN GENERAL DE VIVIENDA;900401;—;Subvención;07/10/2026;983,24;
Concesiones;SUBV. ACC. FORM. CERT. PROF. PNL ASOC. (CPPA 2023) - BECAS - L3;CONSEJERÍA ECONOMÍA, HACIENDA Y EMPLEO;764291;—;Subvención;07/10/2026;973,5;https://www.boe.es/eli/es/o/2022/09/23/efp942
Concesiones;Orde do 30 de decembro de 2025, pola que se establecen as bases reguladoras dos programas de axuda ás persoas traballadoras autónomas TR341D;CONSELLERÍA DE EMPLEO, COMERCIO Y EMIGRACIÓN;884382;—;Subvención;07/10/2026;960;https://www.xunta.gal/diario-oficial-galicia/portalPublicoHome.do?lang=es
Concesiones;Orde do 30 de decembro de 2025, pola que se establecen as bases reguladoras dos programas de axuda ás persoas traballadoras autónomas TR341D;CONSELLERÍA DE EMPLEO, COMERCIO Y EMIGRACIÓN;884382;—;Subvención;07/10/2026;960;https://www.xunta.gal/diario-oficial-galicia/portalPublicoHome.do?lang=es
Concesiones;Orde do 30 de decembro de 2025, pola que se establecen as bases reguladoras dos programas de axuda ás persoas traballadoras autónomas TR341D;CONSELLERÍA DE EMPLEO, COMERCIO Y EMIGRACIÓN;884382;—;Subvención;07/10/2026;960;https://www.xunta.gal/diario-oficial-galicia/portalPublicoHome.do?lang=es
Concesiones;Orde do 30 de decembro de 2025, pola que se establecen as bases reguladoras dos programas de axuda ás persoas traballadoras autónomas TR341D;CONSELLERÍA DE EMPLEO, COMERCIO Y EMIGRACIÓN;884382;—;Subvención;07/10/2026;960;https://www.xunta.gal/diario-oficial-galicia/portalPublicoHome.do?lang=es
Concesiones;Orde do 30 de decembro de 2025, pola que se establecen as bases reguladoras dos programas de axuda ás persoas traballadoras autónomas TR341D;CONSELLERÍA DE EMPLEO, COMERCIO Y EMIGRACIÓN;884382;—;Subvención;07/10/2026;960;https://www.xunta.gal/diario-oficial-galicia/portalPublicoHome.do?lang=es
Concesiones;Orde do 30 de decembro de 2025, pola que se establecen as bases reguladoras dos programas de axuda ás persoas traballadoras autónomas TR341D;CONSELLERÍA DE EMPLEO, COMERCIO Y EMIGRACIÓN;884382;—;Subvención;07/10/2026;960;https://www.xunta.gal/diario-oficial-galicia/portalPublicoHome.do?lang=es
Concesiones;Orde do 30 de decembro de 2025, pola que se establecen as bases reguladoras dos programas de axuda ás persoas traballadoras autónomas TR341D;CONSELLERÍA DE EMPLEO, COMERCIO Y EMIGRACIÓN;884382;—;Subvención;07/10/2026;960;https://www.xunta.gal/diario-oficial-galicia/portalPublicoHome.do?lang=es
Concesiones;Orde do 30 de decembro de 2025, pola que se establecen as bases reguladoras dos programas de axuda ás persoas traballadoras autónomas TR341D;CONSELLERÍA DE EMPLEO, COMERCIO Y EMIGRACIÓN;884382;—;Subvención;07/10/2026;960;https://www.xunta.gal/diario-oficial-galicia/portalPublicoHome.do?lang=es
Concesiones;Orde do 30 de decembro de 2025, pola que se establecen as bases reguladoras dos programas de axuda ás persoas traballadoras autónomas TR341D;CONSELLERÍA DE EMPLEO, COMERCIO Y EMIGRACIÓN;884382;—;Subvención;07/10/2026;960;https://www.xunta.gal/diario-oficial-galicia/portalPublicoHome.do?lang=es
Concesiones;Orde do 30 de decembro de 2025, pola que se establecen as bases reguladoras dos programas de axuda ás persoas traballadoras autónomas TR341D;CONSELLERÍA DE EMPLEO, COMERCIO Y EMIGRACIÓN;884382;—;Subvención;07/10/2026;960;https://www.xunta.gal/diario-oficial-galicia/portalPublicoHome.do?lang=es
Concesiones;Orde do 30 de decembro de 2025, pola que se establecen as bases reguladoras dos programas de axuda ás persoas traballadoras autónomas TR341D;CONSELLERÍA DE EMPLEO, COMERCIO Y EMIGRACIÓN;884382;—;Subvención;07/10/2026;960;https://www.xunta.gal/diario-oficial-galicia/portalPublicoHome.do?lang=es
Concesiones;Orde do 30 de decembro de 2025, pola que se establecen as bases reguladoras dos programas de axuda ás persoas traballadoras autónomas TR341D;CONSELLERÍA DE EMPLEO, COMERCIO Y EMIGRACIÓN;884382;—;Subvención;07/10/2026;960;https://www.xunta.gal/diario-oficial-galicia/portalPublicoHome.do?lang=es
Concesiones;Orde do 30 de decembro de 2025, pola que se establecen as bases reguladoras dos programas de axuda ás persoas traballadoras autónomas TR341D;CONSELLERÍA DE EMPLEO, COMERCIO Y EMIGRACIÓN;884382;—;Subvención;07/10/2026;960;https://www.xunta.gal/diario-oficial-galicia/portalPublicoHome.do?lang=es
Concesiones;Orde do 30 de decembro de 2025, pola que se establecen as bases reguladoras dos programas de axuda ás persoas traballadoras autónomas TR341D;CONSELLERÍA DE EMPLEO, COMERCIO Y EMIGRACIÓN;884382;—;Subvención;07/10/2026;960;https://www.xunta.gal/diario-oficial-galicia/portalPublicoHome.do?lang=es
Concesiones;Orde do 30 de decembro de 2025, pola que se establecen as bases reguladoras dos programas de axuda ás persoas traballadoras autónomas TR341D;CONSELLERÍA DE EMPLEO, COMERCIO Y EMIGRACIÓN;884382;—;Subvención;07/10/2026;960;https://www.xunta.gal/diario-oficial-galicia/portalPublicoHome.do?lang=es
Concesiones;Orde do 30 de decembro de 2025, pola que se establecen as bases reguladoras dos programas de axuda ás persoas traballadoras autónomas TR341D;CONSELLERÍA DE EMPLEO, COMERCIO Y EMIGRACIÓN;884382;—;Subvención;07/10/2026;960;https://www.xunta.gal/diario-oficial-galicia/portalPublicoHome.do?lang=es
Concesiones;Orde do 30 de decembro de 2025, pola que se establecen as bases reguladoras dos programas de axuda ás persoas traballadoras autónomas TR341D;CONSELLERÍA DE EMPLEO, COMERCIO Y EMIGRACIÓN;884382;—;Subvención;07/10/2026;960;https://www.xunta.gal/diario-oficial-galicia/portalPublicoHome.do?lang=es
Concesiones;Orde do 30 de decembro de 2025, pola que se establecen as bases reguladoras dos programas de axuda ás persoas traballadoras autónomas TR341D;CONSELLERÍA DE EMPLEO, COMERCIO Y EMIGRACIÓN;884382;—;Subvención;07/10/2026;960;https://www.xunta.gal/diario-oficial-galicia/portalPublicoHome.do?lang=es
Concesiones;Orde do 30 de decembro de 2025, pola que se establecen as bases reguladoras dos programas de axuda ás persoas traballadoras autónomas TR341D;CONSELLERÍA DE EMPLEO, COMERCIO Y EMIGRACIÓN;884382;—;Subvención;07/10/2026;960;https://www.xunta.gal/diario-oficial-galicia/portalPublicoHome.do?lang=es
Concesiones;Orde do 30 de decembro de 2025, pola que se establecen as bases reguladoras dos programas de axuda ás persoas traballadoras autónomas TR341D;CONSELLERÍA DE EMPLEO, COMERCIO Y EMIGRACIÓN;884382;—;Subvención;07/10/2026;960;https://www.xunta.gal/diario-oficial-galicia/portalPublicoHome.do?lang=es
Concesiones;Orde do 30 de decembro de 2025, pola que se establecen as bases reguladoras dos programas de axuda ás persoas traballadoras autónomas TR341D;CONSELLERÍA DE EMPLEO, COMERCIO Y EMIGRACIÓN;884382;—;Subvención;07/10/2026;960;https://www.xunta.gal/diario-oficial-galicia/portalPublicoHome.do?lang=es
Concesiones;Orde do 30 de decembro de 2025, pola que se establecen as bases reguladoras dos programas de axuda ás persoas traballadoras autónomas TR341D;CONSELLERÍA DE EMPLEO, COMERCIO Y EMIGRACIÓN;884382;—;Subvención;07/10/2026;960;https://www.xunta.gal/diario-oficial-galicia/portalPublicoHome.do?lang=es
Concesiones;Orde do 30 de decembro de 2025, pola que se establecen as bases reguladoras dos programas de axuda ás persoas traballadoras autónomas TR341D;CONSELLERÍA DE EMPLEO, COMERCIO Y EMIGRACIÓN;884382;—;Subvención;07/10/2026;960;https://www.xunta.gal/diario-oficial-galicia/portalPublicoHome.do?lang=es
Concesiones;Orde do 30 de decembro de 2025, pola que se establecen as bases reguladoras dos programas de axuda ás persoas traballadoras autónomas TR341D;CONSELLERÍA DE EMPLEO, COMERCIO Y EMIGRACIÓN;884382;—;Subvención;07/10/2026;960;https://www.xunta.gal/diario-oficial-galicia/portalPublicoHome.do?lang=es
Concesiones;Orde do 30 de decembro de 2025, pola que se establecen as bases reguladoras dos programas de axuda ás persoas traballadoras autónomas TR341D;CONSELLERÍA DE EMPLEO, COMERCIO Y EMIGRACIÓN;884382;—;Subvención;07/10/2026;960;https://www.xunta.gal/diario-oficial-galicia/portalPublicoHome.do?lang=es
Concesiones;Orde do 30 de decembro de 2025, pola que se establecen as bases reguladoras dos programas de axuda ás persoas traballadoras autónomas TR341D;CONSELLERÍA DE EMPLEO, COMERCIO Y EMIGRACIÓN;884382;—;Subvención;07/10/2026;960;https://www.xunta.gal/diario-oficial-galicia/portalPublicoHome.do?lang=es
Concesiones;Orde do 30 de decembro de 2025, pola que se establecen as bases reguladoras dos programas de axuda ás persoas traballadoras autónomas TR341D;CONSELLERÍA DE EMPLEO, COMERCIO Y EMIGRACIÓN;884382;—;Subvención;07/10/2026;960;https://www.xunta.gal/diario-oficial-galicia/portalPublicoHome.do?lang=es
Concesiones;SUBV. ACC. FORM. CERT. PROF. PNL ASOC. (CPPA 2023) - BECAS - L3;CONSEJERÍA ECONOMÍA, HACIENDA Y EMPLEO;764291;—;Subvención;07/10/2026;957;https://www.boe.es/eli/es/o/2022/09/23/efp942
Concesiones;SUBV. ACC. FORM. CERT. PROF. PNL ASOC. (CPPA 2023) - BECAS - L3;CONSEJERÍA ECONOMÍA, HACIENDA Y EMPLEO;764291;—;Subvención;07/10/2026;957;https://www.boe.es/eli/es/o/2022/09/23/efp942
Concesiones;SUBV. ACC. FORM. CERT. PROF. PNL ASOC. (CPPA 2023) - BECAS - L3;CONSEJERÍA ECONOMÍA, HACIENDA Y EMPLEO;764291;—;Subvención;07/10/2026;957;https://www.boe.es/eli/es/o/2022/09/23/efp942
Concesiones;SUBV. ACC. FORM. CERT. PROF. PNL ASOC. (CPPA 2023) - BECAS - L3;CONSEJERÍA ECONOMÍA, HACIENDA Y EMPLEO;764291;—;Subvención;07/10/2026;957;https://www.boe.es/eli/es/o/2022/09/23/efp942
Concesiones;SUBV. ACC. FORM. CERT. PROF. PNL ASOC. (CPPA 2023) - BECAS - L3;CONSEJERÍA ECONOMÍA, HACIENDA Y EMPLEO;764291;—;Subvención;07/10/2026;957;https://www.boe.es/eli/es/o/2022/09/23/efp942
Concesiones;SUBV. ACC. FORM. CERT. PROF. PNL ASOC. (CPPA 2023) - BECAS - L3;CONSEJERÍA ECONOMÍA, HACIENDA Y EMPLEO;764291;—;Subvención;07/10/2026;957;https://www.boe.es/eli/es/o/2022/09/23/efp942
Concesiones;SUBV. ACC. FORM. CERT. PROF. PNL ASOC. (CPPA 2023) - BECAS - L3;CONSEJERÍA ECONOMÍA, HACIENDA Y EMPLEO;764291;—;Subvención;07/10/2026;957;https://www.boe.es/eli/es/o/2022/09/23/efp942
Concesiones;SUBV. ACC. FORM. CERT. PROF. PNL ASOC. (CPPA 2023) - BECAS - L3;CONSEJERÍA ECONOMÍA, HACIENDA Y EMPLEO;764291;—;Subvención;07/10/2026;957;https://www.boe.es/eli/es/o/2022/09/23/efp942
Concesiones;SUBV. ACC. FORM. CERT. PROF. PNL ASOC. (CPPA 2023) - BECAS - L3;CONSEJERÍA ECONOMÍA, HACIENDA Y EMPLEO;764291;—;Subvención;07/10/2026;940,5;https://www.boe.es/eli/es/o/2022/09/23/efp942
Concesiones;SUBV. ACC. FORM. CERT. PROF. PNL ASOC. (CPPA 2023) - BECAS - L3;CONSEJERÍA ECONOMÍA, HACIENDA Y EMPLEO;764291;—;Subvención;07/10/2026;940,5;https://www.boe.es/eli/es/o/2022/09/23/efp942
Concesiones;SUBV. ACC. FORM. CERT. PROF. PNL ASOC. (CPPA 2023) - BECAS - L3;CONSEJERÍA ECONOMÍA, HACIENDA Y EMPLEO;764291;—;Subvención;07/10/2026;940,5;https://www.boe.es/eli/es/o/2022/09/23/efp942
Concesiones;SUBV. ACC. FORM. CERT. PROF. PNL ASOC. (CPPA 2023) - BECAS - L3;CONSEJERÍA ECONOMÍA, HACIENDA Y EMPLEO;764291;—;Subvención;07/10/2026;940,5;https://www.boe.es/eli/es/o/2022/09/23/efp942
Concesiones;SUBV. ACC. FORM. CERT. PROF. PNL ASOC. (CPPA 2023) - BECAS - L3;CONSEJERÍA ECONOMÍA, HACIENDA Y EMPLEO;764291;—;Subvención;07/10/2026;940,5;https://www.boe.es/eli/es/o/2022/09/23/efp942
Concesiones;SUBV. ACC. FORM. CERT. PROF. PNL ASOC. (CPPA 2023) - BECAS - L3;CONSEJERÍA ECONOMÍA, HACIENDA Y EMPLEO;764291;—;Subvención;07/10/2026;940,5;https://www.boe.es/eli/es/o/2022/09/23/efp942
Concesiones;SUBV. ACC. FORM. CERT. PROF. PNL ASOC. (CPPA 2023) - BECAS - L3;CONSEJERÍA ECONOMÍA, HACIENDA Y EMPLEO;764291;—;Subvención;07/10/2026;940,5;https://www.boe.es/eli/es/o/2022/09/23/efp942
Concesiones;SUBV. ACC. FORM. CERT. PROF. PNL ASOC. (CPPA 2023) - BECAS - L3;CONSEJERÍA ECONOMÍA, HACIENDA Y EMPLEO;764291;—;Subvención;07/10/2026;924;https://www.boe.es/eli/es/o/2022/09/23/efp942
Concesiones;SUBV. ACC. FORM. CERT. PROF. PNL ASOC. (CPPA 2023) - BECAS - L3;CONSEJERÍA ECONOMÍA, HACIENDA Y EMPLEO;764291;—;Subvención;07/10/2026;924;https://www.boe.es/eli/es/o/2022/09/23/efp942
Concesiones;SUBV. ACC. FORM. CERT. PROF. PNL ASOC. (CPPA 2023) - BECAS - L3;CONSEJERÍA ECONOMÍA, HACIENDA Y EMPLEO;764291;—;Subvención;07/10/2026;924;https://www.boe.es/eli/es/o/2022/09/23/efp942
Concesiones;SUBV. ACC. FORM. CERT. PROF. PNL ASOC. (CPPA 2023) - BECAS - L3;CONSEJERÍA ECONOMÍA, HACIENDA Y EMPLEO;764291;—;Subvención;07/10/2026;924;https://www.boe.es/eli/es/o/2022/09/23/efp942
Concesiones;SUBV. ACC. FORM. CERT. PROF. PNL ASOC. (CPPA 2023) - BECAS - L3;CONSEJERÍA ECONOMÍA, HACIENDA Y EMPLEO;764291;—;Subvención;07/10/2026;924;https://www.boe.es/eli/es/o/2022/09/23/efp942
Concesiones;SUBV. ACC. FORM. CERT. PROF. PNL ASOC. (CPPA 2023) - BECAS - L3;CONSEJERÍA ECONOMÍA, HACIENDA Y EMPLEO;764291;—;Subvención;07/10/2026;924;https://www.boe.es/eli/es/o/2022/09/23/efp942
Concesiones;SUBV. ACC. FORM. CERT. PROF. PNL ASOC. (CPPA 2023) - BECAS - L3;CONSEJERÍA ECONOMÍA, HACIENDA Y EMPLEO;764291;—;Subvención;07/10/2026;924;https://www.boe.es/eli/es/o/2022/09/23/efp942
Concesiones;SUBV. ACC. FORM. CERT. PROF. PNL ASOC. (CPPA 2023) - BECAS - L3;CONSEJERÍA ECONOMÍA, HACIENDA Y EMPLEO;764291;—;Subvención;07/10/2026;907,5;https://www.boe.es/eli/es/o/2022/09/23/efp942
Concesiones;SUBV. ACC. FORM. CERT. PROF. PNL ASOC. (CPPA 2023) - BECAS - L3;CONSEJERÍA ECONOMÍA, HACIENDA Y EMPLEO;764291;—;Subvención;07/10/2026;907,5;https://www.boe.es/eli/es/o/2022/09/23/efp942
Concesiones;SUBV. ACC. FORM. CERT. PROF. PNL ASOC. (CPPA 2023) - BECAS - L3;CONSEJERÍA ECONOMÍA, HACIENDA Y EMPLEO;764291;—;Subvención;07/10/2026;907,5;https://www.boe.es/eli/es/o/2022/09/23/efp942
Concesiones;SUBV. ACC. FORM. CERT. PROF. PNL ASOC. (CPPA 2023) - BECAS - L3;CONSEJERÍA ECONOMÍA, HACIENDA Y EMPLEO;764291;—;Subvención;07/10/2026;907,5;https://www.boe.es/eli/es/o/2022/09/23/efp942
Concesiones;SUBV. ACC. FORM. CERT. PROF. PNL ASOC. (CPPA 2023) - BECAS - L3;CONSEJERÍA ECONOMÍA, HACIENDA Y EMPLEO;764291;—;Subvención;07/10/2026;891;https://www.boe.es/eli/es/o/2022/09/23/efp942
Concesiones;Convocatoria 2026 de ayudas a la participación en ferias comerciales con productos agroalimentarios;DEPARTAMENTO DE DESARROLLO RURAL Y MEDIO AMBIENTE;901796;EMBUTIDOS HORTANCO SL;Subvención;07/10/2026;882;
Concesiones;Convocatoria 2026 de ayudas a la participación en ferias comerciales con productos agroalimentarios;DEPARTAMENTO DE DESARROLLO RURAL Y MEDIO AMBIENTE;901796;HACIENDA ORTIGOSA SLU;Subvención;07/10/2026;882;
Concesiones;SUBV. ACC. FORM. CERT. PROF. PNL ASOC. (CPPA 2023) - BECAS - L3;CONSEJERÍA ECONOMÍA, HACIENDA Y EMPLEO;764291;—;Subvención;07/10/2026;874,5;https://www.boe.es/eli/es/o/2022/09/23/efp942
Concesiones;SUBV. ACC. FORM. CERT. PROF. PNL ASOC. (CPPA 2023) - BECAS - L3;CONSEJERÍA ECONOMÍA, HACIENDA Y EMPLEO;764291;—;Subvención;07/10/2026;874,5;https://www.boe.es/eli/es/o/2022/09/23/efp942
Concesiones;Convocatoria 2026 de ayudas a la participación en ferias comerciales con productos agroalimentarios;DEPARTAMENTO DE DESARROLLO RURAL Y MEDIO AMBIENTE;901796;—;Subvención;07/10/2026;858,75;
Concesiones;SUBV. ACC. FORM. CERT. PROF. PNL ASOC. (CPPA 2023) - BECAS - L3;CONSEJERÍA ECONOMÍA, HACIENDA Y EMPLEO;764291;—;Subvención;07/10/2026;841,5;https://www.boe.es/eli/es/o/2022/09/23/efp942
Concesiones;SUBV. ACC. FORM. CERT. PROF. PNL ASOC. (CPPA 2023) - BECAS - L3;CONSEJERÍA ECONOMÍA, HACIENDA Y EMPLEO;764291;—;Subvención;07/10/2026;841,5;https://www.boe.es/eli/es/o/2022/09/23/efp942
Concesiones;SUBV. ACC. FORM. CERT. PROF. PNL ASOC. (CPPA 2023) - BECAS - L3;CONSEJERÍA ECONOMÍA, HACIENDA Y EMPLEO;764291;—;Subvención;07/10/2026;841,5;https://www.boe.es/eli/es/o/2022/09/23/efp942
Concesiones;SUBV. ACC. FORM. CERT. PROF. PNL ASOC. (CPPA 2023) - BECAS - L3;CONSEJERÍA ECONOMÍA, HACIENDA Y EMPLEO;764291;—;Subvención;07/10/2026;841,5;https://www.boe.es/eli/es/o/2022/09/23/efp942
Concesiones;SUBV. ACC. FORM. CERT. PROF. PNL ASOC. (CPPA 2023) - BECAS - L3;CONSEJERÍA ECONOMÍA, HACIENDA Y EMPLEO;764291;—;Subvención;07/10/2026;841,5;https://www.boe.es/eli/es/o/2022/09/23/efp942
Concesiones;SUBV. ACC. FORM. CERT. PROF. PNL ASOC. (CPPA 2023) - BECAS - L3;CONSEJERÍA ECONOMÍA, HACIENDA Y EMPLEO;764291;—;Subvención;07/10/2026;841,5;https://www.boe.es/eli/es/o/2022/09/23/efp942
Concesiones;SUBV. ACC. FORM. CERT. PROF. PNL ASOC. (CPPA 2023) - BECAS - L3;CONSEJERÍA ECONOMÍA, HACIENDA Y EMPLEO;764291;—;Subvención;07/10/2026;841,5;https://www.boe.es/eli/es/o/2022/09/23/efp942
Concesiones;SUBV. ACC. FORM. CERT. PROF. PNL ASOC. (CPPA 2023) - BECAS - L3;CONSEJERÍA ECONOMÍA, HACIENDA Y EMPLEO;764291;—;Subvención;07/10/2026;841,5;https://www.boe.es/eli/es/o/2022/09/23/efp942
Concesiones;SUBV. ACC. FORM. CERT. PROF. PNL ASOC. (CPPA 2023) - BECAS - L3;CONSEJERÍA ECONOMÍA, HACIENDA Y EMPLEO;764291;—;Subvención;07/10/2026;841,5;https://www.boe.es/eli/es/o/2022/09/23/efp942
Concesiones;SUBV. ACC. FORM. CERT. PROF. PNL ASOC. (CPPA 2023) - BECAS - L3;CONSEJERÍA ECONOMÍA, HACIENDA Y EMPLEO;764291;—;Subvención;07/10/2026;841,5;https://www.boe.es/eli/es/o/2022/09/23/efp942
Concesiones;SUBV. ACC. FORM. CERT. PROF. PNL ASOC. (CPPA 2023) - BECAS - L3;CONSEJERÍA ECONOMÍA, HACIENDA Y EMPLEO;764291;—;Subvención;07/10/2026;825;https://www.boe.es/eli/es/o/2022/09/23/efp942
Concesiones;SUBV. ACC. FORM. CERT. PROF. PNL ASOC. (CPPA 2023) - BECAS - L3;CONSEJERÍA ECONOMÍA, HACIENDA Y EMPLEO;764291;—;Subvención;07/10/2026;825;https://www.boe.es/eli/es/o/2022/09/23/efp942
Concesiones;SUBV. ACC. FORM. CERT. PROF. PNL ASOC. (CPPA 2023) - BECAS - L3;CONSEJERÍA ECONOMÍA, HACIENDA Y EMPLEO;764291;—;Subvención;07/10/2026;808,5;https://www.boe.es/eli/es/o/2022/09/23/efp942
Concesiones;SUBV. ACC. FORM. CERT. PROF. PNL ASOC. (CPPA 2023) - BECAS - L3;CONSEJERÍA ECONOMÍA, HACIENDA Y EMPLEO;764291;—;Subvención;07/10/2026;808,5;https://www.boe.es/eli/es/o/2022/09/23/efp942
Concesiones;SUBV. ACC. FORM. CERT. PROF. PNL ASOC. (CPPA 2023) - BECAS - L3;CONSEJERÍA ECONOMÍA, HACIENDA Y EMPLEO;764291;—;Subvención;07/10/2026;808,5;https://www.boe.es/eli/es/o/2022/09/23/efp942
Concesiones;SUBV. ACC. FORM. CERT. PROF. PNL ASOC. (CPPA 2023) - BECAS - L3;CONSEJERÍA ECONOMÍA, HACIENDA Y EMPLEO;764291;—;Subvención;07/10/2026;808,5;https://www.boe.es/eli/es/o/2022/09/23/efp942
Concesiones;SUBV. ACC. FORM. CERT. PROF. PNL ASOC. (CPPA 2023) - BECAS - L3;CONSEJERÍA ECONOMÍA, HACIENDA Y EMPLEO;764291;—;Subvención;07/10/2026;808,5;https://www.boe.es/eli/es/o/2022/09/23/efp942
Concesiones;SUBV. ACC. FORM. CERT. PROF. PNL ASOC. (CPPA 2023) - BECAS - L3;CONSEJERÍA ECONOMÍA, HACIENDA Y EMPLEO;764291;—;Subvención;07/10/2026;792;https://www.boe.es/eli/es/o/2022/09/23/efp942
Concesiones;SUBV. ACC. FORM. CERT. PROF. PNL ASOC. (CPPA 2023) - BECAS - L3;CONSEJERÍA ECONOMÍA, HACIENDA Y EMPLEO;764291;—;Subvención;07/10/2026;792;https://www.boe.es/eli/es/o/2022/09/23/efp942
Concesiones;SUBV. ACC. FORM. CERT. PROF. PNL ASOC. (CPPA 2023) - BECAS - L3;CONSEJERÍA ECONOMÍA, HACIENDA Y EMPLEO;764291;—;Subvención;07/10/2026;775,5;https://www.boe.es/eli/es/o/2022/09/23/efp942
Concesiones;SUBV. ACC. FORM. CERT. PROF. PNL ASOC. (CPPA 2023) - BECAS - L3;CONSEJERÍA ECONOMÍA, HACIENDA Y EMPLEO;764291;—;Subvención;07/10/2026;775,5;https://www.boe.es/eli/es/o/2022/09/23/efp942
Concesiones;SUBV. ACC. FORM. CERT. PROF. PNL ASOC. (CPPA 2023) - BECAS - L3;CONSEJERÍA ECONOMÍA, HACIENDA Y EMPLEO;764291;—;Subvención;07/10/2026;775,5;https://www.boe.es/eli/es/o/2022/09/23/efp942
Concesiones;SUBV. ACC. FORM. CERT. PROF. PNL ASOC. (CPPA 2023) - BECAS - L3;CONSEJERÍA ECONOMÍA, HACIENDA Y EMPLEO;764291;—;Subvención;07/10/2026;775,5;https://www.boe.es/eli/es/o/2022/09/23/efp942
Concesiones;SUBV. ACC. FORM. CERT. PROF. PNL ASOC. (CPPA 2023) - BECAS - L3;CONSEJERÍA ECONOMÍA, HACIENDA Y EMPLEO;764291;—;Subvención;07/10/2026;775,5;https://www.boe.es/eli/es/o/2022/09/23/efp942
Concesiones;SUBV. ACC. FORM. CERT. PROF. PNL ASOC. (CPPA 2023) - BECAS - L3;CONSEJERÍA ECONOMÍA, HACIENDA Y EMPLEO;764291;—;Subvención;07/10/2026;759;https://www.boe.es/eli/es/o/2022/09/23/efp942
Concesiones;SUBV. ACC. FORM. CERT. PROF. PNL ASOC. (CPPA 2023) - BECAS - L3;CONSEJERÍA ECONOMÍA, HACIENDA Y EMPLEO;764291;—;Subvención;07/10/2026;759;https://www.boe.es/eli/es/o/2022/09/23/efp942
Concesiones;SUBV. ACC. FORM. CERT. PROF. PNL ASOC. (CPPA 2023) - BECAS - L3;CONSEJERÍA ECONOMÍA, HACIENDA Y EMPLEO;764291;—;Subvención;07/10/2026;759;https://www.boe.es/eli/es/o/2022/09/23/efp942
Concesiones;SUBV. ACC. FORM. CERT. PROF. PNL ASOC. (CPPA 2023) - BECAS - L3;CONSEJERÍA ECONOMÍA, HACIENDA Y EMPLEO;764291;—;Subvención;07/10/2026;759;https://www.boe.es/eli/es/o/2022/09/23/efp942
Concesiones;Resolución de 7 de abril de 2025, de la Consejería de Medio Rural y Política Agraria, por la que se aprueban las Bases Reguladoras y la Convocatoria de las Intervenciones en forma de pagos directos a la agricultura y a la ganadería y de las Intervenciones;CONSEJERÍA DE MEDIO RURAL Y POLÍTICA AGRARIA;825858;VALLEOSCURU SC;Subvención;07/10/2026;750,01;https://www.mapa.gob.es/es/pac/pac-2023-2027/plan-estrategico-pac.aspx
Concesiones;SUBV. ACC. FORM. CERT. PROF. PNL ASOC. (CPPA 2023) - BECAS - L3;CONSEJERÍA ECONOMÍA, HACIENDA Y EMPLEO;764291;—;Subvención;07/10/2026;742,5;https://www.boe.es/eli/es/o/2022/09/23/efp942
Concesiones;Resolución de 08/04/2026 por la que se aprueba la convocatoria de becas dirigidas a personas que participen en acciones formativas asociadas al CNECP desarrolladas en centros propios y en centros de la red pública de formación profesional para 2026.;DIRECCIÓN GENERAL FORMACIÓN PROFESIONAL EN EL ÁMBITO LABORAL;897825;—;Subvención;07/10/2026;741;https://www.boe.es/buscar/act.php?id=BOE-A-2022-16196
Concesiones;SUBV. ACC. FORM. CERT. PROF. PNL ASOC. (CPPA 2023) - BECAS - L3;CONSEJERÍA ECONOMÍA, HACIENDA Y EMPLEO;764291;—;Subvención;07/10/2026;709,5;https://www.boe.es/eli/es/o/2022/09/23/efp942
Concesiones;SUBV. ACC. FORM. CERT. PROF. PNL ASOC. (CPPA 2023) - BECAS - L3;CONSEJERÍA ECONOMÍA, HACIENDA Y EMPLEO;764291;—;Subvención;07/10/2026;693;https://www.boe.es/eli/es/o/2022/09/23/efp942
Concesiones;SUBV. ACC. FORM. CERT. PROF. PNL ASOC. (CPPA 2023) - BECAS - L3;CONSEJERÍA ECONOMÍA, HACIENDA Y EMPLEO;764291;—;Subvención;07/10/2026;643,5;https://www.boe.es/eli/es/o/2022/09/23/efp942
Concesiones;Convocatoria 2026 de ayudas a la participación en ferias comerciales con productos agroalimentarios;DEPARTAMENTO DE DESARROLLO RURAL Y MEDIO AMBIENTE;901796;CHOCOLATES DE NAVARRA SL;Subvención;07/10/2026;641,08;
Concesiones;Convocatoria 2026 de ayudas a la participación en ferias comerciales con productos agroalimentarios;DEPARTAMENTO DE DESARROLLO RURAL Y MEDIO AMBIENTE;901796;EL HOLANDES ERRANTE SOCIEDAD MICROCOOPERATIVA;Subvención;07/10/2026;641,08;
Concesiones;Convocatoria 2026 de ayudas a la participación en ferias comerciales con productos agroalimentarios;DEPARTAMENTO DE DESARROLLO RURAL Y MEDIO AMBIENTE;901796;PASTA MARTINELLI SOCIEDAD MICROCOOPERATIVA;Subvención;07/10/2026;641,08;
Concesiones;Convocatoria 2026 de ayudas a la participación en ferias comerciales con productos agroalimentarios;DEPARTAMENTO DE DESARROLLO RURAL Y MEDIO AMBIENTE;901796;PRODUCTOS CARNICOS ARTESANOS BAZTAN SL;Subvención;07/10/2026;641,08;
Concesiones;Convocatoria 2026 de ayudas a la participación en ferias comerciales con productos agroalimentarios;DEPARTAMENTO DE DESARROLLO RURAL Y MEDIO AMBIENTE;901796;EQUISALUD S.L.U.;Subvención;07/10/2026;641,08;
Concesiones;Resolución de 26/12/2025 por la que se aprueba la convocatoria de subvenciones para la realización de proyectos de formación profesional y empleo en el seno de la empresa, Línea 5 Sectorial, para el año 2026. REG (UE) 2023/2831.;DIRECCIÓN GENERAL FORMACIÓN PROFESIONAL EN EL ÁMBITO LABORAL;878664;—;Subvención;07/10/2026;640,2;https://docm.jccm.es/docm/descargarArchivo.do?ruta=2024/08/09/pdf/2024_6382.pdf&tipo=rutaDocm
Concesiones;Resolución de 26/12/2025 por la que se aprueba la convocatoria de subvenciones para la realización de proyectos de formación profesional y empleo en el seno de la empresa, Línea 5 Sectorial, para el año 2026. REG (UE) 2023/2831.;DIRECCIÓN GENERAL FORMACIÓN PROFESIONAL EN EL ÁMBITO LABORAL;878664;BRISA CENTROS DE LAVADO, SL;Subvención;07/10/2026;640,2;https://docm.jccm.es/docm/descargarArchivo.do?ruta=2024/08/09/pdf/2024_6382.pdf&tipo=rutaDocm
Concesiones;Resolución de 26/12/2025 por la que se aprueba la convocatoria de subvenciones para la realización de proyectos de formación profesional y empleo en el seno de la empresa, Línea 5 Sectorial, para el año 2026. REG (UE) 2023/2831.;DIRECCIÓN GENERAL FORMACIÓN PROFESIONAL EN EL ÁMBITO LABORAL;878664;—;Subvención;07/10/2026;640,2;https://docm.jccm.es/docm/descargarArchivo.do?ruta=2024/08/09/pdf/2024_6382.pdf&tipo=rutaDocm
Concesiones;Resolución de 26/12/2025 por la que se aprueba la convocatoria de subvenciones para la realización de proyectos de formación profesional y empleo en el seno de la empresa, Línea 5 Sectorial, para el año 2026. REG (UE) 2023/2831.;DIRECCIÓN GENERAL FORMACIÓN PROFESIONAL EN EL ÁMBITO LABORAL;878664;—;Subvención;07/10/2026;640,2;https://docm.jccm.es/docm/descargarArchivo.do?ruta=2024/08/09/pdf/2024_6382.pdf&tipo=rutaDocm
Concesiones;Resolución de 26/12/2025 por la que se aprueba la convocatoria de subvenciones para la realización de proyectos de formación profesional y empleo en el seno de la empresa, Línea 5 Sectorial, para el año 2026. REG (UE) 2023/2831.;DIRECCIÓN GENERAL FORMACIÓN PROFESIONAL EN EL ÁMBITO LABORAL;878664;HOSTELSAN CUEVAS SLU;Subvención;07/10/2026;640,2;https://docm.jccm.es/docm/descargarArchivo.do?ruta=2024/08/09/pdf/2024_6382.pdf&tipo=rutaDocm
Concesiones;Resolución de 26/12/2025 por la que se aprueba la convocatoria de subvenciones para la realización de proyectos de formación profesional y empleo en el seno de la empresa, Línea 5 Sectorial, para el año 2026. REG (UE) 2023/2831.;DIRECCIÓN GENERAL FORMACIÓN PROFESIONAL EN EL ÁMBITO LABORAL;878664;YANI GASTRONÓMICO, S.L.;Subvención;07/10/2026;640,2;https://docm.jccm.es/docm/descargarArchivo.do?ruta=2024/08/09/pdf/2024_6382.pdf&tipo=rutaDocm
Concesiones;Resolución de 26/12/2025 por la que se aprueba la convocatoria de subvenciones para la realización de proyectos de formación profesional y empleo en el seno de la empresa, Línea 5 Sectorial, para el año 2026. REG (UE) 2023/2831.;DIRECCIÓN GENERAL FORMACIÓN PROFESIONAL EN EL ÁMBITO LABORAL;878664;CHURREANDO, S.L.;Subvención;07/10/2026;640,2;https://docm.jccm.es/docm/descargarArchivo.do?ruta=2024/08/09/pdf/2024_6382.pdf&tipo=rutaDocm
Concesiones;Resolución de 26/12/2025 por la que se aprueba la convocatoria de subvenciones para la realización de proyectos de formación profesional y empleo en el seno de la empresa, Línea 5 Sectorial, para el año 2026. REG (UE) 2023/2831.;DIRECCIÓN GENERAL FORMACIÓN PROFESIONAL EN EL ÁMBITO LABORAL;878664;—;Subvención;07/10/2026;640,2;https://docm.jccm.es/docm/descargarArchivo.do?ruta=2024/08/09/pdf/2024_6382.pdf&tipo=rutaDocm
Concesiones;Premios Extraordinarios de Bachillerato 2025/2026;CONSEJERÍA DE EDUCACIÓN Y EMPLEO;899437;—;Subvención;07/10/2026;612,25;https://web.larioja.org/normativa?n=656
Concesiones;Premios Extraordinarios de Bachillerato 2025/2026;CONSEJERÍA DE EDUCACIÓN Y EMPLEO;899437;—;Subvención;07/10/2026;612,25;https://web.larioja.org/normativa?n=656
Concesiones;SUBV. ACC. FORM. CERT. PROF. PNL ASOC. (CPPA 2023) - BECAS - L3;CONSEJERÍA ECONOMÍA, HACIENDA Y EMPLEO;764291;—;Subvención;07/10/2026;610,5;https://www.boe.es/eli/es/o/2022/09/23/efp942
Concesiones;SUBV. ACC. FORM. CERT. PROF. PNL ASOC. (CPPA 2023) - BECAS - L3;CONSEJERÍA ECONOMÍA, HACIENDA Y EMPLEO;764291;—;Subvención;07/10/2026;610,5;https://www.boe.es/eli/es/o/2022/09/23/efp942
Concesiones;SUBVENCION FORMACION DESEMPLEADOS 2024_FDE Certificados Línea General;CONSEJERÍA ECONOMÍA, HACIENDA Y EMPLEO;774343;CENTRO DE ESTUDIOS ADAMS-EDICIONES VALBU;Subvención;07/10/2026;585;https://www.boe.es/diario_boe/txt.php?id=BOE-A-2022-16196
Concesiones;SUBV. ACC. FORM. CERT. PROF. PNL ASOC. (CPPA 2023) - BECAS - L3;CONSEJERÍA ECONOMÍA, HACIENDA Y EMPLEO;764291;—;Subvención;07/10/2026;577,5;https://www.boe.es/eli/es/o/2022/09/23/efp942
Concesiones;PCEM SERVICIO RESPIRO FAMILIAR A PERSONAS CUIDADORAS HABITUALES NO PROFESIONALES 2026 DEL AYUNTAMIENTO DE DON BENITO PARA 2026;AYUNTAMIENTO DE DON BENITO;902412;—;Subvención;07/10/2026;561,6;
Concesiones;SUBV. ACC. FORM. CERT. PROF. PNL ASOC. (CPPA 2023) - BECAS - L3;CONSEJERÍA ECONOMÍA, HACIENDA Y EMPLEO;764291;—;Subvención;07/10/2026;561;https://www.boe.es/eli/es/o/2022/09/23/efp942
Concesiones;SUBV. ACC. FORM. CERT. PROF. PNL ASOC. (CPPA 2023) - BECAS - L3;CONSEJERÍA ECONOMÍA, HACIENDA Y EMPLEO;764291;—;Subvención;07/10/2026;561;https://www.boe.es/eli/es/o/2022/09/23/efp942
Concesiones;SUBV. ACC. FORM. CERT. PROF. PNL ASOC. (CPPA 2023) - BECAS - L3;CONSEJERÍA ECONOMÍA, HACIENDA Y EMPLEO;764291;—;Subvención;07/10/2026;544,5;https://www.boe.es/eli/es/o/2022/09/23/efp942
Concesiones;SUBV. ACC. FORM. CERT. PROF. PNL ASOC. (CPPA 2023) - BECAS - L3;CONSEJERÍA ECONOMÍA, HACIENDA Y EMPLEO;764291;—;Subvención;07/10/2026;544,5;https://www.boe.es/eli/es/o/2022/09/23/efp942
Concesiones;SUBV. ACC. FORM. CERT. PROF. PNL ASOC. (CPPA 2023) - BECAS - L3;CONSEJERÍA ECONOMÍA, HACIENDA Y EMPLEO;764291;—;Subvención;07/10/2026;528;https://www.boe.es/eli/es/o/2022/09/23/efp942
Concesiones;SUBV. ACC. FORM. CERT. PROF. PNL ASOC. (CPPA 2023) - BECAS - L3;CONSEJERÍA ECONOMÍA, HACIENDA Y EMPLEO;764291;—;Subvención;07/10/2026;528;https://www.boe.es/eli/es/o/2022/09/23/efp942
Concesiones;SUBV. ACC. FORM. CERT. PROF. PNL ASOC. (CPPA 2023) - BECAS - L3;CONSEJERÍA ECONOMÍA, HACIENDA Y EMPLEO;764291;—;Subvención;07/10/2026;528;https://www.boe.es/eli/es/o/2022/09/23/efp942
Concesiones;CONVOCATORIA AYUDA SOCIAL COMPLEMENTARIA 2026;AYUNTAMIENTO DE SAN LORENZO DE EL ESCORIAL;884208;—;Subvención;07/10/2026;490;http://www.aytosanlorenzo.es
Concesiones;TRAM. ANTICIPADA.FOM. EMPREND. COLECT 2026. 3ª LINEA. INVERSIONES;CONSEJERÍA ECONOMÍA, HACIENDA Y EMPLEO;883180;TALLER GAPS S.COOP.MAD;Subvención;07/10/2026;475,69;https://www.bocm.es/boletin/CM_Orden_BOCM/2024/12/30/BOCM-20241230-20.PDF
Concesiones;Resolución de la Dirección General de Economía Circular y Agenda 2030, por la que se convocan subvenciones para actividades y proyectos de educación ambiental promovidos por entidades privadas sin ánimo de lucro de Castilla-La Mancha en el año 2026;DIRECCIÓN GENERAL DE ECONOMÍA CIRCULAR;910200;PROYECTO KIEU;Subvención;07/10/2026;471,88;https://docm.jccm.es/docm/descargarArchivo.do?ruta=2022/05/13/pdf/2022_4197.pdf&tipo=rutaDocm
Concesiones;SUBV. ACC. FORM. CERT. PROF. PNL ASOC. (CPPA 2023) - BECAS - L3;CONSEJERÍA ECONOMÍA, HACIENDA Y EMPLEO;764291;—;Subvención;07/10/2026;462;https://www.boe.es/eli/es/o/2022/09/23/efp942
Concesiones;Resolución de 08/04/2026 por la que se aprueba la convocatoria de becas dirigidas a personas que participen en acciones formativas asociadas al CNECP desarrolladas en centros propios y en centros de la red pública de formación profesional para 2026.;DIRECCIÓN GENERAL FORMACIÓN PROFESIONAL EN EL ÁMBITO LABORAL;897825;—;Subvención;07/10/2026;437;https://www.boe.es/buscar/act.php?id=BOE-A-2022-16196
Concesiones;SUBV. ACC. FORM. CERT. PROF. PNL ASOC. (CPPA 2023) - BECAS - L3;CONSEJERÍA ECONOMÍA, HACIENDA Y EMPLEO;764291;—;Subvención;07/10/2026;412,5;https://www.boe.es/eli/es/o/2022/09/23/efp942
Concesiones;SUBV. ACC. FORM. CERT. PROF. PNL ASOC. (CPPA 2023) - BECAS - L3;CONSEJERÍA ECONOMÍA, HACIENDA Y EMPLEO;764291;—;Subvención;07/10/2026;412,5;https://www.boe.es/eli/es/o/2022/09/23/efp942
Concesiones;Resolución de 08/04/2026 por la que se aprueba la convocatoria de becas dirigidas a personas que participen en acciones formativas asociadas al CNECP desarrolladas en centros propios y en centros de la red pública de formación profesional para 2026.;DIRECCIÓN GENERAL FORMACIÓN PROFESIONAL EN EL ÁMBITO LABORAL;897825;—;Subvención;07/10/2026;399;https://www.boe.es/buscar/act.php?id=BOE-A-2022-16196
Concesiones;Resolución de 08/04/2026 por la que se aprueba la convocatoria de becas dirigidas a personas que participen en acciones formativas asociadas al CNECP desarrolladas en centros propios y en centros de la red pública de formación profesional para 2026.;DIRECCIÓN GENERAL FORMACIÓN PROFESIONAL EN EL ÁMBITO LABORAL;897825;—;Subvención;07/10/2026;399;https://www.boe.es/buscar/act.php?id=BOE-A-2022-16196
Concesiones;Resolución de 08/04/2026 por la que se aprueba la convocatoria de becas dirigidas a personas que participen en acciones formativas asociadas al CNECP desarrolladas en centros propios y en centros de la red pública de formación profesional para 2026.;DIRECCIÓN GENERAL FORMACIÓN PROFESIONAL EN EL ÁMBITO LABORAL;897825;—;Subvención;07/10/2026;399;https://www.boe.es/buscar/act.php?id=BOE-A-2022-16196
Concesiones;Resolución de 08/04/2026 por la que se aprueba la convocatoria de becas dirigidas a personas que participen en acciones formativas asociadas al CNECP desarrolladas en centros propios y en centros de la red pública de formación profesional para 2026.;DIRECCIÓN GENERAL FORMACIÓN PROFESIONAL EN EL ÁMBITO LABORAL;897825;—;Subvención;07/10/2026;399;https://www.boe.es/buscar/act.php?id=BOE-A-2022-16196
Concesiones;Resolución de 08/04/2026 por la que se aprueba la convocatoria de becas dirigidas a personas que participen en acciones formativas asociadas al CNECP desarrolladas en centros propios y en centros de la red pública de formación profesional para 2026.;DIRECCIÓN GENERAL FORMACIÓN PROFESIONAL EN EL ÁMBITO LABORAL;897825;—;Subvención;07/10/2026;399;https://www.boe.es/buscar/act.php?id=BOE-A-2022-16196
Concesiones;Resolución de 7 de abril de 2025, de la Consejería de Medio Rural y Política Agraria, por la que se aprueban las Bases Reguladoras y la Convocatoria de las Intervenciones en forma de pagos directos a la agricultura y a la ganadería y de las Intervenciones;CONSEJERÍA DE MEDIO RURAL Y POLÍTICA AGRARIA;825858;—;Subvención;07/10/2026;393,7;https://www.mapa.gob.es/es/pac/pac-2023-2027/plan-estrategico-pac.aspx
Concesiones;Resolución de 08/04/2026 por la que se aprueba la convocatoria de becas dirigidas a personas que participen en acciones formativas asociadas al CNECP desarrolladas en centros propios y en centros de la red pública de formación profesional para 2026.;DIRECCIÓN GENERAL FORMACIÓN PROFESIONAL EN EL ÁMBITO LABORAL;897825;—;Subvención;07/10/2026;388,5;https://www.boe.es/buscar/act.php?id=BOE-A-2022-16196
Concesiones;SUBV. ACC. FORM. CERT. PROF. PNL ASOC. (CPPA 2023) - BECAS - L3;CONSEJERÍA ECONOMÍA, HACIENDA Y EMPLEO;764291;—;Subvención;07/10/2026;379,5;https://www.boe.es/eli/es/o/2022/09/23/efp942
Concesiones;SUBV. ACC. FORM. CERT. PROF. PNL ASOC. (CPPA 2023) - BECAS - L3;CONSEJERÍA ECONOMÍA, HACIENDA Y EMPLEO;764291;—;Subvención;07/10/2026;363;https://www.boe.es/eli/es/o/2022/09/23/efp942
Concesiones;SUBV. ACC. FORM. CERT. PROF. PNL ASOC. (CPPA 2023) - BECAS - L3;CONSEJERÍA ECONOMÍA, HACIENDA Y EMPLEO;764291;—;Subvención;07/10/2026;330;https://www.boe.es/eli/es/o/2022/09/23/efp942
Concesiones;CONVOCATORIA AYUDA SOCIAL COMPLEMENTARIA 2026;AYUNTAMIENTO DE SAN LORENZO DE EL ESCORIAL;884208;—;Subvención;07/10/2026;300;http://www.aytosanlorenzo.es
Concesiones;SUBV. ACC. FORM. CERT. PROF. PNL ASOC. (CPPA 2023) - BECAS - L3;CONSEJERÍA ECONOMÍA, HACIENDA Y EMPLEO;764291;—;Subvención;07/10/2026;280,5;https://www.boe.es/eli/es/o/2022/09/23/efp942
Concesiones;SUBV. ACC. FORM. CERT. PROF. PNL ASOC. (CPPA 2023) - BECAS - L3;CONSEJERÍA ECONOMÍA, HACIENDA Y EMPLEO;764291;—;Subvención;07/10/2026;280,5;https://www.boe.es/eli/es/o/2022/09/23/efp942
Concesiones;AYUDAS A ENTIDADES LOCALES DE LA PROVINCIA DE SEVILLA CON DESTINO AL PROGRAMA DE GESTIÓN MUNICIPAL DE EMERGENCIA SOCIAL 2025.;AYUNTAMIENTO DE PARADAS;882786;—;Subvención;07/10/2026;250;https://bopsevilla.dipusevilla.es/export/sites/bop/.galleries/DOCUMENTOS-Sumarios-en-PDF/final-6a13c5ce-1.pdf
Concesiones;CONVOCATORIA AYUDA SOCIAL COMPLEMENTARIA 2026;AYUNTAMIENTO DE SAN LORENZO DE EL ESCORIAL;884208;—;Subvención;07/10/2026;200;http://www.aytosanlorenzo.es
Concesiones;SUBV. ACC. FORM. CERT. PROF. PNL ASOC. (CPPA 2023) - BECAS - L3;CONSEJERÍA ECONOMÍA, HACIENDA Y EMPLEO;764291;—;Subvención;07/10/2026;198;https://www.boe.es/eli/es/o/2022/09/23/efp942
Concesiones;Resolución de 08/04/2026 por la que se aprueba la convocatoria de becas dirigidas a personas que participen en acciones formativas asociadas al CNECP desarrolladas en centros propios y en centros de la red pública de formación profesional para 2026.;DIRECCIÓN GENERAL FORMACIÓN PROFESIONAL EN EL ÁMBITO LABORAL;897825;—;Subvención;07/10/2026;115;https://www.boe.es/buscar/act.php?id=BOE-A-2022-16196
Concesiones;Resolución de 08/04/2026 por la que se aprueba la convocatoria de becas dirigidas a personas que participen en acciones formativas asociadas al CNECP desarrolladas en centros propios y en centros de la red pública de formación profesional para 2026.;DIRECCIÓN GENERAL FORMACIÓN PROFESIONAL EN EL ÁMBITO LABORAL;897825;—;Subvención;07/10/2026;105;https://www.boe.es/buscar/act.php?id=BOE-A-2022-16196
Concesiones;Resolución de 08/04/2026 por la que se aprueba la convocatoria de becas dirigidas a personas que participen en acciones formativas asociadas al CNECP desarrolladas en centros propios y en centros de la red pública de formación profesional para 2026.;DIRECCIÓN GENERAL FORMACIÓN PROFESIONAL EN EL ÁMBITO LABORAL;897825;—;Subvención;07/10/2026;105;https://www.boe.es/buscar/act.php?id=BOE-A-2022-16196
Concesiones;Resolución de 08/04/2026 por la que se aprueba la convocatoria de becas dirigidas a personas que participen en acciones formativas asociadas al CNECP desarrolladas en centros propios y en centros de la red pública de formación profesional para 2026.;DIRECCIÓN GENERAL FORMACIÓN PROFESIONAL EN EL ÁMBITO LABORAL;897825;—;Subvención;07/10/2026;105;https://www.boe.es/buscar/act.php?id=BOE-A-2022-16196
Concesiones;Resolución de 08/04/2026 por la que se aprueba la convocatoria de becas dirigidas a personas que participen en acciones formativas asociadas al CNECP desarrolladas en centros propios y en centros de la red pública de formación profesional para 2026.;DIRECCIÓN GENERAL FORMACIÓN PROFESIONAL EN EL ÁMBITO LABORAL;897825;—;Subvención;07/10/2026;105;https://www.boe.es/buscar/act.php?id=BOE-A-2022-16196
Concesiones;PCEM PARA SUMINISTROS MÍNIMOS VITALES DEL AYUNTAMIENTO DE DON BENITO PARA 2026;AYUNTAMIENTO DE DON BENITO;902414;—;Subvención;07/10/2026;99,29;
Concesiones;SUBV. ACC. FORM. CERT. PROF. PNL ASOC. (CPPA 2023) - BECAS - L3;CONSEJERÍA ECONOMÍA, HACIENDA Y EMPLEO;764291;—;Subvención;07/10/2026;82,5;https://www.boe.es/eli/es/o/2022/09/23/efp942
Concesiones;PCEM PARA SUMINISTROS MÍNIMOS VITALES DEL AYUNTAMIENTO DE DON BENITO PARA 2026;AYUNTAMIENTO DE DON BENITO;902414;—;Subvención;07/10/2026;78,96;
Concesiones;PCEM PARA SUMINISTROS MÍNIMOS VITALES DEL AYUNTAMIENTO DE DON BENITO PARA 2026;AYUNTAMIENTO DE DON BENITO;902414;—;Subvención;07/10/2026;76,96;
Concesiones;PCEM PARA SUMINISTROS MÍNIMOS VITALES DEL AYUNTAMIENTO DE DON BENITO PARA 2026;AYUNTAMIENTO DE DON BENITO;902414;—;Subvención;07/10/2026;63,46;
Concesiones;Resolución de 08/04/2026 por la que se aprueba la convocatoria de becas dirigidas a personas que participen en acciones formativas asociadas al CNECP desarrolladas en centros propios y en centros de la red pública de formación profesional para 2026.;DIRECCIÓN GENERAL FORMACIÓN PROFESIONAL EN EL ÁMBITO LABORAL;897825;—;Subvención;07/10/2026;57;https://www.boe.es/buscar/act.php?id=BOE-A-2022-16196
Concesiones;Resolución de 08/04/2026 por la que se aprueba la convocatoria de becas dirigidas a personas que participen en acciones formativas asociadas al CNECP desarrolladas en centros propios y en centros de la red pública de formación profesional para 2026.;DIRECCIÓN GENERAL FORMACIÓN PROFESIONAL EN EL ÁMBITO LABORAL;897825;—;Subvención;07/10/2026;57;https://www.boe.es/buscar/act.php?id=BOE-A-2022-16196
Concesiones;Resolución de 08/04/2026 por la que se aprueba la convocatoria de becas dirigidas a personas que participen en acciones formativas asociadas al CNECP desarrolladas en centros propios y en centros de la red pública de formación profesional para 2026.;DIRECCIÓN GENERAL FORMACIÓN PROFESIONAL EN EL ÁMBITO LABORAL;897825;—;Subvención;07/10/2026;54;https://www.boe.es/buscar/act.php?id=BOE-A-2022-16196
Concesiones;BASES REGULADORAS Y CONVOCATORIA DEL PROGRAMA “BO COMERÇ D’ALMUSSAFES 2026” PARA LA RECUPERACIÓN DEL SECTOR COMERCIAL Y SERVICIOS DE ALMUSSAFES;AYUNTAMIENTO DE ALMUSSAFES;924503;—;Subvención;07/10/2026;35;https://wp.me/panQjS-iZZ
Concesiones;BASES REGULADORAS Y CONVOCATORIA DEL PROGRAMA “BO COMERÇ D’ALMUSSAFES 2026” PARA LA RECUPERACIÓN DEL SECTOR COMERCIAL Y SERVICIOS DE ALMUSSAFES;AYUNTAMIENTO DE ALMUSSAFES;924503;—;Subvención;07/10/2026;35;https://wp.me/panQjS-iZZ
Concesiones;BASES REGULADORAS Y CONVOCATORIA DEL PROGRAMA “BO COMERÇ D’ALMUSSAFES 2026” PARA LA RECUPERACIÓN DEL SECTOR COMERCIAL Y SERVICIOS DE ALMUSSAFES;AYUNTAMIENTO DE ALMUSSAFES;924503;—;Subvención;07/10/2026;35;https://wp.me/panQjS-iZZ
Concesiones;BASES REGULADORAS Y CONVOCATORIA DEL PROGRAMA “BO COMERÇ D’ALMUSSAFES 2026” PARA LA RECUPERACIÓN DEL SECTOR COMERCIAL Y SERVICIOS DE ALMUSSAFES;AYUNTAMIENTO DE ALMUSSAFES;924503;—;Subvención;07/10/2026;35;https://wp.me/panQjS-iZZ
Concesiones;BASES REGULADORAS Y CONVOCATORIA DEL PROGRAMA “BO COMERÇ D’ALMUSSAFES 2026” PARA LA RECUPERACIÓN DEL SECTOR COMERCIAL Y SERVICIOS DE ALMUSSAFES;AYUNTAMIENTO DE ALMUSSAFES;924503;—;Subvención;07/10/2026;35;https://wp.me/panQjS-iZZ
Concesiones;BASES REGULADORAS Y CONVOCATORIA DEL PROGRAMA “BO COMERÇ D’ALMUSSAFES 2026” PARA LA RECUPERACIÓN DEL SECTOR COMERCIAL Y SERVICIOS DE ALMUSSAFES;AYUNTAMIENTO DE ALMUSSAFES;924503;—;Subvención;07/10/2026;35;https://wp.me/panQjS-iZZ
Concesiones;BASES REGULADORAS Y CONVOCATORIA DEL PROGRAMA “BO COMERÇ D’ALMUSSAFES 2026” PARA LA RECUPERACIÓN DEL SECTOR COMERCIAL Y SERVICIOS DE ALMUSSAFES;AYUNTAMIENTO DE ALMUSSAFES;924503;—;Subvención;07/10/2026;35;https://wp.me/panQjS-iZZ
Concesiones;BASES REGULADORAS Y CONVOCATORIA DEL PROGRAMA “BO COMERÇ D’ALMUSSAFES 2026” PARA LA RECUPERACIÓN DEL SECTOR COMERCIAL Y SERVICIOS DE ALMUSSAFES;AYUNTAMIENTO DE ALMUSSAFES;924503;—;Subvención;07/10/2026;35;https://wp.me/panQjS-iZZ
Concesiones;BASES REGULADORAS Y CONVOCATORIA DEL PROGRAMA “BO COMERÇ D’ALMUSSAFES 2026” PARA LA RECUPERACIÓN DEL SECTOR COMERCIAL Y SERVICIOS DE ALMUSSAFES;AYUNTAMIENTO DE ALMUSSAFES;924503;—;Subvención;07/10/2026;35;https://wp.me/panQjS-iZZ
Concesiones;BASES REGULADORAS Y CONVOCATORIA DEL PROGRAMA “BO COMERÇ D’ALMUSSAFES 2026” PARA LA RECUPERACIÓN DEL SECTOR COMERCIAL Y SERVICIOS DE ALMUSSAFES;AYUNTAMIENTO DE ALMUSSAFES;924503;—;Subvención;07/10/2026;35;https://wp.me/panQjS-iZZ
Concesiones;BASES REGULADORAS Y CONVOCATORIA DEL PROGRAMA “BO COMERÇ D’ALMUSSAFES 2026” PARA LA RECUPERACIÓN DEL SECTOR COMERCIAL Y SERVICIOS DE ALMUSSAFES;AYUNTAMIENTO DE ALMUSSAFES;924503;—;Subvención;07/10/2026;35;https://wp.me/panQjS-iZZ
Concesiones;BASES REGULADORAS Y CONVOCATORIA DEL PROGRAMA “BO COMERÇ D’ALMUSSAFES 2026” PARA LA RECUPERACIÓN DEL SECTOR COMERCIAL Y SERVICIOS DE ALMUSSAFES;AYUNTAMIENTO DE ALMUSSAFES;924503;—;Subvención;07/10/2026;35;https://wp.me/panQjS-iZZ
Concesiones;BASES REGULADORAS Y CONVOCATORIA DEL PROGRAMA “BO COMERÇ D’ALMUSSAFES 2026” PARA LA RECUPERACIÓN DEL SECTOR COMERCIAL Y SERVICIOS DE ALMUSSAFES;AYUNTAMIENTO DE ALMUSSAFES;924503;—;Subvención;07/10/2026;35;https://wp.me/panQjS-iZZ
Concesiones;BASES REGULADORAS Y CONVOCATORIA DEL PROGRAMA “BO COMERÇ D’ALMUSSAFES 2026” PARA LA RECUPERACIÓN DEL SECTOR COMERCIAL Y SERVICIOS DE ALMUSSAFES;AYUNTAMIENTO DE ALMUSSAFES;924503;—;Subvención;07/10/2026;35;https://wp.me/panQjS-iZZ
Concesiones;BASES REGULADORAS Y CONVOCATORIA DEL PROGRAMA “BO COMERÇ D’ALMUSSAFES 2026” PARA LA RECUPERACIÓN DEL SECTOR COMERCIAL Y SERVICIOS DE ALMUSSAFES;AYUNTAMIENTO DE ALMUSSAFES;924503;—;Subvención;07/10/2026;35;https://wp.me/panQjS-iZZ
Concesiones;BASES REGULADORAS Y CONVOCATORIA DEL PROGRAMA “BO COMERÇ D’ALMUSSAFES 2026” PARA LA RECUPERACIÓN DEL SECTOR COMERCIAL Y SERVICIOS DE ALMUSSAFES;AYUNTAMIENTO DE ALMUSSAFES;924503;—;Subvención;07/10/2026;35;https://wp.me/panQjS-iZZ
Concesiones;BASES REGULADORAS Y CONVOCATORIA DEL PROGRAMA “BO COMERÇ D’ALMUSSAFES 2026” PARA LA RECUPERACIÓN DEL SECTOR COMERCIAL Y SERVICIOS DE ALMUSSAFES;AYUNTAMIENTO DE ALMUSSAFES;924503;—;Subvención;07/10/2026;35;https://wp.me/panQjS-iZZ
Concesiones;BASES REGULADORAS Y CONVOCATORIA DEL PROGRAMA “BO COMERÇ D’ALMUSSAFES 2026” PARA LA RECUPERACIÓN DEL SECTOR COMERCIAL Y SERVICIOS DE ALMUSSAFES;AYUNTAMIENTO DE ALMUSSAFES;924503;—;Subvención;07/10/2026;35;https://wp.me/panQjS-iZZ
Concesiones;BASES REGULADORAS Y CONVOCATORIA DEL PROGRAMA “BO COMERÇ D’ALMUSSAFES 2026” PARA LA RECUPERACIÓN DEL SECTOR COMERCIAL Y SERVICIOS DE ALMUSSAFES;AYUNTAMIENTO DE ALMUSSAFES;924503;—;Subvención;07/10/2026;35;https://wp.me/panQjS-iZZ
Concesiones;BASES REGULADORAS Y CONVOCATORIA DEL PROGRAMA “BO COMERÇ D’ALMUSSAFES 2026” PARA LA RECUPERACIÓN DEL SECTOR COMERCIAL Y SERVICIOS DE ALMUSSAFES;AYUNTAMIENTO DE ALMUSSAFES;924503;—;Subvención;07/10/2026;35;https://wp.me/panQjS-iZZ
Concesiones;BASES REGULADORAS Y CONVOCATORIA DEL PROGRAMA “BO COMERÇ D’ALMUSSAFES 2026” PARA LA RECUPERACIÓN DEL SECTOR COMERCIAL Y SERVICIOS DE ALMUSSAFES;AYUNTAMIENTO DE ALMUSSAFES;924503;—;Subvención;07/10/2026;35;https://wp.me/panQjS-iZZ
Concesiones;BASES REGULADORAS Y CONVOCATORIA DEL PROGRAMA “BO COMERÇ D’ALMUSSAFES 2026” PARA LA RECUPERACIÓN DEL SECTOR COMERCIAL Y SERVICIOS DE ALMUSSAFES;AYUNTAMIENTO DE ALMUSSAFES;924503;—;Subvención;07/10/2026;35;https://wp.me/panQjS-iZZ
Concesiones;BASES REGULADORAS Y CONVOCATORIA DEL PROGRAMA “BO COMERÇ D’ALMUSSAFES 2026” PARA LA RECUPERACIÓN DEL SECTOR COMERCIAL Y SERVICIOS DE ALMUSSAFES;AYUNTAMIENTO DE ALMUSSAFES;924503;—;Subvención;07/10/2026;35;https://wp.me/panQjS-iZZ
Concesiones;BASES REGULADORAS Y CONVOCATORIA DEL PROGRAMA “BO COMERÇ D’ALMUSSAFES 2026” PARA LA RECUPERACIÓN DEL SECTOR COMERCIAL Y SERVICIOS DE ALMUSSAFES;AYUNTAMIENTO DE ALMUSSAFES;924503;—;Subvención;07/10/2026;35;https://wp.me/panQjS-iZZ
Concesiones;BASES REGULADORAS Y CONVOCATORIA DEL PROGRAMA “BO COMERÇ D’ALMUSSAFES 2026” PARA LA RECUPERACIÓN DEL SECTOR COMERCIAL Y SERVICIOS DE ALMUSSAFES;AYUNTAMIENTO DE ALMUSSAFES;924503;—;Subvención;07/10/2026;35;https://wp.me/panQjS-iZZ
Concesiones;BASES REGULADORAS Y CONVOCATORIA DEL PROGRAMA “BO COMERÇ D’ALMUSSAFES 2026” PARA LA RECUPERACIÓN DEL SECTOR COMERCIAL Y SERVICIOS DE ALMUSSAFES;AYUNTAMIENTO DE ALMUSSAFES;924503;—;Subvención;07/10/2026;35;https://wp.me/panQjS-iZZ
Concesiones;BASES REGULADORAS Y CONVOCATORIA DEL PROGRAMA “BO COMERÇ D’ALMUSSAFES 2026” PARA LA RECUPERACIÓN DEL SECTOR COMERCIAL Y SERVICIOS DE ALMUSSAFES;AYUNTAMIENTO DE ALMUSSAFES;924503;—;Subvención;07/10/2026;35;https://wp.me/panQjS-iZZ
Concesiones;BASES REGULADORAS Y CONVOCATORIA DEL PROGRAMA “BO COMERÇ D’ALMUSSAFES 2026” PARA LA RECUPERACIÓN DEL SECTOR COMERCIAL Y SERVICIOS DE ALMUSSAFES;AYUNTAMIENTO DE ALMUSSAFES;924503;—;Subvención;07/10/2026;35;https://wp.me/panQjS-iZZ
Concesiones;BASES REGULADORAS Y CONVOCATORIA DEL PROGRAMA “BO COMERÇ D’ALMUSSAFES 2026” PARA LA RECUPERACIÓN DEL SECTOR COMERCIAL Y SERVICIOS DE ALMUSSAFES;AYUNTAMIENTO DE ALMUSSAFES;924503;—;Subvención;07/10/2026;35;https://wp.me/panQjS-iZZ
Concesiones;BASES REGULADORAS Y CONVOCATORIA DEL PROGRAMA “BO COMERÇ D’ALMUSSAFES 2026” PARA LA RECUPERACIÓN DEL SECTOR COMERCIAL Y SERVICIOS DE ALMUSSAFES;AYUNTAMIENTO DE ALMUSSAFES;924503;—;Subvención;07/10/2026;35;https://wp.me/panQjS-iZZ
Concesiones;BASES REGULADORAS Y CONVOCATORIA DEL PROGRAMA “BO COMERÇ D’ALMUSSAFES 2026” PARA LA RECUPERACIÓN DEL SECTOR COMERCIAL Y SERVICIOS DE ALMUSSAFES;AYUNTAMIENTO DE ALMUSSAFES;924503;—;Subvención;07/10/2026;35;https://wp.me/panQjS-iZZ
Concesiones;BASES REGULADORAS Y CONVOCATORIA DEL PROGRAMA “BO COMERÇ D’ALMUSSAFES 2026” PARA LA RECUPERACIÓN DEL SECTOR COMERCIAL Y SERVICIOS DE ALMUSSAFES;AYUNTAMIENTO DE ALMUSSAFES;924503;—;Subvención;07/10/2026;35;https://wp.me/panQjS-iZZ
Concesiones;BASES REGULADORAS Y CONVOCATORIA DEL PROGRAMA “BO COMERÇ D’ALMUSSAFES 2026” PARA LA RECUPERACIÓN DEL SECTOR COMERCIAL Y SERVICIOS DE ALMUSSAFES;AYUNTAMIENTO DE ALMUSSAFES;924503;—;Subvención;07/10/2026;35;https://wp.me/panQjS-iZZ
Concesiones;BASES REGULADORAS Y CONVOCATORIA DEL PROGRAMA “BO COMERÇ D’ALMUSSAFES 2026” PARA LA RECUPERACIÓN DEL SECTOR COMERCIAL Y SERVICIOS DE ALMUSSAFES;AYUNTAMIENTO DE ALMUSSAFES;924503;—;Subvención;07/10/2026;35;https://wp.me/panQjS-iZZ
Concesiones;BASES REGULADORAS Y CONVOCATORIA DEL PROGRAMA “BO COMERÇ D’ALMUSSAFES 2026” PARA LA RECUPERACIÓN DEL SECTOR COMERCIAL Y SERVICIOS DE ALMUSSAFES;AYUNTAMIENTO DE ALMUSSAFES;924503;—;Subvención;07/10/2026;35;https://wp.me/panQjS-iZZ
Concesiones;BASES REGULADORAS Y CONVOCATORIA DEL PROGRAMA “BO COMERÇ D’ALMUSSAFES 2026” PARA LA RECUPERACIÓN DEL SECTOR COMERCIAL Y SERVICIOS DE ALMUSSAFES;AYUNTAMIENTO DE ALMUSSAFES;924503;—;Subvención;07/10/2026;35;https://wp.me/panQjS-iZZ
Concesiones;BASES REGULADORAS Y CONVOCATORIA DEL PROGRAMA “BO COMERÇ D’ALMUSSAFES 2026” PARA LA RECUPERACIÓN DEL SECTOR COMERCIAL Y SERVICIOS DE ALMUSSAFES;AYUNTAMIENTO DE ALMUSSAFES;924503;—;Subvención;07/10/2026;35;https://wp.me/panQjS-iZZ
Concesiones;BASES REGULADORAS Y CONVOCATORIA DEL PROGRAMA “BO COMERÇ D’ALMUSSAFES 2026” PARA LA RECUPERACIÓN DEL SECTOR COMERCIAL Y SERVICIOS DE ALMUSSAFES;AYUNTAMIENTO DE ALMUSSAFES;924503;—;Subvención;07/10/2026;35;https://wp.me/panQjS-iZZ
Concesiones;BASES REGULADORAS Y CONVOCATORIA DEL PROGRAMA “BO COMERÇ D’ALMUSSAFES 2026” PARA LA RECUPERACIÓN DEL SECTOR COMERCIAL Y SERVICIOS DE ALMUSSAFES;AYUNTAMIENTO DE ALMUSSAFES;924503;—;Subvención;07/10/2026;35;https://wp.me/panQjS-iZZ
Concesiones;BASES REGULADORAS Y CONVOCATORIA DEL PROGRAMA “BO COMERÇ D’ALMUSSAFES 2026” PARA LA RECUPERACIÓN DEL SECTOR COMERCIAL Y SERVICIOS DE ALMUSSAFES;AYUNTAMIENTO DE ALMUSSAFES;924503;—;Subvención;07/10/2026;35;https://wp.me/panQjS-iZZ
Concesiones;BASES REGULADORAS Y CONVOCATORIA DEL PROGRAMA “BO COMERÇ D’ALMUSSAFES 2026” PARA LA RECUPERACIÓN DEL SECTOR COMERCIAL Y SERVICIOS DE ALMUSSAFES;AYUNTAMIENTO DE ALMUSSAFES;924503;—;Subvención;07/10/2026;35;https://wp.me/panQjS-iZZ
Concesiones;BASES REGULADORAS Y CONVOCATORIA DEL PROGRAMA “BO COMERÇ D’ALMUSSAFES 2026” PARA LA RECUPERACIÓN DEL SECTOR COMERCIAL Y SERVICIOS DE ALMUSSAFES;AYUNTAMIENTO DE ALMUSSAFES;924503;—;Subvención;07/10/2026;35;https://wp.me/panQjS-iZZ
Concesiones;BASES REGULADORAS Y CONVOCATORIA DEL PROGRAMA “BO COMERÇ D’ALMUSSAFES 2026” PARA LA RECUPERACIÓN DEL SECTOR COMERCIAL Y SERVICIOS DE ALMUSSAFES;AYUNTAMIENTO DE ALMUSSAFES;924503;—;Subvención;07/10/2026;35;https://wp.me/panQjS-iZZ
Concesiones;BASES REGULADORAS Y CONVOCATORIA DEL PROGRAMA “BO COMERÇ D’ALMUSSAFES 2026” PARA LA RECUPERACIÓN DEL SECTOR COMERCIAL Y SERVICIOS DE ALMUSSAFES;AYUNTAMIENTO DE ALMUSSAFES;924503;—;Subvención;07/10/2026;35;https://wp.me/panQjS-iZZ
Concesiones;BASES REGULADORAS Y CONVOCATORIA DEL PROGRAMA “BO COMERÇ D’ALMUSSAFES 2026” PARA LA RECUPERACIÓN DEL SECTOR COMERCIAL Y SERVICIOS DE ALMUSSAFES;AYUNTAMIENTO DE ALMUSSAFES;924503;—;Subvención;07/10/2026;35;https://wp.me/panQjS-iZZ
Concesiones;BASES REGULADORAS Y CONVOCATORIA DEL PROGRAMA “BO COMERÇ D’ALMUSSAFES 2026” PARA LA RECUPERACIÓN DEL SECTOR COMERCIAL Y SERVICIOS DE ALMUSSAFES;AYUNTAMIENTO DE ALMUSSAFES;924503;—;Subvención;07/10/2026;35;https://wp.me/panQjS-iZZ
Concesiones;BASES REGULADORAS Y CONVOCATORIA DEL PROGRAMA “BO COMERÇ D’ALMUSSAFES 2026” PARA LA RECUPERACIÓN DEL SECTOR COMERCIAL Y SERVICIOS DE ALMUSSAFES;AYUNTAMIENTO DE ALMUSSAFES;924503;—;Subvención;07/10/2026;35;https://wp.me/panQjS-iZZ
Concesiones;BASES REGULADORAS Y CONVOCATORIA DEL PROGRAMA “BO COMERÇ D’ALMUSSAFES 2026” PARA LA RECUPERACIÓN DEL SECTOR COMERCIAL Y SERVICIOS DE ALMUSSAFES;AYUNTAMIENTO DE ALMUSSAFES;924503;—;Subvención;07/10/2026;35;https://wp.me/panQjS-iZZ
Concesiones;BASES REGULADORAS Y CONVOCATORIA DEL PROGRAMA “BO COMERÇ D’ALMUSSAFES 2026” PARA LA RECUPERACIÓN DEL SECTOR COMERCIAL Y SERVICIOS DE ALMUSSAFES;AYUNTAMIENTO DE ALMUSSAFES;924503;—;Subvención;07/10/2026;35;https://wp.me/panQjS-iZZ
Concesiones;BASES REGULADORAS Y CONVOCATORIA DEL PROGRAMA “BO COMERÇ D’ALMUSSAFES 2026” PARA LA RECUPERACIÓN DEL SECTOR COMERCIAL Y SERVICIOS DE ALMUSSAFES;AYUNTAMIENTO DE ALMUSSAFES;924503;—;Subvención;07/10/2026;35;https://wp.me/panQjS-iZZ
Concesiones;BASES REGULADORAS Y CONVOCATORIA DEL PROGRAMA “BO COMERÇ D’ALMUSSAFES 2026” PARA LA RECUPERACIÓN DEL SECTOR COMERCIAL Y SERVICIOS DE ALMUSSAFES;AYUNTAMIENTO DE ALMUSSAFES;924503;—;Subvención;07/10/2026;35;https://wp.me/panQjS-iZZ
Concesiones;BASES REGULADORAS Y CONVOCATORIA DEL PROGRAMA “BO COMERÇ D’ALMUSSAFES 2026” PARA LA RECUPERACIÓN DEL SECTOR COMERCIAL Y SERVICIOS DE ALMUSSAFES;AYUNTAMIENTO DE ALMUSSAFES;924503;—;Subvención;07/10/2026;35;https://wp.me/panQjS-iZZ
Concesiones;BASES REGULADORAS Y CONVOCATORIA DEL PROGRAMA “BO COMERÇ D’ALMUSSAFES 2026” PARA LA RECUPERACIÓN DEL SECTOR COMERCIAL Y SERVICIOS DE ALMUSSAFES;AYUNTAMIENTO DE ALMUSSAFES;924503;—;Subvención;07/10/2026;35;https://wp.me/panQjS-iZZ
Concesiones;BASES REGULADORAS Y CONVOCATORIA DEL PROGRAMA “BO COMERÇ D’ALMUSSAFES 2026” PARA LA RECUPERACIÓN DEL SECTOR COMERCIAL Y SERVICIOS DE ALMUSSAFES;AYUNTAMIENTO DE ALMUSSAFES;924503;—;Subvención;07/10/2026;35;https://wp.me/panQjS-iZZ
Concesiones;BASES REGULADORAS Y CONVOCATORIA DEL PROGRAMA “BO COMERÇ D’ALMUSSAFES 2026” PARA LA RECUPERACIÓN DEL SECTOR COMERCIAL Y SERVICIOS DE ALMUSSAFES;AYUNTAMIENTO DE ALMUSSAFES;924503;—;Subvención;07/10/2026;35;https://wp.me/panQjS-iZZ
Concesiones;BASES REGULADORAS Y CONVOCATORIA DEL PROGRAMA “BO COMERÇ D’ALMUSSAFES 2026” PARA LA RECUPERACIÓN DEL SECTOR COMERCIAL Y SERVICIOS DE ALMUSSAFES;AYUNTAMIENTO DE ALMUSSAFES;924503;—;Subvención;07/10/2026;35;https://wp.me/panQjS-iZZ
Concesiones;BASES REGULADORAS Y CONVOCATORIA DEL PROGRAMA “BO COMERÇ D’ALMUSSAFES 2026” PARA LA RECUPERACIÓN DEL SECTOR COMERCIAL Y SERVICIOS DE ALMUSSAFES;AYUNTAMIENTO DE ALMUSSAFES;924503;—;Subvención;07/10/2026;35;https://wp.me/panQjS-iZZ
Concesiones;BASES REGULADORAS Y CONVOCATORIA DEL PROGRAMA “BO COMERÇ D’ALMUSSAFES 2026” PARA LA RECUPERACIÓN DEL SECTOR COMERCIAL Y SERVICIOS DE ALMUSSAFES;AYUNTAMIENTO DE ALMUSSAFES;924503;—;Subvención;07/10/2026;35;https://wp.me/panQjS-iZZ
Concesiones;BASES REGULADORAS Y CONVOCATORIA DEL PROGRAMA “BO COMERÇ D’ALMUSSAFES 2026” PARA LA RECUPERACIÓN DEL SECTOR COMERCIAL Y SERVICIOS DE ALMUSSAFES;AYUNTAMIENTO DE ALMUSSAFES;924503;—;Subvención;07/10/2026;35;https://wp.me/panQjS-iZZ
Concesiones;BASES REGULADORAS Y CONVOCATORIA DEL PROGRAMA “BO COMERÇ D’ALMUSSAFES 2026” PARA LA RECUPERACIÓN DEL SECTOR COMERCIAL Y SERVICIOS DE ALMUSSAFES;AYUNTAMIENTO DE ALMUSSAFES;924503;—;Subvención;07/10/2026;35;https://wp.me/panQjS-iZZ
Concesiones;BASES REGULADORAS Y CONVOCATORIA DEL PROGRAMA “BO COMERÇ D’ALMUSSAFES 2026” PARA LA RECUPERACIÓN DEL SECTOR COMERCIAL Y SERVICIOS DE ALMUSSAFES;AYUNTAMIENTO DE ALMUSSAFES;924503;—;Subvención;07/10/2026;35;https://wp.me/panQjS-iZZ
Concesiones;BASES REGULADORAS Y CONVOCATORIA DEL PROGRAMA “BO COMERÇ D’ALMUSSAFES 2026” PARA LA RECUPERACIÓN DEL SECTOR COMERCIAL Y SERVICIOS DE ALMUSSAFES;AYUNTAMIENTO DE ALMUSSAFES;924503;—;Subvención;07/10/2026;35;https://wp.me/panQjS-iZZ
Concesiones;BASES REGULADORAS Y CONVOCATORIA DEL PROGRAMA “BO COMERÇ D’ALMUSSAFES 2026” PARA LA RECUPERACIÓN DEL SECTOR COMERCIAL Y SERVICIOS DE ALMUSSAFES;AYUNTAMIENTO DE ALMUSSAFES;924503;—;Subvención;07/10/2026;35;https://wp.me/panQjS-iZZ
Concesiones;BASES REGULADORAS Y CONVOCATORIA DEL PROGRAMA “BO COMERÇ D’ALMUSSAFES 2026” PARA LA RECUPERACIÓN DEL SECTOR COMERCIAL Y SERVICIOS DE ALMUSSAFES;AYUNTAMIENTO DE ALMUSSAFES;924503;—;Subvención;07/10/2026;35;https://wp.me/panQjS-iZZ
Concesiones;BASES REGULADORAS Y CONVOCATORIA DEL PROGRAMA “BO COMERÇ D’ALMUSSAFES 2026” PARA LA RECUPERACIÓN DEL SECTOR COMERCIAL Y SERVICIOS DE ALMUSSAFES;AYUNTAMIENTO DE ALMUSSAFES;924503;—;Subvención;07/10/2026;35;https://wp.me/panQjS-iZZ
Concesiones;BASES REGULADORAS Y CONVOCATORIA DEL PROGRAMA “BO COMERÇ D’ALMUSSAFES 2026” PARA LA RECUPERACIÓN DEL SECTOR COMERCIAL Y SERVICIOS DE ALMUSSAFES;AYUNTAMIENTO DE ALMUSSAFES;924503;—;Subvención;07/10/2026;35;https://wp.me/panQjS-iZZ
Concesiones;BASES REGULADORAS Y CONVOCATORIA DEL PROGRAMA “BO COMERÇ D’ALMUSSAFES 2026” PARA LA RECUPERACIÓN DEL SECTOR COMERCIAL Y SERVICIOS DE ALMUSSAFES;AYUNTAMIENTO DE ALMUSSAFES;924503;—;Subvención;07/10/2026;35;https://wp.me/panQjS-iZZ
Concesiones;BASES REGULADORAS Y CONVOCATORIA DEL PROGRAMA “BO COMERÇ D’ALMUSSAFES 2026” PARA LA RECUPERACIÓN DEL SECTOR COMERCIAL Y SERVICIOS DE ALMUSSAFES;AYUNTAMIENTO DE ALMUSSAFES;924503;—;Subvención;07/10/2026;35;https://wp.me/panQjS-iZZ
Concesiones;BASES REGULADORAS Y CONVOCATORIA DEL PROGRAMA “BO COMERÇ D’ALMUSSAFES 2026” PARA LA RECUPERACIÓN DEL SECTOR COMERCIAL Y SERVICIOS DE ALMUSSAFES;AYUNTAMIENTO DE ALMUSSAFES;924503;—;Subvención;07/10/2026;35;https://wp.me/panQjS-iZZ
Concesiones;BASES REGULADORAS Y CONVOCATORIA DEL PROGRAMA “BO COMERÇ D’ALMUSSAFES 2026” PARA LA RECUPERACIÓN DEL SECTOR COMERCIAL Y SERVICIOS DE ALMUSSAFES;AYUNTAMIENTO DE ALMUSSAFES;924503;—;Subvención;07/10/2026;35;https://wp.me/panQjS-iZZ
Concesiones;BASES REGULADORAS Y CONVOCATORIA DEL PROGRAMA “BO COMERÇ D’ALMUSSAFES 2026” PARA LA RECUPERACIÓN DEL SECTOR COMERCIAL Y SERVICIOS DE ALMUSSAFES;AYUNTAMIENTO DE ALMUSSAFES;924503;—;Subvención;07/10/2026;35;https://wp.me/panQjS-iZZ
Concesiones;BASES REGULADORAS Y CONVOCATORIA DEL PROGRAMA “BO COMERÇ D’ALMUSSAFES 2026” PARA LA RECUPERACIÓN DEL SECTOR COMERCIAL Y SERVICIOS DE ALMUSSAFES;AYUNTAMIENTO DE ALMUSSAFES;924503;—;Subvención;07/10/2026;35;https://wp.me/panQjS-iZZ
Concesiones;BASES REGULADORAS Y CONVOCATORIA DEL PROGRAMA “BO COMERÇ D’ALMUSSAFES 2026” PARA LA RECUPERACIÓN DEL SECTOR COMERCIAL Y SERVICIOS DE ALMUSSAFES;AYUNTAMIENTO DE ALMUSSAFES;924503;—;Subvención;07/10/2026;35;https://wp.me/panQjS-iZZ
Concesiones;BASES REGULADORAS Y CONVOCATORIA DEL PROGRAMA “BO COMERÇ D’ALMUSSAFES 2026” PARA LA RECUPERACIÓN DEL SECTOR COMERCIAL Y SERVICIOS DE ALMUSSAFES;AYUNTAMIENTO DE ALMUSSAFES;924503;—;Subvención;07/10/2026;35;https://wp.me/panQjS-iZZ
Concesiones;BASES REGULADORAS Y CONVOCATORIA DEL PROGRAMA “BO COMERÇ D’ALMUSSAFES 2026” PARA LA RECUPERACIÓN DEL SECTOR COMERCIAL Y SERVICIOS DE ALMUSSAFES;AYUNTAMIENTO DE ALMUSSAFES;924503;—;Subvención;07/10/2026;35;https://wp.me/panQjS-iZZ
Concesiones;BASES REGULADORAS Y CONVOCATORIA DEL PROGRAMA “BO COMERÇ D’ALMUSSAFES 2026” PARA LA RECUPERACIÓN DEL SECTOR COMERCIAL Y SERVICIOS DE ALMUSSAFES;AYUNTAMIENTO DE ALMUSSAFES;924503;—;Subvención;07/10/2026;35;https://wp.me/panQjS-iZZ
Concesiones;BASES REGULADORAS Y CONVOCATORIA DEL PROGRAMA “BO COMERÇ D’ALMUSSAFES 2026” PARA LA RECUPERACIÓN DEL SECTOR COMERCIAL Y SERVICIOS DE ALMUSSAFES;AYUNTAMIENTO DE ALMUSSAFES;924503;—;Subvención;07/10/2026;35;https://wp.me/panQjS-iZZ
Concesiones;BASES REGULADORAS Y CONVOCATORIA DEL PROGRAMA “BO COMERÇ D’ALMUSSAFES 2026” PARA LA RECUPERACIÓN DEL SECTOR COMERCIAL Y SERVICIOS DE ALMUSSAFES;AYUNTAMIENTO DE ALMUSSAFES;924503;—;Subvención;07/10/2026;35;https://wp.me/panQjS-iZZ
Concesiones;BASES REGULADORAS Y CONVOCATORIA DEL PROGRAMA “BO COMERÇ D’ALMUSSAFES 2026” PARA LA RECUPERACIÓN DEL SECTOR COMERCIAL Y SERVICIOS DE ALMUSSAFES;AYUNTAMIENTO DE ALMUSSAFES;924503;—;Subvención;07/10/2026;35;https://wp.me/panQjS-iZZ
Concesiones;BASES REGULADORAS Y CONVOCATORIA DEL PROGRAMA “BO COMERÇ D’ALMUSSAFES 2026” PARA LA RECUPERACIÓN DEL SECTOR COMERCIAL Y SERVICIOS DE ALMUSSAFES;AYUNTAMIENTO DE ALMUSSAFES;924503;—;Subvención;07/10/2026;35;https://wp.me/panQjS-iZZ
Concesiones;BASES REGULADORAS Y CONVOCATORIA DEL PROGRAMA “BO COMERÇ D’ALMUSSAFES 2026” PARA LA RECUPERACIÓN DEL SECTOR COMERCIAL Y SERVICIOS DE ALMUSSAFES;AYUNTAMIENTO DE ALMUSSAFES;924503;—;Subvención;07/10/2026;35;https://wp.me/panQjS-iZZ
Concesiones;BASES REGULADORAS Y CONVOCATORIA DEL PROGRAMA “BO COMERÇ D’ALMUSSAFES 2026” PARA LA RECUPERACIÓN DEL SECTOR COMERCIAL Y SERVICIOS DE ALMUSSAFES;AYUNTAMIENTO DE ALMUSSAFES;924503;—;Subvención;07/10/2026;35;https://wp.me/panQjS-iZZ
Concesiones;BASES REGULADORAS Y CONVOCATORIA DEL PROGRAMA “BO COMERÇ D’ALMUSSAFES 2026” PARA LA RECUPERACIÓN DEL SECTOR COMERCIAL Y SERVICIOS DE ALMUSSAFES;AYUNTAMIENTO DE ALMUSSAFES;924503;—;Subvención;07/10/2026;35;https://wp.me/panQjS-iZZ
Concesiones;BASES REGULADORAS Y CONVOCATORIA DEL PROGRAMA “BO COMERÇ D’ALMUSSAFES 2026” PARA LA RECUPERACIÓN DEL SECTOR COMERCIAL Y SERVICIOS DE ALMUSSAFES;AYUNTAMIENTO DE ALMUSSAFES;924503;—;Subvención;07/10/2026;35;https://wp.me/panQjS-iZZ
Concesiones;BASES REGULADORAS Y CONVOCATORIA DEL PROGRAMA “BO COMERÇ D’ALMUSSAFES 2026” PARA LA RECUPERACIÓN DEL SECTOR COMERCIAL Y SERVICIOS DE ALMUSSAFES;AYUNTAMIENTO DE ALMUSSAFES;924503;—;Subvención;07/10/2026;35;https://wp.me/panQjS-iZZ
Concesiones;BASES REGULADORAS Y CONVOCATORIA DEL PROGRAMA “BO COMERÇ D’ALMUSSAFES 2026” PARA LA RECUPERACIÓN DEL SECTOR COMERCIAL Y SERVICIOS DE ALMUSSAFES;AYUNTAMIENTO DE ALMUSSAFES;924503;—;Subvención;07/10/2026;35;https://wp.me/panQjS-iZZ
Concesiones;BASES REGULADORAS Y CONVOCATORIA DEL PROGRAMA “BO COMERÇ D’ALMUSSAFES 2026” PARA LA RECUPERACIÓN DEL SECTOR COMERCIAL Y SERVICIOS DE ALMUSSAFES;AYUNTAMIENTO DE ALMUSSAFES;924503;—;Subvención;07/10/2026;35;https://wp.me/panQjS-iZZ
Concesiones;BASES REGULADORAS Y CONVOCATORIA DEL PROGRAMA “BO COMERÇ D’ALMUSSAFES 2026” PARA LA RECUPERACIÓN DEL SECTOR COMERCIAL Y SERVICIOS DE ALMUSSAFES;AYUNTAMIENTO DE ALMUSSAFES;924503;—;Subvención;07/10/2026;35;https://wp.me/panQjS-iZZ
Concesiones;BASES REGULADORAS Y CONVOCATORIA DEL PROGRAMA “BO COMERÇ D’ALMUSSAFES 2026” PARA LA RECUPERACIÓN DEL SECTOR COMERCIAL Y SERVICIOS DE ALMUSSAFES;AYUNTAMIENTO DE ALMUSSAFES;924503;—;Subvención;07/10/2026;35;https://wp.me/panQjS-iZZ
Concesiones;BASES REGULADORAS Y CONVOCATORIA DEL PROGRAMA “BO COMERÇ D’ALMUSSAFES 2026” PARA LA RECUPERACIÓN DEL SECTOR COMERCIAL Y SERVICIOS DE ALMUSSAFES;AYUNTAMIENTO DE ALMUSSAFES;924503;—;Subvención;07/10/2026;35;https://wp.me/panQjS-iZZ
Concesiones;BASES REGULADORAS Y CONVOCATORIA DEL PROGRAMA “BO COMERÇ D’ALMUSSAFES 2026” PARA LA RECUPERACIÓN DEL SECTOR COMERCIAL Y SERVICIOS DE ALMUSSAFES;AYUNTAMIENTO DE ALMUSSAFES;924503;—;Subvención;07/10/2026;35;https://wp.me/panQjS-iZZ
Concesiones;BASES REGULADORAS Y CONVOCATORIA DEL PROGRAMA “BO COMERÇ D’ALMUSSAFES 2026” PARA LA RECUPERACIÓN DEL SECTOR COMERCIAL Y SERVICIOS DE ALMUSSAFES;AYUNTAMIENTO DE ALMUSSAFES;924503;—;Subvención;07/10/2026;35;https://wp.me/panQjS-iZZ
Concesiones;BASES REGULADORAS Y CONVOCATORIA DEL PROGRAMA “BO COMERÇ D’ALMUSSAFES 2026” PARA LA RECUPERACIÓN DEL SECTOR COMERCIAL Y SERVICIOS DE ALMUSSAFES;AYUNTAMIENTO DE ALMUSSAFES;924503;—;Subvención;07/10/2026;35;https://wp.me/panQjS-iZZ
Concesiones;BASES REGULADORAS Y CONVOCATORIA DEL PROGRAMA “BO COMERÇ D’ALMUSSAFES 2026” PARA LA RECUPERACIÓN DEL SECTOR COMERCIAL Y SERVICIOS DE ALMUSSAFES;AYUNTAMIENTO DE ALMUSSAFES;924503;—;Subvención;07/10/2026;35;https://wp.me/panQjS-iZZ
Concesiones;BASES REGULADORAS Y CONVOCATORIA DEL PROGRAMA “BO COMERÇ D’ALMUSSAFES 2026” PARA LA RECUPERACIÓN DEL SECTOR COMERCIAL Y SERVICIOS DE ALMUSSAFES;AYUNTAMIENTO DE ALMUSSAFES;924503;—;Subvención;07/10/2026;35;https://wp.me/panQjS-iZZ
Concesiones;BASES REGULADORAS Y CONVOCATORIA DEL PROGRAMA “BO COMERÇ D’ALMUSSAFES 2026” PARA LA RECUPERACIÓN DEL SECTOR COMERCIAL Y SERVICIOS DE ALMUSSAFES;AYUNTAMIENTO DE ALMUSSAFES;924503;—;Subvención;07/10/2026;35;https://wp.me/panQjS-iZZ
Concesiones;BASES REGULADORAS Y CONVOCATORIA DEL PROGRAMA “BO COMERÇ D’ALMUSSAFES 2026” PARA LA RECUPERACIÓN DEL SECTOR COMERCIAL Y SERVICIOS DE ALMUSSAFES;AYUNTAMIENTO DE ALMUSSAFES;924503;—;Subvención;07/10/2026;35;https://wp.me/panQjS-iZZ
Concesiones;BASES REGULADORAS Y CONVOCATORIA DEL PROGRAMA “BO COMERÇ D’ALMUSSAFES 2026” PARA LA RECUPERACIÓN DEL SECTOR COMERCIAL Y SERVICIOS DE ALMUSSAFES;AYUNTAMIENTO DE ALMUSSAFES;924503;—;Subvención;07/10/2026;35;https://wp.me/panQjS-iZZ
Concesiones;BASES REGULADORAS Y CONVOCATORIA DEL PROGRAMA “BO COMERÇ D’ALMUSSAFES 2026” PARA LA RECUPERACIÓN DEL SECTOR COMERCIAL Y SERVICIOS DE ALMUSSAFES;AYUNTAMIENTO DE ALMUSSAFES;924503;—;Subvención;07/10/2026;35;https://wp.me/panQjS-iZZ
Concesiones;BASES REGULADORAS Y CONVOCATORIA DEL PROGRAMA “BO COMERÇ D’ALMUSSAFES 2026” PARA LA RECUPERACIÓN DEL SECTOR COMERCIAL Y SERVICIOS DE ALMUSSAFES;AYUNTAMIENTO DE ALMUSSAFES;924503;—;Subvención;07/10/2026;35;https://wp.me/panQjS-iZZ
Concesiones;BASES REGULADORAS Y CONVOCATORIA DEL PROGRAMA “BO COMERÇ D’ALMUSSAFES 2026” PARA LA RECUPERACIÓN DEL SECTOR COMERCIAL Y SERVICIOS DE ALMUSSAFES;AYUNTAMIENTO DE ALMUSSAFES;924503;—;Subvención;07/10/2026;35;https://wp.me/panQjS-iZZ
Concesiones;BASES REGULADORAS Y CONVOCATORIA DEL PROGRAMA “BO COMERÇ D’ALMUSSAFES 2026” PARA LA RECUPERACIÓN DEL SECTOR COMERCIAL Y SERVICIOS DE ALMUSSAFES;AYUNTAMIENTO DE ALMUSSAFES;924503;—;Subvención;07/10/2026;35;https://wp.me/panQjS-iZZ
Concesiones;BASES REGULADORAS Y CONVOCATORIA DEL PROGRAMA “BO COMERÇ D’ALMUSSAFES 2026” PARA LA RECUPERACIÓN DEL SECTOR COMERCIAL Y SERVICIOS DE ALMUSSAFES;AYUNTAMIENTO DE ALMUSSAFES;924503;—;Subvención;07/10/2026;35;https://wp.me/panQjS-iZZ
Concesiones;BASES REGULADORAS Y CONVOCATORIA DEL PROGRAMA “BO COMERÇ D’ALMUSSAFES 2026” PARA LA RECUPERACIÓN DEL SECTOR COMERCIAL Y SERVICIOS DE ALMUSSAFES;AYUNTAMIENTO DE ALMUSSAFES;924503;—;Subvención;07/10/2026;35;https://wp.me/panQjS-iZZ
Concesiones;BASES REGULADORAS Y CONVOCATORIA DEL PROGRAMA “BO COMERÇ D’ALMUSSAFES 2026” PARA LA RECUPERACIÓN DEL SECTOR COMERCIAL Y SERVICIOS DE ALMUSSAFES;AYUNTAMIENTO DE ALMUSSAFES;924503;—;Subvención;07/10/2026;35;https://wp.me/panQjS-iZZ
Concesiones;BASES REGULADORAS Y CONVOCATORIA DEL PROGRAMA “BO COMERÇ D’ALMUSSAFES 2026” PARA LA RECUPERACIÓN DEL SECTOR COMERCIAL Y SERVICIOS DE ALMUSSAFES;AYUNTAMIENTO DE ALMUSSAFES;924503;—;Subvención;07/10/2026;35;https://wp.me/panQjS-iZZ
Concesiones;BASES REGULADORAS Y CONVOCATORIA DEL PROGRAMA “BO COMERÇ D’ALMUSSAFES 2026” PARA LA RECUPERACIÓN DEL SECTOR COMERCIAL Y SERVICIOS DE ALMUSSAFES;AYUNTAMIENTO DE ALMUSSAFES;924503;—;Subvención;07/10/2026;35;https://wp.me/panQjS-iZZ
Concesiones;BASES REGULADORAS Y CONVOCATORIA DEL PROGRAMA “BO COMERÇ D’ALMUSSAFES 2026” PARA LA RECUPERACIÓN DEL SECTOR COMERCIAL Y SERVICIOS DE ALMUSSAFES;AYUNTAMIENTO DE ALMUSSAFES;924503;—;Subvención;07/10/2026;35;https://wp.me/panQjS-iZZ
Concesiones;BASES REGULADORAS Y CONVOCATORIA DEL PROGRAMA “BO COMERÇ D’ALMUSSAFES 2026” PARA LA RECUPERACIÓN DEL SECTOR COMERCIAL Y SERVICIOS DE ALMUSSAFES;AYUNTAMIENTO DE ALMUSSAFES;924503;—;Subvención;07/10/2026;35;https://wp.me/panQjS-iZZ
Concesiones;BASES REGULADORAS Y CONVOCATORIA DEL PROGRAMA “BO COMERÇ D’ALMUSSAFES 2026” PARA LA RECUPERACIÓN DEL SECTOR COMERCIAL Y SERVICIOS DE ALMUSSAFES;AYUNTAMIENTO DE ALMUSSAFES;924503;—;Subvención;07/10/2026;35;https://wp.me/panQjS-iZZ
Concesiones;BASES REGULADORAS Y CONVOCATORIA DEL PROGRAMA “BO COMERÇ D’ALMUSSAFES 2026” PARA LA RECUPERACIÓN DEL SECTOR COMERCIAL Y SERVICIOS DE ALMUSSAFES;AYUNTAMIENTO DE ALMUSSAFES;924503;—;Subvención;07/10/2026;35;https://wp.me/panQjS-iZZ
Concesiones;BASES REGULADORAS Y CONVOCATORIA DEL PROGRAMA “BO COMERÇ D’ALMUSSAFES 2026” PARA LA RECUPERACIÓN DEL SECTOR COMERCIAL Y SERVICIOS DE ALMUSSAFES;AYUNTAMIENTO DE ALMUSSAFES;924503;—;Subvención;07/10/2026;35;https://wp.me/panQjS-iZZ
Concesiones;BASES REGULADORAS Y CONVOCATORIA DEL PROGRAMA “BO COMERÇ D’ALMUSSAFES 2026” PARA LA RECUPERACIÓN DEL SECTOR COMERCIAL Y SERVICIOS DE ALMUSSAFES;AYUNTAMIENTO DE ALMUSSAFES;924503;—;Subvención;07/10/2026;35;https://wp.me/panQjS-iZZ
Concesiones;BASES REGULADORAS Y CONVOCATORIA DEL PROGRAMA “BO COMERÇ D’ALMUSSAFES 2026” PARA LA RECUPERACIÓN DEL SECTOR COMERCIAL Y SERVICIOS DE ALMUSSAFES;AYUNTAMIENTO DE ALMUSSAFES;924503;—;Subvención;07/10/2026;35;https://wp.me/panQjS-iZZ
Concesiones;BASES REGULADORAS Y CONVOCATORIA DEL PROGRAMA “BO COMERÇ D’ALMUSSAFES 2026” PARA LA RECUPERACIÓN DEL SECTOR COMERCIAL Y SERVICIOS DE ALMUSSAFES;AYUNTAMIENTO DE ALMUSSAFES;924503;—;Subvención;07/10/2026;35;https://wp.me/panQjS-iZZ
Concesiones;BASES REGULADORAS Y CONVOCATORIA DEL PROGRAMA “BO COMERÇ D’ALMUSSAFES 2026” PARA LA RECUPERACIÓN DEL SECTOR COMERCIAL Y SERVICIOS DE ALMUSSAFES;AYUNTAMIENTO DE ALMUSSAFES;924503;—;Subvención;07/10/2026;35;https://wp.me/panQjS-iZZ
Concesiones;BASES REGULADORAS Y CONVOCATORIA DEL PROGRAMA “BO COMERÇ D’ALMUSSAFES 2026” PARA LA RECUPERACIÓN DEL SECTOR COMERCIAL Y SERVICIOS DE ALMUSSAFES;AYUNTAMIENTO DE ALMUSSAFES;924503;—;Subvención;07/10/2026;35;https://wp.me/panQjS-iZZ
Concesiones;BASES REGULADORAS Y CONVOCATORIA DEL PROGRAMA “BO COMERÇ D’ALMUSSAFES 2026” PARA LA RECUPERACIÓN DEL SECTOR COMERCIAL Y SERVICIOS DE ALMUSSAFES;AYUNTAMIENTO DE ALMUSSAFES;924503;—;Subvención;07/10/2026;35;https://wp.me/panQjS-iZZ
Concesiones;BASES REGULADORAS Y CONVOCATORIA DEL PROGRAMA “BO COMERÇ D’ALMUSSAFES 2026” PARA LA RECUPERACIÓN DEL SECTOR COMERCIAL Y SERVICIOS DE ALMUSSAFES;AYUNTAMIENTO DE ALMUSSAFES;924503;—;Subvención;07/10/2026;35;https://wp.me/panQjS-iZZ
Concesiones;BASES REGULADORAS Y CONVOCATORIA DEL PROGRAMA “BO COMERÇ D’ALMUSSAFES 2026” PARA LA RECUPERACIÓN DEL SECTOR COMERCIAL Y SERVICIOS DE ALMUSSAFES;AYUNTAMIENTO DE ALMUSSAFES;924503;—;Subvención;07/10/2026;35;https://wp.me/panQjS-iZZ
Concesiones;BASES REGULADORAS Y CONVOCATORIA DEL PROGRAMA “BO COMERÇ D’ALMUSSAFES 2026” PARA LA RECUPERACIÓN DEL SECTOR COMERCIAL Y SERVICIOS DE ALMUSSAFES;AYUNTAMIENTO DE ALMUSSAFES;924503;—;Subvención;07/10/2026;35;https://wp.me/panQjS-iZZ
Concesiones;BASES REGULADORAS Y CONVOCATORIA DEL PROGRAMA “BO COMERÇ D’ALMUSSAFES 2026” PARA LA RECUPERACIÓN DEL SECTOR COMERCIAL Y SERVICIOS DE ALMUSSAFES;AYUNTAMIENTO DE ALMUSSAFES;924503;—;Subvención;07/10/2026;35;https://wp.me/panQjS-iZZ
Concesiones;BASES REGULADORAS Y CONVOCATORIA DEL PROGRAMA “BO COMERÇ D’ALMUSSAFES 2026” PARA LA RECUPERACIÓN DEL SECTOR COMERCIAL Y SERVICIOS DE ALMUSSAFES;AYUNTAMIENTO DE ALMUSSAFES;924503;—;Subvención;07/10/2026;35;https://wp.me/panQjS-iZZ
Concesiones;BASES REGULADORAS Y CONVOCATORIA DEL PROGRAMA “BO COMERÇ D’ALMUSSAFES 2026” PARA LA RECUPERACIÓN DEL SECTOR COMERCIAL Y SERVICIOS DE ALMUSSAFES;AYUNTAMIENTO DE ALMUSSAFES;924503;—;Subvención;07/10/2026;35;https://wp.me/panQjS-iZZ
Concesiones;BASES REGULADORAS Y CONVOCATORIA DEL PROGRAMA “BO COMERÇ D’ALMUSSAFES 2026” PARA LA RECUPERACIÓN DEL SECTOR COMERCIAL Y SERVICIOS DE ALMUSSAFES;AYUNTAMIENTO DE ALMUSSAFES;924503;—;Subvención;07/10/2026;35;https://wp.me/panQjS-iZZ
Concesiones;BASES REGULADORAS Y CONVOCATORIA DEL PROGRAMA “BO COMERÇ D’ALMUSSAFES 2026” PARA LA RECUPERACIÓN DEL SECTOR COMERCIAL Y SERVICIOS DE ALMUSSAFES;AYUNTAMIENTO DE ALMUSSAFES;924503;—;Subvención;07/10/2026;35;https://wp.me/panQjS-iZZ
Concesiones;BASES REGULADORAS Y CONVOCATORIA DEL PROGRAMA “BO COMERÇ D’ALMUSSAFES 2026” PARA LA RECUPERACIÓN DEL SECTOR COMERCIAL Y SERVICIOS DE ALMUSSAFES;AYUNTAMIENTO DE ALMUSSAFES;924503;—;Subvención;07/10/2026;35;https://wp.me/panQjS-iZZ
Concesiones;BASES REGULADORAS Y CONVOCATORIA DEL PROGRAMA “BO COMERÇ D’ALMUSSAFES 2026” PARA LA RECUPERACIÓN DEL SECTOR COMERCIAL Y SERVICIOS DE ALMUSSAFES;AYUNTAMIENTO DE ALMUSSAFES;924503;—;Subvención;07/10/2026;35;https://wp.me/panQjS-iZZ
Concesiones;BASES REGULADORAS Y CONVOCATORIA DEL PROGRAMA “BO COMERÇ D’ALMUSSAFES 2026” PARA LA RECUPERACIÓN DEL SECTOR COMERCIAL Y SERVICIOS DE ALMUSSAFES;AYUNTAMIENTO DE ALMUSSAFES;924503;—;Subvención;07/10/2026;35;https://wp.me/panQjS-iZZ
Concesiones;BASES REGULADORAS Y CONVOCATORIA DEL PROGRAMA “BO COMERÇ D’ALMUSSAFES 2026” PARA LA RECUPERACIÓN DEL SECTOR COMERCIAL Y SERVICIOS DE ALMUSSAFES;AYUNTAMIENTO DE ALMUSSAFES;924503;—;Subvención;07/10/2026;35;https://wp.me/panQjS-iZZ
Concesiones;BASES REGULADORAS Y CONVOCATORIA DEL PROGRAMA “BO COMERÇ D’ALMUSSAFES 2026” PARA LA RECUPERACIÓN DEL SECTOR COMERCIAL Y SERVICIOS DE ALMUSSAFES;AYUNTAMIENTO DE ALMUSSAFES;924503;—;Subvención;07/10/2026;35;https://wp.me/panQjS-iZZ
Concesiones;BASES REGULADORAS Y CONVOCATORIA DEL PROGRAMA “BO COMERÇ D’ALMUSSAFES 2026” PARA LA RECUPERACIÓN DEL SECTOR COMERCIAL Y SERVICIOS DE ALMUSSAFES;AYUNTAMIENTO DE ALMUSSAFES;924503;—;Subvención;07/10/2026;35;https://wp.me/panQjS-iZZ
Concesiones;BASES REGULADORAS Y CONVOCATORIA DEL PROGRAMA “BO COMERÇ D’ALMUSSAFES 2026” PARA LA RECUPERACIÓN DEL SECTOR COMERCIAL Y SERVICIOS DE ALMUSSAFES;AYUNTAMIENTO DE ALMUSSAFES;924503;—;Subvención;07/10/2026;35;https://wp.me/panQjS-iZZ
Concesiones;BASES REGULADORAS Y CONVOCATORIA DEL PROGRAMA “BO COMERÇ D’ALMUSSAFES 2026” PARA LA RECUPERACIÓN DEL SECTOR COMERCIAL Y SERVICIOS DE ALMUSSAFES;AYUNTAMIENTO DE ALMUSSAFES;924503;—;Subvención;07/10/2026;35;https://wp.me/panQjS-iZZ
Concesiones;BASES REGULADORAS Y CONVOCATORIA DEL PROGRAMA “BO COMERÇ D’ALMUSSAFES 2026” PARA LA RECUPERACIÓN DEL SECTOR COMERCIAL Y SERVICIOS DE ALMUSSAFES;AYUNTAMIENTO DE ALMUSSAFES;924503;—;Subvención;07/10/2026;35;https://wp.me/panQjS-iZZ
Concesiones;BASES REGULADORAS Y CONVOCATORIA DEL PROGRAMA “BO COMERÇ D’ALMUSSAFES 2026” PARA LA RECUPERACIÓN DEL SECTOR COMERCIAL Y SERVICIOS DE ALMUSSAFES;AYUNTAMIENTO DE ALMUSSAFES;924503;—;Subvención;07/10/2026;35;https://wp.me/panQjS-iZZ
Concesiones;BASES REGULADORAS Y CONVOCATORIA DEL PROGRAMA “BO COMERÇ D’ALMUSSAFES 2026” PARA LA RECUPERACIÓN DEL SECTOR COMERCIAL Y SERVICIOS DE ALMUSSAFES;AYUNTAMIENTO DE ALMUSSAFES;924503;—;Subvención;07/10/2026;35;https://wp.me/panQjS-iZZ
Concesiones;BASES REGULADORAS Y CONVOCATORIA DEL PROGRAMA “BO COMERÇ D’ALMUSSAFES 2026” PARA LA RECUPERACIÓN DEL SECTOR COMERCIAL Y SERVICIOS DE ALMUSSAFES;AYUNTAMIENTO DE ALMUSSAFES;924503;—;Subvención;07/10/2026;35;https://wp.me/panQjS-iZZ
Concesiones;BASES REGULADORAS Y CONVOCATORIA DEL PROGRAMA “BO COMERÇ D’ALMUSSAFES 2026” PARA LA RECUPERACIÓN DEL SECTOR COMERCIAL Y SERVICIOS DE ALMUSSAFES;AYUNTAMIENTO DE ALMUSSAFES;924503;—;Subvención;07/10/2026;35;https://wp.me/panQjS-iZZ
Concesiones;BASES REGULADORAS Y CONVOCATORIA DEL PROGRAMA “BO COMERÇ D’ALMUSSAFES 2026” PARA LA RECUPERACIÓN DEL SECTOR COMERCIAL Y SERVICIOS DE ALMUSSAFES;AYUNTAMIENTO DE ALMUSSAFES;924503;—;Subvención;07/10/2026;35;https://wp.me/panQjS-iZZ
Concesiones;BASES REGULADORAS Y CONVOCATORIA DEL PROGRAMA “BO COMERÇ D’ALMUSSAFES 2026” PARA LA RECUPERACIÓN DEL SECTOR COMERCIAL Y SERVICIOS DE ALMUSSAFES;AYUNTAMIENTO DE ALMUSSAFES;924503;—;Subvención;07/10/2026;35;https://wp.me/panQjS-iZZ
Concesiones;BASES REGULADORAS Y CONVOCATORIA DEL PROGRAMA “BO COMERÇ D’ALMUSSAFES 2026” PARA LA RECUPERACIÓN DEL SECTOR COMERCIAL Y SERVICIOS DE ALMUSSAFES;AYUNTAMIENTO DE ALMUSSAFES;924503;—;Subvención;07/10/2026;35;https://wp.me/panQjS-iZZ
Concesiones;BASES REGULADORAS Y CONVOCATORIA DEL PROGRAMA “BO COMERÇ D’ALMUSSAFES 2026” PARA LA RECUPERACIÓN DEL SECTOR COMERCIAL Y SERVICIOS DE ALMUSSAFES;AYUNTAMIENTO DE ALMUSSAFES;924503;—;Subvención;07/10/2026;35;https://wp.me/panQjS-iZZ
Concesiones;BASES REGULADORAS Y CONVOCATORIA DEL PROGRAMA “BO COMERÇ D’ALMUSSAFES 2026” PARA LA RECUPERACIÓN DEL SECTOR COMERCIAL Y SERVICIOS DE ALMUSSAFES;AYUNTAMIENTO DE ALMUSSAFES;924503;—;Subvención;07/10/2026;35;https://wp.me/panQjS-iZZ
Concesiones;BASES REGULADORAS Y CONVOCATORIA DEL PROGRAMA “BO COMERÇ D’ALMUSSAFES 2026” PARA LA RECUPERACIÓN DEL SECTOR COMERCIAL Y SERVICIOS DE ALMUSSAFES;AYUNTAMIENTO DE ALMUSSAFES;924503;—;Subvención;07/10/2026;35;https://wp.me/panQjS-iZZ
Concesiones;BASES REGULADORAS Y CONVOCATORIA DEL PROGRAMA “BO COMERÇ D’ALMUSSAFES 2026” PARA LA RECUPERACIÓN DEL SECTOR COMERCIAL Y SERVICIOS DE ALMUSSAFES;AYUNTAMIENTO DE ALMUSSAFES;924503;—;Subvención;07/10/2026;35;https://wp.me/panQjS-iZZ
Concesiones;BASES REGULADORAS Y CONVOCATORIA DEL PROGRAMA “BO COMERÇ D’ALMUSSAFES 2026” PARA LA RECUPERACIÓN DEL SECTOR COMERCIAL Y SERVICIOS DE ALMUSSAFES;AYUNTAMIENTO DE ALMUSSAFES;924503;—;Subvención;07/10/2026;35;https://wp.me/panQjS-iZZ
Concesiones;BASES REGULADORAS Y CONVOCATORIA DEL PROGRAMA “BO COMERÇ D’ALMUSSAFES 2026” PARA LA RECUPERACIÓN DEL SECTOR COMERCIAL Y SERVICIOS DE ALMUSSAFES;AYUNTAMIENTO DE ALMUSSAFES;924503;—;Subvención;07/10/2026;35;https://wp.me/panQjS-iZZ
Concesiones;BASES REGULADORAS Y CONVOCATORIA DEL PROGRAMA “BO COMERÇ D’ALMUSSAFES 2026” PARA LA RECUPERACIÓN DEL SECTOR COMERCIAL Y SERVICIOS DE ALMUSSAFES;AYUNTAMIENTO DE ALMUSSAFES;924503;—;Subvención;07/10/2026;35;https://wp.me/panQjS-iZZ
Concesiones;BASES REGULADORAS Y CONVOCATORIA DEL PROGRAMA “BO COMERÇ D’ALMUSSAFES 2026” PARA LA RECUPERACIÓN DEL SECTOR COMERCIAL Y SERVICIOS DE ALMUSSAFES;AYUNTAMIENTO DE ALMUSSAFES;924503;—;Subvención;07/10/2026;35;https://wp.me/panQjS-iZZ
Concesiones;BASES REGULADORAS Y CONVOCATORIA DEL PROGRAMA “BO COMERÇ D’ALMUSSAFES 2026” PARA LA RECUPERACIÓN DEL SECTOR COMERCIAL Y SERVICIOS DE ALMUSSAFES;AYUNTAMIENTO DE ALMUSSAFES;924503;—;Subvención;07/10/2026;35;https://wp.me/panQjS-iZZ
Concesiones;BASES REGULADORAS Y CONVOCATORIA DEL PROGRAMA “BO COMERÇ D’ALMUSSAFES 2026” PARA LA RECUPERACIÓN DEL SECTOR COMERCIAL Y SERVICIOS DE ALMUSSAFES;AYUNTAMIENTO DE ALMUSSAFES;924503;—;Subvención;07/10/2026;35;https://wp.me/panQjS-iZZ
Concesiones;BASES REGULADORAS Y CONVOCATORIA DEL PROGRAMA “BO COMERÇ D’ALMUSSAFES 2026” PARA LA RECUPERACIÓN DEL SECTOR COMERCIAL Y SERVICIOS DE ALMUSSAFES;AYUNTAMIENTO DE ALMUSSAFES;924503;—;Subvención;07/10/2026;35;https://wp.me/panQjS-iZZ
Concesiones;BASES REGULADORAS Y CONVOCATORIA DEL PROGRAMA “BO COMERÇ D’ALMUSSAFES 2026” PARA LA RECUPERACIÓN DEL SECTOR COMERCIAL Y SERVICIOS DE ALMUSSAFES;AYUNTAMIENTO DE ALMUSSAFES;924503;—;Subvención;07/10/2026;35;https://wp.me/panQjS-iZZ
Concesiones;BASES REGULADORAS Y CONVOCATORIA DEL PROGRAMA “BO COMERÇ D’ALMUSSAFES 2026” PARA LA RECUPERACIÓN DEL SECTOR COMERCIAL Y SERVICIOS DE ALMUSSAFES;AYUNTAMIENTO DE ALMUSSAFES;924503;—;Subvención;07/10/2026;35;https://wp.me/panQjS-iZZ
Concesiones;BASES REGULADORAS Y CONVOCATORIA DEL PROGRAMA “BO COMERÇ D’ALMUSSAFES 2026” PARA LA RECUPERACIÓN DEL SECTOR COMERCIAL Y SERVICIOS DE ALMUSSAFES;AYUNTAMIENTO DE ALMUSSAFES;924503;—;Subvención;07/10/2026;35;https://wp.me/panQjS-iZZ
Concesiones;BASES REGULADORAS Y CONVOCATORIA DEL PROGRAMA “BO COMERÇ D’ALMUSSAFES 2026” PARA LA RECUPERACIÓN DEL SECTOR COMERCIAL Y SERVICIOS DE ALMUSSAFES;AYUNTAMIENTO DE ALMUSSAFES;924503;—;Subvención;07/10/2026;35;https://wp.me/panQjS-iZZ
Concesiones;BASES REGULADORAS Y CONVOCATORIA DEL PROGRAMA “BO COMERÇ D’ALMUSSAFES 2026” PARA LA RECUPERACIÓN DEL SECTOR COMERCIAL Y SERVICIOS DE ALMUSSAFES;AYUNTAMIENTO DE ALMUSSAFES;924503;—;Subvención;07/10/2026;35;https://wp.me/panQjS-iZZ
Concesiones;BASES REGULADORAS Y CONVOCATORIA DEL PROGRAMA “BO COMERÇ D’ALMUSSAFES 2026” PARA LA RECUPERACIÓN DEL SECTOR COMERCIAL Y SERVICIOS DE ALMUSSAFES;AYUNTAMIENTO DE ALMUSSAFES;924503;—;Subvención;07/10/2026;35;https://wp.me/panQjS-iZZ
Concesiones;BASES REGULADORAS Y CONVOCATORIA DEL PROGRAMA “BO COMERÇ D’ALMUSSAFES 2026” PARA LA RECUPERACIÓN DEL SECTOR COMERCIAL Y SERVICIOS DE ALMUSSAFES;AYUNTAMIENTO DE ALMUSSAFES;924503;—;Subvención;07/10/2026;35;https://wp.me/panQjS-iZZ
Concesiones;BASES REGULADORAS Y CONVOCATORIA DEL PROGRAMA “BO COMERÇ D’ALMUSSAFES 2026” PARA LA RECUPERACIÓN DEL SECTOR COMERCIAL Y SERVICIOS DE ALMUSSAFES;AYUNTAMIENTO DE ALMUSSAFES;924503;—;Subvención;07/10/2026;35;https://wp.me/panQjS-iZZ
Concesiones;BASES REGULADORAS Y CONVOCATORIA DEL PROGRAMA “BO COMERÇ D’ALMUSSAFES 2026” PARA LA RECUPERACIÓN DEL SECTOR COMERCIAL Y SERVICIOS DE ALMUSSAFES;AYUNTAMIENTO DE ALMUSSAFES;924503;—;Subvención;07/10/2026;35;https://wp.me/panQjS-iZZ
Concesiones;BASES REGULADORAS Y CONVOCATORIA DEL PROGRAMA “BO COMERÇ D’ALMUSSAFES 2026” PARA LA RECUPERACIÓN DEL SECTOR COMERCIAL Y SERVICIOS DE ALMUSSAFES;AYUNTAMIENTO DE ALMUSSAFES;924503;—;Subvención;07/10/2026;35;https://wp.me/panQjS-iZZ
Concesiones;BASES REGULADORAS Y CONVOCATORIA DEL PROGRAMA “BO COMERÇ D’ALMUSSAFES 2026” PARA LA RECUPERACIÓN DEL SECTOR COMERCIAL Y SERVICIOS DE ALMUSSAFES;AYUNTAMIENTO DE ALMUSSAFES;924503;—;Subvención;07/10/2026;35;https://wp.me/panQjS-iZZ
Concesiones;BASES REGULADORAS Y CONVOCATORIA DEL PROGRAMA “BO COMERÇ D’ALMUSSAFES 2026” PARA LA RECUPERACIÓN DEL SECTOR COMERCIAL Y SERVICIOS DE ALMUSSAFES;AYUNTAMIENTO DE ALMUSSAFES;924503;—;Subvención;07/10/2026;35;https://wp.me/panQjS-iZZ
Concesiones;BASES REGULADORAS Y CONVOCATORIA DEL PROGRAMA “BO COMERÇ D’ALMUSSAFES 2026” PARA LA RECUPERACIÓN DEL SECTOR COMERCIAL Y SERVICIOS DE ALMUSSAFES;AYUNTAMIENTO DE ALMUSSAFES;924503;—;Subvención;07/10/2026;35;https://wp.me/panQjS-iZZ
Concesiones;BASES REGULADORAS Y CONVOCATORIA DEL PROGRAMA “BO COMERÇ D’ALMUSSAFES 2026” PARA LA RECUPERACIÓN DEL SECTOR COMERCIAL Y SERVICIOS DE ALMUSSAFES;AYUNTAMIENTO DE ALMUSSAFES;924503;—;Subvención;07/10/2026;35;https://wp.me/panQjS-iZZ
Concesiones;BASES REGULADORAS Y CONVOCATORIA DEL PROGRAMA “BO COMERÇ D’ALMUSSAFES 2026” PARA LA RECUPERACIÓN DEL SECTOR COMERCIAL Y SERVICIOS DE ALMUSSAFES;AYUNTAMIENTO DE ALMUSSAFES;924503;—;Subvención;07/10/2026;35;https://wp.me/panQjS-iZZ
Concesiones;BASES REGULADORAS Y CONVOCATORIA DEL PROGRAMA “BO COMERÇ D’ALMUSSAFES 2026” PARA LA RECUPERACIÓN DEL SECTOR COMERCIAL Y SERVICIOS DE ALMUSSAFES;AYUNTAMIENTO DE ALMUSSAFES;924503;—;Subvención;07/10/2026;35;https://wp.me/panQjS-iZZ
Concesiones;BASES REGULADORAS Y CONVOCATORIA DEL PROGRAMA “BO COMERÇ D’ALMUSSAFES 2026” PARA LA RECUPERACIÓN DEL SECTOR COMERCIAL Y SERVICIOS DE ALMUSSAFES;AYUNTAMIENTO DE ALMUSSAFES;924503;—;Subvención;07/10/2026;35;https://wp.me/panQjS-iZZ
Concesiones;BASES REGULADORAS Y CONVOCATORIA DEL PROGRAMA “BO COMERÇ D’ALMUSSAFES 2026” PARA LA RECUPERACIÓN DEL SECTOR COMERCIAL Y SERVICIOS DE ALMUSSAFES;AYUNTAMIENTO DE ALMUSSAFES;924503;—;Subvención;07/10/2026;35;https://wp.me/panQjS-iZZ
Concesiones;BASES REGULADORAS Y CONVOCATORIA DEL PROGRAMA “BO COMERÇ D’ALMUSSAFES 2026” PARA LA RECUPERACIÓN DEL SECTOR COMERCIAL Y SERVICIOS DE ALMUSSAFES;AYUNTAMIENTO DE ALMUSSAFES;924503;—;Subvención;07/10/2026;35;https://wp.me/panQjS-iZZ
Concesiones;BASES REGULADORAS Y CONVOCATORIA DEL PROGRAMA “BO COMERÇ D’ALMUSSAFES 2026” PARA LA RECUPERACIÓN DEL SECTOR COMERCIAL Y SERVICIOS DE ALMUSSAFES;AYUNTAMIENTO DE ALMUSSAFES;924503;—;Subvención;07/10/2026;35;https://wp.me/panQjS-iZZ
Concesiones;BASES REGULADORAS Y CONVOCATORIA DEL PROGRAMA “BO COMERÇ D’ALMUSSAFES 2026” PARA LA RECUPERACIÓN DEL SECTOR COMERCIAL Y SERVICIOS DE ALMUSSAFES;AYUNTAMIENTO DE ALMUSSAFES;924503;—;Subvención;07/10/2026;35;https://wp.me/panQjS-iZZ
Concesiones;BASES REGULADORAS Y CONVOCATORIA DEL PROGRAMA “BO COMERÇ D’ALMUSSAFES 2026” PARA LA RECUPERACIÓN DEL SECTOR COMERCIAL Y SERVICIOS DE ALMUSSAFES;AYUNTAMIENTO DE ALMUSSAFES;924503;—;Subvención;07/10/2026;35;https://wp.me/panQjS-iZZ
Concesiones;BASES REGULADORAS Y CONVOCATORIA DEL PROGRAMA “BO COMERÇ D’ALMUSSAFES 2026” PARA LA RECUPERACIÓN DEL SECTOR COMERCIAL Y SERVICIOS DE ALMUSSAFES;AYUNTAMIENTO DE ALMUSSAFES;924503;—;Subvención;07/10/2026;35;https://wp.me/panQjS-iZZ
Concesiones;BASES REGULADORAS Y CONVOCATORIA DEL PROGRAMA “BO COMERÇ D’ALMUSSAFES 2026” PARA LA RECUPERACIÓN DEL SECTOR COMERCIAL Y SERVICIOS DE ALMUSSAFES;AYUNTAMIENTO DE ALMUSSAFES;924503;—;Subvención;07/10/2026;35;https://wp.me/panQjS-iZZ
Concesiones;BASES REGULADORAS Y CONVOCATORIA DEL PROGRAMA “BO COMERÇ D’ALMUSSAFES 2026” PARA LA RECUPERACIÓN DEL SECTOR COMERCIAL Y SERVICIOS DE ALMUSSAFES;AYUNTAMIENTO DE ALMUSSAFES;924503;—;Subvención;07/10/2026;35;https://wp.me/panQjS-iZZ
Concesiones;BASES REGULADORAS Y CONVOCATORIA DEL PROGRAMA “BO COMERÇ D’ALMUSSAFES 2026” PARA LA RECUPERACIÓN DEL SECTOR COMERCIAL Y SERVICIOS DE ALMUSSAFES;AYUNTAMIENTO DE ALMUSSAFES;924503;—;Subvención;07/10/2026;35;https://wp.me/panQjS-iZZ
Concesiones;BASES REGULADORAS Y CONVOCATORIA DEL PROGRAMA “BO COMERÇ D’ALMUSSAFES 2026” PARA LA RECUPERACIÓN DEL SECTOR COMERCIAL Y SERVICIOS DE ALMUSSAFES;AYUNTAMIENTO DE ALMUSSAFES;924503;—;Subvención;07/10/2026;35;https://wp.me/panQjS-iZZ
Concesiones;BASES REGULADORAS Y CONVOCATORIA DEL PROGRAMA “BO COMERÇ D’ALMUSSAFES 2026” PARA LA RECUPERACIÓN DEL SECTOR COMERCIAL Y SERVICIOS DE ALMUSSAFES;AYUNTAMIENTO DE ALMUSSAFES;924503;—;Subvención;07/10/2026;35;https://wp.me/panQjS-iZZ
Concesiones;BASES REGULADORAS Y CONVOCATORIA DEL PROGRAMA “BO COMERÇ D’ALMUSSAFES 2026” PARA LA RECUPERACIÓN DEL SECTOR COMERCIAL Y SERVICIOS DE ALMUSSAFES;AYUNTAMIENTO DE ALMUSSAFES;924503;—;Subvención;07/10/2026;35;https://wp.me/panQjS-iZZ
Concesiones;BASES REGULADORAS Y CONVOCATORIA DEL PROGRAMA “BO COMERÇ D’ALMUSSAFES 2026” PARA LA RECUPERACIÓN DEL SECTOR COMERCIAL Y SERVICIOS DE ALMUSSAFES;AYUNTAMIENTO DE ALMUSSAFES;924503;—;Subvención;07/10/2026;35;https://wp.me/panQjS-iZZ
Concesiones;BASES REGULADORAS Y CONVOCATORIA DEL PROGRAMA “BO COMERÇ D’ALMUSSAFES 2026” PARA LA RECUPERACIÓN DEL SECTOR COMERCIAL Y SERVICIOS DE ALMUSSAFES;AYUNTAMIENTO DE ALMUSSAFES;924503;—;Subvención;07/10/2026;35;https://wp.me/panQjS-iZZ
Concesiones;BASES REGULADORAS Y CONVOCATORIA DEL PROGRAMA “BO COMERÇ D’ALMUSSAFES 2026” PARA LA RECUPERACIÓN DEL SECTOR COMERCIAL Y SERVICIOS DE ALMUSSAFES;AYUNTAMIENTO DE ALMUSSAFES;924503;—;Subvención;07/10/2026;35;https://wp.me/panQjS-iZZ
Concesiones;BASES REGULADORAS Y CONVOCATORIA DEL PROGRAMA “BO COMERÇ D’ALMUSSAFES 2026” PARA LA RECUPERACIÓN DEL SECTOR COMERCIAL Y SERVICIOS DE ALMUSSAFES;AYUNTAMIENTO DE ALMUSSAFES;924503;—;Subvención;07/10/2026;35;https://wp.me/panQjS-iZZ
Concesiones;BASES REGULADORAS Y CONVOCATORIA DEL PROGRAMA “BO COMERÇ D’ALMUSSAFES 2026” PARA LA RECUPERACIÓN DEL SECTOR COMERCIAL Y SERVICIOS DE ALMUSSAFES;AYUNTAMIENTO DE ALMUSSAFES;924503;—;Subvención;07/10/2026;35;https://wp.me/panQjS-iZZ
Concesiones;BASES REGULADORAS Y CONVOCATORIA DEL PROGRAMA “BO COMERÇ D’ALMUSSAFES 2026” PARA LA RECUPERACIÓN DEL SECTOR COMERCIAL Y SERVICIOS DE ALMUSSAFES;AYUNTAMIENTO DE ALMUSSAFES;924503;—;Subvención;07/10/2026;35;https://wp.me/panQjS-iZZ
Concesiones;BASES REGULADORAS Y CONVOCATORIA DEL PROGRAMA “BO COMERÇ D’ALMUSSAFES 2026” PARA LA RECUPERACIÓN DEL SECTOR COMERCIAL Y SERVICIOS DE ALMUSSAFES;AYUNTAMIENTO DE ALMUSSAFES;924503;—;Subvención;07/10/2026;35;https://wp.me/panQjS-iZZ
Concesiones;BASES REGULADORAS Y CONVOCATORIA DEL PROGRAMA “BO COMERÇ D’ALMUSSAFES 2026” PARA LA RECUPERACIÓN DEL SECTOR COMERCIAL Y SERVICIOS DE ALMUSSAFES;AYUNTAMIENTO DE ALMUSSAFES;924503;—;Subvención;07/10/2026;35;https://wp.me/panQjS-iZZ
Concesiones;BASES REGULADORAS Y CONVOCATORIA DEL PROGRAMA “BO COMERÇ D’ALMUSSAFES 2026” PARA LA RECUPERACIÓN DEL SECTOR COMERCIAL Y SERVICIOS DE ALMUSSAFES;AYUNTAMIENTO DE ALMUSSAFES;924503;—;Subvención;07/10/2026;35;https://wp.me/panQjS-iZZ
Concesiones;BASES REGULADORAS Y CONVOCATORIA DEL PROGRAMA “BO COMERÇ D’ALMUSSAFES 2026” PARA LA RECUPERACIÓN DEL SECTOR COMERCIAL Y SERVICIOS DE ALMUSSAFES;AYUNTAMIENTO DE ALMUSSAFES;924503;—;Subvención;07/10/2026;35;https://wp.me/panQjS-iZZ
Concesiones;BASES REGULADORAS Y CONVOCATORIA DEL PROGRAMA “BO COMERÇ D’ALMUSSAFES 2026” PARA LA RECUPERACIÓN DEL SECTOR COMERCIAL Y SERVICIOS DE ALMUSSAFES;AYUNTAMIENTO DE ALMUSSAFES;924503;—;Subvención;07/10/2026;35;https://wp.me/panQjS-iZZ
Concesiones;BASES REGULADORAS Y CONVOCATORIA DEL PROGRAMA “BO COMERÇ D’ALMUSSAFES 2026” PARA LA RECUPERACIÓN DEL SECTOR COMERCIAL Y SERVICIOS DE ALMUSSAFES;AYUNTAMIENTO DE ALMUSSAFES;924503;—;Subvención;07/10/2026;35;https://wp.me/panQjS-iZZ
Concesiones;BASES REGULADORAS Y CONVOCATORIA DEL PROGRAMA “BO COMERÇ D’ALMUSSAFES 2026” PARA LA RECUPERACIÓN DEL SECTOR COMERCIAL Y SERVICIOS DE ALMUSSAFES;AYUNTAMIENTO DE ALMUSSAFES;924503;—;Subvención;07/10/2026;35;https://wp.me/panQjS-iZZ
Concesiones;BASES REGULADORAS Y CONVOCATORIA DEL PROGRAMA “BO COMERÇ D’ALMUSSAFES 2026” PARA LA RECUPERACIÓN DEL SECTOR COMERCIAL Y SERVICIOS DE ALMUSSAFES;AYUNTAMIENTO DE ALMUSSAFES;924503;—;Subvención;07/10/2026;35;https://wp.me/panQjS-iZZ
Concesiones;BASES REGULADORAS Y CONVOCATORIA DEL PROGRAMA “BO COMERÇ D’ALMUSSAFES 2026” PARA LA RECUPERACIÓN DEL SECTOR COMERCIAL Y SERVICIOS DE ALMUSSAFES;AYUNTAMIENTO DE ALMUSSAFES;924503;—;Subvención;07/10/2026;35;https://wp.me/panQjS-iZZ
Concesiones;BASES REGULADORAS Y CONVOCATORIA DEL PROGRAMA “BO COMERÇ D’ALMUSSAFES 2026” PARA LA RECUPERACIÓN DEL SECTOR COMERCIAL Y SERVICIOS DE ALMUSSAFES;AYUNTAMIENTO DE ALMUSSAFES;924503;—;Subvención;07/10/2026;35;https://wp.me/panQjS-iZZ
Concesiones;BASES REGULADORAS Y CONVOCATORIA DEL PROGRAMA “BO COMERÇ D’ALMUSSAFES 2026” PARA LA RECUPERACIÓN DEL SECTOR COMERCIAL Y SERVICIOS DE ALMUSSAFES;AYUNTAMIENTO DE ALMUSSAFES;924503;—;Subvención;07/10/2026;35;https://wp.me/panQjS-iZZ
Concesiones;BASES REGULADORAS Y CONVOCATORIA DEL PROGRAMA “BO COMERÇ D’ALMUSSAFES 2026” PARA LA RECUPERACIÓN DEL SECTOR COMERCIAL Y SERVICIOS DE ALMUSSAFES;AYUNTAMIENTO DE ALMUSSAFES;924503;—;Subvención;07/10/2026;35;https://wp.me/panQjS-iZZ
Concesiones;BASES REGULADORAS Y CONVOCATORIA DEL PROGRAMA “BO COMERÇ D’ALMUSSAFES 2026” PARA LA RECUPERACIÓN DEL SECTOR COMERCIAL Y SERVICIOS DE ALMUSSAFES;AYUNTAMIENTO DE ALMUSSAFES;924503;—;Subvención;07/10/2026;35;https://wp.me/panQjS-iZZ
Concesiones;BASES REGULADORAS Y CONVOCATORIA DEL PROGRAMA “BO COMERÇ D’ALMUSSAFES 2026” PARA LA RECUPERACIÓN DEL SECTOR COMERCIAL Y SERVICIOS DE ALMUSSAFES;AYUNTAMIENTO DE ALMUSSAFES;924503;—;Subvención;07/10/2026;35;https://wp.me/panQjS-iZZ
Concesiones;BASES REGULADORAS Y CONVOCATORIA DEL PROGRAMA “BO COMERÇ D’ALMUSSAFES 2026” PARA LA RECUPERACIÓN DEL SECTOR COMERCIAL Y SERVICIOS DE ALMUSSAFES;AYUNTAMIENTO DE ALMUSSAFES;924503;—;Subvención;07/10/2026;35;https://wp.me/panQjS-iZZ
Concesiones;BASES REGULADORAS Y CONVOCATORIA DEL PROGRAMA “BO COMERÇ D’ALMUSSAFES 2026” PARA LA RECUPERACIÓN DEL SECTOR COMERCIAL Y SERVICIOS DE ALMUSSAFES;AYUNTAMIENTO DE ALMUSSAFES;924503;—;Subvención;07/10/2026;35;https://wp.me/panQjS-iZZ
Concesiones;BASES REGULADORAS Y CONVOCATORIA DEL PROGRAMA “BO COMERÇ D’ALMUSSAFES 2026” PARA LA RECUPERACIÓN DEL SECTOR COMERCIAL Y SERVICIOS DE ALMUSSAFES;AYUNTAMIENTO DE ALMUSSAFES;924503;—;Subvención;07/10/2026;35;https://wp.me/panQjS-iZZ
Concesiones;BASES REGULADORAS Y CONVOCATORIA DEL PROGRAMA “BO COMERÇ D’ALMUSSAFES 2026” PARA LA RECUPERACIÓN DEL SECTOR COMERCIAL Y SERVICIOS DE ALMUSSAFES;AYUNTAMIENTO DE ALMUSSAFES;924503;—;Subvención;07/10/2026;35;https://wp.me/panQjS-iZZ
Concesiones;BASES REGULADORAS Y CONVOCATORIA DEL PROGRAMA “BO COMERÇ D’ALMUSSAFES 2026” PARA LA RECUPERACIÓN DEL SECTOR COMERCIAL Y SERVICIOS DE ALMUSSAFES;AYUNTAMIENTO DE ALMUSSAFES;924503;—;Subvención;07/10/2026;35;https://wp.me/panQjS-iZZ
Concesiones;BASES REGULADORAS Y CONVOCATORIA DEL PROGRAMA “BO COMERÇ D’ALMUSSAFES 2026” PARA LA RECUPERACIÓN DEL SECTOR COMERCIAL Y SERVICIOS DE ALMUSSAFES;AYUNTAMIENTO DE ALMUSSAFES;924503;—;Subvención;07/10/2026;35;https://wp.me/panQjS-iZZ
Concesiones;BASES REGULADORAS Y CONVOCATORIA DEL PROGRAMA “BO COMERÇ D’ALMUSSAFES 2026” PARA LA RECUPERACIÓN DEL SECTOR COMERCIAL Y SERVICIOS DE ALMUSSAFES;AYUNTAMIENTO DE ALMUSSAFES;924503;—;Subvención;07/10/2026;35;https://wp.me/panQjS-iZZ
Concesiones;BASES REGULADORAS Y CONVOCATORIA DEL PROGRAMA “BO COMERÇ D’ALMUSSAFES 2026” PARA LA RECUPERACIÓN DEL SECTOR COMERCIAL Y SERVICIOS DE ALMUSSAFES;AYUNTAMIENTO DE ALMUSSAFES;924503;—;Subvención;07/10/2026;35;https://wp.me/panQjS-iZZ
Concesiones;BASES REGULADORAS Y CONVOCATORIA DEL PROGRAMA “BO COMERÇ D’ALMUSSAFES 2026” PARA LA RECUPERACIÓN DEL SECTOR COMERCIAL Y SERVICIOS DE ALMUSSAFES;AYUNTAMIENTO DE ALMUSSAFES;924503;—;Subvención;07/10/2026;35;https://wp.me/panQjS-iZZ
Concesiones;BASES REGULADORAS Y CONVOCATORIA DEL PROGRAMA “BO COMERÇ D’ALMUSSAFES 2026” PARA LA RECUPERACIÓN DEL SECTOR COMERCIAL Y SERVICIOS DE ALMUSSAFES;AYUNTAMIENTO DE ALMUSSAFES;924503;—;Subvención;07/10/2026;35;https://wp.me/panQjS-iZZ
Concesiones;BASES REGULADORAS Y CONVOCATORIA DEL PROGRAMA “BO COMERÇ D’ALMUSSAFES 2026” PARA LA RECUPERACIÓN DEL SECTOR COMERCIAL Y SERVICIOS DE ALMUSSAFES;AYUNTAMIENTO DE ALMUSSAFES;924503;—;Subvención;07/10/2026;35;https://wp.me/panQjS-iZZ
Concesiones;BASES REGULADORAS Y CONVOCATORIA DEL PROGRAMA “BO COMERÇ D’ALMUSSAFES 2026” PARA LA RECUPERACIÓN DEL SECTOR COMERCIAL Y SERVICIOS DE ALMUSSAFES;AYUNTAMIENTO DE ALMUSSAFES;924503;—;Subvención;07/10/2026;35;https://wp.me/panQjS-iZZ
Concesiones;BASES REGULADORAS Y CONVOCATORIA DEL PROGRAMA “BO COMERÇ D’ALMUSSAFES 2026” PARA LA RECUPERACIÓN DEL SECTOR COMERCIAL Y SERVICIOS DE ALMUSSAFES;AYUNTAMIENTO DE ALMUSSAFES;924503;—;Subvención;07/10/2026;35;https://wp.me/panQjS-iZZ
Concesiones;BASES REGULADORAS Y CONVOCATORIA DEL PROGRAMA “BO COMERÇ D’ALMUSSAFES 2026” PARA LA RECUPERACIÓN DEL SECTOR COMERCIAL Y SERVICIOS DE ALMUSSAFES;AYUNTAMIENTO DE ALMUSSAFES;924503;—;Subvención;07/10/2026;35;https://wp.me/panQjS-iZZ
Concesiones;BASES REGULADORAS Y CONVOCATORIA DEL PROGRAMA “BO COMERÇ D’ALMUSSAFES 2026” PARA LA RECUPERACIÓN DEL SECTOR COMERCIAL Y SERVICIOS DE ALMUSSAFES;AYUNTAMIENTO DE ALMUSSAFES;924503;—;Subvención;07/10/2026;35;https://wp.me/panQjS-iZZ
Concesiones;BASES REGULADORAS Y CONVOCATORIA DEL PROGRAMA “BO COMERÇ D’ALMUSSAFES 2026” PARA LA RECUPERACIÓN DEL SECTOR COMERCIAL Y SERVICIOS DE ALMUSSAFES;AYUNTAMIENTO DE ALMUSSAFES;924503;—;Subvención;07/10/2026;35;https://wp.me/panQjS-iZZ
Concesiones;BASES REGULADORAS Y CONVOCATORIA DEL PROGRAMA “BO COMERÇ D’ALMUSSAFES 2026” PARA LA RECUPERACIÓN DEL SECTOR COMERCIAL Y SERVICIOS DE ALMUSSAFES;AYUNTAMIENTO DE ALMUSSAFES;924503;—;Subvención;07/10/2026;35;https://wp.me/panQjS-iZZ
Concesiones;BASES REGULADORAS Y CONVOCATORIA DEL PROGRAMA “BO COMERÇ D’ALMUSSAFES 2026” PARA LA RECUPERACIÓN DEL SECTOR COMERCIAL Y SERVICIOS DE ALMUSSAFES;AYUNTAMIENTO DE ALMUSSAFES;924503;—;Subvención;07/10/2026;35;https://wp.me/panQjS-iZZ
Concesiones;BASES REGULADORAS Y CONVOCATORIA DEL PROGRAMA “BO COMERÇ D’ALMUSSAFES 2026” PARA LA RECUPERACIÓN DEL SECTOR COMERCIAL Y SERVICIOS DE ALMUSSAFES;AYUNTAMIENTO DE ALMUSSAFES;924503;—;Subvención;07/10/2026;35;https://wp.me/panQjS-iZZ
Concesiones;BASES REGULADORAS Y CONVOCATORIA DEL PROGRAMA “BO COMERÇ D’ALMUSSAFES 2026” PARA LA RECUPERACIÓN DEL SECTOR COMERCIAL Y SERVICIOS DE ALMUSSAFES;AYUNTAMIENTO DE ALMUSSAFES;924503;—;Subvención;07/10/2026;35;https://wp.me/panQjS-iZZ
Concesiones;BASES REGULADORAS Y CONVOCATORIA DEL PROGRAMA “BO COMERÇ D’ALMUSSAFES 2026” PARA LA RECUPERACIÓN DEL SECTOR COMERCIAL Y SERVICIOS DE ALMUSSAFES;AYUNTAMIENTO DE ALMUSSAFES;924503;—;Subvención;07/10/2026;35;https://wp.me/panQjS-iZZ
Concesiones;BASES REGULADORAS Y CONVOCATORIA DEL PROGRAMA “BO COMERÇ D’ALMUSSAFES 2026” PARA LA RECUPERACIÓN DEL SECTOR COMERCIAL Y SERVICIOS DE ALMUSSAFES;AYUNTAMIENTO DE ALMUSSAFES;924503;—;Subvención;07/10/2026;35;https://wp.me/panQjS-iZZ
Concesiones;BASES REGULADORAS Y CONVOCATORIA DEL PROGRAMA “BO COMERÇ D’ALMUSSAFES 2026” PARA LA RECUPERACIÓN DEL SECTOR COMERCIAL Y SERVICIOS DE ALMUSSAFES;AYUNTAMIENTO DE ALMUSSAFES;924503;—;Subvención;07/10/2026;35;https://wp.me/panQjS-iZZ
Concesiones;BASES REGULADORAS Y CONVOCATORIA DEL PROGRAMA “BO COMERÇ D’ALMUSSAFES 2026” PARA LA RECUPERACIÓN DEL SECTOR COMERCIAL Y SERVICIOS DE ALMUSSAFES;AYUNTAMIENTO DE ALMUSSAFES;924503;—;Subvención;07/10/2026;35;https://wp.me/panQjS-iZZ
Concesiones;BASES REGULADORAS Y CONVOCATORIA DEL PROGRAMA “BO COMERÇ D’ALMUSSAFES 2026” PARA LA RECUPERACIÓN DEL SECTOR COMERCIAL Y SERVICIOS DE ALMUSSAFES;AYUNTAMIENTO DE ALMUSSAFES;924503;—;Subvención;07/10/2026;35;https://wp.me/panQjS-iZZ
Concesiones;BASES REGULADORAS Y CONVOCATORIA DEL PROGRAMA “BO COMERÇ D’ALMUSSAFES 2026” PARA LA RECUPERACIÓN DEL SECTOR COMERCIAL Y SERVICIOS DE ALMUSSAFES;AYUNTAMIENTO DE ALMUSSAFES;924503;—;Subvención;07/10/2026;35;https://wp.me/panQjS-iZZ
Concesiones;BASES REGULADORAS Y CONVOCATORIA DEL PROGRAMA “BO COMERÇ D’ALMUSSAFES 2026” PARA LA RECUPERACIÓN DEL SECTOR COMERCIAL Y SERVICIOS DE ALMUSSAFES;AYUNTAMIENTO DE ALMUSSAFES;924503;—;Subvención;07/10/2026;35;https://wp.me/panQjS-iZZ
Concesiones;BASES REGULADORAS Y CONVOCATORIA DEL PROGRAMA “BO COMERÇ D’ALMUSSAFES 2026” PARA LA RECUPERACIÓN DEL SECTOR COMERCIAL Y SERVICIOS DE ALMUSSAFES;AYUNTAMIENTO DE ALMUSSAFES;924503;—;Subvención;07/10/2026;35;https://wp.me/panQjS-iZZ
Concesiones;BASES REGULADORAS Y CONVOCATORIA DEL PROGRAMA “BO COMERÇ D’ALMUSSAFES 2026” PARA LA RECUPERACIÓN DEL SECTOR COMERCIAL Y SERVICIOS DE ALMUSSAFES;AYUNTAMIENTO DE ALMUSSAFES;924503;—;Subvención;07/10/2026;35;https://wp.me/panQjS-iZZ
Concesiones;BASES REGULADORAS Y CONVOCATORIA DEL PROGRAMA “BO COMERÇ D’ALMUSSAFES 2026” PARA LA RECUPERACIÓN DEL SECTOR COMERCIAL Y SERVICIOS DE ALMUSSAFES;AYUNTAMIENTO DE ALMUSSAFES;924503;—;Subvención;07/10/2026;35;https://wp.me/panQjS-iZZ
Concesiones;BASES REGULADORAS Y CONVOCATORIA DEL PROGRAMA “BO COMERÇ D’ALMUSSAFES 2026” PARA LA RECUPERACIÓN DEL SECTOR COMERCIAL Y SERVICIOS DE ALMUSSAFES;AYUNTAMIENTO DE ALMUSSAFES;924503;—;Subvención;07/10/2026;35;https://wp.me/panQjS-iZZ
Concesiones;BASES REGULADORAS Y CONVOCATORIA DEL PROGRAMA “BO COMERÇ D’ALMUSSAFES 2026” PARA LA RECUPERACIÓN DEL SECTOR COMERCIAL Y SERVICIOS DE ALMUSSAFES;AYUNTAMIENTO DE ALMUSSAFES;924503;—;Subvención;07/10/2026;35;https://wp.me/panQjS-iZZ
Concesiones;BASES REGULADORAS Y CONVOCATORIA DEL PROGRAMA “BO COMERÇ D’ALMUSSAFES 2026” PARA LA RECUPERACIÓN DEL SECTOR COMERCIAL Y SERVICIOS DE ALMUSSAFES;AYUNTAMIENTO DE ALMUSSAFES;924503;—;Subvención;07/10/2026;35;https://wp.me/panQjS-iZZ
Concesiones;BASES REGULADORAS Y CONVOCATORIA DEL PROGRAMA “BO COMERÇ D’ALMUSSAFES 2026” PARA LA RECUPERACIÓN DEL SECTOR COMERCIAL Y SERVICIOS DE ALMUSSAFES;AYUNTAMIENTO DE ALMUSSAFES;924503;—;Subvención;07/10/2026;35;https://wp.me/panQjS-iZZ
Concesiones;BASES REGULADORAS Y CONVOCATORIA DEL PROGRAMA “BO COMERÇ D’ALMUSSAFES 2026” PARA LA RECUPERACIÓN DEL SECTOR COMERCIAL Y SERVICIOS DE ALMUSSAFES;AYUNTAMIENTO DE ALMUSSAFES;924503;—;Subvención;07/10/2026;35;https://wp.me/panQjS-iZZ
Concesiones;BASES REGULADORAS Y CONVOCATORIA DEL PROGRAMA “BO COMERÇ D’ALMUSSAFES 2026” PARA LA RECUPERACIÓN DEL SECTOR COMERCIAL Y SERVICIOS DE ALMUSSAFES;AYUNTAMIENTO DE ALMUSSAFES;924503;—;Subvención;07/10/2026;35;https://wp.me/panQjS-iZZ
Concesiones;BASES REGULADORAS Y CONVOCATORIA DEL PROGRAMA “BO COMERÇ D’ALMUSSAFES 2026” PARA LA RECUPERACIÓN DEL SECTOR COMERCIAL Y SERVICIOS DE ALMUSSAFES;AYUNTAMIENTO DE ALMUSSAFES;924503;—;Subvención;07/10/2026;35;https://wp.me/panQjS-iZZ
Concesiones;BASES REGULADORAS Y CONVOCATORIA DEL PROGRAMA “BO COMERÇ D’ALMUSSAFES 2026” PARA LA RECUPERACIÓN DEL SECTOR COMERCIAL Y SERVICIOS DE ALMUSSAFES;AYUNTAMIENTO DE ALMUSSAFES;924503;—;Subvención;07/10/2026;35;https://wp.me/panQjS-iZZ
Concesiones;BASES REGULADORAS Y CONVOCATORIA DEL PROGRAMA “BO COMERÇ D’ALMUSSAFES 2026” PARA LA RECUPERACIÓN DEL SECTOR COMERCIAL Y SERVICIOS DE ALMUSSAFES;AYUNTAMIENTO DE ALMUSSAFES;924503;—;Subvención;07/10/2026;35;https://wp.me/panQjS-iZZ
Concesiones;BASES REGULADORAS Y CONVOCATORIA DEL PROGRAMA “BO COMERÇ D’ALMUSSAFES 2026” PARA LA RECUPERACIÓN DEL SECTOR COMERCIAL Y SERVICIOS DE ALMUSSAFES;AYUNTAMIENTO DE ALMUSSAFES;924503;—;Subvención;07/10/2026;35;https://wp.me/panQjS-iZZ
Concesiones;BASES REGULADORAS Y CONVOCATORIA DEL PROGRAMA “BO COMERÇ D’ALMUSSAFES 2026” PARA LA RECUPERACIÓN DEL SECTOR COMERCIAL Y SERVICIOS DE ALMUSSAFES;AYUNTAMIENTO DE ALMUSSAFES;924503;—;Subvención;07/10/2026;35;https://wp.me/panQjS-iZZ
Concesiones;BASES REGULADORAS Y CONVOCATORIA DEL PROGRAMA “BO COMERÇ D’ALMUSSAFES 2026” PARA LA RECUPERACIÓN DEL SECTOR COMERCIAL Y SERVICIOS DE ALMUSSAFES;AYUNTAMIENTO DE ALMUSSAFES;924503;—;Subvención;07/10/2026;35;https://wp.me/panQjS-iZZ
Concesiones;BASES REGULADORAS Y CONVOCATORIA DEL PROGRAMA “BO COMERÇ D’ALMUSSAFES 2026” PARA LA RECUPERACIÓN DEL SECTOR COMERCIAL Y SERVICIOS DE ALMUSSAFES;AYUNTAMIENTO DE ALMUSSAFES;924503;—;Subvención;07/10/2026;35;https://wp.me/panQjS-iZZ
Concesiones;BASES REGULADORAS Y CONVOCATORIA DEL PROGRAMA “BO COMERÇ D’ALMUSSAFES 2026” PARA LA RECUPERACIÓN DEL SECTOR COMERCIAL Y SERVICIOS DE ALMUSSAFES;AYUNTAMIENTO DE ALMUSSAFES;924503;—;Subvención;07/10/2026;35;https://wp.me/panQjS-iZZ
Concesiones;BASES REGULADORAS Y CONVOCATORIA DEL PROGRAMA “BO COMERÇ D’ALMUSSAFES 2026” PARA LA RECUPERACIÓN DEL SECTOR COMERCIAL Y SERVICIOS DE ALMUSSAFES;AYUNTAMIENTO DE ALMUSSAFES;924503;—;Subvención;07/10/2026;35;https://wp.me/panQjS-iZZ
Concesiones;BASES REGULADORAS Y CONVOCATORIA DEL PROGRAMA “BO COMERÇ D’ALMUSSAFES 2026” PARA LA RECUPERACIÓN DEL SECTOR COMERCIAL Y SERVICIOS DE ALMUSSAFES;AYUNTAMIENTO DE ALMUSSAFES;924503;—;Subvención;07/10/2026;35;https://wp.me/panQjS-iZZ
Concesiones;BASES REGULADORAS Y CONVOCATORIA DEL PROGRAMA “BO COMERÇ D’ALMUSSAFES 2026” PARA LA RECUPERACIÓN DEL SECTOR COMERCIAL Y SERVICIOS DE ALMUSSAFES;AYUNTAMIENTO DE ALMUSSAFES;924503;—;Subvención;07/10/2026;35;https://wp.me/panQjS-iZZ
Concesiones;BASES REGULADORAS Y CONVOCATORIA DEL PROGRAMA “BO COMERÇ D’ALMUSSAFES 2026” PARA LA RECUPERACIÓN DEL SECTOR COMERCIAL Y SERVICIOS DE ALMUSSAFES;AYUNTAMIENTO DE ALMUSSAFES;924503;—;Subvención;07/10/2026;35;https://wp.me/panQjS-iZZ
Concesiones;BASES REGULADORAS Y CONVOCATORIA DEL PROGRAMA “BO COMERÇ D’ALMUSSAFES 2026” PARA LA RECUPERACIÓN DEL SECTOR COMERCIAL Y SERVICIOS DE ALMUSSAFES;AYUNTAMIENTO DE ALMUSSAFES;924503;—;Subvención;07/10/2026;35;https://wp.me/panQjS-iZZ
Concesiones;BASES REGULADORAS Y CONVOCATORIA DEL PROGRAMA “BO COMERÇ D’ALMUSSAFES 2026” PARA LA RECUPERACIÓN DEL SECTOR COMERCIAL Y SERVICIOS DE ALMUSSAFES;AYUNTAMIENTO DE ALMUSSAFES;924503;—;Subvención;07/10/2026;35;https://wp.me/panQjS-iZZ
Concesiones;BASES REGULADORAS Y CONVOCATORIA DEL PROGRAMA “BO COMERÇ D’ALMUSSAFES 2026” PARA LA RECUPERACIÓN DEL SECTOR COMERCIAL Y SERVICIOS DE ALMUSSAFES;AYUNTAMIENTO DE ALMUSSAFES;924503;—;Subvención;07/10/2026;35;https://wp.me/panQjS-iZZ
Concesiones;BASES REGULADORAS Y CONVOCATORIA DEL PROGRAMA “BO COMERÇ D’ALMUSSAFES 2026” PARA LA RECUPERACIÓN DEL SECTOR COMERCIAL Y SERVICIOS DE ALMUSSAFES;AYUNTAMIENTO DE ALMUSSAFES;924503;—;Subvención;07/10/2026;35;https://wp.me/panQjS-iZZ
Concesiones;BASES REGULADORAS Y CONVOCATORIA DEL PROGRAMA “BO COMERÇ D’ALMUSSAFES 2026” PARA LA RECUPERACIÓN DEL SECTOR COMERCIAL Y SERVICIOS DE ALMUSSAFES;AYUNTAMIENTO DE ALMUSSAFES;924503;—;Subvención;07/10/2026;35;https://wp.me/panQjS-iZZ
Concesiones;BASES REGULADORAS Y CONVOCATORIA DEL PROGRAMA “BO COMERÇ D’ALMUSSAFES 2026” PARA LA RECUPERACIÓN DEL SECTOR COMERCIAL Y SERVICIOS DE ALMUSSAFES;AYUNTAMIENTO DE ALMUSSAFES;924503;—;Subvención;07/10/2026;35;https://wp.me/panQjS-iZZ
Concesiones;BASES REGULADORAS Y CONVOCATORIA DEL PROGRAMA “BO COMERÇ D’ALMUSSAFES 2026” PARA LA RECUPERACIÓN DEL SECTOR COMERCIAL Y SERVICIOS DE ALMUSSAFES;AYUNTAMIENTO DE ALMUSSAFES;924503;—;Subvención;07/10/2026;35;https://wp.me/panQjS-iZZ
Concesiones;BASES REGULADORAS Y CONVOCATORIA DEL PROGRAMA “BO COMERÇ D’ALMUSSAFES 2026” PARA LA RECUPERACIÓN DEL SECTOR COMERCIAL Y SERVICIOS DE ALMUSSAFES;AYUNTAMIENTO DE ALMUSSAFES;924503;—;Subvención;07/10/2026;35;https://wp.me/panQjS-iZZ
Concesiones;BASES REGULADORAS Y CONVOCATORIA DEL PROGRAMA “BO COMERÇ D’ALMUSSAFES 2026” PARA LA RECUPERACIÓN DEL SECTOR COMERCIAL Y SERVICIOS DE ALMUSSAFES;AYUNTAMIENTO DE ALMUSSAFES;924503;—;Subvención;07/10/2026;35;https://wp.me/panQjS-iZZ
Concesiones;BASES REGULADORAS Y CONVOCATORIA DEL PROGRAMA “BO COMERÇ D’ALMUSSAFES 2026” PARA LA RECUPERACIÓN DEL SECTOR COMERCIAL Y SERVICIOS DE ALMUSSAFES;AYUNTAMIENTO DE ALMUSSAFES;924503;—;Subvención;07/10/2026;35;https://wp.me/panQjS-iZZ
Concesiones;BASES REGULADORAS Y CONVOCATORIA DEL PROGRAMA “BO COMERÇ D’ALMUSSAFES 2026” PARA LA RECUPERACIÓN DEL SECTOR COMERCIAL Y SERVICIOS DE ALMUSSAFES;AYUNTAMIENTO DE ALMUSSAFES;924503;—;Subvención;07/10/2026;35;https://wp.me/panQjS-iZZ
Concesiones;BASES REGULADORAS Y CONVOCATORIA DEL PROGRAMA “BO COMERÇ D’ALMUSSAFES 2026” PARA LA RECUPERACIÓN DEL SECTOR COMERCIAL Y SERVICIOS DE ALMUSSAFES;AYUNTAMIENTO DE ALMUSSAFES;924503;—;Subvención;07/10/2026;35;https://wp.me/panQjS-iZZ
Concesiones;BASES REGULADORAS Y CONVOCATORIA DEL PROGRAMA “BO COMERÇ D’ALMUSSAFES 2026” PARA LA RECUPERACIÓN DEL SECTOR COMERCIAL Y SERVICIOS DE ALMUSSAFES;AYUNTAMIENTO DE ALMUSSAFES;924503;—;Subvención;07/10/2026;35;https://wp.me/panQjS-iZZ
Concesiones;BASES REGULADORAS Y CONVOCATORIA DEL PROGRAMA “BO COMERÇ D’ALMUSSAFES 2026” PARA LA RECUPERACIÓN DEL SECTOR COMERCIAL Y SERVICIOS DE ALMUSSAFES;AYUNTAMIENTO DE ALMUSSAFES;924503;—;Subvención;07/10/2026;35;https://wp.me/panQjS-iZZ
Concesiones;BASES REGULADORAS Y CONVOCATORIA DEL PROGRAMA “BO COMERÇ D’ALMUSSAFES 2026” PARA LA RECUPERACIÓN DEL SECTOR COMERCIAL Y SERVICIOS DE ALMUSSAFES;AYUNTAMIENTO DE ALMUSSAFES;924503;—;Subvención;07/10/2026;35;https://wp.me/panQjS-iZZ
Concesiones;BASES REGULADORAS Y CONVOCATORIA DEL PROGRAMA “BO COMERÇ D’ALMUSSAFES 2026” PARA LA RECUPERACIÓN DEL SECTOR COMERCIAL Y SERVICIOS DE ALMUSSAFES;AYUNTAMIENTO DE ALMUSSAFES;924503;—;Subvención;07/10/2026;35;https://wp.me/panQjS-iZZ
Concesiones;BASES REGULADORAS Y CONVOCATORIA DEL PROGRAMA “BO COMERÇ D’ALMUSSAFES 2026” PARA LA RECUPERACIÓN DEL SECTOR COMERCIAL Y SERVICIOS DE ALMUSSAFES;AYUNTAMIENTO DE ALMUSSAFES;924503;—;Subvención;07/10/2026;35;https://wp.me/panQjS-iZZ
Concesiones;BASES REGULADORAS Y CONVOCATORIA DEL PROGRAMA “BO COMERÇ D’ALMUSSAFES 2026” PARA LA RECUPERACIÓN DEL SECTOR COMERCIAL Y SERVICIOS DE ALMUSSAFES;AYUNTAMIENTO DE ALMUSSAFES;924503;—;Subvención;07/10/2026;35;https://wp.me/panQjS-iZZ
Concesiones;BASES REGULADORAS Y CONVOCATORIA DEL PROGRAMA “BO COMERÇ D’ALMUSSAFES 2026” PARA LA RECUPERACIÓN DEL SECTOR COMERCIAL Y SERVICIOS DE ALMUSSAFES;AYUNTAMIENTO DE ALMUSSAFES;924503;—;Subvención;07/10/2026;35;https://wp.me/panQjS-iZZ
Concesiones;BASES REGULADORAS Y CONVOCATORIA DEL PROGRAMA “BO COMERÇ D’ALMUSSAFES 2026” PARA LA RECUPERACIÓN DEL SECTOR COMERCIAL Y SERVICIOS DE ALMUSSAFES;AYUNTAMIENTO DE ALMUSSAFES;924503;—;Subvención;07/10/2026;35;https://wp.me/panQjS-iZZ
Concesiones;BASES REGULADORAS Y CONVOCATORIA DEL PROGRAMA “BO COMERÇ D’ALMUSSAFES 2026” PARA LA RECUPERACIÓN DEL SECTOR COMERCIAL Y SERVICIOS DE ALMUSSAFES;AYUNTAMIENTO DE ALMUSSAFES;924503;—;Subvención;07/10/2026;35;https://wp.me/panQjS-iZZ
Concesiones;BASES REGULADORAS Y CONVOCATORIA DEL PROGRAMA “BO COMERÇ D’ALMUSSAFES 2026” PARA LA RECUPERACIÓN DEL SECTOR COMERCIAL Y SERVICIOS DE ALMUSSAFES;AYUNTAMIENTO DE ALMUSSAFES;924503;—;Subvención;07/10/2026;35;https://wp.me/panQjS-iZZ
Concesiones;BASES REGULADORAS Y CONVOCATORIA DEL PROGRAMA “BO COMERÇ D’ALMUSSAFES 2026” PARA LA RECUPERACIÓN DEL SECTOR COMERCIAL Y SERVICIOS DE ALMUSSAFES;AYUNTAMIENTO DE ALMUSSAFES;924503;—;Subvención;07/10/2026;35;https://wp.me/panQjS-iZZ
Concesiones;BASES REGULADORAS Y CONVOCATORIA DEL PROGRAMA “BO COMERÇ D’ALMUSSAFES 2026” PARA LA RECUPERACIÓN DEL SECTOR COMERCIAL Y SERVICIOS DE ALMUSSAFES;AYUNTAMIENTO DE ALMUSSAFES;924503;—;Subvención;07/10/2026;35;https://wp.me/panQjS-iZZ
Concesiones;BASES REGULADORAS Y CONVOCATORIA DEL PROGRAMA “BO COMERÇ D’ALMUSSAFES 2026” PARA LA RECUPERACIÓN DEL SECTOR COMERCIAL Y SERVICIOS DE ALMUSSAFES;AYUNTAMIENTO DE ALMUSSAFES;924503;—;Subvención;07/10/2026;35;https://wp.me/panQjS-iZZ
Concesiones;BASES REGULADORAS Y CONVOCATORIA DEL PROGRAMA “BO COMERÇ D’ALMUSSAFES 2026” PARA LA RECUPERACIÓN DEL SECTOR COMERCIAL Y SERVICIOS DE ALMUSSAFES;AYUNTAMIENTO DE ALMUSSAFES;924503;—;Subvención;07/10/2026;35;https://wp.me/panQjS-iZZ
Concesiones;BASES REGULADORAS Y CONVOCATORIA DEL PROGRAMA “BO COMERÇ D’ALMUSSAFES 2026” PARA LA RECUPERACIÓN DEL SECTOR COMERCIAL Y SERVICIOS DE ALMUSSAFES;AYUNTAMIENTO DE ALMUSSAFES;924503;—;Subvención;07/10/2026;35;https://wp.me/panQjS-iZZ
Concesiones;BASES REGULADORAS Y CONVOCATORIA DEL PROGRAMA “BO COMERÇ D’ALMUSSAFES 2026” PARA LA RECUPERACIÓN DEL SECTOR COMERCIAL Y SERVICIOS DE ALMUSSAFES;AYUNTAMIENTO DE ALMUSSAFES;924503;—;Subvención;07/10/2026;35;https://wp.me/panQjS-iZZ
Concesiones;BASES REGULADORAS Y CONVOCATORIA DEL PROGRAMA “BO COMERÇ D’ALMUSSAFES 2026” PARA LA RECUPERACIÓN DEL SECTOR COMERCIAL Y SERVICIOS DE ALMUSSAFES;AYUNTAMIENTO DE ALMUSSAFES;924503;—;Subvención;07/10/2026;35;https://wp.me/panQjS-iZZ
Concesiones;BASES REGULADORAS Y CONVOCATORIA DEL PROGRAMA “BO COMERÇ D’ALMUSSAFES 2026” PARA LA RECUPERACIÓN DEL SECTOR COMERCIAL Y SERVICIOS DE ALMUSSAFES;AYUNTAMIENTO DE ALMUSSAFES;924503;—;Subvención;07/10/2026;35;https://wp.me/panQjS-iZZ
Concesiones;BASES REGULADORAS Y CONVOCATORIA DEL PROGRAMA “BO COMERÇ D’ALMUSSAFES 2026” PARA LA RECUPERACIÓN DEL SECTOR COMERCIAL Y SERVICIOS DE ALMUSSAFES;AYUNTAMIENTO DE ALMUSSAFES;924503;—;Subvención;07/10/2026;35;https://wp.me/panQjS-iZZ
Concesiones;BASES REGULADORAS Y CONVOCATORIA DEL PROGRAMA “BO COMERÇ D’ALMUSSAFES 2026” PARA LA RECUPERACIÓN DEL SECTOR COMERCIAL Y SERVICIOS DE ALMUSSAFES;AYUNTAMIENTO DE ALMUSSAFES;924503;—;Subvención;07/10/2026;35;https://wp.me/panQjS-iZZ
Concesiones;BASES REGULADORAS Y CONVOCATORIA DEL PROGRAMA “BO COMERÇ D’ALMUSSAFES 2026” PARA LA RECUPERACIÓN DEL SECTOR COMERCIAL Y SERVICIOS DE ALMUSSAFES;AYUNTAMIENTO DE ALMUSSAFES;924503;—;Subvención;07/10/2026;35;https://wp.me/panQjS-iZZ
Concesiones;BASES REGULADORAS Y CONVOCATORIA DEL PROGRAMA “BO COMERÇ D’ALMUSSAFES 2026” PARA LA RECUPERACIÓN DEL SECTOR COMERCIAL Y SERVICIOS DE ALMUSSAFES;AYUNTAMIENTO DE ALMUSSAFES;924503;—;Subvención;07/10/2026;35;https://wp.me/panQjS-iZZ
Concesiones;BASES REGULADORAS Y CONVOCATORIA DEL PROGRAMA “BO COMERÇ D’ALMUSSAFES 2026” PARA LA RECUPERACIÓN DEL SECTOR COMERCIAL Y SERVICIOS DE ALMUSSAFES;AYUNTAMIENTO DE ALMUSSAFES;924503;—;Subvención;07/10/2026;35;https://wp.me/panQjS-iZZ
Concesiones;BASES REGULADORAS Y CONVOCATORIA DEL PROGRAMA “BO COMERÇ D’ALMUSSAFES 2026” PARA LA RECUPERACIÓN DEL SECTOR COMERCIAL Y SERVICIOS DE ALMUSSAFES;AYUNTAMIENTO DE ALMUSSAFES;924503;—;Subvención;07/10/2026;35;https://wp.me/panQjS-iZZ
Concesiones;BASES REGULADORAS Y CONVOCATORIA DEL PROGRAMA “BO COMERÇ D’ALMUSSAFES 2026” PARA LA RECUPERACIÓN DEL SECTOR COMERCIAL Y SERVICIOS DE ALMUSSAFES;AYUNTAMIENTO DE ALMUSSAFES;924503;—;Subvención;07/10/2026;35;https://wp.me/panQjS-iZZ
Concesiones;BASES REGULADORAS Y CONVOCATORIA DEL PROGRAMA “BO COMERÇ D’ALMUSSAFES 2026” PARA LA RECUPERACIÓN DEL SECTOR COMERCIAL Y SERVICIOS DE ALMUSSAFES;AYUNTAMIENTO DE ALMUSSAFES;924503;—;Subvención;07/10/2026;35;https://wp.me/panQjS-iZZ
Concesiones;BASES REGULADORAS Y CONVOCATORIA DEL PROGRAMA “BO COMERÇ D’ALMUSSAFES 2026” PARA LA RECUPERACIÓN DEL SECTOR COMERCIAL Y SERVICIOS DE ALMUSSAFES;AYUNTAMIENTO DE ALMUSSAFES;924503;—;Subvención;07/10/2026;35;https://wp.me/panQjS-iZZ
Concesiones;BASES REGULADORAS Y CONVOCATORIA DEL PROGRAMA “BO COMERÇ D’ALMUSSAFES 2026” PARA LA RECUPERACIÓN DEL SECTOR COMERCIAL Y SERVICIOS DE ALMUSSAFES;AYUNTAMIENTO DE ALMUSSAFES;924503;—;Subvención;07/10/2026;35;https://wp.me/panQjS-iZZ
Concesiones;BASES REGULADORAS Y CONVOCATORIA DEL PROGRAMA “BO COMERÇ D’ALMUSSAFES 2026” PARA LA RECUPERACIÓN DEL SECTOR COMERCIAL Y SERVICIOS DE ALMUSSAFES;AYUNTAMIENTO DE ALMUSSAFES;924503;—;Subvención;07/10/2026;35;https://wp.me/panQjS-iZZ
Concesiones;BASES REGULADORAS Y CONVOCATORIA DEL PROGRAMA “BO COMERÇ D’ALMUSSAFES 2026” PARA LA RECUPERACIÓN DEL SECTOR COMERCIAL Y SERVICIOS DE ALMUSSAFES;AYUNTAMIENTO DE ALMUSSAFES;924503;—;Subvención;07/10/2026;35;https://wp.me/panQjS-iZZ
Concesiones;BASES REGULADORAS Y CONVOCATORIA DEL PROGRAMA “BO COMERÇ D’ALMUSSAFES 2026” PARA LA RECUPERACIÓN DEL SECTOR COMERCIAL Y SERVICIOS DE ALMUSSAFES;AYUNTAMIENTO DE ALMUSSAFES;924503;—;Subvención;07/10/2026;35;https://wp.me/panQjS-iZZ
Concesiones;BASES REGULADORAS Y CONVOCATORIA DEL PROGRAMA “BO COMERÇ D’ALMUSSAFES 2026” PARA LA RECUPERACIÓN DEL SECTOR COMERCIAL Y SERVICIOS DE ALMUSSAFES;AYUNTAMIENTO DE ALMUSSAFES;924503;—;Subvención;07/10/2026;35;https://wp.me/panQjS-iZZ
Concesiones;BASES REGULADORAS Y CONVOCATORIA DEL PROGRAMA “BO COMERÇ D’ALMUSSAFES 2026” PARA LA RECUPERACIÓN DEL SECTOR COMERCIAL Y SERVICIOS DE ALMUSSAFES;AYUNTAMIENTO DE ALMUSSAFES;924503;—;Subvención;07/10/2026;35;https://wp.me/panQjS-iZZ
Concesiones;BASES REGULADORAS Y CONVOCATORIA DEL PROGRAMA “BO COMERÇ D’ALMUSSAFES 2026” PARA LA RECUPERACIÓN DEL SECTOR COMERCIAL Y SERVICIOS DE ALMUSSAFES;AYUNTAMIENTO DE ALMUSSAFES;924503;—;Subvención;07/10/2026;35;https://wp.me/panQjS-iZZ
Concesiones;BASES REGULADORAS Y CONVOCATORIA DEL PROGRAMA “BO COMERÇ D’ALMUSSAFES 2026” PARA LA RECUPERACIÓN DEL SECTOR COMERCIAL Y SERVICIOS DE ALMUSSAFES;AYUNTAMIENTO DE ALMUSSAFES;924503;—;Subvención;07/10/2026;35;https://wp.me/panQjS-iZZ
Concesiones;BASES REGULADORAS Y CONVOCATORIA DEL PROGRAMA “BO COMERÇ D’ALMUSSAFES 2026” PARA LA RECUPERACIÓN DEL SECTOR COMERCIAL Y SERVICIOS DE ALMUSSAFES;AYUNTAMIENTO DE ALMUSSAFES;924503;—;Subvención;07/10/2026;35;https://wp.me/panQjS-iZZ
Concesiones;BASES REGULADORAS Y CONVOCATORIA DEL PROGRAMA “BO COMERÇ D’ALMUSSAFES 2026” PARA LA RECUPERACIÓN DEL SECTOR COMERCIAL Y SERVICIOS DE ALMUSSAFES;AYUNTAMIENTO DE ALMUSSAFES;924503;—;Subvención;07/10/2026;35;https://wp.me/panQjS-iZZ
Concesiones;BASES REGULADORAS Y CONVOCATORIA DEL PROGRAMA “BO COMERÇ D’ALMUSSAFES 2026” PARA LA RECUPERACIÓN DEL SECTOR COMERCIAL Y SERVICIOS DE ALMUSSAFES;AYUNTAMIENTO DE ALMUSSAFES;924503;—;Subvención;07/10/2026;35;https://wp.me/panQjS-iZZ
Concesiones;BASES REGULADORAS Y CONVOCATORIA DEL PROGRAMA “BO COMERÇ D’ALMUSSAFES 2026” PARA LA RECUPERACIÓN DEL SECTOR COMERCIAL Y SERVICIOS DE ALMUSSAFES;AYUNTAMIENTO DE ALMUSSAFES;924503;—;Subvención;07/10/2026;35;https://wp.me/panQjS-iZZ
Concesiones;BASES REGULADORAS Y CONVOCATORIA DEL PROGRAMA “BO COMERÇ D’ALMUSSAFES 2026” PARA LA RECUPERACIÓN DEL SECTOR COMERCIAL Y SERVICIOS DE ALMUSSAFES;AYUNTAMIENTO DE ALMUSSAFES;924503;—;Subvención;07/10/2026;35;https://wp.me/panQjS-iZZ
Concesiones;BASES REGULADORAS Y CONVOCATORIA DEL PROGRAMA “BO COMERÇ D’ALMUSSAFES 2026” PARA LA RECUPERACIÓN DEL SECTOR COMERCIAL Y SERVICIOS DE ALMUSSAFES;AYUNTAMIENTO DE ALMUSSAFES;924503;—;Subvención;07/10/2026;35;https://wp.me/panQjS-iZZ
Concesiones;BASES REGULADORAS Y CONVOCATORIA DEL PROGRAMA “BO COMERÇ D’ALMUSSAFES 2026” PARA LA RECUPERACIÓN DEL SECTOR COMERCIAL Y SERVICIOS DE ALMUSSAFES;AYUNTAMIENTO DE ALMUSSAFES;924503;—;Subvención;07/10/2026;35;https://wp.me/panQjS-iZZ
Concesiones;BASES REGULADORAS Y CONVOCATORIA DEL PROGRAMA “BO COMERÇ D’ALMUSSAFES 2026” PARA LA RECUPERACIÓN DEL SECTOR COMERCIAL Y SERVICIOS DE ALMUSSAFES;AYUNTAMIENTO DE ALMUSSAFES;924503;—;Subvención;07/10/2026;35;https://wp.me/panQjS-iZZ
Concesiones;BASES REGULADORAS Y CONVOCATORIA DEL PROGRAMA “BO COMERÇ D’ALMUSSAFES 2026” PARA LA RECUPERACIÓN DEL SECTOR COMERCIAL Y SERVICIOS DE ALMUSSAFES;AYUNTAMIENTO DE ALMUSSAFES;924503;—;Subvención;07/10/2026;35;https://wp.me/panQjS-iZZ
Concesiones;BASES REGULADORAS Y CONVOCATORIA DEL PROGRAMA “BO COMERÇ D’ALMUSSAFES 2026” PARA LA RECUPERACIÓN DEL SECTOR COMERCIAL Y SERVICIOS DE ALMUSSAFES;AYUNTAMIENTO DE ALMUSSAFES;924503;—;Subvención;07/10/2026;35;https://wp.me/panQjS-iZZ
Concesiones;BASES REGULADORAS Y CONVOCATORIA DEL PROGRAMA “BO COMERÇ D’ALMUSSAFES 2026” PARA LA RECUPERACIÓN DEL SECTOR COMERCIAL Y SERVICIOS DE ALMUSSAFES;AYUNTAMIENTO DE ALMUSSAFES;924503;—;Subvención;07/10/2026;35;https://wp.me/panQjS-iZZ
Concesiones;BASES REGULADORAS Y CONVOCATORIA DEL PROGRAMA “BO COMERÇ D’ALMUSSAFES 2026” PARA LA RECUPERACIÓN DEL SECTOR COMERCIAL Y SERVICIOS DE ALMUSSAFES;AYUNTAMIENTO DE ALMUSSAFES;924503;—;Subvención;07/10/2026;35;https://wp.me/panQjS-iZZ
Concesiones;BASES REGULADORAS Y CONVOCATORIA DEL PROGRAMA “BO COMERÇ D’ALMUSSAFES 2026” PARA LA RECUPERACIÓN DEL SECTOR COMERCIAL Y SERVICIOS DE ALMUSSAFES;AYUNTAMIENTO DE ALMUSSAFES;924503;—;Subvención;07/10/2026;35;https://wp.me/panQjS-iZZ
Concesiones;BASES REGULADORAS Y CONVOCATORIA DEL PROGRAMA “BO COMERÇ D’ALMUSSAFES 2026” PARA LA RECUPERACIÓN DEL SECTOR COMERCIAL Y SERVICIOS DE ALMUSSAFES;AYUNTAMIENTO DE ALMUSSAFES;924503;—;Subvención;07/10/2026;35;https://wp.me/panQjS-iZZ
Concesiones;BASES REGULADORAS Y CONVOCATORIA DEL PROGRAMA “BO COMERÇ D’ALMUSSAFES 2026” PARA LA RECUPERACIÓN DEL SECTOR COMERCIAL Y SERVICIOS DE ALMUSSAFES;AYUNTAMIENTO DE ALMUSSAFES;924503;—;Subvención;07/10/2026;35;https://wp.me/panQjS-iZZ
Concesiones;BASES REGULADORAS Y CONVOCATORIA DEL PROGRAMA “BO COMERÇ D’ALMUSSAFES 2026” PARA LA RECUPERACIÓN DEL SECTOR COMERCIAL Y SERVICIOS DE ALMUSSAFES;AYUNTAMIENTO DE ALMUSSAFES;924503;—;Subvención;07/10/2026;35;https://wp.me/panQjS-iZZ
Concesiones;BASES REGULADORAS Y CONVOCATORIA DEL PROGRAMA “BO COMERÇ D’ALMUSSAFES 2026” PARA LA RECUPERACIÓN DEL SECTOR COMERCIAL Y SERVICIOS DE ALMUSSAFES;AYUNTAMIENTO DE ALMUSSAFES;924503;—;Subvención;07/10/2026;35;https://wp.me/panQjS-iZZ
Concesiones;BASES REGULADORAS Y CONVOCATORIA DEL PROGRAMA “BO COMERÇ D’ALMUSSAFES 2026” PARA LA RECUPERACIÓN DEL SECTOR COMERCIAL Y SERVICIOS DE ALMUSSAFES;AYUNTAMIENTO DE ALMUSSAFES;924503;—;Subvención;07/10/2026;35;https://wp.me/panQjS-iZZ
Concesiones;BASES REGULADORAS Y CONVOCATORIA DEL PROGRAMA “BO COMERÇ D’ALMUSSAFES 2026” PARA LA RECUPERACIÓN DEL SECTOR COMERCIAL Y SERVICIOS DE ALMUSSAFES;AYUNTAMIENTO DE ALMUSSAFES;924503;—;Subvención;07/10/2026;35;https://wp.me/panQjS-iZZ
Concesiones;BASES REGULADORAS Y CONVOCATORIA DEL PROGRAMA “BO COMERÇ D’ALMUSSAFES 2026” PARA LA RECUPERACIÓN DEL SECTOR COMERCIAL Y SERVICIOS DE ALMUSSAFES;AYUNTAMIENTO DE ALMUSSAFES;924503;—;Subvención;07/10/2026;35;https://wp.me/panQjS-iZZ
Concesiones;BASES REGULADORAS Y CONVOCATORIA DEL PROGRAMA “BO COMERÇ D’ALMUSSAFES 2026” PARA LA RECUPERACIÓN DEL SECTOR COMERCIAL Y SERVICIOS DE ALMUSSAFES;AYUNTAMIENTO DE ALMUSSAFES;924503;—;Subvención;07/10/2026;35;https://wp.me/panQjS-iZZ
Concesiones;BASES REGULADORAS Y CONVOCATORIA DEL PROGRAMA “BO COMERÇ D’ALMUSSAFES 2026” PARA LA RECUPERACIÓN DEL SECTOR COMERCIAL Y SERVICIOS DE ALMUSSAFES;AYUNTAMIENTO DE ALMUSSAFES;924503;—;Subvención;07/10/2026;35;https://wp.me/panQjS-iZZ
Concesiones;BASES REGULADORAS Y CONVOCATORIA DEL PROGRAMA “BO COMERÇ D’ALMUSSAFES 2026” PARA LA RECUPERACIÓN DEL SECTOR COMERCIAL Y SERVICIOS DE ALMUSSAFES;AYUNTAMIENTO DE ALMUSSAFES;924503;—;Subvención;07/10/2026;35;https://wp.me/panQjS-iZZ
Concesiones;BASES REGULADORAS Y CONVOCATORIA DEL PROGRAMA “BO COMERÇ D’ALMUSSAFES 2026” PARA LA RECUPERACIÓN DEL SECTOR COMERCIAL Y SERVICIOS DE ALMUSSAFES;AYUNTAMIENTO DE ALMUSSAFES;924503;—;Subvención;07/10/2026;35;https://wp.me/panQjS-iZZ
Concesiones;BASES REGULADORAS Y CONVOCATORIA DEL PROGRAMA “BO COMERÇ D’ALMUSSAFES 2026” PARA LA RECUPERACIÓN DEL SECTOR COMERCIAL Y SERVICIOS DE ALMUSSAFES;AYUNTAMIENTO DE ALMUSSAFES;924503;—;Subvención;07/10/2026;35;https://wp.me/panQjS-iZZ
Concesiones;BASES REGULADORAS Y CONVOCATORIA DEL PROGRAMA “BO COMERÇ D’ALMUSSAFES 2026” PARA LA RECUPERACIÓN DEL SECTOR COMERCIAL Y SERVICIOS DE ALMUSSAFES;AYUNTAMIENTO DE ALMUSSAFES;924503;—;Subvención;07/10/2026;35;https://wp.me/panQjS-iZZ
Concesiones;BASES REGULADORAS Y CONVOCATORIA DEL PROGRAMA “BO COMERÇ D’ALMUSSAFES 2026” PARA LA RECUPERACIÓN DEL SECTOR COMERCIAL Y SERVICIOS DE ALMUSSAFES;AYUNTAMIENTO DE ALMUSSAFES;924503;—;Subvención;07/10/2026;35;https://wp.me/panQjS-iZZ
Concesiones;BASES REGULADORAS Y CONVOCATORIA DEL PROGRAMA “BO COMERÇ D’ALMUSSAFES 2026” PARA LA RECUPERACIÓN DEL SECTOR COMERCIAL Y SERVICIOS DE ALMUSSAFES;AYUNTAMIENTO DE ALMUSSAFES;924503;—;Subvención;07/10/2026;35;https://wp.me/panQjS-iZZ
Concesiones;BASES REGULADORAS Y CONVOCATORIA DEL PROGRAMA “BO COMERÇ D’ALMUSSAFES 2026” PARA LA RECUPERACIÓN DEL SECTOR COMERCIAL Y SERVICIOS DE ALMUSSAFES;AYUNTAMIENTO DE ALMUSSAFES;924503;—;Subvención;07/10/2026;35;https://wp.me/panQjS-iZZ
Concesiones;BASES REGULADORAS Y CONVOCATORIA DEL PROGRAMA “BO COMERÇ D’ALMUSSAFES 2026” PARA LA RECUPERACIÓN DEL SECTOR COMERCIAL Y SERVICIOS DE ALMUSSAFES;AYUNTAMIENTO DE ALMUSSAFES;924503;—;Subvención;07/10/2026;35;https://wp.me/panQjS-iZZ
Concesiones;BASES REGULADORAS Y CONVOCATORIA DEL PROGRAMA “BO COMERÇ D’ALMUSSAFES 2026” PARA LA RECUPERACIÓN DEL SECTOR COMERCIAL Y SERVICIOS DE ALMUSSAFES;AYUNTAMIENTO DE ALMUSSAFES;924503;—;Subvención;07/10/2026;35;https://wp.me/panQjS-iZZ
Concesiones;BASES REGULADORAS Y CONVOCATORIA DEL PROGRAMA “BO COMERÇ D’ALMUSSAFES 2026” PARA LA RECUPERACIÓN DEL SECTOR COMERCIAL Y SERVICIOS DE ALMUSSAFES;AYUNTAMIENTO DE ALMUSSAFES;924503;—;Subvención;07/10/2026;35;https://wp.me/panQjS-iZZ
Concesiones;BASES REGULADORAS Y CONVOCATORIA DEL PROGRAMA “BO COMERÇ D’ALMUSSAFES 2026” PARA LA RECUPERACIÓN DEL SECTOR COMERCIAL Y SERVICIOS DE ALMUSSAFES;AYUNTAMIENTO DE ALMUSSAFES;924503;—;Subvención;07/10/2026;35;https://wp.me/panQjS-iZZ
Concesiones;BASES REGULADORAS Y CONVOCATORIA DEL PROGRAMA “BO COMERÇ D’ALMUSSAFES 2026” PARA LA RECUPERACIÓN DEL SECTOR COMERCIAL Y SERVICIOS DE ALMUSSAFES;AYUNTAMIENTO DE ALMUSSAFES;924503;—;Subvención;07/10/2026;35;https://wp.me/panQjS-iZZ
Concesiones;BASES REGULADORAS Y CONVOCATORIA DEL PROGRAMA “BO COMERÇ D’ALMUSSAFES 2026” PARA LA RECUPERACIÓN DEL SECTOR COMERCIAL Y SERVICIOS DE ALMUSSAFES;AYUNTAMIENTO DE ALMUSSAFES;924503;—;Subvención;07/10/2026;35;https://wp.me/panQjS-iZZ
Concesiones;BASES REGULADORAS Y CONVOCATORIA DEL PROGRAMA “BO COMERÇ D’ALMUSSAFES 2026” PARA LA RECUPERACIÓN DEL SECTOR COMERCIAL Y SERVICIOS DE ALMUSSAFES;AYUNTAMIENTO DE ALMUSSAFES;924503;—;Subvención;07/10/2026;35;https://wp.me/panQjS-iZZ
Concesiones;BASES REGULADORAS Y CONVOCATORIA DEL PROGRAMA “BO COMERÇ D’ALMUSSAFES 2026” PARA LA RECUPERACIÓN DEL SECTOR COMERCIAL Y SERVICIOS DE ALMUSSAFES;AYUNTAMIENTO DE ALMUSSAFES;924503;—;Subvención;07/10/2026;35;https://wp.me/panQjS-iZZ
Concesiones;BASES REGULADORAS Y CONVOCATORIA DEL PROGRAMA “BO COMERÇ D’ALMUSSAFES 2026” PARA LA RECUPERACIÓN DEL SECTOR COMERCIAL Y SERVICIOS DE ALMUSSAFES;AYUNTAMIENTO DE ALMUSSAFES;924503;—;Subvención;07/10/2026;35;https://wp.me/panQjS-iZZ
Concesiones;BASES REGULADORAS Y CONVOCATORIA DEL PROGRAMA “BO COMERÇ D’ALMUSSAFES 2026” PARA LA RECUPERACIÓN DEL SECTOR COMERCIAL Y SERVICIOS DE ALMUSSAFES;AYUNTAMIENTO DE ALMUSSAFES;924503;—;Subvención;07/10/2026;35;https://wp.me/panQjS-iZZ
Concesiones;BASES REGULADORAS Y CONVOCATORIA DEL PROGRAMA “BO COMERÇ D’ALMUSSAFES 2026” PARA LA RECUPERACIÓN DEL SECTOR COMERCIAL Y SERVICIOS DE ALMUSSAFES;AYUNTAMIENTO DE ALMUSSAFES;924503;—;Subvención;07/10/2026;35;https://wp.me/panQjS-iZZ
Concesiones;BASES REGULADORAS Y CONVOCATORIA DEL PROGRAMA “BO COMERÇ D’ALMUSSAFES 2026” PARA LA RECUPERACIÓN DEL SECTOR COMERCIAL Y SERVICIOS DE ALMUSSAFES;AYUNTAMIENTO DE ALMUSSAFES;924503;—;Subvención;07/10/2026;35;https://wp.me/panQjS-iZZ
Concesiones;BASES REGULADORAS Y CONVOCATORIA DEL PROGRAMA “BO COMERÇ D’ALMUSSAFES 2026” PARA LA RECUPERACIÓN DEL SECTOR COMERCIAL Y SERVICIOS DE ALMUSSAFES;AYUNTAMIENTO DE ALMUSSAFES;924503;—;Subvención;07/10/2026;35;https://wp.me/panQjS-iZZ
Concesiones;BASES REGULADORAS Y CONVOCATORIA DEL PROGRAMA “BO COMERÇ D’ALMUSSAFES 2026” PARA LA RECUPERACIÓN DEL SECTOR COMERCIAL Y SERVICIOS DE ALMUSSAFES;AYUNTAMIENTO DE ALMUSSAFES;924503;—;Subvención;07/10/2026;35;https://wp.me/panQjS-iZZ
Concesiones;BASES REGULADORAS Y CONVOCATORIA DEL PROGRAMA “BO COMERÇ D’ALMUSSAFES 2026” PARA LA RECUPERACIÓN DEL SECTOR COMERCIAL Y SERVICIOS DE ALMUSSAFES;AYUNTAMIENTO DE ALMUSSAFES;924503;—;Subvención;07/10/2026;35;https://wp.me/panQjS-iZZ
Concesiones;BASES REGULADORAS Y CONVOCATORIA DEL PROGRAMA “BO COMERÇ D’ALMUSSAFES 2026” PARA LA RECUPERACIÓN DEL SECTOR COMERCIAL Y SERVICIOS DE ALMUSSAFES;AYUNTAMIENTO DE ALMUSSAFES;924503;—;Subvención;07/10/2026;35;https://wp.me/panQjS-iZZ
Concesiones;BASES REGULADORAS Y CONVOCATORIA DEL PROGRAMA “BO COMERÇ D’ALMUSSAFES 2026” PARA LA RECUPERACIÓN DEL SECTOR COMERCIAL Y SERVICIOS DE ALMUSSAFES;AYUNTAMIENTO DE ALMUSSAFES;924503;—;Subvención;07/10/2026;35;https://wp.me/panQjS-iZZ
Concesiones;BASES REGULADORAS Y CONVOCATORIA DEL PROGRAMA “BO COMERÇ D’ALMUSSAFES 2026” PARA LA RECUPERACIÓN DEL SECTOR COMERCIAL Y SERVICIOS DE ALMUSSAFES;AYUNTAMIENTO DE ALMUSSAFES;924503;—;Subvención;07/10/2026;35;https://wp.me/panQjS-iZZ
Concesiones;BASES REGULADORAS Y CONVOCATORIA DEL PROGRAMA “BO COMERÇ D’ALMUSSAFES 2026” PARA LA RECUPERACIÓN DEL SECTOR COMERCIAL Y SERVICIOS DE ALMUSSAFES;AYUNTAMIENTO DE ALMUSSAFES;924503;—;Subvención;07/10/2026;35;https://wp.me/panQjS-iZZ
Concesiones;BASES REGULADORAS Y CONVOCATORIA DEL PROGRAMA “BO COMERÇ D’ALMUSSAFES 2026” PARA LA RECUPERACIÓN DEL SECTOR COMERCIAL Y SERVICIOS DE ALMUSSAFES;AYUNTAMIENTO DE ALMUSSAFES;924503;—;Subvención;07/10/2026;35;https://wp.me/panQjS-iZZ
Concesiones;BASES REGULADORAS Y CONVOCATORIA DEL PROGRAMA “BO COMERÇ D’ALMUSSAFES 2026” PARA LA RECUPERACIÓN DEL SECTOR COMERCIAL Y SERVICIOS DE ALMUSSAFES;AYUNTAMIENTO DE ALMUSSAFES;924503;—;Subvención;07/10/2026;35;https://wp.me/panQjS-iZZ
Concesiones;BASES REGULADORAS Y CONVOCATORIA DEL PROGRAMA “BO COMERÇ D’ALMUSSAFES 2026” PARA LA RECUPERACIÓN DEL SECTOR COMERCIAL Y SERVICIOS DE ALMUSSAFES;AYUNTAMIENTO DE ALMUSSAFES;924503;—;Subvención;07/10/2026;35;https://wp.me/panQjS-iZZ
Concesiones;BASES REGULADORAS Y CONVOCATORIA DEL PROGRAMA “BO COMERÇ D’ALMUSSAFES 2026” PARA LA RECUPERACIÓN DEL SECTOR COMERCIAL Y SERVICIOS DE ALMUSSAFES;AYUNTAMIENTO DE ALMUSSAFES;924503;—;Subvención;07/10/2026;35;https://wp.me/panQjS-iZZ
Concesiones;BASES REGULADORAS Y CONVOCATORIA DEL PROGRAMA “BO COMERÇ D’ALMUSSAFES 2026” PARA LA RECUPERACIÓN DEL SECTOR COMERCIAL Y SERVICIOS DE ALMUSSAFES;AYUNTAMIENTO DE ALMUSSAFES;924503;—;Subvención;07/10/2026;35;https://wp.me/panQjS-iZZ
Concesiones;BASES REGULADORAS Y CONVOCATORIA DEL PROGRAMA “BO COMERÇ D’ALMUSSAFES 2026” PARA LA RECUPERACIÓN DEL SECTOR COMERCIAL Y SERVICIOS DE ALMUSSAFES;AYUNTAMIENTO DE ALMUSSAFES;924503;—;Subvención;07/10/2026;35;https://wp.me/panQjS-iZZ
Concesiones;BASES REGULADORAS Y CONVOCATORIA DEL PROGRAMA “BO COMERÇ D’ALMUSSAFES 2026” PARA LA RECUPERACIÓN DEL SECTOR COMERCIAL Y SERVICIOS DE ALMUSSAFES;AYUNTAMIENTO DE ALMUSSAFES;924503;—;Subvención;07/10/2026;35;https://wp.me/panQjS-iZZ
Concesiones;BASES REGULADORAS Y CONVOCATORIA DEL PROGRAMA “BO COMERÇ D’ALMUSSAFES 2026” PARA LA RECUPERACIÓN DEL SECTOR COMERCIAL Y SERVICIOS DE ALMUSSAFES;AYUNTAMIENTO DE ALMUSSAFES;924503;—;Subvención;07/10/2026;35;https://wp.me/panQjS-iZZ
Concesiones;BASES REGULADORAS Y CONVOCATORIA DEL PROGRAMA “BO COMERÇ D’ALMUSSAFES 2026” PARA LA RECUPERACIÓN DEL SECTOR COMERCIAL Y SERVICIOS DE ALMUSSAFES;AYUNTAMIENTO DE ALMUSSAFES;924503;—;Subvención;07/10/2026;35;https://wp.me/panQjS-iZZ
Concesiones;BASES REGULADORAS Y CONVOCATORIA DEL PROGRAMA “BO COMERÇ D’ALMUSSAFES 2026” PARA LA RECUPERACIÓN DEL SECTOR COMERCIAL Y SERVICIOS DE ALMUSSAFES;AYUNTAMIENTO DE ALMUSSAFES;924503;—;Subvención;07/10/2026;35;https://wp.me/panQjS-iZZ
Concesiones;BASES REGULADORAS Y CONVOCATORIA DEL PROGRAMA “BO COMERÇ D’ALMUSSAFES 2026” PARA LA RECUPERACIÓN DEL SECTOR COMERCIAL Y SERVICIOS DE ALMUSSAFES;AYUNTAMIENTO DE ALMUSSAFES;924503;—;Subvención;07/10/2026;35;https://wp.me/panQjS-iZZ
Concesiones;BASES REGULADORAS Y CONVOCATORIA DEL PROGRAMA “BO COMERÇ D’ALMUSSAFES 2026” PARA LA RECUPERACIÓN DEL SECTOR COMERCIAL Y SERVICIOS DE ALMUSSAFES;AYUNTAMIENTO DE ALMUSSAFES;924503;—;Subvención;07/10/2026;35;https://wp.me/panQjS-iZZ
Concesiones;BASES REGULADORAS Y CONVOCATORIA DEL PROGRAMA “BO COMERÇ D’ALMUSSAFES 2026” PARA LA RECUPERACIÓN DEL SECTOR COMERCIAL Y SERVICIOS DE ALMUSSAFES;AYUNTAMIENTO DE ALMUSSAFES;924503;—;Subvención;07/10/2026;35;https://wp.me/panQjS-iZZ
Concesiones;BASES REGULADORAS Y CONVOCATORIA DEL PROGRAMA “BO COMERÇ D’ALMUSSAFES 2026” PARA LA RECUPERACIÓN DEL SECTOR COMERCIAL Y SERVICIOS DE ALMUSSAFES;AYUNTAMIENTO DE ALMUSSAFES;924503;—;Subvención;07/10/2026;35;https://wp.me/panQjS-iZZ
Concesiones;BASES REGULADORAS Y CONVOCATORIA DEL PROGRAMA “BO COMERÇ D’ALMUSSAFES 2026” PARA LA RECUPERACIÓN DEL SECTOR COMERCIAL Y SERVICIOS DE ALMUSSAFES;AYUNTAMIENTO DE ALMUSSAFES;924503;—;Subvención;07/10/2026;35;https://wp.me/panQjS-iZZ
Concesiones;BASES REGULADORAS Y CONVOCATORIA DEL PROGRAMA “BO COMERÇ D’ALMUSSAFES 2026” PARA LA RECUPERACIÓN DEL SECTOR COMERCIAL Y SERVICIOS DE ALMUSSAFES;AYUNTAMIENTO DE ALMUSSAFES;924503;—;Subvención;07/10/2026;35;https://wp.me/panQjS-iZZ
Concesiones;BASES REGULADORAS Y CONVOCATORIA DEL PROGRAMA “BO COMERÇ D’ALMUSSAFES 2026” PARA LA RECUPERACIÓN DEL SECTOR COMERCIAL Y SERVICIOS DE ALMUSSAFES;AYUNTAMIENTO DE ALMUSSAFES;924503;—;Subvención;07/10/2026;35;https://wp.me/panQjS-iZZ
Concesiones;BASES REGULADORAS Y CONVOCATORIA DEL PROGRAMA “BO COMERÇ D’ALMUSSAFES 2026” PARA LA RECUPERACIÓN DEL SECTOR COMERCIAL Y SERVICIOS DE ALMUSSAFES;AYUNTAMIENTO DE ALMUSSAFES;924503;—;Subvención;07/10/2026;35;https://wp.me/panQjS-iZZ
Concesiones;BASES REGULADORAS Y CONVOCATORIA DEL PROGRAMA “BO COMERÇ D’ALMUSSAFES 2026” PARA LA RECUPERACIÓN DEL SECTOR COMERCIAL Y SERVICIOS DE ALMUSSAFES;AYUNTAMIENTO DE ALMUSSAFES;924503;—;Subvención;07/10/2026;35;https://wp.me/panQjS-iZZ
Concesiones;BASES REGULADORAS Y CONVOCATORIA DEL PROGRAMA “BO COMERÇ D’ALMUSSAFES 2026” PARA LA RECUPERACIÓN DEL SECTOR COMERCIAL Y SERVICIOS DE ALMUSSAFES;AYUNTAMIENTO DE ALMUSSAFES;924503;—;Subvención;07/10/2026;35;https://wp.me/panQjS-iZZ
Concesiones;BASES REGULADORAS Y CONVOCATORIA DEL PROGRAMA “BO COMERÇ D’ALMUSSAFES 2026” PARA LA RECUPERACIÓN DEL SECTOR COMERCIAL Y SERVICIOS DE ALMUSSAFES;AYUNTAMIENTO DE ALMUSSAFES;924503;—;Subvención;07/10/2026;35;https://wp.me/panQjS-iZZ
Concesiones;BASES REGULADORAS Y CONVOCATORIA DEL PROGRAMA “BO COMERÇ D’ALMUSSAFES 2026” PARA LA RECUPERACIÓN DEL SECTOR COMERCIAL Y SERVICIOS DE ALMUSSAFES;AYUNTAMIENTO DE ALMUSSAFES;924503;—;Subvención;07/10/2026;35;https://wp.me/panQjS-iZZ
Concesiones;BASES REGULADORAS Y CONVOCATORIA DEL PROGRAMA “BO COMERÇ D’ALMUSSAFES 2026” PARA LA RECUPERACIÓN DEL SECTOR COMERCIAL Y SERVICIOS DE ALMUSSAFES;AYUNTAMIENTO DE ALMUSSAFES;924503;—;Subvención;07/10/2026;35;https://wp.me/panQjS-iZZ
Concesiones;BASES REGULADORAS Y CONVOCATORIA DEL PROGRAMA “BO COMERÇ D’ALMUSSAFES 2026” PARA LA RECUPERACIÓN DEL SECTOR COMERCIAL Y SERVICIOS DE ALMUSSAFES;AYUNTAMIENTO DE ALMUSSAFES;924503;—;Subvención;07/10/2026;35;https://wp.me/panQjS-iZZ
Concesiones;BASES REGULADORAS Y CONVOCATORIA DEL PROGRAMA “BO COMERÇ D’ALMUSSAFES 2026” PARA LA RECUPERACIÓN DEL SECTOR COMERCIAL Y SERVICIOS DE ALMUSSAFES;AYUNTAMIENTO DE ALMUSSAFES;924503;—;Subvención;07/10/2026;35;https://wp.me/panQjS-iZZ
Concesiones;BASES REGULADORAS Y CONVOCATORIA DEL PROGRAMA “BO COMERÇ D’ALMUSSAFES 2026” PARA LA RECUPERACIÓN DEL SECTOR COMERCIAL Y SERVICIOS DE ALMUSSAFES;AYUNTAMIENTO DE ALMUSSAFES;924503;—;Subvención;07/10/2026;35;https://wp.me/panQjS-iZZ
Concesiones;BASES REGULADORAS Y CONVOCATORIA DEL PROGRAMA “BO COMERÇ D’ALMUSSAFES 2026” PARA LA RECUPERACIÓN DEL SECTOR COMERCIAL Y SERVICIOS DE ALMUSSAFES;AYUNTAMIENTO DE ALMUSSAFES;924503;—;Subvención;07/10/2026;35;https://wp.me/panQjS-iZZ
Concesiones;BASES REGULADORAS Y CONVOCATORIA DEL PROGRAMA “BO COMERÇ D’ALMUSSAFES 2026” PARA LA RECUPERACIÓN DEL SECTOR COMERCIAL Y SERVICIOS DE ALMUSSAFES;AYUNTAMIENTO DE ALMUSSAFES;924503;—;Subvención;07/10/2026;35;https://wp.me/panQjS-iZZ
Concesiones;BASES REGULADORAS Y CONVOCATORIA DEL PROGRAMA “BO COMERÇ D’ALMUSSAFES 2026” PARA LA RECUPERACIÓN DEL SECTOR COMERCIAL Y SERVICIOS DE ALMUSSAFES;AYUNTAMIENTO DE ALMUSSAFES;924503;—;Subvención;07/10/2026;35;https://wp.me/panQjS-iZZ
Concesiones;BASES REGULADORAS Y CONVOCATORIA DEL PROGRAMA “BO COMERÇ D’ALMUSSAFES 2026” PARA LA RECUPERACIÓN DEL SECTOR COMERCIAL Y SERVICIOS DE ALMUSSAFES;AYUNTAMIENTO DE ALMUSSAFES;924503;—;Subvención;07/10/2026;35;https://wp.me/panQjS-iZZ
Concesiones;BASES REGULADORAS Y CONVOCATORIA DEL PROGRAMA “BO COMERÇ D’ALMUSSAFES 2026” PARA LA RECUPERACIÓN DEL SECTOR COMERCIAL Y SERVICIOS DE ALMUSSAFES;AYUNTAMIENTO DE ALMUSSAFES;924503;—;Subvención;07/10/2026;35;https://wp.me/panQjS-iZZ
Concesiones;BASES REGULADORAS Y CONVOCATORIA DEL PROGRAMA “BO COMERÇ D’ALMUSSAFES 2026” PARA LA RECUPERACIÓN DEL SECTOR COMERCIAL Y SERVICIOS DE ALMUSSAFES;AYUNTAMIENTO DE ALMUSSAFES;924503;—;Subvención;07/10/2026;35;https://wp.me/panQjS-iZZ
Concesiones;BASES REGULADORAS Y CONVOCATORIA DEL PROGRAMA “BO COMERÇ D’ALMUSSAFES 2026” PARA LA RECUPERACIÓN DEL SECTOR COMERCIAL Y SERVICIOS DE ALMUSSAFES;AYUNTAMIENTO DE ALMUSSAFES;924503;—;Subvención;07/10/2026;35;https://wp.me/panQjS-iZZ
Concesiones;BASES REGULADORAS Y CONVOCATORIA DEL PROGRAMA “BO COMERÇ D’ALMUSSAFES 2026” PARA LA RECUPERACIÓN DEL SECTOR COMERCIAL Y SERVICIOS DE ALMUSSAFES;AYUNTAMIENTO DE ALMUSSAFES;924503;—;Subvención;07/10/2026;35;https://wp.me/panQjS-iZZ
Concesiones;BASES REGULADORAS Y CONVOCATORIA DEL PROGRAMA “BO COMERÇ D’ALMUSSAFES 2026” PARA LA RECUPERACIÓN DEL SECTOR COMERCIAL Y SERVICIOS DE ALMUSSAFES;AYUNTAMIENTO DE ALMUSSAFES;924503;—;Subvención;07/10/2026;35;https://wp.me/panQjS-iZZ
Concesiones;BASES REGULADORAS Y CONVOCATORIA DEL PROGRAMA “BO COMERÇ D’ALMUSSAFES 2026” PARA LA RECUPERACIÓN DEL SECTOR COMERCIAL Y SERVICIOS DE ALMUSSAFES;AYUNTAMIENTO DE ALMUSSAFES;924503;—;Subvención;07/10/2026;35;https://wp.me/panQjS-iZZ
Concesiones;BASES REGULADORAS Y CONVOCATORIA DEL PROGRAMA “BO COMERÇ D’ALMUSSAFES 2026” PARA LA RECUPERACIÓN DEL SECTOR COMERCIAL Y SERVICIOS DE ALMUSSAFES;AYUNTAMIENTO DE ALMUSSAFES;924503;—;Subvención;07/10/2026;35;https://wp.me/panQjS-iZZ
Concesiones;BASES REGULADORAS Y CONVOCATORIA DEL PROGRAMA “BO COMERÇ D’ALMUSSAFES 2026” PARA LA RECUPERACIÓN DEL SECTOR COMERCIAL Y SERVICIOS DE ALMUSSAFES;AYUNTAMIENTO DE ALMUSSAFES;924503;—;Subvención;07/10/2026;35;https://wp.me/panQjS-iZZ
Concesiones;BASES REGULADORAS Y CONVOCATORIA DEL PROGRAMA “BO COMERÇ D’ALMUSSAFES 2026” PARA LA RECUPERACIÓN DEL SECTOR COMERCIAL Y SERVICIOS DE ALMUSSAFES;AYUNTAMIENTO DE ALMUSSAFES;924503;—;Subvención;07/10/2026;35;https://wp.me/panQjS-iZZ
Concesiones;BASES REGULADORAS Y CONVOCATORIA DEL PROGRAMA “BO COMERÇ D’ALMUSSAFES 2026” PARA LA RECUPERACIÓN DEL SECTOR COMERCIAL Y SERVICIOS DE ALMUSSAFES;AYUNTAMIENTO DE ALMUSSAFES;924503;—;Subvención;07/10/2026;35;https://wp.me/panQjS-iZZ
Concesiones;BASES REGULADORAS Y CONVOCATORIA DEL PROGRAMA “BO COMERÇ D’ALMUSSAFES 2026” PARA LA RECUPERACIÓN DEL SECTOR COMERCIAL Y SERVICIOS DE ALMUSSAFES;AYUNTAMIENTO DE ALMUSSAFES;924503;—;Subvención;07/10/2026;35;https://wp.me/panQjS-iZZ
Concesiones;BASES REGULADORAS Y CONVOCATORIA DEL PROGRAMA “BO COMERÇ D’ALMUSSAFES 2026” PARA LA RECUPERACIÓN DEL SECTOR COMERCIAL Y SERVICIOS DE ALMUSSAFES;AYUNTAMIENTO DE ALMUSSAFES;924503;—;Subvención;07/10/2026;35;https://wp.me/panQjS-iZZ
Concesiones;BASES REGULADORAS Y CONVOCATORIA DEL PROGRAMA “BO COMERÇ D’ALMUSSAFES 2026” PARA LA RECUPERACIÓN DEL SECTOR COMERCIAL Y SERVICIOS DE ALMUSSAFES;AYUNTAMIENTO DE ALMUSSAFES;924503;—;Subvención;07/10/2026;35;https://wp.me/panQjS-iZZ
Concesiones;BASES REGULADORAS Y CONVOCATORIA DEL PROGRAMA “BO COMERÇ D’ALMUSSAFES 2026” PARA LA RECUPERACIÓN DEL SECTOR COMERCIAL Y SERVICIOS DE ALMUSSAFES;AYUNTAMIENTO DE ALMUSSAFES;924503;—;Subvención;07/10/2026;35;https://wp.me/panQjS-iZZ
Concesiones;BASES REGULADORAS Y CONVOCATORIA DEL PROGRAMA “BO COMERÇ D’ALMUSSAFES 2026” PARA LA RECUPERACIÓN DEL SECTOR COMERCIAL Y SERVICIOS DE ALMUSSAFES;AYUNTAMIENTO DE ALMUSSAFES;924503;—;Subvención;07/10/2026;35;https://wp.me/panQjS-iZZ
Concesiones;BASES REGULADORAS Y CONVOCATORIA DEL PROGRAMA “BO COMERÇ D’ALMUSSAFES 2026” PARA LA RECUPERACIÓN DEL SECTOR COMERCIAL Y SERVICIOS DE ALMUSSAFES;AYUNTAMIENTO DE ALMUSSAFES;924503;—;Subvención;07/10/2026;35;https://wp.me/panQjS-iZZ
Concesiones;BASES REGULADORAS Y CONVOCATORIA DEL PROGRAMA “BO COMERÇ D’ALMUSSAFES 2026” PARA LA RECUPERACIÓN DEL SECTOR COMERCIAL Y SERVICIOS DE ALMUSSAFES;AYUNTAMIENTO DE ALMUSSAFES;924503;—;Subvención;07/10/2026;35;https://wp.me/panQjS-iZZ
Concesiones;BASES REGULADORAS Y CONVOCATORIA DEL PROGRAMA “BO COMERÇ D’ALMUSSAFES 2026” PARA LA RECUPERACIÓN DEL SECTOR COMERCIAL Y SERVICIOS DE ALMUSSAFES;AYUNTAMIENTO DE ALMUSSAFES;924503;—;Subvención;07/10/2026;35;https://wp.me/panQjS-iZZ
Concesiones;BASES REGULADORAS Y CONVOCATORIA DEL PROGRAMA “BO COMERÇ D’ALMUSSAFES 2026” PARA LA RECUPERACIÓN DEL SECTOR COMERCIAL Y SERVICIOS DE ALMUSSAFES;AYUNTAMIENTO DE ALMUSSAFES;924503;—;Subvención;07/10/2026;35;https://wp.me/panQjS-iZZ
Concesiones;BASES REGULADORAS Y CONVOCATORIA DEL PROGRAMA “BO COMERÇ D’ALMUSSAFES 2026” PARA LA RECUPERACIÓN DEL SECTOR COMERCIAL Y SERVICIOS DE ALMUSSAFES;AYUNTAMIENTO DE ALMUSSAFES;924503;—;Subvención;07/10/2026;35;https://wp.me/panQjS-iZZ
Concesiones;BASES REGULADORAS Y CONVOCATORIA DEL PROGRAMA “BO COMERÇ D’ALMUSSAFES 2026” PARA LA RECUPERACIÓN DEL SECTOR COMERCIAL Y SERVICIOS DE ALMUSSAFES;AYUNTAMIENTO DE ALMUSSAFES;924503;—;Subvención;07/10/2026;35;https://wp.me/panQjS-iZZ
Concesiones;BASES REGULADORAS Y CONVOCATORIA DEL PROGRAMA “BO COMERÇ D’ALMUSSAFES 2026” PARA LA RECUPERACIÓN DEL SECTOR COMERCIAL Y SERVICIOS DE ALMUSSAFES;AYUNTAMIENTO DE ALMUSSAFES;924503;—;Subvención;07/10/2026;35;https://wp.me/panQjS-iZZ
Concesiones;BASES REGULADORAS Y CONVOCATORIA DEL PROGRAMA “BO COMERÇ D’ALMUSSAFES 2026” PARA LA RECUPERACIÓN DEL SECTOR COMERCIAL Y SERVICIOS DE ALMUSSAFES;AYUNTAMIENTO DE ALMUSSAFES;924503;—;Subvención;07/10/2026;35;https://wp.me/panQjS-iZZ
Concesiones;BASES REGULADORAS Y CONVOCATORIA DEL PROGRAMA “BO COMERÇ D’ALMUSSAFES 2026” PARA LA RECUPERACIÓN DEL SECTOR COMERCIAL Y SERVICIOS DE ALMUSSAFES;AYUNTAMIENTO DE ALMUSSAFES;924503;—;Subvención;07/10/2026;35;https://wp.me/panQjS-iZZ
Concesiones;BASES REGULADORAS Y CONVOCATORIA DEL PROGRAMA “BO COMERÇ D’ALMUSSAFES 2026” PARA LA RECUPERACIÓN DEL SECTOR COMERCIAL Y SERVICIOS DE ALMUSSAFES;AYUNTAMIENTO DE ALMUSSAFES;924503;—;Subvención;07/10/2026;35;https://wp.me/panQjS-iZZ
Concesiones;BASES REGULADORAS Y CONVOCATORIA DEL PROGRAMA “BO COMERÇ D’ALMUSSAFES 2026” PARA LA RECUPERACIÓN DEL SECTOR COMERCIAL Y SERVICIOS DE ALMUSSAFES;AYUNTAMIENTO DE ALMUSSAFES;924503;—;Subvención;07/10/2026;35;https://wp.me/panQjS-iZZ
Concesiones;BASES REGULADORAS Y CONVOCATORIA DEL PROGRAMA “BO COMERÇ D’ALMUSSAFES 2026” PARA LA RECUPERACIÓN DEL SECTOR COMERCIAL Y SERVICIOS DE ALMUSSAFES;AYUNTAMIENTO DE ALMUSSAFES;924503;—;Subvención;07/10/2026;35;https://wp.me/panQjS-iZZ
Concesiones;BASES REGULADORAS Y CONVOCATORIA DEL PROGRAMA “BO COMERÇ D’ALMUSSAFES 2026” PARA LA RECUPERACIÓN DEL SECTOR COMERCIAL Y SERVICIOS DE ALMUSSAFES;AYUNTAMIENTO DE ALMUSSAFES;924503;—;Subvención;07/10/2026;35;https://wp.me/panQjS-iZZ
Concesiones;BASES REGULADORAS Y CONVOCATORIA DEL PROGRAMA “BO COMERÇ D’ALMUSSAFES 2026” PARA LA RECUPERACIÓN DEL SECTOR COMERCIAL Y SERVICIOS DE ALMUSSAFES;AYUNTAMIENTO DE ALMUSSAFES;924503;—;Subvención;07/10/2026;35;https://wp.me/panQjS-iZZ
Concesiones;BASES REGULADORAS Y CONVOCATORIA DEL PROGRAMA “BO COMERÇ D’ALMUSSAFES 2026” PARA LA RECUPERACIÓN DEL SECTOR COMERCIAL Y SERVICIOS DE ALMUSSAFES;AYUNTAMIENTO DE ALMUSSAFES;924503;—;Subvención;07/10/2026;35;https://wp.me/panQjS-iZZ
Concesiones;BASES REGULADORAS Y CONVOCATORIA DEL PROGRAMA “BO COMERÇ D’ALMUSSAFES 2026” PARA LA RECUPERACIÓN DEL SECTOR COMERCIAL Y SERVICIOS DE ALMUSSAFES;AYUNTAMIENTO DE ALMUSSAFES;924503;—;Subvención;07/10/2026;35;https://wp.me/panQjS-iZZ
Concesiones;BASES REGULADORAS Y CONVOCATORIA DEL PROGRAMA “BO COMERÇ D’ALMUSSAFES 2026” PARA LA RECUPERACIÓN DEL SECTOR COMERCIAL Y SERVICIOS DE ALMUSSAFES;AYUNTAMIENTO DE ALMUSSAFES;924503;—;Subvención;07/10/2026;35;https://wp.me/panQjS-iZZ
Concesiones;BASES REGULADORAS Y CONVOCATORIA DEL PROGRAMA “BO COMERÇ D’ALMUSSAFES 2026” PARA LA RECUPERACIÓN DEL SECTOR COMERCIAL Y SERVICIOS DE ALMUSSAFES;AYUNTAMIENTO DE ALMUSSAFES;924503;—;Subvención;07/10/2026;35;https://wp.me/panQjS-iZZ
Concesiones;BASES REGULADORAS Y CONVOCATORIA DEL PROGRAMA “BO COMERÇ D’ALMUSSAFES 2026” PARA LA RECUPERACIÓN DEL SECTOR COMERCIAL Y SERVICIOS DE ALMUSSAFES;AYUNTAMIENTO DE ALMUSSAFES;924503;—;Subvención;07/10/2026;35;https://wp.me/panQjS-iZZ
Concesiones;BASES REGULADORAS Y CONVOCATORIA DEL PROGRAMA “BO COMERÇ D’ALMUSSAFES 2026” PARA LA RECUPERACIÓN DEL SECTOR COMERCIAL Y SERVICIOS DE ALMUSSAFES;AYUNTAMIENTO DE ALMUSSAFES;924503;—;Subvención;07/10/2026;35;https://wp.me/panQjS-iZZ
Concesiones;BASES REGULADORAS Y CONVOCATORIA DEL PROGRAMA “BO COMERÇ D’ALMUSSAFES 2026” PARA LA RECUPERACIÓN DEL SECTOR COMERCIAL Y SERVICIOS DE ALMUSSAFES;AYUNTAMIENTO DE ALMUSSAFES;924503;—;Subvención;07/10/2026;35;https://wp.me/panQjS-iZZ
Concesiones;BASES REGULADORAS Y CONVOCATORIA DEL PROGRAMA “BO COMERÇ D’ALMUSSAFES 2026” PARA LA RECUPERACIÓN DEL SECTOR COMERCIAL Y SERVICIOS DE ALMUSSAFES;AYUNTAMIENTO DE ALMUSSAFES;924503;—;Subvención;07/10/2026;35;https://wp.me/panQjS-iZZ
Concesiones;BASES REGULADORAS Y CONVOCATORIA DEL PROGRAMA “BO COMERÇ D’ALMUSSAFES 2026” PARA LA RECUPERACIÓN DEL SECTOR COMERCIAL Y SERVICIOS DE ALMUSSAFES;AYUNTAMIENTO DE ALMUSSAFES;924503;—;Subvención;07/10/2026;35;https://wp.me/panQjS-iZZ
Concesiones;BASES REGULADORAS Y CONVOCATORIA DEL PROGRAMA “BO COMERÇ D’ALMUSSAFES 2026” PARA LA RECUPERACIÓN DEL SECTOR COMERCIAL Y SERVICIOS DE ALMUSSAFES;AYUNTAMIENTO DE ALMUSSAFES;924503;—;Subvención;07/10/2026;35;https://wp.me/panQjS-iZZ
Concesiones;BASES REGULADORAS Y CONVOCATORIA DEL PROGRAMA “BO COMERÇ D’ALMUSSAFES 2026” PARA LA RECUPERACIÓN DEL SECTOR COMERCIAL Y SERVICIOS DE ALMUSSAFES;AYUNTAMIENTO DE ALMUSSAFES;924503;—;Subvención;07/10/2026;35;https://wp.me/panQjS-iZZ
Concesiones;BASES REGULADORAS Y CONVOCATORIA DEL PROGRAMA “BO COMERÇ D’ALMUSSAFES 2026” PARA LA RECUPERACIÓN DEL SECTOR COMERCIAL Y SERVICIOS DE ALMUSSAFES;AYUNTAMIENTO DE ALMUSSAFES;924503;—;Subvención;07/10/2026;35;https://wp.me/panQjS-iZZ
Concesiones;BASES REGULADORAS Y CONVOCATORIA DEL PROGRAMA “BO COMERÇ D’ALMUSSAFES 2026” PARA LA RECUPERACIÓN DEL SECTOR COMERCIAL Y SERVICIOS DE ALMUSSAFES;AYUNTAMIENTO DE ALMUSSAFES;924503;—;Subvención;07/10/2026;35;https://wp.me/panQjS-iZZ
Concesiones;BASES REGULADORAS Y CONVOCATORIA DEL PROGRAMA “BO COMERÇ D’ALMUSSAFES 2026” PARA LA RECUPERACIÓN DEL SECTOR COMERCIAL Y SERVICIOS DE ALMUSSAFES;AYUNTAMIENTO DE ALMUSSAFES;924503;—;Subvención;07/10/2026;35;https://wp.me/panQjS-iZZ
Concesiones;BASES REGULADORAS Y CONVOCATORIA DEL PROGRAMA “BO COMERÇ D’ALMUSSAFES 2026” PARA LA RECUPERACIÓN DEL SECTOR COMERCIAL Y SERVICIOS DE ALMUSSAFES;AYUNTAMIENTO DE ALMUSSAFES;924503;—;Subvención;07/10/2026;35;https://wp.me/panQjS-iZZ
Concesiones;BASES REGULADORAS Y CONVOCATORIA DEL PROGRAMA “BO COMERÇ D’ALMUSSAFES 2026” PARA LA RECUPERACIÓN DEL SECTOR COMERCIAL Y SERVICIOS DE ALMUSSAFES;AYUNTAMIENTO DE ALMUSSAFES;924503;—;Subvención;07/10/2026;35;https://wp.me/panQjS-iZZ
Concesiones;BASES REGULADORAS Y CONVOCATORIA DEL PROGRAMA “BO COMERÇ D’ALMUSSAFES 2026” PARA LA RECUPERACIÓN DEL SECTOR COMERCIAL Y SERVICIOS DE ALMUSSAFES;AYUNTAMIENTO DE ALMUSSAFES;924503;—;Subvención;07/10/2026;35;https://wp.me/panQjS-iZZ
Concesiones;BASES REGULADORAS Y CONVOCATORIA DEL PROGRAMA “BO COMERÇ D’ALMUSSAFES 2026” PARA LA RECUPERACIÓN DEL SECTOR COMERCIAL Y SERVICIOS DE ALMUSSAFES;AYUNTAMIENTO DE ALMUSSAFES;924503;—;Subvención;07/10/2026;35;https://wp.me/panQjS-iZZ
Concesiones;BASES REGULADORAS Y CONVOCATORIA DEL PROGRAMA “BO COMERÇ D’ALMUSSAFES 2026” PARA LA RECUPERACIÓN DEL SECTOR COMERCIAL Y SERVICIOS DE ALMUSSAFES;AYUNTAMIENTO DE ALMUSSAFES;924503;—;Subvención;07/10/2026;35;https://wp.me/panQjS-iZZ
Concesiones;BASES REGULADORAS Y CONVOCATORIA DEL PROGRAMA “BO COMERÇ D’ALMUSSAFES 2026” PARA LA RECUPERACIÓN DEL SECTOR COMERCIAL Y SERVICIOS DE ALMUSSAFES;AYUNTAMIENTO DE ALMUSSAFES;924503;—;Subvención;07/10/2026;35;https://wp.me/panQjS-iZZ
Concesiones;BASES REGULADORAS Y CONVOCATORIA DEL PROGRAMA “BO COMERÇ D’ALMUSSAFES 2026” PARA LA RECUPERACIÓN DEL SECTOR COMERCIAL Y SERVICIOS DE ALMUSSAFES;AYUNTAMIENTO DE ALMUSSAFES;924503;—;Subvención;07/10/2026;35;https://wp.me/panQjS-iZZ
Concesiones;BASES REGULADORAS Y CONVOCATORIA DEL PROGRAMA “BO COMERÇ D’ALMUSSAFES 2026” PARA LA RECUPERACIÓN DEL SECTOR COMERCIAL Y SERVICIOS DE ALMUSSAFES;AYUNTAMIENTO DE ALMUSSAFES;924503;—;Subvención;07/10/2026;35;https://wp.me/panQjS-iZZ
Concesiones;BASES REGULADORAS Y CONVOCATORIA DEL PROGRAMA “BO COMERÇ D’ALMUSSAFES 2026” PARA LA RECUPERACIÓN DEL SECTOR COMERCIAL Y SERVICIOS DE ALMUSSAFES;AYUNTAMIENTO DE ALMUSSAFES;924503;—;Subvención;07/10/2026;35;https://wp.me/panQjS-iZZ
Concesiones;BASES REGULADORAS Y CONVOCATORIA DEL PROGRAMA “BO COMERÇ D’ALMUSSAFES 2026” PARA LA RECUPERACIÓN DEL SECTOR COMERCIAL Y SERVICIOS DE ALMUSSAFES;AYUNTAMIENTO DE ALMUSSAFES;924503;—;Subvención;07/10/2026;35;https://wp.me/panQjS-iZZ
Concesiones;BASES REGULADORAS Y CONVOCATORIA DEL PROGRAMA “BO COMERÇ D’ALMUSSAFES 2026” PARA LA RECUPERACIÓN DEL SECTOR COMERCIAL Y SERVICIOS DE ALMUSSAFES;AYUNTAMIENTO DE ALMUSSAFES;924503;—;Subvención;07/10/2026;35;https://wp.me/panQjS-iZZ
Concesiones;BASES REGULADORAS Y CONVOCATORIA DEL PROGRAMA “BO COMERÇ D’ALMUSSAFES 2026” PARA LA RECUPERACIÓN DEL SECTOR COMERCIAL Y SERVICIOS DE ALMUSSAFES;AYUNTAMIENTO DE ALMUSSAFES;924503;—;Subvención;07/10/2026;35;https://wp.me/panQjS-iZZ
Concesiones;BASES REGULADORAS Y CONVOCATORIA DEL PROGRAMA “BO COMERÇ D’ALMUSSAFES 2026” PARA LA RECUPERACIÓN DEL SECTOR COMERCIAL Y SERVICIOS DE ALMUSSAFES;AYUNTAMIENTO DE ALMUSSAFES;924503;—;Subvención;07/10/2026;35;https://wp.me/panQjS-iZZ
Concesiones;BASES REGULADORAS Y CONVOCATORIA DEL PROGRAMA “BO COMERÇ D’ALMUSSAFES 2026” PARA LA RECUPERACIÓN DEL SECTOR COMERCIAL Y SERVICIOS DE ALMUSSAFES;AYUNTAMIENTO DE ALMUSSAFES;924503;—;Subvención;07/10/2026;35;https://wp.me/panQjS-iZZ
Concesiones;BASES REGULADORAS Y CONVOCATORIA DEL PROGRAMA “BO COMERÇ D’ALMUSSAFES 2026” PARA LA RECUPERACIÓN DEL SECTOR COMERCIAL Y SERVICIOS DE ALMUSSAFES;AYUNTAMIENTO DE ALMUSSAFES;924503;—;Subvención;07/10/2026;35;https://wp.me/panQjS-iZZ
Concesiones;BASES REGULADORAS Y CONVOCATORIA DEL PROGRAMA “BO COMERÇ D’ALMUSSAFES 2026” PARA LA RECUPERACIÓN DEL SECTOR COMERCIAL Y SERVICIOS DE ALMUSSAFES;AYUNTAMIENTO DE ALMUSSAFES;924503;—;Subvención;07/10/2026;35;https://wp.me/panQjS-iZZ
Concesiones;BASES REGULADORAS Y CONVOCATORIA DEL PROGRAMA “BO COMERÇ D’ALMUSSAFES 2026” PARA LA RECUPERACIÓN DEL SECTOR COMERCIAL Y SERVICIOS DE ALMUSSAFES;AYUNTAMIENTO DE ALMUSSAFES;924503;—;Subvención;07/10/2026;35;https://wp.me/panQjS-iZZ
Concesiones;BASES REGULADORAS Y CONVOCATORIA DEL PROGRAMA “BO COMERÇ D’ALMUSSAFES 2026” PARA LA RECUPERACIÓN DEL SECTOR COMERCIAL Y SERVICIOS DE ALMUSSAFES;AYUNTAMIENTO DE ALMUSSAFES;924503;—;Subvención;07/10/2026;35;https://wp.me/panQjS-iZZ
Concesiones;BASES REGULADORAS Y CONVOCATORIA DEL PROGRAMA “BO COMERÇ D’ALMUSSAFES 2026” PARA LA RECUPERACIÓN DEL SECTOR COMERCIAL Y SERVICIOS DE ALMUSSAFES;AYUNTAMIENTO DE ALMUSSAFES;924503;—;Subvención;07/10/2026;35;https://wp.me/panQjS-iZZ
Concesiones;BASES REGULADORAS Y CONVOCATORIA DEL PROGRAMA “BO COMERÇ D’ALMUSSAFES 2026” PARA LA RECUPERACIÓN DEL SECTOR COMERCIAL Y SERVICIOS DE ALMUSSAFES;AYUNTAMIENTO DE ALMUSSAFES;924503;—;Subvención;07/10/2026;35;https://wp.me/panQjS-iZZ
Concesiones;BASES REGULADORAS Y CONVOCATORIA DEL PROGRAMA “BO COMERÇ D’ALMUSSAFES 2026” PARA LA RECUPERACIÓN DEL SECTOR COMERCIAL Y SERVICIOS DE ALMUSSAFES;AYUNTAMIENTO DE ALMUSSAFES;924503;—;Subvención;07/10/2026;35;https://wp.me/panQjS-iZZ
Concesiones;BASES REGULADORAS Y CONVOCATORIA DEL PROGRAMA “BO COMERÇ D’ALMUSSAFES 2026” PARA LA RECUPERACIÓN DEL SECTOR COMERCIAL Y SERVICIOS DE ALMUSSAFES;AYUNTAMIENTO DE ALMUSSAFES;924503;—;Subvención;07/10/2026;35;https://wp.me/panQjS-iZZ
Concesiones;BASES REGULADORAS Y CONVOCATORIA DEL PROGRAMA “BO COMERÇ D’ALMUSSAFES 2026” PARA LA RECUPERACIÓN DEL SECTOR COMERCIAL Y SERVICIOS DE ALMUSSAFES;AYUNTAMIENTO DE ALMUSSAFES;924503;—;Subvención;07/10/2026;35;https://wp.me/panQjS-iZZ
Concesiones;BASES REGULADORAS Y CONVOCATORIA DEL PROGRAMA “BO COMERÇ D’ALMUSSAFES 2026” PARA LA RECUPERACIÓN DEL SECTOR COMERCIAL Y SERVICIOS DE ALMUSSAFES;AYUNTAMIENTO DE ALMUSSAFES;924503;—;Subvención;07/10/2026;35;https://wp.me/panQjS-iZZ
Concesiones;BASES REGULADORAS Y CONVOCATORIA DEL PROGRAMA “BO COMERÇ D’ALMUSSAFES 2026” PARA LA RECUPERACIÓN DEL SECTOR COMERCIAL Y SERVICIOS DE ALMUSSAFES;AYUNTAMIENTO DE ALMUSSAFES;924503;—;Subvención;07/10/2026;35;https://wp.me/panQjS-iZZ
Concesiones;BASES REGULADORAS Y CONVOCATORIA DEL PROGRAMA “BO COMERÇ D’ALMUSSAFES 2026” PARA LA RECUPERACIÓN DEL SECTOR COMERCIAL Y SERVICIOS DE ALMUSSAFES;AYUNTAMIENTO DE ALMUSSAFES;924503;—;Subvención;07/10/2026;35;https://wp.me/panQjS-iZZ
Concesiones;BASES REGULADORAS Y CONVOCATORIA DEL PROGRAMA “BO COMERÇ D’ALMUSSAFES 2026” PARA LA RECUPERACIÓN DEL SECTOR COMERCIAL Y SERVICIOS DE ALMUSSAFES;AYUNTAMIENTO DE ALMUSSAFES;924503;—;Subvención;07/10/2026;35;https://wp.me/panQjS-iZZ
Concesiones;BASES REGULADORAS Y CONVOCATORIA DEL PROGRAMA “BO COMERÇ D’ALMUSSAFES 2026” PARA LA RECUPERACIÓN DEL SECTOR COMERCIAL Y SERVICIOS DE ALMUSSAFES;AYUNTAMIENTO DE ALMUSSAFES;924503;—;Subvención;07/10/2026;35;https://wp.me/panQjS-iZZ
Concesiones;BASES REGULADORAS Y CONVOCATORIA DEL PROGRAMA “BO COMERÇ D’ALMUSSAFES 2026” PARA LA RECUPERACIÓN DEL SECTOR COMERCIAL Y SERVICIOS DE ALMUSSAFES;AYUNTAMIENTO DE ALMUSSAFES;924503;—;Subvención;07/10/2026;35;https://wp.me/panQjS-iZZ
Concesiones;BASES REGULADORAS Y CONVOCATORIA DEL PROGRAMA “BO COMERÇ D’ALMUSSAFES 2026” PARA LA RECUPERACIÓN DEL SECTOR COMERCIAL Y SERVICIOS DE ALMUSSAFES;AYUNTAMIENTO DE ALMUSSAFES;924503;—;Subvención;07/10/2026;35;https://wp.me/panQjS-iZZ
Concesiones;BASES REGULADORAS Y CONVOCATORIA DEL PROGRAMA “BO COMERÇ D’ALMUSSAFES 2026” PARA LA RECUPERACIÓN DEL SECTOR COMERCIAL Y SERVICIOS DE ALMUSSAFES;AYUNTAMIENTO DE ALMUSSAFES;924503;—;Subvención;07/10/2026;35;https://wp.me/panQjS-iZZ
Concesiones;BASES REGULADORAS Y CONVOCATORIA DEL PROGRAMA “BO COMERÇ D’ALMUSSAFES 2026” PARA LA RECUPERACIÓN DEL SECTOR COMERCIAL Y SERVICIOS DE ALMUSSAFES;AYUNTAMIENTO DE ALMUSSAFES;924503;—;Subvención;07/10/2026;35;https://wp.me/panQjS-iZZ
Concesiones;BASES REGULADORAS Y CONVOCATORIA DEL PROGRAMA “BO COMERÇ D’ALMUSSAFES 2026” PARA LA RECUPERACIÓN DEL SECTOR COMERCIAL Y SERVICIOS DE ALMUSSAFES;AYUNTAMIENTO DE ALMUSSAFES;924503;—;Subvención;07/10/2026;35;https://wp.me/panQjS-iZZ
Concesiones;BASES REGULADORAS Y CONVOCATORIA DEL PROGRAMA “BO COMERÇ D’ALMUSSAFES 2026” PARA LA RECUPERACIÓN DEL SECTOR COMERCIAL Y SERVICIOS DE ALMUSSAFES;AYUNTAMIENTO DE ALMUSSAFES;924503;—;Subvención;07/10/2026;35;https://wp.me/panQjS-iZZ
Concesiones;BASES REGULADORAS Y CONVOCATORIA DEL PROGRAMA “BO COMERÇ D’ALMUSSAFES 2026” PARA LA RECUPERACIÓN DEL SECTOR COMERCIAL Y SERVICIOS DE ALMUSSAFES;AYUNTAMIENTO DE ALMUSSAFES;924503;—;Subvención;07/10/2026;35;https://wp.me/panQjS-iZZ
Concesiones;BASES REGULADORAS Y CONVOCATORIA DEL PROGRAMA “BO COMERÇ D’ALMUSSAFES 2026” PARA LA RECUPERACIÓN DEL SECTOR COMERCIAL Y SERVICIOS DE ALMUSSAFES;AYUNTAMIENTO DE ALMUSSAFES;924503;—;Subvención;07/10/2026;35;https://wp.me/panQjS-iZZ
Concesiones;BASES REGULADORAS Y CONVOCATORIA DEL PROGRAMA “BO COMERÇ D’ALMUSSAFES 2026” PARA LA RECUPERACIÓN DEL SECTOR COMERCIAL Y SERVICIOS DE ALMUSSAFES;AYUNTAMIENTO DE ALMUSSAFES;924503;—;Subvención;07/10/2026;35;https://wp.me/panQjS-iZZ
Concesiones;BASES REGULADORAS Y CONVOCATORIA DEL PROGRAMA “BO COMERÇ D’ALMUSSAFES 2026” PARA LA RECUPERACIÓN DEL SECTOR COMERCIAL Y SERVICIOS DE ALMUSSAFES;AYUNTAMIENTO DE ALMUSSAFES;924503;—;Subvención;07/10/2026;35;https://wp.me/panQjS-iZZ
Concesiones;BASES REGULADORAS Y CONVOCATORIA DEL PROGRAMA “BO COMERÇ D’ALMUSSAFES 2026” PARA LA RECUPERACIÓN DEL SECTOR COMERCIAL Y SERVICIOS DE ALMUSSAFES;AYUNTAMIENTO DE ALMUSSAFES;924503;—;Subvención;07/10/2026;35;https://wp.me/panQjS-iZZ
Concesiones;BASES REGULADORAS Y CONVOCATORIA DEL PROGRAMA “BO COMERÇ D’ALMUSSAFES 2026” PARA LA RECUPERACIÓN DEL SECTOR COMERCIAL Y SERVICIOS DE ALMUSSAFES;AYUNTAMIENTO DE ALMUSSAFES;924503;—;Subvención;07/10/2026;35;https://wp.me/panQjS-iZZ
Concesiones;BASES REGULADORAS Y CONVOCATORIA DEL PROGRAMA “BO COMERÇ D’ALMUSSAFES 2026” PARA LA RECUPERACIÓN DEL SECTOR COMERCIAL Y SERVICIOS DE ALMUSSAFES;AYUNTAMIENTO DE ALMUSSAFES;924503;—;Subvención;07/10/2026;35;https://wp.me/panQjS-iZZ
Concesiones;BASES REGULADORAS Y CONVOCATORIA DEL PROGRAMA “BO COMERÇ D’ALMUSSAFES 2026” PARA LA RECUPERACIÓN DEL SECTOR COMERCIAL Y SERVICIOS DE ALMUSSAFES;AYUNTAMIENTO DE ALMUSSAFES;924503;—;Subvención;07/10/2026;35;https://wp.me/panQjS-iZZ
Concesiones;BASES REGULADORAS Y CONVOCATORIA DEL PROGRAMA “BO COMERÇ D’ALMUSSAFES 2026” PARA LA RECUPERACIÓN DEL SECTOR COMERCIAL Y SERVICIOS DE ALMUSSAFES;AYUNTAMIENTO DE ALMUSSAFES;924503;—;Subvención;07/10/2026;35;https://wp.me/panQjS-iZZ
Concesiones;BASES REGULADORAS Y CONVOCATORIA DEL PROGRAMA “BO COMERÇ D’ALMUSSAFES 2026” PARA LA RECUPERACIÓN DEL SECTOR COMERCIAL Y SERVICIOS DE ALMUSSAFES;AYUNTAMIENTO DE ALMUSSAFES;924503;—;Subvención;07/10/2026;35;https://wp.me/panQjS-iZZ
Concesiones;BASES REGULADORAS Y CONVOCATORIA DEL PROGRAMA “BO COMERÇ D’ALMUSSAFES 2026” PARA LA RECUPERACIÓN DEL SECTOR COMERCIAL Y SERVICIOS DE ALMUSSAFES;AYUNTAMIENTO DE ALMUSSAFES;924503;—;Subvención;07/10/2026;35;https://wp.me/panQjS-iZZ
Concesiones;BASES REGULADORAS Y CONVOCATORIA DEL PROGRAMA “BO COMERÇ D’ALMUSSAFES 2026” PARA LA RECUPERACIÓN DEL SECTOR COMERCIAL Y SERVICIOS DE ALMUSSAFES;AYUNTAMIENTO DE ALMUSSAFES;924503;—;Subvención;07/10/2026;35;https://wp.me/panQjS-iZZ
Concesiones;BASES REGULADORAS Y CONVOCATORIA DEL PROGRAMA “BO COMERÇ D’ALMUSSAFES 2026” PARA LA RECUPERACIÓN DEL SECTOR COMERCIAL Y SERVICIOS DE ALMUSSAFES;AYUNTAMIENTO DE ALMUSSAFES;924503;—;Subvención;07/10/2026;35;https://wp.me/panQjS-iZZ
Concesiones;BASES REGULADORAS Y CONVOCATORIA DEL PROGRAMA “BO COMERÇ D’ALMUSSAFES 2026” PARA LA RECUPERACIÓN DEL SECTOR COMERCIAL Y SERVICIOS DE ALMUSSAFES;AYUNTAMIENTO DE ALMUSSAFES;924503;—;Subvención;07/10/2026;35;https://wp.me/panQjS-iZZ
Concesiones;BASES REGULADORAS Y CONVOCATORIA DEL PROGRAMA “BO COMERÇ D’ALMUSSAFES 2026” PARA LA RECUPERACIÓN DEL SECTOR COMERCIAL Y SERVICIOS DE ALMUSSAFES;AYUNTAMIENTO DE ALMUSSAFES;924503;—;Subvención;07/10/2026;35;https://wp.me/panQjS-iZZ
Concesiones;BASES REGULADORAS Y CONVOCATORIA DEL PROGRAMA “BO COMERÇ D’ALMUSSAFES 2026” PARA LA RECUPERACIÓN DEL SECTOR COMERCIAL Y SERVICIOS DE ALMUSSAFES;AYUNTAMIENTO DE ALMUSSAFES;924503;—;Subvención;07/10/2026;35;https://wp.me/panQjS-iZZ
Concesiones;BASES REGULADORAS Y CONVOCATORIA DEL PROGRAMA “BO COMERÇ D’ALMUSSAFES 2026” PARA LA RECUPERACIÓN DEL SECTOR COMERCIAL Y SERVICIOS DE ALMUSSAFES;AYUNTAMIENTO DE ALMUSSAFES;924503;—;Subvención;07/10/2026;35;https://wp.me/panQjS-iZZ
Concesiones;BASES REGULADORAS Y CONVOCATORIA DEL PROGRAMA “BO COMERÇ D’ALMUSSAFES 2026” PARA LA RECUPERACIÓN DEL SECTOR COMERCIAL Y SERVICIOS DE ALMUSSAFES;AYUNTAMIENTO DE ALMUSSAFES;924503;—;Subvención;07/10/2026;35;https://wp.me/panQjS-iZZ
Concesiones;BASES REGULADORAS Y CONVOCATORIA DEL PROGRAMA “BO COMERÇ D’ALMUSSAFES 2026” PARA LA RECUPERACIÓN DEL SECTOR COMERCIAL Y SERVICIOS DE ALMUSSAFES;AYUNTAMIENTO DE ALMUSSAFES;924503;—;Subvención;07/10/2026;35;https://wp.me/panQjS-iZZ
Concesiones;BASES REGULADORAS Y CONVOCATORIA DEL PROGRAMA “BO COMERÇ D’ALMUSSAFES 2026” PARA LA RECUPERACIÓN DEL SECTOR COMERCIAL Y SERVICIOS DE ALMUSSAFES;AYUNTAMIENTO DE ALMUSSAFES;924503;—;Subvención;07/10/2026;35;https://wp.me/panQjS-iZZ
Concesiones;BASES REGULADORAS Y CONVOCATORIA DEL PROGRAMA “BO COMERÇ D’ALMUSSAFES 2026” PARA LA RECUPERACIÓN DEL SECTOR COMERCIAL Y SERVICIOS DE ALMUSSAFES;AYUNTAMIENTO DE ALMUSSAFES;924503;—;Subvención;07/10/2026;35;https://wp.me/panQjS-iZZ
Concesiones;BASES REGULADORAS Y CONVOCATORIA DEL PROGRAMA “BO COMERÇ D’ALMUSSAFES 2026” PARA LA RECUPERACIÓN DEL SECTOR COMERCIAL Y SERVICIOS DE ALMUSSAFES;AYUNTAMIENTO DE ALMUSSAFES;924503;—;Subvención;07/10/2026;35;https://wp.me/panQjS-iZZ
Concesiones;BASES REGULADORAS Y CONVOCATORIA DEL PROGRAMA “BO COMERÇ D’ALMUSSAFES 2026” PARA LA RECUPERACIÓN DEL SECTOR COMERCIAL Y SERVICIOS DE ALMUSSAFES;AYUNTAMIENTO DE ALMUSSAFES;924503;—;Subvención;07/10/2026;35;https://wp.me/panQjS-iZZ
Concesiones;BASES REGULADORAS Y CONVOCATORIA DEL PROGRAMA “BO COMERÇ D’ALMUSSAFES 2026” PARA LA RECUPERACIÓN DEL SECTOR COMERCIAL Y SERVICIOS DE ALMUSSAFES;AYUNTAMIENTO DE ALMUSSAFES;924503;—;Subvención;07/10/2026;35;https://wp.me/panQjS-iZZ
Concesiones;BASES REGULADORAS Y CONVOCATORIA DEL PROGRAMA “BO COMERÇ D’ALMUSSAFES 2026” PARA LA RECUPERACIÓN DEL SECTOR COMERCIAL Y SERVICIOS DE ALMUSSAFES;AYUNTAMIENTO DE ALMUSSAFES;924503;—;Subvención;07/10/2026;35;https://wp.me/panQjS-iZZ
Concesiones;BASES REGULADORAS Y CONVOCATORIA DEL PROGRAMA “BO COMERÇ D’ALMUSSAFES 2026” PARA LA RECUPERACIÓN DEL SECTOR COMERCIAL Y SERVICIOS DE ALMUSSAFES;AYUNTAMIENTO DE ALMUSSAFES;924503;—;Subvención;07/10/2026;35;https://wp.me/panQjS-iZZ
Concesiones;BASES REGULADORAS Y CONVOCATORIA DEL PROGRAMA “BO COMERÇ D’ALMUSSAFES 2026” PARA LA RECUPERACIÓN DEL SECTOR COMERCIAL Y SERVICIOS DE ALMUSSAFES;AYUNTAMIENTO DE ALMUSSAFES;924503;—;Subvención;07/10/2026;35;https://wp.me/panQjS-iZZ
Concesiones;BASES REGULADORAS Y CONVOCATORIA DEL PROGRAMA “BO COMERÇ D’ALMUSSAFES 2026” PARA LA RECUPERACIÓN DEL SECTOR COMERCIAL Y SERVICIOS DE ALMUSSAFES;AYUNTAMIENTO DE ALMUSSAFES;924503;—;Subvención;07/10/2026;35;https://wp.me/panQjS-iZZ
Concesiones;BASES REGULADORAS Y CONVOCATORIA DEL PROGRAMA “BO COMERÇ D’ALMUSSAFES 2026” PARA LA RECUPERACIÓN DEL SECTOR COMERCIAL Y SERVICIOS DE ALMUSSAFES;AYUNTAMIENTO DE ALMUSSAFES;924503;—;Subvención;07/10/2026;35;https://wp.me/panQjS-iZZ
Concesiones;BASES REGULADORAS Y CONVOCATORIA DEL PROGRAMA “BO COMERÇ D’ALMUSSAFES 2026” PARA LA RECUPERACIÓN DEL SECTOR COMERCIAL Y SERVICIOS DE ALMUSSAFES;AYUNTAMIENTO DE ALMUSSAFES;924503;—;Subvención;07/10/2026;35;https://wp.me/panQjS-iZZ
Concesiones;BASES REGULADORAS Y CONVOCATORIA DEL PROGRAMA “BO COMERÇ D’ALMUSSAFES 2026” PARA LA RECUPERACIÓN DEL SECTOR COMERCIAL Y SERVICIOS DE ALMUSSAFES;AYUNTAMIENTO DE ALMUSSAFES;924503;—;Subvención;07/10/2026;35;https://wp.me/panQjS-iZZ
Concesiones;BASES REGULADORAS Y CONVOCATORIA DEL PROGRAMA “BO COMERÇ D’ALMUSSAFES 2026” PARA LA RECUPERACIÓN DEL SECTOR COMERCIAL Y SERVICIOS DE ALMUSSAFES;AYUNTAMIENTO DE ALMUSSAFES;924503;—;Subvención;07/10/2026;35;https://wp.me/panQjS-iZZ
Concesiones;BASES REGULADORAS Y CONVOCATORIA DEL PROGRAMA “BO COMERÇ D’ALMUSSAFES 2026” PARA LA RECUPERACIÓN DEL SECTOR COMERCIAL Y SERVICIOS DE ALMUSSAFES;AYUNTAMIENTO DE ALMUSSAFES;924503;—;Subvención;07/10/2026;35;https://wp.me/panQjS-iZZ
Concesiones;BASES REGULADORAS Y CONVOCATORIA DEL PROGRAMA “BO COMERÇ D’ALMUSSAFES 2026” PARA LA RECUPERACIÓN DEL SECTOR COMERCIAL Y SERVICIOS DE ALMUSSAFES;AYUNTAMIENTO DE ALMUSSAFES;924503;—;Subvención;07/10/2026;35;https://wp.me/panQjS-iZZ
Concesiones;BASES REGULADORAS Y CONVOCATORIA DEL PROGRAMA “BO COMERÇ D’ALMUSSAFES 2026” PARA LA RECUPERACIÓN DEL SECTOR COMERCIAL Y SERVICIOS DE ALMUSSAFES;AYUNTAMIENTO DE ALMUSSAFES;924503;—;Subvención;07/10/2026;35;https://wp.me/panQjS-iZZ
Concesiones;BASES REGULADORAS Y CONVOCATORIA DEL PROGRAMA “BO COMERÇ D’ALMUSSAFES 2026” PARA LA RECUPERACIÓN DEL SECTOR COMERCIAL Y SERVICIOS DE ALMUSSAFES;AYUNTAMIENTO DE ALMUSSAFES;924503;—;Subvención;07/10/2026;35;https://wp.me/panQjS-iZZ
Concesiones;BASES REGULADORAS Y CONVOCATORIA DEL PROGRAMA “BO COMERÇ D’ALMUSSAFES 2026” PARA LA RECUPERACIÓN DEL SECTOR COMERCIAL Y SERVICIOS DE ALMUSSAFES;AYUNTAMIENTO DE ALMUSSAFES;924503;—;Subvención;07/10/2026;35;https://wp.me/panQjS-iZZ
Concesiones;BASES REGULADORAS Y CONVOCATORIA DEL PROGRAMA “BO COMERÇ D’ALMUSSAFES 2026” PARA LA RECUPERACIÓN DEL SECTOR COMERCIAL Y SERVICIOS DE ALMUSSAFES;AYUNTAMIENTO DE ALMUSSAFES;924503;—;Subvención;07/10/2026;35;https://wp.me/panQjS-iZZ
Concesiones;BASES REGULADORAS Y CONVOCATORIA DEL PROGRAMA “BO COMERÇ D’ALMUSSAFES 2026” PARA LA RECUPERACIÓN DEL SECTOR COMERCIAL Y SERVICIOS DE ALMUSSAFES;AYUNTAMIENTO DE ALMUSSAFES;924503;—;Subvención;07/10/2026;35;https://wp.me/panQjS-iZZ
Concesiones;BASES REGULADORAS Y CONVOCATORIA DEL PROGRAMA “BO COMERÇ D’ALMUSSAFES 2026” PARA LA RECUPERACIÓN DEL SECTOR COMERCIAL Y SERVICIOS DE ALMUSSAFES;AYUNTAMIENTO DE ALMUSSAFES;924503;—;Subvención;07/10/2026;35;https://wp.me/panQjS-iZZ
Concesiones;BASES REGULADORAS Y CONVOCATORIA DEL PROGRAMA “BO COMERÇ D’ALMUSSAFES 2026” PARA LA RECUPERACIÓN DEL SECTOR COMERCIAL Y SERVICIOS DE ALMUSSAFES;AYUNTAMIENTO DE ALMUSSAFES;924503;—;Subvención;07/10/2026;35;https://wp.me/panQjS-iZZ
Concesiones;BASES REGULADORAS Y CONVOCATORIA DEL PROGRAMA “BO COMERÇ D’ALMUSSAFES 2026” PARA LA RECUPERACIÓN DEL SECTOR COMERCIAL Y SERVICIOS DE ALMUSSAFES;AYUNTAMIENTO DE ALMUSSAFES;924503;—;Subvención;07/10/2026;35;https://wp.me/panQjS-iZZ
Concesiones;BASES REGULADORAS Y CONVOCATORIA DEL PROGRAMA “BO COMERÇ D’ALMUSSAFES 2026” PARA LA RECUPERACIÓN DEL SECTOR COMERCIAL Y SERVICIOS DE ALMUSSAFES;AYUNTAMIENTO DE ALMUSSAFES;924503;—;Subvención;07/10/2026;35;https://wp.me/panQjS-iZZ
Concesiones;BASES REGULADORAS Y CONVOCATORIA DEL PROGRAMA “BO COMERÇ D’ALMUSSAFES 2026” PARA LA RECUPERACIÓN DEL SECTOR COMERCIAL Y SERVICIOS DE ALMUSSAFES;AYUNTAMIENTO DE ALMUSSAFES;924503;—;Subvención;07/10/2026;35;https://wp.me/panQjS-iZZ
Concesiones;BASES REGULADORAS Y CONVOCATORIA DEL PROGRAMA “BO COMERÇ D’ALMUSSAFES 2026” PARA LA RECUPERACIÓN DEL SECTOR COMERCIAL Y SERVICIOS DE ALMUSSAFES;AYUNTAMIENTO DE ALMUSSAFES;924503;—;Subvención;07/10/2026;35;https://wp.me/panQjS-iZZ
Concesiones;BASES REGULADORAS Y CONVOCATORIA DEL PROGRAMA “BO COMERÇ D’ALMUSSAFES 2026” PARA LA RECUPERACIÓN DEL SECTOR COMERCIAL Y SERVICIOS DE ALMUSSAFES;AYUNTAMIENTO DE ALMUSSAFES;924503;—;Subvención;07/10/2026;35;https://wp.me/panQjS-iZZ
Concesiones;BASES REGULADORAS Y CONVOCATORIA DEL PROGRAMA “BO COMERÇ D’ALMUSSAFES 2026” PARA LA RECUPERACIÓN DEL SECTOR COMERCIAL Y SERVICIOS DE ALMUSSAFES;AYUNTAMIENTO DE ALMUSSAFES;924503;—;Subvención;07/10/2026;35;https://wp.me/panQjS-iZZ
Concesiones;BASES REGULADORAS Y CONVOCATORIA DEL PROGRAMA “BO COMERÇ D’ALMUSSAFES 2026” PARA LA RECUPERACIÓN DEL SECTOR COMERCIAL Y SERVICIOS DE ALMUSSAFES;AYUNTAMIENTO DE ALMUSSAFES;924503;—;Subvención;07/10/2026;35;https://wp.me/panQjS-iZZ
Concesiones;BASES REGULADORAS Y CONVOCATORIA DEL PROGRAMA “BO COMERÇ D’ALMUSSAFES 2026” PARA LA RECUPERACIÓN DEL SECTOR COMERCIAL Y SERVICIOS DE ALMUSSAFES;AYUNTAMIENTO DE ALMUSSAFES;924503;—;Subvención;07/10/2026;35;https://wp.me/panQjS-iZZ
Concesiones;BASES REGULADORAS Y CONVOCATORIA DEL PROGRAMA “BO COMERÇ D’ALMUSSAFES 2026” PARA LA RECUPERACIÓN DEL SECTOR COMERCIAL Y SERVICIOS DE ALMUSSAFES;AYUNTAMIENTO DE ALMUSSAFES;924503;—;Subvención;07/10/2026;35;https://wp.me/panQjS-iZZ
Concesiones;BASES REGULADORAS Y CONVOCATORIA DEL PROGRAMA “BO COMERÇ D’ALMUSSAFES 2026” PARA LA RECUPERACIÓN DEL SECTOR COMERCIAL Y SERVICIOS DE ALMUSSAFES;AYUNTAMIENTO DE ALMUSSAFES;924503;—;Subvención;07/10/2026;35;https://wp.me/panQjS-iZZ
Concesiones;BASES REGULADORAS Y CONVOCATORIA DEL PROGRAMA “BO COMERÇ D’ALMUSSAFES 2026” PARA LA RECUPERACIÓN DEL SECTOR COMERCIAL Y SERVICIOS DE ALMUSSAFES;AYUNTAMIENTO DE ALMUSSAFES;924503;—;Subvención;07/10/2026;35;https://wp.me/panQjS-iZZ
Concesiones;BASES REGULADORAS Y CONVOCATORIA DEL PROGRAMA “BO COMERÇ D’ALMUSSAFES 2026” PARA LA RECUPERACIÓN DEL SECTOR COMERCIAL Y SERVICIOS DE ALMUSSAFES;AYUNTAMIENTO DE ALMUSSAFES;924503;—;Subvención;07/10/2026;35;https://wp.me/panQjS-iZZ
Concesiones;BASES REGULADORAS Y CONVOCATORIA DEL PROGRAMA “BO COMERÇ D’ALMUSSAFES 2026” PARA LA RECUPERACIÓN DEL SECTOR COMERCIAL Y SERVICIOS DE ALMUSSAFES;AYUNTAMIENTO DE ALMUSSAFES;924503;—;Subvención;07/10/2026;35;https://wp.me/panQjS-iZZ
Concesiones;BASES REGULADORAS Y CONVOCATORIA DEL PROGRAMA “BO COMERÇ D’ALMUSSAFES 2026” PARA LA RECUPERACIÓN DEL SECTOR COMERCIAL Y SERVICIOS DE ALMUSSAFES;AYUNTAMIENTO DE ALMUSSAFES;924503;—;Subvención;07/10/2026;35;https://wp.me/panQjS-iZZ
Concesiones;BASES REGULADORAS Y CONVOCATORIA DEL PROGRAMA “BO COMERÇ D’ALMUSSAFES 2026” PARA LA RECUPERACIÓN DEL SECTOR COMERCIAL Y SERVICIOS DE ALMUSSAFES;AYUNTAMIENTO DE ALMUSSAFES;924503;—;Subvención;07/10/2026;35;https://wp.me/panQjS-iZZ
Concesiones;BASES REGULADORAS Y CONVOCATORIA DEL PROGRAMA “BO COMERÇ D’ALMUSSAFES 2026” PARA LA RECUPERACIÓN DEL SECTOR COMERCIAL Y SERVICIOS DE ALMUSSAFES;AYUNTAMIENTO DE ALMUSSAFES;924503;—;Subvención;07/10/2026;35;https://wp.me/panQjS-iZZ
Concesiones;BASES REGULADORAS Y CONVOCATORIA DEL PROGRAMA “BO COMERÇ D’ALMUSSAFES 2026” PARA LA RECUPERACIÓN DEL SECTOR COMERCIAL Y SERVICIOS DE ALMUSSAFES;AYUNTAMIENTO DE ALMUSSAFES;924503;—;Subvención;07/10/2026;35;https://wp.me/panQjS-iZZ
Concesiones;BASES REGULADORAS Y CONVOCATORIA DEL PROGRAMA “BO COMERÇ D’ALMUSSAFES 2026” PARA LA RECUPERACIÓN DEL SECTOR COMERCIAL Y SERVICIOS DE ALMUSSAFES;AYUNTAMIENTO DE ALMUSSAFES;924503;—;Subvención;07/10/2026;35;https://wp.me/panQjS-iZZ
Concesiones;BASES REGULADORAS Y CONVOCATORIA DEL PROGRAMA “BO COMERÇ D’ALMUSSAFES 2026” PARA LA RECUPERACIÓN DEL SECTOR COMERCIAL Y SERVICIOS DE ALMUSSAFES;AYUNTAMIENTO DE ALMUSSAFES;924503;—;Subvención;07/10/2026;35;https://wp.me/panQjS-iZZ
Concesiones;BASES REGULADORAS Y CONVOCATORIA DEL PROGRAMA “BO COMERÇ D’ALMUSSAFES 2026” PARA LA RECUPERACIÓN DEL SECTOR COMERCIAL Y SERVICIOS DE ALMUSSAFES;AYUNTAMIENTO DE ALMUSSAFES;924503;—;Subvención;07/10/2026;35;https://wp.me/panQjS-iZZ
Concesiones;BASES REGULADORAS Y CONVOCATORIA DEL PROGRAMA “BO COMERÇ D’ALMUSSAFES 2026” PARA LA RECUPERACIÓN DEL SECTOR COMERCIAL Y SERVICIOS DE ALMUSSAFES;AYUNTAMIENTO DE ALMUSSAFES;924503;—;Subvención;07/10/2026;35;https://wp.me/panQjS-iZZ
Concesiones;BASES REGULADORAS Y CONVOCATORIA DEL PROGRAMA “BO COMERÇ D’ALMUSSAFES 2026” PARA LA RECUPERACIÓN DEL SECTOR COMERCIAL Y SERVICIOS DE ALMUSSAFES;AYUNTAMIENTO DE ALMUSSAFES;924503;—;Subvención;07/10/2026;35;https://wp.me/panQjS-iZZ
Concesiones;BASES REGULADORAS Y CONVOCATORIA DEL PROGRAMA “BO COMERÇ D’ALMUSSAFES 2026” PARA LA RECUPERACIÓN DEL SECTOR COMERCIAL Y SERVICIOS DE ALMUSSAFES;AYUNTAMIENTO DE ALMUSSAFES;924503;—;Subvención;07/10/2026;35;https://wp.me/panQjS-iZZ
Concesiones;BASES REGULADORAS Y CONVOCATORIA DEL PROGRAMA “BO COMERÇ D’ALMUSSAFES 2026” PARA LA RECUPERACIÓN DEL SECTOR COMERCIAL Y SERVICIOS DE ALMUSSAFES;AYUNTAMIENTO DE ALMUSSAFES;924503;—;Subvención;07/10/2026;35;https://wp.me/panQjS-iZZ
Concesiones;BASES REGULADORAS Y CONVOCATORIA DEL PROGRAMA “BO COMERÇ D’ALMUSSAFES 2026” PARA LA RECUPERACIÓN DEL SECTOR COMERCIAL Y SERVICIOS DE ALMUSSAFES;AYUNTAMIENTO DE ALMUSSAFES;924503;—;Subvención;07/10/2026;35;https://wp.me/panQjS-iZZ
Concesiones;BASES REGULADORAS Y CONVOCATORIA DEL PROGRAMA “BO COMERÇ D’ALMUSSAFES 2026” PARA LA RECUPERACIÓN DEL SECTOR COMERCIAL Y SERVICIOS DE ALMUSSAFES;AYUNTAMIENTO DE ALMUSSAFES;924503;—;Subvención;07/10/2026;35;https://wp.me/panQjS-iZZ
Concesiones;BASES REGULADORAS Y CONVOCATORIA DEL PROGRAMA “BO COMERÇ D’ALMUSSAFES 2026” PARA LA RECUPERACIÓN DEL SECTOR COMERCIAL Y SERVICIOS DE ALMUSSAFES;AYUNTAMIENTO DE ALMUSSAFES;924503;—;Subvención;07/10/2026;35;https://wp.me/panQjS-iZZ
Concesiones;BASES REGULADORAS Y CONVOCATORIA DEL PROGRAMA “BO COMERÇ D’ALMUSSAFES 2026” PARA LA RECUPERACIÓN DEL SECTOR COMERCIAL Y SERVICIOS DE ALMUSSAFES;AYUNTAMIENTO DE ALMUSSAFES;924503;—;Subvención;07/10/2026;35;https://wp.me/panQjS-iZZ
Concesiones;BASES REGULADORAS Y CONVOCATORIA DEL PROGRAMA “BO COMERÇ D’ALMUSSAFES 2026” PARA LA RECUPERACIÓN DEL SECTOR COMERCIAL Y SERVICIOS DE ALMUSSAFES;AYUNTAMIENTO DE ALMUSSAFES;924503;—;Subvención;07/10/2026;35;https://wp.me/panQjS-iZZ
Concesiones;BASES REGULADORAS Y CONVOCATORIA DEL PROGRAMA “BO COMERÇ D’ALMUSSAFES 2026” PARA LA RECUPERACIÓN DEL SECTOR COMERCIAL Y SERVICIOS DE ALMUSSAFES;AYUNTAMIENTO DE ALMUSSAFES;924503;—;Subvención;07/10/2026;35;https://wp.me/panQjS-iZZ
Concesiones;BASES REGULADORAS Y CONVOCATORIA DEL PROGRAMA “BO COMERÇ D’ALMUSSAFES 2026” PARA LA RECUPERACIÓN DEL SECTOR COMERCIAL Y SERVICIOS DE ALMUSSAFES;AYUNTAMIENTO DE ALMUSSAFES;924503;—;Subvención;07/10/2026;35;https://wp.me/panQjS-iZZ
Concesiones;BASES REGULADORAS Y CONVOCATORIA DEL PROGRAMA “BO COMERÇ D’ALMUSSAFES 2026” PARA LA RECUPERACIÓN DEL SECTOR COMERCIAL Y SERVICIOS DE ALMUSSAFES;AYUNTAMIENTO DE ALMUSSAFES;924503;—;Subvención;07/10/2026;35;https://wp.me/panQjS-iZZ
Concesiones;BASES REGULADORAS Y CONVOCATORIA DEL PROGRAMA “BO COMERÇ D’ALMUSSAFES 2026” PARA LA RECUPERACIÓN DEL SECTOR COMERCIAL Y SERVICIOS DE ALMUSSAFES;AYUNTAMIENTO DE ALMUSSAFES;924503;—;Subvención;07/10/2026;35;https://wp.me/panQjS-iZZ
Concesiones;BASES REGULADORAS Y CONVOCATORIA DEL PROGRAMA “BO COMERÇ D’ALMUSSAFES 2026” PARA LA RECUPERACIÓN DEL SECTOR COMERCIAL Y SERVICIOS DE ALMUSSAFES;AYUNTAMIENTO DE ALMUSSAFES;924503;—;Subvención;07/10/2026;35;https://wp.me/panQjS-iZZ
Concesiones;BASES REGULADORAS Y CONVOCATORIA DEL PROGRAMA “BO COMERÇ D’ALMUSSAFES 2026” PARA LA RECUPERACIÓN DEL SECTOR COMERCIAL Y SERVICIOS DE ALMUSSAFES;AYUNTAMIENTO DE ALMUSSAFES;924503;—;Subvención;07/10/2026;35;https://wp.me/panQjS-iZZ
Concesiones;BASES REGULADORAS Y CONVOCATORIA DEL PROGRAMA “BO COMERÇ D’ALMUSSAFES 2026” PARA LA RECUPERACIÓN DEL SECTOR COMERCIAL Y SERVICIOS DE ALMUSSAFES;AYUNTAMIENTO DE ALMUSSAFES;924503;—;Subvención;07/10/2026;35;https://wp.me/panQjS-iZZ
Concesiones;BASES REGULADORAS Y CONVOCATORIA DEL PROGRAMA “BO COMERÇ D’ALMUSSAFES 2026” PARA LA RECUPERACIÓN DEL SECTOR COMERCIAL Y SERVICIOS DE ALMUSSAFES;AYUNTAMIENTO DE ALMUSSAFES;924503;—;Subvención;07/10/2026;35;https://wp.me/panQjS-iZZ
Concesiones;BASES REGULADORAS Y CONVOCATORIA DEL PROGRAMA “BO COMERÇ D’ALMUSSAFES 2026” PARA LA RECUPERACIÓN DEL SECTOR COMERCIAL Y SERVICIOS DE ALMUSSAFES;AYUNTAMIENTO DE ALMUSSAFES;924503;—;Subvención;07/10/2026;35;https://wp.me/panQjS-iZZ
Concesiones;BASES REGULADORAS Y CONVOCATORIA DEL PROGRAMA “BO COMERÇ D’ALMUSSAFES 2026” PARA LA RECUPERACIÓN DEL SECTOR COMERCIAL Y SERVICIOS DE ALMUSSAFES;AYUNTAMIENTO DE ALMUSSAFES;924503;—;Subvención;07/10/2026;35;https://wp.me/panQjS-iZZ
Concesiones;BASES REGULADORAS Y CONVOCATORIA DEL PROGRAMA “BO COMERÇ D’ALMUSSAFES 2026” PARA LA RECUPERACIÓN DEL SECTOR COMERCIAL Y SERVICIOS DE ALMUSSAFES;AYUNTAMIENTO DE ALMUSSAFES;924503;—;Subvención;07/10/2026;35;https://wp.me/panQjS-iZZ
Concesiones;BASES REGULADORAS Y CONVOCATORIA DEL PROGRAMA “BO COMERÇ D’ALMUSSAFES 2026” PARA LA RECUPERACIÓN DEL SECTOR COMERCIAL Y SERVICIOS DE ALMUSSAFES;AYUNTAMIENTO DE ALMUSSAFES;924503;—;Subvención;07/10/2026;35;https://wp.me/panQjS-iZZ
Concesiones;BASES REGULADORAS Y CONVOCATORIA DEL PROGRAMA “BO COMERÇ D’ALMUSSAFES 2026” PARA LA RECUPERACIÓN DEL SECTOR COMERCIAL Y SERVICIOS DE ALMUSSAFES;AYUNTAMIENTO DE ALMUSSAFES;924503;—;Subvención;07/10/2026;35;https://wp.me/panQjS-iZZ
Concesiones;BASES REGULADORAS Y CONVOCATORIA DEL PROGRAMA “BO COMERÇ D’ALMUSSAFES 2026” PARA LA RECUPERACIÓN DEL SECTOR COMERCIAL Y SERVICIOS DE ALMUSSAFES;AYUNTAMIENTO DE ALMUSSAFES;924503;—;Subvención;07/10/2026;35;https://wp.me/panQjS-iZZ
Concesiones;BASES REGULADORAS Y CONVOCATORIA DEL PROGRAMA “BO COMERÇ D’ALMUSSAFES 2026” PARA LA RECUPERACIÓN DEL SECTOR COMERCIAL Y SERVICIOS DE ALMUSSAFES;AYUNTAMIENTO DE ALMUSSAFES;924503;—;Subvención;07/10/2026;35;https://wp.me/panQjS-iZZ
Concesiones;BASES REGULADORAS Y CONVOCATORIA DEL PROGRAMA “BO COMERÇ D’ALMUSSAFES 2026” PARA LA RECUPERACIÓN DEL SECTOR COMERCIAL Y SERVICIOS DE ALMUSSAFES;AYUNTAMIENTO DE ALMUSSAFES;924503;—;Subvención;07/10/2026;35;https://wp.me/panQjS-iZZ
Concesiones;BASES REGULADORAS Y CONVOCATORIA DEL PROGRAMA “BO COMERÇ D’ALMUSSAFES 2026” PARA LA RECUPERACIÓN DEL SECTOR COMERCIAL Y SERVICIOS DE ALMUSSAFES;AYUNTAMIENTO DE ALMUSSAFES;924503;—;Subvención;07/10/2026;35;https://wp.me/panQjS-iZZ
Concesiones;BASES REGULADORAS Y CONVOCATORIA DEL PROGRAMA “BO COMERÇ D’ALMUSSAFES 2026” PARA LA RECUPERACIÓN DEL SECTOR COMERCIAL Y SERVICIOS DE ALMUSSAFES;AYUNTAMIENTO DE ALMUSSAFES;924503;—;Subvención;07/10/2026;35;https://wp.me/panQjS-iZZ
Concesiones;BASES REGULADORAS Y CONVOCATORIA DEL PROGRAMA “BO COMERÇ D’ALMUSSAFES 2026” PARA LA RECUPERACIÓN DEL SECTOR COMERCIAL Y SERVICIOS DE ALMUSSAFES;AYUNTAMIENTO DE ALMUSSAFES;924503;—;Subvención;07/10/2026;35;https://wp.me/panQjS-iZZ
Concesiones;BASES REGULADORAS Y CONVOCATORIA DEL PROGRAMA “BO COMERÇ D’ALMUSSAFES 2026” PARA LA RECUPERACIÓN DEL SECTOR COMERCIAL Y SERVICIOS DE ALMUSSAFES;AYUNTAMIENTO DE ALMUSSAFES;924503;—;Subvención;07/10/2026;35;https://wp.me/panQjS-iZZ
Concesiones;BASES REGULADORAS Y CONVOCATORIA DEL PROGRAMA “BO COMERÇ D’ALMUSSAFES 2026” PARA LA RECUPERACIÓN DEL SECTOR COMERCIAL Y SERVICIOS DE ALMUSSAFES;AYUNTAMIENTO DE ALMUSSAFES;924503;—;Subvención;07/10/2026;35;https://wp.me/panQjS-iZZ
Concesiones;BASES REGULADORAS Y CONVOCATORIA DEL PROGRAMA “BO COMERÇ D’ALMUSSAFES 2026” PARA LA RECUPERACIÓN DEL SECTOR COMERCIAL Y SERVICIOS DE ALMUSSAFES;AYUNTAMIENTO DE ALMUSSAFES;924503;—;Subvención;07/10/2026;35;https://wp.me/panQjS-iZZ
Concesiones;BASES REGULADORAS Y CONVOCATORIA DEL PROGRAMA “BO COMERÇ D’ALMUSSAFES 2026” PARA LA RECUPERACIÓN DEL SECTOR COMERCIAL Y SERVICIOS DE ALMUSSAFES;AYUNTAMIENTO DE ALMUSSAFES;924503;—;Subvención;07/10/2026;35;https://wp.me/panQjS-iZZ
Concesiones;BASES REGULADORAS Y CONVOCATORIA DEL PROGRAMA “BO COMERÇ D’ALMUSSAFES 2026” PARA LA RECUPERACIÓN DEL SECTOR COMERCIAL Y SERVICIOS DE ALMUSSAFES;AYUNTAMIENTO DE ALMUSSAFES;924503;—;Subvención;07/10/2026;35;https://wp.me/panQjS-iZZ
Concesiones;BASES REGULADORAS Y CONVOCATORIA DEL PROGRAMA “BO COMERÇ D’ALMUSSAFES 2026” PARA LA RECUPERACIÓN DEL SECTOR COMERCIAL Y SERVICIOS DE ALMUSSAFES;AYUNTAMIENTO DE ALMUSSAFES;924503;—;Subvención;07/10/2026;35;https://wp.me/panQjS-iZZ
Concesiones;BASES REGULADORAS Y CONVOCATORIA DEL PROGRAMA “BO COMERÇ D’ALMUSSAFES 2026” PARA LA RECUPERACIÓN DEL SECTOR COMERCIAL Y SERVICIOS DE ALMUSSAFES;AYUNTAMIENTO DE ALMUSSAFES;924503;—;Subvención;07/10/2026;35;https://wp.me/panQjS-iZZ
Concesiones;BASES REGULADORAS Y CONVOCATORIA DEL PROGRAMA “BO COMERÇ D’ALMUSSAFES 2026” PARA LA RECUPERACIÓN DEL SECTOR COMERCIAL Y SERVICIOS DE ALMUSSAFES;AYUNTAMIENTO DE ALMUSSAFES;924503;—;Subvención;07/10/2026;35;https://wp.me/panQjS-iZZ
Concesiones;BASES REGULADORAS Y CONVOCATORIA DEL PROGRAMA “BO COMERÇ D’ALMUSSAFES 2026” PARA LA RECUPERACIÓN DEL SECTOR COMERCIAL Y SERVICIOS DE ALMUSSAFES;AYUNTAMIENTO DE ALMUSSAFES;924503;—;Subvención;07/10/2026;35;https://wp.me/panQjS-iZZ
Concesiones;BASES REGULADORAS Y CONVOCATORIA DEL PROGRAMA “BO COMERÇ D’ALMUSSAFES 2026” PARA LA RECUPERACIÓN DEL SECTOR COMERCIAL Y SERVICIOS DE ALMUSSAFES;AYUNTAMIENTO DE ALMUSSAFES;924503;—;Subvención;07/10/2026;35;https://wp.me/panQjS-iZZ
Concesiones;BASES REGULADORAS Y CONVOCATORIA DEL PROGRAMA “BO COMERÇ D’ALMUSSAFES 2026” PARA LA RECUPERACIÓN DEL SECTOR COMERCIAL Y SERVICIOS DE ALMUSSAFES;AYUNTAMIENTO DE ALMUSSAFES;924503;—;Subvención;07/10/2026;35;https://wp.me/panQjS-iZZ
Concesiones;BASES REGULADORAS Y CONVOCATORIA DEL PROGRAMA “BO COMERÇ D’ALMUSSAFES 2026” PARA LA RECUPERACIÓN DEL SECTOR COMERCIAL Y SERVICIOS DE ALMUSSAFES;AYUNTAMIENTO DE ALMUSSAFES;924503;—;Subvención;07/10/2026;35;https://wp.me/panQjS-iZZ
Concesiones;BASES REGULADORAS Y CONVOCATORIA DEL PROGRAMA “BO COMERÇ D’ALMUSSAFES 2026” PARA LA RECUPERACIÓN DEL SECTOR COMERCIAL Y SERVICIOS DE ALMUSSAFES;AYUNTAMIENTO DE ALMUSSAFES;924503;—;Subvención;07/10/2026;35;https://wp.me/panQjS-iZZ
Concesiones;BASES REGULADORAS Y CONVOCATORIA DEL PROGRAMA “BO COMERÇ D’ALMUSSAFES 2026” PARA LA RECUPERACIÓN DEL SECTOR COMERCIAL Y SERVICIOS DE ALMUSSAFES;AYUNTAMIENTO DE ALMUSSAFES;924503;—;Subvención;07/10/2026;35;https://wp.me/panQjS-iZZ
Concesiones;BASES REGULADORAS Y CONVOCATORIA DEL PROGRAMA “BO COMERÇ D’ALMUSSAFES 2026” PARA LA RECUPERACIÓN DEL SECTOR COMERCIAL Y SERVICIOS DE ALMUSSAFES;AYUNTAMIENTO DE ALMUSSAFES;924503;—;Subvención;07/10/2026;35;https://wp.me/panQjS-iZZ
Concesiones;BASES REGULADORAS Y CONVOCATORIA DEL PROGRAMA “BO COMERÇ D’ALMUSSAFES 2026” PARA LA RECUPERACIÓN DEL SECTOR COMERCIAL Y SERVICIOS DE ALMUSSAFES;AYUNTAMIENTO DE ALMUSSAFES;924503;—;Subvención;07/10/2026;35;https://wp.me/panQjS-iZZ
Concesiones;BASES REGULADORAS Y CONVOCATORIA DEL PROGRAMA “BO COMERÇ D’ALMUSSAFES 2026” PARA LA RECUPERACIÓN DEL SECTOR COMERCIAL Y SERVICIOS DE ALMUSSAFES;AYUNTAMIENTO DE ALMUSSAFES;924503;—;Subvención;07/10/2026;35;https://wp.me/panQjS-iZZ
Concesiones;BASES REGULADORAS Y CONVOCATORIA DEL PROGRAMA “BO COMERÇ D’ALMUSSAFES 2026” PARA LA RECUPERACIÓN DEL SECTOR COMERCIAL Y SERVICIOS DE ALMUSSAFES;AYUNTAMIENTO DE ALMUSSAFES;924503;—;Subvención;07/10/2026;35;https://wp.me/panQjS-iZZ
Concesiones;BASES REGULADORAS Y CONVOCATORIA DEL PROGRAMA “BO COMERÇ D’ALMUSSAFES 2026” PARA LA RECUPERACIÓN DEL SECTOR COMERCIAL Y SERVICIOS DE ALMUSSAFES;AYUNTAMIENTO DE ALMUSSAFES;924503;—;Subvención;07/10/2026;35;https://wp.me/panQjS-iZZ
Concesiones;BASES REGULADORAS Y CONVOCATORIA DEL PROGRAMA “BO COMERÇ D’ALMUSSAFES 2026” PARA LA RECUPERACIÓN DEL SECTOR COMERCIAL Y SERVICIOS DE ALMUSSAFES;AYUNTAMIENTO DE ALMUSSAFES;924503;—;Subvención;07/10/2026;35;https://wp.me/panQjS-iZZ
Concesiones;BASES REGULADORAS Y CONVOCATORIA DEL PROGRAMA “BO COMERÇ D’ALMUSSAFES 2026” PARA LA RECUPERACIÓN DEL SECTOR COMERCIAL Y SERVICIOS DE ALMUSSAFES;AYUNTAMIENTO DE ALMUSSAFES;924503;—;Subvención;07/10/2026;35;https://wp.me/panQjS-iZZ
Concesiones;BASES REGULADORAS Y CONVOCATORIA DEL PROGRAMA “BO COMERÇ D’ALMUSSAFES 2026” PARA LA RECUPERACIÓN DEL SECTOR COMERCIAL Y SERVICIOS DE ALMUSSAFES;AYUNTAMIENTO DE ALMUSSAFES;924503;—;Subvención;07/10/2026;35;https://wp.me/panQjS-iZZ
Concesiones;BASES REGULADORAS Y CONVOCATORIA DEL PROGRAMA “BO COMERÇ D’ALMUSSAFES 2026” PARA LA RECUPERACIÓN DEL SECTOR COMERCIAL Y SERVICIOS DE ALMUSSAFES;AYUNTAMIENTO DE ALMUSSAFES;924503;—;Subvención;07/10/2026;35;https://wp.me/panQjS-iZZ
Concesiones;BASES REGULADORAS Y CONVOCATORIA DEL PROGRAMA “BO COMERÇ D’ALMUSSAFES 2026” PARA LA RECUPERACIÓN DEL SECTOR COMERCIAL Y SERVICIOS DE ALMUSSAFES;AYUNTAMIENTO DE ALMUSSAFES;924503;—;Subvención;07/10/2026;35;https://wp.me/panQjS-iZZ
Concesiones;BASES REGULADORAS Y CONVOCATORIA DEL PROGRAMA “BO COMERÇ D’ALMUSSAFES 2026” PARA LA RECUPERACIÓN DEL SECTOR COMERCIAL Y SERVICIOS DE ALMUSSAFES;AYUNTAMIENTO DE ALMUSSAFES;924503;—;Subvención;07/10/2026;35;https://wp.me/panQjS-iZZ
Concesiones;BASES REGULADORAS Y CONVOCATORIA DEL PROGRAMA “BO COMERÇ D’ALMUSSAFES 2026” PARA LA RECUPERACIÓN DEL SECTOR COMERCIAL Y SERVICIOS DE ALMUSSAFES;AYUNTAMIENTO DE ALMUSSAFES;924503;—;Subvención;07/10/2026;35;https://wp.me/panQjS-iZZ
Concesiones;BASES REGULADORAS Y CONVOCATORIA DEL PROGRAMA “BO COMERÇ D’ALMUSSAFES 2026” PARA LA RECUPERACIÓN DEL SECTOR COMERCIAL Y SERVICIOS DE ALMUSSAFES;AYUNTAMIENTO DE ALMUSSAFES;924503;—;Subvención;07/10/2026;35;https://wp.me/panQjS-iZZ
Concesiones;BASES REGULADORAS Y CONVOCATORIA DEL PROGRAMA “BO COMERÇ D’ALMUSSAFES 2026” PARA LA RECUPERACIÓN DEL SECTOR COMERCIAL Y SERVICIOS DE ALMUSSAFES;AYUNTAMIENTO DE ALMUSSAFES;924503;—;Subvención;07/10/2026;35;https://wp.me/panQjS-iZZ
Concesiones;BASES REGULADORAS Y CONVOCATORIA DEL PROGRAMA “BO COMERÇ D’ALMUSSAFES 2026” PARA LA RECUPERACIÓN DEL SECTOR COMERCIAL Y SERVICIOS DE ALMUSSAFES;AYUNTAMIENTO DE ALMUSSAFES;924503;—;Subvención;07/10/2026;35;https://wp.me/panQjS-iZZ
Concesiones;BASES REGULADORAS Y CONVOCATORIA DEL PROGRAMA “BO COMERÇ D’ALMUSSAFES 2026” PARA LA RECUPERACIÓN DEL SECTOR COMERCIAL Y SERVICIOS DE ALMUSSAFES;AYUNTAMIENTO DE ALMUSSAFES;924503;—;Subvención;07/10/2026;35;https://wp.me/panQjS-iZZ
Concesiones;BASES REGULADORAS Y CONVOCATORIA DEL PROGRAMA “BO COMERÇ D’ALMUSSAFES 2026” PARA LA RECUPERACIÓN DEL SECTOR COMERCIAL Y SERVICIOS DE ALMUSSAFES;AYUNTAMIENTO DE ALMUSSAFES;924503;—;Subvención;07/10/2026;35;https://wp.me/panQjS-iZZ
Concesiones;BASES REGULADORAS Y CONVOCATORIA DEL PROGRAMA “BO COMERÇ D’ALMUSSAFES 2026” PARA LA RECUPERACIÓN DEL SECTOR COMERCIAL Y SERVICIOS DE ALMUSSAFES;AYUNTAMIENTO DE ALMUSSAFES;924503;—;Subvención;07/10/2026;35;https://wp.me/panQjS-iZZ
Concesiones;BASES REGULADORAS Y CONVOCATORIA DEL PROGRAMA “BO COMERÇ D’ALMUSSAFES 2026” PARA LA RECUPERACIÓN DEL SECTOR COMERCIAL Y SERVICIOS DE ALMUSSAFES;AYUNTAMIENTO DE ALMUSSAFES;924503;—;Subvención;07/10/2026;35;https://wp.me/panQjS-iZZ
Concesiones;BASES REGULADORAS Y CONVOCATORIA DEL PROGRAMA “BO COMERÇ D’ALMUSSAFES 2026” PARA LA RECUPERACIÓN DEL SECTOR COMERCIAL Y SERVICIOS DE ALMUSSAFES;AYUNTAMIENTO DE ALMUSSAFES;924503;—;Subvención;07/10/2026;35;https://wp.me/panQjS-iZZ
Concesiones;BASES REGULADORAS Y CONVOCATORIA DEL PROGRAMA “BO COMERÇ D’ALMUSSAFES 2026” PARA LA RECUPERACIÓN DEL SECTOR COMERCIAL Y SERVICIOS DE ALMUSSAFES;AYUNTAMIENTO DE ALMUSSAFES;924503;—;Subvención;07/10/2026;35;https://wp.me/panQjS-iZZ
Concesiones;BASES REGULADORAS Y CONVOCATORIA DEL PROGRAMA “BO COMERÇ D’ALMUSSAFES 2026” PARA LA RECUPERACIÓN DEL SECTOR COMERCIAL Y SERVICIOS DE ALMUSSAFES;AYUNTAMIENTO DE ALMUSSAFES;924503;—;Subvención;07/10/2026;35;https://wp.me/panQjS-iZZ
Concesiones;BASES REGULADORAS Y CONVOCATORIA DEL PROGRAMA “BO COMERÇ D’ALMUSSAFES 2026” PARA LA RECUPERACIÓN DEL SECTOR COMERCIAL Y SERVICIOS DE ALMUSSAFES;AYUNTAMIENTO DE ALMUSSAFES;924503;—;Subvención;07/10/2026;35;https://wp.me/panQjS-iZZ
Concesiones;BASES REGULADORAS Y CONVOCATORIA DEL PROGRAMA “BO COMERÇ D’ALMUSSAFES 2026” PARA LA RECUPERACIÓN DEL SECTOR COMERCIAL Y SERVICIOS DE ALMUSSAFES;AYUNTAMIENTO DE ALMUSSAFES;924503;—;Subvención;07/10/2026;35;https://wp.me/panQjS-iZZ
Concesiones;BASES REGULADORAS Y CONVOCATORIA DEL PROGRAMA “BO COMERÇ D’ALMUSSAFES 2026” PARA LA RECUPERACIÓN DEL SECTOR COMERCIAL Y SERVICIOS DE ALMUSSAFES;AYUNTAMIENTO DE ALMUSSAFES;924503;—;Subvención;07/10/2026;35;https://wp.me/panQjS-iZZ
Concesiones;BASES REGULADORAS Y CONVOCATORIA DEL PROGRAMA “BO COMERÇ D’ALMUSSAFES 2026” PARA LA RECUPERACIÓN DEL SECTOR COMERCIAL Y SERVICIOS DE ALMUSSAFES;AYUNTAMIENTO DE ALMUSSAFES;924503;—;Subvención;07/10/2026;35;https://wp.me/panQjS-iZZ
Concesiones;BASES REGULADORAS Y CONVOCATORIA DEL PROGRAMA “BO COMERÇ D’ALMUSSAFES 2026” PARA LA RECUPERACIÓN DEL SECTOR COMERCIAL Y SERVICIOS DE ALMUSSAFES;AYUNTAMIENTO DE ALMUSSAFES;924503;—;Subvención;07/10/2026;35;https://wp.me/panQjS-iZZ
Concesiones;BASES REGULADORAS Y CONVOCATORIA DEL PROGRAMA “BO COMERÇ D’ALMUSSAFES 2026” PARA LA RECUPERACIÓN DEL SECTOR COMERCIAL Y SERVICIOS DE ALMUSSAFES;AYUNTAMIENTO DE ALMUSSAFES;924503;—;Subvención;07/10/2026;35;https://wp.me/panQjS-iZZ
Concesiones;BASES REGULADORAS Y CONVOCATORIA DEL PROGRAMA “BO COMERÇ D’ALMUSSAFES 2026” PARA LA RECUPERACIÓN DEL SECTOR COMERCIAL Y SERVICIOS DE ALMUSSAFES;AYUNTAMIENTO DE ALMUSSAFES;924503;—;Subvención;07/10/2026;35;https://wp.me/panQjS-iZZ
Concesiones;BASES REGULADORAS Y CONVOCATORIA DEL PROGRAMA “BO COMERÇ D’ALMUSSAFES 2026” PARA LA RECUPERACIÓN DEL SECTOR COMERCIAL Y SERVICIOS DE ALMUSSAFES;AYUNTAMIENTO DE ALMUSSAFES;924503;—;Subvención;07/10/2026;35;https://wp.me/panQjS-iZZ
Concesiones;BASES REGULADORAS Y CONVOCATORIA DEL PROGRAMA “BO COMERÇ D’ALMUSSAFES 2026” PARA LA RECUPERACIÓN DEL SECTOR COMERCIAL Y SERVICIOS DE ALMUSSAFES;AYUNTAMIENTO DE ALMUSSAFES;924503;—;Subvención;07/10/2026;35;https://wp.me/panQjS-iZZ
Concesiones;BASES REGULADORAS Y CONVOCATORIA DEL PROGRAMA “BO COMERÇ D’ALMUSSAFES 2026” PARA LA RECUPERACIÓN DEL SECTOR COMERCIAL Y SERVICIOS DE ALMUSSAFES;AYUNTAMIENTO DE ALMUSSAFES;924503;—;Subvención;07/10/2026;35;https://wp.me/panQjS-iZZ
Concesiones;BASES REGULADORAS Y CONVOCATORIA DEL PROGRAMA “BO COMERÇ D’ALMUSSAFES 2026” PARA LA RECUPERACIÓN DEL SECTOR COMERCIAL Y SERVICIOS DE ALMUSSAFES;AYUNTAMIENTO DE ALMUSSAFES;924503;—;Subvención;07/10/2026;35;https://wp.me/panQjS-iZZ
Concesiones;BASES REGULADORAS Y CONVOCATORIA DEL PROGRAMA “BO COMERÇ D’ALMUSSAFES 2026” PARA LA RECUPERACIÓN DEL SECTOR COMERCIAL Y SERVICIOS DE ALMUSSAFES;AYUNTAMIENTO DE ALMUSSAFES;924503;—;Subvención;07/10/2026;35;https://wp.me/panQjS-iZZ
Concesiones;BASES REGULADORAS Y CONVOCATORIA DEL PROGRAMA “BO COMERÇ D’ALMUSSAFES 2026” PARA LA RECUPERACIÓN DEL SECTOR COMERCIAL Y SERVICIOS DE ALMUSSAFES;AYUNTAMIENTO DE ALMUSSAFES;924503;—;Subvención;07/10/2026;35;https://wp.me/panQjS-iZZ
Concesiones;BASES REGULADORAS Y CONVOCATORIA DEL PROGRAMA “BO COMERÇ D’ALMUSSAFES 2026” PARA LA RECUPERACIÓN DEL SECTOR COMERCIAL Y SERVICIOS DE ALMUSSAFES;AYUNTAMIENTO DE ALMUSSAFES;924503;—;Subvención;07/10/2026;35;https://wp.me/panQjS-iZZ
Concesiones;BASES REGULADORAS Y CONVOCATORIA DEL PROGRAMA “BO COMERÇ D’ALMUSSAFES 2026” PARA LA RECUPERACIÓN DEL SECTOR COMERCIAL Y SERVICIOS DE ALMUSSAFES;AYUNTAMIENTO DE ALMUSSAFES;924503;—;Subvención;07/10/2026;35;https://wp.me/panQjS-iZZ
Concesiones;BASES REGULADORAS Y CONVOCATORIA DEL PROGRAMA “BO COMERÇ D’ALMUSSAFES 2026” PARA LA RECUPERACIÓN DEL SECTOR COMERCIAL Y SERVICIOS DE ALMUSSAFES;AYUNTAMIENTO DE ALMUSSAFES;924503;—;Subvención;07/10/2026;35;https://wp.me/panQjS-iZZ
Concesiones;BASES REGULADORAS Y CONVOCATORIA DEL PROGRAMA “BO COMERÇ D’ALMUSSAFES 2026” PARA LA RECUPERACIÓN DEL SECTOR COMERCIAL Y SERVICIOS DE ALMUSSAFES;AYUNTAMIENTO DE ALMUSSAFES;924503;—;Subvención;07/10/2026;35;https://wp.me/panQjS-iZZ
Concesiones;BASES REGULADORAS Y CONVOCATORIA DEL PROGRAMA “BO COMERÇ D’ALMUSSAFES 2026” PARA LA RECUPERACIÓN DEL SECTOR COMERCIAL Y SERVICIOS DE ALMUSSAFES;AYUNTAMIENTO DE ALMUSSAFES;924503;—;Subvención;07/10/2026;35;https://wp.me/panQjS-iZZ
Concesiones;BASES REGULADORAS Y CONVOCATORIA DEL PROGRAMA “BO COMERÇ D’ALMUSSAFES 2026” PARA LA RECUPERACIÓN DEL SECTOR COMERCIAL Y SERVICIOS DE ALMUSSAFES;AYUNTAMIENTO DE ALMUSSAFES;924503;—;Subvención;07/10/2026;35;https://wp.me/panQjS-iZZ
Concesiones;BASES REGULADORAS Y CONVOCATORIA DEL PROGRAMA “BO COMERÇ D’ALMUSSAFES 2026” PARA LA RECUPERACIÓN DEL SECTOR COMERCIAL Y SERVICIOS DE ALMUSSAFES;AYUNTAMIENTO DE ALMUSSAFES;924503;—;Subvención;07/10/2026;35;https://wp.me/panQjS-iZZ
Concesiones;BASES REGULADORAS Y CONVOCATORIA DEL PROGRAMA “BO COMERÇ D’ALMUSSAFES 2026” PARA LA RECUPERACIÓN DEL SECTOR COMERCIAL Y SERVICIOS DE ALMUSSAFES;AYUNTAMIENTO DE ALMUSSAFES;924503;—;Subvención;07/10/2026;35;https://wp.me/panQjS-iZZ
Concesiones;BASES REGULADORAS Y CONVOCATORIA DEL PROGRAMA “BO COMERÇ D’ALMUSSAFES 2026” PARA LA RECUPERACIÓN DEL SECTOR COMERCIAL Y SERVICIOS DE ALMUSSAFES;AYUNTAMIENTO DE ALMUSSAFES;924503;—;Subvención;07/10/2026;35;https://wp.me/panQjS-iZZ
Concesiones;BASES REGULADORAS Y CONVOCATORIA DEL PROGRAMA “BO COMERÇ D’ALMUSSAFES 2026” PARA LA RECUPERACIÓN DEL SECTOR COMERCIAL Y SERVICIOS DE ALMUSSAFES;AYUNTAMIENTO DE ALMUSSAFES;924503;—;Subvención;07/10/2026;35;https://wp.me/panQjS-iZZ
Concesiones;BASES REGULADORAS Y CONVOCATORIA DEL PROGRAMA “BO COMERÇ D’ALMUSSAFES 2026” PARA LA RECUPERACIÓN DEL SECTOR COMERCIAL Y SERVICIOS DE ALMUSSAFES;AYUNTAMIENTO DE ALMUSSAFES;924503;—;Subvención;07/10/2026;35;https://wp.me/panQjS-iZZ
Concesiones;BASES REGULADORAS Y CONVOCATORIA DEL PROGRAMA “BO COMERÇ D’ALMUSSAFES 2026” PARA LA RECUPERACIÓN DEL SECTOR COMERCIAL Y SERVICIOS DE ALMUSSAFES;AYUNTAMIENTO DE ALMUSSAFES;924503;—;Subvención;07/10/2026;35;https://wp.me/panQjS-iZZ
Concesiones;BASES REGULADORAS Y CONVOCATORIA DEL PROGRAMA “BO COMERÇ D’ALMUSSAFES 2026” PARA LA RECUPERACIÓN DEL SECTOR COMERCIAL Y SERVICIOS DE ALMUSSAFES;AYUNTAMIENTO DE ALMUSSAFES;924503;—;Subvención;07/10/2026;35;https://wp.me/panQjS-iZZ
Concesiones;BASES REGULADORAS Y CONVOCATORIA DEL PROGRAMA “BO COMERÇ D’ALMUSSAFES 2026” PARA LA RECUPERACIÓN DEL SECTOR COMERCIAL Y SERVICIOS DE ALMUSSAFES;AYUNTAMIENTO DE ALMUSSAFES;924503;—;Subvención;07/10/2026;35;https://wp.me/panQjS-iZZ
Concesiones;BASES REGULADORAS Y CONVOCATORIA DEL PROGRAMA “BO COMERÇ D’ALMUSSAFES 2026” PARA LA RECUPERACIÓN DEL SECTOR COMERCIAL Y SERVICIOS DE ALMUSSAFES;AYUNTAMIENTO DE ALMUSSAFES;924503;—;Subvención;07/10/2026;35;https://wp.me/panQjS-iZZ
Concesiones;BASES REGULADORAS Y CONVOCATORIA DEL PROGRAMA “BO COMERÇ D’ALMUSSAFES 2026” PARA LA RECUPERACIÓN DEL SECTOR COMERCIAL Y SERVICIOS DE ALMUSSAFES;AYUNTAMIENTO DE ALMUSSAFES;924503;—;Subvención;07/10/2026;35;https://wp.me/panQjS-iZZ
Concesiones;BASES REGULADORAS Y CONVOCATORIA DEL PROGRAMA “BO COMERÇ D’ALMUSSAFES 2026” PARA LA RECUPERACIÓN DEL SECTOR COMERCIAL Y SERVICIOS DE ALMUSSAFES;AYUNTAMIENTO DE ALMUSSAFES;924503;—;Subvención;07/10/2026;35;https://wp.me/panQjS-iZZ
Concesiones;BASES REGULADORAS Y CONVOCATORIA DEL PROGRAMA “BO COMERÇ D’ALMUSSAFES 2026” PARA LA RECUPERACIÓN DEL SECTOR COMERCIAL Y SERVICIOS DE ALMUSSAFES;AYUNTAMIENTO DE ALMUSSAFES;924503;—;Subvención;07/10/2026;35;https://wp.me/panQjS-iZZ
Concesiones;BASES REGULADORAS Y CONVOCATORIA DEL PROGRAMA “BO COMERÇ D’ALMUSSAFES 2026” PARA LA RECUPERACIÓN DEL SECTOR COMERCIAL Y SERVICIOS DE ALMUSSAFES;AYUNTAMIENTO DE ALMUSSAFES;924503;—;Subvención;07/10/2026;35;https://wp.me/panQjS-iZZ
Concesiones;BASES REGULADORAS Y CONVOCATORIA DEL PROGRAMA “BO COMERÇ D’ALMUSSAFES 2026” PARA LA RECUPERACIÓN DEL SECTOR COMERCIAL Y SERVICIOS DE ALMUSSAFES;AYUNTAMIENTO DE ALMUSSAFES;924503;—;Subvención;07/10/2026;35;https://wp.me/panQjS-iZZ
Concesiones;BASES REGULADORAS Y CONVOCATORIA DEL PROGRAMA “BO COMERÇ D’ALMUSSAFES 2026” PARA LA RECUPERACIÓN DEL SECTOR COMERCIAL Y SERVICIOS DE ALMUSSAFES;AYUNTAMIENTO DE ALMUSSAFES;924503;—;Subvención;07/10/2026;35;https://wp.me/panQjS-iZZ
Concesiones;BASES REGULADORAS Y CONVOCATORIA DEL PROGRAMA “BO COMERÇ D’ALMUSSAFES 2026” PARA LA RECUPERACIÓN DEL SECTOR COMERCIAL Y SERVICIOS DE ALMUSSAFES;AYUNTAMIENTO DE ALMUSSAFES;924503;—;Subvención;07/10/2026;35;https://wp.me/panQjS-iZZ
Concesiones;BASES REGULADORAS Y CONVOCATORIA DEL PROGRAMA “BO COMERÇ D’ALMUSSAFES 2026” PARA LA RECUPERACIÓN DEL SECTOR COMERCIAL Y SERVICIOS DE ALMUSSAFES;AYUNTAMIENTO DE ALMUSSAFES;924503;—;Subvención;07/10/2026;35;https://wp.me/panQjS-iZZ
Concesiones;BASES REGULADORAS Y CONVOCATORIA DEL PROGRAMA “BO COMERÇ D’ALMUSSAFES 2026” PARA LA RECUPERACIÓN DEL SECTOR COMERCIAL Y SERVICIOS DE ALMUSSAFES;AYUNTAMIENTO DE ALMUSSAFES;924503;—;Subvención;07/10/2026;35;https://wp.me/panQjS-iZZ
Concesiones;BASES REGULADORAS Y CONVOCATORIA DEL PROGRAMA “BO COMERÇ D’ALMUSSAFES 2026” PARA LA RECUPERACIÓN DEL SECTOR COMERCIAL Y SERVICIOS DE ALMUSSAFES;AYUNTAMIENTO DE ALMUSSAFES;924503;—;Subvención;07/10/2026;35;https://wp.me/panQjS-iZZ
Concesiones;BASES REGULADORAS Y CONVOCATORIA DEL PROGRAMA “BO COMERÇ D’ALMUSSAFES 2026” PARA LA RECUPERACIÓN DEL SECTOR COMERCIAL Y SERVICIOS DE ALMUSSAFES;AYUNTAMIENTO DE ALMUSSAFES;924503;—;Subvención;07/10/2026;35;https://wp.me/panQjS-iZZ
Concesiones;BASES REGULADORAS Y CONVOCATORIA DEL PROGRAMA “BO COMERÇ D’ALMUSSAFES 2026” PARA LA RECUPERACIÓN DEL SECTOR COMERCIAL Y SERVICIOS DE ALMUSSAFES;AYUNTAMIENTO DE ALMUSSAFES;924503;—;Subvención;07/10/2026;35;https://wp.me/panQjS-iZZ
Concesiones;BASES REGULADORAS Y CONVOCATORIA DEL PROGRAMA “BO COMERÇ D’ALMUSSAFES 2026” PARA LA RECUPERACIÓN DEL SECTOR COMERCIAL Y SERVICIOS DE ALMUSSAFES;AYUNTAMIENTO DE ALMUSSAFES;924503;—;Subvención;07/10/2026;35;https://wp.me/panQjS-iZZ
Concesiones;BASES REGULADORAS Y CONVOCATORIA DEL PROGRAMA “BO COMERÇ D’ALMUSSAFES 2026” PARA LA RECUPERACIÓN DEL SECTOR COMERCIAL Y SERVICIOS DE ALMUSSAFES;AYUNTAMIENTO DE ALMUSSAFES;924503;—;Subvención;07/10/2026;35;https://wp.me/panQjS-iZZ
Concesiones;BASES REGULADORAS Y CONVOCATORIA DEL PROGRAMA “BO COMERÇ D’ALMUSSAFES 2026” PARA LA RECUPERACIÓN DEL SECTOR COMERCIAL Y SERVICIOS DE ALMUSSAFES;AYUNTAMIENTO DE ALMUSSAFES;924503;—;Subvención;07/10/2026;35;https://wp.me/panQjS-iZZ
Concesiones;BASES REGULADORAS Y CONVOCATORIA DEL PROGRAMA “BO COMERÇ D’ALMUSSAFES 2026” PARA LA RECUPERACIÓN DEL SECTOR COMERCIAL Y SERVICIOS DE ALMUSSAFES;AYUNTAMIENTO DE ALMUSSAFES;924503;—;Subvención;07/10/2026;35;https://wp.me/panQjS-iZZ
Concesiones;BASES REGULADORAS Y CONVOCATORIA DEL PROGRAMA “BO COMERÇ D’ALMUSSAFES 2026” PARA LA RECUPERACIÓN DEL SECTOR COMERCIAL Y SERVICIOS DE ALMUSSAFES;AYUNTAMIENTO DE ALMUSSAFES;924503;—;Subvención;07/10/2026;35;https://wp.me/panQjS-iZZ
Concesiones;BASES REGULADORAS Y CONVOCATORIA DEL PROGRAMA “BO COMERÇ D’ALMUSSAFES 2026” PARA LA RECUPERACIÓN DEL SECTOR COMERCIAL Y SERVICIOS DE ALMUSSAFES;AYUNTAMIENTO DE ALMUSSAFES;924503;—;Subvención;07/10/2026;35;https://wp.me/panQjS-iZZ
Concesiones;BASES REGULADORAS Y CONVOCATORIA DEL PROGRAMA “BO COMERÇ D’ALMUSSAFES 2026” PARA LA RECUPERACIÓN DEL SECTOR COMERCIAL Y SERVICIOS DE ALMUSSAFES;AYUNTAMIENTO DE ALMUSSAFES;924503;—;Subvención;07/10/2026;35;https://wp.me/panQjS-iZZ
Concesiones;BASES REGULADORAS Y CONVOCATORIA DEL PROGRAMA “BO COMERÇ D’ALMUSSAFES 2026” PARA LA RECUPERACIÓN DEL SECTOR COMERCIAL Y SERVICIOS DE ALMUSSAFES;AYUNTAMIENTO DE ALMUSSAFES;924503;—;Subvención;07/10/2026;35;https://wp.me/panQjS-iZZ
Concesiones;BASES REGULADORAS Y CONVOCATORIA DEL PROGRAMA “BO COMERÇ D’ALMUSSAFES 2026” PARA LA RECUPERACIÓN DEL SECTOR COMERCIAL Y SERVICIOS DE ALMUSSAFES;AYUNTAMIENTO DE ALMUSSAFES;924503;—;Subvención;07/10/2026;35;https://wp.me/panQjS-iZZ
Concesiones;BASES REGULADORAS Y CONVOCATORIA DEL PROGRAMA “BO COMERÇ D’ALMUSSAFES 2026” PARA LA RECUPERACIÓN DEL SECTOR COMERCIAL Y SERVICIOS DE ALMUSSAFES;AYUNTAMIENTO DE ALMUSSAFES;924503;—;Subvención;07/10/2026;35;https://wp.me/panQjS-iZZ
Concesiones;BASES REGULADORAS Y CONVOCATORIA DEL PROGRAMA “BO COMERÇ D’ALMUSSAFES 2026” PARA LA RECUPERACIÓN DEL SECTOR COMERCIAL Y SERVICIOS DE ALMUSSAFES;AYUNTAMIENTO DE ALMUSSAFES;924503;—;Subvención;07/10/2026;35;https://wp.me/panQjS-iZZ
Concesiones;BASES REGULADORAS Y CONVOCATORIA DEL PROGRAMA “BO COMERÇ D’ALMUSSAFES 2026” PARA LA RECUPERACIÓN DEL SECTOR COMERCIAL Y SERVICIOS DE ALMUSSAFES;AYUNTAMIENTO DE ALMUSSAFES;924503;—;Subvención;07/10/2026;35;https://wp.me/panQjS-iZZ
Concesiones;BASES REGULADORAS Y CONVOCATORIA DEL PROGRAMA “BO COMERÇ D’ALMUSSAFES 2026” PARA LA RECUPERACIÓN DEL SECTOR COMERCIAL Y SERVICIOS DE ALMUSSAFES;AYUNTAMIENTO DE ALMUSSAFES;924503;—;Subvención;07/10/2026;35;https://wp.me/panQjS-iZZ
Concesiones;BASES REGULADORAS Y CONVOCATORIA DEL PROGRAMA “BO COMERÇ D’ALMUSSAFES 2026” PARA LA RECUPERACIÓN DEL SECTOR COMERCIAL Y SERVICIOS DE ALMUSSAFES;AYUNTAMIENTO DE ALMUSSAFES;924503;—;Subvención;07/10/2026;35;https://wp.me/panQjS-iZZ
Concesiones;BASES REGULADORAS Y CONVOCATORIA DEL PROGRAMA “BO COMERÇ D’ALMUSSAFES 2026” PARA LA RECUPERACIÓN DEL SECTOR COMERCIAL Y SERVICIOS DE ALMUSSAFES;AYUNTAMIENTO DE ALMUSSAFES;924503;—;Subvención;07/10/2026;35;https://wp.me/panQjS-iZZ
Concesiones;BASES REGULADORAS Y CONVOCATORIA DEL PROGRAMA “BO COMERÇ D’ALMUSSAFES 2026” PARA LA RECUPERACIÓN DEL SECTOR COMERCIAL Y SERVICIOS DE ALMUSSAFES;AYUNTAMIENTO DE ALMUSSAFES;924503;—;Subvención;07/10/2026;35;https://wp.me/panQjS-iZZ
Concesiones;BASES REGULADORAS Y CONVOCATORIA DEL PROGRAMA “BO COMERÇ D’ALMUSSAFES 2026” PARA LA RECUPERACIÓN DEL SECTOR COMERCIAL Y SERVICIOS DE ALMUSSAFES;AYUNTAMIENTO DE ALMUSSAFES;924503;—;Subvención;07/10/2026;35;https://wp.me/panQjS-iZZ
Concesiones;BASES REGULADORAS Y CONVOCATORIA DEL PROGRAMA “BO COMERÇ D’ALMUSSAFES 2026” PARA LA RECUPERACIÓN DEL SECTOR COMERCIAL Y SERVICIOS DE ALMUSSAFES;AYUNTAMIENTO DE ALMUSSAFES;924503;—;Subvención;07/10/2026;35;https://wp.me/panQjS-iZZ
Concesiones;BASES REGULADORAS Y CONVOCATORIA DEL PROGRAMA “BO COMERÇ D’ALMUSSAFES 2026” PARA LA RECUPERACIÓN DEL SECTOR COMERCIAL Y SERVICIOS DE ALMUSSAFES;AYUNTAMIENTO DE ALMUSSAFES;924503;—;Subvención;07/10/2026;35;https://wp.me/panQjS-iZZ
Concesiones;BASES REGULADORAS Y CONVOCATORIA DEL PROGRAMA “BO COMERÇ D’ALMUSSAFES 2026” PARA LA RECUPERACIÓN DEL SECTOR COMERCIAL Y SERVICIOS DE ALMUSSAFES;AYUNTAMIENTO DE ALMUSSAFES;924503;—;Subvención;07/10/2026;35;https://wp.me/panQjS-iZZ
Concesiones;BASES REGULADORAS Y CONVOCATORIA DEL PROGRAMA “BO COMERÇ D’ALMUSSAFES 2026” PARA LA RECUPERACIÓN DEL SECTOR COMERCIAL Y SERVICIOS DE ALMUSSAFES;AYUNTAMIENTO DE ALMUSSAFES;924503;—;Subvención;07/10/2026;35;https://wp.me/panQjS-iZZ
Concesiones;BASES REGULADORAS Y CONVOCATORIA DEL PROGRAMA “BO COMERÇ D’ALMUSSAFES 2026” PARA LA RECUPERACIÓN DEL SECTOR COMERCIAL Y SERVICIOS DE ALMUSSAFES;AYUNTAMIENTO DE ALMUSSAFES;924503;—;Subvención;07/10/2026;35;https://wp.me/panQjS-iZZ
Concesiones;BASES REGULADORAS Y CONVOCATORIA DEL PROGRAMA “BO COMERÇ D’ALMUSSAFES 2026” PARA LA RECUPERACIÓN DEL SECTOR COMERCIAL Y SERVICIOS DE ALMUSSAFES;AYUNTAMIENTO DE ALMUSSAFES;924503;—;Subvención;07/10/2026;35;https://wp.me/panQjS-iZZ
Concesiones;BASES REGULADORAS Y CONVOCATORIA DEL PROGRAMA “BO COMERÇ D’ALMUSSAFES 2026” PARA LA RECUPERACIÓN DEL SECTOR COMERCIAL Y SERVICIOS DE ALMUSSAFES;AYUNTAMIENTO DE ALMUSSAFES;924503;—;Subvención;07/10/2026;35;https://wp.me/panQjS-iZZ
Concesiones;BASES REGULADORAS Y CONVOCATORIA DEL PROGRAMA “BO COMERÇ D’ALMUSSAFES 2026” PARA LA RECUPERACIÓN DEL SECTOR COMERCIAL Y SERVICIOS DE ALMUSSAFES;AYUNTAMIENTO DE ALMUSSAFES;924503;—;Subvención;07/10/2026;35;https://wp.me/panQjS-iZZ
Concesiones;BASES REGULADORAS Y CONVOCATORIA DEL PROGRAMA “BO COMERÇ D’ALMUSSAFES 2026” PARA LA RECUPERACIÓN DEL SECTOR COMERCIAL Y SERVICIOS DE ALMUSSAFES;AYUNTAMIENTO DE ALMUSSAFES;924503;—;Subvención;07/10/2026;35;https://wp.me/panQjS-iZZ
Concesiones;BASES REGULADORAS Y CONVOCATORIA DEL PROGRAMA “BO COMERÇ D’ALMUSSAFES 2026” PARA LA RECUPERACIÓN DEL SECTOR COMERCIAL Y SERVICIOS DE ALMUSSAFES;AYUNTAMIENTO DE ALMUSSAFES;924503;—;Subvención;07/10/2026;35;https://wp.me/panQjS-iZZ
Concesiones;BASES REGULADORAS Y CONVOCATORIA DEL PROGRAMA “BO COMERÇ D’ALMUSSAFES 2026” PARA LA RECUPERACIÓN DEL SECTOR COMERCIAL Y SERVICIOS DE ALMUSSAFES;AYUNTAMIENTO DE ALMUSSAFES;924503;—;Subvención;07/10/2026;35;https://wp.me/panQjS-iZZ
Concesiones;BASES REGULADORAS Y CONVOCATORIA DEL PROGRAMA “BO COMERÇ D’ALMUSSAFES 2026” PARA LA RECUPERACIÓN DEL SECTOR COMERCIAL Y SERVICIOS DE ALMUSSAFES;AYUNTAMIENTO DE ALMUSSAFES;924503;—;Subvención;07/10/2026;35;https://wp.me/panQjS-iZZ
Concesiones;BASES REGULADORAS Y CONVOCATORIA DEL PROGRAMA “BO COMERÇ D’ALMUSSAFES 2026” PARA LA RECUPERACIÓN DEL SECTOR COMERCIAL Y SERVICIOS DE ALMUSSAFES;AYUNTAMIENTO DE ALMUSSAFES;924503;—;Subvención;07/10/2026;35;https://wp.me/panQjS-iZZ
Concesiones;BASES REGULADORAS Y CONVOCATORIA DEL PROGRAMA “BO COMERÇ D’ALMUSSAFES 2026” PARA LA RECUPERACIÓN DEL SECTOR COMERCIAL Y SERVICIOS DE ALMUSSAFES;AYUNTAMIENTO DE ALMUSSAFES;924503;—;Subvención;07/10/2026;35;https://wp.me/panQjS-iZZ
Concesiones;BASES REGULADORAS Y CONVOCATORIA DEL PROGRAMA “BO COMERÇ D’ALMUSSAFES 2026” PARA LA RECUPERACIÓN DEL SECTOR COMERCIAL Y SERVICIOS DE ALMUSSAFES;AYUNTAMIENTO DE ALMUSSAFES;924503;—;Subvención;07/10/2026;35;https://wp.me/panQjS-iZZ
Concesiones;BASES REGULADORAS Y CONVOCATORIA DEL PROGRAMA “BO COMERÇ D’ALMUSSAFES 2026” PARA LA RECUPERACIÓN DEL SECTOR COMERCIAL Y SERVICIOS DE ALMUSSAFES;AYUNTAMIENTO DE ALMUSSAFES;924503;—;Subvención;07/10/2026;35;https://wp.me/panQjS-iZZ
Concesiones;BASES REGULADORAS Y CONVOCATORIA DEL PROGRAMA “BO COMERÇ D’ALMUSSAFES 2026” PARA LA RECUPERACIÓN DEL SECTOR COMERCIAL Y SERVICIOS DE ALMUSSAFES;AYUNTAMIENTO DE ALMUSSAFES;924503;—;Subvención;07/10/2026;35;https://wp.me/panQjS-iZZ
Concesiones;BASES REGULADORAS Y CONVOCATORIA DEL PROGRAMA “BO COMERÇ D’ALMUSSAFES 2026” PARA LA RECUPERACIÓN DEL SECTOR COMERCIAL Y SERVICIOS DE ALMUSSAFES;AYUNTAMIENTO DE ALMUSSAFES;924503;—;Subvención;07/10/2026;35;https://wp.me/panQjS-iZZ
Concesiones;BASES REGULADORAS Y CONVOCATORIA DEL PROGRAMA “BO COMERÇ D’ALMUSSAFES 2026” PARA LA RECUPERACIÓN DEL SECTOR COMERCIAL Y SERVICIOS DE ALMUSSAFES;AYUNTAMIENTO DE ALMUSSAFES;924503;—;Subvención;07/10/2026;35;https://wp.me/panQjS-iZZ
Concesiones;BASES REGULADORAS Y CONVOCATORIA DEL PROGRAMA “BO COMERÇ D’ALMUSSAFES 2026” PARA LA RECUPERACIÓN DEL SECTOR COMERCIAL Y SERVICIOS DE ALMUSSAFES;AYUNTAMIENTO DE ALMUSSAFES;924503;—;Subvención;07/10/2026;35;https://wp.me/panQjS-iZZ
Concesiones;BASES REGULADORAS Y CONVOCATORIA DEL PROGRAMA “BO COMERÇ D’ALMUSSAFES 2026” PARA LA RECUPERACIÓN DEL SECTOR COMERCIAL Y SERVICIOS DE ALMUSSAFES;AYUNTAMIENTO DE ALMUSSAFES;924503;—;Subvención;07/10/2026;35;https://wp.me/panQjS-iZZ
Concesiones;BASES REGULADORAS Y CONVOCATORIA DEL PROGRAMA “BO COMERÇ D’ALMUSSAFES 2026” PARA LA RECUPERACIÓN DEL SECTOR COMERCIAL Y SERVICIOS DE ALMUSSAFES;AYUNTAMIENTO DE ALMUSSAFES;924503;—;Subvención;07/10/2026;35;https://wp.me/panQjS-iZZ
Concesiones;BASES REGULADORAS Y CONVOCATORIA DEL PROGRAMA “BO COMERÇ D’ALMUSSAFES 2026” PARA LA RECUPERACIÓN DEL SECTOR COMERCIAL Y SERVICIOS DE ALMUSSAFES;AYUNTAMIENTO DE ALMUSSAFES;924503;—;Subvención;07/10/2026;35;https://wp.me/panQjS-iZZ
Concesiones;BASES REGULADORAS Y CONVOCATORIA DEL PROGRAMA “BO COMERÇ D’ALMUSSAFES 2026” PARA LA RECUPERACIÓN DEL SECTOR COMERCIAL Y SERVICIOS DE ALMUSSAFES;AYUNTAMIENTO DE ALMUSSAFES;924503;—;Subvención;07/10/2026;35;https://wp.me/panQjS-iZZ
Concesiones;BASES REGULADORAS Y CONVOCATORIA DEL PROGRAMA “BO COMERÇ D’ALMUSSAFES 2026” PARA LA RECUPERACIÓN DEL SECTOR COMERCIAL Y SERVICIOS DE ALMUSSAFES;AYUNTAMIENTO DE ALMUSSAFES;924503;—;Subvención;07/10/2026;35;https://wp.me/panQjS-iZZ
Concesiones;BASES REGULADORAS Y CONVOCATORIA DEL PROGRAMA “BO COMERÇ D’ALMUSSAFES 2026” PARA LA RECUPERACIÓN DEL SECTOR COMERCIAL Y SERVICIOS DE ALMUSSAFES;AYUNTAMIENTO DE ALMUSSAFES;924503;—;Subvención;07/10/2026;35;https://wp.me/panQjS-iZZ
Concesiones;BASES REGULADORAS Y CONVOCATORIA DEL PROGRAMA “BO COMERÇ D’ALMUSSAFES 2026” PARA LA RECUPERACIÓN DEL SECTOR COMERCIAL Y SERVICIOS DE ALMUSSAFES;AYUNTAMIENTO DE ALMUSSAFES;924503;—;Subvención;07/10/2026;35;https://wp.me/panQjS-iZZ
Concesiones;BASES REGULADORAS Y CONVOCATORIA DEL PROGRAMA “BO COMERÇ D’ALMUSSAFES 2026” PARA LA RECUPERACIÓN DEL SECTOR COMERCIAL Y SERVICIOS DE ALMUSSAFES;AYUNTAMIENTO DE ALMUSSAFES;924503;—;Subvención;07/10/2026;35;https://wp.me/panQjS-iZZ
Concesiones;BASES REGULADORAS Y CONVOCATORIA DEL PROGRAMA “BO COMERÇ D’ALMUSSAFES 2026” PARA LA RECUPERACIÓN DEL SECTOR COMERCIAL Y SERVICIOS DE ALMUSSAFES;AYUNTAMIENTO DE ALMUSSAFES;924503;—;Subvención;07/10/2026;35;https://wp.me/panQjS-iZZ
Concesiones;BASES REGULADORAS Y CONVOCATORIA DEL PROGRAMA “BO COMERÇ D’ALMUSSAFES 2026” PARA LA RECUPERACIÓN DEL SECTOR COMERCIAL Y SERVICIOS DE ALMUSSAFES;AYUNTAMIENTO DE ALMUSSAFES;924503;—;Subvención;07/10/2026;35;https://wp.me/panQjS-iZZ
Concesiones;BASES REGULADORAS Y CONVOCATORIA DEL PROGRAMA “BO COMERÇ D’ALMUSSAFES 2026” PARA LA RECUPERACIÓN DEL SECTOR COMERCIAL Y SERVICIOS DE ALMUSSAFES;AYUNTAMIENTO DE ALMUSSAFES;924503;—;Subvención;07/10/2026;35;https://wp.me/panQjS-iZZ
Concesiones;BASES REGULADORAS Y CONVOCATORIA DEL PROGRAMA “BO COMERÇ D’ALMUSSAFES 2026” PARA LA RECUPERACIÓN DEL SECTOR COMERCIAL Y SERVICIOS DE ALMUSSAFES;AYUNTAMIENTO DE ALMUSSAFES;924503;—;Subvención;07/10/2026;35;https://wp.me/panQjS-iZZ
Concesiones;BASES REGULADORAS Y CONVOCATORIA DEL PROGRAMA “BO COMERÇ D’ALMUSSAFES 2026” PARA LA RECUPERACIÓN DEL SECTOR COMERCIAL Y SERVICIOS DE ALMUSSAFES;AYUNTAMIENTO DE ALMUSSAFES;924503;—;Subvención;07/10/2026;35;https://wp.me/panQjS-iZZ
Concesiones;BASES REGULADORAS Y CONVOCATORIA DEL PROGRAMA “BO COMERÇ D’ALMUSSAFES 2026” PARA LA RECUPERACIÓN DEL SECTOR COMERCIAL Y SERVICIOS DE ALMUSSAFES;AYUNTAMIENTO DE ALMUSSAFES;924503;—;Subvención;07/10/2026;35;https://wp.me/panQjS-iZZ
Concesiones;BASES REGULADORAS Y CONVOCATORIA DEL PROGRAMA “BO COMERÇ D’ALMUSSAFES 2026” PARA LA RECUPERACIÓN DEL SECTOR COMERCIAL Y SERVICIOS DE ALMUSSAFES;AYUNTAMIENTO DE ALMUSSAFES;924503;—;Subvención;07/10/2026;35;https://wp.me/panQjS-iZZ
Concesiones;BASES REGULADORAS Y CONVOCATORIA DEL PROGRAMA “BO COMERÇ D’ALMUSSAFES 2026” PARA LA RECUPERACIÓN DEL SECTOR COMERCIAL Y SERVICIOS DE ALMUSSAFES;AYUNTAMIENTO DE ALMUSSAFES;924503;—;Subvención;07/10/2026;35;https://wp.me/panQjS-iZZ
Concesiones;BASES REGULADORAS Y CONVOCATORIA DEL PROGRAMA “BO COMERÇ D’ALMUSSAFES 2026” PARA LA RECUPERACIÓN DEL SECTOR COMERCIAL Y SERVICIOS DE ALMUSSAFES;AYUNTAMIENTO DE ALMUSSAFES;924503;—;Subvención;07/10/2026;35;https://wp.me/panQjS-iZZ
Concesiones;BASES REGULADORAS Y CONVOCATORIA DEL PROGRAMA “BO COMERÇ D’ALMUSSAFES 2026” PARA LA RECUPERACIÓN DEL SECTOR COMERCIAL Y SERVICIOS DE ALMUSSAFES;AYUNTAMIENTO DE ALMUSSAFES;924503;—;Subvención;07/10/2026;35;https://wp.me/panQjS-iZZ
Concesiones;BASES REGULADORAS Y CONVOCATORIA DEL PROGRAMA “BO COMERÇ D’ALMUSSAFES 2026” PARA LA RECUPERACIÓN DEL SECTOR COMERCIAL Y SERVICIOS DE ALMUSSAFES;AYUNTAMIENTO DE ALMUSSAFES;924503;—;Subvención;07/10/2026;35;https://wp.me/panQjS-iZZ
Concesiones;BASES REGULADORAS Y CONVOCATORIA DEL PROGRAMA “BO COMERÇ D’ALMUSSAFES 2026” PARA LA RECUPERACIÓN DEL SECTOR COMERCIAL Y SERVICIOS DE ALMUSSAFES;AYUNTAMIENTO DE ALMUSSAFES;924503;—;Subvención;07/10/2026;35;https://wp.me/panQjS-iZZ
Concesiones;BASES REGULADORAS Y CONVOCATORIA DEL PROGRAMA “BO COMERÇ D’ALMUSSAFES 2026” PARA LA RECUPERACIÓN DEL SECTOR COMERCIAL Y SERVICIOS DE ALMUSSAFES;AYUNTAMIENTO DE ALMUSSAFES;924503;—;Subvención;07/10/2026;35;https://wp.me/panQjS-iZZ
Concesiones;BASES REGULADORAS Y CONVOCATORIA DEL PROGRAMA “BO COMERÇ D’ALMUSSAFES 2026” PARA LA RECUPERACIÓN DEL SECTOR COMERCIAL Y SERVICIOS DE ALMUSSAFES;AYUNTAMIENTO DE ALMUSSAFES;924503;—;Subvención;07/10/2026;35;https://wp.me/panQjS-iZZ
Concesiones;BASES REGULADORAS Y CONVOCATORIA DEL PROGRAMA “BO COMERÇ D’ALMUSSAFES 2026” PARA LA RECUPERACIÓN DEL SECTOR COMERCIAL Y SERVICIOS DE ALMUSSAFES;AYUNTAMIENTO DE ALMUSSAFES;924503;—;Subvención;07/10/2026;35;https://wp.me/panQjS-iZZ
Concesiones;BASES REGULADORAS Y CONVOCATORIA DEL PROGRAMA “BO COMERÇ D’ALMUSSAFES 2026” PARA LA RECUPERACIÓN DEL SECTOR COMERCIAL Y SERVICIOS DE ALMUSSAFES;AYUNTAMIENTO DE ALMUSSAFES;924503;—;Subvención;07/10/2026;35;https://wp.me/panQjS-iZZ
Concesiones;BASES REGULADORAS Y CONVOCATORIA DEL PROGRAMA “BO COMERÇ D’ALMUSSAFES 2026” PARA LA RECUPERACIÓN DEL SECTOR COMERCIAL Y SERVICIOS DE ALMUSSAFES;AYUNTAMIENTO DE ALMUSSAFES;924503;—;Subvención;07/10/2026;35;https://wp.me/panQjS-iZZ
Concesiones;BASES REGULADORAS Y CONVOCATORIA DEL PROGRAMA “BO COMERÇ D’ALMUSSAFES 2026” PARA LA RECUPERACIÓN DEL SECTOR COMERCIAL Y SERVICIOS DE ALMUSSAFES;AYUNTAMIENTO DE ALMUSSAFES;924503;—;Subvención;07/10/2026;35;https://wp.me/panQjS-iZZ
Concesiones;BASES REGULADORAS Y CONVOCATORIA DEL PROGRAMA “BO COMERÇ D’ALMUSSAFES 2026” PARA LA RECUPERACIÓN DEL SECTOR COMERCIAL Y SERVICIOS DE ALMUSSAFES;AYUNTAMIENTO DE ALMUSSAFES;924503;—;Subvención;07/10/2026;35;https://wp.me/panQjS-iZZ
Concesiones;BASES REGULADORAS Y CONVOCATORIA DEL PROGRAMA “BO COMERÇ D’ALMUSSAFES 2026” PARA LA RECUPERACIÓN DEL SECTOR COMERCIAL Y SERVICIOS DE ALMUSSAFES;AYUNTAMIENTO DE ALMUSSAFES;924503;—;Subvención;07/10/2026;35;https://wp.me/panQjS-iZZ
Concesiones;BASES REGULADORAS Y CONVOCATORIA DEL PROGRAMA “BO COMERÇ D’ALMUSSAFES 2026” PARA LA RECUPERACIÓN DEL SECTOR COMERCIAL Y SERVICIOS DE ALMUSSAFES;AYUNTAMIENTO DE ALMUSSAFES;924503;—;Subvención;07/10/2026;35;https://wp.me/panQjS-iZZ
Concesiones;BASES REGULADORAS Y CONVOCATORIA DEL PROGRAMA “BO COMERÇ D’ALMUSSAFES 2026” PARA LA RECUPERACIÓN DEL SECTOR COMERCIAL Y SERVICIOS DE ALMUSSAFES;AYUNTAMIENTO DE ALMUSSAFES;924503;—;Subvención;07/10/2026;35;https://wp.me/panQjS-iZZ
Concesiones;BASES REGULADORAS Y CONVOCATORIA DEL PROGRAMA “BO COMERÇ D’ALMUSSAFES 2026” PARA LA RECUPERACIÓN DEL SECTOR COMERCIAL Y SERVICIOS DE ALMUSSAFES;AYUNTAMIENTO DE ALMUSSAFES;924503;—;Subvención;07/10/2026;35;https://wp.me/panQjS-iZZ
Concesiones;BASES REGULADORAS Y CONVOCATORIA DEL PROGRAMA “BO COMERÇ D’ALMUSSAFES 2026” PARA LA RECUPERACIÓN DEL SECTOR COMERCIAL Y SERVICIOS DE ALMUSSAFES;AYUNTAMIENTO DE ALMUSSAFES;924503;—;Subvención;07/10/2026;35;https://wp.me/panQjS-iZZ
Concesiones;BASES REGULADORAS Y CONVOCATORIA DEL PROGRAMA “BO COMERÇ D’ALMUSSAFES 2026” PARA LA RECUPERACIÓN DEL SECTOR COMERCIAL Y SERVICIOS DE ALMUSSAFES;AYUNTAMIENTO DE ALMUSSAFES;924503;—;Subvención;07/10/2026;35;https://wp.me/panQjS-iZZ
Concesiones;BASES REGULADORAS Y CONVOCATORIA DEL PROGRAMA “BO COMERÇ D’ALMUSSAFES 2026” PARA LA RECUPERACIÓN DEL SECTOR COMERCIAL Y SERVICIOS DE ALMUSSAFES;AYUNTAMIENTO DE ALMUSSAFES;924503;—;Subvención;07/10/2026;35;https://wp.me/panQjS-iZZ
Concesiones;BASES REGULADORAS Y CONVOCATORIA DEL PROGRAMA “BO COMERÇ D’ALMUSSAFES 2026” PARA LA RECUPERACIÓN DEL SECTOR COMERCIAL Y SERVICIOS DE ALMUSSAFES;AYUNTAMIENTO DE ALMUSSAFES;924503;—;Subvención;07/10/2026;35;https://wp.me/panQjS-iZZ
Concesiones;BASES REGULADORAS Y CONVOCATORIA DEL PROGRAMA “BO COMERÇ D’ALMUSSAFES 2026” PARA LA RECUPERACIÓN DEL SECTOR COMERCIAL Y SERVICIOS DE ALMUSSAFES;AYUNTAMIENTO DE ALMUSSAFES;924503;—;Subvención;07/10/2026;35;https://wp.me/panQjS-iZZ
Concesiones;BASES REGULADORAS Y CONVOCATORIA DEL PROGRAMA “BO COMERÇ D’ALMUSSAFES 2026” PARA LA RECUPERACIÓN DEL SECTOR COMERCIAL Y SERVICIOS DE ALMUSSAFES;AYUNTAMIENTO DE ALMUSSAFES;924503;—;Subvención;07/10/2026;35;https://wp.me/panQjS-iZZ
Concesiones;BASES REGULADORAS Y CONVOCATORIA DEL PROGRAMA “BO COMERÇ D’ALMUSSAFES 2026” PARA LA RECUPERACIÓN DEL SECTOR COMERCIAL Y SERVICIOS DE ALMUSSAFES;AYUNTAMIENTO DE ALMUSSAFES;924503;—;Subvención;07/10/2026;35;https://wp.me/panQjS-iZZ
Concesiones;BASES REGULADORAS Y CONVOCATORIA DEL PROGRAMA “BO COMERÇ D’ALMUSSAFES 2026” PARA LA RECUPERACIÓN DEL SECTOR COMERCIAL Y SERVICIOS DE ALMUSSAFES;AYUNTAMIENTO DE ALMUSSAFES;924503;—;Subvención;07/10/2026;35;https://wp.me/panQjS-iZZ
Concesiones;BASES REGULADORAS Y CONVOCATORIA DEL PROGRAMA “BO COMERÇ D’ALMUSSAFES 2026” PARA LA RECUPERACIÓN DEL SECTOR COMERCIAL Y SERVICIOS DE ALMUSSAFES;AYUNTAMIENTO DE ALMUSSAFES;924503;—;Subvención;07/10/2026;35;https://wp.me/panQjS-iZZ
Concesiones;BASES REGULADORAS Y CONVOCATORIA DEL PROGRAMA “BO COMERÇ D’ALMUSSAFES 2026” PARA LA RECUPERACIÓN DEL SECTOR COMERCIAL Y SERVICIOS DE ALMUSSAFES;AYUNTAMIENTO DE ALMUSSAFES;924503;—;Subvención;07/10/2026;35;https://wp.me/panQjS-iZZ
Concesiones;BASES REGULADORAS Y CONVOCATORIA DEL PROGRAMA “BO COMERÇ D’ALMUSSAFES 2026” PARA LA RECUPERACIÓN DEL SECTOR COMERCIAL Y SERVICIOS DE ALMUSSAFES;AYUNTAMIENTO DE ALMUSSAFES;924503;—;Subvención;07/10/2026;35;https://wp.me/panQjS-iZZ
Concesiones;BASES REGULADORAS Y CONVOCATORIA DEL PROGRAMA “BO COMERÇ D’ALMUSSAFES 2026” PARA LA RECUPERACIÓN DEL SECTOR COMERCIAL Y SERVICIOS DE ALMUSSAFES;AYUNTAMIENTO DE ALMUSSAFES;924503;—;Subvención;07/10/2026;35;https://wp.me/panQjS-iZZ
Concesiones;BASES REGULADORAS Y CONVOCATORIA DEL PROGRAMA “BO COMERÇ D’ALMUSSAFES 2026” PARA LA RECUPERACIÓN DEL SECTOR COMERCIAL Y SERVICIOS DE ALMUSSAFES;AYUNTAMIENTO DE ALMUSSAFES;924503;—;Subvención;07/10/2026;35;https://wp.me/panQjS-iZZ
Concesiones;BASES REGULADORAS Y CONVOCATORIA DEL PROGRAMA “BO COMERÇ D’ALMUSSAFES 2026” PARA LA RECUPERACIÓN DEL SECTOR COMERCIAL Y SERVICIOS DE ALMUSSAFES;AYUNTAMIENTO DE ALMUSSAFES;924503;—;Subvención;07/10/2026;35;https://wp.me/panQjS-iZZ
Concesiones;BASES REGULADORAS Y CONVOCATORIA DEL PROGRAMA “BO COMERÇ D’ALMUSSAFES 2026” PARA LA RECUPERACIÓN DEL SECTOR COMERCIAL Y SERVICIOS DE ALMUSSAFES;AYUNTAMIENTO DE ALMUSSAFES;924503;—;Subvención;07/10/2026;35;https://wp.me/panQjS-iZZ
Concesiones;BASES REGULADORAS Y CONVOCATORIA DEL PROGRAMA “BO COMERÇ D’ALMUSSAFES 2026” PARA LA RECUPERACIÓN DEL SECTOR COMERCIAL Y SERVICIOS DE ALMUSSAFES;AYUNTAMIENTO DE ALMUSSAFES;924503;—;Subvención;07/10/2026;35;https://wp.me/panQjS-iZZ
Concesiones;BASES REGULADORAS Y CONVOCATORIA DEL PROGRAMA “BO COMERÇ D’ALMUSSAFES 2026” PARA LA RECUPERACIÓN DEL SECTOR COMERCIAL Y SERVICIOS DE ALMUSSAFES;AYUNTAMIENTO DE ALMUSSAFES;924503;—;Subvención;07/10/2026;35;https://wp.me/panQjS-iZZ
Concesiones;BASES REGULADORAS Y CONVOCATORIA DEL PROGRAMA “BO COMERÇ D’ALMUSSAFES 2026” PARA LA RECUPERACIÓN DEL SECTOR COMERCIAL Y SERVICIOS DE ALMUSSAFES;AYUNTAMIENTO DE ALMUSSAFES;924503;—;Subvención;07/10/2026;35;https://wp.me/panQjS-iZZ
Concesiones;BASES REGULADORAS Y CONVOCATORIA DEL PROGRAMA “BO COMERÇ D’ALMUSSAFES 2026” PARA LA RECUPERACIÓN DEL SECTOR COMERCIAL Y SERVICIOS DE ALMUSSAFES;AYUNTAMIENTO DE ALMUSSAFES;924503;—;Subvención;07/10/2026;35;https://wp.me/panQjS-iZZ
Concesiones;BASES REGULADORAS Y CONVOCATORIA DEL PROGRAMA “BO COMERÇ D’ALMUSSAFES 2026” PARA LA RECUPERACIÓN DEL SECTOR COMERCIAL Y SERVICIOS DE ALMUSSAFES;AYUNTAMIENTO DE ALMUSSAFES;924503;—;Subvención;07/10/2026;35;https://wp.me/panQjS-iZZ
Concesiones;BASES REGULADORAS Y CONVOCATORIA DEL PROGRAMA “BO COMERÇ D’ALMUSSAFES 2026” PARA LA RECUPERACIÓN DEL SECTOR COMERCIAL Y SERVICIOS DE ALMUSSAFES;AYUNTAMIENTO DE ALMUSSAFES;924503;—;Subvención;07/10/2026;35;https://wp.me/panQjS-iZZ
Concesiones;BASES REGULADORAS Y CONVOCATORIA DEL PROGRAMA “BO COMERÇ D’ALMUSSAFES 2026” PARA LA RECUPERACIÓN DEL SECTOR COMERCIAL Y SERVICIOS DE ALMUSSAFES;AYUNTAMIENTO DE ALMUSSAFES;924503;—;Subvención;07/10/2026;35;https://wp.me/panQjS-iZZ
Concesiones;BASES REGULADORAS Y CONVOCATORIA DEL PROGRAMA “BO COMERÇ D’ALMUSSAFES 2026” PARA LA RECUPERACIÓN DEL SECTOR COMERCIAL Y SERVICIOS DE ALMUSSAFES;AYUNTAMIENTO DE ALMUSSAFES;924503;—;Subvención;07/10/2026;35;https://wp.me/panQjS-iZZ
Concesiones;BASES REGULADORAS Y CONVOCATORIA DEL PROGRAMA “BO COMERÇ D’ALMUSSAFES 2026” PARA LA RECUPERACIÓN DEL SECTOR COMERCIAL Y SERVICIOS DE ALMUSSAFES;AYUNTAMIENTO DE ALMUSSAFES;924503;—;Subvención;07/10/2026;35;https://wp.me/panQjS-iZZ
Concesiones;BASES REGULADORAS Y CONVOCATORIA DEL PROGRAMA “BO COMERÇ D’ALMUSSAFES 2026” PARA LA RECUPERACIÓN DEL SECTOR COMERCIAL Y SERVICIOS DE ALMUSSAFES;AYUNTAMIENTO DE ALMUSSAFES;924503;—;Subvención;07/10/2026;35;https://wp.me/panQjS-iZZ
Concesiones;BASES REGULADORAS Y CONVOCATORIA DEL PROGRAMA “BO COMERÇ D’ALMUSSAFES 2026” PARA LA RECUPERACIÓN DEL SECTOR COMERCIAL Y SERVICIOS DE ALMUSSAFES;AYUNTAMIENTO DE ALMUSSAFES;924503;—;Subvención;07/10/2026;35;https://wp.me/panQjS-iZZ
Concesiones;BASES REGULADORAS Y CONVOCATORIA DEL PROGRAMA “BO COMERÇ D’ALMUSSAFES 2026” PARA LA RECUPERACIÓN DEL SECTOR COMERCIAL Y SERVICIOS DE ALMUSSAFES;AYUNTAMIENTO DE ALMUSSAFES;924503;—;Subvención;07/10/2026;35;https://wp.me/panQjS-iZZ
Concesiones;BASES REGULADORAS Y CONVOCATORIA DEL PROGRAMA “BO COMERÇ D’ALMUSSAFES 2026” PARA LA RECUPERACIÓN DEL SECTOR COMERCIAL Y SERVICIOS DE ALMUSSAFES;AYUNTAMIENTO DE ALMUSSAFES;924503;—;Subvención;07/10/2026;35;https://wp.me/panQjS-iZZ
Concesiones;BASES REGULADORAS Y CONVOCATORIA DEL PROGRAMA “BO COMERÇ D’ALMUSSAFES 2026” PARA LA RECUPERACIÓN DEL SECTOR COMERCIAL Y SERVICIOS DE ALMUSSAFES;AYUNTAMIENTO DE ALMUSSAFES;924503;—;Subvención;07/10/2026;35;https://wp.me/panQjS-iZZ
Concesiones;BASES REGULADORAS Y CONVOCATORIA DEL PROGRAMA “BO COMERÇ D’ALMUSSAFES 2026” PARA LA RECUPERACIÓN DEL SECTOR COMERCIAL Y SERVICIOS DE ALMUSSAFES;AYUNTAMIENTO DE ALMUSSAFES;924503;—;Subvención;07/10/2026;35;https://wp.me/panQjS-iZZ
Concesiones;BASES REGULADORAS Y CONVOCATORIA DEL PROGRAMA “BO COMERÇ D’ALMUSSAFES 2026” PARA LA RECUPERACIÓN DEL SECTOR COMERCIAL Y SERVICIOS DE ALMUSSAFES;AYUNTAMIENTO DE ALMUSSAFES;924503;—;Subvención;07/10/2026;35;https://wp.me/panQjS-iZZ
Concesiones;BASES REGULADORAS Y CONVOCATORIA DEL PROGRAMA “BO COMERÇ D’ALMUSSAFES 2026” PARA LA RECUPERACIÓN DEL SECTOR COMERCIAL Y SERVICIOS DE ALMUSSAFES;AYUNTAMIENTO DE ALMUSSAFES;924503;—;Subvención;07/10/2026;35;https://wp.me/panQjS-iZZ
Concesiones;BASES REGULADORAS Y CONVOCATORIA DEL PROGRAMA “BO COMERÇ D’ALMUSSAFES 2026” PARA LA RECUPERACIÓN DEL SECTOR COMERCIAL Y SERVICIOS DE ALMUSSAFES;AYUNTAMIENTO DE ALMUSSAFES;924503;—;Subvención;07/10/2026;35;https://wp.me/panQjS-iZZ
Concesiones;BASES REGULADORAS Y CONVOCATORIA DEL PROGRAMA “BO COMERÇ D’ALMUSSAFES 2026” PARA LA RECUPERACIÓN DEL SECTOR COMERCIAL Y SERVICIOS DE ALMUSSAFES;AYUNTAMIENTO DE ALMUSSAFES;924503;—;Subvención;07/10/2026;35;https://wp.me/panQjS-iZZ
Concesiones;BASES REGULADORAS Y CONVOCATORIA DEL PROGRAMA “BO COMERÇ D’ALMUSSAFES 2026” PARA LA RECUPERACIÓN DEL SECTOR COMERCIAL Y SERVICIOS DE ALMUSSAFES;AYUNTAMIENTO DE ALMUSSAFES;924503;—;Subvención;07/10/2026;35;https://wp.me/panQjS-iZZ
Concesiones;BASES REGULADORAS Y CONVOCATORIA DEL PROGRAMA “BO COMERÇ D’ALMUSSAFES 2026” PARA LA RECUPERACIÓN DEL SECTOR COMERCIAL Y SERVICIOS DE ALMUSSAFES;AYUNTAMIENTO DE ALMUSSAFES;924503;—;Subvención;07/10/2026;35;https://wp.me/panQjS-iZZ
Concesiones;BASES REGULADORAS Y CONVOCATORIA DEL PROGRAMA “BO COMERÇ D’ALMUSSAFES 2026” PARA LA RECUPERACIÓN DEL SECTOR COMERCIAL Y SERVICIOS DE ALMUSSAFES;AYUNTAMIENTO DE ALMUSSAFES;924503;—;Subvención;07/10/2026;35;https://wp.me/panQjS-iZZ
Concesiones;BASES REGULADORAS Y CONVOCATORIA DEL PROGRAMA “BO COMERÇ D’ALMUSSAFES 2026” PARA LA RECUPERACIÓN DEL SECTOR COMERCIAL Y SERVICIOS DE ALMUSSAFES;AYUNTAMIENTO DE ALMUSSAFES;924503;—;Subvención;07/10/2026;35;https://wp.me/panQjS-iZZ
Concesiones;BASES REGULADORAS Y CONVOCATORIA DEL PROGRAMA “BO COMERÇ D’ALMUSSAFES 2026” PARA LA RECUPERACIÓN DEL SECTOR COMERCIAL Y SERVICIOS DE ALMUSSAFES;AYUNTAMIENTO DE ALMUSSAFES;924503;—;Subvención;07/10/2026;35;https://wp.me/panQjS-iZZ
Concesiones;BASES REGULADORAS Y CONVOCATORIA DEL PROGRAMA “BO COMERÇ D’ALMUSSAFES 2026” PARA LA RECUPERACIÓN DEL SECTOR COMERCIAL Y SERVICIOS DE ALMUSSAFES;AYUNTAMIENTO DE ALMUSSAFES;924503;—;Subvención;07/10/2026;35;https://wp.me/panQjS-iZZ
Concesiones;BASES REGULADORAS Y CONVOCATORIA DEL PROGRAMA “BO COMERÇ D’ALMUSSAFES 2026” PARA LA RECUPERACIÓN DEL SECTOR COMERCIAL Y SERVICIOS DE ALMUSSAFES;AYUNTAMIENTO DE ALMUSSAFES;924503;—;Subvención;07/10/2026;35;https://wp.me/panQjS-iZZ
Concesiones;BASES REGULADORAS Y CONVOCATORIA DEL PROGRAMA “BO COMERÇ D’ALMUSSAFES 2026” PARA LA RECUPERACIÓN DEL SECTOR COMERCIAL Y SERVICIOS DE ALMUSSAFES;AYUNTAMIENTO DE ALMUSSAFES;924503;—;Subvención;07/10/2026;35;https://wp.me/panQjS-iZZ
Concesiones;BASES REGULADORAS Y CONVOCATORIA DEL PROGRAMA “BO COMERÇ D’ALMUSSAFES 2026” PARA LA RECUPERACIÓN DEL SECTOR COMERCIAL Y SERVICIOS DE ALMUSSAFES;AYUNTAMIENTO DE ALMUSSAFES;924503;—;Subvención;07/10/2026;35;https://wp.me/panQjS-iZZ
Concesiones;BASES REGULADORAS Y CONVOCATORIA DEL PROGRAMA “BO COMERÇ D’ALMUSSAFES 2026” PARA LA RECUPERACIÓN DEL SECTOR COMERCIAL Y SERVICIOS DE ALMUSSAFES;AYUNTAMIENTO DE ALMUSSAFES;924503;—;Subvención;07/10/2026;35;https://wp.me/panQjS-iZZ
Concesiones;BASES REGULADORAS Y CONVOCATORIA DEL PROGRAMA “BO COMERÇ D’ALMUSSAFES 2026” PARA LA RECUPERACIÓN DEL SECTOR COMERCIAL Y SERVICIOS DE ALMUSSAFES;AYUNTAMIENTO DE ALMUSSAFES;924503;—;Subvención;07/10/2026;35;https://wp.me/panQjS-iZZ
Concesiones;BASES REGULADORAS Y CONVOCATORIA DEL PROGRAMA “BO COMERÇ D’ALMUSSAFES 2026” PARA LA RECUPERACIÓN DEL SECTOR COMERCIAL Y SERVICIOS DE ALMUSSAFES;AYUNTAMIENTO DE ALMUSSAFES;924503;—;Subvención;07/10/2026;35;https://wp.me/panQjS-iZZ
Concesiones;BASES REGULADORAS Y CONVOCATORIA DEL PROGRAMA “BO COMERÇ D’ALMUSSAFES 2026” PARA LA RECUPERACIÓN DEL SECTOR COMERCIAL Y SERVICIOS DE ALMUSSAFES;AYUNTAMIENTO DE ALMUSSAFES;924503;—;Subvención;07/10/2026;35;https://wp.me/panQjS-iZZ
Concesiones;BASES REGULADORAS Y CONVOCATORIA DEL PROGRAMA “BO COMERÇ D’ALMUSSAFES 2026” PARA LA RECUPERACIÓN DEL SECTOR COMERCIAL Y SERVICIOS DE ALMUSSAFES;AYUNTAMIENTO DE ALMUSSAFES;924503;—;Subvención;07/10/2026;35;https://wp.me/panQjS-iZZ
Concesiones;BASES REGULADORAS Y CONVOCATORIA DEL PROGRAMA “BO COMERÇ D’ALMUSSAFES 2026” PARA LA RECUPERACIÓN DEL SECTOR COMERCIAL Y SERVICIOS DE ALMUSSAFES;AYUNTAMIENTO DE ALMUSSAFES;924503;—;Subvención;07/10/2026;35;https://wp.me/panQjS-iZZ
Concesiones;BASES REGULADORAS Y CONVOCATORIA DEL PROGRAMA “BO COMERÇ D’ALMUSSAFES 2026” PARA LA RECUPERACIÓN DEL SECTOR COMERCIAL Y SERVICIOS DE ALMUSSAFES;AYUNTAMIENTO DE ALMUSSAFES;924503;—;Subvención;07/10/2026;35;https://wp.me/panQjS-iZZ
Concesiones;BASES REGULADORAS Y CONVOCATORIA DEL PROGRAMA “BO COMERÇ D’ALMUSSAFES 2026” PARA LA RECUPERACIÓN DEL SECTOR COMERCIAL Y SERVICIOS DE ALMUSSAFES;AYUNTAMIENTO DE ALMUSSAFES;924503;—;Subvención;07/10/2026;35;https://wp.me/panQjS-iZZ
Concesiones;BASES REGULADORAS Y CONVOCATORIA DEL PROGRAMA “BO COMERÇ D’ALMUSSAFES 2026” PARA LA RECUPERACIÓN DEL SECTOR COMERCIAL Y SERVICIOS DE ALMUSSAFES;AYUNTAMIENTO DE ALMUSSAFES;924503;—;Subvención;07/10/2026;35;https://wp.me/panQjS-iZZ
Concesiones;BASES REGULADORAS Y CONVOCATORIA DEL PROGRAMA “BO COMERÇ D’ALMUSSAFES 2026” PARA LA RECUPERACIÓN DEL SECTOR COMERCIAL Y SERVICIOS DE ALMUSSAFES;AYUNTAMIENTO DE ALMUSSAFES;924503;—;Subvención;07/10/2026;35;https://wp.me/panQjS-iZZ
Concesiones;BASES REGULADORAS Y CONVOCATORIA DEL PROGRAMA “BO COMERÇ D’ALMUSSAFES 2026” PARA LA RECUPERACIÓN DEL SECTOR COMERCIAL Y SERVICIOS DE ALMUSSAFES;AYUNTAMIENTO DE ALMUSSAFES;924503;—;Subvención;07/10/2026;35;https://wp.me/panQjS-iZZ
Concesiones;BASES REGULADORAS Y CONVOCATORIA DEL PROGRAMA “BO COMERÇ D’ALMUSSAFES 2026” PARA LA RECUPERACIÓN DEL SECTOR COMERCIAL Y SERVICIOS DE ALMUSSAFES;AYUNTAMIENTO DE ALMUSSAFES;924503;—;Subvención;07/10/2026;35;https://wp.me/panQjS-iZZ
Concesiones;BASES REGULADORAS Y CONVOCATORIA DEL PROGRAMA “BO COMERÇ D’ALMUSSAFES 2026” PARA LA RECUPERACIÓN DEL SECTOR COMERCIAL Y SERVICIOS DE ALMUSSAFES;AYUNTAMIENTO DE ALMUSSAFES;924503;—;Subvención;07/10/2026;35;https://wp.me/panQjS-iZZ
Concesiones;BASES REGULADORAS Y CONVOCATORIA DEL PROGRAMA “BO COMERÇ D’ALMUSSAFES 2026” PARA LA RECUPERACIÓN DEL SECTOR COMERCIAL Y SERVICIOS DE ALMUSSAFES;AYUNTAMIENTO DE ALMUSSAFES;924503;—;Subvención;07/10/2026;35;https://wp.me/panQjS-iZZ
Concesiones;BASES REGULADORAS Y CONVOCATORIA DEL PROGRAMA “BO COMERÇ D’ALMUSSAFES 2026” PARA LA RECUPERACIÓN DEL SECTOR COMERCIAL Y SERVICIOS DE ALMUSSAFES;AYUNTAMIENTO DE ALMUSSAFES;924503;—;Subvención;07/10/2026;35;https://wp.me/panQjS-iZZ
Concesiones;BASES REGULADORAS Y CONVOCATORIA DEL PROGRAMA “BO COMERÇ D’ALMUSSAFES 2026” PARA LA RECUPERACIÓN DEL SECTOR COMERCIAL Y SERVICIOS DE ALMUSSAFES;AYUNTAMIENTO DE ALMUSSAFES;924503;—;Subvención;07/10/2026;35;https://wp.me/panQjS-iZZ
Concesiones;BASES REGULADORAS Y CONVOCATORIA DEL PROGRAMA “BO COMERÇ D’ALMUSSAFES 2026” PARA LA RECUPERACIÓN DEL SECTOR COMERCIAL Y SERVICIOS DE ALMUSSAFES;AYUNTAMIENTO DE ALMUSSAFES;924503;—;Subvención;07/10/2026;35;https://wp.me/panQjS-iZZ
Concesiones;BASES REGULADORAS Y CONVOCATORIA DEL PROGRAMA “BO COMERÇ D’ALMUSSAFES 2026” PARA LA RECUPERACIÓN DEL SECTOR COMERCIAL Y SERVICIOS DE ALMUSSAFES;AYUNTAMIENTO DE ALMUSSAFES;924503;—;Subvención;07/10/2026;35;https://wp.me/panQjS-iZZ
Concesiones;BASES REGULADORAS Y CONVOCATORIA DEL PROGRAMA “BO COMERÇ D’ALMUSSAFES 2026” PARA LA RECUPERACIÓN DEL SECTOR COMERCIAL Y SERVICIOS DE ALMUSSAFES;AYUNTAMIENTO DE ALMUSSAFES;924503;—;Subvención;07/10/2026;35;https://wp.me/panQjS-iZZ
Concesiones;BASES REGULADORAS Y CONVOCATORIA DEL PROGRAMA “BO COMERÇ D’ALMUSSAFES 2026” PARA LA RECUPERACIÓN DEL SECTOR COMERCIAL Y SERVICIOS DE ALMUSSAFES;AYUNTAMIENTO DE ALMUSSAFES;924503;—;Subvención;07/10/2026;35;https://wp.me/panQjS-iZZ
Concesiones;BASES REGULADORAS Y CONVOCATORIA DEL PROGRAMA “BO COMERÇ D’ALMUSSAFES 2026” PARA LA RECUPERACIÓN DEL SECTOR COMERCIAL Y SERVICIOS DE ALMUSSAFES;AYUNTAMIENTO DE ALMUSSAFES;924503;—;Subvención;07/10/2026;35;https://wp.me/panQjS-iZZ
Concesiones;BASES REGULADORAS Y CONVOCATORIA DEL PROGRAMA “BO COMERÇ D’ALMUSSAFES 2026” PARA LA RECUPERACIÓN DEL SECTOR COMERCIAL Y SERVICIOS DE ALMUSSAFES;AYUNTAMIENTO DE ALMUSSAFES;924503;—;Subvención;07/10/2026;35;https://wp.me/panQjS-iZZ
Concesiones;BASES REGULADORAS Y CONVOCATORIA DEL PROGRAMA “BO COMERÇ D’ALMUSSAFES 2026” PARA LA RECUPERACIÓN DEL SECTOR COMERCIAL Y SERVICIOS DE ALMUSSAFES;AYUNTAMIENTO DE ALMUSSAFES;924503;—;Subvención;07/10/2026;35;https://wp.me/panQjS-iZZ
Concesiones;BASES REGULADORAS Y CONVOCATORIA DEL PROGRAMA “BO COMERÇ D’ALMUSSAFES 2026” PARA LA RECUPERACIÓN DEL SECTOR COMERCIAL Y SERVICIOS DE ALMUSSAFES;AYUNTAMIENTO DE ALMUSSAFES;924503;—;Subvención;07/10/2026;35;https://wp.me/panQjS-iZZ
Concesiones;BASES REGULADORAS Y CONVOCATORIA DEL PROGRAMA “BO COMERÇ D’ALMUSSAFES 2026” PARA LA RECUPERACIÓN DEL SECTOR COMERCIAL Y SERVICIOS DE ALMUSSAFES;AYUNTAMIENTO DE ALMUSSAFES;924503;—;Subvención;07/10/2026;35;https://wp.me/panQjS-iZZ
Concesiones;BASES REGULADORAS Y CONVOCATORIA DEL PROGRAMA “BO COMERÇ D’ALMUSSAFES 2026” PARA LA RECUPERACIÓN DEL SECTOR COMERCIAL Y SERVICIOS DE ALMUSSAFES;AYUNTAMIENTO DE ALMUSSAFES;924503;—;Subvención;07/10/2026;35;https://wp.me/panQjS-iZZ
Concesiones;BASES REGULADORAS Y CONVOCATORIA DEL PROGRAMA “BO COMERÇ D’ALMUSSAFES 2026” PARA LA RECUPERACIÓN DEL SECTOR COMERCIAL Y SERVICIOS DE ALMUSSAFES;AYUNTAMIENTO DE ALMUSSAFES;924503;—;Subvención;07/10/2026;35;https://wp.me/panQjS-iZZ
Concesiones;BASES REGULADORAS Y CONVOCATORIA DEL PROGRAMA “BO COMERÇ D’ALMUSSAFES 2026” PARA LA RECUPERACIÓN DEL SECTOR COMERCIAL Y SERVICIOS DE ALMUSSAFES;AYUNTAMIENTO DE ALMUSSAFES;924503;—;Subvención;07/10/2026;35;https://wp.me/panQjS-iZZ
Concesiones;BASES REGULADORAS Y CONVOCATORIA DEL PROGRAMA “BO COMERÇ D’ALMUSSAFES 2026” PARA LA RECUPERACIÓN DEL SECTOR COMERCIAL Y SERVICIOS DE ALMUSSAFES;AYUNTAMIENTO DE ALMUSSAFES;924503;—;Subvención;07/10/2026;35;https://wp.me/panQjS-iZZ
Concesiones;BASES REGULADORAS Y CONVOCATORIA DEL PROGRAMA “BO COMERÇ D’ALMUSSAFES 2026” PARA LA RECUPERACIÓN DEL SECTOR COMERCIAL Y SERVICIOS DE ALMUSSAFES;AYUNTAMIENTO DE ALMUSSAFES;924503;—;Subvención;07/10/2026;35;https://wp.me/panQjS-iZZ
Concesiones;BASES REGULADORAS Y CONVOCATORIA DEL PROGRAMA “BO COMERÇ D’ALMUSSAFES 2026” PARA LA RECUPERACIÓN DEL SECTOR COMERCIAL Y SERVICIOS DE ALMUSSAFES;AYUNTAMIENTO DE ALMUSSAFES;924503;—;Subvención;07/10/2026;35;https://wp.me/panQjS-iZZ
Concesiones;BASES REGULADORAS Y CONVOCATORIA DEL PROGRAMA “BO COMERÇ D’ALMUSSAFES 2026” PARA LA RECUPERACIÓN DEL SECTOR COMERCIAL Y SERVICIOS DE ALMUSSAFES;AYUNTAMIENTO DE ALMUSSAFES;924503;—;Subvención;07/10/2026;35;https://wp.me/panQjS-iZZ
Concesiones;BASES REGULADORAS Y CONVOCATORIA DEL PROGRAMA “BO COMERÇ D’ALMUSSAFES 2026” PARA LA RECUPERACIÓN DEL SECTOR COMERCIAL Y SERVICIOS DE ALMUSSAFES;AYUNTAMIENTO DE ALMUSSAFES;924503;—;Subvención;07/10/2026;35;https://wp.me/panQjS-iZZ
Concesiones;BASES REGULADORAS Y CONVOCATORIA DEL PROGRAMA “BO COMERÇ D’ALMUSSAFES 2026” PARA LA RECUPERACIÓN DEL SECTOR COMERCIAL Y SERVICIOS DE ALMUSSAFES;AYUNTAMIENTO DE ALMUSSAFES;924503;—;Subvención;07/10/2026;35;https://wp.me/panQjS-iZZ
Concesiones;BASES REGULADORAS Y CONVOCATORIA DEL PROGRAMA “BO COMERÇ D’ALMUSSAFES 2026” PARA LA RECUPERACIÓN DEL SECTOR COMERCIAL Y SERVICIOS DE ALMUSSAFES;AYUNTAMIENTO DE ALMUSSAFES;924503;—;Subvención;07/10/2026;35;https://wp.me/panQjS-iZZ
Concesiones;BASES REGULADORAS Y CONVOCATORIA DEL PROGRAMA “BO COMERÇ D’ALMUSSAFES 2026” PARA LA RECUPERACIÓN DEL SECTOR COMERCIAL Y SERVICIOS DE ALMUSSAFES;AYUNTAMIENTO DE ALMUSSAFES;924503;—;Subvención;07/10/2026;35;https://wp.me/panQjS-iZZ
Concesiones;BASES REGULADORAS Y CONVOCATORIA DEL PROGRAMA “BO COMERÇ D’ALMUSSAFES 2026” PARA LA RECUPERACIÓN DEL SECTOR COMERCIAL Y SERVICIOS DE ALMUSSAFES;AYUNTAMIENTO DE ALMUSSAFES;924503;—;Subvención;07/10/2026;35;https://wp.me/panQjS-iZZ
Concesiones;BASES REGULADORAS Y CONVOCATORIA DEL PROGRAMA “BO COMERÇ D’ALMUSSAFES 2026” PARA LA RECUPERACIÓN DEL SECTOR COMERCIAL Y SERVICIOS DE ALMUSSAFES;AYUNTAMIENTO DE ALMUSSAFES;924503;—;Subvención;07/10/2026;35;https://wp.me/panQjS-iZZ
Concesiones;BASES REGULADORAS Y CONVOCATORIA DEL PROGRAMA “BO COMERÇ D’ALMUSSAFES 2026” PARA LA RECUPERACIÓN DEL SECTOR COMERCIAL Y SERVICIOS DE ALMUSSAFES;AYUNTAMIENTO DE ALMUSSAFES;924503;—;Subvención;07/10/2026;35;https://wp.me/panQjS-iZZ
Concesiones;BASES REGULADORAS Y CONVOCATORIA DEL PROGRAMA “BO COMERÇ D’ALMUSSAFES 2026” PARA LA RECUPERACIÓN DEL SECTOR COMERCIAL Y SERVICIOS DE ALMUSSAFES;AYUNTAMIENTO DE ALMUSSAFES;924503;—;Subvención;07/10/2026;35;https://wp.me/panQjS-iZZ
Concesiones;BASES REGULADORAS Y CONVOCATORIA DEL PROGRAMA “BO COMERÇ D’ALMUSSAFES 2026” PARA LA RECUPERACIÓN DEL SECTOR COMERCIAL Y SERVICIOS DE ALMUSSAFES;AYUNTAMIENTO DE ALMUSSAFES;924503;—;Subvención;07/10/2026;35;https://wp.me/panQjS-iZZ
Concesiones;BASES REGULADORAS Y CONVOCATORIA DEL PROGRAMA “BO COMERÇ D’ALMUSSAFES 2026” PARA LA RECUPERACIÓN DEL SECTOR COMERCIAL Y SERVICIOS DE ALMUSSAFES;AYUNTAMIENTO DE ALMUSSAFES;924503;—;Subvención;07/10/2026;35;https://wp.me/panQjS-iZZ
Concesiones;BASES REGULADORAS Y CONVOCATORIA DEL PROGRAMA “BO COMERÇ D’ALMUSSAFES 2026” PARA LA RECUPERACIÓN DEL SECTOR COMERCIAL Y SERVICIOS DE ALMUSSAFES;AYUNTAMIENTO DE ALMUSSAFES;924503;—;Subvención;07/10/2026;35;https://wp.me/panQjS-iZZ
Concesiones;BASES REGULADORAS Y CONVOCATORIA DEL PROGRAMA “BO COMERÇ D’ALMUSSAFES 2026” PARA LA RECUPERACIÓN DEL SECTOR COMERCIAL Y SERVICIOS DE ALMUSSAFES;AYUNTAMIENTO DE ALMUSSAFES;924503;—;Subvención;07/10/2026;35;https://wp.me/panQjS-iZZ
Concesiones;BASES REGULADORAS Y CONVOCATORIA DEL PROGRAMA “BO COMERÇ D’ALMUSSAFES 2026” PARA LA RECUPERACIÓN DEL SECTOR COMERCIAL Y SERVICIOS DE ALMUSSAFES;AYUNTAMIENTO DE ALMUSSAFES;924503;—;Subvención;07/10/2026;35;https://wp.me/panQjS-iZZ
Concesiones;BASES REGULADORAS Y CONVOCATORIA DEL PROGRAMA “BO COMERÇ D’ALMUSSAFES 2026” PARA LA RECUPERACIÓN DEL SECTOR COMERCIAL Y SERVICIOS DE ALMUSSAFES;AYUNTAMIENTO DE ALMUSSAFES;924503;—;Subvención;07/10/2026;35;https://wp.me/panQjS-iZZ
Concesiones;BASES REGULADORAS Y CONVOCATORIA DEL PROGRAMA “BO COMERÇ D’ALMUSSAFES 2026” PARA LA RECUPERACIÓN DEL SECTOR COMERCIAL Y SERVICIOS DE ALMUSSAFES;AYUNTAMIENTO DE ALMUSSAFES;924503;—;Subvención;07/10/2026;35;https://wp.me/panQjS-iZZ
Concesiones;BASES REGULADORAS Y CONVOCATORIA DEL PROGRAMA “BO COMERÇ D’ALMUSSAFES 2026” PARA LA RECUPERACIÓN DEL SECTOR COMERCIAL Y SERVICIOS DE ALMUSSAFES;AYUNTAMIENTO DE ALMUSSAFES;924503;—;Subvención;07/10/2026;35;https://wp.me/panQjS-iZZ
Concesiones;BASES REGULADORAS Y CONVOCATORIA DEL PROGRAMA “BO COMERÇ D’ALMUSSAFES 2026” PARA LA RECUPERACIÓN DEL SECTOR COMERCIAL Y SERVICIOS DE ALMUSSAFES;AYUNTAMIENTO DE ALMUSSAFES;924503;—;Subvención;07/10/2026;35;https://wp.me/panQjS-iZZ
Concesiones;BASES REGULADORAS Y CONVOCATORIA DEL PROGRAMA “BO COMERÇ D’ALMUSSAFES 2026” PARA LA RECUPERACIÓN DEL SECTOR COMERCIAL Y SERVICIOS DE ALMUSSAFES;AYUNTAMIENTO DE ALMUSSAFES;924503;—;Subvención;07/10/2026;35;https://wp.me/panQjS-iZZ
Concesiones;BASES REGULADORAS Y CONVOCATORIA DEL PROGRAMA “BO COMERÇ D’ALMUSSAFES 2026” PARA LA RECUPERACIÓN DEL SECTOR COMERCIAL Y SERVICIOS DE ALMUSSAFES;AYUNTAMIENTO DE ALMUSSAFES;924503;—;Subvención;07/10/2026;35;https://wp.me/panQjS-iZZ
Concesiones;BASES REGULADORAS Y CONVOCATORIA DEL PROGRAMA “BO COMERÇ D’ALMUSSAFES 2026” PARA LA RECUPERACIÓN DEL SECTOR COMERCIAL Y SERVICIOS DE ALMUSSAFES;AYUNTAMIENTO DE ALMUSSAFES;924503;—;Subvención;07/10/2026;35;https://wp.me/panQjS-iZZ
Concesiones;BASES REGULADORAS Y CONVOCATORIA DEL PROGRAMA “BO COMERÇ D’ALMUSSAFES 2026” PARA LA RECUPERACIÓN DEL SECTOR COMERCIAL Y SERVICIOS DE ALMUSSAFES;AYUNTAMIENTO DE ALMUSSAFES;924503;—;Subvención;07/10/2026;35;https://wp.me/panQjS-iZZ
Concesiones;BASES REGULADORAS Y CONVOCATORIA DEL PROGRAMA “BO COMERÇ D’ALMUSSAFES 2026” PARA LA RECUPERACIÓN DEL SECTOR COMERCIAL Y SERVICIOS DE ALMUSSAFES;AYUNTAMIENTO DE ALMUSSAFES;924503;—;Subvención;07/10/2026;35;https://wp.me/panQjS-iZZ
Concesiones;BASES REGULADORAS Y CONVOCATORIA DEL PROGRAMA “BO COMERÇ D’ALMUSSAFES 2026” PARA LA RECUPERACIÓN DEL SECTOR COMERCIAL Y SERVICIOS DE ALMUSSAFES;AYUNTAMIENTO DE ALMUSSAFES;924503;—;Subvención;07/10/2026;35;https://wp.me/panQjS-iZZ
Concesiones;BASES REGULADORAS Y CONVOCATORIA DEL PROGRAMA “BO COMERÇ D’ALMUSSAFES 2026” PARA LA RECUPERACIÓN DEL SECTOR COMERCIAL Y SERVICIOS DE ALMUSSAFES;AYUNTAMIENTO DE ALMUSSAFES;924503;—;Subvención;07/10/2026;35;https://wp.me/panQjS-iZZ
Concesiones;BASES REGULADORAS Y CONVOCATORIA DEL PROGRAMA “BO COMERÇ D’ALMUSSAFES 2026” PARA LA RECUPERACIÓN DEL SECTOR COMERCIAL Y SERVICIOS DE ALMUSSAFES;AYUNTAMIENTO DE ALMUSSAFES;924503;—;Subvención;07/10/2026;35;https://wp.me/panQjS-iZZ
Concesiones;BASES REGULADORAS Y CONVOCATORIA DEL PROGRAMA “BO COMERÇ D’ALMUSSAFES 2026” PARA LA RECUPERACIÓN DEL SECTOR COMERCIAL Y SERVICIOS DE ALMUSSAFES;AYUNTAMIENTO DE ALMUSSAFES;924503;—;Subvención;07/10/2026;35;https://wp.me/panQjS-iZZ
Concesiones;BASES REGULADORAS Y CONVOCATORIA DEL PROGRAMA “BO COMERÇ D’ALMUSSAFES 2026” PARA LA RECUPERACIÓN DEL SECTOR COMERCIAL Y SERVICIOS DE ALMUSSAFES;AYUNTAMIENTO DE ALMUSSAFES;924503;—;Subvención;07/10/2026;35;https://wp.me/panQjS-iZZ
Concesiones;BASES REGULADORAS Y CONVOCATORIA DEL PROGRAMA “BO COMERÇ D’ALMUSSAFES 2026” PARA LA RECUPERACIÓN DEL SECTOR COMERCIAL Y SERVICIOS DE ALMUSSAFES;AYUNTAMIENTO DE ALMUSSAFES;924503;—;Subvención;07/10/2026;35;https://wp.me/panQjS-iZZ
Concesiones;BASES REGULADORAS Y CONVOCATORIA DEL PROGRAMA “BO COMERÇ D’ALMUSSAFES 2026” PARA LA RECUPERACIÓN DEL SECTOR COMERCIAL Y SERVICIOS DE ALMUSSAFES;AYUNTAMIENTO DE ALMUSSAFES;924503;—;Subvención;07/10/2026;35;https://wp.me/panQjS-iZZ
Concesiones;BASES REGULADORAS Y CONVOCATORIA DEL PROGRAMA “BO COMERÇ D’ALMUSSAFES 2026” PARA LA RECUPERACIÓN DEL SECTOR COMERCIAL Y SERVICIOS DE ALMUSSAFES;AYUNTAMIENTO DE ALMUSSAFES;924503;—;Subvención;07/10/2026;35;https://wp.me/panQjS-iZZ
Concesiones;BASES REGULADORAS Y CONVOCATORIA DEL PROGRAMA “BO COMERÇ D’ALMUSSAFES 2026” PARA LA RECUPERACIÓN DEL SECTOR COMERCIAL Y SERVICIOS DE ALMUSSAFES;AYUNTAMIENTO DE ALMUSSAFES;924503;—;Subvención;07/10/2026;35;https://wp.me/panQjS-iZZ
Concesiones;BASES REGULADORAS Y CONVOCATORIA DEL PROGRAMA “BO COMERÇ D’ALMUSSAFES 2026” PARA LA RECUPERACIÓN DEL SECTOR COMERCIAL Y SERVICIOS DE ALMUSSAFES;AYUNTAMIENTO DE ALMUSSAFES;924503;—;Subvención;07/10/2026;35;https://wp.me/panQjS-iZZ
Concesiones;BASES REGULADORAS Y CONVOCATORIA DEL PROGRAMA “BO COMERÇ D’ALMUSSAFES 2026” PARA LA RECUPERACIÓN DEL SECTOR COMERCIAL Y SERVICIOS DE ALMUSSAFES;AYUNTAMIENTO DE ALMUSSAFES;924503;—;Subvención;07/10/2026;35;https://wp.me/panQjS-iZZ
Concesiones;BASES REGULADORAS Y CONVOCATORIA DEL PROGRAMA “BO COMERÇ D’ALMUSSAFES 2026” PARA LA RECUPERACIÓN DEL SECTOR COMERCIAL Y SERVICIOS DE ALMUSSAFES;AYUNTAMIENTO DE ALMUSSAFES;924503;—;Subvención;07/10/2026;35;https://wp.me/panQjS-iZZ
Concesiones;BASES REGULADORAS Y CONVOCATORIA DEL PROGRAMA “BO COMERÇ D’ALMUSSAFES 2026” PARA LA RECUPERACIÓN DEL SECTOR COMERCIAL Y SERVICIOS DE ALMUSSAFES;AYUNTAMIENTO DE ALMUSSAFES;924503;—;Subvención;07/10/2026;35;https://wp.me/panQjS-iZZ
Concesiones;BASES REGULADORAS Y CONVOCATORIA DEL PROGRAMA “BO COMERÇ D’ALMUSSAFES 2026” PARA LA RECUPERACIÓN DEL SECTOR COMERCIAL Y SERVICIOS DE ALMUSSAFES;AYUNTAMIENTO DE ALMUSSAFES;924503;—;Subvención;07/10/2026;35;https://wp.me/panQjS-iZZ
Concesiones;BASES REGULADORAS Y CONVOCATORIA DEL PROGRAMA “BO COMERÇ D’ALMUSSAFES 2026” PARA LA RECUPERACIÓN DEL SECTOR COMERCIAL Y SERVICIOS DE ALMUSSAFES;AYUNTAMIENTO DE ALMUSSAFES;924503;—;Subvención;07/10/2026;35;https://wp.me/panQjS-iZZ
Concesiones;BASES REGULADORAS Y CONVOCATORIA DEL PROGRAMA “BO COMERÇ D’ALMUSSAFES 2026” PARA LA RECUPERACIÓN DEL SECTOR COMERCIAL Y SERVICIOS DE ALMUSSAFES;AYUNTAMIENTO DE ALMUSSAFES;924503;—;Subvención;07/10/2026;35;https://wp.me/panQjS-iZZ
Concesiones;BASES REGULADORAS Y CONVOCATORIA DEL PROGRAMA “BO COMERÇ D’ALMUSSAFES 2026” PARA LA RECUPERACIÓN DEL SECTOR COMERCIAL Y SERVICIOS DE ALMUSSAFES;AYUNTAMIENTO DE ALMUSSAFES;924503;—;Subvención;07/10/2026;35;https://wp.me/panQjS-iZZ
Concesiones;BASES REGULADORAS Y CONVOCATORIA DEL PROGRAMA “BO COMERÇ D’ALMUSSAFES 2026” PARA LA RECUPERACIÓN DEL SECTOR COMERCIAL Y SERVICIOS DE ALMUSSAFES;AYUNTAMIENTO DE ALMUSSAFES;924503;—;Subvención;07/10/2026;35;https://wp.me/panQjS-iZZ
Concesiones;BASES REGULADORAS Y CONVOCATORIA DEL PROGRAMA “BO COMERÇ D’ALMUSSAFES 2026” PARA LA RECUPERACIÓN DEL SECTOR COMERCIAL Y SERVICIOS DE ALMUSSAFES;AYUNTAMIENTO DE ALMUSSAFES;924503;—;Subvención;07/10/2026;35;https://wp.me/panQjS-iZZ
Concesiones;BASES REGULADORAS Y CONVOCATORIA DEL PROGRAMA “BO COMERÇ D’ALMUSSAFES 2026” PARA LA RECUPERACIÓN DEL SECTOR COMERCIAL Y SERVICIOS DE ALMUSSAFES;AYUNTAMIENTO DE ALMUSSAFES;924503;—;Subvención;07/10/2026;35;https://wp.me/panQjS-iZZ
Concesiones;BASES REGULADORAS Y CONVOCATORIA DEL PROGRAMA “BO COMERÇ D’ALMUSSAFES 2026” PARA LA RECUPERACIÓN DEL SECTOR COMERCIAL Y SERVICIOS DE ALMUSSAFES;AYUNTAMIENTO DE ALMUSSAFES;924503;—;Subvención;07/10/2026;35;https://wp.me/panQjS-iZZ
Concesiones;BASES REGULADORAS Y CONVOCATORIA DEL PROGRAMA “BO COMERÇ D’ALMUSSAFES 2026” PARA LA RECUPERACIÓN DEL SECTOR COMERCIAL Y SERVICIOS DE ALMUSSAFES;AYUNTAMIENTO DE ALMUSSAFES;924503;—;Subvención;07/10/2026;35;https://wp.me/panQjS-iZZ
Concesiones;BASES REGULADORAS Y CONVOCATORIA DEL PROGRAMA “BO COMERÇ D’ALMUSSAFES 2026” PARA LA RECUPERACIÓN DEL SECTOR COMERCIAL Y SERVICIOS DE ALMUSSAFES;AYUNTAMIENTO DE ALMUSSAFES;924503;—;Subvención;07/10/2026;35;https://wp.me/panQjS-iZZ
Concesiones;BASES REGULADORAS Y CONVOCATORIA DEL PROGRAMA “BO COMERÇ D’ALMUSSAFES 2026” PARA LA RECUPERACIÓN DEL SECTOR COMERCIAL Y SERVICIOS DE ALMUSSAFES;AYUNTAMIENTO DE ALMUSSAFES;924503;—;Subvención;07/10/2026;35;https://wp.me/panQjS-iZZ
Concesiones;BASES REGULADORAS Y CONVOCATORIA DEL PROGRAMA “BO COMERÇ D’ALMUSSAFES 2026” PARA LA RECUPERACIÓN DEL SECTOR COMERCIAL Y SERVICIOS DE ALMUSSAFES;AYUNTAMIENTO DE ALMUSSAFES;924503;—;Subvención;07/10/2026;35;https://wp.me/panQjS-iZZ
Concesiones;BASES REGULADORAS Y CONVOCATORIA DEL PROGRAMA “BO COMERÇ D’ALMUSSAFES 2026” PARA LA RECUPERACIÓN DEL SECTOR COMERCIAL Y SERVICIOS DE ALMUSSAFES;AYUNTAMIENTO DE ALMUSSAFES;924503;—;Subvención;07/10/2026;35;https://wp.me/panQjS-iZZ
Concesiones;BASES REGULADORAS Y CONVOCATORIA DEL PROGRAMA “BO COMERÇ D’ALMUSSAFES 2026” PARA LA RECUPERACIÓN DEL SECTOR COMERCIAL Y SERVICIOS DE ALMUSSAFES;AYUNTAMIENTO DE ALMUSSAFES;924503;—;Subvención;07/10/2026;35;https://wp.me/panQjS-iZZ
Concesiones;BASES REGULADORAS Y CONVOCATORIA DEL PROGRAMA “BO COMERÇ D’ALMUSSAFES 2026” PARA LA RECUPERACIÓN DEL SECTOR COMERCIAL Y SERVICIOS DE ALMUSSAFES;AYUNTAMIENTO DE ALMUSSAFES;924503;—;Subvención;07/10/2026;35;https://wp.me/panQjS-iZZ
Concesiones;BASES REGULADORAS Y CONVOCATORIA DEL PROGRAMA “BO COMERÇ D’ALMUSSAFES 2026” PARA LA RECUPERACIÓN DEL SECTOR COMERCIAL Y SERVICIOS DE ALMUSSAFES;AYUNTAMIENTO DE ALMUSSAFES;924503;—;Subvención;07/10/2026;35;https://wp.me/panQjS-iZZ
Concesiones;BASES REGULADORAS Y CONVOCATORIA DEL PROGRAMA “BO COMERÇ D’ALMUSSAFES 2026” PARA LA RECUPERACIÓN DEL SECTOR COMERCIAL Y SERVICIOS DE ALMUSSAFES;AYUNTAMIENTO DE ALMUSSAFES;924503;—;Subvención;07/10/2026;35;https://wp.me/panQjS-iZZ
Concesiones;BASES REGULADORAS Y CONVOCATORIA DEL PROGRAMA “BO COMERÇ D’ALMUSSAFES 2026” PARA LA RECUPERACIÓN DEL SECTOR COMERCIAL Y SERVICIOS DE ALMUSSAFES;AYUNTAMIENTO DE ALMUSSAFES;924503;—;Subvención;07/10/2026;35;https://wp.me/panQjS-iZZ
Concesiones;BASES REGULADORAS Y CONVOCATORIA DEL PROGRAMA “BO COMERÇ D’ALMUSSAFES 2026” PARA LA RECUPERACIÓN DEL SECTOR COMERCIAL Y SERVICIOS DE ALMUSSAFES;AYUNTAMIENTO DE ALMUSSAFES;924503;—;Subvención;07/10/2026;35;https://wp.me/panQjS-iZZ
Concesiones;BASES REGULADORAS Y CONVOCATORIA DEL PROGRAMA “BO COMERÇ D’ALMUSSAFES 2026” PARA LA RECUPERACIÓN DEL SECTOR COMERCIAL Y SERVICIOS DE ALMUSSAFES;AYUNTAMIENTO DE ALMUSSAFES;924503;—;Subvención;07/10/2026;35;https://wp.me/panQjS-iZZ
Concesiones;BASES REGULADORAS Y CONVOCATORIA DEL PROGRAMA “BO COMERÇ D’ALMUSSAFES 2026” PARA LA RECUPERACIÓN DEL SECTOR COMERCIAL Y SERVICIOS DE ALMUSSAFES;AYUNTAMIENTO DE ALMUSSAFES;924503;—;Subvención;07/10/2026;35;https://wp.me/panQjS-iZZ
Concesiones;BASES REGULADORAS Y CONVOCATORIA DEL PROGRAMA “BO COMERÇ D’ALMUSSAFES 2026” PARA LA RECUPERACIÓN DEL SECTOR COMERCIAL Y SERVICIOS DE ALMUSSAFES;AYUNTAMIENTO DE ALMUSSAFES;924503;—;Subvención;07/10/2026;35;https://wp.me/panQjS-iZZ
Concesiones;BASES REGULADORAS Y CONVOCATORIA DEL PROGRAMA “BO COMERÇ D’ALMUSSAFES 2026” PARA LA RECUPERACIÓN DEL SECTOR COMERCIAL Y SERVICIOS DE ALMUSSAFES;AYUNTAMIENTO DE ALMUSSAFES;924503;—;Subvención;07/10/2026;35;https://wp.me/panQjS-iZZ
Concesiones;BASES REGULADORAS Y CONVOCATORIA DEL PROGRAMA “BO COMERÇ D’ALMUSSAFES 2026” PARA LA RECUPERACIÓN DEL SECTOR COMERCIAL Y SERVICIOS DE ALMUSSAFES;AYUNTAMIENTO DE ALMUSSAFES;924503;—;Subvención;07/10/2026;35;https://wp.me/panQjS-iZZ
Concesiones;Resolución por la que se aprueba la convocatoria pública de concesión de subvenciones para la realización de acciones de formación profesional en el ámbito laboral, dirigidas a personas trabajadoras ocupadas (Modalidad I), para la anualidad 2025.;DIRECCIÓN GENERAL FORMACIÓN PROFESIONAL EN EL ÁMBITO LABORAL;842569;—;Subvención;07/10/2026;25;https://docm.jccm.es/docm/descargarArchivo.do?ruta=2024/07/19/pdf/2024_5810.pdf&tipo=rutaDocm
Concesiones;Resolución de 08/04/2026 por la que se aprueba la convocatoria de becas dirigidas a personas que participen en acciones formativas asociadas al CNECP desarrolladas en centros propios y en centros de la red pública de formación profesional para 2026.;DIRECCIÓN GENERAL FORMACIÓN PROFESIONAL EN EL ÁMBITO LABORAL;897825;—;Subvención;07/10/2026;15;https://www.boe.es/buscar/act.php?id=BOE-A-2022-16196
Concesiones;Convocatoria de ayudas de comedor para alumnos desplazados para el curso 2025-2026;AYUNTAMIENTO DE MONTORNÈS DEL VALLÈS;848741;—;Subvención;07/10/2026;0,45;http://bop.diba.cat/anunci/3260185/aprovacio-definitiva-de-l-ordenanca-reguladora-de-la-concessio-de-subvencions-i-de-les-bases-especifiques-reguladores-ajuntament-de-montornes-del-valles
