Tipo;Título;Órgano;Tipo;Estado;Adjudicatario;Importe (€);Enlace
Contratos menores;Relación de contratos menores del 3er trimestre de 2026;Gerencia Sector Sanitario de Huesca;servicios;Resuelta;FISHER AND PAYKEL HEALTHCARE SAS Y OTROS SEGUN RELACION ADJUNTA;358503,32;https://contrataciondelestado.es/wps/poc?uri=deeplink:detalle_licitacion&idEvl=0DQd6QF3qzPN3k3tjedSGw%3D%3D
Contratos menores;Suministro de un equipo de sala de radiología convencional para el Centro de Salud de Arévalo, dependiente de la GAS de Ávila, contrato basado en el AM para el suministro respetuoso con el medio ambiente, de equipos de salas de radiología para varias Comunidades Autónomas, centros del ingesa en Ceuta y Melilla;Gerencia de Asistencia Sanitaria de Ávila;suministros;Resuelta;FUJIFILM healthcare España, s.l.;140000;https://contrataciondelestado.es/wps/poc?uri=deeplink:detalle_licitacion&idEvl=XuNtVbklNkdq1DdmE7eaXg%3D%3D
Contratos menores;Patrocinio en el evento Integrated Systems Europe 2026;Dirección General de la Sociedad Española para la Transformación Tecnológica, E.P.E.;servicios;Resuelta;Integrated Systems Events, LLC;65000;https://contrataciondelestado.es/wps/poc?uri=deeplink:detalle_licitacion&idEvl=%2BaNH%2B9xbHNPpxJFXpLZ%2B2A%3D%3D
Contratos menores;2ª Prórroga del servicio de Plataforma de Administración Electrónica para Ports de les Illes Balears (Exp. 7515/2023);Puertos de las Illes Balears;servicios;Resuelta;ESPUBLICO SERVICIOS PARA LA ADMINISTRACIÓN, S.A.;52671,72;https://contrataciondelestado.es/wps/poc?uri=deeplink:detalle_licitacion&idEvl=532C5gE8Mp0wYTJJ03sHog%3D%3D
Contratos menores;Sistema de vacío y control;Secretaría General del INTA;suministros;Resuelta;TECNOLOGÍA DE VACÍO, S.L.U;49500;https://contrataciondelestado.es/wps/poc?uri=deeplink:detalle_licitacion&idEvl=lbGRmXIHi0Di0Kd8%2Brcp6w%3D%3D
Contratos menores;Pavimentación y acondicionamiento de la pista deportiva infantil San Lorenzo;Presidencia del Instituto Municipal para la Promoción de la Actividad Física y el Deporte del Ayuntamiento de Las Palmas de Gran Canaria;obras;Resuelta;INTERYCOM INSULAR, S.L.;39962,6;https://contrataciondelestado.es/wps/poc?uri=deeplink:detalle_licitacion&idEvl=AqwBujDc99c7u6%2B%2FR7DUoA%3D%3D
Contratos menores;Contrato Menor de Obras para la Reparación De Calzada Mediante Aglomerado Asfáltico En Calle Santísima Trinidad De Arahal;Alcaldia del Ayuntamiento de Arahal;obras;Resuelta;AGUAS CAMINOS Y PUENTES, S.L.;39930,5;https://contrataciondelestado.es/wps/poc?uri=deeplink:detalle_licitacion&idEvl=s5KAtepEb6KsNfRW6APEDw%3D%3D
Contratos menores;Obras de refuerzo de los pórticos de sustentación del Rack de Gunvor en carretera de acceso al Muelle Sur.;Presidencia de la Autoridad Portuaria de Huelva;obras;Resuelta;PROBISA VIAS Y OBRAS SL;39918,87;https://contrataciondelestado.es/wps/poc?uri=deeplink:detalle_licitacion&idEvl=fyXena2E6YW2gkLQ8TeYKA%3D%3D
Contratos menores;Eliminación de punto de vertido;Dirección Gerente de Aguas Vega Sierra Elvira, S.A.;obras;Resuelta;M. POVEDANO FOCHE S.L.;39800;https://contrataciondelestado.es/wps/poc?uri=deeplink:detalle_licitacion&idEvl=Uu1WgPHaL4SHCIsjvJ3rhQ%3D%3D
Contratos menores;Despeje de vegetación con maquinaría especial de gran alcance, en márgenes de la carretera VA-203 tramo del PK 4+000 al PK 6+500 (TM de Cogeces del Monte y Quintanilla de Onésimo);Servicio Territorial de Movilidad y Transformación Digital de Valladolid;obras;Resuelta;SEANTO, SL;39767,36;https://contrataciondelestado.es/wps/poc?uri=deeplink:detalle_licitacion&idEvl=%2FeV1KfJAqdFVkTabT%2FRM8A%3D%3D
Contratos menores;contrato menor obra abastecimiento calle martires de la libertad y calle real;Alcaldía del Ayuntamiento de Gádor;obras;Resuelta;OBRASERV-DL SL;39651,19;https://contrataciondelestado.es/wps/poc?uri=deeplink:detalle_licitacion&idEvl=XOp1%2FuNfmDSkU02jNGj1Fw%3D%3D
Contratos menores;Reparación de vivienda sita en C/ Matías Ramón Martínez 4, de Jerez de los Caballeros.;Consejería de Infraestructuras, Transporte y Vivienda;obras;Resuelta;INNOVA INGENIERIA CIVIL EXTREMEÑA S;39551,86;https://contrataciondelestado.es/wps/poc?uri=deeplink:detalle_licitacion&idEvl=O2ikL3fJaLAXhk1FZxEyvw%3D%3D
Contratos menores;Obras para la pavimentación de la zona Este de la calle Villares;Alcaldía del Ayuntamiento de Carbajosa de la Sagrada;obras;Resuelta;Construcciones Martobar, S.L.;39509,56;https://contrataciondelestado.es/wps/poc?uri=deeplink:detalle_licitacion&idEvl=HFj30Z0WQSg3vLk2DU2Ddg%3D%3D
Contratos menores;Reparación 31 VPP en C/ Diputación y C/ Ruiz Zorrilla, de Villafranca de los Barros.;Consejería de Infraestructuras, Transporte y Vivienda;obras;Resuelta;UNION CONSTRUCTIVA CONSAP A Y P SL.;39500;https://contrataciondelestado.es/wps/poc?uri=deeplink:detalle_licitacion&idEvl=TxIRmJ1dmuH5Rey58Yagpg%3D%3D
Contratos menores;Bacheo en camino de bajada a bombeo de La Cárcoba y núcleo urbano de Aloñoz;Alcaldía del Ayuntamiento de Villacarriedo;obras;Resuelta;FERNANDEZ ROSILLO Y COMPAÑIA SL;39482,64;https://contrataciondelestado.es/wps/poc?uri=deeplink:detalle_licitacion&idEvl=JyaU0fUrqrw2wEhQbcAqug%3D%3D
Contratos menores;Contrato menor de obras para la construcción de caseta para albergar un horno de restos en el Cementerio Municipal San Gabriel de Arahal (Sevilla).;Alcaldia del Ayuntamiento de Arahal;obras;Resuelta;COTRUSER SERVICIOS GLOBALES, S.L.;39459,67;https://contrataciondelestado.es/wps/poc?uri=deeplink:detalle_licitacion&idEvl=hxqsaIh78lfIGlsa0Wad%2Bw%3D%3D
Contratos menores;Trabajos de reparación de accesos y varios del Campo de Futbol La llanera en La Bañeza-León.;Consejería de Cultura, Turismo y Deporte de la Junta de Castilla y León;obras;Resuelta;JOSE CARLOS SALGADO SARMENTERO;39333,49;https://contrataciondelestado.es/wps/poc?uri=deeplink:detalle_licitacion&idEvl=hW%2FMpNBon4rmnwcj%2BxbdTg%3D%3D
Contratos menores;Obra para la instalación de sistema de autoconsumo eléctrico mediante placas fotovoltaicas en la pista de exámenes de la Jefatura Provincial de Tráfico de Madrid en Móstoles.;Dirección General de Tráfico;obras;Resuelta;EXCLUSIVAS MAQUIUSA, S.L.U.;39275,26;https://contrataciondelestado.es/wps/poc?uri=deeplink:detalle_licitacion&idEvl=Za2KJKxTO5QXhk1FZxEyvw%3D%3D
Contratos menores;Paso de peatones sobreelevado trapezoidal en la travesía urbana A-404 (P.K. 10+640), Alhaurín el Grande;Alcaldía del Ayuntamiento de Alhaurín el Grande;obras;Resuelta;TORRUMOTI SL;39257,92;https://contrataciondelestado.es/wps/poc?uri=deeplink:detalle_licitacion&idEvl=Fhmri48rYlF4zIRvjBVCSw%3D%3D
Contratos menores;Reposición de asfalto en carril Puente Olivares, calles S. José y Océano Pacífico, Cobatillas. Acuerdo Pleno 16/09/2026, refundido con aplicación 2026 0 915 9240 61900, con referencia 915-2026-22026026696;Junta de Gobierno del Ayuntamiento de Murcia;obras;Resuelta;OYSGAR 3, S.L;39123,47;https://contrataciondelestado.es/wps/poc?uri=deeplink:detalle_licitacion&idEvl=gvrMVGLQtih70UvEyYJSGw%3D%3D
Contratos menores;Renovación Red de Saneamiento Último tramo Calle Colón.;Alcaldia del Ayuntamiento de Valverde del Camino;obras;Resuelta;FCC AQUALIA , S.A.;38928,75;https://contrataciondelestado.es/wps/poc?uri=deeplink:detalle_licitacion&idEvl=H%2FVNSMFMyyBt5r0ngvMetA%3D%3D
Contratos menores;Contrato menor para la ejecución obras de reforma, renaturalización y adaptación a los efectos del cambio climático del patio escolar del CEIP Antonio de Nebrija en el distrito de Villaverde (Proyecto de inversión 2026/001370);Área de Gobierno de Urbanismo, Medio Ambiente y Movilidad del Ayuntamiento de Madrid;obras;Resuelta;MANILE SA;38926,32;https://contrataciondelestado.es/wps/poc?uri=deeplink:detalle_licitacion&idEvl=5En65qK5MGJrhBlEHQFSKA%3D%3D
Contratos menores;Acondicionamiento de vivienda sita en C/ Julián Besteiro n.º 12, de Talavera la Real (Badajoz).;Consejería de Infraestructuras, Transporte y Vivienda;obras;Resuelta;OBRAS Y SERVICIOS GARCIA BORRERO SL;38921,25;https://contrataciondelestado.es/wps/poc?uri=deeplink:detalle_licitacion&idEvl=ICSers8MStPjHF5qKI4aaw%3D%3D
Contratos menores;Ejecución de repavimentación para implantar calzada en doble sentido en el último tramo de la calle Virgen de las Nieves, del número 21 al 41;Alcaldía del Ayuntamiento de Monachil;obras;Resuelta;Bitum Asfaltos e Infraestructuras S. L;38919,3;https://contrataciondelestado.es/wps/poc?uri=deeplink:detalle_licitacion&idEvl=XI3K6vtx4LjN3k3tjedSGw%3D%3D
Contratos menores;Reparación y mantenimiento motores de la sala de bombeo;Alcaldía del Ayuntamiento de Torremolinos;servicios;Resuelta;Consda 365 SL;38568,22;https://contrataciondelestado.es/wps/poc?uri=deeplink:detalle_licitacion&idEvl=NGfJky6yPycUqXM96WStVA%3D%3D
Contratos menores;Renovación red de abastecimiento;Dirección Gerente de Aguas Vega Sierra Elvira, S.A.;obras;Resuelta;EL PARTAL SAU;37531,8;https://contrataciondelestado.es/wps/poc?uri=deeplink:detalle_licitacion&idEvl=TWhHJpqFRP2P%2Bo96UAV7cQ%3D%3D
Contratos menores;Reparación falsos techos en habitaciones 2ª y 3ª planta (módulo A) 1ª Fase, Residencia Logística Militar Dos de Mayo, Burgos;Jefatura de Intendencia de Asuntos Económicos Oeste;obras;Resuelta;AZORIN, SL;37500;https://contrataciondelestado.es/wps/poc?uri=deeplink:detalle_licitacion&idEvl=RR2yxsSYRsw%2Bk2oCbDosIw%3D%3D
Contratos menores;Contrato menor adecuación local multiusos como refugio climático;Alcaldía del Ayuntamiento de Atzeneta del Maestrat;obras;Resuelta;VICENTE AHICART SOCIEDAD LIMITADA;37190,08;https://contrataciondelestado.es/wps/poc?uri=deeplink:detalle_licitacion&idEvl=7hraWQvvkAWzz8fXU2i3eQ%3D%3D
Contratos menores;Acondicionamiento de patios y accesos en CEIP Narciso Yepes, Murcia;Junta de Gobierno del Ayuntamiento de Murcia;obras;Resuelta;Infraestructuras y Obras de Murcia S.L.;36798,73;https://contrataciondelestado.es/wps/poc?uri=deeplink:detalle_licitacion&idEvl=yrLx2MWwQ1rE6P%2FuLemXRw%3D%3D
Contratos menores;Suscripciones digitales de prensa diaria para la Oficina de Comunicación y los altos cargos del Consejo General del Poder Judicial (disposición adicional novena LCSP);Consejo General del Poder Judicial;privado;Resuelta;KIOSKO Y MÁS SOCIEDAD GESTORA PLATAFORMA TECNOLOGICA S.L;36610,35;https://contrataciondelestado.es/wps/poc?uri=deeplink:detalle_licitacion&idEvl=%2FR7tkqUmh73%2Fa9DgO%2BoYKQ%3D%3D
Contratos menores;Reforma del Parque de Celorio (CM);Alcaldía del Ayuntamiento de Llanes;obras;Resuelta;LUIS VEGA DÍAZ;34920;https://contrataciondelestado.es/wps/poc?uri=deeplink:detalle_licitacion&idEvl=QREon9FqylOIzo3LHNPGcQ%3D%3D
Contratos menores;Actuacións de mellora de accesibilidade e sinalización en Mosteiro.;Alcaldía del Ayuntamiento de Pol;obras;Resuelta;JOSE MANUEL CASTRO CAAMAÑO;34656,43;https://contrataciondelestado.es/wps/poc?uri=deeplink:detalle_licitacion&idEvl=q%2FE6gUeEB2v5Rey58Yagpg%3D%3D
Contratos menores;CM Obra instalación de bombas de achique en sótanos del Acto. Vigíl de Quiñones (Sevilla);Jefatura de Intendencia de Asuntos Económicos Sur;obras;Resuelta;ELECNOR SERVICIOS Y PROYECTOS, S.A.U.;34101;https://contrataciondelestado.es/wps/poc?uri=deeplink:detalle_licitacion&idEvl=CSEfykTNGL%2BIzo3LHNPGcQ%3D%3D
Contratos menores;Obras varias de adecuación y saneamiento en el Centro de estudios de puertos y costas;Centro de Estudios y Experimentación de Obras Públicas (CEDEX);obras;Resuelta;OBRAS Y SERVICIOS PÚBLICOS, S.A (OSEPSA);33996;https://contrataciondelestado.es/wps/poc?uri=deeplink:detalle_licitacion&idEvl=SvVLDjEOAv19Zh%2FyRJgM8w%3D%3D
Contratos menores;Obras de sustitución del tejado del hogar del pensionista;Alcaldía del Ayuntamiento de Jérez del Marquesado;obras;Resuelta;JOSÉ GARZÓN VALLECILLOS;33694,22;https://contrataciondelestado.es/wps/poc?uri=deeplink:detalle_licitacion&idEvl=NNOgmvvgxk5VYjgxA4nMUw%3D%3D
Contratos menores;Execució de diverses reparacions al CEIP Sa Torre. TM Manacor;Instituto Balear de Infraestructuras y Servicios Educativos (IBISEC);obras;Resuelta;Wilson Andres Balbuena Cavani;33130;https://contrataciondelestado.es/wps/poc?uri=deeplink:detalle_licitacion&idEvl=2BorPGP5arw2wEhQbcAqug%3D%3D
Contratos menores;Obras de adecuación y mejora de la pavimentación de la calle Sur - Trasera del Consultorio Médico;Alcaldía del Ayuntamiento de Carbajosa de la Sagrada;obras;Resuelta;Congesa XXI, S.L.;32691;https://contrataciondelestado.es/wps/poc?uri=deeplink:detalle_licitacion&idEvl=jQ7Ws3Whd65Whbmkna2nXQ%3D%3D
Contratos menores;Obra de rehabilitación de cubierta acabado en grava en la Escuela Infantil Municipal Dr. Tomás Rozas;Alcaldía del Ayuntamiento de Arganda del Rey;obras;Resuelta;COVESA 2020 PROYECTOS Y SERVICIOS, S.L.;32498,96;https://contrataciondelestado.es/wps/poc?uri=deeplink:detalle_licitacion&idEvl=NRRFPxrfipRVq4S9zvaQpQ%3D%3D
Contratos menores;Tarimas para la sala de usos polivalentes Ventura Alabau (Tramitación de emergencia por efectos DANA 2024);Alcaldía del Ayuntamiento de Alfafar;suministros;Resuelta;APQ Stage Iberica SL;31763,2;https://contrataciondelestado.es/wps/poc?uri=deeplink:detalle_licitacion&idEvl=Bk7ORKbcs5v5Rey58Yagpg%3D%3D
Contratos menores;Mantenimiento, reparación y conservación de 22 armarios empotrados 1º y 2ª planta de la RLM Virgen Peregrina.;Jefatura de Intendencia de Asuntos Económicos Oeste;obras;Resuelta;ARCYSEGA S.L.;30297,51;https://contrataciondelestado.es/wps/poc?uri=deeplink:detalle_licitacion&idEvl=%2BkBPwMNuF1BPpzdqOdhuWg%3D%3D
Contratos menores;Impermeabilización de cubierta en el Pabellón de Deportes Joaquín López Fontes.;Junta de Gobierno Local del Ayuntamiento de Archena;obras;Resuelta;CHEMICAL BUILDING PROJECT S.L;30186;https://contrataciondelestado.es/wps/poc?uri=deeplink:detalle_licitacion&idEvl=zGdinGiCVP6Izo3LHNPGcQ%3D%3D
Contratos menores;Sustitución puertas Residencia Estepona;Comandancia Guardia Civil de Málaga;suministros;Resuelta;Francisco José Moreno Gallardo (CRISTALMATI);29636,18;https://contrataciondelestado.es/wps/poc?uri=deeplink:detalle_licitacion&idEvl=rLEAouG8odi2gkLQ8TeYKA%3D%3D
Contratos menores;Contratar los trabajos de albañilería para renovación de acerado en Barrio San Clemente;Alcaldía del Ayuntamiento de Huéscar;obras;Resuelta;ESNEIDER GESTORA S.L.;29597,4;https://contrataciondelestado.es/wps/poc?uri=deeplink:detalle_licitacion&idEvl=aqNPl72JcqzkY6rls5tG9A%3D%3D
Contratos menores;Obras de nueva instalación de equipos de climatización en el edificio de infantil del C.E.I.P. Benito Pérez Galdós de Arganda del Rey;Alcaldía del Ayuntamiento de Arganda del Rey;obras;Resuelta;Arganclima, S.L.;29480;https://contrataciondelestado.es/wps/poc?uri=deeplink:detalle_licitacion&idEvl=sAfUHn%2BO%2BUq9Hd5zqvq9cg%3D%3D
Contratos menores;Acondicionamiento del sendero de las Chorreras de Balastar - 1ª. FASE - PAEM4_25;Alcaldía del Ayuntamiento de Faraján;obras;Resuelta;Eurosalitre, S. L.;28925,62;https://contrataciondelestado.es/wps/poc?uri=deeplink:detalle_licitacion&idEvl=wDGfuoaVa9adkQsA7ROvsg%3D%3D
Contratos menores;Obra: Pavimentación de Vía Pública en Calle Mayor de Salinillas de Bureba;Pleno del Ayuntamiento de Salinillas de Bureba;obras;Resuelta;HERNÁNDEZ MIGUEL , RICARDO;28850;https://contrataciondelestado.es/wps/poc?uri=deeplink:detalle_licitacion&idEvl=je%2Flf9h9P8SIzo3LHNPGcQ%3D%3D
Contratos menores;Substitució unitat exterior de la instal.lació de climatització a IES Josep Maria Quadrado. TM Ciutadella;Instituto Balear de Infraestructuras y Servicios Educativos (IBISEC);obras;Resuelta;Instal·lacions i Reparacions elèctriques Toni Riera SLU;28293,72;https://contrataciondelestado.es/wps/poc?uri=deeplink:detalle_licitacion&idEvl=NDeJuo3WhM0UqXM96WStVA%3D%3D
Contratos menores;Obra de adecuación del sistema de climatización del Museo Casa Cervantes.;Gerencia de Infraestructuras y Equipamientos de Cultura O.A;obras;Resuelta;ELECTRICIDAD FERYSAN, SA;27158,06;https://contrataciondelestado.es/wps/poc?uri=deeplink:detalle_licitacion&idEvl=LbH36zXUbuR70UvEyYJSGw%3D%3D
Contratos menores;Ejecución de obras de reparación de pavimento de alpañata en Parque Alba;Alcaldía del Ayuntamiento de Monachil;obras;Resuelta;AMF CONSTRUCCIONES Y PROYECTOS S.L.;26500;https://contrataciondelestado.es/wps/poc?uri=deeplink:detalle_licitacion&idEvl=eV%2Fp2mx0onDzAq95uGTrDQ%3D%3D
Contratos menores;Acondicionamiento baños 2 habitaciones, Residencia Logística Militar Julián Sánchez El Charro, Salamanca;Jefatura de Intendencia de Asuntos Económicos Oeste;obras;Resuelta;REFORMAS IVIASA MÓSTOLES 2014 S.L.;26427,52;https://contrataciondelestado.es/wps/poc?uri=deeplink:detalle_licitacion&idEvl=IdfvzZDBalEIYE3ZiZ%2BxmQ%3D%3D
Contratos menores;Ejecución de obras de pintura y elementos de la urbanización de Pradollano;Alcaldía del Ayuntamiento de Monachil;obras;Resuelta;HELIBERTO REYES NIETO;26130;https://contrataciondelestado.es/wps/poc?uri=deeplink:detalle_licitacion&idEvl=mDzKmHp4DPTVGIpKDxgsAQ%3D%3D
Contratos menores;Construcción de nueva pista de pádel del C.S.C.D.M. Cuatro Vientos;Jefatura de la Sección Económico-Administrativa 62 - Base Aérea de Cuatro Vientos;obras;Resuelta;GRASSERVICE SPORT 2022, S. L.;26110;https://contrataciondelestado.es/wps/poc?uri=deeplink:detalle_licitacion&idEvl=qG7PZvkV8RDmnwcj%2BxbdTg%3D%3D
Contratos menores;restauracion ermita sant roc de sueca;Alcaldía del Ayuntamiento de Sueca;obras;Resuelta;obres i servicis deslur sl;25510;https://contrataciondelestado.es/wps/poc?uri=deeplink:detalle_licitacion&idEvl=csDLCTPdevgwYTJJ03sHog%3D%3D
Contratos menores;Reparación de vivienda sita en C/ Zújar 8, de Cabeza del Buey;Consejería de Infraestructuras, Transporte y Vivienda;obras;Resuelta;MONTEPOZUELO PROYECTOS Y OBRAS SL;25424,2;https://contrataciondelestado.es/wps/poc?uri=deeplink:detalle_licitacion&idEvl=4uAogNSL2TyIzo3LHNPGcQ%3D%3D
Contratos menores;"Obras de mejora camino Llano Majano MUP 92 ""La Florida Tinjarra"", TM de Yeste (AB-066/2026)";Delegación Provincial de la Consejería de Desarrollo Sostenible en Albacete;obras;Resuelta;ALYSA TRANSPORTES Y EXCAVACIONES S.L.;24900;https://contrataciondelestado.es/wps/poc?uri=deeplink:detalle_licitacion&idEvl=M7pz5IxCywmsNfRW6APEDw%3D%3D
Contratos menores;obra civil sala de radiologia digital robotizada;Gerencia de Asistencia Sanitaria del Bierzo;obras;Resuelta;HIJOS GARCIA BELLO S.L.;24793,39;https://contrataciondelestado.es/wps/poc?uri=deeplink:detalle_licitacion&idEvl=KbL4ffmLF9fI8aL3PRS10Q%3D%3D
Contratos menores;Renovación de la red de abastecimiento;Alcaldía del Ayuntamiento de Valderrueda;obras;Resuelta;CONTRATAS LUCAS RANEDO, S.L.;24300;https://contrataciondelestado.es/wps/poc?uri=deeplink:detalle_licitacion&idEvl=z0GDeDzS0qHI8aL3PRS10Q%3D%3D
Contratos menores;Obra de impermeabilización y rehabilitación de fachada de Anexo de Oficiales del ACGMACAN;Jefatura de la Sección Económico Administrativa 14 - Cuartel General del Mando Aéreo de Canarias;obras;Resuelta;SERVICIOS PARA LA INFRAESTRUCTURA CASTILLO SL;23358,03;https://contrataciondelestado.es/wps/poc?uri=deeplink:detalle_licitacion&idEvl=o%2FSlL2siWnDyoM4us5k4vw%3D%3D
Contratos menores;Obras para realización de impermeabilización da escola infantil A Galiña Azul;Junta de Gobierno Local del Ayuntamiento de Moaña;obras;Resuelta;IMPERNOSA, S.L.;22950;https://contrataciondelestado.es/wps/poc?uri=deeplink:detalle_licitacion&idEvl=tfJsXoX62QR70UvEyYJSGw%3D%3D
Contratos menores;Reparación pavimento almacén Seint - ACGMACAN;Jefatura de la Sección Económico Administrativa 14 - Cuartel General del Mando Aéreo de Canarias;obras;Resuelta;RODRIGUEZ BENITEZ, BERNARDO;22597,45;https://contrataciondelestado.es/wps/poc?uri=deeplink:detalle_licitacion&idEvl=rY16JveHdgyOUi78BmzhOQ%3D%3D
Contratos menores;223/2026 obra pavimento cs bermillo-priap;Gerencia de Asistencia Sanitaria de Zamora;obras;Resuelta;CONST.RECORSA S.A.;22456,55;https://contrataciondelestado.es/wps/poc?uri=deeplink:detalle_licitacion&idEvl=iEetjxf1FkysNfRW6APEDw%3D%3D
Contratos menores;mejora de la eficiencia energética y eliminación de humedades;Alcaldía del Ayuntamiento de Alcoba;obras;Resuelta;Obras y Viales Guadiana, SL;22440;https://contrataciondelestado.es/wps/poc?uri=deeplink:detalle_licitacion&idEvl=IwJ%2BqAkOCkfjHF5qKI4aaw%3D%3D
Contratos menores;CM Obra arreglo y reparación de tres oficinas y sala de juntas en el edificio nº 2, segunda planta, Acto. Cervantes (Granada);Jefatura de Intendencia de Asuntos Económicos Sur;obras;Resuelta;LINCOCASA SL;22193,32;https://contrataciondelestado.es/wps/poc?uri=deeplink:detalle_licitacion&idEvl=YmMK9qt%2FLnxPpzdqOdhuWg%3D%3D
Contratos menores;Acondicionamiento del barranco de las Goteras, TM de Telde;Consejería de Área de Sector Primario, Soberanía Alimentaria y Seguridad Hídrica del Cabildo de Gran Canaria;obras;Resuelta;VICTOR MANUEL SANTANA PEREZ;21010;https://contrataciondelestado.es/wps/poc?uri=deeplink:detalle_licitacion&idEvl=r8pjHCnrEsOHCIsjvJ3rhQ%3D%3D
Contratos menores;ejecución obras finalización helipuerto hospital santa barbara de soria;Gerencia de Asistencia Sanitaria de Soria;obras;Resuelta;ISMO CAVEAV S.L.;20887,4;https://contrataciondelestado.es/wps/poc?uri=deeplink:detalle_licitacion&idEvl=s0Z9ifT5ZBmGCFcHcNGIlQ%3D%3D
Contratos menores;Realizar obras de hormigonado del camino de la Cova de Miravet para el cumplimiento de las especificaciones previstas en la planificación de prevención de incendios forestales.;Alcaldía del Ayuntamiento de Cabanes;obras;Resuelta;ELS CABANYUTS SL;20678,91;https://contrataciondelestado.es/wps/poc?uri=deeplink:detalle_licitacion&idEvl=m5dMZzB44PjN3k3tjedSGw%3D%3D
Contratos menores;CM. Obra. Adecuación de puertas en edificios de pública concurrencia por puertas apertura antipánico en la Base de Cerro Muriano, eth224824, Córdoba.;Jefatura de Intendencia de Asuntos Económicos Sur;obras;Resuelta;ALMECAB S,L.;20660,16;https://contrataciondelestado.es/wps/poc?uri=deeplink:detalle_licitacion&idEvl=kXuznNfV8lQ36J9Lctlsuw%3D%3D
Contratos menores;Contracte menor d'obra per a la millora de la xarxa de distribució d'aigua potable. (Subvencionat).;Alcaldía del Ayuntamiento de Castelló;obras;Resuelta;EGEVASA;20545,89;https://contrataciondelestado.es/wps/poc?uri=deeplink:detalle_licitacion&idEvl=NmUS91wWqO9Vq4S9zvaQpQ%3D%3D
Contratos menores;Obras de asfaltado en C/ Jaen;Alcaldía del Ayuntamiento de Monachil;obras;Resuelta;Bitum Asfaltos e Infraestructuras S. L;20300;https://contrataciondelestado.es/wps/poc?uri=deeplink:detalle_licitacion&idEvl=sMBQbN2REw9PpzdqOdhuWg%3D%3D
Contratos menores;Acondicionamiento de vivienda sita en C/ Pozo 6, de Aceituna;Consejería de Infraestructuras, Transporte y Vivienda;obras;Resuelta;EOC 24 ARQUITECTURA Y CONSTRUCCION;19858,3;https://contrataciondelestado.es/wps/poc?uri=deeplink:detalle_licitacion&idEvl=MCnUZkCkR359PLkba5eRog%3D%3D
Contratos menores;Reparación de zona trasera de calle Doctor Gamero, entre los números 155 y 159 de la localidad de Arahal.;Alcaldia del Ayuntamiento de Arahal;obras;Resuelta;ARAHALENSE DE CANALIZACIONES, S.L.L.;19356,59;https://contrataciondelestado.es/wps/poc?uri=deeplink:detalle_licitacion&idEvl=rGP1t7JiWvDi0Kd8%2Brcp6w%3D%3D
Contratos menores;CM Obra reparación de cubierta completa edificios E0009 y E0007, AALOG 21 (Ciamun 215), Los Barrios, Cádiz;Jefatura de Intendencia de Asuntos Económicos Sur;obras;Resuelta;PROMOCIONES MARIO PEREZ SL;18870,25;https://contrataciondelestado.es/wps/poc?uri=deeplink:detalle_licitacion&idEvl=ZoUfThHvdbFJ8Trn0ZPzLw%3D%3D
Contratos menores;Ejecución de asfaltado en la zona de El Castañar;Alcaldía del Ayuntamiento de Béjar;obras;Resuelta;ECOASFALT, S.A.;18750;https://contrataciondelestado.es/wps/poc?uri=deeplink:detalle_licitacion&idEvl=XP6lu5KYBWfLIx6q1oPaMg%3D%3D
Contratos menores;Trabajos de rehabilitación de las pistas de pádel del C.S.C.D.M. Cuatro Vientos (UGA 3408);Jefatura de la Sección Económico-Administrativa 62 - Base Aérea de Cuatro Vientos;obras;Resuelta;GRASSERVICE SPORT 2022, S. L.;18110;https://contrataciondelestado.es/wps/poc?uri=deeplink:detalle_licitacion&idEvl=2JJjRATJ6v5%2FP7lJ7Fu0SA%3D%3D
Contratos menores;El objeto del contrato es la reparación del pavimento del Cementerio en la zona dañada, con la retirada de los tocones de los árboles levantados y la correspondiente gestión de los residuos.;Alcaldía del Ajuntament de Massamagrell;obras;Resuelta;RUBEN SANCHEZ OBRAS Y SERVICIOS SOCIEDAD LIMITADA;17900;https://contrataciondelestado.es/wps/poc?uri=deeplink:detalle_licitacion&idEvl=cFoLNe90SFSS81gZFETWmA%3D%3D
Contratos menores;Reparación de la impermeabilización de cubiertas planas del Pabellón Municipal;Alcaldía del Ayuntamiento de Carbajosa de la Sagrada;obras;Resuelta;Proyectos Fonseca e Hijos, S.L.;17170;https://contrataciondelestado.es/wps/poc?uri=deeplink:detalle_licitacion&idEvl=x7PgQNunfREl5NjlNci%2BtA%3D%3D
Contratos menores;Suscripciones digitales de prensa diaria para la Oficina de Comunicación y los altos cargos del Consejo General del Poder Judicial (disposición adicional novena LCSP);Consejo General del Poder Judicial;privado;Resuelta;UNIDAD EDITORIAL S.A;17076,58;https://contrataciondelestado.es/wps/poc?uri=deeplink:detalle_licitacion&idEvl=y48X4%2BMtV7yIzo3LHNPGcQ%3D%3D
Contratos menores;Contrato menor de obra para instalación eléctrica provisional para Recinto Ferial de Armilla (2026);Alcaldía del Ayuntamiento de Armilla;obras;Resuelta;Iluminaciones Artísitcas Maral SL;16313,4;https://contrataciondelestado.es/wps/poc?uri=deeplink:detalle_licitacion&idEvl=28O6FCCQ7OWS81gZFETWmA%3D%3D
Contratos menores;Retirada, puesta de onduline y colocacion de tejas en Museo de Historia;Alcaldía del Ayuntamiento de Brihuega;obras;Resuelta;Gheorghe Marcu;15865;https://contrataciondelestado.es/wps/poc?uri=deeplink:detalle_licitacion&idEvl=STQOoYiIZEMmMOlAXxDEjw%3D%3D
Contratos menores;Reparación en viviendas sitas en C/ Margarita Nelken, 3, 5, 6, 7 y 22, de Talavera la Real (Badajoz).;Consejería de Infraestructuras, Transporte y Vivienda;obras;Resuelta;ACTEIN SERVICIOS SL;15637,93;https://contrataciondelestado.es/wps/poc?uri=deeplink:detalle_licitacion&idEvl=s1%2FKH6PNcwPCfVQHDepjGQ%3D%3D
Contratos menores;Limpieza y pintado de pistas de tenis;Alcaldía del Concello de Foz;obras;Resuelta;GUMERSINDO OTERO DA SILVA;15600;https://contrataciondelestado.es/wps/poc?uri=deeplink:detalle_licitacion&idEvl=Rcm7v0JkYSRWhbmkna2nXQ%3D%3D
Contratos menores;Barra de registro ocular, gafas y casco de encelografía para análisis sensorial del Instituto de Agroquímica y Tecnología de Alimentos (IATA-CSIC) financiado a través de Ayuda EQC2024-008127-P financiado por MICIU/AEI /10.13039/501100011033 y por FEDER, UE.;Gerencias de los Institutos de la Agencia Estatal Consejo Superior de Investigaciones Científicas;suministros;Resuelta;iMotions A/S;15275;https://contrataciondelestado.es/wps/poc?uri=deeplink:detalle_licitacion&idEvl=eOqyP3GYvpDkY6rls5tG9A%3D%3D
Contratos menores;Reparación De Daños Por Impacto De Vehículo Conocido En La Fachada Del Pabellón Moisés Ruiz Propiedad De La Diputación De Almería 9PGM2026;Presidencia de la Diputación Provincial de Almería;obras;Resuelta;RODRIGUEZ CAÑADAS JOAQUIN;15124,9;https://contrataciondelestado.es/wps/poc?uri=deeplink:detalle_licitacion&idEvl=AsTEXB1pE66kU02jNGj1Fw%3D%3D
Contratos menores;Contrato menor de suministro e instalación de bomba en pozo Teruel;Alcaldía del Ayuntamiento de Sorbas;suministros;Resuelta;CAUCE TM S.L;15086,01;https://contrataciondelestado.es/wps/poc?uri=deeplink:detalle_licitacion&idEvl=sWr4mG4%2FYjDyoM4us5k4vw%3D%3D
Contratos menores;Servicios Mensajería y Agente Notificador Urgente para esta Gerencia de Urbanismo y Medio Ambiente del Ayuntamiento de Sevilla.;Gerente del la Gerencia de Urbanismo de Sevilla;servicios;Resuelta;CEDEPA, S.L.;15000;https://contrataciondelestado.es/wps/poc?uri=deeplink:detalle_licitacion&idEvl=gXuQon8sOU1%2FR5QFTlaM4A%3D%3D
Contratos menores;Contrato de servicios para la organización de una jornada de divulgación y difusión del Proyecto RISC-PLUS como operación de importancia estratégica dentro del Programa Interreg POCTEP 2021-2027;Presidencia de la Confederación Hidrográfica del Miño-Sil;servicios;Resuelta;LA REGION S.A.;15000;https://contrataciondelestado.es/wps/poc?uri=deeplink:detalle_licitacion&idEvl=vgVXGB8PxV99Zh%2FyRJgM8w%3D%3D
Contratos menores;Impresión digital y encuadernación de las publicaciones relacionadas con los Presupuestos Generales del Estado para 2027;Secretaría General Técnica del Ministerio de Hacienda;servicios;Resuelta;FRAGMA REPROGRAFIA SL;14999;https://contrataciondelestado.es/wps/poc?uri=deeplink:detalle_licitacion&idEvl=d%2FfBzgaCsUw4NavIWzMcHA%3D%3D
Contratos menores;Asistencia técnica especializada para la actualización, cálculo y homologación de los indicadores de la Agenda 2030 en Castilla-La Mancha;Dirección General de Economía Circular y Agenda 2030 de la Junta de Comunidades de Castilla-La Mancha;servicios;Resuelta;UNIVERSIDAD CASTILLA- LA MANCHA;14999;https://contrataciondelestado.es/wps/poc?uri=deeplink:detalle_licitacion&idEvl=Os1tEjr9kx170UvEyYJSGw%3D%3D
Contratos menores;Contrato menor de servicios para la organización, producción y desarrollo del ciclo de conciertos «LATIR ALMERÍA» 2026;Junta de Gobierno del Ayuntamiento de Almería;servicios;Resuelta;Grupo Yes ASG Organización de Eventos S.L.;14999;https://contrataciondelestado.es/wps/poc?uri=deeplink:detalle_licitacion&idEvl=qk4LOMuRhU6TylGzYmBF9Q%3D%3D
Contratos menores;Pedido ID 012 2026, materiales marcaje de campo.;Jefatura de la Sección Económico Administrativa 22 - Base Aérea de Torrejón (Agrupación de Base);suministros;Resuelta;POLACE GOLF, S.L.;14998,84;https://contrataciondelestado.es/wps/poc?uri=deeplink:detalle_licitacion&idEvl=dhYc5s%2BSnYCTylGzYmBF9Q%3D%3D
Contratos menores;Contrato menor para el suministro, instalación y mantenimiento de 5 cámaras CCTV para lectura de matrículas en el Término Municipal de Riotuerto.;Alcaldía del Ayuntamiento de Riotuerto (Cantabria);suministros;Resuelta;VERDE SECURITY SYSTEMS, S.L.;14996,59;https://contrataciondelestado.es/wps/poc?uri=deeplink:detalle_licitacion&idEvl=zxiKXo2QW8U3vLk2DU2Ddg%3D%3D
Contratos menores;"Contrato menor de Suministros, consistente en: ""Adquisición de mobiliario urbano para los barrios Pradera y Cristo de Zalamea. Dentro de los presupuestos participativos 2026"".";Concejalía Delegada de Contratación del Ayuntamiento de Alcázar de San Juan;suministros;Resuelta;TOLEDO URBAN CLM;14996,12;https://contrataciondelestado.es/wps/poc?uri=deeplink:detalle_licitacion&idEvl=oeDHCc5c7azE6P%2FuLemXRw%3D%3D
Contratos menores;Suministro de una mesa quirúrgica para la Unidad del dolor (UDO) del Hospital Can Misses.;Servicio de Salud de las Illes Balears;suministros;Resuelta;ABAST MEDICA S.L.;14996;https://contrataciondelestado.es/wps/poc?uri=deeplink:detalle_licitacion&idEvl=at05UCaRTEqsNfRW6APEDw%3D%3D
Contratos menores;Patrocinio por el Cabildo Insular de Tenerife, del programa LA VENTANA de la Cadena SER, con la entidad Radio Club de Canarias S.A., cuya entrega se celebrará el próximo 26 de junio de 2026 en Tenerife.;Dirección Insular de Hacienda del Cabildo Insular de Tenerife;servicios;Resuelta;RADIO CLUB DE CANARIAS S.A.;14995;https://contrataciondelestado.es/wps/poc?uri=deeplink:detalle_licitacion&idEvl=fdSMvOBawiGqb7rCcv76BA%3D%3D
Contratos menores;Realización de tareas de apoyo en el área comercial y evetnos del Centro Regional de Artesanía de Castilla-La Mancha, Mezquita de Tornerías;Dirección Gerencia de la Empresa Pública de Promoción del Turismo y la Artesanía de Castilla-La Mancha (ETURIA), S.A.;servicios;Resuelta;GESPER RECURSOS HUMANOS SL;14994;https://contrataciondelestado.es/wps/poc?uri=deeplink:detalle_licitacion&idEvl=0ybu5EuhBdZ6nTs9LZ9RhQ%3D%3D
Contratos menores;Auditoría posicionamiento Inteligencia Artificial;Dirección General de la Fundación EOI;servicios;Resuelta;PROYECTO CAURO, S.L.;14990;https://contrataciondelestado.es/wps/poc?uri=deeplink:detalle_licitacion&idEvl=7Ec5IECncwsUqXM96WStVA%3D%3D
Contratos menores;servicio denominado Dirección de obra para el proyecto ejecución de pasarela y badén en Valle Brosque, Parque Rural de Anaga.;Consejería Delegada de Gestión y Planeamiento Territorial y Medioambiental, S.A.;servicios;Resuelta;ESTUDIO DE INGENIERÍA VOLADIZO 24 SLP;14990;https://contrataciondelestado.es/wps/poc?uri=deeplink:detalle_licitacion&idEvl=oh0ZjyRvyJP10HRJw8TEnQ%3D%3D
Contratos menores;"Patrocinio Encuentro ""La España Plural""- Raíz Culinaria.";Dirección General de Turismo, Comercio y Artesanía de la Junta de Comunidades de Castilla-La Mancha;servicios;Resuelta;PRENSA IBERICA 360 SLU;14990;https://contrataciondelestado.es/wps/poc?uri=deeplink:detalle_licitacion&idEvl=dJF6qTkNZ2o2wEhQbcAqug%3D%3D
Contratos menores;516/26. Espectáculo pirotécnico para as festas patronais de Portonovo 2026;Presidencia del Organismo Autónomo Terra de Sanxenxo;servicios;Resuelta;Pibierzo, S.L.;14990;https://contrataciondelestado.es/wps/poc?uri=deeplink:detalle_licitacion&idEvl=J%2BZK1sCr7qBJ8Trn0ZPzLw%3D%3D
Contratos menores;Alquiler de material de iluminación;Junta de Gobierno del Ayuntamiento de La Oliva;suministros;Resuelta;MARAUDIO CANARIAS, S.L;14990;https://contrataciondelestado.es/wps/poc?uri=deeplink:detalle_licitacion&idEvl=1YEaIP53uLl%2FR5QFTlaM4A%3D%3D
Contratos menores;Servicio de consultoría para análisis y mejora de procesos.;Gerencia de Transportes Urbanos de Sevilla, SAM;servicios;Resuelta;Atlantis Tecnología y Sistemas, S.L.;14990;https://contrataciondelestado.es/wps/poc?uri=deeplink:detalle_licitacion&idEvl=XrFAPhSbQcKzz8fXU2i3eQ%3D%3D
Contratos menores;Contrato para la utilización, adaptación y reutilización de banderolas y lonas existentes en el área de barrios y colectivos de atención preferente, derechos sociales, empleo, igualdad, familia y asociaciones;Órganos Directivos del Ayuntamiento de Sevilla;servicios;Resuelta;Antonio Miguel Rus Muñoz;14976;https://contrataciondelestado.es/wps/poc?uri=deeplink:detalle_licitacion&idEvl=SUyU%2FQdJQdCS81gZFETWmA%3D%3D
Contratos menores;Adquisición de sistema de captanieblas para acopio de agua de lluvía;Consejería Delegada de Gestión y Planeamiento Territorial y Medioambiental, S.A.;suministros;Resuelta;NIEBLAGUA, S.L;14975;https://contrataciondelestado.es/wps/poc?uri=deeplink:detalle_licitacion&idEvl=mR17WLHj6djE6P%2FuLemXRw%3D%3D
Contratos menores;Prestación de servicios profesionales para la emisión de informes en el departamento de Urbanismo y Actividades;Alcaldía del Ayuntamiento de Sant Antoni de Portmany;servicios;Resuelta;JOSÉ ANTONIO AGUILÓ OLIVER;14975;https://contrataciondelestado.es/wps/poc?uri=deeplink:detalle_licitacion&idEvl=ShBOVd7S10j9pbnDwlaUlg%3D%3D
Contratos menores;Contrato menor para la emisión de informes en el departamento de Urbanismo y Actividades;Alcaldía del Ayuntamiento de Sant Antoni de Portmany;servicios;Resuelta;PEDRO ALBERTO GUILLEN PACHON;14975;https://contrataciondelestado.es/wps/poc?uri=deeplink:detalle_licitacion&idEvl=tWIFe2XHJKm7JOCXkOhcDg%3D%3D
Contratos menores;la elaboración de la memoria del contrato menor de servicios para la prestación de servicios profesionales del arquitecto técnico Rodrigo Bodas Turrado para la emisión de informes en el departamento de Urbanismo y Actividades;Alcaldía del Ayuntamiento de Sant Antoni de Portmany;servicios;Resuelta;RODRIGO BODAS TURRADO;14975;https://contrataciondelestado.es/wps/poc?uri=deeplink:detalle_licitacion&idEvl=nDp8s6xW4fcIYE3ZiZ%2BxmQ%3D%3D
Contratos menores;Renovación licencia software UIPATH;Presidencia de la Diputación Provincial de Ourense;suministros;Resuelta;Atos IT Solutions and Services, Iberia, S.L;14971;https://contrataciondelestado.es/wps/poc?uri=deeplink:detalle_licitacion&idEvl=jFumya7pDKlt5r0ngvMetA%3D%3D
Contratos menores;Adquisición bañadores Equipo Básico Vestuario.;Jefatura de la Sección de Asuntos Económicos de la Unidad Militar de Emergencias;suministros;Resuelta;INTEGRAL THERMAL SHIELD S.L.;14968,2;https://contrataciondelestado.es/wps/poc?uri=deeplink:detalle_licitacion&idEvl=8Qi87Zqnp7B70UvEyYJSGw%3D%3D
Contratos menores;Contrato de suministro de un vehículo de 20 plazas (19 pasajeros + Conductor) usado tipo mini-autobús para el servicio de transporte urbano de la localidad;Alcaldia del Ayuntamiento de Arahal;suministros;Resuelta;JESUS RODRIGUEZ AVILES;14960;https://contrataciondelestado.es/wps/poc?uri=deeplink:detalle_licitacion&idEvl=EbZMicZCTYZ%2FP7lJ7Fu0SA%3D%3D
Contratos menores;X premios gastro & cía;Diputación Provincial de Cádiz;privado;Resuelta;AUDIOVISUAL ESPAÑOLA 2000 SA;14950;https://contrataciondelestado.es/wps/poc?uri=deeplink:detalle_licitacion&idEvl=ptOmfhFWSL570UvEyYJSGw%3D%3D
Contratos menores;Contratación redacción proxecto, do, css obras ordinarias parcelas dotacionais públicas sue 3;Junta de Gobierno del Ayuntamiento de Lalín;servicios;Resuelta;DOMÍNGUEZ Y ASOCIADOS ARQUITECTURA, SLP;14950;https://contrataciondelestado.es/wps/poc?uri=deeplink:detalle_licitacion&idEvl=dGSbuGjKzWuIzo3LHNPGcQ%3D%3D
Contratos menores;Carpas XXIX Feria del Jamón y del cerdo ibérico;Alcaldía del Ayuntamiento de Aracena;suministros;Resuelta;EVENTOS LOS ROSALES S.L.;14950;https://contrataciondelestado.es/wps/poc?uri=deeplink:detalle_licitacion&idEvl=vrrmdM7pdMLgL1BHd3qjQA%3D%3D
Contratos menores;Suministro de 26 arneses de seguridad conforme a las normas EN 361 y EN 813, destinados al Servicio de Prevención, Extinción de Incendios y Salvamento (SPEIS) del Ayuntamiento de La Oliva. El suministro comprende: 26 unidades de arnés EN-361 Kevlar Mosq. BF90, referencia AR-720, por importe unitario de 326,40 €, e importe total de 8.486,40 €. 26 unidades de arnés EN-813 Kevlar BF80 sin acolchados, referencia AR-722, por importe unitario de 248,20 €, e importe total de 6.453,20;Junta de Gobierno del Ayuntamiento de La Oliva;suministros;Resuelta;SAGRES S.L.;14939,6;https://contrataciondelestado.es/wps/poc?uri=deeplink:detalle_licitacion&idEvl=QbnzvS7SKzL9pbnDwlaUlg%3D%3D
Contratos menores;Acción de patrocinio por el Cabildo Insular de Tenerife, de la Edición Especial 50 Aniversario de Diario de Avisos en Tenerife, con fecha de publicación el 5 de junio de 2026.;Dirección Insular de Hacienda del Cabildo Insular de Tenerife;servicios;Resuelta;CANARIA DE AVISOS S.L.;14935;https://contrataciondelestado.es/wps/poc?uri=deeplink:detalle_licitacion&idEvl=joRR6mdSV%2FLN3k3tjedSGw%3D%3D
Contratos menores;Adquisición pantalón corto deporte.;Jefatura de la Sección de Asuntos Económicos de la Unidad Militar de Emergencias;suministros;Resuelta;INTEGRAL THERMAL SHIELD S.L.;14933,95;https://contrataciondelestado.es/wps/poc?uri=deeplink:detalle_licitacion&idEvl=GnJM5Zr2St%2B7JOCXkOhcDg%3D%3D
Contratos menores;Adquisición 100 sillas con asiento con cojín tapizado y clik de unión.;Alcaldía del Ayuntamiento de Monreal del Campo;suministros;Resuelta;IMAGEN 44 MOBILIARIO PARA OFICINA, S.L.;14925;https://contrataciondelestado.es/wps/poc?uri=deeplink:detalle_licitacion&idEvl=vI20iPXOlywadbH3CysQuQ%3D%3D
Contratos menores;Acción de patrocinio por el Cabildo Insular de Tenerife, del proyecto “ORGULLO DE SER CANARIO”, con fecha de emisión del 16 al 30 de mayo de 2026.;Dirección Insular de Hacienda del Cabildo Insular de Tenerife;servicios;Resuelta;CANARIA DE AVISOS S.L.;14920;https://contrataciondelestado.es/wps/poc?uri=deeplink:detalle_licitacion&idEvl=xpUzcPDJG37%2Fa9DgO%2BoYKQ%3D%3D
Contratos menores;CMSER2201026307 Asistencia técnica investigación causas incendios forestales;Vicepresidencia y Consejería de Presidencia, Coordinación de la Acción de Gobierno, Interior y Emergencias;servicios;Resuelta;OFICINA TECNICA DEMONTES SLU;14916,21;https://contrataciondelestado.es/wps/poc?uri=deeplink:detalle_licitacion&idEvl=D%2BpAPItWx9zkY6rls5tG9A%3D%3D
Contratos menores;Renovación herramienta MetaClean;Dirección General de la Fundación EOI;suministros;Resuelta;ADARSUS TECHNOLOGIES, S.L.;14900;https://contrataciondelestado.es/wps/poc?uri=deeplink:detalle_licitacion&idEvl=j51qF6EQ6q07%2B9FIQYNjeQ%3D%3D
Contratos menores;Concert commemoratiu de l Any Joan Alcover.;Institut d'Estudis Baleàrics;servicios;Resuelta;Acadèmia 1830;14900;https://contrataciondelestado.es/wps/poc?uri=deeplink:detalle_licitacion&idEvl=1jOOIlsg3zbi0Kd8%2Brcp6w%3D%3D
Contratos menores;Suministro de camisetas y gorras conmemorativas vinculadas a la celebración del ascenso del CD Tenerife a Segunda División;Dirección Insular de Hacienda del Cabildo Insular de Tenerife;suministros;Resuelta;IMPRENTA REYES SL UNIPERSONAL;14900;https://contrataciondelestado.es/wps/poc?uri=deeplink:detalle_licitacion&idEvl=xjf2ZfKapP2P66GS%2BONYvQ%3D%3D
Contratos menores;Servicio de revisión de las cuentas justificativas y emisión de informes de auditor de justificación de gastos de divesas subvenciones;Rectorado de la Universidad Internacional de Andalucía;servicios;Resuelta;MSA AUDITORES Y CONSULTORES AND, S.L.;14900;https://contrataciondelestado.es/wps/poc?uri=deeplink:detalle_licitacion&idEvl=ss%2B%2BHcveEmD%2B3JAijKO%2Bkg%3D%3D
Contratos menores;El objeto del contrato menor es el servicio de comunicación y gestión de redes sociales de la concejalía de deportes, la cual incluye la cobertura de eventos, creación de contenido audiovisual y comunity manager.;Junta de Gobierno del Ayuntamiento de La Oliva;servicios;Resuelta;MAHOX EXPERIENCE S.L.;14900;https://contrataciondelestado.es/wps/poc?uri=deeplink:detalle_licitacion&idEvl=Lkoxkuba%2FxG8ebB%2FXTwy0A%3D%3D
Contratos menores;Contrato menor de servicios para el desarrollo de actuaciones formativas en materia de corresponsabilidad en el ámbito empresarial: Corresponsabilidad en masculino, empresas que se implican;Área de Gobierno de Políticas Sociales, Familia e Igualdad del Ayuntamiento de Madrid;servicios;Resuelta;CAMARA OFICIAL DE COMERCIO INDUSTRIA Y SERVICIOS DE MADRID;14900;https://contrataciondelestado.es/wps/poc?uri=deeplink:detalle_licitacion&idEvl=e96LFHWI5PJPpzdqOdhuWg%3D%3D
Contratos menores;Contratación del servicio de sonido e iluminación de las actuaciones y actividades de Preferia y Feria 2026, tanto en la Coronación de la Reina del Verdeo, como en la Caseta Municipal, durante la LVIII Feria del Verdeo de Arahal 2026.;Alcaldia del Ayuntamiento de Arahal;servicios;Resuelta;ARTEOIRTE, S.L;14900;https://contrataciondelestado.es/wps/poc?uri=deeplink:detalle_licitacion&idEvl=fy4ux8m7WJEadbH3CysQuQ%3D%3D
Contratos menores;Emisión de video en Soporte Gran Formato Torremolinos durante la celebración de la Feria Madrid Fitur 2026;Alcaldía del Ayuntamiento de Torremolinos;servicios;Resuelta;HISPANET INTER MEDIA SOCIEDAD LIMITADA;14890;https://contrataciondelestado.es/wps/poc?uri=deeplink:detalle_licitacion&idEvl=xDfKft1jBTZ4zIRvjBVCSw%3D%3D
Contratos menores;Suministro e colocación de estrutura metálica no exterior das instalacións do SPEIS, sitas no polígono industrial Río do Pozo, para albergar varios vehículos;Alcaldía del Ayuntamiento de Narón;suministros;Resuelta;DISACERO S.L.U.;14876;https://contrataciondelestado.es/wps/poc?uri=deeplink:detalle_licitacion&idEvl=xwyx5%2BYNupuHCIsjvJ3rhQ%3D%3D
Contratos menores;Adquisición chándal Equipo Básico de Vestuario de la UME;Jefatura de la Sección de Asuntos Económicos de la Unidad Militar de Emergencias;suministros;Resuelta;SUMINISTROS MAYOR SL;14875;https://contrataciondelestado.es/wps/poc?uri=deeplink:detalle_licitacion&idEvl=aHdcbR%2Fec%2FuGCFcHcNGIlQ%3D%3D
Contratos menores;Servicio de sustitución de la pantalla de control de mandos del vehículo autoescala Magirus 30 MT.;Concejal Delegado del Área de Presidencia, Relaciones Institucionales y Seguridad Ciudadana del Ayuntamiento de Huelva;servicios;Resuelta;TALLERES SERCOIN SL;14872,68;https://contrataciondelestado.es/wps/poc?uri=deeplink:detalle_licitacion&idEvl=g0F2O5yy%2FOuS81gZFETWmA%3D%3D
Contratos menores;Contratación del suministro mediante arrendamiento de un camión recolector de residuos de 8 m³ de capacidad, destinado a la prestación del servicio en el municipio de Santa Cruz de La Palma.;Consejería Delegada de Gestión y Planeamiento Territorial y Medioambiental, S.A.;suministros;Resuelta;HERNANDEZ BELLO, S.L;14860;https://contrataciondelestado.es/wps/poc?uri=deeplink:detalle_licitacion&idEvl=Mtl1JBGRCOh4zIRvjBVCSw%3D%3D
Contratos menores;Suministro adquisición de taquillas para las dependencias de Policía Local;Alcaldía del Ayuntamiento de Coslada;suministros;Resuelta;Sánchez Angulo, S. A.;14850;https://contrataciondelestado.es/wps/poc?uri=deeplink:detalle_licitacion&idEvl=LA%2BzSkMLcTSIzo3LHNPGcQ%3D%3D
Contratos menores;Promoció a les xarxes socials dels serveis orientació, formació i intermediació del Servei Ocupació de les Illes Balears. Aquesta activitat emmarca en el Pla Activitats del Centre Orientació, Emprenedoria, Acompanyament i Innovació per a Ocupació (COE) Balears.;Servicio de Empleo de las Illes Balears;servicios;Resuelta;VIVIRDELCUENTO COMUNICACIO SL;14850;https://contrataciondelestado.es/wps/poc?uri=deeplink:detalle_licitacion&idEvl=L7tVkTEZgMWKeVWTb9Scog%3D%3D
Contratos menores;TO - Transporte escolar ruta 196 IES. Nombela - Almorox /Escalona;Delegación Provincial de la Consejería de Educación, Cultura y Deportes en Toledo;servicios;Resuelta;JOSE MANUEL SANCHEZ DE LA LLAVE;14848;https://contrataciondelestado.es/wps/poc?uri=deeplink:detalle_licitacion&idEvl=a61h0%2BWahlo7u6%2B%2FR7DUoA%3D%3D
Contratos menores;Reparación de vivienda sita en Parque de las Eras 44, de Villalba de los Barros;Consejería de Infraestructuras, Transporte y Vivienda;obras;Resuelta;SERVIGEST 5.0 2019 SL;14832,51;https://contrataciondelestado.es/wps/poc?uri=deeplink:detalle_licitacion&idEvl=Lh3G567BS%2Bb%2Fa9DgO%2BoYKQ%3D%3D
Contratos menores;Redacción de proyecto técnico para la instalación de ascensor y salva escaleras con pasarela de acceso a la pista deportiva Vega de San José;Presidencia del Instituto Municipal para la Promoción de la Actividad Física y el Deporte del Ayuntamiento de Las Palmas de Gran Canaria;servicios;Resuelta;BIMELSA INGENIERIA, S.L.;14800;https://contrataciondelestado.es/wps/poc?uri=deeplink:detalle_licitacion&idEvl=8tOxjGyMkEeS81gZFETWmA%3D%3D
Contratos menores;Servicios de producción de un banco audiovisual propio para el Gabinete de Prensa;Dirección Insular de Hacienda del Cabildo Insular de Tenerife;servicios;Resuelta;PROYECTOS AUDIOVISUALES ACFIPRESS, SOCIEDAD LIMITADA;14800;https://contrataciondelestado.es/wps/poc?uri=deeplink:detalle_licitacion&idEvl=y4JX8q4sk3%2FE6P%2FuLemXRw%3D%3D
Contratos menores;Redacción del proyecto del espacio polideportivo en Nueva Paterna;Presidencia del Instituto Municipal para la Promoción de la Actividad Física y el Deporte del Ayuntamiento de Las Palmas de Gran Canaria;servicios;Resuelta;MANZANO CABRERA, JORGE LUIS;14800;https://contrataciondelestado.es/wps/poc?uri=deeplink:detalle_licitacion&idEvl=GZ1WQpV8EPcUqXM96WStVA%3D%3D
Contratos menores;"Servicios artísticos: Representación teatral de la obra ""A puerta cerrada"" el día 9 de octubre de 2026 en el Teatro Palacio Valdés de Avilés (Asturias) a las 20:00 horas";Presidencia de la Fundación Municipal de Cultura de Avilés;privado;Resuelta;Factoría Estival de Arte SLNE;14800;https://contrataciondelestado.es/wps/poc?uri=deeplink:detalle_licitacion&idEvl=5HWwnJjczLaExvMJXBMHHQ%3D%3D
Contratos menores;Deseño e execución de actividades e accións relativas ao Programa Maruja Mallo nos Concellos de Nogueira de Ramuín, Esgos e Paderne de Allariz;Alcaldía del Ayuntamiento de Nogueira de Ramuín;servicios;Resuelta;RED TALENTO CONSULTORAS SL;14800;https://contrataciondelestado.es/wps/poc?uri=deeplink:detalle_licitacion&idEvl=1DnAb626UY27JOCXkOhcDg%3D%3D
Contratos menores;Contracte menor de subministrament d'un servidor de virtualització, per a l'Ajuntament de Pollença;Junta de Gobierno Local del Ayuntamiento de Pollença;suministros;Resuelta;TEKNO SERVICE SL;14790;https://contrataciondelestado.es/wps/poc?uri=deeplink:detalle_licitacion&idEvl=gapLtyZYg41q1DdmE7eaXg%3D%3D
Contratos menores;Servicio integral de organización, planificación, coordinación y ejecución del EVENTO “AVENTURA PIRATA”.;Junta de Gobierno del Ayuntamiento de Cartaya;privado;Resuelta;FOCUS BRAND, SOCIEDAD LIMITADA;14785,5;https://contrataciondelestado.es/wps/poc?uri=deeplink:detalle_licitacion&idEvl=kl4xnQHz78nXOjazN1Dw9Q%3D%3D
Contratos menores;Contrato menor de suministro con instalación de elementos eléctricos y de protección para el cuadro de devanaderas en el Parque de Bomberos número 5;Área de Gobierno de Vicealcaldía, Portavoz, Seguridad y Emergencias del Ayuntamiento de Madrid;suministros;Resuelta;INGENIA PROYECTOS Y SOLUCIONES, S.L.;14774,3;https://contrataciondelestado.es/wps/poc?uri=deeplink:detalle_licitacion&idEvl=R2qUvktghuweIBJRHQiPkQ%3D%3D
Contratos menores;Contratar una empresa para la organización, producción, coordinación y desarrollo de la Feria Chica de Mérida 2026.;Alcaldia del Ayuntamiento de Mérida;servicios;Resuelta;GESTION GLOBAL TRES49 S.L.;14750;https://contrataciondelestado.es/wps/poc?uri=deeplink:detalle_licitacion&idEvl=GNakJ7KWnvsl5NjlNci%2BtA%3D%3D
Contratos menores;Contrato Menor de Servicios para la retirada de Perros en el Municipio de Arahal, servicios de Estancia - De 0 a 14 servicios de retirada - Servicio de Alquiler de 5 jaulas, gastos veterinarios.;Alcaldia del Ayuntamiento de Arahal;servicios;Resuelta;SPORTDOG-ALCALA, S.L.;14750;https://contrataciondelestado.es/wps/poc?uri=deeplink:detalle_licitacion&idEvl=1Tnr1bmdF%2BPyoM4us5k4vw%3D%3D
Contratos menores;Suministro material para exposición de obras de D. Antonio Pedrero;Diputación Provincial de Zamora;suministros;Resuelta;ALTEISA SONIDO, S.L.;14750;https://contrataciondelestado.es/wps/poc?uri=deeplink:detalle_licitacion&idEvl=%2FOr1aKoL97B6nTs9LZ9RhQ%3D%3D
Contratos menores;Reses novillada festejos taurinos el 12 septiembre 2026;Alcaldía del Ayuntamiento de Cercedilla;suministros;Resuelta;AURELIA HERNANDO ARROYO;14750;https://contrataciondelestado.es/wps/poc?uri=deeplink:detalle_licitacion&idEvl=w55Hge3f7iiKeVWTb9Scog%3D%3D
Contratos menores;Servizos vinculados coa realización de actividades participativas para a mocidade co fin de dar unha oferta lúdica no periodo non lectivo;Junta de Gobierno Local del Ayuntamiento de Moaña;servicios;Resuelta;ASOCIACION TREBELLOS;14739,51;https://contrataciondelestado.es/wps/poc?uri=deeplink:detalle_licitacion&idEvl=09onjhr3D7%2FzAq95uGTrDQ%3D%3D
Contratos menores;Licencias y servicios para la implantación e integración del sistema de distribución de vídeo desde vehículos patrulla Flex-Car con la plataforma Flexcontrol existente.;Junta de Gobierno del Ayuntamiento de La Oliva;servicios;Resuelta;NUUK TECHNOLOGIES SL.;14720;https://contrataciondelestado.es/wps/poc?uri=deeplink:detalle_licitacion&idEvl=ZC%2FNJIrs9nsZDGvgaZEVxQ%3D%3D
Contratos menores;Reparación y mantenimiento módulos programa ipsige (Rsb sistema sl).;Junta de Gobierno del Ayuntamiento de Murcia;servicios;Resuelta;RSB SISTEMA SL;14700;https://contrataciondelestado.es/wps/poc?uri=deeplink:detalle_licitacion&idEvl=lxQzsabL2JHjHF5qKI4aaw%3D%3D
Contratos menores;Contrato menor de suministro e instalación de tiras led para complemento de iluminación existente en planta primera del edificio que alberga la sede del Área de Gobierno de Políticas Sociales, Familia e Igualdad en Paseo de la Chopera, 41;Área de Gobierno de Políticas Sociales, Familia e Igualdad del Ayuntamiento de Madrid;suministros;Resuelta;PANAMA SUMINISTROS ELECTRICOS SL;14699,52;https://contrataciondelestado.es/wps/poc?uri=deeplink:detalle_licitacion&idEvl=syZqX0DG8TnVGIpKDxgsAQ%3D%3D
Contratos menores;Adquisición de una central de monitorización para el Servicio de Urgencias del Hospital General de la Defensa en Zaragoza (HGDZ);Inspección General de Sanidad de la Defensa;suministros;Resuelta;PALEX MEDICAL, S.A.;14699;https://contrataciondelestado.es/wps/poc?uri=deeplink:detalle_licitacion&idEvl=YLoiIGez3xa9Hd5zqvq9cg%3D%3D
Contratos menores;Servicio de impartición de formación para programación Empleo Juvenil FSE + del Centro de Formación, 424 039.;Concejalías Delegadas del Ayuntamiento de Alcobendas;servicios;Resuelta;María Elena Pérez Esteban;14654;https://contrataciondelestado.es/wps/poc?uri=deeplink:detalle_licitacion&idEvl=WF9x1ZZ0pXKsNfRW6APEDw%3D%3D
Contratos menores;Catering para Acto Clausura Madrid 2025-2026;Dirección General de la Fundación EOI;servicios;Resuelta;NUEVO ENCINAR RESTAURACION, S.L.;14650;https://contrataciondelestado.es/wps/poc?uri=deeplink:detalle_licitacion&idEvl=y81NBB2jOKIQyBAnWzHfCg%3D%3D
Contratos menores;Formación, acompañamiento y desarrollo de equipos mediante la aplicación de la metodología Belbin de Roles de Equipo.;Junta de Gobierno del Ayuntamiento de La Oliva;servicios;Resuelta;DAVID SANCHEZ HUGUES;14650;https://contrataciondelestado.es/wps/poc?uri=deeplink:detalle_licitacion&idEvl=mYn7sG%2BNGSmIzo3LHNPGcQ%3D%3D
Contratos menores;Contrato menor para el suministro de mobiliario para adecuar las oficinas de denuncias ODACS de las Comisarías de Distrito de Chamberí y Puente de Vallecas;Jefatura Superior de Policía de Madrid;suministros;Resuelta;BURODECOR S.A;14649,33;https://contrataciondelestado.es/wps/poc?uri=deeplink:detalle_licitacion&idEvl=1FxVOYPLH8yHCIsjvJ3rhQ%3D%3D
Contratos menores;Apertura y cierre, limpieza, desinfección y mantenimiento higiénico de los baños públicos de la playa de El Reducto;Alcaldía del Ayuntamiento de Arrecife;servicios;Resuelta;CENTRO ESPECIAL DE EMPLEO NOVAVIDA, SL;14634;https://contrataciondelestado.es/wps/poc?uri=deeplink:detalle_licitacion&idEvl=pyM6xlfzoTUZDGvgaZEVxQ%3D%3D
Contratos menores;Servicio para el diseño y desarrollo de un Proceso Participativo Universitario sobre la prevención de adicciones para la Subdirección General de Adicciones del Organismo Autónomo Madrid Salud.;Organismo Autónomo Madrid Salud;servicios;Resuelta;ALTEKIO Iniciativa hacia la sostenibilidad;14629;https://contrataciondelestado.es/wps/poc?uri=deeplink:detalle_licitacion&idEvl=3hBzRsZTSq2sNfRW6APEDw%3D%3D
Contratos menores;Suministro de valla metálica de nudos ornamental (450 ml);Alcaldía del Ayuntamiento de Arroyomolinos;suministros;Resuelta;FORJAS ESTILO ESPAÑOL, S.A.;14575,84;https://contrataciondelestado.es/wps/poc?uri=deeplink:detalle_licitacion&idEvl=SW8BLSRBPD2opEMYCmrbmw%3D%3D
Contratos menores;Suministro, instalación y certificación de aproximadamente 40 metros de línea de retención anticaídas horizontal;Dirección del Centro de Estudios Políticos y Constitucionales;obras;Resuelta;GARSANSIANOR, SL;14553,7;https://contrataciondelestado.es/wps/poc?uri=deeplink:detalle_licitacion&idEvl=sgLzGX6DbYp%2BF6L2uCfUWg%3D%3D
Contratos menores;Oficina Técnica de seguimiento de la implantación del Sistema de Gestión Documental y Archivo Electrónico de la UNIA;Rectorado de la Universidad Internacional de Andalucía;servicios;Resuelta;AIX SERVEIS PROFESSIONALS, S.L.;14542,5;https://contrataciondelestado.es/wps/poc?uri=deeplink:detalle_licitacion&idEvl=nRn1pf6MehJVYjgxA4nMUw%3D%3D
Contratos menores;Servicios de conciertos para T.A.C., resonancia nuclear magnética y ecografia;Director Gerente de FREMAP;servicios;Resuelta;ANALIZA SOCIEDAD DE DIAGNOSTICO SL;14528,95;https://contrataciondelestado.es/wps/poc?uri=deeplink:detalle_licitacion&idEvl=mToCkQ8USVLN3k3tjedSGw%3D%3D
Contratos menores;Servicio de actuaciones de grupos alternativos para las ferias y fiestas de Cartaya.;Junta de Gobierno del Ayuntamiento de Cartaya;privado;Resuelta;MANUEL JESÚS CASTILLA DIAZ;14500;https://contrataciondelestado.es/wps/poc?uri=deeplink:detalle_licitacion&idEvl=62mcV63zbvV%2FR5QFTlaM4A%3D%3D
Contratos menores;Ejecución de redacción de proyecto para reparación de taludes en Sierra Nevada;Alcaldía del Ayuntamiento de Monachil;servicios;Resuelta;ASITEC INGENIERIA URBANISMO Y MEDIO AMBIENTE SOCIEDAD LIMITADA PROFESIONAL;14500;https://contrataciondelestado.es/wps/poc?uri=deeplink:detalle_licitacion&idEvl=QnRbOx1jTJ310HRJw8TEnQ%3D%3D
Contratos menores;contrato menor de servicios para la prestación de servicios profesionales para la redacción y preparación de la documentación necesaria respecto de la escuela unitaria de Buscastell de esta localidad para instar ante el Gobierno Balear la declaración de proyecto de especial interés estratégico (PEIE) al amparo del Decreto-ley 8/2025, de 5 de diciembre, de medidas urgentes para acelerar proyectos estratégicos que contribuyan a la transformación económica de las Illes Balears o subsidiariamente la Declaración de Interés General ante el Consell d’Eivissa;Alcaldía del Ayuntamiento de Sant Antoni de Portmany;servicios;Resuelta;ITEC INGENIEROS S.L.U.P.;14500;https://contrataciondelestado.es/wps/poc?uri=deeplink:detalle_licitacion&idEvl=ORuS2vc6K0Y2wEhQbcAqug%3D%3D
Contratos menores;Rutas de Vida Saludable.;Vicepresidencia 3-Área de Ciudadanía y Equilibrio Territorial de la Diputación Provincial de Málaga;servicios;Resuelta;Nautalia Viajes S.L.;14500;https://contrataciondelestado.es/wps/poc?uri=deeplink:detalle_licitacion&idEvl=XVoCNaRyuthLAIVZdUs8KA%3D%3D
Contratos menores;Redacción del proyecto de ejecución de las obras de mejora de la accesibilidad y sustitución de marquesinas del IES Abyla en Ceuta.;Gerencia de Infraestructuras y Equipamientos de Cultura O.A;servicios;Resuelta;JOSE DANIEL MOYA ENRIQUEZ;14500;https://contrataciondelestado.es/wps/poc?uri=deeplink:detalle_licitacion&idEvl=de5XIfo1OS1VkTabT%2FRM8A%3D%3D
Contratos menores;Obras de remodelación del pavimento de la Pista Multideportiva;Alcaldía del Ayuntamiento de Carbajosa de la Sagrada;obras;Resuelta;Macías e Hijos Pavimentos, S.L.;14460;https://contrataciondelestado.es/wps/poc?uri=deeplink:detalle_licitacion&idEvl=SxlGlKSoHfPpxJFXpLZ%2B2A%3D%3D
Contratos menores;El objeto del presente contrato es la contratación del diseño, fabricación e instalación de 17 paneles de información e interpretación siguiendo las especificaciones que se acompañan.;Presidencia de la Diputación Provincial de Cáceres;suministros;Resuelta;GADEART BRAVO S.L.;14450;https://contrataciondelestado.es/wps/poc?uri=deeplink:detalle_licitacion&idEvl=%2F05pQHmvkZRJ8Trn0ZPzLw%3D%3D
Contratos menores;Servicios correspondientes al Proyecto de Mejora de la ecoeficiencia y transición cara a una economía circular en la gestión de los residuos municipales 2026 (Programa Galicia Feder 2021-2027. Línea 1);Alcaldía del Ayuntamiento de Sarria;servicios;Resuelta;PERMAE SER, S.L.;14450;https://contrataciondelestado.es/wps/poc?uri=deeplink:detalle_licitacion&idEvl=D3wTlP8H%2FZJPpzdqOdhuWg%3D%3D
Contratos menores;Contrato Menor de suministro de Alquiler Barredora Vial de 4/5 M3 durante 4 meses por rotura o falta de maquinaria de dotación propia para el adecentamiento y limpieza de los espacios públicos de la localidad.;Alcaldia del Ayuntamiento de Arahal;suministros;Resuelta;EXBAL REPARACIONES Y SERVICIOS, S.L.;14400;https://contrataciondelestado.es/wps/poc?uri=deeplink:detalle_licitacion&idEvl=scF3RFPrR5d%2FP7lJ7Fu0SA%3D%3D
Contratos menores;Suministro de nitrógeno líquido necesario para el mantenimiento de las condiciones de conservación criogénica del material genético animal almacenado en el Centro de Selección y Reproducción Animal (CENSYRA), garantizando la preservación de los recursos zoogenéticos custodiados.;Consejería de Agricultura, Ganadería y Medio Natural;suministros;Resuelta;A L AIR LIQUIDE ESPAÑA SA;14365,8;https://contrataciondelestado.es/wps/poc?uri=deeplink:detalle_licitacion&idEvl=sal%2FAMvNYX3gL1BHd3qjQA%3D%3D
Contratos menores;Ejecución de soleras y vallado en el acceso al polideportivo de Brihuega;Alcaldía del Ayuntamiento de Brihuega;obras;Resuelta;Construcciones Palomar Martinez E Hijos SL;14335,19;https://contrataciondelestado.es/wps/poc?uri=deeplink:detalle_licitacion&idEvl=JAung7HJ4Xl%2BF6L2uCfUWg%3D%3D
Contratos menores;Reparación y hormigonado de pendiente del camino AL-VI.63, en el término municipal de Albocàsser, dentro del Fondo Estratégico Municipal de Prevención de Incendios y Gestión Forestal 2026.;Alcaldía del Ayuntamiento de Albocàsser;obras;Resuelta;GARCIA MONTERDE SL;14327,6;https://contrataciondelestado.es/wps/poc?uri=deeplink:detalle_licitacion&idEvl=%2FCAMLF7Aqd%2BP%2Bo96UAV7cQ%3D%3D
Contratos menores;Servizo de redacción inventario camiñoa municipais en solo urbano, urbanizable e rústico;Junta de Gobierno Local del Concello de Mos;servicios;Resuelta;PROCAT INGENIERIA Y MEDIOAMBIENTE S.L.;14300;https://contrataciondelestado.es/wps/poc?uri=deeplink:detalle_licitacion&idEvl=y48X4%2BMtV7z%2B3JAijKO%2Bkg%3D%3D
Contratos menores;Acondicionamiento del camino del Campamento en Aren;Alcaldía del Ayuntamiento de Aren;obras;Resuelta;PINATER, S.L.;14270,75;https://contrataciondelestado.es/wps/poc?uri=deeplink:detalle_licitacion&idEvl=kz4WMX0o1ZyGCFcHcNGIlQ%3D%3D
Contratos menores;Servicio de redacción del Plan de Accesibilidad del municipio de Monachil;Alcaldía del Ayuntamiento de Monachil;servicios;Resuelta;DECODE INGENIERIA S.L.;14250;https://contrataciondelestado.es/wps/poc?uri=deeplink:detalle_licitacion&idEvl=n2Sievh0QZDjHF5qKI4aaw%3D%3D
Contratos menores;contrato menor de servicios para la prestación de servicios profesionales para la redacción y preparación de la documentación necesaria respecto de la escuela unitaria de de Sant Mateu de esta localidad para instar ante el Gobierno Balear la declaración de proyecto de especial interés estratégico (PEIE) al amparo del Decreto-ley 8/2025, de 5 de diciembre, de medidas urgentes para acelerar proyectos estratégicos que contribuyan a la transformación económica de las Illes Balears o subsidiariamente la Declaración de Interés General ante el Consell d’Eivissa.;Alcaldía del Ayuntamiento de Sant Antoni de Portmany;servicios;Resuelta;JAVIER ROIG GARCIA;14250;https://contrataciondelestado.es/wps/poc?uri=deeplink:detalle_licitacion&idEvl=qFPZ4qA5gzgaF6cS8TCh%2FA%3D%3D
Contratos menores;Contrato menor de servicios para la prestación de servicios profesionales para la redacción y preparación de la documentación necesaria respecto de la escuela unitaria de Santa Àgnes de esta localidad para instar ante el Gobierno Balear la declaración de proyecto de especial interés estratégico (PEIE) al amparo del Decreto-ley 8/2025, de 5 de diciembre, de medidas urgentes para acelerar proyectos estratégicos que contribuyan a la transformación económica de las Illes Balears o subsidiariamente la Declaración de Interés General ante el Consell d’Eivissa.;Alcaldía del Ayuntamiento de Sant Antoni de Portmany;servicios;Resuelta;JAVIER ROIG GARCIA;14250;https://contrataciondelestado.es/wps/poc?uri=deeplink:detalle_licitacion&idEvl=oubODnpk41xVkTabT%2FRM8A%3D%3D
Contratos menores;"Reparación de viviendas sitas en C/ Ródano bloque 5, bajo C; C/ Germán Seller de Paz bloque 6, 1º C; C/ Jesús Nazareno, garajes 43, 45 y 47; C/ Jesús Nazareno 45, BAJO b; C/ Ródano bloque 2, 2º ; C/ Miguel Angel Orti 20, 3º D; C/ Jesús Nazareno 45; C/ Germán Seller de Paz bloque 8, bajo A y C/ Germán Seller de Paz bloque 9, bajo B, de Cáceres.";Consejería de Infraestructuras, Transporte y Vivienda;obras;Resuelta;ALBERO EXTREMADURA SL;14229,37;https://contrataciondelestado.es/wps/poc?uri=deeplink:detalle_licitacion&idEvl=vE2YLP09uGI4NavIWzMcHA%3D%3D
Contratos menores;Reedición de artículos promocionales para entregar a los alumnos que visiten el Aula de prevención dentro de la Campaña de difusión de la cultura preventiva a través del Aula de Prevención, dirigida a los escolares de los centros educativos de CyL.;Consejería de Industria, Universidades, Empleo y Comercio de la Junta de Castilla y León;suministros;Resuelta;AURUM REGALOS PUBLICITARIOS S.L.;14184;https://contrataciondelestado.es/wps/poc?uri=deeplink:detalle_licitacion&idEvl=L8nJtyq8Hf3%2B3JAijKO%2Bkg%3D%3D
Contratos menores;Redacción del proyecto y dirección técnica de las obras de reparación de la galería de saneamiento de la calle San Roque.;Alcaldía del Ayuntamiento de Horche;servicios;Resuelta;SPARKLE ENGINEERING LEARNING & ENVIRONMENT SL;14175;https://contrataciondelestado.es/wps/poc?uri=deeplink:detalle_licitacion&idEvl=Eov9ejy4DudLAIVZdUs8KA%3D%3D
Contratos menores;Servicio de decoración, montaje y desmontaje para la celebración de los actos conmemorativos del 125 Aniversario del Patronazgo de la Santisima Virgen del Carmen sobre la Armada Española y el 75 Aniversario de su Coronación Canónica.;Alcaldia del Ayuntamiento de San Fernando;servicios;Resuelta;TEMATIC EVENTOS TEMATIZADOS, SL;14150;https://contrataciondelestado.es/wps/poc?uri=deeplink:detalle_licitacion&idEvl=%2FjrcROcauv0l5NjlNci%2BtA%3D%3D
Contratos menores;Modificación trazado abastecimiento en nueva rotonda N-642 PK 40,970;Alcaldía del Concello de Foz;obras;Resuelta;MANTENIMIENTO DE INFRAESTRUCTURAS S.A.U.;14141,67;https://contrataciondelestado.es/wps/poc?uri=deeplink:detalle_licitacion&idEvl=BI4Yg4TpAy%2BdkQsA7ROvsg%3D%3D
Contratos menores;Suministro de vinteseis cubre pantalóns de protección para incendios de interior, para o departamento de Bombeiros do Concello de Narón (SPEIS), sito no polígono industrial Río do Pozo;Alcaldía del Ayuntamiento de Narón;suministros;Resuelta;AXATÓN, S.L.;14076,92;https://contrataciondelestado.es/wps/poc?uri=deeplink:detalle_licitacion&idEvl=RHU%2FOuZ%2FcqnI8aL3PRS10Q%3D%3D
Contratos menores;La presente propuesta describe la prórroga de servicios que TIDOC proporciona a Gesplan para el Servicio de Custodia, Traslado, Gestión y Consulta de la documentación que en la actualidad tiene depositada en los fondos documentales de TIDOC y los que se puedan generar a futuro.;Consejería Delegada de Gestión y Planeamiento Territorial y Medioambiental, S.A.;servicios;Resuelta;GESTION Y CUSTODIA DE INFORMACION CANARIAS, S.L.U(TIDOC);14000;https://contrataciondelestado.es/wps/poc?uri=deeplink:detalle_licitacion&idEvl=En%2Fg2dp3Nod6nTs9LZ9RhQ%3D%3D
Contratos menores;Servicio de arquitecto técnico para la Dirección de ejecución de obra y la Coordinación de seguridad y salud vinculada a las obras del proyecto básico y de ejecución de pista de skate en zona anexa a Pabellón Municipal de Marchena. c. José Montes de Torres 86. Marchena (Sevilla).;Alcaldía del Ayuntamiento de Marchena;servicios;Resuelta;DAVID CORTÉS GALÁN;14000;https://contrataciondelestado.es/wps/poc?uri=deeplink:detalle_licitacion&idEvl=tdB69YvvloDECtSnloz%2BZQ%3D%3D
Contratos menores;Reposición de pavimento en carril Lucianos de Monteagudo. Acuerdo Pleno 30/07/2026, refundido con aplicación 2026 0 930 9240 61900, y referencia 930-2026-22026025220.;Junta de Gobierno del Ayuntamiento de Murcia;obras;Resuelta;EXCAVACIONES Y MONTAJES VIGUERAS S.L.;13992,96;https://contrataciondelestado.es/wps/poc?uri=deeplink:detalle_licitacion&idEvl=Eg4WQzkZfHSdkQsA7ROvsg%3D%3D
Contratos menores;Acondicionamiento y mejora de espacios exteriores de la escuela infantil;Alcaldía del Ayuntamiento de San Isidro;servicios;Resuelta;EXCAVACIONES GEOS, S.L.;13979,81;https://contrataciondelestado.es/wps/poc?uri=deeplink:detalle_licitacion&idEvl=J9rWcRSIpya8ebB%2FXTwy0A%3D%3D
Contratos menores;Instalación de cajones en las persianas de las paradas del Mercado Municipal.;Alcaldía del Ayuntamiento de Vinarós;obras;Resuelta;JEAL PUERTAS Y AUTOMATISMOS SL;13917,6;https://contrataciondelestado.es/wps/poc?uri=deeplink:detalle_licitacion&idEvl=ALyQ4k1YEE0tm4eBPtV6eQ%3D%3D
Contratos menores;Colocación suelo autoportante en módulo Edificio Félix de Azara;Instituto Aragonés de Fomento (IAF);obras;Resuelta;Aquilue Luque, Javier Gregorio;13913,03;https://contrataciondelestado.es/wps/poc?uri=deeplink:detalle_licitacion&idEvl=45nw3FniCfUQyBAnWzHfCg%3D%3D
Contratos menores;Contratación de servicios especializados para diseñar, implantar, operar y evaluar una prueba de concepto de Puesto de Trabajo Virtual y Digital Workplace para EMASESA.;Consejería Delegada de la Empresa Metropolitana de Abastecimiento y Saneamiento de Aguas de Sevilla S.A. (EMASESA);servicios;Resuelta;NUNSYS, S.A.;13900;https://contrataciondelestado.es/wps/poc?uri=deeplink:detalle_licitacion&idEvl=xlZqXgAHa099Zh%2FyRJgM8w%3D%3D
Contratos menores;CM Servicio mantenimiento de infraestructura en establecimientos del Acto. MADOC (Granada);Jefatura de Intendencia de Asuntos Económicos Sur;servicios;Resuelta;Conservaciones y Proyectos del Sur, S.L.;13876,38;https://contrataciondelestado.es/wps/poc?uri=deeplink:detalle_licitacion&idEvl=58qCB7GtMI%2FpxJFXpLZ%2B2A%3D%3D
Contratos menores;Adquisición de mobiliario para el despacho del SEJEMA;Jefatura de la Sección Económico Administrativa 15 Agrupación del Cuartel General del Ejército del Aire;suministros;Resuelta;OFIFRAN, SL;13868;https://contrataciondelestado.es/wps/poc?uri=deeplink:detalle_licitacion&idEvl=nD5r%2BErSA5XzAq95uGTrDQ%3D%3D
Contratos menores;Contratación de los Trabajos de rescate de ictiofauna en el desembalse de la presa de Fuentes Claras (Ávila).;Consejo de Administración de Sociedad Mercantil Estatal Aguas de las Cuencas de España, S.A. (ACUAES);servicios;Resuelta;ADRA INGENIERIA Y GESTIÓN DEL MEDIO AMBIENTE, S.L.P.;13800;https://contrataciondelestado.es/wps/poc?uri=deeplink:detalle_licitacion&idEvl=SctNl3E87WCqb7rCcv76BA%3D%3D
Contratos menores;Prestación del servicio del Delegado de Protección de Datos de la Agencia Tributaria de las Illes Balears;Agencia Tributaria de las Illes Balears;servicios;Resuelta;Sothis Servicios Tecnológicos, SL;13765;https://contrataciondelestado.es/wps/poc?uri=deeplink:detalle_licitacion&idEvl=5QF2KlYGVCuTylGzYmBF9Q%3D%3D
Contratos menores;Cm suministro de madera laminada de diverso tamaño para la obra 11089 el gastor profea 2025;Diputación Provincial de Cádiz;suministros;Resuelta;TRANSPORTES HNOS GOMEZ GALLARDO SL;13760;https://contrataciondelestado.es/wps/poc?uri=deeplink:detalle_licitacion&idEvl=l%2BgTR503xFQzjChw4z%2FXvw%3D%3D
Contratos menores;Contrato menor de servicio para la organización, desarrollo y dinamización de los Talleres de Verano Almería Joven 2026;Junta de Gobierno del Ayuntamiento de Almería;servicios;Resuelta;Francisco Jesús Gallego Rubiales;13750;https://contrataciondelestado.es/wps/poc?uri=deeplink:detalle_licitacion&idEvl=rmCzaNYKhKfIGlsa0Wad%2Bw%3D%3D
Contratos menores;Servicios para la redacción del Proyecto Básico y de Ejecución, así como la Dirección de Obra, correspondientes a la actuación de reforma y ampliación del acceso al Cementerio Viejo y adecuación de un nuevo Velatorio Municipal;Alcaldía del Ayuntamiento del Poble Nou de Benitatxell;servicios;Resuelta;PERE JOAN PONS CAMBRILS;13750;https://contrataciondelestado.es/wps/poc?uri=deeplink:detalle_licitacion&idEvl=4jq9dRKHnoFSYrkJkLlFdw%3D%3D
Contratos menores;"MARCART. - CM.- Servicio de Cena en el marco del Evento ""Mediterranean Coast Guard Functions Forum 2026"" desde formalización hasta 12.11.2026";Intendente de Cartagena;servicios;Resuelta;LA MANGA CLUB, S.L.;13607,02;https://contrataciondelestado.es/wps/poc?uri=deeplink:detalle_licitacion&idEvl=cpAeiLevFwsadbH3CysQuQ%3D%3D
Contratos menores;Consiste en la contratación artística del pintor Eduardo Millán Sañudo para la realización de retrato en técnica de óleo sobre lino de José Ignacio García Pérez, rector de la Universidad Internacional de Andalucía.;Rectorado de la Universidad Internacional de Andalucía;servicios;Resuelta;EDUARDO JESUS MILLAN SAÑUDO;13590,91;https://contrataciondelestado.es/wps/poc?uri=deeplink:detalle_licitacion&idEvl=5371j6naW3t6nTs9LZ9RhQ%3D%3D
Contratos menores;Adquisición de carretilla eléctrica para el Biem V;Jefatura de la Sección de Asuntos Económicos de la Unidad Militar de Emergencias;suministros;Resuelta;CROWN LIFT TRUCKS S.L.;13573,91;https://contrataciondelestado.es/wps/poc?uri=deeplink:detalle_licitacion&idEvl=k3SEWzpj747mnwcj%2BxbdTg%3D%3D
Contratos menores;Suministro e instalación de refugios para caballos;Jefatura de Asuntos Económicos del Mando de Personal;suministros;Resuelta;FERMEYANO, S.L.;13475;https://contrataciondelestado.es/wps/poc?uri=deeplink:detalle_licitacion&idEvl=tnlaSxDZrm0QyBAnWzHfCg%3D%3D
Contratos menores;Clases de inglés EPA 2026-27;Alcaldia del Ayuntamiento de Alcasser;servicios;Resuelta;JULIE LOUISE CALCOTT;13464;https://contrataciondelestado.es/wps/poc?uri=deeplink:detalle_licitacion&idEvl=kz%2FstrqEZ6icCF8sV%2BqtYA%3D%3D
Contratos menores;Adquisición de remolques/bateas destinados a las Cabalgatas de Reyes;Alcaldia del Ayuntamiento de Las Cabezas de San Juan;suministros;Resuelta;METALCAT DEL SUR SL;13388,43;https://contrataciondelestado.es/wps/poc?uri=deeplink:detalle_licitacion&idEvl=%2BIlnZwCIORuLAncw3qdZkA%3D%3D
Contratos menores;Museo ultravioleta: La historia no contada de los videojuegos.;Consejería de Gobierno de Política Social, Accesibilidad, Igualdad, Diversidad del Cabildo de Gran Canaria;servicios;Resuelta;Nira Santana Rodríguez;13366,36;https://contrataciondelestado.es/wps/poc?uri=deeplink:detalle_licitacion&idEvl=Q0P7g7%2FfO7OdkQsA7ROvsg%3D%3D
Contratos menores;Pedido ID 013 2026, apero soplador;Jefatura de la Sección Económico Administrativa 22 - Base Aérea de Torrejón (Agrupación de Base);suministros;Resuelta;RIEGO VERDE SA (RIVERSA);13313,12;https://contrataciondelestado.es/wps/poc?uri=deeplink:detalle_licitacion&idEvl=EgX0eys01zSGCFcHcNGIlQ%3D%3D
Contratos menores;Patrocinio evento Latin Pulse Experience;Consejería Delegada de Promoción Exterior de Lanzarote, S.A.;servicios;Resuelta;CARLOS ADRIAN FRIAS POULSON;13300;https://contrataciondelestado.es/wps/poc?uri=deeplink:detalle_licitacion&idEvl=7nFAn%2FvDdaJVkTabT%2FRM8A%3D%3D
Contratos menores;Reparación y reforma en la solera de las perreras de la Comandancia de la Guardia Civil de Salamanca;Comandancia Guardia Civil de Salamanca;obras;Resuelta;GRUPO RDM SALAMANCA SLU;13223,14;https://contrataciondelestado.es/wps/poc?uri=deeplink:detalle_licitacion&idEvl=cL6%2BpyCctB7%2B3JAijKO%2Bkg%3D%3D
Contratos menores;Contrato Menor. Servicios De Montaje, Mantenimiento Y Desmontaje De La Exposición El Arte De Guardar. Galería De Las Colecciones Reales.;Consejo de Administración del Patrimonio Nacional;servicios;Resuelta;MONOGNOMO S.L.;13100;https://contrataciondelestado.es/wps/poc?uri=deeplink:detalle_licitacion&idEvl=h5BkfuO9ECHi0Kd8%2Brcp6w%3D%3D
Contratos menores;Autonomía y participación de los niños y niñas con discapacidad en las actividades programadas por la escuelas y ludoteca municipal;Consejo de Gerencia del Patronato Municipal de Personas con Discapacidad del Ayuntamiento de Ciudad Real;servicios;Resuelta;ASOC. AFECTADOS DE AUTISMO Y OTROS TRASTORNOS DEL DESARROLLO AUTRADE;13064,67;https://contrataciondelestado.es/wps/poc?uri=deeplink:detalle_licitacion&idEvl=OC%2BhLHetW1Y7%2B9FIQYNjeQ%3D%3D
Contratos menores;Cm Suministro Cajas Protectoras En Los Nuevos Vehículos Adscritos Al Operativo De Prevención Y Lucha Contra Incendios Forestales En Cantabria;Consejería de Desarrollo Rural, Ganadería, Pesca y Alimentación de la Comunidad Autónoma de Cantabria;suministros;Resuelta;MEGAMOTOR S.L.;13055,22;https://contrataciondelestado.es/wps/poc?uri=deeplink:detalle_licitacion&idEvl=YwmlOUWmpCYQyBAnWzHfCg%3D%3D
Contratos menores;Espectáculo ecuestre de doma y show dirigido a público familiar para acercar el mundo del caballo a través de diferentes ejercicios.;Alcaldía del Ayuntamiento de Alfaro;servicios;Resuelta;TOROS PUERTA GRANDE, S.L.;12800;https://contrataciondelestado.es/wps/poc?uri=deeplink:detalle_licitacion&idEvl=OSvhrjf8%2Baz10HRJw8TEnQ%3D%3D
Contratos menores;CM Suministro de dos robots limpiafondos de piscina y una silla hidráulica para piscina del CDM Híspalis (Sevilla);Jefatura de Intendencia de Asuntos Económicos Sur;suministros;Resuelta;Antonio Miguel Rus Muñoz;12719,01;https://contrataciondelestado.es/wps/poc?uri=deeplink:detalle_licitacion&idEvl=io0cpn613Sr10HRJw8TEnQ%3D%3D
Contratos menores;Contratación de adquisición uniformes de traballo para o persoal de Protección civil;Junta de Gobierno del Ayuntamiento de Lalín;suministros;Resuelta;GRUPO DISNAINGA, S.L;12709,1;https://contrataciondelestado.es/wps/poc?uri=deeplink:detalle_licitacion&idEvl=iEeakpFy8wmqb7rCcv76BA%3D%3D
Contratos menores;Suministro de una tirolina y de dos porterías de futbol 11;Jefatura de Intendencia de Asuntos Económicos Oeste;suministros;Resuelta;ACTIVA PARQUES Y JARDINES S.L.;12700;https://contrataciondelestado.es/wps/poc?uri=deeplink:detalle_licitacion&idEvl=hG6jubluGgZ9Zh%2FyRJgM8w%3D%3D
Contratos menores;Z0804334a286 Contrato Menor Para La Adquisición De La Obra De Arte De Francisco Mayor Maestre Nada Ha Salido Como Planeaba I Ii Iii Triptico;Consejería de Cultura, Turismo y Deporte de la Comunidad Autónoma de Cantabria;suministros;Resuelta;AURORA VIGIL ESCALERA PROYECTOS CULTURALES S.L.;12700;https://contrataciondelestado.es/wps/poc?uri=deeplink:detalle_licitacion&idEvl=wmgwkDqZAy5PpzdqOdhuWg%3D%3D
Contratos menores;Reparación de camino en el núcleo urbano de Bustablado;Alcaldía del Ayuntamiento de Cabezón de la Sal;obras;Resuelta;DANIEL GONZALEZ GUTIERREZ;12597,31;https://contrataciondelestado.es/wps/poc?uri=deeplink:detalle_licitacion&idEvl=cGCmneO6CEucCF8sV%2BqtYA%3D%3D
Contratos menores;"Contrato menor de suministros ""adquisición de bomba de lavado de filtros en la ETAP""";Alcaldía del Ayuntamiento de Guareña;suministros;Resuelta;FCC AQUALIA S.A.;12537,2;https://contrataciondelestado.es/wps/poc?uri=deeplink:detalle_licitacion&idEvl=eDwy978wtSKGCFcHcNGIlQ%3D%3D
Contratos menores;servicio de impartición de los cursos de dirección de extinción en incendios forestales niveles básico (DTE A) e Intermedio (DTE B);Instituto Cántabro de Administración Pública Rafael de la Sierra;servicios;Resuelta;OFICINA TÉCNICA DE MONTES S.L.U.;12500;https://contrataciondelestado.es/wps/poc?uri=deeplink:detalle_licitacion&idEvl=zADBsjhy0tHCfVQHDepjGQ%3D%3D
Contratos menores;Mantenimiento pavimento y paramentos interiores hall entre deposito nº 10 y nº11 , Archivo Intermedio Militar Noroeste (Ferrol) (Coruña);Jefatura de Intendencia de Asuntos Económicos Oeste;obras;Resuelta;OPEN NORTH, S.L.;12482;https://contrataciondelestado.es/wps/poc?uri=deeplink:detalle_licitacion&idEvl=EhGGhtEcieMtm4eBPtV6eQ%3D%3D
Contratos menores;Mobiliario Hotel San Macario;Alcaldía del Ayuntamiento de Andorra;suministros;Resuelta;Muebles Alcañiz, S.L.;12454,54;https://contrataciondelestado.es/wps/poc?uri=deeplink:detalle_licitacion&idEvl=FrH48rA%2B3AU%2B1TMyIiZmzw%3D%3D
Contratos menores;Suscripción al periódico Financial Times del 01-11-2026 al 31-10-2027;Secretaría General del Tesoro y Financiación Internacional;servicios;Resuelta;THE FINANCIAL TIMES LIMITED;12429;https://contrataciondelestado.es/wps/poc?uri=deeplink:detalle_licitacion&idEvl=QIL8C3EESk5J8Trn0ZPzLw%3D%3D
Contratos menores;Suministro de combustible para los vehículos oficiales dependientes de la Gerencia Territorial de Servicios Sociales de León.;Gerencia Territorial de Servicios Sociales de León;suministros;Resuelta;MOEVE PRO SERVICES, S.A.U.;12396,69;https://contrataciondelestado.es/wps/poc?uri=deeplink:detalle_licitacion&idEvl=wY1ci05ZF%2BYzjChw4z%2FXvw%3D%3D
Contratos menores;Contratación urgente de campaña de captación de alumnado para las microcredenciales de la Universidad.;Rectorado de la Universidad Internacional de Andalucía;servicios;Resuelta;DIGITAL JURADO MARKETING, S.L.U.;12396;https://contrataciondelestado.es/wps/poc?uri=deeplink:detalle_licitacion&idEvl=nVaZ3g%2FD4uPIGlsa0Wad%2Bw%3D%3D
Contratos menores;CM Suministro e instalación de elementos para parques infantiles del CDM Híspalis (Sevilla);Jefatura de Intendencia de Asuntos Económicos Sur;suministros;Resuelta;LANPEZ EQUIPAMIENTOS Y SERVICIOS, S. L.;12360;https://contrataciondelestado.es/wps/poc?uri=deeplink:detalle_licitacion&idEvl=M5cvjwBQpAC9Hd5zqvq9cg%3D%3D
Contratos menores;Sustitución luminarias SDD Palencia.;Subdirección General de Servicios Económicos y Pagadurías;servicios;Resuelta;DIEGO MORALES CARAZO;12357;https://contrataciondelestado.es/wps/poc?uri=deeplink:detalle_licitacion&idEvl=dhYc5s%2BSnYBPpzdqOdhuWg%3D%3D
Contratos menores;Trabajos de impresión, encuadernación y retractilado de la publicación Leyes Tributarias. Recopilación normativa 37ª edición;Secretaría General Técnica del Ministerio de Hacienda;servicios;Resuelta;LERKO PRINT, S. A;12325;https://contrataciondelestado.es/wps/poc?uri=deeplink:detalle_licitacion&idEvl=03WaidpErG7%2B3JAijKO%2Bkg%3D%3D
Contratos menores;Acondicionamiento de vivienda sita en Av Bondad 8 1ºB, de Cáceres.;Consejería de Infraestructuras, Transporte y Vivienda;obras;Resuelta;FERNANDO LUIS FERNANDEZ GALAN;12320;https://contrataciondelestado.es/wps/poc?uri=deeplink:detalle_licitacion&idEvl=GO%2FKdDltwuLIGlsa0Wad%2Bw%3D%3D
Contratos menores;5 anuncios (162 mm alto x 256 mm ancho) color, laborables, y Robapáginas doble (300px*600px ) en la edición digital;Consejería de Agricultura, Ganadería, Medio Rural y Política Ambiental de la Junta de Castilla y León;servicios;Resuelta;EL NORTE DE CASTILLA, S.A.;12314,05;https://contrataciondelestado.es/wps/poc?uri=deeplink:detalle_licitacion&idEvl=1vuLGLVwdWeFQ%2FlhRK79lA%3D%3D
Contratos menores;Renovación Parque Ciudad de los Niños - Redacción de proyecto, dirección de obra y coordinación de seguridad y salud;Alcaldía del Ayuntamiento de Carbajosa de la Sagrada;servicios;Resuelta;GRUPO INGECO INGENIEROS, S.L.;12314;https://contrataciondelestado.es/wps/poc?uri=deeplink:detalle_licitacion&idEvl=%2BtrSo58oXw87u6%2B%2FR7DUoA%3D%3D
Contratos menores;Servicios ejecución proyecto igualdad 2026;Alcaldía del Ayuntamiento de Valleseco;servicios;Resuelta;SOCIAL GOOD S.L.;12313,68;https://contrataciondelestado.es/wps/poc?uri=deeplink:detalle_licitacion&idEvl=MleQIaD%2FQepeKgd8LfVV9g%3D%3D
Contratos menores;"Mixto correspondiente al ""Programa de digitalización y modelización técnico-administrativa del servicio municipal de residuos para la implantación de una tasa diferenciada"" (Programa Galicia Feder 2021-2027. Línea 7)";Alcaldía del Ayuntamiento de Sarria;servicios;Resuelta;PERMAE SER, S.L.;12300;https://contrataciondelestado.es/wps/poc?uri=deeplink:detalle_licitacion&idEvl=SlL3kIXhT3JrhBlEHQFSKA%3D%3D
Contratos menores;Aula educativa de carácter lúdico para familias que son atendidas en el Centro de Servicios Sociales Comunitarios del distrito de Carretera de Cádiz (Huelin).;Concejalía Delegada del Área Específica de Derechos Sociales, Diversidad, Igualdad y Accesibilidad del Ayuntamiento de Málaga;servicios;Resuelta;BCM GESTION DE SERVICIOS SL;12284,8;https://contrataciondelestado.es/wps/poc?uri=deeplink:detalle_licitacion&idEvl=MCG2%2BAuyRmw2wEhQbcAqug%3D%3D
Contratos menores;Adquisición de una Workstation para el desarrollo de soluciones basadas en inteligencia artificial;Gerencias de los Institutos de la Agencia Estatal Consejo Superior de Investigaciones Científicas;suministros;Resuelta;JELP SERVICIOS INFORMÁTICOS, S.L.;12270;https://contrataciondelestado.es/wps/poc?uri=deeplink:detalle_licitacion&idEvl=in%2ByOyX2dGZVkTabT%2FRM8A%3D%3D
Contratos menores;Acondicionamiento de acceso al polígono ganadero del municipio de Bonansa;Alcaldía del Ayuntamiento de Bonansa;obras;Resuelta;EXCAVACIONS BALIERA, S.L.;12171,51;https://contrataciondelestado.es/wps/poc?uri=deeplink:detalle_licitacion&idEvl=oAVKkeN98dTN3k3tjedSGw%3D%3D
Contratos menores;Trabajos técnicos necesarios para la retransmisión de los partidos de la Sección Española en el Mundial de Fútbol, en el Centro de Tecnificación de Alicante.;Junta de Gobierno Local del Ayuntamiento de Alicante;servicios;Resuelta;NATOYDANI, S.L.;12140;https://contrataciondelestado.es/wps/poc?uri=deeplink:detalle_licitacion&idEvl=WySFZZ3Qus2sNfRW6APEDw%3D%3D
Contratos menores;Servicio de mantenimiento de los sistemas de climatización y ventilación de las sedes ubicadas en Madrid del Fondo de Garantía Salarial, O.A.;Secretaría General del Fondo de Garantía Salarial (FOGASA);servicios;Resuelta;SERVITEC SOLUCIONES AVANZADAS, SL;12116,44;https://contrataciondelestado.es/wps/poc?uri=deeplink:detalle_licitacion&idEvl=Xtv5PzsO%2B%2FB%2FP7lJ7Fu0SA%3D%3D
Contratos menores;Redacción del Proyecto de sombreado de Pza. de la Corredera en Arahal (Sevilla). Incluye anteproyecto con diseño, form-finding y predimensionado.;Alcaldia del Ayuntamiento de Arahal;servicios;Resuelta;CODA LIGHTWEIGHT DESIGN, S.L.;12110;https://contrataciondelestado.es/wps/poc?uri=deeplink:detalle_licitacion&idEvl=TWJBJ3j8t2Q4NavIWzMcHA%3D%3D
Contratos menores;Servicio de organización de la prueba deportiva de motociclismo Alicante TT Returns, celebrada el día 15 de febrero de 2026.;Junta de Gobierno Local del Ayuntamiento de Alicante;servicios;Resuelta;Federación de Motociclismo de la Comunidad Valenciana;12041,16;https://contrataciondelestado.es/wps/poc?uri=deeplink:detalle_licitacion&idEvl=rsrU6j%2FmeadrhBlEHQFSKA%3D%3D
Contratos menores;Saneado tuberías de hierro instalación climatización en Edificio Félix de Azara, PT Walqa.;Instituto Aragonés de Fomento (IAF);obras;Resuelta;EULEN, S.A.;12039,15;https://contrataciondelestado.es/wps/poc?uri=deeplink:detalle_licitacion&idEvl=YesjUIPVoih9PLkba5eRog%3D%3D
Contratos menores;Servicio para el transporte, montaje, desmontaje y publicidad de “Evento para el fomento de adopción y tenencia responsable de animales”.;Consejería Delegada de Gestión y Planeamiento Territorial y Medioambiental, S.A.;servicios;Resuelta;GOPEOPLE LABS, S.L.;12000;https://contrataciondelestado.es/wps/poc?uri=deeplink:detalle_licitacion&idEvl=p8qCGPfYLwLpxJFXpLZ%2B2A%3D%3D
Contratos menores;Asesoramiento jurídico para la regularización de ocupaciones y formalización de compromisos en Cortijo del Cuarto.;Gerencia de Sevilla Activa SAU;servicios;Resuelta;PÉREZ MORENO ESTUDIO DE DERECHO ADMINISTRATIVO, S.L.P.;12000;https://contrataciondelestado.es/wps/poc?uri=deeplink:detalle_licitacion&idEvl=eA43oOvmuZRJ8Trn0ZPzLw%3D%3D
Contratos menores;"Contrato menor de servicio para llevar a cabo las ""Actividades deportivas temporada 2026/27""";Alcaldia del Ayuntamiento de LA Puebla del Río;servicios;Resuelta;MIGUEL ANGEL GONZALEZ GONZALEZ;12000;https://contrataciondelestado.es/wps/poc?uri=deeplink:detalle_licitacion&idEvl=r3VlCfiqiquTylGzYmBF9Q%3D%3D
Contratos menores;"Contratación representación artística ""Programa NumEros"" 14/11/2026";Concejalías Delegadas del Ayuntamiento de Alcobendas;servicios;Resuelta;Instituto Nacional de las Artes Escénicas y de la Música;12000;https://contrataciondelestado.es/wps/poc?uri=deeplink:detalle_licitacion&idEvl=xsW9TWEO%2BpBWhbmkna2nXQ%3D%3D
Contratos menores;Curso de HACKING ETICO que forma parte del Plan de Formación y Perfeccionamiento 2026;Dirección General de Tráfico;servicios;Resuelta;ATECH ADVANCE SOLUTIONS SA (AYESA);12000;https://contrataciondelestado.es/wps/poc?uri=deeplink:detalle_licitacion&idEvl=1EXLSGeoVk%2B9Hd5zqvq9cg%3D%3D
Contratos menores;Servicios técnicos profesionales de redacción de proyecto para la mejora ambiental y ruta saludable;Alcaldía del Ayuntamiento de Carbajosa de la Sagrada;servicios;Resuelta;Grupo Ingeco Ingenieros, S.L.;12000;https://contrataciondelestado.es/wps/poc?uri=deeplink:detalle_licitacion&idEvl=iw1Cgu5%2FfDq2gkLQ8TeYKA%3D%3D
Contratos menores;Diseño de una base de datos de calibración para misiones SAR;Secretaría General del INTA;servicios;Resuelta;Setesur, S.L;11914;https://contrataciondelestado.es/wps/poc?uri=deeplink:detalle_licitacion&idEvl=z09ZEC7YEj7jHF5qKI4aaw%3D%3D
Contratos menores;Servicio de asistencia técnica para la Dirección de Obra y Coordinación de Seguridad y Salud para obras de instalación de puntos de recarga para vehículos eléctricos en el Municipio de Tacoronte;Alcaldia del Ayuntamiento de Tacoronte;servicios;Resuelta;DPS LEGALTECH SL;11900;https://contrataciondelestado.es/wps/poc?uri=deeplink:detalle_licitacion&idEvl=LWYEEwWmDUkeC9GJQOEBkQ%3D%3D
Contratos menores;Suministro de Electrodomésticos de primera necesidad para los parques de Bomberos de este CBPC;Presidencia del Consorcio de Bomberos de la Provincia de Cádiz;suministros;Resuelta;MELEGA S.L.;11815;https://contrataciondelestado.es/wps/poc?uri=deeplink:detalle_licitacion&idEvl=O15s1XhctTn5Rey58Yagpg%3D%3D
Contratos menores;"contrato menor de suministros - contrato menor de suministro de alimentacion y bebida para ""campo de arqueologia"" del dia 17 de agosto al 17 de septiembre del 2026";Alcaldía del Ayuntamiento de Baeza;suministros;Resuelta;CASH VIRGEN DE LA CABEZA SOCIEDAD LIMITADA;11800;https://contrataciondelestado.es/wps/poc?uri=deeplink:detalle_licitacion&idEvl=e5uOEKDoRkCTylGzYmBF9Q%3D%3D
Contratos menores;Suministro de torno control de accesos con barandilla.;Jefatura de Intendencia de Asuntos Económicos Oeste;suministros;Resuelta;OMESA INFORMATICA S.L.U.;11800;https://contrataciondelestado.es/wps/poc?uri=deeplink:detalle_licitacion&idEvl=Yv2ilwMfbHnN3k3tjedSGw%3D%3D
Contratos menores;Reposición de acera en Calle Poeta Sánchez Bautista de Llano de Brujas (Acuerdo JM 16/09/26), refundido con aplicación 2026 0 928 9240 6190025, con referencia 928-2026-22026026636.;Junta de Gobierno del Ayuntamiento de Murcia;obras;Resuelta;CONSTRUCCIONES LA VEGA DE ALJUCER S.L.;11675,53;https://contrataciondelestado.es/wps/poc?uri=deeplink:detalle_licitacion&idEvl=FMFa5kx7f8akU02jNGj1Fw%3D%3D
Contratos menores;Servicio de mantenimiento de ocho postes de información al viajero de Guaguas Municipales, S.A.;Gerencia de Guaguas Municipales, S.A.;servicios;Resuelta;CAPMAR Sistemas de Información S.L.;11616;https://contrataciondelestado.es/wps/poc?uri=deeplink:detalle_licitacion&idEvl=cArGW6Ql%2FWo4NavIWzMcHA%3D%3D
Contratos menores;Contratación de servicio vigilancia para seguridad en el Recinto Ferial y aledaños de la LVIII Feria del Verdeo 2026.;Alcaldia del Ayuntamiento de Arahal;servicios;Resuelta;IRIS VIGILANCIA, SERVICIOS Y CONTROL S.L;11594;https://contrataciondelestado.es/wps/poc?uri=deeplink:detalle_licitacion&idEvl=SlQcsDFW8PA%2FbjW6njtWLw%3D%3D
Contratos menores;Contrato Menor. Suministro De Pintura Y Material Consumible Para El Taller De Pintura Del Palacio Real De Madrid.;Consejo de Administración del Patrimonio Nacional;suministros;Resuelta;YOLI-MAR, S.A.;11575,16;https://contrataciondelestado.es/wps/poc?uri=deeplink:detalle_licitacion&idEvl=hout7BklgCDua%2Fi14w%2FPLA%3D%3D
Contratos menores;Curso de REACT que forma parte del Plan de Formación y Perfeccionamiento 2026;Dirección General de Tráfico;servicios;Resuelta;ATECH ADVANCE SOLUTIONS SA (AYESA);11550;https://contrataciondelestado.es/wps/poc?uri=deeplink:detalle_licitacion&idEvl=dQSe4HDPeXaHCIsjvJ3rhQ%3D%3D
Contratos menores;Reparación sustitución de depósitos de ACS del polideportivo, bar de alumnos y cocina de la B. A. de León;Jefatura de la Sección Económico-Administrativa 45 - Aeródromo Militar de León;obras;Resuelta;GONCELIS, S.L.;11541;https://contrataciondelestado.es/wps/poc?uri=deeplink:detalle_licitacion&idEvl=crNjZ2JhHBE7%2B9FIQYNjeQ%3D%3D
Contratos menores;Servicio de adecuación defectos tras la inspección de OCA ascensores en el Hospital;Departamento de Salud de Elda. Dirección Económica-Gerencia;servicios;Resuelta;YOMEEÑ ENERGY SERVICE S.L.;11511,34;https://contrataciondelestado.es/wps/poc?uri=deeplink:detalle_licitacion&idEvl=T8bZSpGosI7ECtSnloz%2BZQ%3D%3D
Contratos menores;Colaboración Organización y desarrollo del festejo suelta tradicionalde vacas y gran prix día 18 de Septiembre;Alcaldía del Ayuntamiento de Bolaños de Calatrava;servicios;Resuelta;TAURINA DE GARRIDO, SL;11500;https://contrataciondelestado.es/wps/poc?uri=deeplink:detalle_licitacion&idEvl=vx3ebGUSl6ykU02jNGj1Fw%3D%3D
Contratos menores;Contratación del servicio de animación para niños y niñas de entre 4 y 10 años, en la Caseta Infantil del Recinto Ferial de Arahal, durante la LVIII Feria del Verdeo de Arahal 2026.;Alcaldia del Ayuntamiento de Arahal;servicios;Resuelta;Manuel Mendoza Bonilla;11500;https://contrataciondelestado.es/wps/poc?uri=deeplink:detalle_licitacion&idEvl=2hFtXo7op5E36J9Lctlsuw%3D%3D
Contratos menores;servicio consistente en la ejecucion de los trabajos necesarios para la dotacion de cobertura y conectividad mediante red Wi-Fi endistintos puntos del Parque Nacional de Garajonay, concretamente en los enclaves de Juego de Bolas, Laguna Grande, El Cedro yParedes, incluyendo el suministro, instalacion,configuracion, puesta en funcionamiento y comprobacion de los equipos einfraestructuras necesarios para garantizarla correcta prestacion del servicio, de conformidad con las prescripciones tecnicas queresulten de aplicacion;Dirección General del Medio Natural de Canarias;servicios;Resuelta;WIFI GOMERA S.L.U.;11454,25;https://contrataciondelestado.es/wps/poc?uri=deeplink:detalle_licitacion&idEvl=3QX%2FaCy%2FwuUUqXM96WStVA%3D%3D
Contratos menores;Suministro de cien unidades de cableado vehicular para los vehículos de la Agrupación de Tráfico de la Guardia Civil;Dirección General de Tráfico;suministros;Resuelta;SOFTRÓNICA S.A.;11340;https://contrataciondelestado.es/wps/poc?uri=deeplink:detalle_licitacion&idEvl=TqwrSOgJd80eIBJRHQiPkQ%3D%3D
Contratos menores;Alquiler iluminación Mañana Mas;Compras de la Corporación de Radio y Televisión Española S.A.;suministros;Resuelta;CITYLIGHT, S.L.;11200;https://contrataciondelestado.es/wps/poc?uri=deeplink:detalle_licitacion&idEvl=VOp9EmTALfKFlFRHfEzEaw%3D%3D
Contratos menores;CM obra reparacion sustitucion de ocho ventanas y dos puertas balconeras en el edificio nº2 en dependencias de JEAPRE SUR;Jefatura de Intendencia de Asuntos Económicos Sur;obras;Resuelta;ELECNOR SERVICIOS Y PROYECTOS S.A.U;11156;https://contrataciondelestado.es/wps/poc?uri=deeplink:detalle_licitacion&idEvl=Vtvy0VDAPiL5Rey58Yagpg%3D%3D
Contratos menores;Contrato menor de redacción informe urbanístico estudio de detalle en el Plan Parcial del Sector SUD Industrial 5.2 “Eléctrico”;Alcaldía del Ayuntamiento de Escatrón;servicios;Resuelta;ANGEL GIL UREÑA;11150;https://contrataciondelestado.es/wps/poc?uri=deeplink:detalle_licitacion&idEvl=H%2BxAANZwSEqKeVWTb9Scog%3D%3D
Contratos menores;reparacion maquinaria speis;Junta de Gobierno Local del Ayuntamiento de Alicante;servicios;Resuelta;Air Systems Supplies S.L.;11108,95;https://contrataciondelestado.es/wps/poc?uri=deeplink:detalle_licitacion&idEvl=y0C%2BIQ2eVwXI8aL3PRS10Q%3D%3D
Contratos menores;Curso de inglés técnico que forma parte del Plan de Formación y Perfeccionamiento, 2026;Dirección General de Tráfico;servicios;Resuelta;CRACK BUSINESS ENGLISH SCHOOL S.L.;11100;https://contrataciondelestado.es/wps/poc?uri=deeplink:detalle_licitacion&idEvl=y%2BY90dlIFzWKeVWTb9Scog%3D%3D
Contratos menores;Incorporar obras a la colección de arte de Diputación de León-ILC;Presidencia del Instituto Leonés de Cultura;servicios;Resuelta;María Margarita Carnero Robles;11060;https://contrataciondelestado.es/wps/poc?uri=deeplink:detalle_licitacion&idEvl=3%2FYuw3sKfsDIGlsa0Wad%2Bw%3D%3D
Contratos menores;Actuación de Amparanoia, el día 12 de agosto de 2026, con motivo del evento Eclipse Teruel 2026;Alcaldía del Ayuntamiento de Teruel;privado;Resuelta;VACAS MANAGEMENT, SLU;11000;https://contrataciondelestado.es/wps/poc?uri=deeplink:detalle_licitacion&idEvl=fakqykVCUDjgL1BHd3qjQA%3D%3D
Contratos menores;516/26. Actuación musical da orquesta Charleston polas festas patronais de Portonovo 2026;Presidencia del Organismo Autónomo Terra de Sanxenxo;servicios;Resuelta;Producciones Zona Chan, S.L.;11000;https://contrataciondelestado.es/wps/poc?uri=deeplink:detalle_licitacion&idEvl=VyQezCV3tSdVkTabT%2FRM8A%3D%3D
Contratos menores;CM Servicio de reparación y subsanación de deficiencias de cámaras frigoríficas de la RM Virgen de la Paz (Ronda - Málaga);Jefatura de Intendencia de Asuntos Económicos Sur;servicios;Resuelta;GESTIONA DESARROLLO DE SERVICIOS INTEGRALES S.L.U.;10974,86;https://contrataciondelestado.es/wps/poc?uri=deeplink:detalle_licitacion&idEvl=o1%2FV1Fyb6VYXhk1FZxEyvw%3D%3D
Contratos menores;Trituración y retirada de restos de poda y residuos procedentes de jardinería;Alcaldía del Ayuntamiento de San Isidro;servicios;Resuelta;TRANSFORMACION MATERIALES DE OBRA GEOS, S.L.;10952,5;https://contrataciondelestado.es/wps/poc?uri=deeplink:detalle_licitacion&idEvl=eihzLeIx%2F8iIzo3LHNPGcQ%3D%3D
Contratos menores;GAPTO- Consumibles e instrumental odontológico para las USBD dependientes de la GAP Toledo;Dirección Gerencia del Servicio de Salud de Castilla-La Mancha;suministros;Resuelta;PROCLINIC S.A.;10932,24;https://contrataciondelestado.es/wps/poc?uri=deeplink:detalle_licitacion&idEvl=F2R4G2DZATqAAM7L03kM8A%3D%3D
Contratos menores;El objeto del presente contrato es la contratacion de un servicio especializado para el diseno, elaboracion y produccion dematerial audiovisual y grafico destinado a la difusion de la nueva estructura de los certificados profesionales del area deJardineria y de las diferentes posibilidades de acceso a las ofertas formativas del Sistema de Formacion Profesional.;Servicio Canario de Empleo;servicios;Resuelta;Mientrastanto Agencia de Publicidad Creativa, s.l.;10900;https://contrataciondelestado.es/wps/poc?uri=deeplink:detalle_licitacion&idEvl=IU9tKRbz7oZ9Zh%2FyRJgM8w%3D%3D
Contratos menores;Honorarios técnicos para la redacción de proyecto de ejecución para la reforma del Vicerrectorado del Campus de Álava;Rectorado de la Universidad del País Vasco;servicios;Resuelta;OLM Arquitectura, SLP;10875,21;https://contrataciondelestado.es/wps/poc?uri=deeplink:detalle_licitacion&idEvl=HZ0EiYPNMyicTfjQf3USOg%3D%3D
Contratos menores;ARCAR-JINFRA-Reparación adecuación retroiluminación señalética del Arsenal de Cartagena.;Intendente de Cartagena;obras;Resuelta;PROYECTABLE ESTUDIO, S.L.;10834,57;https://contrataciondelestado.es/wps/poc?uri=deeplink:detalle_licitacion&idEvl=BRUSKO2Y8c%2BOUi78BmzhOQ%3D%3D
Contratos menores;Servicio de consultoría pedagógica especializada;Dirección General de la Fundación EOI;servicios;Resuelta;SANZ GONZALEZ, CAROLINA;10800;https://contrataciondelestado.es/wps/poc?uri=deeplink:detalle_licitacion&idEvl=Rl56nG8mz7w2wEhQbcAqug%3D%3D
Contratos menores;Suministro de mobiliario urbano, para sustitución de elementos deteriorados, del municipio de Arganda del Rey;Alcaldía del Ayuntamiento de Arganda del Rey;suministros;Resuelta;BENITO URBAN, S.L.U.;10734,87;https://contrataciondelestado.es/wps/poc?uri=deeplink:detalle_licitacion&idEvl=ix5BG8t%2FexXLIx6q1oPaMg%3D%3D
Contratos menores;servicio de formación en idioma inglés para el personal de la UNIA;Rectorado de la Universidad Internacional de Andalucía;servicios;Resuelta;OPEN FIVE S.L.;10725;https://contrataciondelestado.es/wps/poc?uri=deeplink:detalle_licitacion&idEvl=bGfDP9XNBdA3vLk2DU2Ddg%3D%3D
Contratos menores;Actividad formativa Programa de Gestión Estratégica y Liderazgo Social;Área de Gobierno de Economía, Innovación y Hacienda del Ayuntamiento de Madrid;servicios;Resuelta;UNIVERSIDAD DE NAVARRA;10700;https://contrataciondelestado.es/wps/poc?uri=deeplink:detalle_licitacion&idEvl=hEDgYpJu3QWKeVWTb9Scog%3D%3D
Contratos menores;El objeto del contrato consiste en la prestación del servicio de organización, preparación e impartición de talleres de cocina dirigidos a personas con diversidad funcional, mediante el desarrollo de diferentes sesiones prácticas adaptadas a las características de las personas participantes.;Alcaldía del Ajuntament de Massamagrell;servicios;Resuelta;ESMERALDA MARCOS MUÑOZ;10600;https://contrataciondelestado.es/wps/poc?uri=deeplink:detalle_licitacion&idEvl=Lwo1krgNFKn10HRJw8TEnQ%3D%3D
Contratos menores;Suministro, transporte y montaje de una plataforma salvaescaleras de pequeño recorrido para silla de ruedas en la Agencia Tributaria de las Illes Balears;Agencia Tributaria de las Illes Balears;obras;Resuelta;OTIS MOBILITY, SA;10545;https://contrataciondelestado.es/wps/poc?uri=deeplink:detalle_licitacion&idEvl=%2BaefZlxkIl6TylGzYmBF9Q%3D%3D
Contratos menores;Servicio de Análisis de las muestras de orina recogidas por la Agencia Estatal Comisión Española para la Lucha Antidopaje en el Deporte que no pueden ser realizados por el Laboratorio de Control del Dopaje del ISCIII;Dirección de la Agencia Estatal Comisión Española para la Lucha Antidopaje en el Deporte (CELAD);servicios;Resuelta;Instituto Nacional de Saúde Doutor Ricardo Jorge (Lisboa-Portugal);10500;https://contrataciondelestado.es/wps/poc?uri=deeplink:detalle_licitacion&idEvl=z56EmxmurzJVkTabT%2FRM8A%3D%3D
Contratos menores;Servicio de desbroce de cunetas Carretera del Purche;Alcaldía del Ayuntamiento de Monachil;servicios;Resuelta;RAFAEL HIGUERAS QUESADA;10500;https://contrataciondelestado.es/wps/poc?uri=deeplink:detalle_licitacion&idEvl=nUsl1dFgbgeS81gZFETWmA%3D%3D
Contratos menores;Asistencia técnica para redacción de informe para subsanar defectos en inscripción registral;Alcaldia del Ayuntamiento de Tudela de Duero;servicios;Resuelta;UNIVERSIDAD DE VALLADOLID;10500;https://contrataciondelestado.es/wps/poc?uri=deeplink:detalle_licitacion&idEvl=a5RrpwXK7wN70UvEyYJSGw%3D%3D
Contratos menores;Servicio de caché y producción de dos espectáculos baktana y dolce salado para el festival COTIARTE a celebrar el 10 de octubre en el muelle y plaza de Cotillo de 2026.;Junta de Gobierno del Ayuntamiento de La Oliva;servicios;Resuelta;ELOY VERA SOSA;10440;https://contrataciondelestado.es/wps/poc?uri=deeplink:detalle_licitacion&idEvl=vpI3QlrumJeP%2Bo96UAV7cQ%3D%3D
Contratos menores;Suministro e instalación de puerta rápida de lona con Ojo de Buey para el Parque de Bomberos.;Junta de Gobierno del Ayuntamiento de Benalmádena;suministros;Resuelta;Gibidi Málaga S.L.;10422;https://contrataciondelestado.es/wps/poc?uri=deeplink:detalle_licitacion&idEvl=IqBiRGfvQNdrSd8H4b2soA%3D%3D
Contratos menores;Acción de patrocinio por el Cabildo Insular de Tenerife con la ASOC. PARA EL PROGRESO DE LA DIRECCION, del evento coloquio “De la inversión al impacto: la transformación de Tenerife, que se celebrará el 22 de junio de 2026 Tenerife.;Dirección Insular de Hacienda del Cabildo Insular de Tenerife;servicios;Resuelta;ASOC. PARA EL PROGRESO DE LA DIRECCION;10400;https://contrataciondelestado.es/wps/poc?uri=deeplink:detalle_licitacion&idEvl=uaaqRr2Wmojs%2BnLj3vAg5A%3D%3D
Contratos menores;Creacion de audiovisuales de la 11 rutas con acceso a paisajes culturales , dentro del proyecto 0110_OET_DURIUS_2_E, POCTEP;Consejo General de la Asociación Ibérica de Municipios Ribereños el Duero;servicios;Resuelta;Siete mandarinas SL;10390;https://contrataciondelestado.es/wps/poc?uri=deeplink:detalle_licitacion&idEvl=nH59SBjTlObpxJFXpLZ%2B2A%3D%3D
Contratos menores;Servicio de Cuidado Profesional mediante Apoyo y Refuerzo Educativo. Etapa ESO.;Alcaldía del Ayuntamiento de Callosa de Segura;servicios;Resuelta;Abraham Fernández Murcia;10346,28;https://contrataciondelestado.es/wps/poc?uri=deeplink:detalle_licitacion&idEvl=TQusks86JCMUqXM96WStVA%3D%3D
Contratos menores;Servicio cache y producción del espectáculo Desprovisto para el Festival Cotiarte a celebrar el día 09 de octubre en la plaza de El Cotillo.;Junta de Gobierno del Ayuntamiento de La Oliva;servicios;Resuelta;ELOY VERA SOSA;10235;https://contrataciondelestado.es/wps/poc?uri=deeplink:detalle_licitacion&idEvl=cq50fo6G%2BcbE6P%2FuLemXRw%3D%3D
Contratos menores;266015 Suministro estanterías fuera del AM;Jefatura de la Sección Económico-Administrativa 41 - Base Aérea de San Javier;suministros;Resuelta;NAGAR DECORACION, S.L.;10205,89;https://contrataciondelestado.es/wps/poc?uri=deeplink:detalle_licitacion&idEvl=yZd%2BVkUGBARPpzdqOdhuWg%3D%3D
Contratos menores;Suministro de aplicación informática de gestión de vehículo compartido (CARSHARING), en el marco del proyecto ruralmed mobility (programa interreg euro-med);Consejería de Infraestructuras, Transporte y Vivienda;suministros;Resuelta;COMPUTER GLOBAL SOFTWARE, S.L.;10200;https://contrataciondelestado.es/wps/poc?uri=deeplink:detalle_licitacion&idEvl=kjh6QsuqkiteKgd8LfVV9g%3D%3D
Contratos menores;Contrato Menor de Suministro de Polipasto Descensor de Féretros (Peso a Levantar 500 kg). Modelo Descemar para el Cementerio Municipal de Arahal.;Alcaldia del Ayuntamiento de Arahal;suministros;Resuelta;COMERCIAL PEÑA SERVICIOS, S.A.;10200;https://contrataciondelestado.es/wps/poc?uri=deeplink:detalle_licitacion&idEvl=0KEkSGHjyHY2wEhQbcAqug%3D%3D
Contratos menores;La prestación de los sevicios de restauracion para el espacio cocina, con ocasión del certamen Hábitat Valencia 2026, de la Societat Valenciana Fira València, S,A.;Dirección General de la Societat Valenciana FIRA València S.A.;servicios;Resuelta;ALAPAR SERVICIOS DE AZAFATAS Y EVENTOS CULTURALES, S.L.;10138,5;https://contrataciondelestado.es/wps/poc?uri=deeplink:detalle_licitacion&idEvl=HKGNmP5Q5MhJ8Trn0ZPzLw%3D%3D
Contratos menores;APO 253 SRCI - Inspección en depósitos de polvo de 3 vehículos auto extintores en la BA. de Torrejón.;Jefatura de la Sección Económico Administrativa 22 - Base Aérea de Torrejón (Agrupación de Base);servicios;Resuelta;TEMAVECO S.L.;10119,39;https://contrataciondelestado.es/wps/poc?uri=deeplink:detalle_licitacion&idEvl=xts5BumShpprhBlEHQFSKA%3D%3D
Contratos menores;Suministro de alquiler , material de iluminación para el encendido navideño de la plaza de La Oliva dentro del programa un mundo de fantasía 2026;Junta de Gobierno del Ayuntamiento de La Oliva;suministros;Resuelta;DIELCA SA;10071,29;https://contrataciondelestado.es/wps/poc?uri=deeplink:detalle_licitacion&idEvl=Swvsle%2F0QXa9Hd5zqvq9cg%3D%3D
Contratos menores;JAT. Suministro de doce Kits de entrenamiento canino para el TERLEV;Intendente de Cartagena;suministros;Resuelta;Ikerkude S.L.;10008;https://contrataciondelestado.es/wps/poc?uri=deeplink:detalle_licitacion&idEvl=o00A94XSaeJPpzdqOdhuWg%3D%3D
Contratos menores;Necesidad de adquisición de aparato de escáner intraoral para uso con fines docentes en el servicio de clínica odontológica de la UPV/EHU;Rectorado de la Universidad del País Vasco;suministros;Resuelta;MANOHAY DENTAL S.A.U.;10000,08;https://contrataciondelestado.es/wps/poc?uri=deeplink:detalle_licitacion&idEvl=EQyHTeWz6qw3vLk2DU2Ddg%3D%3D
Contratos menores;"Patrocinio publicitario para la promoción turística de la provincia de Teruel en el rodaje de la producción cinematográfica ""The Possessed"".";Diputación Provincial de Teruel;privado;Resuelta;DISTINTO FILMS S.L.U.;10000;https://contrataciondelestado.es/wps/poc?uri=deeplink:detalle_licitacion&idEvl=BKTFqlKkt%2Bh6nTs9LZ9RhQ%3D%3D
Contratos menores;Contrato Menor de Servicios para la Asistencia y Asesoramiento Jurídico para la defensa de los intereses laborales del personal funcionario y del laboral del Ayuntamiento de Arahal, así como de los cargos públicos de la Corporación.;Alcaldia del Ayuntamiento de Arahal;servicios;Resuelta;MAESTRANZA CONSULTORES, S.L.;10000;https://contrataciondelestado.es/wps/poc?uri=deeplink:detalle_licitacion&idEvl=itS1DGl0OdbkY6rls5tG9A%3D%3D
Contratos menores;Servicio de DIRECCIÓN DE OBRA Y COORDINACIÓN DE SEGURIDAD Y SALUD para la obra Sustitución del pavimento deportivo en las instalaciones deportivas Narea.;Concejalía Delegada de Contratación del Ayuntamiento de Telde;servicios;Resuelta;JUAN IGNACIO MÉNDEZ FERNÁNDEZ;10000;https://contrataciondelestado.es/wps/poc?uri=deeplink:detalle_licitacion&idEvl=T4ntFgTGmmcZDGvgaZEVxQ%3D%3D
Contratos menores;"""Servicio de alquiler, montaje, desmontaje y transporte de mobiliario para la convocatoria de éxamnes de valenciano en la societat valenciana Fira València, S.A.""";Dirección General de la Societat Valenciana FIRA València S.A.;suministros;Resuelta;JOSEARTE SOLUCIONES INTEGRALES EN ESPACIOS ARTÍSTICOS,;9980;https://contrataciondelestado.es/wps/poc?uri=deeplink:detalle_licitacion&idEvl=ShYl8X3bp8NJ8Trn0ZPzLw%3D%3D
Contratos menores;4 anuncios (141 mm alto x 246 mm ancho) color,laborables (El Mundo Diario de Castilla y León y El Mundo Diario de Valladolid y Desktop: Billboard desplegable 990x250 a 990x500 - Mobile: Sticky desplegable 320x100 a 320x300, en la edición digital.;Consejería de Agricultura, Ganadería, Medio Rural y Política Ambiental de la Junta de Castilla y León;servicios;Resuelta;EDITORIAL CASTELLANA DE IMPRESIONES, S.L;9917,35;https://contrataciondelestado.es/wps/poc?uri=deeplink:detalle_licitacion&idEvl=DS9j%2Br9azLq7JOCXkOhcDg%3D%3D
Contratos menores;Servicio de soporte y mantenimiento de los servidores y cabinas de almacenamiento;Dirección General de la Fundación EOI;servicios;Resuelta;HARDWARE & PARTS, S.A.;9900;https://contrataciondelestado.es/wps/poc?uri=deeplink:detalle_licitacion&idEvl=9bUtOwzA92szjChw4z%2FXvw%3D%3D
Contratos menores;CM Suministro de equipamiento para la RMASE San Hermenegildo (Sevilla);Jefatura de Intendencia de Asuntos Económicos Sur;suministros;Resuelta;GRUPO ARRONES E HIJOS, S.L.;9877;https://contrataciondelestado.es/wps/poc?uri=deeplink:detalle_licitacion&idEvl=wkwI6XlX81IXhk1FZxEyvw%3D%3D
Contratos menores;Cm 27_2026 redes para balones enjambre borrascas;Presidente de la Entidad Local Autónoma San Isidro del Guadalete;obras;Resuelta;JOSE ANGEL GONZALEZ ARAGON;9876,03;https://contrataciondelestado.es/wps/poc?uri=deeplink:detalle_licitacion&idEvl=HReiFyQ04vnE6P%2FuLemXRw%3D%3D
Contratos menores;Contracte menor adaptació xarxa elèctrica nou subministrament elèctric EDIFICI Capitol;Junta de Gobierno Local del Ayuntamiento de Pollença;suministros;Resuelta;EDISTRIBUCION REDES DIGITALES, SLU;9864,72;https://contrataciondelestado.es/wps/poc?uri=deeplink:detalle_licitacion&idEvl=94DGJPSbpgTi0Kd8%2Brcp6w%3D%3D
Contratos menores;Confección de página web;Presidencia de la Asociación para el Desarrollo de la Sierra de San Pedro Los Baldíos;servicios;Resuelta;Miguel Ángel Hurtado Periañez;9840;https://contrataciondelestado.es/wps/poc?uri=deeplink:detalle_licitacion&idEvl=jwLWUONMxECTylGzYmBF9Q%3D%3D
Contratos menores;Z0804334a305-contrato Menor De Cuatro Representaciones De Adrian Alonso Producciones Ebro - 111;Consejería de Cultura, Turismo y Deporte de la Comunidad Autónoma de Cantabria;servicios;Resuelta;ALONSO DAZA, ADRIAN;9800;https://contrataciondelestado.es/wps/poc?uri=deeplink:detalle_licitacion&idEvl=A8k64qPzOYiGCFcHcNGIlQ%3D%3D
Contratos menores;Suministro termos eléctricos para diversos acuartelamientos dependientes de la Comandancia de la Guardia Civil de Málaga;Comandancia Guardia Civil de Málaga;suministros;Resuelta;Electro Quesda, S.L;9771,16;https://contrataciondelestado.es/wps/poc?uri=deeplink:detalle_licitacion&idEvl=FhB0jBRFxWTyoM4us5k4vw%3D%3D
Contratos menores;Instalación de 2 puertas acorazadas de seguridad en unidades de la Comandancia de la Guardia Civil de Huesca;Comandancia Guardia Civil de Huesca;obras;Resuelta;RB SECUR-LOCK SYSTEMS S.L.L.;9719;https://contrataciondelestado.es/wps/poc?uri=deeplink:detalle_licitacion&idEvl=uwpOnU6V8Js7%2B9FIQYNjeQ%3D%3D
Contratos menores;Señalización del nuevo edificio de la Policía Municipal VIOGEN.;Alcaldía del Ayuntamiento de Zamora;servicios;Resuelta;ALTO EL FUEGO, S.L.;9587;https://contrataciondelestado.es/wps/poc?uri=deeplink:detalle_licitacion&idEvl=MFCHiK7S2Id6nTs9LZ9RhQ%3D%3D
Contratos menores;Suministro e instalación de un quemador de gasóleo para una caldera ubicada en el Hospital Mateu Orfila del Área de Salud de Menorca.;Servicio de Salud de las Illes Balears;suministros;Resuelta;PROYECTOS DE AHORRO ENERGETICO, S.L.;9585,5;https://contrataciondelestado.es/wps/poc?uri=deeplink:detalle_licitacion&idEvl=dUTmXzH535OTylGzYmBF9Q%3D%3D
Contratos menores;servicio de impartición de los cursos del área oficios y mantenimiento, subárea obras públicas;Instituto Cántabro de Administración Pública Rafael de la Sierra;servicios;Resuelta;ANGEL MANUEL GANGOSO GUTIERREZ, Fundación Laboral de la Construcción en Cantabria;9575;https://contrataciondelestado.es/wps/poc?uri=deeplink:detalle_licitacion&idEvl=csNcm3BwfL4Xhk1FZxEyvw%3D%3D
Contratos menores;arrendamiento y mantenimiento de 2 ensobradoras;Gerencia de Asistencia Sanitaria de Segovia;suministros;Resuelta;INTIMUS INTERNACIONAL IBERICA S.A.U.;9572,5;https://contrataciondelestado.es/wps/poc?uri=deeplink:detalle_licitacion&idEvl=%2FCDNbwU56vJeKgd8LfVV9g%3D%3D
Contratos menores;Cursos de restauración de muebles U.P. 2026/2027;Alcaldía del Ayuntamiento de Valdepeñas;servicios;Resuelta;OSCAR PATÓN TENORIO;9517;https://contrataciondelestado.es/wps/poc?uri=deeplink:detalle_licitacion&idEvl=qHvyUjqn30tJ8Trn0ZPzLw%3D%3D
Contratos menores;"Contrato menor de Obras, consistente en: ""Mejora de zona verde de calle Pintor Isidro Parra"", dentro de los presupuestos participativos 2026.";Concejalía Delegada de Contratación del Ayuntamiento de Alcázar de San Juan;obras;Resuelta;VALVILOR, S.L.;9516;https://contrataciondelestado.es/wps/poc?uri=deeplink:detalle_licitacion&idEvl=M0EPlERjes%2Fs%2BnLj3vAg5A%3D%3D
Contratos menores;Asistencia técnica para la revisión y mantenimiento de la RPT vigente;Alcaldía del Ayuntamiento de Arroyomolinos;servicios;Resuelta;NUEVOS TIEMPOS CONSULTORES, S.L.;9500;https://contrataciondelestado.es/wps/poc?uri=deeplink:detalle_licitacion&idEvl=5e2SqnPNBZ6dkQsA7ROvsg%3D%3D
Contratos menores;Contrato para actuación del grupo Nuevo Mester de Juglaría el 24 de octubre de 2026 con motivo de Fiestas de San Frutos;Alcaldía del Ayuntamiento de Segovia;privado;Resuelta;NUEVO MESTER DE JUGLARIA SL;9500;https://contrataciondelestado.es/wps/poc?uri=deeplink:detalle_licitacion&idEvl=DZKKHPdbDJ9QFSeKCRun4Q%3D%3D
Contratos menores;Escaneado, generación de un modelo tridimensional y exportación de la nube de puntos en formato compatible con programas para simulaciones lumínicas, de la Neocueva del Museo Nacional y Centro de Investigación de Altamira en Santillana del Mar (Cantabria);Gerencia de Infraestructuras y Equipamientos de Cultura O.A;servicios;Resuelta;VICVAL PROTEINCO S.L.;9500;https://contrataciondelestado.es/wps/poc?uri=deeplink:detalle_licitacion&idEvl=m6kUdsjMZLUS7pcxhTeWOg%3D%3D
Contratos menores;Suministro y colocación de cerramiento mediante malla de simple torsión plastificada en verde, para delimitar zonas de esparcimiento animal;Alcaldía del Ayuntamiento de Arroyomolinos;suministros;Resuelta;INTERAMERICANA DE CERCADOS Y CONSTRUCCIONES, S.L.;9490;https://contrataciondelestado.es/wps/poc?uri=deeplink:detalle_licitacion&idEvl=Lh3G567BS%2BbE6P%2FuLemXRw%3D%3D
Contratos menores;Contrato menor de obras de reposición de instalación de alumbrado público robada en diferentes zonas del Municipio;Alcaldía del Ayuntamiento de Riotuerto (Cantabria);obras;Resuelta;INSTALACIONES ELÉCTRICAS RIMER, S.L.;9440;https://contrataciondelestado.es/wps/poc?uri=deeplink:detalle_licitacion&idEvl=ny8MfV5HxbN6nTs9LZ9RhQ%3D%3D
Contratos menores;Suministro e instalación aires acondicionados;Jefatura de Intendencia de Asuntos Económicos Oeste;suministros;Resuelta;HOTZ ARTE, S.L.;9439;https://contrataciondelestado.es/wps/poc?uri=deeplink:detalle_licitacion&idEvl=FA2nICQ87XPpxJFXpLZ%2B2A%3D%3D
Contratos menores;4 anuncios (159 mm alto x 260 mm ancho), color,sin ubicación preferente, de lunes a sábado y Cinta fija (999 x 60px) + cinta fija versión móvil (320x100px), en la portada de la edición digital.;Consejería de Agricultura, Ganadería, Medio Rural y Política Ambiental de la Junta de Castilla y León;servicios;Resuelta;GRUPO DE COMUNICACIÓN PROMECAL, S.L.;9338,84;https://contrataciondelestado.es/wps/poc?uri=deeplink:detalle_licitacion&idEvl=%2BYLa1kM1KvL10HRJw8TEnQ%3D%3D
Contratos menores;CM (2026-9-68) Para la adquisición de 1 motor maxilofacial, destinado al nuevo Edificio Polivalente de la GAIAB, en el marco del Plan Director.;Gerencia de Atención Integrada de Albacete;suministros;Resuelta;Maffinter Med, S.A.;9253;https://contrataciondelestado.es/wps/poc?uri=deeplink:detalle_licitacion&idEvl=rj7ms44Yh0T%2B3JAijKO%2Bkg%3D%3D
Contratos menores;Contrato menor de servicios para el diseño y montaje de iluminación navideña 2026-2027 de la casa del reloj del Distrito de Arganzuela;Distrito de Arganzuela;servicios;Resuelta;ILUSQUER, S.L.;9250;https://contrataciondelestado.es/wps/poc?uri=deeplink:detalle_licitacion&idEvl=d7ou5m%2BlbBk%2B1TMyIiZmzw%3D%3D
Contratos menores;Servicio de actualización del inventario municipal;Alcaldia del Ayuntamiento de Rafelbunyol;servicios;Resuelta;G.S. LOCAL, S.L;9250;https://contrataciondelestado.es/wps/poc?uri=deeplink:detalle_licitacion&idEvl=Q4RbAnHti6Tua%2Fi14w%2FPLA%3D%3D
Contratos menores;Servicio del técnico de sonido e iluminación del Auditorio Municipal de Corralejo, para los meses desde Julio a Diciembre 2026.;Junta de Gobierno del Ayuntamiento de La Oliva;servicios;Resuelta;MUSICALSI FUERTEVENTURA S.L.;9200;https://contrataciondelestado.es/wps/poc?uri=deeplink:detalle_licitacion&idEvl=tnzFp6NNPEmkU02jNGj1Fw%3D%3D
Contratos menores;5 anuncios (138,6 mm alto x 253,8 mm ancho), color, página impar, de lunes a sábado y Banner (300 x 600px), en la edición digital.;Consejería de Agricultura, Ganadería, Medio Rural y Política Ambiental de la Junta de Castilla y León;servicios;Resuelta;EL DIARIO DE LEON, S.A.;9173,55;https://contrataciondelestado.es/wps/poc?uri=deeplink:detalle_licitacion&idEvl=1xGeDbQtX%2F%2BTylGzYmBF9Q%3D%3D
Contratos menores;"2018AYM2059S - C.M. - TEAR - Suministro de ventiladores industriales para la Brigada de Infantería de Marina Tercio de Armada ""TEAR"".";Intendente de San Fernando;suministros;Resuelta;LUIS ACUÑA PAREDES;9100;https://contrataciondelestado.es/wps/poc?uri=deeplink:detalle_licitacion&idEvl=mivYaYpMHf5LAIVZdUs8KA%3D%3D
Contratos menores;Contrato menor de servicio de seguro de accidentes para personal docente;Escuela Balear de Administración Pública (EBAP);servicios;Resuelta;Previsión Baleares, MPS;9030;https://contrataciondelestado.es/wps/poc?uri=deeplink:detalle_licitacion&idEvl=MPlDxULcxU4tm4eBPtV6eQ%3D%3D
Contratos menores;Servicio extraordinario de mantenimiento integral de instalaciones;Dirección General de la Fundación EOI;servicios;Resuelta;AMBITESA GESTIÓN DE SERVICIOS, S.L.;9000;https://contrataciondelestado.es/wps/poc?uri=deeplink:detalle_licitacion&idEvl=mXcn4wieqLHN3k3tjedSGw%3D%3D
Contratos menores;Suministro de 250 fundas de armas;Dirección del Servicio de Gestión Económica de la Agencia Estatal de la Administración Tributaria;suministros;Resuelta;SABORIT INTERNATIONAL SL;9000;https://contrataciondelestado.es/wps/poc?uri=deeplink:detalle_licitacion&idEvl=yDlY%2FWMCkShPpzdqOdhuWg%3D%3D
Contratos menores;"Contratación actuación El Palermasso ""Yo creo que salimos""";Alcaldia del Ayuntamiento de Umbrete;servicios;Resuelta;16 ESCALONES PRODUCCIONES SL;9000;https://contrataciondelestado.es/wps/poc?uri=deeplink:detalle_licitacion&idEvl=9GAagPcMzT29Hd5zqvq9cg%3D%3D
Contratos menores;Sustitución de la Caldera de agua caliente sanitaria, Unidad de Servicios del Acuartelamiento General Arroquia, Salamanca.;Jefatura de Intendencia de Asuntos Económicos Oeste;obras;Resuelta;SERVICLIMA INGENIERIA E INSTALACIONES, S.L;8998;https://contrataciondelestado.es/wps/poc?uri=deeplink:detalle_licitacion&idEvl=UagNfe6pz%2BzIGlsa0Wad%2Bw%3D%3D
Contratos menores;servicio de organización del torneo de fútbol San Bartolomé;Alcaldía del Ayuntamiento de San Bartolomé de Lanzarote;servicios;Resuelta;ATD GLOBAL MUSIC SERVICES SL;8995;https://contrataciondelestado.es/wps/poc?uri=deeplink:detalle_licitacion&idEvl=%2Bw62W9P3nhUXhk1FZxEyvw%3D%3D
Contratos menores;Servicios de redacción proyectos y EBSS (Instruc.Diputación) Alumbrado: Campo Fútbol, Frontón y Cancha Pelota Val.;Alcaldía del ayuntamiento de Benifaió;servicios;Resuelta;PERPIÑA PROYECTOS SL;8955;https://contrataciondelestado.es/wps/poc?uri=deeplink:detalle_licitacion&idEvl=Eldb0g7ldWjE6P%2FuLemXRw%3D%3D
Contratos menores;carrera de caballos por las fiestas patronales de San Bartolomé 2026;Alcaldía del Ayuntamiento de San Bartolomé de Lanzarote;servicios;Resuelta;CLUB DEPORTIVO HÍPICO CALDERA HONDA;8950;https://contrataciondelestado.es/wps/poc?uri=deeplink:detalle_licitacion&idEvl=uMuLiSM9va9rhBlEHQFSKA%3D%3D
Contratos menores;"Servicio de mantenimiento-saneamiento de la red de agua del bloque ""C"" del inmueble de la Guardia Civil de Roses (Girona).";Comandancia Guardia Civil de Girona;servicios;Resuelta;EMPORDAQUA-2016, S.L;8900;https://contrataciondelestado.es/wps/poc?uri=deeplink:detalle_licitacion&idEvl=7zdu2XTAIeB%2BF6L2uCfUWg%3D%3D
Contratos menores;Obras de Obra, reparación de climatización, aire acondicionado, electricidad, calefacción, protección contra incendios, ascensores, fachada, cubierta, etc. rótulos, vinilos, parquet. (nueva instalación, cambio o modifica;Director Gerente de FREMAP;obras;Resuelta;ORONA SOCIEDAD COOPERATIVA;8781,01;https://contrataciondelestado.es/wps/poc?uri=deeplink:detalle_licitacion&idEvl=KwW%2BmP%2BKT%2BI2wEhQbcAqug%3D%3D
Contratos menores;"Adjudicación de contrato menor de servicios de ""Iluminación extraordinaria con motivo de las Fiestas en Honor a la Virgen del Remedio 2026""";Junta de Gobierno Local del Ayuntamiento de San Fulgencio;servicios;Resuelta;LUZORMUR ILUMINACIONES ARTISTICAS;8740;https://contrataciondelestado.es/wps/poc?uri=deeplink:detalle_licitacion&idEvl=kjYuHHfSuuAZDGvgaZEVxQ%3D%3D
Contratos menores;Mantenimiento de los equipos del Servicio de Espectrometría de Masas AmaZon SL;Gerencias de los Institutos de la Agencia Estatal Consejo Superior de Investigaciones Científicas;servicios;Resuelta;BRUKER ESPAÑOLA, S.A.;8730;https://contrataciondelestado.es/wps/poc?uri=deeplink:detalle_licitacion&idEvl=PWuljTeXGgx%2FP7lJ7Fu0SA%3D%3D
Contratos menores;Castillo de fuegos artificiales de Inauguración y clausura de la Feria de Marchena 2026;Alcaldía del Ayuntamiento de Marchena;servicios;Resuelta;Pirotecnia San Bartolomé S.L;8700;https://contrataciondelestado.es/wps/poc?uri=deeplink:detalle_licitacion&idEvl=W3IZnQAA0BZt5r0ngvMetA%3D%3D
Contratos menores;Adquisición de silla de baño eléctrica;Delegación Provincial de la Consejería de Bienestar Social en Toledo;suministros;Resuelta;ARJO IBERIA, S.L.;8682,77;https://contrataciondelestado.es/wps/poc?uri=deeplink:detalle_licitacion&idEvl=Avkob2euQcEwYTJJ03sHog%3D%3D
Contratos menores;Acc. Punt. de public. de promoción de la CC.AA de CyL, con la publicación de banners en el Especial que sobre “Universidad en Castilla y León” va a realizar el digital El Español – Noticias de Castilla y León.;Consejería de la Presidencia de la Junta de Castilla y León;servicios;Resuelta;El León de El Español Publicaciones, S.A.;8678;https://contrataciondelestado.es/wps/poc?uri=deeplink:detalle_licitacion&idEvl=ACtkJM3eB%2F6opEMYCmrbmw%3D%3D
Contratos menores;Limpieza de pintadas de las fachadas de los centros del Campus de Álava;Rectorado de la Universidad del País Vasco;servicios;Resuelta;CONSTRUCCIONES Y CONTRATAS ARTS S.L.;8650,14;https://contrataciondelestado.es/wps/poc?uri=deeplink:detalle_licitacion&idEvl=GhylHBeC%2BGScCF8sV%2BqtYA%3D%3D
Contratos menores;Un ordenador MacBook y dos ordenadores de sobremesa i9 para el Instituto de Agroquímica y Tecnología de Alimentos (IATA-CSIC);Gerencias de los Institutos de la Agencia Estatal Consejo Superior de Investigaciones Científicas;suministros;Resuelta;Inforcode S.L.;8619,59;https://contrataciondelestado.es/wps/poc?uri=deeplink:detalle_licitacion&idEvl=Rt2VaptDkcImMOlAXxDEjw%3D%3D
Contratos menores;Constituye el objeto del contrato la prestación del servicio de participación presencial y conjunta de Juan Luis Arsuaga y Juan José Millás en el evento “Palabras Mayores”, promovido por la Secretaría General de Cultura en el marco del Plan de Fomento de la Lectura en Extremadura, que tendrá lugar en el Teatro Romano de Mérida el día 1 de octubre de 2026.;Consejería de Cultura, Turismo y Deportes;servicios;Resuelta;PENGUIN RANDOM HOUSE GRUPO EDITORIA;8600;https://contrataciondelestado.es/wps/poc?uri=deeplink:detalle_licitacion&idEvl=nLsIjVcygFPE6P%2FuLemXRw%3D%3D
Contratos menores;El objeto de la presente propuesta es la sustitución integral de los 27 lucernarios deteriorados del Parque de Bomberos de Elche por unas nuevas estructuras de policarbonato de 2 paredes.;Presidencia Delegada del Consorcio Provincial para el Servicio de Prevención y Extinción de Incendios y Salvamento de Alicante;suministros;Resuelta;FERRETERIA INDUSTRIAL CARRUS, S.L.;8579;https://contrataciondelestado.es/wps/poc?uri=deeplink:detalle_licitacion&idEvl=ZcC51PCuuKxVkTabT%2FRM8A%3D%3D
Contratos menores;Suministro e instalación de un truss en el centro intergeneracional ouka leele del Distrito de Arganzuela;Distrito de Arganzuela;suministros;Resuelta;CHEMTROL DIVISION TEATRO, S.A.;8546,4;https://contrataciondelestado.es/wps/poc?uri=deeplink:detalle_licitacion&idEvl=4pblPuaf3DvVGIpKDxgsAQ%3D%3D
Contratos menores;servicio para la coordinación de las actividades de seguridad y salud para el desarrollo de actuaciones de mantenimiento, conservación y restauración ambiental en márgenes y cauces de dominio público hidráulico en el ámbito geográfico de la Confederación Hidrográfica del Cantábrico O.A.;Presidencia de la Confederación Hidrográfica del Cantábrico;servicios;Resuelta;TÉCNICA Y PROYECTOS S.A.;8500;https://contrataciondelestado.es/wps/poc?uri=deeplink:detalle_licitacion&idEvl=ndjYejHiiMLgL1BHd3qjQA%3D%3D
Contratos menores;Muro en San Pedro de Batalláns;Alcaldía del Ayuntamiento de As Neves;obras;Resuelta;LOTICA CONDADO SL;8471,25;https://contrataciondelestado.es/wps/poc?uri=deeplink:detalle_licitacion&idEvl=SSFQLUFADeJSYrkJkLlFdw%3D%3D
Contratos menores;Tratamiento fitosanitario contra la procesionaria del pino, en diversas zonas públicas del municipio de Manilva.;Alcaldía del Ayuntamiento de Manilva;servicios;Resuelta;Antonio Carretero Gutiérrez;8444,89;https://contrataciondelestado.es/wps/poc?uri=deeplink:detalle_licitacion&idEvl=Q8K1gtvBdNd4zIRvjBVCSw%3D%3D
Contratos menores;Obras de Obra, reparación de climatización, aire acondicionado, electricidad, calefacción, protección contra incendios, ascensores, fachada, cubierta, etc. rótulos, vinilos, parquet. (nueva instalación, cambio o modifica;Director Gerente de FREMAP;obras;Resuelta;CONSTRUCCIONES NOGEREY SL;8444,6;https://contrataciondelestado.es/wps/poc?uri=deeplink:detalle_licitacion&idEvl=49yMNYmDLXFVYjgxA4nMUw%3D%3D
Contratos menores;Servicio de impermeabilizacionde la cubierta del edificio de oficinas de la terminal de transporte de mercancias de irun;ADIF - Presidencia;servicios;Resuelta;Raices Termicas SL;8403,6;https://contrataciondelestado.es/wps/poc?uri=deeplink:detalle_licitacion&idEvl=jXu4%2B9hMBepPpzdqOdhuWg%3D%3D
Contratos menores;Adquisición de taquillas y sillas de oficina y confidente para las unidades dependientes de la Guardia Civil de Salamanca;Comandancia Guardia Civil de Salamanca;suministros;Resuelta;EL SECRETARIO S.L.;8346,04;https://contrataciondelestado.es/wps/poc?uri=deeplink:detalle_licitacion&idEvl=uoPAHRDYT%2FfLIx6q1oPaMg%3D%3D
Contratos menores;tratamiento de prevención y control de la legionella edificios públicos;Alcaldía del Ayuntamiento de Huéscar;servicios;Resuelta;ATHISA MEDIO AMBIENTE S.A.U;8338,73;https://contrataciondelestado.es/wps/poc?uri=deeplink:detalle_licitacion&idEvl=TjplGVaLkoni0Kd8%2Brcp6w%3D%3D
Contratos menores;Suministro y montaje tarima y rodapié de la Biblioteca;Dirección General de la Fundación EOI;suministros;Resuelta;SOLUASFALT, S.L.;8320;https://contrataciondelestado.es/wps/poc?uri=deeplink:detalle_licitacion&idEvl=pn0iYzIR%2FNHpxJFXpLZ%2B2A%3D%3D
Contratos menores;Suministro en régimen de alquiler de material sonido, iluminación, pantalla led y backline;Junta de Gobierno del Ayuntamiento de La Oliva;suministros;Resuelta;MARAUDIO CANARIAS, S.L;8300;https://contrataciondelestado.es/wps/poc?uri=deeplink:detalle_licitacion&idEvl=GPchegY7w%2BAQyBAnWzHfCg%3D%3D
Contratos menores;Contrato de servicios para el asesoramiento, la consultoria y la redacción en la participación de proyectos europeos de financiación directa: ERASMUS, CERV.;Alcaldía del Ayuntamiento de Llaurí;servicios;Resuelta;EU LOCAL AFFAIRS SL;8264,46;https://contrataciondelestado.es/wps/poc?uri=deeplink:detalle_licitacion&idEvl=8pb%2FT6S7nbImMOlAXxDEjw%3D%3D
Contratos menores;Suministro e instalación de toldo para el establecimiento Multiservicio Rural de Jatiel.;Alcaldía del Ayuntamiento de Jatiel;suministros;Resuelta;ALUCASPE;8264;https://contrataciondelestado.es/wps/poc?uri=deeplink:detalle_licitacion&idEvl=n6HipFvTfLpVkTabT%2FRM8A%3D%3D
Contratos menores;Renovación gimnasio Policía Local de Ciudad Real;Junta de Gobierno del Ayuntamiento de Ciudad Real;suministros;Resuelta;VITAL GROUP FN S.L;8263,75;https://contrataciondelestado.es/wps/poc?uri=deeplink:detalle_licitacion&idEvl=K39GxB2hlbUQyBAnWzHfCg%3D%3D
Contratos menores;Recogida de biorresiduos;Alcaldía del Concello de Foz;servicios;Resuelta;HALLKUSS CORPORATION SL;8255,94;https://contrataciondelestado.es/wps/poc?uri=deeplink:detalle_licitacion&idEvl=Z8m0WapyGkE2wEhQbcAqug%3D%3D
Contratos menores;Suministro de accesorios para el tractor municipal. Ayuntamiento de Arganda del Rey.;Alcaldía del Ayuntamiento de Arganda del Rey;suministros;Resuelta;GUILLERMO GARCIA MUÑOZ, S.L.;8250;https://contrataciondelestado.es/wps/poc?uri=deeplink:detalle_licitacion&idEvl=ENxu608d1CrE6P%2FuLemXRw%3D%3D
Contratos menores;Servicio de colocación de 43 bancos y 20 papeleras en el Parque de las Familias de Mojácar.;Junta de Gobierno Local del Ayuntamiento de Mojácar;servicios;Resuelta;MOSQUITO KILLER SL;8250;https://contrataciondelestado.es/wps/poc?uri=deeplink:detalle_licitacion&idEvl=CWGiF4EUfy6sNfRW6APEDw%3D%3D
Contratos menores;Adecuación de la instalación de riego en diferentes zonas del Campus de Burjassot.;Rectorado de la Universitat de València;obras;Resuelta;QUALITAS OBRAS SERVICIOS E INGENIERÍA SL;8210;https://contrataciondelestado.es/wps/poc?uri=deeplink:detalle_licitacion&idEvl=XU8w1zbvgU%2BS81gZFETWmA%3D%3D
Contratos menores;"26O089DGC Colocación de rejilla perimetral de patio interior en el I.E.S. ""Cuatro Caminos"" de Don Benito";Consejería de Educación, Ciencia y Formación Profesional;obras;Resuelta;AVAQUS EMERITA SL;8155;https://contrataciondelestado.es/wps/poc?uri=deeplink:detalle_licitacion&idEvl=IcMa2cqQSCnN3k3tjedSGw%3D%3D
Contratos menores;3 anuncios (124 mm. alto x 203 mm. ancho) color, impar, en la primera mitad del periódico y cualquier día semana y Robapáginas doble (300 x 600 px) para publicar en rotación en todo el site, en la edición digital;Consejería de Agricultura, Ganadería, Medio Rural y Política Ambiental de la Junta de Castilla y León;servicios;Resuelta;GRUPO PROMOTOR SALMANTINO, S.A.;8099,17;https://contrataciondelestado.es/wps/poc?uri=deeplink:detalle_licitacion&idEvl=1rnorZxPKeM7%2B9FIQYNjeQ%3D%3D
Contratos menores;Formación sobre aplicación Universitas: Módulos Expediente Administrativo, Económico y Gestión de la Formación;Rectorado de la Universidad Internacional de Andalucía;servicios;Resuelta;UNIVERSITAS XXI SOLUCIONES Y TECNOLOGIA PARA LA UNIVERSIDAD, S.A.;8073;https://contrataciondelestado.es/wps/poc?uri=deeplink:detalle_licitacion&idEvl=mTEEzNF0bKJxseVhcqrkhw%3D%3D
Contratos menores;Redacción de proyecto técnico, dirección de obra y coordinación de seguridad y salud para almacén y cubierta exterior campo de fútbol Chano Cruz;Presidencia del Instituto Municipal para la Promoción de la Actividad Física y el Deporte del Ayuntamiento de Las Palmas de Gran Canaria;servicios;Resuelta;PEREZ TAMAYO, MANUEL;8000;https://contrataciondelestado.es/wps/poc?uri=deeplink:detalle_licitacion&idEvl=zPOoITNEc7nXOjazN1Dw9Q%3D%3D
Contratos menores;Serveis d allotjament, manteniment i suport tècnic de la plataforma Moodle de l Institut d'Estudis Baleàrics;Institut d'Estudis Baleàrics;servicios;Resuelta;THINKUPC, S.L.;8000;https://contrataciondelestado.es/wps/poc?uri=deeplink:detalle_licitacion&idEvl=foTV2lPDEjy2gkLQ8TeYKA%3D%3D
Contratos menores;Contrato de servicios de Edición de un monográfico sobre la Red de Caminos Carpetania en editorial o publicación especializada en senderismo, montaña y turismo activo.;Presidencia de la Mancomunidad de Servicios del Valle Norte del Lozoya;servicios;Resuelta;EDICIONES DESNIVEL, S.L.;8000;https://contrataciondelestado.es/wps/poc?uri=deeplink:detalle_licitacion&idEvl=Ag3OI590a4aIzo3LHNPGcQ%3D%3D
Contratos menores;"Servicio de organización del Torneo Internacional de Fútbol Femenino ""Campeonas CUP"" celebrado durante los días 26 al 28 de junio de 2026.";Junta de Gobierno Local del Ayuntamiento de Alicante;servicios;Resuelta;Sporting Plaza de Argel Club de Fútbol;8000;https://contrataciondelestado.es/wps/poc?uri=deeplink:detalle_licitacion&idEvl=qA5cAYoelKqLAncw3qdZkA%3D%3D
Contratos menores;20 Talleres educación ambiental;Presidencia de la Comarca de Cinco Villas;servicios;Resuelta;VIVES LAMPEREZ , ALVARO;8000;https://contrataciondelestado.es/wps/poc?uri=deeplink:detalle_licitacion&idEvl=gJz9ObtsY0eIzo3LHNPGcQ%3D%3D
Contratos menores;Servicio de monitor de comedor del Colegio Público de Pueyo de Santa Cruz, curso 2026-2027;Alcaldía del Ayuntamiento de Pueyo de Santa Cruz;servicios;Resuelta;GRUPO FORMATIVO;8000;https://contrataciondelestado.es/wps/poc?uri=deeplink:detalle_licitacion&idEvl=I3xtgQgxRZizz8fXU2i3eQ%3D%3D
Contratos menores;Servicio de gestión, seguimiento y apoyo en la contratación pública de las actuaciones promovidas por el Ayuntamiento de Noalejo, en el marco del Real Decreto Ley 5/2026, de 17 de febrero, por el que se adoptan medidas urgentes en respuesta a los daños causados por diversos fenómenos meteorológicos adversos, de especial afectación en las comunidades autónomas de Andalucía y Extremadura;Alcaldía del Ayuntamiento de Noalejo;servicios;Resuelta;GRUPO CONSULE S.L.;8000;https://contrataciondelestado.es/wps/poc?uri=deeplink:detalle_licitacion&idEvl=ZotbHfM2i8c3vLk2DU2Ddg%3D%3D
Contratos menores;adqusicion de tres cajones dispensadores de medicacion;Gerencia de Asistencia Sanitaria del Bierzo;suministros;Resuelta;BECTON DICKINSON S.A.;8000;https://contrataciondelestado.es/wps/poc?uri=deeplink:detalle_licitacion&idEvl=oY222rOaQEM2wEhQbcAqug%3D%3D
Contratos menores;Renovación de la suscripción de la Base de Datos NEO/MEMENTOS;Secretaría General Técnica del Ministerio de Hacienda;suministros;Resuelta;LEFEBVRE-EL DERECHO SA;7984,22;https://contrataciondelestado.es/wps/poc?uri=deeplink:detalle_licitacion&idEvl=vR8Mws4M9ZZ4zIRvjBVCSw%3D%3D
Contratos menores;Instalación de dos capturaderos para el control y captura de jabalís en el término municipal de Alzira;Alcaldía del Ayuntamiento de Alzira;servicios;Resuelta;IBÉRICA CONTROL Y CAPTURAS, SLU;7970;https://contrataciondelestado.es/wps/poc?uri=deeplink:detalle_licitacion&idEvl=%2BlZ1lBcgb%2Fp9PLkba5eRog%3D%3D
Contratos menores;CM Obra reparación desperfectos del tren de borrascas en terraza de la RMASD Rivera Jerez de la Frontera (Cádiz);Jefatura de Intendencia de Asuntos Económicos Sur;obras;Resuelta;servicios integrales gajimsa;7905,14;https://contrataciondelestado.es/wps/poc?uri=deeplink:detalle_licitacion&idEvl=h9gGKXs8TpjzAq95uGTrDQ%3D%3D
Contratos menores;"""Contrato menor para la adquisición de sillas de oficina para el Distrito de Moratalaz""";Distrito de Moratalaz;suministros;Resuelta;PAPEL CONTINUO RASAL, S.L.;7905;https://contrataciondelestado.es/wps/poc?uri=deeplink:detalle_licitacion&idEvl=zqJi%2Fpixh21J8Trn0ZPzLw%3D%3D
Contratos menores;Contrato menor de suministro de merchandising contra la Violencia de Género Subvención Pacto de Estado 2026;Alcaldía del Ayuntamiento de Garrucha;suministros;Resuelta;ANTONIA AVILÉS PUERTAS;7904,6;https://contrataciondelestado.es/wps/poc?uri=deeplink:detalle_licitacion&idEvl=ZO0UPDaYTmmkU02jNGj1Fw%3D%3D
Contratos menores;CM 34/26 - SGEI. Apoyo técnico para la preparación, participación y seguimiento del SEPE en un TLD como Improver PES en Helsinki;Dirección General del Servicio Público de Empleo Estatal;servicios;Resuelta;ACCENTURE S.L.;7900;https://contrataciondelestado.es/wps/poc?uri=deeplink:detalle_licitacion&idEvl=WVktTcvkDM%2BIzo3LHNPGcQ%3D%3D
Contratos menores;Montaje y desmontaje Exposición Antológica del artista Antonio Pedrero;Diputación Provincial de Zamora;servicios;Resuelta;MUDANZAS Y GUARDAMUEBLES ZAMORA, S.L.;7900;https://contrataciondelestado.es/wps/poc?uri=deeplink:detalle_licitacion&idEvl=Jd2HOmtmDnS8ebB%2FXTwy0A%3D%3D
Contratos menores;"Renovación de los contenidos del centro de acogida de la villa romana de ""La Loma del Regadío"", de Urrea de Gaén, (Teruel).";Diputación Provincial de Teruel;servicios;Resuelta;GRAFIKOS AUDIOVISUAL E INFOGRAFÍA, S.L.U.;7882,45;https://contrataciondelestado.es/wps/poc?uri=deeplink:detalle_licitacion&idEvl=YIo7asWyxFtJ8Trn0ZPzLw%3D%3D
Contratos menores;Reposición de componentes averiados del sistema de climatización del Pabellón Deportivo Campo de la Juventud;Servicio Territorial de Cultura y Turismo de Palencia;suministros;Resuelta;SANMERITEC, SL;7869,82;https://contrataciondelestado.es/wps/poc?uri=deeplink:detalle_licitacion&idEvl=S2C%2B8QOsmyHIGlsa0Wad%2Bw%3D%3D
Contratos menores;Compra maqueta en escala h0 (Asociación Profesional de Técnicos de Bomberos).;Junta de Gobierno del Ayuntamiento de Murcia;suministros;Resuelta;ASOCIACIÓN PROFESIONAL DE TÉCNICOS DE BOMBEROS;7837,19;https://contrataciondelestado.es/wps/poc?uri=deeplink:detalle_licitacion&idEvl=KoTMTev8jt2cTfjQf3USOg%3D%3D
Contratos menores;servicio de impartición del curso 2026p02501 gestión de información geográfica con software arcgis pro;Instituto Cántabro de Administración Pública Rafael de la Sierra;servicios;Resuelta;ESRI ESPAÑA, SOLUCIONES GEOESPACIALES, S.L;7800;https://contrataciondelestado.es/wps/poc?uri=deeplink:detalle_licitacion&idEvl=X%2F%2FpWJZ1RjXXOjazN1Dw9Q%3D%3D
Contratos menores;"Campaña publicitaria ""CLM avanza en Educación""";Secretaría General de la Consejería de Educación, Cultura y Deportes de la Junta de Comunidades de Castilla-La Mancha;servicios;Resuelta;TANGENTE PUBLICIDAD, S.L.;7800;https://contrataciondelestado.es/wps/poc?uri=deeplink:detalle_licitacion&idEvl=ig1docwXusfpxJFXpLZ%2B2A%3D%3D
Contratos menores;Servicio envejecimiento activo Centro Asistencial Calatayud;Instituto Aragonés de Servicios Sociales (IASS);servicios;Resuelta;REHAVITAL SERVICIOS SOCIOSANITARIOS S.L.;7796;https://contrataciondelestado.es/wps/poc?uri=deeplink:detalle_licitacion&idEvl=EN8YPvyFqft6nTs9LZ9RhQ%3D%3D
Contratos menores;Suministro de material sanitario.;Jefatura de la Sección de Asuntos Económicos de la Unidad Militar de Emergencias;suministros;Resuelta;IBEROMED PRODUCTOS SANITARIOS S.L.;7751,75;https://contrataciondelestado.es/wps/poc?uri=deeplink:detalle_licitacion&idEvl=mkS3aOU7TBedkQsA7ROvsg%3D%3D
Contratos menores;"Suministro de material de iluminación para la plaza pública de La Oliva dentro del proyecto "" Un mundo de Fantasía"" a celebrar desde el 10 al 13 de diciembre de 2026";Junta de Gobierno del Ayuntamiento de La Oliva;servicios;Resuelta;DIELCA SA;7743,84;https://contrataciondelestado.es/wps/poc?uri=deeplink:detalle_licitacion&idEvl=rt3zMdakJcmzz8fXU2i3eQ%3D%3D
Contratos menores;El objeto del contrato es la prestación del servicio de digitalización del Fondo Histórico del Archivo Municipal de Villamanrique de la Condesa, con la finalidad de mejorar la conservación, organización, gestión, consulta y difusión de la documentación histórica municipal. La actuación comprende la digitalización de un total de 19.360 páginas correspondientes a Actas Capitulares y otros documentos encuadernados, debiendo realizarse los trabajos garantizando en todo momento la adecuada manipulación, integridad y preservación de los documentos originales. El servicio incluirá la generación de copias digitales de alta calidad, mediante la obtención de ficheros máster en formato TIFF y copias derivadas en formatos JPG y PDF/A, así como la asignación de los correspondientes metadatos y la entrega de los archivos digitales en los soportes de almacenamiento establecidos. La actuación se integra en el proyecto de mejora y digitalización del Archivo Municipal financiado mediante subvención concedida por la Diputación de Sevilla.;Alcaldía del Ayuntamiento de Villamanrique de la Condesa;servicios;Resuelta;VINFRA, S.A.;7730,45;https://contrataciondelestado.es/wps/poc?uri=deeplink:detalle_licitacion&idEvl=FJBg9CBWWD5Vq4S9zvaQpQ%3D%3D
Contratos menores;Suministro de camillas para salas de primeros auxilios y Desfibriladores Externos Automatizados (DEA).;Gerencia de Limpieza Pública y Protección Ambiental Sociedad Anónima Municipal (LIPASAM);suministros;Resuelta;RESITECH 2021 SL;7700;https://contrataciondelestado.es/wps/poc?uri=deeplink:detalle_licitacion&idEvl=Gx9FH33f%2BWXzAq95uGTrDQ%3D%3D
Contratos menores;(530029) Renovación/suscripción a distintas licencias de software para el TLP;Jefatura de la Sección Económico Administrativa 23 de la Base Aérea de Albacete;suministros;Resuelta;AGEDOS BUSINESS;7644,68;https://contrataciondelestado.es/wps/poc?uri=deeplink:detalle_licitacion&idEvl=sh0XPu5GCgp70UvEyYJSGw%3D%3D
Contratos menores;Reparación patrullero Toyota RAV4 1458NCD;Alcaldía del Ayuntamiento de La Rinconada;servicios;Resuelta;NIMO GORDILLO ALJARAFE, S.L.;7629,3;https://contrataciondelestado.es/wps/poc?uri=deeplink:detalle_licitacion&idEvl=iH1%2BPbAeFFPECtSnloz%2BZQ%3D%3D
Contratos menores;Suministro de material sanitario para el Centro Municipal de Acogida San Isidro.;Área de Gobierno de Políticas Sociales, Familia e Igualdad del Ayuntamiento de Madrid;suministros;Resuelta;UNIDIX CARE, S.L.;7627,96;https://contrataciondelestado.es/wps/poc?uri=deeplink:detalle_licitacion&idEvl=EJ8tFRy3lV1Vq4S9zvaQpQ%3D%3D
Contratos menores;13 cuñas de 20 segundos Informativos Regionales;Consejería de Agricultura, Ganadería, Medio Rural y Política Ambiental de la Junta de Castilla y León;servicios;Resuelta;RADIO POPULAR, S.A. - CADENA COPE;7603,3;https://contrataciondelestado.es/wps/poc?uri=deeplink:detalle_licitacion&idEvl=B%2Bx8K5UD1QDIGlsa0Wad%2Bw%3D%3D
Contratos menores;12 cuñas Programación Regional L-V;Consejería de Agricultura, Ganadería, Medio Rural y Política Ambiental de la Junta de Castilla y León;servicios;Resuelta;SOCIEDAD ESPAÑOLA DE RADIODIFUSIÓN S.L.U;7603,3;https://contrataciondelestado.es/wps/poc?uri=deeplink:detalle_licitacion&idEvl=RCWfNw1OH0fVGIpKDxgsAQ%3D%3D
Contratos menores;Acondicionamiento y ampliación de aseo para personas con movilidad reducida en las dependencias oficiales del Acuartelamiento de la Guardia Civil de Binéfar (Huesca).;Comandancia Guardia Civil de Huesca;obras;Resuelta;JEDACON CONTRATAS, S.L.;7518;https://contrataciondelestado.es/wps/poc?uri=deeplink:detalle_licitacion&idEvl=w5ATRxc1pM8mMOlAXxDEjw%3D%3D
Contratos menores;Redacción del Proyecto básico y de ejecución de ampliación de los vestuarios deportivos y anexos del Coliseum. Redacción de proyecto de arquitectura.;Concejalía Delegada de Vías Públicas, Licencias, Obras y Arquitectura del Ayuntamiento de Burgos;servicios;Resuelta;Made V. arquitectos S.L.P.;7500;https://contrataciondelestado.es/wps/poc?uri=deeplink:detalle_licitacion&idEvl=ThiHEqH4D4VrSd8H4b2soA%3D%3D
Contratos menores;Asistencia Técnica para el Plan de Artes Visuales 2026;Alcaldía del Ayuntamiento de La Rinconada;servicios;Resuelta;LA TRANSFORMADORA GESTORA DE ESPACIOS CULTURALES SOCIEDAD LIMITADA;7495;https://contrataciondelestado.es/wps/poc?uri=deeplink:detalle_licitacion&idEvl=fjNBugK0JzbkY6rls5tG9A%3D%3D
Contratos menores;Servicio de organización programa Tiatlón, destinado a menores en edad escolar de Alicante, del 1 de abril al 31 de mayo de 2026.;Junta de Gobierno Local del Ayuntamiento de Alicante;servicios;Resuelta;Club Atletismo Apolana;7450;https://contrataciondelestado.es/wps/poc?uri=deeplink:detalle_licitacion&idEvl=C8MgUuHhbgDjHF5qKI4aaw%3D%3D
Contratos menores;Impresión Libro de carteles turísticos en inglés;Subdirección General de Oficialía Mayor y Administración Financiera;servicios;Resuelta;SOLANA E HIJOS ARTES GRÁFICAS S.A.U.;7432;https://contrataciondelestado.es/wps/poc?uri=deeplink:detalle_licitacion&idEvl=LsDUEV%2BIagM7u6%2B%2FR7DUoA%3D%3D
Contratos menores;Pavimentación y asfaltado de firme en Calle de los Huertos de Valdesaz;Alcaldía del Ayuntamiento de Brihuega;obras;Resuelta;Propeal SA;7418,88;https://contrataciondelestado.es/wps/poc?uri=deeplink:detalle_licitacion&idEvl=2jhkg18xfNH%2B3JAijKO%2Bkg%3D%3D
Contratos menores;contrato de suministro para la fabricación e instalación de placas homenaje a personalidades relevantes de la cultura fallecidas en 2026;Área de Gobierno de Cultura, Turismo y Deporte;suministros;Resuelta;IMASD, CREACIONES ARTÍSTICAS, S.L.;7400;https://contrataciondelestado.es/wps/poc?uri=deeplink:detalle_licitacion&idEvl=6nFbZATCyNOqb7rCcv76BA%3D%3D
Contratos menores;"Servicio de prestación de una representación de la obra ""Invisible"" con motivo de los actos de celebración de la semana de los derechos de la infancia y adolescencia 2026";Junta de Gobierno del Ayuntamiento de Móstoles;servicios;Resuelta;FUNDACIÓN TEATRO LA JOVEN;7400;https://contrataciondelestado.es/wps/poc?uri=deeplink:detalle_licitacion&idEvl=1VmKac9Xs4lVYjgxA4nMUw%3D%3D
Contratos menores;CM Servicio apoyo a la impartición del Curso SEPE de pilotaje avanzado de sistemas aéreos no tripulados (Drones) RPAS profesional en edificaciones y obra civil, Acuartelamiento Montejaque (Ronda);Jefatura de Intendencia de Asuntos Económicos Sur;servicios;Resuelta;Puerto Barrosa drones S.L.;7400;https://contrataciondelestado.es/wps/poc?uri=deeplink:detalle_licitacion&idEvl=d5OR8S%2BFwackJPJS%2BPS9vg%3D%3D
Contratos menores;reparación goteras centro de salud san leonardo de yagüe plan priap 2026;Gerencia de Asistencia Sanitaria de Soria;obras;Resuelta;CONST.EL CHORDON S.L.;7395;https://contrataciondelestado.es/wps/poc?uri=deeplink:detalle_licitacion&idEvl=PVvqInmady%2FVGIpKDxgsAQ%3D%3D
Contratos menores;Contratación de 15 suscripciones digitales periódicos Levante - EMV y Las Provincias;Concejalía Delegada del Ayuntamiento de Torrent;privado;Resuelta;Kiosko y Más Sociedad Gestora de la Plataforma Tecnológica, S.L;7331,24;https://contrataciondelestado.es/wps/poc?uri=deeplink:detalle_licitacion&idEvl=bxXXtKfyyhTzAq95uGTrDQ%3D%3D
Contratos menores;Representación de la obra teatral Pinacos, la otra mirada en el Auditorio de Guía de Isora, obra enmarcada en la red de espacios escénicos municipales(REEM).;Alcaldía del Ayuntamiento de Guía de Isora;privado;Resuelta;ANTONIA JASTER;7320;https://contrataciondelestado.es/wps/poc?uri=deeplink:detalle_licitacion&idEvl=1jf8zfMeW8aGCFcHcNGIlQ%3D%3D
Contratos menores;Honoraris redacció projecte i direcció obra projecte Millora abastiment i digitalització red municipal de Benassal;Alcaldía del Ayuntamiento de Benassal;servicios;Resuelta;ASSISTENCIA TECNICA GLOBAL ENGINYERS SLP;7318,84;https://contrataciondelestado.es/wps/poc?uri=deeplink:detalle_licitacion&idEvl=KuG7H9MnXGGcCF8sV%2BqtYA%3D%3D
Contratos menores;Contratación de Póliza de seguros de Daños Materiales en el patrimonio de la UNIA por 4 meses. En Anexo adjunto se especifican las coberturas.;Rectorado de la Universidad Internacional de Andalucía;servicios;Resuelta;MGS. SEGUROS Y REASEGUROS , S.A;7294,54;https://contrataciondelestado.es/wps/poc?uri=deeplink:detalle_licitacion&idEvl=6AEiwtXAtUF%2FP7lJ7Fu0SA%3D%3D
Contratos menores;Honorarios por la redacción del proyecto básico y de ejecución de la obra de Restauración de la Iglesia de San Esteban en Revillalcón;Pleno del Ayuntamiento de Salinillas de Bureba;servicios;Resuelta;DESARROLLOS URBANOS ARBAD, S.L.;7248,98;https://contrataciondelestado.es/wps/poc?uri=deeplink:detalle_licitacion&idEvl=bkD53XhqV3rE6P%2FuLemXRw%3D%3D
Contratos menores;Contrato menor de servicio para limpieza de ascensor panorámico en sede de Samur Social en Carrera de San Francisco,10;Área de Gobierno de Políticas Sociales, Familia e Igualdad del Ayuntamiento de Madrid;servicios;Resuelta;ACCES VERTICAL, S.L.;7200,52;https://contrataciondelestado.es/wps/poc?uri=deeplink:detalle_licitacion&idEvl=guyHVFU7q2g36J9Lctlsuw%3D%3D
Contratos menores;Contrato Menor Mixto de Suministro y Servicios para la Puesta a Disposición de 12 Añojas para la Celebración del Tentadero;Alcaldía del Ayuntamiento de Camas;suministros;Resuelta;ELIAS JESUS RAMOS VALLE;7200;https://contrataciondelestado.es/wps/poc?uri=deeplink:detalle_licitacion&idEvl=MDo5GLCkzQyHCIsjvJ3rhQ%3D%3D
Contratos menores;Adquisición de mobiliario para el JEMA.;Jefatura de la Sección Económico Administrativa 15 Agrupación del Cuartel General del Ejército del Aire;suministros;Resuelta;LOKI;7190,4;https://contrataciondelestado.es/wps/poc?uri=deeplink:detalle_licitacion&idEvl=CL5xqqliJYjzAq95uGTrDQ%3D%3D
Contratos menores;Suministro e instalación de un poste de información al viajero modelo MENIR en sustitución del poste A2836 excepto equipos electrónicos no afectados por el golpe.;Gerencia de Guaguas Municipales, S.A.;servicios;Resuelta;CAPMAR Sistemas de Información S.L.;7155;https://contrataciondelestado.es/wps/poc?uri=deeplink:detalle_licitacion&idEvl=kovn8h89PLVq1DdmE7eaXg%3D%3D
Contratos menores;Acc. Punt. de public. de promoción de la CC.AA de CyL, con la emisión de cuñas en la programación especial “Movilidad” que va a realizar es Radio CyL.;Consejería de la Presidencia de la Junta de Castilla y León;servicios;Resuelta;CASTILLA Y LEON RADIO, S.A.;7148,76;https://contrataciondelestado.es/wps/poc?uri=deeplink:detalle_licitacion&idEvl=QJHIWhLk%2BD1Vq4S9zvaQpQ%3D%3D
Contratos menores;Adquisición maquinaria de jardinería;Jefatura de Asuntos Económicos del Mando de Personal;suministros;Resuelta;A.J.J. STORES, S.A.;7094,41;https://contrataciondelestado.es/wps/poc?uri=deeplink:detalle_licitacion&idEvl=r64qx%2BbbPNs36J9Lctlsuw%3D%3D
Contratos menores;Baldeo de las calles del Municipio durante el verano;Alcaldía del Ayuntamiento de Navacerrada;servicios;Resuelta;PREZERO ESPAÑA, S.A.;7090;https://contrataciondelestado.es/wps/poc?uri=deeplink:detalle_licitacion&idEvl=9GIiUI38577gL1BHd3qjQA%3D%3D
Contratos menores;Servicio para la conservación y restauración de tres libros históricos pertenecientes al Archivo Municipal;Alcaldía del Ayuntamiento de Monachil;servicios;Resuelta;ROMINA DOMINGUEZ GARCIA;7066,12;https://contrataciondelestado.es/wps/poc?uri=deeplink:detalle_licitacion&idEvl=BXzZZAgyoUpJ8Trn0ZPzLw%3D%3D
Contratos menores;Redacción del proyecto técnico del acondicionamiento del camino Agualatente en el T.M. de San Bartolomé de Tirajana;Consejería de Área de Sector Primario, Soberanía Alimentaria y Seguridad Hídrica del Cabildo de Gran Canaria;servicios;Resuelta;JORGE ANDRES LORENZO RIERA;7000;https://contrataciondelestado.es/wps/poc?uri=deeplink:detalle_licitacion&idEvl=%2B1bYCAjHBN3ECtSnloz%2BZQ%3D%3D
Contratos menores;Proyecto Técnico Dirección de Obra y Coordinación de Seguridad y Salud para la remodelación de los vestuarios del Complejo Deportivo Vicente López Socas;Presidencia del Instituto Municipal para la Promoción de la Actividad Física y el Deporte del Ayuntamiento de Las Palmas de Gran Canaria;servicios;Resuelta;SARMIENTO CASTRO, SARA;7000;https://contrataciondelestado.es/wps/poc?uri=deeplink:detalle_licitacion&idEvl=s8%2BU01F%2FQ%2FlrSd8H4b2soA%3D%3D
Contratos menores;Contrato menor para el proceso de evaluación del plan de igualdad.;Empresa Municipal de Transportes de Madrid, S.A.;servicios;Resuelta;AUREN CONSULTORES S.P, S.L.P;7000;https://contrataciondelestado.es/wps/poc?uri=deeplink:detalle_licitacion&idEvl=D0lnCYqh7NSLAncw3qdZkA%3D%3D
Contratos menores;Nueve sesiones de parques infantiles, que se celebrarán del 1 al 5 de octubre en diferentes parques y plazas de nuestra Ciudad, con motivo de las Fiestas de San Saturio 2026;Alcaldía del Ayuntamiento de Soria;servicios;Resuelta;AMNEXIA 2.O, S.L.;6997;https://contrataciondelestado.es/wps/poc?uri=deeplink:detalle_licitacion&idEvl=B8%2FHteYCD9sS7pcxhTeWOg%3D%3D
Contratos menores;Servicio de retirada, transporte, destrucción y tratamiento de materiales para reciclaje de las exposiciones itinerantes descatalogadas del Instituto de las Mujeres O.A.;Instituto de las Mujeres;servicios;Resuelta;MUDANZAS LUIS LÓPEZ S.L;6990;https://contrataciondelestado.es/wps/poc?uri=deeplink:detalle_licitacion&idEvl=nuZXe2JYpFTs%2BnLj3vAg5A%3D%3D
Contratos menores;Servicio de traslados internos en Washington y organización de ofrenda floral en los actos que se celebrarán en homenaje a Bernardo de Gálvez en Washington;Concejalía Delegada del Área Específica de Turismo y Promoción de la Ciudad del Ayuntamiento de Málaga;servicios;Resuelta;EVENTO ORGANIZACION DE SERVICIOS PLENOS SL;6945;https://contrataciondelestado.es/wps/poc?uri=deeplink:detalle_licitacion&idEvl=bS2Q30HINmO5HQrHoP3G5A%3D%3D
Contratos menores;Reparación de vivienda sita en C/ Ciudad Jardín 23, de Fuente del Maestre.;Consejería de Infraestructuras, Transporte y Vivienda;obras;Resuelta;SERVIGEST 5.0 2019 SL;6938,43;https://contrataciondelestado.es/wps/poc?uri=deeplink:detalle_licitacion&idEvl=CvOBiMwO88n9pbnDwlaUlg%3D%3D
Contratos menores;Servicio de montaje, desmontaje y organización de torneos para fiestas de San Bartolomé 2026.;Alcaldía del Ayuntamiento de San Bartolomé de Lanzarote;servicios;Resuelta;GRUPO DE INVERSIONES Y SOLUCIONES GRINSO, SL;6899,2;https://contrataciondelestado.es/wps/poc?uri=deeplink:detalle_licitacion&idEvl=fq13tVEZGt9PpzdqOdhuWg%3D%3D
Contratos menores;Actividades extraescolares 2026 (Plan Corresponsables);Alcaldía del Ayuntamiento de Algorfa;concesión de servicios;Resuelta;FRANCISCO ANDRES MARIN IBAÑEZ;6884,68;https://contrataciondelestado.es/wps/poc?uri=deeplink:detalle_licitacion&idEvl=2j4a6tKMEiMZDGvgaZEVxQ%3D%3D
Contratos menores;Contrato menor de instalación eléctrica de caseta municipal para la Fiestas de San Miguel 2026 de Armilla;Alcaldía del Ayuntamiento de Armilla;obras;Resuelta;Iluminaciones Artísticas Maral, S.L.;6770;https://contrataciondelestado.es/wps/poc?uri=deeplink:detalle_licitacion&idEvl=NOqGdOt7HrIkJPJS%2BPS9vg%3D%3D
Contratos menores;Obras para sinalización horizontal e vertical na contorna do CEIP Reibón - Xunqueira;Junta de Gobierno Local del Ayuntamiento de Moaña;obras;Resuelta;SEÑALIZACIONES Y BALIZAMIENTOS DE GALICIA S.A.;6769,92;https://contrataciondelestado.es/wps/poc?uri=deeplink:detalle_licitacion&idEvl=bAyGJIgTGdfmnwcj%2BxbdTg%3D%3D
Contratos menores;obra de reparación de imperm. de cubierta c.s. el burgo de osma priap 2026;Gerencia de Asistencia Sanitaria de Soria;obras;Resuelta;CONST.EL CHORDON S.L.;6750;https://contrataciondelestado.es/wps/poc?uri=deeplink:detalle_licitacion&idEvl=lE0n0gCc2fvzAq95uGTrDQ%3D%3D
Contratos menores;Servicio de desbrozamiento;Jefatura de la Sección Económico Administrativa 23 de la Base Aérea de Albacete;servicios;Resuelta;GRUPO DE SERVICIOS Y LOGISTICOS LOS GUARDIANES, S.L.;6709,09;https://contrataciondelestado.es/wps/poc?uri=deeplink:detalle_licitacion&idEvl=JRN13bsUo1N%2FP7lJ7Fu0SA%3D%3D
Contratos menores;"Dirección facultativa de las obras de renovación de los sistemas de climatización en los Centros de Salud ""Zona Norte - Cabrerizas"" y ""Zona Centro"" en la ciudad autónoma de Melilla";Dirección del Instituto Nacional de Gestión Sanitaria (INGESA);servicios;Resuelta;Juan José Flandes Cantón;6700;https://contrataciondelestado.es/wps/poc?uri=deeplink:detalle_licitacion&idEvl=%2BdAvVEdr0R8wYTJJ03sHog%3D%3D
Contratos menores;Servicio de poda CMCC Écija.;Subdirección General de Servicios Económicos y Pagadurías;servicios;Resuelta;NOVASERVICE UTILITIES, SOCIEDAD LIMITADA;6689,06;https://contrataciondelestado.es/wps/poc?uri=deeplink:detalle_licitacion&idEvl=fv6OfQl%2B23R%2FR5QFTlaM4A%3D%3D
Contratos menores;Cm-040-2026 seguro de responsabilidad civil, patrimonial y profesional de c-ifeca;Vicepresidencia de Institución Ferial de Cádiz IFECA;servicios;Resuelta;AXA AURORA VIDA, SOCIEDAD ANÓNIMA DE SEGUROS Y REASEGUROS;6660,93;https://contrataciondelestado.es/wps/poc?uri=deeplink:detalle_licitacion&idEvl=xvSi3jOMc%2BLXOjazN1Dw9Q%3D%3D
Contratos menores;Trabajos de pintado de paredes en Hogar del Pensionista como consecuencia de los daños producidos por el tren de borrascas de los meses de enero y febrero de 2026;Alcaldía del Ayuntamiento de Jérez del Marquesado;obras;Resuelta;Miguel Expósito Arredondo;6607,13;https://contrataciondelestado.es/wps/poc?uri=deeplink:detalle_licitacion&idEvl=cA%2FR28RDiXgzjChw4z%2FXvw%3D%3D
Contratos menores;Suministro de material publicitario para eventos de la Concejalía de Deportes;Alcaldía del Ayuntamiento de Guía de Isora;suministros;Resuelta;José Luis Díaz Ramos;6560;https://contrataciondelestado.es/wps/poc?uri=deeplink:detalle_licitacion&idEvl=xUyRnjC7Tw%2FIGlsa0Wad%2Bw%3D%3D
Contratos menores;Contratación servicios de alquiler curso l (SEPE),;Jefatura de Intendencia de Asuntos Económicos Oeste;suministros;Resuelta;DITEC DELINEACIÓN INFOGRAFÍA S.L.;6530;https://contrataciondelestado.es/wps/poc?uri=deeplink:detalle_licitacion&idEvl=evQlhdZSZxb%2Fa9DgO%2BoYKQ%3D%3D
Contratos menores;Z0804334a291 Contrato Menor Para La Adquisición De La Obra De Arte De Adrián Martínez Marí - Estructura 6.;Consejería de Cultura, Turismo y Deporte de la Comunidad Autónoma de Cantabria;suministros;Resuelta;MARTINEZ MARI, ADRIAN;6500;https://contrataciondelestado.es/wps/poc?uri=deeplink:detalle_licitacion&idEvl=IE0G5%2BqYjbB6nTs9LZ9RhQ%3D%3D
Contratos menores;Apeo y retirada de 4 chopos en arroyo de Castañuelo.;Alcaldía del Ayuntamiento de Aracena;servicios;Resuelta;DAVID LUCA DE TENA MARTIN;6442,26;https://contrataciondelestado.es/wps/poc?uri=deeplink:detalle_licitacion&idEvl=r48jzaEY5IsaF6cS8TCh%2FA%3D%3D
Contratos menores;Refuerzo estructural y reparaciones;Dirección Provincial de Educación en Segovia;obras;Resuelta;OPYSER URBANIZACION Y OBRA PUBLICA SL;6437,98;https://contrataciondelestado.es/wps/poc?uri=deeplink:detalle_licitacion&idEvl=YsavZ2sTbYGcTfjQf3USOg%3D%3D
Contratos menores;Contratación de la actuación musical del Grupo Solosaxo así como disco móvil con Dj para la festividad de San Lucas en Hoznayo.;Alcaldía del Ayuntamiento de Entrambasaguas;servicios;Resuelta;DIEGO MAZCUÑAN TORRELLA;6400;https://contrataciondelestado.es/wps/poc?uri=deeplink:detalle_licitacion&idEvl=LsHGQHAC3g6GCFcHcNGIlQ%3D%3D
Contratos menores;Contrato menor de voluntariado albergue juvenil 2026.;Alcaldía del Ayuntamiento de Lumbreras;servicios;Resuelta;Rafael Loyo Ezquerro;6363;https://contrataciondelestado.es/wps/poc?uri=deeplink:detalle_licitacion&idEvl=4ToW8%2FSAVP6KeVWTb9Scog%3D%3D
Contratos menores;Montaje, adecuación y desmontaje Belén municipal Navidad 2026.;Junta de Gobierno del Ayuntamiento de Santa Pola;servicios;Resuelta;Diseño Estudio 17 S.L.;6345;https://contrataciondelestado.es/wps/poc?uri=deeplink:detalle_licitacion&idEvl=7T%2FulTgedNhPpzdqOdhuWg%3D%3D
Contratos menores;Reparación de vehículo oficial Volvo S90 con matrícula 3122MHY;Secretaría General de la Consejería de Bienestar Social de la Junta de Comunidades de Castilla-La Mancha;servicios;Resuelta;DF DAKARAUTO, S.L.;6312,4;https://contrataciondelestado.es/wps/poc?uri=deeplink:detalle_licitacion&idEvl=nH59SBjTlOYl5NjlNci%2BtA%3D%3D
Contratos menores;Contratación de la Orquesta Rika Banda;Junta de Gobierno del Ayuntamiento de La Oliva;servicios;Resuelta;CRISTIAN SERRANO BETANCORT;6238,78;https://contrataciondelestado.es/wps/poc?uri=deeplink:detalle_licitacion&idEvl=mtvED9CyLnCIzo3LHNPGcQ%3D%3D
Contratos menores;"Concierto denominado ""Eternamente ABBA"", para su actuación con la Banda Municipal de Música de Soria.";Alcaldía del Ayuntamiento de Soria;servicios;Resuelta;INFINITY EVENTOS Y PRODUCCIONES S L;6200;https://contrataciondelestado.es/wps/poc?uri=deeplink:detalle_licitacion&idEvl=Mg1Rc4SAg%2Fr5Rey58Yagpg%3D%3D
Contratos menores;Suministro de colección de 74 estampas editadas en las carpetas tituladas Amalgama Gráfica Contemporánea XI y XII;Presidencia del Instituto Leonés de Cultura;servicios;Resuelta;Fermín Santos López;6200;https://contrataciondelestado.es/wps/poc?uri=deeplink:detalle_licitacion&idEvl=M%2FeROVTMhOc%2Bk2oCbDosIw%3D%3D
Contratos menores;Talleres de prevención de adiciones, programa provincial de actividades preventiva 2026;Presidencia de la Mancomunidad de la Canal de Navarrés;servicios;Resuelta;E-VALUE. Diseño de Proyectos de Sensibiización Social, SL;6160;https://contrataciondelestado.es/wps/poc?uri=deeplink:detalle_licitacion&idEvl=3YYc2VEpDsDs%2BnLj3vAg5A%3D%3D
Contratos menores;"Mixto correspondiente al ""Programa municipal de impulso a la economía circular mediante la recogida separada de residuos textiles"" (Programa Galicia Feder 2021-2027. Línea 4)";Alcaldía del Ayuntamiento de Sarria;suministros;Resuelta;BAYGAR SL;6160;https://contrataciondelestado.es/wps/poc?uri=deeplink:detalle_licitacion&idEvl=oe8Hsqnl%2F5J%2FP7lJ7Fu0SA%3D%3D
Contratos menores;Actuación del Ballet de Fran Chafino para el 19 de abril en el Auditorio de Guía de Isora, con motivo de la feria de abril 2026;Alcaldía del Ayuntamiento de Guía de Isora;privado;Resuelta;FRANCHAFINO, S.L.;6150;https://contrataciondelestado.es/wps/poc?uri=deeplink:detalle_licitacion&idEvl=3MDLYbj%2BXVLjHF5qKI4aaw%3D%3D
Contratos menores;SSCC.EN/236/26 Apertura de zanja mediante retroexcavadora y colocación de malla metálica;Dirección General de Medio Natural y Biodiversidad de la Junta de Comunidades de Castilla-La Mancha;obras;Resuelta;EJEVIAL SEÑALIZACION, S.L.U.;6136,7;https://contrataciondelestado.es/wps/poc?uri=deeplink:detalle_licitacion&idEvl=F4kzemBcQfIZDGvgaZEVxQ%3D%3D
Contratos menores;Servicio de inspección, revisión periódica y control documental, correspondiente a la anualidad 2026, de los sistemas de protección contra caídas y equipos de seguridad instalados en los espacios culturales municipales.;Junta de Gobierno del Ayuntamiento de Móstoles;servicios;Resuelta;CABLES Y ESLINGAS, S.L.U.;6128,46;https://contrataciondelestado.es/wps/poc?uri=deeplink:detalle_licitacion&idEvl=lRPhSu4y7ZNSYrkJkLlFdw%3D%3D
Contratos menores;Contrato menor de iluminación y sonido, azafatas, seguridad y limpieza de UNIA Escena Baeza (6 y 8 de julio de 2026);Rectorado de la Universidad Internacional de Andalucía;servicios;Resuelta;SONILUC PRODUCCIONES S.L.;6100;https://contrataciondelestado.es/wps/poc?uri=deeplink:detalle_licitacion&idEvl=mh%2BjnNuaiRT9pbnDwlaUlg%3D%3D
Contratos menores;suministro señalización para la señalética urbana turística;Alcaldía del Ayuntamiento del Poble Nou de Benitatxell;suministros;Resuelta;SEÑALIZACIÓN Y EQUIPAMIENTO PARA ENTORNOS NATURALES S.L.;6095,6;https://contrataciondelestado.es/wps/poc?uri=deeplink:detalle_licitacion&idEvl=9ID1Ogri1t%2BcTfjQf3USOg%3D%3D
Contratos menores;Designacion como personal docente segun el art.310 de la Ley 9/2017, de 8 de noviembre, para impartir 124 horas en el curso26-38/900018 en el CRNJ.;Servicio Canario de Empleo;servicios;Resuelta;HERNANDEZ MORALES LYDIA M;6076;https://contrataciondelestado.es/wps/poc?uri=deeplink:detalle_licitacion&idEvl=y8COsPI7oY%2BIzo3LHNPGcQ%3D%3D
Contratos menores;Mantenimiento del sistema dosimétrico en emergencias Dosi-app desde el 1 de diciembre de 2026 a 30 de noviembre de 2027;Consejo de Seguridad Nuclear;servicios;Resuelta;ABBANZA RESEARCH INT, SL;6051,07;https://contrataciondelestado.es/wps/poc?uri=deeplink:detalle_licitacion&idEvl=H%2BcijvIpuTCAAM7L03kM8A%3D%3D
Contratos menores;Adquisición 18 mesas de oficina para la Consejería;Secretaría General de la Consejería de Educación, Cultura y Deportes de la Junta de Comunidades de Castilla-La Mancha;suministros;Resuelta;BOREAL COMUNICACIONES SL;6035,4;https://contrataciondelestado.es/wps/poc?uri=deeplink:detalle_licitacion&idEvl=U5%2B2zk0RIdDL1rX3q%2FMAPA%3D%3D
Contratos menores;Impartir Talleres de Percusión y Baile carnavalero Carnaval 2027;Junta de Gobierno del Ayuntamiento de La Oliva;servicios;Resuelta;ASOCIACIÓN CULTURAL ATLANTIDA EN CORRALEJO;6000;https://contrataciondelestado.es/wps/poc?uri=deeplink:detalle_licitacion&idEvl=AUm4zwNVqzKAAM7L03kM8A%3D%3D
Contratos menores;difusión y promoción de Alcobendas a través del grupo de comunicación;Concejalías Delegadas del Ayuntamiento de Alcobendas;servicios;Resuelta;UNIDAD DE MEDIOS ESCRITOS S.A.U.;6000;https://contrataciondelestado.es/wps/poc?uri=deeplink:detalle_licitacion&idEvl=RDgSmJ3dYXAl5NjlNci%2BtA%3D%3D
Contratos menores;"Contratación del servicio de promoción del destino turístico ""Costa de Almería"" a través del patrocinio del Torneo de Golf Almerimar 50º Aniversario";Presidencia de la Diputación Provincial de Almería;servicios;Resuelta;ALMERIMAR, S.A.;6000;https://contrataciondelestado.es/wps/poc?uri=deeplink:detalle_licitacion&idEvl=7%2BiXEiAqJ%2FfIGlsa0Wad%2Bw%3D%3D
Contratos menores;"Reparación y puesta a punto de la puerta de acceso situada en la Calle Gabriel de Morales, correspondiente al establecimiento ""Gómez Jordana"" (BAD. Tte. Flomesta, Melilla).";Jefatura de Asuntos Económicos del CG de la Comandancia Gral. de Melilla;servicios;Resuelta;ALTHANI CONSTRUCCIONES Y SERVICIOS S.L.U.;6000;https://contrataciondelestado.es/wps/poc?uri=deeplink:detalle_licitacion&idEvl=JsJRpVN1jX9VkTabT%2FRM8A%3D%3D
Contratos menores;516/26. Actuación musical do grupo Alkar polas festas patronais de Portonovo 2026;Presidencia del Organismo Autónomo Terra de Sanxenxo;servicios;Resuelta;Musicamba, S.L.;6000;https://contrataciondelestado.es/wps/poc?uri=deeplink:detalle_licitacion&idEvl=TRCAO6HZxjP5Rey58Yagpg%3D%3D
Contratos menores;Contrato Menor de Servicios - Contrato Menor Servicios Analíticas Agua Potable;Alcaldía del Ayuntamiento de Jimena;servicios;Resuelta;BIOFERBA SL;6000;https://contrataciondelestado.es/wps/poc?uri=deeplink:detalle_licitacion&idEvl=M9l%2Fv09HLFKcTfjQf3USOg%3D%3D
Contratos menores;Trabajos de impresión y encuadernación de la publicación Crónica Gráfica. 3ª edición;Secretaría General Técnica del Ministerio de Hacienda;servicios;Resuelta;SCL KADMOS;5989;https://contrataciondelestado.es/wps/poc?uri=deeplink:detalle_licitacion&idEvl=BgOl1cEGEKU%2B1TMyIiZmzw%3D%3D
Contratos menores;instalación de castillo y estructuras deportivas hinchables;Órganos Directivos del Ayuntamiento de Sevilla;servicios;Resuelta;Eventos infantiles Playgrup, S.L.;5970;https://contrataciondelestado.es/wps/poc?uri=deeplink:detalle_licitacion&idEvl=D2SAGfqOPKMtm4eBPtV6eQ%3D%3D
Contratos menores;Servicio de asistencia técnica para actualización Plan de Emergencias;Alcaldia del Ayuntamiento de Alcasser;servicios;Resuelta;ASEEM CONSULTORIA DE EMERGENCIA SLU;5950;https://contrataciondelestado.es/wps/poc?uri=deeplink:detalle_licitacion&idEvl=OZg5G1UE7wg36J9Lctlsuw%3D%3D
Contratos menores;Organización/Arbitraje Campeonato Atletismo Jorn 5;Secretaría General de la Consejería de Educación, Cultura y Deportes de la Junta de Comunidades de Castilla-La Mancha;servicios;Resuelta;FEDERACION DE ATLETISMO DE CASTILLA-LA MANCHA;5922,7;https://contrataciondelestado.es/wps/poc?uri=deeplink:detalle_licitacion&idEvl=16kDL%2FRrJUfLIx6q1oPaMg%3D%3D
Contratos menores;Servicio de actualización y revisión del inventario de bienes en la nueva sede de la Agencia Española de Protección de Datos;Agencia Española de Protección de Datos;servicios;Resuelta;INVENTARIA CONSULTING GESTIÓN, S.L.;5900;https://contrataciondelestado.es/wps/poc?uri=deeplink:detalle_licitacion&idEvl=Ega1d8o04nLjHF5qKI4aaw%3D%3D
Contratos menores;"Contratación de una campaña de comunicación en emisora de radio de ámbito autonómico ""PROMOCION DE LA MINERIA""";Consejería de Medio Ambiente y Energía de la Junta de Castilla y León;servicios;Resuelta;RADIO POPULAR, S.A. - CADENA COPE;5853,72;https://contrataciondelestado.es/wps/poc?uri=deeplink:detalle_licitacion&idEvl=A1JwHR%2FaIYecCF8sV%2BqtYA%3D%3D
Contratos menores;"Contratación de una campaña de comunicación en emisora de radio de ámbito autonómico ""PROMOCION DE LA MINERIA""";Consejería de Medio Ambiente y Energía de la Junta de Castilla y León;servicios;Resuelta;SOCIEDAD ESPAÑOLA DE RADIODIFUSIÓN S.L.U;5820,66;https://contrataciondelestado.es/wps/poc?uri=deeplink:detalle_licitacion&idEvl=bPbNz2DKkdyKeVWTb9Scog%3D%3D
Contratos menores;Suministro de Utillaje Viario para Agrupación de Protección Civil para la Agrupación de Protección Civil del Ayuntamiento de Umbrete;Alcaldia del Ayuntamiento de Umbrete;suministros;Resuelta;COMERCIAL JOSÉ BARRAGÁN S.L.;5819,1;https://contrataciondelestado.es/wps/poc?uri=deeplink:detalle_licitacion&idEvl=kI6EMfRyRnQXhk1FZxEyvw%3D%3D
Contratos menores;Z0804334a280 Contrato Menor Para La Representación De Los Espectáculos: Desde Rusia Con Humor, Incompatibles Y El Buen Doctor, De D. Fernando Sanchez Rebanal -rebanal Teatro-, Dentro Del Programa Cultura Y Territorio 2026. Ebro Cmn-sac/2026/0094;Consejería de Cultura, Turismo y Deporte de la Comunidad Autónoma de Cantabria;servicios;Resuelta;SANCHEZ REBANAL, FERNANDO;5800;https://contrataciondelestado.es/wps/poc?uri=deeplink:detalle_licitacion&idEvl=V%2BmT9S8zUZzCfVQHDepjGQ%3D%3D
Contratos menores;prestación de los servicios necesarios para la organización, realización y desarrollo de la Recreación Histórica “Culla 1233”;Alcaldía del Ayuntamiento de Culla;servicios;Resuelta;AS. MILITIA CHRISTI DEL MAESTRAZGO;5785,12;https://contrataciondelestado.es/wps/poc?uri=deeplink:detalle_licitacion&idEvl=SwKew679T7VJ8Trn0ZPzLw%3D%3D
Contratos menores;Servicio Mantenimiento Puertas Automáticas.;Instituto Aragonés de Servicios Sociales (IASS);servicios;Resuelta;MAGAIZ, S.A.;5760;https://contrataciondelestado.es/wps/poc?uri=deeplink:detalle_licitacion&idEvl=gqIE23Ok5bweIBJRHQiPkQ%3D%3D
Contratos menores;Reparación tubería SDD Lleida.;Subdirección General de Servicios Económicos y Pagadurías;servicios;Resuelta;MATERIALES Y CONSTRUCCIONES GAMA, SL;5737;https://contrataciondelestado.es/wps/poc?uri=deeplink:detalle_licitacion&idEvl=7Pux3nSnoUZVq4S9zvaQpQ%3D%3D
Contratos menores;Servicio de trabajos auxiliares de acondicionamiento, traslado de mobiliario y mantenimiento de instalaciones municipales.;Alcaldía del Ayuntamiento de Begíjar;servicios;Resuelta;ANTONIO CALLE LOPEZ;5701,3;https://contrataciondelestado.es/wps/poc?uri=deeplink:detalle_licitacion&idEvl=zlvMUr9huzmsNfRW6APEDw%3D%3D
Contratos menores;Suministro de rotavapor R-180 con bomba y controlador con destino el Instituto de Química Avanzada de Cataluña del CSIC.;Presidencia de la Agencia Estatal Consejo Superior de Investigaciones Científicas, M.P.;suministros;Resuelta;BUCHI Ibérica S.L.U;5699,25;https://contrataciondelestado.es/wps/poc?uri=deeplink:detalle_licitacion&idEvl=zNAKBOeUGcIeC9GJQOEBkQ%3D%3D
Contratos menores;Suministro de 250 agendas 2027.;Coordinación General de la Alcaldía;suministros;Resuelta;PAPEL CONTINUO RASAL, S.L.;5642,5;https://contrataciondelestado.es/wps/poc?uri=deeplink:detalle_licitacion&idEvl=guXG%2F%2BtNR%2F2cTfjQf3USOg%3D%3D
Contratos menores;Alquiler de un stand en la feria Innotrans;Dirección Gerencia de la Fundación de los Ferrocarriles Españoles (FFE);servicios;Resuelta;Messe Berlin GmbH;5637,2;https://contrataciondelestado.es/wps/poc?uri=deeplink:detalle_licitacion&idEvl=EgNiXiWdBSicTfjQf3USOg%3D%3D
Contratos menores;Reparación paredes, suelos y 32 duchas comunes;Dirección General de la Fundación EOI;obras;Resuelta;AVA2210 REFORMA, SLU;5620;https://contrataciondelestado.es/wps/poc?uri=deeplink:detalle_licitacion&idEvl=ekvIHx5%2FhvpWhbmkna2nXQ%3D%3D
Contratos menores;Contrato menor de servicios. Instalación solar fotovoltaica en Antigua Coop Ntra Sra de los Remedios calle Egido San Sebastián;Alcaldía del Ayuntamiento de Jimena;servicios;Resuelta;GAYZU RENOVABLES S.L.;5617,45;https://contrataciondelestado.es/wps/poc?uri=deeplink:detalle_licitacion&idEvl=vvVvdd0yaZJWhbmkna2nXQ%3D%3D
Contratos menores;Contrato menor de servicios. Aumento número de placas en instalación solar fotovoltaica em Antigua Coop Ntra Sra de los Remedios en calle Egido San Sebastián;Alcaldía del Ayuntamiento de Jimena;servicios;Resuelta;GAYZU RENOVABLES S.L.;5617,44;https://contrataciondelestado.es/wps/poc?uri=deeplink:detalle_licitacion&idEvl=VBWe%2Fuuraky2gkLQ8TeYKA%3D%3D
Contratos menores;"Espectáculos correspondientes a los conciertos de la V Edición del ""Festival Sarria Blues no Camiño 2026"". Lote V";Alcaldía del Ayuntamiento de Sarria;privado;Resuelta;MARCOS COLL GONZÁLEZ LAGANA;5600;https://contrataciondelestado.es/wps/poc?uri=deeplink:detalle_licitacion&idEvl=%2F6GWMpBsowgUqXM96WStVA%3D%3D
Contratos menores;Compresor de aire;Secretaría General del INTA;suministros;Resuelta;GUILLERMO GARCIA MUÑOZ, S.L.;5522,89;https://contrataciondelestado.es/wps/poc?uri=deeplink:detalle_licitacion&idEvl=CdrytXdbPCDi0Kd8%2Brcp6w%3D%3D
Contratos menores;Ejecución de estudio geotécnico zona de los taludes a reparar en Sierra Nevada;Alcaldía del Ayuntamiento de Monachil;servicios;Resuelta;GETTEC, S.C.A.;5521;https://contrataciondelestado.es/wps/poc?uri=deeplink:detalle_licitacion&idEvl=yqQLblEpi%2Ff%2Fa9DgO%2BoYKQ%3D%3D
Contratos menores;Reforma y acondicionamiento biblioteca.;Rectorado de la Universitat de València;obras;Resuelta;Aklilu Amache, Amanuel;5502,67;https://contrataciondelestado.es/wps/poc?uri=deeplink:detalle_licitacion&idEvl=z%2BI0Lq5%2BWpS5HQrHoP3G5A%3D%3D
Contratos menores;Adquisición armarios de calentador bandejas y abatidor temperatura;Jefatura de Asuntos Económicos del Mando de Personal;suministros;Resuelta;FRANCISCO JAVIER MORILLA JIMENEZ;5500;https://contrataciondelestado.es/wps/poc?uri=deeplink:detalle_licitacion&idEvl=zCKkkALtDtAwYTJJ03sHog%3D%3D
Contratos menores;Impresión, encuadernación y suministro de la publicación editada por el Centro de Publicaciones del Departamento con el título Industria y Territorio Imaginarios, Política e Historia del Turismo español;Subdirección General de Oficialía Mayor y Administración Financiera;servicios;Resuelta;SOLANA E HIJOS ARTES GRÁFICAS S.A.U.;5466;https://contrataciondelestado.es/wps/poc?uri=deeplink:detalle_licitacion&idEvl=nq10UGu4TVHjHF5qKI4aaw%3D%3D
Contratos menores;4 anuncios (156 mm alto x 252 mm ancho) color, pág. impar, (1 de L-S + 3 anuncios domingo). Banner (300 x 600px) vertical, en la Home de la web, en la edición digital.;Consejería de Agricultura, Ganadería, Medio Rural y Política Ambiental de la Junta de Castilla y León;servicios;Resuelta;LA OPINION DE ZAMORA, S.A.U.;5454,54;https://contrataciondelestado.es/wps/poc?uri=deeplink:detalle_licitacion&idEvl=HqBDNN6GZYs7%2B9FIQYNjeQ%3D%3D
Contratos menores;Adquisición de mobiliario de laboratorio, para el Grupo de Tratamiento de Vestigios de la C.G.P.C;División Económica y Técnica (Cuerpo Nacional de Policía);suministros;Resuelta;MBY Lab Solutions;5439;https://contrataciondelestado.es/wps/poc?uri=deeplink:detalle_licitacion&idEvl=gyW%2Bv%2BLt69jVGIpKDxgsAQ%3D%3D
Contratos menores;"Servicio acomodadores ""Teatro de la Villa""";Alcaldia del Ayuntamiento de Umbrete;servicios;Resuelta;SERVIRALIA SERVICIOS GENERALES S.L.;5412;https://contrataciondelestado.es/wps/poc?uri=deeplink:detalle_licitacion&idEvl=bSTsnX90IYAl5NjlNci%2BtA%3D%3D
Contratos menores;Servicio de atención al visitante en oficina municipal de Museo del Agua en Níjar.;Alcaldía del Ayuntamiento de Níjar;servicios;Resuelta;FERNANDO JESUS GARCIA GONGORA;5400;https://contrataciondelestado.es/wps/poc?uri=deeplink:detalle_licitacion&idEvl=q3QnKun%2BGNAUqXM96WStVA%3D%3D
Contratos menores;adecuación y modificación de las puertas-barreras para las calles donde discurren los festejos taurinos;Alcaldía del Ayuntamiento del Poble Nou de Benitatxell;servicios;Resuelta;JOSÉ OSMIN SAENZ AGUILAR;5400;https://contrataciondelestado.es/wps/poc?uri=deeplink:detalle_licitacion&idEvl=xcErEXRjqhO5HQrHoP3G5A%3D%3D
Contratos menores;Suministro y colocación de Solería en Oficina del Acuartelamiento de Peñarroya - Pueblonuevo;Comandancia Guardia Civil de Córdoba;obras;Resuelta;CONSTRUCCIONES MELLARIA S. COOP. AND.;5391,52;https://contrataciondelestado.es/wps/poc?uri=deeplink:detalle_licitacion&idEvl=xlYy7XvWfrpVq4S9zvaQpQ%3D%3D
Contratos menores;"Suministro en alquiler de carpa y mobiliario para la celebración del ""Concurso de Recetas Caseras de la Sierra Morena de Sevilla""";Gerencia de PRODETUR S.A.U.;suministros;Resuelta;ALQUILERES QUITASOL, S.L.;5360;https://contrataciondelestado.es/wps/poc?uri=deeplink:detalle_licitacion&idEvl=x2N0FGKjIAGcTfjQf3USOg%3D%3D
Contratos menores;Trabajos de carpintería en montaje y desmontaje de decorados gala y carrozas desfile en la feria de Nerja 2025;Alcaldía del Ayuntamiento de Nerja;servicios;Resuelta;JUAN JOSE JIMENEZ RUIZ;5340;https://contrataciondelestado.es/wps/poc?uri=deeplink:detalle_licitacion&idEvl=TakauDlHsJQ2wEhQbcAqug%3D%3D
Contratos menores;Cm-039-2026 seguro de daños c-ifeca;Vicepresidencia de Institución Ferial de Cádiz IFECA;servicios;Resuelta;ALLIANZ COMPAÑIA DE SEGUROS Y REASEGUROS SA;5321,41;https://contrataciondelestado.es/wps/poc?uri=deeplink:detalle_licitacion&idEvl=7ldXYrNYEOYeC9GJQOEBkQ%3D%3D
Contratos menores;Sustitución ventanas 2 casas en calle Cuartel de Ceclavín;Alcaldía del Ayuntamiento de Ceclavín;suministros;Resuelta;ANTONIO RAMOS PEREZ;5290;https://contrataciondelestado.es/wps/poc?uri=deeplink:detalle_licitacion&idEvl=P9uGj5vVpQfmnwcj%2BxbdTg%3D%3D
Contratos menores;Ruta 4200129 Valdanzo-Langa de Duero (CRA La Ribera). Curso Escolar 2025-2026;Dirección Provincial de Educación en Soria;servicios;Resuelta;JESUS MORENO SANZ;5285;https://contrataciondelestado.es/wps/poc?uri=deeplink:detalle_licitacion&idEvl=B0Sm77EFdjfmnwcj%2BxbdTg%3D%3D
Contratos menores;Servicios de un psicólogo para los talleres de memoria y de bienestar emocional para Mayores.;Alcaldía del Ayuntamiento de Gibraleón;servicios;Resuelta;NOTARIO ANGUAS, PEDRO;5247,9;https://contrataciondelestado.es/wps/poc?uri=deeplink:detalle_licitacion&idEvl=0RU5yjMU68KOUi78BmzhOQ%3D%3D
Contratos menores;Contratación de servicios profesionales para el fomento de la participación de mujeres jóvenes de Armilla mediante la organización de eventos específicos;Alcaldía del Ayuntamiento de Armilla;servicios;Resuelta;ALBA MORO OCAÑA;5237,6;https://contrataciondelestado.es/wps/poc?uri=deeplink:detalle_licitacion&idEvl=7Ej6RKPA7jjpxJFXpLZ%2B2A%3D%3D
Contratos menores;Impresión y encuadernación de la publicación El Catastro de la Ensenada. Magna averiguación fiscal para alivio de los vasallos y mejor conocimiento de los reinos 1749 -1756. Almansa, Caudete, Jumilla, Sax, Villena, Yecla 1755-1756;Secretaría General Técnica del Ministerio de Hacienda;servicios;Resuelta;IMPRENTA ROAL, S.L;5220;https://contrataciondelestado.es/wps/poc?uri=deeplink:detalle_licitacion&idEvl=Bwsb3UojkM8l5NjlNci%2BtA%3D%3D
Contratos menores;Suministro e instalación de estores destinados a los ventanales de la planta superior de la sala de musculación y cardio del Pazo de los Deportes “Paco Paz”;Presidencia de la Diputación Provincial de Ourense;suministros;Resuelta;PARADELO SA;5200;https://contrataciondelestado.es/wps/poc?uri=deeplink:detalle_licitacion&idEvl=lryncoQusjA3vLk2DU2Ddg%3D%3D
Contratos menores;Servicio de organización y gestión del Toneo por inauguración de las renovadas Pistas de Baloncesto Nou Alacant, el día 13 de junio de 2026.;Junta de Gobierno Local del Ayuntamiento de Alicante;servicios;Resuelta;Fundación Lucentum Baloncesto Alicante;5180;https://contrataciondelestado.es/wps/poc?uri=deeplink:detalle_licitacion&idEvl=z2a2oc%2FvlKXpxJFXpLZ%2B2A%3D%3D
Contratos menores;Contrato menor de suministro de tarima vinílica para el Colegio Generación del 27 de Villablino;Alcaldía del Ayuntamiento de Villablino;suministros;Resuelta;HIJOS DE TOMAS SORRIBAS SOCIEDAD LIMITADA;5165,66;https://contrataciondelestado.es/wps/poc?uri=deeplink:detalle_licitacion&idEvl=x%2Bgnqa7xNZCzz8fXU2i3eQ%3D%3D
Contratos menores;Convalidació de contracte menor - Convalidació contracte Servei extraescolar llenguatge musical Serclet (2026);Regidor Delegado-Ayuntamiento Alaior;servicios;Resuelta;RUBINA MENORCA SOCIEDAD LIMITADA;5160;https://contrataciondelestado.es/wps/poc?uri=deeplink:detalle_licitacion&idEvl=Df9jkcSHR9mcCF8sV%2BqtYA%3D%3D
Contratos menores;Servicio de taller para reparación de camión de RSU SCANIA 9257 JSS;Alcaldía del Ayuntamiento de San Bartolomé de Lanzarote;servicios;Resuelta;AUTOGUAGUAS Y CAMIONES, S.L.;5155,26;https://contrataciondelestado.es/wps/poc?uri=deeplink:detalle_licitacion&idEvl=kY5IcKG6zPuGCFcHcNGIlQ%3D%3D
Contratos menores;Suministro e instalacion de vitrinas y muebles para Tomellosa. Fondos FIM;Alcaldía del Ayuntamiento de Brihuega;suministros;Resuelta;Nova Audiovisuales SL;5153;https://contrataciondelestado.es/wps/poc?uri=deeplink:detalle_licitacion&idEvl=I48Q6qpmKH4%2FbjW6njtWLw%3D%3D
Contratos menores;Servicio de imprenta del libro La democracia en disputa: análisis y reflexiones sobre la idea que recorría la España del 15M, en la colección Civitas, Nueva Época;Dirección del Centro de Estudios Políticos y Constitucionales;servicios;Resuelta;IMPRENTA TARAVILLA, S.L.;5142,51;https://contrataciondelestado.es/wps/poc?uri=deeplink:detalle_licitacion&idEvl=701XgUnocwWKeVWTb9Scog%3D%3D
Contratos menores;Taller de patronaje y costura;Alcaldia del Ayuntamiento de Alcasser;servicios;Resuelta;FRANCISCO JAVIER RICART LLUNA;5100;https://contrataciondelestado.es/wps/poc?uri=deeplink:detalle_licitacion&idEvl=3HHKxIdFjeAQyBAnWzHfCg%3D%3D
Contratos menores;Compra de 16 cámaras de video y sus complementos;Rectorado de la Universidad del País Vasco;suministros;Resuelta;EL CORTE INGLES S.A.;5086,81;https://contrataciondelestado.es/wps/poc?uri=deeplink:detalle_licitacion&idEvl=wjHvvyfI3fDE6P%2FuLemXRw%3D%3D
Contratos menores;"Elaboración de un informe sobre ""economía social como herramienta de transformación para andalucía"" para lo que se requiere la asistencia técnica en la investigación.";Rectorado de la Universidad Internacional de Andalucía;servicios;Resuelta;TALAIOS AHALDUNTZEAN OINARRITUTAKO SAREA S. COOP.;5061,98;https://contrataciondelestado.es/wps/poc?uri=deeplink:detalle_licitacion&idEvl=ySHXjTFfixa5HQrHoP3G5A%3D%3D
Contratos menores;Cubierta Edificio F Escuela de Ingenieros de Bilbao;Rectorado de la Universidad del País Vasco;obras;Resuelta;SADEKOSA S.A.;5058,4;https://contrataciondelestado.es/wps/poc?uri=deeplink:detalle_licitacion&idEvl=bOiNDYfXHZxVYjgxA4nMUw%3D%3D
Contratos menores;Realización de los trabajos necesarios para la edición de un libro previo a su publicación.;Rectorado de la Universitat de València;servicios;Resuelta;Aranzadi la Ley SAU;5024,46;https://contrataciondelestado.es/wps/poc?uri=deeplink:detalle_licitacion&idEvl=C6HT4E2HlQwQyBAnWzHfCg%3D%3D
Contratos menores;Reparación de vivienda sita en C/ Pizarro n.º 23, Almoharín (Cáceres).;Consejería de Infraestructuras, Transporte y Vivienda;obras;Resuelta;ANTONIO JOSE FERNANDEZ MORENO;5019,8;https://contrataciondelestado.es/wps/poc?uri=deeplink:detalle_licitacion&idEvl=heVRgvW05Pg%2FbjW6njtWLw%3D%3D
Contratos menores;Contratacion artista Martita de Grana para pregon fiestas Armilla San Miguel 2026;Alcaldía del Ayuntamiento de Armilla;servicios;Resuelta;KEEPER EXPERIENCE S.L.U.;5000;https://contrataciondelestado.es/wps/poc?uri=deeplink:detalle_licitacion&idEvl=Huh9u%2BJaqUH5Rey58Yagpg%3D%3D
Contratos menores;249/26. Servizo técnico para o concerto de Oscar Ibañez;Presidencia del Organismo Autónomo Terra de Sanxenxo;servicios;Resuelta;Sonido e Iluminación Goyplason, S.L.;5000;https://contrataciondelestado.es/wps/poc?uri=deeplink:detalle_licitacion&idEvl=GiNR8bODb91rSd8H4b2soA%3D%3D
Contratos menores;Servicios de representación por medio de Procurador en los Juzgados de Guadalajara;Presidencia de Gestión de Infraestructuras de Castilla-La Mancha, S.A.U.;servicios;Resuelta;Pascua Díaz, Santos;5000;https://contrataciondelestado.es/wps/poc?uri=deeplink:detalle_licitacion&idEvl=%2B9E4zcLGAfo2wEhQbcAqug%3D%3D
Contratos menores;Servicio de organización del III Acuatlón Escolar Montemar celebrado el día 18 de abril de 2026.;Junta de Gobierno Local del Ayuntamiento de Alicante;servicios;Resuelta;Club Atlético Montemar;5000;https://contrataciondelestado.es/wps/poc?uri=deeplink:detalle_licitacion&idEvl=PZFQPjoemHD10HRJw8TEnQ%3D%3D
Contratos menores;Patrocinio de la Autoridad Portuaria de Avilés en el III Festival Internacional de Música de Cámara AvilésCámara;Autoridad Portuaria de Avilés;servicios;Resuelta;Asociación Fundación Festival Internacional de Música de Cámara AvilésCámara;5000;https://contrataciondelestado.es/wps/poc?uri=deeplink:detalle_licitacion&idEvl=yVReI1GIzgk7u6%2B%2FR7DUoA%3D%3D
Contratos menores;Contrato menor patrocinio libro cristos de mármol;Diputación Provincial de Cádiz;privado;Resuelta;FUNDACIÓN BENÉFICA PERDÓN Y ROSARIO;5000;https://contrataciondelestado.es/wps/poc?uri=deeplink:detalle_licitacion&idEvl=v6aGvGPLtnJ9Zh%2FyRJgM8w%3D%3D
Contratos menores;Suministro consistente en la adquisición de novedades bibliográficas y de apoyo a actividades y clubes de lectura para la Red Municipal de Bibliotecas Municipales.;Concejal Responsable del Área de Cultura y Patrimonio Arqueológico del Ayuntamiento de Huelva;suministros;Resuelta;LIBRERIA ANABEL;4998;https://contrataciondelestado.es/wps/poc?uri=deeplink:detalle_licitacion&idEvl=uzc%2FCLeJOI6Izo3LHNPGcQ%3D%3D
Contratos menores;El objeto del contrato menor es el servicio de de adecuacio en cuarto de archivos, planta 0 para la ubicacion de 5 neveras de lasede en Tenerife de la Direccion General de Hemodonacion y Hemoterapia.;Dirección General de Hemodonación y Hemoterapia del Gobierno de Canarias;servicios;Resuelta;EGACAN INGENIERIA Y SERVICIOS;4993,51;https://contrataciondelestado.es/wps/poc?uri=deeplink:detalle_licitacion&idEvl=%2BJLFz3%2FZu3rN3k3tjedSGw%3D%3D
Contratos menores;"Modificación del espacio expositivo ubicado en el Espacio 4 del MUCAC La Coracha, con el fin de adecuar dicho espacio para la exposición temporal “La Fiesta, Verdiales de Málaga” y ""Sandra Val"".";Director de la Agencia Pública para la Gestión de la Casa Natal de Pablo Ruiz Picasso y otros Equipamientos Museístico y Culturales;servicios;Resuelta;HERRERA*PEREZ,JORGE ESTEBAN;4990;https://contrataciondelestado.es/wps/poc?uri=deeplink:detalle_licitacion&idEvl=GfpwTlYwJIht5r0ngvMetA%3D%3D
Contratos menores;servicio de organización del memorial folclórico de Las Fiestas de San Bartolomé 2026;Alcaldía del Ayuntamiento de San Bartolomé de Lanzarote;servicios;Resuelta;CRISTIAN SERRANO BETANCORT;4986,68;https://contrataciondelestado.es/wps/poc?uri=deeplink:detalle_licitacion&idEvl=L7vXvxPwxFIl5NjlNci%2BtA%3D%3D
Contratos menores;Máquinas carpintería para alumnos especialidad AMIS ABA;Jefatura de la Sección Económico-Administrativa 45 - Aeródromo Militar de León;suministros;Resuelta;COMERCIAL TALLERES ELECTRON S.L.;4958,82;https://contrataciondelestado.es/wps/poc?uri=deeplink:detalle_licitacion&idEvl=wxoEFygZhXri0Kd8%2Brcp6w%3D%3D
Contratos menores;Compra pequeño material consumo habitual parques bomberos (Suministros mayor sl).;Junta de Gobierno del Ayuntamiento de Murcia;suministros;Resuelta;SUMINISTROS MAYOR SL;4958,68;https://contrataciondelestado.es/wps/poc?uri=deeplink:detalle_licitacion&idEvl=NkY339%2BEMTMwYTJJ03sHog%3D%3D
Contratos menores;Contrato menor La 7 CyL Campaña de comunicación: Oficina de Empleo y Emprendimiento Rural Diputación de Valladolid;Presidencia de la Diputación Provincial de Valladolid;servicios;Resuelta;Radio Televisión de Castilla y León, S.A.;4958,68;https://contrataciondelestado.es/wps/poc?uri=deeplink:detalle_licitacion&idEvl=RX2EzXzH5xAeIBJRHQiPkQ%3D%3D
Contratos menores;"Contratación de la cesión, traslado, montaje y desmontaje de la 2ª edición de la exposición de fotojornalismo ""A Galicia inédita"" en 2026 en la Diputación de Pontevedra";Presidencia de la Diputación Provincial de Pontevedra;servicios;Resuelta;Asociación de periodistas de Galicia;4955;https://contrataciondelestado.es/wps/poc?uri=deeplink:detalle_licitacion&idEvl=aHNnIo2pDBHN3k3tjedSGw%3D%3D
Contratos menores;Convalidació de contracte menor - Convalidació factura contracte de serveis assistència tècnica al departament d'Urbanisme;Regidor Delegado-Ayuntamiento Alaior;servicios;Resuelta;MARIA INES CAROLINA SOLIS BONINI;4900;https://contrataciondelestado.es/wps/poc?uri=deeplink:detalle_licitacion&idEvl=7h4bB8AECZaqb7rCcv76BA%3D%3D
Contratos menores;Preparación y distribución de una comida popular en Acehúche con motivo de la celebración del Día de Extremadura.;Alcaldia del Ayuntamiento de Acehuche;servicios;Resuelta;HUNTING FORESTRY CONSULTANCY EL MOSTAJAL;4880;https://contrataciondelestado.es/wps/poc?uri=deeplink:detalle_licitacion&idEvl=5KA3Mua04i1rSd8H4b2soA%3D%3D
Contratos menores;Contrato menor de los servicios de organización de las jornadas de trabajo celebradas los días 20 y 21 de mayo 2026 en la Isla de Tenerife, mediante la asociación del Instituto de Atención Social y Sociosanitaria de Tenerife y la entidad SAVE THE CHILDREN, para la participación conjunta, en representación del Reino de España en el Proyecto Secure.;Gerencia del Instituto Insular de Atención Social y Sociosanitaria - IASS;servicios;Resuelta;LUCAS MORALES DOMINGUEZ;4806;https://contrataciondelestado.es/wps/poc?uri=deeplink:detalle_licitacion&idEvl=8Za40PsDv8hrhBlEHQFSKA%3D%3D
Contratos menores;Servicio de reparación y puesta a punto de máquina elevadora;Alcaldia del Ayuntamiento de Mérida;servicios;Resuelta;GRUPO RAMAL GUILLEN, S.L.;4800;https://contrataciondelestado.es/wps/poc?uri=deeplink:detalle_licitacion&idEvl=X5jt7cXkaqPgL1BHd3qjQA%3D%3D
Contratos menores;curso de mantenimiento manipulador merlo p 60.10ks.;Jefatura de la Sección de Asuntos Económicos de la Unidad Militar de Emergencias;servicios;Resuelta;MERLO IBERICA INDUSTRIA METALMECANICA S.A.U.;4800;https://contrataciondelestado.es/wps/poc?uri=deeplink:detalle_licitacion&idEvl=WEn%2BxH%2BmiS%2FpxJFXpLZ%2B2A%3D%3D
Contratos menores;servicio de impartición del curso 2026C624-01 programa de entrenamiento en la gestión del estrés y la ansiedad en el ámbito labora: una solución digital personalizada, en metodología online;Instituto Cántabro de Administración Pública Rafael de la Sierra;servicios;Resuelta;NEUROMIFY, S.L.;4800;https://contrataciondelestado.es/wps/poc?uri=deeplink:detalle_licitacion&idEvl=0uy0VTwCPAx%2FR5QFTlaM4A%3D%3D
Contratos menores;Suministro de seis televisores profesionales para montaje en paneles tecnológicos con soporte VESA 200 en vivero de Hortaleza;Área de Gobierno de Economía, Innovación y Hacienda del Ayuntamiento de Madrid;suministros;Resuelta;"TRC INFORMATICA; S.L.";4789,44;https://contrataciondelestado.es/wps/poc?uri=deeplink:detalle_licitacion&idEvl=mZP2fFc9Ng2FQ%2FlhRK79lA%3D%3D
Contratos menores;Traballos de reforma no Centro Sociocultural Rosalía de Castro de Domaio;Junta de Gobierno Local del Ayuntamiento de Moaña;obras;Resuelta;CERSIBRA NOVO SOCIEDAD LIMITADA;4780;https://contrataciondelestado.es/wps/poc?uri=deeplink:detalle_licitacion&idEvl=MFUvcaOprbqcCF8sV%2BqtYA%3D%3D
Contratos menores;"Una actuación de la compañía de Teatro Sr. Smith de ""BORDER"", el día 13 de noviembre de 2026, en el Teatro Principal de Zamora.";Alcaldía del Ayuntamiento de Zamora;servicios;Resuelta;CIA TEATRO DEL SR. SMITH;4760;https://contrataciondelestado.es/wps/poc?uri=deeplink:detalle_licitacion&idEvl=8DnMoWNiU23I8aL3PRS10Q%3D%3D
Contratos menores;Redacción de proyecto de instalaciones eléctricas de baja tensión en la pista deportivo San Juan;Presidencia del Instituto Municipal para la Promoción de la Actividad Física y el Deporte del Ayuntamiento de Las Palmas de Gran Canaria;servicios;Resuelta;QUINTANA GARCIA, CARLOS JAVIER;4700;https://contrataciondelestado.es/wps/poc?uri=deeplink:detalle_licitacion&idEvl=8Sq9e0PK5TQQyBAnWzHfCg%3D%3D
Contratos menores;Suministro de varios repuestos necesarios para la reparación del sistema de accionamiento y comunicaciones dela segunda centrífuga en las instalaciones de la Edar de Rota.;Consejería Delegada de Movilidad y Desarrollo Urbano Sostenible, S.L., (MODUS ROTA);suministros;Resuelta;ALFA LAVAL IBERIA,S.A.;4676,84;https://contrataciondelestado.es/wps/poc?uri=deeplink:detalle_licitacion&idEvl=LzaBZwBZQY1LAIVZdUs8KA%3D%3D
Contratos menores;224/2026 inst eq climatizacion cs bermillo de la gas zamora;Gerencia de Asistencia Sanitaria de Zamora;suministros;Resuelta;OHL SERVICIOS INGESAN S.A.;4648,27;https://contrataciondelestado.es/wps/poc?uri=deeplink:detalle_licitacion&idEvl=VOGkjwYPJ3J%2BF6L2uCfUWg%3D%3D
Contratos menores;Tres conciertos dentro del V Ciclo -Compositores Leoneses- en el marco del 39.º Festival de Música Española, que se realizarán en los municipios de Riaño, Sahagún y Sariegos;Presidencia del Instituto Leonés de Cultura;servicios;Resuelta;Events Branch, S.L.;4640;https://contrataciondelestado.es/wps/poc?uri=deeplink:detalle_licitacion&idEvl=IDG0YRgs99b9pbnDwlaUlg%3D%3D
Contratos menores;Suministro de mesas y escurridera verduras para la cocina de la B.A. Alcantarilla.;Jefatura de la Sección Económico-Administrativa 41 - Base Aérea de San Javier;suministros;Resuelta;SUMINISTROS HOTELEROS SALAZAR SA;4624;https://contrataciondelestado.es/wps/poc?uri=deeplink:detalle_licitacion&idEvl=xCQA8mdP7PqExvMJXBMHHQ%3D%3D
Contratos menores;"Realización de mural ""María la bailaora, Gitana"" en Pared del Barrio de Rabiche.";Alcaldía del Ayuntamiento de Zamora;servicios;Resuelta;SAUL ALIJA MORÁN;4622;https://contrataciondelestado.es/wps/poc?uri=deeplink:detalle_licitacion&idEvl=5agMLgPeZaTmnwcj%2BxbdTg%3D%3D
Contratos menores;"Contrato menor de obra de ""Barandilla en acero inoxidable en escalera en Punta de Teno. Parque Rural de Teno""";Dirección Insular de Medio Natural del Cabildo Insular de Tenerife;obras;Resuelta;YAFER FERNANDEZ SLU;4580;https://contrataciondelestado.es/wps/poc?uri=deeplink:detalle_licitacion&idEvl=m4e5A37d6307%2B9FIQYNjeQ%3D%3D
Contratos menores;"El objeto del contrato es la presentación del servicio de representación escénica de la obra teatral ""5 Lobitos y un botón"" en la red de Escuelas Infantiles Municipales.";Junta de Gobierno del Ayuntamiento de Murcia;servicios;Resuelta;SOLEDAD PATRICIA VÁZQUEZ VIDAL;4564;https://contrataciondelestado.es/wps/poc?uri=deeplink:detalle_licitacion&idEvl=1yb0mPz1RdI%2Bk2oCbDosIw%3D%3D
Contratos menores;Servicios de catering en Caixa Forum;Dirección General de la Fundación EOI;servicios;Resuelta;SINGULARIS CATERING DE AUTOR SLU;4551;https://contrataciondelestado.es/wps/poc?uri=deeplink:detalle_licitacion&idEvl=KsoTlveXdDS9Hd5zqvq9cg%3D%3D
Contratos menores;Servicio de cena para el día 22 de octubre de 2026 en El Escorial con motivo de la celebración de las Jornadas de Formación Directiva de la Delegación Especial de Madrid;Delegación Especial de la Agencia Tributaria en Madrid;servicios;Resuelta;CHAROLES 2020 MM, S.;4550;https://contrataciondelestado.es/wps/poc?uri=deeplink:detalle_licitacion&idEvl=G8JxC%2Blw%2BM4tm4eBPtV6eQ%3D%3D
Contratos menores;se emplaza a este ayuntamiento para que, si a su derecho conviene, comparezca ante el Tribunal superior de Justicia de Canarias, Sala de lo Contencioso-Administrativo, Sección Segunda, por lo tanto se hace necesario realizar un contrato menor de servicios a la procuradora ANA M RAMOS VARELA, para la representación de este ayuntamiento.;Alcaldía del Ayuntamiento de San Bartolomé de Lanzarote;servicios;Resuelta;ANA RAMOS VARELA;4510;https://contrataciondelestado.es/wps/poc?uri=deeplink:detalle_licitacion&idEvl=vPQ6zUilDHqkU02jNGj1Fw%3D%3D
Contratos menores;servicio de traspaso de información patrimonial de Absis a SPAI Patrimonio;Instituto Cántabro de Administración Pública Rafael de la Sierra;suministros;Resuelta;ATYS 2.0 S.L.;4500;https://contrataciondelestado.es/wps/poc?uri=deeplink:detalle_licitacion&idEvl=TsrXguCf2qTjHF5qKI4aaw%3D%3D
Contratos menores;Tren de Navidad para los días 18-19 y 20 diciembre en el Secadero;Alcaldía del Ayuntamiento de Casares;servicios;Resuelta;ESPECTACULOS Y EVENTO MERCAOCIO, S.L.;4500;https://contrataciondelestado.es/wps/poc?uri=deeplink:detalle_licitacion&idEvl=J3MXYA697likU02jNGj1Fw%3D%3D
Contratos menores;249/26. Actuación musical de Queiman e Pousa, dentro da programación de verán 2026;Presidencia del Organismo Autónomo Terra de Sanxenxo;servicios;Resuelta;Queiman e Pousa, S.L.;4500;https://contrataciondelestado.es/wps/poc?uri=deeplink:detalle_licitacion&idEvl=GnQeaJIn8J%2BP%2Bo96UAV7cQ%3D%3D
Contratos menores;Contrato menor servicio de clases de canto de jota 26/27;Alcaldía del Ayuntamiento de Escatrón;servicios;Resuelta;ASOC CULTURAL Y DEPORTIVA OCEANO ATLANTICO;4495;https://contrataciondelestado.es/wps/poc?uri=deeplink:detalle_licitacion&idEvl=OV0UqDDUl0Sqb7rCcv76BA%3D%3D
Contratos menores;Servicio de clases de bailes latinos para el curso 2026-2027;Alcaldia del Ayuntamiento de Nambroca;servicios;Resuelta;GALAN JJ PIÑERO SC;4480;https://contrataciondelestado.es/wps/poc?uri=deeplink:detalle_licitacion&idEvl=k52BdAaRQ%2FGFQ%2FlhRK79lA%3D%3D
Contratos menores;Tramitacion de los desplazamientos y alojamientos de los asistentes al Congreso Comprender para aprender competencias matematicay lectora organizado por el Ministerio de Educacion, Formacion Profesional y Deportes.;Dirección General de Ordenación de las Enseñanzas, Inclusión e Innovación;servicios;Resuelta;VIAJES UNIRUTAS;4473;https://contrataciondelestado.es/wps/poc?uri=deeplink:detalle_licitacion&idEvl=HPhoJ8EduqT9pbnDwlaUlg%3D%3D
Contratos menores;actuación en la terrera de la ermita de la Virgen de Navalazarza.;Alcaldía del Ayuntamiento de San Agustín del Guadalix;servicios;Resuelta;EQUIPO PATRIMONIO SL;4470;https://contrataciondelestado.es/wps/poc?uri=deeplink:detalle_licitacion&idEvl=OgTSWCnvvBTkY6rls5tG9A%3D%3D
Contratos menores;12 cuñas de 20 segundos (L-V) desconexiones regionales;Consejería de Agricultura, Ganadería, Medio Rural y Política Ambiental de la Junta de Castilla y León;servicios;Resuelta;UNIPREX, S.A.U.;4462,81;https://contrataciondelestado.es/wps/poc?uri=deeplink:detalle_licitacion&idEvl=JwqzHA21HuqGCFcHcNGIlQ%3D%3D
Contratos menores;Escenario, equipamiento de sonido para escenario.;Alcaldía del Ayuntamiento de Teruel;servicios;Resuelta;JOSE MIGUEL MONFERRER DAUDEN;4440;https://contrataciondelestado.es/wps/poc?uri=deeplink:detalle_licitacion&idEvl=XTQ8%2B0GCzF6opEMYCmrbmw%3D%3D
Contratos menores;"Suministro de materiales, herramientas, equipos de producción y consumibles para el Programa de Empleo y Formación ""Fontanería y calefacción-climatización en la Sierra de las Nieves 2025/29/46/PED1/0188"" (El Burgo).";Presidencia de la Mancomunidad de Municipios Sierra de las Nieves;suministros;Resuelta;JUAN CANTERO RIO;4439,1;https://contrataciondelestado.es/wps/poc?uri=deeplink:detalle_licitacion&idEvl=ddcHfKz32pHL1rX3q%2FMAPA%3D%3D
Contratos menores;Contrato menor de servicios de “Campamento Urbano 2026”;Alcaldía del Ayuntamiento de Villablino;servicios;Resuelta;LACIANA NATURA S.L.;4427,27;https://contrataciondelestado.es/wps/poc?uri=deeplink:detalle_licitacion&idEvl=1JXxtyc5ADwwYTJJ03sHog%3D%3D
Contratos menores;Gestión, coordinación y producción integral del Baile de Taifa, que se celebrara el proximo 29 de mayo de 2026 en la zona del Lomo de Arucas en horario de 19:30 a 00:00 horas.;Alcaldia del Ayuntamiento de Arucas;servicios;Resuelta;YAIZMOND, SOCIEDAD LIMITADA;4398;https://contrataciondelestado.es/wps/poc?uri=deeplink:detalle_licitacion&idEvl=tyD8exGr7ZVxseVhcqrkhw%3D%3D
Contratos menores;Servicios de rotulación y señalización en diversos edificios municipales;Alcaldía del Ayuntamiento de Segura de León;suministros;Resuelta;DAVID GONZALEZ VILLALBA;4393,74;https://contrataciondelestado.es/wps/poc?uri=deeplink:detalle_licitacion&idEvl=YjBH%2BnmEnljXOjazN1Dw9Q%3D%3D
Contratos menores;Enmarcado y protección de las fotografías instaladas en el mural situado en la PLaza Conde de Fontao;Alcaldía del Concello de Foz;obras;Resuelta;AISLAMIENTOS FOZ SL;4315;https://contrataciondelestado.es/wps/poc?uri=deeplink:detalle_licitacion&idEvl=p8qCGPfYLwKOUi78BmzhOQ%3D%3D
Contratos menores;Suministro de combi Liebherr laboratorio ATEX95, LCEXV 4010 con destino el Instituto de Química Avanzada de Cataluña del CSIC;Presidencia de la Agencia Estatal Consejo Superior de Investigaciones Científicas, M.P.;suministros;Resuelta;NIRCO S.L;4271;https://contrataciondelestado.es/wps/poc?uri=deeplink:detalle_licitacion&idEvl=tt7vjjIb75LpxJFXpLZ%2B2A%3D%3D
Contratos menores;Suministro carburante (gasolina sin plomo) para embarcaciones segur: speis (bomberos) prot civil y policía local (julio 2026);Junta de Gobierno Local del Ayuntamiento de Alicante;suministros;Resuelta;MARINA DEPORTIVA DEL PUERTO DE ALICANTE, S.A.;4260,16;https://contrataciondelestado.es/wps/poc?uri=deeplink:detalle_licitacion&idEvl=j6c8Yi54znOAAM7L03kM8A%3D%3D
Contratos menores;Servicio de organización de la prueba deportiva XIV Aquatrail Cabo de las Huertas celebrada el día 9 de agosto de 2026.;Junta de Gobierno Local del Ayuntamiento de Alicante;servicios;Resuelta;Club d'Esports de Muntanya i Escalada 15 Cumbres Alacant;4257,19;https://contrataciondelestado.es/wps/poc?uri=deeplink:detalle_licitacion&idEvl=mWFXGDi41Mx%2FP7lJ7Fu0SA%3D%3D
Contratos menores;Dirección de obra y Coordinación SyS de las obras de Instalación de contadores domiciliarios;Alcaldía del Ayuntamiento de Titaguas;concesión de servicios;Resuelta;Consultora Valenciana de ingeniería S.L;4250;https://contrataciondelestado.es/wps/poc?uri=deeplink:detalle_licitacion&idEvl=2CfK91IHlVuzz8fXU2i3eQ%3D%3D
Contratos menores;Suministro e instalación S.A.I. Caiss Tárrega;INSS-Dirección provincial de Lleida;suministros;Resuelta;SALICRU S.A.;4240;https://contrataciondelestado.es/wps/poc?uri=deeplink:detalle_licitacion&idEvl=O%2BXjRrN7huKsNfRW6APEDw%3D%3D
Contratos menores;Campaña de publicidad institucional de comunicación de difusión de las ayudas al alumnado que realice su primera matrícula de primer curso de grado universitario, que se publicará entre los días 11 al 24 de octubre de 2026.;Consejería de la Presidencia de la Junta de Castilla y León;servicios;Resuelta;DESDE LEON AL MUNDO;4223,14;https://contrataciondelestado.es/wps/poc?uri=deeplink:detalle_licitacion&idEvl=lm%2FW2g7resmS81gZFETWmA%3D%3D
Contratos menores;2 anuncios (159 mm alto x 260 mm ancho) color, sin ubicación preferente, de lunes a sábado. Cinta fija (999 x 60px) + cinta fija versión móvil (320x100px), en la portada de la edición digital.;Consejería de Agricultura, Ganadería, Medio Rural y Política Ambiental de la Junta de Castilla y León;servicios;Resuelta;GRUPO DE COMUNICACIÓN PROMECAL, S.L.;4214,88;https://contrataciondelestado.es/wps/poc?uri=deeplink:detalle_licitacion&idEvl=HWMSbTr5fxy7JOCXkOhcDg%3D%3D
Contratos menores;Servicio para impartir el Taller de Costura Creativa para los meses de septiembre a diciembre de 2026 en el centro cultural de Corralejo,Parque- Holandés y Tindaya.;Junta de Gobierno del Ayuntamiento de La Oliva;servicios;Resuelta;AYSE EWING;4200;https://contrataciondelestado.es/wps/poc?uri=deeplink:detalle_licitacion&idEvl=NBxr2C6cKwAQyBAnWzHfCg%3D%3D
Contratos menores;Taller de Batucada curso 2026/2027;Alcaldía del Ayuntamiento de Aracena;servicios;Resuelta;SMART IB DE IMPULSO EMPRESARIAL S. COOP. AND.;4200;https://contrataciondelestado.es/wps/poc?uri=deeplink:detalle_licitacion&idEvl=OH%2Bs5go0E9wl5NjlNci%2BtA%3D%3D
Contratos menores;Servicios artísticos de la pintora Laura Vinos Calero para la realización de la imagen del Festival Internacional de Danza de Itálica 2027;Presidencia de la Diputación Provincial de Sevilla;servicios;Resuelta;LAURA VINOS CALERO;4200;https://contrataciondelestado.es/wps/poc?uri=deeplink:detalle_licitacion&idEvl=dhMD9ojoIvQadbH3CysQuQ%3D%3D
Contratos menores;GAPTO- Apósitos para paciente especial piel de mariposa;Dirección Gerencia de Atención Primaria de Toledo;suministros;Resuelta;MOLNLYCKE HEALTH CARE, S.L.;4187,52;https://contrataciondelestado.es/wps/poc?uri=deeplink:detalle_licitacion&idEvl=AbZm7LOFEMF%2BF6L2uCfUWg%3D%3D
Contratos menores;Publicación del libro La fuerza de la traducción creativa y cultural por Marta Iravedra y Ana Tamayo (eds.);Rectorado de la Universidad del País Vasco;servicios;Resuelta;EDITORIAL COMARES S.L.;4157,69;https://contrataciondelestado.es/wps/poc?uri=deeplink:detalle_licitacion&idEvl=avAzMCbFI%2FeIzo3LHNPGcQ%3D%3D
Contratos menores;Publicación del libro La fuerza de la traducción y la interpretación especializas por José Tomás Conde Ruano y Aitziber Elejalde (eds.);Rectorado de la Universidad del País Vasco;servicios;Resuelta;EDITORIAL COMARES S.L.;4157,69;https://contrataciondelestado.es/wps/poc?uri=deeplink:detalle_licitacion&idEvl=TmPVgWk%2BBquTylGzYmBF9Q%3D%3D
Contratos menores;Contratación de Póliza de seguros de Responsabilidad Civil general de la UNIA por 4 meses que cubra las indemnizaciones por las que pueda resultar civilmente responsable. En Anexo adjunto se especifican las coberturas.;Rectorado de la Universidad Internacional de Andalucía;servicios;Resuelta;WR BERLEY EUPOPE AG, SUCURSAL EN ESPAÑA;4157,12;https://contrataciondelestado.es/wps/poc?uri=deeplink:detalle_licitacion&idEvl=EX2MiQDL6kgl5NjlNci%2BtA%3D%3D
Contratos menores;Diseño e implantación de plataforma portal para la campaña del Bono Comercio 2026;Alcaldía del Ayuntamiento de San Fulgencio;servicios;Resuelta;DIGITAL VALUE SL;4144;https://contrataciondelestado.es/wps/poc?uri=deeplink:detalle_licitacion&idEvl=HwZgi2yxhPR9PLkba5eRog%3D%3D
Contratos menores;Adquisición de monturas para gafas graduadas;Jefatura de Intendencia de Asuntos Económicos Oeste;suministros;Resuelta;MARCHON HISPANIA SL;4132,22;https://contrataciondelestado.es/wps/poc?uri=deeplink:detalle_licitacion&idEvl=T2abou9ROH5rSd8H4b2soA%3D%3D
Contratos menores;Servicio de decoración y revestimiento interior de la Caseta Municipal de la Feria de Otoño 2026.;Concejal Responsable del Área de Cultura y Patrimonio Arqueológico del Ayuntamiento de Huelva;servicios;Resuelta;EVENTOS Y CELEBRACIONES MAJUPA SL;4131,4;https://contrataciondelestado.es/wps/poc?uri=deeplink:detalle_licitacion&idEvl=0mrP7ZNk4xYaF6cS8TCh%2FA%3D%3D
Contratos menores;Compra camisetas hombre bomberos (Grupo samalic sl).;Junta de Gobierno del Ayuntamiento de Murcia;suministros;Resuelta;GRUPO SAMALIC SL;4131,33;https://contrataciondelestado.es/wps/poc?uri=deeplink:detalle_licitacion&idEvl=PrIbuZ4O4yN9Zh%2FyRJgM8w%3D%3D
Contratos menores;Obras de Obra, reparación de climatización, aire acondicionado, electricidad, calefacción, protección contra incendios, ascensores, fachada, cubierta, etc. rótulos, vinilos, parquet. (nueva instalación, cambio o modifica;Director Gerente de FREMAP;obras;Resuelta;CONSTRUCCIONES NOGEREY SL;4125;https://contrataciondelestado.es/wps/poc?uri=deeplink:detalle_licitacion&idEvl=%2BHiT5%2BBLpSXE6P%2FuLemXRw%3D%3D
Contratos menores;Artículos promocionales Viceconsejería de Economía, Empresas y Empleo;Viceconsejería de Empleo, Diálogo Social y Seguridad y Salud Laboral de la Junta de Comunidades de Castilla-La Mancha;suministros;Resuelta;SANLUC REGALOS PUBLICITARIOS, S.L;4122,2;https://contrataciondelestado.es/wps/poc?uri=deeplink:detalle_licitacion&idEvl=4btMz8LoKFAkJPJS%2BPS9vg%3D%3D
Contratos menores;Contracte menor d'adaptació de xarxa elèctrica pel nou subministrament elèctric als locals baixos de l'edifici Capitol;Junta de Gobierno Local del Ayuntamiento de Pollença;suministros;Resuelta;EDISTRIBUCION REDES DIGITALES, SLU;4116,22;https://contrataciondelestado.es/wps/poc?uri=deeplink:detalle_licitacion&idEvl=M%2Bn5d8vZA3JQFSeKCRun4Q%3D%3D
Contratos menores;Contratación do estudo para a delimitación da ZAPE;Junta de Gobierno del Ayuntamiento de Lalín;servicios;Resuelta;ESTUDIO TÉCNICO GALLEGO SA;4115,7;https://contrataciondelestado.es/wps/poc?uri=deeplink:detalle_licitacion&idEvl=vx3ebGUSl6xSYrkJkLlFdw%3D%3D
Contratos menores;Licencias Citrix Ayuntamiento Majadahonda 2026;Alcaldía del Ayuntamiento de Majadahonda;suministros;Resuelta;IAAS365 S.L.;4110,84;https://contrataciondelestado.es/wps/poc?uri=deeplink:detalle_licitacion&idEvl=zCFXJ1LjUQIS7pcxhTeWOg%3D%3D
Contratos menores;Contrato menor de ludoteca verano 2026.;Alcaldía del Ayuntamiento de Lumbreras;servicios;Resuelta;Calle Activa S.L;4100;https://contrataciondelestado.es/wps/poc?uri=deeplink:detalle_licitacion&idEvl=nV6I35DpkAs7%2B9FIQYNjeQ%3D%3D
Contratos menores;Elaboración del Catálogo MICE de las Cinco Villas. Diseño, maquetación, textos y reportaje fotográfico en: Sos del Rey Católico, Uncastillo, Sádaba, Ejea, Tauste y Luna.;Presidencia de la Comarca de Cinco Villas;servicios;Resuelta;ESTUDIOS CYAN 98 SL;4100;https://contrataciondelestado.es/wps/poc?uri=deeplink:detalle_licitacion&idEvl=RIfxZJoSZMRQFSeKCRun4Q%3D%3D
Contratos menores;Servicio de transporte.;Diputación Provincial de Zamora;servicios;Resuelta;CASTAÑO E HIJOS S.L.;4100;https://contrataciondelestado.es/wps/poc?uri=deeplink:detalle_licitacion&idEvl=W%2Fc2Unch8ymS81gZFETWmA%3D%3D
Contratos menores;Decoración floral La Nit de la Llum;Alcaldía del Ayuntamiento de Dénia;servicios;Resuelta;CENTRO DE JARDINERIA Y FLORISTERIA NATURPLANT, SL;4090,91;https://contrataciondelestado.es/wps/poc?uri=deeplink:detalle_licitacion&idEvl=gIy5jHsOQSx%2FP7lJ7Fu0SA%3D%3D
Contratos menores;4 anuncios (162,2 mm alto x 258,2 mm ancho) color, página impar. Laborables y Megabanner (980x90px). Sección CyL, en la edición digital;Consejería de Agricultura, Ganadería, Medio Rural y Política Ambiental de la Junta de Castilla y León;servicios;Resuelta;EL ADELANTADO DE SEGOVIA, S.L.;4049,59;https://contrataciondelestado.es/wps/poc?uri=deeplink:detalle_licitacion&idEvl=hcdM7j5D8NOHCIsjvJ3rhQ%3D%3D
Contratos menores;Contrato menor de servicios para llevar a cabo el mantenimiento de las páginas web del Servicio de Fondos Europeos y Emprendimiento;Diputación Provincial de Zamora;servicios;Resuelta;JUAN JOSE RIESCO SUTIL;4049,59;https://contrataciondelestado.es/wps/poc?uri=deeplink:detalle_licitacion&idEvl=flZW5W47s40wYTJJ03sHog%3D%3D
Contratos menores;Diseño, programación y activación de infografías interactivas en torno treinta destacados monumentos de la provincia, para su uso por parte del Instituto Leonés de Cultura;Presidencia del Instituto Leonés de Cultura;servicios;Resuelta;Herradura Azul – Agencia de Comunicación Y Marketing, S.L.;4049,54;https://contrataciondelestado.es/wps/poc?uri=deeplink:detalle_licitacion&idEvl=jFHC%2BkJWw3%2Fua%2Fi14w%2FPLA%3D%3D
Contratos menores;GAPTO- Servicio extraordinario vigilancia julio 2026;Dirección Gerencia de Atención Primaria de Toledo;servicios;Resuelta;VITEN SEGURIDAD S.L.;4031,28;https://contrataciondelestado.es/wps/poc?uri=deeplink:detalle_licitacion&idEvl=5IipopKfpzqLAncw3qdZkA%3D%3D
Contratos menores;Incremento de obra en acondicionamiento de vivienda C/ Gaviota 12-16, 2ºH - 37 92030 0024 (Ciudad Rodrigo).;Servicio Territorial de Movilidad y Transformación Digital de Salamanca;obras;Resuelta;JORGE Y OSCAR CONSTRUCTORA, S.L.;4019,83;https://contrataciondelestado.es/wps/poc?uri=deeplink:detalle_licitacion&idEvl=JuqV%2BpBBrYQ2wEhQbcAqug%3D%3D
Contratos menores;Contratación de la Insonorización del Aula de Estudio 24 Horas;Alcaldía del Ayuntamiento de Béjar;obras;Resuelta;CONSREES, OBRAS, PROYECTOS Y REFORMAS, S.L.;4017,91;https://contrataciondelestado.es/wps/poc?uri=deeplink:detalle_licitacion&idEvl=wrwPxwqeo0Zq1DdmE7eaXg%3D%3D
Contratos menores;Servicio de catering para la Clausura de Sevilla 2026;Dirección General de la Fundación EOI;servicios;Resuelta;JAME COMEDORES, S.L.;4000;https://contrataciondelestado.es/wps/poc?uri=deeplink:detalle_licitacion&idEvl=tNSHWhr0vp6cCF8sV%2BqtYA%3D%3D
Contratos menores;Servicio de diseño, organización y producción de un evento de difusión y captación de potenciales beneficiarios para el programa Identidad Visual;Dirección General de la Fundación EOI;servicios;Resuelta;GALLEGO BACHILLER, LUISA;4000;https://contrataciondelestado.es/wps/poc?uri=deeplink:detalle_licitacion&idEvl=B%2Fmckf6B3sjyoM4us5k4vw%3D%3D
Contratos menores;servicio de speaker, karaoke y plataforma en las fiestas de San Bartolomé 2026;Alcaldía del Ayuntamiento de San Bartolomé de Lanzarote;servicios;Resuelta;ANGEL PEREZ PALLARES;4000;https://contrataciondelestado.es/wps/poc?uri=deeplink:detalle_licitacion&idEvl=7ujLMpLBx5txseVhcqrkhw%3D%3D
Contratos menores;teatro para las fiestas patronales de San Bartolomé 2026;Alcaldía del Ayuntamiento de San Bartolomé de Lanzarote;servicios;Resuelta;ASOC. CULTURAL LE COMI-K TEATRO;4000;https://contrataciondelestado.es/wps/poc?uri=deeplink:detalle_licitacion&idEvl=mrhQkjdP3VvVGIpKDxgsAQ%3D%3D
Contratos menores;"Actuaciones que conformarán la III edición del Festival ""Entresebes Folk""";Presidencia del Instituto Leonés de Cultura;servicios;Resuelta;ASOCIACIÓN MUSICAL RINGORRANGO;4000;https://contrataciondelestado.es/wps/poc?uri=deeplink:detalle_licitacion&idEvl=T8RZV3Os6WQ7u6%2B%2FR7DUoA%3D%3D
Contratos menores;CR- Dirección Facultativa de Grado Superior de las obras de Ampliación de sala de usos múltiple en el C.E.I.P. Miguel de Cervantes Saavedra de Almagro (Ciudad Real);Delegación Provincial de la Consejería de Educación, Cultura y Deportes en Ciudad Real;servicios;Resuelta;MAYOR CASTILLO, OCTAVIO;4000;https://contrataciondelestado.es/wps/poc?uri=deeplink:detalle_licitacion&idEvl=9QUQCxhkUFHN3k3tjedSGw%3D%3D
Contratos menores;Actuación de Coral Alminares en la misa de San Miguel y Nuestra Sra. de las Angustias.;Alcaldía del Ayuntamiento de Nerja;servicios;Resuelta;CORAL ALMINARES DE NERJA;4000;https://contrataciondelestado.es/wps/poc?uri=deeplink:detalle_licitacion&idEvl=7oudxirBFXu2gkLQ8TeYKA%3D%3D
Contratos menores;Compra de impresoras Policía Local de Huelva.;Concejal Responsable del Área de Presidencia y Relaciones Institucionales del Ayuntamiento de Huelva;suministros;Resuelta;SUITABLE SOFTWARE VINFOVAL SL;3990;https://contrataciondelestado.es/wps/poc?uri=deeplink:detalle_licitacion&idEvl=%2BWLgtKUzKvhrhBlEHQFSKA%3D%3D
Contratos menores;Suministro de papeleras y bancos centro histórico de la villa de Pontedeume . Plan de Recuperación, Transformación y Resiliencia Financiado por la UE-NEXT GENERATIONEU (PRTR)_PSTD FRAGAS DEL EUME (E4.A17);Presidencia de la Diputación Provincial de A Coruña;suministros;Resuelta;BENITO URBAN, S.L.U.;3965,64;https://contrataciondelestado.es/wps/poc?uri=deeplink:detalle_licitacion&idEvl=6HPaWvofUCdVkTabT%2FRM8A%3D%3D
Contratos menores;servicio de impartición de los cursos 2026P281 seguridad en trabajos en alturas (teórico-práctico) y 2026P282 seguridad en trabajos en espacios confinados (teórico-práctico);Instituto Cántabro de Administración Pública Rafael de la Sierra;servicios;Resuelta;INDACCESS, S.L.,;3960;https://contrataciondelestado.es/wps/poc?uri=deeplink:detalle_licitacion&idEvl=7qhqRHaUMt47u6%2B%2FR7DUoA%3D%3D
Contratos menores;Suministro de 30 plumas para banderas para su utilización en los actos o eventos del Ayuntamiento.;Alcaldia del Ayuntamiento de Tacoronte;suministros;Resuelta;ALMENAR E HIJOS SL;3958,35;https://contrataciondelestado.es/wps/poc?uri=deeplink:detalle_licitacion&idEvl=bMax%2B3FiBEaP%2Bo96UAV7cQ%3D%3D
Contratos menores;Montaje eléctrico para caspas, conexión escenario, líneas y cuadros de protección. Tramitación expedientes ante la Consejería de Industria y Tramitación de alumbrado para la actividad Maratón de cuentos, organizada por la Biblioteca Insular de Gran Canaria.;Consejería de Gobierno de Cultura del Cabildo de Gran Canaria;servicios;Resuelta;PLAYAS EVENTOS S.L.;3958,28;https://contrataciondelestado.es/wps/poc?uri=deeplink:detalle_licitacion&idEvl=LxVH9f1y%2BLbjHF5qKI4aaw%3D%3D
Contratos menores;trabajos de suministro y colocacion equipos acc tipo split en vestuarios campo de futbol;Alcaldía del Ayuntamiento de Leciñena;suministros;Resuelta;ELYMAN LECIÑENA S.L;3956;https://contrataciondelestado.es/wps/poc?uri=deeplink:detalle_licitacion&idEvl=yyKPVMac7OuTylGzYmBF9Q%3D%3D
Contratos menores;Alquiler, de escenario y de equipo de sonido y luminotecnia, así como el servicio de montaje, desmontaje y gestión técnica de los mismos, para el evento cultural e institucional denominado -El Gran Concejo-;Presidencia del Instituto Leonés de Cultura;suministros;Resuelta;SILUJ ILUMINACION, S.L.;3950;https://contrataciondelestado.es/wps/poc?uri=deeplink:detalle_licitacion&idEvl=pFIQ2%2B4V7p4IYE3ZiZ%2BxmQ%3D%3D
Contratos menores;Impermeabilització finestres superiors aules al CEIP Eleonor Bosch;Instituto Balear de Infraestructuras y Servicios Educativos (IBISEC);obras;Resuelta;RESET HAUS SLU;3950;https://contrataciondelestado.es/wps/poc?uri=deeplink:detalle_licitacion&idEvl=q6IrgwTk5du8ebB%2FXTwy0A%3D%3D
Contratos menores;El objeto del contrato consiste en el suministro de Colchones y otros mobiliarios , destinados a atender las necesidades del Centro de Bomberos de La Oliva, de acuerdo con las características y unidades indicadas en el presupuesto presentado por la empresa adjudicataria.;Junta de Gobierno del Ayuntamiento de La Oliva;suministros;Resuelta;DORMITORUM SA;3948,42;https://contrataciondelestado.es/wps/poc?uri=deeplink:detalle_licitacion&idEvl=BQ1lkQmxYxZrSd8H4b2soA%3D%3D
Contratos menores;Contratación del componente para la visualización de la herramienta de explotación de ESCO;Fundación Estatal para la Formación en el Empleo, F.S.P.;servicios;Resuelta;SIA Data Visualization Software Lab;3947,55;https://contrataciondelestado.es/wps/poc?uri=deeplink:detalle_licitacion&idEvl=MMAWRvCM8Qw%2Bk2oCbDosIw%3D%3D
Contratos menores;Actividad extraescolar robótica;Alcaldia del Ayuntamiento de Alcasser;servicios;Resuelta;AUCA PROJECTES EDUCATIUS SL;3940;https://contrataciondelestado.es/wps/poc?uri=deeplink:detalle_licitacion&idEvl=4jjJZ7Bb1qHI8aL3PRS10Q%3D%3D
Contratos menores;Alquiler, montaje, desmontaje y supervisión técnica de escenario, de equipo técnico de sonido y luminotecnia para las actuaciones musicales de la III edición del festival -ENTRESEBES FOLK 2026-;Presidencia del Instituto Leonés de Cultura;suministros;Resuelta;SILUJ ILUMINACIÓN, S.L.U.;3885;https://contrataciondelestado.es/wps/poc?uri=deeplink:detalle_licitacion&idEvl=ayAzqDxTN3trSd8H4b2soA%3D%3D
Contratos menores;3 anuncios ( 2 medias páginas 152 mm alto x 229 mm ancho) + Faldón (74 mm alto x 229 mm ancho) color impar. Laborables;Consejería de Agricultura, Ganadería, Medio Rural y Política Ambiental de la Junta de Castilla y León;servicios;Resuelta;ALNUAR 2000 SL;3884,3;https://contrataciondelestado.es/wps/poc?uri=deeplink:detalle_licitacion&idEvl=zwypj7nrCxB9PLkba5eRog%3D%3D
Contratos menores;Reimpresión de folletos informativos sobre el Monasterio de Carracedo;Presidencia del Instituto Leonés de Cultura;servicios;Resuelta;RECURSOS DE INFORMACIÓN Y COMUNICACIÓN INTEGRAL, S.L. (RICI Comunicación);3872,31;https://contrataciondelestado.es/wps/poc?uri=deeplink:detalle_licitacion&idEvl=N5P1nLD3SqmExvMJXBMHHQ%3D%3D
Contratos menores;GAPTO- Sonda rectal sistema irrigación anal;Dirección Gerencia de Atención Primaria de Toledo;suministros;Resuelta;COLOPLAST PRODUCTOS MEDICOS, S.A.;3833,38;https://contrataciondelestado.es/wps/poc?uri=deeplink:detalle_licitacion&idEvl=O2D981EN1OBLAIVZdUs8KA%3D%3D
Contratos menores;Contrato menor Servicios. Talleres Monográficos de Artes Plásticas;Alcaldía del Ayuntamiento de Polopos - La Mamola;servicios;Resuelta;MARIA TRINIDAD( TRASARTE) CORREA PEREZ;3825;https://contrataciondelestado.es/wps/poc?uri=deeplink:detalle_licitacion&idEvl=d6SS94Opcc4%2Bk2oCbDosIw%3D%3D
Contratos menores;Reparación de vivienda sita en C/ Feria 71, bajo B, de Herrera del Duque.;Consejería de Infraestructuras, Transporte y Vivienda;obras;Resuelta;RESECO Y PAREJO SL;3814,4;https://contrataciondelestado.es/wps/poc?uri=deeplink:detalle_licitacion&idEvl=sDeIAX5lBfxxseVhcqrkhw%3D%3D
Contratos menores;3 anuncios (152,9 mm alto x 254 mm ancho) color – Laborable -impar y Robapáginas Grande 300x600 HOME - IP Castilla y León, en la edición digital.;Consejería de Agricultura, Ganadería, Medio Rural y Política Ambiental de la Junta de Castilla y León;servicios;Resuelta;AUDIOVISUAL ESPAÑOLA 2000 SA;3801,65;https://contrataciondelestado.es/wps/poc?uri=deeplink:detalle_licitacion&idEvl=NphRJabdHhL9pbnDwlaUlg%3D%3D
Contratos menores;catering día 12 de octubre de 2026.;Alcaldía del Ayuntamiento de San Agustín del Guadalix;servicios;Resuelta;RAHA 2001, S.L.U.;3800;https://contrataciondelestado.es/wps/poc?uri=deeplink:detalle_licitacion&idEvl=1wncsEBI1VJt5r0ngvMetA%3D%3D
Contratos menores;Realización de proyecto y certificado de finalización de la instalación para la obtención de la licencia de obertura del centro deportivo Joan Fuster;Alcaldía del Ayuntamiento de Dénia;servicios;Resuelta;ESTUDIO INGENIERIA JULIAN PEREZ SLP;3800;https://contrataciondelestado.es/wps/poc?uri=deeplink:detalle_licitacion&idEvl=zt5epM6pbbsadbH3CysQuQ%3D%3D
Contratos menores;Campaña de publicidad institucional de comunicación de difusión de las ayudas al alumnado que realice su primera matrícula de primer curso de grado universitario, que se publicará entre los días 11 al 24 de octubre de 2026.;Consejería de la Presidencia de la Junta de Castilla y León;servicios;Resuelta;COMERCIALIZACIÓN DE MEDIOS DE CASTILLA YS.L.;3780,16;https://contrataciondelestado.es/wps/poc?uri=deeplink:detalle_licitacion&idEvl=OAqvLdnXGf8eIBJRHQiPkQ%3D%3D
Contratos menores;Adquisición de llaves de seguridad para Centro Criptológico Nacional;Dirección General de la Fundación EOI;suministros;Resuelta;ITECHGRUP INNOVACIÓN EN TECNOLOGÍAS DE LA INFORMACIÓN SL;3743;https://contrataciondelestado.es/wps/poc?uri=deeplink:detalle_licitacion&idEvl=M9qOLwCP8Vl9PLkba5eRog%3D%3D
Contratos menores;Suministro de Ultramarinos en el Albergue Juvenil Fernán González, Miranda de Ebro (Burgos);Consejería de Desregulación, Familia y Ayudas Sociales de la Junta de Castilla y León;suministros;Resuelta;MENENDEZ Y CIA S.L.;3732,64;https://contrataciondelestado.es/wps/poc?uri=deeplink:detalle_licitacion&idEvl=BD%2FLE3QrDZK9Hd5zqvq9cg%3D%3D
Contratos menores;Reparación de vivienda sita en C/ Romero n.º 54, bajo B, de Fuente de Cantos (Badajoz).;Consejería de Infraestructuras, Transporte y Vivienda;obras;Resuelta;SOLUCIONES Y CONSTRUCCIONES ANPED S;3728,45;https://contrataciondelestado.es/wps/poc?uri=deeplink:detalle_licitacion&idEvl=8NvhK0GRBeq9Hd5zqvq9cg%3D%3D
Contratos menores;Servicio de organización y producción de contenidos para evento;Dirección General de la Fundación EOI;servicios;Resuelta;POZO MENDEZ, JULIA MARIA;3720;https://contrataciondelestado.es/wps/poc?uri=deeplink:detalle_licitacion&idEvl=p6iutvuqfuZ70UvEyYJSGw%3D%3D
Contratos menores;"Representación espectáculo ""Esencia"" el 28 de noviembre de 2026 en el Teatro José Mª Rodero.";Concejal de Contratación del Ayuntamiento de Torrejón de Ardoz;servicios;Resuelta;Entrecajas Producciones Teatrales, S.L.;3720;https://contrataciondelestado.es/wps/poc?uri=deeplink:detalle_licitacion&idEvl=BoLDdzeVbZHgL1BHd3qjQA%3D%3D
Contratos menores;Contrato menor para ampliación de la instalación eléctrica, con una nueva línea eléctrica de distribución de fuerza para el salón de actos del vivero de empresas de Carabanchel, sito en C/ Cidro 3, 28044 Madrid.;Área de Gobierno de Economía, Innovación y Hacienda del Ayuntamiento de Madrid;servicios;Resuelta;ELSAMEX GESTIÓN DE INFRAESTRUCTURAS, S.L.;3713,68;https://contrataciondelestado.es/wps/poc?uri=deeplink:detalle_licitacion&idEvl=6pvN70c9hFx9PLkba5eRog%3D%3D
Contratos menores;Servicio de 100 horas de grúa para la Concejalía de Obras.;Junta de Gobierno Local del Ayuntamiento de Mojácar;servicios;Resuelta;FRANCISCO GARCIA CARRILLO;3700;https://contrataciondelestado.es/wps/poc?uri=deeplink:detalle_licitacion&idEvl=O0fW1tkZuC9VkTabT%2FRM8A%3D%3D
Contratos menores;GAPTO- Tira reactiva glucosa en sangre medidor para bomba insulina;Dirección Gerencia de Atención Primaria de Toledo;suministros;Resuelta;Roche Diagnostics, S.L.;3648;https://contrataciondelestado.es/wps/poc?uri=deeplink:detalle_licitacion&idEvl=vHVgSW4xInSLAncw3qdZkA%3D%3D
Contratos menores;2 anuncios (141 mm alto x 246 mm ancho) color, impar, laborable (L-S) y Banner Billboard 990x250, en la edición digital.;Consejería de Agricultura, Ganadería, Medio Rural y Política Ambiental de la Junta de Castilla y León;servicios;Resuelta;EDITORA DE PRENSA SORIANA, S.L.;3636,36;https://contrataciondelestado.es/wps/poc?uri=deeplink:detalle_licitacion&idEvl=SSFQLUFADeIwYTJJ03sHog%3D%3D
Contratos menores;Publicidad y Difusión de RED5V Montaje de material en Feria de Ejea;Presidencia de la Comarca de Cinco Villas;servicios;Resuelta;ARENA & MABE, S.L.;3636,36;https://contrataciondelestado.es/wps/poc?uri=deeplink:detalle_licitacion&idEvl=WJIeSNGNRReHCIsjvJ3rhQ%3D%3D
Contratos menores;Barrado ad contrato menor concierto banda música templete vega;Junta de Gobierno del Ayuntamiento de Toledo;privado;Resuelta;ASOCIACION BANDA DE MUSICA CIUDAD DE TOLEDO;3625,27;https://contrataciondelestado.es/wps/poc?uri=deeplink:detalle_licitacion&idEvl=wXsuMUWER8p4zIRvjBVCSw%3D%3D
Contratos menores;Diseno y elaboracion de guias didacticas competencias matematicas.;Dirección General de Ordenación de las Enseñanzas, Inclusión e Innovación;servicios;Resuelta;LUIS ÁNGEL BLANCO FERNÁNDEZ;3612;https://contrataciondelestado.es/wps/poc?uri=deeplink:detalle_licitacion&idEvl=YC%2BRzHkeNATL1rX3q%2FMAPA%3D%3D
Contratos menores;"Servicio cultura ""Mood 0.0 By Arkano"" como parte de programación de los actos de celebración de la semana de los derechos de la infancia y adolescencia 2026 en el municipio de Móstoles, cuya representación se celebrará el 21 de noviembre de 2026 en el Teatro Villa de Móstoles.";Junta de Gobierno del Ayuntamiento de Móstoles;servicios;Resuelta;Dreamers Brothers S.L;3600;https://contrataciondelestado.es/wps/poc?uri=deeplink:detalle_licitacion&idEvl=mpv%2B7%2FlupcPL1rX3q%2FMAPA%3D%3D
Contratos menores;Contrato de servicios para la redacción del proyecto básico y de ejecución para las obras de arquitectura temporal: acogida y taquilla dentro del Museo Nacional de Arte Romano de Mérida.;Gerencia de Infraestructuras y Equipamientos de Cultura O.A;servicios;Resuelta;ARTURO BLANCO HERRERO;3600;https://contrataciondelestado.es/wps/poc?uri=deeplink:detalle_licitacion&idEvl=IiMGudLv1qbpxJFXpLZ%2B2A%3D%3D
Contratos menores;Reparación pistas de petanca;Junta de Gobierno del Ayuntamiento de Alguazas;servicios;Resuelta;ZIDEAL, S.L.;3593,7;https://contrataciondelestado.es/wps/poc?uri=deeplink:detalle_licitacion&idEvl=sttXNTF3gjjXOjazN1Dw9Q%3D%3D
Contratos menores;Servicios necesarios para la participación promocional de turismo Castilla-Mancha en el evento Farcama Primavera que se celebra entre los días 13 y 17 de mayo de 2026 en Albacete, mediante la gestión del vehículo promocional propiedad de Eturia clm;Dirección Gerencia de la Empresa Pública de Promoción del Turismo y la Artesanía de Castilla-La Mancha (ETURIA), S.A.;servicios;Resuelta;Winking Bus SL;3568,5;https://contrataciondelestado.es/wps/poc?uri=deeplink:detalle_licitacion&idEvl=fEQAZ%2BGauFHzAq95uGTrDQ%3D%3D
Contratos menores;Reparación en cubierta por comprometida habitabilidad (faldón norte) en el CEIP Gregorio Marañón de Huecas (Toledo).;Delegación Provincial de la Consejería de Educación, Cultura y Deportes en Toledo;obras;Resuelta;GCO OBRAS Y CONSTRUCCIONES, S.L.;3550,9;https://contrataciondelestado.es/wps/poc?uri=deeplink:detalle_licitacion&idEvl=r8pjHCnrEsOAAM7L03kM8A%3D%3D
Contratos menores;Adquisición de 8 Tablets Samsung para la pasación de pruebas en colegios. Proyecto MCIU-NO24/P51, María Martinez;Rectorado de la Universidad del País Vasco;suministros;Resuelta;EL CORTE INGLES S.A.;3529,84;https://contrataciondelestado.es/wps/poc?uri=deeplink:detalle_licitacion&idEvl=jxcKoS8KARJVkTabT%2FRM8A%3D%3D
Contratos menores;Suministro de Brazaletes de Presión arterial 1 Vía varias medidas para dotar en los Centros de Salud dependientes de esta Gerencia.;Gerencia de Atención Primaria del Area de Salud de Tenerife;suministros;Resuelta;ACJ SAU;3520;https://contrataciondelestado.es/wps/poc?uri=deeplink:detalle_licitacion&idEvl=%2FC6dmTKWTVZ%2FR5QFTlaM4A%3D%3D
Contratos menores;"Contratación del humorista ""Millán Salcedo"" en el Auditorio Municipal el día 03 de abril de 2027, a las 20:30 horas mediante contrato privado.";Alcaldía del Ayuntamiento de Puertollano;servicios;Resuelta;TXALO PRODUKZIOAK SL;3500;https://contrataciondelestado.es/wps/poc?uri=deeplink:detalle_licitacion&idEvl=K1CNpIWzMqXL1rX3q%2FMAPA%3D%3D
Contratos menores;Compra de productos de limpieza para el Ayto, centro de mayores y colegio;Alcaldia del Ayuntamiento de San Lorenzo de la Parrilla;suministros;Resuelta;FRANCISCO MARINO BAÑOS MARTINEZ;3500;https://contrataciondelestado.es/wps/poc?uri=deeplink:detalle_licitacion&idEvl=qfuVJXegWKvpxJFXpLZ%2B2A%3D%3D
Contratos menores;Suministro 20 bancos perchero para vestuario;Jefatura de Asuntos Económicos del Mando de Personal;suministros;Resuelta;Lucia Asunción Losada Sotillo;3500;https://contrataciondelestado.es/wps/poc?uri=deeplink:detalle_licitacion&idEvl=XtzlJyrZlan10HRJw8TEnQ%3D%3D
Contratos menores;desbroce en la zona de tirada de los Fuegos Artificiales;Alcaldía del Ayuntamiento de Tordesillas;servicios;Resuelta;CONTRATAS ANCAR,S.L.;3485,61;https://contrataciondelestado.es/wps/poc?uri=deeplink:detalle_licitacion&idEvl=kklBaHEORhwmMOlAXxDEjw%3D%3D
Contratos menores;Suministro de material de oficina para las Casa de la Mujer de Caceres, la Casa de la Mujer y del Menor de Badajoz y las oficinas del Instituto de la Mujer de Extremadura;Instituto de la Mujer de Extremadura;suministros;Resuelta;JORGE CASCON PEREZ;3485,53;https://contrataciondelestado.es/wps/poc?uri=deeplink:detalle_licitacion&idEvl=5rNnZnZl4wYeIBJRHQiPkQ%3D%3D
Contratos menores;Contrato menor de servicios de agencia de viajes relativo a los gastos de vuelos y alojamientos para el viaje a Argentina y Uruguay, del 13 al 19 de septiembre de 2026, de D. Pedro Ángel González Delgado, Director Insular de Acción Exterior.;Dirección Insular de Acción Exterior del Cabildo Insular de Tenerife;servicios;Resuelta;VIAJES INSULAR S.A;3449,57;https://contrataciondelestado.es/wps/poc?uri=deeplink:detalle_licitacion&idEvl=BdhAgkeFZpXgL1BHd3qjQA%3D%3D
Contratos menores;Adquisición de colchones;Dirección General de la Fundación EOI;suministros;Resuelta;SOMIERES MARPE, S.L.;3443,96;https://contrataciondelestado.es/wps/poc?uri=deeplink:detalle_licitacion&idEvl=qTa3ZwB2ScfzAq95uGTrDQ%3D%3D
Contratos menores;"Contratación de una campaña de comunicación en emisora de radio de ámbito autonómico ""PROMOCION DE LA MINERIA""";Consejería de Medio Ambiente y Energía de la Junta de Castilla y León;servicios;Resuelta;UNIPREX, S.A.U.;3430,58;https://contrataciondelestado.es/wps/poc?uri=deeplink:detalle_licitacion&idEvl=gXvSsrUzb9rXOjazN1Dw9Q%3D%3D
Contratos menores;Redacción de proyecto de Renovación redes de abastecimiento y saneamiento;Dirección Gerente de Aguas Vega Sierra Elvira, S.A.;servicios;Resuelta;ASITEC S.L.P.;3400;https://contrataciondelestado.es/wps/poc?uri=deeplink:detalle_licitacion&idEvl=M1QaGLhVxB3I8aL3PRS10Q%3D%3D
Contratos menores;Prestación de servicios para la confección de plano topográfico en la zona del muelle de la Ribera de Moguer.;Presidencia de la Mancomunidad de Desarrollo Condado de Huelva;servicios;Resuelta;Mª Ángeles Pavón Redondo;3400;https://contrataciondelestado.es/wps/poc?uri=deeplink:detalle_licitacion&idEvl=7dyz9J5%2Fw5E%2FbjW6njtWLw%3D%3D
Contratos menores;Redacción y elaboración de los textos de dos libros que se publicarán con motivo de la conmemoración del Centenario de la Generación del 27;Presidencia de la Diputación Provincial de Sevilla;servicios;Resuelta;EVA DIAZ PÉREZ;3400;https://contrataciondelestado.es/wps/poc?uri=deeplink:detalle_licitacion&idEvl=AXAjg9QJtfCIzo3LHNPGcQ%3D%3D
Contratos menores;Contratación subm. de medallas e trofeos da carreira do cocido 2026;Junta de Gobierno del Ayuntamiento de Lalín;suministros;Resuelta;JUAN CARLOS BLANCO GONZÁLEZ;3388,48;https://contrataciondelestado.es/wps/poc?uri=deeplink:detalle_licitacion&idEvl=DmrXYoWtKoD9pbnDwlaUlg%3D%3D
Contratos menores;3 anuncios (141 mm de alto x 246 mm de ancho) color sección de información local, ubicación preferente, de L-D. y Banner 300x300, en la edición digital;Consejería de Agricultura, Ganadería, Medio Rural y Política Ambiental de la Junta de Castilla y León;servicios;Resuelta;BURGOS PUBLICACIONES , S.A.;3388,43;https://contrataciondelestado.es/wps/poc?uri=deeplink:detalle_licitacion&idEvl=yTF0YuqKS83yoM4us5k4vw%3D%3D
Contratos menores;Pilates mujer 2026/27;Alcaldía del Ayuntamiento de Algorfa;servicios;Resuelta;ENEKO DELGADO DEACOSTA;3388,42;https://contrataciondelestado.es/wps/poc?uri=deeplink:detalle_licitacion&idEvl=Eefd5CSnJFiTylGzYmBF9Q%3D%3D
Contratos menores;Adquisición óptica endoscopia 5mm y 30 grados para Urología del Hospital General de la Defensa en Zaragoza (HGDZ);Inspección General de Sanidad de la Defensa;suministros;Resuelta;OLYMPUS IBERIA S.A.U.;3388;https://contrataciondelestado.es/wps/poc?uri=deeplink:detalle_licitacion&idEvl=Zi8GoVu9PAfN3k3tjedSGw%3D%3D
Contratos menores;diseño, maquetación e impresión de los folletos de escuelas deportivas y abono deporte;Concejalías Delegadas del Ayuntamiento de Alcobendas;servicios;Resuelta;GRAFICAS ARIES, S.A.;3386;https://contrataciondelestado.es/wps/poc?uri=deeplink:detalle_licitacion&idEvl=%2FJatkQMKxjmP%2Bo96UAV7cQ%3D%3D
Contratos menores;Suministro de 25 adaptadores de interconexión para la B.A. Alcantarilla.;Jefatura de la Sección Económico-Administrativa 41 - Base Aérea de San Javier;suministros;Resuelta;MUNDO TACTICO, S.L.;3385,75;https://contrataciondelestado.es/wps/poc?uri=deeplink:detalle_licitacion&idEvl=hABFyt5b1AdrSd8H4b2soA%3D%3D
Contratos menores;Servicio de catering;Diputación Provincial de Zamora;servicios;Resuelta;G.H. DE LUZ SLU;3383,18;https://contrataciondelestado.es/wps/poc?uri=deeplink:detalle_licitacion&idEvl=eHBiwJmVwDn%2Fa9DgO%2BoYKQ%3D%3D
Contratos menores;Contrato de servicio de restauración para el acto de apertura del Curso Académico 2026-27 de la UNIA, y posterior reunión de AUPA.;Rectorado de la Universidad Internacional de Andalucía;servicios;Resuelta;ALBERTO MEJIAS CATERING S.L.;3375;https://contrataciondelestado.es/wps/poc?uri=deeplink:detalle_licitacion&idEvl=MibNnlvug6qFlFRHfEzEaw%3D%3D
Contratos menores;Contrato menor de servicios_Redacción del proyecto y dirección de obra de Adecuación alumbrado público, depósito e instalación eléctrica;Alcaldía del Ayuntamiento de Castell de Cabres;servicios;Resuelta;ASSISTENCIA TECNICA GLOBAL ENGINYERS SLP;3355,41;https://contrataciondelestado.es/wps/poc?uri=deeplink:detalle_licitacion&idEvl=dGLWFpLzI7T10HRJw8TEnQ%3D%3D
Contratos menores;Adquisición e instalación de secadoras.;Jefatura de la Sección Económico Administrativa 15 Agrupación del Cuartel General del Ejército del Aire;suministros;Resuelta;ALARSA HOSTELERA S.L;3329;https://contrataciondelestado.es/wps/poc?uri=deeplink:detalle_licitacion&idEvl=JFRYQJEwRkBVkTabT%2FRM8A%3D%3D
Contratos menores;Renovación de licencias autocad;Alcaldía del Ayuntamiento de Alzira;suministros;Resuelta;SEMICONDUCTORES Y SISTEMAS, SA;3325;https://contrataciondelestado.es/wps/poc?uri=deeplink:detalle_licitacion&idEvl=Biz%2FR0QwRsOKeVWTb9Scog%3D%3D
Contratos menores;Termo bloque;Secretaría General del INTA;suministros;Resuelta;VWR International Eurolab, S.L.U.;3311;https://contrataciondelestado.es/wps/poc?uri=deeplink:detalle_licitacion&idEvl=uEqe6Vpz8QUZDGvgaZEVxQ%3D%3D
Contratos menores;2 anuncios (159 mm alto x 260 mm ancho), color, sin ubicación preferente, de lunes a sábado. Cinta fija (999 x 60px) + cinta fija versión móvil (320x100px), en la portada de la edición digital.;Consejería de Agricultura, Ganadería, Medio Rural y Política Ambiental de la Junta de Castilla y León;servicios;Resuelta;DIARIO DE AVILA S.A.;3305,78;https://contrataciondelestado.es/wps/poc?uri=deeplink:detalle_licitacion&idEvl=O2jH5euYZx%2FECtSnloz%2BZQ%3D%3D
Contratos menores;Contrato para reparación de pinchazos y cubiertas de vehículos de la Policía Local.;Junta de Gobierno del Ayuntamiento de Ciudad Real;suministros;Resuelta;NEUMATICOS FERNANDEZ PACHECOS, S.L.;3304;https://contrataciondelestado.es/wps/poc?uri=deeplink:detalle_licitacion&idEvl=BiQsfq4SyOdSYrkJkLlFdw%3D%3D
Contratos menores;Servicio de Hostelería en fiestas patronales.;Alcaldía del Ayuntamiento de Lumbreras;servicios;Resuelta;DELICIOUS GASTRONOMÍA 2015 S.L;3300;https://contrataciondelestado.es/wps/poc?uri=deeplink:detalle_licitacion&idEvl=g%2F5ZXxf1Ut9%2FP7lJ7Fu0SA%3D%3D
Contratos menores;516/26. Contratación de fogos para as festas patronais de Portonovo 2026;Presidencia del Organismo Autónomo Terra de Sanxenxo;servicios;Resuelta;Pibierzo, S.L.;3300;https://contrataciondelestado.es/wps/poc?uri=deeplink:detalle_licitacion&idEvl=dPfyR%2BOEv2QwYTJJ03sHog%3D%3D
Contratos menores;Servicio de auditoría para certifición de sistema de calidad en la Mancomunidad de Municipios de la Sierra de las Nieves;Presidencia de la Mancomunidad de Municipios Sierra de las Nieves;servicios;Resuelta;BUREAU VERITAS IBERIA, S.L;3280;https://contrataciondelestado.es/wps/poc?uri=deeplink:detalle_licitacion&idEvl=%2B3T1tGQw5M3jHF5qKI4aaw%3D%3D
Contratos menores;Instalación de desagües para instalación de fuentes en Calle Mónaco y Calle Alfredo Kraus, Urb. Marina;Alcaldía del Ayuntamiento de San Fulgencio;servicios;Resuelta;INFRAESTRUCTURAS Y SERVICIOS COMINO, S.L;3277,38;https://contrataciondelestado.es/wps/poc?uri=deeplink:detalle_licitacion&idEvl=zjGpoRITIZcwYTJJ03sHog%3D%3D
Contratos menores;Balanza analítica de laboratorio para el Instituto de Agroquímica y Tecnología de Alimentos (IATA-CSIC).;Gerencias de los Institutos de la Agencia Estatal Consejo Superior de Investigaciones Científicas;suministros;Resuelta;Empresa de Productos de Investigación y Ciencias Avanzadas;3229,42;https://contrataciondelestado.es/wps/poc?uri=deeplink:detalle_licitacion&idEvl=Hj6PEv80MRtt5r0ngvMetA%3D%3D
Contratos menores;Organización y arbitraje Campeonato Pádel 7 junio;Secretaría General de la Consejería de Educación, Cultura y Deportes de la Junta de Comunidades de Castilla-La Mancha;servicios;Resuelta;FEDERACION DE PADEL CLM;3222;https://contrataciondelestado.es/wps/poc?uri=deeplink:detalle_licitacion&idEvl=qMPoWHy9XowUqXM96WStVA%3D%3D
Contratos menores;Suministro de mesas y bancos para espacio degradado Fuente de la Cobata de Baltanás.;Alcaldía del Ayuntamiento de Baltanás;suministros;Resuelta;PREFABRICADOS COGOLLOS SL;3221,23;https://contrataciondelestado.es/wps/poc?uri=deeplink:detalle_licitacion&idEvl=mzWnnJqrkVEeC9GJQOEBkQ%3D%3D
Contratos menores;Pequeña obra sustitución de azulejos deteriorados en mal estado en los vestuarios;Dirección del Instituto Regional de Investigación y Desarrollo Agroalimentario y Forestal de Castilla-La Mancha (IRIAF);servicios;Resuelta;GOMEZ SANDOVAL, FRANCISCO JAVIER;3220;https://contrataciondelestado.es/wps/poc?uri=deeplink:detalle_licitacion&idEvl=1%2BXE6LN%2BRE%2FXOjazN1Dw9Q%3D%3D
Contratos menores;Reparación de viviendas sitas en C/ Federico García Lorca 8, de Puebla de Alcollarín y C/ Casón del Buen Retiro 5, de Zurbarán.;Consejería de Infraestructuras, Transporte y Vivienda;obras;Resuelta;RESECO Y PAREJO SL;3214;https://contrataciondelestado.es/wps/poc?uri=deeplink:detalle_licitacion&idEvl=NCkxxW2HNN83vLk2DU2Ddg%3D%3D
Contratos menores;Servicio de mantenimiento, soporte y actualización del software de gestión de turnos y cita previa del Ayuntamiento;Alcaldía del Ayuntamiento de Valdepeñas;servicios;Resuelta;Valpatek Technology Group S.L.;3208;https://contrataciondelestado.es/wps/poc?uri=deeplink:detalle_licitacion&idEvl=o716BjqONMx70UvEyYJSGw%3D%3D
Contratos menores;Sustitución tubería jardín RM, en la Residencia Militar de Descanso La plana núcleo Castalia - Castellón;Jefatura de Intendencia de Asuntos Económicos Este;servicios;Resuelta;POOL-TERMIA SL;3203;https://contrataciondelestado.es/wps/poc?uri=deeplink:detalle_licitacion&idEvl=%2B%2FqoemxWZtvN3k3tjedSGw%3D%3D
Contratos menores;Actividades Culturales: Burger Fest 2026;Diputación Provincial de Zamora;servicios;Resuelta;EVENTUS DURI S.L;3200;https://contrataciondelestado.es/wps/poc?uri=deeplink:detalle_licitacion&idEvl=nVGe%2BIzXZLKGCFcHcNGIlQ%3D%3D
Contratos menores;Servicio de alquiler del equipo de sonido y luces para los conciertos que se celebran en las fiestas patronales Sagrada Familia del 8 al 11 de Octubre 2026.;Alcaldía del Ayuntamiento de La Vall d'Uixó;suministros;Resuelta;FERRETERIA Y SONIDO DIAZ SL;3200;https://contrataciondelestado.es/wps/poc?uri=deeplink:detalle_licitacion&idEvl=9oNDAfH9nVG9Hd5zqvq9cg%3D%3D
Contratos menores;"Cabalgata Reyes 2027 - Contratación equipos de Sonido y Pasacalles ""Animales gigantes"".";Junta de Gobierno del Ayuntamiento de Santa Pola;servicios;Resuelta;Álvaro García Martínez;3200;https://contrataciondelestado.es/wps/poc?uri=deeplink:detalle_licitacion&idEvl=9aqq6hbheETCfVQHDepjGQ%3D%3D
Contratos menores;(530035) Suministro de una hidrolimpiadora portátil con accesorios;Jefatura de la Sección Económico Administrativa 23 de la Base Aérea de Albacete;suministros;Resuelta;SUMINISTROS INDUSTRIALES SIERRA CUENCA SL;3197,6;https://contrataciondelestado.es/wps/poc?uri=deeplink:detalle_licitacion&idEvl=wwT%2BSVtoM27ECtSnloz%2BZQ%3D%3D
Contratos menores;Ensayos y organización del Playback infantil en San Bartolomé de 2026;Alcaldía del Ayuntamiento de San Bartolomé de Lanzarote;servicios;Resuelta;ZULEMA TEJERA RODRÍGUEZ;3176,47;https://contrataciondelestado.es/wps/poc?uri=deeplink:detalle_licitacion&idEvl=FIgNY%2Fz9y3C7JOCXkOhcDg%3D%3D
Contratos menores;Alojamiento en el curso 2026ECY012 Competencias en oficinas d empleo;Consejería de la Presidencia de la Junta de Castilla y León;servicios;Resuelta;HOTEL RESTAURANTE CORTABITARTE SL.;3163,64;https://contrataciondelestado.es/wps/poc?uri=deeplink:detalle_licitacion&idEvl=U5z34WrIr2MkJPJS%2BPS9vg%3D%3D
Contratos menores;Suministro de impresoras de tarjetas para la red de venta y comercialización de productos tarifarios de la Autoridad Única del Transporte de Gran Canaria.;Junta de Gobierno de la Consorcio Autoridad Única del Transporte de Gran Canaria (AUTGC);suministros;Resuelta;VManager Consulting, S.L.;3162,4;https://contrataciondelestado.es/wps/poc?uri=deeplink:detalle_licitacion&idEvl=vqk%2Blqq%2FMBkl5NjlNci%2BtA%3D%3D
Contratos menores;servicio de bolsa de horas de asistencia técnica ATYS;Instituto Cántabro de Administración Pública Rafael de la Sierra;servicios;Resuelta;ATYS 2.0 S.L.;3150;https://contrataciondelestado.es/wps/poc?uri=deeplink:detalle_licitacion&idEvl=cW5jDKTa9V99Zh%2FyRJgM8w%3D%3D
Contratos menores;Implantación Plan de Igualdad, expediente 2026/CTT_01/000056;Alcaldia del Ayuntamiento de Alanís;servicios;Resuelta;INGADE CONNECT S.L;3150;https://contrataciondelestado.es/wps/poc?uri=deeplink:detalle_licitacion&idEvl=6cig1AEUJDaHCIsjvJ3rhQ%3D%3D
Contratos menores;Suministro de 170 agendas de oficina personalizadas del año 2027 para la Secretaría General Técnica del Área de Gobierno de Vicealcaldía, Portavoz, Seguridad y Emergencias.;Área de Gobierno de Vicealcaldía, Portavoz, Seguridad y Emergencias del Ayuntamiento de Madrid;suministros;Resuelta;PAPEL CONTINUO RASAL, S.L.;3133,1;https://contrataciondelestado.es/wps/poc?uri=deeplink:detalle_licitacion&idEvl=ZJX12Xrf%2FMSsNfRW6APEDw%3D%3D
Contratos menores;"Servicios de Asistencia Técnica para el Desarrollo de la Campaña Municipal ""Saquemos Nuestros Derechos a la Calle"", con motivo de la conmemoración del ""Día Internacional de la Infancia"", en el municipio de Puerto Real.";Alcaldía del Ayuntamiento de Puerto Real;servicios;Resuelta;LINEA 2 PROYECTOS DE DESARROLLO, S.L.;3133;https://contrataciondelestado.es/wps/poc?uri=deeplink:detalle_licitacion&idEvl=YdwRSr%2FhkQB9Zh%2FyRJgM8w%3D%3D
Contratos menores;Suministro de bomba de vacío V-300 1,8 m3/h, 5 milibares con destino el Instituto de Química Avanzada de Cataluña del CSIC.;Presidencia de la Agencia Estatal Consejo Superior de Investigaciones Científicas, M.P.;suministros;Resuelta;BUCHI IBERICA SLU;3091,9;https://contrataciondelestado.es/wps/poc?uri=deeplink:detalle_licitacion&idEvl=YRH7Qwqda%2FPjHF5qKI4aaw%3D%3D
Contratos menores;Cocina de gas, instalación y puesta en marcha;Jefatura de Intendencia de Asuntos Económicos Oeste;suministros;Resuelta;REHOFRIM HERMANOS SL;3084;https://contrataciondelestado.es/wps/poc?uri=deeplink:detalle_licitacion&idEvl=Q2hSkfjsA3lt5r0ngvMetA%3D%3D
Contratos menores;Rampas Motocultores y Rotavator - Infraestructura y Equipamiento;Presidencia del Instituto canario de Investigaciones Agrarias;suministros;Resuelta;TANOJ, S L;3075,57;https://contrataciondelestado.es/wps/poc?uri=deeplink:detalle_licitacion&idEvl=dj3JuzTqZgg%2Bk2oCbDosIw%3D%3D
Contratos menores;Reparación de vivienda sita en C/ Joaquín Blume 2, 3º A, de Navalmoral de la Mata.;Consejería de Infraestructuras, Transporte y Vivienda;obras;Resuelta;EOC 24 ARQUITECTURA Y CONSTRUCCION;3069,66;https://contrataciondelestado.es/wps/poc?uri=deeplink:detalle_licitacion&idEvl=%2FLwVJ6NYzH69Hd5zqvq9cg%3D%3D
Contratos menores;Actividad extraescolar música y movimiento infantil;Alcaldia del Ayuntamiento de Alcasser;servicios;Resuelta;ESCOLA DE MÚSICA SANTA CECILIA;3064;https://contrataciondelestado.es/wps/poc?uri=deeplink:detalle_licitacion&idEvl=55mpJ0p1xGTpxJFXpLZ%2B2A%3D%3D
Contratos menores;GAPTO- Equipo de infusión con aletas;Dirección Gerencia de Atención Primaria de Toledo;suministros;Resuelta;CONVATEC, S.L.;3052,8;https://contrataciondelestado.es/wps/poc?uri=deeplink:detalle_licitacion&idEvl=ARHGwB1BTSyzz8fXU2i3eQ%3D%3D
Contratos menores;Cesión de uso y aprovechamiento de espacio-solar privado de ALMAZARA SIGLO XXI SL, situado en el municipio, (Puerta de Carmona), para su acondicionamiento y destino como aparcamiento público durante un año;Alcaldía del Ayuntamiento de Marchena;suministros;Resuelta;ALMAZARA SIGLO XXI SL;3007,62;https://contrataciondelestado.es/wps/poc?uri=deeplink:detalle_licitacion&idEvl=QHMdpJSHqUNt5r0ngvMetA%3D%3D
Contratos menores;"Curso Negociación Win Win y Gestión de Conflictos""";Comisión de Contratación de la Sociedad Estatal Loterías y Apuestas del Estado, S.M.E., S.A.;servicios;Resuelta;INSTITUTE OF KNOWLEDGE & NETWORKING, S.L.U.;3000;https://contrataciondelestado.es/wps/poc?uri=deeplink:detalle_licitacion&idEvl=CtdY2bj0XresNfRW6APEDw%3D%3D
Contratos menores;Instalación de placas de horarios en centros Maz;Dirección Área Jurídica y Prestación de MAZ, Mutua Colaboradora con la Seguridad Social, Nº 11;servicios;Resuelta;FEMONSA SL;3000;https://contrataciondelestado.es/wps/poc?uri=deeplink:detalle_licitacion&idEvl=tizFn3PA7aDpxJFXpLZ%2B2A%3D%3D
Contratos menores;Digitalizacion del objeto de aprendizaje Crean tu propio Iceberg.;Dirección General de Ordenación de las Enseñanzas, Inclusión e Innovación;servicios;Resuelta;ASOCIACIÓN BIENTRATAR: ME CUIDO, TE CUIDO, CUIDAMOS;3000;https://contrataciondelestado.es/wps/poc?uri=deeplink:detalle_licitacion&idEvl=TIFAsS6HHdgaF6cS8TCh%2FA%3D%3D
Contratos menores;Contrato privado consistente en la interpretación del artista Telmo Crespo Ramón, en el evento MYC EXPERIENCE;Alcaldía del Ayuntamiento de Villablino;servicios;Resuelta;TELMO CRESPO RAMON;3000;https://contrataciondelestado.es/wps/poc?uri=deeplink:detalle_licitacion&idEvl=cxae2OD27L8l5NjlNci%2BtA%3D%3D
Contratos menores;Revisión jurídica integral y especializada del proyecto de Reglamento de teletrabajo y emisión de informe final de adecuación normativa;Rectorado de la Universidad Internacional de Andalucía;servicios;Resuelta;MONTERO ARAMBURU & GOMEZ-VILLARES ATENCIA, S.L.P.;3000;https://contrataciondelestado.es/wps/poc?uri=deeplink:detalle_licitacion&idEvl=TEM4s35YCJIIYE3ZiZ%2BxmQ%3D%3D
Contratos menores;Actuación artística de carácter folclórico durante la Ofrenda-Romería de Nuestra Señora de Los Dolores.;Alcaldía del Ayuntamiento de Arrecife;privado;Resuelta;ASOC AGRUPACION FOLKLORICA LOS CAMPESINOS;3000;https://contrataciondelestado.es/wps/poc?uri=deeplink:detalle_licitacion&idEvl=lrSxF8QBcpWopEMYCmrbmw%3D%3D
Contratos menores;Contratación de actuación de orquesta para sábado 29 de agosto de 2026.;Alcaldía del Ayuntamiento de Orxeta;servicios;Resuelta;Associació Musical i Cultural Orquesta Cucumpá;3000;https://contrataciondelestado.es/wps/poc?uri=deeplink:detalle_licitacion&idEvl=RxdV2LkVrxH10HRJw8TEnQ%3D%3D
Contratos menores;Z0804334a293 Contrato Menor Para La Representación Del Espectáculo Denominado Ver Para Creer, De D. Raúl Alegría Rodríguez, Dentro Del Programa La Cultura A Escena 2026;Consejería de Cultura, Turismo y Deporte de la Comunidad Autónoma de Cantabria;servicios;Resuelta;RAUL ALEGRIA RODRIGUEZ;3000;https://contrataciondelestado.es/wps/poc?uri=deeplink:detalle_licitacion&idEvl=lj7atRmzbM6kU02jNGj1Fw%3D%3D
Contratos menores;Suministro garrafas de agua y fuentes dispensadoras;Jefatura de la Sección Económico Administrativa 15 Agrupación del Cuartel General del Ejército del Aire;suministros;Resuelta;AQUABLUE PREMIUM NIF WATER SLU;3000;https://contrataciondelestado.es/wps/poc?uri=deeplink:detalle_licitacion&idEvl=UvChHcvVYOeqb7rCcv76BA%3D%3D
Contratos menores;una máquina multifunción para la nueva zona del edificio del Ayuntamiento.;Alcaldía del Ayuntamiento de Cabanes;suministros;Resuelta;SISTEMAS DE OFICINA LEVANTE SLU;2998,74;https://contrataciondelestado.es/wps/poc?uri=deeplink:detalle_licitacion&idEvl=nPs5f7IZOrR70UvEyYJSGw%3D%3D
Contratos menores;Servicio de Control Seguridad Servicio Control Seguridad y Salud de Trabajos de reparación de accesos del Campo de Fútbol La Llanera en La Bañeza león;Consejería de Cultura, Turismo y Deporte de la Junta de Castilla y León;servicios;Resuelta;GERARDO PADIERNA DEL AMO;2998,5;https://contrataciondelestado.es/wps/poc?uri=deeplink:detalle_licitacion&idEvl=VpOFZ2MclvYl5NjlNci%2BtA%3D%3D
Contratos menores;Adquisición novedades año 2026, en la Biblioteca Pública de Soria;Servicio Territorial de Cultura y Turismo de Soria;suministros;Resuelta;LIBRERIA LAS HERAS;2997,08;https://contrataciondelestado.es/wps/poc?uri=deeplink:detalle_licitacion&idEvl=M%2FeROVTMhOckJPJS%2BPS9vg%3D%3D
Contratos menores;Servicio de Control Seguridad y Salud de Trabajos de reparación de vaso interior e inferior de Piscina de 51 mts del Cear Rio Esgueva.Valladolid;Consejería de Cultura, Turismo y Deporte de la Junta de Castilla y León;servicios;Resuelta;ISIDRO MANUEL PEÑACOBA ARRANZ;2995;https://contrataciondelestado.es/wps/poc?uri=deeplink:detalle_licitacion&idEvl=Cqwd0F8LzyX9pbnDwlaUlg%3D%3D
Contratos menores;Servicios de asistencia técnica de supervisión especializada, control y seguimiento de las tareas de montaje, desmontaje y celebración en el Conjunto Arqueológico de Itálica del Cross Internacional de Itálica 2026;Presidencia de la Diputación Provincial de Sevilla;servicios;Resuelta;METIS CONSERVACION Y RESTAURACION, S.L.;2990,8;https://contrataciondelestado.es/wps/poc?uri=deeplink:detalle_licitacion&idEvl=4gVltYhy6WUaF6cS8TCh%2FA%3D%3D
Contratos menores;Suministro de luces LED solicitado por la Secretaría General del Pleno;Presidencia del Pleno;suministros;Resuelta;OHL SERVICIOS - INGESAN, S.A.;2981,5;https://contrataciondelestado.es/wps/poc?uri=deeplink:detalle_licitacion&idEvl=21P%2B4GiuoY6AAM7L03kM8A%3D%3D
Contratos menores;Reparació del tractor de la brigada municipal.;Concejalía de Contratación del Ayuntamiento de Ondara;servicios;Resuelta;LUANSA ONDARA S.L.;2979;https://contrataciondelestado.es/wps/poc?uri=deeplink:detalle_licitacion&idEvl=C2%2Fhwc4DafU2wEhQbcAqug%3D%3D
Contratos menores;Contratación de servicios para la realización de actuación durante las fiestas patronales 2026;Alcaldía del Ayuntamiento de Orxeta;servicios;Resuelta;LA LIRA RELLEUENSE;2975;https://contrataciondelestado.es/wps/poc?uri=deeplink:detalle_licitacion&idEvl=SlhjM336zWbCfVQHDepjGQ%3D%3D
Contratos menores;Contrato de suministro e instalación de tarima-estrado para el salón de actos del Tribunal Económico-Administrativo Municipal de Madrid;Tribunal Económico-Administrativo Municipal de Madrid;suministros;Resuelta;CROMAKEY, S.L.;2927,88;https://contrataciondelestado.es/wps/poc?uri=deeplink:detalle_licitacion&idEvl=djS7519vmCB9PLkba5eRog%3D%3D
Contratos menores;516/26. Plan de seguridade para as festas patronais de Portonovo 2026 516/26. Servizo técnico de inspección das atraccións para as festas patronais de Portonovo 2026 516/26. Resto do plan se seguridade para as festas patronais de Portonovo 2026;Presidencia del Organismo Autónomo Terra de Sanxenxo;servicios;Resuelta;Rebollido Lorenzo, Jose Manuel;2927,27;https://contrataciondelestado.es/wps/poc?uri=deeplink:detalle_licitacion&idEvl=05at%2BnOcucYeIBJRHQiPkQ%3D%3D
Contratos menores;Suministro de contenedor metálico portátil destinado a uso de trastero en San José.;Alcaldía del Ayuntamiento de Níjar;suministros;Resuelta;ADRIAN JESUS CABEO VERDEJO;2900;https://contrataciondelestado.es/wps/poc?uri=deeplink:detalle_licitacion&idEvl=HkMWf6LPX1kS7pcxhTeWOg%3D%3D
Contratos menores;Cm Proyecto De Obra Derribo De La Nave De Terneros En Gama Y Sustitución De 2 Tejavanas De Fibrocemento En La Finca Jerrizuela;Consejería de Desarrollo Rural, Ganadería, Pesca y Alimentación de la Comunidad Autónoma de Cantabria;servicios;Resuelta;AGROPEC INGENIERIA, S.L.;2900;https://contrataciondelestado.es/wps/poc?uri=deeplink:detalle_licitacion&idEvl=wIatzOFXdXU4NavIWzMcHA%3D%3D
Contratos menores;Contratación de los servicios de Alicia López - Covarrubias Aradilla para el diseño, organización, relación con los ponentes, coordinación con centros educativos, presentación del evento y mesa redonda, de las II Jornadas de Adolescencia del Ayuntamiento de San Bartolomé del 29 de octubre en el Teatro Municipal de San Bartolomé de 9:00 a 20:00 horas;Alcaldía del Ayuntamiento de San Bartolomé de Lanzarote;servicios;Resuelta;Alicia López - Covarrubias Aradilla;2900;https://contrataciondelestado.es/wps/poc?uri=deeplink:detalle_licitacion&idEvl=awiw8jL90G4eIBJRHQiPkQ%3D%3D
Contratos menores;"Espectacle infantil ""Què li ha passat al monstre Petorro"" el dia 31 d'octubre en la festa de Halloween";Alcaldia del Ayuntamiento de Els Poblets;servicios;Resuelta;FRANCISCO CHOLBI CHOLBI;2900;https://contrataciondelestado.es/wps/poc?uri=deeplink:detalle_licitacion&idEvl=lRtNdmiAh0WcCF8sV%2BqtYA%3D%3D
Contratos menores;Adquisición de material de ferretería, fontanería y pintura para el mantenimiento preventivo de la Residencia Logística Militar de Alcalá de Henares. (RLM).;Jefatura de Intendencia de Asuntos Económicos Centro;suministros;Resuelta;Meraki Events SL;2892,56;https://contrataciondelestado.es/wps/poc?uri=deeplink:detalle_licitacion&idEvl=D1U92qpqB6Q%2B1TMyIiZmzw%3D%3D
Contratos menores;Trabajos de diseño y desarrollo para análisis técnico, decorativo, técnico y de modificación de una de las diferentes salas del edificio.;Alcaldía del Ayuntamiento de Moguer;servicios;Resuelta;DIFERENCIACION Y DESARROLLO SLU PUNTODEKO;2892,56;https://contrataciondelestado.es/wps/poc?uri=deeplink:detalle_licitacion&idEvl=AXOeVFluHwYtm4eBPtV6eQ%3D%3D
Contratos menores;Suministro e instalacion de un kit completo de control de acceso mediante llaves magneticas en el ascensor ubicado en el edificiode la Agencia Tributaria Canaria, en la calle Venegas / Leon y Castillo, 41, Las Palmas de Gran Canaria;Dirección de la Agencia Tributaria Canaria;suministros;Resuelta;OTIS MOBILITY, S.A.;2885,83;https://contrataciondelestado.es/wps/poc?uri=deeplink:detalle_licitacion&idEvl=0mLbHwYBS0l%2BF6L2uCfUWg%3D%3D
Contratos menores;CM Suministro e instalación de ventiladores de techo para los alojamientos, Base Cerro Muriano (Córdoba);Jefatura de Intendencia de Asuntos Económicos Sur;suministros;Resuelta;ARIKA INGENIEROS S.L.;2880;https://contrataciondelestado.es/wps/poc?uri=deeplink:detalle_licitacion&idEvl=OAml6s%2B5Xlt9Zh%2FyRJgM8w%3D%3D
Contratos menores;Adquisición de dos bombas de vacío RV3;Gerencias de los Institutos de la Agencia Estatal Consejo Superior de Investigaciones Científicas;suministros;Resuelta;IBVC VACUUM, S.L.U.;2872,04;https://contrataciondelestado.es/wps/poc?uri=deeplink:detalle_licitacion&idEvl=1aOpDbabGSri0Kd8%2Brcp6w%3D%3D
Contratos menores;Servicios de redacción de proyectos y EBSS (Instruc.Diputación) Alumbrado: Camino del Cementerio;Alcaldía del ayuntamiento de Benifaió;servicios;Resuelta;PERPIÑA PROYECTOS SL;2870;https://contrataciondelestado.es/wps/poc?uri=deeplink:detalle_licitacion&idEvl=suYuuDmVXkjCfVQHDepjGQ%3D%3D
Contratos menores;Compra de libros manuales de ciclomotor para escolares;Junta de Gobierno del Ayuntamiento de Murcia;suministros;Resuelta;Auco Servicios Integrales S.L.;2857,6;https://contrataciondelestado.es/wps/poc?uri=deeplink:detalle_licitacion&idEvl=CEh8NhDAK2nmnwcj%2BxbdTg%3D%3D
Contratos menores;Servicios instalación de asientos en grada de campo de fútbol de Segura de León;Alcaldía del Ayuntamiento de Segura de León;servicios;Resuelta;FRANCISCO JOSE DIAZ RUIZ;2822;https://contrataciondelestado.es/wps/poc?uri=deeplink:detalle_licitacion&idEvl=HR8%2BpKXbRCGsNfRW6APEDw%3D%3D
Contratos menores;201/2026 arrendamiento sin opción de compra lector ocular;Gerencia de Asistencia Sanitaria de Zamora;suministros;Resuelta;IRISBOND CROWDBONDING S.L.;2819,4;https://contrataciondelestado.es/wps/poc?uri=deeplink:detalle_licitacion&idEvl=AX4tLCiDRUPzAq95uGTrDQ%3D%3D
Contratos menores;Publicación de anuncios en prensa relativos a expedientes de mutaciones demaniales, cesiones de parcelas, planeamiento y ordenanzas (Provisión de gasto en función de precios ofertados);Alcaldía del Ayuntamiento de Arroyomolinos;servicios;Resuelta;BSH PUBLICIDAD, S.L.;2809,92;https://contrataciondelestado.es/wps/poc?uri=deeplink:detalle_licitacion&idEvl=ep1M2lyP2D0%2B1TMyIiZmzw%3D%3D
Contratos menores;Contrato menor de servicios de direccion facultativa de ejecucion de obra y coordinacion de seguirdad y salud proyecto de reparación de las cubiertas del seminario-convento de San Agustin de Guadix;Junta de Gobierno Local del Ayuntamiento de Guadix;servicios;Resuelta;FRANCISCO CARLOS JIMENEZ FERNANDEZ;2809,92;https://contrataciondelestado.es/wps/poc?uri=deeplink:detalle_licitacion&idEvl=fEmfCc8RfrgeIBJRHQiPkQ%3D%3D
Contratos menores;Contrato de menor de servicios de direccion de ejecucion de obra y coordinacion de seguridad y salud;Junta de Gobierno Local del Ayuntamiento de Guadix;servicios;Resuelta;FRANCISCO CARLOS JIMENEZ FERNANDEZ;2809,92;https://contrataciondelestado.es/wps/poc?uri=deeplink:detalle_licitacion&idEvl=hHkScLuzZgszjChw4z%2FXvw%3D%3D
Contratos menores;Servicios de mantenimiento y reparaciones de climatización, aire acondicionado y calefacción;Director Gerente de FREMAP;servicios;Resuelta;SIEMENS S A;2800,9;https://contrataciondelestado.es/wps/poc?uri=deeplink:detalle_licitacion&idEvl=v%2Bn1XRvCkRm7JOCXkOhcDg%3D%3D
Contratos menores;Contrato menor para la redacción de proyecto básico i ejecutivo para la reforma de los vestidores de los baños del campo de fútbol es Porrassar de Algaida;Alcaldía del Ayuntamiento d'Algaida;servicios;Resuelta;IONE BEIZTEGUI GONZALEZ DE DURANA;2800;https://contrataciondelestado.es/wps/poc?uri=deeplink:detalle_licitacion&idEvl=1vZiDcxVAkx9PLkba5eRog%3D%3D
Contratos menores;Representación de la obra La Reina de la Fantasía en el Auditorio de Guía de Isora;Alcaldía del Ayuntamiento de Guía de Isora;privado;Resuelta;HABEMUS TEATRO, S.L.;2800;https://contrataciondelestado.es/wps/poc?uri=deeplink:detalle_licitacion&idEvl=XdqAc6g0iRN4zIRvjBVCSw%3D%3D
Contratos menores;Se contrata al grupo dantzaz para una actividad que ira dirigida a un grupo de alumnos;Rectorado de la Universidad del País Vasco;servicios;Resuelta;dantza garatzeko elkartea;2800;https://contrataciondelestado.es/wps/poc?uri=deeplink:detalle_licitacion&idEvl=mrFwozDjDSB%2FP7lJ7Fu0SA%3D%3D
Contratos menores;Triturar restos de poda Punto verde (20h. x 95€/h);Alcaldía del Ayuntamiento de Biescas;servicios;Resuelta;EXCAVACIONES EDUARDO LÓPEZ, S.L.;2780;https://contrataciondelestado.es/wps/poc?uri=deeplink:detalle_licitacion&idEvl=35jJxE4f0Ynua%2Fi14w%2FPLA%3D%3D
Contratos menores;Suministro e instalación de equipamiento infantil para la zona de juegos;Jefatura de Asuntos Económicos del Mando de Personal;suministros;Resuelta;MOBILIARIO URBANO Y PARQUES DE CASTILLA SLU;2776;https://contrataciondelestado.es/wps/poc?uri=deeplink:detalle_licitacion&idEvl=V%2BjIGUFLhzmIzo3LHNPGcQ%3D%3D
Contratos menores;Bolsas tomas de muestras;Consejería de Agricultura, Ganadería, Medio Rural y Política Ambiental de la Junta de Castilla y León;suministros;Resuelta;ARTES GRÁFICAS GALA;2758,35;https://contrataciondelestado.es/wps/poc?uri=deeplink:detalle_licitacion&idEvl=16kDL%2FRrJUdQFSeKCRun4Q%3D%3D
Contratos menores;Servicio de imprenta del libro Identidad digital, género y violencia - artificial, en la colección Foros y Debates.;Dirección del Centro de Estudios Políticos y Constitucionales;servicios;Resuelta;GRAFICAS ANFEX, SL;2744;https://contrataciondelestado.es/wps/poc?uri=deeplink:detalle_licitacion&idEvl=TXKjv9wY8DDzAq95uGTrDQ%3D%3D
Contratos menores;"Servicio de reparación de la jaula de lanzamiento del Estadio de Atletismo ""Joaquín Villar"" efectuado los días 9 y 10 de julio de 2026.";Junta de Gobierno Local del Ayuntamiento de Alicante;servicios;Resuelta;ALITEK INGENIERIA Y PAVIMENTOS, S.L.;2744;https://contrataciondelestado.es/wps/poc?uri=deeplink:detalle_licitacion&idEvl=TsrXguCf2qT10HRJw8TEnQ%3D%3D
Contratos menores;Reparación y mantenimiento motores de la sala de bombeo;Alcaldía del Ayuntamiento de Torremolinos;servicios;Resuelta;BAEZA SA;2727,9;https://contrataciondelestado.es/wps/poc?uri=deeplink:detalle_licitacion&idEvl=JDW1JXUO8WGHCIsjvJ3rhQ%3D%3D
Contratos menores;Producción material audiovisual para clausura Madrid 2026;Dirección General de la Fundación EOI;servicios;Resuelta;XPERTIA WIMAX COMMUNICATIONS, S.L.;2722,5;https://contrataciondelestado.es/wps/poc?uri=deeplink:detalle_licitacion&idEvl=Zpp3DSJKp5OS81gZFETWmA%3D%3D
Contratos menores;Reparación Vehículo representación Consejero 0260 MMC;Secretaría General de la Consejería de Educación, Cultura y Deportes de la Junta de Comunidades de Castilla-La Mancha;servicios;Resuelta;TALLERES SAES-TOLEDO MOTOR, SLLL;2706,57;https://contrataciondelestado.es/wps/poc?uri=deeplink:detalle_licitacion&idEvl=0r74GLReiXJrhBlEHQFSKA%3D%3D
Contratos menores;Escenario para el Programa “Graveras Folk-Rock” el próximo 30 de mayo de 2026;Alcaldía del Ayuntamiento de La Rinconada;servicios;Resuelta;SOLUTION EVENTS 48 HOURS, S.L.;2700;https://contrataciondelestado.es/wps/poc?uri=deeplink:detalle_licitacion&idEvl=eh%2BOHLknVaLi0Kd8%2Brcp6w%3D%3D
Contratos menores;"CSM - Servicio de montaje y dinamización socioculturas mediante ""Bingo Musical"" para la celebración del Día del Mayor.";Alcaldía del Ayuntamiento de Algeciras;servicios;Resuelta;Rubén García Perea (Rufer Eventos);2700;https://contrataciondelestado.es/wps/poc?uri=deeplink:detalle_licitacion&idEvl=FCY3Qo2cAs6FQ%2FlhRK79lA%3D%3D
Contratos menores;Servicio de asistencias requeridos tras error en resolución apremio.;Concejal de Contratación del Ayuntamiento de Pinto;servicios;Resuelta;BL SOFTWARE ESPAÑA SLU;2700;https://contrataciondelestado.es/wps/poc?uri=deeplink:detalle_licitacion&idEvl=ALDqCHtJTXh4zIRvjBVCSw%3D%3D
Contratos menores;Hacer contrato menor de servicio, para alquilar una pantalla LED 4x2, y sonido para prueba deportiva del municipio.;Junta de Gobierno del Ayuntamiento de La Oliva;servicios;Resuelta;CORTESOUND PRODUCCIONES AUDIOVISUALES, SLU;2700;https://contrataciondelestado.es/wps/poc?uri=deeplink:detalle_licitacion&idEvl=yFYo6vtSbqLjHF5qKI4aaw%3D%3D
Contratos menores;Contratación de servicio taller de entrenamiento saludable en Dolores de Pacheco y Torre Pacheco;Alcaldía del Ayuntamiento de Torre Pacheco;servicios;Resuelta;MONLLOR PEREZ FRANCISCO JOSE;2700;https://contrataciondelestado.es/wps/poc?uri=deeplink:detalle_licitacion&idEvl=OCT4dnQ2ET87%2B9FIQYNjeQ%3D%3D
Contratos menores;Alojamiento en el curso 2026ECY012 Competencias en oficinas de empleo;Consejería de la Presidencia de la Junta de Castilla y León;servicios;Resuelta;HOSTELERIA LOPEZ ROMERA, SL;2698,77;https://contrataciondelestado.es/wps/poc?uri=deeplink:detalle_licitacion&idEvl=TKyIJRgzgxN%2FR5QFTlaM4A%3D%3D
Contratos menores;Contrato menor de suministro de bancos exteriores para el municipio.;Alcaldía del Ayuntamiento de Escatrón;suministros;Resuelta;BENITO URBAN S.L.U.;2686,08;https://contrataciondelestado.es/wps/poc?uri=deeplink:detalle_licitacion&idEvl=TjplGVaLkomopEMYCmrbmw%3D%3D
Contratos menores;Varios centros. Mobiliario escolar.;Dirección Provincial de Educación en Palencia;suministros;Resuelta;EL SECRETARIO S.L.;2684,03;https://contrataciondelestado.es/wps/poc?uri=deeplink:detalle_licitacion&idEvl=b7tktIv2p8iP66GS%2BONYvQ%3D%3D
Contratos menores;Prestación integral de servicios de diseño gráfico, producción, suministro e instalación de elementos de señalización, identificación y comunicación visual, así como el suministro de material gráfico e institucional destinado a las distintas dependencias e instalaciones adscritas a la Concejalía de Bienestar Social del Ayuntamiento de Alicante.;Junta de Gobierno Local del Ayuntamiento de Alicante;suministros;Resuelta;Eventual, S.L.;2677,95;https://contrataciondelestado.es/wps/poc?uri=deeplink:detalle_licitacion&idEvl=pq7oE0shAI2KeVWTb9Scog%3D%3D
Contratos menores;Suministro e instalación de video portero con control de accesos al CEIP San Miguel Arcángel de Soneja;Alcaldía del Ayuntamiento de Soneja;suministros;Resuelta;Domótica y Comunicaciones Hodisei, SL;2674,56;https://contrataciondelestado.es/wps/poc?uri=deeplink:detalle_licitacion&idEvl=R75HtfNufCxVkTabT%2FRM8A%3D%3D
Contratos menores;Manutención en el curso 2026ECY012 Competencias en oficinas de empleo;Consejería de la Presidencia de la Junta de Castilla y León;servicios;Resuelta;RESTAURANTE SANTO DOMINGO 2,SL;2672,73;https://contrataciondelestado.es/wps/poc?uri=deeplink:detalle_licitacion&idEvl=5rpJiEfGV2r9pbnDwlaUlg%3D%3D
Contratos menores;Sustitución de 10 estores y 2 visillos ya existentes, en despachos de la Dirección General de Asuntos Europeos y de la Consejería de Portavoz del edificio de Doncellas, debido a su deterioro.;Secretaría General de la Presidencia de la Junta de Comunidades de Castilla-La Mancha;suministros;Resuelta;CONFECCIONES Y TEXTILES VIDAL, S.L.;2672;https://contrataciondelestado.es/wps/poc?uri=deeplink:detalle_licitacion&idEvl=rDDgPsLSbJZ4zIRvjBVCSw%3D%3D
Contratos menores;GAPTO- Reparación defectos localizados en inspección reglamentaria en Cs Buenavista y Benquerencia;Dirección Gerencia de Atención Primaria de Toledo;servicios;Resuelta;ACIERTA ASISTENCIA, S.A.;2661,53;https://contrataciondelestado.es/wps/poc?uri=deeplink:detalle_licitacion&idEvl=Gm%2FZWN06iSU3vLk2DU2Ddg%3D%3D
Contratos menores;Taller de baile en línea en los centros de mayores de Dolores de Pacheco y Balsicas;Alcaldía del Ayuntamiento de Torre Pacheco;servicios;Resuelta;TORRES SANCHEZ ESMERALDA;2660;https://contrataciondelestado.es/wps/poc?uri=deeplink:detalle_licitacion&idEvl=sPwbh3LvUS8%2FbjW6njtWLw%3D%3D
Contratos menores;Organización y arbitraje Campeonato Taekwondo;Secretaría General de la Consejería de Educación, Cultura y Deportes de la Junta de Comunidades de Castilla-La Mancha;servicios;Resuelta;FEDERACION DE TAEKWONDO DE CASTILLA LA MANCHA;2652,8;https://contrataciondelestado.es/wps/poc?uri=deeplink:detalle_licitacion&idEvl=JVolu8%2FQxykwYTJJ03sHog%3D%3D
Contratos menores;"Acto de presentación de ""Costa de Almería"" como destino turístico deportivo con motivo del Día Mundial del Turismo";Presidencia de la Diputación Provincial de Almería;servicios;Resuelta;V.G. EVENTOS SLU, FINCA VILLA CLARA 2020 SOCIEDAD LIMITADA;2645,45;https://contrataciondelestado.es/wps/poc?uri=deeplink:detalle_licitacion&idEvl=gJz9ObtsY0e8ebB%2FXTwy0A%3D%3D
Contratos menores;Adjudicación contrato menor servicios de protección del sistema de correo electrónico.;Alcaldía del Ayuntamiento de San Fulgencio;servicios;Resuelta;GLOBEX TIC SERVICES SL;2623;https://contrataciondelestado.es/wps/poc?uri=deeplink:detalle_licitacion&idEvl=2QvxXzSrgwUtm4eBPtV6eQ%3D%3D
Contratos menores;hinchables acuáticos para fiestas de San Bartolomé 2026;Alcaldía del Ayuntamiento de San Bartolomé de Lanzarote;servicios;Resuelta;GRUPO DE INVERSIONES Y SOLUCIONES GRINSO SL;2600;https://contrataciondelestado.es/wps/poc?uri=deeplink:detalle_licitacion&idEvl=ruA6bYIkYZM3vLk2DU2Ddg%3D%3D
Contratos menores;Contrato menor de servicio de cobertura sanitaria de ambulancia para las fiestas de verano 2026;Alcaldía del Ayuntamiento d'Algaida;servicios;Resuelta;Vitale Cura S.L.;2590;https://contrataciondelestado.es/wps/poc?uri=deeplink:detalle_licitacion&idEvl=fD1DV6F6Xqzmnwcj%2BxbdTg%3D%3D
Contratos menores;Servicios para la realización de trabajos de instalación, mantenimiento y adecuación eléctrica en espacios e instalaciones municipales.;Alcaldía del Ayuntamiento de Begíjar;servicios;Resuelta;INSTALACIONES PRACHE SL;2585,7;https://contrataciondelestado.es/wps/poc?uri=deeplink:detalle_licitacion&idEvl=NtPXqowAOZ47%2B9FIQYNjeQ%3D%3D
Contratos menores;Contrato menor de suministro de contenedores de residuos para el Ayuntamiento de Villablino;Alcaldía del Ayuntamiento de Villablino;suministros;Resuelta;ACDESURBE SLU;2575;https://contrataciondelestado.es/wps/poc?uri=deeplink:detalle_licitacion&idEvl=jsqnVIL7xfLVGIpKDxgsAQ%3D%3D
Contratos menores;Catering de las I jornadas francofonas 2026. Enseginer et apprendre en francais aujourdjui.;Dirección General de Ordenación de las Enseñanzas, Inclusión e Innovación;servicios;Resuelta;GRUPO EXECUTIVE GOURMET DE SERVICIOS DE RESTAURACION S.L.;2568;https://contrataciondelestado.es/wps/poc?uri=deeplink:detalle_licitacion&idEvl=VI%2F%2FG1pNFBxeKgd8LfVV9g%3D%3D
Contratos menores;Contrato menor de servicios técnicos de mantenimiento de la plataforma INNUVA NOMINA PYME + WORKSPACE, de acuerdo con las especificaciones técnicas del expediente.;Alcaldía del Ayuntamiento de Villablino;servicios;Resuelta;Solucyl Consultores Tecnológicos, S.L.L.;2558;https://contrataciondelestado.es/wps/poc?uri=deeplink:detalle_licitacion&idEvl=Oz12rQhUVJKOUi78BmzhOQ%3D%3D
Contratos menores;Servicios de mantenimiento y reparaciones de instalaciones y/o maquinaria;Director Gerente de FREMAP;servicios;Resuelta;CLECE FACILITY SERVICES;2554;https://contrataciondelestado.es/wps/poc?uri=deeplink:detalle_licitacion&idEvl=7u1xqWbEKl5PpzdqOdhuWg%3D%3D
Contratos menores;Organización y arbitraje Campeonato Judo 25 abril;Secretaría General de la Consejería de Educación, Cultura y Deportes de la Junta de Comunidades de Castilla-La Mancha;servicios;Resuelta;FEDERACIÓN DE JUDO Y D.A. DE CLM;2549;https://contrataciondelestado.es/wps/poc?uri=deeplink:detalle_licitacion&idEvl=DAnjeL33DD970UvEyYJSGw%3D%3D
Contratos menores;Contrata una empresa, para adquisición de medallas, y trofeos para evento deportivo del municipio.;Junta de Gobierno del Ayuntamiento de La Oliva;suministros;Resuelta;ENCUADRO PUBLICIDAD Y PUBLICACIONES SL;2538;https://contrataciondelestado.es/wps/poc?uri=deeplink:detalle_licitacion&idEvl=s%2BQ0XAw4TXbLIx6q1oPaMg%3D%3D
Contratos menores;suministro equipo aire acondicionado para cp1 hospital santa barbara de soria;Gerencia de Asistencia Sanitaria de Soria;suministros;Resuelta;FRIACAR S.L.;2523,93;https://contrataciondelestado.es/wps/poc?uri=deeplink:detalle_licitacion&idEvl=l895N8OFverkY6rls5tG9A%3D%3D
Contratos menores;Actividad extraescolar Ajedrez;Alcaldia del Ayuntamiento de Alcasser;servicios;Resuelta;ASOCIACION VALENCIANA DE AJEDREZ EDUCATIVO E INCLUSIVO;2523;https://contrataciondelestado.es/wps/poc?uri=deeplink:detalle_licitacion&idEvl=xdJ8XYFmQ6TyoM4us5k4vw%3D%3D
Contratos menores;Diseño, coordinación y desarrollo de una sesión teórico-práctica sobre gestión y coordinación de proyectos, planificación estratégica y dirección creativa en el ámbito de la industria de la moda.;Tenencia de Alcaldía Delegada de Área de Comercio, Gestión de la Vía Pública y Fomento de la Actividad Empresarial;servicios;Resuelta;DUPLAG EVENTOS Y FORMACION SL;2500;https://contrataciondelestado.es/wps/poc?uri=deeplink:detalle_licitacion&idEvl=QgJfhHwwENCOUi78BmzhOQ%3D%3D
Contratos menores;"Cabalgata Papa Noel 2026 - Equipos de sonido y pasacalles ""Superhéroes sobre plataformas"".";Junta de Gobierno del Ayuntamiento de Santa Pola;servicios;Resuelta;Álvaro García Martínez;2500;https://contrataciondelestado.es/wps/poc?uri=deeplink:detalle_licitacion&idEvl=qxHU%2F7t3lSLkY6rls5tG9A%3D%3D
Contratos menores;Ponencia evento RED5V -actuación, guión y equipo técnico 19 junio 26;Presidencia de la Comarca de Cinco Villas;servicios;Resuelta;HOLA CLAVEL SL;2500;https://contrataciondelestado.es/wps/poc?uri=deeplink:detalle_licitacion&idEvl=B0z1Zox8fjsIYE3ZiZ%2BxmQ%3D%3D
Contratos menores;Contrato menor actuación de Javier Ezequiel flamenco el dia 18 de septiembre de 2026;Alcaldía del Ayuntamiento de Armilla;servicios;Resuelta;Javier Ezequiel Benitez Domínguez;2500;https://contrataciondelestado.es/wps/poc?uri=deeplink:detalle_licitacion&idEvl=Z8m0WapyGkHi0Kd8%2Brcp6w%3D%3D
Contratos menores;Redacción de proyecto, dirección de obra y coordinación de seguridad y salud de las obras de reparación y consolidación del muro de ladrillo del cerramiento de la parcela del Museo de Valladolid;Gerencia de Infraestructuras y Equipamientos de Cultura O.A;servicios;Resuelta;LOLA GAITERO GONZÁLEZ;2500;https://contrataciondelestado.es/wps/poc?uri=deeplink:detalle_licitacion&idEvl=dyykZy21jCz10HRJw8TEnQ%3D%3D
Contratos menores;contratación de servicios deportivos de senderismos e interpretación de senderos para el desarrollo de cinco rutas de senderismo dirigidas a un grupo aproximadamente de 55 participantes, que tendrá lugar en los meses de octubres y noviembre de 2026.;Alcaldía del Ayuntamiento de Moguer;servicios;Resuelta;ENTRENA 15, S.C.A;2500;https://contrataciondelestado.es/wps/poc?uri=deeplink:detalle_licitacion&idEvl=hFSx85l0nRRVkTabT%2FRM8A%3D%3D
Contratos menores;Contratación del director de orquesta José Vicente Ramón Segarra para el concierto de la Banda Sinfónica Municipal de Sevilla el 18 de noviembre de 2026 a través de la empresa Capital Salteras S.L al ostentar su representación en exclusiva. .;Órganos Directivos del Ayuntamiento de Sevilla;servicios;Resuelta;Capital Salteras, S.L.;2500;https://contrataciondelestado.es/wps/poc?uri=deeplink:detalle_licitacion&idEvl=%2BpG6wUqL8XMwYTJJ03sHog%3D%3D
Contratos menores;Magnetotérmicos para grandes potencias, enchufes trifásicos, cable y canaletas;Rectorado de la Universidad del País Vasco;suministros;Resuelta;ELECTRO VIZCAYA,S.A.L;2500;https://contrataciondelestado.es/wps/poc?uri=deeplink:detalle_licitacion&idEvl=t4%2BA1Obt%2BaA3vLk2DU2Ddg%3D%3D
Contratos menores;"Representación escenificada de la zarzuela ""El barbero de Sevilla"" de los maestros Manuel Nieto y Gerónimo Giménez, en el Teatro del Carmen de Vélez-Málaga el sábado 17 de octubre de 2026.";Junta de Gobierno del Ayuntamiento de Vélez-Málaga;servicios;Resuelta;ASOCIACION TEATRO LIRICO ANDALUZ;2500;https://contrataciondelestado.es/wps/poc?uri=deeplink:detalle_licitacion&idEvl=WxQS34cCUDnVGIpKDxgsAQ%3D%3D
Contratos menores;Reparación de vivienda sita en C/ Pizarro n.º 19, Almoharín (Cáceres).;Consejería de Infraestructuras, Transporte y Vivienda;obras;Resuelta;ANTONIO JOSE FERNANDEZ MORENO;2497,8;https://contrataciondelestado.es/wps/poc?uri=deeplink:detalle_licitacion&idEvl=R1mrvOUrZAxxseVhcqrkhw%3D%3D
Contratos menores;"Actuación musical del grupo ""Soul Woman Gospel Choir"", tras la celebración del minuto de silencio el 25 de noviembre de 2026 en Plaza Mayor.";Concejal de Contratación del Ayuntamiento de Torrejón de Ardoz;servicios;Resuelta;Sansilvana Producciones, S.L.;2479,34;https://contrataciondelestado.es/wps/poc?uri=deeplink:detalle_licitacion&idEvl=huOpg8lLHHH5Rey58Yagpg%3D%3D
Contratos menores;"Contratación de servicios de desbroce y limpieza de márgenes de camino ""Camí del realet""";Alcaldía del Ayuntamiento de Orxeta;servicios;Resuelta;A.J.R. HNOS BROTONS SL;2479,34;https://contrataciondelestado.es/wps/poc?uri=deeplink:detalle_licitacion&idEvl=lyqOV1wj0csIYE3ZiZ%2BxmQ%3D%3D
Contratos menores;"Adjudicar a la empresa Castilla y León Radio, S.A. un servicio de publicidad por el patrocinio del evento ""Presentación del inicio de temporada de esRadio""";Diputación Provincial de Zamora;servicios;Resuelta;CASTILLA Y LEON RADIO SA;2479,34;https://contrataciondelestado.es/wps/poc?uri=deeplink:detalle_licitacion&idEvl=0FSCfe1kahy9Hd5zqvq9cg%3D%3D
Contratos menores;Contratación submimistro material promocional carreira do cocido;Junta de Gobierno del Ayuntamiento de Lalín;servicios;Resuelta;GALLEGA DE PUBLICIDAD Y MERCHANDISING, S.L.;2475;https://contrataciondelestado.es/wps/poc?uri=deeplink:detalle_licitacion&idEvl=Xsc918XHL6IXhk1FZxEyvw%3D%3D
Contratos menores;Contratación servizo reparación e reposición de falso teito no Pazo de Liñares;Junta de Gobierno del Ayuntamiento de Lalín;servicios;Resuelta;AISLAMIENTOS RUBÉN, SLU;2470;https://contrataciondelestado.es/wps/poc?uri=deeplink:detalle_licitacion&idEvl=tTJ3JO%2Fsyck%2FbjW6njtWLw%3D%3D
Contratos menores;Actividades Festa de Samaín.;Alcaldía del Ayuntamiento de Ortigueira;servicios;Resuelta;LA GUAGUA SERVICIOS SOCIOCULTURALES S.L.;2470;https://contrataciondelestado.es/wps/poc?uri=deeplink:detalle_licitacion&idEvl=bmVizECiPl2sNfRW6APEDw%3D%3D
Contratos menores;Diseño y desarrollo de un Evento Final Demoday par el programa The Break Extemadura II;Dirección General de la Fundación EOI;servicios;Resuelta;47 SEGUNDOS PRODUCCIONES, S.L.;2450;https://contrataciondelestado.es/wps/poc?uri=deeplink:detalle_licitacion&idEvl=m0nhWmkpQFRVYjgxA4nMUw%3D%3D
Contratos menores;Contrato menor de servicio para la fiesta del sábado de gramola para las fiestas de Sant Jaume de Algaida 2026;Alcaldía del Ayuntamiento d'Algaida;servicios;Resuelta;ES TANCAT PRIM, SL;2450;https://contrataciondelestado.es/wps/poc?uri=deeplink:detalle_licitacion&idEvl=zdmzNSP%2BvtWcTfjQf3USOg%3D%3D
Contratos menores;servicios de reserva de transporte y alojamiento para tribunales de tesis Junio y Julio;Rectorado de la Universidad del País Vasco;servicios;Resuelta;AVORIS RETAIL DIVISION SL;2450;https://contrataciondelestado.es/wps/poc?uri=deeplink:detalle_licitacion&idEvl=a0iInxzXL3EwYTJJ03sHog%3D%3D
Contratos menores;Curs ment activa per a majors 2026-2027 -- Taller de la memòria;Alcaldía del Ayuntamiento de Beniarbeig;servicios;Resuelta;MARIA TERESA FULLANA PIERA;2436;https://contrataciondelestado.es/wps/poc?uri=deeplink:detalle_licitacion&idEvl=4fmzmF1tDrk7u6%2B%2FR7DUoA%3D%3D
Contratos menores;Servicio de corrección de anomalías en sistemas contra incendios en la Plaza de Toros Félix Colomo;Concejalía Delegada de Hacienda del Ayuntamiento de Navalcarnero;servicios;Resuelta;GRUPO PROINTEX SERVICIOS CONTRA INCENDIOS, S.L.;2431,4;https://contrataciondelestado.es/wps/poc?uri=deeplink:detalle_licitacion&idEvl=p7%2FaD2jswEj%2Fa9DgO%2BoYKQ%3D%3D
Contratos menores;Contrato menor de instalación videoportero automático para Colegio San Javier y Escuela Infantil.;Alcaldía del Ayuntamiento de Escatrón;servicios;Resuelta;ISMAEL LAVILLA GARCIA;2430,09;https://contrataciondelestado.es/wps/poc?uri=deeplink:detalle_licitacion&idEvl=wkyPZUkJ8Gf9pbnDwlaUlg%3D%3D
Contratos menores;Adquisición de cuarenta y ocho piezas de hoja de lata, hechos por artesano de la región, y que formarán parte de la escultura que se expondrá en Milán Design;Dirección Gerencia de la Empresa Pública de Promoción del Turismo y la Artesanía de Castilla-La Mancha (ETURIA), S.A.;suministros;Resuelta;HIJOS DE F. POTENCIANO;2400;https://contrataciondelestado.es/wps/poc?uri=deeplink:detalle_licitacion&idEvl=gB5MCkbW%2Bn6HCIsjvJ3rhQ%3D%3D
Contratos menores;Servicio de control y supervisión de actividades en rocódromo;Alcaldía del Ayuntamiento de Valdepeñas;servicios;Resuelta;OOTLE (ORGANIZACIÓN DE OCIO Y TIEMPO LIBRE EDUCATIVO);2400;https://contrataciondelestado.es/wps/poc?uri=deeplink:detalle_licitacion&idEvl=LATmH6YHwKN9PLkba5eRog%3D%3D
Contratos menores;"Préstamo de obras y derechos de reproducción de éstas para la exposición ""Estado plástico"", dos talleres y dos visitas guiadas.";Gerencia del Centro Atlántico de Arte Moderno SAU;servicios;Resuelta;GIULIANA CONTE;2400;https://contrataciondelestado.es/wps/poc?uri=deeplink:detalle_licitacion&idEvl=5gSW8FxadvHua%2Fi14w%2FPLA%3D%3D
Contratos menores;"Espectáculos correspondientes a los conciertos de la V Edición del ""Festival Sarria Blues no Camiño 2026"". Lote VI";Alcaldía del Ayuntamiento de Sarria;privado;Resuelta;ESPACIO ARTE ZENIT, S.L.;2400;https://contrataciondelestado.es/wps/poc?uri=deeplink:detalle_licitacion&idEvl=DEkUzqNqtTj5Rey58Yagpg%3D%3D
Contratos menores;Z0804334a298 Cm. Adquisión De La Obra De Arte De Concha García -sopera Escombrera 2-;Consejería de Cultura, Turismo y Deporte de la Comunidad Autónoma de Cantabria;suministros;Resuelta;DE RIANCHO BEZANILLA, JUAN, GONZALEZ;2400;https://contrataciondelestado.es/wps/poc?uri=deeplink:detalle_licitacion&idEvl=5vg%2FlLh3atrI8aL3PRS10Q%3D%3D
Contratos menores;Servicio de máquina retroexcavadora y camión para la limpieza y mantenimiento de distintas zonas del municipio.;Alcaldía del Ayuntamiento de Begíjar;servicios;Resuelta;JOSE DEL JESUS CARMONA;2387;https://contrataciondelestado.es/wps/poc?uri=deeplink:detalle_licitacion&idEvl=7TD0XcqehAckJPJS%2BPS9vg%3D%3D
Contratos menores;Compra material para perros (Suministros mayor sl).;Junta de Gobierno del Ayuntamiento de Murcia;suministros;Resuelta;SUMINISTROS MAYOR SL;2383,45;https://contrataciondelestado.es/wps/poc?uri=deeplink:detalle_licitacion&idEvl=dKHirqwNKbKTylGzYmBF9Q%3D%3D
Contratos menores;Suministro e instalación de dos sistemas de impresión de gran formato para UT de León y UT de Salamanca.;Instituto Tecnológico Agrario de Castilla y León;suministros;Resuelta;EVOLK TRANSFORMATION, S.L.U.;2380;https://contrataciondelestado.es/wps/poc?uri=deeplink:detalle_licitacion&idEvl=tdjuOyYuGrFt5r0ngvMetA%3D%3D
Contratos menores;Suministro de agendas, bolígrafos y alfombrillas para promoción de la JM de Llano Brujas;Junta de Gobierno del Ayuntamiento de Murcia;suministros;Resuelta;VARGAS GARCIA INMACULADA;2379;https://contrataciondelestado.es/wps/poc?uri=deeplink:detalle_licitacion&idEvl=LIvaEGN5NL7pxJFXpLZ%2B2A%3D%3D
Contratos menores;MAP. Contratación de Dúo Orpheo para la realización de un concierto en en el Auditorio Santa Ana de Plasencia el día 16 de octubre de 2026 incluido en el programa Música Antigua de Plasencia.;Presidencia de la Diputación Provincial de Cáceres;servicios;Resuelta;BOIX LABRADOR MARIA EUGENIA;2375;https://contrataciondelestado.es/wps/poc?uri=deeplink:detalle_licitacion&idEvl=4VS3jcwYcRvgL1BHd3qjQA%3D%3D
Contratos menores;Servicio de mantenimiento preventivo,, correctivo y asistencia técnica de las instalaciones de media tensión y centros de transformación del Hospital Virgen de la Salud.;Dirección Gerencia del Complejo Hospitalario Universitario de Toledo;servicios;Resuelta;ELECNOR SERVICIOS Y PROYECTOS S.A.U.;2369;https://contrataciondelestado.es/wps/poc?uri=deeplink:detalle_licitacion&idEvl=dEBNpR1IVwvN3k3tjedSGw%3D%3D
Contratos menores;Prestación del servicio de enmarcación de fotografías;Concejalías Delegadas del Ayuntamiento de Alcobendas;servicios;Resuelta;CUADROS SEVILLA SL;2351,29;https://contrataciondelestado.es/wps/poc?uri=deeplink:detalle_licitacion&idEvl=htoFSSyeVlR70UvEyYJSGw%3D%3D
Contratos menores;Dirección facultativa y coordinación de seguridad y salud de las obras adecuación del sistema de climatización del Museo Casa Cervantes.;Gerencia de Infraestructuras y Equipamientos de Cultura O.A;servicios;Resuelta;ALBERTO SANZ MONTERO;2350;https://contrataciondelestado.es/wps/poc?uri=deeplink:detalle_licitacion&idEvl=AiesWf7VHTWP66GS%2BONYvQ%3D%3D
Contratos menores;Necesidad de adquisición de 3 tablets APPLE para uso de las direcciones del Vicerrectorado;Rectorado de la Universidad del País Vasco;suministros;Resuelta;KTUIN SISTEMAS INFORMATICOS SA.;2345,31;https://contrataciondelestado.es/wps/poc?uri=deeplink:detalle_licitacion&idEvl=xHaHeEBQtqPgL1BHd3qjQA%3D%3D
Contratos menores;Servicio del taller de impartir Patchwork y Almazuelas para los meses de septiembre a diciembre de 2026 en el centro cultural de Lajares.;Junta de Gobierno del Ayuntamiento de La Oliva;servicios;Resuelta;BIANCA SCARPARI;2340;https://contrataciondelestado.es/wps/poc?uri=deeplink:detalle_licitacion&idEvl=GgV%2Bb5p7Hrv5Rey58Yagpg%3D%3D
Contratos menores;Prestación de servicios actividad Bailes latinos;Concejalías Delegadas del Ayuntamiento de Alcobendas;servicios;Resuelta;CRISER MOVE SL;2340;https://contrataciondelestado.es/wps/poc?uri=deeplink:detalle_licitacion&idEvl=Q99LCv%2B4NLzkY6rls5tG9A%3D%3D
Contratos menores;Reparación de vivienda sita en C/ Severo Ochoa n.º 13, 2.º B, Plasencia;Consejería de Infraestructuras, Transporte y Vivienda;obras;Resuelta;CAPITEL EXTREMADURA;2336,76;https://contrataciondelestado.es/wps/poc?uri=deeplink:detalle_licitacion&idEvl=VEWW8bWNkEPmnwcj%2BxbdTg%3D%3D
Contratos menores;Suministro e instalación de cableado y conexionado de equipos AP'S en la parada preferente de San Mateo.;Junta de Gobierno de la Consorcio Autoridad Única del Transporte de Gran Canaria (AUTGC);obras;Resuelta;Telefónica Soluciones, S.A.U.;2314,56;https://contrataciondelestado.es/wps/poc?uri=deeplink:detalle_licitacion&idEvl=Zpp3DSJKp5OFQ%2FlhRK79lA%3D%3D
Contratos menores;Prestación del servicio de impartición de una clase de sevillanas y flamenco incluyendo la planificación, desarrollo y dirección de la sesión formativa en los centros culturales de Lajares y Corralejo.;Junta de Gobierno del Ayuntamiento de La Oliva;servicios;Resuelta;ANNA VILLACAMPA GOMEZ;2310;https://contrataciondelestado.es/wps/poc?uri=deeplink:detalle_licitacion&idEvl=eYhAZivStYCOUi78BmzhOQ%3D%3D
Contratos menores;Servicio de mantenimiento aplicación informática, Gestión de Personal y Recursos Humanos;Alcaldía del Ayuntamiento de San Fulgencio;servicios;Resuelta;SAGE SPAIN, S.L;2307,6;https://contrataciondelestado.es/wps/poc?uri=deeplink:detalle_licitacion&idEvl=Ecqi3%2FXjSXeopEMYCmrbmw%3D%3D
Contratos menores;GAPTO- Cortinas enrollables para consultas y sal espera urgencias del Cl Nambroca;Dirección Gerencia de Atención Primaria de Toledo;suministros;Resuelta;DECORACIONES MARTINEZ BENAVENTE, S.;2304,69;https://contrataciondelestado.es/wps/poc?uri=deeplink:detalle_licitacion&idEvl=gk5Sdc%2BcQQWOUi78BmzhOQ%3D%3D
Contratos menores;Suministro de 50 pastilleros damasquinados realizados por artesano de la región, con packagin personalizado, y que se utilizarán como merchandising vip durante las acciones de 2026;Dirección Gerencia de la Empresa Pública de Promoción del Turismo y la Artesanía de Castilla-La Mancha (ETURIA), S.A.;suministros;Resuelta;Pérez Arroyo, María del Valle;2300;https://contrataciondelestado.es/wps/poc?uri=deeplink:detalle_licitacion&idEvl=I92GlsAETCA7%2B9FIQYNjeQ%3D%3D
Contratos menores;Impartició d’un curs de desenvolupament d’habilitats socials i competències personals i professionals per als alumnes del taller: “ONDARA APOSTEM PEL TEU FUTUR XIII: MILLOREM ONDARA”.;Concejalía de Contratación del Ayuntamiento de Ondara;servicios;Resuelta;CRUZ ROJA ESPAÑOLA;2300;https://contrataciondelestado.es/wps/poc?uri=deeplink:detalle_licitacion&idEvl=yZwAJTKMrbJrSd8H4b2soA%3D%3D
Contratos menores;Servicio de levantamiento topográfico zona de los taludes a reparar en Sierra Nevada;Alcaldía del Ayuntamiento de Monachil;servicios;Resuelta;SANTIAGO MARTIN FERNANDEZ;2300;https://contrataciondelestado.es/wps/poc?uri=deeplink:detalle_licitacion&idEvl=05uNdK6mdq5QFSeKCRun4Q%3D%3D
Contratos menores;Actuación de banda de música para la procesión de los Santos Patronos en la feria de Nerja 2025;Alcaldía del Ayuntamiento de Nerja;servicios;Resuelta;ASOCIACION CULTURAL Y MUSICAL NUESTRA SEÑORA DEL CARMEN;2300;https://contrataciondelestado.es/wps/poc?uri=deeplink:detalle_licitacion&idEvl=2RfA0CNvwtv%2Fa9DgO%2BoYKQ%3D%3D
Contratos menores;suministro de una camilla de exploración ginecológica electrica;Gerencia de Atención Especializada de Medina del Campo;suministros;Resuelta;CTRO.MATERIAL SANITARIO S.A.;2298;https://contrataciondelestado.es/wps/poc?uri=deeplink:detalle_licitacion&idEvl=TsrXguCf2qScTfjQf3USOg%3D%3D
Contratos menores;Reparación de vivienda sita en C/ San Antonio 23, de Serradilla.;Consejería de Infraestructuras, Transporte y Vivienda;obras;Resuelta;NORTE EXTREMADURA ACTIVIDADES SLU;2296,59;https://contrataciondelestado.es/wps/poc?uri=deeplink:detalle_licitacion&idEvl=Obh2t5GcWn3IGlsa0Wad%2Bw%3D%3D
Contratos menores;Servicio contratación de un espacio para la celebración de Día de la Familia.;Alcaldia del Ayuntamiento de Mogán;servicios;Resuelta;SERVICIOS ZOOLOGICOS INTEGRALES;2295;https://contrataciondelestado.es/wps/poc?uri=deeplink:detalle_licitacion&idEvl=3haRES%2FoT4BrhBlEHQFSKA%3D%3D
Contratos menores;Reparación de vivienda sita en / Severo Ochoa 13, 2º A, de Plasencia.;Consejería de Infraestructuras, Transporte y Vivienda;obras;Resuelta;CAPITEL EXTREMADURA;2289,31;https://contrataciondelestado.es/wps/poc?uri=deeplink:detalle_licitacion&idEvl=NQNAYLu8w%2BDi0Kd8%2Brcp6w%3D%3D
Contratos menores;"Actuación artística Grupo Planeta Dance ""Tardeos Arrecife 11 de septiembre""";Alcaldía del Ayuntamiento de Arrecife;servicios;Resuelta;JALEO ACTIVITIES & EVENTS SLU;2280;https://contrataciondelestado.es/wps/poc?uri=deeplink:detalle_licitacion&idEvl=o8ToHwN%2ButxLAIVZdUs8KA%3D%3D
Contratos menores;Contrato actuación la mona danza en el programa ritmo mayor (42/2026/02);Consejo Rector de la Fundación Provincial de Cultura;privado;Resuelta;GESTORA DE NUEVOS PROYECTOS CULTURALES SOCIEDAD LIMITADA;2272,73;https://contrataciondelestado.es/wps/poc?uri=deeplink:detalle_licitacion&idEvl=Pg9kv4YJZVTIGlsa0Wad%2Bw%3D%3D
Contratos menores;Cuadros con fotografías, carteles y pies de foto Situación Operativa 3.;Jefatura de la Sección de Asuntos Económicos de la Unidad Militar de Emergencias;suministros;Resuelta;MOVOL COLOR DIGITAL S.L.L.;2264,4;https://contrataciondelestado.es/wps/poc?uri=deeplink:detalle_licitacion&idEvl=efTDHQMNgR3s%2BnLj3vAg5A%3D%3D
Contratos menores;Impermeabilització junta de dilatació secretaria a l'IES Santa Margalida. TM Santa Margalida;Instituto Balear de Infraestructuras y Servicios Educativos (IBISEC);obras;Resuelta;RESET HAUS SLU;2251,04;https://contrataciondelestado.es/wps/poc?uri=deeplink:detalle_licitacion&idEvl=ZuFD9L8NRF436J9Lctlsuw%3D%3D
Contratos menores;GAPTO- Reparación climatizacion de diversos centros dependientes de la GAP Toledo;Dirección Gerencia de Atención Primaria de Toledo;servicios;Resuelta;ACIERTA ASISTENCIA, S.A.;2245,07;https://contrataciondelestado.es/wps/poc?uri=deeplink:detalle_licitacion&idEvl=t3y2GD5CK1uFlFRHfEzEaw%3D%3D
Contratos menores;servicio de dinamización deportiva mediante circuitos de radio control y simulación de Rally.;Alcaldía del Ayuntamiento de San Bartolomé de Lanzarote;servicios;Resuelta;Carlos Augusto Barrios Jiménez (Infinity VR);2244;https://contrataciondelestado.es/wps/poc?uri=deeplink:detalle_licitacion&idEvl=0O68QvhfCSqzz8fXU2i3eQ%3D%3D
Contratos menores;servicio de certificación de los gases instalados en los ventorrillos de las fiestas de San Bartolomé.;Alcaldía del Ayuntamiento de San Bartolomé de Lanzarote;servicios;Resuelta;NATAN TAVÍO MONTESDEOCA;2240;https://contrataciondelestado.es/wps/poc?uri=deeplink:detalle_licitacion&idEvl=qPudK5CZbQyExvMJXBMHHQ%3D%3D
Contratos menores;CM Obra pintura de salones comedor en la RMD Fuerte Santiago ETU290562;Jefatura de Intendencia de Asuntos Económicos Sur;obras;Resuelta;ACTIVA Y SERVICIOS MTOS INTEGRALES;2231,4;https://contrataciondelestado.es/wps/poc?uri=deeplink:detalle_licitacion&idEvl=0kCTSZD5PYnI8aL3PRS10Q%3D%3D
Contratos menores;"Actuación Artística grupo Sentimiento con Arte ""Tardeos Arrecife 12 de septiembre""";Alcaldía del Ayuntamiento de Arrecife;servicios;Resuelta;CARMEN DOLORES MONTERO HERNANDEZ;2220;https://contrataciondelestado.es/wps/poc?uri=deeplink:detalle_licitacion&idEvl=e1OUZSLNh%2BIQyBAnWzHfCg%3D%3D
Contratos menores;Elaboración programa concurso-subasta nacional de la raza avileña negra ibérica. Contrato vinculado a la “Memoria just. para el desarrollo de actuac. compl. para la mejora de la eficiencia en las explot. gan. y los progr. de mejora razas de CYL para 2026;Consejería de Agricultura, Ganadería, Medio Rural y Política Ambiental de la Junta de Castilla y León;servicios;Resuelta;IMPRENTA MIJAN, S.L.;2203;https://contrataciondelestado.es/wps/poc?uri=deeplink:detalle_licitacion&idEvl=9dSHhwZ%2BSSheKgd8LfVV9g%3D%3D
Contratos menores;Sonorización evento.;Diputación Provincial de Zamora;servicios;Resuelta;SONIDO GALENDE S.L.;2200;https://contrataciondelestado.es/wps/poc?uri=deeplink:detalle_licitacion&idEvl=z0g%2F%2Fi6mvTDjHF5qKI4aaw%3D%3D
Contratos menores;Contrato Menor de obras de aportación de zahorra en parcela municipal para mejora de caminos rurales de la zona del bobar;Junta de Gobierno del Ayuntamiento de Almería;obras;Resuelta;CONSTRUCCIONES NILA, S.A.;2199,12;https://contrataciondelestado.es/wps/poc?uri=deeplink:detalle_licitacion&idEvl=Ha5N10XPuydq1DdmE7eaXg%3D%3D
Contratos menores;Contrato menor de suministro de trofeos y medallas para los actos deportivos de las fiestas de verano de Algaida 2026;Alcaldía del Ayuntamiento d'Algaida;suministros;Resuelta;Relojeria Calvo, S.L.;2157,26;https://contrataciondelestado.es/wps/poc?uri=deeplink:detalle_licitacion&idEvl=uevESCCwuXzi0Kd8%2Brcp6w%3D%3D
Contratos menores;"Maquetació del llibre 604/26 ""El món de Jaume I"". Realització d'infografies de mapa, taules i gràfics requerits. Maquetació, correccions i preparació de les AAFF.";Presidencia de la Diputación Provincial de Valencia;servicios;Resuelta;ESPIRELIUS SL;2140;https://contrataciondelestado.es/wps/poc?uri=deeplink:detalle_licitacion&idEvl=xMKTl9XR4pPyoM4us5k4vw%3D%3D
Contratos menores;Sillas de oficina ergonómicas;Secretaría General del INTA;suministros;Resuelta;GERALVEZ PROYECTOS CONTRAC SL;2137,5;https://contrataciondelestado.es/wps/poc?uri=deeplink:detalle_licitacion&idEvl=sx8JEmWmGJiOUi78BmzhOQ%3D%3D
Contratos menores;Contrato Menor por exlusividad - Servicio de Impresión - Adquisición cabezal de impresión plotter CANON CW3600 Urbanismo;Concejalías Delegadas del Ayuntamiento de Alcobendas;suministros;Resuelta;CANON ESPAÑA, S.A.;2128,44;https://contrataciondelestado.es/wps/poc?uri=deeplink:detalle_licitacion&idEvl=%2BCTebKAMdSHVGIpKDxgsAQ%3D%3D
Contratos menores;Suministro de armarios para almacenaje;Jefatura de Intendencia de Asuntos Económicos Oeste;suministros;Resuelta;SANCHEZ FERNANDEZ, JUAN CARLOS;2120;https://contrataciondelestado.es/wps/poc?uri=deeplink:detalle_licitacion&idEvl=Vk8z14ASEDN9Zh%2FyRJgM8w%3D%3D
Contratos menores;Numeración asientos en auditorios Palacio de Congresos;Alcaldía del Ayuntamiento de Torremolinos;suministros;Resuelta;PRINT SHOP DIGITAL TORREMOLINOS. S.L.;2113,8;https://contrataciondelestado.es/wps/poc?uri=deeplink:detalle_licitacion&idEvl=VhBGUx2Z33DVGIpKDxgsAQ%3D%3D
Contratos menores;"Maquetació de llibre amb aproximadament 450 pàgines interiors. Entrega de arts finals per a l'impresió i pdfs per a la web. de l´obra: ""Transmissió, usos i resignificacions en el patrimoni cultural inmaterial""";Presidencia de la Diputación Provincial de Valencia;servicios;Resuelta;ESPIRELIUS SL;2112,8;https://contrataciondelestado.es/wps/poc?uri=deeplink:detalle_licitacion&idEvl=pRWICCgectNJ8Trn0ZPzLw%3D%3D
Contratos menores;contratación mediante procedimiento simplificado de contrato menor del concierto de navidad en el conjunto monumental de San Luis de los Franceses, par su programa de dinamización aprobado por Resolución nº 8773/2025 de 28 de noviembre;Presidencia de la Diputación Provincial de Sevilla;servicios;Resuelta;ASOCIACION CULTURAL DE MUSICAS HISTORICAS FCO. GUERRERO;2100;https://contrataciondelestado.es/wps/poc?uri=deeplink:detalle_licitacion&idEvl=GVZMzUbuBtWIzo3LHNPGcQ%3D%3D
Contratos menores;Servicio de Desratización y Desinsectación en los Centros Educativos del Municipio.;Junta de Gobierno del Ayuntamiento de La Oliva;servicios;Resuelta;TAHITABA;2100;https://contrataciondelestado.es/wps/poc?uri=deeplink:detalle_licitacion&idEvl=SqmF6LFY0jk36J9Lctlsuw%3D%3D
Contratos menores;"Actuación artística Sin Red Social ""Tardeos Arrecife 10 de septiembre""";Alcaldía del Ayuntamiento de Arrecife;servicios;Resuelta;CARMEN DOLORES MONTERO HERNÁNDEZ;2100;https://contrataciondelestado.es/wps/poc?uri=deeplink:detalle_licitacion&idEvl=6ZgBDBv5uonyoM4us5k4vw%3D%3D
Contratos menores;Suministro de juguetes el 3/10/206 fiestas patronales La Cueva. Acuerdo Pleno 08-09-2026;Junta de Gobierno del Ayuntamiento de Murcia;suministros;Resuelta;JUGUETES CARROZAS Y EVENTOS BELANDO, S.L.;2092;https://contrataciondelestado.es/wps/poc?uri=deeplink:detalle_licitacion&idEvl=IRkOqq99UrvL1rX3q%2FMAPA%3D%3D
Contratos menores;Servicio de mantenimiento preventivo de una estación de regulación y medida (ERM) de gas en el Hospital Universitario de Cuenca;Dirección Gerencia del Servicio de Salud de Castilla-La Mancha;servicios;Resuelta;INDECA, S.L;2070;https://contrataciondelestado.es/wps/poc?uri=deeplink:detalle_licitacion&idEvl=btFlNmnRgjHECtSnloz%2BZQ%3D%3D
Contratos menores;Suministro de menaje de cocina para para la cocina del CDPM ÁVILA I dependiente de la Gerencia Territorial de Servicios Sociales de Ávila.;Gerencia Territorial de Servicios Sociales de Avila;suministros;Resuelta;ALDEA SUMINISTROS HOSTELERIA S.L.;2068,08;https://contrataciondelestado.es/wps/poc?uri=deeplink:detalle_licitacion&idEvl=ZxHe%2FkCzLTES7pcxhTeWOg%3D%3D
Contratos menores;Adquisición de dos termos calentadores de agua;Jefatura de Intendencia de Asuntos Económicos Oeste;suministros;Resuelta;GOLAM ENERGIA S.L.;2066,12;https://contrataciondelestado.es/wps/poc?uri=deeplink:detalle_licitacion&idEvl=GRjKAR0EpcGFQ%2FlhRK79lA%3D%3D
Contratos menores;Adquisición de 20 bases tapizadas y juegos de patas;Jefatura de Intendencia de Asuntos Económicos Oeste;suministros;Resuelta;COLCHON DUPEN, S.A.;2066;https://contrataciondelestado.es/wps/poc?uri=deeplink:detalle_licitacion&idEvl=o4jipJ%2BvstWP66GS%2BONYvQ%3D%3D
Contratos menores;Prestación del servicio de organización y realización de las jornadas gastronómicas que se celebrarán el domingo 4 de octubre, en el marco del I Encuentro Europeo de Tradiciones Medievales, Molvízar-Palmela incluido en el proyecto financiado mediante la subvención destinada a Proyectos Innovadores para la Transformación Territorial y la Lucha contra la Despoblación, incluyendo la preparación, elaboración, suministro y servicio de las actividades gastronómicas programadas.;Alcaldía del Ayuntamiento de Molvízar;servicios;Resuelta;TRANCE AUDIOVISUAL SL;2057,85;https://contrataciondelestado.es/wps/poc?uri=deeplink:detalle_licitacion&idEvl=qeyu6D2eEAPI8aL3PRS10Q%3D%3D
Contratos menores;Transporte Campeonato Orientación;Secretaría General de la Consejería de Educación, Cultura y Deportes de la Junta de Comunidades de Castilla-La Mancha;servicios;Resuelta;AUTOCARES DIEGO S.L.U.;2050;https://contrataciondelestado.es/wps/poc?uri=deeplink:detalle_licitacion&idEvl=Z9DeO5ycH456nTs9LZ9RhQ%3D%3D
Contratos menores;servicio de participación docente en las dos ediciones del curso 2026P693 Inspección de daños a la ganadería causados por fauna silvestre.;Instituto Cántabro de Administración Pública Rafael de la Sierra;servicios;Resuelta;CONSULTORA DE RECURSOS NATURALES S.L.;2027;https://contrataciondelestado.es/wps/poc?uri=deeplink:detalle_licitacion&idEvl=sIZrLlLPfKZ4zIRvjBVCSw%3D%3D
Contratos menores;Suministro e instalación central contra incendios Caiss Tremp;INSS-Dirección provincial de Lleida;suministros;Resuelta;KREUM S.A.;2016,96;https://contrataciondelestado.es/wps/poc?uri=deeplink:detalle_licitacion&idEvl=7Blzx8XIw7r5Rey58Yagpg%3D%3D
Contratos menores;El presente contrato tiene por objeto la representación del espectáculo: “L’Horta” el día 10 de octubre de 2026.;Alcaldía del Ajuntament de Massamagrell;servicios;Resuelta;L´HORTA TEATRE, S.L.;2000;https://contrataciondelestado.es/wps/poc?uri=deeplink:detalle_licitacion&idEvl=aKvYQSbbl9a5HQrHoP3G5A%3D%3D
Contratos menores;El objeto del contrato es la prestación de servicios de reparación, conservación y mantenimiento de los edificios e instalaciones de titularidad municipal.;Alcaldía del Ayuntamiento de Setenil de la Bodegas;servicios;Resuelta;RONDAINOX SLU;2000;https://contrataciondelestado.es/wps/poc?uri=deeplink:detalle_licitacion&idEvl=3S0QnfA1yPoS7pcxhTeWOg%3D%3D
Contratos menores;Disparo fuegos artificiales fiestas Ermita de Burgos de Nonduermas el 27/09/2026;Junta de Gobierno del Ayuntamiento de Murcia;servicios;Resuelta;PIROTECNIA ÁNGEL CÁNOVAS, SL;2000;https://contrataciondelestado.es/wps/poc?uri=deeplink:detalle_licitacion&idEvl=HNmhNLb43k4ZDGvgaZEVxQ%3D%3D
Contratos menores;Castillo de fuegos artificiales el 4-10-2026 por fiestas patronales de La Cueva. Acuerdo Pleno 8-9-2026;Junta de Gobierno del Ayuntamiento de Murcia;servicios;Resuelta;FUEGOS ARTIFICIALES HERMANOS FERRANDEZ, S.L.;2000;https://contrataciondelestado.es/wps/poc?uri=deeplink:detalle_licitacion&idEvl=7ZVvtATvUfE4NavIWzMcHA%3D%3D
Contratos menores;22/26. Servizos de sonorización e animación de presentación do partido amistoso de fútbol sala 22/26. Servizos de sonorización e animación da semifinal de fútbol sala;Presidencia del Organismo Autónomo Terra de Sanxenxo;servicios;Resuelta;Prieto Piñeiro, Luis;2000;https://contrataciondelestado.es/wps/poc?uri=deeplink:detalle_licitacion&idEvl=TWqaULch1pp%2BF6L2uCfUWg%3D%3D
Contratos menores;Adjudicar a la empresa Casado, Bueno y de Dios, S.L. el servicio de la realización de vídeos y el spot de la campaña publicitaria “Contra el Fuego”;Diputación Provincial de Zamora;servicios;Resuelta;CASADO, BUENO Y DE DIOS, S.L. (JAUS);2000;https://contrataciondelestado.es/wps/poc?uri=deeplink:detalle_licitacion&idEvl=6SF0boF%2Fq7KExvMJXBMHHQ%3D%3D
Contratos menores;Z0804334a278 Actuación En El Parlamento De Cantabria Con El Proyecto Banda Sonora De Nuestras Vidas Exp. Ebro N. 104;Consejería de Cultura, Turismo y Deporte de la Comunidad Autónoma de Cantabria;servicios;Resuelta;CORAL VOCES DEL MAR;2000;https://contrataciondelestado.es/wps/poc?uri=deeplink:detalle_licitacion&idEvl=ZzuSqBLM1paHCIsjvJ3rhQ%3D%3D
Contratos menores;Contrato menor de servicio para el desarrollo de un taller práctico de mindfulness basado en reducción del estrés.;Organismo Autónomo Agencia Tributaria Madrid;servicios;Resuelta;IPSIA Psicología SL;2000;https://contrataciondelestado.es/wps/poc?uri=deeplink:detalle_licitacion&idEvl=wJZOhHLmKWFrSd8H4b2soA%3D%3D
Contratos menores;Instal·lació elèctrica i de dades per a 2 noves aules modulars a l'IES Sineu. TM Sineu;Instituto Balear de Infraestructuras y Servicios Educativos (IBISEC);obras;Resuelta;Instal·lacions elèctriques Antonio Bergas Gelabert;1990;https://contrataciondelestado.es/wps/poc?uri=deeplink:detalle_licitacion&idEvl=pW7HJwMjhSvL1rX3q%2FMAPA%3D%3D
Contratos menores;Compra material fungible speis (Carpintería Paco gil sl).;Junta de Gobierno del Ayuntamiento de Murcia;suministros;Resuelta;CARPINTERÍA PACO GIL SL;1983,47;https://contrataciondelestado.es/wps/poc?uri=deeplink:detalle_licitacion&idEvl=HtMnDNePL1kadbH3CysQuQ%3D%3D
Contratos menores;GAPTO- Caseta para alojar motor de aspiración y compresor de la consulta odontología Cs Mora;Dirección Gerencia de Atención Primaria de Toledo;suministros;Resuelta;CERRAJERIA CEDAVE, SL;1980;https://contrataciondelestado.es/wps/poc?uri=deeplink:detalle_licitacion&idEvl=JXiqU5f8khTI8aL3PRS10Q%3D%3D
Contratos menores;Compra gorras (Suministros mayor sl).;Junta de Gobierno del Ayuntamiento de Murcia;suministros;Resuelta;SUMINISTROS MAYOR SL;1976;https://contrataciondelestado.es/wps/poc?uri=deeplink:detalle_licitacion&idEvl=X4dxOA2%2FgS2FQ%2FlhRK79lA%3D%3D
Contratos menores;50 mochilas para ordenador portátil con cargador usb y logo UME.;Jefatura de la Sección de Asuntos Económicos de la Unidad Militar de Emergencias;suministros;Resuelta;GRAFICAS NITRAL, S.L.;1970,78;https://contrataciondelestado.es/wps/poc?uri=deeplink:detalle_licitacion&idEvl=%2BZDip54NnXnI8aL3PRS10Q%3D%3D
Contratos menores;Contrato menor de suministro de albardillas para el Camino del Cementerio;Alcaldía del Ayuntamiento de Meco;suministros;Resuelta;SUENA, S.L.;1960,8;https://contrataciondelestado.es/wps/poc?uri=deeplink:detalle_licitacion&idEvl=xbB2NEca%2FJS8ebB%2FXTwy0A%3D%3D
Contratos menores;Contrato Menor de Suministro-RETIRADA DE BASURA: Alquiler de Cubas y Pulpos. Línea 6 Subvenciones a entidades locales para la atención a personas inmigrantes temporeras andaluzas y sus familias “Refuerzo de los Servicios Sociales para la Asistencia Integral de la Población Inmigrante”;Alcaldía del Ayuntamiento de Lucena del Puerto;suministros;Resuelta;EL BOLLO TRANSPORTES Y EXCAVACIONES SL;1950;https://contrataciondelestado.es/wps/poc?uri=deeplink:detalle_licitacion&idEvl=0yjcbn9NttmFQ%2FlhRK79lA%3D%3D
Contratos menores;Contrato menor de suministro de objectos de barro, detalle para a la tercera edad, para las fiestas de Sant Jaume 2026;Alcaldía del Ayuntamiento d'Algaida;suministros;Resuelta;MARGARITA SERRA CRESPÍ;1950;https://contrataciondelestado.es/wps/poc?uri=deeplink:detalle_licitacion&idEvl=B0BCPNGTkxiExvMJXBMHHQ%3D%3D
Contratos menores;GAPTO- Dietarios 2027, agendas y soportes;Dirección Gerencia de Atención Primaria de Toledo;suministros;Resuelta;PAPELES DISTRIMAR S.L.;1940,57;https://contrataciondelestado.es/wps/poc?uri=deeplink:detalle_licitacion&idEvl=UmrtenCEscHua%2Fi14w%2FPLA%3D%3D
Contratos menores;Transporte Campeonato Orientación;Secretaría General de la Consejería de Educación, Cultura y Deportes de la Junta de Comunidades de Castilla-La Mancha;servicios;Resuelta;Albacete Autobuses Francisco y Antonio, S.L.;1909,09;https://contrataciondelestado.es/wps/poc?uri=deeplink:detalle_licitacion&idEvl=wrriPT4K9XKP66GS%2BONYvQ%3D%3D
Contratos menores;"Actuación artística de Marius John and Arima Saavedra Band Evento ""Tardeos Arrecife""";Alcaldía del Ayuntamiento de Arrecife;servicios;Resuelta;CARMEN DAVINIA MARTIN DIEPA;1900;https://contrataciondelestado.es/wps/poc?uri=deeplink:detalle_licitacion&idEvl=M7VhmkbGlQeqb7rCcv76BA%3D%3D
Contratos menores;Maquetación interior y elaboración de índices del libro El maestre de Alcántara.;Consejería de Cultura, Turismo y Deportes;servicios;Resuelta;INFINITO ESTUDIO SL;1900;https://contrataciondelestado.es/wps/poc?uri=deeplink:detalle_licitacion&idEvl=eQebbRB9p0dPpzdqOdhuWg%3D%3D
Contratos menores;Servicios de mantenimiento y reparación de instalaciones (SAI);Director Gerente de FREMAP;servicios;Resuelta;EDM INSTALACIONES Y REDES S.L.;1898,4;https://contrataciondelestado.es/wps/poc?uri=deeplink:detalle_licitacion&idEvl=bIwTdjuQ%2Bmg7%2B9FIQYNjeQ%3D%3D
Contratos menores;3 unidades Equipos de climatización MITSUBISHI Electric Split MSZ-AY35VGK;Gerencias de los Institutos de la Agencia Estatal Consejo Superior de Investigaciones Científicas;suministros;Resuelta;COMUFRI, S.L.;1884;https://contrataciondelestado.es/wps/poc?uri=deeplink:detalle_licitacion&idEvl=xpeUm1bbkwDgL1BHd3qjQA%3D%3D
Contratos menores;Servicio de producción técnica para acto organizado por el Ayuntamiento de San Fernando con motivo de los Actos Conmemorativos del 125 Aniversario del Patronazgo de la Santísima Virgen del Carmen sobre la Armada Española y del 75 Aniversario de su Coronación Canónica Pontifical;Alcaldia del Ayuntamiento de San Fernando;privado;Resuelta;SEGMENTO STUDIO EVENTS SCA;1880;https://contrataciondelestado.es/wps/poc?uri=deeplink:detalle_licitacion&idEvl=38wHYI9W0jKIzo3LHNPGcQ%3D%3D
Contratos menores;"El objeto del contrato es la representación de la obra teatral/cuentacuentos en lengua inglesa ""Up in the Sky"" en las siete escuelas infantiles municipales.";Junta de Gobierno del Ayuntamiento de Murcia;servicios;Resuelta;ASOCIACIÓN CULTURAL TOLON TELL ON;1880;https://contrataciondelestado.es/wps/poc?uri=deeplink:detalle_licitacion&idEvl=wqSkzPPz6FiOUi78BmzhOQ%3D%3D
Contratos menores;Contratar a un club deportivo, para el voluntariado, entrega de dorsales, u avituallamiento en prueba deportiva del municipio.;Junta de Gobierno del Ayuntamiento de La Oliva;servicios;Resuelta;CLUB DEPORTIVO CAIMA FUERTEVENTURA BALONMAMO;1876,73;https://contrataciondelestado.es/wps/poc?uri=deeplink:detalle_licitacion&idEvl=mskxDJoKtkisNfRW6APEDw%3D%3D
Contratos menores;El presente contrato tiene por objeto atender la necesidad de disponer de asistencia especializada para la mecanización de la contabilidad municipal, comprendiendo las actuaciones necesarias para la correcta introducción y tratamiento de la información económico-presupuestaria en la aplicación informática de contabilidad utilizada por el Ayuntamiento, durante el período comprendido entre los meses de agosto y diciembre de 2026.;Alcaldía del Ayuntamiento de Lumbreras;servicios;Resuelta;Oesía Networks, S.L.;1875;https://contrataciondelestado.es/wps/poc?uri=deeplink:detalle_licitacion&idEvl=3Fqm2W8SeKuKeVWTb9Scog%3D%3D
Contratos menores;Contratar un servicio de mantenimiento de la línea de alta tensión y del centro de transformación del albergue y campamento juvenil de Espinosa de los Monteros y A.J Soncillo (Burgos).;Consejería de Desregulación, Familia y Ayudas Sociales de la Junta de Castilla y León;servicios;Resuelta;STM ALTA TENSION S.A;1856,36;https://contrataciondelestado.es/wps/poc?uri=deeplink:detalle_licitacion&idEvl=s9g59lcpu59q1DdmE7eaXg%3D%3D
Contratos menores;"CM 2026-9-60 Contratación de vehículo en el marco del proyecto ""horizonte salud rural: programa de educación para la salud y actividades comunitarias en zonas rurales"" de la Gerencia de Atención Integrada de Albacete";Dirección Gerencia del Servicio de Salud de Castilla-La Mancha;suministros;Resuelta;ALVEMACO RENTACAR, S.L.;1851,2;https://contrataciondelestado.es/wps/poc?uri=deeplink:detalle_licitacion&idEvl=WcZ3UXJEOGY3vLk2DU2Ddg%3D%3D
Contratos menores;"Contrato actuación III edición del Festival ""Entresebes Folk""";Presidencia del Instituto Leonés de Cultura;servicios;Resuelta;Crearte Global Producciones-Nuria Pellitero Morán;1850;https://contrataciondelestado.es/wps/poc?uri=deeplink:detalle_licitacion&idEvl=jg7e6m41k13E6P%2FuLemXRw%3D%3D
Contratos menores;"Actuación artística Grupo Los Magnéticos ""Tardeos Arrecife 12 de septiembre""";Alcaldía del Ayuntamiento de Arrecife;servicios;Resuelta;CRISTIAN SERRANO BETANCORT;1847,82;https://contrataciondelestado.es/wps/poc?uri=deeplink:detalle_licitacion&idEvl=yawOdfrrXts3vLk2DU2Ddg%3D%3D
Contratos menores;Contrato menor suministro monitores;Diputación Provincial de Zamora;servicios;Resuelta;JPC TECNO 2000 S.L.;1845;https://contrataciondelestado.es/wps/poc?uri=deeplink:detalle_licitacion&idEvl=HL8%2Fl0GRAbA4NavIWzMcHA%3D%3D
Contratos menores;Campaña de publicidad institucional de comunicación de ayudas a la internacionalización, que se publicará entre los días 15 al 21 de septiembre de 2026.;Consejería de la Presidencia de la Junta de Castilla y León;servicios;Resuelta;TRIBUNA CONTENIDOS DIGITALES, S.L.;1836,36;https://contrataciondelestado.es/wps/poc?uri=deeplink:detalle_licitacion&idEvl=KIi7acAQ1N9%2FP7lJ7Fu0SA%3D%3D
Contratos menores;Reparación de vivienda sita en C/ Gabriel y Galán 6, 1º D, de Plasencia.;Consejería de Infraestructuras, Transporte y Vivienda;obras;Resuelta;EOC 24 ARQUITECTURA Y CONSTRUCCION;1834,79;https://contrataciondelestado.es/wps/poc?uri=deeplink:detalle_licitacion&idEvl=lxjPFieVd8RrhBlEHQFSKA%3D%3D
Contratos menores;GAPTO- Cajas cartón para embalar 50x35x40;Dirección Gerencia de Atención Primaria de Toledo;suministros;Resuelta;CARTONAJES MIMÓ, S.L.;1828,5;https://contrataciondelestado.es/wps/poc?uri=deeplink:detalle_licitacion&idEvl=TiF2QsexIZLCfVQHDepjGQ%3D%3D
Contratos menores;CM (2026-9-62) para la adquisición de 5 accesorios módulo de capnografía destinados al nuevo Edificio Polivalente de la GAIAB, en el marco del Plan Director.;Gerencia de Atención Integrada de Albacete;suministros;Resuelta;PALEX MEDICAL, S.A.;1827;https://contrataciondelestado.es/wps/poc?uri=deeplink:detalle_licitacion&idEvl=3MVcCTcWjTvmnwcj%2BxbdTg%3D%3D
Contratos menores;9 cuñas de 20” a lo largo de toda la programación regional de esRadio Castilla;Consejería de Agricultura, Ganadería, Medio Rural y Política Ambiental de la Junta de Castilla y León;servicios;Resuelta;CASTILLA Y LEON RADIO, S.A.;1818,18;https://contrataciondelestado.es/wps/poc?uri=deeplink:detalle_licitacion&idEvl=OHmHOprjdiprhBlEHQFSKA%3D%3D
Contratos menores;Suministro de flores para decoración de los tronos de San Miguel y Ntra. Sra. de las Angustias.;Alcaldía del Ayuntamiento de Nerja;suministros;Resuelta;FLORISTERIA MARI S.C;1818,18;https://contrataciondelestado.es/wps/poc?uri=deeplink:detalle_licitacion&idEvl=R5VaFzz8DEdeKgd8LfVV9g%3D%3D
Contratos menores;adquisición de publicaciones que tratan sobre distintas materias relacionadas con las principales áreas de gestión del departamento;Subdirección General de Oficialía Mayor y Administración Financiera;suministros;Resuelta;LIBRERIA RENO S.L.;1817,31;https://contrataciondelestado.es/wps/poc?uri=deeplink:detalle_licitacion&idEvl=94NAuo20Ix47u6%2B%2FR7DUoA%3D%3D
Contratos menores;"Actuación artística Fran el Califa ""Tardeos Arrecife 11 de septiembre""";Alcaldía del Ayuntamiento de Arrecife;servicios;Resuelta;DANIEL MOISES PEREZ GONZALEZ;1800;https://contrataciondelestado.es/wps/poc?uri=deeplink:detalle_licitacion&idEvl=Wutbyor3zkMUqXM96WStVA%3D%3D
Contratos menores;"Actuación artística Dj Ari Mendoza ""Tardeos Arrecife 11 y 12 de septiembre""";Alcaldía del Ayuntamiento de Arrecife;servicios;Resuelta;HL7 CANARIAS SOCIEDAD LIMITADA;1800;https://contrataciondelestado.es/wps/poc?uri=deeplink:detalle_licitacion&idEvl=u2NOZJjY9aBVkTabT%2FRM8A%3D%3D
Contratos menores;Servicios consistente en servicios de elaboración de paella popular para fiestas del Llano de Don Antonio;Alcaldía del Ayuntamiento de Carboneras;servicios;Resuelta;PAELLAS SIERRA NEVADA, SOCIEDAD LIMITADA;1800;https://contrataciondelestado.es/wps/poc?uri=deeplink:detalle_licitacion&idEvl=l7673fUeDMWP%2Bo96UAV7cQ%3D%3D
Contratos menores;Contrato menor de servicios , para la grabación con dos operarios de cámara, 1 jornada, y edición de un reportaje de 6 a 8 minutos, para evento deportivo del municipio;Junta de Gobierno del Ayuntamiento de La Oliva;servicios;Resuelta;KIKAZARU FILMS S.L.U.;1800;https://contrataciondelestado.es/wps/poc?uri=deeplink:detalle_licitacion&idEvl=GRe1GtayOEjjHF5qKI4aaw%3D%3D
Contratos menores;Amenización musical cabalgata de reyes magos.;Alcaldía del Ayuntamiento de Moguer;servicios;Resuelta;ASOC MUSICAL CHARANGA ECHALE SAL;1800;https://contrataciondelestado.es/wps/poc?uri=deeplink:detalle_licitacion&idEvl=Wb7QLYtkIipeKgd8LfVV9g%3D%3D
Contratos menores;suministro de mesas y sillas para el departamento de personal.;Alcaldía del Ayuntamiento de San Bartolomé de Lanzarote;suministros;Resuelta;METAL CONFORT;1799;https://contrataciondelestado.es/wps/poc?uri=deeplink:detalle_licitacion&idEvl=sRnec7SOFfht5r0ngvMetA%3D%3D
Contratos menores;Contrato menor para la actuación musical de The Hawaiians Band para las fiestas de Pina 2026;Alcaldía del Ayuntamiento d'Algaida;servicios;Resuelta;VIVAZ UNION S.L;1795;https://contrataciondelestado.es/wps/poc?uri=deeplink:detalle_licitacion&idEvl=0wL33%2BtA0liS81gZFETWmA%3D%3D
Contratos menores;GAPTO- Valla de cerramiento del recinto de urgencias del Cs Buenavista;Dirección Gerencia de Atención Primaria de Toledo;suministros;Resuelta;CERRAJERIA CEDAVE, SL;1790;https://contrataciondelestado.es/wps/poc?uri=deeplink:detalle_licitacion&idEvl=lNXH84jOBfbmnwcj%2BxbdTg%3D%3D
Contratos menores;Transporte Campeonato Orientación;Secretaría General de la Consejería de Educación, Cultura y Deportes de la Junta de Comunidades de Castilla-La Mancha;servicios;Resuelta;LAURA VICTORIA AVIS FERNANDEZ;1789;https://contrataciondelestado.es/wps/poc?uri=deeplink:detalle_licitacion&idEvl=%2FG8bKbdKrqMaF6cS8TCh%2FA%3D%3D
Contratos menores;subscription extension anual de Licencias de Alkacon para los nuevos portales webs municipales;Gerencia de la Sociedad Provincial de Informática de Sevilla S.A.U.;suministros;Resuelta;ALKACON SOFTWARE GMBH & CO;1785;https://contrataciondelestado.es/wps/poc?uri=deeplink:detalle_licitacion&idEvl=IxoG1wLu2bAXhk1FZxEyvw%3D%3D
Contratos menores;Reparación de vivienda sita en Callejón de Vargas 3, de Madrigalejo.;Consejería de Infraestructuras, Transporte y Vivienda;obras;Resuelta;RESECO Y PAREJO SL;1780;https://contrataciondelestado.es/wps/poc?uri=deeplink:detalle_licitacion&idEvl=4qfu8PqKddnua%2Fi14w%2FPLA%3D%3D
Contratos menores;Evaluación niveles de radón Caiss La Seo de Urgel;INSS-Dirección provincial de Lleida;servicios;Resuelta;ADIQUIMICA S.A.;1775;https://contrataciondelestado.es/wps/poc?uri=deeplink:detalle_licitacion&idEvl=lzwD5jEBquRLAIVZdUs8KA%3D%3D
Contratos menores;GAPTO- Reparación sistema de videovigilancia de diversos centros dependientes de la GAP;Dirección Gerencia de Atención Primaria de Toledo;servicios;Resuelta;VITEN SEGURIDAD S.L.;1766,37;https://contrataciondelestado.es/wps/poc?uri=deeplink:detalle_licitacion&idEvl=23%2B0hLUAcPLL1rX3q%2FMAPA%3D%3D
Contratos menores;GAPTO- Reparación central de detención de gas Cs Villaluenga;Dirección Gerencia de Atención Primaria de Toledo;servicios;Resuelta;ACIERTA ASISTENCIA, S.A.;1750;https://contrataciondelestado.es/wps/poc?uri=deeplink:detalle_licitacion&idEvl=gfSBfuC84UiFlFRHfEzEaw%3D%3D
Contratos menores;GAPTO- Tributos locales: vados permanentes y reserva de espacio parea varios centros;Dirección Gerencia de Atención Primaria de Toledo;servicios;Resuelta;AYTO. TOLEDO;1740,33;https://contrataciondelestado.es/wps/poc?uri=deeplink:detalle_licitacion&idEvl=Sh5eAXmFmraKeVWTb9Scog%3D%3D
Contratos menores;Factura según presupuesto N. 01/06/26 Evento 19/06/2026 (Red 5V);Presidencia de la Comarca de Cinco Villas;servicios;Resuelta;BODEGAS SEÑORIO CINCO VILLAS,SL;1740;https://contrataciondelestado.es/wps/poc?uri=deeplink:detalle_licitacion&idEvl=IrIO981WtIXmnwcj%2BxbdTg%3D%3D
Contratos menores;Contrato menor de servizo de deseño de trípticos e carteis da programación das festas patronais de lalín 2026 e distribución de carteis (PLAN + PROVINCIA);Junta de Gobierno del Ayuntamiento de Lalín;servicios;Resuelta;MUNDOPUBLICOLOR, SL;1735,54;https://contrataciondelestado.es/wps/poc?uri=deeplink:detalle_licitacion&idEvl=zif2YAhQMQx%2BF6L2uCfUWg%3D%3D
Contratos menores;Adquisición de 10 monitores curvos de 32 pulgadas;División Económica y Técnica (Cuerpo Nacional de Policía);suministros;Resuelta;TEKNOSERVICE S.L.;1734,9;https://contrataciondelestado.es/wps/poc?uri=deeplink:detalle_licitacion&idEvl=WCa19Upi3E3ECtSnloz%2BZQ%3D%3D
Contratos menores;Publicación edictos en diario información. Servicio Economía y Hacienda.;Junta de Gobierno Local del Ayuntamiento de Alicante;servicios;Resuelta;Editorial Prensa Alicantina S.A.U.;1725;https://contrataciondelestado.es/wps/poc?uri=deeplink:detalle_licitacion&idEvl=80rULV0bqlfECtSnloz%2BZQ%3D%3D
Contratos menores;Suministro carro de ducha para el centros residencial Convento San Francisco de Plasencia;Servicio Extremeño de Promoción de la Autonomía y Atención a la Dependencia (SEPAD).Gerencia Territorial de Cáceres;suministros;Resuelta;VIDA GERIATRICA SL;1723;https://contrataciondelestado.es/wps/poc?uri=deeplink:detalle_licitacion&idEvl=WXBkGWMHetmsNfRW6APEDw%3D%3D
Contratos menores;"""Diseño e implementación de portal bonos comercio campaña 2026 Ayuntamiento Hondón de los Frailes""";Alcaldía del Ayuntamiento de Hondón de los Frailes;servicios;Resuelta;Digital Value S.L.;1700;https://contrataciondelestado.es/wps/poc?uri=deeplink:detalle_licitacion&idEvl=nZQPI1Rr5n0zjChw4z%2FXvw%3D%3D
Contratos menores;Talleres infantiles más ludoteca en las fiestas de San Bartolomé de 2026;Alcaldía del Ayuntamiento de San Bartolomé de Lanzarote;servicios;Resuelta;ESTHER BETANCORT DE LAMO;1700;https://contrataciondelestado.es/wps/poc?uri=deeplink:detalle_licitacion&idEvl=qZ1Q8NTVS%2BcS7pcxhTeWOg%3D%3D
Contratos menores;516/26. Actuación musical da banda de música de Sanxenxo polas festas patronais de Portonovo 2026;Presidencia del Organismo Autónomo Terra de Sanxenxo;servicios;Resuelta;Sociedade Musical de Sanxenxo;1700;https://contrataciondelestado.es/wps/poc?uri=deeplink:detalle_licitacion&idEvl=j86bbG74Ug2sNfRW6APEDw%3D%3D
Contratos menores;Contrato menor de servicios: Alojamiento para los participantes de la XXXIII Muestra de Música Antigua 'Castillo de Aracena' 2026;Alcaldía del Ayuntamiento de Aracena;servicios;Resuelta;GALERIAS BARRU, SL.;1681,94;https://contrataciondelestado.es/wps/poc?uri=deeplink:detalle_licitacion&idEvl=53ro0DoXS5%2Bzz8fXU2i3eQ%3D%3D
Contratos menores;Desplazamiento Bilbao-Paris-Bucarest-Amsterdam-Bilbao correspondiente a Mikel Díez Sánchez y Rubén Valenzuela Montes (Ida: 6/06/2023- Vuelta: 9/06/2023);Rectorado de la Universidad del País Vasco;servicios;Resuelta;VIAJES ECUADOR;1681,6;https://contrataciondelestado.es/wps/poc?uri=deeplink:detalle_licitacion&idEvl=XDfcFM9eLMZeKgd8LfVV9g%3D%3D
Contratos menores;Contratar grupo musical de Fuerteventura, para evento deportivo del municipio.;Junta de Gobierno del Ayuntamiento de La Oliva;servicios;Resuelta;DAVID JESÚS ANDÚJAR DÍAZ;1679;https://contrataciondelestado.es/wps/poc?uri=deeplink:detalle_licitacion&idEvl=teuUyMAlfM%2BdkQsA7ROvsg%3D%3D
Contratos menores;Adquisición de un ordenador portátil Lenovo ThinkPad E14 Gen 8 - Copilot+ PC;Gerencias de los Institutos de la Agencia Estatal Consejo Superior de Investigaciones Científicas;suministros;Resuelta;MUEVO PROYECTOS Y SISTEMAS DE COMUNICACION, S.L.;1677,58;https://contrataciondelestado.es/wps/poc?uri=deeplink:detalle_licitacion&idEvl=7v4XMBQasPG8ebB%2FXTwy0A%3D%3D
Contratos menores;Difusión de la estrategia de comunicación y Publicidad Institucional ‘PROMOCIÓN Y RECONOMIENTO DEL PAPEL DE LAS MUJERES RURALES’ a través de la realización, producción y emisión de programación radiofónica especializada en la red de emisoras en la emisora territorial de Onda Cero Sur.;Instituto de la Mujer de Extremadura;servicios;Resuelta;JUAN AGUILAR SANCHEZ;1670;https://contrataciondelestado.es/wps/poc?uri=deeplink:detalle_licitacion&idEvl=c1u7wALgxHf%2Fa9DgO%2BoYKQ%3D%3D
Contratos menores;suministro mobiliario para el departamento de oficina técnica;Alcaldía del Ayuntamiento de San Bartolomé de Lanzarote;suministros;Resuelta;Metal Confort;1667,44;https://contrataciondelestado.es/wps/poc?uri=deeplink:detalle_licitacion&idEvl=OU8BID7pa3a2gkLQ8TeYKA%3D%3D
Contratos menores;Compra maletín registro y control oxígeno (Suministros mayor sl).;Junta de Gobierno del Ayuntamiento de Murcia;suministros;Resuelta;SUMINISTROS MAYOR SL;1659,25;https://contrataciondelestado.es/wps/poc?uri=deeplink:detalle_licitacion&idEvl=8oHq%2BzacN2UzjChw4z%2FXvw%3D%3D
Contratos menores;Contrato menor para adecuación de cuadro de protección y medida en Colegio;Alcaldía del Ayuntamiento de Escatrón;servicios;Resuelta;ENDEF ENGINEERING S.L.;1656,44;https://contrataciondelestado.es/wps/poc?uri=deeplink:detalle_licitacion&idEvl=S55zIOZPT3y8ebB%2FXTwy0A%3D%3D
Contratos menores;El objeto es contratar el servicio de esterilización felina en el municipio de Agost al disponer de una subvención por parte de la Excma. Diputación Provincial de Alicante.;Alcaldía del Ayuntamiento de Agost;servicios;Resuelta;ALVARO VERGARA SHIRLEY;1652,89;https://contrataciondelestado.es/wps/poc?uri=deeplink:detalle_licitacion&idEvl=zOsLpFUHBpl4zIRvjBVCSw%3D%3D
Contratos menores;Sonorización evento.;Diputación Provincial de Zamora;servicios;Resuelta;ALTEISA SONIDO SL;1650;https://contrataciondelestado.es/wps/poc?uri=deeplink:detalle_licitacion&idEvl=KNg8dV0Od%2FzjHF5qKI4aaw%3D%3D
Contratos menores;Cm-038-2026 - exposición fotografías de ganado selecto bestiarium - fegasur 2026;Vicepresidencia de Institución Ferial de Cádiz IFECA;servicios;Resuelta;JOSE ANTONIO RODRIGUEZ BAREA;1650;https://contrataciondelestado.es/wps/poc?uri=deeplink:detalle_licitacion&idEvl=KURTTNdEVVRVYjgxA4nMUw%3D%3D
Contratos menores;Diseño de folletos turísticos y su impresión, 3.000 ejemplares, con la actualización del Callejero Municipal del Ayuntamiento de Marchamalo;Alcaldia del Ayuntamiento de Marchamalo;servicios;Resuelta;HABLA COMUNICACION CORPORATIVA, S.L.;1650;https://contrataciondelestado.es/wps/poc?uri=deeplink:detalle_licitacion&idEvl=5etWiOLYIRIXhk1FZxEyvw%3D%3D
Contratos menores;GAPTO- Reparación bomba calor en la zona odontología y veterinario Cs Menasalbas;Dirección Gerencia de Atención Primaria de Toledo;servicios;Resuelta;ACIERTA ASISTENCIA, S.A.;1638;https://contrataciondelestado.es/wps/poc?uri=deeplink:detalle_licitacion&idEvl=fimweU4WmUQ4NavIWzMcHA%3D%3D
Contratos menores;GAPTO- Reparación sistema cloración depósito reserva Cs Mora;Dirección Gerencia de Atención Primaria de Toledo;servicios;Resuelta;ACIERTA ASISTENCIA, S.A.;1635,82;https://contrataciondelestado.es/wps/poc?uri=deeplink:detalle_licitacion&idEvl=DGMfaVDUS2PpxJFXpLZ%2B2A%3D%3D
Contratos menores;Inspección técnica instalaciones térmicas D.P.;INSS-Dirección provincial de Lleida;servicios;Resuelta;TUV SUD ATISAE S.A.U.;1624;https://contrataciondelestado.es/wps/poc?uri=deeplink:detalle_licitacion&idEvl=CQ9gNOuM8KaIzo3LHNPGcQ%3D%3D
Contratos menores;Contratación de servicios de tratamientos de control de díptero;Alcaldía del Ayuntamiento de Orxeta;servicios;Resuelta;ICSAM SEGURIDAD ALIMENTARIA & MEDIO AMBIENTE SOCIEDAD LIMITADA;1617,91;https://contrataciondelestado.es/wps/poc?uri=deeplink:detalle_licitacion&idEvl=iVHsh4YYmqdeKgd8LfVV9g%3D%3D
Contratos menores;2 actuaciones de la cía. -agrupación coral nuestra señora de las nieves de la rinconada- (música de navidad, para el programa cultural de la diputación de sevilla 2026;Presidencia de la Diputación Provincial de Sevilla;servicios;Resuelta;AGRUPACION CORAL NUESTRA SEÑORA DE LAS NIEVES;1600;https://contrataciondelestado.es/wps/poc?uri=deeplink:detalle_licitacion&idEvl=QDLuKKZh62QeIBJRHQiPkQ%3D%3D
Contratos menores;Servicio de traslado en autobús del alumnado de la Escuela Municipal de Educación de Adultos Beatriz Galindo a Zamora.;Concejalía Delegada de Hacienda del Ayuntamiento de Navalcarnero;servicios;Resuelta;FLOMARSAN, S.L.;1600;https://contrataciondelestado.es/wps/poc?uri=deeplink:detalle_licitacion&idEvl=DH1Ddt%2FfRNDI8aL3PRS10Q%3D%3D
Contratos menores;"Contrato menor de servizos para a produción da exposición ""ZEIT"" De Tareixa Taboada no Museo Municipal";Junta de Gobierno del Ayuntamiento de Lalín;servicios;Resuelta;TERESA DE LA PAZ GRANDE TABOADA;1600;https://contrataciondelestado.es/wps/poc?uri=deeplink:detalle_licitacion&idEvl=A7TBe5EuQusIYE3ZiZ%2BxmQ%3D%3D
Contratos menores;Contratación de los servicios de una empresa para la elaboración del Pliego de Prescripciones Técnicas para la adjudicación del contrato de servicios destinada al programa de Envejecimiento Activo.;Alcaldía del Ayuntamiento de San Bartolomé de Lanzarote;servicios;Resuelta;EGUESAN ENERGY SL.;1600;https://contrataciondelestado.es/wps/poc?uri=deeplink:detalle_licitacion&idEvl=o6ZZ3RQ6sIeFQ%2FlhRK79lA%3D%3D
Contratos menores;contratación de la Compañía L HORTA TEATRE, S.L. para la representación del espectáculo -Martina i el bosc de paper-en el Teatre El Progrés de Burjassot, el día 22 de noviembre de 2026 a las 12:00 horas, dentro de la programación cultural del citado teatro;Junta de Gobierno del Ayuntamiento de Burjassot;servicios;Resuelta;L'HORTA TEATRE, S.L.;1600;https://contrataciondelestado.es/wps/poc?uri=deeplink:detalle_licitacion&idEvl=9%2BwAuEk78hj9pbnDwlaUlg%3D%3D
Contratos menores;Suministro de una cortadora de fiambre;Jefatura de Intendencia de Asuntos Económicos Oeste;suministros;Resuelta;SUMINISTROS Y MANTENIMIENTOS CAP S.L.;1600;https://contrataciondelestado.es/wps/poc?uri=deeplink:detalle_licitacion&idEvl=Bq66EDiLczOExvMJXBMHHQ%3D%3D
Contratos menores;Representación del espectáculo Las Moralejas, a celebrar en el Centro Cultural de Alcalá el día 10 de abril de 2026;Alcaldía del Ayuntamiento de Guía de Isora;privado;Resuelta;HABEMUS TEATRO, S.L.;1600;https://contrataciondelestado.es/wps/poc?uri=deeplink:detalle_licitacion&idEvl=2hurLlhcVTxVkTabT%2FRM8A%3D%3D
Contratos menores;Concierto de músicas gráficas en el MACA;Junta de Gobierno Local del Ayuntamiento de Alicante;servicios;Resuelta;Carlos Pérez Izquierdo;1600;https://contrataciondelestado.es/wps/poc?uri=deeplink:detalle_licitacion&idEvl=VECIQ4v6yNXECtSnloz%2BZQ%3D%3D
Contratos menores;servicio denominado El objeto del contrato es la prestación del servicio de mantenimiento preventivo y correctivo de las instalaciones y sistemas de protección contra incendios (PCI) de los centros de GESPLAN, S.A. en Gran Canaria;Consejería Delegada de Gestión y Planeamiento Territorial y Medioambiental, S.A.;servicios;Resuelta;PROTECSA GROUP 2002, S.L;1594,24;https://contrataciondelestado.es/wps/poc?uri=deeplink:detalle_licitacion&idEvl=HeMb0phK%2FboeIBJRHQiPkQ%3D%3D
Contratos menores;Compra equipo proceso grabación vídeo (Acre soluciones topográficas alquiler y venta sl).;Junta de Gobierno del Ayuntamiento de Murcia;suministros;Resuelta;ACRE SOLUCIONES TOPOGRÁFICAS ALQUILER Y VENTA SL;1584,71;https://contrataciondelestado.es/wps/poc?uri=deeplink:detalle_licitacion&idEvl=XQzJY9qHKRKqb7rCcv76BA%3D%3D
Contratos menores;Suministro de Ropa Plana, para dotar en los Centros de Salud y Consultorios dependientes de esta Gerencia.;Gerencia de Atención Primaria del Area de Salud de Tenerife;suministros;Resuelta;EMILIO CARREÑO S.L.;1577,5;https://contrataciondelestado.es/wps/poc?uri=deeplink:detalle_licitacion&idEvl=2Ej7yv1yrQeExvMJXBMHHQ%3D%3D
Contratos menores;Revisión y mantenimiento caldera CEIP José María Manresa Navarro;Alcaldía del Ayuntamiento de San Fulgencio;servicios;Resuelta;NOVOTEC LEVANTE SL;1575;https://contrataciondelestado.es/wps/poc?uri=deeplink:detalle_licitacion&idEvl=EKFszrOy8meFlFRHfEzEaw%3D%3D
Contratos menores;Guía Buenas Prácticas para las Pruebas de Acceso UPV/EHU 2026;Rectorado de la Universidad del País Vasco;servicios;Resuelta;CANAL DIRECTO;1575;https://contrataciondelestado.es/wps/poc?uri=deeplink:detalle_licitacion&idEvl=BgEJDz0O7enkY6rls5tG9A%3D%3D
Contratos menores;CMF23-Adquisición de material fungible de laboratorio para las prácticas de estudiantado del área de tecnología farmacéutica de la Facultad de Farmacia;Rectorado de la Universidad del País Vasco;suministros;Resuelta;PROQUINORTE, S.A.;1570;https://contrataciondelestado.es/wps/poc?uri=deeplink:detalle_licitacion&idEvl=oDXB2oJHilsS7pcxhTeWOg%3D%3D
Contratos menores;Suministro de deshumidificadores para el MHMAC;Jefatura de Intendencia de Asuntos Económicos Oeste;suministros;Resuelta;BAHAMONDE IGLESIAS, FELIX;1560;https://contrataciondelestado.es/wps/poc?uri=deeplink:detalle_licitacion&idEvl=3jvOzIR%2FxRGOUi78BmzhOQ%3D%3D
Contratos menores;"Inscripción ""10th edition of the Manufacturing Engineering Society International Conference (MESIC) 2023"" (Del 28 al 30/06/2023)";Rectorado de la Universidad del País Vasco;servicios;Resuelta;VIAJES EL CORTE INGLÉS , S.A;1550;https://contrataciondelestado.es/wps/poc?uri=deeplink:detalle_licitacion&idEvl=n8Ub9evHKyn5Rey58Yagpg%3D%3D
Contratos menores;Compra equipo informático MAC;Rectorado de la Universidad del País Vasco;suministros;Resuelta;IRAXKORR, S.L.;1542,97;https://contrataciondelestado.es/wps/poc?uri=deeplink:detalle_licitacion&idEvl=4s0ob9gWh0tLAIVZdUs8KA%3D%3D
Contratos menores;Buzón colector enterrado;Alcaldía del Concello de Foz;suministros;Resuelta;FORMATO VERDE SL;1540;https://contrataciondelestado.es/wps/poc?uri=deeplink:detalle_licitacion&idEvl=%2F5X8muYCd6Y7%2B9FIQYNjeQ%3D%3D
Contratos menores;"Contratación de 10 licencias del software de conexión remota ""ANYDESK"".";Alcaldía del Ayuntamiento de Coín;suministros;Resuelta;BIOS TECHNOLOGY SOLUTIONS SL;1533;https://contrataciondelestado.es/wps/poc?uri=deeplink:detalle_licitacion&idEvl=fwJgYE5haMLECtSnloz%2BZQ%3D%3D
Contratos menores;servicio de cáterin para el acto de entrega de los XIV premios de investigación del ICAP.;Instituto Cántabro de Administración Pública Rafael de la Sierra;servicios;Resuelta;MMC BAHÍA STR SL;1527;https://contrataciondelestado.es/wps/poc?uri=deeplink:detalle_licitacion&idEvl=kY27GIQFdGd9Zh%2FyRJgM8w%3D%3D
Contratos menores;Adquisición de un ordenador de sobremesa Even Ultra 7;Gerencias de los Institutos de la Agencia Estatal Consejo Superior de Investigaciones Científicas;suministros;Resuelta;MUEVO PROYECTOS Y SISTEMAS DE COMUNICACION, S.L.;1509,48;https://contrataciondelestado.es/wps/poc?uri=deeplink:detalle_licitacion&idEvl=LvRVu7IgNKJxseVhcqrkhw%3D%3D
Contratos menores;Adquisición de torniquetes quirúrgicos estériles;Hospital Intermutual de Euskadi, Centro Mancomunado de Mutuas de Accidentes de Trabajo y Enfermadades Profesionales de la Seguridad Social;suministros;Resuelta;EVOMEDIC GLOBAL, S.L.;1500;https://contrataciondelestado.es/wps/poc?uri=deeplink:detalle_licitacion&idEvl=0ziNz1uBC0TkY6rls5tG9A%3D%3D
Contratos menores;Actuación y pasacalles musical a manos de La Charanga de Cádiz para la Cabalgata de Reyes Secadero 2027;Alcaldía del Ayuntamiento de Casares;servicios;Resuelta;ASOCIACIÓN UNICIÓN MUSICAL GADITANA;1500;https://contrataciondelestado.es/wps/poc?uri=deeplink:detalle_licitacion&idEvl=orfEX8%2B5voT5Rey58Yagpg%3D%3D
Contratos menores;Grabación, edición y streaming del Seminario Atalaya los días 29 y 30 de septiembre de 2026 en la UCA;Rectorado de la Universidad Internacional de Andalucía;servicios;Resuelta;JOSE MARIA BEARDO GROSSO;1500;https://contrataciondelestado.es/wps/poc?uri=deeplink:detalle_licitacion&idEvl=A4PVPvJBFtVeKgd8LfVV9g%3D%3D
Contratos menores;Base de datos de reproducción de obras y grabaciones musicales para la producción de contenidos audiovisuales del Ayuntamiento de Rivas Vaciamadrid;Junta de Gobierno del Ayuntamiento de Rivas Vaciamadrid;servicios;Resuelta;SONY MUSIC PUBLISHING SPAIN, S.L.;1500;https://contrataciondelestado.es/wps/poc?uri=deeplink:detalle_licitacion&idEvl=HO4%2FAuzwUr5rhBlEHQFSKA%3D%3D
Contratos menores;Promoción de la ruta turística Tacoronte de Mi Alma en Mírame TV.;Alcaldia del Ayuntamiento de Tacoronte;servicios;Resuelta;ISLAS CANARIAS TELEVISION, S.A.;1500;https://contrataciondelestado.es/wps/poc?uri=deeplink:detalle_licitacion&idEvl=H%2F15%2FQT1eNTs%2BnLj3vAg5A%3D%3D
Contratos menores;Treball de gràfica per a les cobertes dels Premis València d’assaig.;Presidencia de la Diputación Provincial de Valencia;servicios;Resuelta;Carles Rodrigo Monzó;1500;https://contrataciondelestado.es/wps/poc?uri=deeplink:detalle_licitacion&idEvl=McXiQcHH5214zIRvjBVCSw%3D%3D
Contratos menores;"Realización de monólogo feminista ""Divina Comedia""";Alcaldía del Ayuntamiento de Segorbe;servicios;Resuelta;Patricia Sornosa Flores;1500;https://contrataciondelestado.es/wps/poc?uri=deeplink:detalle_licitacion&idEvl=5xxxRKZrmRxt5r0ngvMetA%3D%3D
Contratos menores;Asesoramiento técnico motostudent 22-23;Rectorado de la Universidad del País Vasco;servicios;Resuelta;SUPERTRACK MOTOS S.L;1500;https://contrataciondelestado.es/wps/poc?uri=deeplink:detalle_licitacion&idEvl=2CCh0iTPQA7XOjazN1Dw9Q%3D%3D
Contratos menores;Contrato menor decoración iglesia y andas fiestas san miguel 2026;Alcaldía del Ayuntamiento de Tous;servicios;Resuelta;MARIA JOSE LLUESMA DE LA CONCEPCION;1500;https://contrataciondelestado.es/wps/poc?uri=deeplink:detalle_licitacion&idEvl=T6SOemNzxsL10HRJw8TEnQ%3D%3D
Contratos menores;Contrato menor de suministro de material para mejora red de agua;Alcaldía del Ayuntamiento de Sorbas;suministros;Resuelta;SUMINISTROS PEMAR 2004 S.L;1481,21;https://contrataciondelestado.es/wps/poc?uri=deeplink:detalle_licitacion&idEvl=IChzRJ8obnM7%2B9FIQYNjeQ%3D%3D
Contratos menores;Reparación de vivienda sita en C/ Monfragüe, n.º 28, de Casar de Cáceres (Cáceres).;Consejería de Infraestructuras, Transporte y Vivienda;obras;Resuelta;CONSTRUCCIONES GUERRERO JAREÑO SL;1453;https://contrataciondelestado.es/wps/poc?uri=deeplink:detalle_licitacion&idEvl=sRVWbyBePFNt5r0ngvMetA%3D%3D
Contratos menores;Realización de la Campaña nº 35: “Campaña de seguridad y salud laboral – trabajos saludables” . Servicio de creatividad.;Consejería de Industria, Universidades, Empleo y Comercio de la Junta de Castilla y León;servicios;Resuelta;AUDACIA COMUNICACIÓN SL;1451;https://contrataciondelestado.es/wps/poc?uri=deeplink:detalle_licitacion&idEvl=BO6X9HgRWufIGlsa0Wad%2Bw%3D%3D
Contratos menores;Transporte Campeonato Badminton;Secretaría General de la Consejería de Educación, Cultura y Deportes de la Junta de Comunidades de Castilla-La Mancha;servicios;Resuelta;AUTOCARES CRISBEL, SL.;1450;https://contrataciondelestado.es/wps/poc?uri=deeplink:detalle_licitacion&idEvl=JbNAEM3LJ%2F8S7pcxhTeWOg%3D%3D
Contratos menores;Adquisición material deportivo;Jefatura de Asuntos Económicos del Mando de Personal;suministros;Resuelta;Vetocu, S.L.;1450;https://contrataciondelestado.es/wps/poc?uri=deeplink:detalle_licitacion&idEvl=87gDdpfPvWoeIBJRHQiPkQ%3D%3D
Contratos menores;Contrato menor de servicios-Actuación de pascua (EXTRAESCOLARES);Alcaldía del Ayuntamiento de Castell de Cabres;servicios;Resuelta;ROSELLES A TEMPO;1450;https://contrataciondelestado.es/wps/poc?uri=deeplink:detalle_licitacion&idEvl=a8hBiArAoAisNfRW6APEDw%3D%3D
Contratos menores;Material diverso para el servicio de odontología.;Jefatura de la Sección Económico Administrativa 15 Agrupación del Cuartel General del Ejército del Aire;suministros;Resuelta;NEW DENTAPAL SERVICIOS INTEGRALES SLL;1442,21;https://contrataciondelestado.es/wps/poc?uri=deeplink:detalle_licitacion&idEvl=%2BoLQgt1Jr%2Bj5Rey58Yagpg%3D%3D
Contratos menores;591/26. Actividade extraescolar de taller lego stem;Presidencia del Organismo Autónomo Terra de Sanxenxo;servicios;Resuelta;Sea Knot Servicios de Ingeniería, S.L.;1440;https://contrataciondelestado.es/wps/poc?uri=deeplink:detalle_licitacion&idEvl=z%2FjUzHyY%2FdZJ8Trn0ZPzLw%3D%3D
Contratos menores;Mantenimiento equipos DESA;Presidencia de la Autoridad Portuaria de Ferrol San Cibrao;servicios;Resuelta;ALMAS INDUSTRIES BSAFE;1440;https://contrataciondelestado.es/wps/poc?uri=deeplink:detalle_licitacion&idEvl=josVzfjDbyIXhk1FZxEyvw%3D%3D
Contratos menores;Campaña de publicidad institucional de comunicación de ayudas a la internacionalización, que se publicará entre los días 15 al 21 de septiembre de 2026.;Consejería de la Presidencia de la Junta de Castilla y León;servicios;Resuelta;DIARIO DE SALAMANCA SL;1439,67;https://contrataciondelestado.es/wps/poc?uri=deeplink:detalle_licitacion&idEvl=t9a9NWLL%2FhF70UvEyYJSGw%3D%3D
Contratos menores;"Contratación de una campaña de comunicación en emisora de radio de ámbito autonómico ""PROMOCION DE LA MINERIA""";Consejería de Medio Ambiente y Energía de la Junta de Castilla y León;servicios;Resuelta;LIBERTAD DIGITAL, S.A.;1423,97;https://contrataciondelestado.es/wps/poc?uri=deeplink:detalle_licitacion&idEvl=BCOJEx6eeEEwYTJJ03sHog%3D%3D
Contratos menores;Contratación urgente de ampliación de cuota de microsoft dynamics 365 customer insights  journeys;Rectorado de la Universidad Internacional de Andalucía;servicios;Resuelta;SOFTWAREONE SPAIN, S.A.;1413,99;https://contrataciondelestado.es/wps/poc?uri=deeplink:detalle_licitacion&idEvl=tJlIm%2Fr33GngL1BHd3qjQA%3D%3D
Contratos menores;Suministro e instalación de aparato de aire acondicionado en sala de karate del pabellón municipal de deportes.;Alcaldía del Ayuntamiento de Begíjar;suministros;Resuelta;INSTALACIONES PRACHE SL;1410;https://contrataciondelestado.es/wps/poc?uri=deeplink:detalle_licitacion&idEvl=JDfDxDq07XPECtSnloz%2BZQ%3D%3D
Contratos menores;Compra material fungible--material eléctrico (Sinelec camposol sl).;Junta de Gobierno del Ayuntamiento de Murcia;suministros;Resuelta;SINELEC CAMPOSOL SL;1404,96;https://contrataciondelestado.es/wps/poc?uri=deeplink:detalle_licitacion&idEvl=dmdKRvuXzM6qb7rCcv76BA%3D%3D
Contratos menores;servicio de la tasación de tres cálices y una cruz;Alcaldía del Ayuntamiento de Borriana;servicios;Resuelta;GEMOLOGIA MLLOPIS SL;1400;https://contrataciondelestado.es/wps/poc?uri=deeplink:detalle_licitacion&idEvl=keMZ1SNl9U9%2BF6L2uCfUWg%3D%3D
Contratos menores;Billete avion Bilbao-Amsterdam-Salt Lake City (usa) ida y vuelta. 8-15 de octubre. Amaia Ibarraran;Rectorado de la Universidad del País Vasco;servicios;Resuelta;AVORIS RETAIL DIVISION SL;1395,33;https://contrataciondelestado.es/wps/poc?uri=deeplink:detalle_licitacion&idEvl=kOcL5xJRyi%2F5Rey58Yagpg%3D%3D
Contratos menores;Alquiler de 3 mesas vitrinas para bóvedas del Palacio Almudí;Junta de Gobierno del Ayuntamiento de Murcia;servicios;Resuelta;EXPOMED S.L.;1380;https://contrataciondelestado.es/wps/poc?uri=deeplink:detalle_licitacion&idEvl=Io9HzIq5NUqqb7rCcv76BA%3D%3D
Contratos menores;GAPTO- Apósito hidrocoloide 10 x10 cm;Dirección Gerencia de Atención Primaria de Toledo;suministros;Resuelta;COLOPLAST PRODUCTOS MEDICOS, S.A.;1376;https://contrataciondelestado.es/wps/poc?uri=deeplink:detalle_licitacion&idEvl=JDY1EA90lyXECtSnloz%2BZQ%3D%3D
Contratos menores;Compra galones distintivos mandos speis (Sagres sl).;Junta de Gobierno del Ayuntamiento de Murcia;suministros;Resuelta;SAGRES SL;1368,36;https://contrataciondelestado.es/wps/poc?uri=deeplink:detalle_licitacion&idEvl=Ix172JTNS3FrSd8H4b2soA%3D%3D
Contratos menores;"Curso de informática para gente mayor - ""Noves Tics en mòbils i tablets""";Alcaldía del Ayuntamiento de Beniarbeig;servicios;Resuelta;ASISTENCIA Y SUMINISTROS INFORMATICOS ONDARA SL;1365;https://contrataciondelestado.es/wps/poc?uri=deeplink:detalle_licitacion&idEvl=tyYmIjt2tLYZDGvgaZEVxQ%3D%3D
Contratos menores;Contrato menor urgente de adjudicación directa catering para acto de hijo predilecto de la villa de pinto para Miguel Gutiérrez.;Concejal de Contratación del Ayuntamiento de Pinto;servicios;Resuelta;VIENA REPOSTERIA CAPELLANES SA;1363,64;https://contrataciondelestado.es/wps/poc?uri=deeplink:detalle_licitacion&idEvl=PB5AosSsS5k4NavIWzMcHA%3D%3D
Contratos menores;Contrato menor de prestación de servicios para disponer de una empresa de transporte con conductor para la realización de las visitas formativas organizadas por el Programa de Empleo y Formación Auxilium;Vicepresidencia de la Mancomunidad de Islantilla;servicios;Resuelta;Liberbus, S.L.;1363,64;https://contrataciondelestado.es/wps/poc?uri=deeplink:detalle_licitacion&idEvl=99CaSeTodq2AAM7L03kM8A%3D%3D
Contratos menores;Suministro de una carpa institucional para la Delegación de Defensa en la Ciudad de Melilla.;Subdirección General de Servicios Económicos y Pagadurías;suministros;Resuelta;BRK MELILLA S.C;1355;https://contrataciondelestado.es/wps/poc?uri=deeplink:detalle_licitacion&idEvl=fzYYzyoJMM3VGIpKDxgsAQ%3D%3D
Contratos menores;Servicios de abogado en Procedimiento Abreviado 326/2026;Alcaldía del Ayuntamiento de Valdepeñas;servicios;Resuelta;JOSE MANUEL DIAZ MORA;1350;https://contrataciondelestado.es/wps/poc?uri=deeplink:detalle_licitacion&idEvl=DjyYXWgBediKeVWTb9Scog%3D%3D
Contratos menores;Pto servicio de cóctel de bienvenida, previsto para el día 9 de octubre.;Alcaldía del Ayuntamiento de Quijorna;servicios;Resuelta;HOSTELEROS SB DESDE 1936 S.L.;1350;https://contrataciondelestado.es/wps/poc?uri=deeplink:detalle_licitacion&idEvl=7e2Jy4NmLHOAAM7L03kM8A%3D%3D
Contratos menores;Merienda para el acto de celebración Bodas de Oro;Concejalías Delegadas del Ayuntamiento de Alcobendas;servicios;Resuelta;CARO Y WADSKIER RESTAURACION SL;1345;https://contrataciondelestado.es/wps/poc?uri=deeplink:detalle_licitacion&idEvl=K8oPG8t0VR07%2B9FIQYNjeQ%3D%3D
Contratos menores;Servicio Técnico para la Gala de entrega de premios del XXXIV Concurso de Proyectos Empresariales 2026 en el Teatro Romea.;Junta de Gobierno del Ayuntamiento de Murcia;servicios;Resuelta;Salzillo Servicios Integrales S.L.;1340,5;https://contrataciondelestado.es/wps/poc?uri=deeplink:detalle_licitacion&idEvl=oxRZ%2FGczyii8ebB%2FXTwy0A%3D%3D
Contratos menores;Adquisición de 4 alfombras con logo;Rectorado de la Universidad del País Vasco;suministros;Resuelta;phs Serkonten S.A.U.;1332,03;https://contrataciondelestado.es/wps/poc?uri=deeplink:detalle_licitacion&idEvl=a96tynVq3k570UvEyYJSGw%3D%3D
Contratos menores;Cinta de Balizar GR 300/ Cliché;Junta de Gobierno Local del Ayuntamiento de Alicante;suministros;Resuelta;LUHLF S.L;1324,1;https://contrataciondelestado.es/wps/poc?uri=deeplink:detalle_licitacion&idEvl=uy%2FEIsJIK%2F84NavIWzMcHA%3D%3D
Contratos menores;Contrato menor de servicio Espectáculo: ¡ARRE! Diputació a escena;Alcaldía del Ayuntamiento de Castell de Cabres;servicios;Resuelta;AITOR ESTEBAN LORENZO;1319,36;https://contrataciondelestado.es/wps/poc?uri=deeplink:detalle_licitacion&idEvl=L%2F66xdg13O6AAM7L03kM8A%3D%3D
Contratos menores;Montaje y desmontaje Feria empleo 2026;Presidencia de la Comarca de Cinco Villas;servicios;Resuelta;PORTERO ARJOL , LUIS MIGUEL;1317,56;https://contrataciondelestado.es/wps/poc?uri=deeplink:detalle_licitacion&idEvl=sRVWbyBePFOP%2Bo96UAV7cQ%3D%3D
Contratos menores;Suministro de dos sillas, una banqueta ergonómicas y dos reposapiés para punto de venta de entradas, y punto de información turística de Mezquita de Tornerías;Dirección Gerencia de la Empresa Pública de Promoción del Turismo y la Artesanía de Castilla-La Mancha (ETURIA), S.A.;suministros;Resuelta;PINA MOBILIARIO SL;1317,01;https://contrataciondelestado.es/wps/poc?uri=deeplink:detalle_licitacion&idEvl=UI06AVtrB5QwYTJJ03sHog%3D%3D
Contratos menores;GAPTO- Aguja hipodérmica con dispositivo de seguridad;Dirección Gerencia de Atención Primaria de Toledo;suministros;Resuelta;Becton Dickinson, SAU;1313,46;https://contrataciondelestado.es/wps/poc?uri=deeplink:detalle_licitacion&idEvl=r2P4z%2BhKzPR%2FP7lJ7Fu0SA%3D%3D
Contratos menores;516/26. Actuación musical de Studio21 Discomovil polas festas patronais de Portonovo 2026;Presidencia del Organismo Autónomo Terra de Sanxenxo;servicios;Resuelta;Studio21 Discomovil, S.L.U.;1300;https://contrataciondelestado.es/wps/poc?uri=deeplink:detalle_licitacion&idEvl=%2FQJfGDoA%2Fug4NavIWzMcHA%3D%3D
Contratos menores;Asentamiento del programa informático para la gestión del registro de perros de raza peligrosa del Centro Canino.;Alcaldía del Ayuntamiento de Zamora;servicios;Resuelta;HELDER JOSE FOLGADO TORRADO;1300;https://contrataciondelestado.es/wps/poc?uri=deeplink:detalle_licitacion&idEvl=bgO%2Fj4ERYVuAAM7L03kM8A%3D%3D
Contratos menores;Difusión de la estrategia de comunicación y Publicidad Institucional ‘PROMOCIÓN Y RECONOMIENTO DEL PAPEL DE LAS MUJERES RURALES’ a través de la realización, producción y publicación de actuaciones desarrolladas en el periódico nativo digital, de ámbito territorial, Nuestra Comarca.;Instituto de la Mujer de Extremadura;servicios;Resuelta;RAUL HABA JIMENEZ;1290;https://contrataciondelestado.es/wps/poc?uri=deeplink:detalle_licitacion&idEvl=H9bJ5GL9NkQ7u6%2B%2FR7DUoA%3D%3D
Contratos menores;suministro de marcadores de posesión (segunderos) de baloncesto para el minipabellón del Polideportivo Municipal de Burjassot.;Junta de Gobierno del Ayuntamiento de Burjassot;suministros;Resuelta;Cation Softsystem S.L.;1290;https://contrataciondelestado.es/wps/poc?uri=deeplink:detalle_licitacion&idEvl=Phz%2FxBoxSip6nTs9LZ9RhQ%3D%3D
Contratos menores;Sustituir cajones y persianas.;Alcaldia del Ayuntamiento de Valverde del Camino;servicios;Resuelta;JESUS QUIÑONES BANDO;1280;https://contrataciondelestado.es/wps/poc?uri=deeplink:detalle_licitacion&idEvl=THOedAAcabzCfVQHDepjGQ%3D%3D
Contratos menores;GAPTO- Oxigeno centros julio 2026;Dirección Gerencia de Atención Primaria de Toledo;suministros;Resuelta;S.E. de Carburos Metálicos S. A.;1278,63;https://contrataciondelestado.es/wps/poc?uri=deeplink:detalle_licitacion&idEvl=eGwOv5CFhsw3vLk2DU2Ddg%3D%3D
Contratos menores;La limpieza de la campana extractora de la cocina de la Residencia Deportiva Río Esgueva.;Servicio Territorial de Cultura y Turismo de Valladolid;servicios;Resuelta;ECOCYL, S.L.;1275;https://contrataciondelestado.es/wps/poc?uri=deeplink:detalle_licitacion&idEvl=aJ%2BoFJO0O1B%2FP7lJ7Fu0SA%3D%3D
Contratos menores;Contrato menor de suministros_Campaña de sensibilización contra la violencia de Genero (Pacto de estado 2025);Alcaldía del Ayuntamiento de Castell de Cabres;suministros;Resuelta;ARC ESTUDI DISSENY, S.L.U.;1262;https://contrataciondelestado.es/wps/poc?uri=deeplink:detalle_licitacion&idEvl=%2B7bytoxk4pl6nTs9LZ9RhQ%3D%3D
Contratos menores;Contrato menor de suministro para material obras PFEA 2025-2026;Alcaldía del Ayuntamiento de Sorbas;suministros;Resuelta;SUMINISTROS PEMAR 2004 S.L;1261,47;https://contrataciondelestado.es/wps/poc?uri=deeplink:detalle_licitacion&idEvl=D0jSX%2FjryrheKgd8LfVV9g%3D%3D
Contratos menores;Proyecto que no pare el arte. Creación y producción musical.;Alcaldía del Ayuntamiento de San Agustín del Guadalix;servicios;Resuelta;VERONICA GAYA RODRIGO;1257;https://contrataciondelestado.es/wps/poc?uri=deeplink:detalle_licitacion&idEvl=RhxwMk%2F3rLxeKgd8LfVV9g%3D%3D
Contratos menores;La adquisición de material Bibliográfico para la Biblioteca Pública de Zamora.;Servicio Territorial de Cultura y Turismo de Zamora;suministros;Resuelta;ELENA MARTIN FAZ;1254,11;https://contrataciondelestado.es/wps/poc?uri=deeplink:detalle_licitacion&idEvl=F9bNDT1PeZP5Rey58Yagpg%3D%3D
Contratos menores;Producción de dos vídeos, a artesano y diseñadora, ambos de la región, para su visualización en la feria Bridal Barcelona, dentro de la promoción de la artesanía y su fusión con el diseño;Dirección Gerencia de la Empresa Pública de Promoción del Turismo y la Artesanía de Castilla-La Mancha (ETURIA), S.A.;servicios;Resuelta;Sanz González, César;1250;https://contrataciondelestado.es/wps/poc?uri=deeplink:detalle_licitacion&idEvl=X7e%2FE%2B1VpALE6P%2FuLemXRw%3D%3D
Contratos menores;"Contrato menor de servicios de coordinación de seguridad y salud para la ejecución de la obra de ""Renovación de red de abastecimiento y aceras en la Calle Leitariegos. Tramo de C/Vega del Palo y C/Omaña"".";Alcaldía del Ayuntamiento de Villablino;servicios;Resuelta;RAUL ALVAREZ ALVAREZ;1250;https://contrataciondelestado.es/wps/poc?uri=deeplink:detalle_licitacion&idEvl=AgtantibDLqLAncw3qdZkA%3D%3D
Contratos menores;Contrato menor de servicio_PER_VERSIONES_Diputació a escena;Alcaldía del Ayuntamiento de Castell de Cabres;servicios;Resuelta;ROSELLES A TEMPO;1250;https://contrataciondelestado.es/wps/poc?uri=deeplink:detalle_licitacion&idEvl=c55FBljcxSotm4eBPtV6eQ%3D%3D
Contratos menores;"Consiste en la contratación del grupo de jazz "" Carmen Quesada dúo"" por su participación en el acto de Apertura de Año Académico 2026 que se va a celebrar en la sede de la UNIA en Sevilla.";Rectorado de la Universidad Internacional de Andalucía;servicios;Resuelta;EVENTS BRANCH S.L.;1239,67;https://contrataciondelestado.es/wps/poc?uri=deeplink:detalle_licitacion&idEvl=8LB0BBzIjee7JOCXkOhcDg%3D%3D
Contratos menores;Servicio de dinamización, animación e impartición de talleres de igualdad, actividades incluidas en la subvención del Área de Igualdad, Políticas Sociales y Juventud de la Diputación Provincial de Jaén para el ejercicio 2026.;Alcaldía del Ayuntamiento de Begíjar;servicios;Resuelta;MARIA DEL CARMEN MARTINEZ ADAN;1239,67;https://contrataciondelestado.es/wps/poc?uri=deeplink:detalle_licitacion&idEvl=ut0uVs9y2wZrSd8H4b2soA%3D%3D
Contratos menores;"Suministro de pieza de policarbonato (3,05 x 2,05 metros) para exposición temporal ""Premios Laura Luelmo"" en el Museo de Salamanca.";Servicio Territorial de Cultura y Turismo de Salamanca;suministros;Resuelta;FELTRERO DIVISIÓN ARTE S.L;1239,05;https://contrataciondelestado.es/wps/poc?uri=deeplink:detalle_licitacion&idEvl=8mHvJWlT2BV9PLkba5eRog%3D%3D
Contratos menores;Equipos sonido e iluminación el 19 y 26-09-2026 para fiestas patronales La Cueva. Acuerdo Pleno 08/09/2026;Junta de Gobierno del Ayuntamiento de Murcia;suministros;Resuelta;MUÑOZ MELERO JOSE ANTONIO;1239;https://contrataciondelestado.es/wps/poc?uri=deeplink:detalle_licitacion&idEvl=Sd%2Fzmi2AvorCfVQHDepjGQ%3D%3D
Contratos menores;Contrato menor trabajos de adaptación a normativa actual ascensor Polivalente.;Alcaldía del Ayuntamiento de Escatrón;servicios;Resuelta;TK Elevadores España,S.L. (antes THYSSENKRUPP ELEVADORES);1238,75;https://contrataciondelestado.es/wps/poc?uri=deeplink:detalle_licitacion&idEvl=uE9lF9GL9B5q1DdmE7eaXg%3D%3D
Contratos menores;La adquisición de material Bibliográfico para la Biblioteca Pública de Zamora.;Servicio Territorial de Cultura y Turismo de Zamora;suministros;Resuelta;MARTA PÉREZ MORALES;1230,66;https://contrataciondelestado.es/wps/poc?uri=deeplink:detalle_licitacion&idEvl=vR0Fiq5nPNvI8aL3PRS10Q%3D%3D
Contratos menores;GAPTO- Escalera de acceso a la cubierta del Cl Rielves;Dirección Gerencia de Atención Primaria de Toledo;suministros;Resuelta;CERRAJERIA CEDAVE, SL;1230;https://contrataciondelestado.es/wps/poc?uri=deeplink:detalle_licitacion&idEvl=zkZJw9b%2BJDx6nTs9LZ9RhQ%3D%3D
Contratos menores;GAPTO- Fabricación, suministro y montaje cortinas Cs Sta. Bárbara;Dirección Gerencia de Atención Primaria de Toledo;suministros;Resuelta;DECORACIONES MARTINEZ BENAVENTE, S.;1229,36;https://contrataciondelestado.es/wps/poc?uri=deeplink:detalle_licitacion&idEvl=qtwtbXlvU4U4NavIWzMcHA%3D%3D
Contratos menores;CM (2026-9-73) Para la adquisición de 9 lámparas lupa, destinadas al C.S. de Tarazona de la Mancha, de la GAIAB, tras su reforma.;Gerencia de Atención Integrada de Albacete;suministros;Resuelta;SALVADOR NAVARRO, S.L.;1223,73;https://contrataciondelestado.es/wps/poc?uri=deeplink:detalle_licitacion&idEvl=AGznH1S0XQRWhbmkna2nXQ%3D%3D
Contratos menores;Actuación Generación Beta con motivo de la celebración del Día 12 de octubre;Alcaldía del Ayuntamiento de Dalías;privado;Resuelta;AUDIO ALMERIA, S.L.;1200;https://contrataciondelestado.es/wps/poc?uri=deeplink:detalle_licitacion&idEvl=7tkwlMfyQNLCfVQHDepjGQ%3D%3D
Contratos menores;Contrato menor del baile popular en Algaida el dia 16 juliol y en Randa el dia 22 de agosto 2026;Alcaldía del Ayuntamiento d'Algaida;servicios;Resuelta;Escola de Ball de Bot Calabruix;1200;https://contrataciondelestado.es/wps/poc?uri=deeplink:detalle_licitacion&idEvl=xtuZQORSWHFrhBlEHQFSKA%3D%3D
Contratos menores;Servicio de formación para el PFAE Limpieza Integral;Alcaldia del Ayuntamiento de Mogán;servicios;Resuelta;HAYLEY DENIZE PENMAN;1200;https://contrataciondelestado.es/wps/poc?uri=deeplink:detalle_licitacion&idEvl=4cpjZ8%2Bcddl6nTs9LZ9RhQ%3D%3D
Contratos menores;Acciones formativas para Proyectos Europeos en el marco del Programa Eramus+ Juventud;Alcaldía del Ayuntamiento de Baeza;servicios;Resuelta;ASOCIACIÓN CULTURAL PARTICIPE PLUS;1200;https://contrataciondelestado.es/wps/poc?uri=deeplink:detalle_licitacion&idEvl=ShmtxFGkRNWP66GS%2BONYvQ%3D%3D
Contratos menores;Contrato menor de servicio para la actuación i la aportación de equipos de sonido para la animación infantil para las fiestas de Sant Jaume 2026;Alcaldía del Ayuntamiento d'Algaida;servicios;Resuelta;CUCORBA AC;1200;https://contrataciondelestado.es/wps/poc?uri=deeplink:detalle_licitacion&idEvl=I23AB1IAjFHyoM4us5k4vw%3D%3D
Contratos menores;Taller de Angel Igual para el proyecto La Comunidad en los centros educativos;Alcaldía del Ayuntamiento de La Vall d'Uixó;servicios;Resuelta;IGUAL*POVEDA,ANGEL MANUEL;1200;https://contrataciondelestado.es/wps/poc?uri=deeplink:detalle_licitacion&idEvl=AlV2bEzkO2DIGlsa0Wad%2Bw%3D%3D
Contratos menores;Contrato menor de servicios de Asistencia Técnica para llevar a cabo las funciones de Coordinador de Seguridad y Salud en las obras de reforma, renaturalización y adaptación a los efectos del cambio climático del patio escolar del CEIP Antonio de Nebrija en el distrito de Villaverde.;Área de Gobierno de Urbanismo, Medio Ambiente y Movilidad del Ayuntamiento de Madrid;servicios;Resuelta;Ángel González Pérez;1200;https://contrataciondelestado.es/wps/poc?uri=deeplink:detalle_licitacion&idEvl=Pm7cNF36aEQeIBJRHQiPkQ%3D%3D
Contratos menores;Estudio geotécnico para la redacción de Proyecto de obra pública ordinaria de urbanización de reforma de los espacios públicos urbanizados en el ámbito AB-8 INVIRSA;Alcaldía del Ayuntamiento de El Viso del Alcor;servicios;Resuelta;TECNISONDEOS-GEOTECNIA Y SONDEOS;1198,35;https://contrataciondelestado.es/wps/poc?uri=deeplink:detalle_licitacion&idEvl=DraztTOTjsaFQ%2FlhRK79lA%3D%3D
Contratos menores;Servicios de impresión del libro de Embajadores de Raiz Culinaria en idioma inglés, para su uso en diferentes eventos internacionales durante 2026;Dirección Gerencia de la Empresa Pública de Promoción del Turismo y la Artesanía de Castilla-La Mancha (ETURIA), S.A.;servicios;Resuelta;RAIL COMUNICACIÓN, S.L.;1197;https://contrataciondelestado.es/wps/poc?uri=deeplink:detalle_licitacion&idEvl=2jbWF6xtEDdLAIVZdUs8KA%3D%3D
Contratos menores;741 llaveros de 13x3 cm con anilla de 3 cm.;Jefatura de la Sección de Asuntos Económicos de la Unidad Militar de Emergencias;suministros;Resuelta;GRAFICAS NITRAL, S.L.;1185,6;https://contrataciondelestado.es/wps/poc?uri=deeplink:detalle_licitacion&idEvl=IJmGs%2BiNBz42wEhQbcAqug%3D%3D
Contratos menores;Taller mitolatorio impartido en el MACA;Junta de Gobierno Local del Ayuntamiento de Alicante;servicios;Resuelta;María Lledó Pascual Franch;1182;https://contrataciondelestado.es/wps/poc?uri=deeplink:detalle_licitacion&idEvl=6gOV3oTlqvnECtSnloz%2BZQ%3D%3D
Contratos menores;Adquisición 2 videograbadores y 1 monitor TV;Jefatura de la Sección Económico Administrativa 22 - Base Aérea de Torrejón (Agrupación de Base);suministros;Resuelta;TRAMA DE GASLLAR, S.L.;1181;https://contrataciondelestado.es/wps/poc?uri=deeplink:detalle_licitacion&idEvl=7hsq1M719Go%2FbjW6njtWLw%3D%3D
Contratos menores;Suministro de SAIs para equipos de soporte de medición del laboratorio de Comisaría de Aguas;Presidencia de la Confederación Hidrográfica del Miño-Sil;suministros;Resuelta;SALICRU S.A.;1174;https://contrataciondelestado.es/wps/poc?uri=deeplink:detalle_licitacion&idEvl=DA%2BT6r1rKER%2FP7lJ7Fu0SA%3D%3D
Contratos menores;material para apicultura;Junta de Gobierno Local del Ayuntamiento de Alicante;suministros;Resuelta;la tienda del apicultor SLU;1170,03;https://contrataciondelestado.es/wps/poc?uri=deeplink:detalle_licitacion&idEvl=R2lnOYWgNd%2FCfVQHDepjGQ%3D%3D
Contratos menores;Suministro de adquisición de 500 abanicos color natural para la romería de la peña 2026.;Junta de Gobierno del Ayuntamiento de La Oliva;suministros;Resuelta;FRANCISCO JOSÉ GONZALEZ CABRERA;1170;https://contrataciondelestado.es/wps/poc?uri=deeplink:detalle_licitacion&idEvl=YihbREUSAr5%2BF6L2uCfUWg%3D%3D
Contratos menores;11/26. Reparación dos sistemas de climatización da piscina municipal de Sanxenxo;Presidencia del Organismo Autónomo Terra de Sanxenxo;servicios;Resuelta;Termocalor Vigo, S.L.;1168,4;https://contrataciondelestado.es/wps/poc?uri=deeplink:detalle_licitacion&idEvl=uGhVy4zPpYZ6nTs9LZ9RhQ%3D%3D
Contratos menores;GAPTO- Tensiometros digital y pulsioximetros adulto;Dirección Gerencia de Atención Primaria de Toledo;suministros;Resuelta;VIALTA, S.L.;1161,9;https://contrataciondelestado.es/wps/poc?uri=deeplink:detalle_licitacion&idEvl=EykjfGBPr22opEMYCmrbmw%3D%3D
Contratos menores;Nuevo DÍPTICO para el Servicio de Atención Psicologica-SAP/APZ;Rectorado de la Universidad del País Vasco;suministros;Resuelta;CANAL DIRECTO;1160;https://contrataciondelestado.es/wps/poc?uri=deeplink:detalle_licitacion&idEvl=sx0OfwBwqjYeIBJRHQiPkQ%3D%3D
Contratos menores;adquisición dispensador de agua Caiss Balaguer;INSS-Dirección provincial de Lleida;suministros;Resuelta;CANALETAS S.A.;1153;https://contrataciondelestado.es/wps/poc?uri=deeplink:detalle_licitacion&idEvl=Wdg6qluRv4qGCFcHcNGIlQ%3D%3D
Contratos menores;Transporte Campeonato Atletismo, Jornada 2;Secretaría General de la Consejería de Educación, Cultura y Deportes de la Junta de Comunidades de Castilla-La Mancha;servicios;Resuelta;AUTOCARES MIGALLON, SL;1146,18;https://contrataciondelestado.es/wps/poc?uri=deeplink:detalle_licitacion&idEvl=D3lAoa83%2Bkb%2Fa9DgO%2BoYKQ%3D%3D
Contratos menores;Transporte Campeonato Atletismo, Jornada 1;Secretaría General de la Consejería de Educación, Cultura y Deportes de la Junta de Comunidades de Castilla-La Mancha;servicios;Resuelta;AUTOCARES MIGALLON, SL;1142,94;https://contrataciondelestado.es/wps/poc?uri=deeplink:detalle_licitacion&idEvl=6D3RmI7nW19J8Trn0ZPzLw%3D%3D
Contratos menores;Obra de instalación de aire acondicionado.;Centre de Salut Pública de Benicarló;obras;Resuelta;BON CLIMA CLIMATIZACIÓN, S.L.;1135;https://contrataciondelestado.es/wps/poc?uri=deeplink:detalle_licitacion&idEvl=v12YztH36275Rey58Yagpg%3D%3D
Contratos menores;Contrato menor de servicio de alquiler de furgoneta para trabajos de soporte para las fiestas de Algaida, Pina y Randa y para el riego de zonas verdes;Alcaldía del Ayuntamiento d'Algaida;servicios;Resuelta;MULTIAUTO PALMA S.L;1132,31;https://contrataciondelestado.es/wps/poc?uri=deeplink:detalle_licitacion&idEvl=m6rL1mZ%2Bn68aF6cS8TCh%2FA%3D%3D
Contratos menores;Seguro de accidentes de 24 opositores para el curso de nuevo ingreso del Consorcio de bomberos de la provincia de Cádiz;Presidencia del Consorcio de Bomberos de la Provincia de Cádiz;servicios;Resuelta;ALLIANZ COMPAÑÍA DE SEGUROS Y REASEGUROS S.A.;1131,94;https://contrataciondelestado.es/wps/poc?uri=deeplink:detalle_licitacion&idEvl=ZmDJyxIB6f99Zh%2FyRJgM8w%3D%3D
Contratos menores;Renovación mantenimiento hot-line anual de Symphony Biblioteca Torre Pacheco y Biblioteca de Roldán. Adquisición de 500 tarjetas de proximidad para acceso a las salas de estudio de la biblioteca de Torre Pacheco.;Alcaldía del Ayuntamiento de Torre Pacheco;servicios;Resuelta;BITNOVA IDENTIFICACION Y CONTROL, S.L.;1129,7;https://contrataciondelestado.es/wps/poc?uri=deeplink:detalle_licitacion&idEvl=WJW1V4dr0vPL1rX3q%2FMAPA%3D%3D
Contratos menores;Adquisición de artículos de equipamiento específico, esenciales para el correcto adiestramiento, manejo y seguridad tanto de los guías caninos como de los propios animales.;Junta de Gobierno del Ayuntamiento de La Oliva;suministros;Resuelta;PROFESSIONAL MATERIAL TD GROUP, S.L;1120;https://contrataciondelestado.es/wps/poc?uri=deeplink:detalle_licitacion&idEvl=P7IPX5UZodU%2Bk2oCbDosIw%3D%3D
Contratos menores;Reparación de vivienda sita en C/ Ródano bloque 5, 5º C, de Cáceres.;Consejería de Infraestructuras, Transporte y Vivienda;obras;Resuelta;NORIEGA CONSTRUCCION Y OBRAS PUBLIC;1112,99;https://contrataciondelestado.es/wps/poc?uri=deeplink:detalle_licitacion&idEvl=wGqRSKV7iD8eC9GJQOEBkQ%3D%3D
Contratos menores;Suministro portátil Dell 5520 y proyector equipamiento para actividades Estiu Jove;Alcaldía del Ayuntamiento de La Vall d'Uixó;suministros;Resuelta;DIAGO*SEGARRA,VICENTE JOAQUIN;1110;https://contrataciondelestado.es/wps/poc?uri=deeplink:detalle_licitacion&idEvl=%2FQJfGDoA%2Fui5HQrHoP3G5A%3D%3D
Contratos menores;Diverso material para el mantenimiento diario de las instalaciones deportivas durante el mes de octubre;Alcaldía del Ayuntamiento de Moguer;suministros;Resuelta;SUMINISTROS CRUZ Y GOMEZ, S.L.;1108,92;https://contrataciondelestado.es/wps/poc?uri=deeplink:detalle_licitacion&idEvl=CtnTilnB0mh9PLkba5eRog%3D%3D
Contratos menores;Compra de herramientas;Alcaldia del Ayuntamiento de Conil de la Frontera;suministros;Resuelta;ELTE FERRRETERIA Y SUMINISTROS S.L.;1105,88;https://contrataciondelestado.es/wps/poc?uri=deeplink:detalle_licitacion&idEvl=ukXEDzHQIQ83vLk2DU2Ddg%3D%3D
Contratos menores;Coordinación Seguridad y Salud - CRA San Rafael (Estación del Espinar) para la Eliminación del Radón;Dirección Provincial de Educación en Segovia;servicios;Resuelta;VOM oficina de arquitectura SL;1100;https://contrataciondelestado.es/wps/poc?uri=deeplink:detalle_licitacion&idEvl=x7g4JM2OjYFt5r0ngvMetA%3D%3D
Contratos menores;Suministro de adquisición de 500 sombreros para los peregrinos de la romería de la peña a repartir el 18 de septiembre de 2026;Junta de Gobierno del Ayuntamiento de La Oliva;suministros;Resuelta;JUAN JOSE LUCAS CORDERO;1100;https://contrataciondelestado.es/wps/poc?uri=deeplink:detalle_licitacion&idEvl=TPLKkaL6iYJxseVhcqrkhw%3D%3D
Contratos menores;Adquisición de baño termostático;Secretaría General del INTA;suministros;Resuelta;VWR International Eurolab, S.L.U.;1100;https://contrataciondelestado.es/wps/poc?uri=deeplink:detalle_licitacion&idEvl=2BLuSm3z6jt%2BF6L2uCfUWg%3D%3D
Contratos menores;GAPTO- Material de electrónica para instalación de puestos informáticos de la GAP;Dirección Gerencia de Atención Primaria de Toledo;suministros;Resuelta;UNITEL SISTEMAS DE COMUNICACIONES DE CLM S.L.;1092,09;https://contrataciondelestado.es/wps/poc?uri=deeplink:detalle_licitacion&idEvl=gOEJT%2F3znt%2BcTfjQf3USOg%3D%3D
Contratos menores;Adquisición de cuatro focos adicionales Par led para iluminación artística de Mezquita de Tornerías;Dirección Gerencia de la Empresa Pública de Promoción del Turismo y la Artesanía de Castilla-La Mancha (ETURIA), S.A.;suministros;Resuelta;Integral Eventos 2000 SL;1080;https://contrataciondelestado.es/wps/poc?uri=deeplink:detalle_licitacion&idEvl=cUFktpl5J9tVkTabT%2FRM8A%3D%3D
Contratos menores;1 visita guiada y 2 talleres dentro de la Exposición Itinerante “SERENIDAD EN EL CAOS” en el municipio de Santa Lucía de Tirajana.;Consejería de Gobierno de Cultura del Cabildo de Gran Canaria;servicios;Resuelta;Alicia Pérez-Lasala Villavecchia;1075,35;https://contrataciondelestado.es/wps/poc?uri=deeplink:detalle_licitacion&idEvl=pZ4OJi%2BwkNVeKgd8LfVV9g%3D%3D
Contratos menores;Adquisición de una podadora telescópica;Jefatura de Intendencia de Asuntos Económicos Oeste;suministros;Resuelta;GOLAM ENERGIA S.L.;1074,38;https://contrataciondelestado.es/wps/poc?uri=deeplink:detalle_licitacion&idEvl=CNEtIx3rkTvCfVQHDepjGQ%3D%3D
Contratos menores;suministro de proyector, ratones y cables HDMI;Instituto Cántabro de Administración Pública Rafael de la Sierra;suministros;Resuelta;IT RAM C Servicios Informáticos S.L.;1074,38;https://contrataciondelestado.es/wps/poc?uri=deeplink:detalle_licitacion&idEvl=d6vFz24WIDF70UvEyYJSGw%3D%3D
Contratos menores;"Fresa frontal de MD TOP-Cut ""ENORM"" corta tipoN TIALN 18,0 mm, Fresa esférica de MD cónica turbina tipoN ALCR R3,0/6x31 y Fresa esférica de MD TOP-Cut tipo N ""Lollipop"" extra larga TIALN R1,5/3,0mm";Rectorado de la Universidad del País Vasco;suministros;Resuelta;EMUGE FRANKEN S.L.;1070,93;https://contrataciondelestado.es/wps/poc?uri=deeplink:detalle_licitacion&idEvl=dqPc7%2Bc97Te7JOCXkOhcDg%3D%3D
Contratos menores;Contrato menor de subministración para o alugueiro de carpa (10x20 m) para o desenvolvemento das actividades infantís nas Festas 2026 (PLAN + PROVINCIA);Junta de Gobierno del Ayuntamiento de Lalín;suministros;Resuelta;SERVICIOS DEPORTIVOS GALICIA, SL;1066,11;https://contrataciondelestado.es/wps/poc?uri=deeplink:detalle_licitacion&idEvl=Lde6YUGAc5MmMOlAXxDEjw%3D%3D
Contratos menores;Transporte Campeonato Orientación (ida);Secretaría General de la Consejería de Educación, Cultura y Deportes de la Junta de Comunidades de Castilla-La Mancha;servicios;Resuelta;BRAVO BUS S.L.;1065,85;https://contrataciondelestado.es/wps/poc?uri=deeplink:detalle_licitacion&idEvl=IJFNMW8n6SvN3k3tjedSGw%3D%3D
Contratos menores;Suministro de folios A-4 y A-3.;Jefatura de la Sección de Asuntos Económicos de la Unidad Militar de Emergencias;suministros;Resuelta;BERENJENO BARROSO, MIGUEL ANGEL;1046,5;https://contrataciondelestado.es/wps/poc?uri=deeplink:detalle_licitacion&idEvl=rw8dbqqdXTr5Rey58Yagpg%3D%3D
Contratos menores;La adquisición de material Bibliográfico para la Biblioteca Pública de Zamora.;Servicio Territorial de Cultura y Turismo de Zamora;suministros;Resuelta;JUDIT PINO PEREZ;1032,95;https://contrataciondelestado.es/wps/poc?uri=deeplink:detalle_licitacion&idEvl=5KtF1H0KVkc4NavIWzMcHA%3D%3D
Contratos menores;Equipo informático Conservación DELL PC 3000 SFF I5-14500 16GB SSD;Gerencia del Centro Atlántico de Arte Moderno SAU;suministros;Resuelta;FRANCISCO JAVIER GARCÍA ROMANO;1024,52;https://contrataciondelestado.es/wps/poc?uri=deeplink:detalle_licitacion&idEvl=yXGb8kxqh%2B7%2B3JAijKO%2Bkg%3D%3D
Contratos menores;Servicio de destrucción de documentación conforme a normativa vigente en materia de protección de datos.;Vicepresidencia del Patronato de Turismo de Fuerteventura;servicios;Resuelta;Destrucción de archivos Canarias S.L.;1022;https://contrataciondelestado.es/wps/poc?uri=deeplink:detalle_licitacion&idEvl=9k07%2FYDBAkgQyBAnWzHfCg%3D%3D
Contratos menores;"Servicio de catering de IX jornada de mujeres rurales ""cambiando las reglas""";Alcaldía del Ayuntamiento de Torre Pacheco;servicios;Resuelta;GIMAN RESTAURACION SL;1018,18;https://contrataciondelestado.es/wps/poc?uri=deeplink:detalle_licitacion&idEvl=zKy3MQ10iAGGCFcHcNGIlQ%3D%3D
Contratos menores;"LLave acodada TORS SL TX 15, Alicate universal pulido 180mm, Cartuchos 2 uds. (50ml) P51 SD / CA-P51SD-2 (+12 +6), Cartuchos 2 uds. (50ml) P80 Ra / CA-P80Ra-2 (+12 +6), Cutter ligero con 3 cuchillas 9 mm, Juego llaves vaso 1/2 M 70-80-M, Linterna LED alta calidad 900 Lúmenes, Brida dentado escalonado 26X200mm, Tijera para electricista 5"", Lámina cinta calibrada acero 20 (0,05-1,00), Acetona de 5 litros y Tornillo Allen 8.8 05 x 50.";Rectorado de la Universidad del País Vasco;suministros;Resuelta;FERRETERIA UNCETA S.A.;1016,28;https://contrataciondelestado.es/wps/poc?uri=deeplink:detalle_licitacion&idEvl=q4zmjJaXft7i0Kd8%2Brcp6w%3D%3D
Contratos menores;Servicio de contacto y dinamización de empresas en la plataforma RED 5V DICIEMBRE 2025;Presidencia de la Comarca de Cinco Villas;servicios;Resuelta;INAGROPEC SL;1010;https://contrataciondelestado.es/wps/poc?uri=deeplink:detalle_licitacion&idEvl=zsakeGm4hFBLAIVZdUs8KA%3D%3D
Contratos menores;Alquiler de plataforma y servicio azafato de vídeo 360º;Dirección General de la Fundación EOI;suministros;Resuelta;SOCIAL MEDIA PLATFORM, S.L.;1000;https://contrataciondelestado.es/wps/poc?uri=deeplink:detalle_licitacion&idEvl=Sn4C8YwhS%2BA4NavIWzMcHA%3D%3D
Contratos menores;Servicio de catering para la realizacion del curso de formacion titulado Evaluacion Formativa del proyecto Matematicas NewtonCanarias.;Dirección General de Ordenación de las Enseñanzas, Inclusión e Innovación;servicios;Resuelta;DARIO FLORES SANCHEZ;1000;https://contrataciondelestado.es/wps/poc?uri=deeplink:detalle_licitacion&idEvl=NOtY2%2F9c73eqb7rCcv76BA%3D%3D
Contratos menores;Servicios de animación con atracciones infantiles para fiestas del Llano de Don Antonio;Alcaldía del Ayuntamiento de Carboneras;servicios;Resuelta;ANTONIO HERNANDEZ ZAMORA;1000;https://contrataciondelestado.es/wps/poc?uri=deeplink:detalle_licitacion&idEvl=VclHDlVaVPFJ8Trn0ZPzLw%3D%3D
Contratos menores;"Contrato actuación III edición del Festival ""Entresebes Folk""";Presidencia del Instituto Leonés de Cultura;servicios;Resuelta;TEMPLARIOS DEL OZA;1000;https://contrataciondelestado.es/wps/poc?uri=deeplink:detalle_licitacion&idEvl=xDAV3sdaKY1rSd8H4b2soA%3D%3D
Contratos menores;"Honorarios por impartición de un encuentro y generación de la actividad “Susurros con Pino Sosa""";Consejería de Gobierno de Cultura del Cabildo de Gran Canaria;servicios;Resuelta;María del Pino Sosa Sosa;1000;https://contrataciondelestado.es/wps/poc?uri=deeplink:detalle_licitacion&idEvl=fhRDHa%2BqINP%2B3JAijKO%2Bkg%3D%3D
Contratos menores;Charanga para corrida de novillos del día 4 de octubre.;Alcaldía del Ayuntamiento de Torre Pacheco;servicios;Resuelta;"ASOCIACION MUSICO CULTURAL ""CARTAGENA 1990""";1000;https://contrataciondelestado.es/wps/poc?uri=deeplink:detalle_licitacion&idEvl=kolMFBuDIGcmMOlAXxDEjw%3D%3D
Contratos menores;Cm-035-2026 fegasur 2026 publicidad mundo ganadero;Vicepresidencia de Institución Ferial de Cádiz IFECA;servicios;Resuelta;EUMEDIA SA;1000;https://contrataciondelestado.es/wps/poc?uri=deeplink:detalle_licitacion&idEvl=3ofIQdXK3uIl5NjlNci%2BtA%3D%3D
Contratos menores;Suministro encendedor de tubo de choque (eod single starter) con componentes eod b.a.gando;Jefatura de la Sección Económico Administrativa 14 - Cuartel General del Mando Aéreo de Canarias;suministros;Resuelta;HISPARASA TRADING & TECHNOLOGIES S.A.;998;https://contrataciondelestado.es/wps/poc?uri=deeplink:detalle_licitacion&idEvl=QfoI59C1qRl%2FR5QFTlaM4A%3D%3D
Contratos menores;"Espectáculos correspondientes a los conciertos de la V Edición del ""Festival Sarria Blues no Camiño 2026"". Lote IV";Alcaldía del Ayuntamiento de Sarria;privado;Resuelta;EVENTS BRANCH, S.L.;991,74;https://contrataciondelestado.es/wps/poc?uri=deeplink:detalle_licitacion&idEvl=wOw4ofYU%2Fq2HCIsjvJ3rhQ%3D%3D
Contratos menores;Impresión de 10.000 abanicos tamaño 290x165 cm, impreso a color sobre cartulina estucada mate o brillo de 350 gr/m2, troquelado. Impresión offset. Troquel propio.;Alcaldía del Ayuntamiento de La Rinconada;suministros;Resuelta;QUINTERO & LOARTE GESTION GRAFICA;981;https://contrataciondelestado.es/wps/poc?uri=deeplink:detalle_licitacion&idEvl=XtYowkgezIaP66GS%2BONYvQ%3D%3D
Contratos menores;Necesidad de contratación de alojamiento en Barcelona, del 18 al 20 de sept., para dos personas de eCampus, con motivo de la celebración de Moodlemoot Global 2023;Rectorado de la Universidad del País Vasco;servicios;Resuelta;AVORIS RETAIL DIVISION SL;979,73;https://contrataciondelestado.es/wps/poc?uri=deeplink:detalle_licitacion&idEvl=Mc%2BoVFo44Xji0Kd8%2Brcp6w%3D%3D
Contratos menores;realizar el campus de voleibol del verano 2026;Alcaldía del Ayuntamiento de Tordesillas;servicios;Resuelta;EP y RD Tukumansport;978,15;https://contrataciondelestado.es/wps/poc?uri=deeplink:detalle_licitacion&idEvl=NDGEpB9pXXl6nTs9LZ9RhQ%3D%3D
Contratos menores;Suministro e instalación de trampa de captura para palomas en Mojácar, incluyendo revisión dos veces por semana durante 2 meses.;Junta de Gobierno Local del Ayuntamiento de Mojácar;suministros;Resuelta;LOKIMICA, SA;976,5;https://contrataciondelestado.es/wps/poc?uri=deeplink:detalle_licitacion&idEvl=x3uFwA7K9K4Xhk1FZxEyvw%3D%3D
Contratos menores;Servicio de alquiler terminales móviles;Presidencia Delegada de la Agencia Local de Desarrollo Económico y Social de Alicante;servicios;Resuelta;ANGEL MASANA GARRIDO;970;https://contrataciondelestado.es/wps/poc?uri=deeplink:detalle_licitacion&idEvl=b6hwWSNHXWfLIx6q1oPaMg%3D%3D
Contratos menores;Asistencia técnica medioambiental;Junta de Gobierno del Ayuntamiento de Alguazas;servicios;Resuelta;ALFONSO SANCHEZ HIGUERAS;968;https://contrataciondelestado.es/wps/poc?uri=deeplink:detalle_licitacion&idEvl=lk9WynNCdzPjHF5qKI4aaw%3D%3D
Contratos menores;Servicios de impresión de 100 libroes de embajadores de Raiz Culinaria en castellano;Dirección Gerencia de la Empresa Pública de Promoción del Turismo y la Artesanía de Castilla-La Mancha (ETURIA), S.A.;servicios;Resuelta;RAIL COMUNICACIÓN, S.L.;964;https://contrataciondelestado.es/wps/poc?uri=deeplink:detalle_licitacion&idEvl=axT04Fuyze3s%2BnLj3vAg5A%3D%3D
Contratos menores;Suministro equipo filtración de agua para refugio climático DIAGE LA PALMA;Dirección Insular de la Administración General del Estado en La Palma;suministros;Resuelta;Enrique Guillermo Dorta Martín;960,2;https://contrataciondelestado.es/wps/poc?uri=deeplink:detalle_licitacion&idEvl=RGtRf5DgABQ7%2B9FIQYNjeQ%3D%3D
Contratos menores;GAPTO- Lanceta seguridad 28g x 1,5mm;Dirección Gerencia de Atención Primaria de Toledo;suministros;Resuelta;VIALTA, S.L.;959,5;https://contrataciondelestado.es/wps/poc?uri=deeplink:detalle_licitacion&idEvl=l6C4uuCR8O69Hd5zqvq9cg%3D%3D
Contratos menores;Clases de actividad física para mayores de octubre de 2026 a junio de 2027;Alcaldía del Ayuntamiento de Beniarbeig;servicios;Resuelta;NURIA PINO BALLESTER;954;https://contrataciondelestado.es/wps/poc?uri=deeplink:detalle_licitacion&idEvl=UDMO7YHMgkJxseVhcqrkhw%3D%3D
Contratos menores;"Reparación de viviendas sitas en C/ Zújar 6, de Cabeza del Buey; y Avenida de Europa 24, de Castilblanco.";Consejería de Infraestructuras, Transporte y Vivienda;obras;Resuelta;RESECO Y PAREJO SL;950,17;https://contrataciondelestado.es/wps/poc?uri=deeplink:detalle_licitacion&idEvl=fcpkfCJXPAEl5NjlNci%2BtA%3D%3D
Contratos menores;Adquisición de sensor Invos;Hospital Intermutual de Euskadi, Centro Mancomunado de Mutuas de Accidentes de Trabajo y Enfermadades Profesionales de la Seguridad Social;suministros;Resuelta;MEDTRONIC IBERICA, S.A.;950;https://contrataciondelestado.es/wps/poc?uri=deeplink:detalle_licitacion&idEvl=6qSSb0DLde3ua%2Fi14w%2FPLA%3D%3D
Contratos menores;Impartició d’un curs de desenvolupament d’habilitats socials i competències personals i professionals.;Concejalía de Contratación del Ayuntamiento de Ondara;servicios;Resuelta;JAVIER PARRAS LOPEZ;950;https://contrataciondelestado.es/wps/poc?uri=deeplink:detalle_licitacion&idEvl=pqzUEy%2FND7nXOjazN1Dw9Q%3D%3D
Contratos menores;Sonorización evento.;Diputación Provincial de Zamora;servicios;Resuelta;ALTEISA SONIDO SL;950;https://contrataciondelestado.es/wps/poc?uri=deeplink:detalle_licitacion&idEvl=aZXV0p304FvXOjazN1Dw9Q%3D%3D
Contratos menores;Contrato menor poda palmeras entrada pueblo;Alcaldía del Ayuntamiento de Tous;servicios;Resuelta;EDUARDO CLIMENT SORO;950;https://contrataciondelestado.es/wps/poc?uri=deeplink:detalle_licitacion&idEvl=6%2FCrzHVJmm4eC9GJQOEBkQ%3D%3D
Contratos menores;Adquisición de colágeno tipo I de origen humano en solución acuosa - Descripcion completa en aclaraciones;Comisión Delegada de la Fundación para la Investigación Biomédica del Hospital Universitario La Paz;suministros;Resuelta;Humabiologics Inc;944;https://contrataciondelestado.es/wps/poc?uri=deeplink:detalle_licitacion&idEvl=J3amWambZKNrSd8H4b2soA%3D%3D
Contratos menores;Suministro e instalación de aparato de aire acondicionado para climatización del Centro de Adultos y desmontaje del equipo existente averiado.;Alcaldía del Ayuntamiento de Begíjar;suministros;Resuelta;JUAN ZARAGOZA GALERA;940;https://contrataciondelestado.es/wps/poc?uri=deeplink:detalle_licitacion&idEvl=Wm%2FSbZsaI667JOCXkOhcDg%3D%3D
Contratos menores;Necesidad de adquisición de 1 tablet APPLE para uso Vicerrectora;Rectorado de la Universidad del País Vasco;suministros;Resuelta;KTUIN SISTEMAS INFORMATICOS SA.;938,8;https://contrataciondelestado.es/wps/poc?uri=deeplink:detalle_licitacion&idEvl=wzWKN8N7yXusNfRW6APEDw%3D%3D
Contratos menores;Contrato de suministro para la adquisición de ordenador e impresora portátiles;Alcaldía del Ayuntamiento de Torre Pacheco;suministros;Resuelta;AGEDOS BUSINESS DATACENTER SL;937,56;https://contrataciondelestado.es/wps/poc?uri=deeplink:detalle_licitacion&idEvl=q36N37SM4wmExvMJXBMHHQ%3D%3D
Contratos menores;Servei de neteja amb maquinària de la sorra de la zona de la porta d'arrastre de la plaça de bous.;Concejalía de Contratación del Ayuntamiento de Ondara;obras;Resuelta;NARMAC CONSTRUCCIONES SL;934;https://contrataciondelestado.es/wps/poc?uri=deeplink:detalle_licitacion&idEvl=H%2Bt8Jhce3S35Rey58Yagpg%3D%3D
Contratos menores;Contratación menor nº 15100/2026 relativo a Suministro de material de prácticas de reparación de sistemas de irrigación para los alumnos de jardinería, Proyecto Burriana Inserta 2025;Alcaldía del Ayuntamiento de Borriana;suministros;Resuelta;COOPERATIVA AGRICOLA SAN JOSE DE BURRIANA COOP.V.;930,83;https://contrataciondelestado.es/wps/poc?uri=deeplink:detalle_licitacion&idEvl=3mzhKH8c1v2cTfjQf3USOg%3D%3D
Contratos menores;Contratar la confección de faldón para Trono Santas.;Alcaldía del Ayuntamiento de Huéscar;suministros;Resuelta;MARIA DEL CARMEN PUENTES ROMERO;925,15;https://contrataciondelestado.es/wps/poc?uri=deeplink:detalle_licitacion&idEvl=2Nncsc1cPqUadbH3CysQuQ%3D%3D
Contratos menores;El objeto del contrato es Instalación eléctrica eventual para celebración del día 9 de Octubre en Ciudad Deportiva.;Alcaldía del Ayuntamiento de Sax;servicios;Resuelta;ELECTRICIDAD ALPE S.L.;923;https://contrataciondelestado.es/wps/poc?uri=deeplink:detalle_licitacion&idEvl=A1%2FIXIjHiCyKeVWTb9Scog%3D%3D
Contratos menores;Adquisición de 20 pastilleros damasquinados realizados por artesano de la región, y que se entregarán como merchandising, en diferentes acciones a lo largo del 2026;Dirección Gerencia de la Empresa Pública de Promoción del Turismo y la Artesanía de Castilla-La Mancha (ETURIA), S.A.;suministros;Resuelta;Pérez Arroyo, María del Valle;920;https://contrataciondelestado.es/wps/poc?uri=deeplink:detalle_licitacion&idEvl=Eb4QQFX%2BOnA3vLk2DU2Ddg%3D%3D
Contratos menores;Contrato Menor de Servicios a Juan Francisco Luque Escobar;Junta de Gobierno del Ayuntamiento de Castilleja del Campo;servicios;Resuelta;JUAN FRANCISCO LUQUE ESCOBAR;920;https://contrataciondelestado.es/wps/poc?uri=deeplink:detalle_licitacion&idEvl=6qp963UQbj5eKgd8LfVV9g%3D%3D
Contratos menores;Alquiler de sanitarios portátiles para el evento en el monte de San Marco con motivo del eclipse solar del 12 de agosto de 2026;Alcaldía del Ayuntamiento de Sarria;suministros;Resuelta;TOI TOI SANITARIOS MÓVILES, S.A.;915;https://contrataciondelestado.es/wps/poc?uri=deeplink:detalle_licitacion&idEvl=OTm6TqFTFFYtm4eBPtV6eQ%3D%3D
Contratos menores;"GAPTO- Jeringa 1ml con y sin aguja 25x1""";Dirección Gerencia de Atención Primaria de Toledo;suministros;Resuelta;AMEVISA, S.A.;912,7;https://contrataciondelestado.es/wps/poc?uri=deeplink:detalle_licitacion&idEvl=IaTal%2BnCs%2B9%2FP7lJ7Fu0SA%3D%3D
Contratos menores;Contratación de Póliza de seguros de Accidentes para el personal funcionario y laboral de la UNIA por 4 meses. En Anexo adjunto se especifican las coberturas;Rectorado de la Universidad Internacional de Andalucía;servicios;Resuelta;MARKEL INSURANCE SE, SUCURSAL EN ESPAÑA;910,89;https://contrataciondelestado.es/wps/poc?uri=deeplink:detalle_licitacion&idEvl=UOqHGxx8euyP66GS%2BONYvQ%3D%3D
Contratos menores;249/2026. Servizo de catering polo acto feito na Igrexa de O Santo, dentro da programación de verán 2026;Presidencia del Organismo Autónomo Terra de Sanxenxo;servicios;Resuelta;Solla Monteagudo, Miguel;909,09;https://contrataciondelestado.es/wps/poc?uri=deeplink:detalle_licitacion&idEvl=XD%2Fu9nI7gWD%2B3JAijKO%2Bkg%3D%3D
Contratos menores;"Contratacion de cena para el ""Comité de Seguimiento del Programa FSE+2021-2027"". Valladolid, 22 de octubre de 2026";Consejería de Economía y Hacienda de la Junta de Castilla y León;servicios;Resuelta;LA CATEDRAL DE DIA Y DE NOCHE SL;909,09;https://contrataciondelestado.es/wps/poc?uri=deeplink:detalle_licitacion&idEvl=z3vMVJqU8ciAAM7L03kM8A%3D%3D
Contratos menores;Cubeta horizontal de electroforesis y fuente de alimentación para el Instituto de Agroquímica y Tecnología de Alimentos (IATA-CSIC) Ayuda RTC2023-042907-I OTR13621 financiada por MICIU/AEI /10.13039/501100011033 y por el FSE+;Gerencias de los Institutos de la Agencia Estatal Consejo Superior de Investigaciones Científicas;suministros;Resuelta;Durviz, S.L.;901,34;https://contrataciondelestado.es/wps/poc?uri=deeplink:detalle_licitacion&idEvl=bgCdMsMmSZt70UvEyYJSGw%3D%3D
Contratos menores;"Coordinación Seguridad y Salud CEIP Arcipreste de Hita, en El Espinar, para la Obra: Eliminación del Radón""";Dirección Provincial de Educación en Segovia;servicios;Resuelta;VOM oficina de arquitectura SL;900;https://contrataciondelestado.es/wps/poc?uri=deeplink:detalle_licitacion&idEvl=qHclcuENWd4UqXM96WStVA%3D%3D
Contratos menores;Tallers de reciclatge en els centres educatius per a la població escolar.;Concejalía de Contratación del Ayuntamiento de Ondara;servicios;Resuelta;RAFAEL OROZCO CARRAMOLINO;900;https://contrataciondelestado.es/wps/poc?uri=deeplink:detalle_licitacion&idEvl=lqTkM4QXwuU36J9Lctlsuw%3D%3D
Contratos menores;Taller artístico de remezcla musical;Rectorado de la Universidad Internacional de Andalucía;servicios;Resuelta;ASOCIACIÓN AVENTURAS DOMÉSTICAS (LAS BUENAS NOCHES);900;https://contrataciondelestado.es/wps/poc?uri=deeplink:detalle_licitacion&idEvl=R5cXeQ8L3pv%2Fa9DgO%2BoYKQ%3D%3D
Contratos menores;"Organización, coordinación, montaje y realización exposición cultural "" mujer bubi bësakkö"" , mieres (asturias).";Concejalía Delegada del Área de Hacienda del Ayuntamiento de Mieres;servicios;Resuelta;AKIN ART & AFRICAN CULTURES;900;https://contrataciondelestado.es/wps/poc?uri=deeplink:detalle_licitacion&idEvl=Fmra72z7CN5%2FP7lJ7Fu0SA%3D%3D
Contratos menores;Contrato menor de servicios por la actuación musical orquestra Mar Blau para las fiestas de Pina (Algaida);Alcaldía del Ayuntamiento d'Algaida;servicios;Resuelta;MARGARITA RAMIS ABRAHAM;900;https://contrataciondelestado.es/wps/poc?uri=deeplink:detalle_licitacion&idEvl=bYiQxNiHZFgadbH3CysQuQ%3D%3D
Contratos menores;"Inscripción iñigo pombo rodilla y josé antonio sánchez galíndez en ""xxiv congreso nacional de ingeniería mecanica/cnim"" (del 25 al 27/10/2023)";Rectorado de la Universidad del País Vasco;servicios;Resuelta;VIAJES EL CORTE INGLÉS , S.A;900;https://contrataciondelestado.es/wps/poc?uri=deeplink:detalle_licitacion&idEvl=RHkg%2FRkxdPYadbH3CysQuQ%3D%3D
Contratos menores;Un ordenador sobremesa, teclado, monitor, y dos tablets.;Alcaldía del Ayuntamiento de Moguer;suministros;Resuelta;MARIA JOSE RUIZ GONZALEZ;896,69;https://contrataciondelestado.es/wps/poc?uri=deeplink:detalle_licitacion&idEvl=l1TvbNfirWxrhBlEHQFSKA%3D%3D
Contratos menores;Instalación techo registrable modulo B, Residencia Logística Militar San Isidro, Valladolid;Jefatura de Intendencia de Asuntos Económicos Oeste;obras;Resuelta;ESCAYOLAS OSMI S.L.;890,6;https://contrataciondelestado.es/wps/poc?uri=deeplink:detalle_licitacion&idEvl=ITkeZk2jHa%2BOUi78BmzhOQ%3D%3D
Contratos menores;Suministro material ferreteria para el Taller Impulsa Joven I;Presidencia Delegada de la Agencia Local de Desarrollo Económico y Social de Alicante;suministros;Resuelta;Suministros Industriales Farell, S.A.U.;889,25;https://contrataciondelestado.es/wps/poc?uri=deeplink:detalle_licitacion&idEvl=rn4Wg8bPQF1PpzdqOdhuWg%3D%3D
Contratos menores;Servicios de mantenimiento y reparaciones de climatización, aire acondicionado y calefacción;Director Gerente de FREMAP;servicios;Resuelta;SERVICIOS INTEGRALES DE GESTIÓN Y MTTO;886,16;https://contrataciondelestado.es/wps/poc?uri=deeplink:detalle_licitacion&idEvl=zoQiVB4Qzg3gL1BHd3qjQA%3D%3D
Contratos menores;Contrato Menor de servicios a Javier Luque Férnandez;Junta de Gobierno del Ayuntamiento de Castilleja del Campo;servicios;Resuelta;JAVIER LUQUE FERNANDEZ;883,9;https://contrataciondelestado.es/wps/poc?uri=deeplink:detalle_licitacion&idEvl=NrPPTjPitcnN3k3tjedSGw%3D%3D
Contratos menores;Sonorización evento.;Diputación Provincial de Zamora;servicios;Resuelta;ALTEISA SONIDO SL;880;https://contrataciondelestado.es/wps/poc?uri=deeplink:detalle_licitacion&idEvl=P1tKjVOYTL7yoM4us5k4vw%3D%3D
Contratos menores;GAPTO- Armario frigorífico con puerta de cristal para Cl Los Olivos;Dirección Gerencia de Atención Primaria de Toledo;suministros;Resuelta;PAREDES Y BARROSO, S.L.;879,34;https://contrataciondelestado.es/wps/poc?uri=deeplink:detalle_licitacion&idEvl=BVSVJhN44drgL1BHd3qjQA%3D%3D
Contratos menores;Servicio de implantación/gestión del canal de denuncias del Patronato de Turismo de Fuerteventura.;Vicepresidencia del Patronato de Turismo de Fuerteventura;servicios;Resuelta;Aranzadi La Ley S.A.U.;878;https://contrataciondelestado.es/wps/poc?uri=deeplink:detalle_licitacion&idEvl=9r%2Bkax3hml5LAIVZdUs8KA%3D%3D
Contratos menores;Cm-031- 2026 fegasur 2026 -reparto carteles;Vicepresidencia de Institución Ferial de Cádiz IFECA;servicios;Resuelta;CESAR ALBERTO MARTINEZ SANCHEZ;877,5;https://contrataciondelestado.es/wps/poc?uri=deeplink:detalle_licitacion&idEvl=4tmWxliX2cOAAM7L03kM8A%3D%3D
Contratos menores;Catering coronación de las Reinas 2026;Alcaldía del Ayuntamiento de San Fulgencio;servicios;Resuelta;MIGUEL ANGEL GAMBIN PUIG;875;https://contrataciondelestado.es/wps/poc?uri=deeplink:detalle_licitacion&idEvl=gsGQeAEKfF0aF6cS8TCh%2FA%3D%3D
Contratos menores;Suministro de tres (3) anticaídas para uso vertical con cable galva 7m retráctil Helixon automático cárter de plástico para B.A. de Alcantarilla.;Jefatura de la Sección Económico-Administrativa 41 - Base Aérea de San Javier;suministros;Resuelta;WORKPROTEC INGENIERIA SL;872,22;https://contrataciondelestado.es/wps/poc?uri=deeplink:detalle_licitacion&idEvl=0kXkdPCz554eIBJRHQiPkQ%3D%3D
Contratos menores;Desplazamiento Bilbao-Frankfurt-Bilbao y Alojamiento + Desayuno IBIS FRANKFURT FRIEDENSBRUCKE (FRANKFURT) correspondiente a Aitzol Lamikiz Mentxaka.;Rectorado de la Universidad del País Vasco;servicios;Resuelta;AVORIS RETAIL DIVISION SL;871,54;https://contrataciondelestado.es/wps/poc?uri=deeplink:detalle_licitacion&idEvl=Wo7B0m4gP%2FSOUi78BmzhOQ%3D%3D
Contratos menores;Reparto de cerveza en fiesta organizada por JM de Nonduermas el 15/09/2026;Junta de Gobierno del Ayuntamiento de Murcia;servicios;Resuelta;HEREDEROS DE MONTOYA, S.L.;869,31;https://contrataciondelestado.es/wps/poc?uri=deeplink:detalle_licitacion&idEvl=fT4MdX7CLxcl5NjlNci%2BtA%3D%3D
Contratos menores;11 Roll ups de 85x200 cm.;Jefatura de la Sección de Asuntos Económicos de la Unidad Militar de Emergencias;suministros;Resuelta;GRAFICAS NITRAL, S.L.;869;https://contrataciondelestado.es/wps/poc?uri=deeplink:detalle_licitacion&idEvl=qyu6VmKDM7saF6cS8TCh%2FA%3D%3D
Contratos menores;Instalacion y montaje del sistema de Nebulizacion - CAIA Papaya;Presidencia del Instituto canario de Investigaciones Agrarias;suministros;Resuelta;MICRORRIEGO S L;868,52;https://contrataciondelestado.es/wps/poc?uri=deeplink:detalle_licitacion&idEvl=lVOCXRvCIqPI8aL3PRS10Q%3D%3D
Contratos menores;Representación teatral Nuei D,Almetas;Alcaldía del Ayuntamiento de Biescas;servicios;Resuelta;Jorge Andolz Turón;862,75;https://contrataciondelestado.es/wps/poc?uri=deeplink:detalle_licitacion&idEvl=2KeKNpqFAwv10HRJw8TEnQ%3D%3D
Contratos menores;Suministro de 2 bolsas de herramientas de rescate para el Servicio de Extinción de Incendios de la Ciudad Autónoma de Ceuta.;Consejería de Presidencia y Gobernación de la Ciudad Autónoma de Ceuta;suministros;Resuelta;INCIPRESA S.A.;860;https://contrataciondelestado.es/wps/poc?uri=deeplink:detalle_licitacion&idEvl=F4u7GZ4hsG3N3k3tjedSGw%3D%3D
Contratos menores;Adquisición de una máquina impresora de carnets para la Biblioteca Municipal;Alcaldía del Ayuntamiento de San Vicente de la Barquera;suministros;Resuelta;ABMICROS INTERNET S.L.;859;https://contrataciondelestado.es/wps/poc?uri=deeplink:detalle_licitacion&idEvl=m0nhWmkpQFTECtSnloz%2BZQ%3D%3D
Contratos menores;Fiestas Patronales de San Isidro Labrador y Santa María de la Cabeza 2026;Alcaldia del Ayuntamiento de Arucas;servicios;Resuelta;SERVICIOS DE AMBULANCIA GARCIA TACORONTE SOCIEDAD LIMITADA;849,87;https://contrataciondelestado.es/wps/poc?uri=deeplink:detalle_licitacion&idEvl=qnduqvsMA41Vq4S9zvaQpQ%3D%3D
Contratos menores;Contratar una empresa, para redacción de documento medioambiental, para evento deportivo.;Junta de Gobierno del Ayuntamiento de La Oliva;servicios;Resuelta;ISABEL CARMEN ROSARIO SUÁREZ;845,3;https://contrataciondelestado.es/wps/poc?uri=deeplink:detalle_licitacion&idEvl=Sl3WhnqnbQ5VYjgxA4nMUw%3D%3D
Contratos menores;Reparto de churros y chocolate el 26-09-2026 por fiestas patronales La Cueva. Acuerdo Pleno 8-9-2026;Junta de Gobierno del Ayuntamiento de Murcia;servicios;Resuelta;MARTINEZ GIMENEZ FRANCISCA;840;https://contrataciondelestado.es/wps/poc?uri=deeplink:detalle_licitacion&idEvl=8c44kHFU8H%2FIGlsa0Wad%2Bw%3D%3D
Contratos menores;Reparación resistencias invernadero;Rectorado de la Universidad del País Vasco;servicios;Resuelta;GIROA INGENIERIA E INSTALACIONES S.A;834,37;https://contrataciondelestado.es/wps/poc?uri=deeplink:detalle_licitacion&idEvl=hcCcyK2kQwkadbH3CysQuQ%3D%3D
Contratos menores;Contrato para adquisición de motor bomba sondeo Parque del Pilar.;Junta de Gobierno del Ayuntamiento de Ciudad Real;suministros;Resuelta;Maria del Rosario Santiyan Gonzalez;831,6;https://contrataciondelestado.es/wps/poc?uri=deeplink:detalle_licitacion&idEvl=8hyZC2BbUeEaF6cS8TCh%2FA%3D%3D
Contratos menores;Servicio funerario básico para traslado e inhumación;Alcaldía del Ayuntamiento de Pájara;servicios;Resuelta;Funeraria Padrón, S.L.;828,77;https://contrataciondelestado.es/wps/poc?uri=deeplink:detalle_licitacion&idEvl=ToTZCK%2F51lezz8fXU2i3eQ%3D%3D
Contratos menores;GAPTO- Reparación sistema climatrización zona administrativa Cl Los Olivos;Dirección Gerencia de Atención Primaria de Toledo;servicios;Resuelta;ACIERTA ASISTENCIA, S.A.;826,58;https://contrataciondelestado.es/wps/poc?uri=deeplink:detalle_licitacion&idEvl=zkZJw9b%2BJDz5Rey58Yagpg%3D%3D
Contratos menores;Contrato menor Europa Press Campaña de comunicación: Oficina de Empleo y Emprendimiento Rural Diputación de Valladolid;Presidencia de la Diputación Provincial de Valladolid;servicios;Resuelta;Agencia Europa Press, S.A.;826,45;https://contrataciondelestado.es/wps/poc?uri=deeplink:detalle_licitacion&idEvl=TNGO%2BoIPodM7%2B9FIQYNjeQ%3D%3D
Contratos menores;GAPTO- Filtros de desmineralización de agua de las autoclaves de odontología;Dirección Gerencia de Atención Primaria de Toledo;suministros;Resuelta;OLEA MEDICA,S.L.;825;https://contrataciondelestado.es/wps/poc?uri=deeplink:detalle_licitacion&idEvl=v0t%2B%2BIku%2FRUkJPJS%2BPS9vg%3D%3D
Contratos menores;Servicios de producción de 1000 folletos informativos para el evento Casa Décor 2026;Dirección Gerencia de la Empresa Pública de Promoción del Turismo y la Artesanía de Castilla-La Mancha (ETURIA), S.A.;servicios;Resuelta;Be EXPAND S.L.;825;https://contrataciondelestado.es/wps/poc?uri=deeplink:detalle_licitacion&idEvl=GH21v0YdICK5HQrHoP3G5A%3D%3D
Contratos menores;Reparación de viviendas sitas en Urbanización Infanta Elena 8 y 12, de Casas de Don Pedro.;Consejería de Infraestructuras, Transporte y Vivienda;obras;Resuelta;RESECO Y PAREJO SL;825;https://contrataciondelestado.es/wps/poc?uri=deeplink:detalle_licitacion&idEvl=UBcHXA4NOmb%2B3JAijKO%2Bkg%3D%3D
Contratos menores;Reparación de limpia fondos de la piscina exterior del Complejo Deportivo Ciudad de Valdepeñas;Alcaldía del Ayuntamiento de Valdepeñas;servicios;Resuelta;SUCESORES DE LEANDRO MARQUES, S.C.;824;https://contrataciondelestado.es/wps/poc?uri=deeplink:detalle_licitacion&idEvl=bE4fxXC5e2EeIBJRHQiPkQ%3D%3D
Contratos menores;GAPTO- Fabricación e instalación mobiliario baño Cs Palomarejos;Dirección Gerencia de Atención Primaria de Toledo;suministros;Resuelta;JOSE CARLOS ARROYO ARROYO;818;https://contrataciondelestado.es/wps/poc?uri=deeplink:detalle_licitacion&idEvl=a9ULizV9QGnECtSnloz%2BZQ%3D%3D
Contratos menores;Reparación coche oficial;Rectorado de la Universidad del País Vasco;servicios;Resuelta;Anoeta Zubi Auto SL;817,35;https://contrataciondelestado.es/wps/poc?uri=deeplink:detalle_licitacion&idEvl=wOw4ofYU%2Fq2GCFcHcNGIlQ%3D%3D
Contratos menores;Pago del caché a Javier Lázaro Pascual por la actuación en Fuentesaúco (Zamora), dentro del programa de Circuitos Escénicos de Castilla y León 2026.;Servicio Territorial de Cultura y Turismo de Zamora;servicios;Resuelta;Javier Lázaro Pascual;813,64;https://contrataciondelestado.es/wps/poc?uri=deeplink:detalle_licitacion&idEvl=4S2bsUBEPpHi0Kd8%2Brcp6w%3D%3D
Contratos menores;Grabación y edición de un vídeo resumen de evento Red 5v y edición de 5 reels de 20 segundos aprox.;Presidencia de la Comarca de Cinco Villas;servicios;Resuelta;CAMPOS NAVARRO , IVAN;810;https://contrataciondelestado.es/wps/poc?uri=deeplink:detalle_licitacion&idEvl=F1ZQIdXz6jsQyBAnWzHfCg%3D%3D
Contratos menores;La limpieza y la gestión de residuos de la fosa séptica de la Residencia Deportiva Río Esgueva.;Servicio Territorial de Cultura y Turismo de Valladolid;servicios;Resuelta;FCC MEDIO AMBIENTE, S.A.U.;809,27;https://contrataciondelestado.es/wps/poc?uri=deeplink:detalle_licitacion&idEvl=OTm6TqFTFFY7%2B9FIQYNjeQ%3D%3D
Contratos menores;GAPTO- Reparación sistema videovigilancia Cs Villaluenga;Dirección Gerencia de Atención Primaria de Toledo;servicios;Resuelta;VITEN SEGURIDAD S.L.;807,33;https://contrataciondelestado.es/wps/poc?uri=deeplink:detalle_licitacion&idEvl=ZoX1Sfw0jCctm4eBPtV6eQ%3D%3D
Contratos menores;Alquiler escenario del 12 al 3-10-2026, fiestas patronales La Cueva. Acuerdo Pleno 08-09-2026;Junta de Gobierno del Ayuntamiento de Murcia;suministros;Resuelta;NICOLAS HERNANDEZ JUAN;804;https://contrataciondelestado.es/wps/poc?uri=deeplink:detalle_licitacion&idEvl=X0qFo4ed%2FGnyoM4us5k4vw%3D%3D
Contratos menores;Animacion cartero real;Alcaldía del Ayuntamiento de Casares;servicios;Resuelta;MIGUEL ANGEL GONZALEZ MUÑOZ;800;https://contrataciondelestado.es/wps/poc?uri=deeplink:detalle_licitacion&idEvl=%2BJ0EQDgKm0DL1rX3q%2FMAPA%3D%3D
Contratos menores;Servicios de acompañamiento musical durante procesión en fiestas del Llano de Don Antonio;Alcaldía del Ayuntamiento de Carboneras;servicios;Resuelta;ASOC MUSICAL SAN ANTONIO DE CARBONERAS;800;https://contrataciondelestado.es/wps/poc?uri=deeplink:detalle_licitacion&idEvl=KPSJXKLDWYScTfjQf3USOg%3D%3D
Contratos menores;Servicio de autocar : 16/04/2026 09:00 Tauste( IES Rio Arba ) - Ejea 16/04/2026 12:00 Ejea- Tauste ( IES Rio Arba );Presidencia de la Comarca de Cinco Villas;servicios;Resuelta;AUTOBUSES CINCO VILLAS, S.A.;800;https://contrataciondelestado.es/wps/poc?uri=deeplink:detalle_licitacion&idEvl=1Ey08pAs9%2BW8ebB%2FXTwy0A%3D%3D
Contratos menores;Micólogo para actividades de divulgación y guía en la Exposición de Micología de los días 13, 14 y 15 de noviembre en la Casa de la Cultura y el 16 de noviembre una actividad educativa con el Instituto Las Veredillas.;Concejal de Contratación del Ayuntamiento de Torrejón de Ardoz;servicios;Resuelta;Asociación Micológica Torrejón de Ardoz;800;https://contrataciondelestado.es/wps/poc?uri=deeplink:detalle_licitacion&idEvl=y2R2ebu8UHxLAIVZdUs8KA%3D%3D
Contratos menores;Diseño y maquetación del Evento en la web LASLAB. Simposio Plurilingüismo. Septiembre 2023, y gestión de las cuotas de inscripción;Rectorado de la Universidad del País Vasco;servicios;Resuelta;NEXUS AUDIOVISUALES S.L.;800;https://contrataciondelestado.es/wps/poc?uri=deeplink:detalle_licitacion&idEvl=lgpJVOBIokq9Hd5zqvq9cg%3D%3D
Contratos menores;Balanza analítica de laboratorio para el Instituto de Agroquímica y Tecnología de Alimentos (IATA-CSIC). Convocatoria Pequeño equipamiento CSIC 2025.;Gerencias de los Institutos de la Agencia Estatal Consejo Superior de Investigaciones Científicas;suministros;Resuelta;Empresa de Productos de Investigación y Ciencias Avanzadas;797,8;https://contrataciondelestado.es/wps/poc?uri=deeplink:detalle_licitacion&idEvl=Nc32v71bEVw2wEhQbcAqug%3D%3D
Contratos menores;"Adquisición 60% cortina de aire para la entrada del edificio ""Los Paules"".";Gerencia Territorial de Servicios Sociales de Avila;suministros;Resuelta;MONTAJES ELECTRICOS DIEGO DIEZ SL;795,6;https://contrataciondelestado.es/wps/poc?uri=deeplink:detalle_licitacion&idEvl=C%2F92jCIk1IyGCFcHcNGIlQ%3D%3D
Contratos menores;Suministro 6KG GAS R-134A para el mantenimiento de unidades de climatización en el edificio Doncellas;Secretaría General de la Presidencia de la Junta de Comunidades de Castilla-La Mancha;suministros;Resuelta;ACCIONA FACILITY SERVICES;790,93;https://contrataciondelestado.es/wps/poc?uri=deeplink:detalle_licitacion&idEvl=2SOy6oLjcvh9Zh%2FyRJgM8w%3D%3D
Contratos menores;"Diseño y elaboración roll up Feria raza avileña 2026. Contrato vinculado a la “Memoria just. para el desarrollo de actuac. compl. para la mejora de la eficiencia en las explot. gan. y los progr. de mejora razas de CYL para 2026"" RC Nº 0013001134";Consejería de Agricultura, Ganadería, Medio Rural y Política Ambiental de la Junta de Castilla y León;servicios;Resuelta;IMPRENTA MIJAN, S.L.;790;https://contrataciondelestado.es/wps/poc?uri=deeplink:detalle_licitacion&idEvl=xVghZsrhgCDi0Kd8%2Brcp6w%3D%3D
Contratos menores;"Contrato menor de suministro de caramelos para la festividad de Halloween 2026 y la cabalgata de Reyes 2027 y adquisición de disfraces de Reyes Magos. Desglose: Surtido caramelos 355 € más 10% IVA = 390,50 ; Gastos de transporte y disfraces: 431,90 € más 21% IVA= 522,6.";Alcaldía del Ayuntamiento de Collado Mediano;suministros;Resuelta;ALMACENES MOYANO SL;786,9;https://contrataciondelestado.es/wps/poc?uri=deeplink:detalle_licitacion&idEvl=WPQvNG%2B7H8WGCFcHcNGIlQ%3D%3D
Contratos menores;Necesidad de adquisición de 1 tablet APPLE para uso Dirección de Acceso;Rectorado de la Universidad del País Vasco;suministros;Resuelta;KTUIN SISTEMAS INFORMATICOS SA.;781,77;https://contrataciondelestado.es/wps/poc?uri=deeplink:detalle_licitacion&idEvl=J%2BvTqVi%2BuH%2BcCF8sV%2BqtYA%3D%3D
Contratos menores;Adquisición de licencia de proyección y de peliculas para el Ciclo de cine clasico del Mes del Mayor;Alcaldía del Ayuntamiento de Torremolinos;servicios;Resuelta;MOTION PICTURE LICENSING COMPANY SPAIN, SL;780;https://contrataciondelestado.es/wps/poc?uri=deeplink:detalle_licitacion&idEvl=%2BGlYhaLifl5xseVhcqrkhw%3D%3D
Contratos menores;Contratar guagua, para dar servicio de transporte a un equipo deportivo dentro del municipio de La Oliva.;Junta de Gobierno del Ayuntamiento de La Oliva;servicios;Resuelta;SOCIEDAD DEPORTIVA VILLAVERDE NORTE;778,68;https://contrataciondelestado.es/wps/poc?uri=deeplink:detalle_licitacion&idEvl=IDu6pP5c7HXyoM4us5k4vw%3D%3D
Contratos menores;Suministro adquisición de 10 uds hierro corrugado 12 mm, 10 uds. hierro corrugado 8 mm, 10 uds. hierro corrugado 6 mm, 10 uds mallazo 20x20x8 y 10 uds. mallazo 20x20x6 para el departamento de Vías y Obras.;Alcaldia del Ayuntamiento de Mogán;suministros;Resuelta;Hierros Comerciales 7 Islas, SL.;778,1;https://contrataciondelestado.es/wps/poc?uri=deeplink:detalle_licitacion&idEvl=Zvk70pBBHPRq1DdmE7eaXg%3D%3D
Contratos menores;Adquisición de material bibliográfico para el funcionamiento del Museo de Segovia;Servicio Territorial de Cultura y Turismo de Segovia;suministros;Resuelta;Héctor Monterrubio Santín;771,93;https://contrataciondelestado.es/wps/poc?uri=deeplink:detalle_licitacion&idEvl=O4lDGrFKeOpSYrkJkLlFdw%3D%3D
Contratos menores;Suministro dos sillas ergonómicas;Diputación Provincial de Zamora;suministros;Resuelta;VALMMA SOLUCIONES S.L;770;https://contrataciondelestado.es/wps/poc?uri=deeplink:detalle_licitacion&idEvl=EkatccFNgMn%2Fa9DgO%2BoYKQ%3D%3D
Contratos menores;CMF23-Adquisición de reactivos de laboratorio para las prácticas de estudiantado del departamento de Biología Celular y Neurociencias de la Facultad de Farmacia;Rectorado de la Universidad del País Vasco;suministros;Resuelta;VWR INTERNATIONAL EUROLAB, S.L.;770;https://contrataciondelestado.es/wps/poc?uri=deeplink:detalle_licitacion&idEvl=Lq6AtOF3NXmFlFRHfEzEaw%3D%3D
Contratos menores;Contratación del Servicio de Restauración con motivo de la celebración de dos Jornadas por parte de la Diputación Provincial de Sevilla;Presidencia de la Diputación Provincial de Sevilla;servicios;Resuelta;GALOS CMI S.L.;763,64;https://contrataciondelestado.es/wps/poc?uri=deeplink:detalle_licitacion&idEvl=U7t4CHcEE3WdkQsA7ROvsg%3D%3D
Contratos menores;516/26. Servizo de vixilancia de explosivos polos fogos artificiais nas festas patronais de Portonovo 2026;Presidencia del Organismo Autónomo Terra de Sanxenxo;servicios;Resuelta;Trisquel Protección y Vigilancia, S.A.;760,45;https://contrataciondelestado.es/wps/poc?uri=deeplink:detalle_licitacion&idEvl=FH1Id0kleqo4NavIWzMcHA%3D%3D
Contratos menores;Sillas de ruedas edificios de sta maria de guia y Arucas. en todal dos una para cada edif.;Dirección General de Relaciones con la Administración de Justicia;suministros;Resuelta;SISTI GIOVANNA;759,8;https://contrataciondelestado.es/wps/poc?uri=deeplink:detalle_licitacion&idEvl=1mXloAamX6HVGIpKDxgsAQ%3D%3D
Contratos menores;Suministro material de construcción para el Taller Impulsa Joven I;Presidencia Delegada de la Agencia Local de Desarrollo Económico y Social de Alicante;suministros;Resuelta;SIRVENT E HIJOS, S.L.;752,75;https://contrataciondelestado.es/wps/poc?uri=deeplink:detalle_licitacion&idEvl=MXd6h0GXV9ycTfjQf3USOg%3D%3D
Contratos menores;Contrato menor de suministro para los juegos de carreras de joyas, para las fiestas de Sant Jaume de Algaida 2026;Alcaldía del Ayuntamiento d'Algaida;suministros;Resuelta;MARGARITA SIMONET LLORENS;751,59;https://contrataciondelestado.es/wps/poc?uri=deeplink:detalle_licitacion&idEvl=O%2BtrlonzV4DXOjazN1Dw9Q%3D%3D
Contratos menores;Tareas de revisión y mantenimiento del reloj monumental de la Torre del Castillo (Revisión general de mantenimiento anual y limpieza y sustitucion de polimero estructural de reloj).;Junta de Gobierno del Ayuntamiento de Santa Pola;servicios;Resuelta;Tradición en Relojes y Campanas S.L.L.;750;https://contrataciondelestado.es/wps/poc?uri=deeplink:detalle_licitacion&idEvl=TCzV%2B5di%2BkVLAIVZdUs8KA%3D%3D
Contratos menores;Servicio de desayunos para los dias 3, 10 y 23 de septiembre de 2026.;Dirección General de Ordenación de las Enseñanzas, Inclusión e Innovación;servicios;Resuelta;DARÍO FLORES SÁNCHEZ;750;https://contrataciondelestado.es/wps/poc?uri=deeplink:detalle_licitacion&idEvl=R0uqt4LjmFLmnwcj%2BxbdTg%3D%3D
Contratos menores;Suministro alquiler de pantalla para retransmisión MISA 14 de septiembre CAPEAS 2026;Alcaldía del Ayuntamiento de Segura de León;suministros;Resuelta;SONIDOS ALMENDRALEJO SLU;750;https://contrataciondelestado.es/wps/poc?uri=deeplink:detalle_licitacion&idEvl=U0o4fw8aXEU%2B1TMyIiZmzw%3D%3D
Contratos menores;Contrato menor de servicios- Espectacle Titelles;Alcaldía del Ayuntamiento de Castell de Cabres;servicios;Resuelta;ECLIPTICA D'ART DE ALMASSORA;750;https://contrataciondelestado.es/wps/poc?uri=deeplink:detalle_licitacion&idEvl=qW%2FFeFRTV1Q36J9Lctlsuw%3D%3D
Contratos menores;GAPTO- Reparación aparato elevador Cs Villaluenga;Dirección Gerencia de Atención Primaria de Toledo;servicios;Resuelta;Orona, S.Coop.;749,98;https://contrataciondelestado.es/wps/poc?uri=deeplink:detalle_licitacion&idEvl=FkIyv58sgaj5Rey58Yagpg%3D%3D
Contratos menores;Suministro de premios en material deportivo campeonato de tenis de invierno;Alcaldia del Ayuntamiento de Umbrete;suministros;Resuelta;BERNIER TENISPORT S.L.;738,31;https://contrataciondelestado.es/wps/poc?uri=deeplink:detalle_licitacion&idEvl=dLbw8e%2B%2FDO8zjChw4z%2FXvw%3D%3D
Contratos menores;Reparación de vivienda sita en C/ Marcos Beas 13, de Hoyos.;Consejería de Infraestructuras, Transporte y Vivienda;obras;Resuelta;CAPITEL EXTREMADURA;734,64;https://contrataciondelestado.es/wps/poc?uri=deeplink:detalle_licitacion&idEvl=yXRfhe%2BjAtdSYrkJkLlFdw%3D%3D
Contratos menores;Servei de càtering per a la Guàrdia Civil amb motiu de la celebració del 12 d'octubre.;Concejalía de Contratación del Ayuntamiento de Ondara;servicios;Resuelta;JUAN JOSÉ PÉREZ GUEVARA L'AMBIGÚ;731,82;https://contrataciondelestado.es/wps/poc?uri=deeplink:detalle_licitacion&idEvl=a0AG%2BU%2BDF77E6P%2FuLemXRw%3D%3D
Contratos menores;GAPTO- Camillas adultos y peldaños 2 tramos CL Sta. Cruz de Retamar;Dirección Gerencia de Atención Primaria de Toledo;suministros;Resuelta;QUIRUMED, S.L.;731,25;https://contrataciondelestado.es/wps/poc?uri=deeplink:detalle_licitacion&idEvl=NavyjFAhb8WGCFcHcNGIlQ%3D%3D
Contratos menores;Suministro de carpetas y sobres para la Secretaria General de Igualdad y Conciliación;Vicepresidencia y Consejería de Presidencia, Coordinación de la Acción de Gobierno, Interior y Emergencias;suministros;Resuelta;IMPRENTA Y MATERIAL DE OFICINA EMER;730;https://contrataciondelestado.es/wps/poc?uri=deeplink:detalle_licitacion&idEvl=kymc2qgLbe2AAM7L03kM8A%3D%3D
Contratos menores;Alojamiento + Desayuno HOTEL HUSA GRAN ULTONIA (GIRONA) correspondiente a Faustino Mujika Garitano y Ainhoa Arrese Arratibel (Entrada: 30/05/2023- Salida: 2/06/2023);Rectorado de la Universidad del País Vasco;servicios;Resuelta;AVORIS RETAIL DIVISION SL;723,1;https://contrataciondelestado.es/wps/poc?uri=deeplink:detalle_licitacion&idEvl=iRH0N9PJ%2Fy710HRJw8TEnQ%3D%3D
Contratos menores;Renovación de la licencia del programa informático Salud Laboral WinMedtra y mantenimiento de la misma;Dirección General de Tráfico;servicios;Resuelta;A.T. MEDTRA, S.L.;720;https://contrataciondelestado.es/wps/poc?uri=deeplink:detalle_licitacion&idEvl=EDgA%2BZZYAm99Zh%2FyRJgM8w%3D%3D
Contratos menores;Cambio de cuatro neumáticos y paralelo eje delantero en vehículo oficial 3191MXF adscrito a Presidencia;Secretaría General de la Presidencia de la Junta de Comunidades de Castilla-La Mancha;servicios;Resuelta;Neumáticos Guty, s.a.;714,88;https://contrataciondelestado.es/wps/poc?uri=deeplink:detalle_licitacion&idEvl=6%2F5w196JzNDLIx6q1oPaMg%3D%3D
Contratos menores;Adquisición libros adultos/juveniles en la Biblioteca Pública de Soria;Servicio Territorial de Cultura y Turismo de Soria;suministros;Resuelta;LIBRERIA PARIS S.L.;709,58;https://contrataciondelestado.es/wps/poc?uri=deeplink:detalle_licitacion&idEvl=Ezvkd1R6LM7kY6rls5tG9A%3D%3D
Contratos menores;Gastos estancia Hotel Palladium Palma de Mallorca (Encuentros SAPDU);Rectorado de la Universidad del País Vasco;servicios;Resuelta;AVORIS RETAIL DIVISION SL;704,62;https://contrataciondelestado.es/wps/poc?uri=deeplink:detalle_licitacion&idEvl=7yWcjHq3l8D9pbnDwlaUlg%3D%3D
Contratos menores;Servicio de autobús para feria de mayores en Santander (22 octubre 2026);Alcaldía del Ayuntamiento de Ampuero;servicios;Resuelta;AUTOBUSES PERDIGON SL;703,13;https://contrataciondelestado.es/wps/poc?uri=deeplink:detalle_licitacion&idEvl=ANpQLD2RS535Rey58Yagpg%3D%3D
Contratos menores;GAPTO- Reparación puerta exterior automática Cl Mocejón;Dirección Gerencia de Atención Primaria de Toledo;servicios;Resuelta;ASSA ABLOY, Entrance System Spain S.A.U.;701,48;https://contrataciondelestado.es/wps/poc?uri=deeplink:detalle_licitacion&idEvl=TiF2QsexIZJrhBlEHQFSKA%3D%3D
Contratos menores;Adquisición de agujas Kirschner para utilizar en diferentes fracturas;Hospital Intermutual de Euskadi, Centro Mancomunado de Mutuas de Accidentes de Trabajo y Enfermadades Profesionales de la Seguridad Social;suministros;Resuelta;KOPRA MATERIAL QUIRURGICO, S.L.;700;https://contrataciondelestado.es/wps/poc?uri=deeplink:detalle_licitacion&idEvl=fFTCPdXR5x%2BHCIsjvJ3rhQ%3D%3D
Contratos menores;Adquisición de material fungible para el equipo de purificación de agua (clase 1);Consejería de Agricultura, Ganadería, Medio Rural y Política Ambiental de la Junta de Castilla y León;suministros;Resuelta;Rem, Representaciones Eduardo Muñiz, S.L.;700;https://contrataciondelestado.es/wps/poc?uri=deeplink:detalle_licitacion&idEvl=U8zBT6iYVXNSYrkJkLlFdw%3D%3D
Contratos menores;"Representació del contacontes ""Entre Cantos anda el cuento""";Concejalía de Contratación del Ayuntamiento de Ondara;servicios;Resuelta;CORALIA RODRÍGUEZ MONTOYA;700;https://contrataciondelestado.es/wps/poc?uri=deeplink:detalle_licitacion&idEvl=hOSR%2B%2FGO4VwwYTJJ03sHog%3D%3D
Contratos menores;Formación Trabajadores - Electricidad, Montaje y Mantenimiento de Instalaciones Eléctricas de Alta y Baja Tensión;Presidencia de la Autoridad Portuaria de Ferrol San Cibrao;servicios;Resuelta;AVANTA PREVENCIÓN INTEGRAL S.L.U.;700;https://contrataciondelestado.es/wps/poc?uri=deeplink:detalle_licitacion&idEvl=wyNXitVYte68ebB%2FXTwy0A%3D%3D
Contratos menores;Suministro único de gafas, para trabajador protegido por MC Lugo (C.P.M.);Dirección General de la Mutual Midat Cyclops, Mutua Colaboradora con la Seguridad Social, nº 1;suministros;Resuelta;OPTICA NIETO SL;700;https://contrataciondelestado.es/wps/poc?uri=deeplink:detalle_licitacion&idEvl=Hp1Sy75ZOH2TylGzYmBF9Q%3D%3D
Contratos menores;Suministro de Vacuna combinada inactivada anti difteria/tétanos/tosferina (dosis reducida) jeringa precargada 0,5ml IM, para dotar en los Centros de Salud dependientes de esta Gerencia.;Gerencia de Atención Primaria del Area de Salud de Tenerife;suministros;Resuelta;GLAXOSMITHKLINE, S.A.;693,75;https://contrataciondelestado.es/wps/poc?uri=deeplink:detalle_licitacion&idEvl=78v9HZ8L5ZicCF8sV%2BqtYA%3D%3D
Contratos menores;Publicación edictos en diario información. Servicio de Economía y Hacienda.;Junta de Gobierno Local del Ayuntamiento de Alicante;servicios;Resuelta;Editorial Prensa Alicantina S.A.U.;690;https://contrataciondelestado.es/wps/poc?uri=deeplink:detalle_licitacion&idEvl=STyYP9BUCmC2gkLQ8TeYKA%3D%3D
Contratos menores;Reparación de sistema de climatización do Centro Cívico As Termas;Junta de Gobierno del Ayuntamiento de Ourense;servicios;Resuelta;MANTENIMIENTO Y OBRAS BOMBAS Y AIRE ORENSE SL FRIND;688;https://contrataciondelestado.es/wps/poc?uri=deeplink:detalle_licitacion&idEvl=0vwDlf693vmFQ%2FlhRK79lA%3D%3D
Contratos menores;Suministro de mesa de trabajo ergonómica regulable en altura para B.A. de Alcantarilla.;Jefatura de la Sección Económico-Administrativa 41 - Base Aérea de San Javier;suministros;Resuelta;FERRETERIA SURESTE, S.L.;675;https://contrataciondelestado.es/wps/poc?uri=deeplink:detalle_licitacion&idEvl=5FP%2FgPAYh2TkY6rls5tG9A%3D%3D
Contratos menores;Vino español en San Isidro 2026 y comida elecciones a Cortes de Castilla y León;Alcaldía del Ayuntamiento de Salinillas de Bureba;servicios;Resuelta;LLORENTE INFANTE, ROBERTO;675;https://contrataciondelestado.es/wps/poc?uri=deeplink:detalle_licitacion&idEvl=26WdV7u0IlUaF6cS8TCh%2FA%3D%3D
Contratos menores;Servicios de mantenimiento del ascensor del CJCCV y de la línea telefónica de rescate en caso de atrapamiento de algún usuario en el ascensor;Presidencia del Consell Jurídic Consultiu de la Comunitat Valenciana;servicios;Resuelta;ORONA S. COOP.;674,16;https://contrataciondelestado.es/wps/poc?uri=deeplink:detalle_licitacion&idEvl=R7bo08BMQnDyoM4us5k4vw%3D%3D
Contratos menores;Contrato menor de suministro de grupo electrógeno para obras PFEA;Alcaldía del Ayuntamiento de Sorbas;suministros;Resuelta;GUILLERMO GARCIA MUÑOZ SL;660;https://contrataciondelestado.es/wps/poc?uri=deeplink:detalle_licitacion&idEvl=z5%2BYIXUq4wHCfVQHDepjGQ%3D%3D
Contratos menores;Sustitución y reparación de estores.;Alcaldia del Ayuntamiento de Valverde del Camino;servicios;Resuelta;JESUS QUIÑONES BANDO;660;https://contrataciondelestado.es/wps/poc?uri=deeplink:detalle_licitacion&idEvl=njbNHcqCsArN3k3tjedSGw%3D%3D
Contratos menores;Servicio Autocar: 10/04/2025 (9:00 Tauste- Ejea (Aquagraria) y 12:00 Ejea- Tauste) Feria de empleo;Presidencia de la Comarca de Cinco Villas;servicios;Resuelta;AUTOBUSES CINCO VILLAS SL;660;https://contrataciondelestado.es/wps/poc?uri=deeplink:detalle_licitacion&idEvl=GQveegV8F1fjHF5qKI4aaw%3D%3D
Contratos menores;Producción de 600 folletos, para la promoción de la artesanía en el evento Milán Alcova 2026;Dirección Gerencia de la Empresa Pública de Promoción del Turismo y la Artesanía de Castilla-La Mancha (ETURIA), S.A.;servicios;Resuelta;Be EXPAND S.L.;650;https://contrataciondelestado.es/wps/poc?uri=deeplink:detalle_licitacion&idEvl=maD2cyNVfbU2wEhQbcAqug%3D%3D
Contratos menores;Servicio de traslado de 1 Guagua para 60 personas, para visita cultural a Santiago del Teide el 05 de Septiembre de 2026.;Alcaldia del Ayuntamiento de Tacoronte;servicios;Resuelta;TRANSPORTES FUMERO-MESA SL;650;https://contrataciondelestado.es/wps/poc?uri=deeplink:detalle_licitacion&idEvl=ICLSvPlWwDQ%2Bk2oCbDosIw%3D%3D
Contratos menores;Servicio de organización y gestión de los Torneos de Padel del programa Deporte Escolar Municipal, desde enero a mayo de 2026.;Junta de Gobierno Local del Ayuntamiento de Alicante;servicios;Resuelta;Barricarte, Deporte y Ocio, SL;650;https://contrataciondelestado.es/wps/poc?uri=deeplink:detalle_licitacion&idEvl=2zyxokHcSnx9Zh%2FyRJgM8w%3D%3D
Contratos menores;Suministro de cadenas portacables para Elevadora Manitou modelo 180ATJ;Alcaldía del Ayuntamiento de Torremolinos;suministros;Resuelta;MAQUINARIA Y SERVICIOS GARMO SL;649,5;https://contrataciondelestado.es/wps/poc?uri=deeplink:detalle_licitacion&idEvl=%2BCirpk%2FT0e8eC9GJQOEBkQ%3D%3D
Contratos menores;Material Riego y Filtro de anillas para ensayo Rizotrones - Bioestimulante;Presidencia del Instituto canario de Investigaciones Agrarias;suministros;Resuelta;AGRILEV TECNOLOGIA AVANZADA EN RIEG;644,83;https://contrataciondelestado.es/wps/poc?uri=deeplink:detalle_licitacion&idEvl=Xx4SlHb3rMUeIBJRHQiPkQ%3D%3D
Contratos menores;Camisetas Padel Casares Costa;Alcaldía del Ayuntamiento de Casares;suministros;Resuelta;ELISABETH ORTIZ PACHECO;641,94;https://contrataciondelestado.es/wps/poc?uri=deeplink:detalle_licitacion&idEvl=xBV9fZV6dDC2gkLQ8TeYKA%3D%3D
Contratos menores;Servicio de Soporte Vital Avanzado para las Olimpiadas de María 2026;Alcaldía del Ayuntamiento de María;servicios;Resuelta;U24 SERVICIOS SANITARIOS SOCIEDAD LIMITADA;640;https://contrataciondelestado.es/wps/poc?uri=deeplink:detalle_licitacion&idEvl=zsm%2BxSuvqcKKeVWTb9Scog%3D%3D
Contratos menores;Campaña de publicidad institucional de comunicación de ayudas a la internacionalización, que se publicará entre los días 15 al 21 de septiembre de 2026.;Consejería de la Presidencia de la Junta de Castilla y León;servicios;Resuelta;NOROESTE EN RED SL;638,68;https://contrataciondelestado.es/wps/poc?uri=deeplink:detalle_licitacion&idEvl=dMze5xGzZykwYTJJ03sHog%3D%3D
Contratos menores;GAPTO- Baterías para desfibrilador con monitor manual con impresora;Dirección Gerencia de Atención Primaria de Toledo;suministros;Resuelta;OSATU, S.COOP.ITDA.;635;https://contrataciondelestado.es/wps/poc?uri=deeplink:detalle_licitacion&idEvl=sLApoyNndcSsNfRW6APEDw%3D%3D
Contratos menores;Mantenimiento técnico y de contenidos de la web del MACA;Junta de Gobierno Local del Ayuntamiento de Alicante;servicios;Resuelta;Julián Hinojosa García;635;https://contrataciondelestado.es/wps/poc?uri=deeplink:detalle_licitacion&idEvl=EuMKGLqND4%2FkY6rls5tG9A%3D%3D
Contratos menores;GAPTO- Fabricación, suministro y montaje cortinas Cs Mora;Dirección Gerencia de Atención Primaria de Toledo;suministros;Resuelta;LUDEÑA RODRIGUEZ, RUTH;633,2;https://contrataciondelestado.es/wps/poc?uri=deeplink:detalle_licitacion&idEvl=OTsXU%2FZGeDUl5NjlNci%2BtA%3D%3D
Contratos menores;Suministro Placa Empresario del Año;Presidencia de la Diputación Provincial de Valladolid;suministros;Resuelta;DIEGO MORATINOS DE PAZ;630;https://contrataciondelestado.es/wps/poc?uri=deeplink:detalle_licitacion&idEvl=jRXwySft28C7JOCXkOhcDg%3D%3D
Contratos menores;Suministro placa Empresario del Año;Presidencia de la Diputación Provincial de Valladolid;suministros;Resuelta;DIEGO MORATINOS DE PAZ;630;https://contrataciondelestado.es/wps/poc?uri=deeplink:detalle_licitacion&idEvl=%2BhrYQ4Dp%2BwZxseVhcqrkhw%3D%3D
Contratos menores;Servicios de mantenimiento y reparaciones de climatización, aire acondicionado y calefacción;Director Gerente de FREMAP;servicios;Resuelta;FOMENTO VALENCIA MANT. Y LIMP. SAU;627,33;https://contrataciondelestado.es/wps/poc?uri=deeplink:detalle_licitacion&idEvl=QroLvTpOQv6KeVWTb9Scog%3D%3D
Contratos menores;Servicio de hosting para plataforma de teleformación.;Alcaldía del Ayuntamiento de Torremolinos;servicios;Resuelta;DISTRIBUIDORA GLOBAL DE FORMACION Y TECNOLOGIA SL;625;https://contrataciondelestado.es/wps/poc?uri=deeplink:detalle_licitacion&idEvl=s9Dhr%2FxPDU83vLk2DU2Ddg%3D%3D
Contratos menores;Subministrament de 500 piruletes iris personalitzades.;Concejalía de Contratación del Ayuntamiento de Ondara;suministros;Resuelta;No Sólo Dulce SL;625;https://contrataciondelestado.es/wps/poc?uri=deeplink:detalle_licitacion&idEvl=tRPm2ZsgMxI4NavIWzMcHA%3D%3D
Contratos menores;1 unidad de tubo para congelación de celulas;Comisión Delegada de la Fundación para la Investigación Biomédica del Hospital Universitario La Paz;suministros;Resuelta;Nirco, S.L.;623,14;https://contrataciondelestado.es/wps/poc?uri=deeplink:detalle_licitacion&idEvl=PyNTAxOnBGI%2FbjW6njtWLw%3D%3D
Contratos menores;Adquisición de diversos juegos de mesa para el desarrollo de actividades lúdicas en el Centro de Juventud;Alcaldía del Ayuntamiento de Valdepeñas;suministros;Resuelta;INFORMÁTICA CAÑADAS S.L.;620,92;https://contrataciondelestado.es/wps/poc?uri=deeplink:detalle_licitacion&idEvl=YJAN1nfSXUF%2FR5QFTlaM4A%3D%3D
Contratos menores;Fiesta de la espuma e hinchable para Convivencia vecinal y fiestas org. por JM de Nonduermas días 14 -15/09/2026;Junta de Gobierno del Ayuntamiento de Murcia;servicios;Resuelta;IMAGINACION ACTIVA, SLU;620;https://contrataciondelestado.es/wps/poc?uri=deeplink:detalle_licitacion&idEvl=1nEeSMAJym1QFSeKCRun4Q%3D%3D
Contratos menores;Suministro de 4 diferenciales eléctricos para la subsanación de lo defectos de la OCA de BT del Palacio de Fuensalida;Secretaría General de la Presidencia de la Junta de Comunidades de Castilla-La Mancha;suministros;Resuelta;ACCIONA FACILITY SERVICES;618,48;https://contrataciondelestado.es/wps/poc?uri=deeplink:detalle_licitacion&idEvl=LajOR%2BhY0O5%2FP7lJ7Fu0SA%3D%3D
Contratos menores;Contratación menor nº 15275/2026 relativo a Servicio de alquiler de tres contenedores para la recogida de desbroce, especialidad jardinería, Proyecto Burriana Inserta 2025;Alcaldía del Ayuntamiento de Borriana;suministros;Resuelta;CONTEBUR SL;615;https://contrataciondelestado.es/wps/poc?uri=deeplink:detalle_licitacion&idEvl=8%2BVS4IGpeKzXOjazN1Dw9Q%3D%3D
Contratos menores;Reparación caldera gas vivienda C/ Villanueva de la Serena 25-27, 2ºC - 37 00811 0025 (Salamanca).;Servicio Territorial de Movilidad y Transformación Digital de Salamanca;obras;Resuelta;EMILIO PEREZ ESCRIBANO E HIJOS S.L.;615;https://contrataciondelestado.es/wps/poc?uri=deeplink:detalle_licitacion&idEvl=OQ1y8%2BfQNEtrhBlEHQFSKA%3D%3D
Contratos menores;Hinchables el 19/09/2026 con motivo fiestas patronales barrio S. Antonio;Junta de Gobierno del Ayuntamiento de Murcia;suministros;Resuelta;IMAGINACION ACTIVA, SLU;610;https://contrataciondelestado.es/wps/poc?uri=deeplink:detalle_licitacion&idEvl=hal9dQbDqsNVq4S9zvaQpQ%3D%3D
Contratos menores;GAPTO- Subsanación defectos baja tensión detectados OCA Cl Ontigola;Dirección Gerencia de Atención Primaria de Toledo;servicios;Resuelta;ACIERTA ASISTENCIA, S.A.;607,6;https://contrataciondelestado.es/wps/poc?uri=deeplink:detalle_licitacion&idEvl=Libn0t2ia%2FqIzo3LHNPGcQ%3D%3D
Contratos menores;Contrato menor de servicios para las actuaciones musicales celebradas en Santa María del Espino. Agosto 2026;Alcaldía del Ayuntamiento de Anguita;servicios;Resuelta;ESPECTÁCULOS LA BRUJA, S.L.;600;https://contrataciondelestado.es/wps/poc?uri=deeplink:detalle_licitacion&idEvl=vekbzzamu9fgL1BHd3qjQA%3D%3D
Contratos menores;Paella día del Cáncer de Mama;Alcaldía del Ayuntamiento de Casares;servicios;Resuelta;BAR ENTREAMIGOS 2019, S.L.;600;https://contrataciondelestado.es/wps/poc?uri=deeplink:detalle_licitacion&idEvl=xp4X8b4r5eCqb7rCcv76BA%3D%3D
Contratos menores;Anuncio en un diario de la comunidad autónoma de convocatoria del levantamiento de actas previas relativo al Proyecto de prolongación de una senda fluvial en la margen izquierda del río Asma en el T.M. de Chantada (Lugo) PDM Miño-Sil ES010_3_CHCH0XCET29WP2537;Presidencia de la Confederación Hidrográfica del Miño-Sil;servicios;Resuelta;LA VOZ DE GALICIA S.A.;600;https://contrataciondelestado.es/wps/poc?uri=deeplink:detalle_licitacion&idEvl=ti738XXjUbP9pbnDwlaUlg%3D%3D
Contratos menores;Servicio de organización de la Jornada de Atletismo del programa Deporte Escolar Municipal, celebrada el día 21 de febrero de 2026.;Junta de Gobierno Local del Ayuntamiento de Alicante;servicios;Resuelta;Calle Hondón de las Nieves - Estadio de Atletismo Joaquín Villar;600;https://contrataciondelestado.es/wps/poc?uri=deeplink:detalle_licitacion&idEvl=%2BHO8S%2FrnQAs%2FbjW6njtWLw%3D%3D
Contratos menores;Servicios consistente en servicios de dinamización lúdica y sociocultural para fiestas del Llano de Don Antonio;Alcaldía del Ayuntamiento de Carboneras;servicios;Resuelta;SMART IBERICA DE IMPULSO EMPRESARIAL S.COOP.AND.;600;https://contrataciondelestado.es/wps/poc?uri=deeplink:detalle_licitacion&idEvl=wAFtszLiXl9Whbmkna2nXQ%3D%3D
Contratos menores;Cm-036-2026 fegasur 2026 publicidad en agroinformacion.com;Vicepresidencia de Institución Ferial de Cádiz IFECA;servicios;Resuelta;AGROINFORMACION, S.L.;600;https://contrataciondelestado.es/wps/poc?uri=deeplink:detalle_licitacion&idEvl=hd6qjyKo7hteKgd8LfVV9g%3D%3D
Contratos menores;Cm-034-2026 fegasur 2026 publicidad ferias, mercados y mataderos;Vicepresidencia de Institución Ferial de Cádiz IFECA;servicios;Resuelta;ANGEL PABLO FERREIRA NIETO;600;https://contrataciondelestado.es/wps/poc?uri=deeplink:detalle_licitacion&idEvl=f2ErZ0%2Bt4xXmnwcj%2BxbdTg%3D%3D
Contratos menores;Contrato menor de seguros de responsabilidad civil organización del VIII Congreso Internacional Silver Economy;Diputación Provincial de Zamora;servicios;Resuelta;DUAL IBERICA RIESGOS PROFESIONALES S.A.U;600;https://contrataciondelestado.es/wps/poc?uri=deeplink:detalle_licitacion&idEvl=J6WSSj%2B134rua%2Fi14w%2FPLA%3D%3D
Contratos menores;Suministro e instalación de un taladro de columna en el Centro Militar de Cría Caballar de Ávila.;Subdirección General de Servicios Económicos y Pagadurías;suministros;Resuelta;FERRETERIA FERAYU, S.L.;599,75;https://contrataciondelestado.es/wps/poc?uri=deeplink:detalle_licitacion&idEvl=S2FV%2B9H8u56OUi78BmzhOQ%3D%3D
Contratos menores;Contratar seguro de responsabilidad civil obligatorio para el ayuntamiento;Alcaldía del Ayuntamiento de Monasterio de la Sierra;servicios;Resuelta;FIACT MUTUA DE SEGUROS Y REASEGUROS;599,48;https://contrataciondelestado.es/wps/poc?uri=deeplink:detalle_licitacion&idEvl=lsSQPu6QhcdVq4S9zvaQpQ%3D%3D
Contratos menores;Anuncio en un diario local de convocatoria del levantamiento de actas previas relativo al Proyecto de prolongación de una senda fluvial en la margen izquierda del río Asma en el T.M. de Chantada (Lugo) PDM Miño-Sil ES010_3_CHCH0XCET29WP2537;Presidencia de la Confederación Hidrográfica del Miño-Sil;servicios;Resuelta;EL PROGRESO DE LUGO, S.L.;596;https://contrataciondelestado.es/wps/poc?uri=deeplink:detalle_licitacion&idEvl=skjw44hCbn3CfVQHDepjGQ%3D%3D
Contratos menores;catering evento 18 de octubre de 2026.;Alcaldía del Ayuntamiento de San Agustín del Guadalix;servicios;Resuelta;COSMIN ANDREI GAMAN ATANASOAE;591,82;https://contrataciondelestado.es/wps/poc?uri=deeplink:detalle_licitacion&idEvl=Uw8%2FkcQDLuMkJPJS%2BPS9vg%3D%3D
Contratos menores;Servicios de pequeñas reparaciónes de puertas automáticas;Director Gerente de FREMAP;servicios;Resuelta;FAIN PUERTAS SL;581,7;https://contrataciondelestado.es/wps/poc?uri=deeplink:detalle_licitacion&idEvl=eyZrGEc1WqJ%2BF6L2uCfUWg%3D%3D
Contratos menores;Servicio de puesta a punto e ITV de los tres vehículos del Servicio de Mantenimiento de Edificios Municipales, sin reparaciones.;Alcaldia del Ayuntamiento de San Fernando;servicios;Resuelta;AUTORECAMBIOS J.ACOSTA, SL;570,8;https://contrataciondelestado.es/wps/poc?uri=deeplink:detalle_licitacion&idEvl=MoY5HpqGfFs2wEhQbcAqug%3D%3D
Contratos menores;GAPTO- Frigorífico con congelador CL Burujón;Dirección Gerencia de Atención Primaria de Toledo;suministros;Resuelta;PUNTODOMESTICO TOLEDO SLL;570;https://contrataciondelestado.es/wps/poc?uri=deeplink:detalle_licitacion&idEvl=OdIjaXuquiVq1DdmE7eaXg%3D%3D
Contratos menores;suministro de secamanos para la sede del icap;Instituto Cántabro de Administración Pública Rafael de la Sierra;suministros;Resuelta;CASH CANTABRICA DE SERVICIOS E HIGIENE S.L.;570;https://contrataciondelestado.es/wps/poc?uri=deeplink:detalle_licitacion&idEvl=1dmKiWu20bMwYTJJ03sHog%3D%3D
Contratos menores;Suministro de Material de Oficina y modelaje para las actividades del departamento de Imagen Corporativa dependiente de esta Gerencia.;Gerencia de Atención Primaria del Area de Salud de Tenerife;suministros;Resuelta;FICHERO´S S.L.U.;558,6;https://contrataciondelestado.es/wps/poc?uri=deeplink:detalle_licitacion&idEvl=QudqELA0%2BI0ZDGvgaZEVxQ%3D%3D
Contratos menores;Contratación menor nº 15103/2026 relativo al Servicio de alquiler de dos sopladores para la realización de prácticas para los alumnos de la especialidad de jardinería, Proyecto Burriana Inserta 2025;Alcaldía del Ayuntamiento de Borriana;suministros;Resuelta;MAQUINARIA AGRICOLA AGROBUR SL;554,05;https://contrataciondelestado.es/wps/poc?uri=deeplink:detalle_licitacion&idEvl=JAung7HJ4Xk36J9Lctlsuw%3D%3D
Contratos menores;Servicio alquiler vehículo industrial para Taller Impulsa Joven I;Presidencia Delegada de la Agencia Local de Desarrollo Económico y Social de Alicante;servicios;Resuelta;FURGONETAS DEMETRIO, S.L.;552;https://contrataciondelestado.es/wps/poc?uri=deeplink:detalle_licitacion&idEvl=zwnSH5MnDDM%2B1TMyIiZmzw%3D%3D
Contratos menores;Suministro de Estabilizador de Corriente para los vehículos oficiales de la Confederación Hidrográfica del Segura, O.A.;Presidencia de la Confederación Hidrográfica del Segura;suministros;Resuelta;EQUIPATEC AUTOMOCION S.COOP;549;https://contrataciondelestado.es/wps/poc?uri=deeplink:detalle_licitacion&idEvl=nL7ZYSrJjaQadbH3CysQuQ%3D%3D
Contratos menores;Reparación de vivienda sita en C/ Marcos Beas 18, de Hoyos.;Consejería de Infraestructuras, Transporte y Vivienda;obras;Resuelta;CAPITEL EXTREMADURA;548,4;https://contrataciondelestado.es/wps/poc?uri=deeplink:detalle_licitacion&idEvl=HL8%2Fl0GRAbDCfVQHDepjGQ%3D%3D
Contratos menores;Asistencia técnica de delineación;Junta de Gobierno del Ayuntamiento de Alguazas;servicios;Resuelta;GETNISA INGENIERIA CIVIL, SLP;544,5;https://contrataciondelestado.es/wps/poc?uri=deeplink:detalle_licitacion&idEvl=hxnKda4yqOR70UvEyYJSGw%3D%3D
Contratos menores;GAPTO- Reparación sistema calerfacción Cs Benquerencia;Dirección Gerencia de Atención Primaria de Toledo;servicios;Resuelta;ACIERTA ASISTENCIA, S.A.;544,32;https://contrataciondelestado.es/wps/poc?uri=deeplink:detalle_licitacion&idEvl=VIr26mzVFi3yoM4us5k4vw%3D%3D
Contratos menores;Suministro de botellines y garrafas de agua para reposición del almacén para las actividades de las áreas.;Alcaldía del Ayuntamiento de Torremolinos;suministros;Resuelta;CIAL. TORREMOLINOS COSTA, SL;544,03;https://contrataciondelestado.es/wps/poc?uri=deeplink:detalle_licitacion&idEvl=wTE6ePpZLUwUqXM96WStVA%3D%3D
Contratos menores;"Llave dinamometrica 20 nm conexion 1/4"", llave vaso conexion 1/4"" bahco, llave vaso conexion 1/4"" acesa exag. 6, nivel aluminio magnetico codigo 53850-50, foam herramienta golpeo irimo, foam juego llaves vaso irimo y foam llaves combinadas y fijas irimo";Rectorado de la Universidad del País Vasco;suministros;Resuelta;JOSE JULIO GARCIA SANTANA;541,76;https://contrataciondelestado.es/wps/poc?uri=deeplink:detalle_licitacion&idEvl=YRTvIxAC%2F2Z6nTs9LZ9RhQ%3D%3D
Contratos menores;Adquisición de 100 bolsas con diseño especial colage, que se repartirán como merchandising en diferentes eventos de gastronomía;Dirección Gerencia de la Empresa Pública de Promoción del Turismo y la Artesanía de Castilla-La Mancha (ETURIA), S.A.;suministros;Resuelta;CASTILLA TEXTIL 2, S.L;540;https://contrataciondelestado.es/wps/poc?uri=deeplink:detalle_licitacion&idEvl=MwtOs2%2FmJE9%2FP7lJ7Fu0SA%3D%3D
Contratos menores;servicio de catering para 30 comensales con motivo de la comida en honor a la Patrona del municipio, la Virgen de la Cabeza, que tendrá lugar el día 30 de septiembre de 2026 en el salón de actos de la Casa de Cultura de Burjassot.;Junta de Gobierno del Ayuntamiento de Burjassot;servicios;Resuelta;María Margarita Cabal Caicedo;540;https://contrataciondelestado.es/wps/poc?uri=deeplink:detalle_licitacion&idEvl=6Ofji0ceoe%2FE6P%2FuLemXRw%3D%3D
Contratos menores;Suministro de una (1) caja de test drugwipe multidrogas para policía local;Junta de Gobierno del Ayuntamiento de Toledo;suministros;Resuelta;SABORIT INTERNATIONAL SL;537,5;https://contrataciondelestado.es/wps/poc?uri=deeplink:detalle_licitacion&idEvl=s75dTaovtgN6nTs9LZ9RhQ%3D%3D
Contratos menores;Reparación de la hidrolimpiadora utilizada para la limpieza de las vías públicas;Alcaldía del Ayuntamiento de San Vicente de la Barquera;servicios;Resuelta;AGRO-RECAMBIOS CABEZON S.L.;532,35;https://contrataciondelestado.es/wps/poc?uri=deeplink:detalle_licitacion&idEvl=H5XtZxZR7QD5Rey58Yagpg%3D%3D
Contratos menores;Suministro de 2 mesas de puesto de trabajo para la Consejería de Economía y Hacienda, una para el edificio sede y otra para el edificio de Arroyo de la Encomienda;Consejería de Economía y Hacienda de la Junta de Castilla y León;suministros;Resuelta;Spacio Valladolid S.A.;529,38;https://contrataciondelestado.es/wps/poc?uri=deeplink:detalle_licitacion&idEvl=owYAs%2BsBGix9Zh%2FyRJgM8w%3D%3D
Contratos menores;Licenias Solarwinds 2026;Alcaldía del Ayuntamiento de Majadahonda;suministros;Resuelta;SERINGE S.A.;525,6;https://contrataciondelestado.es/wps/poc?uri=deeplink:detalle_licitacion&idEvl=ur4ezzNv0FmFlFRHfEzEaw%3D%3D
Contratos menores;Contrato para adquisición de elementos de corte utilizados en el Servicio de Jardines.;Junta de Gobierno del Ayuntamiento de Ciudad Real;suministros;Resuelta;AGRIMAN TECNOLOGIAS APLICADAS, S.L.;523,03;https://contrataciondelestado.es/wps/poc?uri=deeplink:detalle_licitacion&idEvl=8FDoa5lGgo8S7pcxhTeWOg%3D%3D
Contratos menores;Realización de talleres para jóvenes en el marco de la subvención del destinada para la prevención de adicciones en el ejercicio 2026 de la Diputación de Valencia.;Presidencia de la Mancomunidad de la Canal de Navarrés;servicios;Resuelta;JORGE MARTINEZ CASTILLO;520;https://contrataciondelestado.es/wps/poc?uri=deeplink:detalle_licitacion&idEvl=V14gWnFM7p7VGIpKDxgsAQ%3D%3D
Contratos menores;Traslado de mobiliario en Rda. Calatrava;Delegación Provincial de la Consejería de Economía, Empresas y Empleo en Ciudad Real;servicios;Resuelta;MUDANZAS ROMA, S.L.;520;https://contrataciondelestado.es/wps/poc?uri=deeplink:detalle_licitacion&idEvl=KESk5rmIDsGkU02jNGj1Fw%3D%3D
Contratos menores;Adquisición de DVD´s y Videojuegos durante el año 2026 en la Biblioteca Pública de Soria;Servicio Territorial de Cultura y Turismo de Soria;suministros;Resuelta;ELENA MARTIN FAZ;518,73;https://contrataciondelestado.es/wps/poc?uri=deeplink:detalle_licitacion&idEvl=kEVZiySWmwn10HRJw8TEnQ%3D%3D
Contratos menores;Suministro de frigorífico combo y cafetera para la B.A. Alcantarilla.;Jefatura de la Sección Económico-Administrativa 41 - Base Aérea de San Javier;suministros;Resuelta;SUMINISTROS DE ALBACETE, S.L.;517,82;https://contrataciondelestado.es/wps/poc?uri=deeplink:detalle_licitacion&idEvl=sFKQB9ZKUuqIzo3LHNPGcQ%3D%3D
Contratos menores;GAPTO- Mascarillas quirúrgicas y FPP2;Dirección Gerencia de Atención Primaria de Toledo;suministros;Resuelta;PROLIMAX HIGIENE INDUSTRIAL, S.L.;517,44;https://contrataciondelestado.es/wps/poc?uri=deeplink:detalle_licitacion&idEvl=VINt78OtOgPN3k3tjedSGw%3D%3D
Contratos menores;Contrato de Servicio para realizar distintos trabajos con la maquina mixta.;Alcaldía del Ayuntamiento de Tordesillas;servicios;Resuelta;HIGUERA NAVAS SL;517;https://contrataciondelestado.es/wps/poc?uri=deeplink:detalle_licitacion&idEvl=ekDdIUdb5Igtm4eBPtV6eQ%3D%3D
Contratos menores;GAPTO- Subsanación errores detectados en Baja Tensión Cs Mora;Dirección Gerencia de Atención Primaria de Toledo;servicios;Resuelta;ACIERTA ASISTENCIA, S.A.;513,78;https://contrataciondelestado.es/wps/poc?uri=deeplink:detalle_licitacion&idEvl=b06KseXpw%2Fl%2BF6L2uCfUWg%3D%3D
Contratos menores;GAPTO- Reparación climatización Cs Polán;Dirección Gerencia de Atención Primaria de Toledo;servicios;Resuelta;ACIERTA ASISTENCIA, S.A.;513,29;https://contrataciondelestado.es/wps/poc?uri=deeplink:detalle_licitacion&idEvl=yEnRppMinG3yoM4us5k4vw%3D%3D
Contratos menores;Renovar las publicaciones de OCU Ediciones con destino a las Bibliotecas Municipales.;Junta de Gobierno del Ayuntamiento de San Sebastián de los Reyes;privado;Resuelta;OCU EDICIONES S.A.;509,98;https://contrataciondelestado.es/wps/poc?uri=deeplink:detalle_licitacion&idEvl=wks9DExewDteKgd8LfVV9g%3D%3D
Contratos menores;Suministro de armario medicación para Maz Fraga;Dirección Área Jurídica y Prestación de MAZ, Mutua Colaboradora con la Seguridad Social, Nº 11;suministros;Resuelta;HELIOS ELECTROMEDICINA SL;508,3;https://contrataciondelestado.es/wps/poc?uri=deeplink:detalle_licitacion&idEvl=NphRJabdHhK5HQrHoP3G5A%3D%3D
Contratos menores;2 Roll ups RED5V publicidad;Presidencia de la Comarca de Cinco Villas;servicios;Resuelta;ESTUDIOS CYAN 98 S.L;508;https://contrataciondelestado.es/wps/poc?uri=deeplink:detalle_licitacion&idEvl=a9NJfW4BJWjmnwcj%2BxbdTg%3D%3D
Contratos menores;"Suministro de material necesario para la impartición del curso "" Jardines Habitables. Paisajismo y Naturaleza"" que organiza la Diputación de Sevilla.";Presidencia de la Diputación Provincial de Sevilla;suministros;Resuelta;EL BUHO VERDE S.L.;506,5;https://contrataciondelestado.es/wps/poc?uri=deeplink:detalle_licitacion&idEvl=3t6l6pVyEOLi0Kd8%2Brcp6w%3D%3D
Contratos menores;Obras de suministro y montaje de rejas de protección en CRA Los LLanos en Abades (Segovia);Dirección Provincial de Educación en Segovia;obras;Resuelta;César Piquero González;506;https://contrataciondelestado.es/wps/poc?uri=deeplink:detalle_licitacion&idEvl=K7u6OPLb6ab9pbnDwlaUlg%3D%3D
Contratos menores;Contratación del suministro de 3 lonas para el departamento de cultura.;Concejalía Delegada de Hacienda del Ayuntamiento de la Pobla de Vallbona;suministros;Resuelta;ENVIOS Y DISEÑO, SOCIEDAD LIMITADA;505,5;https://contrataciondelestado.es/wps/poc?uri=deeplink:detalle_licitacion&idEvl=bv%2BHk5TBU7UIYE3ZiZ%2BxmQ%3D%3D
Contratos menores;Asistencia técnica en la tramitación y ejecución de la subvención del Fondo Estratégico Municipal para la Prevención de Incendios Forestales para la anualidad 2026;Alcaldía del Ayuntamiento de Soneja;servicios;Resuelta;SEMBRA NATURA COOP. V.;505,13;https://contrataciondelestado.es/wps/poc?uri=deeplink:detalle_licitacion&idEvl=eadHy1jlvyKFlFRHfEzEaw%3D%3D
Contratos menores;Servicio de reparación de terminal caza pin grande de motor de batería;Hospital Intermutual de Euskadi, Centro Mancomunado de Mutuas de Accidentes de Trabajo y Enfermadades Profesionales de la Seguridad Social;suministros;Resuelta;ESTABLECIMIENTOS SUMISAN, S.A.;503,5;https://contrataciondelestado.es/wps/poc?uri=deeplink:detalle_licitacion&idEvl=ZG5uWhQsb5KcTfjQf3USOg%3D%3D
Contratos menores;Contrato de Suministro de una bomba de riego para los jardines del Alba.;Alcaldía del Ayuntamiento de Tordesillas;suministros;Resuelta;HIDROBOMBA, S.L.;501;https://contrataciondelestado.es/wps/poc?uri=deeplink:detalle_licitacion&idEvl=IrO9B%2BSB6fqAAM7L03kM8A%3D%3D
Contratos menores;Servicio de contratación de certificado SSL/TLS Wildcard para el dominio Málaga Congress Card;Concejalía Delegada del Área Específica de Turismo y Promoción de la Ciudad del Ayuntamiento de Málaga;servicios;Resuelta;IDEANTO COMUNICACION SL;500;https://contrataciondelestado.es/wps/poc?uri=deeplink:detalle_licitacion&idEvl=qAKji%2BTumrYQyBAnWzHfCg%3D%3D
Contratos menores;Contratación menor 15702/2026 relativo a suministro de catering para clausura del Proyecto Burriana Inserta 2025;Alcaldía del Ayuntamiento de Borriana;suministros;Resuelta;PASTELERIA ANGULLO SL;500;https://contrataciondelestado.es/wps/poc?uri=deeplink:detalle_licitacion&idEvl=g66of%2FeDXYE7%2B9FIQYNjeQ%3D%3D
Contratos menores;III Encuentro Literario Zamora Orgullosa: participación de Juan Pedro Sánchez López.;Alcaldía del Ayuntamiento de Zamora;servicios;Resuelta;JUAN PEDRO SANCHEZ LOPEZ;500;https://contrataciondelestado.es/wps/poc?uri=deeplink:detalle_licitacion&idEvl=5n6b%2BWWlU0FPpzdqOdhuWg%3D%3D
Contratos menores;Compra de papel higiénico y de cocina para la vivienda de mayores;Alcaldia del Ayuntamiento de San Lorenzo de la Parrilla;suministros;Resuelta;FRANCISCO MARINO BAÑOS MARTINEZ;500;https://contrataciondelestado.es/wps/poc?uri=deeplink:detalle_licitacion&idEvl=IY6%2Bo6GKGZz%2Fa9DgO%2BoYKQ%3D%3D
Contratos menores;Servicios artísticos de circo, ampliación de la Gala Joven, Malabaria 2026.;Alcaldía del Ayuntamiento de Herrera de Pisuerga;servicios;Resuelta;ASOCIACION ESTARIVEL;500;https://contrataciondelestado.es/wps/poc?uri=deeplink:detalle_licitacion&idEvl=UATJCpBpA1GFQ%2FlhRK79lA%3D%3D
Contratos menores;Autobús feria de empleo 2026;Presidencia de la Comarca de Cinco Villas;servicios;Resuelta;JOSE MARIA SANZ SL;500;https://contrataciondelestado.es/wps/poc?uri=deeplink:detalle_licitacion&idEvl=4p0ma%2B%2BgC2%2FpxJFXpLZ%2B2A%3D%3D
Contratos menores;Contrato menor de suministro para impresión de Trípticos del XXIX Plan Agrupado de Formación Continua 2026;Vicepresidencia de la Mancomunidad de Islantilla;suministros;Resuelta;IMPRENTA REAL, S.L;500;https://contrataciondelestado.es/wps/poc?uri=deeplink:detalle_licitacion&idEvl=Myjjc194PlZ9Zh%2FyRJgM8w%3D%3D
Contratos menores;contratación para impartir actividad de sensibilización en materia de Cooperación Internacional al Desarrollo con alumnado de 5º EPO y 1º de la ESO.;Alcaldia del Ayuntamiento de Valverde del Camino;servicios;Resuelta;LUIS MONTERO DE ESPINOSA TASSARA;500;https://contrataciondelestado.es/wps/poc?uri=deeplink:detalle_licitacion&idEvl=4Hwqn6qPfDV%2FR5QFTlaM4A%3D%3D
Contratos menores;III Encuentro Literario Zamora Orgullosa: participación de Clara Morales Fernández.;Alcaldía del Ayuntamiento de Zamora;servicios;Resuelta;CLARA MORALES FERNÁNDEZ;500;https://contrataciondelestado.es/wps/poc?uri=deeplink:detalle_licitacion&idEvl=u493d2xU7UxVq4S9zvaQpQ%3D%3D
Contratos menores;Z0804334a308-contrato Menor Para La Representación Del Espectáculo Denominado Taller De Luz Negra, Alia Dovidena Toyos Garcia. Programa Cultura Y Territorio 2026;Consejería de Cultura, Turismo y Deporte de la Comunidad Autónoma de Cantabria;servicios;Resuelta;TOYOS GARCIA ALIA;500;https://contrataciondelestado.es/wps/poc?uri=deeplink:detalle_licitacion&idEvl=8bHXJeByHd%2FLIx6q1oPaMg%3D%3D
Contratos menores;"Inscripción Aitzol Lamikiz Mentxaka en ""10 th Manufacturing Engineering Society International Conference/MESIC2023"" (Del 28 al 30/06/2023)";Rectorado de la Universidad del País Vasco;servicios;Resuelta;VIAJES EL CORTE INGLÉS , S.A;500;https://contrataciondelestado.es/wps/poc?uri=deeplink:detalle_licitacion&idEvl=A4mufYgOXMz%2Fa9DgO%2BoYKQ%3D%3D
Contratos menores;servicios artísticos de realización del cartel del programa -no solo musas- de la diputación provincial de Sevilla 2026.;Presidencia de la Diputación Provincial de Sevilla;servicios;Resuelta;ANA ALVAREZ PERAL;500;https://contrataciondelestado.es/wps/poc?uri=deeplink:detalle_licitacion&idEvl=lE0n0gCc2fv%2B3JAijKO%2Bkg%3D%3D
Contratos menores;Adquisición de uniformes de trabajo para el personal de diversos servicios del Centro Mediterráneo;Consejería de Presidencia y Gobernación de la Ciudad Autónoma de Ceuta;suministros;Resuelta;CONFECCIONES MATOSO SL;498;https://contrataciondelestado.es/wps/poc?uri=deeplink:detalle_licitacion&idEvl=jWXEh4v6ZMHCfVQHDepjGQ%3D%3D
Contratos menores;GAPTO- Tira reactiva glucosa en sangre medidor para bomba insulina;Dirección Gerencia de Atención Primaria de Toledo;suministros;Resuelta;ASCENSIA DIABETES CARE, SL;496,47;https://contrataciondelestado.es/wps/poc?uri=deeplink:detalle_licitacion&idEvl=s5bgMLc5OzXgL1BHd3qjQA%3D%3D
Contratos menores;Contrato menor de servicios-Actuación Djaleo;Alcaldía del Ayuntamiento de Castell de Cabres;servicios;Resuelta;ROSELLES A TEMPO;495,5;https://contrataciondelestado.es/wps/poc?uri=deeplink:detalle_licitacion&idEvl=WeTy8Bt5xGiP66GS%2BONYvQ%3D%3D
Contratos menores;Suministro de Módulo Electrónico para Electrocardiógrafos Philips ubicados en los Centros de Salud dependientes de esta Gerencia.;Gerencia de Atención Primaria del Area de Salud de Tenerife;suministros;Resuelta;DEXTROMEDICA SL;495;https://contrataciondelestado.es/wps/poc?uri=deeplink:detalle_licitacion&idEvl=R8WmkX8eTENrSd8H4b2soA%3D%3D
Contratos menores;Producción de 5 cartón pluma, para los stands de los cinco ateliers de Castilla-La Mancha, que participarán en la Barcelona Bride Fashion Week;Dirección Gerencia de la Empresa Pública de Promoción del Turismo y la Artesanía de Castilla-La Mancha (ETURIA), S.A.;servicios;Resuelta;FIRA DE BARCELONA;491,85;https://contrataciondelestado.es/wps/poc?uri=deeplink:detalle_licitacion&idEvl=9FshWMNHjzBVq4S9zvaQpQ%3D%3D
Contratos menores;Servicios de producción de un cartón pluma extra, para el stand de Castilla-La Mancha en la Barcelona Bride Fashion Week;Dirección Gerencia de la Empresa Pública de Promoción del Turismo y la Artesanía de Castilla-La Mancha (ETURIA), S.A.;servicios;Resuelta;FIRA DE BARCELONA;483,25;https://contrataciondelestado.es/wps/poc?uri=deeplink:detalle_licitacion&idEvl=Mv4U2zbUwcVt5r0ngvMetA%3D%3D
Contratos menores;mantenimiento embarcacion speis II;Junta de Gobierno Local del Ayuntamiento de Alicante;servicios;Resuelta;NAUTISAN BOAT S.L.;481,97;https://contrataciondelestado.es/wps/poc?uri=deeplink:detalle_licitacion&idEvl=HBe09ulV%2BsEl5NjlNci%2BtA%3D%3D
Contratos menores;Suministro e instalación de persiana en el Colegio Infanta Leonor.;Alcaldía del Ayuntamiento de San Agustín del Guadalix;suministros;Resuelta;TOLDOS OSUNA - FCO. OSUNA GARCÍA;481,24;https://contrataciondelestado.es/wps/poc?uri=deeplink:detalle_licitacion&idEvl=NlKCisCsSHtrhBlEHQFSKA%3D%3D
Contratos menores;GAPTO- Revisión y reinicio de autoclave Cs Villaluenga;Dirección Gerencia de Atención Primaria de Toledo;servicios;Resuelta;AUTOCLAVES PRYON, SL;480;https://contrataciondelestado.es/wps/poc?uri=deeplink:detalle_licitacion&idEvl=7tTcwVa021XLIx6q1oPaMg%3D%3D
Contratos menores;GAPTO- Tubos de aspiración para sillones de odontología;Dirección Gerencia de Atención Primaria de Toledo;suministros;Resuelta;FADENTE, S.A.U.;480;https://contrataciondelestado.es/wps/poc?uri=deeplink:detalle_licitacion&idEvl=NUOTF7lc%2FRHua%2Fi14w%2FPLA%3D%3D
Contratos menores;La actuación de la academia ALLEGRO ESTUDIO DE MÚSICA Y DANZA en la Gala de la Reina de las Fiestas;Consejería de Educación y Cultura;privado;Resuelta;NATALIA CABEZÓN SÁNCHEZ;480;https://contrataciondelestado.es/wps/poc?uri=deeplink:detalle_licitacion&idEvl=ibKCjc5ceNXN3k3tjedSGw%3D%3D
Contratos menores;Actuación musical de tabal i dolçaina (3 tabals y 5 dolçaines) en el acto institucional de hermanamiento entre Almàssera y El Toro.;Alcaldía del Ayuntamiento de Almàssera;servicios;Resuelta;FRANCESC JOSEP JULIA LLEDO;480;https://contrataciondelestado.es/wps/poc?uri=deeplink:detalle_licitacion&idEvl=fZvaCALaFDGdkQsA7ROvsg%3D%3D
Contratos menores;suministro de monitor y video grabador;Consejería de Presidencia y Gobernación de la Ciudad Autónoma de Ceuta;suministros;Resuelta;Zonelan Ceuta, S.L.;480;https://contrataciondelestado.es/wps/poc?uri=deeplink:detalle_licitacion&idEvl=U2d7wvLQoqyFQ%2FlhRK79lA%3D%3D
Contratos menores;Co-redacción de memorias valoradas para Pavimentación de Vía Pública en Calle Mayor de Salinillas de Bureba y para Acondicionamiento de Vías y Espacios Públicos en Revillalcón;Alcaldía del Ayuntamiento de Salinillas de Bureba;servicios;Resuelta;FERNÁNDEZ RAMÍREZ, MARÍA JOSÉ;480;https://contrataciondelestado.es/wps/poc?uri=deeplink:detalle_licitacion&idEvl=%2BWh7dvc3qXiHCIsjvJ3rhQ%3D%3D
Contratos menores;Contracte menor serveis de càtering per a l'esmorzar de la Ruta de senderisme de la Setmana dels Jubilats, organitzada per la regidoria de Persones Majors.;Alcaldía del Ayuntamiento de Agullent;servicios;Resuelta;Clemencia Maria Fernandez Mañas;480;https://contrataciondelestado.es/wps/poc?uri=deeplink:detalle_licitacion&idEvl=kJilEIJtSB%2FVGIpKDxgsAQ%3D%3D
Contratos menores;Contratación de Póliza de seguros de Accidentes para los alumnos que realicen prácticas en empresas y entidades dentro de sus prácticas curriculares, por 4 meses. En Anexo adjunto se especifican las coberturas;Rectorado de la Universidad Internacional de Andalucía;servicios;Resuelta;MAPFRE VIDA SOCIEDAD ANONIMA DE SEGUROS Y REASEGUROS SOBRE LA VIDA HUMANA.;477,12;https://contrataciondelestado.es/wps/poc?uri=deeplink:detalle_licitacion&idEvl=79VTN8PMbhx9Zh%2FyRJgM8w%3D%3D
Contratos menores;GAPTO- Fabricación, suministro y montaje cortinas sala urgencias Cs Mora;Dirección Gerencia de Atención Primaria de Toledo;suministros;Resuelta;LUDEÑA RODRIGUEZ, RUTH;476,69;https://contrataciondelestado.es/wps/poc?uri=deeplink:detalle_licitacion&idEvl=NDd3V%2BdSu%2FHIGlsa0Wad%2Bw%3D%3D
Contratos menores;GAPTO- 5 baterías para electrocardiografo;Dirección Gerencia de Atención Primaria de Toledo;suministros;Resuelta;TEKNOIBERIA LOGISTICA, S.L.;475;https://contrataciondelestado.es/wps/poc?uri=deeplink:detalle_licitacion&idEvl=v0t%2B%2BIku%2FRW7JOCXkOhcDg%3D%3D
Contratos menores;Reparación de ultracongelador para conservación de muestras biológicas.;Rectorado de la Universidad de Sevilla;servicios;Resuelta;ANDALUZA DE ESTUDIOS Y MANTENIMIENTO, S.L.;471,5;https://contrataciondelestado.es/wps/poc?uri=deeplink:detalle_licitacion&idEvl=N%2FaDhvA18FI36J9Lctlsuw%3D%3D
Contratos menores;Interprete.;Rectorado de la Universidad del País Vasco;servicios;Resuelta;Hitzurun Interpretazioak SLU;470;https://contrataciondelestado.es/wps/poc?uri=deeplink:detalle_licitacion&idEvl=lpMA5dhbmU%2Bzz8fXU2i3eQ%3D%3D
Contratos menores;Realización del Plan de Desconexión Digital donde se identifiquen las herramientas habilitadas al efecto por la UNIA;Rectorado de la Universidad Internacional de Andalucía;servicios;Resuelta;QUIRON PREVENCION S.L.U;468;https://contrataciondelestado.es/wps/poc?uri=deeplink:detalle_licitacion&idEvl=qw6Ai%2FvF5NO7JOCXkOhcDg%3D%3D
Contratos menores;Servicios de Pequeñas reparaciones de fontanería, carpintería, albañilería, cerrajería, electricidad, consumibles y/o sustitución bombillas, jardinería de interior y exterior;Director Gerente de FREMAP;servicios;Resuelta;PROTECWALL;460;https://contrataciondelestado.es/wps/poc?uri=deeplink:detalle_licitacion&idEvl=zJbWD%2BaKuvo7%2B9FIQYNjeQ%3D%3D
Contratos menores;Suministro material construcción para Escuela Taller;Presidencia Delegada de la Agencia Local de Desarrollo Económico y Social de Alicante;suministros;Resuelta;José Salvador Espinosa Martí;457,76;https://contrataciondelestado.es/wps/poc?uri=deeplink:detalle_licitacion&idEvl=Jm3M3cOdCPfi0Kd8%2Brcp6w%3D%3D
Contratos menores;"Alquiler de material para la celebración del curso ""Manejo de Plataformas elevadoras"" que organiza la Diputación de Sevilla.";Presidencia de la Diputación Provincial de Sevilla;suministros;Resuelta;RENTA DE MAQUINARIA, S.L.U.;456;https://contrataciondelestado.es/wps/poc?uri=deeplink:detalle_licitacion&idEvl=uew2ehuR6F82wEhQbcAqug%3D%3D
Contratos menores;Retirada la alimentación eléctrica desde primer poste de madera procedente del Cuadro General de Mando y Protección situado en el sótano del PPL, hasta la acometida de obra en la Caja de Mando y Protección (CPM) en nave CPI de las antiguas instalaciones de Altadis en el Recinto Interior de la Zona Franca de Cádiz.;Delegación Especial del Estado en el Consorcio de la Zona Franca de Cádiz;obras;Resuelta;Gika Soluciones Electrotécnicas S.L.;452,25;https://contrataciondelestado.es/wps/poc?uri=deeplink:detalle_licitacion&idEvl=r5jku64LCVE3vLk2DU2Ddg%3D%3D
Contratos menores;Adquisición de un baño de ultrasonidos sin calefacción 2.75l;Gerencias de los Institutos de la Agencia Estatal Consejo Superior de Investigaciones Científicas;suministros;Resuelta;DISTRIBUCIONES INDUSTRIALES Y CIENTÍFICAS S.L.;450;https://contrataciondelestado.es/wps/poc?uri=deeplink:detalle_licitacion&idEvl=mnsZHxR14oGHCIsjvJ3rhQ%3D%3D
Contratos menores;GAPTO- Reparación cubierta Cl Chozas de Canales;Dirección Gerencia de Atención Primaria de Toledo;servicios;Resuelta;ACIERTA ASISTENCIA, S.A.;449,64;https://contrataciondelestado.es/wps/poc?uri=deeplink:detalle_licitacion&idEvl=FOzWk%2B2NTvy9Hd5zqvq9cg%3D%3D
Contratos menores;"Servicio de mantenimiento por empresa especializada de instalaciones eléctricas de alta tensión y centro de transformación en el Centro de la Naturaleza ""Valle de los Perales"", del término municipal de Viso del Marqués (Ciudad Real).";Delegación Provincial de la Consejería de Desarrollo Sostenible en Ciudad Real;servicios;Resuelta;ELECNOR SERVICIOS Y PROYECTOS S.A.U.;447,83;https://contrataciondelestado.es/wps/poc?uri=deeplink:detalle_licitacion&idEvl=tfWWGcNHyuZrhBlEHQFSKA%3D%3D
Contratos menores;Asistencia técnica topográfica;Junta de Gobierno del Ayuntamiento de Alguazas;servicios;Resuelta;SERVICIOS INTEGRALES DE FORMACION E INGENIERIA 21, S.L.;447,7;https://contrataciondelestado.es/wps/poc?uri=deeplink:detalle_licitacion&idEvl=z0g%2F%2Fi6mvTCHCIsjvJ3rhQ%3D%3D
Contratos menores;compra lote de libros club de lectura para la Biblioteca Pública de Soria;Servicio Territorial de Cultura y Turismo de Soria;suministros;Resuelta;LIBRERIA PARIS S.L.;447,53;https://contrataciondelestado.es/wps/poc?uri=deeplink:detalle_licitacion&idEvl=tj8UUxbzjZJeKgd8LfVV9g%3D%3D
Contratos menores;Suministros conservas, legumbres, aceites;Diputación Provincial de Zamora;suministros;Resuelta;ANA BEATRIZ FIDALGO SALADO;446,92;https://contrataciondelestado.es/wps/poc?uri=deeplink:detalle_licitacion&idEvl=dEknycDUGCI7%2B9FIQYNjeQ%3D%3D
Contratos menores;Material didáctico;Hospital Virtual Valdecilla S.L.U.;suministros;Resuelta;LAERDAL MEDICAL, AS;446,25;https://contrataciondelestado.es/wps/poc?uri=deeplink:detalle_licitacion&idEvl=HywZyuD3jc4zjChw4z%2FXvw%3D%3D
Contratos menores;Reparación de fuga de llave de paso de agua en Huerto Urbano;Alcaldía del Ayuntamiento de San Fulgencio;servicios;Resuelta;SAT MAYPE, S.L.;445,09;https://contrataciondelestado.es/wps/poc?uri=deeplink:detalle_licitacion&idEvl=P5IXBwmoFkcUqXM96WStVA%3D%3D
Contratos menores;Suministro de 6 pares de zapatos para el personal laboral destinado en la Dirección Provincial del INSS en Toledo.;INSS-Dirección provincial de Toledo;suministros;Resuelta;Zapateria Pisotones (Shoex Prime);436,12;https://contrataciondelestado.es/wps/poc?uri=deeplink:detalle_licitacion&idEvl=xmiTFoPLwvYwYTJJ03sHog%3D%3D
Contratos menores;Installació elèctrica i de dades per a aula modular a instal·lar a l'IES Isidor Macabich. TM Eivissa;Instituto Balear de Infraestructuras y Servicios Educativos (IBISEC);obras;Resuelta;ALBERTO VILLALBA ESCANDELL;427,67;https://contrataciondelestado.es/wps/poc?uri=deeplink:detalle_licitacion&idEvl=m68YJnlZeTmsNfRW6APEDw%3D%3D
Contratos menores;11/26. Mantemento anual do programa de xestión da piscina municipal do concello;Presidencia del Organismo Autónomo Terra de Sanxenxo;servicios;Resuelta;Sport & Consulting I+D, S.L.;426;https://contrataciondelestado.es/wps/poc?uri=deeplink:detalle_licitacion&idEvl=fT4MdX7CLxd9PLkba5eRog%3D%3D
Contratos menores;Servicio de acceso a herramienta de cumplimiento de la ley 2/2023 de canal interno de denuncias;Instituto Tecnológico Agrario de Castilla y León;servicios;Resuelta;Global Factory, S.L.;425;https://contrataciondelestado.es/wps/poc?uri=deeplink:detalle_licitacion&idEvl=BjFEuw37BHeAAM7L03kM8A%3D%3D
Contratos menores;"Inscripción Eneko Ukar Arrien en ""10th Manufacturing Engineering Society International Conference/MESIC2023"" (Del 28 al 30/06/2023";Rectorado de la Universidad del País Vasco;servicios;Resuelta;VIAJES EL CORTE INGLÉS , S.A;425;https://contrataciondelestado.es/wps/poc?uri=deeplink:detalle_licitacion&idEvl=aWXSx2iLhcnLIx6q1oPaMg%3D%3D
Contratos menores;Juegos e hinchables jornada convivencia juvenil 08 de abril de 2022 IES Villa de Alguazas;Junta de Gobierno del Ayuntamiento de Alguazas;servicios;Resuelta;JESUS CORTES FERNANDEZ;423,5;https://contrataciondelestado.es/wps/poc?uri=deeplink:detalle_licitacion&idEvl=ffQNK%2BoPEiBVkTabT%2FRM8A%3D%3D
Contratos menores;Curso de formación en PRL Trabajos en altura.;Concejal de Contratación del Ayuntamiento de Torrejón de Ardoz;servicios;Resuelta;PREVENCIONA CASTILLA LA MANCHA, S.L;423;https://contrataciondelestado.es/wps/poc?uri=deeplink:detalle_licitacion&idEvl=GK427TZZ4Ak7u6%2B%2FR7DUoA%3D%3D
Contratos menores;"Suministro en Adquisición de diversos Juegos de Mesa y de Material Deportivo para su uso por parte de las personas usuarias de las Playas de Puerto Real, mediante división en Lotes. LOTE 1: JUEGOS DE MESA; LOTE 2: JUEGOS DEPORTIVOS.";Alcaldía del Ayuntamiento de Puerto Real;suministros;Adjudicada;PL SPORTS, S.L.;422,55;https://contrataciondelestado.es/wps/poc?uri=deeplink:detalle_licitacion&idEvl=IGnwwUnZ4z2S81gZFETWmA%3D%3D
Contratos menores;GAPTO- Reparación climatización Cs Polán;Dirección Gerencia de Atención Primaria de Toledo;servicios;Resuelta;ACIERTA ASISTENCIA, S.A.;420,31;https://contrataciondelestado.es/wps/poc?uri=deeplink:detalle_licitacion&idEvl=MfBT5Fm3wuo4NavIWzMcHA%3D%3D
Contratos menores;Radio zaragoza, emisión feria empleo abril 26;Presidencia de la Comarca de Cinco Villas;servicios;Resuelta;RADIO ZARAGOZA SA;420;https://contrataciondelestado.es/wps/poc?uri=deeplink:detalle_licitacion&idEvl=FL8YPPUyrK8wYTJJ03sHog%3D%3D
Contratos menores;Adquisición de una impresora para el gimnasio municipal;Alcaldía del Ayuntamiento de San Vicente de la Barquera;suministros;Resuelta;ABMICROS INTERNET S.L.;415,45;https://contrataciondelestado.es/wps/poc?uri=deeplink:detalle_licitacion&idEvl=ujkJ4IKNP0EXhk1FZxEyvw%3D%3D
Contratos menores;Video II feria de empleo y formación 2026;Presidencia de la Comarca de Cinco Villas;servicios;Resuelta;LASOBRAS IDOIPE, SANDRA;413,22;https://contrataciondelestado.es/wps/poc?uri=deeplink:detalle_licitacion&idEvl=1KtyfrKJK5b%2B3JAijKO%2Bkg%3D%3D
Contratos menores;Campaña de publicidad institucional de comunicación de difusión de las ayudas al alumnado que realice su primera matrícula de primer curso de grado universitario, que se publicará entre los días 11 al 24 de octubre de 2026.;Consejería de la Presidencia de la Junta de Castilla y León;servicios;Resuelta;Productos y Servicios Digitales Bierzo SL;413,22;https://contrataciondelestado.es/wps/poc?uri=deeplink:detalle_licitacion&idEvl=KAQXImimfVz10HRJw8TEnQ%3D%3D
Contratos menores;"Inscripción Saioa Etxebarria Berrizbeitia en ""10 th Manufacturing Engineering Society International Conference/ MESIC 2023"" Del 28 al 30/06/2023)";Rectorado de la Universidad del País Vasco;servicios;Resuelta;VIAJES EL CORTE INGLÉS , S.A;413,22;https://contrataciondelestado.es/wps/poc?uri=deeplink:detalle_licitacion&idEvl=aWXSx2iLhclq1DdmE7eaXg%3D%3D
Contratos menores;"Inscripción Haizea González Barrio en ""10 th Manufacturing Engineering Society International Conference/ MESIC 2023"" Del 28 al 30/06/2023)";Rectorado de la Universidad del País Vasco;servicios;Resuelta;VIAJES EL CORTE INGLÉS , S.A;413,22;https://contrataciondelestado.es/wps/poc?uri=deeplink:detalle_licitacion&idEvl=aWXSx2iLhclLAIVZdUs8KA%3D%3D
Contratos menores;Trofeos para campeonato de canaricultura del 15-11-2026;Junta de Gobierno del Ayuntamiento de Murcia;suministros;Resuelta;TROFEOS MUÑOZ S.L.;412,5;https://contrataciondelestado.es/wps/poc?uri=deeplink:detalle_licitacion&idEvl=6soUJ8Js3Dht5r0ngvMetA%3D%3D
Contratos menores;Suministro de varios repuestos destinados a la bomba de inyección de hipoclorito instalada en la línea de tratamiento de las instalaciones de la Edar de Rota.;Consejería Delegada de Movilidad y Desarrollo Urbano Sostenible, S.L., (MODUS ROTA);suministros;Resuelta;RECAMBIOS PACO GÁLVEZ, S.L.;411,4;https://contrataciondelestado.es/wps/poc?uri=deeplink:detalle_licitacion&idEvl=0dKzl8ddl3OP%2Bo96UAV7cQ%3D%3D
Contratos menores;El objeto del contrato es desmontaje de la instalación de gas, emisión del informe de conformidad y certificado de taller, y gestión de la reforma de legalización y segunda inspección técnica (ITV) del vehículo municipal IVECO Daily con matrícula 3060-KYS;Alcaldía del Ayuntamiento de Sax;servicios;Resuelta;AUTOSAX SL;409,72;https://contrataciondelestado.es/wps/poc?uri=deeplink:detalle_licitacion&idEvl=2IUI2YeRJt9SYrkJkLlFdw%3D%3D
Contratos menores;Servicios de impresión de lona para photocall en Mezquita de Tornerías;Dirección Gerencia de la Empresa Pública de Promoción del Turismo y la Artesanía de Castilla-La Mancha (ETURIA), S.A.;servicios;Resuelta;LAS IDEAS DEL ATICO, S.L.L;400;https://contrataciondelestado.es/wps/poc?uri=deeplink:detalle_licitacion&idEvl=EyJ8U%2BnA3Z6FlFRHfEzEaw%3D%3D
Contratos menores;"Actuación artística Dj Ludo"" Tardeos Arrecife 10 de septiembre""";Alcaldía del Ayuntamiento de Arrecife;privado;Resuelta;LUDOVID JERONIMO VERA GUTIERREZ;400;https://contrataciondelestado.es/wps/poc?uri=deeplink:detalle_licitacion&idEvl=xRRQtDykrY9PpzdqOdhuWg%3D%3D
Contratos menores;516/26. Servizo de sonorización para a carreira popular de Portonovo;Presidencia del Organismo Autónomo Terra de Sanxenxo;servicios;Resuelta;Studio21 Discomovil, S.L.U.;400;https://contrataciondelestado.es/wps/poc?uri=deeplink:detalle_licitacion&idEvl=AkbuW0%2Fw1nfpxJFXpLZ%2B2A%3D%3D
Contratos menores;"Contrato de servicios de carácter privado de representación teatralizada salud mental ""Lo que no se ve"".";Alcaldía del Ayuntamiento de Begíjar;privado;Resuelta;ASOCIACIÓN CULTURAL TEATRAL BEXIARTE;400;https://contrataciondelestado.es/wps/poc?uri=deeplink:detalle_licitacion&idEvl=Hw2QPym13IzgL1BHd3qjQA%3D%3D
Contratos menores;Contratación del servicio de presentación de la gala María de Luna.;Concejalía Delegada de Hacienda del Ayuntamiento de la Pobla de Vallbona;servicios;Resuelta;MUÑOZ*RICART,MATHIES;400;https://contrataciondelestado.es/wps/poc?uri=deeplink:detalle_licitacion&idEvl=ZbYts40Z%2Bh6ExvMJXBMHHQ%3D%3D
Contratos menores;Contrato menor de redacción informe urbanístico estudio de detalle en el Plan Parcial del Sector SUD Industrial 5.2 “Eléctrico”;Alcaldía del Ayuntamiento de Escatrón;servicios;Resuelta;CAMARERO CHARLES ASOCIADOS S.L.;400;https://contrataciondelestado.es/wps/poc?uri=deeplink:detalle_licitacion&idEvl=3Wb5sjF1bQ7pxJFXpLZ%2B2A%3D%3D
Contratos menores;Canon SGAE Actuación Hey;Alcaldía del Ayuntamiento de Torre Pacheco;privado;Resuelta;SOCIEDAD GENERAL DE AUTORES Y EDITORES;400;https://contrataciondelestado.es/wps/poc?uri=deeplink:detalle_licitacion&idEvl=y3hRxmlMrkwwYTJJ03sHog%3D%3D
Contratos menores;FERIA DE EMPLEO 2025 Por el traslado con dos autocares de alumnos del IES Reyes Católicos y del IES CINCO VILLAS a la Feria de Empleo 2025;Presidencia de la Comarca de Cinco Villas;servicios;Resuelta;JOSE M SANZ SL;400;https://contrataciondelestado.es/wps/poc?uri=deeplink:detalle_licitacion&idEvl=KUqVLSOSvs84NavIWzMcHA%3D%3D
Contratos menores;Reparación medidor de temperatura;Rectorado de la Universidad del País Vasco;servicios;Resuelta;SIDILAB, SISTEMAS DIDACTICOS DE LABORATO;400;https://contrataciondelestado.es/wps/poc?uri=deeplink:detalle_licitacion&idEvl=sC5k1gM39kbECtSnloz%2BZQ%3D%3D
Contratos menores;"Se proyectará la película ""20000 especies de abejas"", el 28/09/2023 dentro de la programación de kultura del Campus de Gipuzkoa, por lo que se contrata a la productora que distribuye la pelicula.";Rectorado de la Universidad del País Vasco;servicios;Resuelta;BTEAM PICTURES, S.L.;400;https://contrataciondelestado.es/wps/poc?uri=deeplink:detalle_licitacion&idEvl=B9jwf60gXa07u6%2B%2FR7DUoA%3D%3D
Contratos menores;GAPTO- Colchones y almohadas CS;Dirección Gerencia de Atención Primaria de Toledo;suministros;Resuelta;POLIGON,S.A.;397;https://contrataciondelestado.es/wps/poc?uri=deeplink:detalle_licitacion&idEvl=khOyT1rlroMeC9GJQOEBkQ%3D%3D
Contratos menores;Contrato menor de suministro carteles del PLUS.;Alcaldía del Ayuntamiento de Escatrón;suministros;Resuelta;MANUFACTURAS MEDRANO S.A.;395;https://contrataciondelestado.es/wps/poc?uri=deeplink:detalle_licitacion&idEvl=w29xtPPrRI9J8Trn0ZPzLw%3D%3D
Contratos menores;Servicio anual de control de plagas para Mezquita de Tornerías;Dirección Gerencia de la Empresa Pública de Promoción del Turismo y la Artesanía de Castilla-La Mancha (ETURIA), S.A.;servicios;Resuelta;GRUPO MIP TOLEDO, S.L.;386,25;https://contrataciondelestado.es/wps/poc?uri=deeplink:detalle_licitacion&idEvl=fFIfQwUDHUxQFSeKCRun4Q%3D%3D
Contratos menores;GAPTO- Reparación puerta automática S. Urgencias del Cs Benquerencia;Dirección Gerencia de Atención Primaria de Toledo;servicios;Resuelta;ACIERTA ASISTENCIA, S.A.;386,1;https://contrataciondelestado.es/wps/poc?uri=deeplink:detalle_licitacion&idEvl=hzFrwsCOYTXyoM4us5k4vw%3D%3D
Contratos menores;Compra de tres columpios asiento/cuna;Alcaldía del Ayuntamiento de Alfaro;suministros;Resuelta;CROUS EXPERT SL;386;https://contrataciondelestado.es/wps/poc?uri=deeplink:detalle_licitacion&idEvl=9bhhS9whtST9pbnDwlaUlg%3D%3D
Contratos menores;Suministro de 1 termos eléctrico 200LT horizontal para B.A. de Alcantarilla.;Jefatura de la Sección Económico-Administrativa 41 - Base Aérea de San Javier;suministros;Resuelta;SUMINISTROS MAYOR SL;384,78;https://contrataciondelestado.es/wps/poc?uri=deeplink:detalle_licitacion&idEvl=OnRwQ%2Fk%2FNhlxseVhcqrkhw%3D%3D
Contratos menores;Suscripción anual a revista tributos locales. Periodo 01/09/26 - 31/08/27;Junta de Gobierno Local del Ayuntamiento de Alicante;servicios;Resuelta;EDITORIAL TIRANT LO BLANCH SL;384,62;https://contrataciondelestado.es/wps/poc?uri=deeplink:detalle_licitacion&idEvl=Kskm%2FSIfwU5t5r0ngvMetA%3D%3D
Contratos menores;Gastos avión Mamen López Lizarralde (Encuentros SAPDU);Rectorado de la Universidad del País Vasco;servicios;Resuelta;AVORIS RETAIL DIVISION SL;381,67;https://contrataciondelestado.es/wps/poc?uri=deeplink:detalle_licitacion&idEvl=8zn%2B7%2Boi%2BX%2BOUi78BmzhOQ%3D%3D
Contratos menores;Gastos avión Ane Amondarain Rodríguez (Encuentros SAPDU);Rectorado de la Universidad del País Vasco;servicios;Resuelta;AVORIS RETAIL DIVISION SL;381,67;https://contrataciondelestado.es/wps/poc?uri=deeplink:detalle_licitacion&idEvl=pFgpMUajMWbkY6rls5tG9A%3D%3D
Contratos menores;Gastos avión Arantza Mtnez. Balmaseda (Encuentros SAPDU);Rectorado de la Universidad del País Vasco;servicios;Resuelta;AVORIS RETAIL DIVISION SL;381,67;https://contrataciondelestado.es/wps/poc?uri=deeplink:detalle_licitacion&idEvl=slaEgfhep8WS81gZFETWmA%3D%3D
Contratos menores;Compra estabilizador pélvico (Adaro Tecnología sa).;Junta de Gobierno del Ayuntamiento de Murcia;suministros;Resuelta;ADARO TECNOLOGÍA, S.A.;380;https://contrataciondelestado.es/wps/poc?uri=deeplink:detalle_licitacion&idEvl=P9uGj5vVpQcl5NjlNci%2BtA%3D%3D
Contratos menores;Servicios de contratación de un seguro de obras de arte, cuyo objeto es el aseguramiento de las piezas expuestas en el evento Casa Décor 2026;Dirección Gerencia de la Empresa Pública de Promoción del Turismo y la Artesanía de Castilla-La Mancha (ETURIA), S.A.;servicios;Resuelta;LIBERTY MUTUAL INSURANCE EUROPE, SUC. ESPAÑA;378,53;https://contrataciondelestado.es/wps/poc?uri=deeplink:detalle_licitacion&idEvl=diPzP%2Fzc8EacTfjQf3USOg%3D%3D
Contratos menores;Suscripción anual prensa digital: periódicos La Nueva España y El Comercio para la Jefatura Provincial de Tráfico de Asturias;Dirección General de Tráfico;servicios;Resuelta;DIRPUBLI S.L;376,92;https://contrataciondelestado.es/wps/poc?uri=deeplink:detalle_licitacion&idEvl=AW5hOmzPqXXXOjazN1Dw9Q%3D%3D
Contratos menores;Piso taco rojo para reparación Calle Ángel Nieto;Alcaldía del Ayuntamiento de San Fulgencio;suministros;Resuelta;NOLASCO ALDEGUER, S.L.;376,8;https://contrataciondelestado.es/wps/poc?uri=deeplink:detalle_licitacion&idEvl=eUz5hmWfCUDL1rX3q%2FMAPA%3D%3D
Contratos menores;Suministro de chalecos reflectantes de alta visibilidad para los trabajadores, ejecución de obra Programa de Fomento Empleo Agrario 2026.;Alcaldía del Ayuntamiento de Begíjar;suministros;Resuelta;CARMEN MARIA POZA POZA;376,3;https://contrataciondelestado.es/wps/poc?uri=deeplink:detalle_licitacion&idEvl=FiKYufAdqb2FQ%2FlhRK79lA%3D%3D
Contratos menores;Productos de limpieza e higiene;Junta de Gobierno del Ayuntamiento de Alguazas;suministros;Resuelta;ARAEZ ALGUAZAS, S.L.;376,18;https://contrataciondelestado.es/wps/poc?uri=deeplink:detalle_licitacion&idEvl=EqbLIVGRmHOkU02jNGj1Fw%3D%3D
Contratos menores;Adquisición de apósitos estériles;Hospital Intermutual de Euskadi, Centro Mancomunado de Mutuas de Accidentes de Trabajo y Enfermadades Profesionales de la Seguridad Social;suministros;Resuelta;CONVATEC, S.L.;373,75;https://contrataciondelestado.es/wps/poc?uri=deeplink:detalle_licitacion&idEvl=dQSe4HDPeXY%2Bk2oCbDosIw%3D%3D
Contratos menores;GAPTO- Apósito alginato;Dirección Gerencia de Atención Primaria de Toledo;suministros;Resuelta;ESSITY SPAIN, SLU;372;https://contrataciondelestado.es/wps/poc?uri=deeplink:detalle_licitacion&idEvl=ARHGwB1BTSxVYjgxA4nMUw%3D%3D
Contratos menores;Campaña de publicidad institucional de comunicación de difusión de las Enseñanzas de adultos, que se publicará entre los días 11 al 17 de septiembre de 2026.;Consejería de la Presidencia de la Junta de Castilla y León;servicios;Resuelta;Ediciones desdeSoria SC;371,9;https://contrataciondelestado.es/wps/poc?uri=deeplink:detalle_licitacion&idEvl=b2y%2B%2BwUbQzF%2FP7lJ7Fu0SA%3D%3D
Contratos menores;Servicio de transporte de viajeros.- autobús Herrera de Pisuerga - Aeródromo (Eclipse);Alcaldía del Ayuntamiento de Herrera de Pisuerga;servicios;Resuelta;AUTOCARES DONATO, S.L.U.;367,77;https://contrataciondelestado.es/wps/poc?uri=deeplink:detalle_licitacion&idEvl=oc30uxj%2BjwfyoM4us5k4vw%3D%3D
Contratos menores;Adquisición silla para oficina CAISS Elda;INSS-Dirección provincial de Alicante;suministros;Resuelta;S.P.I. ALICANTE S.L.;360;https://contrataciondelestado.es/wps/poc?uri=deeplink:detalle_licitacion&idEvl=M0VK3mMZ2PAzjChw4z%2FXvw%3D%3D
Contratos menores;Realización de talleres para jóvenes en el marco de la subvención del destinada para la prevención de adicciones en el ejercicio 2026 de la Diputación de Valencia.;Presidencia de la Mancomunidad de la Canal de Navarrés;servicios;Resuelta;ANA PATRICIA SANCHEZ EGEA;360;https://contrataciondelestado.es/wps/poc?uri=deeplink:detalle_licitacion&idEvl=KxNsmh8Dsfs%2FbjW6njtWLw%3D%3D
Contratos menores;Reparación de viviendas sitas en C/ Teodoro Pedro Campón n.º 8, Aldea del Cano, y C/ María Babiano n.º 40 C, Robledillo de Trujillo (Cáceres).;Consejería de Infraestructuras, Transporte y Vivienda;obras;Resuelta;CONSTRUCCIONES EUGENIO RUIZ SL;360;https://contrataciondelestado.es/wps/poc?uri=deeplink:detalle_licitacion&idEvl=UgppgR%2FFwXpt5r0ngvMetA%3D%3D
Contratos menores;Servicio de la impartición de un curso de Inteligencia Artificial aplicada a las ventas.;Concejalía Delegada de Hacienda del Ayuntamiento de Navalcarnero;servicios;Resuelta;NASCOR FORMACIÓN, S.L.;360;https://contrataciondelestado.es/wps/poc?uri=deeplink:detalle_licitacion&idEvl=yeoCK4ERbE%2B5HQrHoP3G5A%3D%3D
Contratos menores;Adquisición de publicaciones en soporte electrónico de Dykinson;Secretaría General Técnica del Ministerio de Hacienda;suministros;Resuelta;DYKINSON S.L;357,97;https://contrataciondelestado.es/wps/poc?uri=deeplink:detalle_licitacion&idEvl=7qCdm9b6JMHXOjazN1Dw9Q%3D%3D
Contratos menores;Campaña publicitaria promoción Feria del Libro Valdepeñas 2026;Alcaldía del Ayuntamiento de Valdepeñas;servicios;Resuelta;EDICIONES SERCA S.L.;357;https://contrataciondelestado.es/wps/poc?uri=deeplink:detalle_licitacion&idEvl=vRZ0vsJMJ%2BJ6nTs9LZ9RhQ%3D%3D
Contratos menores;530/26. Subministro de caballetes de madeira para a organización de eventos do concello;Presidencia del Organismo Autónomo Terra de Sanxenxo;suministros;Resuelta;Prefabricados Dena, S.L.;356,4;https://contrataciondelestado.es/wps/poc?uri=deeplink:detalle_licitacion&idEvl=yljullwo1XZVYjgxA4nMUw%3D%3D
Contratos menores;control de plagas trathisa septiembre 2026;Presidencia de la Diputación Provincial de Valencia;servicios;Resuelta;TRATHISA, S.L.;352,22;https://contrataciondelestado.es/wps/poc?uri=deeplink:detalle_licitacion&idEvl=zyUw2VS1aGU%2FbjW6njtWLw%3D%3D
Contratos menores;GAPTO - Frigorífico con congelador;Dirección Gerencia de Atención Primaria de Toledo;suministros;Resuelta;PAREDES Y BARROSO, S.L.;351,24;https://contrataciondelestado.es/wps/poc?uri=deeplink:detalle_licitacion&idEvl=khOyT1rlroOcTfjQf3USOg%3D%3D
Contratos menores;Contrato menor de servicios- Reparación impresora y escaner del Juzgado de paz;Alcaldía del Ayuntamiento de Castell de Cabres;servicios;Resuelta;REP SERVICIOS;350,58;https://contrataciondelestado.es/wps/poc?uri=deeplink:detalle_licitacion&idEvl=b%2BHRjiJbj8Ytm4eBPtV6eQ%3D%3D
Contratos menores;Servicios de taller participativo de cerámica en el evento Hola Living Day, que se celebra el 21 de mayo, para la promoción de la artesanía de Castilla-La Mancha y la marca de legado Artesano;Dirección Gerencia de la Empresa Pública de Promoción del Turismo y la Artesanía de Castilla-La Mancha (ETURIA), S.A.;servicios;Resuelta;CELIA ESPINOSA FERRANDEZ;350;https://contrataciondelestado.es/wps/poc?uri=deeplink:detalle_licitacion&idEvl=gSMrh%2BTa2PDECtSnloz%2BZQ%3D%3D
Contratos menores;Participación en una charla-coloquio de Enrique Pascual Oliva en las Jornadas Técnicas del XLIV Cross Internacional de Itálica;Presidencia de la Diputación Provincial de Sevilla;servicios;Resuelta;ENRIQUE PASCUAL OLIVA;350;https://contrataciondelestado.es/wps/poc?uri=deeplink:detalle_licitacion&idEvl=8prIAiN%2FjXI4NavIWzMcHA%3D%3D
Contratos menores;Participación en una charla-coloquio de Alba García Fernández en las Jornadas Técnicas del XLIV Cross Internacional de Itálica;Presidencia de la Diputación Provincial de Sevilla;servicios;Resuelta;ALBA GARCÍA FERNÁNDEZ;350;https://contrataciondelestado.es/wps/poc?uri=deeplink:detalle_licitacion&idEvl=xAM5J5grSsk%2FbjW6njtWLw%3D%3D
Contratos menores;Participación en una charla-coloquio de Roberto Cejuela Anta en las Jornadas Técnicas del XLIV Cross Internacional de Itálica;Presidencia de la Diputación Provincial de Sevilla;servicios;Resuelta;ROBERTO CEJUELA ANTA;350;https://contrataciondelestado.es/wps/poc?uri=deeplink:detalle_licitacion&idEvl=Jb%2BsrHhAj9Q7%2B9FIQYNjeQ%3D%3D
Contratos menores;Participación en una charla-coloquio de Arturo Martín Tagarro en las Jornadas Técnicas del XLIV Cross Internacional de Itálica;Presidencia de la Diputación Provincial de Sevilla;servicios;Resuelta;ARTURO MARTÍN TAGARRO;350;https://contrataciondelestado.es/wps/poc?uri=deeplink:detalle_licitacion&idEvl=eK0c2c1Zl7FrhBlEHQFSKA%3D%3D
Contratos menores;kit para reparación de video portero de portería;Rectorado de la Universidad del País Vasco;suministros;Resuelta;BERDIN ALAVA SL;347,97;https://contrataciondelestado.es/wps/poc?uri=deeplink:detalle_licitacion&idEvl=p4AK5GsWr2%2FkY6rls5tG9A%3D%3D
Contratos menores;Suministro material de pintura;Presidencia Delegada de la Agencia Local de Desarrollo Económico y Social de Alicante;suministros;Resuelta;PASTOR DECORACIONES SL;347,16;https://contrataciondelestado.es/wps/poc?uri=deeplink:detalle_licitacion&idEvl=E59sU7PryryP%2Bo96UAV7cQ%3D%3D
Contratos menores;GAPTO- Reparación grupo electrógeno Sta. Bárbara y Navahermosa;Dirección Gerencia de Atención Primaria de Toledo;servicios;Resuelta;ACIERTA ASISTENCIA, S.A.;346,17;https://contrataciondelestado.es/wps/poc?uri=deeplink:detalle_licitacion&idEvl=yPHn9oA%2FSdB%2FP7lJ7Fu0SA%3D%3D
Contratos menores;Adquisición de 25 paquetes de hojas de magnolio, para la decoración de las piezas que se van a exponer en Milán Design Alcova 2026;Dirección Gerencia de la Empresa Pública de Promoción del Turismo y la Artesanía de Castilla-La Mancha (ETURIA), S.A.;suministros;Resuelta;GRUPO DAMA JUANA S.L.;340,91;https://contrataciondelestado.es/wps/poc?uri=deeplink:detalle_licitacion&idEvl=ZHTbY%2FyCfhXXOjazN1Dw9Q%3D%3D
Contratos menores;GAPTO- Baterías para ecógrafo;Dirección Gerencia de Atención Primaria de Toledo;suministros;Resuelta;MEDICAL LIGHTING, SL;340;https://contrataciondelestado.es/wps/poc?uri=deeplink:detalle_licitacion&idEvl=zvzMvwxYfBusNfRW6APEDw%3D%3D
Contratos menores;Contrato Menor de servicio a Francisco Antonio Sánchez Gómez;Junta de Gobierno del Ayuntamiento de Castilleja del Campo;servicios;Resuelta;FRANCISCO ANTONIO SÁNCHEZ GÓMEZ;336,77;https://contrataciondelestado.es/wps/poc?uri=deeplink:detalle_licitacion&idEvl=ZRSZdIrYMmE3vLk2DU2Ddg%3D%3D
Contratos menores;Electrodos adhesivos;Hospital Intermutual de Euskadi, Centro Mancomunado de Mutuas de Accidentes de Trabajo y Enfermadades Profesionales de la Seguridad Social;suministros;Resuelta;CIRUGIA Y MEDICINA S.A.;336;https://contrataciondelestado.es/wps/poc?uri=deeplink:detalle_licitacion&idEvl=ZE1xqmNjID6zz8fXU2i3eQ%3D%3D
Contratos menores;Cuota de mantenimiento sobre el sistema de seguridad de la DGHH en Calle Jeronimo Falcon correspondiente al periodo Mayo 2025 -Mayo 2026;Dirección General de Hemodonación y Hemoterapia del Gobierno de Canarias;servicios;Resuelta;ELECTRIMEGA SEGURIDAD,S.L.;336;https://contrataciondelestado.es/wps/poc?uri=deeplink:detalle_licitacion&idEvl=z78KG0zYwbeS81gZFETWmA%3D%3D
Contratos menores;GAPTO- Reparación sistema control climatización Cs Sta. Bárbara;Dirección Gerencia de Atención Primaria de Toledo;servicios;Resuelta;LUQUE GARCÍA, ALEJANDRO;334,2;https://contrataciondelestado.es/wps/poc?uri=deeplink:detalle_licitacion&idEvl=vXkz8LLQjzrL1rX3q%2FMAPA%3D%3D
Contratos menores;Reparación marcador electrónico;Junta de Gobierno del Ayuntamiento de Alguazas;servicios;Resuelta;ANCHES SPORT, S.L.;333,36;https://contrataciondelestado.es/wps/poc?uri=deeplink:detalle_licitacion&idEvl=V%2BMl3hPpa6o36J9Lctlsuw%3D%3D
Contratos menores;Revision de instalaciones electricas de baja tension;Secretaría General del Consejo Económico y Social de Canarias;servicios;Resuelta;MONTAJES ELÉCTRICOS MATOS SL;332,85;https://contrataciondelestado.es/wps/poc?uri=deeplink:detalle_licitacion&idEvl=ujyvRGbeTub10HRJw8TEnQ%3D%3D
Contratos menores;"El objeto del presente contrato menor es la organización y realización de una visita cultural y patrimonial guiada en Guadix, incorporando la perspectiva de género como elemento transversal de los contenidos y de la interpretación del patrimonio. Dicho servicio está enmarcado en el Programa 2301 ""Actividades y proyectos específicos para la igualdad de género"" del Acuerdo de Concertación 2026 con Diputación de Granada.";Alcaldía del Ayuntamiento de Molvízar;servicios;Resuelta;MARIA INES LOPEZ GONZALEZ;330,58;https://contrataciondelestado.es/wps/poc?uri=deeplink:detalle_licitacion&idEvl=MTCB74uZun%2BdkQsA7ROvsg%3D%3D
Contratos menores;Pantallas, auriculares, código de barras;Alcaldía del Ayuntamiento de San Fulgencio;suministros;Resuelta;PC COMPONENTES Y MULTIMEDIA SLU;330,46;https://contrataciondelestado.es/wps/poc?uri=deeplink:detalle_licitacion&idEvl=fNxThFTaMJCS81gZFETWmA%3D%3D
Contratos menores;Aplicador para colocación controlada de clips quirúrgicos pequeños;Hospital Intermutual de Euskadi, Centro Mancomunado de Mutuas de Accidentes de Trabajo y Enfermadades Profesionales de la Seguridad Social;suministros;Resuelta;SUCLISA, S.L.;330;https://contrataciondelestado.es/wps/poc?uri=deeplink:detalle_licitacion&idEvl=olhdLVLgfIA2wEhQbcAqug%3D%3D
Contratos menores;Adjudicar a Jorge Martín de Dios el servicio de diseño, edición y maquetación de los calendarios de mesa 2027 de la Diputación de Zamora;Diputación Provincial de Zamora;servicios;Resuelta;JORGE MARTIN DE DIOS;330;https://contrataciondelestado.es/wps/poc?uri=deeplink:detalle_licitacion&idEvl=A%2FJg0UesI4FPpzdqOdhuWg%3D%3D
Contratos menores;Contratación de Póliza de seguros de Responsabilidad de Autoridades y del personal al servicio de la UNIA. En Anexo adjunto se especifican las coberturas;Rectorado de la Universidad Internacional de Andalucía;servicios;Resuelta;AIG EUROPE S.A;328,77;https://contrataciondelestado.es/wps/poc?uri=deeplink:detalle_licitacion&idEvl=yccs8xm%2FUNhLAIVZdUs8KA%3D%3D
Contratos menores;Contratación del suministro de 2 lectores de código de barras/QR, monitor 24 MS1, Cable Audio y adaptador.;Concejalía Delegada de Hacienda del Ayuntamiento de la Pobla de Vallbona;suministros;Resuelta;INFORMATICA PITARCH DESCO;327,85;https://contrataciondelestado.es/wps/poc?uri=deeplink:detalle_licitacion&idEvl=AiCD%2F5QWgp3LIx6q1oPaMg%3D%3D
Contratos menores;Suministros conservación-maquinaria;Diputación Provincial de Zamora;suministros;Resuelta;ELOY MATEOS ENRIQUEZ;325,98;https://contrataciondelestado.es/wps/poc?uri=deeplink:detalle_licitacion&idEvl=YputMf2BpFctm4eBPtV6eQ%3D%3D
Contratos menores;Contrato menor servicios. Actividad infantil el día 12 de octubre Contrato menor servicios. Actividad infantil el día 12 de octubre;Alcaldía del Ayuntamiento de Polopos - La Mamola;servicios;Resuelta;MARIA JOSE(INTEROCIO) MOLINO BUENO;325;https://contrataciondelestado.es/wps/poc?uri=deeplink:detalle_licitacion&idEvl=Bk4BTQllZhOP66GS%2BONYvQ%3D%3D
Contratos menores;Servicios de coffee break con los artesanos participantes con sus obras en la edición Casa Décor 2026;Dirección Gerencia de la Empresa Pública de Promoción del Turismo y la Artesanía de Castilla-La Mancha (ETURIA), S.A.;servicios;Resuelta;Triciclo restaurante y catering, S.L.;320;https://contrataciondelestado.es/wps/poc?uri=deeplink:detalle_licitacion&idEvl=Fu%2BLNzrZL7Y%2B1TMyIiZmzw%3D%3D
Contratos menores;Suministro de 250 Folletos del programa del II Foro regional de Turismo y 250 acreditaciones;Dirección General de Turismo, Comercio y Artesanía de la Junta de Comunidades de Castilla-La Mancha;suministros;Resuelta;GRAFOX IMPRENTA S.L.;320;https://contrataciondelestado.es/wps/poc?uri=deeplink:detalle_licitacion&idEvl=cwNwpXMPao3CfVQHDepjGQ%3D%3D
Contratos menores;Servicio preventivo de ambulancia tipo TNA para la retransmisión de la Final del Campeonato Mundial de Fútbol, celebrado el día 19 de julio de 2026.;Junta de Gobierno Local del Ayuntamiento de Alicante;servicios;Resuelta;AMBUMED;320;https://contrataciondelestado.es/wps/poc?uri=deeplink:detalle_licitacion&idEvl=EN9VA3J7qWWcTfjQf3USOg%3D%3D
Contratos menores;Contrato menor servicios. Transporte ocasional de Polopos a La Mamola para talleres;Alcaldía del Ayuntamiento de Polopos - La Mamola;servicios;Resuelta;VIAJES LENTEJI SOCIEDAD LIMITADA;320;https://contrataciondelestado.es/wps/poc?uri=deeplink:detalle_licitacion&idEvl=caBdjIItzCycCF8sV%2BqtYA%3D%3D
Contratos menores;Contrato menor de servicios- Desatasco de tubería del consultorio médico;Alcaldía del Ayuntamiento de Castell de Cabres;servicios;Resuelta;LIMPIEZAS SENAR, S.L.;320;https://contrataciondelestado.es/wps/poc?uri=deeplink:detalle_licitacion&idEvl=0EJvnEyF536dkQsA7ROvsg%3D%3D
Contratos menores;Necesidad de adquisición de pasaje de vuelo de ida y vuelta a Madrid para asistencia de personal de la Dirección de Igualdad de la UPV/EHU a la entrega de premios ALARES;Rectorado de la Universidad del País Vasco;servicios;Resuelta;AVORIS RETAIL DIVISION SL;317,83;https://contrataciondelestado.es/wps/poc?uri=deeplink:detalle_licitacion&idEvl=0QxkJvSUBJ1xseVhcqrkhw%3D%3D
Contratos menores;elaboración y adquisición de piezas de cerámica como trofeos del XIV Concurso de Tapas “Todos los Santos”.;Alcaldía del Ayuntamiento de Tordesillas;suministros;Resuelta;SANTIAGO TAPIA ALICIA;317;https://contrataciondelestado.es/wps/poc?uri=deeplink:detalle_licitacion&idEvl=7%2FVPHMxxH52FQ%2FlhRK79lA%3D%3D
Contratos menores;Contrato de servicios para la contratación de un profesional que pueda realizar un concierto de piano.;Alcaldía del Ayuntamiento de Íscar;servicios;Resuelta;KRZYSZTOF STYPULKOWSKI GOLASZEWSKI;315,78;https://contrataciondelestado.es/wps/poc?uri=deeplink:detalle_licitacion&idEvl=yH3dNMIy8aGGCFcHcNGIlQ%3D%3D
Contratos menores;Reparación de vivienda sita en C/ Ródano, bloque 1 - bajo B, de Cáceres (Cáceres).;Consejería de Infraestructuras, Transporte y Vivienda;obras;Resuelta;CONSTRUCCIONES GUERRERO JAREÑO SL;315;https://contrataciondelestado.es/wps/poc?uri=deeplink:detalle_licitacion&idEvl=XbuElIe%2F1Pw2wEhQbcAqug%3D%3D
Contratos menores;Adquisición de 12 trofeos para los 3 torneos de verano de fútbol sala.;Alcaldia del Ayuntamiento de Tacoronte;suministros;Resuelta;LA TIENDA DEL DEPORTE CHICHO SL;309;https://contrataciondelestado.es/wps/poc?uri=deeplink:detalle_licitacion&idEvl=XQMGLNYkpRqOUi78BmzhOQ%3D%3D
Contratos menores;Suministros;Diputación Provincial de Zamora;suministros;Resuelta;Maquinaria para la construcción EMASA S.L;306,98;https://contrataciondelestado.es/wps/poc?uri=deeplink:detalle_licitacion&idEvl=tIlXvCU8737CfVQHDepjGQ%3D%3D
Contratos menores;Gastos de mantenimiento sobre las impresoras y copias;Dirección General de Hemodonación y Hemoterapia del Gobierno de Canarias;servicios;Resuelta;ALI LOPEZ MARIA DACIL;304,56;https://contrataciondelestado.es/wps/poc?uri=deeplink:detalle_licitacion&idEvl=mfYgsWoSAPtq1DdmE7eaXg%3D%3D
Contratos menores;Contracte menor de subministrament material oficina, màquina trituradora per a l'EPA;Alcaldía del Ayuntamiento de Castelló;suministros;Resuelta;COMERCIAL AGUSTI E HIJOS SL;304;https://contrataciondelestado.es/wps/poc?uri=deeplink:detalle_licitacion&idEvl=6SR1dOgHhpZ9PLkba5eRog%3D%3D
Contratos menores;Contrato menor suministro para la adquisición de material de oficina con destino al Archivo de Ceuta;Consejería de Educación y Cultura;suministros;Resuelta;S.C. Imprenta Olimpia;301,24;https://contrataciondelestado.es/wps/poc?uri=deeplink:detalle_licitacion&idEvl=NyCZ0axsGCYzjChw4z%2FXvw%3D%3D
Contratos menores;Material escolar fungible, mascarillas y guantes;Junta de Gobierno del Ayuntamiento de Alguazas;suministros;Resuelta;HERMANOS IZQUIERDO MIÑANO, S.L.;300,42;https://contrataciondelestado.es/wps/poc?uri=deeplink:detalle_licitacion&idEvl=%2FG8bKbdKrqPECtSnloz%2BZQ%3D%3D
Contratos menores;Servicios de traducción al idioma inglés del video de los oficios artesanos realizado para Madrid Design para su posterior utilización en Milán Design;Dirección Gerencia de la Empresa Pública de Promoción del Turismo y la Artesanía de Castilla-La Mancha (ETURIA), S.A.;servicios;Resuelta;Sanz González, César;300;https://contrataciondelestado.es/wps/poc?uri=deeplink:detalle_licitacion&idEvl=yU69Opm%2FPzqP66GS%2BONYvQ%3D%3D
Contratos menores;Servicio de reparación de máquina exterior de aire acondicionado en Catastro.;Junta de Gobierno Local del Ayuntamiento de Mojácar;servicios;Resuelta;CLIMATIZACION MOJACAR SL;300;https://contrataciondelestado.es/wps/poc?uri=deeplink:detalle_licitacion&idEvl=OptypBpuCeItm4eBPtV6eQ%3D%3D
Contratos menores;Actividades Sala de Ocio Espacio Joven;Alcaldía del Ayuntamiento de Baeza;servicios;Resuelta;ASOC. JUV. DE CORRESPONSALES JUVENILES;300;https://contrataciondelestado.es/wps/poc?uri=deeplink:detalle_licitacion&idEvl=%2BnSK%2BRoqfW%2F10HRJw8TEnQ%3D%3D
Contratos menores;Asador de castañas.;Alcaldía del Ayuntamiento de Ortigueira;servicios;Resuelta;ESPECTACULOS JPG S.L;300;https://contrataciondelestado.es/wps/poc?uri=deeplink:detalle_licitacion&idEvl=0NU%2FAqSl7QA4NavIWzMcHA%3D%3D
Contratos menores;"Servicio de inspección técnica reglamentaria por Organismo de Control Autorizado de instalaciones eléctricas de baja tensión en el Centro de la Naturaleza ""Valle de los Perales"", en el término municipal de Viso del Marqués (Ciudad Real).";Delegación Provincial de la Consejería de Desarrollo Sostenible en Ciudad Real;servicios;Resuelta;SGS INSPECCIONES REGLAMENTARIAS S.A;295;https://contrataciondelestado.es/wps/poc?uri=deeplink:detalle_licitacion&idEvl=OOjipSWNfYuopEMYCmrbmw%3D%3D
Contratos menores;GAPTO- Fabricación, suministro y montaje cortinas sala urgencias Cs Seseña Viejo;Dirección Gerencia de Atención Primaria de Toledo;suministros;Resuelta;DECORACIONES MARTINEZ BENAVENTE, S.;294;https://contrataciondelestado.es/wps/poc?uri=deeplink:detalle_licitacion&idEvl=JFXHHANGaXa5HQrHoP3G5A%3D%3D
Contratos menores;GAPTO- Frigorífico pequeño para CL Huertas de Valdecarabanos;Dirección Gerencia de Atención Primaria de Toledo;suministros;Resuelta;PAREDES Y BARROSO, S.L.;292,57;https://contrataciondelestado.es/wps/poc?uri=deeplink:detalle_licitacion&idEvl=7tTcwVa021VeKgd8LfVV9g%3D%3D
Contratos menores;Reparación de compresor nº 4 del Servicio de Obras;Alcaldía del Ayuntamiento de Valdepeñas;servicios;Resuelta;TALLERES ASTASIO, SOCIEDAD LIMITADA;292,47;https://contrataciondelestado.es/wps/poc?uri=deeplink:detalle_licitacion&idEvl=XpfpGOkjYspeKgd8LfVV9g%3D%3D
Contratos menores;Suministro de agua potable mediante dispensadores autónomos;Presidencia de la Gerencia Municipal de Urbanismo del Ayuntamiento de Mairena del Aljarafe;suministros;Resuelta;CULLIGAN WATER SPAIN SLU;290,25;https://contrataciondelestado.es/wps/poc?uri=deeplink:detalle_licitacion&idEvl=AH0mfkbZBnVt5r0ngvMetA%3D%3D
Contratos menores;Servicios de transporte de mechandising y productos DO, exclusivos de gastronomía, con motivo del evento de gastronomía Discover Eat, que se celebra en Sigüenza del 29 de junio al 1 de julio;Dirección Gerencia de la Empresa Pública de Promoción del Turismo y la Artesanía de Castilla-La Mancha (ETURIA), S.A.;servicios;Resuelta;DIAL MENSAJEROS, S.L.;290;https://contrataciondelestado.es/wps/poc?uri=deeplink:detalle_licitacion&idEvl=lZXzmEhjp2CFlFRHfEzEaw%3D%3D
Contratos menores;Prestación del servicio de mudanza de mobiliario y enseres asociados al centro de datos sito en la calle Venegas, 45-7ª al nuevo centro de datos sito en el centro de control de la movilidad de Gran Canaria sito en la estación de guaguas de Tamaraceite.;Junta de Gobierno de la Consorcio Autoridad Única del Transporte de Gran Canaria (AUTGC);servicios;Resuelta;Unión Canaria Servicios de Mudanza, S.L.;290;https://contrataciondelestado.es/wps/poc?uri=deeplink:detalle_licitacion&idEvl=qBDijXv%2Bnhj9pbnDwlaUlg%3D%3D
Contratos menores;Contrato menor de servicios de actividad musical juvenil;Junta de Gobierno Local del Ayuntamiento de Guadix;servicios;Resuelta;JOSE LUIS GARCIA JIMENEZ;289,26;https://contrataciondelestado.es/wps/poc?uri=deeplink:detalle_licitacion&idEvl=li37Ee2N5GAtm4eBPtV6eQ%3D%3D
Contratos menores;Laringoscopio optico adulto;Hospital Intermutual de Euskadi, Centro Mancomunado de Mutuas de Accidentes de Trabajo y Enfermadades Profesionales de la Seguridad Social;suministros;Resuelta;AJL OPHTHALMIC, S.A.;285;https://contrataciondelestado.es/wps/poc?uri=deeplink:detalle_licitacion&idEvl=y1MCAkpNSpSP%2Bo96UAV7cQ%3D%3D
Contratos menores;GAPTO- Reparación climatización Cs Sonseca;Dirección Gerencia de Atención Primaria de Toledo;servicios;Resuelta;ACIERTA ASISTENCIA, S.A.;284,76;https://contrataciondelestado.es/wps/poc?uri=deeplink:detalle_licitacion&idEvl=U9a%2FrUZofDlxseVhcqrkhw%3D%3D
Contratos menores;Servicios;Diputación Provincial de Zamora;servicios;Resuelta;FERTIBLEND S.L;283,35;https://contrataciondelestado.es/wps/poc?uri=deeplink:detalle_licitacion&idEvl=2HYSQ73Mb9HVGIpKDxgsAQ%3D%3D
Contratos menores;Contrato menor de servicios de reparación de vehículo camión TE3950H;Alcaldía del Ayuntamiento de Alcorisa;servicios;Resuelta;ALCOMOTOR AUTOMOCION, SL;282,35;https://contrataciondelestado.es/wps/poc?uri=deeplink:detalle_licitacion&idEvl=d4JSowxwkIe9Hd5zqvq9cg%3D%3D
Contratos menores;GAPTO- Patinetes de arrastre para puerta exterior automática del Cs Palomarejos;Dirección Gerencia de Atención Primaria de Toledo;suministros;Resuelta;CANDESPINA IBERIA, S.L.;276,4;https://contrataciondelestado.es/wps/poc?uri=deeplink:detalle_licitacion&idEvl=FkIyv58sgag36J9Lctlsuw%3D%3D
Contratos menores;Adquisición de 4 percheros para Presidencia;Secretaría General de la Presidencia de la Junta de Comunidades de Castilla-La Mancha;suministros;Resuelta;PAPELES DISTRIMAR S.L.;275;https://contrataciondelestado.es/wps/poc?uri=deeplink:detalle_licitacion&idEvl=bRiv3ZSuEO39pbnDwlaUlg%3D%3D
Contratos menores;Adquisición de material quirurgico;Hospital Intermutual de Euskadi, Centro Mancomunado de Mutuas de Accidentes de Trabajo y Enfermadades Profesionales de la Seguridad Social;suministros;Resuelta;KOPRA MATERIAL QUIRURGICO, S.L.;275;https://contrataciondelestado.es/wps/poc?uri=deeplink:detalle_licitacion&idEvl=Q2bSphDKIkQQyBAnWzHfCg%3D%3D
Contratos menores;Suministro de vinilos poliméricos laminados UV y con protección anti-grafiti;Presidencia de la Mancomunidad de Servicios del Valle Norte del Lozoya;suministros;Resuelta;SEÑALIZACIÓN Y EQUIPAMIENTO PARA ENTORNOS NATURALES S.L.;275;https://contrataciondelestado.es/wps/poc?uri=deeplink:detalle_licitacion&idEvl=KMzGKacPzuGOUi78BmzhOQ%3D%3D
Contratos menores;516/26. Resto do servizo de inspección das atraccións postas nas festas patronais de Portonovo 2026;Presidencia del Organismo Autónomo Terra de Sanxenxo;servicios;Resuelta;Rebollido Lorenzo, Jose Manuel;272,73;https://contrataciondelestado.es/wps/poc?uri=deeplink:detalle_licitacion&idEvl=skKYWNGsGOq5HQrHoP3G5A%3D%3D
Contratos menores;GAPTO- Reparación puerta de acceso garaje Cs Buenavista;Dirección Gerencia de Atención Primaria de Toledo;servicios;Resuelta;ACIERTA ASISTENCIA, S.A.;271,94;https://contrataciondelestado.es/wps/poc?uri=deeplink:detalle_licitacion&idEvl=t3y2GD5CK1sIYE3ZiZ%2BxmQ%3D%3D
Contratos menores;Contrato menor de servicios. Reparación neumáticos vehículos de propiedad municipal;Alcaldía de la Entidad Local Menor de Torrefresneda;servicios;Resuelta;NEUMÁTICOS PAREJO, C.B.;270;https://contrataciondelestado.es/wps/poc?uri=deeplink:detalle_licitacion&idEvl=FHHypDBORLqHCIsjvJ3rhQ%3D%3D
Contratos menores;GAPTO- Pieza para la reparación bomba Acs Cs palomarejos;Dirección Gerencia de Atención Primaria de Toledo;suministros;Resuelta;COMERCIAL FONCAMO S.A.;269;https://contrataciondelestado.es/wps/poc?uri=deeplink:detalle_licitacion&idEvl=VINt78OtOgN6nTs9LZ9RhQ%3D%3D
Contratos menores;Textil con trasera opaca Mupis marquesinas en Textil para paradas de autobuses.;Alcaldía del Ayuntamiento de La Rinconada;suministros;Resuelta;GRAFIDEC GESTIONA S.L.;265,84;https://contrataciondelestado.es/wps/poc?uri=deeplink:detalle_licitacion&idEvl=l8iW%2BNs%2FsmI36J9Lctlsuw%3D%3D
Contratos menores;Modelo simulación;Hospital Virtual Valdecilla S.L.U.;suministros;Resuelta;JOSE LUIS CABADAS GONZALEZ;262,72;https://contrataciondelestado.es/wps/poc?uri=deeplink:detalle_licitacion&idEvl=msqWFV6wpjfL1rX3q%2FMAPA%3D%3D
Contratos menores;Suministro y colocación de señalética en RD Santa Teresa, Villafranca;Delegación Provincial de la Consejería de Bienestar Social en Toledo;suministros;Resuelta;MARK2 ROTULACION Y CARTELERIA,S.L.;261,5;https://contrataciondelestado.es/wps/poc?uri=deeplink:detalle_licitacion&idEvl=%2Bp6Wp8RmJuu7JOCXkOhcDg%3D%3D
Contratos menores;Suministro productos alimentación productos alimentarios;Presidencia Delegada de la Agencia Local de Desarrollo Económico y Social de Alicante;suministros;Resuelta;CODIPAN, S.L.;260,74;https://contrataciondelestado.es/wps/poc?uri=deeplink:detalle_licitacion&idEvl=sOfn4gtbjlNrhBlEHQFSKA%3D%3D
Contratos menores;Contrato menor de suministro de llaveros artesanales;Alcaldía del Ayuntamiento de Sorbas;suministros;Resuelta;TIM STEFAN BERNHARDT;260,26;https://contrataciondelestado.es/wps/poc?uri=deeplink:detalle_licitacion&idEvl=SFpETCCc1HYl5NjlNci%2BtA%3D%3D
Contratos menores;Serigrafia uniformes cuerpos de Seguridad y Emergencias Municipal.;Junta de Gobierno del Ayuntamiento de La Oliva;servicios;Resuelta;JUAN JOSE LUCAS CORDERO;258;https://contrataciondelestado.es/wps/poc?uri=deeplink:detalle_licitacion&idEvl=tGGhJXRz9Li2gkLQ8TeYKA%3D%3D
Contratos menores;2 und. lonas publicidad Autos Clásicos SAG 17 de octubre de 2026.;Alcaldía del Ayuntamiento de San Agustín del Guadalix;servicios;Resuelta;PARAPENTOS VERTICALES PARA LA COMUNICACIÓN, S.L.;255;https://contrataciondelestado.es/wps/poc?uri=deeplink:detalle_licitacion&idEvl=dV3y1LrAcSdLAIVZdUs8KA%3D%3D
Contratos menores;Contrato menor para la limpieza de las instalaciones donde se impartiran los cursos de reinserción social 2026;Alcaldía del Ayuntamiento de Aller;servicios;Resuelta;CLN Incorpora SL;254,7;https://contrataciondelestado.es/wps/poc?uri=deeplink:detalle_licitacion&idEvl=z9PYA2mo%2Bxd6nTs9LZ9RhQ%3D%3D
Contratos menores;Suministros;Diputación Provincial de Zamora;suministros;Resuelta;FERTIBLEND S.L;250,85;https://contrataciondelestado.es/wps/poc?uri=deeplink:detalle_licitacion&idEvl=%2FGwsCNmBP%2F2sNfRW6APEDw%3D%3D
Contratos menores;Servicios de taller demostrativo de alfarería en el evento Hola Living Day, que se celebra el 21 de mayo, para la promoción de la artesanía de Castilla-La Mancha y la marca de legado Artesano;Dirección Gerencia de la Empresa Pública de Promoción del Turismo y la Artesanía de Castilla-La Mancha (ETURIA), S.A.;servicios;Resuelta;FRANCISCO AGUDO JIMENEZ;250;https://contrataciondelestado.es/wps/poc?uri=deeplink:detalle_licitacion&idEvl=FCqQ8MNOEc0ZDGvgaZEVxQ%3D%3D
Contratos menores;Contrato menor de suministro de alquiler de camion de grua;Junta de Gobierno Local del Ayuntamiento de Guadix;suministros;Resuelta;JOSE LUIS GALINDO LOPEZ;250;https://contrataciondelestado.es/wps/poc?uri=deeplink:detalle_licitacion&idEvl=0riP9TbEQZOcCF8sV%2BqtYA%3D%3D
Contratos menores;"""Alquiler mesas Feria de Asociaciones 2026""";Alcaldía del Ayuntamiento de Hondón de los Frailes;suministros;Resuelta;Jose Francisco Toral Pérez;250;https://contrataciondelestado.es/wps/poc?uri=deeplink:detalle_licitacion&idEvl=1dvlUhuwZODXOjazN1Dw9Q%3D%3D
Contratos menores;Contrato menor Servicios. Taller Cuerpo y Mente. Difusión de la Igualdad, la Salud Física y Emocional y el Rol de la Mujer en la Sociedad.;Alcaldía del Ayuntamiento de Polopos - La Mamola;servicios;Resuelta;Asociación para el Desarrollo y Difusión del Conocimiento CARPE DIEM;250;https://contrataciondelestado.es/wps/poc?uri=deeplink:detalle_licitacion&idEvl=QPv3Xgl7cdI%2B1TMyIiZmzw%3D%3D
Contratos menores;Jornada organizada dentro del marco de presentación visibilidad de RED5V. Fecha: Viernes, 19 de junio de 2026. Lugar: Ejea de los Caballeros (Zaragoza) - La Botillería. Presentación y conducción del evento.;Presidencia de la Comarca de Cinco Villas;servicios;Resuelta;BOSQUE SENERO , MARIA;250;https://contrataciondelestado.es/wps/poc?uri=deeplink:detalle_licitacion&idEvl=ol23MelGte79pbnDwlaUlg%3D%3D
Contratos menores;Servicio de inspección inicial de ascensor ubicado en Biblioteca Municipal.;Alcaldía del Ayuntamiento de Begíjar;servicios;Resuelta;APAVE INSPECTION SPAIN SA;250;https://contrataciondelestado.es/wps/poc?uri=deeplink:detalle_licitacion&idEvl=%2BkZ0i1EsHY59Zh%2FyRJgM8w%3D%3D
Contratos menores;"Charla ""Uniendo los puntos, oportunidades, aprender y crecer"" Abril 2025 + desplazamiento";Presidencia de la Comarca de Cinco Villas;servicios;Resuelta;GASCÓN DURÁN , SARA;250;https://contrataciondelestado.es/wps/poc?uri=deeplink:detalle_licitacion&idEvl=jw3eVWPzZ4IeIBJRHQiPkQ%3D%3D
Contratos menores;El objeto del contrato menor es el servicio de reparacion por averia en el bano de la primera planta de la sede de las palmas enla Direccion General de Hemodonacion y Hemoterapia.;Dirección General de Hemodonación y Hemoterapia del Gobierno de Canarias;servicios;Resuelta;CANARIAS SEA LIMPIEZAS, S.L.;249,9;https://contrataciondelestado.es/wps/poc?uri=deeplink:detalle_licitacion&idEvl=4F8q%2BiKnjMkl5NjlNci%2BtA%3D%3D
Contratos menores;514/26. Compra de productos de alimentación para evento celebrado no concello;Presidencia del Organismo Autónomo Terra de Sanxenxo;suministros;Resuelta;Ramon Lores, S.L.;249,5;https://contrataciondelestado.es/wps/poc?uri=deeplink:detalle_licitacion&idEvl=QV0SARZiBUbXOjazN1Dw9Q%3D%3D
Contratos menores;Congelador Tegran Unidad de Proteccion Vegetal - Infraestructura;Presidencia del Instituto canario de Investigaciones Agrarias;suministros;Resuelta;CASA VALLADARES, SL;249;https://contrataciondelestado.es/wps/poc?uri=deeplink:detalle_licitacion&idEvl=jYqKOfbNbsHXOjazN1Dw9Q%3D%3D
Contratos menores;"Pto lona publicitaria impresa ""Villa de Quijorna + 2 escudos"" con ollados en todo el perímetro. (Pto 26.351).";Alcaldía del Ayuntamiento de Quijorna;suministros;Resuelta;DEKA2 DECORACION DIGITAL;249;https://contrataciondelestado.es/wps/poc?uri=deeplink:detalle_licitacion&idEvl=%2BQQWFg4g69Wzz8fXU2i3eQ%3D%3D
Contratos menores;11/26. Subministro de lambetadas para actividades realizadas na piscina municipal do concello;Presidencia del Organismo Autónomo Terra de Sanxenxo;suministros;Resuelta;Representaciones Caramelo, S.L.;248,85;https://contrataciondelestado.es/wps/poc?uri=deeplink:detalle_licitacion&idEvl=1ZvATmNOVhuP66GS%2BONYvQ%3D%3D
Contratos menores;Placa de paciente bibobulada y mango electrobisturi;Hospital Intermutual de Euskadi, Centro Mancomunado de Mutuas de Accidentes de Trabajo y Enfermadades Profesionales de la Seguridad Social;suministros;Resuelta;ALAY PRODUCTOS CLINICOS, S.A.;246,76;https://contrataciondelestado.es/wps/poc?uri=deeplink:detalle_licitacion&idEvl=%2FAvXFOZaeInI8aL3PRS10Q%3D%3D
Contratos menores;La adquisición de material Bibliográfico para la Biblioteca Pública de Zamora.;Servicio Territorial de Cultura y Turismo de Zamora;suministros;Resuelta;Librería Octubre / Clara Sánchez Quirino;240,41;https://contrataciondelestado.es/wps/poc?uri=deeplink:detalle_licitacion&idEvl=0yjcbn9NttmHCIsjvJ3rhQ%3D%3D
Contratos menores;Contrato menor de servicios de docencia de taller para estudiantes de la ESO;Junta de Gobierno Local del Ayuntamiento de Guadix;servicios;Resuelta;DANIEL AVILES BERRUEZO;240;https://contrataciondelestado.es/wps/poc?uri=deeplink:detalle_licitacion&idEvl=Q0Cf5kafacMXhk1FZxEyvw%3D%3D
Contratos menores;Contrato menor de servicios de docencia taller;Junta de Gobierno Local del Ayuntamiento de Guadix;servicios;Resuelta;ALEJANDRO ORTIZ MINAEVA;240;https://contrataciondelestado.es/wps/poc?uri=deeplink:detalle_licitacion&idEvl=xbB2NEca%2FJT5Rey58Yagpg%3D%3D
Contratos menores;"Servicio de inspección técnica reglamentaria por Organismo de Control Autorizado de instalaciones eléctricas de alta tensión en el Centro de la Naturaleza ""Valle de los Perales"", en el término municipal de Viso del Marqués (Ciudad Real).";Delegación Provincial de la Consejería de Desarrollo Sostenible en Ciudad Real;servicios;Resuelta;SGS INSPECCIONES REGLAMENTARIAS S.A;240;https://contrataciondelestado.es/wps/poc?uri=deeplink:detalle_licitacion&idEvl=5WYOGgUX3QweC9GJQOEBkQ%3D%3D
Contratos menores;Limpieza de 6 vehículos de Policía Local;Alcaldía del Ayuntamiento de San Fulgencio;servicios;Resuelta;ITZIAR BARBERO NAVARRO;240;https://contrataciondelestado.es/wps/poc?uri=deeplink:detalle_licitacion&idEvl=eos7bElDSpEwYTJJ03sHog%3D%3D
Contratos menores;Con motivo de la celebración de las Fiestas Patronales 2026, se considera necesario disponer de pulseras identificativas destinadas a niños y niñas con discapacidad, con el objetivo de facilitar su acceso prioritario a las atracciones instaladas durante las fiestas.;Alcaldía del Ayuntamiento de Illescas;suministros;Resuelta;JONATAN RODRIGUEZ GARCIA;240;https://contrataciondelestado.es/wps/poc?uri=deeplink:detalle_licitacion&idEvl=szIQQUAs5ca8ebB%2FXTwy0A%3D%3D
Contratos menores;GAPTO- Reparación puerta acceso al sótano Cs Buenavista;Dirección Gerencia de Atención Primaria de Toledo;servicios;Resuelta;ACIERTA ASISTENCIA, S.A.;239,65;https://contrataciondelestado.es/wps/poc?uri=deeplink:detalle_licitacion&idEvl=dDbS%2Bv8QEE6dkQsA7ROvsg%3D%3D
Contratos menores;Reparación de 2 desbrozadoras;Alcaldía del Ayuntamiento de Salinillas de Bureba;servicios;Resuelta;RIBEIRO QUEIROS, JOSE ALBERTO;235,05;https://contrataciondelestado.es/wps/poc?uri=deeplink:detalle_licitacion&idEvl=w1dkIOenmXGcCF8sV%2BqtYA%3D%3D
Contratos menores;GAPTO- Reparación puerta salida de emergencia Cs Navahermosa;Dirección Gerencia de Atención Primaria de Toledo;servicios;Resuelta;ACIERTA ASISTENCIA, S.A.;232,51;https://contrataciondelestado.es/wps/poc?uri=deeplink:detalle_licitacion&idEvl=U9a%2FrUZofDnyoM4us5k4vw%3D%3D
Contratos menores;GAPTO- Parafina rehabilitación tabla 1 KG;Dirección Gerencia de Atención Primaria de Toledo;suministros;Resuelta;TELIC S.A.;230;https://contrataciondelestado.es/wps/poc?uri=deeplink:detalle_licitacion&idEvl=TfNSdfs5isv5Rey58Yagpg%3D%3D
Contratos menores;Tóner para impresora Brother de la Policía Local;Alcaldía del Ayuntamiento de San Fulgencio;suministros;Resuelta;LYRECO ESPAÑA, S.A;219,72;https://contrataciondelestado.es/wps/poc?uri=deeplink:detalle_licitacion&idEvl=c7s6pKk93VG8ebB%2FXTwy0A%3D%3D
Contratos menores;Servicios de ejecución de punto de alumbrado con circuito independiente para vitrina en Mezquita de Tornerías;Dirección Gerencia de la Empresa Pública de Promoción del Turismo y la Artesanía de Castilla-La Mancha (ETURIA), S.A.;servicios;Resuelta;ACCIONA FACILITY SERVICES;219,42;https://contrataciondelestado.es/wps/poc?uri=deeplink:detalle_licitacion&idEvl=KWTN1dn%2BaLLN3k3tjedSGw%3D%3D
Contratos menores;Alquiler impresoras Admision, 4ª y 6ª planta;Hospital Intermutual de Euskadi, Centro Mancomunado de Mutuas de Accidentes de Trabajo y Enfermadades Profesionales de la Seguridad Social;suministros;Resuelta;SELZUR BIZKAIA, S.A.;219,31;https://contrataciondelestado.es/wps/poc?uri=deeplink:detalle_licitacion&idEvl=N4s%2FYos7pLgzjChw4z%2FXvw%3D%3D
Contratos menores;Apositos con crema cicatrizante;Hospital Intermutual de Euskadi, Centro Mancomunado de Mutuas de Accidentes de Trabajo y Enfermadades Profesionales de la Seguridad Social;suministros;Resuelta;ALFASIGMA ESPAÑA, S.L.;217,65;https://contrataciondelestado.es/wps/poc?uri=deeplink:detalle_licitacion&idEvl=Y%2BFzoKLpIEwZDGvgaZEVxQ%3D%3D
Contratos menores;Producción de un pop up, hecho de alumnio y plegable, para el Congreso Internacional de Artesanía, en Toledo;Dirección Gerencia de la Empresa Pública de Promoción del Turismo y la Artesanía de Castilla-La Mancha (ETURIA), S.A.;servicios;Resuelta;Be EXPAND S.L.;215;https://contrataciondelestado.es/wps/poc?uri=deeplink:detalle_licitacion&idEvl=SC8z6v01pt3L1rX3q%2FMAPA%3D%3D
Contratos menores;GAPTO- Cubos de pedal CL Santa Cruz del Retamar;Dirección Gerencia de Atención Primaria de Toledo;suministros;Resuelta;SALVADOR NAVARRO, S.L.;214,2;https://contrataciondelestado.es/wps/poc?uri=deeplink:detalle_licitacion&idEvl=UyKV5lHzCWhSYrkJkLlFdw%3D%3D
Contratos menores;GAPTO- Reparación puerta salida de emergencia Cs Los Yébenes;Dirección Gerencia de Atención Primaria de Toledo;servicios;Resuelta;ACIERTA ASISTENCIA, S.A.;212,6;https://contrataciondelestado.es/wps/poc?uri=deeplink:detalle_licitacion&idEvl=r2P4z%2BhKzPSP%2Bo96UAV7cQ%3D%3D
Contratos menores;Adquisición 4 ventiladores aulas de formación Alcalde Mandillo;Dirección Insular de Recursos Humanos, Servicio Público y Transformación Digital del Cabildo Insular de Tenerife;suministros;Resuelta;FOTOSURAJ, S.L;211,6;https://contrataciondelestado.es/wps/poc?uri=deeplink:detalle_licitacion&idEvl=SQJ3YrSv2DW9Hd5zqvq9cg%3D%3D
Contratos menores;Suministro de material de ferretería para el mantenimiento de las Instalaciones Deportivas Municipales, mes de agosto 2026.;Junta de Gobierno Local del Ayuntamiento de Alicante;suministros;Resuelta;FERRETERIA FLORIDA, S.L.;210,68;https://contrataciondelestado.es/wps/poc?uri=deeplink:detalle_licitacion&idEvl=l8JIubzf4tWP%2Bo96UAV7cQ%3D%3D
Contratos menores;GAPTO- Reparación agua caliente sanitaria(ACS) Cs Los Yébenes;Dirección Gerencia de Atención Primaria de Toledo;servicios;Resuelta;ACIERTA ASISTENCIA, S.A.;210;https://contrataciondelestado.es/wps/poc?uri=deeplink:detalle_licitacion&idEvl=f%2Bq3AsNMRBDIGlsa0Wad%2Bw%3D%3D
Contratos menores;Verificación de etilómetro alcotest 6820 ARLJ-0505.;Junta de Gobierno Local del Ayuntamiento de Alicante;servicios;Resuelta;Tecnitrán Telecomunicaciones SL;210;https://contrataciondelestado.es/wps/poc?uri=deeplink:detalle_licitacion&idEvl=jLun7yhXykGkU02jNGj1Fw%3D%3D
Contratos menores;Campaña de publicidad institucional de comunicación de difusión de las ayudas al alumnado que realice su primera matrícula de primer curso de grado universitario, que se publicará entre los días 11 al 24 de octubre de 2026.;Consejería de la Presidencia de la Junta de Castilla y León;servicios;Resuelta;Vertelmedia S.L.U;208,26;https://contrataciondelestado.es/wps/poc?uri=deeplink:detalle_licitacion&idEvl=CgEoqcipi6GExvMJXBMHHQ%3D%3D
Contratos menores;Campaña de publicidad institucional de comunicación de difusión del sistema de becas al estudio y residencia no universitarias, que se publicará entre los días 18 al 24 de septiembre de 2026.;Consejería de la Presidencia de la Junta de Castilla y León;servicios;Resuelta;Productos y Servicios Digitales Bierzo SL;206,61;https://contrataciondelestado.es/wps/poc?uri=deeplink:detalle_licitacion&idEvl=xB16i58rbTUaF6cS8TCh%2FA%3D%3D
Contratos menores;599/26. Adquisición dun disco duro para o equipamento do concello;Presidencia del Organismo Autónomo Terra de Sanxenxo;suministros;Resuelta;Mydic Galicia, S.L.N.E;206,6;https://contrataciondelestado.es/wps/poc?uri=deeplink:detalle_licitacion&idEvl=YnKiEqvqMTbE6P%2FuLemXRw%3D%3D
Contratos menores;Suministros;Diputación Provincial de Zamora;suministros;Resuelta;FERTIBLEND S.L;204,97;https://contrataciondelestado.es/wps/poc?uri=deeplink:detalle_licitacion&idEvl=%2FMBqzy7st1Sqb7rCcv76BA%3D%3D
Contratos menores;Suministros de material eléctrico, fontanería, carpintería, cerrajería y jardinería;Director Gerente de FREMAP;suministros;Resuelta;BRICOLAJE BRICOMAN S.L.U;202,64;https://contrataciondelestado.es/wps/poc?uri=deeplink:detalle_licitacion&idEvl=ozsQz9JskGvCfVQHDepjGQ%3D%3D
Contratos menores;Roll-up para las I jornadas francofonas 2026. Enseigner et apprendre en franais aujourhui.;Dirección General de Ordenación de las Enseñanzas, Inclusión e Innovación;suministros;Resuelta;Tensergraf S.L.L.;200;https://contrataciondelestado.es/wps/poc?uri=deeplink:detalle_licitacion&idEvl=pcVXixNnLRIwYTJJ03sHog%3D%3D
Contratos menores;Adquisición de señalización vial interior y exterior.;Alcaldía del Ayuntamiento de Lahiguera;suministros;Resuelta;GUILLERMO GARCIA MUÑOZ SL;199,57;https://contrataciondelestado.es/wps/poc?uri=deeplink:detalle_licitacion&idEvl=MHEkXWI%2FouQ%2FbjW6njtWLw%3D%3D
Contratos menores;Campaña de publicidad institucional de comunicación de difusión del sistema de becas al estudio y residencia no universitarias, que se publicará entre los días 18 al 24 de septiembre de 2026.;Consejería de la Presidencia de la Junta de Castilla y León;servicios;Resuelta;JUAN C. HERVAS HERNANDEZ;195,87;https://contrataciondelestado.es/wps/poc?uri=deeplink:detalle_licitacion&idEvl=Nmg6JvSdYlHLIx6q1oPaMg%3D%3D
Contratos menores;37/26. Reposición de módulo de alarma no CEIP Nantes;Presidencia del Organismo Autónomo Terra de Sanxenxo;suministros;Resuelta;Sistemas de Seguridade A-1, S.L.;195,36;https://contrataciondelestado.es/wps/poc?uri=deeplink:detalle_licitacion&idEvl=Bl88b3%2F4XiC9Hd5zqvq9cg%3D%3D
Contratos menores;Tasas de presentación de patente asociada a proyecto de investigación;Gerencias de los Institutos de la Agencia Estatal Consejo Superior de Investigaciones Científicas;patrimonial;Resuelta;ISERN PATENTES Y MARCAS M SL;191,5;https://contrataciondelestado.es/wps/poc?uri=deeplink:detalle_licitacion&idEvl=noJSm3nHRAJ9PLkba5eRog%3D%3D
Contratos menores;"Suministro de material pintura; rodillos, botes de pintura, brochas para repar mant ordinario en Ceip San Fernando y Emili Varela";Junta de Gobierno Local del Ayuntamiento de Alicante;suministros;Resuelta;Tiendas de Pintura Manuel Aracil, S.L.;191,06;https://contrataciondelestado.es/wps/poc?uri=deeplink:detalle_licitacion&idEvl=zgzNbZ%2BSlRaHCIsjvJ3rhQ%3D%3D
Contratos menores;Suministros de productos farmacéuticos para Hospitales;Director Gerente de FREMAP;suministros;Resuelta;MARIA SAN JOSE DIAZ;188,4;https://contrataciondelestado.es/wps/poc?uri=deeplink:detalle_licitacion&idEvl=LjLoT8cfsKWsNfRW6APEDw%3D%3D
Contratos menores;Servicios de organización de actos y reuniones con personal de la Entidad;Director Gerente de FREMAP;servicios;Resuelta;CLUB DE CAMPO DE VIGO;188,19;https://contrataciondelestado.es/wps/poc?uri=deeplink:detalle_licitacion&idEvl=cI%2FJWfB9QIGopEMYCmrbmw%3D%3D
Contratos menores;Inspección de la instalación de Baja Tensión del Centro de Mayores Lucero por Organismo de Control Autorizado;Alcaldía del Ayuntamiento de Valdepeñas;servicios;Resuelta;AUDING CONTROL Y VERIFICACIÓN S.L.;187,5;https://contrataciondelestado.es/wps/poc?uri=deeplink:detalle_licitacion&idEvl=7qCdm9b6JMGKeVWTb9Scog%3D%3D
Contratos menores;GAPTO- Confección de vinilos para identificar salas y parking Cs Buenavista;Dirección Gerencia de Atención Primaria de Toledo;suministros;Resuelta;SEGRADE S.L.;187;https://contrataciondelestado.es/wps/poc?uri=deeplink:detalle_licitacion&idEvl=23%2B0hLUAcPKzz8fXU2i3eQ%3D%3D
Contratos menores;GAPTO- Cánula Traqueostomía;Dirección Gerencia de Atención Primaria de Toledo;suministros;Resuelta;ICU MEDICAL PRODUCTOS FARMACEUTICOS Y HOSPIT, S.L.;186,65;https://contrataciondelestado.es/wps/poc?uri=deeplink:detalle_licitacion&idEvl=O2D981EN1OB9Zh%2FyRJgM8w%3D%3D
Contratos menores;Suministro;Diputación Provincial de Zamora;suministros;Resuelta;FERTIBLEND S.L;185,96;https://contrataciondelestado.es/wps/poc?uri=deeplink:detalle_licitacion&idEvl=JaUj%2FsUwGt4S7pcxhTeWOg%3D%3D
Contratos menores;Suministro;Diputación Provincial de Zamora;suministros;Resuelta;FERTIBLEND S.L;185,96;https://contrataciondelestado.es/wps/poc?uri=deeplink:detalle_licitacion&idEvl=xN0uSnf4JshVYjgxA4nMUw%3D%3D
Contratos menores;Campaña de publicidad institucional de comunicación de ayudas a la internacionalización, que se publicará entre los días 15 al 21 de septiembre de 2026.;Consejería de la Presidencia de la Junta de Castilla y León;servicios;Resuelta;CYSPRO MEDIA;185,95;https://contrataciondelestado.es/wps/poc?uri=deeplink:detalle_licitacion&idEvl=601yCwF%2BrYomMOlAXxDEjw%3D%3D
Contratos menores;Adquisicion de jeringas precargadas para lavado de accesos venosos (Omniflush);Hospital Intermutual de Euskadi, Centro Mancomunado de Mutuas de Accidentes de Trabajo y Enfermadades Profesionales de la Seguridad Social;suministros;Resuelta;B.BRAUN MEDICAL, S.A.U.;185;https://contrataciondelestado.es/wps/poc?uri=deeplink:detalle_licitacion&idEvl=39Cs1TH3gMtrhBlEHQFSKA%3D%3D
Contratos menores;Adquisición de jeringas precargadas para lavado de accesos venosos (Omniflush);Hospital Intermutual de Euskadi, Centro Mancomunado de Mutuas de Accidentes de Trabajo y Enfermadades Profesionales de la Seguridad Social;suministros;Resuelta;B.BRAUN MEDICAL, S.A.U.;185;https://contrataciondelestado.es/wps/poc?uri=deeplink:detalle_licitacion&idEvl=Y239BIcX8XZt5r0ngvMetA%3D%3D
Contratos menores;La adquisición de material Bibliográfico para la Biblioteca Pública de Zamora.;Servicio Territorial de Cultura y Turismo de Zamora;suministros;Resuelta;María Isabel García González;184,59;https://contrataciondelestado.es/wps/poc?uri=deeplink:detalle_licitacion&idEvl=YyEbZm8Us0A3vLk2DU2Ddg%3D%3D
Contratos menores;Apositos con crema cicatrizante;Hospital Intermutual de Euskadi, Centro Mancomunado de Mutuas de Accidentes de Trabajo y Enfermadades Profesionales de la Seguridad Social;suministros;Resuelta;ALFASIGMA ESPAÑA, S.L.;181,7;https://contrataciondelestado.es/wps/poc?uri=deeplink:detalle_licitacion&idEvl=CMumhb%2Fb2R436J9Lctlsuw%3D%3D
Contratos menores;GAPTO- Reparación sistema calefacciónb Cs Mora;Dirección Gerencia de Atención Primaria de Toledo;servicios;Resuelta;ACIERTA ASISTENCIA, S.A.;181,25;https://contrataciondelestado.es/wps/poc?uri=deeplink:detalle_licitacion&idEvl=AV%2B7oblrVDw7u6%2B%2FR7DUoA%3D%3D
Contratos menores;Renovación de la póliza seguro accidente colectivo personal Protección Civil;Alcaldía del Ayuntamiento de San Fulgencio;servicios;Resuelta;SURNE MUTUA DE SEGUROS;181,1;https://contrataciondelestado.es/wps/poc?uri=deeplink:detalle_licitacion&idEvl=3zh%2FLUw6ffecTfjQf3USOg%3D%3D
Contratos menores;Reportaje fotográfico: Coronación 2026;Alcaldía del Ayuntamiento de San Fulgencio;servicios;Resuelta;HERMANOS ALONSO AMOROS S.L.;180;https://contrataciondelestado.es/wps/poc?uri=deeplink:detalle_licitacion&idEvl=k6Y9AVoniw%2F10HRJw8TEnQ%3D%3D
Contratos menores;Contrato menor servicio de módulo adicional programa de nóminas.;Alcaldía del Ayuntamiento de Escatrón;servicios;Resuelta;LOGICA TECNOLOGIA Y CONTROLES INFORMATICOS SOCIEDAD LIMITADA;180;https://contrataciondelestado.es/wps/poc?uri=deeplink:detalle_licitacion&idEvl=jF4xeFhr1Of%2B3JAijKO%2Bkg%3D%3D
Contratos menores;Suministros de Material de ortopedia y otros productos sanitarios expediente;Director Gerente de FREMAP;suministros;Resuelta;QUVITEC CENTRE D'AJUDES TECNIQUES;179;https://contrataciondelestado.es/wps/poc?uri=deeplink:detalle_licitacion&idEvl=fy4ux8m7WJEUqXM96WStVA%3D%3D
Contratos menores;Suministro de vinilos decorativos para la adecuación del vestuario del Pabellón Municipal de Deportes.;Alcaldía del Ayuntamiento de Begíjar;suministros;Resuelta;CREACIONES DEL SUR Y BAEZA SL;178,52;https://contrataciondelestado.es/wps/poc?uri=deeplink:detalle_licitacion&idEvl=9QwZC9ZdAtY%2B1TMyIiZmzw%3D%3D
Contratos menores;GAPTO- Sensores para pulsioxímetro para Cs Ocaña y Gerencia;Dirección Gerencia de Atención Primaria de Toledo;suministros;Resuelta;TEKNOIBERIA LOGISTICA, S.L.;178;https://contrataciondelestado.es/wps/poc?uri=deeplink:detalle_licitacion&idEvl=fKSxW%2FFBvkkl5NjlNci%2BtA%3D%3D
Contratos menores;Suministro material de construcción para Escuela Taller;Presidencia Delegada de la Agencia Local de Desarrollo Económico y Social de Alicante;suministros;Resuelta;SIRVENT E HIJOS, S.L.;177,31;https://contrataciondelestado.es/wps/poc?uri=deeplink:detalle_licitacion&idEvl=BAsGR25xuvzL1rX3q%2FMAPA%3D%3D
Contratos menores;GAPTO- Reparación barrera automática de salida/entrada Cs Benquerencia;Dirección Gerencia de Atención Primaria de Toledo;servicios;Resuelta;ACIERTA ASISTENCIA, S.A.;176,7;https://contrataciondelestado.es/wps/poc?uri=deeplink:detalle_licitacion&idEvl=dDbS%2Bv8QEE6KeVWTb9Scog%3D%3D
Contratos menores;Seguros responsabilidad civil;Junta de Gobierno del Ayuntamiento de Alguazas;servicios;Resuelta;MAPFRE SEGUROS;175,74;https://contrataciondelestado.es/wps/poc?uri=deeplink:detalle_licitacion&idEvl=HJl0xStrmb%2FgL1BHd3qjQA%3D%3D
Contratos menores;GAPTO- Reparación del sistema de agua caliente Cl Olías del Rey;Dirección Gerencia de Atención Primaria de Toledo;servicios;Resuelta;ACIERTA ASISTENCIA, S.A.;175;https://contrataciondelestado.es/wps/poc?uri=deeplink:detalle_licitacion&idEvl=NDd3V%2BdSu%2FGS81gZFETWmA%3D%3D
Contratos menores;Suministro de 1000 etiquetas adhesivas de 5*5 cm, y 100 etiquetas adhesivas de 12*12cm, para personalización y presentación de distintos packaging;Dirección Gerencia de la Empresa Pública de Promoción del Turismo y la Artesanía de Castilla-La Mancha (ETURIA), S.A.;suministros;Resuelta;Be EXPAND S.L.;175;https://contrataciondelestado.es/wps/poc?uri=deeplink:detalle_licitacion&idEvl=d7xkRZr%2Baa1%2BF6L2uCfUWg%3D%3D
Contratos menores;Pinturas rejas Colegio Secadero;Alcaldía del Ayuntamiento de Casares;suministros;Resuelta;PINTURAS MIGUEL LÓPEZ MARTOS S.L.;173,4;https://contrataciondelestado.es/wps/poc?uri=deeplink:detalle_licitacion&idEvl=axcB2q2fTNe8ebB%2FXTwy0A%3D%3D
Contratos menores;GAPTO- Crema hidratante pacientes con epidermoliosis bullosa;Dirección Gerencia de Atención Primaria de Toledo;suministros;Resuelta;OMFE, SA;172,07;https://contrataciondelestado.es/wps/poc?uri=deeplink:detalle_licitacion&idEvl=q%2FLtJOo%2FqsicCF8sV%2BqtYA%3D%3D
Contratos menores;Suministros alimentación varios;Diputación Provincial de Zamora;suministros;Resuelta;ANA BEATRIZ FIDALGO SALADO;171,93;https://contrataciondelestado.es/wps/poc?uri=deeplink:detalle_licitacion&idEvl=2WydlUgx0G%2BFQ%2FlhRK79lA%3D%3D
Contratos menores;Campaña de publicidad institucional de comunicación de difusión de las ayudas al alumnado que realice su primera matrícula de primer curso de grado universitario, que se publicará entre los días 11 al 24 de octubre de 2026.;Consejería de la Presidencia de la Junta de Castilla y León;servicios;Resuelta;Iniziar Inversiones y Proyectos S.L.;168,59;https://contrataciondelestado.es/wps/poc?uri=deeplink:detalle_licitacion&idEvl=JkvuDuico7e2gkLQ8TeYKA%3D%3D
Contratos menores;Campaña de publicidad institucional de comunicación de difusión de las ayudas al alumnado que realice su primera matrícula de primer curso de grado universitario, que se publicará entre los días 11 al 24 de octubre de 2026.;Consejería de la Presidencia de la Junta de Castilla y León;servicios;Resuelta;MEDIADOS CASTILLA Y LEON SLU;168,59;https://contrataciondelestado.es/wps/poc?uri=deeplink:detalle_licitacion&idEvl=F3H7iAjNgaWAAM7L03kM8A%3D%3D
Contratos menores;Cm-030-2026 fegasur 2026 impresión de carteles;Vicepresidencia de Institución Ferial de Cádiz IFECA;suministros;Resuelta;ROTUVALLE, S.L.;165,43;https://contrataciondelestado.es/wps/poc?uri=deeplink:detalle_licitacion&idEvl=xR1EN0BFhTVVYjgxA4nMUw%3D%3D
Contratos menores;GAPTO- Reparación sistema de producción Acs en el Cs Noblejas;Dirección Gerencia de Atención Primaria de Toledo;servicios;Resuelta;ACIERTA ASISTENCIA, S.A.;165,35;https://contrataciondelestado.es/wps/poc?uri=deeplink:detalle_licitacion&idEvl=0PSpLRUzL0BWhbmkna2nXQ%3D%3D
Contratos menores;GAPTO- Cable PC interface para Holter Cs Benquerencia;Dirección Gerencia de Atención Primaria de Toledo;suministros;Resuelta;MEDICAL LIGHTING, SL;165;https://contrataciondelestado.es/wps/poc?uri=deeplink:detalle_licitacion&idEvl=NUOTF7lc%2FRFPpzdqOdhuWg%3D%3D
Contratos menores;Servicios de impresión de rótulos en foam para atril institucional de la Mezquita de Tornerías;Dirección Gerencia de la Empresa Pública de Promoción del Turismo y la Artesanía de Castilla-La Mancha (ETURIA), S.A.;servicios;Resuelta;SEGRADE S.L.;165;https://contrataciondelestado.es/wps/poc?uri=deeplink:detalle_licitacion&idEvl=u%2Bdv8N1%2FNlVt5r0ngvMetA%3D%3D
Contratos menores;Trofeos para concurso colombicultura org. JM el 07/11/2026;Junta de Gobierno del Ayuntamiento de Murcia;suministros;Resuelta;TROFEOS MUÑOZ S.L.;165;https://contrataciondelestado.es/wps/poc?uri=deeplink:detalle_licitacion&idEvl=XaQ1JhZ%2BEgbECtSnloz%2BZQ%3D%3D
Contratos menores;Servicio de lavado para vehículos sección Playas (E3437BDW, E2791BJC, E2388BJJ) por Mas Fuel Daimus S.L.;Presidencia de la Diputación Provincial de Valencia;servicios;Resuelta;MAS FUEL DAIMUS, SL;165;https://contrataciondelestado.es/wps/poc?uri=deeplink:detalle_licitacion&idEvl=ruGJnTd8CadWhbmkna2nXQ%3D%3D
Contratos menores;contrato menor de COMPRA DE REGALOS para los homenajeados en la fiesta del LUNES DE LA PEÑA.;Alcaldía del Ayuntamiento de Tordesillas;suministros;Resuelta;CASADO CRESPO ISABEL;165;https://contrataciondelestado.es/wps/poc?uri=deeplink:detalle_licitacion&idEvl=v5%2BJiIwtkSY%2Bk2oCbDosIw%3D%3D
Contratos menores;Subscripció digital diari «Levante-EMV»;Presidencia de la Diputación Provincial de Valencia;privado;Resuelta;EDITORIAL PRENSA VALENCIANA, SA;163,41;https://contrataciondelestado.es/wps/poc?uri=deeplink:detalle_licitacion&idEvl=A8h34dW04vvs%2BnLj3vAg5A%3D%3D
Contratos menores;GAPTO- Bolsas de algodón rellenas granos volcánicos terpaia calor;Dirección Gerencia de Atención Primaria de Toledo;suministros;Resuelta;PRIM, S.A.;163,12;https://contrataciondelestado.es/wps/poc?uri=deeplink:detalle_licitacion&idEvl=QyFuYlBQXo3jHF5qKI4aaw%3D%3D
Contratos menores;Servicios de impresión de 1000 folletos de Mezquita de Tornerías para hoteles y difusión promocional;Dirección Gerencia de la Empresa Pública de Promoción del Turismo y la Artesanía de Castilla-La Mancha (ETURIA), S.A.;servicios;Resuelta;GRAFOX IMPRENTA S.L.;162;https://contrataciondelestado.es/wps/poc?uri=deeplink:detalle_licitacion&idEvl=V7CbC9cNVLzyoM4us5k4vw%3D%3D
Contratos menores;Conservación;Diputación Provincial de Zamora;servicios;Resuelta;ALONSO REPRESENTACIONES LITOS SLL;160;https://contrataciondelestado.es/wps/poc?uri=deeplink:detalle_licitacion&idEvl=ZmZJfFettAVVq4S9zvaQpQ%3D%3D
Contratos menores;Servicios de mantenimiento y reparaciones de climatización, aire acondicionado y calefacción;Director Gerente de FREMAP;servicios;Resuelta;SERVICIOS INTEGRALES DE GESTIÓN Y MTTO;160;https://contrataciondelestado.es/wps/poc?uri=deeplink:detalle_licitacion&idEvl=nAWaxF1nRJ0UqXM96WStVA%3D%3D
Contratos menores;Tabal i dolçaina para la amenización de la precesión cívica del 9 d’octubre;Alcaldía del Ayuntamiento de Almàssera;servicios;Resuelta;ESCOLA DE TABALET TRABALDICIONS;160;https://contrataciondelestado.es/wps/poc?uri=deeplink:detalle_licitacion&idEvl=zf9FGPFFNujCfVQHDepjGQ%3D%3D
Contratos menores;Servicios de pequeñas reparaciónes de electricidad, consumibles y/o sustitución bombillas;Director Gerente de FREMAP;servicios;Resuelta;MANTENIMIENTO Y MONTAJES INDUSTRIALES SA;158,44;https://contrataciondelestado.es/wps/poc?uri=deeplink:detalle_licitacion&idEvl=t4f%2BOX4lPUYmMOlAXxDEjw%3D%3D
Contratos menores;Suministros varios de oficina;Alcaldía del Ayuntamiento de Salinillas de Bureba;suministros;Resuelta;LYRECO ESPAÑA, S.A.;157,2;https://contrataciondelestado.es/wps/poc?uri=deeplink:detalle_licitacion&idEvl=11GMmbyb9OTECtSnloz%2BZQ%3D%3D
Contratos menores;Reparación de silla elevadora en Maz Aspe;Dirección Área Jurídica y Prestación de MAZ, Mutua Colaboradora con la Seguridad Social, Nº 11;servicios;Resuelta;AMESA ELEVACION SL;153,4;https://contrataciondelestado.es/wps/poc?uri=deeplink:detalle_licitacion&idEvl=DAuZV44wTPjCfVQHDepjGQ%3D%3D
Contratos menores;Suministro de material diverso de ferretería para el mantenimiento de Instalaciones Deportivas Municipales, mes de junio 2026.;Junta de Gobierno Local del Ayuntamiento de Alicante;suministros;Resuelta;FERRETERIA FLORIDA, S.L.;152,53;https://contrataciondelestado.es/wps/poc?uri=deeplink:detalle_licitacion&idEvl=50ehDEFMfSp%2FR5QFTlaM4A%3D%3D
Contratos menores;Suministro de 4 banderas para exterior Salinillas de Bureba, España, Europa y Castilla y León;Alcaldía del Ayuntamiento de Salinillas de Bureba;suministros;Resuelta;FERMIÑAN CARBALLO, EVARISTO;152,07;https://contrataciondelestado.es/wps/poc?uri=deeplink:detalle_licitacion&idEvl=PRfrZ5KCK36FlFRHfEzEaw%3D%3D
Contratos menores;Contrato de Suministros de placas de cultivo celular para el proyecto pi22/00518;Dirección de Gestión de la Fundación Instituto de Investigación Marqués de Valdecilla;suministros;Resuelta;SARSTEDT, S.A.;151,4;https://contrataciondelestado.es/wps/poc?uri=deeplink:detalle_licitacion&idEvl=iA2PrmOMtAyExvMJXBMHHQ%3D%3D
Contratos menores;2 cojines lumbares para Oficinas Administrativas;Alcaldía del Ayuntamiento de San Fulgencio;suministros;Resuelta;LYRECO ESPAÑA, S.A;150,16;https://contrataciondelestado.es/wps/poc?uri=deeplink:detalle_licitacion&idEvl=cvhip1sFYulxseVhcqrkhw%3D%3D
Contratos menores;"Contratación menor nº 15449/2026 relativo a Suministro de dos Placas conmemorativas, plaza las eras y vestuarios sótanos Servicios Sociales, por el Taller de Empleo ""Torre de la Mar 2""";Alcaldía del Ayuntamiento de Borriana;suministros;Resuelta;ROTULOS JUAN VIDAL SL;150;https://contrataciondelestado.es/wps/poc?uri=deeplink:detalle_licitacion&idEvl=4BDavHWPQCf%2Fa9DgO%2BoYKQ%3D%3D
Contratos menores;Contratación del servicio técnico necesario para la realización de los trámites de homologación y legalización de los elementos instalados en el vehículo Renault Trafic, matrícula 6081-CHX, concretamente del puente de señalización luminosa.;Junta de Gobierno del Ayuntamiento de La Oliva;servicios;Resuelta;ISAAC ALONSO BETANCOR;150;https://contrataciondelestado.es/wps/poc?uri=deeplink:detalle_licitacion&idEvl=vq1v6Ll9sUvI8aL3PRS10Q%3D%3D
Contratos menores;La adquisición de material Bibliográfico para la Biblioteca Pública de Zamora.;Servicio Territorial de Cultura y Turismo de Zamora;suministros;Resuelta;MARIA DEL CARMEN MARTINEZ BREZMES;149,8;https://contrataciondelestado.es/wps/poc?uri=deeplink:detalle_licitacion&idEvl=YdZbXiV2Bp%2BP66GS%2BONYvQ%3D%3D
Contratos menores;Servicio de procurador para actuar en representación del Ayuntamiento de Navalcarnero en el Procedimiento Abreviado nº 278/2026 y Juicio Rápido 644/2026.;Concejalía Delegada de Hacienda del Ayuntamiento de Navalcarnero;servicios;Resuelta;FERNANDO MARÍA GARCÍA SEVILLA;149,62;https://contrataciondelestado.es/wps/poc?uri=deeplink:detalle_licitacion&idEvl=0leguU6Mklqzz8fXU2i3eQ%3D%3D
Contratos menores;Se requiere la limpieza del vestuario de figurantes de Papá Noel y Gigantes y Cabezudos para su acondicionamiento y utilización en los eventos previstos.;Alcaldía del Ayuntamiento de Illescas;servicios;Resuelta;GESTIONES Y NEGOCIOS TINTERIN, S.L.;148,35;https://contrataciondelestado.es/wps/poc?uri=deeplink:detalle_licitacion&idEvl=LFoM6mP9lQ8aF6cS8TCh%2FA%3D%3D
Contratos menores;Contrato menor de suministro de material de oficina;Alcaldía del Ayuntamiento de Sorbas;suministros;Resuelta;SEGURA MONTOYA EVA MARIA;147,93;https://contrataciondelestado.es/wps/poc?uri=deeplink:detalle_licitacion&idEvl=YUMqmk%2BkXtGP66GS%2BONYvQ%3D%3D
Contratos menores;Contrato menor de suministros. Suministros para escuela de adultos;Alcaldía del Ayuntamiento de Jimena;suministros;Resuelta;ANTONIO LOPEZ RODRIGUEZ;145;https://contrataciondelestado.es/wps/poc?uri=deeplink:detalle_licitacion&idEvl=1xMiEhcN9gJVq4S9zvaQpQ%3D%3D
Contratos menores;GAPTO- Reparación grupo electrógeno Esquivias;Dirección Gerencia de Atención Primaria de Toledo;servicios;Resuelta;ACIERTA ASISTENCIA, S.A.;144,94;https://contrataciondelestado.es/wps/poc?uri=deeplink:detalle_licitacion&idEvl=QyFuYlBQXo3XOjazN1Dw9Q%3D%3D
Contratos menores;Suministros frutas-verduras;Diputación Provincial de Zamora;suministros;Resuelta;MANUEL ANGEL BLANCO DOMINGUEZ;144,53;https://contrataciondelestado.es/wps/poc?uri=deeplink:detalle_licitacion&idEvl=2lgSmPUpA3C7JOCXkOhcDg%3D%3D
Contratos menores;Adquisicion de venda Smarch;Hospital Intermutual de Euskadi, Centro Mancomunado de Mutuas de Accidentes de Trabajo y Enfermadades Profesionales de la Seguridad Social;suministros;Resuelta;ESTABLECIMIENTOS SUMISAN, S.A.;140,76;https://contrataciondelestado.es/wps/poc?uri=deeplink:detalle_licitacion&idEvl=XZdQa2w4BnMXhk1FZxEyvw%3D%3D
Contratos menores;corona de laurel ofrenda 12 de octubre de 2026.;Alcaldía del Ayuntamiento de San Agustín del Guadalix;servicios;Resuelta;MAGDALA LUZ FIDELIS SL;140;https://contrataciondelestado.es/wps/poc?uri=deeplink:detalle_licitacion&idEvl=DaL1VNMA57mopEMYCmrbmw%3D%3D
Contratos menores;GAPTO- Bolsa Lavado vesical;Dirección Gerencia de Atención Primaria de Toledo;suministros;Resuelta;B. BRAUN MEDICAL, S.A.;138,8;https://contrataciondelestado.es/wps/poc?uri=deeplink:detalle_licitacion&idEvl=ofIhAjkB4UO9Hd5zqvq9cg%3D%3D
Contratos menores;Contrato menor cuyo objeto es el suministro de bandejas de salado para el vino de honor a celebrarse el 12 de octubre de 2026.;Alcaldía del ayuntamiento de Benifaió;suministros;Resuelta;FORN FELIPE C.B.;137,76;https://contrataciondelestado.es/wps/poc?uri=deeplink:detalle_licitacion&idEvl=1LZMwhNvoKxWhbmkna2nXQ%3D%3D
Contratos menores;Alquiler brazo articulado desmontaje de banderolas calle 6 de junio;Alcaldía del Ayuntamiento de Valdepeñas;suministros;Resuelta;GRUAS LOPEZ S.A.;135;https://contrataciondelestado.es/wps/poc?uri=deeplink:detalle_licitacion&idEvl=T%2B9skYAKYHiP66GS%2BONYvQ%3D%3D
Contratos menores;Suministro de material de ferretería para el mantenimiento de las Instalaciones Deportivas Municipales.;Junta de Gobierno Local del Ayuntamiento de Alicante;suministros;Resuelta;FERRETERIA FLORIDA, S.L.;132,96;https://contrataciondelestado.es/wps/poc?uri=deeplink:detalle_licitacion&idEvl=HMgcVsEra4%2BIzo3LHNPGcQ%3D%3D
Contratos menores;Suministro de material para pequeños trabajos de carpintería en Instalaciones Deportivas Municipales, el día 15 de septiembre de 2026.;Junta de Gobierno Local del Ayuntamiento de Alicante;suministros;Resuelta;Laucan Maderas, SL;132,75;https://contrataciondelestado.es/wps/poc?uri=deeplink:detalle_licitacion&idEvl=plgjmWzhCzVVq4S9zvaQpQ%3D%3D
Contratos menores;Compra de material escolar durante el año 2022;Alcaldía del Ayuntamiento de El Campillo;suministros;Resuelta;BAZAR EL MORITO;131,57;https://contrataciondelestado.es/wps/poc?uri=deeplink:detalle_licitacion&idEvl=y4xZuTHKquA7u6%2B%2FR7DUoA%3D%3D
Contratos menores;Suministros de ortoprotesis y otras prestaciones con expediente asociado;Director Gerente de FREMAP;suministros;Resuelta;GRUPO R. QUERALTÓ S.A.;131,4;https://contrataciondelestado.es/wps/poc?uri=deeplink:detalle_licitacion&idEvl=WxlEZ0NoLOrzAq95uGTrDQ%3D%3D
Contratos menores;Adquisición de fundas de microscopio;Hospital Intermutual de Euskadi, Centro Mancomunado de Mutuas de Accidentes de Trabajo y Enfermadades Profesionales de la Seguridad Social;suministros;Resuelta;CARL ZEISS MEDITEC IBERIA, S.A.U.;131,29;https://contrataciondelestado.es/wps/poc?uri=deeplink:detalle_licitacion&idEvl=hZLJvQXCOfGcTfjQf3USOg%3D%3D
Contratos menores;Adquisición de fundas de microscopio;Hospital Intermutual de Euskadi, Centro Mancomunado de Mutuas de Accidentes de Trabajo y Enfermadades Profesionales de la Seguridad Social;suministros;Resuelta;CARL ZEISS MEDITEC IBERIA, S.A.U.;131,29;https://contrataciondelestado.es/wps/poc?uri=deeplink:detalle_licitacion&idEvl=mipvKQxF9JpWhbmkna2nXQ%3D%3D
Contratos menores;GAPTO- Pañal anatómico con elástico;Dirección Gerencia de Atención Primaria de Toledo;suministros;Resuelta;Active Medical Disposable, S.A.U.;130,9;https://contrataciondelestado.es/wps/poc?uri=deeplink:detalle_licitacion&idEvl=AbZm7LOFEMFLAIVZdUs8KA%3D%3D
Contratos menores;Revisión obligatoria del ascensor del Mercado-2026.;Alcaldia del Ayuntamiento de Tacoronte;servicios;Resuelta;INSPECIONES Y VERIFICACIONES REGLAMENTA;130;https://contrataciondelestado.es/wps/poc?uri=deeplink:detalle_licitacion&idEvl=l9pqH728c5CsNfRW6APEDw%3D%3D
Contratos menores;Adquisición de una caja de madera forrada de paja, realizada por artesano de la región, para la promoción de la artesanía dentro de la campaña del día de la madre;Dirección Gerencia de la Empresa Pública de Promoción del Turismo y la Artesanía de Castilla-La Mancha (ETURIA), S.A.;suministros;Resuelta;Fabuel Calvo, Ruben;128,1;https://contrataciondelestado.es/wps/poc?uri=deeplink:detalle_licitacion&idEvl=JxYLhovgVgdWhbmkna2nXQ%3D%3D
Contratos menores;Contrato menor de servicios para la impresión de 50 carteles y 500 flyers con la programación de la visita-peregrinación de la Virgen de la Fuensanta.;Junta del Ayuntamiento de Abanilla;servicios;Resuelta;SAN GINÉS FOTOCOMPOSICIÓN S.L.U.;125;https://contrataciondelestado.es/wps/poc?uri=deeplink:detalle_licitacion&idEvl=bujAlQBcrul70UvEyYJSGw%3D%3D
Contratos menores;La adquisición de material Bibliográfico para la Biblioteca Pública de Zamora.;Servicio Territorial de Cultura y Turismo de Zamora;suministros;Resuelta;Manuel Herrero Alonso;124,59;https://contrataciondelestado.es/wps/poc?uri=deeplink:detalle_licitacion&idEvl=vVi8FNQt%2FOuFQ%2FlhRK79lA%3D%3D
Contratos menores;Campaña de publicidad institucional de comunicación de difusión de las Enseñanzas de adultos, que se publicará entre los días 11 al 17 de septiembre de 2026.;Consejería de la Presidencia de la Junta de Castilla y León;servicios;Resuelta;ESPACIOS EN LA RED S.L.;123,97;https://contrataciondelestado.es/wps/poc?uri=deeplink:detalle_licitacion&idEvl=gvurKxD8O%2B%2FpxJFXpLZ%2B2A%3D%3D
Contratos menores;Campaña de publicidad institucional de comunicación de ayudas a la internacionalización, que se publicará entre los días 15 al 21 de septiembre de 2026.;Consejería de la Presidencia de la Junta de Castilla y León;servicios;Resuelta;ESPACIOS EN LA RED S.L.;123,97;https://contrataciondelestado.es/wps/poc?uri=deeplink:detalle_licitacion&idEvl=PfsE0SRb%2F9TN3k3tjedSGw%3D%3D
Contratos menores;Adquisición de cinco tazas de cerámica en distintos colores, realizadas por artesano de la región, para la promoción de la artesanía, dentro de la campaña del día de la madre;Dirección Gerencia de la Empresa Pública de Promoción del Turismo y la Artesanía de Castilla-La Mancha (ETURIA), S.A.;suministros;Resuelta;Isabel Vermon Pinel;120;https://contrataciondelestado.es/wps/poc?uri=deeplink:detalle_licitacion&idEvl=E8k6SdGGjLmP%2Bo96UAV7cQ%3D%3D
Contratos menores;Contrato menor de servicio de docencia de taller;Junta de Gobierno Local del Ayuntamiento de Guadix;servicios;Resuelta;MARTA ARMENTEROS SOTO;120;https://contrataciondelestado.es/wps/poc?uri=deeplink:detalle_licitacion&idEvl=XjbpNDobjkkkJPJS%2BPS9vg%3D%3D
Contratos menores;Contrato menor de servicios de docencia de taller;Junta de Gobierno Local del Ayuntamiento de Guadix;servicios;Resuelta;DARIO GOMEZ ECHEVARRIA;120;https://contrataciondelestado.es/wps/poc?uri=deeplink:detalle_licitacion&idEvl=mut%2BZvXbsLA3vLk2DU2Ddg%3D%3D
Contratos menores;40 unidades de equipo de drenaje redon de 400 ml con sonda de aguja;Hospital Intermutual de Euskadi, Centro Mancomunado de Mutuas de Accidentes de Trabajo y Enfermadades Profesionales de la Seguridad Social;suministros;Resuelta;IBERHOSPITEX, S.A.;120;https://contrataciondelestado.es/wps/poc?uri=deeplink:detalle_licitacion&idEvl=Ug5AeBB7IW%2Bqb7rCcv76BA%3D%3D
Contratos menores;Contrato menor de suministro de bandas para guardería;Alcaldía del Ayuntamiento de Sorbas;suministros;Resuelta;VILLEGAS MALDONADO JESÚS;120;https://contrataciondelestado.es/wps/poc?uri=deeplink:detalle_licitacion&idEvl=tBV5FhCD5PxVkTabT%2FRM8A%3D%3D
Contratos menores;Control y retirada de nidos de avispas en las instalaciones de Espacio Digital situado en la c/ Cadiz nº 34 - Las Palmas;Consejería de Gobierno de Cultura del Cabildo de Gran Canaria;servicios;Resuelta;FLODESIN S.L;120;https://contrataciondelestado.es/wps/poc?uri=deeplink:detalle_licitacion&idEvl=K1gjzAV4eS5VkTabT%2FRM8A%3D%3D
Contratos menores;Suministros de material eléctrico, fontanería, carpintería, cerrajería y jardinería;Director Gerente de FREMAP;suministros;Resuelta;LEJARRETA SEGURIDAD SL;119,76;https://contrataciondelestado.es/wps/poc?uri=deeplink:detalle_licitacion&idEvl=POZlESgmOZUXhk1FZxEyvw%3D%3D
Contratos menores;Servicios de mantenimiento y reparación de puertas automáticas;Director Gerente de FREMAP;servicios;Resuelta;MANUSA DOOR SYSTEM, S.L.;118;https://contrataciondelestado.es/wps/poc?uri=deeplink:detalle_licitacion&idEvl=tNSHWhr0vp4zjChw4z%2FXvw%3D%3D
Contratos menores;Material simulación 3D;Hospital Virtual Valdecilla S.L.U.;suministros;Resuelta;BAMBULAB GMBH;115,93;https://contrataciondelestado.es/wps/poc?uri=deeplink:detalle_licitacion&idEvl=vyHJ1CYRUVjs%2BnLj3vAg5A%3D%3D
Contratos menores;Adquisición de tres pendientes en diferentes tamaños, realizados por artesano de la región, para la promoción de la artesanía dentro de la campaña del día de la madre;Dirección Gerencia de la Empresa Pública de Promoción del Turismo y la Artesanía de Castilla-La Mancha (ETURIA), S.A.;suministros;Resuelta;VANAGLORIA, S.L;114,87;https://contrataciondelestado.es/wps/poc?uri=deeplink:detalle_licitacion&idEvl=4Eo0nXTUZ%2Fi9Hd5zqvq9cg%3D%3D
Contratos menores;GAPTO- Microondas Cs Benquerencia y Esquivias;Dirección Gerencia de Atención Primaria de Toledo;suministros;Resuelta;PUNTODOMESTICO TOLEDO SLL;114,04;https://contrataciondelestado.es/wps/poc?uri=deeplink:detalle_licitacion&idEvl=dltmEm7Xh%2FOFlFRHfEzEaw%3D%3D
Contratos menores;GAPTO- Reparación bomba calor en la zona pasillo Cs Palomarejos;Dirección Gerencia de Atención Primaria de Toledo;servicios;Resuelta;CESAR SANCHEZ PEREZ;113;https://contrataciondelestado.es/wps/poc?uri=deeplink:detalle_licitacion&idEvl=xKiZcU%2Fr9xzua%2Fi14w%2FPLA%3D%3D
Contratos menores;Acreditaciones de las I jornadas francofonas 2026, enseigner et apprendre en francais aujourdhui.;Dirección General de Ordenación de las Enseñanzas, Inclusión e Innovación;suministros;Resuelta;Laura J. Julián Gascón;112,5;https://contrataciondelestado.es/wps/poc?uri=deeplink:detalle_licitacion&idEvl=kFLwp%2F28D%2FGS81gZFETWmA%3D%3D
Contratos menores;Servicio alquiler vehiculo industrial Taller Impulsa Joven I;Presidencia Delegada de la Agencia Local de Desarrollo Económico y Social de Alicante;servicios;Resuelta;FURGONETAS DEMETRIO, S.L.;110,4;https://contrataciondelestado.es/wps/poc?uri=deeplink:detalle_licitacion&idEvl=l8JIubzf4tWcCF8sV%2BqtYA%3D%3D
Contratos menores;Suministros;Diputación Provincial de Zamora;suministros;Resuelta;FERTIBLEND S.L;110,32;https://contrataciondelestado.es/wps/poc?uri=deeplink:detalle_licitacion&idEvl=zPfsLjy9nTXN3k3tjedSGw%3D%3D
Contratos menores;GAPTO- Ropa trabajo operario S. Mantenimiento Gerencia;Dirección Gerencia de Atención Primaria de Toledo;suministros;Resuelta;CREACIONES VITOL, S,L.;107,97;https://contrataciondelestado.es/wps/poc?uri=deeplink:detalle_licitacion&idEvl=qtwtbXlvU4Vq1DdmE7eaXg%3D%3D
Contratos menores;Adquisición de publicaciones en soporte electrónico de Lefebvre-El Derecho;Secretaría General Técnica del Ministerio de Hacienda;suministros;Resuelta;LEFEBVRE-EL DERECHO SA;105,45;https://contrataciondelestado.es/wps/poc?uri=deeplink:detalle_licitacion&idEvl=FS%2B0nSrFMMmcCF8sV%2BqtYA%3D%3D
Contratos menores;Contrato de suministro de material de droguería necesario para el mantenimiento del Departamento de Urbanismo.;Alcaldía del Ayuntamiento de Tordesillas;suministros;Resuelta;HERNANDEZ LORENZO ANTONIO;104,63;https://contrataciondelestado.es/wps/poc?uri=deeplink:detalle_licitacion&idEvl=3ZuQfX5RiN82wEhQbcAqug%3D%3D
Contratos menores;Contrato menor suministro. Adquisición productos para el manenimiento de las plantas sembradas en los jardines públicos;Alcaldía de la Entidad Local Menor de Torrefresneda;suministros;Resuelta;AGRICAMPOS, S.L.;103,5;https://contrataciondelestado.es/wps/poc?uri=deeplink:detalle_licitacion&idEvl=v8sbLdWCF8CLAncw3qdZkA%3D%3D
Contratos menores;Suministros de productos sanitarios (material de parafarmacia) para los Hospitales o Centros;Director Gerente de FREMAP;suministros;Resuelta;MARIA SAN JOSE DIAZ;101,54;https://contrataciondelestado.es/wps/poc?uri=deeplink:detalle_licitacion&idEvl=5vg%2FlLh3atqqb7rCcv76BA%3D%3D
Contratos menores;Actuación musical para el pregón 2026.;Alcaldía del Ayuntamiento de San Fulgencio;servicios;Resuelta;CORAL VIRGEN DEL REMEDIO;100;https://contrataciondelestado.es/wps/poc?uri=deeplink:detalle_licitacion&idEvl=DDOF%2BP1UCGGAAM7L03kM8A%3D%3D
Contratos menores;Contrato menor de servicios- Recurso AEAT model 190;Alcaldía del Ayuntamiento de Castell de Cabres;servicios;Resuelta;ESTUDIO JURIDICO 4 SL;100;https://contrataciondelestado.es/wps/poc?uri=deeplink:detalle_licitacion&idEvl=wZaWCnOjMA5Vq4S9zvaQpQ%3D%3D
Contratos menores;Contrato menor de servicio de docencia de taller;Junta de Gobierno Local del Ayuntamiento de Guadix;servicios;Resuelta;VICTOR MANUEL MARCOS FORNIELES;99,17;https://contrataciondelestado.es/wps/poc?uri=deeplink:detalle_licitacion&idEvl=jaPl0sWPV4VrSd8H4b2soA%3D%3D
Contratos menores;Suscribir con Cositalnetwork un portal profesional que contiene servicios de consulta ágil y práctica, como guías y manuales, modelo y consultas resueltas, con la peculiaridad de que llevan sello colegial.;Alcaldia del Ayuntamiento de Tacoronte;servicios;Resuelta;CONSEJO GENERAL DE COSITAL;99,17;https://contrataciondelestado.es/wps/poc?uri=deeplink:detalle_licitacion&idEvl=tNldn3IF7a2cTfjQf3USOg%3D%3D
Contratos menores;Productos fitosanitarios;Alcaldía del Ayuntamiento de San Fulgencio;suministros;Resuelta;AGROSANFUL, S.L.;98,3;https://contrataciondelestado.es/wps/poc?uri=deeplink:detalle_licitacion&idEvl=cecXYUueGmOkU02jNGj1Fw%3D%3D
Contratos menores;Servicios de pequeñas reparaciónes de puertas automáticas;Director Gerente de FREMAP;servicios;Resuelta;MAGAIZ S A;95,87;https://contrataciondelestado.es/wps/poc?uri=deeplink:detalle_licitacion&idEvl=N2yZps5%2BXWXE6P%2FuLemXRw%3D%3D
Contratos menores;Suministro;Diputación Provincial de Zamora;suministros;Resuelta;FERTIBLEND S.L;95,22;https://contrataciondelestado.es/wps/poc?uri=deeplink:detalle_licitacion&idEvl=YIR3OZctD0lWhbmkna2nXQ%3D%3D
Contratos menores;Rollo mantel 1.2*50 Negro+Colores Spubond y portes;Presidencia de la Comarca de Cinco Villas;servicios;Resuelta;HOSENSER EJEA SLL;93,39;https://contrataciondelestado.es/wps/poc?uri=deeplink:detalle_licitacion&idEvl=IFSKa0XE3LYIYE3ZiZ%2BxmQ%3D%3D
Contratos menores;Reparación cristales puerta Ntra. Sra. Carmen CP;Junta de Gobierno del Ayuntamiento de Alguazas;servicios;Resuelta;CRISTALERIA FRANCISCO SANCHEZ, S.L.;91,09;https://contrataciondelestado.es/wps/poc?uri=deeplink:detalle_licitacion&idEvl=EQ6qDpK6XBr5Rey58Yagpg%3D%3D
Contratos menores;"7 placas I Certamen de Teatro aficionado ""San Agustín a escena"" octubre 2026.";Alcaldía del Ayuntamiento de San Agustín del Guadalix;suministros;Resuelta;ARTESANOS DEL CRISTAL SL;90,3;https://contrataciondelestado.es/wps/poc?uri=deeplink:detalle_licitacion&idEvl=2RS%2F4pz149VWhbmkna2nXQ%3D%3D
Contratos menores;Co-redacción de modificación de memoria valorada para Acondicionamiento de Vías y Espacios Públicos en Revillalcón;Alcaldía del Ayuntamiento de Salinillas de Bureba;servicios;Resuelta;FERNÁNDEZ RAMÍREZ, MARÍA JOSÉ;90;https://contrataciondelestado.es/wps/poc?uri=deeplink:detalle_licitacion&idEvl=bKjpq7rKKK%2BTylGzYmBF9Q%3D%3D
Contratos menores;Suministro de flores el 20-09-2026, con motivo de las fiestas patronales del barrio de S. Antonio.;Junta de Gobierno del Ayuntamiento de Murcia;suministros;Resuelta;COMERCIAL SOTO Y MAIQUEZ, S.L.;90;https://contrataciondelestado.es/wps/poc?uri=deeplink:detalle_licitacion&idEvl=mTXMkRz4KFJ9PLkba5eRog%3D%3D
Contratos menores;Adquisición de un armario portallaves y de una pizarra para la cocina del centro R.P. Suero de Quiñones.;Gerencia Territorial de Servicios Sociales de León;suministros;Resuelta;DAVIDOWN LEON, S.L.;86,15;https://contrataciondelestado.es/wps/poc?uri=deeplink:detalle_licitacion&idEvl=JuqV%2BpBBrYSOUi78BmzhOQ%3D%3D
Contratos menores;Adquisición de un cuenco de mármol blanco envejecido, realizado por un artesano de la región, para la promoción de la artesanía dentro de la campaña del día de la madre;Dirección Gerencia de la Empresa Pública de Promoción del Turismo y la Artesanía de Castilla-La Mancha (ETURIA), S.A.;suministros;Resuelta;SANCHEZ-ALARCOS CARRASCO, SEVERIANO;84,31;https://contrataciondelestado.es/wps/poc?uri=deeplink:detalle_licitacion&idEvl=JDhFnByU0dWGCFcHcNGIlQ%3D%3D
Contratos menores;Campaña de publicidad institucional de comunicación de ayudas a la internacionalización, que se publicará entre los días 15 al 21 de septiembre de 2026.;Consejería de la Presidencia de la Junta de Castilla y León;servicios;Resuelta;SILVIA RAPOSO OBISPO;84,3;https://contrataciondelestado.es/wps/poc?uri=deeplink:detalle_licitacion&idEvl=hzM%2BfPfk2sn10HRJw8TEnQ%3D%3D
Contratos menores;Campaña de publicidad institucional de comunicación de difusión del sistema de becas al estudio y residencia no universitarias, que se publicará entre los días 18 al 24 de septiembre de 2026.;Consejería de la Presidencia de la Junta de Castilla y León;servicios;Resuelta;ADMINISTRAS-AGRO 21 S.L.;84,3;https://contrataciondelestado.es/wps/poc?uri=deeplink:detalle_licitacion&idEvl=%2BFCnah9kclV9Zh%2FyRJgM8w%3D%3D
Contratos menores;Suministro de varios repuestos para reparación de un autobús del servicio de transporte urbano de Modus Rota.;Consejería Delegada de Movilidad y Desarrollo Urbano Sostenible, S.L., (MODUS ROTA);suministros;Resuelta;RECAMBIOS RM E HIJOS, S.L.;84;https://contrataciondelestado.es/wps/poc?uri=deeplink:detalle_licitacion&idEvl=C4MWyKy4sZqS81gZFETWmA%3D%3D
Contratos menores;Reparación de fuentes rotondas;Alcaldía del Ayuntamiento de Dénia;servicios;Resuelta;DEVESA TECNICAS Y COMERCIOS SL;83,33;https://contrataciondelestado.es/wps/poc?uri=deeplink:detalle_licitacion&idEvl=fJnwpt1ssisUqXM96WStVA%3D%3D
Contratos menores;Office Alcaldía Secadero;Alcaldía del Ayuntamiento de Casares;suministros;Resuelta;MARIA CARMEN ANTEQUERA MORALES;81,82;https://contrataciondelestado.es/wps/poc?uri=deeplink:detalle_licitacion&idEvl=Wk6O8WYoHb1VkTabT%2FRM8A%3D%3D
Contratos menores;Contrato menor de suministro de cinta de balizamiento;Alcaldía del Ayuntamiento de Sorbas;suministros;Resuelta;GUILLERMO GARCIA MUÑOZ S.L;81;https://contrataciondelestado.es/wps/poc?uri=deeplink:detalle_licitacion&idEvl=v3NI6q5Lvght5r0ngvMetA%3D%3D
Contratos menores;Suministros de papeleras;Alcaldia del Ayuntamiento de Paradas;suministros;Resuelta;YANG NAIJIAN;80,58;https://contrataciondelestado.es/wps/poc?uri=deeplink:detalle_licitacion&idEvl=6tZWJ1tF%2FpKkU02jNGj1Fw%3D%3D
Contratos menores;Alquiler de extintores para los conciertos del 30 de octubre;Alcaldía del Ayuntamiento de Valdepeñas;suministros;Resuelta;SISTEMAS DLD FIRE PROTECTION S.L;80;https://contrataciondelestado.es/wps/poc?uri=deeplink:detalle_licitacion&idEvl=bUQYARSbxBt6nTs9LZ9RhQ%3D%3D
Contratos menores;Reparación de Fluorescentes de la Casa Consistorial;Alcaldía del Ayuntamiento de Salinillas de Bureba;servicios;Resuelta;ELECTRICIDAD VIRGILIO, S.L.;79,35;https://contrataciondelestado.es/wps/poc?uri=deeplink:detalle_licitacion&idEvl=xRdHl%2BnNmydVYjgxA4nMUw%3D%3D
Contratos menores;Adquisición de un bolso, realizado por artesano de la región, para la promoción de la artesanía dentro de la campaña del día de la madre;Dirección Gerencia de la Empresa Pública de Promoción del Turismo y la Artesanía de Castilla-La Mancha (ETURIA), S.A.;suministros;Resuelta;Mihanyar, Hamid;78,51;https://contrataciondelestado.es/wps/poc?uri=deeplink:detalle_licitacion&idEvl=JDhFnByU0dV70UvEyYJSGw%3D%3D
Contratos menores;Material de oficina, tacos de sobremesa, portada de encuadernar, bolsa de plastificar, notas adhesivas y tampón almohadilla;Instituto Social de la Marina -Dirección Provincial de Huelva;suministros;Resuelta;TECNIDIB, C.B.;78,25;https://contrataciondelestado.es/wps/poc?uri=deeplink:detalle_licitacion&idEvl=OQ1y8%2BfQNEu2gkLQ8TeYKA%3D%3D
Contratos menores;Adquisicion de circuito de anestesia Aespire;Hospital Intermutual de Euskadi, Centro Mancomunado de Mutuas de Accidentes de Trabajo y Enfermadades Profesionales de la Seguridad Social;suministros;Resuelta;PRODUCTOS SANITARIOS GALLEGOS, S.L.;77,6;https://contrataciondelestado.es/wps/poc?uri=deeplink:detalle_licitacion&idEvl=ALwuW4ZLcNx70UvEyYJSGw%3D%3D
Contratos menores;GAPTO- Reposición de grifos monomandos aseo femenino GAP;Dirección Gerencia de Atención Primaria de Toledo;suministros;Resuelta;COMERCIAL FONCAMO S.A.;75,74;https://contrataciondelestado.es/wps/poc?uri=deeplink:detalle_licitacion&idEvl=62vef9igxXXmnwcj%2BxbdTg%3D%3D
Contratos menores;Suministro;Diputación Provincial de Zamora;suministros;Resuelta;FERTIBLEND S.L;75,54;https://contrataciondelestado.es/wps/poc?uri=deeplink:detalle_licitacion&idEvl=jo70seQWXulq1DdmE7eaXg%3D%3D
Contratos menores;Reparación del Parque del Cercado de Reyes;Alcaldía del Ayuntamiento de Aracena;suministros;Resuelta;SEÑALIZACIONES HUELVA, S.L.;75;https://contrataciondelestado.es/wps/poc?uri=deeplink:detalle_licitacion&idEvl=gfBh1lgCzRR9PLkba5eRog%3D%3D
Contratos menores;Enmarcación de 2 cuadros.;Junta de Gobierno Local del Ayuntamiento de Alicante;suministros;Resuelta;CUADROMARQ S.L;73,55;https://contrataciondelestado.es/wps/poc?uri=deeplink:detalle_licitacion&idEvl=bzlhw0b5yDheKgd8LfVV9g%3D%3D
Contratos menores;Suministro;Diputación Provincial de Zamora;suministros;Resuelta;FERTIBLEND S.L;72,98;https://contrataciondelestado.es/wps/poc?uri=deeplink:detalle_licitacion&idEvl=ZCjmy5fJL8JVYjgxA4nMUw%3D%3D
Contratos menores;Material de Riego para ensayo H3 - CAIA Aguacate;Presidencia del Instituto canario de Investigaciones Agrarias;suministros;Resuelta;AGRILEV TECNOLOGIA AVANZADA EN RIEG;72,8;https://contrataciondelestado.es/wps/poc?uri=deeplink:detalle_licitacion&idEvl=chhe0jCDeNeAAM7L03kM8A%3D%3D
Contratos menores;GAPTO- Bata de aislamiento talla estándar;Dirección Gerencia de Atención Primaria de Toledo;suministros;Resuelta;PRODUCTOS FAVESAN, S.A.;72;https://contrataciondelestado.es/wps/poc?uri=deeplink:detalle_licitacion&idEvl=NavyjFAhb8XECtSnloz%2BZQ%3D%3D
Contratos menores;Campaña de publicidad institucional de comunicación de difusión de las Enseñanzas de adultos, que se publicará entre los días 11 al 17 de septiembre de 2026.;Consejería de la Presidencia de la Junta de Castilla y León;servicios;Resuelta;ENRIQUE GOMEZ ARIENZA;71,9;https://contrataciondelestado.es/wps/poc?uri=deeplink:detalle_licitacion&idEvl=KSwusgE%2BjWA3vLk2DU2Ddg%3D%3D
Contratos menores;Campaña de publicidad institucional de comunicación de ayudas a la internacionalización, que se publicará entre los días 15 al 21 de septiembre de 2026.;Consejería de la Presidencia de la Junta de Castilla y León;servicios;Resuelta;ENRIQUE GOMEZ ARIENZA;71,9;https://contrataciondelestado.es/wps/poc?uri=deeplink:detalle_licitacion&idEvl=5U%2Fr8ceT5B39pbnDwlaUlg%3D%3D
Contratos menores;Contrato menor de servicios relativo al gasto de póliza de seguro, para el viaje a Argentina y Uruguay del 13 al 19 de septiembre de 2026, de D. Pedro González Delgado, Director Insular de Acción Exterior del Excmo. Cabildo Insular de Tenerife.;Dirección Insular de Acción Exterior del Cabildo Insular de Tenerife;servicios;Resuelta;MAPFRE ESPAÑA, COMPAÑÍA DE SEGUROS Y REASEGUROS, S.A.;67,48;https://contrataciondelestado.es/wps/poc?uri=deeplink:detalle_licitacion&idEvl=jz8oODEyX64eIBJRHQiPkQ%3D%3D
Contratos menores;Suministros;Diputación Provincial de Zamora;suministros;Resuelta;Maquinaria Giron S.L;67,3;https://contrataciondelestado.es/wps/poc?uri=deeplink:detalle_licitacion&idEvl=bQFyaYu3XfsmMOlAXxDEjw%3D%3D
Contratos menores;Silla de oficina - Descripcion completa en aclaraciones;Comisión Delegada de la Fundación para la Investigación Biomédica del Hospital Universitario La Paz;suministros;Resuelta;INFORMA.ACCESORIOS MADRILEÑOS, S.L.U.;66,94;https://contrataciondelestado.es/wps/poc?uri=deeplink:detalle_licitacion&idEvl=GAIDnhYBl6c36J9Lctlsuw%3D%3D
Contratos menores;Lona Banda y ojales 19 desempleados -área de Obras y Servicios;Alcaldía del Ayuntamiento de la Leal Villa de El Escorial;suministros;Resuelta;PRISMAFLEX IBERICA SA;65;https://contrataciondelestado.es/wps/poc?uri=deeplink:detalle_licitacion&idEvl=XolHPpvCsSTua%2Fi14w%2FPLA%3D%3D
Contratos menores;Contratación del suministro de 15 libretas personalizadas para el jurado de la gala María de Luna.;Concejalía Delegada de Hacienda del Ayuntamiento de la Pobla de Vallbona;suministros;Resuelta;SORIANO*FERNANDEZ,MARIA JOSE;64;https://contrataciondelestado.es/wps/poc?uri=deeplink:detalle_licitacion&idEvl=opxDdAgCIAucCF8sV%2BqtYA%3D%3D
Contratos menores;GAPTO- Ruletas de regulación para caudalimetro de oxígeno;Dirección Gerencia de Atención Primaria de Toledo;suministros;Resuelta;S.E. de Carburos Metálicos S. A.;61,8;https://contrataciondelestado.es/wps/poc?uri=deeplink:detalle_licitacion&idEvl=DGMfaVDUS2PyoM4us5k4vw%3D%3D
Contratos menores;Rollo de mantel 1.2*50 negro + colores spunbond;Presidencia de la Comarca de Cinco Villas;servicios;Resuelta;HOSENSER EJEA SLL;60,33;https://contrataciondelestado.es/wps/poc?uri=deeplink:detalle_licitacion&idEvl=AYLA0%2Fktex%2FIGlsa0Wad%2Bw%3D%3D
Contratos menores;GAPTO- Bombillas otoscopio manual;Dirección Gerencia de Atención Primaria de Toledo;suministros;Resuelta;MEDICAL LIGHTING, SL;60;https://contrataciondelestado.es/wps/poc?uri=deeplink:detalle_licitacion&idEvl=D6JjGRNr9zrs%2BnLj3vAg5A%3D%3D
Contratos menores;20 Carnets de caza socios, tamaño 8,5x5,4 cm. impresos a 1 tinta;Alcaldía del Ayuntamiento de Salinillas de Bureba;suministros;Resuelta;I.L.P. HERMOSILLA, S.L.;60;https://contrataciondelestado.es/wps/poc?uri=deeplink:detalle_licitacion&idEvl=fGpcgugMgWI2wEhQbcAqug%3D%3D
Contratos menores;Suministros de Material no sanitario, reposición de accesorios, útiles de cocina y comedor, material de limpieza, pequeño utillaje;Director Gerente de FREMAP;suministros;Resuelta;ALDI DOS HERMANAS SUPERMERCADO;59,47;https://contrataciondelestado.es/wps/poc?uri=deeplink:detalle_licitacion&idEvl=ExBVM80tURweIBJRHQiPkQ%3D%3D
Contratos menores;GAPTO- Microondas Cs Torrijos;Dirección Gerencia de Atención Primaria de Toledo;suministros;Resuelta;PUNTODOMESTICO TOLEDO SLL;57,02;https://contrataciondelestado.es/wps/poc?uri=deeplink:detalle_licitacion&idEvl=USyIHl7cJP6AAM7L03kM8A%3D%3D
Contratos menores;GAPTO- Microondas Cs Fuensalida;Dirección Gerencia de Atención Primaria de Toledo;suministros;Resuelta;PUNTODOMESTICO TOLEDO SLL;57,02;https://contrataciondelestado.es/wps/poc?uri=deeplink:detalle_licitacion&idEvl=dltmEm7Xh%2FPpxJFXpLZ%2B2A%3D%3D
Contratos menores;GAPTO- Microondas Cs Yepes;Dirección Gerencia de Atención Primaria de Toledo;suministros;Resuelta;PUNTODOMESTICO TOLEDO SLL;57,02;https://contrataciondelestado.es/wps/poc?uri=deeplink:detalle_licitacion&idEvl=zay8no7f%2FNA%2Bk2oCbDosIw%3D%3D
Contratos menores;mantenimiento camion speis;Junta de Gobierno Local del Ayuntamiento de Alicante;servicios;Resuelta;euromaster aotomocion y servicios;56,9;https://contrataciondelestado.es/wps/poc?uri=deeplink:detalle_licitacion&idEvl=ji3yrHfD4%2FOsNfRW6APEDw%3D%3D
Contratos menores;1 reconocimiento médico - bajo riesgo;Alcaldía del Ayuntamiento de Salinillas de Bureba;servicios;Resuelta;QUIRÓN PREVENCIÓN, S.L.U.;54,53;https://contrataciondelestado.es/wps/poc?uri=deeplink:detalle_licitacion&idEvl=f2VGb%2BM%2BI4oadbH3CysQuQ%3D%3D
Contratos menores;1 reconocimiento médico - alto riesgo;Alcaldía del Ayuntamiento de Salinillas de Bureba;servicios;Resuelta;QUIRÓN PREVENCIÓN, S.L.U.;54,53;https://contrataciondelestado.es/wps/poc?uri=deeplink:detalle_licitacion&idEvl=aRv%2FmP6hysd%2FR5QFTlaM4A%3D%3D
Contratos menores;manutencion unidad canina speis;Junta de Gobierno Local del Ayuntamiento de Alicante;servicios;Resuelta;MADAGASCAR MASCOTAS S.L.;53,07;https://contrataciondelestado.es/wps/poc?uri=deeplink:detalle_licitacion&idEvl=zKy3MQ10iAGTylGzYmBF9Q%3D%3D
Contratos menores;GAPTO- Almohada 90cm;Dirección Gerencia de Atención Primaria de Toledo;suministros;Resuelta;POLIGON,S.A.;52;https://contrataciondelestado.es/wps/poc?uri=deeplink:detalle_licitacion&idEvl=rZCLUPBE8AlSYrkJkLlFdw%3D%3D
Contratos menores;Gastos viaje;Hospital Virtual Valdecilla S.L.U.;servicios;Resuelta;NH HOTELES ESPAÑA S.A.;50,9;https://contrataciondelestado.es/wps/poc?uri=deeplink:detalle_licitacion&idEvl=mCDQt8WP4zKzz8fXU2i3eQ%3D%3D
Contratos menores;GAPTO- Cuota conexión alarmas centros julio 2026;Dirección Gerencia de Atención Primaria de Toledo;servicios;Resuelta;VITEN SEGURIDAD S.L.;48;https://contrataciondelestado.es/wps/poc?uri=deeplink:detalle_licitacion&idEvl=5IipopKfpzoQyBAnWzHfCg%3D%3D
Contratos menores;Arrendamiento;Hospital Virtual Valdecilla S.L.U.;servicios;Resuelta;Siemens Financial Services, S.A.U.;48;https://contrataciondelestado.es/wps/poc?uri=deeplink:detalle_licitacion&idEvl=AmmWCzvD45jCfVQHDepjGQ%3D%3D
Contratos menores;529/26. Subministro de luvas para os operarios dos servizos de limpeza de praias;Presidencia del Organismo Autónomo Terra de Sanxenxo;suministros;Resuelta;Prefabricados Dena, S.L.;47,16;https://contrataciondelestado.es/wps/poc?uri=deeplink:detalle_licitacion&idEvl=EKua4QF4i7%2B9Hd5zqvq9cg%3D%3D
Contratos menores;Compra de productos varios con los premios de las campañas de comercios locales durante el año 2022;Alcaldía del Ayuntamiento de El Campillo;suministros;Resuelta;BAZAR EL MORITO;44,83;https://contrataciondelestado.es/wps/poc?uri=deeplink:detalle_licitacion&idEvl=fAmUe240hMbyoM4us5k4vw%3D%3D
Contratos menores;suministro material constucción y jardinería para Escuela Taller;Presidencia Delegada de la Agencia Local de Desarrollo Económico y Social de Alicante;suministros;Resuelta;SIRVENT E HIJOS, S.L.;44,75;https://contrataciondelestado.es/wps/poc?uri=deeplink:detalle_licitacion&idEvl=QV2hss5L8UFxseVhcqrkhw%3D%3D
Contratos menores;Contratación del suministro de agua mineral para el desfile del 9 de octubre.;Concejalía Delegada de Hacienda del Ayuntamiento de la Pobla de Vallbona;suministros;Resuelta;DISTRIBUCIONES JOSE LUIS LATORRE CIVERA;42,41;https://contrataciondelestado.es/wps/poc?uri=deeplink:detalle_licitacion&idEvl=KbBw60srJpGOUi78BmzhOQ%3D%3D
Contratos menores;La adquisición de material Bibliográfico para la Biblioteca Pública de Zamora.;Servicio Territorial de Cultura y Turismo de Zamora;suministros;Resuelta;ADMINISTRAS-AGRO 21 S.L.;38,46;https://contrataciondelestado.es/wps/poc?uri=deeplink:detalle_licitacion&idEvl=%2FjZbdWgGh5J9PLkba5eRog%3D%3D
Contratos menores;Verificación de 4 extintores;Alcaldía del Ayuntamiento de Salinillas de Bureba;servicios;Resuelta;EXTINBUR, S.L.;37,04;https://contrataciondelestado.es/wps/poc?uri=deeplink:detalle_licitacion&idEvl=TtYPWyoUuszgL1BHd3qjQA%3D%3D
Contratos menores;Servicio de TPV;Alcaldía del Concello de Foz;servicios;Resuelta;BANCO SABADELL SA;36;https://contrataciondelestado.es/wps/poc?uri=deeplink:detalle_licitacion&idEvl=LajOR%2BhY0O7gL1BHd3qjQA%3D%3D
Contratos menores;Combustible gasoil para tractor;Alcaldía del Ayuntamiento de Salinillas de Bureba;suministros;Resuelta;SUMINISTROS AGROBUREBA, S.L.;35,98;https://contrataciondelestado.es/wps/poc?uri=deeplink:detalle_licitacion&idEvl=ibohBvUSVF9rhBlEHQFSKA%3D%3D
Contratos menores;Suministros;Diputación Provincial de Zamora;suministros;Resuelta;FERTIBLEND S.L;35,41;https://contrataciondelestado.es/wps/poc?uri=deeplink:detalle_licitacion&idEvl=sW2y%2F9QoewU3vLk2DU2Ddg%3D%3D
Contratos menores;Suministros varios;Alcaldia del Ayuntamiento de Paradas;suministros;Resuelta;YANG NAIJIAN;34,46;https://contrataciondelestado.es/wps/poc?uri=deeplink:detalle_licitacion&idEvl=K1gjzAV4eS7VGIpKDxgsAQ%3D%3D
Contratos menores;Suministro de material diverso: mando mhz sys. rmc-265chml multicode para brigada de parque movil;Junta de Gobierno Local del Ayuntamiento de Alicante;suministros;Resuelta;FERRETERIA FLORIDA, S.L.;31,58;https://contrataciondelestado.es/wps/poc?uri=deeplink:detalle_licitacion&idEvl=ipsASalA%2BtTE6P%2FuLemXRw%3D%3D
Contratos menores;Suministro productos alimentarios para Escuela Taller;Presidencia Delegada de la Agencia Local de Desarrollo Económico y Social de Alicante;suministros;Resuelta;CODIPAN, S.L.;31,4;https://contrataciondelestado.es/wps/poc?uri=deeplink:detalle_licitacion&idEvl=Jm3M3cOdCPf5Rey58Yagpg%3D%3D
Contratos menores;"Cuchillete ""straight knife"" 30º";Hospital Intermutual de Euskadi, Centro Mancomunado de Mutuas de Accidentes de Trabajo y Enfermadades Profesionales de la Seguridad Social;suministros;Resuelta;AJL OPHTHALMIC, S.A.;31;https://contrataciondelestado.es/wps/poc?uri=deeplink:detalle_licitacion&idEvl=Wn2GnJe0nXDyoM4us5k4vw%3D%3D
Contratos menores;Servicios de envío de folletos y material promocional al evento OVA, jóvenes talentos de gastronomía 2026;Dirección Gerencia de la Empresa Pública de Promoción del Turismo y la Artesanía de Castilla-La Mancha (ETURIA), S.A.;servicios;Resuelta;CENCAL TRANSPORT TOLEDO EXPRESS, S.L.;30,96;https://contrataciondelestado.es/wps/poc?uri=deeplink:detalle_licitacion&idEvl=Aq4O41Fn%2B0mHCIsjvJ3rhQ%3D%3D
Contratos menores;compra de material de mantenimiento CENTRO DE DÍA.;Alcaldía del Ayuntamiento de Tordesillas;suministros;Resuelta;HERNANDEZ LORENZO ANTONIO;28,56;https://contrataciondelestado.es/wps/poc?uri=deeplink:detalle_licitacion&idEvl=b7NrWmxiIX%2BHCIsjvJ3rhQ%3D%3D
Contratos menores;Suministros;Diputación Provincial de Zamora;suministros;Resuelta;S. COOP LTDA BAJO DUERO;27;https://contrataciondelestado.es/wps/poc?uri=deeplink:detalle_licitacion&idEvl=vVtHHSsNalQadbH3CysQuQ%3D%3D
Contratos menores;Adquisición de canula retrobulbar;Hospital Intermutual de Euskadi, Centro Mancomunado de Mutuas de Accidentes de Trabajo y Enfermadades Profesionales de la Seguridad Social;suministros;Resuelta;AJL OPHTHALMIC, S.A.;26,14;https://contrataciondelestado.es/wps/poc?uri=deeplink:detalle_licitacion&idEvl=XcKIGSbpHExQFSeKCRun4Q%3D%3D
Contratos menores;Combustible gasoil para tractor;Alcaldía del Ayuntamiento de Salinillas de Bureba;suministros;Resuelta;SUMINISTROS AGROBUREBA, S.L.;24,79;https://contrataciondelestado.es/wps/poc?uri=deeplink:detalle_licitacion&idEvl=Fmra72z7CN4kJPJS%2BPS9vg%3D%3D
Contratos menores;Compra de material de pintura para PMFE;Alcaldía del Ayuntamiento de Tordesillas;suministros;Resuelta;HERNANDEZ LORENZO ANTONIO;24,22;https://contrataciondelestado.es/wps/poc?uri=deeplink:detalle_licitacion&idEvl=mL3rsJ9BYIm5HQrHoP3G5A%3D%3D
Contratos menores;manutencion unidad canina speis;Junta de Gobierno Local del Ayuntamiento de Alicante;servicios;Resuelta;MADAGASCAR MASCOTAS S.L.;23,18;https://contrataciondelestado.es/wps/poc?uri=deeplink:detalle_licitacion&idEvl=VVIxZAkc%2BUvzAq95uGTrDQ%3D%3D
Contratos menores;Servicios de organización de actos y reuniones con personal de la Entidad;Director Gerente de FREMAP;servicios;Resuelta;MERCADONA, S.A.;22,28;https://contrataciondelestado.es/wps/poc?uri=deeplink:detalle_licitacion&idEvl=3HDSq4lTlMTs%2BnLj3vAg5A%3D%3D
Contratos menores;Compra Auriculares USB PC con Micrófono Cancelación de Ruido y Controles de Audio|B07W123FTX;Gerencias de los Institutos de la Agencia Estatal Consejo Superior de Investigaciones Científicas;suministros;Resuelta;AMAZON BUSINESS EU SARL SUCURSAL EN ESPAÑA;22,16;https://contrataciondelestado.es/wps/poc?uri=deeplink:detalle_licitacion&idEvl=AKZNBsJuQ6z%2B3JAijKO%2Bkg%3D%3D
Contratos menores;Suministros;Diputación Provincial de Zamora;suministros;Resuelta;Marcial Roncero De la Fuente;21,36;https://contrataciondelestado.es/wps/poc?uri=deeplink:detalle_licitacion&idEvl=%2BHlfHmK8ualJ8Trn0ZPzLw%3D%3D
Contratos menores;Combustible gasoil para tractor;Alcaldía del Ayuntamiento de Salinillas de Bureba;suministros;Resuelta;SUMINISTROS AGROBUREBA, S.L.;20,27;https://contrataciondelestado.es/wps/poc?uri=deeplink:detalle_licitacion&idEvl=appjsvBfZyOLAncw3qdZkA%3D%3D
Contratos menores;Suministros de material, accesorios, repuestos y recambios (no sanitarios);Director Gerente de FREMAP;suministros;Resuelta;CEMYA;16,53;https://contrataciondelestado.es/wps/poc?uri=deeplink:detalle_licitacion&idEvl=tVcZbKTrlji9Hd5zqvq9cg%3D%3D
Contratos menores;Suministros;Diputación Provincial de Zamora;suministros;Resuelta;FERTIBLEND S.L;15,87;https://contrataciondelestado.es/wps/poc?uri=deeplink:detalle_licitacion&idEvl=%2Be5I15tdtQSIzo3LHNPGcQ%3D%3D
Contratos menores;Productos de limpieza para Escuela Infantil Municipal;Alcaldía del Ayuntamiento de San Fulgencio;suministros;Resuelta;NOELIA TRIGUEROS JOVER;13,8;https://contrataciondelestado.es/wps/poc?uri=deeplink:detalle_licitacion&idEvl=CKOtlv5N4ko7%2B9FIQYNjeQ%3D%3D
Contratos menores;GAPTO- Báscula Cs Buenavista;Dirección Gerencia de Atención Primaria de Toledo;suministros;Resuelta;PUNTODOMESTICO TOLEDO SLL;13,22;https://contrataciondelestado.es/wps/poc?uri=deeplink:detalle_licitacion&idEvl=zay8no7f%2FNAUqXM96WStVA%3D%3D
Contratos menores;Mantenimiento y realización de fotocopias en diversas dependencias del Servicio de Cultura en el ejercicio 2026. Centro de Cultura Audiovisual 20/02/2026 - 20/03/2026.;Consejería de Gobierno de Cultura del Cabildo de Gran Canaria;servicios;Resuelta;KANARINOLTA, S.L.;12,68;https://contrataciondelestado.es/wps/poc?uri=deeplink:detalle_licitacion&idEvl=QMYvzLxXh2nECtSnloz%2BZQ%3D%3D
Contratos menores;Servicios;Diputación Provincial de Zamora;servicios;Resuelta;JUAN JOSE LEDESMA S.A;11,51;https://contrataciondelestado.es/wps/poc?uri=deeplink:detalle_licitacion&idEvl=oK3oRXx9MAX%2Fa9DgO%2BoYKQ%3D%3D
Contratos menores;GAPTO- Envio al Centro Nacional de Dosiometria para lectura de dosímetros profesionales de Odontología julio;Dirección Gerencia de Atención Primaria de Toledo;servicios;Resuelta;PAQUEXPRESS URGENTE, S.L.;10,66;https://contrataciondelestado.es/wps/poc?uri=deeplink:detalle_licitacion&idEvl=s5bgMLc5OzWFlFRHfEzEaw%3D%3D
Contratos menores;Servicios de Transporte de pacientes para recibir asistencia sanitaria en medios ordinarios taxi,tren, autobús, minibús, metro,... y avión o barco no medicalizado para Ceuta, Melilla o provincias Insulares.;Director Gerente de FREMAP;servicios;Resuelta;AUTO-TAXI CATARROJA L'HORTA SUD, S.L.;10,45;https://contrataciondelestado.es/wps/poc?uri=deeplink:detalle_licitacion&idEvl=i9M2scyVxORSYrkJkLlFdw%3D%3D
Contratos menores;Suministros;Diputación Provincial de Zamora;suministros;Resuelta;Recambios Zamora S.L;8,75;https://contrataciondelestado.es/wps/poc?uri=deeplink:detalle_licitacion&idEvl=DQJMqD%2Ffz%2BmGCFcHcNGIlQ%3D%3D
Contratos menores;Suministros diversos;Alcaldia del Ayuntamiento de Paradas;suministros;Resuelta;YANG NAIJIAN;6,28;https://contrataciondelestado.es/wps/poc?uri=deeplink:detalle_licitacion&idEvl=K6dPf%2BI2cgCTylGzYmBF9Q%3D%3D
Contratos menores;Guantes de seguridad;Alcaldía del Ayuntamiento de San Fulgencio;suministros;Resuelta;AGROSANFUL, S.L.;6;https://contrataciondelestado.es/wps/poc?uri=deeplink:detalle_licitacion&idEvl=A%2Be%2BEYXHUs%2BFlFRHfEzEaw%3D%3D
Contratos menores;Suministro material para dependencia piscina vía parque se al luminiscente evacuación botiquín;Junta de Gobierno Local del Ayuntamiento de Alicante;suministros;Resuelta;RA Comunicación Visual SL;5,7;https://contrataciondelestado.es/wps/poc?uri=deeplink:detalle_licitacion&idEvl=upMnXxVcLAZ9Zh%2FyRJgM8w%3D%3D
Contratos menores;Suministros de ortoprotesis y otras prestaciones con expediente asociado;Director Gerente de FREMAP;suministros;Resuelta;LAURA SANCHEZ - FARMACIA;4,96;https://contrataciondelestado.es/wps/poc?uri=deeplink:detalle_licitacion&idEvl=crtQpVsWTWvCfVQHDepjGQ%3D%3D
Contratos menores;Servicio transporte;Hospital Virtual Valdecilla S.L.U.;servicios;Resuelta;JOSE LUIS CABADAS GONZALEZ;4,45;https://contrataciondelestado.es/wps/poc?uri=deeplink:detalle_licitacion&idEvl=JK5V%2B5wmCei2gkLQ8TeYKA%3D%3D
Contratos menores;Servicio de copia de documentos en formato especial;Alcaldía del Ayuntamiento de Illescas;servicios;Resuelta;TOLEDANA SUMINISTROS DE PAPELERÍA S.L.;4,05;https://contrataciondelestado.es/wps/poc?uri=deeplink:detalle_licitacion&idEvl=yVT91pZgOpSKeVWTb9Scog%3D%3D
Contratos menores;GAPTO- Copias de llaves para el Cs Esquivias;Dirección Gerencia de Atención Primaria de Toledo;suministros;Resuelta;AGUIFOT, S.L. (FERRETERIA LAS TORRES 2000);4;https://contrataciondelestado.es/wps/poc?uri=deeplink:detalle_licitacion&idEvl=lNXH84jOBfb9pbnDwlaUlg%3D%3D
Contratos menores;Suministros conservación-maquinaria;Diputación Provincial de Zamora;suministros;Resuelta;ESTRATEGIASD BIGMAT SLU;4;https://contrataciondelestado.es/wps/poc?uri=deeplink:detalle_licitacion&idEvl=dcpQ9zIS99ukU02jNGj1Fw%3D%3D
Contratos menores;Suministro de agua mineral natural mediante fuentes refrigeradoras, vasos desechables y botellones para los centros de producción de Corporación Aragonesa de Radio y Televisión;Corporación Aragonesa de Radio y Televisión;suministros;Resuelta;VIVA AQUA SERVICE SPAIN, SA;0;https://contrataciondelestado.es/wps/poc?uri=deeplink:detalle_licitacion&idEvl=2n%2FU9sZ4vSo7u6%2B%2FR7DUoA%3D%3D
Contratos menores;"contrato menor de servicios - contrato menor servicio obra de teatro ""manda a tu madre a sevilla"" dia 13 de agosto de 2026 teatro montemar";Alcaldía del Ayuntamiento de Baeza;servicios;Resuelta;SERGIO GONZALEZ CHAMORRO;0;https://contrataciondelestado.es/wps/poc?uri=deeplink:detalle_licitacion&idEvl=K%2BhDTZuAcoE2wEhQbcAqug%3D%3D
Contratos menores;Obra de instalación de cercado metálico para la delimitación de zonas de esparcimiento canino en el término municipal de Arganda del Rey (Madrid);Alcaldía del Ayuntamiento de Arganda del Rey;obras;Resuelta;—;;https://contrataciondelestado.es/wps/poc?uri=deeplink:detalle_licitacion&idEvl=KmVFHZ3e1eh%2FR5QFTlaM4A%3D%3D
Contratos menores;Reforma del pavimento del patio del acuartelamiento de la Guardia Civil de Coín;Comandancia Guardia Civil de Málaga;obras;Resuelta;—;;https://contrataciondelestado.es/wps/poc?uri=deeplink:detalle_licitacion&idEvl=WaQ5mIX9r%2FI%2Bk2oCbDosIw%3D%3D
Contratos menores;Suministro de vallas en el recinto de celebración de las Fiestas de Aluche de 2026.;Distrito de Latina;suministros;Resuelta;—;;https://contrataciondelestado.es/wps/poc?uri=deeplink:detalle_licitacion&idEvl=hpxijnu3yNHVGIpKDxgsAQ%3D%3D
Contratos menores;Reparación cuadro de maniobra del ascensor RAE 102283A instalado en la CID Chamartín;Área de Gobierno de Vicealcaldía, Portavoz, Seguridad y Emergencias del Ayuntamiento de Madrid;servicios;Resuelta;—;;https://contrataciondelestado.es/wps/poc?uri=deeplink:detalle_licitacion&idEvl=5eL%2Fa5bFlqMIYE3ZiZ%2BxmQ%3D%3D
Contratos menores;Obras de reforma de baños en planta baja y primera en CEIP Carmen de Burgos en Cabra Córdoba;Alcaldía del Ayuntamiento de Cabra;obras;Resuelta;—;;https://contrataciondelestado.es/wps/poc?uri=deeplink:detalle_licitacion&idEvl=eUXxSd09FuUeIBJRHQiPkQ%3D%3D
Contratos menores;Reparación puerta de acceso de vehículos del Acuartelamiento de Moriles;Comandancia Guardia Civil de Córdoba;obras;Resuelta;—;;https://contrataciondelestado.es/wps/poc?uri=deeplink:detalle_licitacion&idEvl=Ur5QAMTXDVLi0Kd8%2Brcp6w%3D%3D
