Tipo;Título;Órgano;Tipo;Estado;Adjudicatario;Plazo hasta;Importe (€);Enlace
Adjudicaciones;Servicio de vigilancia para la seguridad en la red de Metro;Metro de Madrid, S.A.;servicios;Resuelta;PROSEGUR SOLUCIONES INTEGRALES DE SEGURIDAD ESPAÑA, S.L., SEGURISA, SERVICIOS INTEGRALES DE SEGURIDAD, S.A., SURESTE SEGURIDAD, S.L., SICOR SEGURIDAD EL CORTE INGLES, S.L., I-SEC SPAIN AVIATION SECURITY, S.L.;;219081151,69;https://contratos-publicos.comunidad.madrid/contrato-publico/servicio-vigilancia-seguridad-red-metro
Adjudicaciones;078/ise/2024/sc acuerdo marco de obras;Agencia Pública Andaluza de Educación;obras;Resuelta;CONSTRUCCIONES DE OBRAS Y EDIFICACIONES MONTEAGUD SOCIEDAD LIMITADA, EXCAVACIONES LOS MELLIZOS SL, UTE OBRASERV-DL, S.L. - PABLO RODRÍGUEZ, S.L, FACTO ALMERIENSE DE CONSTRUCCIONES Y OBRAS PUBLICAS SA, ASCH INFRAESTRUCTURAS Y SERVICIOS, S.A., EMPRESA CONSTRUCTORA EJUCA SA, VIVENDIO SOSTENIBILIDAD ENERGÉTICA S.L., UTE CONSTRUCCIONES RODRIGUEZ CIVICO SL CONSTRUCCIONES ANTROJU SL, UTE CONSTRUCCIONES GALLARDO BARRERA SOCIEDAD LIMITADA CONSTRUCCIONES RETORTILLO DOMINGUEZ SL, CONSTRUCCIONES MOGILBA SL, UTE CONSTRUCCIONES GALLARDO BARRERA SOCIEDAD LIMITADA SEDEÑO MUÑOZ SOCIEDAD LIMITADA CONSTRUCCIONES RETORTILLO DOMINGUEZ SL, CONSTRUCCIONES ANTROJU SL, CONSTRUCCIONES SERROT SA, ELECNOR SERVICIOS Y PROYECTOS S.A.U., UTE 2007 ALTO LA ERA CONSTRUCCIONES SL CONSTRUCCIONES MANUEL ZAMBRANO SA, UTE GESTION, PROYECTOS Y OBRAS DEL SUR SL ROFEZ CONSTRUCCIONES SL, CONSTRUCCIONES CALDERON SOCIEDAD LIMITADA, VIALTERRA INFRAESTRUCTURAS SOCIEDAD ANONIMA, PROCYR EDIFICACION Y URBANISMO SL, CONSTRUCCIONES Y REFORMAS INTEGRALES DEL SUR SL, CONSTRUCCIONES ANTONIO JESUS SL, SERVEO SERVICIOS, S.A.U., UTE CONSTRUCCIONES GALLARDO BARRERA SOCIEDAD LIMITADA CONSTRUCCIONES RETORTILLO DOMINGUEZ SL TECNOLOGIA COOPERATIVA S. COOP. AND., NACIMIENTO, INFRAESTRUCTURAS Y MEDIOAMBIENTE SOCIEDAD LIMITADA, UTE ALBAIDA INFRAESTRUCTURAS SA OBRAS Y SERVICIOS PUBLICOS SA, ANFRASA SL, CONSTRUCCIONES UXCAR-97 SL, PRODESUR CONSTRUCCION Y PROYECTOS , S.L., ACSA OBRAS E INFRAESTRUCTURAS SAU, URBANA INFRAESTRUCTURAS E INGENIERIA SOCIEDAD LIMITADA, GUAMAR SA, UTE MAYFRA OBRAS Y SERVICIOS SOCIEDAD LIMITADA DESARROLLA OBRAS Y SERVICIOS SL, GRUPOCOPSA S.L., UTE SUMINISTROS ASFALTICOS SL CONSTRUCCIONES GLESA SA, JARQUIL CONSTRUCCIÓN, S.A., CONSTRUCCIONES MANUEL ZAMBRANO SA, SEDEÑO MUÑOZ SOCIEDAD LIMITADA, GESTION DE VIVIENDAS VERA CRUZ, S.L., 2007 ALTO LA ERA CONSTRUCCIONES SL, UTE SEDEÑO MUÑOZ SOCIEDAD LIMITADA CONSTRUCCIONES GALLARDO BARRERA SOCIEDAD LIMITADA, UTE 2007 ALTO LA ERA CONSTRUCCIONES SL HIJOS DE MANUEL MOLINA LOPEZ SDAD COOP ANDALUZA, CONSTRUCCIONES RASCON SLU, GRUPO TORRES & OCAÑA SOCIEDAD LIMITADA, BIBIAN MORENO MESSIA OBRAS Y SERVICIOS SOCIEDAD LIMITADA, EXCAVACIONES TORRES MOLINA SOCIEDAD LIMITADA, UTE SEDEÑO MUÑOZ SOCIEDAD LIMITADA CONSTRUCCIONES ANTONIO CABALLERO GALLARDO SOCIEDAD LIMITADA, UTE BLAS TORRES GUTIERREZ SOCIEDAD LIMITADA MEISUR TECHNOLOGICAL SOLUTIONS SOCIEDAD LIMITADA, CONICA DE OBRAS Y SERVICIOS SOCIEDAD LIMITADA, CONSTRUCCIONES GALLARDO BARRERA SOCIEDAD LIMITADA, DEYPLAD PROYECTOS Y CONTRATAS SOCIEDAD LIMITADA LABORAL, UTE 2007 ALTO LA ERA CONSTRUCCIONES SL OBRAS GENERALES DEL NORTE, SA, DIZU SL, CONSTRUCCIONES J. LORENZO, S.L., AGUAEMA SOCIEDAD LIMITADA, AVANZASI SOCIEDAD LIMITADA, UTE Azogue Ingenieria S.L. INSTALACIONES ELECTRICAS CUETO S.L. INVESIA CONSTRUCCION Y SERVICIOS S.L.U., ROFEZ CONSTRUCCIONES SL, GESTION, PROYECTOS Y OBRAS DEL SUR SL, UTE COMSA -REFERMO Y OBRAS, S.L., ECSA OBRA PUBLICA Y CIVIL SL, CONSTRUCCIONES T. ARJONA, S.L., UTE HIJOS DE MANUEL MOLINA LOPEZ SDAD COOP ANDALUZA REVESTIMIENTOS RUIZ SL, SARDALLA ESPAÑOLA SA, COMONSA SUR SL, UTE CONSTRUCCIONES GALLARDO BARRERA SOCIEDAD LIMITADA TECNOLOGIA COOPERATIVA S. COOP. AND., ISTEM, S.L., UTE AGUAS CAMINOS Y PUENTES SL MINUSWAT SOLUCIONES DE AHORRO ENERGETICO SL, SERVICIOS TECNICOS NAPAL SL, JICA ANDALUZA OBRAS Y SERVICIOS SOCIEDAD LIMITADA;;197312940;https://www.juntadeandalucia.es/haciendayadministracionpublica/apl/pdc_sirec/perfiles-licitaciones/detalle-licitacion.jsf?idExpediente=766165
Adjudicaciones;servicio público de comedor escolar y prai;Agencia Pública Andaluza de Educación;servicios;Resuelta;"ALESSA CATERING SERVICES SAU, COMERTEL, SA, ASOC DE PADRES DE ALUMNOS AMIGOS DE UNA, SERVEI D&apos;APATS SL, RESTAURACION Y CATERING HERMANOS GONZALEZ SL, MEDITERRANEA CATERING SL, ARAMARK SERVICIOS DE CATERING SL (SOCIEDAD UNIPERSONAL), ASOC DE MADRES Y PADRES DEL ALUMNADO PITACO DEL CEIP EUROPA, CATERING EL CANTARO SL, SERUNION SA";;134025049,04;https://www.juntadeandalucia.es/haciendayadministracionpublica/apl/pdc_sirec/perfiles-licitaciones/detalle-licitacion.jsf?idExpediente=670825
Adjudicaciones;Fijar las condiciones de la contratación de empresas y profesionales para la realización de los servicios de redacción de proyecto, actualización de proyecto, dirección facultativa y coordinación de seguridad y salud, así como otros servicios de ingeniería especializada en materia de geología, geotecnia, levantamiento topográfico, tratamientos o auscultación del terreno.;Consejería de Presidencia, Justicia y Administración Local;servicios;Resuelta;AGORA INGENIERIA SERVICIOS Y PREVENCIÓN, S.L., INVESTIGACIÓN Y CONTROL DE CALIDAD, S.A., SANJURJO ARQUITECTOS, S.L.P., UTE GADES MADRID TG-TG4, TRECHOBS CONSULTORES, S.L, BUSTREN PM, S.L., ALOTARK ARQUITECTOS Y CONSULTORES, S.L., RUIZ LARREA ARQUITECTURA, S.L.P., SOCOTEC ENGINEERING SOLUTIONS SPAIN, S.L.U., VIARIUM INGENIERIA, S.L,, KREAN S COOPERATIVA., OMICRON AMEPRO, S.A., UTE INFRACAM, URBINGES AMBIENTAL, S.L., UTE LOTE 3 APPLUS-ANTEA, GESTIÓN INTEGRAL DEL SUELO, S.L., RICO Y VIDAL INGENIERIA CONSTRUCCIÓN Y SERVICIOS, S.L., PROYECTOS Y CONSTRUCCIONES GOA, S.L., GRUSAMAR INGENIERIA Y CONSULTING, S.L., INCO ESTUDIO TÉCNICO, S.L., PROTECNO, S.A., TÉCNICA Y PROYECTOS, S.A., UTE CALIDAD LOTE 5, EPTISA SERVICIOS DE INGENIERIA, S.L.;;65085394,19;https://contratos-publicos.comunidad.madrid/contrato-publico/acuerdo-marco-servicios-redaccion-proyectos-direccion-facultativa-coordinacion
Adjudicaciones;apoyo a la lucha contra i.f. helicop. de mas de 12 comb. y lanz. agua 21-25;Consejería de Agricultura, Ganadería, Pesca y Desarrollo Sostenible. Dirección General de Medio Natural, Biodiversidad y Espacios Protegidos;servicios;Resuelta;BABCOCK MCS ESPAÑA Y BABCOCK MCS GALICIA ANDALUCIA 2021-2025, BABCOCK MISSION CRITICAL SERVICES E SAU;;46885922,28;https://www.juntadeandalucia.es/haciendayadministracionpublica/apl/pdc_sirec/perfiles-licitaciones/detalle-licitacion.jsf?idExpediente=000000258734
Adjudicaciones;Servicios de gestión de las guarderias Municipales 2 LOTES;Ajuntament de l'Hospitalet de Llobregat;servicios;Resuelta;SERVEIS EDUCATIUS CAVALL DE CARTRÓ, SL, INCOOP, SCCL;;17030334,83;https://contractaciopublica.cat/es/detall-publicacio/107ae773-fac1-4c76-83cf-c58c7fc52563/300893513
Adjudicaciones;CI de carreteras del centro de conservación de Mugairi 2027-2030;la Directora General de Obras Públicas e Infraestructuras;obras;Adjudicada;CONSTRUCCIONES MARIEZCURRENA SL;;16264462,81;https://hacienda.navarra.es/sicpportal/ctaDatosAdjudicacion.aspx?cod=8388&Ticket=261005083454EB61ED9E
Adjudicaciones;Servicio de mantenimiento y proyectos de infraestructuras de redes de cableado estructurado, equipos de climatización y SAI de las salas técnicas de la Comunidad de Madrid (2 lotes).;Agencia para la Administración Digital de la Comunidad de Madrid;servicios;Resuelta;UTE: ALTIA CONSULTORES S.A. - VIARIUM INGENIERÍA, S.L., TECNOLOGIAS PLEXUS S.L.;;10035475,44;https://contratos-publicos.comunidad.madrid/contrato-publico/servicio-mantenimiento-proyectos-infraestructuras-redes-cableado-estructurado
Adjudicaciones;Gestión de los programas, servicios y actuaciones de prevención de la dependencia, promoción de la autonomía y participación social en los centros Bizan;Ayuntamiento de Vitoria-Gasteiz-Junta de Gobierno Local;servicios;Resuelta;SIRIMIRI, SERVICIOS SOCIO-CULTURALES, S.L.;;8695000;https://www.contratacion.euskadi.eus/webkpe00-kpeperfi/es/contenidos/anuncio_contratacion/expjaso587219/es_doc/index.html
Adjudicaciones;Obras de Reforma del Bloque Quirúrgico del Hospital del Bidasoa;OSAKIDETZA - Servicio Vasco de Salud -Director General;obras;Resuelta;ERAIKUNTZA BIRGAIKUNTZA ARTAPENA, S.L.;;8364013,77;https://www.contratacion.euskadi.eus/webkpe00-kpeperfi/es/contenidos/anuncio_contratacion/exposakisap2025001356/es_doc/index.html
Adjudicaciones;cbam gilead/01 (málaga) acuerdo marco, con una única empresa, por lote, por el que se fijan las condiciones para el suministro de tracto sucesivo y precio unitario de medicamentos exclusivos utilizados en los centros sanitarios del servicio andaluz de salud. expediente 0000578/2025 (cca +6.i+e9q8j);Servicio Andaluz de Salud;suministros;Resuelta;GILEAD SCIENCES SL;;6153846,15;https://www.juntadeandalucia.es/haciendayadministracionpublica/apl/pdc_sirec/perfiles-licitaciones/detalle-licitacion.jsf?idExpediente=1013822
Adjudicaciones;Servicios auxiliares de atención;Grupo Euskal Irrati Telebista-Director/a General de EITB;servicios;Adjudicada;ALSE SERVICIOS AUXILIARES, S.L.;;4805539,2;https://www.contratacion.euskadi.eus/webkpe00-kpeperfi/es/contenidos/anuncio_contratacion/expjaso700470/es_doc/index.html
Adjudicaciones;"0000133/2025 obras de reforma del edificio situado en plaza de mina 8-9 de cádiz, para centro de salud ""mentidero"" de cádiz y sede del distrito sanitario bahía de cádiz-la janda (cc 0002/2025)";Servicio Andaluz de Salud;obras;Adjudicada;FONSAN-GESTION Y CONSTRUCCION SL;;4659624,61;https://www.juntadeandalucia.es/haciendayadministracionpublica/apl/pdc_sirec/perfiles-licitaciones/detalle-licitacion.jsf?idExpediente=945796
Adjudicaciones;De acuerdo con la cláusula 1 del PCAP, el objeto del presente contrato es la prestación del servicio de recogida de residuos municipales y su transporte en los centros de tratamiento autorizados que determine el Ayuntamiento de Sant Vicenç de Montalt, en todo el ámbito de su término municipal.;Ajuntament de Sant Vicenç de Montalt;servicios;Adjudicada;Servicios Urbanos de Limpieza y Acondicionamiento;;4289994;https://contractaciopublica.cat/ca/detall-publicacio/dd2570a0-1651-49ec-8019-70f26328cc54/300899840
Adjudicaciones;Servicios de acondicionamiento de zonas verdes y forestales, en cualquiera de las instalaciones y terrenos, de Canal de Isabel II, S.A., M.P.;Canal de Isabel II, S.A.;servicios;Resuelta;UTE VALORIZA-EURIFOR, UTE INDITEC-JOGOSA;;4088024,22;https://contratos-publicos.comunidad.madrid/contrato-publico/servicios-acondicionamiento-zonas-verdes-forestales-cualquiera-instalaciones
Adjudicaciones;Servicio anestesiología, reanimación y tratamiento del dolor para pacientes del Hospital de Calahorra del SERIS;Servicio Riojano de Salud;servicios;Adjudicada;MALOG RIOJA, S.L.;;3719005,63;https://www.larioja.org/contratacion-publica/es/licitaciones/consulta-expedientes?homepage=?p_colateral%3D15-7-2.01-0052%2F2026%26p_dia_ini%3D24%26p_mes_ini%3D09%26p_ano_ini%3D2026%26p_dia_fin%3D24%26p_mes_fin%3D09%26p_ano_fin%3D2026%26p_todas%3DN
Adjudicaciones;cbam bristol/01 (málaga) acuerdo marco, con una única empresa, por lote, por el que se fijan las condiciones para el suministro de tracto sucesivo y precio unitario de medicamentos exclusivos utilizados en los centros sanitarios del servicio andaluz de salud. expediente 0000578/2025 (cca +6.i+e9q8j);Servicio Andaluz de Salud;suministros;Resuelta;BRISTOL MYERS SQUIBB SA;;3653846,15;https://www.juntadeandalucia.es/haciendayadministracionpublica/apl/pdc_sirec/perfiles-licitaciones/detalle-licitacion.jsf?idExpediente=1013736
Adjudicaciones;Servicio de limpieza de sumideros, rejillas y sistemas de drenaje del agua pluvial de la vía pública del municipio de Vitoria-Gasteiz;Aguas Municipales de Vitoria-Gasteiz, S.A.U. -Consejo de Administración;servicios;Adjudicada;SACYR AGUA S L;;3459749,4;https://www.contratacion.euskadi.eus/webkpe00-kpeperfi/es/contenidos/anuncio_contratacion/expjaso734312/es_doc/index.html
Adjudicaciones;Construcció d’un nou Poliesportiu a l’Escola Pont de la Cadena;Ajuntament de Molins de Rei;obras;Resuelta;VISCOLA CONSTRUCCIONS, ÀRIDS I FORMIGONS, S.A.;;3446222,32;https://contractaciopublica.cat/ca/detall-publicacio/99b94eb1-b6e4-4016-b31a-ddff8d2c67b5/300819262
Adjudicaciones;EEI-2026-0044: Suministro de energía eléctrica para las instalaciones del complejo medioambiental de la Sociedad Gallega del Medio Ambiente, SANA (Sogama) en Cerceda, centro de consumo de la Red de energía de la Xunta de Galicia (Redexga).;Consellería de Economía e Industria;suministros;Resuelta;NATURGY CLIENTES EMPRESAS SAU;;2957278,15;https://www.contratosdegalicia.gal/licitacion?N=828542
Adjudicaciones;formación profesional en sap para el empleo;Consejería de Empleo, Empresa y Trabajo Autónomo. Secretaría General Técnica (En Transición);servicios;Resuelta;MAINJOBS INTERNACIONAL EDUCATIVA Y TECNOLOGICA SA, UTE SEIDOR CONSULTING AVANTE SL;;2441568;https://www.juntadeandalucia.es/haciendayadministracionpublica/apl/pdc_sirec/perfiles-licitaciones/detalle-licitacion.jsf?idExpediente=504242
Adjudicaciones;Proyecto de adecuación al Decreto Foral de Seguridad y Explotación en Túneles de Carreteras del túnel de Gordexola;Diputación Foral de Bizkaia-Diputado General;obras;Adjudicada;ORION REPARACIÓN ESTRUCTURAL SL-GERTEK SOCIEDAD DE GESTIÓN Y SERVICIOS SA-TECUNI SA UNIÓN TEMPORAL DE EMPRESAS, abreviadamente UTE GORDEXOLA;;2306870,28;https://www.contratacion.euskadi.eus/webkpe00-kpeperfi/es/contenidos/anuncio_contratacion/expgebizkaia3518660/es_doc/index.html
Adjudicaciones;9 cbam expte. 765/2022 almería abbott laboratories s.a. acuerdo marco con una única empresa por el que se fijan las condiciones para el suministro de tracto sucesivo y precio unitario del sistema flash de monitorización de glucosa para los centros sanitarios del servicio andaluz de salud. cca: +6.6dugwa1 contr 2022 0001062857;Servicio Andaluz de Salud;suministros;Resuelta;ABBOTT LABORATORIES SA;;2018181,81;https://www.juntadeandalucia.es/haciendayadministracionpublica/apl/pdc_sirec/perfiles-licitaciones/detalle-licitacion.jsf?idExpediente=1008936
Adjudicaciones;A.M. reparación, mtto. y conserv. infr. hidráulicas cuencas mediterráneas;Agencia de Medio Ambiente y Agua de Andalucía;obras;Resuelta;UTE CYES INFRAESTRUCTURAS S.L.U.-VARESER 96 S.L., AZUL CONSTRUCCION REPAIR SA, HIDRAULICAS Y VIALES SOCIEDAD LIMITADA, SEDINFRA SOCIEDAD ANONIMA, POLARIA PROYECTOS Y OBRAS SA, OBRAS Y SERVICIOS MARCA SOCIEDAD LIMITADA, CONSTRUCCIONES PEREZ JIMENEZ SOCIEDAD LIMITADA, MIGUEL BUSTOS E HIJOS SL, HERMACASTI SL, HIDRALIA GESTIÓN INTEGRAL DE AGUAS DE ANDALUCÍA S.A, RAFAEL LUCENA E HIJOS SL, UC10 SAU, ECOFILIA SOCIEDAD ANONIMA, NACIMIENTO, INFRAESTRUCTURAS Y MEDIOAMBIENTE SOCIEDAD LIMITADA, ARAGONESA DE HORMIGONES PROYECTADOS SL, OBRATEC INGENIERIA SL, ELSAMEX GESTION DE INFRAESTRUCTURAS SL, APIMOSA SOCIEDAD LIMITADA, ALGEOBRAS SL, EARTH INGENIERIA SL, FONSAN-GESTION Y CONSTRUCCION SL, LIROLA INGENIERIA Y OBRAS SOCIEDAD LIMITADA, JARALIA INTEGRAL SL, TRAFISA CONSTRUCCION Y MEDIOAMBIENTE SOCIEDAD ANONIMA, EQUIPAMIENTOS BLASLO SOCIEDAD LIMITADA, EXCAVACIONES GEMOTIR SLL, MARTIN CASILLAS SLU, ALTIUS, GEOTECNIA Y OBRAS ESPECIALES, S.L., RIEGOSUR SA;;2000000;https://www.juntadeandalucia.es/haciendayadministracionpublica/apl/pdc_sirec/perfiles-licitaciones/detalle-licitacion.jsf?idExpediente=937608
Adjudicaciones;cbam csl behring/01 (málaga) acuerdo marco, con una única empresa, por lote, por el que se fijan las condiciones para el suministro de tracto sucesivo y precio unitario de medicamentos exclusivos utilizados en los centros sanitarios del servicio andaluz de salud. expediente 0000578/2025 (cca +6.i+e9q8j);Servicio Andaluz de Salud;suministros;Resuelta;CSL BEHRING, SA;;1826923,08;https://www.juntadeandalucia.es/haciendayadministracionpublica/apl/pdc_sirec/perfiles-licitaciones/detalle-licitacion.jsf?idExpediente=1013787
Adjudicaciones;Suministro de procesos quirúrgicos de catarata y retina con destino al Servicio de Oftalmología del Hospital Universitario Ramón y Cajal;Hospital Universitario Ramón y Cajal;suministros;Resuelta;Alcon Healthcare S.A.U.;;1823377;https://contratos-publicos.comunidad.madrid/contrato-publico/suministro-procesos-quirurgicos-catarata-retina-destino-servicio-oftalmologia-0
Adjudicaciones;Gestión delegada de la Red de Servicios Sociales de Atención Diurna - Centros Abiertos de Vilanova i la Geltrú;Ajuntament de Vilanova i la Geltrú;999;Resuelta;ACTUA SCCL;;1755000;https://contractaciopublica.cat/ca/detall-publicacio/37039ce3-16a0-4a85-979b-a5af4391b463/300899029
Adjudicaciones;Servicio de ayuda a domicilio (SAD);Ayuntamiento de Santurtzi-Concejalía de Euskera, Acción social e Igualdad;servicios;Resuelta;URGATZI SL;;1725000;https://www.contratacion.euskadi.eus/webkpe00-kpeperfi/es/contenidos/anuncio_contratacion/expjaso635381/es_doc/index.html
Adjudicaciones;Evolución y ampliación del almacenamiento de primer nivel del entorno distribuido del Gobierno de Navarra durante los años 2026-2030;el Director del Servicio de Telecomunicaciones, Infraestructuras y Ciberseguridad;suministros;Adjudicada;Econocom Servicios S.A.;;1662100;https://hacienda.navarra.es/sicpportal/ctaDatosAdjudicacion.aspx?cod=8379&Ticket=2610051251161D2D8CCF
Adjudicaciones;cbam biomarin/01 (málaga) acuerdo marco, con una única empresa, por lote, por el que se fijan las condiciones para el suministro de tracto sucesivo y precio unitario de medicamentos exclusivos utilizados en los centros sanitarios del servicio andaluz de salud. expediente 0000578/2025 (cca +6.i+e9q8j);Servicio Andaluz de Salud;suministros;Resuelta;BIOMARIN PHARMACEUTICALS ESPAÑA, S.L.;;1634615,38;https://www.juntadeandalucia.es/haciendayadministracionpublica/apl/pdc_sirec/perfiles-licitaciones/detalle-licitacion.jsf?idExpediente=1013733
Adjudicaciones;Consultoría y asistencia técnica para la digitalización de las carreteras de la Diputación Foral de Bizkaia;Diputación Foral de Bizkaia-Diputado Foral de Infraestructuras y Desarrollo Territorial;servicios;Resuelta;GESTIOMA CONSULTORES SL, INGENIERIA DE PROYECTOS BIM SL,TEKNES INNOVACIÓN SL UNIÓN TEMPORAL DE EMPRESAS, UTE DIBIER;;1627554,87;https://www.contratacion.euskadi.eus/webkpe00-kpeperfi/es/contenidos/anuncio_contratacion/expgebizkaia2135234/es_doc/index.html
Adjudicaciones;Prestación del servicio de seguridad y vigilancia exterior e interior en los edificios e instalaciones de los Teatros del Canal;Consejería de Cultura, Turismo y Deporte;servicios;Resuelta;SECURITY SERVICES KUO, S.L.;;1429134;https://contratos-publicos.comunidad.madrid/contrato-publico/seguridad-vigilancia-exterior-e-interior-edificios-e-instalaciones-teatros-canal
Adjudicaciones;ttsspp remesa ii;Consejería de Sostenibilidad y Medio Ambiente. Dirección General de Política Forestal y Biodiversidad (En Transición);obras;Adjudicada;NOCEDA, SERVICIOS INTEGRALES MEDIOAMBIENTALES SL, AGRO FORESTAL EL MARQUESADO SOCIEDAD LIMITADA, BIENVENIDO FERNANDEZ ARIAS SL;;1311753;https://www.juntadeandalucia.es/haciendayadministracionpublica/apl/pdc_sirec/perfiles-licitaciones/detalle-licitacion.jsf?idExpediente=933329
Adjudicaciones;contratación del proyecto de renovación y mejora de la plataforma ott (over the top) de canal sur, canalsur más.;Canal Sur Radio y Televisión, S.A.;servicios;Resuelta;BLITZSCALE SA;;1304990;https://www.juntadeandalucia.es/haciendayadministracionpublica/apl/pdc_sirec/perfiles-licitaciones/detalle-licitacion.jsf?idExpediente=571043
Adjudicaciones;Obres de remodelació de la mitgera dels Jardins de Caterina Albert, al districte de Gràcia, de la mitgera amb front al carrer Pantà de Tremp, al districte d’Horta-Guinardó, i de la mitgera de la plaça Grau, al districte de Sant Andreu-Sagrera, a Barcelona.;Barcelona d'Infraestructures Municipals SA;obras;Adjudicada;NATUR SYSTEM, S.L.U.;;1263448,86;https://contractaciopublica.cat/ca/detall-publicacio/f30be06a-23f3-4d70-be64-c7497789fc22/300900076
Adjudicaciones;"Adquisición de la especialidad farmacéutica PADCEV 20 MG polvo para concentrado para solución para perfusión, 1 vial, y&nbsp; PADCEV 30 MG polvo para concentrado para solución para perfusión,1 vial, (Enfortumab Vedotina), con destino al Servicio de Farmacia del Hospital Universitario Ramón y Cajal,";Hospital Universitario Ramón y Cajal;suministros;Adjudicada;Astellas Pharma S.A.;;1228471,15;https://contratos-publicos.comunidad.madrid/contrato-publico/adquisicion-especialidad-farmaceutica-padcev-20-mg-polvo-concentrado-solucion
Adjudicaciones;"Servicio de conducción y mantenimiento preventivo, predictivo - mejorativo, correctivo y técnico legal de las instalaciones térmicas, hidráulicas y de fontanería del Hospital Universitario 12 de Octubre, sus Centros de Especialidades Periféricos adscritos y el Hospital de Día Infanto-Juvenil Centro Educativo Terapéutico ""Pradera de San Isidro""";Hospital Universitario 12 de Octubre;servicios;Resuelta;CALIQUA, S.A.;;1165000;https://contratos-publicos.comunidad.madrid/contrato-publico/servicio-conduccion-mantenimiento-preventivo-predictivo-mejorativo-correctivo
Adjudicaciones;Servicio de mantenimiento de la equipación de las estaciones de la red de calidad del aire de Galicia de titularidad de la Xunta de Galicia. Expediente número 3/2022 CA;Consellería de Medio Ambiente, Territorio e Vivenda;servicios;Resuelta;ENVIRA SOSTENIBLE, S.A.;;1089007,95;https://www.contratosdegalicia.gal/licitacion?N=804692
Adjudicaciones;Obras de la cubierta del frontón municipal de Igorre.;Ayuntamiento de Igorre-Pleno del Ayuntamiento;obras;Adjudicada;CONSTRUCCIONES INTXAUSTI, S.A.;;1055184,38;https://www.contratacion.euskadi.eus/webkpe00-kpeperfi/es/contenidos/anuncio_contratacion/expjaso717340/es_doc/index.html
Adjudicaciones;AXI-2026-0011: Contrato de obra: Senda peatonal y ciclista en la AC-433 (Laxe). Segunda fase. (AC/24/010.06-Y/014/2026);Axencia Galega de Infraestructuras;obras;Adjudicada;CONSTRUCCIONES RAMON VAZQUEZ Y REINO, S.L;;977540,6;https://www.contratosdegalicia.gal/licitacion?N=827845
Adjudicaciones;Ejecucion de programa de seguimiento asociado a aguas subterraneas de la Comunidad Autonoma del Pais Vasco.;Gobierno Vasco-Dirección General de la Agencia Vasca del Agua;servicios;Resuelta;TELUR GEOTERMIA Y AGUA, S.A.;;957500;https://www.contratacion.euskadi.eus/webkpe00-kpeperfi/es/contenidos/anuncio_contratacion/expgeura188677/es_doc/index.html
Adjudicaciones;Obres contemplades al Projecte de les obres d’intervencions inicials d’adequació d’instal·lacions a l’Espai Corberó d’Esplugues de Llobregat;Ajuntament d'Esplugues de Llobregat;obras;Adjudicada;EUROCATALANA OBRES I SERVEIS, SLU;;899987,2;https://contractaciopublica.cat/ca/detall-publicacio/ece24f35-f74a-49a9-8435-853859713c8a/300892050
Adjudicaciones;Servei de manteniment preventiu, correctiu i normatiu dels equips de diagnòstic per la imatge de marca GE HealthCare instal·lats a l’Hospital del Mar i al CUAP Peracamps, centres del Consorci Mar Parc de Salut de Barcelona, segons característiques i condicions definides al Plec de prescripcions tècniques de la licitació.;Consorci Mar Parc de Salut de Barcelona;servicios;Adjudicada;GENERAL ELECTRIC HEALTHCARE ESPAÑA, S.A.U.;;889091,7;https://contractaciopublica.cat/ca/detall-publicacio/c8f9b146-80a9-49cf-ae04-89c3050e2874/300899963
Adjudicaciones;Contrato de servicios para la asistencia técnica para la redacción del proyecto de trazado y el proyecto constructivo. Mejora del nudo entre la AP-7, la C-33 y la C-17 y de los accesos a Parets del Vallès, Montmeló y Mollet del Vallès. Clave: PT-CPB-25087 / PC-CPB-25087;Infraestructures de la Generalitat de Catalunya, SAU;servicios;Resuelta;UTE SOCOTEC-BEWS;;883339,51;https://contractaciopublica.cat/ca/detall-publicacio/72fe3bd0-deae-4289-ad09-0f44fac5fbf7/300898896
Adjudicaciones;Servicio de dinamización de los espacios sociales para personas mayores en Irun;Ayuntamiento de Irun -Junta de Gobierno Local;servicios;Adjudicada;EMOCIONAL TECHNOLOGIES 22 SOCIEDAD LIMITADA;;847574,2;https://www.contratacion.euskadi.eus/webkpe00-kpeperfi/es/contenidos/anuncio_contratacion/expjaso733325/es_doc/index.html
Adjudicaciones;Negocio jurídico patrimonial de arrendamiento para uso distinto de vivienda, sobre parte de los locales del edificio denominado La Perla, ubicados en el Paseo de la Concha 8-10, con destino a actividades de restauración/hostelería a personas usuarias de la playa, compatibilizando, con carácter secundario, la actividad diurna con actividad nocturna (música con pista de baile o espectáculos y eventos);Sociedad Balneario La Perla del Océano, S.L.-Sociedad Balneario La Perla del Océano, S.L.;privado;Adjudicada;UTE HOSTELERÍA DONOSTIARRA 360;;815892;https://www.contratacion.euskadi.eus/webkpe00-kpeperfi/es/contenidos/anuncio_contratacion/expjaso678223/es_doc/index.html
Adjudicaciones;Contractació del servei de manteniment d’equipament divers d’electromedicina per l’EDP Salut Sant Joan de Reus – Baix Camp.;Salut Sant Joan de Reus - Baix Camp;servicios;Resuelta;DRAGER HISPANIA,S.A.U., AGENOR MANTENIMIENTOS S.A., PHILIPS IBÉRICA SAU;;799418,2;https://contractaciopublica.cat/ca/detall-publicacio/97f3d4ed-8e63-49ed-8f98-9930d07d3032/300899736
Adjudicaciones;"El presente contrato tiene por objeto la gestión de dos dispositivos de acogida temporal (Centros de Emergencia) integrados en la Red de Atención Integral para la Violencia de Género de la Comunidad de Madrid, dependiente de la Consejería de Familia, Juventud y Política Social, para la prestación de servicios de atención integral a las víctimas de violencia de género, sus hijos y personas dependientes de la mujer, proporcionándoles alojamiento temporal seguro e inmediato, así como manutención y otros gastos,&nbsp; sirviendo de apoyo en los primeros momentos de toma de decisión de las mujeres mientras se determina el lugar de residencia adecuado en función de sus circunstancias, en particular el apoyo psicológico y la orientación jurídica conducente a la denuncia.";Consejería de Familia, Juventud y Asuntos Sociales;servicios;Resuelta;FUNDACION PADRE GARRALDA-HORIZONTES ABIERTOS;;773740;https://contratos-publicos.comunidad.madrid/contrato-publico/gestion-dos-centros-emergencia-mujeres-victimas-violencia-genero-hijos-comunidad
Adjudicaciones;24 1225148 plataformas moodle;Agencia Digital de Andalucía;servicios;Resuelta;ATECH ADVANCED SOLUTIONS, S.A.;;765243,73;https://www.juntadeandalucia.es/haciendayadministracionpublica/apl/pdc_sirec/perfiles-licitaciones/detalle-licitacion.jsf?idExpediente=816541
Adjudicaciones;Obres per a la renovació de catenària als tallers Ribes Vila, instal·lació de proteccions i seguretat a les 2 vies del taller, instal·lació de feeder al tram Ribes Vila – Queralbs fins a taller, instal·lació de seccionador al tram Ribes Enllaç – Ribes Vila, i renovació de les pèndoles del tram Queralbs-Nuria del Cremallera de Núria de Ferrocarrils de la Generalitat de Catalunya (Ref. POS87/26);Ferrocarrils de la Generalitat de Catalunya;obras;Adjudicada;SYNEOX RAIL SL;;730750,55;https://contractaciopublica.cat/ca/detall-publicacio/cb21810e-568f-4644-a8d3-2b901ca91661/300899911
Adjudicaciones;Ultomiris 1100 mg/11 ml, 1 vial de 11 ml y Ultomiris 300 mg/3 ml, 1 vial de 3 ml;Hospital Universitario Príncipe de Asturias;suministros;Resuelta;ALEXION PHARMA SPAIN,S.A.;;692775,07;https://contratos-publicos.comunidad.madrid/contrato-publico/pnsp-hupa-9626-suministro-medicamentos-ultomiris-1100-mg11-ml-1-vial-11-ml
Adjudicaciones;analíticas en en protección de salud;Consejería de Sanidad, Presidencia y Emergencias Secretaría General Técnica de Sanidad y Consumo (En Transición);servicios;Adjudicada;AINIA, LABAQUA, S.A.U., LABYGEMA SL, LABORATORIOS TECNOLOGICOS DE LEVANTE SL;;682836;https://www.juntadeandalucia.es/haciendayadministracionpublica/apl/pdc_sirec/perfiles-licitaciones/detalle-licitacion.jsf?idExpediente=835296
Adjudicaciones;Suministro de equipos de medida de caudal y volumen suministrado a sectores de la red de distribución de agua potable de diámetros entre 40 Y 300 MM;Canal de Isabel II, S.A.;suministros;Resuelta;CONTADORES DE AGUA DE ZARAGOZA, S.A.;;675025;https://contratos-publicos.comunidad.madrid/contrato-publico/suministro-equipos-medida-caudal-volumen-suministrado-sectores-red-distribucion
Adjudicaciones;0000636/2026 suministro e instalación de un sistema automatizado de almacenamiento y dispensación de medicamentos para pacientes atendidos en consultas ambulatorias y la propia farmacia del hospital, incluyendo la gestión integral de estupefacientes, con destino al servicio de farmacia del hospital universitario costa del sol, perteneciente al servicio andaluz de salud, mediante procedimiento negociado sin publicidad y por exclusividad y presentación electrónica de ofertas;Servicio Andaluz de Salud;suministros;Adjudicada;BECTON DICKINSON SA;;671260,88;https://www.juntadeandalucia.es/haciendayadministracionpublica/apl/pdc_sirec/perfiles-licitaciones/detalle-licitacion.jsf?idExpediente=981743
Adjudicaciones;Suministro del material necesario para la realización de determinaciones analíticas de carga viral de Citomegalovirus, Epstein Barr, Poliomavirus BK, Adenovirus, Parvovirus B19 y HHV6 y la cesión del equipamiento necesario en el servicio de microbiología;Hospital Universitario La Paz;suministros;Resuelta;WERFEN ESPAÑ,S.A.U.;;655200;https://contratos-publicos.comunidad.madrid/contrato-publico/pa-2026-0-10-suministro-material-necesario-realizacion-determinaciones-analiticas
Adjudicaciones;El objeto del contrato es el arreglo con tratamientos superficiales de riegos asfálticos del pavimento existente de viales municipales y vías verdes de la provincia de Tarragona según las condiciones de las asistencias.;Diputació de Tarragona;servicios;Adjudicada;M. i J. Gruas, SA;;650000;https://contractaciopublica.cat/ca/detall-publicacio/0389ed8d-37c2-40bc-9d3b-0721c2265a7f/300899532
Adjudicaciones;"L'objecte d'aquesta contractació és dur a terme les actuacions incloses en el projecte ""Actuacions de millora al poliesportiu Cal Balsach, Sabadell"" distribuït en 3 lots. L'objecte del projecte es la reforma del volum que ocupa la pista esportiva del pavelló poliesportiu municipal Cal Balsach, amb la finalitat de garantir l'estanqueïtat de la coberta i millorar l'eficiència energètica, les condicions de protecció contra incendis, l'acondicionament tèrmic i acústic i la qualitat de l'aire interior. Així mateix, les actuacions permetran allargar la seva vida útil. El present projecte no pretén ser una intervenció integral en l'edifici, ja que es concentra en la zona destinada a la pista esportiva, per tant adequarà i actualitzarà només aquells elements constructius que resultin afectats.";Ajuntament de Sabadell;obras;Resuelta;FUENTES Y ARIZA, S.A., TALLERS VIDAL AMILL SLU, TALLERES PALAUTORDERA SA - TP SPORT;;636285,14;https://contractaciopublica.cat/ca/detall-publicacio/220fe15d-face-4d22-80b2-54ebf1d1b74c/300899686
Adjudicaciones;servicios sist. información control riesgo organismo pagador fondos eur. ag;Consejería de Agricultura, Pesca, Agua y Desarrollo Rural. Secretaría General Técnica (En Transición);servicios;Resuelta;FUJITSU TECHNOLOGY SOLUTIONS SA;;636139,68;https://www.juntadeandalucia.es/haciendayadministracionpublica/apl/pdc_sirec/perfiles-licitaciones/detalle-licitacion.jsf?idExpediente=875713
Adjudicaciones;Realización de las campañas de saneamiento ganadero correspondiente al año 2024;Diputación Foral de Bizkaia-Diputada Foral de Sostenibilidad y Medio Natural;servicios;Resuelta;BEKALAN 96 SLP;;626581,5;https://www.contratacion.euskadi.eus/webkpe00-kpeperfi/es/contenidos/anuncio_contratacion/expgebizkaia2441577/es_doc/index.html
Adjudicaciones;CMA-2026-0057: Servicio de desarrollo de una campaña de publicidad durante el año 2026 para la promoción de la concienciación y sensibilización socialdirigida a extender y mejorar la eficiencia de las implantaciones de recogida separada y reciclaje de biorresiduos puestas en marcha en Galicia, cofinanciado por la Unión Europea, en un 60% del gasto elegible, en el marco del programa Galicia FEDER 2021-2027;Consellería de Medio Ambiente e Cambio Climático;servicios;Resuelta;AVANTE EVOLUCIÓN DE MEDIOS S.L.U;;580416,33;https://www.contratosdegalicia.gal/licitacion?N=828405
Adjudicaciones;Obres de rehabilitació de via al tram urbà entre les estacions de Gràcia i Plaça Molina de la línia Barcelona-Vallès de Ferrocarrils de la Generalitat de Catalunya. (Ref.POS64/26);Ferrocarrils de la Generalitat de Catalunya;obras;Adjudicada;UTE INFESA-TECSA;;575717,31;https://contractaciopublica.cat/ca/detall-publicacio/485925e4-721a-4573-8a8f-4258aa5eff6c/300899925
Adjudicaciones;Subministrament de cinc àrees de jocs infantils almunicipi de Sant Celoni: parc plaça Mossèn Jacint Verdaguer – Germà Julià, parc plaça Mercè Rodoreda, parc Illes Belles, parc plaça Alfons Montcanut-Mª Aurèlia Capmany i Parc Pavelló 11 de Setembre;Ajuntament de Sant Celoni;suministros;Resuelta;HPC IBERICA, S.A, HAGS-SWELEK, S.A.;;562451,46;https://contractaciopublica.cat/ca/detall-publicacio/e74b905c-eb19-482e-b15e-417959796e4b/300899470
Adjudicaciones;O-ABR0008/2026 obras de reforma de las plantas baja y primera del módulo 0 y 1, así como de la instalación de climatización de dichos módulos en el Edificio El Sario de la Universidad Pública de Navarra.;Rector;obras;Adjudicada;ERKI CONSTRUCCIÓN SOSTENIBLE, S.L.;;553941,7;https://hacienda.navarra.es/sicpportal/ctaDatosAdjudicacion.aspx?cod=3188&Ticket=261005102142AC3456C6
Adjudicaciones;L’objecte del present contracte és l’execució de les obres de construcció d’un nou edifici destinat a vestidors, infermeria, sala polivalent i serveis complementaris al camp de rugbi de l’Anella Mediterrània de Tarragona, així com la realització de les actuacions d’urbanització interior necessàries per garantir la seva integració funcional amb l'entorn.;Patronat Municipal d'Esports de Tarragona;obras;Adjudicada;IZER INGENIERÍA Y ECONOMÍA, S.L.;;545458,01;https://contractaciopublica.cat/ca/detall-publicacio/3d931ab3-eccf-4183-8301-e854178f815d/300900360
Adjudicaciones;Suministro de materiales y cesión de equipos para el Servicio de Anestesiología y Reanimación del HUB, OSI Bilbao Basurto;OSAKIDETZA - Servicio Vasco de Salud -Director Gerente;suministros;Resuelta;MBA INCORPORADO SL, FIRMA AMBU, S.L., MEDTRONIC IBERICA S A, AJL OPHTHALMIC, S.A., B. BRAUN MEDICAL, S.A., TELEFLEX MEDICAL, S.A., INTERSURGICAL ESPAÑA, S.L., SAS FISHER& PAYKEL HEALTHCARE;;539753,1;https://www.contratacion.euskadi.eus/webkpe00-kpeperfi/es/contenidos/anuncio_contratacion/exposakisap2026000338/es_doc/index.html
Adjudicaciones;Servei de realització tècnica, disseny creatiu, creació artística, direcció, producció, desenvolupament i coordinació artística dels diferents actes i fires de Ferrocarrils de la Generalitat de Catalunya (Ref: PO68/26);Ferrocarrils de la Generalitat de Catalunya;servicios;Adjudicada;INICIATIVES EVENTS S.L.;;536313;https://contractaciopublica.cat/ca/detall-publicacio/a385aa02-9383-4d7d-94ad-d5266a25af5c/300899658
Adjudicaciones;servicio de medios de pago que habilite el pago mediante tarjeta de débito;Agencia Digital de Andalucía;servicios;Resuelta;INETUM ESPAÑA SA;;535338,24;https://www.juntadeandalucia.es/haciendayadministracionpublica/apl/pdc_sirec/perfiles-licitaciones/detalle-licitacion.jsf?idExpediente=582478
Adjudicaciones;Servei per a la rehabilitació de diferents equips mecànics, neumàtics, convertidors i electrònica per a automotors, locomotores, cotxes de viatgers i maquinària auxiliar del Cremallera de Montserrat i del Cremallera de la Vall de Núria (Ref. NS54/26);Ferrocarrils de la Generalitat de Catalunya;servicios;Adjudicada;Stadler Service AG;;500000;https://contractaciopublica.cat/ca/detall-publicacio/a1d392ff-c456-4df4-96e3-f950c7f38464/300899428
Adjudicaciones;Suministro de Efgartigimod 1.000 MG/ 5,6 ml vial (VYVGART)de distribución exclusiva con destino al Servicio de Farmacia del Hospital Clínico San Carlos de Madrid.;Hospital Universitario Clínico San Carlos;suministros;Resuelta;Argenx Spain, S.L.;;492960;https://contratos-publicos.comunidad.madrid/contrato-publico/suministro-efgartigimod-1000-mg-56-ml-vial-vyvgartde-distribucion-exclusiva
Adjudicaciones;Rehabilitación de firme LU-P-2607 Crucero (LU-862) - Portocelo, pk 0 000 al 6 868;Concello de Xove;obras;Resuelta;HORDESCON SL;;491121,52;https://www.contratosdegalicia.gal/licitacion?N=828952
Adjudicaciones;La present licitació té per objecte establir l’abast, els requisits i l’operativa per dur a terme els treballs de realització dels sondeigs amb els corresponents estudis geotècnics, definint així mateix les condicions, necessitats, directrius i criteris tècnics generals que han de servir de base per a la realització dels esmentats treballs, per part d’una empresa especialitzada, en la construcció dels edificis d’habitatges.;Institut Metropolità de Promoció de Sòl i Gestió Patrimonial (IMPSOL);servicios;Adjudicada;NEOTEST SONDEOS Y PERFORACIONES, S.L.;;491037,32;https://contractaciopublica.cat/ca/detall-publicacio/53d68747-66fc-44cb-bff2-b5f1f2c66866/300899952
Adjudicaciones;Subministrament de packs de cobertura quirúrgicaper al Servei d'Oftalmologia de l’Hospital Universitari Arnau de Vilanova de Lleida i per l’Hospital Universitari Santa Maria de Lleida.;ICS - Hospital Universitari Arnau de Vilanova de Lleida i GAPiC Àmbit Lleida;suministros;Resuelta;Alcon Healthcare SA;;488050,56;https://contractaciopublica.cat/ca/detall-publicacio/6478d39d-74d1-4dd9-ba40-e251de69b87f/300899677
Adjudicaciones;PXD-2026-0071: Obras de optimización energética en el edificio administrativo de la Dirección General de Relaciones Exteriores en la Calle Hórreo, Santiago de Compostela;Consellería de Presidencia, Xustiza e Deportes;obras;Adjudicada;ELECNOR SERVICIOS Y PROYECTOS, S.A.U.;;487891,26;https://www.contratosdegalicia.gal/licitacion?N=828922
Adjudicaciones;contrato punto encuentro familiar;Delegación Territorial de Justicia, Administración Local y Función Pública en Huelva;servicios;Resuelta;AOSSA GLOBAL, S.A.;;460487,52;https://www.juntadeandalucia.es/haciendayadministracionpublica/apl/pdc_sirec/perfiles-licitaciones/detalle-licitacion.jsf?idExpediente=660653
Adjudicaciones;Adhesió d'Aigües del Prat, SA, al contracte 2023.04.A02 de l'Acord Marc de l'ACM de subministrament d'energia elèctrica amb destinació a les entitats locals de Catalunya (Exp. 2023.04). LOT 3. Alta tensió;Aigües del Prat, S.A.;suministros;Adjudicada;IBERDROLA CLIENTES, SAU;;451019,84;https://contractaciopublica.cat/ca/detall-publicacio/aaed7743-0b99-42e3-a3fd-4de61a044252/300899931
Adjudicaciones;Suministro de los medios precisos para la realización de Procedimientos con Circulación Extracorpórea (Set de Perfusión Extracorpórea) en el Servicio de Cirugía Cardíaca del Hospital General Universitario Gregorio Marañón;Hospital General Universitario Gregorio Marañón;suministros;Resuelta;Palex Medical, S.A.;;450624;https://contratos-publicos.comunidad.madrid/contrato-publico/suministro-medios-precisos-realizacion-procedimientos-circulacion-extracorporea
Adjudicaciones;obras de terminacion intervencion mejora eficiencia energetica en granada;Agencia de Vivienda y Rehabilitación de Andalucía (AVRA);obras;Adjudicada;LAMBDA 360 GRADOS EMPRESA CONSTRUCTORA;;446616,73;https://www.juntadeandalucia.es/haciendayadministracionpublica/apl/pdc_sirec/perfiles-licitaciones/detalle-licitacion.jsf?idExpediente=978852
Adjudicaciones;AUG-2026-0068: Contrato basado del servicio de la campaña relativa a la sensibilización ciudadana en torno al uso responsable y ahorro de agua;Ente Público Empresarial Augas de Galicia;servicios;Adjudicada;RECLAM PUBLICIDAD MARKETING Y ARTES GRAFICAS S A;;422885,57;https://www.contratosdegalicia.gal/licitacion?N=828810
Adjudicaciones;ABR0022/206 Adquisición de un sistema avanzado de caracterización y texturización de fuentes proteicas alternativas (EXTRUPROT) en la Universidad Pública de Navarra;Rector;suministros;Adjudicada;ANTON PAAR SPAIN, S.L.U.;;421445;https://hacienda.navarra.es/sicpportal/ctaDatosAdjudicacion.aspx?cod=3188&Ticket=261005122237299E804A
Adjudicaciones;Contrato de servicios para la dirección de las obras de la Fase 1 del proyecto constructivo del Regadío Xerta-Noria. Adecuación de las obras singulares de los Tramos 2 y 3 de canal y red de riego de las Zonas 2 y 3. Clave: MR-05919.8-F1;Infraestructures de la Generalitat de Catalunya, SAU;servicios;Resuelta;Consultoria Tècnica Antlia;;420756,28;https://contractaciopublica.cat/ca/detall-publicacio/40f24c97-96b2-429f-8885-1764b3d53f53/300898741
Adjudicaciones;Suministro de carne de aves, huevos y ovoproductos a las dos cocinas del Hospital universitario La Paz.;Hospital Universitario La Paz;suministros;Resuelta;INDUSTRIASCARNICAS COLLSARS.A.;;412440;https://contratos-publicos.comunidad.madrid/contrato-publico/pa-22026-suministro-carne-aves-huevos-ovoproductos-dos-cocinas-hospital
Adjudicaciones;Acuerdo marco para el Servicio de mantenimiento de sistemas de seguridad y protección contra incendios a través de la Central de Contratación Foral de Gipuzkoa;Diputación Foral de Gipuzkoa-Consejo de Gobierno Foral;servicios;Adjudicada;AREA 7, S.L., SABICO SEGURIDAD, S.A.;;409603;https://www.contratacion.euskadi.eus/webkpe00-kpeperfi/es/contenidos/anuncio_contratacion/expjaso713795/es_doc/index.html
Adjudicaciones;Servicios para el desarrollo del servicio de comedor social en la calle San Vicente de Paul;Ayuntamiento de Vitoria-Gasteiz-Junta de Gobierno Local;servicios;Resuelta;EULEN SERVICIOS SOCIOSANITARIOS, S.A.;;396781,39;https://www.contratacion.euskadi.eus/webkpe00-kpeperfi/es/contenidos/anuncio_contratacion/expjaso718303/es_doc/index.html
Adjudicaciones;Rehabilitación de firme LU-P-2602 Puerto de Moras- Beltrán, pk 0 000 al 4 730;Concello de Xove;obras;Adjudicada;CARFERLO SLU;;386876,27;https://www.contratosdegalicia.gal/licitacion?N=829010
Adjudicaciones;Ejecución de los trabajos de instalación, sustitución, modificación y retirada de contadores y equipos de lectura y trabajos complementarios en las instalaciones de control de agua que son competencia de AMVISA.;Aguas Municipales de Vitoria-Gasteiz, S.A.U. -Consejo de Administración;servicios;Adjudicada;ARANCONTA METERING, S.L.U.;;371139;https://www.contratacion.euskadi.eus/webkpe00-kpeperfi/es/contenidos/anuncio_contratacion/expjaso722004/es_doc/index.html
Adjudicaciones;Mantenimiento de sistemas SAP de AMVISA;Aguas Municipales de Vitoria-Gasteiz, S.A.U. -Consejo de Administración;servicios;Adjudicada;AYESA IBERMÁTICA, S.A.;;363150;https://www.contratacion.euskadi.eus/webkpe00-kpeperfi/es/contenidos/anuncio_contratacion/expjaso703009/es_doc/index.html
Adjudicaciones;Suministro de reactivos necesarios para la determinación de grupo sanguíneo y anticuerpos irregulares en donantes de sangre y cesión de equipos;Centro de Transfusión;suministros;Adjudicada;Werfen España, S.A.U., Diagast Ibérica, S.L.;;351000;https://contratos-publicos.comunidad.madrid/contrato-publico/suministro-reactivos-necesarios-determinacion-grupo-sanguineo-anticuerpos-2
Adjudicaciones;suministro de licencias microsoft office ltsc standard 2024;Verificaciones Industriales de Andalucía, S.A. (VEIASA);suministros;Resuelta;TELEFONICA SOLUC. INFOR. Y COMUNICA. DE ESPAÑA S.A.U.;;350000;https://www.juntadeandalucia.es/haciendayadministracionpublica/apl/pdc_sirec/perfiles-licitaciones/detalle-licitacion.jsf?idExpediente=977491
Adjudicaciones;Suministro de vendas, vendajes y otro material asistencial para la Organización Sanitaria Integrada Uribe;OSAKIDETZA - Servicio Vasco de Salud -Director Gerente;suministros;Resuelta;MEDICINA ANALÍTICA CONSUMIBLES MAC, S.A., 3M ESPAÑA, S.L., BARD DE ESPAÑA, S.L., ESSITY SPAIN, S.L., FARMABAN, S.A., LABORATORIOS INDAS, S.A., INTERSURGICAL ESPAÑA, S.L., LABORATORIOS HARTMANN, S.A., IZASA HOSPITAL, S.L., PRIM, S.A., PRODUCTOS FAVESAN, S.A., C.V. MÉDICA, S.L.;;349559,73;https://www.contratacion.euskadi.eus/webkpe00-kpeperfi/es/contenidos/anuncio_contratacion/exposakisap2021001789/es_doc/index.html
Adjudicaciones;La prestació del servei de manteniment i operació del Centre d'informació viària de Catalunya (CIVICAT), de manera temporal fins que es resolgui la licitació principal en curs per al manteniment i operació del CIVICAT, actualment suspesa a causa de la interposició de recursos especials en matèria de contractació.;Servei Català de Trànsit;servicios;Resuelta;SISTEMAS Y MONTAJES INDUSTRIALES, SA;;345580,37;https://contractaciopublica.cat/ca/detall-publicacio/7f576a50-ab19-4fc0-94aa-691b4c5c32ad/300900108
Adjudicaciones;Servicio de gestión integral de los equipos de producción de frio en el Hospital Universitario La Paz, Hospital Cantoblanco y Hospital Carlos III;Hospital Universitario La Paz;servicios;Resuelta;ANERPRO ENERGIA Y PROCESO S.L.U.;;344743,95;https://contratos-publicos.comunidad.madrid/contrato-publico/pa-252025-servicio-gestion-integral-equipos-produccion-frio-hospital-universitario
Adjudicaciones;Suministro de sistemas de aféresis multicomponentes y cesión de equipos;Centro de Transfusión;suministros;Adjudicada;Fresenius Kabi España, S.A.;;334400;https://contratos-publicos.comunidad.madrid/contrato-publico/suministro-sistemas-aferesis-multicomponentes-cesion-equipos
Adjudicaciones;D'acord amb la clàusula 1 del PCAP, l’objecte del present contracte és la construcció d’una nau industrial per a emmagatzemar els vehicles de les cavalcades de reis.;Ajuntament de Sant Vicenç de Montalt;obras;Adjudicada;COPISA INFRASTRUCTURES, SAU;;330000;https://contractaciopublica.cat/ca/detall-publicacio/7f22ece4-cd9c-4569-9f0e-b01ae545aed1/300899886
Adjudicaciones;Servicio de limpieza del edificio de Osalan – Instituto Vasco de Seguridad y Salud Laborales en Bizkaia;Gobierno Vasco-Director/a de OSALAN - Instituto Vasco de Seguridad y Salud Laboral;servicios;Resuelta;GARBINDU LIMPIEZAS Y MANTENIMIENTO, S.L.;;327000;https://www.contratacion.euskadi.eus/webkpe00-kpeperfi/es/contenidos/anuncio_contratacion/expjaso519178/es_doc/index.html
Adjudicaciones;nuevos refugios climáticos para la biodiversidad. el pinsapo frente al cc;Consejería de Sostenibilidad y Medio Ambiente. Secretaría General de Medio Ambiente y Cambio Climático (En Transición);obras;Adjudicada;NOCEDA, SERVICIOS INTEGRALES MEDIOAMBIENTALES SL;;322040;https://www.juntadeandalucia.es/haciendayadministracionpublica/apl/pdc_sirec/perfiles-licitaciones/detalle-licitacion.jsf?idExpediente=949400
Adjudicaciones;Contractació per lots (2) de les obres d'enllumenat i impermeabilització de coberta i ampliació pèrgola al camp d'esports municipal de Sant Just Desvern, mitjançant procediment obert simplificat.;Ajuntament de Sant Just Desvern;obras;Resuelta;COBRA INSTALACIONES Y SERVICIOS, S.A.U., VELA CARDIER CONSTRUCCIONES SL;;319549,78;https://contractaciopublica.cat/ca/detall-publicacio/ce015d8f-ebf5-4349-a11b-c09851aa9898/300900062
Adjudicaciones;rp+ddff nuevo ies bermejales, sevilla (se) (ref apae:101/ise/2025/sc);Agencia Pública Andaluza de Educación;servicios;Resuelta;UNION INTEGRADA DE ARQUITECTOS, SOCIEDAD LIMITADA PROFESIONAL;;315040;https://www.juntadeandalucia.es/haciendayadministracionpublica/apl/pdc_sirec/perfiles-licitaciones/detalle-licitacion.jsf?idExpediente=847365
Adjudicaciones;Contratación del suministro y gestión de dos pistas de patinaje, un tobogán y pistas de curling y zona de hockey de hielo sintético para la campaña de navidad 2026/2027;Ayuntamiento de Irun -Junta de Gobierno Local;obras;Resuelta;EXTRAICE S L;;311000;https://www.contratacion.euskadi.eus/webkpe00-kpeperfi/es/contenidos/anuncio_contratacion/expjaso720769/es_doc/index.html
Adjudicaciones;Execució de les obres definides en el Projecte de reurbanització del carrer de França d’Osor, d’acord amb la documentació tècnica aprovada.;Ajuntament d'Osor;obras;Adjudicada;CONSTRUCCIONS FUSTÉ,SA;;309051,09;https://contractaciopublica.cat/ca/detall-publicacio/585b648d-6f1b-4841-8938-d400332661ea/300899787
Adjudicaciones;Servicios de auditoria de proyectos subvencionados nacionales e internacionales de la Universitat Autònoma de Barcelona;Universitat Autònoma de Barcelona;servicios;Resuelta;AUDIEST AUDITORES, S.A.P.;;300000;https://contractaciopublica.cat/ca/detall-publicacio/69f22113-9938-4c3e-9665-4d3f98527687/300898053
Adjudicaciones;Serveis relatius a la redacció del projecte de la remodelació del passeig Marítim de la Mar Bella (àmbit Bac de Roda) i del dipòsit anti-dsu de Bac de Roda, al districte de Sant Martí de Barcelona, amb mesures de contractació pública sostenible.;Barcelona d'Infraestructures Municipals SA;servicios;Adjudicada;Técnica y Proyectos S.A. (TYPSA);;295786,97;https://contractaciopublica.cat/ca/detall-publicacio/b6d027e4-99dc-430c-a1bc-631726509120/300900438
Adjudicaciones;ANS para el desarrollo, mantenimiento y soporte de determinadas aplicaciones del área de Gobernanza y Administración Electrónica;IZFE - Sociedad Foral de Servicios Informáticos-Dirección General;servicios;Adjudicada;TEKNEI INFORMATION TECHNOLOGY S.L.;;295000;https://www.contratacion.euskadi.eus/webkpe00-kpeperfi/es/contenidos/anuncio_contratacion/expjaso738802/es_doc/index.html
Adjudicaciones;ANS para determinadas aplicaciones implementadas por Izfe para el Departamento de Equilibrio Territorial Verde de la GFA-DFG para la gestión de la identificación, registro, saneamiento y movimiento animal;IZFE - Sociedad Foral de Servicios Informáticos-Dirección General;servicios;Adjudicada;INETUM NORTE, S.L.U.;;290000;https://www.contratacion.euskadi.eus/webkpe00-kpeperfi/es/contenidos/anuncio_contratacion/expjaso739026/es_doc/index.html
Adjudicaciones;Programa Especializado de Intervención Educativa Familiar (PEIF) para la prestación de un servicio de intervención socioeducativa con menores de edad y sus familias en las que se ha confirmado la existencia de una situación de desprotección infantil;Instituto Foral de Bienestar Social-Consejo de Administración;servicios;Resuelta;BABESTEN GIPUZKOA, S.L.U.;;266313,25;https://www.contratacion.euskadi.eus/webkpe00-kpeperfi/es/contenidos/anuncio_contratacion/expjaso570021/es_doc/index.html
Adjudicaciones;Contratación del mantenimiento programado y trabajos de mejora en señalización vial;Ayuntamiento de Irun -Junta de Gobierno Local;obras;Resuelta;SEÑALIZACIONES JICA S A;;264462,8;https://www.contratacion.euskadi.eus/webkpe00-kpeperfi/es/contenidos/anuncio_contratacion/expjaso442887/es_doc/index.html
Adjudicaciones;Suministro de equipos de cobertura quirúrgica, material suelto de apoyo a los equipos y pijamas quirúrgicos desechables para el Hospital Bidasoa;OSAKIDETZA - Servicio Vasco de Salud -Director Gerente;suministros;Resuelta;MEDLINE INTERNATIONAL IBERIA, S.L., MÖLNLYCKE HEALTH CARE, S.L.;;264149,2;https://www.contratacion.euskadi.eus/webkpe00-kpeperfi/es/contenidos/anuncio_contratacion/exposakisap2022000530/es_doc/index.html
Adjudicaciones;Execució d´obra hidràulica per optimitzar l´ús de l´aigua a la sèquia Horts Camarles. (Municipi Camarles);Comunitat de Regants Sindicat Agrícola de l'Ebre;obras;Adjudicada;REGIMOVI SL.;;264118,42;https://contractaciopublica.cat/ca/detall-publicacio/8a0c3618-da85-44a0-b28f-010b4e6b6d64/300899333
Adjudicaciones;CUL-2026-0096: Actuaciones de restauración y conservación en la iglesia de Santa María de Oporto (iglesia vieja) Marín (Pontevedra). Fase 2: actuaciones interiores.;Consellería de Cultura, Lingua e Xuventude;obras;Adjudicada;CITANIAS OBRAS Y SERVICIOS S.L.U;;254602,82;https://www.contratosdegalicia.gal/licitacion?N=828536
Adjudicaciones;RET-RE-2026-0186: CD3 del acuerdo marco con un único adjudicatario del suministro e instalación de equipación MPLS;RETEGAL S.A.;suministros;Adjudicada;TRC BAT S.L.;;253014,79;https://www.contratosdegalicia.gal/licitacion?N=829294
Adjudicaciones;Concesión del servicio consistente en la instalación, montaje, gestión, explotación, mantenimiento y desmontaje de una pista de hielo natural y una pista de trineo neumático con cambio de rasante.;Bilbao Ekintza, E.P.E.L.-Presidencia;concesión de servicios;Adjudicada;MULTIOCIO Y GESTION, S.L.;;247933,88;https://www.contratacion.euskadi.eus/webkpe00-kpeperfi/es/contenidos/anuncio_contratacion/expjaso727468/es_doc/index.html
Adjudicaciones;147/ise/2026/co obra en c.e.i.p. el prado, lucena;Agencia Pública Andaluza de Educación;obras;Resuelta;CNES GALLARDO BARRERA SL Y CNES RETORTILLO DOMINGUEZ SL UTE;;244183,32;https://www.juntadeandalucia.es/haciendayadministracionpublica/apl/pdc_sirec/perfiles-licitaciones/detalle-licitacion.jsf?idExpediente=1006747
Adjudicaciones;Tramitació d'emergència per al subministrament de 1.115 llanternes de pit, L4000, i 190 carregadors per al Cos de Bombers de la Generalitat de Catalunya;Departament d'Interior i Seguretat Pública;suministros;Adjudicada;Adaro Tecnología, SA;;243038;https://contractaciopublica.cat/ca/detall-publicacio/8e888fe4-9134-4742-828d-2585e303caa9/300900140
Adjudicaciones;execució del projecte de Rehabilitació interior de l'església vella de Sant Vicenç,lluernari central,enllumenat i rehabilitació del campanar, FASE 2;Ajuntament de Castellolí;obras;Adjudicada;OBRES I PROMOCIONS ESCORSELL S.L.;;238000;https://contractaciopublica.cat/ca/detall-publicacio/77983fe2-815b-40c6-a600-b704958222c9/300900188
Adjudicaciones;Subministrament i adequació de l’espai d’una sala de radiologia convencional per al centre IDI · Tarragona – Hospital Universitari Joan XXIII.;Institut de Diagnòstic per la Imatge (IDI);suministros;Adjudicada;Philips Ibérica SAU;;238000;https://contractaciopublica.cat/ca/detall-publicacio/7c7a8a6d-da73-44db-8a2c-74435d5b6830/300899294
Adjudicaciones;gestió indirecta de l’explotació, mitjançant concessió de serveis per a la gestió i explotació del servei municipal de l’escola bressol municipal L’Alegria, situada a la Plaça del Trèvol, s/n;Ajuntament de Sant Vicenç dels Horts;concesión de servicios;Adjudicada;SUARA SERVEIS CCL;;237699,52;https://contractaciopublica.cat/ca/detall-publicacio/e0fb830f-a106-43f1-8609-f5e022ce95e5/300900155
Adjudicaciones;Desarrollo e implantación de la plataforma OTT Irun Market para el comercio de Irun - Financiado por la Unión Europea – NextgenerationEU - Ministerio de economía, comercio y empresa - Resolución de la Secretaria de Estado de Comercio de 10 de marzo de 2023.;Ayuntamiento de Irun -Junta de Gobierno Local;servicios;Resuelta;EUSKALTEL, S.A.;;236938,2;https://www.contratacion.euskadi.eus/webkpe00-kpeperfi/es/contenidos/anuncio_contratacion/expjaso507642/es_doc/index.html
Adjudicaciones;0001094/2025 contratación del servicio de centralita e información y atención al público para el hospital de alta resolución de la janda, dependiente del hospital universitario de puerto real.;Servicio Andaluz de Salud;servicios;Resuelta;INTEGRA MANTENIMIENTOS GESTION SERVICIOS INTEGRADOS CENTRO ESPECIAL DE EMPLEO ANDALUCIA SL;;235436,41;https://www.juntadeandalucia.es/haciendayadministracionpublica/apl/pdc_sirec/perfiles-licitaciones/detalle-licitacion.jsf?idExpediente=939147
Adjudicaciones;Servicio de ruta entre la oficina central de hacienda y finanzas, oficinas descentralizadas, oficinas liquidadoras del registro y oficinas de atención ciudadana (GERTU) para el traslado de documentación y paquetería de la DFB para los años 2027 a 2030;Diputación Foral de Bizkaia-Diputada Foral de Administración Pública y Relaciones Institucionales;servicios;Adjudicada;AERO-FERR NORTE, SA.;;234000;https://www.contratacion.euskadi.eus/webkpe00-kpeperfi/es/contenidos/anuncio_contratacion/expgebizkaia3534008/es_doc/index.html
Adjudicaciones;Ejecución proyecto Reformado nº2 de Acondicionamiento de caminos municipales en el Ayuntamiento de Alfoz - Convenio interadministrativo Diputación Lugo;Concello de Alfoz do Castrodouro;obras;Adjudicada;DESARROLLOS Y METAS, S.L.;;233058,1;https://www.contratosdegalicia.gal/licitacion?N=829053
Adjudicaciones;cbam 06-17 am 1024/2022 - schmitz u shone iberica s.l. - mesa quirofano con columna y tablero, sin accesorios - hospital universitario regional de malaga;Servicio Andaluz de Salud;suministros;Resuelta;SCHMITZ U SHONE IBERICA SL;;231840;https://www.juntadeandalucia.es/haciendayadministracionpublica/apl/pdc_sirec/perfiles-licitaciones/detalle-licitacion.jsf?idExpediente=1008511
Adjudicaciones;pgrn-aprovechamiento cinegético en montes públicos prov huelva 2026-2031;Agencia de Medio Ambiente y Agua de Andalucía;administrativo especial;Adjudicada;SOCIEDAD DE CAZADORES MONTES PROPIOS, CD SAD DE CALAZODES LAS ARENAS, SOCIEDAD DE CAZADORES DE VALVERDE DEL CAMINO, ASOC DE CAZADORES ABIUD (MARIGENTA), ASOCIACION DE CAZADORES VIRGEN DEL ROCIO, SOCIEDAD DE CAZADORESD AYAMONTE, ASOC CLUB MONTERO LA ZARZA, PEÑA MONTERA EL ANDÉVALO, SOC. DE CAZADORES DE LAS MARISMAS DE HINOJOS, SOCIEDAD DE CAZADORES DE NERVA, SDAD DE CAZADORES NTRA SRA DE LA GRANADA, C.D PEÑA JABATERA EL CINQULLO;;222074,35;https://www.juntadeandalucia.es/haciendayadministracionpublica/apl/pdc_sirec/perfiles-licitaciones/detalle-licitacion.jsf?idExpediente=939525
Adjudicaciones;Contractació del subministrament, instal·lació, posada en funcionament, formació i servei de manteniment d'un citòmetre de flux amb capacitat d’imatge d’altes prestacions, equipat amb un autosampler;Fundació Institut de Recerca contra la Leucèmia Josep Carreras;suministros;Resuelta;Life Technologies SA;;220214,1;https://contractaciopublica.cat/ca/detall-publicacio/be763ef2-2e91-49fd-9d2d-4bae59d9ea60/300899457
Adjudicaciones;Suministro para la iluminación decorativa de Nadal 2 anualidades: 2026/2027 y 2027/2028;Concello de Ribeira;suministros;Adjudicada;ILUMINACIONES SANTIAGUESAS SL;;217800;https://www.contratosdegalicia.gal/licitacion?N=828523
Adjudicaciones;Suministro del material necesario para la realización de determinaciones analíticas por citometría de flujo y la cesión del equipamiento necesario;Hospital Universitario La Paz;suministros;Resuelta;BECKMAN COULTER S.L.U.;;217800;https://contratos-publicos.comunidad.madrid/contrato-publico/pa-2025-0-74-suministro-material-necesario-realizacion-determinaciones-analiticas
Adjudicaciones;Renovación del plan de suscripciones de pago por uso de productos Autodesk;LANTIK-Director-Gerente;suministros;Resuelta;SEIDOR TECH, SAU;;215000;https://www.contratacion.euskadi.eus/webkpe00-kpeperfi/es/contenidos/anuncio_contratacion/expgebizkaia3529618/es_doc/index.html
Adjudicaciones;272/ise/2026/hu obras calefacción ceip el puntal bellavista-aljaraque (hu);Agencia Pública Andaluza de Educación;obras;Resuelta;CONSTRUCCIONES MANUEL ZAMBRANO SA;;213932,15;https://www.juntadeandalucia.es/haciendayadministracionpublica/apl/pdc_sirec/perfiles-licitaciones/detalle-licitacion.jsf?idExpediente=1008020
Adjudicaciones;Servicio de asistencia técnica y mantenimiento de los equipos de radiología y ecógrafos de la marca Thosiba del Hospital Universitario de la Princesa incluidos en el Pliego de prescripciones técnicas;Hospital Universitario de La Princesa;servicios;Resuelta;CANON MEDICAL SYSTEMS S.A.;;210676;https://contratos-publicos.comunidad.madrid/contrato-publico/servicio-asistencia-tecnica-mantenimiento-equipos-radiologia-ecografos-marca
Adjudicaciones;Servei de transport escolar col·lectiu d'acompanyament i coordinació a la comarca del Berguedà pel curs 2024-2025, prorrogable pels cursos 2025-2026, 2026-2027.;Consell Comarcal del Berguedà;servicios;Resuelta;SIMO RIBAS S.L., David Fabregas alvarez, Caiposer Bagà, S.L., EULEN, S.A.;;206447,42;https://contractaciopublica.cat/ca/detall-publicacio/788136ed-21be-4dba-8b27-41bf1f2f200d/300261057
Adjudicaciones;"Suministro de Levodopa. inhibidor de la Decarboxilasa e inhibidor de la Comt, medicamentos de distribución exclusiva de la firma ""STADA S.L. (CICLUM FARMA)"", con destino al Servicio de Farmacia del Hospital Universitario 12 de Octubre &nbsp;";Hospital Universitario 12 de Octubre;suministros;Adjudicada;STADA S.L. (CICLUM FARMA);;205561,17;https://contratos-publicos.comunidad.madrid/contrato-publico/suministro-levodopa-inhibidor-decarboxilasa-e-inhibidor-comt-medicamentos
Adjudicaciones;Suministro Polielectrolito para tratamiento de fango en las ETAP de Canal de Isabel II, S.A., M.P.;Canal de Isabel II, S.A.;suministros;Resuelta;BRENNTAG QUÍMICA, S.A.U., TESIS GALICIA, S.L.;;201605,44;https://contratos-publicos.comunidad.madrid/contrato-publico/suministro-polielectrolito-tratamiento-fango-etap-canal-isabel-ii-sa-mp-1
Adjudicaciones;Suministro e instalación de un espectrómetro de RMN de sobremesa para el DIPC;Fundación Donostia International Physics Center-Director;suministros;Adjudicada;PALEX MEDICAL, S.A.;;201271,5;https://www.contratacion.euskadi.eus/webkpe00-kpeperfi/es/contenidos/anuncio_contratacion/expjaso740912/es_doc/index.html
Adjudicaciones;Reforma del Vestíbul de planta 2 de l’edifici Principal de l’Hospital Universitari de Bellvitge.;ICS - Hospital Universitari de Bellvitge;obras;Resuelta;SURIS, S.L.;;200514,71;https://contractaciopublica.cat/ca/detall-publicacio/1e7738ef-46d9-4f98-8ea1-0f5322fc6b00/300899692
Adjudicaciones;Servei de producció executiva, exhibició i explotació de l’obra teatral “JÚLIA – 15 ANYS MÉS TARD” amb subjecció estricta als plecs aprovats;Teatre Lliure-Teatre Públic de Barcelona;servicios;Adjudicada;BITÒ PRODUCCIONS, S.L.;;198500,01;https://contractaciopublica.cat/ca/detall-publicacio/2bd20016-5c54-4346-97e9-1bd0c707ef02/300899445
Adjudicaciones;Contratación de suministro de alimentos;FUNDACIÓN GIZAIN;suministros;Adjudicada;SOCIEDAD COOPERATIVA DE HOSTELERÍA DE NAVARRA;;197252;https://hacienda.navarra.es/sicpportal/ctaDatosAdjudicacion.aspx?cod=8350&Ticket=261005085246568D3E13
Adjudicaciones;Contratación de la ejecución de las obras de mejora de la estación de tratamiento de agua potable del barrio de Larrabea, Legutio (Álava).;Ayuntamiento de Legutio-Alcaldía;obras;Resuelta;AQUARBE S.A.;;197229,7;https://www.contratacion.euskadi.eus/webkpe00-kpeperfi/es/contenidos/anuncio_contratacion/expjaso731021/es_doc/index.html
Adjudicaciones;Contractació del SERVEI D’AUDIOVISUALS PER A LES EDICIONS DE “CORNELLÀ CREACIÓ FÒRUM”de les edidions del 2027 i 2028 (inclou el muntatge i desmuntatge, circuït tancat de TV,escenari, il.luminació i so per cadascun dels actes que tinguin lloc d'acord amb el PPTP) .;Procornellà;servicios;Resuelta;Sono Tecnologia Audiovisual, S.L.,;;189600;https://contractaciopublica.cat/ca/detall-publicacio/75dd7a6a-0cff-45d0-bd75-54e730689357/300899859
Adjudicaciones;EMERGÈNCIA - Servei de neteja i manteniment de 366 equips de protecció individual per al Cos de Bombers de la Generalitat de Catalunya;Departament d'Interior i Seguretat Pública;servicios;Adjudicada;TOTAL SAFETY CLEAN, SL;;187500;https://contractaciopublica.cat/ca/detall-publicacio/b2effc56-0bcf-440a-81e7-24f5ff7a51fc/300900211
Adjudicaciones;Redacció projecte, DO, DE, CSS i CQ per l'adequació de normativa actual de protecció contra incendis dels Mercats del Carmel, Concepció, Fort Pienc i Clot;Institut Municipal de Mercats de Barcelona;servicios;Adjudicada;GRUPO DE INGENIERIA Y ARQUITECTURA CAÑAS Y ASOCIADOS SLP, IPAE, S.L.;;185077,95;https://contractaciopublica.cat/ca/detall-publicacio/587c316f-a501-4928-acf5-7dbc25648156/300900163
Adjudicaciones;mant sistemas de cctv y control de accesos en puertos de gestión directa;Agencia Pública de Puertos de Andalucía (APPA);servicios;Resuelta;UTE SOCIEDAD IBERICA DE CONSTRUCCIONES ELECTRICAS SA SOCIEDAD IBERICA DE CONSTRUCCIONES ELECTRICAS DE SEGURIDAD, SL;;182306,18;https://www.juntadeandalucia.es/haciendayadministracionpublica/apl/pdc_sirec/perfiles-licitaciones/detalle-licitacion.jsf?idExpediente=649999
Adjudicaciones;Contrato de servicios de mantenimiento de las instalaciones fotovoltaicas;Ajuntament de Badalona;servicios;Resuelta;AERONAVAL DE CONSTRUCCIONES E INSTALACIONES, S.A.;;181396,91;https://contractaciopublica.cat/ca/detall-publicacio/384fae7d-e70b-4e7e-ad5c-4983997a17e8/300897518
Adjudicaciones;Mantenimiento del Registro Electrónico de Apoderamientos (REA);IZFE - Sociedad Foral de Servicios Informáticos-Dirección General;servicios;Adjudicada;TEKNEI INFORMATION TECHNOLOGY S.L.;;180000;https://www.contratacion.euskadi.eus/webkpe00-kpeperfi/es/contenidos/anuncio_contratacion/expjaso727475/es_doc/index.html
Adjudicaciones;Redacció del projecte i direcció d’obra per a la rehabilitació integral de l’edifici DSPD de l’Escola Tècnica Superior d’Enginyeria Industrial (ETSEIB) de la Universitat Politècnica de Catalunya;Universitat Politècnica de Catalunya;servicios;Resuelta;PARÍS CAMPS ARQUITECTURA, SLP;;180000;https://contractaciopublica.cat/ca/detall-publicacio/97675eb5-5d97-4ed9-bc23-e9aa2cf99653/300899401
Adjudicaciones;Fase 1 del proyecto de reencauzamiento de la regata Begiriztain;Ayuntamiento de Lazkao-Alcalde;obras;Resuelta;CONSTRUCCIONES M.B. ANTIO S.L.L.;;173533,78;https://www.contratacion.euskadi.eus/webkpe00-kpeperfi/es/contenidos/anuncio_contratacion/expjaso731077/es_doc/index.html
Adjudicaciones;"contrato de seguridad interior edificio adm. ""plaza de la constitución""";Delegación Territorial de Economía, Hacienda, Fondos Europeos y de Industria, Energía y Minas en Córdoba;servicios;Adjudicada;GRUPO CONTROL EMPRESA DE SEGURIDAD S.A.U.;;173489,08;https://www.juntadeandalucia.es/haciendayadministracionpublica/apl/pdc_sirec/perfiles-licitaciones/detalle-licitacion.jsf?idExpediente=978367
Adjudicaciones;AGA-2026-0003: Suministro y puesta en servicio de un sistema de medición de gases entéricos para ganado vacuno, en el marco del proyecto AGRIFOODTEF;Axencia Galega da Calidade Alimentaria;suministros;Resuelta;C-LOCK INC;;172618,6;https://www.contratosdegalicia.gal/licitacion?N=827590
Adjudicaciones;Obras de mejora y optimización del sistema de riego del Parque Comercial Galaria;Junta de Gobierno;obras;Resuelta;JARDINERÍA ADAXKA SL;;168874,93;https://hacienda.navarra.es/sicpportal/ctaDatosAdjudicacion.aspx?cod=3028&Ticket=26100511002816BE30A1
Adjudicaciones;0000468/2025 suministro de aparatos de radiologia intraoral con instalación completa y puesta en marcha, paradiversos centros sanitarios adscritos a la central provincial de compras de córdoba, (pa 19/25).;Servicio Andaluz de Salud;suministros;Resuelta;SAFEDENT SUMINISTROS MEDICOS SL;;167400;https://www.juntadeandalucia.es/haciendayadministracionpublica/apl/pdc_sirec/perfiles-licitaciones/detalle-licitacion.jsf?idExpediente=832605
Adjudicaciones;Subministrament, instal·lació, configuració i manteniment dels equips de mesura de la xarxa de monitoratge de subministraments (electricitat, gas i aigua) i de la qualitat de l’aire interior als edificis de la UPC, per tal de garantir una gestió eficient dels recursos energètics i l’aigua, així com de garantir les condicions necessàries per a l’habitabilitat dels espais interiors de la Universitat.;Universitat Politècnica de Catalunya;suministros;Resuelta;ERF Energia i Sostenibilitat, SLU;;165289,26;https://contractaciopublica.cat/ca/detall-publicacio/8abfb42f-d49b-4f50-8ee1-b2072da648dd/300899313
Adjudicaciones;Suministro de tapon desinfectante y jeringa precargada con solución salina para el Hospital Universitario Infanta Sofia.;Hospital Universitario Infanta Sofía;suministros;Resuelta;BECTON DICKINSON, S.A.U.;;161670;https://contratos-publicos.comunidad.madrid/contrato-publico/suministro-tapon-desinfectante-jeringa-precargada-solucion-salina-hospital
Adjudicaciones;Póliza de seguro de responsabilidad civil para la flota de vehículos de la Dirección General de Emergencias de la Comunidad de Madrid (2 lotes).;Consejería de Medio Ambiente, Agricultura e Interior;servicios;Resuelta;BILBAO COMPAÑíA ANÓNIMA DE SEGUROS Y REASEGUROS, BILBAO COMPAÑÍA ANÓNIMA DE SEGUROS Y REASEGUROS;;161592,75;https://contratos-publicos.comunidad.madrid/contrato-publico/poliza-seguro-responsabilidad-civil-flota-vehiculos-direccion-general-emergencias
Adjudicaciones;Servicio de Vigilancia del Centro Territorial de Gipuzkoa de OSALAN;Gobierno Vasco-Director/a de OSALAN - Instituto Vasco de Seguridad y Salud Laboral;servicios;Resuelta;BILBO GUARDAS SEGURIDAD S L;;161405;https://www.contratacion.euskadi.eus/webkpe00-kpeperfi/es/contenidos/anuncio_contratacion/expjaso626079/es_doc/index.html
Adjudicaciones;sv.limpieza sedes advas. d.t. cisjufi en granada;Delegación Territorial de Inclusión Social, Juventud, Familias e Igualdad en Granada;servicios;Resuelta;MULTISER MALAGA SL;;158544;https://www.juntadeandalucia.es/haciendayadministracionpublica/apl/pdc_sirec/perfiles-licitaciones/detalle-licitacion.jsf?idExpediente=978388
Adjudicaciones;suministro de papel blanco en formato a-4 para órganos judicials cádiz 2025;Delegación Territorial de Justicia, Administración Local y Función Pública en Cádiz;suministros;Resuelta;PAEZ SOLUCIONES INTEGRALES SL;;156150;https://www.juntadeandalucia.es/haciendayadministracionpublica/apl/pdc_sirec/perfiles-licitaciones/detalle-licitacion.jsf?idExpediente=834807
Adjudicaciones;Servei de manteniment integral pels sistemes Dyane de gestió logística hospitalària (SmartCabinet, SmartKanban i SmartPoint), incloent els seus components hardware, software i integracions, amb l’objectiu de garantir la seva disponibilitat, funcionalitat, traçabilitat i continuïtat operativa.;ICS - Hospital Universitari de Bellvitge;servicios;Adjudicada;PALEX MEDICAL, S.A.;;152674,14;https://contractaciopublica.cat/ca/detall-publicacio/e36e1057-16d4-49bb-9207-2d80bff86d03/300899623
Adjudicaciones;L’objecte del present contracte és la prestació dels serveis de transport escolar adaptat i/o assistit amb servei d’acompanyament, adreçats a les persones amb diversitat funcional de la comarca del Berguedà que s’hagin de traslladar a l’Escola d’Educació Especial Santa Maria de Queralt des del Baix Berguedà, pel curs 2023-2024.;Consell Comarcal del Berguedà;servicios;Resuelta;SIMO RIBAS S.L., Fundació Pro DIsminuïts Psíquics del Berguedà;;151269,51;https://contractaciopublica.cat/ca/detall-publicacio/24ba4f3a-c753-4533-a0e2-cbaf41002420/300228797
Adjudicaciones;Contracte de serveis per a l’assistència tècnica de control de qualitat de les obres del Projecte constructiu de la Línia 9 del Metro de Barcelona. Condicionament i instal·lacions de l’estació de Guinardó. Clau: TM-00509.31C.2;Infraestructures de la Generalitat de Catalunya, SAU;servicios;Resuelta;APPLUS NORCONTROL, SLU;;147847,7;https://contractaciopublica.cat/ca/detall-publicacio/825175a9-94b3-4d20-9226-2caa39029ad5/300900110
Adjudicaciones;Suministro de equipamiento médico asistencial para centros adscritos a la Agencia Madrileña de Atención Social (4 lotes);Organismo Autónomo Agencia Madrileña de Atención Social;suministros;Adjudicada;OFICÁCERES, S.L., PÉREZ FERNÁNDEZ, MATERIAL MÉDICO, S.L.;;147197,99;https://contratos-publicos.comunidad.madrid/contrato-publico/suministro-equipamiento-medico-asistencial-centros-adscritos-agencia-madrilena-0
Adjudicaciones;271/ise/2026/hu obras ascensor y porche en ceip divino salvador cortegana;Agencia Pública Andaluza de Educación;obras;Resuelta;UTE CNES GALLARDO BARRERA SL Y SEDEÑO MUÑOZ SL UTE;;143250,08;https://www.juntadeandalucia.es/haciendayadministracionpublica/apl/pdc_sirec/perfiles-licitaciones/detalle-licitacion.jsf?idExpediente=1007980
Adjudicaciones;Contratación de Licencias de Uso y formación de Articulate 360 teams para la red de Osakidetza;OSAKIDETZA - Servicio Vasco de Salud -Director General;suministros;Resuelta;ACTUA GESTION DEL CONOCIMIENTO S.L.;;143191,16;https://www.contratacion.euskadi.eus/webkpe00-kpeperfi/es/contenidos/anuncio_contratacion/exposakisap2026001149/es_doc/index.html
Adjudicaciones;reurbanització i pacificació del trànsit en el tram de travessera de l’avinguda de la unió entre el carrer d’Auguells i el passeig de la Riera;Ajuntament de Castellolí;obras;Resuelta;CATALANA D'OBRES DEL PENEDÈS, S.A.;;142952,03;https://contractaciopublica.cat/ca/detall-publicacio/15c86791-0ae9-45e1-be92-1bd643e635ac/300900103
Adjudicaciones;aprovechamientos cinegeticos 2026 granada/varios subexpedientes;Delegación Territorial de Sostenibilidad y Medio Ambiente en Granada;administrativo especial;Adjudicada;AYUNTAMIENTO DE ORGIVA, ASOCIACION CAZADORES FUENTE BERMEJAS, LA UNION ASOC DEPORTIVA DE CAZA, JOSE MARIA GUIRAO COBO, SOCIEDAD DE CAZADORES D. FADRIQUE, SOCIEDAD DE CAZADORES EL MARGEN ., ASOC DEPORTIVA DE CAZA Y PESCA OSCENSE, CLUB DEPORTIVO SAN ANTONIO DE PADUA DE COJAYAR, C.D.SOCIEDAD CAZADORES DE ALFARNATE, SOCIEDAD DE CAZADORES DE HUETOR SANTILLA, MANUEL SANCHEZ MARTIN, ZAIDA PRADOS MEDINA, MIGUEL BALLESTA FRANCO, AYUNTAMIENTO DE ALHAMA DE GRANADA, ASOC DEPORTIVA DE CAZA SANTO CRISTO;;142851,85;https://www.juntadeandalucia.es/haciendayadministracionpublica/apl/pdc_sirec/perfiles-licitaciones/detalle-licitacion.jsf?idExpediente=976656
Adjudicaciones;Asistencia Técnica para la Redacción de Proyectos, Dirección de Obra, Dirección de Ejecución y Coordinación de seguridad y salud de las obras de Derribo y Reurbanización del entorno del Rectorado y de los Aularios del Área de Leioa-Erandio de la UPV/EHU del Campus de Bizkaia;UPV/EHU - Universidad del País Vasco-La Gerente de la UPV/EHU;servicios;Resuelta;I-INGENIA INGENIERIA Y ARQUITECTURA, S.A.;;142555,59;https://www.contratacion.euskadi.eus/webkpe00-kpeperfi/es/contenidos/anuncio_contratacion/expjaso499671/es_doc/index.html
Adjudicaciones;L’objecte de la present contractació és el subministrament i col·locació de mobiliari a l’Escola Bressol Municipal L’Ametller de Reus. Tots els subministraments i materials han de ser de nova adquisició. Els subministraments objecte de la present contractació hauran d’ajustar-se als requisits establerts en el present plec de clàusules administratives i en el plec de prescripcions tècniques particulars (Projecte de mobiliari de l’Escola Bressol Municipal (EBM) L’Ametller de Reus), els quals tenen naturalesa contractual.;Ajuntament de Reus;suministros;Resuelta;EXPERT LINE, S.L.;;140651,78;https://contractaciopublica.cat/ca/detall-publicacio/b570fd82-3ade-47cf-b5dd-dd1f376174fd/300900135
Adjudicaciones;Obres per a la substitució del sistema de detecció d’incendis de l’edifici DELTA de l’Hospital Universitari de Bellvitge.;ICS - Hospital Universitari de Bellvitge;obras;Resuelta;SISTEMAS DE SEGURIDAD Y CONTRAINCENDIOS-INTEGRAS, S.L.;;140517,53;https://contractaciopublica.cat/ca/detall-publicacio/9c5bfb75-971c-41ce-8fbe-cb56f7ddc0d8/300899752
Adjudicaciones;Constitueix l'objecte del present contracte el subministrament i servei de substitució del carbó actiu dels filtres (CAG) existent a la ETAP. Inclou els treballs de retirada del carbó existent, el processament com a residu i el subministrament del nou carbó actiu (CAG) amb camió cisterna pneumàtica.;Aigües de Blanes, SA;suministros;Resuelta;CHIEMIVALL, S.L.;;137176;https://contractaciopublica.cat/ca/detall-publicacio/5312403e-342a-4462-8fc9-f2d731111b6e/300900245
Adjudicaciones;Estudi d’aforament de la demanda de Transports de Barcelona, SA i Ferrocarril Metropolità de Barcelona, SA.;Transports de Barcelona, SA;servicios;Adjudicada;Instituto DYM S L U;;135240;https://contractaciopublica.cat/ca/detall-publicacio/a64831cd-f3ce-4e48-bfad-f4a9f8a9f993/300900224
Adjudicaciones;Reforma interior per a la implantació de telecomandament multifunció (instal·lacions) del DIVAS 3 de l'Hospital Universitari de Bellvitge.;ICS - Hospital Universitari de Bellvitge;obras;Resuelta;CONSTRUCCIONS CAPSANA SL;;134859,82;https://contractaciopublica.cat/ca/detall-publicacio/78f0e3f8-0010-4e51-9ce3-d0057b999c10/300899745
Adjudicaciones;El objeto del presente contrato consiste en la prestación de un servicio especializado de conceptualización y planificación estratégica de medios, captación de audiencias, compra de espacios publicitarios, así como de gestión, seguimiento, ejecución y optimización de campañas publicitarias asociadas al evento Talent Arena 2027, impulsado por MWCapital. Este servicio comprenderá la definición y ejecución de un plan integral de medios, tanto en canales digitales (online) como presenciales o convencionales (offline), incluyendo la identificación y segmentación de públicos objetivo, la selección de canales y soportes publicitarios, la gestión de las campañas, la monitorización continua de su rendimiento y la formulación de recomendaciones de optimización basadas en datos. Las actuaciones objeto del contrato tendrán como finalidad maximizar el alcance e impacto de las acciones de promoción del Evento entre los públicos objetivo definidos por MWCapital, contribuir a la captación de profesionales del ámbito digital, favorecer la conversión de registros cualificados y reforzar el posicionamiento de Talent Arena como uno de los principales encuentros europeos de talento digital y tecnológico.;Fundació Barcelona Mobile World Capital Foundation;servicios;Adjudicada;Medialog Communications SL;;134780;https://contractaciopublica.cat/es/detall-publicacio/1046cff4-d923-43e1-8555-7a4a214f1a38/300900457
Adjudicaciones;El concurs té per objecte escollir la proposta més idònia, a judici del jurat, que ha de servir de base per a la prestació de serveis per a la redacció del projecte (i posterior direcció de les obres, si s’escau) d’un Projecte de rehabilitació integral d’un edifici per implantar habitatges amb protecció oficial amb espais comuns complementaris;Institut Metropolità de Promoció de Sòl i Gestió Patrimonial (IMPSOL);servicios;Adjudicada;LLINDAR ARQUITECTURA SLP;;131237,76;https://contractaciopublica.cat/ca/detall-publicacio/b94cc50f-f813-4f1c-bcca-7896ac7c9857/300899964
Adjudicaciones;Reforma interior per a la implantació de telecomandament multifunció (arquitectura) del DIVAS 3 de l'Hospital Universitari de Bellvitge.;ICS - Hospital Universitari de Bellvitge;obras;Resuelta;CONSTRUCCIONS CAPSANA SL;;130402,02;https://contractaciopublica.cat/ca/detall-publicacio/f35fbeab-0c9c-4d18-958b-eb5b74725109/300899641
Adjudicaciones;El contracte té per objecte la prestació dels serveis d’assessorament i suport a la innovació empresarial per a persones emprenedores i empreses al municipi de Sant Cugat del Vallès. Aquest servei te per objecte oferir un servei d’assessorament i formació per a emprenedoria bàsica, programes de consolidació de projectes innovadors pre-acceleració, innovació oberta i connexió internacional. L’objecte inclou la definició de programes, la gestió de les activitats, l’avaluació d’impacte i la coordinació amb l’ecosistema local.;Ajuntament de Sant Cugat del Vallès;servicios;Adjudicada;Cambra Oficial de Comerç, Indústria i Serveis de Terrassa;;130000;https://contractaciopublica.cat/ca/detall-publicacio/75f42c28-cc6e-4cc5-971f-e97df628f7c6/300900381
Adjudicaciones;servicio de mantenimiento sede calle zaragoza;Consejería de la Presidencia, Interior, Diálogo Social y Simplificación Administrativa . Secretaría General Técnica;servicios;Resuelta;INGEMONT TECNOLOGIAS SA;;129133,62;https://www.juntadeandalucia.es/haciendayadministracionpublica/apl/pdc_sirec/perfiles-licitaciones/detalle-licitacion.jsf?idExpediente=000000365660
Adjudicaciones;Constitueix l’objecte del contracte la prestació del servei de càtering dels actes de CORNELLÀ CREACIÓ edicions 2027 i 2028. Es tracta d’un total de 12 actes-DINARS,que es realitzaran des del mes de gener a desembre de 2027 i de gener a desembre de 2028 en l’ espai: L’Auditori de Cornellà en el marc del cicle de conferències de CORNELLÀ CREACIÓ FÒRUM edició 2027 i 2028.;Procornellà;servicios;Resuelta;AVUI NO CUINO ESPAI GASTRONOMIC, SLU;;126720;https://contractaciopublica.cat/ca/detall-publicacio/0b799afa-5ae6-409b-8793-713329efcfba/300899915
Adjudicaciones;L’objecte del contracte consisteix en el servei de menjador, amb monitoratge inclòs, amb modalitat de menús amb cuina al centre i modalitat de càtering per al curs 2024-2025 amb possibilitat de pròrroga per a les escoles Santa Eulàlia, Lillet a Güell, Sant Llorenç, Santa Margarida, Pedraforca i Alfred Mata del Berguedà.;Consell Comarcal del Berguedà;servicios;Resuelta;CATASA CATERING CATALUNYA,S.L, Hosteleria De Servicios Colectivos, S.A.;;126455,83;https://contractaciopublica.cat/ca/detall-publicacio/2f79de0e-d807-417e-85a7-fed74679caa0/300228758
Adjudicaciones;Servicios de control y vigilancia vectorial en Donostia/San Sebastian.;Ayuntamiento de Donostia/San Sebastián-Junta de Gobierno Local;servicios;Resuelta;LOKIMICA SA;;123850;https://www.contratacion.euskadi.eus/webkpe00-kpeperfi/es/contenidos/anuncio_contratacion/expjaso665833/es_doc/index.html
Adjudicaciones;Projecte d'obra local ordinària Projecte pel tancament de la pista poliesportiva de L’Armentera, de 3 d’octubre de 2025, redactat per l’arquitecte tècnic Sr. Eduard GIRÓ VAL, aprovat definitivament el dia 28/12/2025.;Ajuntament de l'Armentera;obras;Resuelta;ECOSTA CONSTRUCCIONS S.L.;;122993,82;https://contractaciopublica.cat/ca/detall-publicacio/8f4b48ca-76e1-44d9-97df-5dfbc90e6e2d/300899461
Adjudicaciones;Contratación de suministro, instalación y puesta en marcha de infraestructura para el procesamiento de imágenes mediante inteligencia artificial en la plataforma basque resource for electron microscopy — BREM.;Fundación Biofísica Bizkaia-Director Científico;suministros;Adjudicada;SISTEMAS INFORMATICOS EUROPEOS S L;;122990;https://www.contratacion.euskadi.eus/webkpe00-kpeperfi/es/contenidos/anuncio_contratacion/expjaso738904/es_doc/index.html
Adjudicaciones;Adhesió de l'Ajuntament de Manresa a la 1a pròrroga de l'Acord Marc de subministrament d'energia elèctrica de l'ACM (2023.04) amb destinació a les entitats locals de Catalunya - Lot 4. Instal·lacions d'autoconsum fotovoltaic de la província de Barcelona.;Ajuntament de Manresa;suministros;Adjudicada;ELECTRA CALDENSE ENERGÍA, SA;;121487,6;https://contractaciopublica.cat/ca/detall-publicacio/57864498-8260-4406-b942-1a60eb951571/300899770
Adjudicaciones;Contrato obras tematización Oficinas de Turismo;la Directora General de Turismo;obras;Adjudicada;NAVARTILINEA S.L.;;120350;https://hacienda.navarra.es/sicpportal/ctaDatosAdjudicacion.aspx?cod=1005&Ticket=26100507564385B30A2C
Adjudicaciones;El objeto del contrato es el suministro mediante modalidad renting de nueve (9) vehiculos turismo y SUV, una furgoneta de doble cabina y una furgoneta adaptada PMR para distintos servicios de SUMAR;Sumar, serveis públics d'acció social de Catalunya, MP, SL;suministros;Adjudicada;ARVAL SERVICE LEASE, SAU, LEASYS ITALIA SPA, TALRENT SL;;118715,04;https://contractaciopublica.cat/ca/detall-publicacio/60b4796b-e370-49e4-8ae2-293109511196/300900290
Adjudicaciones;Obres de reparació d'11 locals municipals del Districte de Sant Martí de Barcelona amb mesures de contractació pública sostenible.;Ajuntament de Barcelona;obras;Adjudicada;Servicios e instalaciones Aldago, S.l.;;117970,21;https://contractaciopublica.cat/ca/detall-publicacio/67e4d91e-0a31-428f-ba85-dfc9d7170648/300899586
Adjudicaciones;Obras del proyecto de construcción de itinerario peatonal paralelo a la calzada entre los PK 1,810 y 2,030 de laGI-3131 a Goroeta en Aretxabaleta (14-SV-79/2025 2LIC);Diputación Foral de Gipuzkoa-Dirección General de Infraestructuras Viarias;obras;Resuelta;CONSTRUCCIONES EGURKI ERAIKUNTZAK, S.L.;;116616,21;https://www.contratacion.euskadi.eus/webkpe00-kpeperfi/es/contenidos/anuncio_contratacion/expjaso740310/es_doc/index.html
Adjudicaciones;L'objecte del contracte és el subministrament de rosegadors de soques d'origen específic SAS JANVIER LABS.;Fundació Institut de Recerca Biomèdica (IRB Barcelona);suministros;Adjudicada;JANVIER LABS;;113266,14;https://contractaciopublica.cat/ca/detall-publicacio/bd43a304-3484-4984-8783-11bd4327718d/300898548
Adjudicaciones;Elaboració i confecció de menús diaris mitjançant sistema de càtering i el servei de suport del monitoratge en el servei de menjador de l’escola bressol municipal El Carrilet de Calella.;Ajuntament de Calella;servicios;Resuelta;JOSEP MARIA PONS ARCA, ON PLUS INTEGRACION SERVICIOS, S.L.;;109057,6;https://contractaciopublica.cat/ca/detall-publicacio/a1448fa0-8a81-4cb2-aa43-d14127be5c92/300899650
Adjudicaciones;Constitueix l'objecte del present contracte la prestació del servei de realització de treballs de paleteria i obra civil de petita envergadura que Aigües de Blanes, S.A. (ABSA) pugui requerir en situacions d'acumulació d'averies, d'increment extraordinari de sol·licituds d'instal·lació d'escomeses d’impossible planificació i, en definitiva, per poder fer front a períodes de d’acumulació de tasquesmitjançant la posada en funcionament d'una organització productiva autònoma i independent per part de l'empresa contractista, que inclou la mobilització de personal propi especialitzat i dels mitjans materials i tècnics necessaris per a la correcta execució de les actuacions encomanades.;Aigües de Blanes, SA;servicios;Resuelta;CONSTRUMAT PINALBA, SLU;;107800;https://contractaciopublica.cat/ca/detall-publicacio/2c9a6ee8-d22d-4282-b9c9-2d9c9ccb090f/300900255
Adjudicaciones;L'objecte del present contracte és el Desenvolupament, desplegament, gestió i manteniment de les infraestructures d’un entorn BIM seguint la metodologia Building Information Modelling (BIM).;Ajuntament de Sant Feliu de Llobregat;servicios;Resuelta;ENGINYERIA DE L'EDIFICACIÓ I PROJECT MANAGEMENT, S.L.P.;;107002,03;https://contractaciopublica.cat/ca/detall-publicacio/f6d76844-d318-48d6-8024-23262c16b660/300900293
Adjudicaciones;Servei de manteniment de les instal·lacions tèrmiques de les seus de Barcelona i Terrassa de l'Institut del Teatre;Institut del Teatre;servicios;Adjudicada;ELECTROMECANICA VILAFRANCA JF SL;;104529,37;https://contractaciopublica.cat/ca/detall-publicacio/bd450129-fbe8-44f8-82ac-f1536e540096/300898226
Adjudicaciones;Contracte de manteniment i conservació de la xarxa d'enllumenat exterior públic de Monistrol de Montserrat;Ajuntament de Monistrol de Montserrat;servicios;Resuelta;URBALUX, S.A.;;104273,32;https://contractaciopublica.cat/ca/detall-publicacio/8b898660-eb22-4043-b100-317bf8787b17/300899715
Adjudicaciones;Desarrollo evolutivo de la Plataforma de Certificación de Competencias Digitales e integración con el sistema EDUCA, derivado del Acuerdo Marco 0005-0404-2023-000009 (Lote 2);el Director General de Telecomunicaciones y Digitalización;servicios;Resuelta;MAINJOBS INTERNACIONAL EDUCATIVA Y TECNOLÓGICA, SA;;103650;https://hacienda.navarra.es/sicpportal/ctaDatosAdjudicacion.aspx?cod=8379&Ticket=260921131401785E54F1
Adjudicaciones;Suministro de auriculares con micrófono para BFA y entidades forales;LANTIK-Director-Gerente;suministros;Resuelta;PET SPA MADRID SL;;100000;https://www.contratacion.euskadi.eus/webkpe00-kpeperfi/es/contenidos/anuncio_contratacion/expgebizkaia3330781/es_doc/index.html
Adjudicaciones;L’Entitat Municipal Descentralitzada de Seana té la necessitat de renovar el tram del clavegueram del carrer Les Escoles en tot el seu àmbit urbà d’uns 200 metres, solucionant els problemes actuals del col·lector general i de les escomeses particulars molt antigues. Amb aquesta actuació es podrà a la vegada desdoblar la xarxa separativa d’aigües residuals i les aigües pluvials, donant compliment així a la normativa.;Entitat Municipal Descentralitzada de Seana;obras;Adjudicada;EXPLOTACIONS SEIM,S.L.U.;;99000;https://contractaciopublica.cat/ca/detall-publicacio/69119376-fd5a-4e33-a530-ff9f343fb775/300838430
Adjudicaciones;Servei de manteniment preventiu i correctiu de les instal·lacions dels sistemes de comunicacions, control i seguretat del túnel Roc del Dui (Cremallera de Núria) de Ferrocarrils de la Generalitat de Catalunya (ref. POS53/26);Ferrocarrils de la Generalitat de Catalunya;servicios;Resuelta;ADTEL SISTEMAS DE TELECOMUNICACION SL;;98400;https://contractaciopublica.cat/ca/detall-publicacio/8e3b5da8-094d-4871-b040-f48e6d073929/300899322
Adjudicaciones;Suministro de bota de media caña uniformidad;Gobierno Vasco-Viceconsejería de Seguridad;suministros;Adjudicada;FAL CALZADOS DE SEGURIDAD S A;;98000;https://www.contratacion.euskadi.eus/webkpe00-kpeperfi/es/contenidos/anuncio_contratacion/expjaso725800/es_doc/index.html
Adjudicaciones;Servei de manteniment del sistema Middleware LAMA per a l’Hospital Clínic de Barcelona.;Consorci Hospital Clínic de Barcelona (HCB);servicios;Resuelta;Dipole analyst SL;;97020;https://contractaciopublica.cat/ca/detall-publicacio/9c90f5e3-1fd1-407d-9f69-59b5b5b7e3dc/300900033
Adjudicaciones;obras adecuación inst. eléctrica luis montoto 87 dt salud y consumo sevilla;Delegación Territorial de Salud y Consumo en Sevilla;obras;Adjudicada;IMAS ENERGIA RENOVABLES, SL;;96417,64;https://www.juntadeandalucia.es/haciendayadministracionpublica/apl/pdc_sirec/perfiles-licitaciones/detalle-licitacion.jsf?idExpediente=980776
Adjudicaciones;“Mejora de firmes del aparcamiento en superficie de Gernikako Enparantza”, de acuerdo con la memoria valorada realizada por el Aparejador Municipal.;Ayuntamiento de Ugao-Miraballes-Alcaldía;obras;Adjudicada;GAIMAZ INFRAESTRUCTURAS Y SERVICIOS, S. A.;;93774,84;https://www.contratacion.euskadi.eus/webkpe00-kpeperfi/es/contenidos/anuncio_contratacion/expjaso742775/es_doc/index.html
Adjudicaciones;ECE-2026-0015: Servicio por lotes para la dirección de obra y documentación final con la ejecución del libro del edificio (DEL)/DEL), la dirección de ejecución de obra (DEO) y la coordinación de seguridad y salud (CSS) de la obra de reforma de edificio para oficina de empleo y por el de emprendimiento en el Carballiño. Expediente 2026_010_SXT_FCE;Consellería de Emprego, Comercio e Emigración;servicios;Adjudicada;NOVOTEC CONSULTORES, S.A., UTE TBE TABIQUE INGENIERIA SL- TABIQUE ENGENHARIA LDA, INGENIERIA Y PREVENCION DE RIESGOS, S.L.;;92907,3;https://www.contratosdegalicia.gal/licitacion?N=827640
Adjudicaciones;L'objecte del present contracte és l’obra definida al “Projecte executiu per a la licitació de la substitució de cel·les de mitja tensió i transformador al centre de mesura i transformació de l’EDAR d’Altafulla”, elaborat per l’Enginyer tècnic industrial elèctric, Sr. Xavier Bernat Conesa Ruiz.;Empresa Municipal Mixta d'Aigües de Tarragona, SA;obras;Adjudicada;ELECNOR SERVICIOS Y PROYECTOS;;92750,73;https://contractaciopublica.cat/ca/detall-publicacio/020f3e16-9227-4acc-b448-7d02aeb52203/300899696
Adjudicaciones;Servei d'assistència tècnica per a la supervisió del disseny, producció, revisió, factoria i posada en vies del projecte pel subministrament de les unitats de tren sèrie TramCamp a Ferrocarrils de la Generalitat de Catalunya (Ref.POS80/26);Ferrocarrils de la Generalitat de Catalunya;servicios;Adjudicada;INGENIERÍA Y ECONOMÍA DEL TRANSPORTE SME MP, SA;;92644,38;https://contractaciopublica.cat/ca/detall-publicacio/78c8b60c-bab4-4e1a-9eb7-4de208e65244/300899407
Adjudicaciones;Evaluación de la satisfacción con el servicio prestado en 94 centros adscritos a la Agencia Madrileña de Atención Social mediante el empleo de encuestas a usuarios, familiares y ciudadanos;Organismo Autónomo Agencia Madrileña de Atención Social;servicios;Resuelta;MORE THAN RESEARCH, S.L. UNIPERSONAL;;92600;https://contratos-publicos.comunidad.madrid/contrato-publico/evaluacion-satisfaccion-servicio-prestado-94-centros-adscritos-agencia-madrilena-0
Adjudicaciones;Millores arquitectòniques;Ajuntament de Lleida;obras;Adjudicada;ASCENSORS F. SALES, S.L.U., FRINOVO;;91024;https://contractaciopublica.cat/ca/detall-publicacio/e795d218-6697-4708-8665-5de17e29e9b5/300899320
Adjudicaciones;Suministro de licencias de software cloudpaging y appsanywhere para la virtualización de aplicaciones para la Universidad de La Rioja;Universidad de La Rioja;suministros;Resuelta;Software Cientifico S.L.;;90574,2;https://www.larioja.org/contratacion-publica/es/licitaciones/consulta-expedientes?homepage=?p_colateral%3D92-3-9.01-0028%2F2026%26p_dia_ini%3D09%26p_mes_ini%3D09%26p_ano_ini%3D2026%26p_dia_fin%3D09%26p_mes_fin%3D09%26p_ano_fin%3D2026%26p_todas%3DN
Adjudicaciones;Obres de renovació integral de l'ascensor de passatgers i lliteres;ICS - Hospital Universitari Joan XXIII de Tarragona i GAPiC Àmbit Camp de Tarragona;obras;Adjudicada;ORONA S.COOP.;;89947,06;https://contractaciopublica.cat/ca/detall-publicacio/c8b4beca-0db6-443b-96c6-3d707a7f2e9b/300900083
Adjudicaciones;Servicio de redacción y tramitación del Plan Especial para el ámbito del Hospital Universitario 12 de Octubre;Hospital Universitario 12 de Octubre;servicios;Resuelta;ARGOLA ARQUITECTOS, S.L.P.;;86850;https://contratos-publicos.comunidad.madrid/contrato-publico/servicio-redaccion-tramitacion-plan-especial-ambito-hospital-universitario-12-0
Adjudicaciones;Contratar los servicios especializados de una empresa de mudanzas y transporte, que lleve a cabo el traslado de equipamiento, mobiliario, documentación, archivos, enseres y pertenencias que tengan origen y/o destino en los edificios adscritos a la Consejería de Familia, Juventud y Asuntos Sociales, ubicados en el territorio de la Comunidad de Madrid (los cuales se indican a modo indicativo en el ANEXO I del correspondiente Pliego de Prescripciones Técnicas Particulares), así como el desmontaje y montaje de mobiliario y equipamiento sujeto a tornillo o con cualesquiera otros sistemas de fijación, en las distintas dependencias, además de la paletización con plástico retráctil en la documentación objeto de traslado y su posterior colocación en el punto de destino especificado.;Consejería de Familia, Juventud y Asuntos Sociales;servicios;Resuelta;LOGISTICA HYSEC, S.L.;;86369,09;https://contratos-publicos.comunidad.madrid/contrato-publico/servicio-mudanzas-transporte-materiales-documentacion-consejeria-familia-1
Adjudicaciones;Contratación del suministro de un vehículo municipal eléctrico 4x4 y accesorios invernales para el Ayuntamiento de Legutio;Ayuntamiento de Legutio-Alcaldía;suministros;Resuelta;GAURSA ARABAUTO S.L.;;86356,2;https://www.contratacion.euskadi.eus/webkpe00-kpeperfi/es/contenidos/anuncio_contratacion/expjaso737611/es_doc/index.html
Adjudicaciones;Suministro de jabón, antisépticos y desinfectantes;Consorci Corporació Sanitària Parc Taulí de Sabadell;suministros;Resuelta;DIS RIVAS, S.L.U, VEMEDIA PHARMA HISPANIA, S.A., BARNA IMPORT MEDICA S.A., Vesismin SLU, B. BRAUN MEDICAL, S.A;;84519,78;https://contractaciopublica.cat/ca/detall-publicacio/ec74bc31-8840-4515-9759-c51086a8784e/300899779
Adjudicaciones;Servicio de limpieza del edificio de la calle Portal de Castilla, 15 de Vitoria-Gasteiz;eLankidetza-Agencia Vasca de Cooperación y Solidaridad-Dirección de eLankidetza-Agencia Vasca de Cooperación y Solidaridad;servicios;Adjudicada;GARBINDU LIMPIEZAS Y MANTENIMIENTO, S.L.;;82920;https://www.contratacion.euskadi.eus/webkpe00-kpeperfi/es/contenidos/anuncio_contratacion/expjaso727756/es_doc/index.html
Adjudicaciones;270/ise/2026/hu obras mejora evacuación en ceip miguel cervantes gibraleón;Agencia Pública Andaluza de Educación;obras;Resuelta;2007 ALTO LA ERA CONSTRUCCIONES SL;;82775,72;https://www.juntadeandalucia.es/haciendayadministracionpublica/apl/pdc_sirec/perfiles-licitaciones/detalle-licitacion.jsf?idExpediente=1007982
Adjudicaciones;Tramitació d'emergència de la contractació per al subministrament de 15.012 racions de complement per al Cos de Bombers de la Generalitat de Catalunya.;Departament d'Interior i Seguretat Pública;suministros;Adjudicada;ALONSO HIPERCAS S.L.U.;;82566;https://contractaciopublica.cat/ca/detall-publicacio/7e24b987-ed9b-412e-bced-6c1892787019/300900061
Adjudicaciones;Servicio de gestión integrada de plagas (desinfección, desinsectación y desratización) de los centros dependientes de la Agencia Madrileña de Atención Social (4 lotes);Organismo Autónomo Agencia Madrileña de Atención Social;servicios;Resuelta;CLECE, S.A., BICHOS CONTROL DE PLAGAS, S.L., BIBLION IBÉRICA, S.L.;;81487,31;https://contratos-publicos.comunidad.madrid/contrato-publico/servicio-gestion-integrada-plagas-desinfeccion-desinsectacion-desratizacion-0
Adjudicaciones;Obra de reforma de aseos en el Euskaltegi Municipal en Basauri.;Ayuntamiento de Basauri-Alcalde;obras;Resuelta;DESARROLLA OBRAS Y SERVICIOS SL;;80365,91;https://www.contratacion.euskadi.eus/webkpe00-kpeperfi/es/contenidos/anuncio_contratacion/expjaso719148/es_doc/index.html
Adjudicaciones;Contratación de los trabajos de pintado de elementos de urbanización (alumbrado público y mobiliario urbano) por lotes;Ayuntamiento de Irun -Junta de Gobierno Local;obras;Resuelta;J.Castirum pintura y restauración, SL;;80000;https://www.contratacion.euskadi.eus/webkpe00-kpeperfi/es/contenidos/anuncio_contratacion/expjaso459504/es_doc/index.html
Adjudicaciones;CBAM 990-2022 suministro de equipamiento para especialidades médicas susceptible de ser financiado por fondos europeos en centros sanitarios dependientes del SAS - Lote 6, 3 mesas quirófano, para HUPM, con GETINGE GROUP SPAIN;Servicio Andaluz de Salud;suministros;Resuelta;GETINGE GROUP SPAIN SL;;79881,63;https://www.juntadeandalucia.es/haciendayadministracionpublica/apl/pdc_sirec/perfiles-licitaciones/detalle-licitacion.jsf?idExpediente=1005534
Adjudicaciones;Suministro de viales estériles en sistema cerrado para preparación de alícuotas de suero autólogo para el Hospital Universitario La Paz.;Hospital Universitario La Paz;suministros;Resuelta;PROHOSA (Prótesis Hospitalarias S.A.);;78366;https://contratos-publicos.comunidad.madrid/contrato-publico/pa-2026-0-8suministro-viales-esteriles-sistema-cerrado-preparacion-alicuotas-suero
Adjudicaciones;Execució de les obres del present projecte. Veure PCAP;Ajuntament d'Esplugues de Llobregat;obras;Resuelta;MACAPLAC SL;;75229,92;https://contractaciopublica.cat/ca/detall-publicacio/3d2035b6-b4fd-4642-b709-35b9f85b09f3/300673061
Adjudicaciones;Adquisició de l'obra Dàmocles (retrat de Pere Romeu) de Ramon Casas, datada l'any 1892.;Departament de Cultura;suministros;Adjudicada;Lluís Vila d’Abadal i Serra;;75000;https://contractaciopublica.cat/ca/detall-publicacio/9b8d82c7-7007-4b4a-a8b0-d9d8d7cf8203/300899888
Adjudicaciones;FS268_2026 Contractació, mitjançant procediment obert, del subministrament, instal·lació i posta en marxa de dos (2) reixes de gruixos als pous d’entrada de la línia de pretractament de l’Estació Depuradora d’Aigües Residuals (EDAR) de Figueres;Figueres de Serveis, SA;suministros;Resuelta;QUILTON S.A.;;73900;https://contractaciopublica.cat/ca/detall-publicacio/eb890691-df3a-44d1-87f5-ed41ceff9dd8/300900319
Adjudicaciones;- Re-pavimentar la totalitat del carrer amb un acabat pavimentat de formigó més adequat que l’existent, juntament amb diferents franges de llambordí, franges de panots per a invidents i de peces de pedres, que millori la mobilitat dels vianants i els cotxes, tot eliminant les soques dels arbres i les seves arrels ja que són els elements causants dels desperfectes existents. - Construcció d’una plataforma única tal hi com ja existeix en l’actualitat. - Mantenir la totalitat de les instal·lacions soterrades existents. - Dissenyar recorreguts segurs per persones invidents seguint els criteris de la llei d’accessibilitat vigent, mitjançant franges de panots de tacs o acanalats segons el cas. - Proposar elements de jardineres de forja sobre el nou paviment de formigó.;Ajuntament de la Pobla de Claramunt;obras;Adjudicada;VERSÀTIL GREEN, S.L.;;72643,36;https://contractaciopublica.cat/ca/detall-publicacio/43bcc58b-a58f-4744-a9cc-be5dfafc7f6a/300900251
Adjudicaciones;ATG-2026-0125: Patrocinio publicitario para la promoción de turismo de Galicia a través del Mago Antón Cagliostro: Una historia de magia en el camino.;Axencia Turismo de Galicia;servicios;Resuelta;MICROMAXIAS S.L.;;72600;https://www.contratosdegalicia.gal/licitacion?N=829297
Adjudicaciones;Execució de les obres del projecte executiu de climatització de la planta 1 de la Residència Geriàtrica Sant Josep de Cassà de la Selva, consistents en la instal·lació de climatització i ventilació de la planta primera del centre amb les actuacions complementàries necessàries en baixa tensió i sanejament;Ajuntament de Cassà de la Selva;obras;Resuelta;EXPERT LINE, S.L.;;71819,53;https://contractaciopublica.cat/ca/detall-publicacio/5aa3321e-067f-4ca0-9529-3ce030860436/300891330
Adjudicaciones;El present contracte té per objecte donar resposta a la necessitat de substituir la coberta del Pavelló Esportiu del Serrallo, atès l'estat avançat de deteriorament que presenta l'estructura actual, la qual cosa genera filtracions, deficiències en l'aïllament tèrmic i riscos potencials per a la seguretat de les persones usuàries. La intervenció resulta imprescindible per garantir la seguretat estructural de l’edifici, la salubritat dels espais interiors i la continuïtat del seu ús públic;Patronat Municipal d'Esports de Tarragona;obras;Resuelta;HIERROS BUENO SAL;;71284,72;https://contractaciopublica.cat/ca/detall-publicacio/3aa221d1-f52d-4b81-aed3-7a13a5d2b2fd/300899705
Adjudicaciones;Adhesió d'Aigües del Prat, SA, al contracte 2023.04.A02 de l'Acord Marc de l'ACM de subministrament d'energia elèctrica amb destinació a les entitats locals de Catalunya (Exp. 2023.04). Lot 2. Baixa tensió: més de 15kw;Aigües del Prat, S.A.;suministros;Adjudicada;ENDESA ENERGÍA, SAU;;71017,71;https://contractaciopublica.cat/es/detall-publicacio/5b0594fc-e72d-4d01-801f-0744b9530b2a/300899813
Adjudicaciones;Campaña de mejora de aceras y supresión de barreras arquitectónicas. Año 2026.;Ayuntamiento de Irun -Alcalde;obras;Adjudicada;OCIDE IRUN, S.L.;;71000;https://www.contratacion.euskadi.eus/webkpe00-kpeperfi/es/contenidos/anuncio_contratacion/expjaso726907/es_doc/index.html
Adjudicaciones;Servei de planificació, negociació, compra, gestió i inserció de publicitat institucional del Consorci de les Drassanes Reials i Museu Marítim de Barcelona;Consorci de les Drassanes Reials i Museu Maritim de Barcelona;servicios;Adjudicada;Medialog Communications SL;;70500;https://contractaciopublica.cat/ca/detall-publicacio/bb4595cb-86fb-4b66-aab8-60d614f2fb75/300899747
Adjudicaciones;Execució dels treballs descrits en el projecte d'obres de finalització de rehabilitació de l’edifici catalogat “Germanes Saula Palomer” de Calella.;Ajuntament de Calella;obras;Adjudicada;FARECLIMA, S.L.;;69480,22;https://contractaciopublica.cat/ca/detall-publicacio/a68ee240-66eb-4ed6-87b7-be1d30feca84/300900463
Adjudicaciones;contratación servicio limpieza cvo sevilla;Delegación Territorial de Inclusión Social, Juventud, Familias e Igualdad en Sevilla;servicios;Resuelta;CONTRATAS SERVILIM SOCIEDAD LIMITADA;;69360;https://www.juntadeandalucia.es/haciendayadministracionpublica/apl/pdc_sirec/perfiles-licitaciones/detalle-licitacion.jsf?idExpediente=815909
Adjudicaciones;"Obres d’execució dels projectes d'obres locals ordinàries anomenats: ""Projecte d’obres per a la instal·lació de línies de vida i elements de seguretat a la coberta de la Escola Ernest Lluch"", “Projecte d’obres per a la instal·lació de línies de vida i elements de seguretat a la coberta de la Escola Bressol Món Petit”, “Projecte d’obres per a la instal·lació de línies de vida i elements de seguretat a la coberta de la Casa de la Cultura (Biblioteca)”, “Projecte d’obres per a la instal·lació de línies de vida i elements de seguretat a la coberta del Centre Polivalent” i “Projecte d’obres per a la instal·lació de línies de vida i elements de seguretat a la coberta de la Camp de Futbol”, redactats per Engitec Projectes d'Enginyeria, SL.";Ajuntament d'Abrera;obras;Resuelta;Solvat renovables, SL;;68750;https://contractaciopublica.cat/ca/detall-publicacio/d999d04d-0336-4a5a-80e0-1b040e53d94f/300899630
Adjudicaciones;"Adquisició de l'obra ""Escenografia del sexe"" (1986) de l'artista Susana Solano Rodríguez, per formar part de la Col·lecció Nacional d'Art Contemporani";Departament de Cultura;suministros;Adjudicada;Susana Solano Rodríguez;;68000;https://contractaciopublica.cat/ca/detall-publicacio/8b3b7b6a-bad3-404d-8b44-53631d025e9a/300900274
Adjudicaciones;Subministrament, instal·lació, posada en marxa i formació de dos sistemes de recuperació sanguínia perioperatòria (autotransfusió) destinats al Bloc Quirúrgic de l'Hospital del Mar, centre del Consorci Mar Parc de Salut de Barcelona, segons característiques tècniques i condicions definides al Plec de prescripcions tècniques de la licitació. L'objecte del contracte també inclou el muntatge, la instal·lació, la posada en funcionament i la formació necessària per a l'equip d'infermeria i els tècnics d'electromedicina, així com els manteniments preventius i correctius durant el període de garantia.;Consorci Mar Parc de Salut de Barcelona;suministros;Adjudicada;FERRER FARMA, S.A.;;67400;https://contractaciopublica.cat/ca/detall-publicacio/1da15f6a-7c2c-4bb0-91c6-e18cebebab10/300899948
Adjudicaciones;Servei d'assistència en la gestió dels contractes de manteniment i assessorament en altres actuacions tècniques del Servei de Mobilitat. L’objecte del contracte inclou la prestació de serveis tècnics integrals per al suport a la gestió, seguiment i millora dels contractes vinculats al Servei de Mobilitat, incloent tasques de direcció d’obra, coordinació de seguretat i salut, assessorament tècnic, revisió de projectes, suport a la implantació de sistemes ITS, i altres actuacions tècniques.;Ajuntament de Terrassa;servicios;Adjudicada;EACOM INGENIEROS Y CONSULTORES, S.A.;;65704;https://contractaciopublica.cat/ca/detall-publicacio/e29a15ce-cf14-4c93-97d8-2585e8c13de4/300899700
Adjudicaciones;Obras de asfaltado de varios caminos rurales de Elgoibar (2026);Ayuntamiento de Elgoibar-Alcaldesa;obras;Adjudicada;EXCAVACIONES Y TRANSPORTES ORSA, S.L.;;65692,77;https://www.contratacion.euskadi.eus/webkpe00-kpeperfi/es/contenidos/anuncio_contratacion/expjaso734139/es_doc/index.html
Adjudicaciones;pgrn - serv. aeronaves no trip. apl. aérea cipermetrin contra procesionaria;Agencia de Medio Ambiente y Agua de Andalucía;servicios;Adjudicada;ATHISA MEDIO AMBIENTE, S.A.U.;;65000,95;https://www.juntadeandalucia.es/haciendayadministracionpublica/apl/pdc_sirec/perfiles-licitaciones/detalle-licitacion.jsf?idExpediente=982861
Adjudicaciones;Subministrament de 46 ordinadors portàtils professionals per al Consorci PRBB;Consorci Parc de Recerca Biomèdica de Barcelona (PRBB);suministros;Adjudicada;TELEFONICA SOLUCIONES DE INFORMATICA Y COMUNICACIONES DE ESPAÑA SAU;;64992,36;https://contractaciopublica.cat/ca/detall-publicacio/40c3eef8-42b2-49c6-bda6-2e86991a0106/300899618
Adjudicaciones;servicio de implantación y desarrollo de una licencia de uso del software de la plataforma RT-Rosetta para la lectura y gestión de los datos de registro de tumores que permita la lectura, gestión y de explotación de datos de los episodios clínicos relacionados con los diferentes niveles oncológicos con supervisión de registros por expertos, para el servicio de Psiquiatría, en el Hospital Universitario Puerta de Hierro Majadahonda.;Hospital Universitario Puerta de Hierro Majadahonda;servicios;Resuelta;ALHAMBRA SYSTEMS, SA.;;63999,98;https://contratos-publicos.comunidad.madrid/contrato-publico/uso-desarrollo-licencia-plataforma-tecnologica-registro-tumores-personalizada
Adjudicaciones;Obras de reparación de infraestructuras en la Calle R del Polígono Noain-Esquiroz;Junta de Gobierno Local;obras;Resuelta;Lacunza Hermanos SL;;63788,77;https://hacienda.navarra.es/sicpportal/ctaDatosAdjudicacion.aspx?cod=3028&Ticket=2610051031367BBC5139
Adjudicaciones;Subministrament d'un tenyidor automàtic per al Servei d'Anatomia de Patològica del CCSPT.;Consorci Corporació Sanitària Parc Taulí de Sabadell;suministros;Resuelta;SAKURA FINETEK SPAIN S.L.;;63694,45;https://contractaciopublica.cat/ca/detall-publicacio/fdcda2bd-1374-4bd0-8157-fd87aec573c5/300900194
Adjudicaciones;0000584/2026 suministro e instalación de seis monitores multiparamétricos con central de monitorizacion para el hospital reina sofía de córdoba (pa 41/26);Servicio Andaluz de Salud;suministros;Adjudicada;PHILIPS IBERICA S.A;;63677,6;https://www.juntadeandalucia.es/haciendayadministracionpublica/apl/pdc_sirec/perfiles-licitaciones/detalle-licitacion.jsf?idExpediente=981800
Adjudicaciones;Servei de lliurament de cartes certificades i notificacions administratives de l’Ajuntament de Vilanova i la Geltrú amb mesures de contractació pública socials i ambientalment responsables.;Ajuntament de Vilanova i la Geltrú;servicios;Resuelta;SOCIEDAD ESTATAL CORREOS Y TELÉGRAFOS, S.A. S.M.E.;;63443,11;https://contractaciopublica.cat/ca/detall-publicacio/08829d4a-de8f-4bcf-ae14-7be26858135a/300899811
Adjudicaciones;Organización de jornadas de emprendimiento universitario;Fundación Pública Andaluza Andalucía Emprende (en transición);servicios;Resuelta;INGENIERIA Y CONSULTORIA GLOBAL SOCIEDAD LIMITADA, BOXPMO PROJECTS SL, GRUPO INCENTIFOR SLU, SOCIAL MEDIA CONNECTION SOCIEDAD LIMITADA, CON ACENTO DIGITAL SOCIEDAD LIMITADA;;62998,5;https://www.juntadeandalucia.es/haciendayadministracionpublica/apl/pdc_sirec/perfiles-licitaciones/detalle-licitacion.jsf?idExpediente=945336
Adjudicaciones;Licitació del contracte de serveis de l'auxiliar del recinte de l'església de la Colònia Güell 2026-2028;Consorci de la Colònia Güell;servicios;Resuelta;Integracion Social de Minusvalidos SL;;62000,64;https://contractaciopublica.cat/ca/detall-publicacio/ebfe3e55-f16c-4933-9814-12451316422d/300898522
Adjudicaciones;patrocinio partido rugby femenino españa vs sudáfrica 2026;Empresa Pública para la Gestión del Turismo y el Deporte de Andalucía, S.A.;privado;Adjudicada;REAL FEDERACION ESAPAÑOLA DE RUGBY;;61983,47;https://www.juntadeandalucia.es/haciendayadministracionpublica/apl/pdc_sirec/perfiles-licitaciones/detalle-licitacion.jsf?idExpediente=1008735
Adjudicaciones;Contracte de serveis per a l'assistència tècnica per a la redacció de l'estudi d'alternatives Integració urbana de la C-55 del PK 11+700 al 15+300. Monistrol de Montserrat. Clau: EA-CIB-25119;Infraestructures de la Generalitat de Catalunya, SAU;servicios;Adjudicada;TÉCNICA Y PROYECTOS, SA;;61900;https://contractaciopublica.cat/ca/detall-publicacio/5238e1e5-5c79-450b-8610-1f750e3eef09/300900178
Adjudicaciones;L’objecte del contracte és l’execució del projecte “Actuacions d’erradicació de plantes exòtiques invasores a Vallbona d’anoia”.;Forestal Catalana, SA;obras;Resuelta;Taller Àuria SCCL;;60693,2;https://contractaciopublica.cat/ca/detall-publicacio/fe9e4a7f-6771-4fc6-99b2-e66f5acf81cd/300899300
Adjudicaciones;Prestar el servei de producció executiva, exhibició i explotació de l’obra teatral “OS POLAR” amb subjecció estricta als plecs aprovats;Teatre Lliure-Teatre Públic de Barcelona;servicios;Adjudicada;NEGRONI PRODUCCIONS S.L.,;;60639;https://contractaciopublica.cat/ca/detall-publicacio/aa3d50fc-3566-4cca-bb7e-73a85677ecf6/300899482
Adjudicaciones;Renovación de suelo de seguridad en zonas de juegos infantiles;Ayuntamiento de Irun -Junta de Gobierno Local;obras;Resuelta;MONTAJES GARRA, S.L.;;60000;https://www.contratacion.euskadi.eus/webkpe00-kpeperfi/es/contenidos/anuncio_contratacion/expjaso488490/es_doc/index.html
Adjudicaciones;Servicios de Asistencia Técnica para el desarrollo y asistencia de auditorías de ciberseguridad para Canal de Isabel II, S.A., M.P.;Canal de Isabel II, S.A.;servicios;Adjudicada;AUREN CONSULTORES S.P., S.L.P.;;59900;https://contratos-publicos.comunidad.madrid/contrato-publico/servicios-asistencia-tecnica-desarrollo-asistencia-auditorias-ciberseguridad-canal
Adjudicaciones;Renovació d'un tram de la xarxa de distribució d'aigua del dipòsit del Coll de la Bena a Gisclareny. Tram inicial dipòsit Coll de la Bena.;Ajuntament de Gisclareny;obras;Adjudicada;AÏLLAMENTS INSTAL.LACIONS RIAL, SL;;59440,34;https://contractaciopublica.cat/ca/detall-publicacio/4559f942-63ff-4422-8d49-1e76d155aa59/300899898
Adjudicaciones;"&nbsp;Suministro de kits para la detección de enfermedades genéticas para el instituto de genética médica y molecular (INGEMM-genética) en el Hospital Universitario La Paz";Hospital Universitario La Paz;suministros;Resuelta;GENYCELL BIOTECH ESPAÑA, S.L.;;59430;https://contratos-publicos.comunidad.madrid/contrato-publico/pa-2026-0-1-suministro-kits-deteccion-enfermedades-geneticas-instituto-genetica
Adjudicaciones;Subministrament, muntatge, instal·lació, posada en funcionament i formació de 5 generadors electroquirúrgics d'alta freqüència amb sellador de vasos destinats al Bloc Quirúrgic de l’Edifici C de l'Hospital del Mar, centre del Consorci Mar Parc de Salut de Barcelona, segons característiques tècniques que es detallen al Plec de Prescripcions Tècniques de la licitació.;Consorci Mar Parc de Salut de Barcelona;suministros;Adjudicada;OLYMPUS IBERIA, S.A.U., MEDTRONIC IBERICA, S.A.U.;;59202,26;https://contractaciopublica.cat/ca/detall-publicacio/30bd683b-f345-4fee-8134-7aa4da0598ee/300899622
Adjudicaciones;L'objecte és l'homologació de proveïdors, mitjançant acord marc, per a la prestació del servei de gestió i assistència en viatges per a l'Ajuntament de Granollers;Ajuntament de Granollers;servicios;Resuelta;VB GLOBAL GROUP, S.L., VIATGES VIÑOLAS, S.A.U.;;59000;https://contractaciopublica.cat/ca/detall-publicacio/fad02c04-7888-4a2f-a7aa-356f0c412491/300899799
Adjudicaciones;contrato derivado reposición de pavimento en la calle Luis Morondo;Junta de Gobierno Local;obras;Adjudicada;Viaria Aglomerado Covial;;58507;https://hacienda.navarra.es/sicpportal/ctaDatosAdjudicacion.aspx?cod=3051&Ticket=26100509443497C2F236
Adjudicaciones;81/ise/2026/co obra en c.e.i.p. torre del castillo, monturque;Agencia Pública Andaluza de Educación;obras;Resuelta;UTE CONS RODRIGUEZ CIVICO CONS ANTROJU;;57172,31;https://www.juntadeandalucia.es/haciendayadministracionpublica/apl/pdc_sirec/perfiles-licitaciones/detalle-licitacion.jsf?idExpediente=1005303
Adjudicaciones;Subministrament i col·locació mobiliari i senyalística del local al carrer Buenaventura Muñoz 10 bis, per destinar-lo a un banc del moviment, al districte de Sant Martí de Barcelona.;Barcelona d'Infraestructures Municipals SA;suministros;Resuelta;BERNADÍ S.A.;;56077,4;https://contractaciopublica.cat/ca/detall-publicacio/2864b3ac-da60-4831-9609-a81465e78329/300899884
Adjudicaciones;Renovación del servicio de licenciamiento, mantenimiento y soporte de la plataforma corporativa VEIAPP Personal.;Verificaciones Industriales de Andalucía, S.A. (VEIASA);suministros;Resuelta;NUNSYS SA;;55886,4;https://www.juntadeandalucia.es/haciendayadministracionpublica/apl/pdc_sirec/perfiles-licitaciones/detalle-licitacion.jsf?idExpediente=982933
Adjudicaciones;L'objecte del contracte és el subministrament, mitjançant la modalitat de compra, d'una furgoneta híbrida endollable (PHEV) de 7 places destinada al servei de protocol de l'Ajuntament de Sabadell.;Ajuntament de Sabadell;suministros;Adjudicada;QUADIS MOTORSOL SA;;55563,95;https://contractaciopublica.cat/ca/detall-publicacio/c3bdf7d7-7659-472c-9635-81770f5f1d12/300900070
Adjudicaciones;cbamsl 274/2026 sevilla- lote 2- ecógrafo de radiodiagnóstico- suministro de equipamiento para diagnóstico por la imagen- canon medical systems- huvm- am 1023/2022 (siglo 960/2022);Servicio Andaluz de Salud;suministros;Resuelta;CANON MEDICAL SYSTEMS SA;;54900;https://www.juntadeandalucia.es/haciendayadministracionpublica/apl/pdc_sirec/perfiles-licitaciones/detalle-licitacion.jsf?idExpediente=1005906
Adjudicaciones;Suministro de licencias para la evolución de la plataforma Cisco Firepower a Cisco FTD virtual;LANTIK-Director-Gerente;suministros;Adjudicada;Telefonica Soluciones de Informatica y Comunicaciones de España SAU;;54245,24;https://www.contratacion.euskadi.eus/webkpe00-kpeperfi/es/contenidos/anuncio_contratacion/expgebizkaia3607833/es_doc/index.html
Adjudicaciones;Servicio de mensajería, transporte de mercancías y muestras biológicas del Hospital Universitario de La Princesa y centros dependientes.;Hospital Universitario de La Princesa;servicios;Resuelta;ONTIME TRANSPORTE Y LOGISTICA SL;;53491;https://contratos-publicos.comunidad.madrid/contrato-publico/servicio-mensajeria-transporte-mercancias-muestras-biologicas-hospital
Adjudicaciones;Serveis de desenvolupament de determinats evolutius no estructurals a les aplicacions derivades del Project Monitor, així com el manteniment i suport tècnic i funcional als usuaris de les eines descrites, amb mesures de contractació pública sostenible;Institut Municipal Barcelona Innovació i Tecnologia;servicios;Resuelta;BRING ON, S.L.;;52250;https://contractaciopublica.cat/ca/detall-publicacio/4607c2de-3cc7-4ea0-abaa-7302f879d74a/300900337
Adjudicaciones;EDU-2026-0043: Suministro de diverso mobiliario (pupitres, mesas de ordenador, encerados, caderas, mesas de laboratorio, mesas abatibles, estanterías, etc.) con destino las aulas, bibliotecas, salas de usos múltiples y zonas administrativas y de reunión de los centros educativos de infantil, primaria y secundaria, dependientes de esta consellería.;Consellería de Educación, Ciencia, Universidades e Formación Profesional;suministros;Adjudicada;SACAI, S.A., TABERVALL SA, GSI DOTACION INDUSTRIAL SL, PME 1910, S.L., DISTRIBUCIONES GENERALES MRC, S.L., NAUTILUS SA, IBERDIDACTIC, SL;;52080;https://www.contratosdegalicia.gal/licitacion?N=828194
Adjudicaciones;Subministrament, en règim de lloguer, dels aparells sanitaris necessaris, (incloent prestacions accessòries d’instal·lació, transport i retirada, i la seva neteja) per a la celebració i desenvolupament de les activitats dels actes del Cicle Festiu de la ciutat per tot l’any 2026 i 2027, fins la finalització de la Festa de Cap d’Any 2027, de conformitat amb les característiques i descripcions que consten en el PPT. D’acord amb el que disposa l’article 18 LCSP, es tracta d’un contracte mixt, ja que conté prestacions pròpies tant del contracte de subministrament com del de serveis (neteja de les cabines i urinaris). Es compleixen els requisits establerts per l’art. 34.2, ja que són prestacions directament vinculades entre sí, on la necessitat de l’òrgan contractant (disposar dels elements del sanejament als actes públics) constitueix una unitat funcional que ha d’incloure tant el subministrament com la neteja, de forma que una prestació complementa l’altra. En atenció al pressupost i al detall que consta a l’Annex 1 del PPT, i en aplicació de les regles de l’art. 18.1 LCSP, la prestació principal es determina en funció de quin dels valors estimats és superior: Prestació Percentatge Subministraments 67,66 % Serveis 32,64 % Per tant, la prestació principal és la de subministraments. Complementàriament, la finalitat del contracte és fomentar la cura i el respecte pel medi ambient.;Ajuntament de Santa Coloma de Gramenet;suministros;Resuelta;VALLAS & TOILETES;;50575;https://contractaciopublica.cat/ca/detall-publicacio/52e71c7d-4dff-4960-8552-335646440a98/300900058
Adjudicaciones;Espectáculos “Dj sandino”, “Dj mikel” y “Dj álvaro” para su actuación dentro de la programación cultural en los bailes de fin de semana;Ayuntamiento de Vitoria-Gasteiz-Concejala Delegada del Departamento de Cultura y Educación;privado;Resuelta;ARABA ESPECTÁCULOS, S.A.;;50248,15;https://www.contratacion.euskadi.eus/webkpe00-kpeperfi/es/contenidos/anuncio_contratacion/expjaso740968/es_doc/index.html
Adjudicaciones;Servei d'impressió de material publicitari, institucional i d'elements de publicitat i comunicació de PRODECA;Promotora d'Exportacions Catalanes, SA;servicios;Resuelta;PUBLIPRINTERS GLOBAL, SL;;49578,2;https://contractaciopublica.cat/ca/detall-publicacio/3b3302f4-223f-44e6-81f8-d54e88e6a90f/300900306
Adjudicaciones;córdoba 1ª prorroga 1º cbam medtronic ibérica, s.aacuerdo marco con una única empresa para el suministro de tracto sucesivo y precios unitarios, de prótesis reparadoras (mallas, subgrupo 04.12 del catálogo s.a.s.), con destino a los centros dependientes de la central provincial de compras de córdoba. (paam 11/25);Servicio Andaluz de Salud;suministros;Resuelta;MEDTRONIC IBERICA SA;;49308,42;https://www.juntadeandalucia.es/haciendayadministracionpublica/apl/pdc_sirec/perfiles-licitaciones/detalle-licitacion.jsf?idExpediente=1009355
Adjudicaciones;Obras de la red de pluviales en la calle San Juan Bautista en Oieregi;Ayuntamiento de Bertizarana;obras;Resuelta;SASOI ERAIKUNTZAK SL;;48584,59;https://hacienda.navarra.es/sicpportal/ctaDatosAdjudicacion.aspx?cod=8125&Ticket=26100513005189432547
Adjudicaciones;Obres d´instal·lació de sistemes de control BMS;ICS - Hospital Universitari Joan XXIII de Tarragona i GAPiC Àmbit Camp de Tarragona;obras;Adjudicada;ALDING SYSTEMS SL;;48485,56;https://contractaciopublica.cat/ca/detall-publicacio/52104ab4-34aa-483d-b0c0-56c3da5a945a/300899506
Adjudicaciones;Mantenimiento de zonas verdes en Parque Comercial Galaria;Junta de Gobierno Local;servicios;Resuelta;Talleres Auxiliares de Subcontratación Industria Navarra S.A.;;48329,1;https://hacienda.navarra.es/sicpportal/ctaDatosAdjudicacion.aspx?cod=3028&Ticket=261005104645B8377546
Adjudicaciones;Suport en la coordinació de la campanya de comunicació de la Biennal de Pensament 2026, així com la prestació dels serveis de producció, impressió, distribució, manipulat, muntatge, lliurament, supervisió, manteniment i retirada d'elements comunicaci;Institut de Cultura de Barcelona;servicios;Resuelta;LA FACTORIA DELS ANUNCIS SLU;;47935;https://contractaciopublica.cat/ca/detall-publicacio/dc7e88ed-9230-45e8-bcbf-934ee3a2a4e4/300899902
Adjudicaciones;Servei de manteniment de la plataforma alphadatamanager seguretat ciutadana, lector de matricules i connector oges de l'ajuntament de cornellà de llobregat;Ajuntament de Cornellà de Llobregat;servicios;Adjudicada;ALPHANET SECURITY SYSTEMS, SL;;45700;https://contractaciopublica.cat/ca/detall-publicacio/f19fb714-5186-49db-be7a-2007a8d8a412/300899565
Adjudicaciones;Subministrament d’un sistema d’extensió metafases, necessari per equipar el Servei d’Anatomia Patològica del nou l’Edifici C de l’Hospital del Mar, centre del Consorci Mar Parc de Salut de Barcelona, segons característiques tècniques i condicions definides al Plec de prescripcions tècniques de la licitació.;Consorci Mar Parc de Salut de Barcelona;suministros;Resuelta;DURVIZ, S.L.;;44790;https://contractaciopublica.cat/ca/detall-publicacio/7912c2b4-125a-4abc-b34f-ac0bb05bdcf1/300898574
Adjudicaciones;gestió ambiental per als equipaments i activitats de l'ICUB;Institut de Cultura de Barcelona;servicios;Adjudicada;Estudi Xavier Mayor et al SL;;42840;https://contractaciopublica.cat/ca/detall-publicacio/876ab336-ea11-454b-b6e7-742c25ad0aa2/300899656
Adjudicaciones;Subministrament de llums led de les instal·lacions de l’Institut del Teatre de la seu de Barcelona;Institut del Teatre;suministros;Adjudicada;S1IOI, S.L.;;40755,6;https://contractaciopublica.cat/ca/detall-publicacio/2a733d9e-8b08-4555-b530-c87ff71c9a68/300898018
Adjudicaciones;Pavimentación y mejora de accesos al espacio natural de Monte Mayor-Gondar-Monte-Xove;Concello de Xove;obras;Adjudicada;CARFERLO SLU;;39878,43;https://www.contratosdegalicia.gal/licitacion?N=829141
Adjudicaciones;ABR0010/2026 Adquisición de un equipo de scratch test (ensayo de rayado) para medir la adherencia de recubrimientos por parte de la Universidad Pública de Navarra;Rector;suministros;Resuelta;ANTON PAAR SPAIN S.L.U;;39669,42;https://hacienda.navarra.es/sicpportal/ctaDatosAdjudicacion.aspx?cod=3188&Ticket=261005102658E0036805
Adjudicaciones;Servicio de realización de campañas de promoción y apoyo al sector comercial y hostelero de Basauri.;Ayuntamiento de Basauri-Alcalde;servicios;Resuelta;ASIER LOPEZ FERNANDEZ-ISABEL LOPEZ DE LA TORRE, S.C.;;37700;https://www.contratacion.euskadi.eus/webkpe00-kpeperfi/es/contenidos/anuncio_contratacion/expjaso727044/es_doc/index.html
Adjudicaciones;Serveis de control de plagues i aus urbanes;Ajuntament d'Abrera;servicios;Adjudicada;Biotermes 2022, SL;;37485,73;https://contractaciopublica.cat/ca/detall-publicacio/ddc819c8-67a8-4ea4-a31a-3bbbac4027c5/300899771
Adjudicaciones;Manteniment del sistema d'informació a les estacions d'autobusos (SIE).;Departament de Territori, Habitatge i Transició Ecològica;servicios;Resuelta;Adelante servicios informáticos S.L.;;37135,2;https://contractaciopublica.cat/ca/detall-publicacio/13daad24-b828-421f-b526-08d04be9398a/300900452
Adjudicaciones;iofp-construcción de plataforma de hormigón en el vivero de san jerónimo;Agencia de Medio Ambiente y Agua de Andalucía;obras;Resuelta;CONSTRUCCIONES GUTIERREZ SANCHO SOCIEDAD LIMITADA;;37000;https://www.juntadeandalucia.es/haciendayadministracionpublica/apl/pdc_sirec/perfiles-licitaciones/detalle-licitacion.jsf?idExpediente=981030
Adjudicaciones;CMA-2025-0058: Contratación por el procedimiento negociado sin publicidad por razones de exclusividad del servicio de mantenimiento de los instrumentos analíticos marca METROHM y ASM existentes en el Laboratorio de Medio Ambiente de Galicia;Consellería de Medio Ambiente e Cambio Climático;servicios;Resuelta;METROHM HISPANIA, S.L.;;36610,9;https://www.contratosdegalicia.gal/licitacion?N=826451
Adjudicaciones;El servicio cuya contratación se propone tiene como objetivo la contratación del servicio de creación de un programa de intervención sobre violencia de género juvenil.;Instituto Foral de la Juventud de Alava-Director/a-Gerente;servicios;Adjudicada;TRASPASOS KULTUR, S.L.;;36414;https://www.contratacion.euskadi.eus/webkpe00-kpeperfi/es/contenidos/anuncio_contratacion/expjaso739803/es_doc/index.html
Adjudicaciones;0000554/2026 suministro de sillones para la extracción de sangre y/o plasma a donantes del centro de transfusión, tejidos y células de málaga, centro adscrito a la central provincial de compras de málaga mediante procedimiento abierto simplificado abreviadoy presentación electrónica de ofertas.;Servicio Andaluz de Salud;suministros;Adjudicada;LINET IBERIA S.L.U;;36138,74;https://www.juntadeandalucia.es/haciendayadministracionpublica/apl/pdc_sirec/perfiles-licitaciones/detalle-licitacion.jsf?idExpediente=981500
Adjudicaciones;Mantenimiento de INTELLISPACE PERINATAL en el Departamento de Salud durante el año 2027;el Director General de Telecomunicaciones y Digitalización;servicios;Adjudicada;Philips Ibérica S.A.U.;;35737,17;https://hacienda.navarra.es/sicpportal/ctaDatosAdjudicacion.aspx?cod=8379&Ticket=261005123820A1032C09
Adjudicaciones;Adquisición de aperos para tractor Valtra;Concello de Quiroga;suministros;Adjudicada;RAMOS METAL, S.L.;;35174,7;https://www.contratosdegalicia.gal/licitacion?N=829065
Adjudicaciones;L’objecte d’aquest contracte és la prestació del servei de consultoria dels diferents mòduls del programa CONSOLIDA'T, dissenyat per enfortir el teixit empresarial del territori. La contractació de professionals especialitzats és essencial per donar resposta necessitats de les empreses participants al programa.;Ajuntament de Reus;servicios;Resuelta;Inmaculada Vázquez Labella, SÍLVIA CARMONA CREUS, Xavier Soldevila Moliner, Eulalia Balaña Quintero, WORSLEY CONSULTING SL, Mireia Sebastià Laseca, Cristina Sáenz de Pipaón Soba;;35155,52;https://contractaciopublica.cat/ca/detall-publicacio/18dac4f0-f51c-43b9-b3bc-2fc94e63a826/300899945
Adjudicaciones;Reforma dels espais de l’edifici de la recerca, de la planta baixa de l’Hospital Universitari de Bellvitge.;ICS - Hospital Universitari de Bellvitge;obras;Resuelta;FUDOSAN, SL;;35007,2;https://contractaciopublica.cat/ca/detall-publicacio/6478d141-4108-4326-a299-cbe244366971/300898464
Adjudicaciones;Servicio consistente en la instalación, explotación, mantenimiento y desmontaje de un carrusel clásico durante la campaña navideña 2026-2027 en Bilbao.;Bilbao Ekintza, E.P.E.L.-Gerencia o Dirección General;servicios;Adjudicada;RIOJALAR S.L.U.;;35000;https://www.contratacion.euskadi.eus/webkpe00-kpeperfi/es/contenidos/anuncio_contratacion/expjaso729799/es_doc/index.html
Adjudicaciones;Suministro de bolsas para la inactivación viral del plasma humano en el Centro de Transfusión y cesión de equipos;Centro de Transfusión;suministros;Adjudicada;Maco Spania, S.L.;;35000;https://contratos-publicos.comunidad.madrid/contrato-publico/suministro-bolsas-inactivacion-viral-plasma-humano-centro-transfusion-cesion
Adjudicaciones;contrato servicio público transporte regular personas a la demanda jaén;Delegación Territorial de Fomento, Articulación del Territorio y Vivienda en Jaén;servicios;Adjudicada;ALFONSO RODRIGUEZ GOMEZ, ECOTUR TAVARA SOCIEDAD LIMITADA;;34870,25;https://www.juntadeandalucia.es/haciendayadministracionpublica/apl/pdc_sirec/perfiles-licitaciones/detalle-licitacion.jsf?idExpediente=959858
Adjudicaciones;El subministrament consistirà en els següents components: - Infraestructura de servidors informàtics necessària per a l'execució de la solució - Procés de filtratge i retall del senyal de llengua de signes, conversió a 25p i escalat per adequar-lo a la resolució final - Procés de codificació de vídeo H.264 en baixa resolució, baix bit rate i baixa latència - Procés de segmentació i encapsulament MPEG-DASH en baixa latència - Servidor d'origen de baixa latència per al subministrament de paquets a la CDN;Corporació Catalana de Mitjans Audiovisuals, SA (CCMA, SA);suministros;Adjudicada;AICOX SOLUCIONES, S.A.U.;;34052,17;https://contractaciopublica.cat/ca/detall-publicacio/0c6bf7a6-c3ce-4bcc-a56a-9e5b737cfc3e/300899502
Adjudicaciones;Segundo contrato basado en el acuerdo marco para el suministro de gas;Parlamento Vasco-Mesa del Parlamento Vasco;suministros;Adjudicada;ENERGREEN MOBILITY SL;;33977,51;https://www.contratacion.euskadi.eus/webkpe00-kpeperfi/es/contenidos/anuncio_contratacion/expjaso738075/es_doc/index.html
Adjudicaciones;Subministrament, muntatge i instal·lació, posada en funcionament i formació d’una bomba d’hidrodissecció, amb destí al Servei d’Endoscòpies Digestives, necessària per al projecte d’ampliació de l’Hospital del Mar, centre del Consorci Mar Parc de Salut de Barcelona, segons característiques tècniques i condicions definides al Plec de prescripcions tècniques de la licitació.;Consorci Mar Parc de Salut de Barcelona;suministros;Adjudicada;ERBE ESPAÑA SOLUCIONES MÉDICAS, S.L.;;33929,78;https://contractaciopublica.cat/ca/detall-publicacio/f9b070b2-e932-457b-b465-d23ad2519405/300900005
Adjudicaciones;Suminstro para la suscripción del software T-Innova para la gestión integral de actividades deportivas de Canal de Isabel II, S.A., M.P.;Canal de Isabel II, S.A.;suministros;Resuelta;T- INNOVA INGENIERÍA APLICADA, S.A.;;33336,67;https://contratos-publicos.comunidad.madrid/contrato-publico/suminstro-suscripcion-software-t-innova-gestion-integral-actividades-deportivas
Adjudicaciones;L’objecte del contracte consisteix en el subministrament, lliurament i posada a disposició de dos (2) commutadors de xarxa (switchs) del fabricant Cisco, família Nexus, destinats a la infraestructura de comunicacions de l’entitat, amb totes les peces, mòduls i elements necessaris per a la seva correcta integració i operativitat a la xarxa existent, d’acord amb les característiques tècniques descrites en aquest Informe Justificatiu. (1) Cisco Nexus N9K-C93108TC-FX3 amb 48 ports 100M/1/2.5/5/10GT i 8 slots 100G. (1) Cisco Nexus N9K-C93180YC-FX3 amb 48 ports 1/10/25G i 6 slots 40/100G.;Ajuntament de Lleida;suministros;Adjudicada;TELEFONICA SOLUCIONES DE INFORMATICA Y COMUNICACIONES DE ESPAÑA SAU;;33147,41;https://contractaciopublica.cat/ca/detall-publicacio/006ae37a-2a88-44d1-8cf9-4163df2f27de/300899842
Adjudicaciones;Servei de producció executiva, exhibició i explotació de l’espectacle teatral “NUVOLOSA”, amb subjecció estricta als plecs aprovats;Teatre Lliure-Teatre Públic de Barcelona;servicios;Adjudicada;ASSOCIACIÓ TERESA GUBIADES;;33000;https://contractaciopublica.cat/ca/detall-publicacio/879d51a4-8430-460b-bde0-5bb41bf59765/300899498
Adjudicaciones;Transportar (anada i tornada) els alumnes de 3r i 4t de primària dels centres escolars del Berguedà fins a les estacions d’esquí de Lles, Aransa, Tuixent – La Vansa i La Molina.;Consell Comarcal del Berguedà;servicios;Resuelta;SAU ALSINA GRAELLS DE AUTO TRANSPORTES, TRANS CERDANYA SL;;32982,73;https://contractaciopublica.cat/ca/detall-publicacio/633fd6a8-c895-49c9-af0b-16b083ae5c43/300228764
Adjudicaciones;Gestió del servei de viatges i serveis associats de la Direcció de Serveis de Feminismes, Transversalitat de Gènere i LGTBI 2026-2027;Ajuntament de Barcelona;servicios;Adjudicada;IAG7Viajes;;31818,18;https://contractaciopublica.cat/ca/detall-publicacio/0fd70a71-dc8c-4b03-a738-69b92c01c0c2/300899883
Adjudicaciones;"huj_cbam_amo_2_2025_""ute amsasja25""_obra de ejecución de nuevo almacén en el cs martos";Servicio Andaluz de Salud;obras;Resuelta;UTE UTE AMSASJA25;;31015,15;https://www.juntadeandalucia.es/haciendayadministracionpublica/apl/pdc_sirec/perfiles-licitaciones/detalle-licitacion.jsf?idExpediente=1009211
Adjudicaciones;Instal·lació de plaques fotovoltaiques al centre d´atenció primària de Constantí a Tarragona;ICS - Hospital Universitari Joan XXIII de Tarragona i GAPiC Àmbit Camp de Tarragona;obras;Adjudicada;SOLARTRADEX SL;;30264,33;https://contractaciopublica.cat/ca/detall-publicacio/cfcad5c2-e70d-42f1-bee3-3f46ed351461/300899651
Adjudicaciones;Suministro de Licencias de Inteligencia Artificial en Modalidad SaaS para Equipos de Trabajo (Claude for Work - Plan Team);Grupo Euskal Irrati Telebista-Director/a Gerente EITB;suministros;Resuelta;LKS INFRAESTRUCTURAS IT, S.L;;30000;https://www.contratacion.euskadi.eus/webkpe00-kpeperfi/es/contenidos/anuncio_contratacion/expjaso739793/es_doc/index.html
Adjudicaciones;Servicio de guardia del alumbrado público de Vitoria-Gasteiz.;Ayuntamiento de Vitoria-Gasteiz-Concejala Delegada del Departamento de Espacio Público y Barrios;servicios;Adjudicada;INSTALACIONES ELECTRICAS EKOARGI, S.L.L.;;30000;https://www.contratacion.euskadi.eus/webkpe00-kpeperfi/es/contenidos/anuncio_contratacion/expjaso721244/es_doc/index.html
Adjudicaciones;Subministrament d’una cabina tractora didactitzada destinada exclusivament a finalitats formatives, incloent-hi la formació específica associada adreçada al personal docent del centre;Centres educatius - Serveis Territorials a Tarragona;suministros;Resuelta;GRUPEINA DIGITAL SL;;30000;https://contractaciopublica.cat/ca/detall-publicacio/43a1904e-8454-401b-b0e8-eb41b050e4fa/300899684
Adjudicaciones;Contractació de l'assegurança de responsabilitat civil i d'accidents per a les persones voluntàries de la campanya Let's Clean Up Europe.;Agència de Residus de Catalunya;servicios;Adjudicada;MUTUA MANRESANA, MUTUALITAT DE PREVISIÓ SOCIAL;;29999;https://contractaciopublica.cat/ca/detall-publicacio/ad413dc6-7f12-4772-8d9d-8a8f17196762/300898854
Adjudicaciones;Contractació del servei de guarderia rural per a la preservació de l’àmbit de l’Espai Natural Protegit de la Riera de Merlès als municipis de Les Llosses, Borredà, La Quar, Sagàs, Lluçà, Santa Maria de Merlès i Puig-reig durant la temporada de bany de l'any 2024;Consell Comarcal del Berguedà;servicios;Resuelta;cinegetica serjoran sl;;29941,26;https://contractaciopublica.cat/ca/detall-publicacio/b98ea029-cd04-44e7-b16f-87d93cd9ad81/300228781
Adjudicaciones;Estudio del grado de eliminación de fármacos en distintos lechos filtrantes;Aguas Municipales de Vitoria-Gasteiz, S.A.U. -Consejo de Administración;servicios;Adjudicada;FUNDACIÓN TECNALIA RESEARCH & INNOVATION;;28625;https://www.contratacion.euskadi.eus/webkpe00-kpeperfi/es/contenidos/anuncio_contratacion/expjaso727597/es_doc/index.html
Adjudicaciones;ubministrament de carpetes de cartró destinades a l'emmagatzematge, conservació i consulta de publicacions periòdiques rebudes a la Biblioteca de Catalunya, així com, puntualment, d'altres documents específics d'altres unitats de la Biblioteca.S;Biblioteca de Catalunya;suministros;Adjudicada;Empresa B21980412;;28451,11;https://contractaciopublica.cat/ca/detall-publicacio/154cecc2-bc3f-4ade-85ae-2499cf45b77e/300900065
Adjudicaciones;"Servicios de apoyo a la gestión del área económica, rrhh, administración y contratación para la Fundación para el Conocimiento madrimasd, vinculado a su condición de fundación del sector público y organismo público de investigación y agencia de acreditación (como poderes adjudicadores, subvenciones, etc.).&nbsp;&nbsp; &nbsp;";Fundación para el conocimiento Madri+d;servicios;Resuelta;Juan Carlos PASCUAL CHAVES;;27000;https://contratos-publicos.comunidad.madrid/contrato-publico/s2025009servicios-apoyo-gestion-area-economica-rrhh-administracion-contratacion
Adjudicaciones;El present contracte té per objecte la contractació dels serveis de gestoria i assessorament laboral, així com els serveis de gestoria i assessorament fiscal-comptable de l’entitat, agrupats en dos lots;Fundació Institució dels Centres de Recerca de Catalunya (Fundació I-CERCA);servicios;Adjudicada;GRUP CARLES, GESTIÓ I PROJECTES, Fornell consultors S.L.P;;25921,8;https://contractaciopublica.cat/ca/detall-publicacio/57822f7a-fde0-4350-afcf-f350f0adadd4/300899847
Adjudicaciones;suministro del vestuario de personal laboral;Delegación Territorial de Fomento, Articulación del Territorio y Vivienda en Córdoba;suministros;Resuelta;ALBARIZA MODA LABORAL SL, UNIFORM BOX S.L.;;25844;https://www.juntadeandalucia.es/haciendayadministracionpublica/apl/pdc_sirec/perfiles-licitaciones/detalle-licitacion.jsf?idExpediente=948999
Adjudicaciones;Suministro e instalación de mobiliario y equipamiento de oficina para centros y dependencias de la EHU;UPV/EHU - Universidad del País Vasco-La Gerente de la UPV/EHU;suministros;Adjudicada;BEGIRI MATERIAL DE OFICINA (CARLIN);;25172,1;https://www.contratacion.euskadi.eus/webkpe00-kpeperfi/es/contenidos/anuncio_contratacion/expjaso744046/es_doc/index.html
Adjudicaciones;L'objecte del contracte és el contracte privat de serveis amb l'empresa EXIT ESPECTACLES, SL, en qualitat de representant facultat de l'artista MARIA PELAE per a l'execució de la prestació artística consistent en la realització del concert de l'artista indicat d'acord amb les condicions i les característiques establertes al PPT. La prestació contractual inclou exclusivament aquells mitjans tècnics, organitzatius i de producció que, con-forme al rider artístic i a les obligacions assumides contractualment per l’artista o el seu representant resultin necessaris per a la correcta execució de les actuacions objecte del contracte. CPV: 92312120-8 Serveis artístics de grups de cantants;Ajuntament de Santa Coloma de Gramenet;servicios;Resuelta;ÈXITS ESPECTACLES S.L.;;25000;https://contractaciopublica.cat/ca/detall-publicacio/329feb4a-98d5-4827-8f91-204ed6ea2210/300900029
Adjudicaciones;"Servei de dinamització de la microxarxa ""SSSplau"" per al proper curs escolar 2026-2027 amb l'objectiu de consolidar el seu funcionament i dotar de majors recursos a la seva gestió, amb mesures de contractació pública sostenible";Ajuntament de Barcelona;servicios;Resuelta;THE SOUNDWICH PROJECT SL;;24000;https://contractaciopublica.cat/ca/detall-publicacio/5d0ff38b-7c8a-47c6-934c-bacadb6671f9/300877195
Adjudicaciones;Suministro de cepillos para las máquinas barredoras del servicio de limpieza viaria;Badesa, S.A.-Consejo de Administración;suministros;Resuelta;CEPILLERIA INDUSTRIAL ALAVESA, S.L.;;23899,2;https://www.contratacion.euskadi.eus/webkpe00-kpeperfi/es/contenidos/anuncio_contratacion/expjaso727730/es_doc/index.html
Adjudicaciones;córdoba 2º cbam calvo izquierdo s.l acuerdo marco para la contratación del suministro, de tracto sucesivo y precios unitarios, de material genérico de curas, vendas, esparadrapos y diverso material de soporte (subgrupo su. pc. sani. 01.00 del catálogo sas), con destino a los centros que integran la central provincial de compras de córdoba. paam 17/24;Servicio Andaluz de Salud;suministros;Resuelta;CALVO IZQUIERDO SL;;23727,27;https://www.juntadeandalucia.es/haciendayadministracionpublica/apl/pdc_sirec/perfiles-licitaciones/detalle-licitacion.jsf?idExpediente=1011661
Adjudicaciones;Subministrament de 4.800 unitats de filtre A.C. G3 EN779 1540x230x10MM - Codi TMB 228947;Transports de Barcelona, SA;suministros;Resuelta;Plata Hermanos 94, S.L.;;23568;https://contractaciopublica.cat/ca/detall-publicacio/20f37bba-b8b3-4eb9-9594-d37ee336341e/300899914
Adjudicaciones;cbam prendas centinelas lote 36 y lote 83 (transduero) acuerdo marco de suministro de prendas de uniformidad para el personal de servicios de urgencias de atención primaria (suap) y centro de emergencias sanitarias 061;Servicio Andaluz de Salud;suministros;Resuelta;TRANSDUERO SL;;23310,37;https://www.juntadeandalucia.es/haciendayadministracionpublica/apl/pdc_sirec/perfiles-licitaciones/detalle-licitacion.jsf?idExpediente=1008919
Adjudicaciones;Servicio de asistencia técnica en la contabilidad energética, revisión de la facturación y optimización del consumo energético municipal del Ayuntamiento de Basauri.;Ayuntamiento de Basauri-Alcalde;servicios;Resuelta;GASSO CIMNE INERGY SL;;23300;https://www.contratacion.euskadi.eus/webkpe00-kpeperfi/es/contenidos/anuncio_contratacion/expjaso707055/es_doc/index.html
Adjudicaciones;EMERGÈNCIA per a l'adquisició de 80 motxilles portamànegues de diàmetre 25 mm per al Cos de Bombers de la Generalitat de Catalunya.;Departament d'Interior i Seguretat Pública;suministros;Adjudicada;VALLFIREST TECNOLOGIAS FORESTALES SL;;22892;https://contractaciopublica.cat/ca/detall-publicacio/ba0de4de-b0ca-4a52-82ad-7e6848cf0595/300899977
Adjudicaciones;L'objecte del contracte és la realització del servei de neteja, respectuós amb el medi ambient dels Centres de Fauna de Vallcalent, Torreferrussa i Aiguamolls de l’Empordà del Departament de Territori, Habitatge i Transició Ecològica adscrits a la Subdirecció General de Biodiversitat i Medi Natural.;Forestal Catalana, SA;servicios;Adjudicada;Serveis de Personal i Neteja, S.L.;;22776,43;https://contractaciopublica.cat/ca/detall-publicacio/5cc36a4e-e784-418c-91b2-7bc239366004/300899843
Adjudicaciones;Contrato de Suministro de Material Informático y Productos Auxiliares;Agencia Empresarial para la Transformación y el Desarrollo Económico;suministros;Adjudicada;SPECIALIST COMPUTER CENTRES SL;;22601,88;https://www.juntadeandalucia.es/haciendayadministracionpublica/apl/pdc_sirec/perfiles-licitaciones/detalle-licitacion.jsf?idExpediente=971829
Adjudicaciones;Presa de coneixement de la incorporació de l’Ajuntament de La Torre de Claramunt a l’àmbit subjectiu de l’Acord marc del subministrament de combustible i electricitat per a la recàrrega pública de vehicles, expedient CCS-2026-3, Lot 1, i aprovació de l’encàrrec directe del subministrament de carburant a SOLRED, SA;Ajuntament de la Torre de Claramunt;suministros;Adjudicada;SOLRED, S.A;;22577,27;https://contractaciopublica.cat/ca/detall-publicacio/c8baa1d5-013f-4c1a-a44b-5ace6bb519d0/300899775
Adjudicaciones;Suministro, instalación y puesta en marcha de un Equipo Termociclador de PCR en tiempo real (qPCR) de 6 canales de detección, para el Laboratorio Pecuario Eskalmendi del Servicio de Ganadería de la Diputación Foral de Álava.;Diputación Foral de Álava-Diputado/a Foral de Agricultura;suministros;Adjudicada;ECOGEN S L;;22503;https://www.contratacion.euskadi.eus/webkpe00-kpeperfi/es/contenidos/anuncio_contratacion/expjaso733044/es_doc/index.html
Adjudicaciones;Subministrament d’una càmera de 156 megapíxels per a la digitalització d’alta qualitat de col·leccions patrimonials amb un programari específic, segons les especificacions que consten en el plec de prescripcions tècniques. L’objecte inclou: - Transport, desembalatge, instal·lació i posada en funcionament de la càmera amb el programari ja existent, LIMB Capture i la integració amb els mòduls de processament associats: LIMB Processing (processament de dades) i LIbSfe (preservació de dades). - Posada en marxa i calibratge de la càmera segons els estàndards actuals de qualitat d’imatge (ISO 19264 / METAMORFOZE / FAGI 3*) i fer el perfil corresponent. - Última versió del programari (LIMB CAPTURE) existent, si escau, i possibles actualitzacions durant els tres anys de garantia. - Servei d’assistència telefònica i remota de forma completament il·limitada, amb resposta de 24 hores durant el primer any. - Instal·lació i formació que es realitzarà a les instal·lacions del CEDI a la Universitat de Barcelona: edifici Juliana Morell, carrer Baldiri i Reixac, núm. 2 de Barcelona. La instal·lació tindrà una durada de 4 hores i la formació consistirà en una sessió presencial de 2 hores de durada per un màxim de 4 persones. - Garantia de 3 anys, a partir de la data en què la càmera estigui instal·lada i en funcionament. La garantia en els sis primers mesos cobrirà la substitució de la càmera afectada. La garantia també inclou el servei postvenda o servei tècnic, la comunicació i gestió d’incidències i el temps de resposta a les incidències, especificat en el plec de prescripcions tècniques. - Retirada dels residus de l'embalatge i protecció, així com de qualsevol altra resta derivada de les activitats a realitzar.;Universitat de Barcelona;suministros;Resuelta;LIBNOVA SL;;22450;https://contractaciopublica.cat/ca/detall-publicacio/6afed902-b1c9-411e-8c41-9ec5f5180bf9/300900148
Adjudicaciones;Sv.conserjería y control acceso edificio admtvo.uso compartido;Agencia de la Competencia y de la Regulación Económica de Andalucía;servicios;Resuelta;INTEGRA MANTENIMIENTOS GESTION SERVICIOS INTEGRADOS CENTRO ESPECIAL DEEMPLEO-AND;;22388,29;https://www.juntadeandalucia.es/haciendayadministracionpublica/apl/pdc_sirec/perfiles-licitaciones/detalle-licitacion.jsf?idExpediente=000000312081
Adjudicaciones;El present contracte basat en l'acord marc H-5/2024 té com objecte el servei d'exchange del sistema NAV1 de l’aeronau EC-LJN de l’Institut Cartogràfic i Geològic de Catalunya.;Institut Cartogràfic i Geològic de Catalunya;servicios;Adjudicada;FUTURHANGARS, S.L.;;22000;https://contractaciopublica.cat/ca/detall-publicacio/cd2cac1e-daf2-4c61-b1c4-d3c8fbe9b7da/300900357
Adjudicaciones;L’objecte del contracte és la prestació del servei d’atenció psicològica del servei de prevenció i tractament de les addiccions,d’acord amb el plec de clàusules administratives particulars i de prescripcions tècniques ells quals detallen els treballs concrets. El servei de Prevenció i Tractament de les addiccions de Roses és un espai que ha d’oferir el tractament necessari als pacients amb addiccions i el seu guariment, així com la detecció precoç amb els agents implicats de la comunitat i les accions de prevenció i sensibilització necessàries en la lluita contra aquesta problemàtica.;Ajuntament de Roses;999;Resuelta;ASSOCIACIO CATALANA D'ESPECIALISTES EN DROGODEPENDÈNCIES (ACEDA);;22000;https://contractaciopublica.cat/ca/detall-publicacio/3d20ee15-59bf-458a-a523-428e72f3f584/300860318
Adjudicaciones;Contrato de suministro para ampliación de Parque Infantil en la Plaza Leognan de Peralta;Ayuntamiento de Peralta;suministros;Resuelta;SUMALIM SL;;21646,2;https://hacienda.navarra.es/sicpportal/ctaDatosAdjudicacion.aspx?cod=3052&Ticket=261002092742EF346611
Adjudicaciones;Contracte de serveis per a la redacció del projecte constructiu del mur de protecció davant de les avingudes del riu Ter al Passeig del Ter i Plaça Bisaura de Sant Quirze de Besora;Ajuntament de Sant Quirze de Besora;servicios;Adjudicada;Jordi Rodriguez Martí;;21430;https://contractaciopublica.cat/ca/detall-publicacio/cf728848-4c19-4e5b-aa1a-0623daa21804/300899661
Adjudicaciones;Subministrament de 2.500 unitats de neteja mans brutícia forta 2.000 ml – Codi TMB 207195;Ferrocarril Metropolità de Barcelona, SA;suministros;Resuelta;I2M SOLUCIONES TECNICAS SL;;21200;https://contractaciopublica.cat/ca/detall-publicacio/871f943c-3dc4-4d44-943c-896cd3ba6c47/300900101
Adjudicaciones;Subministrament i instal·lació de dispensadors d’aigua per a les diferents dependències i edificis de la Diputació de Lleida i OOAA. Es tracta d’instal·lar un sistema que refrigera l'aigua procedent de la xarxa;Diputació de Lleida;suministros;Resuelta;Empresarios Independientes S.L.;;21050,4;https://contractaciopublica.cat/ca/detall-publicacio/5020b70a-63c8-463d-a852-ace9040c6667/300899857
Adjudicaciones;Subministrament i instal·lació d’un torn convencional i equipament opcional al taller de mecanització de l'Institut de l'Ebre;Centres educatius - Serveis Territorials a les Terres de l'Ebre;suministros;Resuelta;STILCRAM 2021, S.L.;;21000;https://contractaciopublica.cat/ca/detall-publicacio/14099ce5-993d-4add-8ad4-68ca3087b4a5/300899999
Adjudicaciones;0000753/2026 suministro e instalación de equipos de magnetoterapia para salas de rehabilitación pertenecientes a distrito sanitario córdoba y guadalquivir, centros adscritos a la central provincial de compras de córdoba, mediante procedimiento abierto simplificado abreviado (supersimplificado). (pass 51/26);Servicio Andaluz de Salud;suministros;Adjudicada;BOLD TECHNOLOGIES LEADINGESPAÑA SL;;20506,53;https://www.juntadeandalucia.es/haciendayadministracionpublica/apl/pdc_sirec/perfiles-licitaciones/detalle-licitacion.jsf?idExpediente=1000202
Adjudicaciones;Subministrament de dos captadors manuals de baix volum seqüencials amb capçals de PM10 o PM2,5 per a dues estacions adscrites a la xarxa de vigilància i previsió de la contaminació atmosfèrica a la ciutat de Barcelona i de titularitat de l’Agència de Salut Pública de Barcelona;Agència de Salut Pública de Barcelona;suministros;Adjudicada;MCV SA;;20296;https://contractaciopublica.cat/ca/detall-publicacio/83f83bcf-658e-4117-8c43-1a9a82a656fe/300899942
Adjudicaciones;Contracte de serveis per a la direcció de les obres del conjunt format pel projecte més l’annex d’actualització de la millora local. Ordenació i reforçament de la carretera L-510 del PK 13+345 (antic 13+440, inici travessera d'Àreu) al 14+120 (final carretera, laForça d'Àreu). Tram: Àreu - la Força d’Àreu (Alins). Clau: ML-04053 i AA-ML-04053;Infraestructures de la Generalitat de Catalunya, SAU;servicios;Resuelta;Parma Ingeniería, SL;;20050,5;https://contractaciopublica.cat/ca/detall-publicacio/718dfd9c-5c03-4f3f-8ca1-738be68b7300/300900195
Adjudicaciones;Patrocinio del Festival BBK Mendi Film Bilbao Bizkaia organizado por Asociación Cultural Mendi Film Festival Elkartea;Grupo Euskal Irrati Telebista-Director/a Gerente EITB;servicios;Adjudicada;ASOC.CULTURAL MENDIFILMFESTIVAL ELKARTEA;;20000;https://www.contratacion.euskadi.eus/webkpe00-kpeperfi/es/contenidos/anuncio_contratacion/expjaso747533/es_doc/index.html
Adjudicaciones;obres de millora del ferm del camí de La Nou a Malanyeu, en el tram inicial que va des de la sortida del nucli urbà de La Nou fins al trencant del camí de La Clusa;Consell Comarcal del Berguedà;obras;Resuelta;PASQUINA, SA;;20000;https://contractaciopublica.cat/ca/detall-publicacio/cc2b939a-12b2-43f1-8547-8a25bf0050b8/300222598
Adjudicaciones;Contrato de exhibición de Metamorfosis de Lin Cortés el día 9 de octubre de 2026 en la Puerta del Sol como parte de la programación de la Hispanidad.;Madrid Cultura y Turismo, S.A.U.;servicios;Resuelta;LUIS CORTES MORENO;;20000;https://contratos-publicos.comunidad.madrid/contrato-publico/contrato-exhibicion-metamorfosis
Adjudicaciones;acuerdo marco para el servicio de captación de imágenes con estabilizador de cámara para los programas de canal sur radio y televisión s.a.;Canal Sur Radio y Televisión, S.A.;servicios;Resuelta;COMUNICACIONES Y PRODUCCIONES DEL SUR SL, MIGUEL ANTONIO DUQUE GARRIDO, MANUEL JESUS MARIN BERNAL;;20000;https://www.juntadeandalucia.es/haciendayadministracionpublica/apl/pdc_sirec/perfiles-licitaciones/detalle-licitacion.jsf?idExpediente=452230
Adjudicaciones;Contratación de la extensión de Trazins en el Hospital Garcia Orcoyen de Estella en 2026.;el Director General de Telecomunicaciones y Digitalización;suministros;Adjudicada;PALEX MEDICAL S.A.;;19824,07;https://hacienda.navarra.es/sicpportal/ctaDatosAdjudicacion.aspx?cod=8379&Ticket=261005122331B33217F7
Adjudicaciones;Subministrament de 140 unitats de rufa suspensió davantera New Lion’s - Codi TMB 234616;Transports de Barcelona, SA;suministros;Resuelta;RS TURIA, S.L;;19460;https://contractaciopublica.cat/ca/detall-publicacio/364673e7-2c5c-4f70-9908-59e79bd84720/300899877
Adjudicaciones;Servicio artístico consistente en la representación del concierto 'Viena en La Rioja' por la Orquesta Filarmonía de Madrid, en el Palacio de Congresos y Auditorio de La Rioja, Riojaforum;La Rioja 360 Grados Avanza, Sociedad de Promoción de La Rioja (SAU).;servicios;Adjudicada;ACORDETONAL SL;;19200;https://www.larioja.org/contratacion-publica/es/licitaciones/consulta-expedientes?homepage=?p_colateral%3D60-7-3.04-0056%2F2026%26p_dia_ini%3D01%26p_mes_ini%3D10%26p_ano_ini%3D2026%26p_dia_fin%3D01%26p_mes_fin%3D10%26p_ano_fin%3D2026%26p_todas%3DN
Adjudicaciones;Servei de realització tècnica, disseny creatiu, creació artística, direcció, producció, desenvolupament i coordinació artística dels diferents actes i fires de Ferrocarrils de la Generalitat de Catalunya (Ref: PO68/26);Actius de Muntanya, SA;servicios;Adjudicada;INICIATIVES EVENTS S.L.;;18158;https://contractaciopublica.cat/ca/detall-publicacio/2f35a4d7-9a42-49d9-969d-e284b4eec6c4/300899790
Adjudicaciones;Servei de teràpia familiar adreçat a famílies amb infants i/o adolescents a càrrec en situació de risc i/o desemparament, per tal de donar suport i intervenir amb els membres de la unitat familiar per tal que puguin millorar les seves relacions i capacitats de relació familiar afavorint el sorgiment i recuperació de pràctiques de parentalitat positiva.;Consell Comarcal del Berguedà;servicios;Resuelta;EDUVIC SCCL;;18128;https://contractaciopublica.cat/ca/detall-publicacio/56336870-103f-4228-b47b-162aad2652de/300228783
Adjudicaciones;Contratación de los seguros de la Mancomunidad Comarcal de Debabarrena, con compañías de seguros o con corredurías, relativos al seguro de responsabilidad civil de la actividad (Lote núm. 1) y patrimoniales multirriesgo (Lote núm. 2);Mancomunidad Comarcal de Debabarrena-Comisión de Gobierno;servicios;Adjudicada;CAJA DE SEGUROS REUNIDOS COMPANIA DE SEGUROS Y REASEGUROS SA;;17727,76;https://www.contratacion.euskadi.eus/webkpe00-kpeperfi/es/contenidos/anuncio_contratacion/expjaso728354/es_doc/index.html
Adjudicaciones;Servei de realització tècnica, disseny creatiu, creació artística, direcció, producció, desenvolupament i coordinació artística dels diferents actes i fires de Ferrocarrils de la Generalitat de Catalunya (Ref: PO68/26);FGC MOBILITAT, SA;servicios;Adjudicada;INICIATIVES EVENTS S.L.;;17650;https://contractaciopublica.cat/ca/detall-publicacio/224c77f6-f06c-4bf3-beff-f8a2e52877bf/300899835
Adjudicaciones;Servei de realització tècnica, disseny creatiu, creació artística, direcció, producció, desenvolupament i coordinació artística dels diferents actes i fires de Ferrocarrils de la Generalitat de Catalunya (Ref: PO68/26);FGCRAIL, SA;servicios;Adjudicada;INICIATIVES EVENTS S.L.;;17650;https://contractaciopublica.cat/ca/detall-publicacio/aac1f1b3-4dfe-4673-b070-7a71d71bbc94/300899812
Adjudicaciones;Subministramentde l’extensió de suport de pegats pels equips amb Windows 10 necessaris per a la prestació dels serveis TIC de Barcelona Activa (Exp. 56-26);Barcelona ACTIVA SAU SPM;suministros;Adjudicada;EVOLUTIO CLOUD ENABLER SAU;;17638,2;https://contractaciopublica.cat/ca/detall-publicacio/11cb821b-60ec-4368-9025-84ace7cafb9a/300899791
Adjudicaciones;El present contracte té per objecte el subministrament d’un motor fora borda de 200 CV, model Yamaha F200 XD o equivalent, compatible i destinat a l’embarcació PORT ROSES TRES adscrita al servei de gestió, manteniment, revisió i assistència dels camps de fondeig de les cales de Roses, per la temporada d’estiu. L’objecte del contracte es limita a les prestacions estrictament indispensables per afrontar la situació d’imperiosa urgència acreditada a la memòria de l’expedient.;Port de Roses, SA;suministros;Resuelta;Metropol nauticas SAU;;17435;https://contractaciopublica.cat/ca/detall-publicacio/c8df7ed7-30be-4769-9691-9acfae959087/300899527
Adjudicaciones;L'objecte del present contracte és la prestació del servei de redacció del Pla Estratègic de Turisme del Berguedà 2026-2030, que ha d’incloure de manera integrada la redacció del nou Pla de Màrqueting Turístic del Berguedà 2026-2030.;Consell Comarcal del Berguedà;servicios;Resuelta;D'ALEPH INICIATIVAS Y ORGANIZACIÓN,S.A;;17413,35;https://contractaciopublica.cat/ca/detall-publicacio/e2ed9ce4-b61f-4153-a7b7-12abaa59b433/300808346
Adjudicaciones;L’objecte del contracte és l’adquisició de fons bibliogràfics i documentals per al manteniment de la qualitat de la col.lecció de la Biblioteca Comarcal Jaume Vila de Mollerussa.;Ajuntament de Mollerussa;suministros;Resuelta;LLIBRERIA DALMASES SL, SARRI ESQUIUS, SALVADOR;;17049,98;https://contractaciopublica.cat/ca/detall-publicacio/406b19a1-c80e-45dc-a049-a11eec79cf5f/300899631
Adjudicaciones;Servicio para la gestión íntegra de la actividad municipal Mintzoka.;Ayuntamiento de Portugalete -Alcalde;servicios;Adjudicada;ERRO PRODUKZIOAK, S.L.;;16500;https://www.contratacion.euskadi.eus/webkpe00-kpeperfi/es/contenidos/anuncio_contratacion/expjaso736457/es_doc/index.html
Adjudicaciones;L’objecte del contracte consistirà en la prestació del servei d’orientació i assessorament jurídic al Servei d’Informació i Atenció a les Dones (SIAD) i la prestació del servei d’assessorament jurídic en matèria d’estrangeria al Servei de Primera Acollida (SPA) de l’Ajuntament de Sant Andreu de la Barca. Les seves característiques són les que s’especifiquen al plec de prescripcions tècniques (PPT).;Ajuntament de Sant Andreu de la Barca;999;Adjudicada;Assistència i Gestió Integral, FP, LOURDES GANDOY FLORIDO;;16390,7;https://contractaciopublica.cat/ca/detall-publicacio/3fab0896-004e-4e39-9278-a7a00ece087f/300899386
Adjudicaciones;Gestió i execució de la 47ena i 48ena edició de la Cursa de Sant Silvestre del Masnou.;Ajuntament del Masnou;servicios;Resuelta;Club La Sansi;;16202;https://contractaciopublica.cat/ca/detall-publicacio/2f4546d8-8802-4319-974b-4822c0048c42/300899551
Adjudicaciones;suministro de material de oficina, consumible, no inventariable para las distintas sedes de la empresa pública para la gestión del turismo y del deporte de andalucía, s.a.;Empresa Pública para la Gestión del Turismo y el Deporte de Andalucía, S.A.;suministros;Resuelta;LUCAS ROJAS SL;;15991,58;https://www.juntadeandalucia.es/haciendayadministracionpublica/apl/pdc_sirec/perfiles-licitaciones/detalle-licitacion.jsf?idExpediente=551001
Adjudicaciones;Serveis firals per a la participació de la Diputació de Barcelona a la fira Smart City Expo World Congress Barcelona 2026;Diputació de Barcelona;servicios;Resuelta;FIRA INTERNACIONAL DE BARCELONA;;15840,53;https://contractaciopublica.cat/ca/detall-publicacio/37146b6d-563a-4a7d-9497-bbc153603030/300898738
Adjudicaciones;pgrn_aprovechamiento cinegético adj. terceros mm.pp. prov. cádiz. 2026-2031;Agencia de Medio Ambiente y Agua de Andalucía;administrativo especial;Adjudicada;SOCIEDAD DE CAZADORES DE ALGODONALES, CD SDAD DE CAZA DE PUERTO REAL, Club Deportivo La Muela Sierra de Lijar, PEÑA DE CAZADORES DE BORNOS, AGRICOLA PALOMA-ALGARVE SL, JUAN CARLOS GALINDO RODRIGUEZ, JUAN VALLE MONTERO, SOCIEDAD DEPORTIVA DE CAZA LA CABAÑA DEL ALTO GUADALETE, MIGUEL PASTOR SANCHEZ;;15746,85;https://www.juntadeandalucia.es/haciendayadministracionpublica/apl/pdc_sirec/perfiles-licitaciones/detalle-licitacion.jsf?idExpediente=946569
Adjudicaciones;L'objecte del contracte és el servei per realitzar una investigació prèvia a la construcció d’un pou, amb l’objecte de detectar els nivells d’aqüífers del subsòl, mitjançant un sondeig a testimoni continu de 97 metres, als terrenys del PAU “Torre del Botafoc” destinats a la construcció del futur Parc del Botafoc, així com l’elaboració posterior d’un informe geològic de resultats per presentar a l’ACA. Aquests treballs serviran de base i proporcionaran la informació necessària per la construcció del pou d’extracció d’aigua del nivell freàtic per abastar, en la mesura que sigui possible, les necessitats de reg del futur Parc. Sense aquest treball previ no es pot assegurar que es pugui construir el nou pou a l’emplaçament escollit.;Ajuntament del Vendrell;servicios;Resuelta;ANUFRA SL;;15582,8;https://contractaciopublica.cat/ca/detall-publicacio/144556c0-5bc8-4294-8a75-2ca9feefae1e/300899526
Adjudicaciones;Establir les condicions tècniques particulars que han de regir la contractació dels serveis d’inscripció, organització i execució de les colònies de pre-monitors/res i de les colònies multiesport i colònies de naturaadreçades a infants i joves de 8 a 16 anys fora de l’horari escolar en diversos períodes no lectius, que promou l’Ajuntament de Figueres. Aquesta proposta respon a la necessitat de dotar les famílies d’una oferta en educació no formal pública i de qualitat que faciliti la seva conciliació en determinats períodes no lectius o de vacances escolars, emmarcada en el Pla Corresponsables a Catalunya, programa de la Generalitat de Catalunya que emana del Plan Corresponsables del Ministeri d’Igualtat.;Ajuntament de Figueres;servicios;Adjudicada;Arriant Formacio i Lleure, ARAM EMPORDÀ;;15559,15;https://contractaciopublica.cat/ca/detall-publicacio/bb58b767-2c2e-4c10-8461-2a52769feb47/300899828
Adjudicaciones;Servei de reprografia dels materials que la Direcció General de Comunicació del Govern necessita per desenvolupar les seves funcions de difusió institucional, incloent-hi la col·locació o entrega en els punts indicats, durant l'any 2027;Departament de la Presidència;servicios;Adjudicada;Empresa G08444671;;15439,05;https://contractaciopublica.cat/ca/detall-publicacio/ffd7dd72-1950-43ef-b8f4-5558685c1f24/300900392
Adjudicaciones;L'objecte del contracte és el manteniment dels productes ManageEngine, concretament de les subscripcions que s'especifiquen en els plecs. El Gestor de sol·licituds i incidències de BASE-Gestió d’Ingressos, basat en el programari ManageEngine ServiceDesk Plus, està composat per llicències per a 40 agents de diversos departaments. Amb aquest programari, els 40 agents poden gestionar les sol·licituds i incidències dels diferents usuaris a través dels portals corresponents.;BASE-Gestió d'Ingressos;suministros;Adjudicada;UTOPIUX Ingeniería Informática, S.L.;;14800;https://contractaciopublica.cat/ca/detall-publicacio/5388bed4-7d4d-435d-9008-18058c055792/300899606
Adjudicaciones;Manteniment i Explotació de la plataforma Mapia Streets Enterprise per a la gestió de núvols de punts lidar i imatges panoràmiques de la Gerència de Serveis d’Infraestructures Viàries i Mobilitat. Anys 2026-2029;Diputació de Barcelona;servicios;Adjudicada;INFRAPLAN GEOSPATIAL, S.L.;;14500;https://contractaciopublica.cat/ca/detall-publicacio/c4a2a4b0-0a98-47de-90a6-171441185e32/300898346
Adjudicaciones;DO, DE, CSS i CQ de les obres d'una instal·lació fotovoltaica per autoconsum de 100kWn a la coberta del Mercat de Bon Pastor;Institut Municipal de Mercats de Barcelona;servicios;Adjudicada;ESITEC ENERGIA S.L;;13675;https://contractaciopublica.cat/ca/detall-publicacio/5e18922d-0084-48df-954b-f9126340dbda/300900276
Adjudicaciones;cpca 1º cbam fresenius kabi españa s.a am 772/2025;Servicio Andaluz de Salud;suministros;Resuelta;FRESENIUS KABI ESPAÑA S.A.;;13461,54;https://www.juntadeandalucia.es/haciendayadministracionpublica/apl/pdc_sirec/perfiles-licitaciones/detalle-licitacion.jsf?idExpediente=1009405
Adjudicaciones;Servei de realització tècnica, disseny creatiu, creació artística, direcció, producció, desenvolupament i coordinació artística dels diferents actes i fires de Ferrocarrils de la Generalitat de Catalunya (Ref: PO68/26);Vallter, SA;servicios;Adjudicada;INICIATIVES EVENTS S.L.;;13400;https://contractaciopublica.cat/ca/detall-publicacio/4cea0a35-494e-42cb-a187-85d3d5cd4b00/300899669
Adjudicaciones;Contracte específic per a la formació de de certificat de professionalitat de CARNISSERIA I ELABORACIÓ DE PRODUCTES CARNIS, corresponent a la categoria 3 (Carnisseria) del Sistema Dinàmic d’Adquisició per a l’homologació d’experts i formadors per a la impartició dels cursos de formació professional que organitzen els Serveis de Formació de MERCABARNA, amb mesures de contractació.;Mercados de Abastecimientos de Barcelona, S.A;servicios;Adjudicada;Jordi Rodríguez Milan, PERE GODINO CANTERO;;13169;https://contractaciopublica.cat/ca/detall-publicacio/92c55d28-be84-4c7f-aee0-5d561592a4e8/300899314
Adjudicaciones;"Suministro de permanganato potásico grado ""Free Flowing"" en envases a las ETAP de Canal de Isabel II, S.A., M.P. en la Comunidad de Madrid y provincias limítrofes";Canal de Isabel II, S.A.;suministros;Resuelta;BRENNTAG QUÍMICA, S.A.U.;;12662;https://contratos-publicos.comunidad.madrid/contrato-publico/suministro-permanganato-potasico-grado-free-flowing-envases-etap-canal-isabel-ii
Adjudicaciones;Subministrament de banderes i pals de bandera per als actes institucionals que s'han de dur a terme al Palau de la Generalitat i viatges institucionals que ha de realitzar el president de la Generalitat de Catalunya.;Departament de la Presidència;suministros;Adjudicada;MARSAL EQUIPOS NAUTICOS S.L.;;12284,77;https://contractaciopublica.cat/ca/detall-publicacio/c13b2fdf-e285-4040-8bb7-eabb52bb3528/300899266
Adjudicaciones;lote 9 enc 20 servicio de poda y desvareto finca cortijo enmedio de la prov;Agencia de Gestión Agraria y Pesquera de Andalucía;servicios;Resuelta;FRANCISCO MANUEL GONZALEZ LOPEZ;;12171,9;https://www.juntadeandalucia.es/haciendayadministracionpublica/apl/pdc_sirec/perfiles-licitaciones/detalle-licitacion.jsf?idExpediente=978310
Adjudicaciones;Subministrament, instal•lació i posada en funcionament d’un nou projector per al Teatre Municipal, que substitueixi l’equip actual, el qual ha quedat obsolet tant tècnicament com funcionalment.;Ajuntament de Montcada i Reixac;suministros;Adjudicada;ENFOCA SOLUCIONS AVC SL;;11850,81;https://contractaciopublica.cat/ca/detall-publicacio/f2daf1c8-ccc7-4472-a74f-f7da4c361709/300899599
Adjudicaciones;Contracte relatiu al subministrament, en concepte de compra, de taquilles, tancament mecànic, transport i muntatge per a l’Estació del Nord - Categoria 3: Emmagatzematge.;Barcelona de Serveis Municipals SA;suministros;Resuelta;EXPERT LINE, S.L.;;11349;https://contractaciopublica.cat/ca/detall-publicacio/2ce25698-ed62-4ff6-bfb7-3c31b72bb928/300899409
Adjudicaciones;Serveis mèdics preventius d¿ambulàncies amb personal sanitari, i el material mèdic necessari, per a cobrir actes cívics a la via pública del Districte de Sarrià ¿ Sant Gervasi;Ajuntament de Barcelona;servicios;Adjudicada;AMBULANCIAS SERVIMEDIC SL;;11204,62;https://contractaciopublica.cat/ca/detall-publicacio/1214f582-6cf6-46f4-bbba-a0fed6268605/300899746
Adjudicaciones;Consorcio para las estrategias de Desarrollo Local de la Ribera de Navarra;Presidencia;servicios;Resuelta;AUREN CONSULTORES SP, S.L.P.,;;10250,13;https://hacienda.navarra.es/sicpportal/ctaDatosAdjudicacion.aspx?cod=3238&Ticket=26100510335773FABED5
Adjudicaciones;limpieza d.p. almeria. reservado d.a. 4ª lcsp;Instituto Andaluz de la Juventud;servicios;Resuelta;ASOCIACION DE PERSONAS CON DISCAPACIDAD MURGI;;10200;https://www.juntadeandalucia.es/haciendayadministracionpublica/apl/pdc_sirec/perfiles-licitaciones/detalle-licitacion.jsf?idExpediente=980069
Adjudicaciones;ruta al8: taberno-huércal overa del serv purb tte regular personas a demand;Delegación Territorial de Fomento, Articulación del Territorio y Vivienda en Almería;servicios;Resuelta;AUTOCARES ROFRAN SL;;10051;https://www.juntadeandalucia.es/haciendayadministracionpublica/apl/pdc_sirec/perfiles-licitaciones/detalle-licitacion.jsf?idExpediente=982870
Adjudicaciones;pgrn_cbam suministro pienso cotos caza sierra morena (jaen);Agencia de Medio Ambiente y Agua de Andalucía;suministros;Resuelta;JUAN LUIS ROBLES HERRERA;;10000;https://www.juntadeandalucia.es/haciendayadministracionpublica/apl/pdc_sirec/perfiles-licitaciones/detalle-licitacion.jsf?idExpediente=1006466
Adjudicaciones;Subministrament de materials Informàtics no estàndard, amb mesures de contractació pública sostenible;Institut Municipal Parcs i Jardins de Barcelona;suministros;Adjudicada;Econocom Semic, S.A.U .;;9898,68;https://contractaciopublica.cat/ca/detall-publicacio/3971e333-3b7c-4f95-a3ee-e30536046e6e/300900086
Adjudicaciones;"Suministro de reactivos necesarios para la ejecución de performance Qualification (PQ), Method Suitability Test (MST) y Method Validation (MV) del equipo de detección microbiana automatizada de incubación a dos temperaturas Bact Alert&nbsp;";Centro de Transfusión;suministros;Adjudicada;Biomerieux España, S.A.U.;;9105;https://contratos-publicos.comunidad.madrid/contrato-publico/suministro-reactivos-necesarios-ejecucion-performance-qualification-pq-method
Adjudicaciones;Servei per a la impartició dels cursos de formació de la programació Fons Social Europeu FSE 2026 del Centre d’Innovació i Formació Ocupacional (CIFO) de La Violeta, ubicat a Barcelona, del Servei Públic d’Ocupació de Catalunya (SOC).;Servei Públic d'Ocupació de Catalunya;servicios;Adjudicada;Focus Consulting and Management SCP;;8505;https://contractaciopublica.cat/ca/detall-publicacio/e14fa8fd-8a72-453e-b9c5-5ffd8b3392ed/300898595
Adjudicaciones;projecte de masoveria urbana en habitatge mitjançant la contraprestació dels masovers de donar compliment a les necessi-tats de manteniment dels baixos de l’immoble per a ús comercial recuperant la tradicional botiga colmado del poble;Ajuntament de Castellolí;servicios;Resuelta;SANDRA SAFONT BOLET;;8264,46;https://contractaciopublica.cat/ca/detall-publicacio/f65e39b5-8e66-48ea-904a-1eaa474e96bf/300848892
Adjudicaciones;Secretaría Técnica para la gestión y dinamización del espacio de mujeres de orígenes diversos de la Casa de las Mujeres de Vitoria-Gasteiz.;Ayuntamiento de Vitoria-Gasteiz-Concejala-Delegada del Departamento de Alcaldía y Relaciones Institucionales e igualdad;servicios;Adjudicada;Hegoaldetik Enarak Koop. elk. txikia;;8226,45;https://www.contratacion.euskadi.eus/webkpe00-kpeperfi/es/contenidos/anuncio_contratacion/expjaso642813/es_doc/index.html
Adjudicaciones;2024RH0007ACV138-Cte específic per la formació accessibilitat universal;Barcelona de Serveis Municipals SA;servicios;Adjudicada;SMARTCEX SL;;8167,5;https://contractaciopublica.cat/ca/detall-publicacio/248ef379-196f-498e-99d8-a7c987c31d54/300900129
Adjudicaciones;Servei consistent en l'allotjament de la web de gestió d'entitats que inscriuen la seva activitat a la pàgina web amb motiu de La Marató de 3Cat. També del desenvolupament d'uns canvis en la plataforma informàtica.;Fundació La Marató de TV3;servicios;Resuelta;CIRICI NEW MEDIA, S.L.;;8022,3;https://contractaciopublica.cat/ca/detall-publicacio/ae79d454-4cfe-4f57-868e-34f5db50e564/300540185
Adjudicaciones;ruta al2: olula de castro-gérgal servicio pub tte personas a la demanda;Delegación Territorial de Fomento, Articulación del Territorio y Vivienda en Almería;servicios;Adjudicada;NOELIA MAÑAS CONTRERAS;;7934,4;https://www.juntadeandalucia.es/haciendayadministracionpublica/apl/pdc_sirec/perfiles-licitaciones/detalle-licitacion.jsf?idExpediente=1005233
Adjudicaciones;L’objecte del contracte és el servei de manteniment de la plataforma Decidim en modalitat multientitat de la Diputació de Girona, d’acord amb els requisits i les condicions que es detallen en el plec de prescripcions tècniques. El servei d’assistència inclou: -Mantenir la plataforma Decidim de la Diputació de Girona, en modalitat multientitat, actualitzada a les darreres versions compatibles i estables de cadascun dels seus components (inclosa la paquetització endocker). - Seguiment i comprovació de l’aparició de vulnerabilitats a la plataforma o en algun dels seus components i correcció de les vulnerabilitats. - Lliurament d’un informe mensual de revisió de seguretat i estat del servei. - Resolució d’incidències de la plataforma Decidim. - Formació i consultoria a l’equip de l’àrea de Noves Tecnologies de la Diputació de Girona en el manteniment i actualització tecnològics de la plataforma Decidim. L’execució de l’objecte d’aquest contracte implica per part del proveïdor el tractament de dades de caràcter personal de la Diputació de Girona. El proveïdor tracta les dades en qualitat d’encarregat del tractament per al compliment de les finalitats d'assistència i suport en la utilització de la plataforma, i servei de formació i consultoria per al personal de la Diputació. L’empresa que resulti adjudicatària ha de signar el contracte de tractament de dades personal. El tractament s'efectua remotament contra els serveis propis de la Diputació de Girona. No s'enregistraran dades en suports o sistemes que no siguin els propis de la Diputació de Girona.;Diputació de Girona;servicios;Adjudicada;Pokecode SL;;7840;https://contractaciopublica.cat/ca/detall-publicacio/c10cb4bd-fbf6-4375-85aa-ef3230af88b5/300899764
Adjudicaciones;ruta al1: somontín-urrácal-purchena del serv pub de tte regular personas;Delegación Territorial de Fomento, Articulación del Territorio y Vivienda en Almería;servicios;Adjudicada;CARMEN PEREZ GUIJARRO;;6482,04;https://www.juntadeandalucia.es/haciendayadministracionpublica/apl/pdc_sirec/perfiles-licitaciones/detalle-licitacion.jsf?idExpediente=1005239
Adjudicaciones;Servei de manteniment tècnic, incloent reparacions correctives i servei 24 hores del següent grup de la Marca Electra Molins: Model EMO -1375 nº Sèrie 814.728 (Any 2006);Servei d'Incineració de Residus Urbans, SA;servicios;Adjudicada;ELECTRA MOLINS, S.A.;;6395,8;https://contractaciopublica.cat/ca/detall-publicacio/aff79442-a1ab-4ac6-8b8e-e7fcdb5db4a5/300899256
Adjudicaciones;Acord marc contracte basat de serveis de defensa jurídica en el RCA núm. 30/2026 interposat Maria Belén Tomás i altres contra decret de denegació sol·licitud d'expropiació forçosa(exp 3557472023) )i que tramita la plaça 4 de la SCA del TI de BCN.;Ajuntament de Sant Cugat del Vallès;servicios;Adjudicada;Barcelona Espai Legal Advocats, SLP;;5352,22;https://contractaciopublica.cat/ca/detall-publicacio/9e6eda53-8cdd-44cc-b007-3981763f13c8/300899332
Adjudicaciones;Gestió del servei de viatges i serveis associats del Departament d'Interculturalitat i Pluralisme Religiós (2026 i 2027);Ajuntament de Barcelona;servicios;Adjudicada;IAG7Viajes;;5123,96;https://contractaciopublica.cat/ca/detall-publicacio/a088d256-32a7-4e74-9398-81743e067e63/300848137
Adjudicaciones;CAT1_03 Sensores para la medición de parámetros hidrológicos y climáticos : Sensores de presión y sensores radar.;Gobierno Vasco-Dirección General de la Agencia Vasca del Agua;suministros;Adjudicada;ADASA SISTEMAS, S.A.U., Vega Instrumentos, S.A;;4771,61;https://www.contratacion.euskadi.eus/webkpe00-kpeperfi/es/contenidos/anuncio_contratacion/expjaso739888/es_doc/index.html
Adjudicaciones;L’objecte del present contracte és el del subministrament de copolímer d’acrilamida aniònic sòlid pel tractament del fang procedent de la potabilització d’aigua a l’ETAP Ter d’ATL. La quantitat de copolímer d’acrilamida a subministrar serà d’acord amb la qualitat de l’aigua i la quantitat de fang a tractar i ha de complir amb les especificacions tècniques i obligacions establertes al PPT que regeix aquesta licitació.;Ens d'Abastament d'Aigua Ter-Llobregat (ATL);suministros;Adjudicada;TESIS GALICIA,S.L.;;4020;https://contractaciopublica.cat/ca/detall-publicacio/6f55a494-b468-4a31-8339-5aa0180919bb/300899275
Adjudicaciones;Servei d'intervencions terapèutiques no farmacològiques en l'àmbit hospitalari pediàtric, orientades a la millora del benestar emocional, psicològic i social dels pacients del CCSPT;Consorci Corporació Sanitària Parc Taulí de Sabadell;servicios;Adjudicada;Associació Ressò de Musicoteràpia;;4000;https://contractaciopublica.cat/ca/detall-publicacio/8987e49d-0a7b-476d-81a8-fb367427e247/300899574
Adjudicaciones;contrato bam suministro de combustibles líquidos parque móvil dt. lote 1;Delegación Territorial de Empleo, Empresa y Trabajo Autónomo en Córdoba;suministros;Resuelta;SOLRED SA;;3805,88;https://www.juntadeandalucia.es/haciendayadministracionpublica/apl/pdc_sirec/perfiles-licitaciones/detalle-licitacion.jsf?idExpediente=847275
Adjudicaciones;Servicio de revisión periódica de los equipos de medición de gases múltiples para Metro de Madrid;Metro de Madrid, S.A.;servicios;Adjudicada;GOMETRICS, S.L.;;3775;https://contratos-publicos.comunidad.madrid/contrato-publico/servicio-revision-periodica-equipos-medicion-gases-multiples-metro-madrid
Adjudicaciones;licencias github copilot business;Verificaciones Industriales de Andalucía, S.A. (VEIASA);suministros;Resuelta;MONI VENTURES SL;;3762;https://www.juntadeandalucia.es/haciendayadministracionpublica/apl/pdc_sirec/perfiles-licitaciones/detalle-licitacion.jsf?idExpediente=784262
Adjudicaciones;Categoria 3_ 5 Dataloggers;Gobierno Vasco-Dirección General de la Agencia Vasca del Agua;suministros;Adjudicada;ADASA SISTEMAS, S.A.U.;;3537,2;https://www.contratacion.euskadi.eus/webkpe00-kpeperfi/es/contenidos/anuncio_contratacion/expjaso739802/es_doc/index.html
Adjudicaciones;servicio de mantenimiento de aparatos elevadores sae cádiz y esc. hostel.;Dirección Provincial del Servicio Andaluz de Empleo de Cádiz;servicios;Resuelta;GENERAL ELEVADORES XXI SL;;3360;https://www.juntadeandalucia.es/haciendayadministracionpublica/apl/pdc_sirec/perfiles-licitaciones/detalle-licitacion.jsf?idExpediente=712418
Adjudicaciones;Licitació del contracte de la concessió del servei de visites a la Colònia Güell i a la Cripta de la Colònia Güell2026-2033;Consorci de la Colònia Güell;concesión de servicios;Adjudicada;Advanced Leisure Services;;3225,8;https://contractaciopublica.cat/ca/detall-publicacio/49bcd88c-a911-4680-b4cd-8274bb62cd18/300900075
Adjudicaciones;Contracte de servei de manteniment de la plataforma de legislació digital associada al sistema de gestió ambiental de l'Ajuntament de Granollers, que inclou el manteniment de la plataforma, la identificació i actualització dels requisits legals aplicables, el seguiment del seu grau de compliment, l'enviament d'informació periòdica sobre novetats normatives i l'assessorament tècnic necessari per garantir el compliment de la legislació vigent en l'àmbit del sistema de gestió ambiental, aplicable a les dependències incloses inicialment en el seu abast: l'edifici institucional (Plaça de la Porxada, 6), l'edifici del carrer Sant Josep, 7, la Unitat Operativa de Serveis i Magatzem (carrer Can Many, 8), la Impremta Municipal (carrer Lluís Companys, 3), la Policia Local (carrer de la Princesa, 55) i el Laboratori Municipal (carrer Joan Camps i Giró, 3).;Ajuntament de Granollers;servicios;Resuelta;Eurofins Control Ambiental y Ecogestor, S.L.U.;;2975;https://contractaciopublica.cat/ca/detall-publicacio/9466767a-2828-4f79-bbea-6ca56da329cb/300900167
Adjudicaciones;suministro del vestuario del personal laboral;Delegación Territorial de Turismo, Cultura y Deporte en Jaén;suministros;Resuelta;EKIPA-T ROBLES SL;;2806,9;https://www.juntadeandalucia.es/haciendayadministracionpublica/apl/pdc_sirec/perfiles-licitaciones/detalle-licitacion.jsf?idExpediente=968303
Adjudicaciones;Contractació de serveis de transport escolar perquè els alumnes dels centres de secundària de la comarca del Berguedà puguin assistir a la Fira de l’Estudiant a Manresa i a les proves Cangur a Puig-reig.;Consell Comarcal del Berguedà;servicios;Resuelta;SAU ALSINA GRAELLS DE AUTO TRANSPORTES,;;2679,97;https://contractaciopublica.cat/ca/detall-publicacio/c8b3bab0-ea55-4fbc-97de-8df784447d57/300228775
Adjudicaciones;Servei de manteniment preventiu de 7 microscopis de laboratori de l’Hospital Universitari De Girona Doctor Josep Trueta;ICS - Hospital Universitari de Girona Dr. Josep Trueta i GAPiC Àmbit Girona;servicios;Resuelta;PALEX MEDICAL, S.A.;;2583;https://contractaciopublica.cat/ca/detall-publicacio/d50a5474-b03b-4c1d-9024-92a96bf53b54/300899873
Adjudicaciones;huelva 1º cbam huelva contrato basado en am con varias empresas, por el que se fijan las condiciones para el suministro de medicamentos utilizados en los centros sanitarios del servicio andaluz de salud para la central provincial de compras con teva pharma, s.l. con cif: b83959379;Servicio Andaluz de Salud;suministros;Resuelta;TEVA PHARMA SL;;2312,81;https://www.juntadeandalucia.es/haciendayadministracionpublica/apl/pdc_sirec/perfiles-licitaciones/detalle-licitacion.jsf?idExpediente=981328
Adjudicaciones;"""Asistencia técnica para la elaboración de informes técnicos de evaluación ambiental"".";Gobierno Vasco-Dirección de Servicios;servicios;Resuelta;EKOLUR ASESORIA AMBIENTAL, S.L.L.;;2288,62;https://www.contratacion.euskadi.eus/webkpe00-kpeperfi/es/contenidos/anuncio_contratacion/expjaso707110/es_doc/index.html
Adjudicaciones;cbam prendas centinelas lote 167 (iturri) acuerdo marco de suministro de prendas de uniformidad para el personal de servicios de urgencias de atención primaria (suap) y centro de emergencias sanitarias 061;Servicio Andaluz de Salud;suministros;Resuelta;ITURRI SA;;2272,73;https://www.juntadeandalucia.es/haciendayadministracionpublica/apl/pdc_sirec/perfiles-licitaciones/detalle-licitacion.jsf?idExpediente=1008925
Adjudicaciones;Establir les condicions adequades per la contractació del subministrament, instal·lació i manteniment d’un sistema d’alarma d’intrusió i seguretat a disposició del Consell Comarcal del Berguedà, per un període d’un any, prorrogable un any.Aquest servei disposarà de connexió a una central de recepció d’alarmes vint-i-quatre hores, tres-cents seixanta dies a l’any, inclourà la gestió d’activació d’alarma i el seu servei tècnic integrat.;Consell Comarcal del Berguedà;suministros;Resuelta;MAIAR SEGURIDAD INTEGRAL S.L.;;1984,32;https://contractaciopublica.cat/ca/detall-publicacio/d3414dc9-8bb4-438d-b6c4-790083805aaf/300228809
Adjudicaciones;"Imprimir 6.000 exemplars (2.000 exemplars En Risquet i el risc químic ; 2.000 exemplars En Risquet va de colònies ; 2.000 exemplars en Risquet i les pluges), basat en l'acord marc EADOP-2026-1, LOT 2";Entitat Autònoma del Diari Oficial i de Publicacions de la Generalitat de Catalunya;servicios;Adjudicada;GRAFICAS SAN SADURNI;;1980;https://contractaciopublica.cat/ca/detall-publicacio/2db644aa-6a6e-42eb-879e-00d7ce33acad/300900316
Adjudicaciones;Finca rústegaGatellar, polígon 510 parcel·la 2 partida Gatellar Les Borges Blanques;Ajuntament de les Borges Blanques;administrativo especial;Resuelta;SEBASTIÀ MAS;;950;https://contractaciopublica.cat/ca/detall-publicacio/1786548f-95be-44f7-8058-32a106c1f179/300899487
Adjudicaciones;El presente contrato tiene por objeto describir el contenido del servicio de atención a personas mayores dependientes en centros de día y establecer las obligaciones, condiciones técnicas y actividades específicas que deben ser asumidas y desarrolladas por las empresas o entidades que puedan ser adjudicatarias de la prestación del servicio. Se entiende por centro de día de atención a personas mayores dependientes el equipamiento especializado, de carácter socio-rehabilitador y estancia diurna para personas mayores dependientes. Los licitadores deberán ofertar un mínimo de 5 plazas por centro de día ofertado y como máximo el número de plazas que tengan autorizadas para personas mayores dependientes en el centro de día, descontando de la oferta las plazas que puedan tener adjudicadas por contrato con otras Administraciones Públicas.;Consejería de Familia, Juventud y Asuntos Sociales;servicios;Resuelta;Asociación Getafeña de Ayuda a Domicilio (AGAD), Albertia Servicios Sociosanitarios, S.A.C7854, Sanyres Sur, S.L.U.C3561, Diprofarma Preparados, S.L.C2475, Construcciones Alcala Joma, S.A.C4632, Sanitas Mayores, S.L.C2607, Servicios Integrales Befeko, S.L.N.E.C3501, Asociación de Servicio Integral Sectorial para AncianosC2393, Valdeluz Servicios Geriátricos, S.L. - C2073, New Social, S.L.C5296, Mial, S.L.C3741, Cuatro Mujeres, S.L.C3597, Asociación de Servicio Integral Sectorial para AncianosC2317, Geriacen Medical, S.L.C3346, A.F.A. ArgandaC5341, Ute Asociación Rosaleda Pan BenditoC1118, Sar Residencial y Asistencial, S.A.U.C1777, Centro de día Caramuel, S.L.C3170, Sanivida, S.L.C2065, Marca Vida, S.L.C7933, Explotación de Residencia del Real Sitio de San Fernando, S.L.U.C3332, Tosande, S. Coop. Mad. - C4314, Summum Vita Atención Sanitaria y SocialC5337, Unidad de Terapia Ocupacional El BosqueC2157, Mónica García FraileC3579, Sanivida, S.L.C8238, Centros Gerontológicos de día Madrid, S.L.C2120, Sanivida, S.L.C3249, Ades Asistencial, S.L.C4005, Cruz Roja EspañolaC2240, Lupadi Gestión, S.L.C4902, Mial, S.L.C7868, Vivedía Tercera Edad, S.L.C3067, Fuenvida Servicios Sociosanitarios, S.L. C8296, Grupo Proade, S.L.C2732, Villa Saluten, S.L.C6809, Albertia Servicios Sociosanitarios, S.A.C3133, A.F.A. ArgandaC5836, Vida y Salud Elesspe, S.L.C5209, Mit Servicios Asistenica a Domicilio, S.L.C7534, Residencial Senior 2000, S.L.U.C1738, La Atalaya centro de día para la atención a personas mayores, S.L.C3167, Centro de Mayores Rivas, S.L.C5621, Sanivida, S.L.C2282, La Adrabar, S.L.C3945, Espacio Activo Mac, S.A.-C4019, Masquecuidados, S.L.C6718, Quavitae Servicios Asistenciales, S.A.U.C2336, Warwickhall, S.L.U.C2411, Quavitae Servicios Asistenciales, S.A.U.C0972, Villa Saluten, S.L.C4774, Casablanca Griñón, S.L.C5721, Replan, S.L.C1623, Vitalia Home, S.L.U.C2852, Ecoplar Serranillos, S.A.C2370, U.T.E. SotofresnosC2287, Diprofarma Preparados, S.L.C4034, Sucesores de Gancedo Rodríguez, S.A.C2214, Asociación de Servicio Integral Sectorial para AncianosC0010, Residencial Senior 2000, S.L.U.C1547, Vitalia Suite, S.L.U.C7812, Raga Servicios Asistenciales, S.L. - C3314, Valleluz Residencia de día, S.L.C3342, Salus Mayores 11, S.L.C4350, Vitalia Home, S.L.U.C3789, Quavitae Servicios Asistenciales, S.A.U.C1756, Sanamadrid, S.L.C5858, Residencial Senior 2000, S.L.U.C2563, Diprofarma Preparados, S.L.C6563, Milagros González MenéndezC2178, Fuenvida Servicios Sociosanitarios, S.L. C6722, Sanivida, S.L.C2770, Asociación de Servicio Integral Sectorial para AncianosC3244, Mónica García FraileC8122, Casablanca Valdemoro, S.L.C2937, Sanivida, S.L.C3158, Planiger, S.A. - C1997, Centro de día Casa de las Flores, S.L.C1742, Quavitae Servicios Asistenciales, S.A.U.C1665, Clínica Geriátrica Los Angeles, S.L.-C2366, Sanivida, S.L.C3371, Centro de Asistencia Médico Geriátrico, S.A. - C3144, La Solana Servicios Asistenciales, S.L.-C2058, Ute III Albertia Servicios Sociosanitarios,S.L. - Fundación Ramón Rey Ardid C3355, Salus Mayores 11, S.L.C3994, Hontanar del Jarama,S.L.C3464, Centro de día Nuestros Abuelos, S.L.C2883, Vitalia Suite, S.L.U.C3005;;948,9;https://contratos-publicos.comunidad.madrid/contrato-publico/acuerdo-marco-fija-condiciones-habran-ajustarse-contratos-servicios-acuerdo-marco
Adjudicaciones;licitacion nº 17 acuerdo marco servicio mochila lote 2 toros ubeda 04/10/26;Canal Sur Radio y Televisión, S.A.;servicios;Resuelta;MOISES LOPEZ GONZALEZ;;590;https://www.juntadeandalucia.es/haciendayadministracionpublica/apl/pdc_sirec/perfiles-licitaciones/detalle-licitacion.jsf?idExpediente=1009363
Adjudicaciones;suministro de agua mineral, en botellones reutilizables y vasos;Delegación Territorial de Sostenibilidad y Medio Ambiente en Córdoba;suministros;Resuelta;ACQUAJET SEMAE SL;;367,2;https://www.juntadeandalucia.es/haciendayadministracionpublica/apl/pdc_sirec/perfiles-licitaciones/detalle-licitacion.jsf?idExpediente=411380
Adjudicaciones;Contratación de servicios profesionales de asesoramiento permanente e integral de carácter legal y fiscal.;San Sebastián Turismo-Donostia Turismoa S.A.-Consejo de Administración;servicios;Adjudicada;BSK LEGAL & FISCAL ASOCIADOS, S.L.;;100;https://www.contratacion.euskadi.eus/webkpe00-kpeperfi/es/contenidos/anuncio_contratacion/expjaso733367/es_doc/index.html
Adjudicaciones;Servei de menjador extern de Tecsal,S.A.;TECSAL, SA;servicios;Adjudicada;FUNDACIÓ CASSIÀ JUST CUINA JUSTA;;4,75;https://contractaciopublica.cat/ca/detall-publicacio/226c5e08-b0d2-4a55-82e6-c10b2c820986/300898517
Adjudicaciones;EN La-ASC1-26-059. Él suministro sucesivo de los medicamentos IDECABTAGEN VICLEUCEL y CILTACABTAGEN AUTOLEUCEL para los centros hospitalarios de él Servicio Gallego de Salud;Consellería de Sanidade- SERGAS;suministros;Adjudicada;JANSSEN-CILAG, S.A.;;0,05;https://www.contratosdegalicia.gal/licitacion?N=829296
Adjudicaciones;Uso y Gestión del Albergue de Arantzazu en el Parque Natural de Aizkorri-Aratz;Fundación Gipuzkoako Parketxe Sarea-Gerente;concesión de servicios;Adjudicada;SUSPERTU S.L.;;0,01;https://www.contratacion.euskadi.eus/webkpe00-kpeperfi/es/contenidos/anuncio_contratacion/expjaso732687/es_doc/index.html
Adjudicaciones;Acord marc per l’homologació d’empreses per prestar serveis de formació relacionats amb habilitacions emeses per l’AESF o entitats equivalents per a FGC i les seves societats participades (Ref:AM05/26);Ferrocarrils de la Generalitat de Catalunya;servicios;Resuelta;CAPTRAIN ESPAÑA S.A.U., ALSA FERROCARRIL SAU;;0;https://contractaciopublica.cat/ca/detall-publicacio/cce158c7-9022-4946-8bba-7ddb428e4d7c/300900243
Adjudicaciones;Subministrament de reactius de biologia molecular per a l'Hospital Universitari Vall d'Hebron;ICS - Gerència de compres;suministros;Resuelta;varies empreses;;0;https://contractaciopublica.cat/ca/detall-publicacio/2720950d-6ae3-885c-7bda-3bd843579a0f/300900024
Adjudicaciones;Servicio de mantenimiento de parques, jardines y zonas verdes de caracter municipal en Iurreta;Ayuntamiento de Iurreta -Alcaldía;servicios;Resuelta;PARQUES Y JARDINES DE ABADIANO S A;;0;https://www.contratacion.euskadi.eus/webkpe00-kpeperfi/es/contenidos/anuncio_contratacion/expgebizkaia2380599/es_doc/index.html
Adjudicaciones;Acord Marc per a l’aprovisionament de serveis, recursos i infraestructures de cloud públic de l’Ajuntament de Barcelona, amb mesures de contractació pública sostenible;Institut Municipal Barcelona Innovació i Tecnologia;suministros;Adjudicada;Telefónica Soluciones de Informática y Comunicaciones de España, S.A.U, Logicalis Spain SLU;;0;https://contractaciopublica.cat/ca/detall-publicacio/3c98a456-2545-47e2-ba5f-6b469f1b02fb/300899701
Adjudicaciones;Acuerdo marco para servicios de coordinación en materia de seguridad y salud durante la ejecución de las obras promovidas por Metro de Madrid y elaboración de Estudios de Seguridad y Salud (ESS) y Estudios Básicos de Seguridad y Salud (EBSS) en proyectos realizados por Metro de Madrid.;Metro de Madrid, S.A.;servicios;Adjudicada;Q-SAFETY BY QUIRÓN PREVENCIÓN, S.A.U., INGENIERÍA Y PREVENCIÓN DE RIESGOS, S.L., OCA INSPECCIÓN CONTROL Y PREVENCIÓN, S.A.U. (OCAGLOBAL), INCOPE CONSULTORES, S.L.;;0;https://contratos-publicos.comunidad.madrid/contrato-publico/acuerdo-marco-servicios-coordinacion-materia-seguridad-salud-ejecucion-obras
Adjudicaciones;L'objecte de les Bases és l’atorgament d’autoritzacions d’ús privatiu per a l'explotació de parades de venda no sedentària al mercat setmanal de Santa Margarida i els Monjos i la creació d’una borsa per a futures vacants (llista d’espera);Ajuntament de Santa Margarida i els Monjos;administrativo especial;Resuelta;MUSTAPHA EL HARRA RADIMI;;0;https://contractaciopublica.cat/ca/detall-publicacio/6e30c071-bafe-46cc-8c90-9c7e4a8c32c6/300899414
Adjudicaciones;Autorització d’ús privatiu d’un espai de domini públic marítim terrestre per a l’explotació de guinguetes a les platges del municipi de Cambrils, per la temporada 2026-2029.;Ajuntament de Cambrils;administrativo especial;Resuelta;KALMA BEACH CAMBRILS, S.L., PLANIFICA GROUP 2025, S.L., BENUR EVENTOS 2020 S.L.U, NOVAGESTION 2025, S.L., MAR I PLATJA VILAFORTUNY, S.C.P., FESTIVAL VILAGE SALOU, S.L., PLAYAVISTA MEDITERRANEO, SL, CAMPING JOAN SL, AQUAMAR CEMM, SL, HOTEL DORADO PLAYA SL, FOODIECLUB 21, S.L., EXPLOTACIONS CAMBRILS, S.L., EXPLOTACIONES TURÍSTICAS Y HOSTELERAS SACALO 1986, S.L.;;0;https://contractaciopublica.cat/ca/detall-publicacio/38877904-e133-492f-8a5f-509972055556/300883958
Adjudicaciones;Suministro de repuestos industriales que Metro de Madrid tienen referenciados internamente para el mantenimiento de sus Instalaciones y del Material Móvil;Metro de Madrid, S.A.;suministros;Resuelta;FERRETERIA UNCETA S.A.,, CINTRATEC COMERCIAL DE SUMINISTROS INDUSTRIALES S.L.,, TEDITRONIC, S.L, PLATA HERMANOS 94, S.L., FERRETERIA UNCETA S.A, CINTRATEC COMERCIAL DE SUMINISTROS INDUSTRIALES S.L;;0;https://contratos-publicos.comunidad.madrid/contrato-publico/suministro-repuestos-industriales-mantenimiento-instalaciones-material-movil-metro
Adjudicaciones;Acuerdo Marco para el suministro de suscripciones, mantenimientos y servicios de elementos de la plataforma servidor para Metro de Madrid;Metro de Madrid, S.A.;suministros;Resuelta;GIGAS HOSTING S.A., NTT SPAIN INTELLIGENT TECHNOLOGIES AND SERVICES S.L, ABAST SYSTEMS & SOLUTIONS, S.L, AUBAY SPAIN, S.A., LOGICALIS SPAIN, S.L.U, SISTEMAS AVANZADOS DE TECNOLOGÍA, S.A, ECONOCOM SEMIC, S.A.U. (anteriormente denominada SERVICIOS MICROINFORMÁTICA, S.A.), TÉCNICOS ASOCIADOS INFORMÁTICOS S.A.U, SYVALUE, S.L., ACUNTIA, S.A, TELEFÓNICA SOLUCIONES DE INFORMÁTICA Y COMUNICACIONES DE ESPAÑA, S.A., ATOS IT SOLUTIONS AND SERVICES IBERIA S.L.;;0;https://contratos-publicos.comunidad.madrid/contrato-publico/acuerdo-marco-suministro-suscripciones-mantenimientos-servicios-elementos-0
Adjudicaciones;Establecimiento de las condiciones que regirán la adjudicación, por parte de la Fundació Institut de Recerca de l’Hospital de la Santa Creu i Sant Pau, de la contratación de los servicios de mantenimiento multitécnico integral y de traslados de la Fundació Institut de Recerca de l’Hospital de la Santa Creu i Sant Pau, para garantizar el nivel óptimo de las prestaciones, el mantenimiento del edificio, la continuidad del funcionamiento de los equipos e instalaciones, el aspecto digno y su durabilidad.;Fundació Privada Institut de Recerca de l'Hospital de la Santa Creu i Sant Pau;servicios;Resuelta;—;;;https://contractaciopublica.cat/es/detall-publicacio/554dc1f9-bf22-488e-a822-d465291a7621/300900426
Adjudicaciones;suministro e instalacion de frenómetros para la unidades móviles de veiasa.;Verificaciones Industriales de Andalucía, S.A. (VEIASA);suministros;Resuelta;—;;;https://www.juntadeandalucia.es/haciendayadministracionpublica/apl/pdc_sirec/perfiles-licitaciones/detalle-licitacion.jsf?idExpediente=1000204
Adjudicaciones;concesión del servicio de explotación de las cafeterías de centros docentes;Delegación Territorial de Desarrollo Educativo y Formación Profesional y de Universidad, Investigación e Innovación en Huelva;concesión de servicios;Adjudicada;ANA MARIA LAMILLA GOMEZ;;;https://www.juntadeandalucia.es/haciendayadministracionpublica/apl/pdc_sirec/perfiles-licitaciones/detalle-licitacion.jsf?idExpediente=947354
Adjudicaciones;a. Tipo: Acuerdo Marco. b. Descripción: Prestación de los servicios de asistencia técnica para la Coordinación de Seguridad y Salud, en la ejecución de las obras incluidas en los Programas de Inversión Regional anteriores a 2022-2026 de la Comunidad de Madrid. c. Situación: Comunidad de Madrid. d. División por lotes: Sí. - Lote n° 1.- Obras de edificación. - Lote nº 2.- Obras de infraestructura. e. Plazo de vigencia: TRES (3) AÑOS, desde el día siguiente a la formalización. El plazo de vigencia de los contratos basados comenzará a contar desde el día siguiente a la formalización del contrato y se ajustarán al plazo de ejecución de la obra. f. Prórrogas: No.;Planifica Madrid, Proyectos y Obras, S.A.;servicios;Resuelta;CENTRO DE ESTUDIOS DE MATERIALES Y CONTROL DE OBRA S.A., INGENIERIA Y PREVENCION DE RIESGOS, S.L.;;;https://contratos-publicos.comunidad.madrid/contrato-publico/planifica-madrid-proyectos-obras-mp-sa-pir-0013-2025-s-acuerdo-marco-prestacion
Adjudicaciones;El objeto de la contratación es el suministro, instalación y puesta en servicio de un sistema cerrado y refrigerado para el alicuaje automático de vectores virales en bolsas estériles, apto para su operación en entornos GMP, para la la Fundació de Recerca Clínic Barcelona - Institut d’Investigacions Biomèdiques August Pi i Sunyer.;Fundació de Recerca Clínic Barcelona - Institut d'Investigacions Biomèdiques August Pi i Sunyer;suministros;Resuelta;—;;;https://contractaciopublica.cat/ca/detall-publicacio/09cf566a-547d-498a-bfae-bd74c9708909/300900161
Adjudicaciones;Rehabilitació de l'edifici de l'Asilo de la Fundació Salarich Calderer;Ajuntament de Bagà;obras;Resuelta;—;;;https://contractaciopublica.cat/ca/detall-publicacio/16e6f27d-3e7c-46af-bd23-c73595ba77bf/300899848
Adjudicaciones;Contractació dels serveis de seguretat i vigilància a l'edifici de via laietana, 8 de l'ajuntament de barcelona, per procediment obert simplificat;Ajuntament de Barcelona;servicios;Resuelta;—;;;https://contractaciopublica.cat/ca/detall-publicacio/de9f8860-8e2c-4530-b99c-b10474fa4a4a/300881630
Adjudicaciones;PRG-2026-0090: Servicio de estudio bionómico para la identificación de especies exóticas invasoras en el canal de acceso al puerto de Pontevedra en el río Lérez;Portos de Galicia;servicios;Resuelta;—;;;https://www.contratosdegalicia.gal/licitacion?N=828520
Adjudicaciones;El objeto de este contrato consistirá en la gestión indirecta, mediante concesión de servicios, de la explotación económica por particulares, de los servicios de peluquería que se encuentran ubicados en 6 centros adscritos a la Agencia Madrileña de Atención.;Organismo Autónomo Agencia Madrileña de Atención Social;concesión de servicios;Resuelta;Ana Belén Jiménez Bueno, María Joaquina González Rubio, Montserrat Luengo Camacho;;;https://contratos-publicos.comunidad.madrid/contrato-publico/explotacion-servicio-peluqueria-centros-adscritos-agencia-madrilena-atencion
Adjudicaciones;Explotación de los servicios de peluquería unisex, mediante concesión de servicios, que se encuentran ubicados en los centros adscritos a la Agencia Madrileña de Atención Social;Organismo Autónomo Agencia Madrileña de Atención Social;servicios;Resuelta;—;;;https://contratos-publicos.comunidad.madrid/contrato-publico/explotacion-servicio-peluqueria-unisex-centros-adscritos-agencia-madrilena
Adjudicaciones;"L'objecte del contracte consisteix un un espai d'acolliment nocturn de caràcter temporal, servei d'higiene i servei d'àpats fins un màxim de 40 places diàries, que cobrirà les necessitats bàsiques i d'atenció social d'aquelles persones sense llar, majors de 18 anys, que presentin indicadors de desestructuració suficients per a ser valorats com a tals, i que compleixin els criteris generals d'accés fixats pel Departament de Programes d'Acció Social del Servei de Serveis Socials de l'Ajuntament de Badalona; en els mesos que abasten l'anomenada «Operació Hivern», des del 20 de desembre al 21 de març les places del espai d'acollimentpodran augmentar en 5 places. Així mateix es preveuen 5 places d'atenció a la necessitat habitacional que seran ocupades per persones adultes que acceptin voluntàriament el recurs i signin l'acord d'estada, que compleixin els criteris descrits d'edat, ingressos, addicions, salut mental i autonomia personal, soles o en unitats familiars sense menors que pateixin una pèrdua sobtada d'habitatge i per un termini màxim d'estada de 15 dies.";Ajuntament de Badalona;servicios;Resuelta;—;;;https://contractaciopublica.cat/ca/detall-publicacio/38480f5d-2e3f-ee2a-8128-8e4b3e92b8d2/300900092
Adjudicaciones;Servei de conservació, manteniment i neteja de vies públiques i d’espais verds públics de Vilablareix, per procediment obert, subjecte a regulació harmonitzada, tramitació ordinària, reservat a Centres Especials de Treball d’iniciativa social i empreses d’inserció.;Ajuntament de Vilablareix;servicios;Resuelta;—;;;https://contractaciopublica.cat/ca/detall-publicacio/84eca132-0a72-4056-abd2-69998b06087f/300900069
Adjudicaciones;suministro por adquisición vestuario y calzado pers. laboral doñana;Consejería de Sostenibilidad y Medio Ambiente. Dirección General de Espacios Naturales Protegidos (En Transición);suministros;Adjudicada;—;;;https://www.juntadeandalucia.es/haciendayadministracionpublica/apl/pdc_sirec/perfiles-licitaciones/detalle-licitacion.jsf?idExpediente=981486
Adjudicaciones;pgrn aprov. cinegético montes públicos de la provincia de málaga 2026-2031;Agencia de Medio Ambiente y Agua de Andalucía;administrativo especial;Resuelta;ASOC DE CAZADORES EL CASTILLO DE TEBA, SOCIEDAD DEPORTIVA DE CAZADORES DEL VALLE DE ABDALAJIS;;;https://www.juntadeandalucia.es/haciendayadministracionpublica/apl/pdc_sirec/perfiles-licitaciones/detalle-licitacion.jsf?idExpediente=938365
Adjudicaciones;Suministro de un camión usado con plataforma para INTIA;INTIA;suministros;Resuelta;—;;;https://hacienda.navarra.es/sicpportal/ctaDatosAdjudicacion.aspx?cod=8129&Ticket=26100511472768D2EA46
Adjudicaciones;concesión del servicio de explotación de las cafeterías de diversos centros;Delegación Territorial de Desarrollo Educativo y Formación Profesional y de Universidad, Investigación e Innovación en Málaga;concesión de servicios;Adjudicada;ANA MARIA MONTIEL ENAMORADO, LOURDES GONZALEZ MORILLAS, FERNANDO LOPEZ LOPEZ, VANESA AGUILAR BURGOS, JOSEFA VILLALBA PEREZ, JUAN JESUS HAZAÑAS AGUILAR, FRANCISCA SANCHEZ ALCANTARA, MARIA SHEILA CURIEL BUENO, FRANCISCO JOSE SÁNCHEZ VARGAS;;;https://www.juntadeandalucia.es/haciendayadministracionpublica/apl/pdc_sirec/perfiles-licitaciones/detalle-licitacion.jsf?idExpediente=880042
Adjudicaciones;L’objecte del present contracte és la prestació del servei de revisió, verificació, ajust, posada en servei i emissió dels certificats corresponents dels cabalímetres electromagnètics de la marca KROHNE, recentment instal·lats o que es puguin instal·lar durant la vigència del contracte a diverses ubicacions del Consorci d’Aigües de Tarragona, d’ara endavant CAT. Aquest servei té per finalitat garantir el correcte funcionament dels equips, la precisió de la mesura, la traçabilitat metrològica i l’adequació dels cabalímetres als requisits tècnics i normatius aplicables, especialment els derivats de l’Ordre TED/1191/2024, de 24 d’octubre, per la qual es regulen els sistemes electrònics de control dels volums d’aigua utilitzats pels aprofitaments d’aigua, els retorns i els abocaments al domini públic hidràulic.;Consorci d'Aigües de Tarragona;servicios;Resuelta;—;;;https://contractaciopublica.cat/ca/detall-publicacio/0c29700c-35b9-40eb-9cd6-440c6cb4570e/300899710
Adjudicaciones;Adquisició, mitjançant la modalitat d’arrendament, d’una furgoneta amb distintius, destinada a la unitat de seguretat ciutadana de la Guàrdia Urbana de Cornellà de Llobregat.;Ajuntament de Cornellà de Llobregat;suministros;Resuelta;—;;;https://contractaciopublica.cat/ca/detall-publicacio/4bc489ef-677d-42fb-80c6-d02eb04bae2c/300899566
Adjudicaciones;Adquisició, mitjançant la modalitat d’arrendament, d’una furgoneta amb distintius, destinada a la unitat de seguretat ciutadana de la Guàrdia Urbana de Cornellà de Llobregat.;Ajuntament de Cornellà de Llobregat;suministros;Resuelta;—;;;https://contractaciopublica.cat/ca/detall-publicacio/f26a28a2-05db-4424-af6f-c23c8fd1f6d8/300899547
Adjudicaciones;"Constitueix l'objecte del contracte l'execució de les obres del Nou edifici multifuncional al complex esportiu l’Eix de Navàs, contingudes en el «Projecte bàsic i executiu nou edifici multifuncional al complex esportiu lleure, salut i esport de Navàs (Lots 1 i 2)» de data 14/11/2025, redactat per l’Arquitecta Elena Nedelcu, col·legiada núm. 55375/1. Aquest projecte inclou l’enderroc de tres petits edificis existents, la piscina infantil i una pista de tennis i la construcció d'un nou edifici multifuncional, nova piscina petita i nova pista de pàdel; d'acord amb les determinacions contingudes en el plec de clàusules administratives particulars i en el plec de prescripcions tècniques formades pels projectes esmentats.";Ajuntament de Navàs;obras;Resuelta;—;;;https://contractaciopublica.cat/ca/detall-publicacio/bd398312-0c3c-4eda-9312-7a930bf246ef/300899497
Adjudicaciones;Acuerdo marco para las obras de instalación y reforma en sistemas de control de estaciones y seguridad – Fase 2;Metro de Madrid, S.A.;obras;Resuelta;CA INFRAESTRUCTURAS T&I, S.L., U.T.E CONTROL Y MONTAJES INDUS. CYMI, S.A. & CYMI SEGURIDAD S.A, U.T.E ELECNOR SEGURIDAD, S.L. & ELECNOR SERVICIOS Y PROYECTOS S.A.U., SOCIEDAD IBÉRICA DE CONSTRUCCIONES ELÉCTRICAS, S.A., REVENGA INGENIEROS, S.A;;;https://contratos-publicos.comunidad.madrid/contrato-publico/acuerdo-marco-obras-instalacion-reforma-sistemas-control-estaciones-seguridad-fase
Adjudicaciones;Acuerdo marco para servicios de asistencia técnica en proyectos de desarrollo y evolución de la seguridad ferroviaria operacional de Metro de Madrid;Metro de Madrid, S.A.;servicios;Resuelta;INGENIERIA Y ECONOMIA DEL TRANSPORTE SME MP, S.A., EXCELTIC, S.L, SGS TECNOS, S.A., DNV MARITIME AND ENERGY, S.L, CAPGEMINI ESPAÑA, S.L., DNV MARITIME AND ENERGY, S.L., EXCELTIC, S.L.;;;https://contratos-publicos.comunidad.madrid/contrato-publico/acuerdo-marco-servicios-asistencia-tecnica-proyectos-desarrollo-evolucion-0
Adjudicaciones;El acuerdo marco tiene por objeto la determinación de las condiciones de suministro de los «Desfibriladores Automáticos Implantables y electrodos», DAIs, cuyas características se especifican en el Pliego de Prescripciones Técnicas (en adelante PPT), y establecer el procedimiento para su adquisición mediante contratos basados en este acuerdo.;Agencia de Contratación Sanitaria de la Comunidad de Madrid;suministros;Adjudicada;ABBOTT MEDICAL ESPAÑA S.A. (LOTES 1, 2, 3, 5, 6, 7, 8, 9, 10, 14), MEDTRONIC IBERICA S.A. (LOTES 1, 2, 3, 5, 6, 7, 8, 9, 10, 12, 14, 15), IMPULSE DYNAMICS SPAIN CONSULTING S.L.U., BIOTRONICK SPAIN, S.A. (LOTES 1, 2, 3, 4, 5, 6, 7, 8, 9, 10, 14), BOSTON SCIENTIFIC IBERICA S.A. (LOTES 1, 2, 3, 5, 6, 7, 8, 9, 10, 11, 14), EPYCARDIO, S.L. (LOTES 1, 2, 3, 5, 6, 7, 8, 9, 10, 14), MICROPORT (LOTES 1, 2, 3, 5, 6, 7, 8, 10, 14);;;https://contratos-publicos.comunidad.madrid/contrato-publico/am-pa-sum-422025-acuerdo-marco-suministro-desfibriladores-automaticos-implantables
Adjudicaciones;Servicios de asistencia técnica para trabajos de consultoría arquitectura e ingeniería.;Hospital Universitario La Paz;servicios;Resuelta;INVESTIGACIÓN Y CONTROL DE CALIDAD S.A. Unipersonal (INCOSA), ESTUDIO CHILE 15, S.L.P., ESTUDIOS DE ARQUITECTOS CONSULTORES SN, S.L. (EACSN), GESTIÓN DE PROYECTOS Y TECNOLOGÍA MÉDICA S.L.;;;https://contratos-publicos.comunidad.madrid/contrato-publico/acuerdo-marco-pa-52025-servicios-asistencia-tecnica-trabajos-consultoria
Adjudicaciones;Obras de mejora y optimización red de riego Parque Comercial Galaria;Junta de Gobierno Local;obras;Resuelta;—;;;https://hacienda.navarra.es/sicpportal/ctaDatosAdjudicacion.aspx?cod=3028&Ticket=2610051050144B4CD46B
Adjudicaciones;Gestión del bar y mantenimiento y limpieza del frontón Burunda;CONSEJO DE ADMINISTRACION;gestión de servicios públicos;Resuelta;—;;;https://hacienda.navarra.es/sicpportal/ctaDatosAdjudicacion.aspx?cod=8193&Ticket=26100509284026B96868
Adjudicaciones;Suministro de una licencia de una aplicación para la gestión online y la promoción de proyectos de financiación participativa y micromecenazgo (crowdfunding) para la Universidad de La Rioja.;Universidad de La Rioja;suministros;Resuelta;—;;;https://www.larioja.org/contratacion-publica/es/licitaciones/consulta-expedientes?homepage=?p_colateral%3D92-3-9.02-0032%2F2026%26p_dia_ini%3D16%26p_mes_ini%3D10%26p_ano_ini%3D2026%26p_dia_fin%3D16%26p_mes_fin%3D10%26p_ano_fin%3D2026%26p_todas%3DN
Adjudicaciones;terminación de las obras de la piscina cubierta en la ciudad deport. huelva;Consejería de Cultura y Deporte. Secretaría General Técnica (En Transición);obras;Resuelta;—;;;https://www.juntadeandalucia.es/haciendayadministracionpublica/apl/pdc_sirec/perfiles-licitaciones/detalle-licitacion.jsf?idExpediente=1005330
Adjudicaciones;servicio de mantenimiento de las señales marítimas provincia de huelva;Agencia Pública de Puertos de Andalucía (APPA);servicios;Resuelta;—;;;https://www.juntadeandalucia.es/haciendayadministracionpublica/apl/pdc_sirec/perfiles-licitaciones/detalle-licitacion.jsf?idExpediente=981656
Adjudicaciones;Adquisición de productos fungibles de uso general en traumatología para el Hospital Universitario Infanta Leonor (28 lotes);Hospital Universitario Infanta Leonor;suministros;Adjudicada;A2C SUMINISTROS HOSPITALARIOS S.L, ARTHREX ESPAÑA S.L, ARTHREX ESPAÑA, S.L, MIZAR HEALTH S.L., MEDLINE INTERNATIONAL IBERIA S.L., B. BRAUN SURGICAL, S.A, JOHNSON & JOHNSON, S.A., STRYKER IBERIA S.L., MEDICAL SOREVAN S.L., ORTO MEDIMATEC S.A., HERAEUS S.A., A2C SUMINISTROS HOSPITALARIOS, S.L, CMM, S.L, HERAEUS S.A, SMITH & NEPHEW S.A., CONMED IBERIA, S.L, KCI CLINIC SPAIN S.L., ARTHREX ESPAÑA, SL.;;;https://contratos-publicos.comunidad.madrid/contrato-publico/adquisicion-productos-fungibles-uso-general-traumatologia-hospital-universitario
Adjudicaciones;Contrato de servicios para la implantación de un sistema de información integral para la digitalización de archivos y procesos del departamento de RRHH del Hospital Universitario Ramón y Cajal.;Hospital Universitario Ramón y Cajal;servicios;Resuelta;—;;;https://contratos-publicos.comunidad.madrid/contrato-publico/servicios-implantacion-sistema-informacion-integral-digitalizacion-archivos
Adjudicaciones;"Acuerdo Marco para el&nbsp;suministro de adaptador de pinza conexión electrodo, electrodos ECG y gel conductor con&nbsp;destino a los Centros dependientes de la Gerencia Asistencial de Atención Primaria del&nbsp;Servicio Madrileño de Salud";Gerencia Asistencial de Atención Primaria;suministros;Adjudicada;TELIC, FIRMA AMBU, AB MEDICA GROUP, CALVO IZQUIERDO, HELIANTHUS MEDICAL, PRODUCTOS MEDICOS HOSPITALARIOS;;;https://contratos-publicos.comunidad.madrid/contrato-publico/acuerdo-marco-suministro-adaptador-pinza-conexion-electrodo-electrodos-ecg-gel
Adjudicaciones;L’objecte del contracte serà les obres de reforma dels accessos al vas de la piscina municipal. S’inclourà la substitució del paviment de la platja i la substitució de les escales per l’accés al vas de la piscina d’ús recreatiu, a més d’afegir un elevador per tal de facilitar l’ús a les persones amb dificultat de mobilitat. Per un altre costat es renova tota la sala de la depuradora i es substitueix la gespa en la zona del solàrium.;Ajuntament de Rocafort de Queralt;obras;Resuelta;—;;;https://contractaciopublica.cat/ca/detall-publicacio/c52d1155-eb4d-4fb7-82e8-5a4db2c1ae2f/300899311
Adjudicaciones;Servei tècnic per a la redacció del projecte executiu d'adequació de la cuina del CP Quatre Camins;Centre d'Iniciatives per a la Reinserció;servicios;Resuelta;—;;;https://contractaciopublica.cat/ca/detall-publicacio/d7f5ca59-137c-43ea-83dd-13a2b048e416/300899272
Adjudicaciones;servicio de limpieza de los cpas antequera y teba;Delegación Territorial de Inclusión Social, Juventud, Familias e Igualdad en Málaga;servicios;Adjudicada;—;;;https://www.juntadeandalucia.es/haciendayadministracionpublica/apl/pdc_sirec/perfiles-licitaciones/detalle-licitacion.jsf?idExpediente=976580
Adjudicaciones;Acuerdo marco para el suministro de los repuestos exclusivos del fabricante Schunk Ibérica, S.A. para el mantenimiento de los trenes del material móvil de Metro de Madrid;Metro de Madrid, S.A.;suministros;Resuelta;SCHUNK IBÉRICA, S.A;;;https://contratos-publicos.comunidad.madrid/contrato-publico/acuerdo-marco-suministro-repuestos-exclusivos-fabricante-schunk-iberica-sa-0
Adjudicaciones;Acuerdo Marco para servicios de realización de mediciones higiénicas en los lugares de trabajo de Metro de Madrid;Metro de Madrid, S.A.;servicios;Resuelta;EQUIPO TÉCNICO EN PREVENCIÓN PROCARION, S.L., SGS TECNOS, S.A.U.;;;https://contratos-publicos.comunidad.madrid/contrato-publico/acuerdo-marco-servicios-realizacion-mediciones-higienicas-lugares-trabajo-metro-0
Adjudicaciones;Acuerdo marco para la definición de un plan de acción y referencias de productos para la tienda de Metro de Madrid, así como su posterior suministro;Metro de Madrid, S.A.;suministros;Resuelta;TALENTUM SERVICIOS PROMOCIONALES, S.L.;;;https://contratos-publicos.comunidad.madrid/contrato-publico/acuerdo-marco-definicion-plan-accion-referencias-productos-tienda-metro-madrid-asi
Adjudicaciones;Suministro de diversos adhesivos que Metro de Madrid utiliza en el mantenimiento de sus Instalaciones y el Material Móvil;Metro de Madrid, S.A.;suministros;Resuelta;INSTALACIONES Y MANTENIMIENTOS MAGAR, S. L., COMERCIAL DE INDUSTRIA Y REPRESENTACIONES, S.L., ROEIRASA, S.A., CINTRATEC COMERCIAL DE SUMINISTROS INDUSTRIALES, S.L., REDONDO Y GARCIA, S.A., ROMERO DYSCAR, S.L., SUMINISTROS INDUSTRIALES INCOMER, S.L.;;;https://contratos-publicos.comunidad.madrid/contrato-publico/acuerdo-marco-contratacion-suministro-adhesivos-mantenimiento-instalaciones-fijas
Adjudicaciones;Suministro de repuestos de juntas, anillos tóricos y elementos de caucho que Metro de Madrid tiene referenciados internamente para el mantenimiento de sus Instalaciones y el Material Móvil.;Metro de Madrid, S.A.;suministros;Resuelta;INDUSTRIAS RUFERAL, S.L.U., ROMERO DYSCAR, S.L;;;https://contratos-publicos.comunidad.madrid/contrato-publico/acuerdo-marco-suministro-repuestos-juntas-anillos-toricos-elementos-caucho
Adjudicaciones;Acuerdo marco para la contratación del suministro de materiales metálicos básicos y maderas para el mantenimiento de las instalaciones fijas y del material móvil de Metro Madrid;Metro de Madrid, S.A.;suministros;Resuelta;LUMAR MARTIN, S.L., SUMINISTROS INDUSTRIALESINCOMER, S.L., ABRIMADER, S.L., MADERAS MEDINA, S.L.;;;https://contratos-publicos.comunidad.madrid/contrato-publico/acuerdo-marco-contratacion-suministro-materiales-metalicos-basicos-maderas
Adjudicaciones;Suministro de Mobiliario y Equipamiento para Espacios de Oficina, Salas de Descanso, Espacios Comerciales y Museos de Metro de Madrid.;Metro de Madrid, S.A.;suministros;Resuelta;GUTHERSA, S.A., DYNAMOBEL, S.A., AF STEELCASE, S.A., ACTIU BERBEGAL Y FORMAS, S.A., TOTAL EKIP, S.L., VALMMA SOLUCIONES, S.L., P. DE LA OLIVA, S.A., KL-1 MOBILIARIO DE OFICINA, S.L.;;;https://contratos-publicos.comunidad.madrid/contrato-publico/acuerdo-marco-suministro-mobiliario-equipamiento-espacios-oficina-salas-descanso
Adjudicaciones;Suministro de los repuestos originales del fabricante KNORR-BREMSE utilizados en las operaciones de mantenimiento del equipo de producción de aire comprimido, disyuntores y el sistema de frenos instalado en los trenes del Material Móvil de Metro de Madrid. S.A.;Metro de Madrid, S.A.;suministros;Resuelta;KNORR-BREMSE RAIL SYSTEMS ESPAÑA, S.A.U;;;https://contratos-publicos.comunidad.madrid/contrato-publico/acuerdo-marco-suministro-repuestos-originales-fabricante-knorr-bremse
Adjudicaciones;Acuerdo marco para el suministro de repuestos informáticos, de imagen y sonido y consumibles informáticos de Metro Madrid;Metro de Madrid, S.A.;suministros;Resuelta;TEDITRONIC, S.L., ELECTRÓNICA EMBAJADORES, S.L., DISTRIBUIDORA DE MATERIAL DE OFICINA, S.A., DISTRIBUIDORA DE MATERIAL DE OFICINA, S.A, ECONOCOM SEMIC, S.A (antes SERVICIOS MICROINFORMÁTICA, S.A.U.);;;https://contratos-publicos.comunidad.madrid/contrato-publico/acuerdo-marco-suministro-repuestos-informaticos-imagen-sonido-consumibles
Adjudicaciones;Acuerdo marco para la contratación del servicio de reparación o sustitución de lunas de los trenes de Material móvil y reposición de film anti-rayadura;Metro de Madrid, S.A.;servicios;Resuelta;INDUREMON, S.L.;;;https://contratos-publicos.comunidad.madrid/contrato-publico/acuerdo-marco-servicio-reparacion-o-sustitucion-lunas-trenes-reposicion-films-anti
Adjudicaciones;Acuerdo Marco para el suministro de materiales empleados en las operaciones de embalaje, preparación y protección de mercancías de Metro de Madrid;Metro de Madrid, S.A.;suministros;Resuelta;LARA ANDALUCÍA, S.A., EMBALATGES REUS, S.L.;;;https://contratos-publicos.comunidad.madrid/contrato-publico/acuerdo-marco-suministro-materiales-empleados-operaciones-embalaje-preparacion
Adjudicaciones;Servicios de producción audiovisual para Metro de Madrid;Metro de Madrid, S.A.;servicios;Resuelta;LINZEX STUDIOS CREATIVE AGENCY S.L., DAKOTA & DURANGO S.L., THE BOX ADVERTISING, S.L., TECHHEROX S.L.U., GOOD NEWS TELEVISIÓN S.L.;;;https://contratos-publicos.comunidad.madrid/contrato-publico/acuerdo-marco-servicios-produccion-audiovisual-metro-madrid
Adjudicaciones;Servicios de diseño gráfico, ilustración y maquetación de elementos de comunicación corporativos de Metro de Madrid S.A.;Metro de Madrid, S.A.;servicios;Resuelta;GOOD NEWS TELEVISIÓN, S.L., CODEA STUDIO, S.L., RODRÍGUEZ Y CANO ESTUDIO, S.L., TAKE AWAY INTERNET, S.L., GROW COMUNICACIÓN, S.A.;;;https://contratos-publicos.comunidad.madrid/contrato-publico/acuerdo-marco-servicios-diseno-grafico-ilustracion-maquetacion-elementos
Adjudicaciones;Acuerdo Marco para el suministro e instalación de sistemas audiovisuales en recintos y estaciones de Metro de Madrid;Metro de Madrid, S.A.;suministros;Resuelta;ECONOCOM PRODUCTS & SOLUTIONS S.A.U., IMESAPI S.A., SUMINISTROS, IMPORTACIONES Y MANTENIMIENTOS ELECTRÓNICOS, S.A.U.;;;https://contratos-publicos.comunidad.madrid/contrato-publico/acuerdo-marco-suministro-e-instalacion-sistemas-audiovisuales-recintos-estaciones
Adjudicaciones;Servicios de producción de Acciones y Eventos Corporativos de Metro de Madrid, S.A.;Metro de Madrid, S.A.;servicios;Resuelta;MOMENTUM MADRID, S.A., THE BOX ADVERTISING, S.L., GROW COMUNICACIÓN, S.A., GRUP MEDIAPRO, S.L.U., TELEFÓNICA BROADCAST SERVICES, S.L.U., CROMÁTIKA COMUNICACIÓN VISUAL, S.L.;;;https://contratos-publicos.comunidad.madrid/contrato-publico/acuerdo-marco-servicios-produccion-acciones-eventos-corporativos-metro-madrid
Adjudicaciones;Explotacion del servicio de cafeteria y comedor en los Centros de Mayores Tetúan y Alcorcon adscritos a la Agencia Madrileña de Atención Social (2 Lotes);Organismo Autónomo Agencia Madrileña de Atención Social;concesión de servicios;Adjudicada;SERYMAR HOSTELERIA Y SERVICIOS SL;;;https://contratos-publicos.comunidad.madrid/contrato-publico/concesion-servicio-explotacion-servicio-cafeteria-comedor-centros-mayores-tetuan
Licitaciones;Obras del proyecto de Construcción para la adecuación al PNCA de la EDAR de la Poveda y redacción del proyecto y ejecución de las obras del Tratamiento cuaternario de la EDAR la Poveda (T.M. Arganda del Rey);Canal de Isabel II, S.A.;obras;En plazo;;09/10/2026;79450913,81;https://contratos-publicos.comunidad.madrid/contrato-publico/obras-proyecto-construccion-adecuacion-pnca-edar-poveda-redaccion-proyecto
Licitaciones;Servicio de recogida de fracción resto de residuos municipales y transporte a planta de clasificación, reciclaje y valorización de R.U. en diversos municipios de la Rioja (Zona Rioja Baja Ebro-Cidacos) por procedimiento abierto y sujeto a regulación armonizada.;Consorcio de Aguas y Residuos de La Rioja;servicios;En plazo;;05/11/2026;12340000;https://www.larioja.org/contratacion-publica/es/licitaciones/consulta-expedientes?homepage=?p_colateral%3D76-7-2.01-0018%2F2026%26p_dia_ini%3D05%26p_mes_ini%3D10%26p_ano_ini%3D2026%26p_dia_fin%3D05%26p_mes_fin%3D10%26p_ano_fin%3D2026%26p_todas%3DN
Licitaciones;Ejecución de las obras de la promoción: (A-48) 58 VPOa en la parcela 9, AIU-49 “Curtidos Harresi” Agurain (Álava);VISESA - Vivienda y Suelo de Euskadi, S.A.-Consejo de Administración de VISESA;obras;En plazo;;16/11/2026;9167363,65;https://www.contratacion.euskadi.eus/webkpe00-kpeperfi/es/contenidos/anuncio_contratacion/expjaso744454/es_doc/index.html
Licitaciones;Contrato para la ejecución de las obras de reforma del Monasterio para ubicar el Museo Thyssen;Ajuntament de Sant Feliu de Guíxols;obras;En plazo;;02/11/2026;7601644,88;https://contractaciopublica.cat/ca/detall-publicacio/6189226e-eebb-4311-94da-9920ca29514d/300898603
Licitaciones;L’objecte de la present contractació consisteix en la provisió d’una solució tecnològica que permeti la gestió i explotació dels jocs de loteria organitzats per Loteries de Catalunya, SAU, (LCAT). La solució inclourà la configuració dels respectius jocs, així com els serveis d’actualització i manteniment preventiu, correctiu i evolutiu dels sistemes i del programari aplicatiu associat als jocs en comercialització, tant existents com futurs.;Loteries de Catalunya, SAU;servicios;En plazo;;30/10/2026;7500000;https://contractaciopublica.cat/ca/detall-publicacio/22ce1dcb-8091-4968-9ef7-cb05906850ea/300900397
Licitaciones;Obras de demolición de los edificios situados dentro de la parcela de referencia. Las obras de demolición objeto del contrato comprenden: - La demolición total de todos los edificios que se construyeron sucesivamente alrededor del edificio original, incluidas sus cimentaciones. - La demolición parcial del edificio original del año 1964, que incluye todos los elementos constructivos, acabados interiores e instalaciones, y las fachadas exteriores;Agencia de Contratación Sanitaria de la Comunidad de Madrid;obras;En plazo;;19/10/2026;7309161,82;https://contratos-publicos.comunidad.madrid/contrato-publico/obras-demolicion-antiguo-hospital-puerta-hierro-marco-reforma-integral-centro
Licitaciones;SÍ-ASC1-26-023. Suministro sucesivo de catéteres vasculares, arteriales y dispositivos de monitorización invasiva con destino a las Áreas Sanitarias de él Servicio Gallego de Salud;Consellería de Sanidade- SERGAS;suministros;En plazo;;04/11/2026;6764502,04;https://www.contratosdegalicia.gal/licitacion?N=829292
Licitaciones;L’objecte d’aquest contracte és l’execució de la urbanització d’un Parc urbà per a la qual cosa es necessària la contractació de l’execució de l’obra i dels serveis de la Direcció Facultativa consistents en la Direcció d’execució d’obra i la Coordinació de seguretat i salut en fase d’execució. El servei de direcció d’obra està contractat conjuntament amb el de la Redacció del projecte, tal com consta als expedients GCON2023000095 i GCON2026000024. Les obres s’executen sobre una finca municipal destinada a Sistema de parcs i jardins urbans (qualificació 3) en sòl urbà consolidat, situada a la Unitat d’Actuació 1 “Torre del Botafoc”, entre la Riera de la Bisbal, el carrer Rasa d’en Solà, el Torrent del Cullaré, el carrer Isabelins, l’Avinguda Baix Penedès i un sistema d’equipaments i dotacions on s’emplacen dos edificis escolars. El terreny es divideix en dues finques cadastrals i incorpora part del sistema viari (clau 1) al seu interior. Les referències cadastrals de lesfinques són 6648006CF7664H0001SJ i 6848402CF7664N0001XW.;Ajuntament del Vendrell;obras;En plazo;;02/11/2026;5993063,97;https://contractaciopublica.cat/ca/detall-publicacio/6f7c3eb5-92ac-4d0e-878d-3614e0f50afe/300899387
Licitaciones;serv integrado de vigilancia, mto sistemas seguridad y gestion alarmas rtva;Agencia Pública Empresarial de la Radio y Televisión de Andalucía;servicios;En plazo;;06/11/2026;5159809,66;https://www.juntadeandalucia.es/haciendayadministracionpublica/apl/pdc_sirec/perfiles-licitaciones/detalle-licitacion.jsf?idExpediente=1013501
Licitaciones;PRG-2025-0116: Campaña 2026: Reposición y refuerzo de pavimentos agotados en diversos puertos. Programa <Fondo Europeo Marítimo, de Pesca y de Acuicultura: Programa para España> 2021-2027;Portos de Galicia;obras;En plazo;;02/11/2026;4105857,99;https://www.contratosdegalicia.gal/licitacion?N=829288
Licitaciones;VPG-2026-0072: Redacción de proyectos, dirección de obra y obras de construcción, con técnicas industrializadas, de un edificio de viviendas de promoción pública (VPP), en la parcela nº10 de la AIRE29 en la calle Fontesanguiña (prolongación Rúa Rosalía de Castro) del Ayuntamiento de Lalín (Pontevedra).;Sociedade de Vivenda Pública de Galicia, S.A.;obras;En plazo;;03/12/2026;3505830,66;https://www.contratosdegalicia.gal/licitacion?N=829278
Licitaciones;Redacción de los proyectos básico y ejecutivo, el suministro y la ejecución de las obras de nueva construcción industrializada de un edificio de viviendas de protección oficial, en régimen de alquiler, en el municipio de Badalona, en la calle Richard Strauss, 56-62;Ens de Gestió Urbanística, SA (ENGESTUR, SA);suministros;En plazo;;03/11/2026;3476332,76;https://contractaciopublica.cat/ca/detall-publicacio/b7fce492-9449-45f1-b420-6d03ac56d4d5/300895982
Licitaciones;Concesión de dominio público para la puesta en marcha y gestión de las instalaciones existentes en El Poblado Charco de los Hurones del embalse de los Hurones (San José del Valle);Delegación Territorial de Agricultura, Pesca, Agua y Desarrollo Rural en Cádiz;patrimonial;En plazo;;07/01/2027;3367865,6;https://www.juntadeandalucia.es/haciendayadministracionpublica/apl/pdc_sirec/perfiles-licitaciones/detalle-licitacion.jsf?idExpediente=1005591
Licitaciones;Homologació d'empreses de consultoria, arquitectura i enginyeria, per a la prestació dels serveis següents en l'àmbit de les instal·lacions i infraestructures de la Fundació de Gestió Sanitària de l'Hospital de la Santa Creu i Sant Pau (FGS);Fundació de Gestió Sanitària de l'Hospital de la Santa Creu i Sant Pau;servicios;En plazo;;20/10/2026;2900000;https://contractaciopublica.cat/ca/detall-publicacio/37a005a6-715a-414b-98b7-eafb77983fe1/300899511
Licitaciones;Obras para la reforma de Planetario de Pamplona.;Representante legal de NICDO.;obras;En plazo;;13/10/2026;2884496,59;https://hacienda.navarra.es/sicpportal/mtoAnunciosModalidad.aspx?cod=260903100759AD20CF9E
Licitaciones;Servicio de conceptualización, creatividad y diseño de campañas y acciones de publicidad y de marca institucional;Departament de la Presidència;servicios;En plazo;;03/11/2026;2800000;https://contractaciopublica.cat/ca/detall-publicacio/a896bc98-7e1f-4ac9-908a-7b21f9a46e99/300895535
Licitaciones;0000808/2026 acuerdo marco con única empresa, para el suministro de tracto sucesivo y precio unitario, al amparo del art. 16.3. a) lcsp, de catéteres y microcatéteres, perteneciente a la subcategoría del catálogo de bienes y servicios del sas su.pc.sani.01.20, para la central provincial de compras de almería, mediante procedimiento abierto, de regulación armonizada y tramitación electrónica.;Servicio Andaluz de Salud;suministros;En plazo;;04/11/2026;2745446,69;https://www.juntadeandalucia.es/haciendayadministracionpublica/apl/pdc_sirec/perfiles-licitaciones/detalle-licitacion.jsf?idExpediente=1013563
Licitaciones;Servicio para favorecer la incorporación de las mujeres al mercado laboral y su formación.;Foment de Ciutat SA;servicios;En plazo;;06/10/2026;2429401,27;https://contractaciopublica.cat/ca/detall-publicacio/cb00185a-71e3-4df2-8423-43f1c8a5079f/300877247
Licitaciones;L'objecte del present contracte son els treballs d’obra civil a realitzar pel manteniment de les xarxes d’abastament i de clavegueram gestionades per l’Empresa Municipal Mixta d’aigües de Tarragona, SA (EMATSA), d’acord amb les característiques i condicions fixades al plec de prescripcions tècniques regulador d’aquest contracte.;Empresa Municipal Mixta d'Aigües de Tarragona, SA;obras;En plazo;;02/11/2026;2400000;https://contractaciopublica.cat/ca/detall-publicacio/51d82869-5752-4337-87da-22ba5320dfe7/300900006
Licitaciones;SÍ-ASP1-26-024. Suministro sucesivo de sistemas de monitorización cardíaca implantable (HOLTER) y monitorización cardíaca externa prolongada tipo parche para las áreas sanitarias de él Servicio Gallego de Salud.;Consellería de Sanidade- SERGAS;suministros;En plazo;;26/10/2026;2224508;https://www.contratosdegalicia.gal/licitacion?N=829240
Licitaciones;És objecte d’aquest contracte l’execució de les obres definides en el Projecte bàsic i -executiu d’adequació de l’antic Cafè-Teatre dels Camps Elisis per a usos culturals, signat en data 10 d’abril de 2026 per l’arquitecte municipal Jaume Terés Armillas, aprovat inicialment per Acord de la Junta de Govern Local de data 16 d’abril de 2026 i declarat aprovat definitivament per Decret d’Alcaldia de data 11 de juny de 2026.;Ajuntament de Lleida;obras;En plazo;;19/10/2026;2147874,09;https://contractaciopublica.cat/ca/detall-publicacio/50d7cfd3-0581-43eb-bedc-d8b62f8d9bc2/300899881
Licitaciones;Servicios de mantenimiento y verificación de equipos de medida en las instalaciones del ciclo integral del agua adscritas a las áreas de las subdirecciones de planificación recursos hídricos y abastecimiento y de depuración y medio ambiente de Canal de Isabel II, S.A., M.P.;Canal de Isabel II, S.A.;servicios;En plazo;;13/10/2026;2084374,35;https://contratos-publicos.comunidad.madrid/contrato-publico/servicios-mantenimiento-verificacion-equipos-medida-instalaciones-ciclo-integral
Licitaciones;Servicios de consultoría y redacción del proyecto edificatorio y la dirección e inspección de las obras de las promociones: • LOTE 1: A-053: 276 VPOa en la parcela RD-1, sector 5 de Zabalgana, Vitoria-Gasteiz. • LOTE 2: B-139: 52 VPOa en la parcela 18, UE 21.2, Bermeo.;VISESA - Vivienda y Suelo de Euskadi, S.A.-Consejo de Administración de VISESA;servicios;En plazo;;22/10/2026;2000000;https://www.contratacion.euskadi.eus/webkpe00-kpeperfi/es/contenidos/anuncio_contratacion/expjaso740306/es_doc/index.html
Licitaciones;El presente contrato tiene por objeto determinar las condiciones y términos en los que se prestarán las distintas modalidades del Proyecto “VIAS VIVIENDA, ITINERARIOS Y ACOMPAÑAMIENTO SOCIAL PARA LA INTEGRACIÓN” para personas en situación de calle/sin techo y/o en situación y riesgo de exclusión social con el fin de iniciar procesos de recuperación, empoderamiento y autonomía personal, promoviendo, a la vez, su inclusión social con un acompañamiento social intensivo y flexible, a partir de la ubicación en vivienda. Este servicio se inspira en las metodologías Housing First, Housing Led y Rapid Rehousing (Atención Temprana).;Consejería de Familia, Juventud y Asuntos Sociales;servicios;En plazo;;06/10/2026;1967496;https://contratos-publicos.comunidad.madrid/contrato-publico/vias-vivienda-itinerarios-acompanamiento-social-integracion-cofinanciado-40-fondo
Licitaciones;0000534/2026 obras de instalación de grupos electrógenos y cuadros generales de emergencia del hospital universitario poniente;Servicio Andaluz de Salud;obras;En plazo;;19/10/2026;1630837,73;https://www.juntadeandalucia.es/haciendayadministracionpublica/apl/pdc_sirec/perfiles-licitaciones/detalle-licitacion.jsf?idExpediente=1008396
Licitaciones;servicio de transporte de personal de cetursa sierra nevada sa;Cetursa Sierra Nevada, S.A.;servicios;En plazo;;04/11/2026;1415376;https://www.juntadeandalucia.es/haciendayadministracionpublica/apl/pdc_sirec/perfiles-licitaciones/detalle-licitacion.jsf?idExpediente=1013866
Licitaciones;Servicios de caracterización de las aguas de escorrentía en cuencas urbanas de la Comunidad de Madrid;Canal de Isabel II, S.A.;servicios;En plazo;;03/11/2026;1324795,36;https://contratos-publicos.comunidad.madrid/contrato-publico/servicios-caracterizacion-aguas-escorrentia-cuencas-urbanas-comunidad-madrid
Licitaciones;Siguiendo las líneas metodológicas del Currículo Básico para la Euskaldunización de Personas Adultas (HEOC) y del Marco de Referencia Europeo (MCER), crear un curso de nivel B2 y sus recursos audiovisuales para su publicación en la plataforma INGURA y puesta a disposición de los usuarios INGURA.;Gobierno Vasco-Director/a de HABE;servicios;En plazo;;02/11/2026;1297188;https://www.contratacion.euskadi.eus/webkpe00-kpeperfi/es/contenidos/anuncio_contratacion/expjaso744576/es_doc/index.html
Licitaciones;L’execució de les obres incloses en la “RESTAURACIÓ FLUVIAL PER A LA MILLORA DE LA QUALITAT DE L’AIGUA TRACTADA A L’EDAR MONTORNÈS DEL VALLÈS”, als termes municipal de Montornès del Vallès, Martorelles i Montmeló, amb l'objectiu de executar actuacions de restauració que millorin la resiliència de l'ecosistema fluvial i la qualitat de l'aigua.;Consorci Besòs Tordera;obras;En plazo;;28/10/2026;1258191,29;https://contractaciopublica.cat/ca/detall-publicacio/af016401-b27f-4bea-bf05-21bdfa6f2976/300900165
Licitaciones;AMFS269_2026 Contractació mitjançant ACORD MARC de l'homologació de contractistes d'obra per a cobrir serveis de maquinària i personal PER OBRA CIVIL de l'empresa FIGUERES DE SERVEIS, SA;Figueres de Serveis, SA;obras;En plazo;;01/11/2026;1200000;https://contractaciopublica.cat/ca/detall-publicacio/5f7ad64b-66f1-4b59-81c2-a2a987401361/300899868
Licitaciones;Desarrollo del programa de intervención socioeducativa y psicosocial;Ayuntamiento de Eibar-Alcalde del Ayuntamiento de Eibar;servicios;En plazo;;20/10/2026;1131951,66;https://www.contratacion.euskadi.eus/webkpe00-kpeperfi/es/contenidos/anuncio_contratacion/expjaso739023/es_doc/index.html
Licitaciones;Servicio para el control de calidad, la asistencia técnica de las obras y los servicios de Commissioning de las instalaciones y sistemas de edificio de las obras de construcción del nuevo H. G. U. Gregorio Marañón fase 0, correspondientes a la primera fase de las obras del plan funcional del complejo hospitalario.;Hospital General Universitario Gregorio Marañón;servicios;En plazo;;03/11/2026;991398,47;https://contratos-publicos.comunidad.madrid/contrato-publico/servicio-control-calidad-asistencia-tecnica-obras-servicios-commissioning
Licitaciones;Actuaciones exteriores Ekoetxea Urdaibai. Estaciones pedagógicas;Gobierno Vasco-Dirección de Servicios;obras;En plazo;;03/11/2026;983053,98;https://www.contratacion.euskadi.eus/webkpe00-kpeperfi/es/contenidos/anuncio_contratacion/expjaso743727/es_doc/index.html
Licitaciones;Contracte administratiu consistent en les obres del projecte de reurbanització dels carrers Riu Ebre i Riu Besòs al barri de Can Tries al terme municipal de Gavà.;Àrea Metropolitana de Barcelona;obras;En plazo;;26/10/2026;954531,08;https://contractaciopublica.cat/ca/detall-publicacio/0cb26745-e092-49b3-9309-4266730f8e36/300899220
Licitaciones;Gestió i dinamització del centre cívic Teixonera;Ajuntament de Barcelona;servicios;En plazo;;20/10/2026;908829,68;https://contractaciopublica.cat/ca/detall-publicacio/cb7a9382-dcaa-4d5b-b28d-47950fa9590c/300899688
Licitaciones;El objeto del presente contrato es el suministro de productos y utensilios de limpieza y aseo personal, destinados a su utilización en las residencias de mayores y centros de día, centros de atención a personas con discapacidad y centros ocupacionales, y centros de menores adscritos a la Agencia Madrileña de Atención Social y que se relacionan en el Anexo III del pliego de prescripciones técnicas particulares. Dicho suministro comprende productos y útiles destinados al aseo personal, higiene corporal, higiene bucodental, cuidado capilar, cuidado dermatológico, afeitado, manicura, higiene femenina, limpieza personal y demás productos necesarios para la atención ordinaria de los usuarios y para el adecuado mantenimiento de las condiciones de higiene en los centros. El contrato tiene por finalidad garantizar una dotación adecuada y continuada de productos de aseo personal, higiene y cuidado de los usuarios, asegurando unas condiciones adecuadas de salubridad, seguridad, bienestar y calidad asistencial en los centros adscritos a la Agencia Madrileña de Atención Social.;Organismo Autónomo Agencia Madrileña de Atención Social;suministros;En plazo;;19/10/2026;873786,38;https://contratos-publicos.comunidad.madrid/contrato-publico/adquisicion-productos-utensilios-limpieza-aseo-personal-centros-adscritos-0
Licitaciones;Servicio de apoyo a la dirección de las obras de varios proyectos en el entorno de pasaialdea (demolición del viaducto, penetracion al puerto de pasaia, refuerzo de los tuneles 9 y 11);Euskal Trenbide Sarea-Comisión Delegada en Materia de Contratación de ETS;servicios;En plazo;;19/10/2026;845000;https://www.contratacion.euskadi.eus/webkpe00-kpeperfi/es/contenidos/anuncio_contratacion/expjaso740622/es_doc/index.html
Licitaciones;am suministro de prendas de abrigo para bombero forestal ema;Agencia de Emergencias de Andalucía;suministros;En plazo;;03/11/2026;840000;https://www.juntadeandalucia.es/haciendayadministracionpublica/apl/pdc_sirec/perfiles-licitaciones/detalle-licitacion.jsf?idExpediente=1009348
Licitaciones;Servicio de cocina del Centro Educativo Ibaiondo;Gobierno Vasco-Consejero/a de Igualdad Justicia y Políticas Sociales;servicios;En plazo;;13/10/2026;651757,2;https://www.contratacion.euskadi.eus/webkpe00-kpeperfi/es/contenidos/anuncio_contratacion/expjaso704671/es_doc/index.html
Licitaciones;Suministro de licencias de Microsoft Office LTSC 2024 Standard y Microsoft LTSC Access 2024;IZFE - Sociedad Foral de Servicios Informáticos-Dirección General de forma mancomunada con la Presidencia y la Vicepresidencia del Consejo de Admini;suministros;En plazo;;02/11/2026;650000;https://www.contratacion.euskadi.eus/webkpe00-kpeperfi/es/contenidos/anuncio_contratacion/expjaso744633/es_doc/index.html
Licitaciones;Suministro, instalación y puesta en marcha de trece equipos de anestesia de gama alta y media con monitorización para el servicio de anestesia y reanimación del Hospital General Universitario Gregorio Marañón;Hospital General Universitario Gregorio Marañón;suministros;En plazo;;03/11/2026;645000;https://contratos-publicos.comunidad.madrid/contrato-publico/suministro-instalacion-puesta-marcha-trece-equipos-anestesia-gama-alta-media
Licitaciones;Execució de les obres del “Projecte constructiu actuacions de pacificació a la Travessera BV-2122 al tram comprès entre PK 2+260 i 2+635, TM Torrelles de Foix”.;Diputació de Barcelona;obras;En plazo;;27/10/2026;627496,39;https://contractaciopublica.cat/ca/detall-publicacio/c1d38893-bf18-4397-8f60-94f3d4ae7fde/300899296
Licitaciones;Concessió del servei públic del bar i de la sala polivalent del Parc del Graó a Alpicat;Ajuntament d'Alpicat;concesión de servicios;En plazo;;04/11/2026;597633;https://contractaciopublica.cat/ca/detall-publicacio/342d36c3-d8fa-4c8d-aefe-ccebca74a7c8/300894894
Licitaciones;servicio medios de pago electr. a favor junta de andalucía;Agencia Digital de Andalucía;servicios;En plazo;;20/10/2026;596952;https://www.juntadeandalucia.es/haciendayadministracionpublica/apl/pdc_sirec/perfiles-licitaciones/detalle-licitacion.jsf?idExpediente=1013582
Licitaciones;Servicios de gestión y control documental en materia de prevención de riesgos laborales de empresas contratistas de Canal de Isabel II S.A, M.P.;Canal de Isabel II, S.A.;servicios;En plazo;;22/10/2026;576000;https://contratos-publicos.comunidad.madrid/contrato-publico/servicios-gestion-control-documental-materia-prevencion-riesgos-laborales-1
Licitaciones;Contracte d’obres per a la modificació del soterrani -2 i la instal·lació d’il·luminació en el soterrani -3 de l’aparcament municipal ubicat en el carrer Baldiri Aleu de Sant Boi de Llobregat per la Companyia Local d’Actuacions Urbanístiques Santboianes, SA (CLAUS) del municipi de Sant Boi de Llobregat.;Companyia Local d'Actuacions Urbanístiques Santboianes, SA;obras;En plazo;;26/10/2026;557920;https://contractaciopublica.cat/ca/detall-publicacio/ea313708-f38c-41a0-bbd5-94f640fc38a3/300899982
Licitaciones;Suministro de vestidos de protección EOD formados por chaqueta y pantalón y cascos de protección EOD, y sus complementos, para el Área de Desactivación de Artefactos Explosivos TEDAX-NRBQ (ATEDAX) de la Policía de la Generalitat-Mossos d'Esquadra, para el año 2027;Departament d'Interior i Seguretat Pública;suministros;En plazo;;02/11/2026;542850;https://contractaciopublica.cat/ca/detall-publicacio/5c95e7d4-e120-420d-8615-a5263b5990ba/300898451
Licitaciones;"Contrato de servicios para la dirección de las obras del Proyecto Constructivo ""Nuevo tranvía del Campo de Tarragona de los Ferrocarriles de la Generalidad de Cataluña. Fase 3: Viaducto en la Av. de Ramon de Olzina y nuevo paso inferior de acceso a Vila-seca Estació"". Clave: PC-FNT-22013.1.2.F3";Infraestructures de la Generalitat de Catalunya, SAU;servicios;En plazo;;02/11/2026;534809,92;https://contractaciopublica.cat/ca/detall-publicacio/35ad8776-cc98-4123-87ac-ddaf3fcbfc18/300897682
Licitaciones;Obres del projecte bàsic per a la construcció de la fase II de 75 nínxols, 216 columbaris i 832 osseres al cementiri municipal de Castelldefels;Ajuntament de Castelldefels;obras;En plazo;;26/10/2026;530707,52;https://contractaciopublica.cat/ca/detall-publicacio/dc68e549-5d07-40a2-bb46-45f7e3eb65a2/300899448
Licitaciones;Obres de substitució de gespes per a la plantació d'arbustives i adequació del reg existent, en diferents espais verds de la ciutat.;Ajuntament del Prat de Llobregat;obras;En plazo;;13/10/2026;530136,37;https://contractaciopublica.cat/ca/detall-publicacio/f45c85ba-c668-42f1-891e-239619a1d633/300900074
Licitaciones;Realización de las obras proyecto de glorieta en la GI-2631 en el PK 2+900 en Olentzo (Zizurkil) (5-I-82/2025);Diputación Foral de Gipuzkoa-Consejo de Gobierno Foral;obras;En plazo;;13/10/2026;525339,58;https://www.contratacion.euskadi.eus/webkpe00-kpeperfi/es/contenidos/anuncio_contratacion/expjaso738125/es_doc/index.html
Licitaciones;El present contracte té per objecte la contractació del servei de posicionament (SEO, Search Engine Optimization, GEO, Generative Engine Optimization i AEO Answer Engine Optimization) de la pàgina web, la gestió de la campanya de Google Ads, Social Media ads i Pla de mitjans per a la campanya de Serveis a Empreses, dels programes de la convocatòria de febrer (26/27) i d’octubre (27/28) , de testeig de nova oferta (26/27 i 27/28) , de Microcredencials 2027, de Juliols UB (2027), Gaudir UB (26/27 i 27/28), i dels cursos d’especialització que conformen el Programa general d’indústria farmacèutica 2027 de la Fundació Institut de Formació Contínua de la Universitat de Barcelona (IL3-UB).;Fundació Privada Institut de Formació Contínua de la Universitat de Barcelona (IL3-UB)(M.P.);servicios;En plazo;;09/11/2026;497521;https://contractaciopublica.cat/ca/detall-publicacio/7c755971-9429-4b40-a312-7f572071c08e/300898569
Licitaciones;Suministro, instalación y puesta en funcionamiento de 9 equipos de anestesia de altas prestaciones y de 9 monitores de paciente con destino al bloque quirúrgico, estructurado en dos lotes independientes, con destino al Hospital U. La Princesa;Hospital Universitario de La Princesa;suministros;En plazo;;21/10/2026;495000;https://contratos-publicos.comunidad.madrid/contrato-publico/suministro-instalacion-puesta-funcionamiento-9-equipos-anestesia-altas
Licitaciones;paam 18/2026 (sevilla) suministro de material específico de prótesis urológicas, dispositivos implantables de suelo pélvico y sistemas para el tratamiento de la incontinencia urinaria para todos los centros adscritos a la central provincial de compras de sevilla mediante procedimiento abierto y presentación electrónica de ofertas;Servicio Andaluz de Salud;suministros;En plazo;;05/11/2026;451582,91;https://www.juntadeandalucia.es/haciendayadministracionpublica/apl/pdc_sirec/perfiles-licitaciones/detalle-licitacion.jsf?idExpediente=1013439
Licitaciones;Contratación de seguros para el Ayuntamiento de Basauri.;Ayuntamiento de Basauri-Alcalde;servicios;En plazo;;20/10/2026;432535,5;https://www.contratacion.euskadi.eus/webkpe00-kpeperfi/es/contenidos/anuncio_contratacion/expjaso739372/es_doc/index.html
Licitaciones;Redacción de proyectos y otros estudios técnicos complementarios, así como la dirección de las obras correspondientes a la rehabilitación del salón de actos Andia de la Diputación Foral, sito en la calle Andia de Donostia (1-ET-57/2026-AT);Diputación Foral de Gipuzkoa-Consejo de Gobierno Foral;servicios;En plazo;;02/11/2026;401158,32;https://www.contratacion.euskadi.eus/webkpe00-kpeperfi/es/contenidos/anuncio_contratacion/expjaso738056/es_doc/index.html
Licitaciones;Asesoramiento jurídico especializado y defensa letrada de los intereses del IMHAB en materia de derecho de la edificación, tanto en la fase prejudicial como en la fase judicial, en las jurisdicciones civil y contencioso-administrativa;Institut Municipal de l'Habitatge i Rehabilitació de Barcelona;servicios;En plazo;;03/11/2026;400000;https://contractaciopublica.cat/ca/detall-publicacio/774e75bf-462b-49d0-ad13-cb2932468831/300898647
Licitaciones;VCG/IVR Servicios de redacción de proyecto y dirección de las obras de construcción de 56 viviendas VPO de alquiler asequible en la manzana del Casino Valliranenc situada entre las calles Major, Miquel Batlle y Pau Casals de Vallirana;Institut Català del Sòl (INCASÒL);servicios;En plazo;;20/10/2026;390250,02;https://contractaciopublica.cat/ca/detall-publicacio/91611eb5-7199-423f-a885-c126a0324cc9/300899505
Licitaciones;Obras necesarias para la sustitución, suministro, obra de adecuación, instalación y puesta en marcha de dos equipos de producción de agua caliente y fría y el cambio a máquinas de última generación adaptándose a la normativa vigente, en la Biblioteca Regional Joaquín Leguina de la Comunidad de Madrid;Consejería de Cultura, Turismo y Deporte;obras;En plazo;;27/10/2026;363410,6;https://contratos-publicos.comunidad.madrid/contrato-publico/ejecucion-obras-sustitucion-dos-enfriadoras-biblioteca-regional-joaquin-leguina
Licitaciones;L’objecte del contracte són les obres de renovació dels paviments existents, modernització de xarxes de serveis urbans i adequació de l'espai públic a les necessitats actuals, del nucli antic de Bellver de Cerdanya, mantenint la coherència amb les característiques pròpies de l'entorn. Les intervencions previstes inclouen la renovació de les xarxes d'aigua potable, sanejament, enllumenat públic, energia elèctrica i telecomunicacions, el soterrament de les instal·lacions aèries, la millora dels sistemes de drenatge, la reposició dels paviments i l'adequació d'altres elements d'urbanització que es trobin afectats per les obres. Les actuacions contemplades en el present projecte inclouen, de manera general, les intervencions següents: • Renovació dels paviments existents, amb reposició dels ferms i acabats afectats. • Demolició dels elements d'urbanització necessaris per a l'execució de les obres. • Renovació i ampliació de les xarxes de sanejament i d'aigua potable. • Formació de noves canalitzacions soterrades per a les xarxes d'energia elèctrica, telecomunicacions i enllumenat públic. • Soterrament de les instal·lacions aèries existents, sempre que sigui tècnicament viable. • Renovació de l'enllumenat públic i de les seves infraestructures associades. • Millora del drenatge superficial mitjançant la renovació dels sistemes de recollida i evacuació d'aigües pluvials. • Adequació dels itineraris de vianants i dels elements d'urbanització per millorar-ne la funcionalitat i l'accessibilitat. • Reposició dels elements urbans afectats per l'execució de les obres. • Restauració i acabat de tots els àmbits d'intervenció, deixant-los en correcte estat de funcionament i ús.;Ajuntament de Bellver de Cerdanya;obras;En plazo;;26/10/2026;362279,34;https://contractaciopublica.cat/ca/detall-publicacio/87f25bdf-6775-4269-a2c5-d3fe2ee39fbf/300900359
Licitaciones;Adquisición de mesas quirúrgicas convencionales para el Hospital Universitario Infanta Sofía;Hospital Universitario Infanta Sofía;suministros;En plazo;;26/10/2026;344000;https://contratos-publicos.comunidad.madrid/contrato-publico/adquisicion-mesas-quirurgicas-convencionales-hospital-universitario-infanta-sofia
Licitaciones;Servicios de asistencia técnica consistentes en la redacción de proyecto ejecutivo, así como si procede, la dirección de obras dels proyecto de rehabilitación y mejora de la eficiencia energética del Pavellón Deportivo Municipal de LA BASTIDA, conforme a las determinaciones del PPT (Ver apartado B del QR).Complementariamente, es objeto del contrato fomentar el cuidado y el respeto por el medioambiente.;Ajuntament de Santa Coloma de Gramenet;servicios;En plazo;;02/11/2026;338183,62;https://contractaciopublica.cat/ca/detall-publicacio/4be4b33d-49a0-46bc-a2af-da3e38a70c93/300897374
Licitaciones;Actualment el nucli i disseminats de Valldan no disposen de cap xarxa d’abastament pel seu abastament. L’abastament de les cases i de les finques es fa de forma privada amb els diferents aprofitaments de titularitat privada de la zona.;Ajuntament d'Odèn;obras;En plazo;;25/10/2026;310913,73;https://contractaciopublica.cat/ca/detall-publicacio/1390fca1-77af-41b2-b92e-681f40faa63a/300900352
Licitaciones;Adquisición del medicamento Infliximab;Hospital Universitario Infanta Leonor;suministros;En plazo;;23/10/2026;307452,61;https://contratos-publicos.comunidad.madrid/contrato-publico/adquisicion-medicamento-infliximab
Licitaciones;Caminos vecinales 2026;Ayuntamiento de Hondarribia-Alcaldía;obras;En plazo;;02/11/2026;303761,52;https://www.contratacion.euskadi.eus/webkpe00-kpeperfi/es/contenidos/anuncio_contratacion/expjaso747513/es_doc/index.html
Licitaciones;Suministro, instalación y puesta en marcha de seis mesas quirúrgicas para el Hospital General Universitario Gregorio Marañón.;Hospital General Universitario Gregorio Marañón;suministros;En plazo;;03/11/2026;301000;https://contratos-publicos.comunidad.madrid/contrato-publico/suministro-instalacion-puesta-marcha-seis-mesas-quirurgicas-hospital-general
Licitaciones;contratación del servicio de limpieza para el parque deportivo la garza de linares.;Empresa Pública para la Gestión del Turismo y el Deporte de Andalucía, S.A.;servicios;En plazo;;03/11/2026;300520,02;https://www.juntadeandalucia.es/haciendayadministracionpublica/apl/pdc_sirec/perfiles-licitaciones/detalle-licitacion.jsf?idExpediente=1013540
Licitaciones;Prestación de los servicios necesarios para la gestión, explotación y mantenimiento integrado del estacionamiento regulado de titularidad municipal, tanto en superficie como fuera de calzada, incorporando al nuevo contrato el aparcamiento municipal de Lluís Companys.;Ajuntament de Sant Feliu de Llobregat;servicios;En plazo;;02/11/2026;283635,24;https://contractaciopublica.cat/ca/detall-publicacio/7a6fbccc-da16-4256-9705-7098beb70dfa/300894724
Licitaciones;Suministro de diverso material para cirugía laparoscópica, con puesta a disposición de equipos, para el Hospital Universitario de Fuenlabrada;Hospital Universitario de Fuenlabrada;suministros;En plazo;;06/10/2026;261123,9;https://contratos-publicos.comunidad.madrid/contrato-publico/suministro-diverso-material-cirugia-laparoscopica-puesta-disposicion-equipos-0
Licitaciones;servicio integrado de seguridad interior para el iespa;Agencia de Emergencias de Andalucía;servicios;En plazo;;20/10/2026;260244,45;https://www.juntadeandalucia.es/haciendayadministracionpublica/apl/pdc_sirec/perfiles-licitaciones/detalle-licitacion.jsf?idExpediente=1013483
Licitaciones;servicios reparac y adec de viviendas del ppv gestionados por avra granada;Agencia de Vivienda y Rehabilitación de Andalucía (AVRA);servicios;En plazo;;20/10/2026;255833,58;https://www.juntadeandalucia.es/haciendayadministracionpublica/apl/pdc_sirec/perfiles-licitaciones/detalle-licitacion.jsf?idExpediente=1013487
Licitaciones;El contracte té per objecte la prestació del servei de neteja i bugaderia del Centre d'Educació Especial Montserrat Montero de Granollers, situat al Camí de Santa Quitèria, s/n.;Consorci d'educació especial Montserrat Montero;servicios;En plazo;;02/11/2026;254280,68;https://contractaciopublica.cat/ca/detall-publicacio/0cb546b6-538d-4fdd-ae96-c5b8d2888813/300899830
Licitaciones;Suministro para la ampliación de la instalación de energía fotovoltaica y almacenamiento y la incorporación de energía eólica en el parque de bomberos y bomberas de Urioste de la Diputación Foral de Bizkaia.;Diputación Foral de Bizkaia-Diputada Foral de Administración Pública y Relaciones Institucionales;suministros;En plazo;;02/11/2026;249641,66;https://www.contratacion.euskadi.eus/webkpe00-kpeperfi/es/contenidos/anuncio_contratacion/expgebizkaia3603578/es_doc/index.html
Licitaciones;suministro de materiales para huertos escolares curso escolar 2026/2027;Consejería de Agricultura, Pesca, Agua y Desarrollo Rural. Secretaría General Técnica (En Transición);suministros;En plazo;;19/10/2026;240183;https://www.juntadeandalucia.es/haciendayadministracionpublica/apl/pdc_sirec/perfiles-licitaciones/detalle-licitacion.jsf?idExpediente=1013710
Licitaciones;Reforma del camino a Burgoa Fase II (Obietabekoa-Burgoetxebarri);Ayuntamiento de Ajangiz-Pleno;obras;En plazo;;26/10/2026;238336,29;https://www.contratacion.euskadi.eus/webkpe00-kpeperfi/es/contenidos/anuncio_contratacion/expgebizkaia3675569/es_doc/index.html
Licitaciones;(233/2024) Execució de les obres del projecte executiu per la reforma i ampliació de la instal·lació de biomassa, xarxa de calor i subestacions d'intercanvi per l'escola Gira-Sol i l'Ajuntament de Montmajor, de climatització de la Sala Polivalent i l'automatització i control del conjunt;Ajuntament de Montmajor;obras;En plazo;;27/10/2026;236896,57;https://contractaciopublica.cat/ca/detall-publicacio/7800eeac-a367-4a73-9772-fd2cfe4a3490/300898692
Licitaciones;Servicios de conserjería de los centros sociales Luis Mariano e Iraso y apartamentos Leka-enea;Ayuntamiento de Irun -Junta de Gobierno Local;servicios;En plazo;;20/10/2026;215448,66;https://www.contratacion.euskadi.eus/webkpe00-kpeperfi/es/contenidos/anuncio_contratacion/expjaso744431/es_doc/index.html
Licitaciones;Suministro, instalación y configuración de 2 servidores físicos y su sistema operativo para SAP Hana.;Metro Bilbao, S.A.-Consejo de Administración;servicios;En plazo;;16/10/2026;210000;https://www.contratacion.euskadi.eus/webkpe00-kpeperfi/es/contenidos/anuncio_contratacion/expjaso743897/es_doc/index.html
Licitaciones;L’objecte del present projecte és la de Urbanització d'un carrer a Bellveí;Ajuntament de Torrefeta i Florejacs;obras;En plazo;;25/10/2026;203104,97;https://contractaciopublica.cat/ca/detall-publicacio/c29e1c19-441c-4f03-a29b-b314d1f4ee07/300900048
Licitaciones;adquisición nuevas funcionalidades para gobierno del dato en educación;Agencia Digital de Andalucía;suministros;En plazo;;27/10/2026;202479,71;https://www.juntadeandalucia.es/haciendayadministracionpublica/apl/pdc_sirec/perfiles-licitaciones/detalle-licitacion.jsf?idExpediente=1013753
Licitaciones;Obra de mejora de la red de abastecimiento en los barrios Isla Bekoa y Kanala de Gautegiz-Arteaga;Consorcio de Aguas Bilbao Bizkaia-Gerente;obras;En plazo;;02/11/2026;197313,57;https://www.contratacion.euskadi.eus/webkpe00-kpeperfi/es/contenidos/anuncio_contratacion/expjaso745026/es_doc/index.html
Licitaciones;Contrato de servicio de limpieza de los edificios, locales y equipamientos municipales del ayuntamiento de Corçà;Ajuntament de Corçà;servicios;En plazo;;06/11/2026;197208,75;https://contractaciopublica.cat/ca/detall-publicacio/5795419e-86ff-43c4-b5c5-98c541a4fbd9/300892445
Licitaciones;0000704/2026 contratación del servicio de transporte del personal sanitario, material inventariable y fungible, y contenedores de órganos, tejidos y otras muestras biológicas, destinadas al proceso de donación-trasplante de la coordinación sectorial de trasplantes de cádiz, con cláusulas medioambientales, mediante procedimiento abierto y presentación electrónica de ofertas;Servicio Andaluz de Salud;servicios;En plazo;;04/11/2026;196899,85;https://www.juntadeandalucia.es/haciendayadministracionpublica/apl/pdc_sirec/perfiles-licitaciones/detalle-licitacion.jsf?idExpediente=1013424
Licitaciones;El objeto del contrato es la prestación del servicio de recogida y análisis de muestras alimentarias, de superficies y de manipuladores en los centros penitenciarios de Cataluña, en el marco del servicio de alimentación gestionado por el CIRE, así como la verificación del estado higiénico y sanitario de las cocinas y la disponibilidad de acceso operativo a la aplicación o plataforma digital de gestión del adjudicatario por parte de los técnicos del CIRE.;Centre d'Iniciatives per a la Reinserció;servicios;En plazo;;02/11/2026;187891,76;https://contractaciopublica.cat/ca/detall-publicacio/141cbf29-57e4-43d7-913c-aea90e726eb6/300899637
Licitaciones;Adquisició d’un vehicle de quatre (4) eixos, amb ganxo per a disposar d’un equip que permeti cobrir la necessitat de realitzar el servei de transport de caixes als diferents centres de treball i deixalleries de NORA i gestors.;Serveis Mediambientals de la Selva NORA, SA;suministros;En plazo;;20/10/2026;187000;https://contractaciopublica.cat/ca/detall-publicacio/8f8f46b2-ebaf-43da-8789-c0511ffa3e01/300896928
Licitaciones;Obres compreses en el projecte executiu per a la renovació d'enllumenat esportiu de 3 camps de futbol de Vic;Organisme Autònom Local Xarxa de Serveis Urbans;obras;En plazo;;26/10/2026;180047,43;https://contractaciopublica.cat/ca/detall-publicacio/62bb0b44-bbcb-4359-b496-0c0f4bf6987c/300899583
Licitaciones;Instalación de cocina in situ en el CEIP Aiete HLHI de Donostia (Gipuzkoa).;Gobierno Vasco-Dirección de Gestión Económica;obras;En plazo;;22/10/2026;172250,01;https://www.contratacion.euskadi.eus/webkpe00-kpeperfi/es/contenidos/anuncio_contratacion/expjaso745302/es_doc/index.html
Licitaciones;contr.prest.serv.vigilancia,seguridad,control accesos y conserjeria en hq;Agencia de Gestión Agraria y Pesquera de Andalucía;servicios;En plazo;;20/10/2026;171495,49;https://www.juntadeandalucia.es/haciendayadministracionpublica/apl/pdc_sirec/perfiles-licitaciones/detalle-licitacion.jsf?idExpediente=1013779
Licitaciones;Contratación de servicios para la actualización y mejora de auditorías y certificaciones energéticas de 36 edificios de laDiputación Foral deGipuzkoa.;Diputación Foral de Gipuzkoa-Diputado/a Foral de Medio Ambiente y Obras Hidráulicas;servicios;En plazo;;19/10/2026;170121,88;https://www.contratacion.euskadi.eus/webkpe00-kpeperfi/es/contenidos/anuncio_contratacion/expjaso739552/es_doc/index.html
Licitaciones;suministro de productos alimenticios y bebidas para el comedor del centro d;Delegación Territorial de Sostenibilidad y Medio Ambiente en Jaén;suministros;En plazo;;19/10/2026;169907,37;https://www.juntadeandalucia.es/haciendayadministracionpublica/apl/pdc_sirec/perfiles-licitaciones/detalle-licitacion.jsf?idExpediente=1008012
Licitaciones;Contracte del servei de manteniment integral de les àrees de joc i espais saludables del municipi de Mataró.;Ajuntament de Mataró;servicios;En plazo;;03/11/2026;168216,18;https://contractaciopublica.cat/ca/detall-publicacio/4f3ddf31-0d59-462d-8903-034dc7bea1a9/300899837
Licitaciones;Contratación del servicio de asistencia técnica y gestión de venta de los ahorros energéticos generados por la empresa de Transporte Urbano de Vitoria-Gasteiz (TUVISA);Transportes Urbanos de Vitoria-Gasteiz, S.A.-Consejo de Adminsitración;servicios;En plazo;;21/10/2026;167751,09;https://www.contratacion.euskadi.eus/webkpe00-kpeperfi/es/contenidos/anuncio_contratacion/expjaso745280/es_doc/index.html
Licitaciones;Servicio de limpieza, mantenimiento preventivo y correctivo de los equipos de respiración autónoma, del centro ERA y de los equipos aislantes semi autónomos del Instituto de Seguridad Pública de Cataluña , servicio de formación para el personal que opere con los equipos de revisiones de máscaras y suministro de material de limpieza y recambios por máscaras de aire durante el año 2027.;Institut de Seguretat Pública de Catalunya;servicios;En plazo;;30/10/2026;166105,76;https://contractaciopublica.cat/ca/detall-publicacio/cc760999-eb4f-4d85-a42a-9d1dd9113b45/300898060
Licitaciones;Execució de les obres descrites al “Projecte bàsic i constructiu d'un skate park entre l'Av. del Parlament i l'Av. de Joan Carles al municipi de Blanes.;Ajuntament de Blanes;obras;En plazo;;26/10/2026;165110,01;https://contractaciopublica.cat/ca/detall-publicacio/c4be9f1b-933e-4444-bd21-f43ba87367be/300896732
Licitaciones;Adquisició de 9 targetes NVIDIARTX PRO 6000 Blackwell Max-Q Workstation Edition ,per upgradar Renders de Brainstorm per la cobertura del programa de les Eleccions.;Corporació Catalana de Mitjans Audiovisuals, SA (CCMA, SA);suministros;En plazo;;21/10/2026;162000;https://contractaciopublica.cat/ca/detall-publicacio/1f905890-e7b7-44b2-8541-a4c29a84fe95/300899766
Licitaciones;La contratación, por parte de la Universidad de Girona (en adelante, UdG), como tomadora de la póliza de seguro a todo riesgo de pérdidas y daños materiales del patrimonio de la Universidad de Girona, bajo cualquiera de las formas jurídicas previstas en el artículo 7 del Real Decreto Legislativo 6/2004, de 29 de octubre, por el que se aprueba el texto refundido de la Ley de ordenación y supervisión de los seguros privados, mediante la póliza de seguros.;Universitat de Girona;servicios;En plazo;;02/11/2026;160000;https://contractaciopublica.cat/ca/detall-publicacio/0210eddd-04bf-4dd1-91b5-b1619ffc76f5/300896724
Licitaciones;Serveis de Coordinació de Seguretat i Salut de les obres de rehabilitació del pavelló de Montserrat i rehabilitació del pavelló d’Antigues Cuines i l’ala est de Convent del Recinte Modernista de Sant Pau de Barcelona.;Fundació Privada Hospital de la Santa Creu i Sant Pau;servicios;En plazo;;23/10/2026;157909,85;https://contractaciopublica.cat/ca/detall-publicacio/f1ab750b-9762-4e07-8e65-dc5904808451/300895875
Licitaciones;"Subministrament d’equipament informàtic: - Ordinadors portàtils professionals Dell 14 Plus, equivalents o superiors - Estacions d’acoblament Dell Pro WD25, equivalents o superiors - Monitors Dell 27"" QHD S2725DSM, equivalents o superiors - Conjunts de teclat i ratolí sense fils Dell Pro KM555, equivalents o superiors - Instal·lació in situ";Terrassa Cicle de l'aigua EPEL;suministros;En plazo;;23/10/2026;156632,91;https://contractaciopublica.cat/ca/detall-publicacio/29b18f7b-5115-4bfe-b506-8bcb781ff63e/300900127
Licitaciones;Servicio consistente en el diseño, montaje, acondicionamiento y desmontaje del Pabellón de la Comunidad de Madrid en la Feria del Libro de Madrid 2027;Consejería de Cultura, Turismo y Deporte;servicios;En plazo;;30/11/2026;156360,6;https://contratos-publicos.comunidad.madrid/contrato-publico/diseno-montaje-acondicionamiento-desmontaje-pabellon-comunidad-madrid-feria-2
Licitaciones;La contratación del servicio de acomodación, incluido el control de accesos.;Fundación Juan Crisóstomo de Arriaga-Orquesta Sinfónica de Bilbao-Presidente/a del Patronato;servicios;En plazo;;03/11/2026;153840;https://www.contratacion.euskadi.eus/webkpe00-kpeperfi/es/contenidos/anuncio_contratacion/expgebizkaia3666593/es_doc/index.html
Licitaciones;Obres per tal de millorar l'accés al nucli de Sanaüja per la part nord del nucli.;Ajuntament de Sanaüja;obras;En plazo;;26/10/2026;153297,81;https://contractaciopublica.cat/ca/detall-publicacio/f23a05ea-10fa-4885-b660-fe21b9fb29d6/300899542
Licitaciones;Contratación por lotes del suministro de gasoil B y C para las instalaciones de calefacción y agua caliente para centros gestionados por SUMAR;Sumar, serveis públics d'acció social de Catalunya, MP, SL;suministros;En plazo;;03/11/2026;153000;https://contractaciopublica.cat/ca/detall-publicacio/63210163-b2f6-4381-9531-8318d61433e4/300878133
Licitaciones;L’objecte del contracte es refereix a la contractació mixta per la realització del Parc de Nadal 2026-2027, denominat “Parc de Nadal Fantàstic 2026”, dividit en 6 lots, els quals comprenen diferents treballs que es configuren per crear un espai lúdic, cultural i educatiu, destinat al públic familiar i el qual es portarà a terme durant els dies 27 de desembre de 2026 a 4 de gener de 2027, al Recinte Firal situat al carrer d’Orosi cantonada Pompeu Fabra de Tarragona, tot d’acord amb les condicions previstes al Plec de Prescripcions tècniques.;EMPRESA MUNICIPAL DE DESENVOLUPAMENT ECONÒMIC DE TARRAGONA SA;servicios;En plazo;;22/10/2026;152187;https://contractaciopublica.cat/ca/detall-publicacio/b9ec0ffd-ede3-46b5-85b5-8d050a634d8b/300892182
Licitaciones;Asistencia técnica en el diseño y coordinación global de un evento/acto institucional, y en el diseño, fabricación y coordinación del stand de DFB para su participación en ferias y congresos relacionados con emprendimiento e innovación;BEAZ-Dirección General;servicios;En plazo;;20/10/2026;152000;https://www.contratacion.euskadi.eus/webkpe00-kpeperfi/es/contenidos/anuncio_contratacion/expgebizkaia3392006/es_doc/index.html
Licitaciones;"Execució de les obres del“Projecte de reposició de la canonada general de distribució d’aigua potable del veïnat de Gaserans al municipi de Sant Feliu de Buixalleu"", elaborat per l’arquitecte municipal, aprovat definitivament per acord de Ple Municipal de data 29 de juny de 2026.";Ajuntament de Sant Feliu de Buixalleu;obras;En plazo;;20/10/2026;150773,25;https://contractaciopublica.cat/ca/detall-publicacio/564b3060-8b5a-49b3-86bc-af8e1eec1687/300900335
Licitaciones;Suministro de contenedores de carga lateral para recogida de fracción resto, papel y tarjeta, envases y vidrio.;Concello de O Grove;suministros;En plazo;;20/10/2026;150000;https://www.contratosdegalicia.gal/licitacion?N=829186
Licitaciones;Servicio PAUSOZ PAUSO que complemente el servicio municipal de intervención socioeducativa y psicosocial que se realiza con las personas en situación de riesgo o exclusión social;Ayuntamiento de Errenteria-Alcalde-Presidente;servicios;En plazo;;20/10/2026;144350;https://www.contratacion.euskadi.eus/webkpe00-kpeperfi/es/contenidos/anuncio_contratacion/expjaso698380/es_doc/index.html
Licitaciones;P2026-001 Climatización Comisaria PF de Tudela;la Directora General de Transición Energética y Digital, I+D+i empresarial y Emprendimiento;obras;En plazo;;20/10/2026;142189,22;https://hacienda.navarra.es/sicpportal/mtoAnunciosModalidad.aspx?cod=26100115075534CC2963
Licitaciones;Servicio vigilancia y seguridad, medios técnicos, conexión a CRA.;Delegación Territorial de Desarrollo Educativo y Formación Profesional y de Universidad, Investigación e Innovación en Jaén;servicios;En plazo;;15/10/2026;140408,94;https://www.juntadeandalucia.es/haciendayadministracionpublica/apl/pdc_sirec/perfiles-licitaciones/detalle-licitacion.jsf?idExpediente=1009387
Licitaciones;Renovación del servicio de soporte/mantenimiento de los equipos de comunicaciones de Datacenter y Campus de Cisco;LANTIK-Director-Gerente;servicios;En plazo;;21/10/2026;139999;https://www.contratacion.euskadi.eus/webkpe00-kpeperfi/es/contenidos/anuncio_contratacion/expgebizkaia3674471/es_doc/index.html
Licitaciones;"Suministro, Instalación y Puesta en Funcionamiento de un Sistema Integral de Cribado Diagnóstico de Oftalmología con destino al Hospital Universitario Príncipe de Asturias (Centro Integral de Diagnóstico y Tratamiento ""Francisco Díaz"")";Hospital Universitario Príncipe de Asturias;suministros;En plazo;;21/10/2026;139000;https://contratos-publicos.comunidad.madrid/contrato-publico/sistema-integral-cribado-diagnostico-oftalmologia
Licitaciones;Servei d’impressió de les proves i fulls de respostes de l’avaluació de diagnòstic de quart de primària i dels fulls de respostes de l’avaluació de diagnòstic de segon d’ESO del curs 2026-2027;Agència d'Avaluació i Prospectiva de l'Educació;servicios;En plazo;;20/10/2026;136529,09;https://contractaciopublica.cat/ca/detall-publicacio/717bb049-27c7-4022-8899-3cb649a87456/300898052
Licitaciones;Servicio del mantenimiento y soporte a la gestión del sistema moodle;VISESA - Vivienda y Suelo de Euskadi, S.A.-Director/a General de VISESA;servicios;En plazo;;07/10/2026;134630;https://www.contratacion.euskadi.eus/webkpe00-kpeperfi/es/contenidos/anuncio_contratacion/expjaso743142/es_doc/index.html
Licitaciones;L’objecte del contracte es refereix a la contractació del subministrament, en règim d’adquisició i muntatge de mobiliari divers per les instal·lacions de l’Empresa Municipal de Desenvolupament Econòmic de Tarragona, SA, i d’acord amb les característiques previstes al Plec de prescripcions tècniques particulars.;EMPRESA MUNICIPAL DE DESENVOLUPAMENT ECONÒMIC DE TARRAGONA SA;suministros;En plazo;;22/10/2026;132129,5;https://contractaciopublica.cat/ca/detall-publicacio/a41f3b97-b008-4593-a054-f9c6b5008b35/300864522
Licitaciones;servicio mudanza y transporte para los oojj de malaga y prov;Delegación Territorial de Justicia, Administración Local y Función Pública en Málaga;servicios;En plazo;;21/10/2026;131142;https://www.juntadeandalucia.es/haciendayadministracionpublica/apl/pdc_sirec/perfiles-licitaciones/detalle-licitacion.jsf?idExpediente=1008478
Licitaciones;Serveis de Coordinació de Seguretat i Salut en fased’Execució d’Obra i Coordinació d’activitats empresarials de les obres de la fase 1 de la reforma i ampliació de l'equipament municipal Can Felipa, situat a la plaça Josep María Huertas Claveria 1, al districte de Sant Martí, a Barcelona.;Barcelona d'Infraestructures Municipals SA;servicios;En plazo;;22/10/2026;130440,77;https://contractaciopublica.cat/ca/detall-publicacio/9ff2420c-67d4-4193-9c23-bd7d9e423849/300899792
Licitaciones;Suministro, instalación y puesta en funcionamiento de dos mesas quirúrgicas de cirugía traumatológica y una mesa quirúrgica de cirugía vascular para el Bloque Quirúrgico.;Hospital Universitario Príncipe de Asturias;suministros;En plazo;;21/10/2026;129000;https://contratos-publicos.comunidad.madrid/contrato-publico/suministro-instalacion-puesta-funcionamiento-dos-mesas-quirurgicas-cirugia
Licitaciones;L’objecte del contracte és l’execució de l’obra Restitució del mur de contenció del camp de futbol de Castellví de la Marca. Aquesta obra consisteix en la millora de les condicions de seguretat del mur de contenció existent, en mal estat, per garantir les condicions de seguretat del perímetre del camp de Futbol de Castellví de la Marca.;Ajuntament de Castellví de la Marca;obras;En plazo;;19/10/2026;126876,73;https://contractaciopublica.cat/ca/detall-publicacio/bdef7b57-401d-4ea2-80e0-b98ab98d5456/300899280
Licitaciones;Suministro, instalación y mantenimiento de sistema de videovigilancia en zona centro para el Ayuntamiento de Vitoria-Gasteiz;Ayuntamiento de Vitoria-Gasteiz-Junta de Gobierno Local;suministros;En plazo;;16/10/2026;123966,94;https://www.contratacion.euskadi.eus/webkpe00-kpeperfi/es/contenidos/anuncio_contratacion/expjaso743939/es_doc/index.html
Licitaciones;servicio de monitorización y vigilancia de incendios forestales rpas;Agencia de Emergencias de Andalucía;servicios;En plazo;;16/10/2026;123912;https://www.juntadeandalucia.es/haciendayadministracionpublica/apl/pdc_sirec/perfiles-licitaciones/detalle-licitacion.jsf?idExpediente=1011627
Licitaciones;L’execució de les obres destinades a les obres de reparació i manteniment d’aglomerat asfàltic de diferents carrers del terme municipal de Sant Vicenç dels Horts. En concret es licita l’execució de les obres contingudes en la Fase 1 i Fase 4 de la memòria valorada.;Ajuntament de Sant Vicenç dels Horts;obras;En plazo;;02/11/2026;123818,48;https://contractaciopublica.cat/ca/detall-publicacio/da9975db-b778-4f73-886c-7042daa395f7/300900469
Licitaciones;Instal·lació de grups electrògens als Centres d'Atenció Primària (CAP) d'Almacelles, La Granadella i Seròs, gestionats per l'Institut Català de la Salut;ICS - Hospital Universitari Arnau de Vilanova de Lleida i GAPiC Àmbit Lleida;obras;En plazo;;19/10/2026;123230,96;https://contractaciopublica.cat/ca/detall-publicacio/0c9ecf66-2a5a-41ed-810d-fed650f495a7/300899276
Licitaciones;Contracte de serveis per a l'assistència tècnica per a la redacció del projecte constructiu. Integració urbana de la GI-634 entre els PK 5+630 i 6+290. Colomers. Clau: AG-05087.2-A1-C1;Infraestructures de la Generalitat de Catalunya, SAU;servicios;En plazo;;26/10/2026;122571,07;https://contractaciopublica.cat/ca/detall-publicacio/a1e0291b-af81-4a66-b06c-eacec8862a3f/300899277
Licitaciones;Compra de servidores;BILBAOTIK, S.A.-Dirección general, Presidencia;suministros;En plazo;;20/10/2026;122000;https://www.contratacion.euskadi.eus/webkpe00-kpeperfi/es/contenidos/anuncio_contratacion/expjaso747528/es_doc/index.html
Licitaciones;ubministrament de l'Equipament dele Nou Servei de Rehabilitació de l'IAS. Lots deserts.;Institut d'Assistència Sanitària (IAS);suministros;En plazo;;08/10/2026;118300;https://contractaciopublica.cat/ca/detall-publicacio/862207d6-6702-4c79-aa99-aff16e50d6ba/300900081
Licitaciones;Servei de menjador de l'Escola Bernat Metge de L'Hospitalet de Llobregat;Centres educatius - Serveis Territorials al Barcelonès;999;En plazo;;20/10/2026;117646,5;https://contractaciopublica.cat/ca/detall-publicacio/6e3e5024-a362-49fe-bba4-a209fad15b18/300879284
Licitaciones;Obras de instalación de una cocina in situ en el CEIP Altza de Donostia (Gipuzkoa).;Gobierno Vasco-Dirección de Gestión Económica;obras;En plazo;;25/10/2026;116070,7;https://www.contratacion.euskadi.eus/webkpe00-kpeperfi/es/contenidos/anuncio_contratacion/expjaso740758/es_doc/index.html
Licitaciones;El objeto del presente expediente de contratación consiste en el suministro, instalación y puesta en funcionamiento, mediante adquisición, de una torre de laparoscopia con tecnología de fluorescencia, con destino al Servicio de Cirugía General y del Aparato Digestivo del Hospital Universitario El Escorial, cuyas características se especifican en el pliego de prescripciones técnicas particulares.;Hospital Universitario El Escorial;suministros;En plazo;;20/10/2026;112480;https://contratos-publicos.comunidad.madrid/contrato-publico/suministro-torre-laparoscopia-servicio-cirugia-general-hospital-universitario-0
Licitaciones;Contracte de substitució de la canonada de l'aigua des de Cal Cintet fins l'arqueta número 7.;Ajuntament de Sant Jaume de Frontanyà;obras;En plazo;;26/10/2026;112453,03;https://contractaciopublica.cat/ca/detall-publicacio/cc8c6046-5eef-4910-ba74-37edc6e4476e/300900116
Licitaciones;Adquisición de envases con tapón de seguridad para el transporte y conservación de clorhidrato de metadona para el Hospital Universitario Infanta Leonor;Hospital Universitario Infanta Leonor;suministros;En plazo;;23/10/2026;110664;https://contratos-publicos.comunidad.madrid/contrato-publico/adquisicion-envases-tapon-seguridad-transporte-conservacion-clorhidrato-metadona-0
Licitaciones;Suministro, de material fungible para sistema de cribado auditivo en el Servicio de Neonatología del Hospital Universitario 12 de Octubre;Hospital Universitario 12 de Octubre;suministros;En plazo;;03/11/2026;107800;https://contratos-publicos.comunidad.madrid/contrato-publico/suministro-material-fungible-sistema-cribado-auditivo-servicio-neonatologia
Licitaciones;Mixt de serveis i subministraments del Parc de Nadal: -Lot 1. Servei d'execució i dinamització d'activitats infantils del Parc de Nadal. -Lot 2. Subministrament, en règim de lloguer, de carpes i equipaments auxiliars. -Lot 3. Servei de neteja de les instal·lacions.;Ajuntament d'Abrera;servicios;En plazo;;20/10/2026;107493,97;https://contractaciopublica.cat/ca/detall-publicacio/b97585a1-2ab9-4973-8f0c-269fb6b7a03c/300895761
Licitaciones;L'abastament d'aigua potable del barri de Valldeperes depèn de les aigües provinent del pou de Valldeperes situat a l’oest del nucli del mateix nom, a uns 50 metres en planta i a una cota de 660 msnm, el pou té 1,5 metres de profunditat. L’aigua procedent del pou Valldeperes procedeix d’un aqüífer situat amb estrats de guix i s’hi han detectat concentracions d’elements per sobre dels límits establerts per reial decret 140/2003. Des del pou Valldeperes, l’aigua es bombeja fins el dipòsit de Valldeperes, situat al nord del nucli de població i a 690 metres sobre el nivell del mar. Des del dipòsit de Valldeperes l’aigua és distribueix per gravetat a través d’una xarxa renovada l’any 2009, aprofitant unes obres de Pavimentació i Serveis del PUOSC. El nucli de Valldeperes també disposa d’una segona font, el Pou Nou Valldeperes, executada l’any 2020 i actualment seca. El Pou Nou Valldeperes està situat al sud-est del nucli, a uns 800m de distància en planta i a una cota de 635 msnm. El Pou Nou Valldeperes disposa de connexió amb el dipòsit, una canonada de polietilè de DN50 PN10 i una longitud de 1010 metres, i d’un sistema d’alimentació i bombeig solar. Tot aquest sistema no s’ha pogut posar en marxa ja que un cop realitzada la instal·lació es va detectar que el pou s’havia assecat. En base als resultats de l’Estudi Hidrogeològic inclòs en l’Annex 01, es proposa construir la nova captació d’aigua subterrània en un punt pròxim al Nou Pou Valldeperes;Ajuntament de Pontils;obras;En plazo;;26/10/2026;106386;https://contractaciopublica.cat/ca/detall-publicacio/2b8ce556-363a-47b6-ba50-f07b0fc18045/300894758
Licitaciones;Suministro ENOXAPARINA jeringas precargadas, para el Servicio de Farmacia del Hospital Clinico San Carlos;Hospital Universitario Clínico San Carlos;suministros;En plazo;;26/10/2026;104487;https://contratos-publicos.comunidad.madrid/contrato-publico/suministro-enoxaparina-jeringas-precargadas-servicio-farmacia-hospital-clinico-san
Licitaciones;Servei d’organització, realització, coordinació i gestió del Mercat Medieval de Santa Coloma de Gramenet, en les dates, lloc, condicions i amb l’abast determinats en el plec de prescripcions tècniques. La gestió del servei es durà a terme mitjançant una concessió de serveis, d’acord ambl’article 15 de la Llei9/2017, de 8 de novembre, de Contractes del Sector públic (LCSP) que comportarà la transferència al concessionari del risc operacional, incloent el risc de demanda, i el risc de no recuperació de les inversions realitzades, si n’hi haguessin. Complementàriament és objecte del contracte la promoció del medi ambient i la igualtat de gènere.;Ajuntament de Santa Coloma de Gramenet;concesión de servicios;En plazo;;13/10/2026;104000;https://contractaciopublica.cat/ca/detall-publicacio/57fca88c-87a7-4933-9f7b-425aefedc9b5/300899657
Licitaciones;adecuación audiovisual salón de actos y sala de juntas edif pnz. ieca;Instituto de Estadística y Cartografía de Andalucía;suministros;En plazo;;20/10/2026;93075,22;https://www.juntadeandalucia.es/haciendayadministracionpublica/apl/pdc_sirec/perfiles-licitaciones/detalle-licitacion.jsf?idExpediente=1013647
Licitaciones;Suministro materiales identificación animal para el Servicio de Ganadería de la Dirección General de Agricultura y Ganadería;Dirección General de Agricultura y Ganadería, Consejería de Agricultura, Ganadería, Mundo Rural y Medio Ambiente;suministros;En plazo;;22/10/2026;93000;https://www.larioja.org/contratacion-publica/es/licitaciones/consulta-expedientes?homepage=?p_colateral%3D05-3-9.01-0065%2F2026%26p_dia_ini%3D05%26p_mes_ini%3D10%26p_ano_ini%3D2026%26p_dia_fin%3D05%26p_mes_fin%3D10%26p_ano_fin%3D2026%26p_todas%3DN
Licitaciones;Evolución de la infraestructura de F5;BILBAOTIK, S.A.-Dirección general, Presidencia;suministros;En plazo;;20/10/2026;90500;https://www.contratacion.euskadi.eus/webkpe00-kpeperfi/es/contenidos/anuncio_contratacion/expjaso747531/es_doc/index.html
Licitaciones;Suministro, instalación y puesta en funcionamiento de equipamiento con destino al servicio de microbiología del hospital universitario 12 de Octubre;Hospital Universitario 12 de Octubre;suministros;En plazo;;13/10/2026;87100;https://contratos-publicos.comunidad.madrid/contrato-publico/suministro-instalacion-puesta-funcionamiento-equipamiento-destino-servicio
Licitaciones;Suministro, instalación y puesta en funcionamiento de una mesa quirúrgica de urgencias y una mesa quirúrgica de cirugía general;Hospital Universitario Príncipe de Asturias;suministros;En plazo;;21/10/2026;86000;https://contratos-publicos.comunidad.madrid/contrato-publico/suministro-instalacion-puesta-funcionamiento-mesa-quirurgica-urgencias-mesa
Licitaciones;Obres de reparació de camins públics afectats per la llevantada “Harry” al municipi de Quart;Ajuntament de Quart;obras;En plazo;;19/10/2026;84251,55;https://contractaciopublica.cat/ca/detall-publicacio/54333d98-7019-4d80-9699-a9ee19f3f53e/300900238
Licitaciones;L’objecte d’aquest contracte és l’execució de les obres de reforma i millores de pavimentació en diversos carrers del municipi, amb la finalitat d’obtenir uns espais públics amb més seguretat i millors condicions d’accessibilitat d’aquests.;Ajuntament de Sant Feliu de Guíxols;obras;En plazo;;13/10/2026;82644,63;https://contractaciopublica.cat/ca/detall-publicacio/1c9b850e-d73f-4f77-b254-d70840b00a36/300899342
Licitaciones;Serveis de producció, transport, disseny i coordinació tècnica de l’estand de l’Institut Ramon Llull al Saló Internacional del Llibre de Torí en l’edició de l’any 2027, on la literatura catalana serà la convidada d’honor. L’estand cobrirà una superfície de 150 m2 al pavelló “Oval” del recinte “Lingotto” de la Fira de Torí. El Saló està previst que tingui lloc entre el 13 i el 17 de maig de 2027.;Consorci de l'Institut Ramon Llull;servicios;En plazo;;15/10/2026;81906,23;https://contractaciopublica.cat/ca/detall-publicacio/9224206d-2b6c-4762-97f8-0e83a9a52f14/300900455
Licitaciones;Servei de dinamització de l'Espai Veïnal del carrer Química 2-18, al territori de la Marina del Port del Districte de Sants-Montjuïc amb objectius d'eficiència social.;Ajuntament de Barcelona;servicios;En plazo;;20/10/2026;81730,27;https://contractaciopublica.cat/ca/detall-publicacio/b022138c-93e4-4b9f-94b0-3b94f87b07cf/300898672
Licitaciones;Servei de disseny gràfic, maquetació i adaptació d’originals de l’Ajuntament de Sant Joan Despí;Ajuntament de Sant Joan Despí;servicios;En plazo;;20/10/2026;80000;https://contractaciopublica.cat/ca/detall-publicacio/1ebc6527-9bca-44e5-a258-6466e8c3f9d0/300899824
Licitaciones;Servicio de limpieza de márgenes, taludes y cunetas de loscaminos de caseríos de Azpeitia y acondicionamiento de los mismos en épocas de nevadas y heladas;Ayuntamiento de Azpeitia-Alcaldía;servicios;En plazo;;08/10/2026;79477,49;https://www.contratacion.euskadi.eus/webkpe00-kpeperfi/es/contenidos/anuncio_contratacion/expjaso688641/es_doc/index.html
Licitaciones;Obras de adecuación del espacio destinado a cafetería en la plaza de la constitución;Representante legal NICDO;obras;En plazo;;07/10/2026;76797,4;https://hacienda.navarra.es/sicpportal/mtoAnunciosModalidad.aspx?cod=260918101423424755F0
Licitaciones;5893/2026 Licitación para contratar el suministro/adquisicion de una mini excavadora para actuaciones de prevención de incendios forestales.;Concello de O Porriño;suministros;En plazo;;13/10/2026;75141;https://www.contratosdegalicia.gal/licitacion?N=829293
Licitaciones;adecuación de zona social del campo de fútbol Juan Carlos Unzué;Alcaldía;obras;En plazo;;20/10/2026;74906,8;https://hacienda.navarra.es/sicpportal/mtoAnunciosModalidad.aspx?cod=261005211528727D0A25
Licitaciones;obras de mejora de la zona de ocio en el complejo deportivo Mendikur de Orkoien;Alcaldía;obras;En plazo;;20/10/2026;74906,8;https://hacienda.navarra.es/sicpportal/mtoAnunciosModalidad.aspx?cod=261005145430BF2C39FE
Licitaciones;Serveis d’excavació arqueològica de la cinquena campanya del jaciment romà de la Penya dels Padrets d’acord amb les prescripcions tècniques.;Ajuntament de Blanes;servicios;En plazo;;21/10/2026;74374,29;https://contractaciopublica.cat/ca/detall-publicacio/51adf865-4d2b-4d1f-8e13-75b197349c05/300900215
Licitaciones;Equipación-Mejora y dotación del Centro de Iniciativas Municipales ( CIMA);Concello de A Veiga;suministros;En plazo;;15/10/2026;73319,94;https://www.contratosdegalicia.gal/licitacion?N=829299
Licitaciones;contrato de servicios para el desarrollo del programa herrizaintza y del programa alfabetatze;Ayuntamiento de Elorrio-Junta de Gobierno Local;servicios;En plazo;;20/10/2026;73086,8;https://www.contratacion.euskadi.eus/webkpe00-kpeperfi/es/contenidos/anuncio_contratacion/expgebizkaia3675230/es_doc/index.html
Licitaciones;"a. Tipo: Obras. b. Descripción: obras de instalación de una planta fotovoltaica en la cubierta del edificio situado en la calle Alcalá nº 31, propiedad de Planifica Madrid, Proyectos y Obras, M.P., S.A., con una potencia nominal instalada de 20kW. con el fin de permitir su abastecimiento energético&nbsp;reduciendo así el consumo de combustibles fósiles y contribuyendo al beneficio ambiental y social, evitando mayores emisores contaminantes. El alcance, criterios técnicos y condiciones de ejecución de los trabajos se desarrollan con detalle en el Proyecto visado por el Colegio Oficial de Ingenieros Industriales de la Comunidad Valenciana con fecha 28 de noviembre de 2024. c. Situación: Calle Alcalá, 31 de Madrid. d. División por lotes: No. e. Plazo de ejecución: Dos (2) Meses, desde al día siguiente de la firma del Acta de Inicio de ejecución de las obras. f. Prórrogas: No.";Planifica Madrid, Proyectos y Obras, S.A.;obras;En plazo;;28/10/2026;68530,83;https://contratos-publicos.comunidad.madrid/contrato-publico/planifica-madrid-proyectos-obras-mp-sa-gp-asa-0022-2026-o-ejecucion-obras
Licitaciones;servicio de vigilancia y seguridad en el museo de bellas artes de granada;Delegación Territorial de Turismo, Cultura y Deporte en Granada;servicios;En plazo;;20/10/2026;67947,11;https://www.juntadeandalucia.es/haciendayadministracionpublica/apl/pdc_sirec/perfiles-licitaciones/detalle-licitacion.jsf?idExpediente=1013858
Licitaciones;L’objecte del present projecte és la de “Projecte tècnic de millora del vial d'accés al nucli de la Morana “;Ajuntament de Torrefeta i Florejacs;obras;En plazo;;25/10/2026;66764,07;https://contractaciopublica.cat/ca/detall-publicacio/4f34a8df-404f-4d84-bdf0-ec58654c2f8c/300900180
Licitaciones;Contratación por un año de los productos de la Plataforma Analítica Microsoft Fabric y Power Bi Pro y Servicios sobre esta plataforma para la Oficina del Dato.;Ayuntamiento de Vitoria-Gasteiz-Concejala-Delegada del Departamento de Alcaldía y Relaciones Institucionales e igualdad;servicios;En plazo;;23/11/2026;65661;https://www.contratacion.euskadi.eus/webkpe00-kpeperfi/es/contenidos/anuncio_contratacion/expjaso744631/es_doc/index.html
Licitaciones;Mejora de la pavimentación del camino del Pazo a Coirón(D-01);Concello de Meaño;obras;En plazo;;21/10/2026;65083,48;https://www.contratosdegalicia.gal/licitacion?N=829291
Licitaciones;servicio de limpieza del museo casa de los tiros de granada;Delegación Territorial de Turismo, Cultura y Deporte en Granada;servicios;En plazo;;20/10/2026;64868,15;https://www.juntadeandalucia.es/haciendayadministracionpublica/apl/pdc_sirec/perfiles-licitaciones/detalle-licitacion.jsf?idExpediente=1013859
Licitaciones;servicio de vigilancia y seguridad en el museo casa de los tiros de granada;Delegación Territorial de Turismo, Cultura y Deporte en Granada;servicios;En plazo;;20/10/2026;64323,62;https://www.juntadeandalucia.es/haciendayadministracionpublica/apl/pdc_sirec/perfiles-licitaciones/detalle-licitacion.jsf?idExpediente=1013851
Licitaciones;El objeto de este contrato es la prestación del servicio de seguimiento y control de calidad, auditorías técnicas y asesoramiento técnico de la prestación del servicio de limpieza viaria, limpieza de playas, recogida de residuos y gestión del punto limpio de Sant Feliu de Guíxols, que se llevará a cabo según las condiciones establecidas en este pliego y en el pliego de prescripciones técnicas.;Ajuntament de Sant Feliu de Guíxols;servicios;En plazo;;05/10/2026;63683,6;https://contractaciopublica.cat/ca/detall-publicacio/5e4d8fba-b3df-4c9b-891a-26120dc17461/300898505
Licitaciones;Subministrament, instal·lació, parametrització i manteniment d’un sistema d’informació que permeti la gestió integrada dels recursos humans (nòmines i Seguretat Social) de l’Ajuntament de Cassà de la Selva adaptat al marc normatiu legal vigent i que inclogui la migració de dades, formació i suport d'operacions en cada moment utilitzant les noves tecnologies disponibles.;Ajuntament de Cassà de la Selva;suministros;En plazo;;06/10/2026;63250;https://contractaciopublica.cat/ca/detall-publicacio/3a155e4d-564a-4323-9a58-8d94ad972963/300900196
Licitaciones;Diseño, modernización, desarrollo, implantación, puesta en producción y mantenimiento de la nueva página web MUGI.;Autoridad Territorial del Transporte de Gipuzkoa-Directora general;servicios;En plazo;;13/10/2026;60000;https://www.contratacion.euskadi.eus/webkpe00-kpeperfi/es/contenidos/anuncio_contratacion/expjaso740661/es_doc/index.html
Licitaciones;Contratación del servicio de asistencia técnica para la gestión, coordinación administrativa y seguimiento financiero del proyecto EFA 404/10 LURROLA.;EI-SEV-DIRECCIÓN GENERAL;servicios;En plazo;;09/10/2026;60000;https://www.contratacion.euskadi.eus/webkpe00-kpeperfi/es/contenidos/anuncio_contratacion/expjaso743746/es_doc/index.html
Licitaciones;renovación de licencias office 365;Verificaciones Industriales de Andalucía, S.A. (VEIASA);suministros;En plazo;;08/10/2026;59946;https://www.juntadeandalucia.es/haciendayadministracionpublica/apl/pdc_sirec/perfiles-licitaciones/detalle-licitacion.jsf?idExpediente=1008885
Licitaciones;Suministro de Banderas, Peanas y Mástiles en las Sedes Judiciales de la Comunidad de Madrid;Consejería de Presidencia, Justicia y Administración Local;suministros;En plazo;;20/10/2026;59420;https://contratos-publicos.comunidad.madrid/contrato-publico/suministro-banderas-peanas-mastiles-sedes-judiciales-comunidad-madrid
Licitaciones;"Execució de les obres incloses en el ""Projecte refós per l'arranjament i millora del carrer del cementiri i la plaça del nucli de Sant Just.";Ajuntament de Pinós;obras;En plazo;;20/10/2026;56845,14;https://contractaciopublica.cat/ca/detall-publicacio/acd5aa4c-caaa-4c70-9a55-c60b711421f9/300900126
Licitaciones;servicio de seguridad,vigilancia, conexión a cra y servicio de respuesta;Delegación Territorial de Turismo, Cultura y Deporte en Granada;servicios;En plazo;;20/10/2026;56484,98;https://www.juntadeandalucia.es/haciendayadministracionpublica/apl/pdc_sirec/perfiles-licitaciones/detalle-licitacion.jsf?idExpediente=1013828
Licitaciones;Servei de neteja de l’Institut Federica Montseny, de Badia del Vallès;Centres educatius - Serveis Territorials al Vallès Occidental;servicios;En plazo;;21/10/2026;56440,73;https://contractaciopublica.cat/ca/detall-publicacio/cab887df-1e88-4935-9ed0-e885a418919d/300899934
Licitaciones;L’objecte del contracte consisteix en la prestació de serveis especialitzats per al manteniment, evolució i extensió de la presència de la identitat visual de la XarxaNEUROAGE, amb l’objectiu de garantir una comunicació coherent, homogènia i alineada amb els objectius estratègics de la xarxa durant el període d’execució del projecte 2025 XARDI 00006 – NEUROAGE, destinat a la Direcció d’Innovació i Desenvolupament de Negoci de la Fundació Hospital Universitari Vall Hebron - Institut de Recerca (VHIR).;Fundació Hospital Universitari Vall d'Hebron - Institut de Recerca;servicios;En plazo;;20/10/2026;56000;https://contractaciopublica.cat/ca/detall-publicacio/74f1b296-9cc1-4d03-b03d-588f78e3693d/300898017
Licitaciones;Servicio de Dirección Facultativa para la Obra de Reforma y Humanización del Área de Paritorio y Neonatología del Hospital Universitario de Getafe;Hospital Universitario de Getafe;servicios;En plazo;;19/10/2026;53719,01;https://contratos-publicos.comunidad.madrid/contrato-publico/servicio-direccion-facultativa-obra-reforma-humanizacion-area-paritorio
Licitaciones;Servei de reparació i substitució de diversos elements electromecànics, subministrament de les peces necessàries i posada en funcionament dels ascensors exteriors de Puigcerdà: ascensor inclinat, ascensor vertical panoràmic de la plaça de l'Ajuntament i ascensor vertical de l'aparcament de les Tereses (esquerre).;Ajuntament de Puigcerdà;servicios;En plazo;;20/10/2026;53607,29;https://contractaciopublica.cat/ca/detall-publicacio/66645798-58bc-4d94-b3f4-6be213893a20/300900304
Licitaciones;L'objecte del contracte és l'execució de les obres i subministraments: instal·lació solar fotovoltaica, treballs d’envidrament, tanques a tres edificis titularitat de l’Ajuntament de Coll de Nargó degut a que es varen malmetre per l’episodi de vent del mes de març de 2026.;Ajuntament de Coll de Nargó;obras;En plazo;;14/10/2026;52400,09;https://contractaciopublica.cat/ca/detall-publicacio/42dbb97e-8251-4e37-a5ba-c5ad73729aa3/300900401
Licitaciones;pass 227/2026 (sevilla) 0000693/2026contratación del suministro y montaje de 102 espacios de almacenamiento en el nuevo servicio de urgencias de atención primaria (suap) y de 42 mamparas modulares para el nuevo centro de salud nuestra señora de los dolores, adscritos al distrito sanitario sevilla del servicio andaluz de salud, mediante procedimiento abierto simplificado abreviado (supersimplificado), tramitación ordinaria y presentación electrónica de ofertas;Servicio Andaluz de Salud;suministros;En plazo;;20/10/2026;51197,16;https://www.juntadeandalucia.es/haciendayadministracionpublica/apl/pdc_sirec/perfiles-licitaciones/detalle-licitacion.jsf?idExpediente=1013802
Licitaciones;servicio de vigilancia y seguridad en el i.e.s. la rosaleda de málaga;Delegación Territorial de Desarrollo Educativo y Formación Profesional y de Universidad, Investigación e Innovación en Málaga;servicios;En plazo;;16/10/2026;50715,52;https://www.juntadeandalucia.es/haciendayadministracionpublica/apl/pdc_sirec/perfiles-licitaciones/detalle-licitacion.jsf?idExpediente=1008468
Licitaciones;Contratación de suministro de Pc´s de sobremesa y monitores para el Parlamento de Navarra;La Mesa del Parlamento de Navarra;suministros;En plazo;;21/10/2026;50160;https://hacienda.navarra.es/sicpportal/mtoAnunciosModalidad.aspx?cod=261005112258FDB22798
Licitaciones;Servei de manteniment i conservació de la instal·lació elèctrica de baixa tensió (quadres i subquadres) de les seus de Barcelona i de Terrassa de l’Institut del Teatre, i d’alta tensió de la seu de Barcelona.;Institut del Teatre;servicios;En plazo;;22/10/2026;49150,23;https://contractaciopublica.cat/ca/detall-publicacio/f4730bc4-de95-4953-b4fd-44a4e6855270/300899471
Licitaciones;Servicio de limpieza del Instituto Antoni Ballester;Centres educatius - Serveis Territorials a Tarragona;servicios;En plazo;;19/10/2026;48863,11;https://contractaciopublica.cat/ca/detall-publicacio/a080215c-f69b-4577-a381-f6f8ed2137d7/300897843
Licitaciones;Servei de monitoratge per a la migdiada dels infants a la Llar d'Infants La Florida de L'Hospitalet de Llobregat;Centres educatius - Serveis Territorials al Barcelonès;servicios;En plazo;;20/10/2026;46155;https://contractaciopublica.cat/ca/detall-publicacio/b122ded8-2d73-40fa-b6b2-274f575827c8/300898977
Licitaciones;Contractació mixta del servei de gestió integral dels Actes Tradicionals i Populars Nadalencs i de la Cavalcada de Reis d'Orient del municipi de Barberà del Vallès, que junt amb la seva codificació, figura a l'apartat A) del quadre de característiques annex (Annex 1). El contracte definit té la qualificació de contracte de serveis d'acord amb l'article 17 de la LCSP, i es troba inclòs a l’annex IV d’idèntica norma (serveis socials, de salut i serveis connexos), i el règim jurídic aplicable és el previst als arts. 308 i ss. de la LCSP, ja que el CPV principal és el 79952100-3 “Serveis d’organització d’esdeveniments culturals” i es troba inclòs en l’esmentat annex IV. A la licitació i execució del contracte regiran, a més de la normativa legal aplicable, el Plec de clàusules administratives particulars i el Plec de prescripcions tècniques (PPT) (Annex 2).;Ajuntament de Barberà del Vallès;servicios;En plazo;;13/10/2026;45500;https://contractaciopublica.cat/ca/detall-publicacio/b8542ca7-aa8a-4c44-ae27-ac8069f996cb/300894850
Licitaciones;Execució dels treballs necessaris per a la millora de les condicions de seguretat, accessibilitat, funcionalitat i conservació de la deixalleria municipal de Begues.;Ajuntament de Begues;obras;En plazo;;20/10/2026;44654,5;https://contractaciopublica.cat/ca/detall-publicacio/5d1cee1e-73d8-4fdf-ae19-2735ddc68c46/300900460
Licitaciones;Contratación del suministro, instalación y mantenimiento de un ascensor en el Albergue Juvenil de Torremolinos, gestionado por la Empresa Andaluza de Gestión de Instalaciones y Turismo Juvenil, S.A. (INTURJOVEN);Empresa Andaluza de Gestión de Instalaciones y Turismo Juvenil, S.A. (INTURJOVEN);suministros;En plazo;;09/10/2026;43868,93;https://www.juntadeandalucia.es/haciendayadministracionpublica/apl/pdc_sirec/perfiles-licitaciones/detalle-licitacion.jsf?idExpediente=1008695
Licitaciones;Contratación del servicio de prevención de riesgos laborales;Fundación para la Investigación Biomédica del Hospital Universitario Puerta de Hierro Majadahonda;servicios;En plazo;;26/10/2026;43600;https://contratos-publicos.comunidad.madrid/contrato-publico/pa-ser-2026-08-servicio-prevencion-riesgos-laborales
Licitaciones;Contratación de los servicios de redacción de proyecto y dirección de facultativa de las obras de rehabilitación de un edificio residencial para albergar 3 viviendas de alquiler en AUZA, Ultzama.;Alcaldía del Ayuntamiento de Ultzama;servicios;En plazo;;27/10/2026;43241,62;https://hacienda.navarra.es/sicpportal/mtoAnunciosModalidad.aspx?cod=260924145207E693F8D3
Licitaciones;Manteniment i suport de la solució de traçabilitat mysphera orvital en el bloc quirúrgic de l'hospital Sant Joan Despí Moisès Broggi del consorci sanitari integral;Consorci Sanitari Integral;servicios;En plazo;;20/10/2026;43000;https://contractaciopublica.cat/ca/detall-publicacio/15bcaa5c-38ef-4f97-b23d-399b92fd41f5/300898394
Licitaciones;suministro mediante la modalidad de renting de un vehículo eléctrico para la flota de veiasa;Verificaciones Industriales de Andalucía, S.A. (VEIASA);suministros;En plazo;;07/10/2026;40500;https://www.juntadeandalucia.es/haciendayadministracionpublica/apl/pdc_sirec/perfiles-licitaciones/detalle-licitacion.jsf?idExpediente=1008316
Licitaciones;Suministro de vestuario y de equipos de protección individual;Mancomunidad Comarcal de Debabarrena-Comisión de Gobierno;suministros;En plazo;;20/10/2026;38601,5;https://www.contratacion.euskadi.eus/webkpe00-kpeperfi/es/contenidos/anuncio_contratacion/expjaso740662/es_doc/index.html
Licitaciones;"""córdoba crea-2026""";Instituto Andaluz de la Juventud;servicios;En plazo;;20/10/2026;38556;https://www.juntadeandalucia.es/haciendayadministracionpublica/apl/pdc_sirec/perfiles-licitaciones/detalle-licitacion.jsf?idExpediente=1013748
Licitaciones;Suministro e instalación de un portón industrial enrollable para el edificio AIC Ermua;Fundación AIC Automotive Intelligence Center -Comisión Ejecutiva;suministros;En plazo;;21/10/2026;37000;https://www.contratacion.euskadi.eus/webkpe00-kpeperfi/es/contenidos/anuncio_contratacion/expjaso747486/es_doc/index.html
Licitaciones;L’objecte del present contracte són els treballs de recollida dels contenidors Multilift des de la deixalleria de Cabanelles i el seu transport, buidat i reposició a la planta de tractament o de gestió indicada per a les fraccions de Resta, Paper i Cartró, Envasos lleugers i vidre, en els termes previstos al Plec de prescripcions tècniques, redactat per Vincle Ambiental S.L.;Ajuntament de Cabanelles;servicios;En plazo;;07/10/2026;35645,46;https://contractaciopublica.cat/ca/detall-publicacio/8ca23e8d-b9fa-4d8c-9586-05f51f3caf7f/300899584
Licitaciones;El objeto del presente expediente administrativo es la contratación de la tasación de la colección de arte de la Administración General de la Comunidad Autónoma del País Vasco, en los términos que figuran en el Pliego de Prescripciones Técnicas.;Gobierno Vasco-Viceconsejero/a de Cultura;servicios;En plazo;;20/10/2026;35000;https://www.contratacion.euskadi.eus/webkpe00-kpeperfi/es/contenidos/anuncio_contratacion/expjaso745181/es_doc/index.html
Licitaciones;Renovación del soporte y mantenimiento de las soluciones TRENDAI;LANTIK-Director-Gerente;servicios;En plazo;;21/10/2026;34600;https://www.contratacion.euskadi.eus/webkpe00-kpeperfi/es/contenidos/anuncio_contratacion/expgebizkaia3674519/es_doc/index.html
Licitaciones;AS-52/2026 Serveis de dos trenets de nadal destinats a la dinamització comercial i promoció de la ciutat de l’Hospitalet de Llobregat durant la campanya de nadal 2026-2027;Ajuntament de l'Hospitalet de Llobregat;servicios;En plazo;;20/10/2026;33057,86;https://contractaciopublica.cat/ca/detall-publicacio/b533b97e-3069-46a8-a43b-7d9bfa012285/300896121
Licitaciones;Suministro de un gastroscopio con canal de trabajo terapéutico, para la unidad de endoscopia del Hospital Universitario de la Princesa;Hospital Universitario de La Princesa;suministros;En plazo;;09/10/2026;32335;https://contratos-publicos.comunidad.madrid/contrato-publico/suministro-gastroscopio-canal-trabajo-terapeutico-unidad-endoscopia-hospital
Licitaciones;Sustitución de alumbrado por tecnología LED del campo de fútbol Aranbizkarra para la reducción del consumo energético;Ayuntamiento de Vitoria-Gasteiz-Junta de Gobierno Local;obras;En plazo;;19/10/2026;30404,95;https://www.contratacion.euskadi.eus/webkpe00-kpeperfi/es/contenidos/anuncio_contratacion/expjaso740940/es_doc/index.html
Licitaciones;Suministro de dos módulos de aseos de reposición para las playas del Ayuntamiento de Nigrán;Concello de Nigrán;suministros;En plazo;;19/10/2026;29983,79;https://www.contratosdegalicia.gal/licitacion?N=829287
Licitaciones;Servicio de diseño, elaboración y ejecución de talleres formativos presenciales para la capacitación de personas emprendedoras;Bilbao Ekintza, E.P.E.L.-Gerencia o Dirección General;servicios;En plazo;;15/10/2026;29920;https://www.contratacion.euskadi.eus/webkpe00-kpeperfi/es/contenidos/anuncio_contratacion/expjaso744338/es_doc/index.html
Licitaciones;Subministrament d’un mòdul de normohipotèrmia per al bloc quirúrgic de l’Hospital General de l’Hospital Universitari Vall d’Hebron;ICS - Hospital Universitari Vall Hebron;suministros;En plazo;;13/10/2026;29064,76;https://contractaciopublica.cat/ca/detall-publicacio/410e593b-e84b-42ad-a3d3-2a7ffb11781e/300894509
Licitaciones;GCA-2026-0035: Contrato de servicio de auditoría de cuentas para Galicia Calidade, S.A.U. durante los años 2026, 2027 y 2028;Galicia Calidade, S.A.U.;servicios;En plazo;;20/10/2026;29040;https://www.contratosdegalicia.gal/licitacion?N=829289
Licitaciones;Subministrament de material de marxandatge promocional personalitzat amb la imatge corporativa de la Marca Turística Blanes, d’acord amb les característiques establertes en el plec de prescripcions tècniques, amb la finalitat de promocionar la destinació turística de Blanes en fires, esdeveniments, campanyes de comunicació i altres accions de promoció turística.;Ajuntament de Blanes;suministros;En plazo;;21/10/2026;26650;https://contractaciopublica.cat/ca/detall-publicacio/aa601ec3-bde6-4ada-b2e3-767af73bf6ac/300894387
Licitaciones;Prestació del servei de manteniment dels equips de protecció contra incendis dels edificis i equipaments de l’Ajuntament de Calella.;Ajuntament de Calella;servicios;En plazo;;21/10/2026;26478,75;https://contractaciopublica.cat/ca/detall-publicacio/a330c83c-d96c-4f25-b39e-1c840d1b1a36/300900470
Licitaciones;Contracte de serveis per a l'assistència tècnica de coordinació de seguretat i salut de les obres del projecte constructiu mes l’annex d’actualització de condicionament per a la millora de la mobilitat i la seguretat de corredors de transport públic i diverses estacions i parades d'autobusos a diversos indrets de Catalunya. Àmbit Girona. Fase 2. Clau: PC-AIC-21084.5.F2 i AA-AIC-21084.5.F2;Infraestructures de la Generalitat de Catalunya, SAU;servicios;En plazo;;26/10/2026;25365,53;https://contractaciopublica.cat/ca/detall-publicacio/db9e129e-36bf-4152-82a0-3d199367808d/300899310
Licitaciones;Servei de manteniment de les àrees de jocs infantils i mobiliari urbà, així com la neteja general dels parcs i espais comuns inclosos en l’àmbit del contracte. Amb I’objectiu de fomentar Ia inserció de Ies persones amb situació o risc d’excIusió sociaI aquest contracte està reservat a Centres EspeciaIs de Treball d’Iniciativa SociaI (CETIS) i aEmpreses d’Inserció (EI).;Ajuntament de Tona;servicios;En plazo;;20/10/2026;24424,5;https://contractaciopublica.cat/ca/detall-publicacio/2fbffb70-3a1a-4713-a151-15097180e40f/300899815
Licitaciones;És la compra d’arbrat, arbustatge i material auxiliar de plantació.;Ajuntament de Puig-reig;suministros;En plazo;;27/10/2026;24243;https://contractaciopublica.cat/ca/detall-publicacio/e08ecc08-fbde-442f-8147-6425225e7358/300899928
Licitaciones;Evaluación externa de las subvenciones nominativas a la Asociación de Amigos y Amigas de la RASD de Álava entre los años 2022 y 2025 (ambos incluidos);Ayuntamiento de Vitoria-Gasteiz-Concejala-Delegada del Departamento de Deporte, Salud y Cooperación al desarrollo;servicios;En plazo;;25/10/2026;24000;https://www.contratacion.euskadi.eus/webkpe00-kpeperfi/es/contenidos/anuncio_contratacion/expjaso747489/es_doc/index.html
Licitaciones;Servei extern de delegat de protecció de dades, d’assessorament, consultoria i gestió en matèria de protecció de dades de caràcter personal, les característiques del qual, i altres aspectes tècnics relacionats, estan contemplats en el plec de prescripcions tècniques.;Ajuntament de Sitges;servicios;En plazo;;21/10/2026;24000;https://contractaciopublica.cat/ca/detall-publicacio/8c38cdea-0bc6-4916-82e2-db570a436092/300895747
Licitaciones;368/ise/2026/ja rp+ddff bioclima en ceip maestros arroquia martínez, jódar;Agencia Pública Andaluza de Educación;servicios;En plazo;;20/10/2026;22200;https://www.juntadeandalucia.es/haciendayadministracionpublica/apl/pdc_sirec/perfiles-licitaciones/detalle-licitacion.jsf?idExpediente=1013838
Licitaciones;Suministro de dos ultracongeladores para los laboratorios del centro de investigación Navarrabiomed-Fundación Miguel Servet;Director de la Fundación Miguel Servet-Navarrabiomed;suministros;En plazo;;14/10/2026;22000;https://hacienda.navarra.es/sicpportal/mtoAnunciosModalidad.aspx?cod=26093014175697635976
Licitaciones;367/ise/2026/ja rp+ddff bioclima ies andrés de vandelvira, baeza;Agencia Pública Andaluza de Educación;servicios;En plazo;;19/10/2026;22000;https://www.juntadeandalucia.es/haciendayadministracionpublica/apl/pdc_sirec/perfiles-licitaciones/detalle-licitacion.jsf?idExpediente=1013640
Licitaciones;Servicio de redacción del Plan de infraestructura verde del Ayuntamiento de Orkoien;Alcaldía;servicios;En plazo;;20/10/2026;21500;https://hacienda.navarra.es/sicpportal/mtoAnunciosModalidad.aspx?cod=261005131626699F043B
Licitaciones;Prestació del servei de bar-cantina de l’Institut Antoni de Martí i Franquès de Tarragona, destinat a l’alumnat, professorat i personal d’administració i serveis, mitjançant l’explotació de les instal·lacions del centre per a la venda de productes alimentaris i begudes d’acord amb el PPT i la normativa aplicable.;Centres educatius - Serveis Territorials a Tarragona;servicios;En plazo;;21/10/2026;21122,5;https://contractaciopublica.cat/ca/detall-publicacio/c833c1a6-88e4-4465-b781-da12e84b3634/300900432
Licitaciones;Servicio de limpieza de la sede del Consorcio, un único lote por procedimiento abierto simplificado.;Consorcio de Aguas y Residuos de La Rioja;servicios;En plazo;;20/10/2026;20680;https://www.larioja.org/contratacion-publica/es/licitaciones/consulta-expedientes?homepage=?p_colateral%3D76-7-9.01-0017%2F2026%26p_dia_ini%3D05%26p_mes_ini%3D10%26p_ano_ini%3D2026%26p_dia_fin%3D05%26p_mes_fin%3D10%26p_ano_fin%3D2026%26p_todas%3DN
Licitaciones;El objeto del contrato está debidamente justificado, por cuanto mediante su ejecución se pretende dar respuesta a la necesidad de reparar y mejorar el estado de conservación de la carretera que discurre por el núcleo urbano de Albiztur, garantizando unas adecuadas condiciones de seguridad, funcionalidad y uso para las personas usuarias y contribuyendo al correcto mantenimiento de las vías de competencia municipal.;Ayuntamiento de Albiztur-Alcalde de Albiztur;obras;En plazo;;26/10/2026;20587;https://www.contratacion.euskadi.eus/webkpe00-kpeperfi/es/contenidos/anuncio_contratacion/expjaso745086/es_doc/index.html
Licitaciones;Contractació mixta per a la posada a disposició d’una plataforma en modalitat SaaS (Software as a Service) per a la gestió de nòmines, administració de personal, control horari i portal de l’empleat/da, i dels serveis d’implantació, configuració, parametrització, migració de dades, formació, suport i manteniment.;Consorci de l'Habitatge de l'Àrea Metropolitana de Barcelona;servicios;En plazo;;20/10/2026;20000;https://contractaciopublica.cat/ca/detall-publicacio/b9e4925e-7d73-4a1d-b8d3-e4415d30b34d/300899689
Licitaciones;Suministro de fertilizantes, fitosanitarios y asimilados Campo Gibraltar;Agencia de Medio Ambiente y Agua de Andalucía;suministros;En plazo;;21/10/2026;19850,5;https://www.juntadeandalucia.es/haciendayadministracionpublica/apl/pdc_sirec/perfiles-licitaciones/detalle-licitacion.jsf?idExpediente=1013818
Licitaciones;Servei de gestió del dispositiu Punt Lila en els espais d'oci vinculats a festes i esdeveniments municipals de Cubelles, així com en determinades activitats diürnes amb finalitats informatives i de sensibilització;Ajuntament de Cubelles;servicios;En plazo;;20/10/2026;17185,6;https://contractaciopublica.cat/ca/detall-publicacio/c32596a2-53c5-479c-8884-1cf4933eb08a/300899744
Licitaciones;Subministrament i servei de desplegament, configuració i posada en servei del sistema corporatiu de control d’accés a la xarxa (NAC) amb la finalitat d’incorporar la filial FGC Mobilitat / línia R-Aeroport a la solució ja existent de Ferrocarrils de la Generalitat de Catalunya (Ref: POS128/26);FGC MOBILITAT, SA;servicios;En plazo;;07/10/2026;16000;https://contractaciopublica.cat/ca/detall-publicacio/efc1d5ed-cfdf-491b-86ed-8097175803c2/300899869
Licitaciones;Contracte de serveis per a l’assistència tècnica de control de qualitat de les obres del projecte constructiu mes l’annex d’actualització de condicionament per a la millora de la mobilitat i la seguretat de corredors de transport públic i diverses estacions i parades d'autobusos a diversos indrets de Catalunya. Àmbit Girona. Fase 2. Clau: PC-AIC-21084.5.F2 i AA-AIC-21084.5.F2;Infraestructures de la Generalitat de Catalunya, SAU;servicios;En plazo;;26/10/2026;15848,64;https://contractaciopublica.cat/ca/detall-publicacio/09c70580-116b-4230-8d01-a20585909ba1/300899257
Licitaciones;Campanya de comunicació i promoció del Nadal a Tarragona com a element dinamitzador del comerç local i de la ciutat.;Ajuntament de Tarragona;servicios;En plazo;;16/10/2026;14999;https://contractaciopublica.cat/ca/detall-publicacio/7389cb1a-9053-4ad7-8787-0e96584d9f93/300900423
Licitaciones;Servicio de asesoramiento jurídico de la Casa de las Mujeres.;Ayuntamiento de Irun -Alcalde;servicios;En plazo;;20/10/2026;14300,64;https://www.contratacion.euskadi.eus/webkpe00-kpeperfi/es/contenidos/anuncio_contratacion/expjaso745284/es_doc/index.html
Licitaciones;rp y df reparación instal eléctrica y sustitución luminarias puerto mazagón;Agencia Pública de Puertos de Andalucía (APPA);servicios;En plazo;;26/10/2026;13500,06;https://www.juntadeandalucia.es/haciendayadministracionpublica/apl/pdc_sirec/perfiles-licitaciones/detalle-licitacion.jsf?idExpediente=1013727
Licitaciones;Suministro de papel DIN A-4 y DIN A-3 para oficinas municipales;Ayuntamiento de Irun -Alcalde;suministros;En plazo;;20/10/2026;12396,69;https://www.contratacion.euskadi.eus/webkpe00-kpeperfi/es/contenidos/anuncio_contratacion/expjaso747510/es_doc/index.html
Licitaciones;Suministro de cestas de Navidad para ANIMSA con reserva de participación conforme al art. 36 de la LFCP a CEE y CIS (537);Asociación Navarra de Informática Municipal, S.A. (ANIMSA);suministros;En plazo;;23/10/2026;12200;https://hacienda.navarra.es/sicpportal/mtoAnunciosModalidad.aspx?cod=26100508180446A90CC6
Licitaciones;concesión de servicios para la gestión y explotación del “Hotel Torre de Uriz” sito en Uriz (Valle de Arce),;Dirección General de Turismo;gestión de servicios públicos;En plazo;;05/11/2026;12100;https://hacienda.navarra.es/sicpportal/mtoAnunciosModalidad.aspx?cod=261005112143BFAF8FF2
Licitaciones;Servei de gestió i control de colònies felines al terme municipal de Vilalba dels Arcs mitjançant l’aplicació del mètode CER (captura, esterilització i retorn) que consisteix en la captura en viu dels gats de la colònia, la revisió del seu estat sanitari per una veterinària o un veterinari, l’esterilització dels gats i gates adults/es, la identificació dels animals mitjançant microxips, marcatge en forma de V a l’orella (esquerra en els mascles i dreta en les femelles), el retorn a la colònia de procedència. El servei també inclou la gestió integral, manteniment i actualització del cens i l’assessorament continuat anual així com, si escau, l’eutanàsia i incineració.;Ajuntament de Vilalba dels Arcs;servicios;En plazo;;20/10/2026;11060;https://contractaciopublica.cat/ca/detall-publicacio/ad2dfdc4-b562-43be-b0bb-a1688f658375/300899892
Licitaciones;Suministro de nitrógeno presas Viñuela y Limonero;Agencia de Medio Ambiente y Agua de Andalucía;suministros;En plazo;;21/10/2026;10788;https://www.juntadeandalucia.es/haciendayadministracionpublica/apl/pdc_sirec/perfiles-licitaciones/detalle-licitacion.jsf?idExpediente=1013784
Licitaciones;La contractació té per objecte prestar el servei de neteja del Centre de Formació de Persones Adultes (CFA) Tarragona.;Centres educatius - Serveis Territorials a Tarragona;servicios;En plazo;;21/10/2026;10521,25;https://contractaciopublica.cat/ca/detall-publicacio/dce871aa-a83f-4cc3-94aa-258c7dc06b3f/300899524
Licitaciones;Gestión del bar del frontón Burunda;Consejo de Administración;servicios;En plazo;;02/11/2026;10400;https://hacienda.navarra.es/sicpportal/mtoAnunciosModalidad.aspx?cod=2610050937580AE0A24C
Licitaciones;L'objecte del contracte és el subministrament de material de diferents publicacions promocionals amb informació diversa de la nostra destinació, d'acord amb les característiques establertes en aquest Plec de Prescripcions Tècniques, amb la finalitat de promocionar la destinació turística de Blanes en fires, esdeveniments, campanyes de comunicació i altres accions de promoció turística.;Ajuntament de Blanes;suministros;En plazo;;21/10/2026;10063;https://contractaciopublica.cat/ca/detall-publicacio/3b26254e-d49a-4c65-8928-09b0737f28dc/300894371
Licitaciones;L’objecte del contracte consisteix en la contractació mixta del subministrament, en règim de lloguer, d’inflables i estructures lúdiques, així com de les prestacions de serveis necessàries per al transport, muntatge,instal·lació, ancoratge, verificació de les condicions de seguretat, posada en funcionament, desmuntatge i retirada dels elements, i per a l’organització i el funcionament operatiu del Parc Infantil de Nadal (PIN) de Maçanet de la Selva;Ajuntament de Maçanet de la Selva;suministros;En plazo;;20/10/2026;9917,36;https://contractaciopublica.cat/ca/detall-publicacio/0b7c9b16-6672-44bf-8c0b-8b1f135fc0cb/300900030
Licitaciones;Oferta pública per la transmissió de l’autorització núm. 60544, per la venda no sedentària al voltant del Mercat Central, els dissabtes;Reus Mobilitat i Serveis SA;administrativo especial;En plazo;;20/10/2026;7438,02;https://contractaciopublica.cat/ca/detall-publicacio/e2d614c4-8dde-46dd-85f9-31b132212445/300899959
Licitaciones;Oferta pública per la transmissió de l’autorització núm. 60544, per la venda no sedentària al voltant del Mercat Central, els dissabtes;Ajuntament de Reus;administrativo especial;En plazo;;20/10/2026;7438,02;https://contractaciopublica.cat/ca/detall-publicacio/6cc02433-76dc-4c49-ad74-05005b604d20/300898698
Licitaciones;"Servicio de mantenimiento preventivo del microscopio de alta gama ZEISS LSM 980 /AXIO OBSERVER 7, instalado &nbsp;en el Centro de Investigación del centro y propiedad de la Fundación de Investigación Biomédica del Hospital 12 de octubre, con la finalidad de garantizar su correcto funcionamiento, fiabilidad y disponibilidad durante la vigencia del contrato.";Fundación para la Investigación Biomédica del Hospital Universitario 12 de Octubre;servicios;En plazo;;20/10/2026;7282,17;https://contratos-publicos.comunidad.madrid/contrato-publico/servicio-mantenimiento-preventivo-microscopio-alta-gama-zeiss-lsm-980-axio
Licitaciones;Subministrament de caramels sense gluten per a la Cavalcada de Reis de Cassà de la Selva i les activitats prèvies d’entrega de cartes i campament reial.;Ajuntament de Cassà de la Selva;suministros;En plazo;;20/10/2026;6710;https://contractaciopublica.cat/ca/detall-publicacio/135020d2-b838-48b5-bded-1c5890e017f7/300899694
Licitaciones;La contratación del servicio de DIRECCIÓN para las obras de pavimentación y mejora de caminos vecinales en el término municipal de Hondarribia;Ayuntamiento de Hondarribia-Alcaldía;servicios;En plazo;;21/10/2026;6200;https://www.contratacion.euskadi.eus/webkpe00-kpeperfi/es/contenidos/anuncio_contratacion/expjaso747498/es_doc/index.html
Licitaciones;Servicio de Asesoramiento ´Iguálate´ de la Casa de las Mujeres.;Ayuntamiento de Irun -Alcalde;servicios;En plazo;;20/10/2026;6111,8;https://www.contratacion.euskadi.eus/webkpe00-kpeperfi/es/contenidos/anuncio_contratacion/expjaso747500/es_doc/index.html
Licitaciones;Servicio De Plataforma De Licitación Electrónica Para La Gestión Integral De Procedimientos De Contratación;Fundación para la Investigación Biomédica del Hospital Universitario Puerta de Hierro Majadahonda;servicios;En plazo;;26/10/2026;6000;https://contratos-publicos.comunidad.madrid/contrato-publico/pa-ser-2026-09-servicio-plataforma-licitacion-electronica
Licitaciones;"Contractació dels treballs de l’obra de manteniment i millora dels camins inclosos en el Pla de Prevenció d’Incendis forestals (PPI) de Palafolls 2026;de conformitat amb allò establert en el Plec de clàusules administratives particulars i al Plec de prescripcions tècniques particulars que l’acompanya.";Ajuntament de Palafolls;obras;En plazo;;21/10/2026;5050,41;https://contractaciopublica.cat/ca/detall-publicacio/192f1ec0-4c99-477e-b29b-316a9b99771a/300898039
Licitaciones;Oferta pública per la transmissió de l’autorització núm. 60544, per la venda no sedentària al voltant del Mercat Central, els dilluns;Reus Mobilitat i Serveis SA;administrativo especial;En plazo;;20/10/2026;4958,68;https://contractaciopublica.cat/ca/detall-publicacio/d1a8f1ef-ab86-4d53-8388-5c8e407dacf0/300899939
Licitaciones;Oferta pública per la transmissió de l’autorització núm. 60544, per la venda no sedentària al voltant del Mercat Central, els dilluns;Ajuntament de Reus;administrativo especial;En plazo;;20/10/2026;4958,68;https://contractaciopublica.cat/ca/detall-publicacio/5eb38bd2-58c5-4a81-a332-b5feef7b6fd8/300898671
Licitaciones;suministro de material impreso con imagen corporativa trade;Agencia Empresarial para la Transformación y el Desarrollo Económico;suministros;En plazo;;16/10/2026;3650;https://www.juntadeandalucia.es/haciendayadministracionpublica/apl/pdc_sirec/perfiles-licitaciones/detalle-licitacion.jsf?idExpediente=1011695
Licitaciones;Instal·lació de 4 fonts que dispensen aigua mineral natural freda i calenta amb aixeta de seguretat, repartides 1 font per cada una de les diferents ubicacions de l’Àrea d’Infraestructures i Serveis Generals implicades en la licitació. - Els bidons o ampolles seran d’uns 15 litres aproximadament, sent un total anual de 132 garrafes d’aigua. - La reposició de les ampolles es realitzarà amb una freqüència mensual. - El manteniment tècnic o substitució de les fonts en cas de mal funcionament estarà inclòs al servei, és a dir, la quota del servei és 0. L’objecte també inclou el servei de manteniment i higienització dels dispensadors, així com l’anàlisi periòdica per al control de la qualitat de l’aigua per assegurar el compliment de la legislació vigent en aquest sector.;Universitat de Barcelona;suministros;En plazo;;19/10/2026;1716;https://contractaciopublica.cat/ca/detall-publicacio/2818543f-6ca9-4ae3-8d74-10148d178e15/300900342
Licitaciones;Oferta pública per la transmissió de l’autorització núm. 60031, per la venda no sedentària al voltant del Mercat Central, els dilluns;Reus Mobilitat i Serveis SA;administrativo especial;En plazo;;20/10/2026;1652,89;https://contractaciopublica.cat/ca/detall-publicacio/c09e99d7-ecdc-4335-aadb-19a218638aa9/300899890
Licitaciones;Oferta pública per la transmissió de l’autorització núm. 60031, per la venda no sedentària al voltant del Mercat Central, els dilluns;Ajuntament de Reus;administrativo especial;En plazo;;20/10/2026;1652,89;https://contractaciopublica.cat/ca/detall-publicacio/d72ac3c4-1d8c-4e3e-9492-c8c978bb8706/300898612
Licitaciones;Licitació parades actualment lliures mercat municipal de l'Ametlla de Mar;Ajuntament de l'Ametlla de Mar;concesión de servicios;En plazo;;27/10/2026;500;https://contractaciopublica.cat/ca/detall-publicacio/6c1b4842-7217-47ed-9547-eb94cc4c7ad1/300900297
Licitaciones;Sistema Dinámico de Adquisición de suministro de mobiliario de oficina y sillería para la Diputación Foral de Bizkaia;Diputación Foral de Bizkaia-Diputado Foral de Hacienda y Finanzas;suministros;En plazo;;30/04/2028;0,07;https://www.contratacion.euskadi.eus/webkpe00-kpeperfi/es/contenidos/anuncio_contratacion/expgebizkaia3317659/es_doc/index.html
Licitaciones;Concesión del servicio de explotación del Bar Municipal de Baños de Ebro-Mañueta;Ayuntamiento de Baños de Ebro-Pleno;concesión de servicios;En plazo;;02/11/2026;0,01;https://www.contratacion.euskadi.eus/webkpe00-kpeperfi/es/contenidos/anuncio_contratacion/expjaso747521/es_doc/index.html
Licitaciones;servicio debar-cafetería y comedor en 14 cpa sevilla;Delegación Territorial de Inclusión Social, Juventud, Familias e Igualdad en Sevilla;concesión de servicios;En plazo;;19/10/2026;0;https://www.juntadeandalucia.es/haciendayadministracionpublica/apl/pdc_sirec/perfiles-licitaciones/detalle-licitacion.jsf?idExpediente=1008531
Licitaciones;L’objecte del contracte és la gestió i explotació, en règim de concessió de serveis, del bar del Local Social de Quart, inclosos la cafeteria, el servei de bar i restauració, la cuina, el menjador, els espais auxiliars i la terrassa exterior vinculada al servei, d’acord amb el Plec de prescripcions tècniques particulars.;Ajuntament de Quart;concesión de servicios;En plazo;;02/11/2026;0;https://contractaciopublica.cat/ca/detall-publicacio/c03bcdee-f7ba-43fa-9a82-5e0fccdb036c/300900300
Licitaciones;concesión del servicio de máquinas expendedoras de bebidas;Consejería de Cultura y Deporte. Secretaría General Técnica (En Transición);concesión de servicios;En plazo;;30/10/2026;0;https://www.juntadeandalucia.es/haciendayadministracionpublica/apl/pdc_sirec/perfiles-licitaciones/detalle-licitacion.jsf?idExpediente=1013777
Licitaciones;L’objecte és la contractació d'un compte de dipòsit a termini fix amb cancel·lació anticipada total o parcial per a la col·locació d'excedents de tresoreria del Consell Comarcal de l’Alt Penedès, amb un import màxim de fins a tres milions d'euros (3.000.000,00€), a fi d'obtenir una rendibilitat del mateix, dins de les condicions de liquiditat i seguretat, que marca l'article 199.2 del Text Refós de la Llei Reguladora de les Hisendes Locals aprovat per Reial Decret Legislatiu 2/2004, de 5 de març. La xifra de col·locació es concretarà en l'informe d'adjudicació a la vista de les ofertes.;Consell Comarcal de l'Alt Penedès;servicios;En plazo;;19/10/2026;0;https://contractaciopublica.cat/ca/detall-publicacio/fd1f4b49-02dd-4d80-98c0-6fa7e7ab4c7e/300899399
Licitaciones;Acuerdo marco para el suministro de herramientas de mano, herramientas eléctricas, material de ferretería y tornillería para Metro de Madrid, S.A;Metro de Madrid, S.A.;suministros;En plazo;;03/11/2026;0;https://contratos-publicos.comunidad.madrid/contrato-publico/acuerdo-marco-suministro-herramientas-mano-herramientas-electricas-material-0
Otros anuncios;Prestació de servei d'assessorament jurídic a l'Ajuntament de l'Ametlla de Mar;Ajuntament de l'Ametlla de Mar;servicios;Anulada;—;;;https://contractaciopublica.cat/ca/detall-publicacio/9e474399-6849-4281-8f9d-5e4e990b216e/300900474
Otros anuncios;L’objecte del contracte és la prestació dels serveis de disseny, producció, construcció, transport, muntatge, dinamització i desmuntatge de l’estand de l’ICF a la fira 4YFN en el marc del MWC 2027, que es celebrarà, previsiblement, de l’1 al 4 de març del 2027, segons les característiques descrites al Plec de Prescripcions Tècniques.;Institut Català de Finances (ICF);servicios;Pendiente de adjudicación;—;;;https://contractaciopublica.cat/ca/detall-publicacio/c0d36685-7e4f-452c-9852-f959ecc9442f/300900462
Otros anuncios;serveis d'auditoria financera de les comptes anuals de la Fundació (incloses determinades partides del Laboratori Antidopatge de Catalunya) i d'auditoria dels projectes de recerca finançats per entitats públiques;Fundació Institut Hospital del Mar d'Investigacions Mèdiques;servicios;Pendiente de adjudicación;—;;;https://contractaciopublica.cat/ca/detall-publicacio/4a6e9a98-cfde-42b9-8935-673358bebe52/300900461
Otros anuncios;Execució dels treballs descrits en el projecte d'obres de remodelació de l'Ajuntament Vell per a la nova Oficina de Turisme i Sala de Plens a Calella.;Ajuntament de Calella;obras;Pendiente de adjudicación;—;;;https://contractaciopublica.cat/ca/detall-publicacio/5a293eff-819b-4390-8892-806b50a25960/300900458
Otros anuncios;L’objecte del contracte és l’execució de les obres contemplades en la memòria valorada “actuacions de manteniment via pública del municipi de Mediona, Urbanització Sant Elies, 08773 Mediona”, signada el juliol de 2026 per Irene Sarlé Bausa, arquitecta col·legiada 64924-4 del COAC.;Ajuntament de Mediona;obras;Pendiente de adjudicación;—;;;https://contractaciopublica.cat/ca/detall-publicacio/2d2d0f9a-a9f5-4110-8fed-54e090b92803/300900170
Otros anuncios;L’objecte del contracte és l’execució de les obres contemplades en el projecte executiu per a la consolidació i reparació de la coberta del Sindicat Agrari de Mediona, redactat el juliol de 2026 per BESTRATEN HORMIAS ARQUITECTURA SLP, i signat per Sandra Cinta Bestraten Castells i Emilio Hormias Laperal, arquitectes col·legiats 43631-3 i 33265-8 respectivament, del COAC.;Ajuntament de Mediona;obras;Pendiente de adjudicación;—;;;https://contractaciopublica.cat/ca/detall-publicacio/72e75ca5-bea3-4d56-9a5f-dcd483bf4787/300900152
Otros anuncios;Prestació de serveis per a l’obtenció de resultats de satisfacció de les enquestes per als estudis d’anàlisi en l’àmbit de l’Escola FUABformació, del Centre de Formació Professional Fundació UAB i dels Programes Formatius de la Fundació Universitat Autònoma de Barcelona MP.;Fundació Universitat Autònoma de Barcelona MP;servicios;Pendiente de adjudicación;—;;;https://contractaciopublica.cat/ca/detall-publicacio/520f2325-c860-427f-8a12-7c8e159b9685/300896862
Otros anuncios;suministro de papel de impresora en sedes atrian;Agencia Tributaria de Andalucía;suministros;Pendiente de adjudicación;—;;;https://www.juntadeandalucia.es/haciendayadministracionpublica/apl/pdc_sirec/perfiles-licitaciones/detalle-licitacion.jsf?idExpediente=978679
Otros anuncios;suministro de material de merchandising plan corresponsables 2026;Consejería de Inclusión Social, Juventud, Familias e Igualdad. Secretaría General Técnica (En Transición);suministros;Pendiente de adjudicación;—;;;https://www.juntadeandalucia.es/haciendayadministracionpublica/apl/pdc_sirec/perfiles-licitaciones/detalle-licitacion.jsf?idExpediente=1007600
Otros anuncios;servicio mantenimiento alarma centros ama cordoba;Delegación Territorial de Sostenibilidad y Medio Ambiente en Córdoba;servicios;Pendiente de adjudicación;—;;;https://www.juntadeandalucia.es/haciendayadministracionpublica/apl/pdc_sirec/perfiles-licitaciones/detalle-licitacion.jsf?idExpediente=1008282
Otros anuncios;obras temporal 2026 reparación cubiertas ies casas viejas, benalup;Agencia Pública Andaluza de Educación;obras;Pendiente de adjudicación;—;;;https://www.juntadeandalucia.es/haciendayadministracionpublica/apl/pdc_sirec/perfiles-licitaciones/detalle-licitacion.jsf?idExpediente=1006667
Otros anuncios;servicio de apoyo y asistencia escolar para alumnado con nee en sevilla;Agencia Pública Andaluza de Educación;servicios;Pendiente de adjudicación;—;;;https://www.juntadeandalucia.es/haciendayadministracionpublica/apl/pdc_sirec/perfiles-licitaciones/detalle-licitacion.jsf?idExpediente=1005619
Otros anuncios;Renovación integral de la instalación eléctrica del CEIP Basozelai Gaztelu HLHI en Basauri.;Ayuntamiento de Basauri-Alcalde;obras;Pendiente de adjudicación;—;;;https://www.contratacion.euskadi.eus/webkpe00-kpeperfi/es/contenidos/anuncio_contratacion/expjaso739839/es_doc/index.html
Otros anuncios;Proyecto constructivo de reordenación del cruce entre las calles Idoiaga (GI-3212) y Euskal Herria (GI-2130) en Ibarra (1-SV-24/2026);Diputación Foral de Gipuzkoa-Dirección General de Infraestructuras Viarias;obras;Pendiente de adjudicación;—;;;https://www.contratacion.euskadi.eus/webkpe00-kpeperfi/es/contenidos/anuncio_contratacion/expjaso740294/es_doc/index.html
Otros anuncios;Obra de derribo de los edificios sitos en la calle Kareaga Goikoa 1-3-5-7 de Basauri.;Ayuntamiento de Basauri-Alcalde;obras;Pendiente de adjudicación;—;;;https://www.contratacion.euskadi.eus/webkpe00-kpeperfi/es/contenidos/anuncio_contratacion/expjaso739866/es_doc/index.html
Otros anuncios;Servicio de mantenimiento de ascensores;Fundación AIC Automotive Intelligence Center -Comisión Ejecutiva;servicios;Pendiente de adjudicación;—;;;https://www.contratacion.euskadi.eus/webkpe00-kpeperfi/es/contenidos/anuncio_contratacion/expjaso727016/es_doc/index.html
Otros anuncios;suministro vehiculos mediante renting agentes medioambientales 2027-2031;Consejería de Sostenibilidad y Medio Ambiente. Secretaría General Técnica (En Transición);suministros;Pendiente de adjudicación;—;;;https://www.juntadeandalucia.es/haciendayadministracionpublica/apl/pdc_sirec/perfiles-licitaciones/detalle-licitacion.jsf?idExpediente=979087
Otros anuncios;CS/CC00/1101473039/26/AMUP materialcomplementari per aprocediments intervencionistes per a procediments intervencionistes per als centres de l'Institut Català de la Salut i centres adherits: Gestió de Serveis Sanitaris, Consorci Sanitari de l'Anoia, Hospital de Cerdanya - AECT Agrupació Europea de Cooperació Territorial i Institut de Diagnòstic per la Imatge.;ICS - Gerència de compres;suministros;Pendiente de adjudicación;—;;;https://contractaciopublica.cat/ca/detall-publicacio/8b9743f3-464c-4da4-9ca8-f3899f9dfcf7/300900434
Otros anuncios;El present contracte té per objecte el subministrament d'instruments musicals al Conservatori Municipal de Música de Barcelona, amb la finalitat de garantir la qualitat, seguretat i funcionalitat del material instrumental utilitzat en les activitats;Institut Municipal d'Educació de Barcelona;suministros;Pendiente de adjudicación;—;;;https://contractaciopublica.cat/ca/detall-publicacio/f8f4e47e-e765-47e4-9751-0bd53a623c5c/300900414
Otros anuncios;Realització de les obres per l'execució d'una pantalla vegetal a l'Avinguda de Caldes de Molins de Rei.;Ajuntament de Molins de Rei;obras;Pendiente de adjudicación;—;;;https://contractaciopublica.cat/ca/detall-publicacio/61c35fbe-c0bb-4f53-851c-b83c603a9b2d/300900399
Otros anuncios;El objeto de la presente licitación es la contratación del servicio de vigilancia, seguridad y servicios auxiliares para el Hospital de Berga - Salut Catalunya Central;Salut Catalunya Central;servicios;Pendiente de adjudicación;—;;;https://contractaciopublica.cat/ca/detall-publicacio/18343981-6033-4f17-9187-2d68bfbbb63e/300900382
Otros anuncios;Servei de suport i manteniment preventiu i/o correctiu dels equips científics de la Fundació Centre de Regulació de Genòmica (CRG).;Fundació Centre de Regulació Genòmica;servicios;Pendiente de adjudicación;—;;;https://contractaciopublica.cat/ca/detall-publicacio/89c2a089-b4f9-4aa9-a979-fc144b2bc8c8/300900366
Otros anuncios;Serveis de construcció i seqüenciació de llibreries mitjançant tecnologia de seqüenciació directa d’ARN (Direct RNA sequencing), per aproximadament 100 mostres, en el marc del Projecte de Recerca A-20621, de de la Fundació de Recerca Clínic Barcelona – Institut d’Investigacions Biomèdiques August Pi i Sunyer (FRCB-IDIBAPS).;Fundació de Recerca Clínic Barcelona - Institut d'Investigacions Biomèdiques August Pi i Sunyer;servicios;Pendiente de adjudicación;—;;;https://contractaciopublica.cat/ca/detall-publicacio/41b57f84-ce6e-4e34-b64f-7c397ef1780b/300900361
Otros anuncios;Auditoria de comptes anuals i serveis d'assistència tècnica especialitzada per a la realització de treballs d'auditoria i altres actuacions de control previstes en el Pla Anual de Control Financer i en el marc del que disposa el Reial Decret 424/2024;Ajuntament de Barcelona;servicios;Pendiente de adjudicación;—;;;https://contractaciopublica.cat/ca/detall-publicacio/5e70d337-a8de-48ba-8960-820ed8305e90/300899082
Otros anuncios;Contratación de una campaña publicitaria de creatividad, planificación de medios, compra de espacios y difusión del programa alokaplus-programa de alquiler seguro;Gobierno Vasco-Dirección de Servicios;servicios;Pendiente de adjudicación;—;;;https://www.contratacion.euskadi.eus/webkpe00-kpeperfi/es/contenidos/anuncio_contratacion/expjaso731549/es_doc/index.html
Otros anuncios;El suministro, fabricación e instalación de nuevos elementos de rotulación y señalización comercial exterior destinados a modernizar, unificar y mejorar la visibilidad y la imagen corporativa de los mercados municipales gestionados por Bilbao Zerbitzuak;Bilbao Zerbitzuak;servicios;Anuncio previo;—;;;https://www.contratacion.euskadi.eus/webkpe00-kpeperfi/es/contenidos/anuncio_contratacion/expapjaso747530/es_doc/index.html
Otros anuncios;Suministro e instalación de un nuevo sistema eléctrico modular para un CPD;Fundación Donostia International Physics Center-Director;suministros;Pendiente de adjudicación;—;;;https://www.contratacion.euskadi.eus/webkpe00-kpeperfi/es/contenidos/anuncio_contratacion/expjaso739308/es_doc/index.html
Otros anuncios;Suministro de la infraestructura de refrigeración y comunicaciones del nuevo supercomputador ATENEA;Fundación Donostia International Physics Center-Director;suministros;Pendiente de adjudicación;—;;;https://www.contratacion.euskadi.eus/webkpe00-kpeperfi/es/contenidos/anuncio_contratacion/expjaso739301/es_doc/index.html
Otros anuncios;Contrato de servicios de compra de espacios publicitarios;Ente Vasco de la Energía-Dirección General;servicios;Pendiente de adjudicación;—;;;https://www.contratacion.euskadi.eus/webkpe00-kpeperfi/es/contenidos/anuncio_contratacion/expjaso723975/es_doc/index.html
Otros anuncios;Aprovechamiento Forestal-Ascensión Urdaiaga-40A01001;Ayuntamiento de Berriz-Alcaldía;privado;Pendiente de adjudicación;—;;;https://www.contratacion.euskadi.eus/webkpe00-kpeperfi/es/contenidos/anuncio_contratacion/expgebizkaia3648597/es_doc/index.html
Otros anuncios;Servicio de trabajos de clareo, poda y desbroce en el MUP nº 77 Zenagortagana-Urkitza de Laudio/Llodio.;Ayuntamiento de Llodio-Junta de Gobierno Local;servicios;Pendiente de adjudicación;—;;;https://www.contratacion.euskadi.eus/webkpe00-kpeperfi/es/contenidos/anuncio_contratacion/expjaso731055/es_doc/index.html
Otros anuncios;Servicios de mantenimiento y soporte del sitio web;Centro de Investigación Cooperativa en Nanociencias CIC nanoGUNE-Director;servicios;Pendiente de adjudicación;—;;;https://www.contratacion.euskadi.eus/webkpe00-kpeperfi/es/contenidos/anuncio_contratacion/expjaso722758/es_doc/index.html
Otros anuncios;Dirección y ejecución de obra y coordinación de Seguridad y Salud de la renovación e instalación de la infraestructura de madera ligada al uso público en la zona de especial conservación Txingudi-Bidasoa, áreas de Plaiaundi y Jaitzubia;Gobierno Vasco-Dirección de Servicios;servicios;Pendiente de adjudicación;—;;;https://www.contratacion.euskadi.eus/webkpe00-kpeperfi/es/contenidos/anuncio_contratacion/expjaso721883/es_doc/index.html
Otros anuncios;Contratación de los Servicios de Soporte para la gestión de contenidos Web (EDUKI) y Soporte Documental Jurídico de la Administración de Justicia de la Comunidad Autónoma de Euskadi.;Gobierno Vasco-Consejero/a de Igualdad Justicia y Políticas Sociales;servicios;Pendiente de adjudicación;—;;;https://www.contratacion.euskadi.eus/webkpe00-kpeperfi/es/contenidos/anuncio_contratacion/expjaso720466/es_doc/index.html
Otros anuncios;Servicio de mantenimiento integral de los equipos de refrigeración del supercomputador Hyperion del DIPC.;Fundación Donostia International Physics Center-Director;servicios;Pendiente de adjudicación;—;;;https://www.contratacion.euskadi.eus/webkpe00-kpeperfi/es/contenidos/anuncio_contratacion/expjaso740857/es_doc/index.html
Otros anuncios;Adquisición de forma sucesiva y por precio unitario del Suministro correspondiente a los equipos desechables de cobertura quirúrgica para su utilización en los quirófanos de la OSI Debabarrena;OSAKIDETZA - Servicio Vasco de Salud -Director Gerente;suministros;Pendiente de adjudicación;—;;;https://www.contratacion.euskadi.eus/webkpe00-kpeperfi/es/contenidos/anuncio_contratacion/exposakisap2026001076/es_doc/index.html
Otros anuncios;Diseño, suministro e instalación del suelo de seguridad de la zona de juegos de Intxaurrondo;Ayuntamiento de Durango-Alcaldía;suministros;Pendiente de adjudicación;—;;;https://www.contratacion.euskadi.eus/webkpe00-kpeperfi/es/contenidos/anuncio_contratacion/expjaso742846/es_doc/index.html
Otros anuncios;"acuerdo marco con varias empresas por el que se fijan las condiciones para el suministro de material específico para videocirugía (su.pc.sani.01.13.00; 01.13.01; 01.13.04; 01.13.05; 01.13.06; 01.13.99) con destino a los centros sanitarios del servicio andaluz de salud. +6.cl1xuwd";Servicio Andaluz de Salud;suministros;Pendiente de adjudicación;—;;;https://www.juntadeandalucia.es/haciendayadministracionpublica/apl/pdc_sirec/perfiles-licitaciones/detalle-licitacion.jsf?idExpediente=767269
Otros anuncios;Servicio de vigilancia, seguridad y gestión de alarmas Kepler y Torricelli;Consejería de Universidad, Investigación e Innovación. Secretaría General Técnica (En Transición);servicios;Pendiente de adjudicación;—;;;https://www.juntadeandalucia.es/haciendayadministracionpublica/apl/pdc_sirec/perfiles-licitaciones/detalle-licitacion.jsf?idExpediente=982105
Otros anuncios;pa 287/2025 suministro de protesis reparadoras: mallas (subgrupo 04.12), con destino a los centros sanitarios adscritos a la central provincial de compras de sevilla, mediante procedimiento abierto y presentación electrónica de ofertas.;Servicio Andaluz de Salud;suministros;Pendiente de adjudicación;—;;;https://www.juntadeandalucia.es/haciendayadministracionpublica/apl/pdc_sirec/perfiles-licitaciones/detalle-licitacion.jsf?idExpediente=1000270
Otros anuncios;0001267/2025 servicio de mantenimiento integral de los aparatos elevadores instalados en los centros vinculados a la central provincial de compras de granada, mediante procedimiento abierto y presentación electrónica de ofertas. (ase054-2025);Servicio Andaluz de Salud;servicios;Pendiente de adjudicación;—;;;https://www.juntadeandalucia.es/haciendayadministracionpublica/apl/pdc_sirec/perfiles-licitaciones/detalle-licitacion.jsf?idExpediente=988829
Otros anuncios;paam 296/2025 acuerdo marco con una única empresa para la contratación del suministro de tracto sucesivo y precios unitarios de los fungibles relacionados con la monitorización cardiaca del catálogo sas , con destino a los centros sanitarios adscritos a la central provincial de compras de sevilla, mediante procedimiento abierto y presentación electrónica de ofertas.;Servicio Andaluz de Salud;suministros;Pendiente de adjudicación;—;;;https://www.juntadeandalucia.es/haciendayadministracionpublica/apl/pdc_sirec/perfiles-licitaciones/detalle-licitacion.jsf?idExpediente=981700
Otros anuncios;Servicio de asistencia técnica para la realización de la coordinación de seguridad y salud y de actividades empresariales en las obras y trabajos ejecutados por Canal de Isabel ii, S.A., M.P. en la delegación de Cáceres;Canal de Isabel II, S.A.;servicios;Pendiente de adjudicación;—;;;https://contratos-publicos.comunidad.madrid/contrato-publico/servicio-asistencia-tecnica-realizacion-coordinacion-seguridad-salud-actividades
Otros anuncios;"Contractació del servei d’enginyeria per a la redacció del projecte bàsic i executiu d’obra per a la consolidació de la seu de l’IDIBGI, situada a Salt. Aquest contracte està cofinançat pel Departament de recerca i universitats de la Generalitat de Catalunya i cofinançat per la Unió Europea a través del programa del FEDER de Catalunya 2021-2027, per a la realització de projecte ""AMPLIACIÓ D’ESPAIS I TECNOLOGIES PER IMPULSAR L'ACCÉS DELS PACIENTS GIRONINS A TERÀPIES DE FRONTERA"". NÚMERO D’EXPEDIENT: 2024 SINGU 00023 (Codi operació: UR68-001921).";Institut d'Investigació Biomèdica de Girona (IDIBGI);servicios;Pendiente de adjudicación;—;;;https://contractaciopublica.cat/ca/detall-publicacio/44e5f9f0-74f3-4862-a61a-239854a51b0e/300900370
Otros anuncios;Subministrament d'equipaments per a la detecció de dispositius electrònics en entorns controlats de la Diputació de Barcelona;Diputació de Barcelona;suministros;Pendiente de adjudicación;—;;;https://contractaciopublica.cat/ca/detall-publicacio/14149600-502e-4d86-83bd-ec127f135475/300900350
Otros anuncios;Comprèn l’adquisició, la instal·lació, el manteniment i el posterior desmuntatge i retirada d’una zona de bany accessible i adaptada per a persones amb mobilitat reduïda, juntament amb la instal·lació de baranes d’aigua i d’una zona d’ombra, tenint en compte les condicions, els llocs i amb l’abast definits en el plec de prescripcions tècniques (en endavant, PPTP), document tècnic de caràcter contractual que complementa el plec de clàusules administratives particulars. Concretament, el contracte comprèn 3 tipus diferents d’equipaments, que es distribueixen en diferents platges de Salou de la següent manera: • La zona d’ombra amb dutxa ubicada a la sorra (Platja de Llevant) • La zona de bany adaptada (Platja de Llevant). • Les baranes d’accés a l’aigua (Platges de Ponent, Capellans i Cala Font). Tots els elements subministrats hauran de ser nous i, per tant, no s’admetrà material o dispositius de segona mà ni reacondicionats, ni cap fórmula similar.;Ajuntament de Salou;suministros;Pendiente de adjudicación;—;;;https://contractaciopublica.cat/ca/detall-publicacio/7ef8121e-064a-4733-b287-af9de54a185a/300900340
Otros anuncios;Continuació de les obres per a l’ampliació del centre d’educació infantil de primer cicle “Cavallet de Mar”, situat al carrer Domènec Sugrañes i Gras de Salou, definides i valorades en el projecte executiu (P-6723) redactat per l’arquitecte municipal, Sr. Josep Mª Ferran Mercadé, i aprovat definitivament per Decret núm. DEC/1896/2026, de 15 d’abril, del regidor delegat de Control de Concessions i Contractes.;Ajuntament de Salou;obras;Pendiente de adjudicación;—;;;https://contractaciopublica.cat/ca/detall-publicacio/02e84d0c-5a0e-4080-a9ab-db6a46d98bc6/300900336
Otros anuncios;Servei de direcció creativa, disseny gràfic i conceptualització de projectes de comunicació de Cugat Mèdia.;EPEL Cugat.cat;servicios;Pendiente de adjudicación;—;;;https://contractaciopublica.cat/ca/detall-publicacio/7fb8bcd0-b151-472a-8019-3aa4a43e3f13/300900317
Otros anuncios;Servei de suport en la gestió de XXSS i Community Manager per al Departament d'Interior i Seguretat Pública, per als anys 2026-2027;Departament d'Interior i Seguretat Pública;servicios;Pendiente de adjudicación;—;;;https://contractaciopublica.cat/ca/detall-publicacio/69684ba5-7705-40a8-bb90-3a93a2fcc09c/300900312
Otros anuncios;Servicio de asistencia técnica, asesoría y consultoría para el seguimiento, desarrollo, validación y pilotaje del contrato de desarrollo de un gemelo digital de la red viaria interurbana del entorno metropolitano de Barcelona, ​​en el marco de la segunda edición del Programa de compra pública de innovación de la RIS3CAT 2030, que dé soporte especializado al órgano de gobierno del reto en la dirección de la ejecución del proyecto y en todas las etapas y actividades.;Servei Català de Trànsit;servicios;Pendiente de adjudicación;—;;;https://contractaciopublica.cat/ca/detall-publicacio/3cbcb14c-cf6f-4439-87cf-55bae3b8f236/300900308
Otros anuncios;Serveis auxiliars a l'edifici seu central al Passeig del Taulat, 266, de Barcelona del Departament de Drets Socials i Inclusió (BE-2027-32);Departament de Drets Socials i Inclusió;servicios;Pendiente de adjudicación;—;;;https://contractaciopublica.cat/ca/detall-publicacio/5a9a5eba-9b9c-4e71-bd05-61e7b53f7bc2/300900298
Otros anuncios;Promoció i comunicació d'avantatges corporatius, mitjançant clubs de fidelització, clubs de compres o altres plataformes digitals equivalents, que desenvolupin accions de difusió i comunicació d'avantatges i descomptes vinculats a la formació de la UOC. Les actuacions de comunicació estaran dirigides als professionals pertanyents a les empreses clients o usuàries d'aquestes plataformes corporatives, amb l'objectiu de fomentar el seu accés a la formació contínua i afavorir el seu desenvolupament professional a través de l'oferta educativa de la UOC.;Fundació per a la Universitat Oberta de Catalunya;servicios;Pendiente de adjudicación;—;;;https://contractaciopublica.cat/ca/detall-publicacio/0f1ceaa2-7504-4268-8c90-c9251b4b6822/300900295
Otros anuncios;Contractació obres per a la restauració de l'aqüeducte i de la muralla al Passeig de la Canaleta Fases1 i 2;Ajuntament de Monistrol de Montserrat;obras;Pendiente de adjudicación;—;;;https://contractaciopublica.cat/ca/detall-publicacio/b7184e43-7ca4-4cdd-a468-0dffbf6e6de3/300900291
Otros anuncios;L’objecte del contracte és l’execució de les obres del “Projecte de rehabilitació del dipòsit de Can Brians (E5-02). Punt Crític 16.11”. Les actuacions de rehabilitació a l’interior del dipòsit s’iniciaran amb l’extracció de la lona de PVC que recobreix el vas interior. Per fer-ho caldrà emprar mitjans mecànics com pales flexibles, martells elèctrics i desbastadores amb sistemes d’aspiració. L’extracció es completarà amb la neteja del vas aplicant raig d’aigua a pressió i, si és necessari, raig de sorra. Les juntes de la llosa existent que estiguin en mal estat després de l’extracció es sanejaran amb raig d’aigua a pressió i es segellaran amb el material aprovat pels tècnics d’ATL. Abans d’acabar la neteja de superfícies, caldrà demolir les mitges canyes de les interseccions entre elements verticals i horitzontals del dipòsit existent.;Ens d'Abastament d'Aigua Ter-Llobregat (ATL);obras;Pendiente de adjudicación;—;;;https://contractaciopublica.cat/ca/detall-publicacio/d63142e3-c531-425d-b309-6f11c09749a3/300900248
Otros anuncios;Direcció d’Obra i Coordinació de Seguretat i Salut per l’execució de treballs diversos al Telefèric de Montjuïc;PROJECTES I SERVEIS DE MOBILITAT, SA;servicios;Pendiente de adjudicación;—;;;https://contractaciopublica.cat/ca/detall-publicacio/aa14742f-5462-4174-8132-46b423405c37/300900246
Otros anuncios;Servicios de mantenimiento preventivo y correctivo de la flota de vehículos del grupo FGC (Ref. PO97-26);Ferrocarrils de la Generalitat de Catalunya;servicios;Pendiente de adjudicación;—;;;https://contractaciopublica.cat/ca/detall-publicacio/afc65102-bd22-4024-9fd1-b0e5eb4b28e8/300900242
Otros anuncios;Establir les condicions i criteris objectius que han de regular la contractació de la gestió del servei d’atenció i assessorament legal en matèria d’estrangeriaa aquestes mateixes persones de l’Ajuntament de Gavà.;Ajuntament de Gavà;999;Pendiente de adjudicación;—;;;https://contractaciopublica.cat/ca/detall-publicacio/4583ea4f-89be-44bb-b7c1-e08d23495ce7/300900240
Otros anuncios;Contrato sujeto a regulación armonizada relativo a la suscripción de la licencia y al mantenimiento del producto Zendesk.;Transports de Barcelona, SA;suministros;Pendiente de adjudicación;—;;;https://contractaciopublica.cat/ca/detall-publicacio/128ac5df-aa3a-4af0-b3b6-f0e5e59d692f/300900239
Otros anuncios;Servei d'extracció i avarada en sec d'embarcacions als molls de gestió directa dels ports de la Zona Centre de Ports de la Generalitat;Ports de la Generalitat;servicios;Pendiente de adjudicación;—;;;https://contractaciopublica.cat/ca/detall-publicacio/f0d8184c-76fb-46eb-8da3-ebde1afd6ea3/300900234
Otros anuncios;La reposició dels generadors de diòxid de clor a precloració de l’ETAP del Llobregat contempla dues prestacions vinculades: - Prestació del subministrament: 4 generadors de diòxid de clor i recanvis. També els materials fungibles i les peces auxiliars necessàries pel seu muntatge. - Prestació del Servei: treballs de desmuntatge i substitució dels 4 generadors de diòxid de clor, també s’inclouen els mitjans auxiliars necessaris. Realitzar les proves de funcionament i les legalitzacions en seguretat industrial pertinents, automatització, assajos de control de qualitat i la gestió de residus.;Ens d'Abastament d'Aigua Ter-Llobregat (ATL);suministros;Pendiente de adjudicación;—;;;https://contractaciopublica.cat/ca/detall-publicacio/a42d9489-7ef0-4fd1-9371-3f4cfd2d4ce1/300900222
Otros anuncios;Alquiler de los medios necesarios para el suministro de equipos de iluminación que inclouirán el equipo material y su operación técnica.;Corporació Catalana de Mitjans Audiovisuals, SA (CCMA, SA);suministros;Pendiente de adjudicación;—;;;https://contractaciopublica.cat/ca/detall-publicacio/ac703330-b7cc-4752-a103-0f276b624b7c/300900217
Otros anuncios;Contracte subjecte a regulació harmonitzada relatiu a Subministrament i instal·lació de mobiliari i decoració de l’edifici d’oficines de les noves cotxeres d’autobusos de la Zona Franca de Transports de Barcelona, SA;Transports de Barcelona, SA;suministros;Pendiente de adjudicación;—;;;https://contractaciopublica.cat/ca/detall-publicacio/39750606-f36d-46a3-8cb4-80cc63e1209d/300900210
Otros anuncios;Servei Gestionat d’operació de Sistemes TI;Transports de Barcelona, SA;servicios;Pendiente de adjudicación;—;;;https://contractaciopublica.cat/ca/detall-publicacio/7684a32e-c557-4c2a-8ab5-8f47d6459a71/300900191
Otros anuncios;Servei de Vídeo Interpretació en Llengua de Signes;Transports de Barcelona, SA;servicios;Pendiente de adjudicación;—;;;https://contractaciopublica.cat/ca/detall-publicacio/0e8241ff-e04a-40ba-a1a1-46f26c034aca/300900175
Otros anuncios;Servicio de limpieza de los edificios y dependencias municipal del Ayuntamiento de Vila-seca.;Ajuntament de Vila-seca;servicios;Pendiente de adjudicación;—;;;https://contractaciopublica.cat/ca/detall-publicacio/fdea49f6-cea4-4b85-b536-dbfe81aec691/300900173
Otros anuncios;Contracte relatiu a Renovació Llicenciament Oracle de Ferrocarril Metropolità de Barcelona, S.A. i Transports de Barcelona, S.A. (en conjunt, TMB);Transports de Barcelona, SA;suministros;Pendiente de adjudicación;—;;;https://contractaciopublica.cat/ca/detall-publicacio/797ef3ea-77cb-49d3-90b9-34835993b799/300900168
Otros anuncios;CS/CC00/1101468768/26/PS Subministrament agregat de cànules, tubs i accessoris per a ventilació pulmonar (complementari III) per als centres de l'Institut Català de la Salut;ICS - Gerència de compres;suministros;Pendiente de adjudicación;—;;;https://contractaciopublica.cat/ca/detall-publicacio/c55d3abb-b44f-474f-8c98-2416823baa87/300900094
Otros anuncios;"El contracte té per objecte el subministrament dels aparells que s’indiquen en la taula, el desmuntatge de les màquines existents, instal·lació i posada en marxa de nous equips de climatització (bombes de calor d'alta eficiència energètica) als edificis esmentats, amb retirada i gestió de residus dels equips vells en abocador autoritzat. Veure apartat A ""Objecte"" del quadre de característiques del plec de clàusules administratives.";Ajuntament del Vendrell;suministros;Pendiente de adjudicación;—;;;https://contractaciopublica.cat/ca/detall-publicacio/b21870fd-ae93-4c8a-8660-b0989a696627/300899967
Otros anuncios;El subministrament, en règim de lloguer, dels motius i il·luminacions nadalenques pels diferents carrers i espais del municipi de Canet de Mar. Aquests elements seran de tipus i tecnologia LED. Amb aquesta contractació es portarà a terme la il·luminació de Nadal del municipi amb il·luminació aèria. El subministrament de la decoració aèria ha de ser en la modalitat d’arrendament, i ha d’incloure la instal·lació, manteniment, desmuntatge i emmagatzemem dels elements decoratius lluminosos per a les festes de Nadal.;Ajuntament de Canet de Mar;suministros;Pendiente de adjudicación;—;;;https://contractaciopublica.cat/ca/detall-publicacio/d59bdb45-d5b6-4a11-b0c9-000fbcf0b652/300873578
Otros anuncios;Suministro, instalación y puesta en funcionamiento de 2 mesas de quirófano para el bloque quirúrgico del Hospital Universitario Infanta Cristina.;Hospital Universitario Infanta Cristina;suministros;Pendiente de adjudicación;—;;;https://contratos-publicos.comunidad.madrid/contrato-publico/suministro-instalacion-puesta-funcionamiento-2-mesas-quirofano-bloque-quirurgico
Otros anuncios;0000371/2026 acuerdo marco con una unica empresa para el suministro de tracto sucesivo y precios unitarios, de prótesis neuroquirúrgicas (subgrupo 04.04 del catalogo del sas) con disponibilidad de uso del equipamiento necesario para la utilización del material, con destino al hospital universitario torrecardenas centro adscrito a la central provincial de compras de almería.;Servicio Andaluz de Salud;suministros;Pendiente de adjudicación;—;;;https://www.juntadeandalucia.es/haciendayadministracionpublica/apl/pdc_sirec/perfiles-licitaciones/detalle-licitacion.jsf?idExpediente=948798
Otros anuncios;concesión demanial para la ocupación, explotación y gestión de zona náutico recreativa en el puerto de estepona;Agencia Pública de Puertos de Andalucía (APPA);patrimonial;Pendiente de adjudicación;—;;;https://www.juntadeandalucia.es/haciendayadministracionpublica/apl/pdc_sirec/perfiles-licitaciones/detalle-licitacion.jsf?idExpediente=934085
Otros anuncios;act. proyecto, dcción facult obras 1ª fase mejora eficiencia energét t.a.;Delegación Territorial de Economía, Hacienda, Fondos Europeos y de Industria, Energía y Minas en Córdoba;servicios;Pendiente de adjudicación;—;;;https://www.juntadeandalucia.es/haciendayadministracionpublica/apl/pdc_sirec/perfiles-licitaciones/detalle-licitacion.jsf?idExpediente=978875
Otros anuncios;000159/2026 acuerdo marco con una única empresa para el suministro de tracto sucesivo y precio unitario al amparo del art. 16.3 a) lcsp de material específico de columna y cierres craneales todo en esteril (subgrupo 15.15 y 15.03 del catalogo sas) y vertebroplastia con cesión de uso de instrumental y mantenimiento para los centros integrantes de la central provincial de compras de almeria, mediante procedimiento abierto, sujeto a regulación armonizada y presentación electronica de ofertas. cca:+6.6gga1+c contr 2026 0000162952;Servicio Andaluz de Salud;suministros;Pendiente de adjudicación;—;;;https://www.juntadeandalucia.es/haciendayadministracionpublica/apl/pdc_sirec/perfiles-licitaciones/detalle-licitacion.jsf?idExpediente=947000
Otros anuncios;servicio de peritaciones judiciales de oojj granada;Delegación Territorial de Justicia, Administración Local y Función Pública en Granada;servicios;Pendiente de adjudicación;—;;;https://www.juntadeandalucia.es/haciendayadministracionpublica/apl/pdc_sirec/perfiles-licitaciones/detalle-licitacion.jsf?idExpediente=947338
Otros anuncios;0000657/2026 acuerdo marco con una única empresa para el suministro de tracto sucesivo y por precio unitario,al amparo del art. 16.3.a) lcsp, de endoprótesis coronarias y endoprotesis intracraneales para hemodinamica y radiologia vascular, perteneciente a la subcategoria del catalogo de bienes y servicios del sas su.pc.sani.04.02 para los centros adscritos a la central provincial de compras de almería. procedimiento abierto. sujeto a regulación armonizada. y con presentación electrónica de ofertas;Servicio Andaluz de Salud;suministros;Pendiente de adjudicación;—;;;https://www.juntadeandalucia.es/haciendayadministracionpublica/apl/pdc_sirec/perfiles-licitaciones/detalle-licitacion.jsf?idExpediente=980788
Otros anuncios;servicio de limpieza del edificio sedede la fiscalía;Delegación Territorial de Justicia, Administración Local y Función Pública en Granada;servicios;Pendiente de adjudicación;—;;;https://www.juntadeandalucia.es/haciendayadministracionpublica/apl/pdc_sirec/perfiles-licitaciones/detalle-licitacion.jsf?idExpediente=982404
Otros anuncios;servicios integrados para la seguridad interior 2027 d.t. salud cordoba;Delegación Territorial de Salud y Consumo en Córdoba;servicios;Pendiente de adjudicación;—;;;https://www.juntadeandalucia.es/haciendayadministracionpublica/apl/pdc_sirec/perfiles-licitaciones/detalle-licitacion.jsf?idExpediente=1007911
Otros anuncios;Servicios relac con la internacionalización de empresas andaluzas en Canadá;Agencia Empresarial para la Transformación y el Desarrollo Económico;servicios;Pendiente de adjudicación;—;;;https://www.juntadeandalucia.es/haciendayadministracionpublica/apl/pdc_sirec/perfiles-licitaciones/detalle-licitacion.jsf?idExpediente=1005426
Otros anuncios;servicio agencia de viajes para el programala creacion audiovisisual;Agencia Andaluza de Instituciones Culturales;servicios;Pendiente de adjudicación;—;;;https://www.juntadeandalucia.es/haciendayadministracionpublica/apl/pdc_sirec/perfiles-licitaciones/detalle-licitacion.jsf?idExpediente=1008291
Otros anuncios;servicio mantenimiento ascensores y salvaescaleras centros adscritos;Delegación Territorial de Empleo, Empresa y Trabajo Autónomo en Granada;servicios;Pendiente de adjudicación;—;;;https://www.juntadeandalucia.es/haciendayadministracionpublica/apl/pdc_sirec/perfiles-licitaciones/detalle-licitacion.jsf?idExpediente=1008082
Otros anuncios;Servicios a demanda relac.con la internacion. de empr. andaluzas en Vietnam;Agencia Empresarial para la Transformación y el Desarrollo Económico;servicios;Pendiente de adjudicación;—;;;https://www.juntadeandalucia.es/haciendayadministracionpublica/apl/pdc_sirec/perfiles-licitaciones/detalle-licitacion.jsf?idExpediente=1005386
Otros anuncios;Acuerdo Marco para suministro de 11 lotes de guantes estériles, de protección radiológica y guantes no esteriles de nitrilo de uso sanitario para todos los centros dependientes del SERMAS a adjudicar por procedimiento abierto mediante pluralidad de criterios.;Agencia de Contratación Sanitaria de la Comunidad de Madrid;suministros;Pendiente de adjudicación;—;;;https://contratos-publicos.comunidad.madrid/contrato-publico/acuerdo-marco-suministro-11-lotes-guantes-esteriles-proteccion-radiologica-guantes
Otros anuncios;Este contrato tiene por objeto la realización de la integración de la información que aportan los diferentes indicadores relativos a la salud mental y adicciones, todo ello dentro de la vigilancia, análisis y control de las condiciones de salud y sus determinantes, así como de las enfermedades transmisibles y no transmisibles y su distribución en los distintos grupos de población.;Consejería de Sanidad;servicios;Pendiente de adjudicación;—;;;https://contratos-publicos.comunidad.madrid/contrato-publico/servicios-apoyo-elaboracion-indicadores-epidemiologicos-salud-mental-comunidad
Otros anuncios;Suministro de 2 equipos Portátiles de RX para la Unidad de Radiología del Hospital Universitario Donostia (OSI Donostialdea);OSAKIDETZA - Servicio Vasco de Salud -Director Gerente;suministros;Pendiente de adjudicación;—;;;https://www.contratacion.euskadi.eus/webkpe00-kpeperfi/es/contenidos/anuncio_contratacion/exposakisap2026001577/es_doc/index.html
Otros anuncios;Servicio de vigilancia y seguridad de la organización sanitaria integrada URIBE.;OSAKIDETZA - Servicio Vasco de Salud -Director Gerente;servicios;Pendiente de adjudicación;—;;;https://www.contratacion.euskadi.eus/webkpe00-kpeperfi/es/contenidos/anuncio_contratacion/exposakisap2026001514/es_doc/index.html
Otros anuncios;Contratación del mantenimiento del material móvil y talleres de tranvía de Euskotren;Eusko Trenbideak Ferrocarriles Vascos, S.A.-Órgano de Contratación de EuskoTrenbideak FFCC Vascos, S.A.U.;servicios;Pendiente de adjudicación;—;;;https://www.contratacion.euskadi.eus/webkpe00-kpeperfi/es/contenidos/anuncio_contratacion/expjaso736311/es_doc/index.html
Otros anuncios;Suministro e instalación de un nuevo sistema de audiovisuales, control de tiempos, votaciones e interpretación en las salas delos órganos de las Juntas Generales de Álava;Juntas Generales de Álava-Mesa de las Juntas Generales de Álava;suministros;Pendiente de adjudicación;—;;;https://www.contratacion.euskadi.eus/webkpe00-kpeperfi/es/contenidos/anuncio_contratacion/expjaso732062/es_doc/index.html
Otros anuncios;Secretaría técnica para el seguimiento y evaluación de la estrategia del Comercio Vasco 2030 y el Plan de Comercio Vasco 2026-2030.;Gobierno Vasco-Dirección de Servicios de Turismo, Comercio y Consumo;servicios;Pendiente de adjudicación;—;;;https://www.contratacion.euskadi.eus/webkpe00-kpeperfi/es/contenidos/anuncio_contratacion/expjaso733404/es_doc/index.html
Otros anuncios;Suministro e instalación del equipamiento y pavimento para las áreas infantiles de María Auxiliadora, Pilar Abín, Plaza Bizkaia, Gallarta Zaharra y Santa Lucía de Abanto y Zierbena.;Ayuntamiento de Abanto Zierbena-Alcaldía;suministros;Pendiente de adjudicación;—;;;https://www.contratacion.euskadi.eus/webkpe00-kpeperfi/es/contenidos/anuncio_contratacion/expjaso732688/es_doc/index.html
Otros anuncios;Licitación del servicio de seguridad y vigilancia en viviendas y edificios gestionados por Alokabide;ALOKABIDE - Sociedad de Alquiler S.A.-Consejo de Administración de ALOKABIDE;servicios;Pendiente de adjudicación;—;;;https://www.contratacion.euskadi.eus/webkpe00-kpeperfi/es/contenidos/anuncio_contratacion/expjaso711889/es_doc/index.html
Otros anuncios;Suministro de medicamentos veterinarios y material fungible sanitario para el centro de protección animal del Ayuntamiento de Vitoria-Gasteiz durante los años 2027 y 2028;Ayuntamiento de Vitoria-Gasteiz-Concejala-Delegada del Departamento de Deporte, Salud y Cooperación al desarrollo;suministros;Pendiente de adjudicación;—;;;https://www.contratacion.euskadi.eus/webkpe00-kpeperfi/es/contenidos/anuncio_contratacion/expjaso743076/es_doc/index.html
Otros anuncios;Servicio de traducción e interpretación de Vitoria-Gasteiz al servicio de toda la población de Vitoria-Gasteiz;Ayuntamiento de Vitoria-Gasteiz-Junta de Gobierno Local;servicios;Pendiente de adjudicación;—;;;https://www.contratacion.euskadi.eus/webkpe00-kpeperfi/es/contenidos/anuncio_contratacion/expjaso742967/es_doc/index.html
Otros anuncios;Gestión de la Oficina de Acogida(Harrera Bulegoa) de Vitoria- Gasteiz;Ayuntamiento de Vitoria-Gasteiz-Concejala-Delegada del Departamento de Alcaldía y Relaciones Institucionales e igualdad;servicios;Pendiente de adjudicación;—;;;https://www.contratacion.euskadi.eus/webkpe00-kpeperfi/es/contenidos/anuncio_contratacion/expjaso740981/es_doc/index.html
Otros anuncios;Oferta de ocio educativo y saludable, campamento 2027;Ayuntamiento de Vitoria-Gasteiz-Concejala-Delegada del Departamento de Alcaldía y Relaciones Institucionales e igualdad;servicios;Pendiente de adjudicación;—;;;https://www.contratacion.euskadi.eus/webkpe00-kpeperfi/es/contenidos/anuncio_contratacion/expjaso740967/es_doc/index.html
Otros anuncios;"Desarrollo del programa ""Arte y primera infancia"" en las Escuelas Infantiles Municipales.";Ayuntamiento de Vitoria-Gasteiz-Concejala Delegada del Departamento de Cultura y Educación;servicios;Pendiente de adjudicación;—;;;https://www.contratacion.euskadi.eus/webkpe00-kpeperfi/es/contenidos/anuncio_contratacion/expjaso740676/es_doc/index.html
Otros anuncios;Diseño e implantación de un simulador tarifario;Autoridad Territorial del Transporte de Gipuzkoa-Directora general;servicios;Pendiente de adjudicación;—;;;https://www.contratacion.euskadi.eus/webkpe00-kpeperfi/es/contenidos/anuncio_contratacion/expjaso740596/es_doc/index.html
Otros anuncios;Trabajos de ampliación de la instalación eléctrica de baja tensión para recarga de vehículos eléctricos en Policía Local. Fase III;Ayuntamiento de Vitoria-Gasteiz-Junta de Gobierno Local;obras;Pendiente de adjudicación;—;;;https://www.contratacion.euskadi.eus/webkpe00-kpeperfi/es/contenidos/anuncio_contratacion/expjaso740308/es_doc/index.html
Otros anuncios;Servicio de mantenimiento de desfibriladores DESA;Ayuntamiento de Lemoiz-Junta de Gobierno Local;servicios;Pendiente de adjudicación;—;;;https://www.contratacion.euskadi.eus/webkpe00-kpeperfi/es/contenidos/anuncio_contratacion/expgebizkaia3649867/es_doc/index.html
Otros anuncios;Terapias derivadas desde Mediación Familiar;Gobierno Vasco-Dirección de Servicios;servicios;Pendiente de adjudicación;—;;;https://www.contratacion.euskadi.eus/webkpe00-kpeperfi/es/contenidos/anuncio_contratacion/expjaso740889/es_doc/index.html
Otros anuncios;Stand de Euskadi en FITUR 2027 y sus posibles adaptaciones a las ferias EXPOVACACIONES 2027 y ROUTES 2027;BASQUETOUR Agencia Vasca de Turismo, S.A.-Vicepresidencia de BASQUETOUR;servicios;Pendiente de adjudicación;—;;;https://www.contratacion.euskadi.eus/webkpe00-kpeperfi/es/contenidos/anuncio_contratacion/expjaso732933/es_doc/index.html
Otros anuncios;Redacción del proyecto de ejecución y dirección facultativa de las obras para la instalación de una cocina in situ en el CEIP BASOZELAI-GAZTELU de Basauri (Bizkaia).;Gobierno Vasco-Dirección de Gestión Económica;servicios;Pendiente de adjudicación;—;;;https://www.contratacion.euskadi.eus/webkpe00-kpeperfi/es/contenidos/anuncio_contratacion/expjaso720304/es_doc/index.html
Otros anuncios;Licitación de la ejecución de las obras y equipamiento de locales para la oficina de atención ciudadana y garaje de Alokabide en Donostia / San Sebastián;ALOKABIDE - Sociedad de Alquiler S.A.-Director General de ALOKABIDE;obras;Pendiente de adjudicación;—;;;https://www.contratacion.euskadi.eus/webkpe00-kpeperfi/es/contenidos/anuncio_contratacion/expjaso718124/es_doc/index.html
Otros anuncios;Asistencia técnica para la realización de pruebas psicotécnicas y entrevistas en procesos selectivos;Ayuntamiento de Bergara-Alcalde;servicios;Pendiente de adjudicación;—;;;https://www.contratacion.euskadi.eus/webkpe00-kpeperfi/es/contenidos/anuncio_contratacion/expjaso707103/es_doc/index.html
Otros anuncios;Suministro de suscripciones de uso de MySQL EE para los entornos de pruebas, integración y producción;UPV/EHU - Universidad del País Vasco-La Gerente de la UPV/EHU;suministros;Pendiente de adjudicación;—;;;https://www.contratacion.euskadi.eus/webkpe00-kpeperfi/es/contenidos/anuncio_contratacion/expjaso728379/es_doc/index.html
Otros anuncios;Ejecución de las obras para la instalación de puntos de recarga para vehículos eléctricos en el aparcamiento de Belartza de Irun, situado en calle Pintor Berroeta.;Sociedad Pública de Vivienda de Irun, S.A.U.-Consejo de Administración;obras;Pendiente de adjudicación;—;;;https://www.contratacion.euskadi.eus/webkpe00-kpeperfi/es/contenidos/anuncio_contratacion/expjaso737648/es_doc/index.html
Otros anuncios;Obra de mejora y refuerzo en el túnel 11 de la línea Donostia-Hendaia;Euskal Trenbide Sarea-Comisión Delegada en Materia de Contratación de ETS;obras;Pendiente de adjudicación;—;;;https://www.contratacion.euskadi.eus/webkpe00-kpeperfi/es/contenidos/anuncio_contratacion/expjaso739418/es_doc/index.html
Otros anuncios;7º contrato específico del sistema dinámico de adquisición del suministro mobiliario de oficina y sillería para la Diputación Foral de Bizkaia (Categoría 2: Categoría 2: Armarios y biombos).;Diputación Foral de Bizkaia-Diputado Foral de Hacienda y Finanzas;suministros;Pendiente de adjudicación;—;;;https://www.contratacion.euskadi.eus/webkpe00-kpeperfi/es/contenidos/anuncio_contratacion/expgebizkaia3610001/es_doc/index.html
Otros anuncios;Rehabilitación del tejado del ambulatorio de Segura;Ayuntamiento de Segura-Alcalde;obras;Pendiente de adjudicación;—;;;https://www.contratacion.euskadi.eus/webkpe00-kpeperfi/es/contenidos/anuncio_contratacion/expjaso743232/es_doc/index.html
Otros anuncios;Suscripción de licencias de Adobe;IZFE - Sociedad Foral de Servicios Informáticos-Dirección General;suministros;Pendiente de adjudicación;—;;;https://www.contratacion.euskadi.eus/webkpe00-kpeperfi/es/contenidos/anuncio_contratacion/expjaso743075/es_doc/index.html
Otros anuncios;"Servicio de diseño y redacción del “Plan Estratégico de Economía Urbana Sostenible para el municipio de Barakaldo 2027 – 2030""";INGURALDE-Presidente/a;servicios;Pendiente de adjudicación;—;;;https://www.contratacion.euskadi.eus/webkpe00-kpeperfi/es/contenidos/anuncio_contratacion/expjaso740951/es_doc/index.html
Otros anuncios;Servicios de redacción de proyecto de ejecución y de dirección facultativa de las obras de reparación de patologías del edificio de la zona comercial del puerto deportivo de Hondarribia.;Ente Público Euskadiko Kirol Portuak-Dirección de Euskadiko Kirol Portuak;servicios;Pendiente de adjudicación;—;;;https://www.contratacion.euskadi.eus/webkpe00-kpeperfi/es/contenidos/anuncio_contratacion/expjaso740945/es_doc/index.html
Otros anuncios;Servicios de redacción de proyecto de reparación de la estructura integral de la pasarela y de sustitución de la bandeja metálica que aloja la red de baja tensión del puerto deportivo de Zumaia.;ZKP-Secretaria del Consejo-Consejera apoderada;servicios;Pendiente de adjudicación;—;;;https://www.contratacion.euskadi.eus/webkpe00-kpeperfi/es/contenidos/anuncio_contratacion/expjaso740846/es_doc/index.html
Otros anuncios;Obra de mejora de la red de abastecimiento en el camino san martín de Mungia;Consorcio de Aguas Bilbao Bizkaia-Gerente;obras;Pendiente de adjudicación;—;;;https://www.contratacion.euskadi.eus/webkpe00-kpeperfi/es/contenidos/anuncio_contratacion/expjaso739349/es_doc/index.html
Otros anuncios;Servicio de mensajería y conserjería para BilbaoTIK;BILBAOTIK, S.A.-Dirección general, Presidencia;servicios;Pendiente de adjudicación;—;;;https://www.contratacion.euskadi.eus/webkpe00-kpeperfi/es/contenidos/anuncio_contratacion/expjaso739333/es_doc/index.html
Otros anuncios;Instalación de cocina in situ en el CEIP Mendiko Eskola HLHI de AMURRIO (ARABA);Gobierno Vasco-Dirección de Gestión Económica;obras;Pendiente de adjudicación;—;;;https://www.contratacion.euskadi.eus/webkpe00-kpeperfi/es/contenidos/anuncio_contratacion/expjaso738566/es_doc/index.html
Otros anuncios;Suministro y mantenimiento, en régimen de alquiler, de equipos de impresión, copia y escaneo para el Departamento de Seguridad;Gobierno Vasco-Viceconsejería de Seguridad;suministros;Pendiente de adjudicación;—;;;https://www.contratacion.euskadi.eus/webkpe00-kpeperfi/es/contenidos/anuncio_contratacion/expjaso708884/es_doc/index.html
Otros anuncios;Suministro de maquinaria y material de fitness para el gimnasio municipal de Errigoiti;Ayuntamiento de Errigoiti-Alcaldesa;suministros;Pendiente de adjudicación;—;;;https://www.contratacion.euskadi.eus/webkpe00-kpeperfi/es/contenidos/anuncio_contratacion/expgebizkaia3640840/es_doc/index.html
Otros anuncios;Servicio de mantenimiento integral, conservación y mejora de las zonas verdes, jardines y espacios ajardinados de la sede de la Fundación Canal, sita en la calle Mateo Inurria, nº 2 de Madrid.;Fundación Canal De Isabel II;servicios;Pendiente de adjudicación;—;;;https://contratos-publicos.comunidad.madrid/contrato-publico/servicio-jardineria
Otros anuncios;224/ise/2026/ja-serv de apoyo y asistencia escolar alumnado nee jaén;Agencia Pública Andaluza de Educación;servicios;Pendiente de adjudicación;—;;;https://www.juntadeandalucia.es/haciendayadministracionpublica/apl/pdc_sirec/perfiles-licitaciones/detalle-licitacion.jsf?idExpediente=979734
Otros anuncios;Obras de Impermeabilización en patio interior y cubierta de vestíbulo Loja;Delegación Territorial de Justicia, Administración Local y Función Pública en Granada;obras;Pendiente de adjudicación;—;;;https://www.juntadeandalucia.es/haciendayadministracionpublica/apl/pdc_sirec/perfiles-licitaciones/detalle-licitacion.jsf?idExpediente=981627
Otros anuncios;155/ise/2026/al- contratación servicio transporte escolar - almeria;Agencia Pública Andaluza de Educación;servicios;Pendiente de adjudicación;—;;;https://www.juntadeandalucia.es/haciendayadministracionpublica/apl/pdc_sirec/perfiles-licitaciones/detalle-licitacion.jsf?idExpediente=1005926
Otros anuncios;paam 301/2025 - nº siglo 0000700/2026 - (sevilla)suministro de material relacionado con la estimulación cerebral profunda, con disponibilidad de uso de equipos, para todos los centros sanitarios adscritos a la central provincial de compras de sevilla, mediante procedimiento abierto y presentación electrónica de ofertas.;Servicio Andaluz de Salud;suministros;Pendiente de adjudicación;—;;;https://www.juntadeandalucia.es/haciendayadministracionpublica/apl/pdc_sirec/perfiles-licitaciones/detalle-licitacion.jsf?idExpediente=982202
Otros anuncios;servicio de mantenimientoascensores edificio c/ martínez montañés nº8;Delegación Territorial de Desarrollo Educativo y Formación Profesional y de Universidad, Investigación e Innovación en Jaén;servicios;Pendiente de adjudicación;—;;;https://www.juntadeandalucia.es/haciendayadministracionpublica/apl/pdc_sirec/perfiles-licitaciones/detalle-licitacion.jsf?idExpediente=979910
Otros anuncios;Sv. personal para atención al alumnado en comedor escolar curso 2026/27;Delegación Territorial de Desarrollo Educativo y Formación Profesional y de Universidad, Investigación e Innovación en Huelva;servicios;Pendiente de adjudicación;—;;;https://www.juntadeandalucia.es/haciendayadministracionpublica/apl/pdc_sirec/perfiles-licitaciones/detalle-licitacion.jsf?idExpediente=1002638
Otros anuncios;control ddd y control y prevención legionelosis puertos zona huelva levante;Agencia Pública de Puertos de Andalucía (APPA);servicios;Pendiente de adjudicación;—;;;https://www.juntadeandalucia.es/haciendayadministracionpublica/apl/pdc_sirec/perfiles-licitaciones/detalle-licitacion.jsf?idExpediente=1006009
Otros anuncios;Suministro de furgoneta mixta comercial/pasajeros híbrida ecológica en arrendamiento con mantenimiento y seguro (renting) para el Hospital Dr. R. Lafora;Hospital Universitario Dr. Rodriguez Lafora;suministros;Anulada;—;;;https://contratos-publicos.comunidad.madrid/contrato-publico/suministro-furgonetas-mixtas-hospital-drrlafora
Otros anuncios;Este contrato tiene por objeto el suministro de vehículos ecológicos en arrendamiento con mantenimiento y seguro (Renting) para el Hospital Dr. R. Lafora;Hospital Universitario Dr. Rodriguez Lafora;suministros;Anulada;—;;;https://contratos-publicos.comunidad.madrid/contrato-publico/suministro-vehiculo-ligero-hibrido-ecologicos-arrendamiento-mantenimiento-seguro
Otros anuncios;Servicio de mantenimiento integral de compresores y armarios de recarga de botellas y suministro de compresores y armarios de recarga para el Cuerpo de Bomberos de la Comunidad de Madrid;Agencia de Seguridad y Emergencias Madrid 112;servicios;Pendiente de adjudicación;—;;;https://contratos-publicos.comunidad.madrid/contrato-publico/servicio-mantenimiento-integral-compresores-armarios-recarga-botellas-suministro-0
Otros anuncios;Contrato mixto de suministro y servicios para implantación y suscripción, en modalidad SAAS, de un programa informático de gestión de los recursos humanos.;Ajuntament de Rubí;suministros;Pendiente de adjudicación;—;;;https://contractaciopublica.cat/ca/detall-publicacio/59945a9d-50f3-481f-a8c0-fcdb786e38b9/300899936
Otros anuncios;Execució de les obres de reparació i millora tèrmica de l'envolvent i les instal·lacions del Centre d'Atenció Primària Sant Ildefons, de Cornellà de Llobregat. Clau: CAP-19266;Infraestructures de la Generalitat de Catalunya, SAU;obras;Pendiente de adjudicación;—;;;https://contractaciopublica.cat/ca/detall-publicacio/ef04a1e6-dd60-4e93-afb6-7911293f4e3d/300899935
Otros anuncios;Elaboració del PDSI 2026-30;Sistema d'Emergències Mèdiques (SEM);servicios;Pendiente de adjudicación;—;;;https://contractaciopublica.cat/ca/detall-publicacio/233a0c99-eb1b-4959-9751-8ee3b7619709/300899908
Otros anuncios;Gestión educativa y el funcionamiento de las guarderías municipales de Rubí: Lluna i Sol Solet;Ajuntament de Rubí;servicios;Pendiente de adjudicación;—;;;https://contractaciopublica.cat/ca/detall-publicacio/5eaa675d-0860-488d-bc56-2fefa206edb4/300899907
Otros anuncios;Contracte obres rehabilitació Asil Procediment negociat sense publicitat;Ajuntament de Bagà;obras;Anulada;—;;;https://contractaciopublica.cat/ca/detall-publicacio/70ccbc9e-4fd7-4793-9abc-793cab9eb787/300899903
Otros anuncios;Obres del projecte d’ampliació de la xarxa no potable i telegestió del reg del Parc de les Planes, al terme municipal d’Hospitalet de Llobregat.;Àrea Metropolitana de Barcelona;obras;Pendiente de adjudicación;—;;;https://contractaciopublica.cat/ca/detall-publicacio/a134bc55-892c-467e-a1e0-79b429c5bdd4/300899895
Otros anuncios;"Trabajos técnicos de control, mantenimento técnico y calibración de la Red de Vigilancia Radiológica Ambiental de la Generalitat de Catalunya, del mantenimiento y desarrollo del programa informático de gestión d'esta red; y de los trabajos de gestión, investigación, análisis, evaluación y informe del significado radiológico de los datos de las redes de vigilancia radiológica ambiental de la Generalitat de Catalunya.";Departament d'Empresa i Treball;servicios;Pendiente de adjudicación;—;;;https://contractaciopublica.cat/ca/detall-publicacio/5248a9b7-da41-4551-ac56-4874044508dc/300899894
Otros anuncios;L’objecte del present contracte és el subministrament, instal·lació, configuració, integració i posada en servei d’un rack climatitzat i d’un sistema de cablejat intel·ligent per a l’Estació Distribuïdora de la Trinitat (EDT), amb la finalitat de modernitzar i adequar les infraestructures de comunicacions i cablejat estructurat existents. El contracte inclou el subministrament de tots els equips, components, accessoris, llicències, materials i elements auxiliars necessaris per a la correcta implantació de la solució, així com els treballs de muntatge, connexió, configuració, etiquetatge, verificació, proves de funcionament i posada en servei. Així mateix, forma part de l’objecte contractual la integració del sistema de cablejat intel·ligent amb la plataforma de gestió corresponent, garantint la traçabilitat, identificació i administració de les connexions de xarxa, així com la correcta interoperabilitat entre tots els elements subministrats.;Ens d'Abastament d'Aigua Ter-Llobregat (ATL);suministros;Pendiente de adjudicación;—;;;https://contractaciopublica.cat/ca/detall-publicacio/a928fe80-f7ef-4773-be8b-733e715c7c45/300899844
Otros anuncios;Subministrament d’una unitat radiològica digital amb telemetries per l’HSJR, les obres per l’adaptació de l’espai i el servei de manteniment de l’equip.;Salut Sant Joan de Reus - Baix Camp;suministros;Pendiente de adjudicación;—;;;https://contractaciopublica.cat/ca/detall-publicacio/379c9fa9-4da6-4d6c-930f-61bf6fc3b58b/300899827
Otros anuncios;Acuerdo Marco para la prestación de los servicios de asesoramiento, planificación, negociación e inserción de publicidad y contenidos en los medios de comunicación de las campañas promocionales de la Universidad Rovira y Virgili y la Fundación de la Universidad Rovira y Virgili;Universitat Rovira i Virgili;servicios;Pendiente de adjudicación;—;;;https://contractaciopublica.cat/ca/detall-publicacio/fd391b42-a089-42a2-b0ab-dadbb609b343/300899826
Otros anuncios;Obres de reurbanització per ampliació de l'illa de vianants del centre de Cardedeu. Actuació del Doctor Klein entre carrer Montseny i Avinguda d’Àngel Guimerà.;Ajuntament de Cardedeu;obras;Pendiente de adjudicación;—;;;https://contractaciopublica.cat/ca/detall-publicacio/dca525d5-abf8-457d-aa85-4bd7bf64f394/300899808
Otros anuncios;És objecte del present plec la contractació del servei consistent en la redacció del Pla Local d’Habitatge del municipi de Tàrrega, de conformitat amb l’abast definit a la clàusula 4 delPPTP. Amb aquest Pla es pretén recollir la radiografia actual en matèria d’habitatge a Tàrrega i el full de ruta a seguir en els propers 6 anys on es valorin les accions i serveis que s’estan portant a terme actualment i a la vegada ha de permetre planificar i coordinar noves accions per a donar resposta a les necessitats que es detectin en la diagnosi.;Ajuntament de Tàrrega;servicios;Pendiente de adjudicación;—;;;https://contractaciopublica.cat/ca/detall-publicacio/0b0714b3-267d-4836-87d6-3762719849ca/300899326
Otros anuncios;Subministrament de comptadors d'aigua potable amb telelectura als abonats del municipi de la Vall de Bianya;Ajuntament de la Vall de Bianya;suministros;Pendiente de adjudicación;—;;;https://contractaciopublica.cat/ca/detall-publicacio/fb299a84-1461-4a43-bc69-b2e04aec1ac5/300897300
Otros anuncios;Acuerdo marco sujeto a regulación armonizada para el suministro de material informático asociado al Puesto de Trabajo TMB. Los poderes adjudicadores son:Ferrocarril Metropolità de Barcelona, S.A.i Transports de Barcelona, S.A. i Projectes i Serveis de Mobilitat, S.A;Transports de Barcelona, SA;suministros;Pendiente de adjudicación;—;;;https://contractaciopublica.cat/ca/detall-publicacio/9ccf1cbf-11eb-4715-b4f8-ba23cd6fc9d3/300900147
Otros anuncios;Direcció d'Obra i Coordinació de Seguretat i Salut per a la remodelació de la base d'operació a Badalona Pompeu Fabra Línia 2;Ferrocarril Metropolità de Barcelona, SA;servicios;Pendiente de adjudicación;—;;;https://contractaciopublica.cat/ca/detall-publicacio/b2904b44-6e89-4b83-99ce-8d3bd6e207fc/300900143
Otros anuncios;Contracte de subministrament i instal·lació dels equipaments descrits al projecte executiu per la instal·lació d’un subministrament auxiliar de baixa tensió amb grup electrogen a l’estació de bombeig can Poal - TAIGUA, a Terrassa amb criteris de contractació social i ecològica.;Terrassa Cicle de l'aigua EPEL;suministros;Pendiente de adjudicación;—;;;https://contractaciopublica.cat/ca/detall-publicacio/1ce3ae80-f439-47b5-b1cc-a5ba380a7f81/300900141
Otros anuncios;Contractació de l’acord marc del servei d’assessorament i defensa jurídica del Laboratori de Referència de Catalunya, S.A. L’objecte d’aquest acord marc és l’homologació d’empreses en diferents àmbits d’assessorament i defensa jurídica per al Laboratori de Referència de Catalunya, SA i les empreses o entitats que gestioni.;Laboratori de Referència de Catalunya, SA;servicios;Pendiente de adjudicación;—;;;https://contractaciopublica.cat/ca/detall-publicacio/68017ee5-069d-4267-97c8-b0da8b49ce7d/300900139
Otros anuncios;SServei d’emmagatzematge, custodia, transport de les histories clíniques (HHCC) passives i actives i la Digitalització de Microfilms de L’Hospital Universitari de Bellvitge;ICS - Hospital Universitari de Bellvitge;servicios;Pendiente de adjudicación;—;;;https://contractaciopublica.cat/ca/detall-publicacio/dc3ecbd2-205e-4f4f-8f73-7fb26e20f842/300900134
Otros anuncios;L’objecte del contracte dels ”Serveis de consultoria per la realització d’un estudi d’eficiència organitzativa d’ATL”, promogut per l’Ens d’Abastament d’Aigua Ter-Llobregat (ATL) contempla: - Els serveis de consultoria per analitzar l’estat de compliment del Pla d’Actuació derivat de l’estudi de càrregues de treball realitzat el 2023 i establir punts crítics. - Valorar la idoneïtat dels aspectes relacionats amb jornada, horaris i calendaris del personal. - Fer un anàlisi del dimensionament de la plantilla dels serveis transversals necessari pel període 2026-2028. - Revisar la proposta de dimensionament de plantilla pel període 2027-2036 inclosa en el Pla Estratègic d’ATL 2025-2034. - Avaluar la idoneïtat dels perfils professionals de determinats llocs clau de la organització i comparar la seva evolució amb avaluacions anteriors. - Revisar l’estat d’execució del Pla de desenvolupament per a garantir els perfils competencials dels llocs clau de l’organització. - Revisar l’estructura salarial i la seva correcta adequació als diferents llocs de treball i la comparativa amb el sector públic i el sector d’abastament d’aigua. - Revisar l’estat d’execució del Pla de successions. - Assegurar la continuïtat respecte de l’estudi de càrregues de treball realitzat l’any 2023, de manera que els resultats obtinguts en el present projecte siguin comparables amb els resultats anteriors i permetin avaluar l’evolució real del Pla d’Actuació i l’efectivitat de les mesures adoptades. - Garantir que les propostes resultants siguin viables des del punt de vista organitzatiu, laboral, retributiu, normatiu i d’implantació, tenint en compte la naturalesa d’ATL com a entitat del sector públic i com a prestadora d’un servei públic essencial.;Ens d'Abastament d'Aigua Ter-Llobregat (ATL);servicios;Pendiente de adjudicación;—;;;https://contractaciopublica.cat/ca/detall-publicacio/d96e63ac-2bd4-46c0-ad43-7c439e1c22fc/300900132
Otros anuncios;Servicio de explotación de la deixalleria comarcal de Sarrià de Ter y de la deixalleria móvil comarcal.;Consell Comarcal del Gironès;servicios;Pendiente de adjudicación;—;;;https://contractaciopublica.cat/ca/detall-publicacio/8813d2c0-337a-4d4b-8523-bd51de872085/300900125
Otros anuncios;El objeto del contrato son los servicios de ingeniería y asistencia técnica para la “Gestión integral en explotación del ecosistema tecnológico de los Apoyos de interacción con el usuario (SUS) T-movilidad, rol ISO 24.014” para la gestión integral en explotación de todo el ecosistema de los Apoyos de Usuario Sin contacto autorizado a la T-movilidad.;Autoritat del Transport Metropolità, Consorci per a la coordinació del sistema metropolità del transport públic de l'àrea de Barcelona;servicios;Pendiente de adjudicación;—;;;https://contractaciopublica.cat/ca/detall-publicacio/d868b27e-9ef5-49ac-a2e1-9ea97db0050e/300900124
Otros anuncios;Constitueix l’objecte d’aquest contracte la prestació del servei de neteja dels centres amb activitat de l’Estiu Riu pels anys 2027 i 2028.;Ajuntament d'Olot;servicios;Pendiente de adjudicación;—;;;https://contractaciopublica.cat/ca/detall-publicacio/7d8f907b-dde3-48fb-813c-edf3c09ba288/300900115
Otros anuncios;Servei de custòdia de documents administratius i serveis relacionats amb la documentació administrativa;Consorci d'Educació de Barcelona;servicios;Pendiente de adjudicación;—;;;https://contractaciopublica.cat/ca/detall-publicacio/7e9def6e-f399-41c3-9ca8-89d0933b5bcc/300900104
Otros anuncios;Subministrament, en règim d’arrendament i cost per pàgina, d’un (1) equip multifunció (impressió, fotocòpia i escaneig), així com el manteniment d’aquest equip, amb destinació al Consorci de l’Habitatge de l’Àrea Metropolitana de Barcelona.;Consorci de l'Habitatge de l'Àrea Metropolitana de Barcelona;suministros;Pendiente de adjudicación;—;;;https://contractaciopublica.cat/ca/detall-publicacio/49a67257-ccf1-4618-9030-52205f40743d/300900093
Otros anuncios;Redacció del Projecte constructiu per reduir el risc d’inundació de la zonaurbana del municipi de Palamós, derivada del desbordament de la Riera Aubi i dels seus afluents.;Ajuntament de Palamós;servicios;Pendiente de adjudicación;—;;;https://contractaciopublica.cat/ca/detall-publicacio/994ccbed-05bb-49b2-924e-ea4d67a7bc6b/300900084
Otros anuncios;Subministrament d’un videolaringoscopi i un compressor abdominal per a l’Hospital universitari Vall d’Hebron;ICS - Hospital Universitari Vall Hebron;suministros;Pendiente de adjudicación;—;;;https://contractaciopublica.cat/ca/detall-publicacio/e9691b17-8579-4a2b-9eed-802991a2e792/300900082
Otros anuncios;Servei d’atenció integral al col·lectiu LGBTIQ+ (SAI) i desenvolupament del Projecte Decolors-Cornellà ciutat diversa.;Ajuntament de Cornellà de Llobregat;servicios;Pendiente de adjudicación;—;;;https://contractaciopublica.cat/ca/detall-publicacio/9bb6f96c-5aab-43c7-8070-22f6e1d8e749/300900077
Otros anuncios;Reurbanització d'un espai de transició entre el nucli històric i les zones de creixement urbà més recent, de superfície aproximada 578,70 m². És una zona amb activitat quotidiana notable, especialment per la presència dels comerços de Can Central i la Fogaina, i que actua com a punt d’accés al carrer Sant Sebastià i a la trama històrica del municipi. Les obres tenen per finalitat millorar la mobilitat, l’accessibilitat, la seguretat viària i la qualitat urbana de l’espai públic, així com dignificar l’entorn patrimonial de la capella de Sant Sebastià i reforçar-ne la funció com a punt d’accés al carrer Sant Sebastià i al nucli històric del municipi.;Ajuntament de Les Preses;obras;Pendiente de adjudicación;—;;;https://contractaciopublica.cat/ca/detall-publicacio/b9c1c2fe-573d-4cd0-8015-4bbc0b6053fe/300900073
Otros anuncios;subministrament i instal·lació dels equipaments descrits al “projecte executiu per la instal·lació d’un subministrament auxiliar de baixa tensió amb grup electrogen a l’estació de bombeig Can Boada - TAIGUA” amb criteris de contractació pública ecològica;Terrassa Cicle de l'aigua EPEL;suministros;Pendiente de adjudicación;—;;;https://contractaciopublica.cat/es/detall-publicacio/b54abc34-3036-44c3-b0c9-d5800e4e9ee3/300900057
Otros anuncios;L’objecte d’aquest contracte és executar les obres per la renovació dels cabalímetres de control a la xarxa de distribució d’ATL, lligats a la UPC. (fase IV). També s’inclou la instal·lació de nous cabalímetres per a millorar el control dels cabals que circulen per la xarxa de distribució. En resum els treballs a executar són: • Treballs de subministrament i muntatge per la instal·lació dels cabalímetres. Inclou del desmuntatge dels elements existents necessaris. • Adequació de la valvuleria associada, com ara les vàlvules papallona, carrets de desmuntatge, etc. o bé la instrumentació de control. • Nova instal·lació elèctrica i la part de control dels nous cabalímetres, sobretot en adequar l’armari de potència i control existent. • Posta en marxa dels cabalímetres, i proves en local i en remot de les senyals. El nombre de cabalímetres inclosos en aquesta actuació oscil·len entre els diàmetres DN 50-2200 mm i en total s’estimen en 47 unitats (24 ut de nova instal·lació, 8 ut de substitució d’equips existents i la resta són cabalímetres de càlcul de rendiment hidràulic de plantes). Al projecte s’indiquen les coordenades exactes de cada cabalímetre que es troben repartits majoritàriament a la xarxa de distribució, però també hi ha 9 ut a les pròpies plantes de la ITAM Tordera i Llobregat. Tots els cabalímetres seran de tipus electromagnètics i seran de qualitat zero distance, perquè pràcticament en cap de les instal·lacions es disposa de distàncies de control. El projecte defineix el desenvolupament de la solució a nivell constructiu per cadascun dels punts de control.;Ens d'Abastament d'Aigua Ter-Llobregat (ATL);obras;Pendiente de adjudicación;—;;;https://contractaciopublica.cat/ca/detall-publicacio/0099c44b-173a-4453-abd5-f0c5a09fd2a6/300900056
Otros anuncios;Redacció del projecte executiu i documentació complementaria (Estudi geotècnic, Projecte d'activitat, Disseny de senyalètica i Anàlisi dels costos d'explotació i manteniment de l'edifici) a partir del projecte bàsic existent de data desembre de 2010, redactat per RGA Arquitectes;Ajuntament de Badalona;servicios;Anulada;—;;;https://contractaciopublica.cat/ca/detall-publicacio/df02ba9f-963c-b2b3-7ebe-e7ac48c5bb52/300900055
Otros anuncios;"L'objecte del contracte és la gestió pedagògica i el funcionament dels serveis propis del Servei d'Escoles Bressol de l'Ajuntament de Badalona, constituït per 5 escoles bressol municipals amb un total de 480 places escolars d'acord amb el detall següent: EBM Ralet ralet. Codi 08063515. Situat a l'avinguda del Marquès de Mont-roig, 178. 3 aules amb 52 places: P1 (13 places) + P2 (19 places) + P2 (20 places); no hi ha nadons. EBM Nero nas. Codi 08063436. Situat al carrer de Londres, 12-18. 7 aules amb 107 places: P0 (8 places) + 3 aules de P1 amb 13 places cadascuna + 3 aules de P2 amb 20 places cadascuna. EBM Uni dori. Codi 08071536. Situat al passeig d'Olof Palme, 15. 7 aules amb 107 places: P0 (8 places) + 3 aules de P1 amb 13 places cadascuna + 3 aules de P2 amb 20 places cadascuna. EBM Pam i pipa. Codi 08069013. Situat al carrer Pau Picasso, s/n. 7 aules amb 107 places: P0 (8 places) + 3 aules de P1 amb 13 places cadascuna + 3 aules de P2 amb 20 places cadascuna. EBM Virolet. Codi 08072504. Situat al carrer Molí de la Torre, 169. 7 aules amb 107 places: P0 (8 places) + 3 aules de P1 amb 13 places cadascuna + 3 aules de P2 amb 20 places cadascuna.";Ajuntament de Badalona;servicios;Anulada;—;;;https://contractaciopublica.cat/ca/detall-publicacio/28ce2429-426c-e87c-4ec0-2f7c1fda3098/300900044
Otros anuncios;Contractació conjunta de: 1.- Obra civil de construcció del futur Arxiu Comarcal de la Cerdanya. 2.- Equipament: Subministrament i instal·lació d'armaris compactats mòbils homologats destinats a l'Arxiu Comarcal de la Cerdanya.;Ajuntament de Puigcerdà;obras;Pendiente de adjudicación;—;;;https://contractaciopublica.cat/ca/detall-publicacio/eb83349d-dae4-474b-978b-feb52966c44c/300900043
Otros anuncios;Redacció del Projecte constructiu per a l'execució d'actuacions de millora de la capacitat dels sistemes de drenatge urbà: execució de la xarxa separativa als eixos estructurantsdel municipi.;Ajuntament de Palamós;servicios;Pendiente de adjudicación;—;;;https://contractaciopublica.cat/ca/detall-publicacio/a1a10fc7-c88c-4ac0-b466-52fa8d2602cd/300900018
Otros anuncios;Servei de verificació i calibració dels equips de mesura de la marca Hach d’ATL.;Ens d'Abastament d'Aigua Ter-Llobregat (ATL);servicios;Pendiente de adjudicación;—;;;https://contractaciopublica.cat/ca/detall-publicacio/eec403ca-7b9c-4b36-91a5-f3b49b565fcd/300900013
Otros anuncios;D'acord amb la clàusula 1 del PCAP, l’objecte del contracte consisteix en la concessió del servei de menjador de l’Escola Bressol municipal “Els Garrofers”, amb cuina al centre, més monitoratge segons les prescripcions del plec de condicions tècniques, i amb les característiques de menjador saludable, sostenible i de proximitat amb criteris de sostenibilitat ambiental i continuant amb el projecte educatiu de l’Escola Bressol.;Ajuntament de Sant Vicenç de Montalt;concesión de servicios;Pendiente de adjudicación;—;;;https://contractaciopublica.cat/ca/detall-publicacio/d63c44c2-ac5b-4f62-8c15-b0e4b9e8c3cf/300900011
Otros anuncios;Servei de manteniment, revisió, reparació, actualització de software, plataforma de gestió i subministrament (ampliació i reposició) de pantalles d’informació dinàmica per a la comunicació interna de Ferrocarrils de la Generalitat de Catalunya (Ref: POS124/26);Ferrocarrils de la Generalitat de Catalunya;servicios;Pendiente de adjudicación;—;;;https://contractaciopublica.cat/ca/detall-publicacio/01eae37b-9269-4273-8950-72a963cf4dc5/300900007
Otros anuncios;Contractació dels serveis socioeducatius per a adolescents i joves de Barberà del Vallès. El servei inclou la gestió, coordinació, dinamització, difusió i avaluació dels projectes següents: • Equipaments socioeducatius per adolescents i joves El Racó i La Roma. • Tallers per adolescents i joves. • Intervenció en Medi Obert. • Projecte VINCLES. • Serveis d'Informació, Orientació i Assessorament Juvenil (SIOAJ). • El Programa d’Informació i Dinamització als Centres d’Ensenyament Secundari (PIDCES). • Programació d'Estiu Adolescent i Jove. • Coordinació amb les entitats juvenils. • Consell Municipal d’Adolescent. • Difusió dels serveis. L'objecte d'aquesta contractació consisteix en un servei especial dels recollits a l'annex IV de la LCSP. A la licitació i execució del contracte regiran, a més de la normativa legal aplicable, el Plec de clàusules administratives particulars i el Plec de prescripcions tècniques (PPT) (Annex 2).;Ajuntament de Barberà del Vallès;servicios;Pendiente de adjudicación;—;;;https://contractaciopublica.cat/ca/detall-publicacio/7216d7b2-b138-4df3-b840-958d5b545094/300899996
Otros anuncios;Renovació subscripció llicències de programari UiPath per a l’Ajuntament de Barcelona;Institut Municipal Barcelona Innovació i Tecnologia;suministros;Anuncio previo;—;;;https://contractaciopublica.cat/ca/detall-publicacio/5f261989-b22b-4907-b3d8-0f27b5333350/300899992
Otros anuncios;Suministro de 14 cruces monobloque para las líneas L9N y L9S destinados a la sustitución de cruces ensamblados;Ferrocarril Metropolità de Barcelona, SA;suministros;Pendiente de adjudicación;—;;;https://contractaciopublica.cat/ca/detall-publicacio/81fc9b68-90e6-4719-bf68-198b07b819d1/300899983
Otros anuncios;Contractació d'equipament informàtic per a la renovació parcial del parc de llocs de treball del Laboratori de Referència de Catalunya, S.A.;Laboratori de Referència de Catalunya, SA;suministros;Pendiente de adjudicación;—;;;https://contractaciopublica.cat/ca/detall-publicacio/db2c0796-0713-4ed2-8402-4bebc3ec61f3/300899979
Otros anuncios;Servei de Granallat i pintat de bastidors de bogi de las S5000 i S6000 de CAF;Ferrocarril Metropolità de Barcelona, SA;servicios;Pendiente de adjudicación;—;;;https://contractaciopublica.cat/ca/detall-publicacio/7b5d7c81-1940-4969-b2bd-a68bcc9960d8/300899978
Otros anuncios;Servei pel disseny i execució de diferents programes orientats a la innovació empresarial i dels serveis per a la realització de processos de mentoring en àrees de gestió empresarial i tecnològica, en el marc dels programes de la Unitat d’Empreses i emprenedoria de l’Àrea d’Ocupació i Empreses de Viladecans, mitjançant el foment de la contractació de persones amb dificultats particulars d’inserció al mercat laboral i amb mesures de contractació pública sostenibles.;Ajuntament de Viladecans;servicios;Pendiente de adjudicación;—;;;https://contractaciopublica.cat/ca/detall-publicacio/80153ae3-cb4b-4801-95d4-c6590f1efbeb/300899976
Otros anuncios;Contracte de serveis per a la redacció del projecte bàsic, el projecte executiu i la posterior direcció d’obra de les obres de reforma, i rehabilitació de l'edifici del Palau Robert de Barcelona, i l'obtenció de la llicència ambiental. Clau: GPP-23295;Infraestructures de la Generalitat de Catalunya, SAU;servicios;Pendiente de adjudicación;—;;;https://contractaciopublica.cat/ca/detall-publicacio/6c1c64ba-55ff-4162-832f-6aaaea032a81/300899937
Otros anuncios;Serveis de control preventiu de glaucoma per a personal del Parlament;Parlament de Catalunya;servicios;Pendiente de adjudicación;—;;;https://contractaciopublica.cat/ca/detall-publicacio/f8539d15-90aa-4937-adc8-2bc0b273f0bc/300899748
Otros anuncios;Obres de pavimentació de voreres del carrer Sant Antoni Maria Claret, entre els carrers Roger de Flor i Nàpols, i del carrer Còrsega, entre els carrers Sicília i Sardenya, amb mesures de contractació pública sostenible;Ajuntament de Barcelona;obras;Pendiente de adjudicación;—;;;https://contractaciopublica.cat/ca/detall-publicacio/2eee4583-a2ef-49bc-bdb4-4e8d6c61eb78/300895340
Otros anuncios;Prestació del servei de recollida, transport i gestió de restes vegetals d’origen domèstic situats en espais municipals del terme municipal de Peralada;Ajuntament de Peralada;servicios;Pendiente de adjudicación;—;;;https://contractaciopublica.cat/ca/detall-publicacio/029cc3bc-88c9-4c4b-85c9-e548efa0f96f/300892878
Otros anuncios;Obres de rehabilitació de la marquesina de la graderia del camp de futbol Nou Sardenya, amb mesures de contractació pública sostenible;Ajuntament de Barcelona;obras;Pendiente de adjudicación;—;;;https://contractaciopublica.cat/ca/detall-publicacio/cd4550b0-38b2-4922-b636-b2241548ab91/300889612
Otros anuncios;El objeto del contrato consiste en la dirección de obra hasta la certificación final, la coordinación de seguridad y salud, y la asistencia técnica de las obras del contrato de “OBRAS DE CONSTRUCCIÓN DE LA AMPLIACIÓN DE LA RED DE METRO DE MADRID AL BARRIO DE VALDEBEBAS. TRAMOS 1 Y 2”;Consejería de Vivienda, Transportes e Infraestructuras;servicios;Pendiente de adjudicación;—;;;https://contratos-publicos.comunidad.madrid/contrato-publico/contrato-direccion-obra-coordinacion-seguridad-salud-asistencia-tecnica-obras
Otros anuncios;El objeto del contrato es la elaboración del inventario de los pozos mineros abandonados en la Comunidad de Madrid con el contenido y alcance establecido en el pliego de prescripciones técnicas particulares.;Consejería de Economía, Hacienda y Empleo;servicios;Pendiente de adjudicación;—;;;https://contratos-publicos.comunidad.madrid/contrato-publico/elaboracion-inventario-pozos-mineros-abandonados-comunidad-madrid
Otros anuncios;Suministro de consumibles para mesa anestesia: circuitos, filtros y tubo corrugado;Hospital Infantil Universitario Niño Jesús;suministros;Pendiente de adjudicación;—;;;https://contratos-publicos.comunidad.madrid/contrato-publico/suministro-consumibles-mesa-anestesia-hospital-infantil-universitario-nino-jesus
Otros anuncios;0000416/2025 contratación del suministro e instalación de dos torres de endoscopia para los servicios de neurocirugía y otorrinolaringología del hospital reina sofía de córdoba. pa 26/25;Servicio Andaluz de Salud;suministros;Pendiente de adjudicación;—;;;https://www.juntadeandalucia.es/haciendayadministracionpublica/apl/pdc_sirec/perfiles-licitaciones/detalle-licitacion.jsf?idExpediente=982078
Otros anuncios;obras de sellado de vertedero de inertes en el t.m. de lubrín (al);Consejería de Sostenibilidad y Medio Ambiente. Dirección General de Sostenibilidad Ambiental y Cambio Climático (En Transición);obras;Pendiente de adjudicación;—;;;https://www.juntadeandalucia.es/haciendayadministracionpublica/apl/pdc_sirec/perfiles-licitaciones/detalle-licitacion.jsf?idExpediente=980670
Otros anuncios;servicio de mantenimiento integral de equipos e instalaciones del en doñana;Consejería de Sostenibilidad y Medio Ambiente. Dirección General de Espacios Naturales Protegidos (En Transición);servicios;Pendiente de adjudicación;—;;;https://www.juntadeandalucia.es/haciendayadministracionpublica/apl/pdc_sirec/perfiles-licitaciones/detalle-licitacion.jsf?idExpediente=945440
Otros anuncios;acuerdo marco para la contratación del servicio de sonido para los programas de canal sur radio ytelevisión s.a.;Canal Sur Radio y Televisión, S.A.;servicios;Pendiente de adjudicación;—;;;https://www.juntadeandalucia.es/haciendayadministracionpublica/apl/pdc_sirec/perfiles-licitaciones/detalle-licitacion.jsf?idExpediente=1005389
Otros anuncios;acuerdo marco para la contratación del servicio de grúa cabeza calientepara los programasde canal sur radio y televisión s.a.;Canal Sur Radio y Televisión, S.A.;servicios;Pendiente de adjudicación;—;;;https://www.juntadeandalucia.es/haciendayadministracionpublica/apl/pdc_sirec/perfiles-licitaciones/detalle-licitacion.jsf?idExpediente=1005405
Otros anuncios;servicio de agencia de viajes para atender lasnecesidades de canal sur radio y televisión s.a. y de la agencia pública empresarial de la radio y televisión de andalucía.;Canal Sur Radio y Televisión, S.A.;servicios;Pendiente de adjudicación;—;;;https://www.juntadeandalucia.es/haciendayadministracionpublica/apl/pdc_sirec/perfiles-licitaciones/detalle-licitacion.jsf?idExpediente=948905
Otros anuncios;servicio recogida residuos en centro albayzin y papel en resto centros;Dirección Provincial del Servicio Andaluz de Empleo de Granada;servicios;Pendiente de adjudicación;—;;;https://www.juntadeandalucia.es/haciendayadministracionpublica/apl/pdc_sirec/perfiles-licitaciones/detalle-licitacion.jsf?idExpediente=1006280
Otros anuncios;urbanización 1ª fase majarabique. área logística de sevilla;Agencia Pública de Puertos de Andalucía (APPA);obras;Pendiente de adjudicación;—;;;https://www.juntadeandalucia.es/haciendayadministracionpublica/apl/pdc_sirec/perfiles-licitaciones/detalle-licitacion.jsf?idExpediente=982159
Otros anuncios;0000191/2026 acuerdo marco con varias empresas por el que se fijan las condiciones para la contratación del servicio de asistencia sanitaria complementaria para estancias médicas para pacientes pluripatologicos y para pacientes con necesidad de cuidados paliativos, usuarios del servicio andaluz de salud, en centros sanitarios y servicios privados de la provincia de córdoba y provincias limítrofes, incluso pertenecientes a otras cc.aa, mediante procedimiento abierto y presentación electrónica (paam 3/26);Servicio Andaluz de Salud;servicios;Pendiente de adjudicación;—;;;https://www.juntadeandalucia.es/haciendayadministracionpublica/apl/pdc_sirec/perfiles-licitaciones/detalle-licitacion.jsf?idExpediente=968648
Otros anuncios;tja7020csv0 instalac. y mant. pasarela de pago bancario tranvía de jaén;Agencia de Obra Pública de la Junta de Andalucía (AOPJA);servicios;Pendiente de adjudicación;—;;;https://www.juntadeandalucia.es/haciendayadministracionpublica/apl/pdc_sirec/perfiles-licitaciones/detalle-licitacion.jsf?idExpediente=1005392
Otros anuncios;Servicio de adecuación de cartelería en CENTA;Agencia de Medio Ambiente y Agua de Andalucía;servicios;Pendiente de adjudicación;—;;;https://www.juntadeandalucia.es/haciendayadministracionpublica/apl/pdc_sirec/perfiles-licitaciones/detalle-licitacion.jsf?idExpediente=1007635
Otros anuncios;suminitro e instalación de mobiliario, señalética y puesto de uso público para la adecuación de las oficinas locales de transformación energética de andalucia oltean;Sociedad Andaluza para el Desarrollo de las Telecomunicaciones, S.A. (SANDETEL);suministros;Pendiente de adjudicación;—;;;https://www.juntadeandalucia.es/haciendayadministracionpublica/apl/pdc_sirec/perfiles-licitaciones/detalle-licitacion.jsf?idExpediente=1008017
Otros anuncios;acuerdo marco de prestación de servicios de reparaciones generales y mantenimiento correctivo en los centros de veiasa;Verificaciones Industriales de Andalucía, S.A. (VEIASA);servicios;Pendiente de adjudicación;—;;;https://www.juntadeandalucia.es/haciendayadministracionpublica/apl/pdc_sirec/perfiles-licitaciones/detalle-licitacion.jsf?idExpediente=981909
Otros anuncios;Servicio de vigilancia y seguridad de la sede de la Consejería de Economía, Hacienda y Empleo de la Comunidad de Madrid en la C/ Ramírez de Prado, 5 bis, que incluya los servicios de vigilancia y protección por medio de vigilantes de seguridad sin arma, conforme a lo establecido en los artículos 41 y siguientes de la Ley 5/2014, de 4 de abril, de Seguridad Privada;Consejería de Economía, Hacienda y Empleo;servicios;Pendiente de adjudicación;—;;;https://contratos-publicos.comunidad.madrid/contrato-publico/servicio-vigilancia-seguridad-sede-consejeria-economia-hacienda-empleo-comunidad
Otros anuncios;APRO 122/2027 Ac. Marco Agujas de Seguridad;Director Gerente del Servicio Navarro de Salud-Ossunbidea;suministros;Anuncio previo;—;;;https://hacienda.navarra.es/sicpportal/mtoFichaAnuncioPrevisto.aspx?cod=261005131145A6C75AEB
Otros anuncios;Mantenimiento preventivo y correctivo de máquinas Caterpillar modelos CAT 924G y CAT 963 WH. Expediente 2026/SCON-ASU/000017;Consejo de Administración de Servicios de la Comarca de Pamplona S.A.;servicios;Pendiente de adjudicación;—;;;https://hacienda.navarra.es/sicpportal/mtoAnunciosModalidad.aspx?cod=260907112421EF5908E0
Otros anuncios;Gestión de los Residuos de Construcción y demolición (RCDs). Expediente 2026/SCON-ASU/000016;Consejo de Administración de Servicios de la Comarca de Pamplona S.A.;suministros;Pendiente de adjudicación;—;;;https://hacienda.navarra.es/sicpportal/mtoAnunciosModalidad.aspx?cod=26090713022343005662
Otros anuncios;Suministro de contenedores para la recogida de residuos. Expediente 2026/SCON-ASU/000015;Consejo de Administración de Servicios de la Comarca de Pamplona S.A.;suministros;Pendiente de adjudicación;—;;;https://hacienda.navarra.es/sicpportal/mtoAnunciosModalidad.aspx?cod=260903184509369266F6
Otros anuncios;Suministro de ácido sulfúrico 40% al CACP. Expediente 2026/SCON-ASU/000019;Consejo de Administración de Servicios de la Comarca de Pamplona S.A.;suministros;Pendiente de adjudicación;—;;;https://hacienda.navarra.es/sicpportal/mtoAnunciosModalidad.aspx?cod=2609070858379DC55311
Otros anuncios;Servicio de Recepción de Papel y Cartón procedentes de la Recogida Separada destinado a su reciclado. Expediente 2026/SCON-ASU/000018;Consejo de Administración de Servicios de la Comarca de Pamplona S.A.;servicios;Pendiente de adjudicación;—;;;https://hacienda.navarra.es/sicpportal/mtoAnunciosModalidad.aspx?cod=260907092959276D1F9F
Otros anuncios;Gestión de los residuos peligrosos generados y/o recogidos por SCPSA en la Comarca de Pamplona. Expediente 2026/SCON-ASU/000020;Consejo de Administración de Servicios de la Comarca de Pamplona S.A.;servicios;Pendiente de adjudicación;—;;;https://hacienda.navarra.es/sicpportal/mtoAnunciosModalidad.aspx?cod=260907084135DEDA87EC
Otros anuncios;Suministro de sistemas para la determinación de hemoglobina en sangre de donantes;Centro de Transfusión;suministros;Pendiente de adjudicación;—;;;https://contratos-publicos.comunidad.madrid/contrato-publico/suministro-sistemas-determinacion-hemoglobina-sangre-donantes-2
Otros anuncios;El presente contrato tendrá por objeto la prestación del servicio de seguridad y vigilancia en el inmueble sito en la C/ Alcalá 30-32 de Madrid, conforme a las prescripciones establecidas en el Pliego de Prescripciones Técnicas Particulares.;Consejería de Educación, Ciencia y Universidades;servicios;Pendiente de adjudicación;—;;;https://contratos-publicos.comunidad.madrid/contrato-publico/seguridad-vigilancia-edificio-c-alcala-30-32-sede-consejeria-educacion-ciencia
Otros anuncios;Prestación de servicios culturales necesarios para la adecuada organización del Programa de Exposiciones Itinerantes de la Red Itiner 2027 de la Comunidad de Madrid, de conformidad con lo establecido en el Pliego de Prescripciones Técnicas;Consejería de Cultura, Turismo y Deporte;servicios;Pendiente de adjudicación;—;;;https://contratos-publicos.comunidad.madrid/contrato-publico/servicios-culturales-necesarios-ejecucion-programa-exposiciones-itinerantes-red-0
Otros anuncios;Servicios de mantenimiento y evolución del producto NEXUS ECCL (sistema de información económico presupuestario-financiero, contratación, compras, logística y funcionalidades y servicios comunes) y su plataforma asociada y los servicios de transformación, revisión y mejora de los procesos de gestión y de la calidad del servicio y producto NEXUS ECCL (2 lotes);Agencia para la Administración Digital de la Comunidad de Madrid;servicios;Pendiente de adjudicación;—;;;https://contratos-publicos.comunidad.madrid/contrato-publico/servicios-mantenimiento-evolucion-producto-nexus-eccl-sistema-informacion
Otros anuncios;Servicio de manipulación y carga de elementos físicos necesarios para el desarrollo del proceso electoral de las elecciones a la Asamblea de Madrid en 2027;Consejería de Presidencia, Justicia y Administración Local;servicios;Pendiente de adjudicación;—;;;https://contratos-publicos.comunidad.madrid/contrato-publico/servicio-manipulacion-carga-elementos-fisicos-necesarios-desarrollo-proceso-0
Otros anuncios;Evaluación de diferentes programas de políticas activas de empleo que promueve Lanbide – Servicio Público Vasco de Empleo;LANBIDE, Servicio Vasco de Empleo-Director /a General de LANBIDE-Servicio Vasco de Empleo;servicios;Pendiente de adjudicación;—;;;https://www.contratacion.euskadi.eus/webkpe00-kpeperfi/es/contenidos/anuncio_contratacion/expjaso740886/es_doc/index.html
Otros anuncios;Servicios para la impartición de acciones formativas para el trabajo en tecnología SAP;LANBIDE, Servicio Vasco de Empleo-Director /a General de LANBIDE-Servicio Vasco de Empleo;servicios;Pendiente de adjudicación;—;;;https://www.contratacion.euskadi.eus/webkpe00-kpeperfi/es/contenidos/anuncio_contratacion/expjaso733488/es_doc/index.html
Otros anuncios;Realización de trabajos relacionados con la marca y la estrategia comunicativa de la Universidad del País Vasco / Euskal Herriko Unibertsitatea (UPV/EHU);UPV/EHU - Universidad del País Vasco-La Gerente de la UPV/EHU;servicios;Pendiente de adjudicación;—;;;https://www.contratacion.euskadi.eus/webkpe00-kpeperfi/es/contenidos/anuncio_contratacion/expjaso709169/es_doc/index.html
Otros anuncios;Suministro, gestión y dinamización del Mercado de Navidad;Ayuntamiento de Irun -Alcalde;suministros;Pendiente de adjudicación;—;;;https://www.contratacion.euskadi.eus/webkpe00-kpeperfi/es/contenidos/anuncio_contratacion/expjaso739827/es_doc/index.html
Otros anuncios;6º contrato específico del sistema dinámico de adquisición del suministro mobiliario de oficina y sillería para la Diputación Foral de Bizkaia (Categoría 6: Mobiliario de dirección);Diputación Foral de Bizkaia-Diputado Foral de Hacienda y Finanzas;suministros;Pendiente de adjudicación;—;;;https://www.contratacion.euskadi.eus/webkpe00-kpeperfi/es/contenidos/anuncio_contratacion/expgebizkaia3610827/es_doc/index.html
Otros anuncios;Obra de la Variante Sur Ferroviaria de Bilbao. Fase 1. Tramo: Río Castaños - Túnel Baxatxu;Euskal Trenbide Sarea-Comisión Delegada en Materia de Contratación de ETS;obras;Pendiente de adjudicación;—;;;https://www.contratacion.euskadi.eus/webkpe00-kpeperfi/es/contenidos/anuncio_contratacion/expjaso733459/es_doc/index.html
Otros anuncios;Servicios de limpieza de los espacios en los que se ubica la actividad de Basque Culinary Center Fundazioa, Basque Culinary Center Hezkuntza Fundazioa y Services for BCC, S.L.;Fundación Basque Culinary Center-Director General;servicios;Pendiente de adjudicación;—;;;https://www.contratacion.euskadi.eus/webkpe00-kpeperfi/es/contenidos/anuncio_contratacion/expjaso739348/es_doc/index.html
Otros anuncios;Aprobación del expediente de contratación y el inicio de la licitación del contrato de servicios para la explotación del bar restaurante del centro sociocultural Emeterio Arrese de Tolosa.;Ayuntamiento de Tolosa-Comisión de Gobierno;concesión de servicios;Pendiente de adjudicación;—;;;https://www.contratacion.euskadi.eus/webkpe00-kpeperfi/es/contenidos/anuncio_contratacion/expjaso732795/es_doc/index.html
Otros anuncios;Suministro, instalación, configuración, puesta en funcionamiento y mantenimiento inicial de un sistema integral de control de accesos al aparcamiento, que permita una gestión segura, eficaz y automatizada de los accesos de vehículos;Sociedad Pública de Vivienda de Irun, S.A.U.-Consejo de Administración;suministros;Pendiente de adjudicación;—;;;https://www.contratacion.euskadi.eus/webkpe00-kpeperfi/es/contenidos/anuncio_contratacion/expjaso738124/es_doc/index.html
Otros anuncios;El objeto del contrato consiste en el suministro, instalación, configuración y puesta en servicio de un sistema de videovigilancia (CCTV) en el aparcamiento de Belartza de Irun.;Sociedad Pública de Vivienda de Irun, S.A.U.-Consejo de Administración;suministros;Pendiente de adjudicación;—;;;https://www.contratacion.euskadi.eus/webkpe00-kpeperfi/es/contenidos/anuncio_contratacion/expjaso738095/es_doc/index.html
Otros anuncios;Contratación de la ejecución de las obras descritas en los proyectos de ejecución de las cubriciones en Ogenbarrena y la Tejera;Ayuntamiento de Amorebieta-Etxano-Alcaldía;obras;Pendiente de adjudicación;—;;;https://www.contratacion.euskadi.eus/webkpe00-kpeperfi/es/contenidos/anuncio_contratacion/expjaso739250/es_doc/index.html
Otros anuncios;"""Suministro, instalación y puesta en marcha de un sistema de climatización VRV de recuperación de calor para el edificio Fase 1 AIC Boroa""";Fundación AIC Automotive Intelligence Center -Comisión Ejecutiva;suministros;Pendiente de adjudicación;—;;;https://www.contratacion.euskadi.eus/webkpe00-kpeperfi/es/contenidos/anuncio_contratacion/expjaso734144/es_doc/index.html
Otros anuncios;Servicio de Mantenimiento de las aplicaciones e infraestructuras sociosanitaria y del SVISS en modalidad AMS;EJIE, S.A. - Sociedad Informática del Gobierno Vasco-Director General, Presidente, Vicepresidente del Consejo de Administración o Consejo de Administraci;servicios;Pendiente de adjudicación;—;;;https://www.contratacion.euskadi.eus/webkpe00-kpeperfi/es/contenidos/anuncio_contratacion/expjaso739365/es_doc/index.html
Otros anuncios;Explotación del bar de Elkarteen etxea;Ayuntamiento de Urnieta-Pleno;concesión de servicios;Pendiente de adjudicación;—;;;https://www.contratacion.euskadi.eus/webkpe00-kpeperfi/es/contenidos/anuncio_contratacion/expjaso732695/es_doc/index.html
Otros anuncios;Inspecciones Periódicas Reglamentarias para Ascensores de Metro de Madrid;Metro de Madrid, S.A.;servicios;Pendiente de adjudicación;—;;;https://contratos-publicos.comunidad.madrid/contrato-publico/servicio-inspecciones-periodicas-reglamentarias-ascensores-metro-madrid
Otros anuncios;Suministro en régimen de alquiler servicio integral de alquiler de andamios tipo Termiser 300 y 400 o equivalente;Metro de Madrid, S.A.;suministros;Pendiente de adjudicación;—;;;https://contratos-publicos.comunidad.madrid/contrato-publico/suministro-andamios-regimen-alquiler
Otros anuncios;"Este contrato tiene por objeto la adquisición de material de Artículos promocionales para la promoción de la salud sexual y la prevención de VIH y otras ITS, así como para la promoción de la salud de las mujeres y la prevención de la violencia de género. Los bienes que constituyen el objeto del contrato se describen y detallan en el Pliego de&nbsp;Prescripciones Técnicas Particulares del mismo.";Consejería de Sanidad;suministros;Pendiente de adjudicación;—;;;https://contratos-publicos.comunidad.madrid/contrato-publico/suministro-articulos-promocionales-prevencion-promocion-salud-comunidad-madrid-ano
Otros anuncios;"Servicios de redacción del proyecto básico y ejecución de obras, la dirección facultativa de la obra (dirección de obra y dirección de ejecución de obra), la&nbsp; coordinación de seguridad y salud en obra y el control de calidad de las obras de reforma de los pabellones 11 y 16 del Hospital Central de la Cruz Roja";Hospital Central de la Cruz Roja San José y Santa Adela;servicios;Pendiente de adjudicación;—;;;https://contratos-publicos.comunidad.madrid/contrato-publico/servicios-redaccion-proyecto-basico-ejecucion-obras-direccion-facultativa-obra-1
Otros anuncios;0000305/2025 acuerdo marco con una única empresa, por lotes y agrupaciones de lotes, por el que se fijan las condiciones para el suministro de tracto sucesivo de reactivos y material fungible, con disponibilidad de uso de equipamiento principal y auxiliar, así como su mantenimiento, para la realización de las determinaciones analíticas en los laboratorios clínicos de los centros sanitarios del sas de la provincia de córdoba, mediante procedimiento abierto y presentación electrónica de ofertas. (paam 5/25);Servicio Andaluz de Salud;suministros;Pendiente de adjudicación;—;;;https://www.juntadeandalucia.es/haciendayadministracionpublica/apl/pdc_sirec/perfiles-licitaciones/detalle-licitacion.jsf?idExpediente=862562
Otros anuncios;suministro de barredoras eléctricas para los puertos de chipiona y rota;Agencia Pública de Puertos de Andalucía (APPA);suministros;Pendiente de adjudicación;—;;;https://www.juntadeandalucia.es/haciendayadministracionpublica/apl/pdc_sirec/perfiles-licitaciones/detalle-licitacion.jsf?idExpediente=952865
Otros anuncios;servicios de reparaciones y adecuación básica de viviendas ppv cadiz;Agencia de Vivienda y Rehabilitación de Andalucía (AVRA);servicios;Pendiente de adjudicación;—;;;https://www.juntadeandalucia.es/haciendayadministracionpublica/apl/pdc_sirec/perfiles-licitaciones/detalle-licitacion.jsf?idExpediente=1000141
Otros anuncios;272/ise/2026/ca obras temporal 2026 ies mediterráneo, la línea;Agencia Pública Andaluza de Educación;obras;Pendiente de adjudicación;—;;;https://www.juntadeandalucia.es/haciendayadministracionpublica/apl/pdc_sirec/perfiles-licitaciones/detalle-licitacion.jsf?idExpediente=1000188
Otros anuncios;USC-2026-0024: 017N-26 Adquisición de un sistema de microscopía confocal láser de barrido de alta resolución y accesorios para el CiQUS;Universidade de Santiago de Compostela;suministros;Pendiente de adjudicación;—;;;https://www.contratosdegalicia.gal/licitacion?N=829290
Otros anuncios;Contractació dels serveis d'assistència tècnica a l'Agència de Residus de Catalunya per dur a terme les actuacions necessàries per a l'execució del projecte del Centre de tractament de residus municipals del Pallars Jussà, Pallars Sobirà, Alta Ribagorça i Vall d'Aran, al municipi de Tremp.;Agència de Residus de Catalunya;servicios;Pendiente de adjudicación;—;;;https://contractaciopublica.cat/ca/detall-publicacio/7c023a3e-6a48-4e4a-96e8-af4fb5df2b93/300899816
Otros anuncios;Servei de consultoria i assistència tècnica per a l’elaboració d’un estudi d’anàlisi i recopilació sobre solucions basades en la natura (SBN) per a zones urbanes mediterrànies.;Àrea Metropolitana de Barcelona;servicios;Pendiente de adjudicación;—;;;https://contractaciopublica.cat/ca/detall-publicacio/01001067-b7a1-4362-98f2-d42bb3ad8f65/300899803
Otros anuncios;"Contrato para la ejecución de las obras ""Corredor BRCat Blanes - Lloret de Mar"". Clave: PC-ANG-18023 y AA-PC-ANG-18023";Infraestructures de la Generalitat de Catalunya, SAU;obras;Pendiente de adjudicación;—;;;https://contractaciopublica.cat/ca/detall-publicacio/e511a88e-80f0-4399-80d3-a4ee600b066d/300899800
Otros anuncios;Contractación conjunta del servicio de limpieza y control de plagas en los edificios, dependèncias, espacios exteriores y servicios relacionados de la URV y la FURV, mediante lotes;Universitat Rovira i Virgili;servicios;Pendiente de adjudicación;—;;;https://contractaciopublica.cat/ca/detall-publicacio/5dd70f47-dd7f-43db-ad02-4a9646ae9e98/300899797
Otros anuncios;Prestació del servei de retirada de vehicles de la via pública de la Seu d'Urgell;Ajuntament de la Seu d'Urgell;servicios;Pendiente de adjudicación;—;;;https://contractaciopublica.cat/ca/detall-publicacio/febb55c2-bb5f-4bc8-bd73-01ef6d0bd223/300899796
Otros anuncios;El objeto del presente contrato es la prestación del servicio de implantación y desarrollo de un portal de cliente y un CRM mediante tecnología Salesforce, incorporando medidas de contratación pública sostenible.;Mercados de Abastecimientos de Barcelona, S.A;servicios;Pendiente de adjudicación;—;;;https://contractaciopublica.cat/ca/detall-publicacio/1fd7e6c4-bbba-486a-9ec4-7c458062609d/300899781
Otros anuncios;Execució de les obres i treballs compresos a la Fase II de l’actuació de “Millora urbana integral” per a la renovació i millora del paviment asfàltic i reparació de voreres de diferents carrers del municipi (OMO 05/2026) per tal de d’adequar-los a les necessitats funcionals i de durabilitat.;Ajuntament de Gavà;obras;Pendiente de adjudicación;—;;;https://contractaciopublica.cat/ca/detall-publicacio/a432bb93-9608-4ca5-847c-2cc14d1562a8/300899772
Otros anuncios;Realització de les obres descrites en el Projecte d’obres d’urbanització del parc de la Font Pudenta, a Montcada i Reixac;Ajuntament de Montcada i Reixac;obras;Pendiente de adjudicación;—;;;https://contractaciopublica.cat/ca/detall-publicacio/ccde6a78-4c2e-4e69-af88-5343bf1f34ae/300899765
Otros anuncios;Suministro de reactivos y la cesión de equipamiento para pruebas de bioquímica e inmunoquímica, hematimetría, análisis sistemático y de los elementos de formas de orina específicos para el laboratorio del Hospital Universitari de Vic;Consorci Hospitalari de Vic;suministros;Pendiente de adjudicación;—;;;https://contractaciopublica.cat/ca/detall-publicacio/69e9c733-b738-40a6-82ae-af6b061efaea/300899755
Otros anuncios;(AS-43/2026) Serveis de producció del festival Dansa Metropolitana (edicions 2027, 2028 i 2029) al municipi de l’Hospitalet de Llobregat;Ajuntament de l'Hospitalet de Llobregat;servicios;Pendiente de adjudicación;—;;;https://contractaciopublica.cat/ca/detall-publicacio/e0c13048-47e0-4b80-a8e6-0669db2fff49/300899725
Otros anuncios;L’objecte del contracte és la prestació d’un servei de consultoria especialitzada en Recursos Humans per a la definició, disseny i implantació del Model de Gestió de Persones del Consorci d’Aigües de Tarragona, amb la finalitat de dotar l’organització d’un marc coherent, integrat i operatiu que alineï els principals processos, models, polítiques i instruments de gestió de persones.;Consorci d'Aigües de Tarragona;servicios;Pendiente de adjudicación;—;;;https://contractaciopublica.cat/ca/detall-publicacio/e5b451fa-b28b-4b44-b5b7-d4d736032497/300899528
Otros anuncios;Obres de la millora de la pavimentació del lateral banda mar de la C-245, a Sant Boi de Llobregat;Àrea Metropolitana de Barcelona;obras;Pendiente de adjudicación;—;;;https://contractaciopublica.cat/ca/detall-publicacio/f12718b4-7eb1-4ffd-81b4-124393a3d16d/300899440
Otros anuncios;Prestació del servei d’Observatori d’Inclusió de l’Ajuntament de Montcada i Reixac.;Ajuntament de Montcada i Reixac;servicios;Pendiente de adjudicación;—;;;https://contractaciopublica.cat/ca/detall-publicacio/bab80286-e697-4ff4-b22a-09052d27fcba/300899737
Otros anuncios;Subministrament de contencions mecàniques de pacient per al Consorci Sanitari Integral;Consorci Sanitari Integral;suministros;Pendiente de adjudicación;—;;;https://contractaciopublica.cat/ca/detall-publicacio/2859fff5-e299-476c-a526-dfc9d9a745cb/300899724
Otros anuncios;Subministrament, fabricació, instal·lació i trasllat dels elements museogràfics destinats a la implantació de l'exposició sobre la Nau de Turbines i el projecte Catalunya Media City.;Consorci del Besòs;suministros;Pendiente de adjudicación;—;;;https://contractaciopublica.cat/ca/detall-publicacio/c2ebe7a4-387b-4f2d-a578-bd2bfe8dc04d/300899667
Otros anuncios;Servicios de gestión de los animales de compañía y el control de las aves urbanas, en el término municipal de Viladecans, mediante el fomento de la contratación de personas con dificultades particulares de inserción en el mercado laboral, y con medidas de contratación pública sostenibles.;Ajuntament de Viladecans;servicios;Pendiente de adjudicación;—;;;https://contractaciopublica.cat/ca/detall-publicacio/4206e2c6-7abb-4810-a105-cc45267e73d3/300899663
Otros anuncios;Pla de presència arreu del territori de la loteria la grossa, gestionada per Loteries de Catalunya, SAU;Loteries de Catalunya, SAU;servicios;Pendiente de adjudicación;—;;;https://contractaciopublica.cat/ca/detall-publicacio/0ef5e5c1-4906-453e-8164-991e3bc81025/300899654
Otros anuncios;Subministrament d’un domo geodèsic de 12 metres de diàmetre, en règim de lloguer, destinat a la realització d'activitats municipals de caràcter cultural, educatiu, lúdic, institucional i promocional;Ajuntament de Cerdanyola del Vallès;suministros;Pendiente de adjudicación;—;;;https://contractaciopublica.cat/ca/detall-publicacio/05624700-ecc2-4a1d-bed7-4775d9ac5a75/300899652
Otros anuncios;Servei especialitzat de premsa, relacions institucionals i coordinació corporativa, que garanteixi la projecció d’una imatge institucional de qualitat i una coordinació de programes i projectes eficaç, transparent i coherent amb la ciutadania, les entitats i la resta d’institucions públiques i privades.;Ajuntament de Begues;servicios;Pendiente de adjudicación;—;;;https://contractaciopublica.cat/ca/detall-publicacio/a23fa241-57d2-4c68-9441-4130b29c7a37/300899628
Otros anuncios;L’objecte del contracte és la prestació del servei de producció audiovisual de l’Ajuntament de Parets del Vallès, que comprèn la cobertura audiovisual dels actes organitzats per l’Ajuntament o en què aquest col·labori, així com d’aquells actes o esdeveniments desenvolupats al municipi que, per raó del seu interès públic o ciutadà, siguin determinats pel Servei de Comunicació municipal, dins l’àmbit propi de la comunicació institucional. La prestació inclou la planificació dels enregistraments, la captació d’imatges i so, la realització audiovisual, l’edició dels continguts, el tractament de les imatges, el lliurament dels vídeos finals en els formats requerits i, quan sigui necessari, el lliurament dels arxius màster.;Ajuntament de Parets del Vallès;servicios;Pendiente de adjudicación;—;;;https://contractaciopublica.cat/ca/detall-publicacio/bf9a2321-8c29-4a08-8410-b58bd18a0ab1/300899626
Otros anuncios;Obres millora, legalització i eficiència energètica de l’enllumenat públic de l’Av Catalunya i entorn, de Cerdanyola del Vallès;Ajuntament de Cerdanyola del Vallès;obras;Pendiente de adjudicación;—;;;https://contractaciopublica.cat/ca/detall-publicacio/0c38862f-eeeb-473b-90e9-fcc457d3a5c1/300899614
Otros anuncios;Subministrament en règim de lloguer, instal·lació, manteniment, connexió, desconnexió i desmuntatge de l’enllumenat ornamental nadalenc i d’altres decoracions als carrers, places i equipaments municipals de Cerdanyola del Vallès;Ajuntament de Cerdanyola del Vallès;suministros;Pendiente de adjudicación;—;;;https://contractaciopublica.cat/ca/detall-publicacio/3e0b2ebc-f0c5-4374-98b5-41a4d22cde8c/300899598
Otros anuncios;"ECAO 8251/2026 - Obres definides en el “Projecte d’obres per a la col·locació de pèrgola per donar ombra en el pati de l’Escola Salvador Vinyals i Galí"" i en el ""Projecte d’obres per a la col·locació de tendal vela per donar ombra en el pati de l’Escola Mare de Déu de Montserrat"", amb criteris de contractació pública ecològica.";Ajuntament de Terrassa;obras;Pendiente de adjudicación;—;;;https://contractaciopublica.cat/ca/detall-publicacio/0021c35f-b9f1-419e-b3c3-936014931f9f/300899594
Otros anuncios;Acuerdo Marco del Suministro de Higiene y Protección;Consorci de Salut i d'Atenció Social de Catalunya;suministros;Pendiente de adjudicación;—;;;https://contractaciopublica.cat/ca/detall-publicacio/4f6290f3-c87e-4d0a-bfe8-d118faa17701/300899592
Otros anuncios;És objecte d’aquest contracte la contractació del servei de tallers, xerrades i activitats preventives del risc: consum drogues, anticoncepció, assetjament escolar, trastorns de la conducta alimentària i altres, en el marc de promoció de la salut als centres d’ensenyament del municipi. S’adrecen als adolescents dels centres educatius públics i concertats del municipi de Santa Perpètua de Mogoda.;Ajuntament de Santa Perpètua de Mogoda;servicios;Pendiente de adjudicación;—;;;https://contractaciopublica.cat/ca/detall-publicacio/1334b5b5-6258-4a8f-99ec-278cbd6d0b08/300899589
Otros anuncios;Servei de producció, subministrament i col.locació/retirada de suports publicitaris per als esdeveniments que es realitzin al Centre d'Activitats gestionat per La Farga, GEM,S.A.;La Farga, Gestió d'Equipaments Municipals de l'Hospitalet de Llobregat, SA;servicios;Pendiente de adjudicación;—;;;https://contractaciopublica.cat/ca/detall-publicacio/acdb8054-9b92-47ac-8ddb-aca7c6a27d4d/300899581
Otros anuncios;Obres per a la renovació dels equips de climatització dels espais IRAB del Parc de Recerca Biomèdica de Barcelona;Consorci Parc de Recerca Biomèdica de Barcelona (PRBB);obras;Pendiente de adjudicación;—;;;https://contractaciopublica.cat/ca/detall-publicacio/73d3c547-783e-44ad-a593-3c24d096cc31/300899573
Otros anuncios;servicio de transporte de CLS, AIE;Coordinació Logística Sanitària, AIE;servicios;Pendiente de adjudicación;—;;;https://contractaciopublica.cat/ca/detall-publicacio/060215d5-88a9-4336-a11d-9a858b182525/300899567
Otros anuncios;Servei integral de provisió i gestió de cadires de rodes per a pacients i usuaris de l’Hospital Universitari Germans Trias i Pujol;ICS - Gerència de compres;suministros;Pendiente de adjudicación;—;;;https://contractaciopublica.cat/ca/detall-publicacio/2923c46e-195e-4a09-b2b8-abe14bb17c0e/300899560
Otros anuncios;L’objecte d’aquest contracte és executar les obres per la reconstrucció dels murets interiors i la retirada del material d’impermeabilització aplicat a la part interior de la coberta dels dipòsits 3 i 4 de l’ETAP. En resum els treballs a executar són: • Treballs de demolició i retirada de murets de blocs de formigó. Inclou la càrrega, transport i cànon d’abocador. • Retirada de l’aïllament interior de la coberta dels dipòsits, segons el mètode hidroneteja robotitzada a ultra alta pressió (UHP) (>1.200 bar), sense productes químics. S’inclou la retirada del residu generat i la seva gestió a un centre autoritzat. • Protecció de part interior de les plaques de la coberta dels dipòsits. Un cop retirat el material impermeabilitzant, es procedirà a aplicar recobriment per protegir el formigó amb revestiment tipus epoxi en base aigua. • Execució de murets separadors. Reconstrucció amb blocs similars prefabricats de formigó dens, rejuntats i arrebossat amb morter. • Neteja final del dipòsit segons les instruccions internes d’ATL. I posterior desinfecció a càrrec d’ATL. Tots els productes o materials en contacte amb l’aigua compliran el RD 3/2023 i la instrucció interna PPR-009 d’ATL. Els treballs es realitzaran en cada dipòsit seguint els criteris de terminis i prioritat marcats per operació d’ATL, tenint en compte que sempre haurà d’estar un dels dos dipòsits en servei. L’àmbit d’actuació és dins el recinte de la pròpia planta potabilitzadora, per tant no hi ha afeccions per expropiacions i tampoc hi ha constància de presència de serveis afectats.;Ens d'Abastament d'Aigua Ter-Llobregat (ATL);obras;Pendiente de adjudicación;—;;;https://contractaciopublica.cat/ca/detall-publicacio/943867be-6541-45e0-891a-7d1c071cac2e/300899554
Otros anuncios;Subministrament de material d’oficina destinat a cobrirles necessitats de diferents serveis municipals de l’Ajuntament de Cerdanyola del Vallès;Ajuntament de Cerdanyola del Vallès;suministros;Pendiente de adjudicación;—;;;https://contractaciopublica.cat/ca/detall-publicacio/4a888a51-0a36-4086-9d17-66c7a8d36b27/300899553
Otros anuncios;Es necessària la contractació de les següents prestacions de serveis que queden detallades al plec de prescripcions tècniques i que, en síntesi, són els que es relacionen a continuació: LOT 1: Serveis de recollida i transport de residus i neteja viària - Mitjançant contracte de SERVEI . LOT 2: Servei de gestió de la deixalleria municipal i dels seus residus i productes - Mitjançant contracte mixt de SERVEI I SUBMINISTRAMENT on la prestació principal és de SERVEI. LOT 3: Servei de seguiment de la prestació i qualitat dels serveis - Mitjançant contracte mixt de SERVEI I SUBMINISTRAMENT on la prestació principal és de SERVEI. LOT 4: Serveis de recollida de residus voluminosos, tèxtils i olis de cuina usats (contracte reservat) - Mitjançant contracte de SERVEI .;Ajuntament de Sitges;servicios;Pendiente de adjudicación;—;;;https://contractaciopublica.cat/ca/detall-publicacio/6084de89-622b-4f37-95c7-b15bd041a5bd/300899531
Otros anuncios;Contrato de servicios para la recogida de residuos, la limpieza viaria y de playas, y la gestión del punto limpio del municipio de Santa Cristina d'Aro (Lote 1) y contratación del servicio de inspección y control de la prestación de los servicios del primer lote (LOT 2);Ajuntament de Santa Cristina d'Aro;servicios;Pendiente de adjudicación;—;;;https://contractaciopublica.cat/ca/detall-publicacio/9b268a2c-053d-4b84-a9bc-7122caace14d/300899520
Otros anuncios;contractació de les obra d’enllumenat de la Pista Poliesportiva de Pinedes de l’Armengol;Ajuntament de la Torre de Claramunt;obras;Pendiente de adjudicación;—;;;https://contractaciopublica.cat/ca/detall-publicacio/27a8e464-e944-488f-a205-78d559e13318/300899517
Otros anuncios;Servicios de mantenimiento preventivo, predictivo, correctivo y normativo de las instalaciones de climatización, calefacción, producción de agua caliente sanitaria, legionelosis, energía solar térmica y gas, ventilación y sus elementos anejos, instalados en las diversas dependencias y equipamientos municipales del término municipal de viladecans.;Ajuntament de Viladecans;servicios;Pendiente de adjudicación;—;;;https://contractaciopublica.cat/ca/detall-publicacio/47b6f4d4-21f0-4be9-881d-e6d618da7a56/300899507
Otros anuncios;Fórmules enteral i material necessari per a la seva administració, per a l’Hospital de Viladecans;ICS - Gerència de compres;suministros;Pendiente de adjudicación;—;;;https://contractaciopublica.cat/ca/detall-publicacio/791b59b7-94f7-41ab-bc54-4b538bc30070/300899488
Otros anuncios;contractació del servei de manteniment, conservació i renovació de la senyalització horitzontal i vertical del municipi de Matadepera;Ajuntament de Matadepera;servicios;Pendiente de adjudicación;—;;;https://contractaciopublica.cat/ca/detall-publicacio/de4f7663-8238-41c4-b50b-08b0c744d9d5/300899444
Otros anuncios;Servei d'elaboració, difusió i avaluació inicial dels Plans d'Accessibilitat dels diferents àmbits culturals de Catalunya a executar entre 2026 i 2027;Departament de Cultura;servicios;Pendiente de adjudicación;—;;;https://contractaciopublica.cat/ca/detall-publicacio/a53352fc-0e09-488c-b5ee-4862ec40a47b/300899184
Otros anuncios;Serveis d'organització d'esdeveniment (logístics, tècnics, audiovisuals i de càtering així com el subministrament de materials i muntatge i desmuntatge de l'acte), necessaris per a dur a terme lacelebració de la Diada de la Guàrdia Urbana de Barcelona 2026, de conformitat amb el plec de prescripcions tècniques i amb mesures de contractació pública sostenible;Ajuntament de Barcelona;servicios;Pendiente de adjudicación;—;;;https://contractaciopublica.cat/ca/detall-publicacio/e39cb6e5-2e40-4a04-bbba-08d7217448db/300899041
Otros anuncios;L’objecte és la necessitat de contractació d’una empresa constructora per a l’execució de les obres de re-urbanització del carrer Girona i carrer del Pi del terme municipal de Polinyà, d’acord amb el projecte executiu aprovat inicialment mitjançant acord de Junta de Govern Local en data 20 de maig de 2026;Ajuntament de Polinyà;obras;Pendiente de adjudicación;—;;;https://contractaciopublica.cat/ca/detall-publicacio/7d62344b-e9d8-4ed2-8982-bb748b1efe4f/300898833
Otros anuncios;Subministrament de vestuari i calçat d’hivern destinat al col·lectiu de xofers i xoferes dels serveis de representació del Departament d’Economia i Finances. El vestuari objecte de subministrament per persona és el següent: una americana, uns pantalons, tres camises/bruses, una corbata o fulard, un parell de sabates i una parca. Es preveu la possibilitat que, a criteri de la persona treballadora, la tercera camisa pugui ésser substituïda per uns pantalons.;Departament d'Economia i Finances;suministros;Pendiente de adjudicación;—;;;https://contractaciopublica.cat/ca/detall-publicacio/c7e7a63a-fa23-45dd-8cd6-f271ad82ab2c/300898745
Otros anuncios;Subministrament, instal·lació i configuració dels commutadors d'accés i d'una part de les antenes wifi de l'edifici PRBB.;Consorci Parc de Recerca Biomèdica de Barcelona (PRBB);suministros;Pendiente de adjudicación;—;;;https://contractaciopublica.cat/ca/detall-publicacio/d9ffd27e-c7a7-4cad-a52e-35661978e5e1/300885958
Otros anuncios;Serveis de consultoria, auditoria i planificació per a la millora dels sistemes de reg i de la gestió dels espais verds municipals de Calafell.;CALAFELL EMPRESA MUNICIPAL DE SERVEIS, SA;servicios;Pendiente de adjudicación;—;;;https://contractaciopublica.cat/ca/detall-publicacio/412bf9b8-9b38-4f62-bcac-c6d214aa1eaf/300868569
Otros anuncios;El contrato tiene por objeto la ejecución de las obras de Construcción del Nuevo Hospital General Universitario Gregorio Marañón Fase 0, correspondientes a la Primera Fase de las obras del Plan Funcional del Complejo Hospitalario, para dar cumplimiento a las necesidades del mismo.;Agencia de Contratación Sanitaria de la Comunidad de Madrid;obras;Pendiente de adjudicación;—;;;https://contratos-publicos.comunidad.madrid/contrato-publico/obras-construccion-nuevo-hospital-general-universitario-gregorio-maranon
Otros anuncios;Suministro del material necesario para el tratamiento de pacientes diabéticos con sistema integrado compuesto por bomba de insulina y monitor continuo de glucosa para el Hospital Universitario Severo Ochoa;Hospital Universitario Severo Ochoa;suministros;Pendiente de adjudicación;—;;;https://contratos-publicos.comunidad.madrid/contrato-publico/suministro-material-necesario-tratamiento-pacientes-diabeticos-sistema-integrado
Otros anuncios;Diseño de itinerarios formativos en competencias verdes.;Consejería de Economía, Hacienda y Empleo;servicios;Pendiente de adjudicación;—;;;https://contratos-publicos.comunidad.madrid/contrato-publico/diseno-itinerarios-formativos-competencias-verdes
Otros anuncios;Prestación del servicio de 264 plazas de acogimiento residencial de menores;Delegación Territorial de Inclusión Social, Juventud, Familias e Igualdad en Málaga;administrativo especial;Pendiente de adjudicación;—;;;https://www.juntadeandalucia.es/haciendayadministracionpublica/apl/pdc_sirec/perfiles-licitaciones/detalle-licitacion.jsf?idExpediente=978348
Otros anuncios;paam 511/2026 cca +6.crweyce contratación del acuerdo marco con una única empresa, por la que se fijan las condiciones del expediente de contratación mixta, para el suministro de víveres necesarios para la elaboración de dietas alimenticias, alimentos extraordinarios y los servicios complementarios a dicho suministro, para los centros hospitalarios integrantes de la central provincial de compras de huelva, mediante procedimiento abierto y presentación electrónica de ofertas.;Servicio Andaluz de Salud;suministros;Pendiente de adjudicación;—;;;https://www.juntadeandalucia.es/haciendayadministracionpublica/apl/pdc_sirec/perfiles-licitaciones/detalle-licitacion.jsf?idExpediente=985914
Otros anuncios;Contrato de servicios de soporte a proyectos técnicos;Fundación AIC Automotive Intelligence Center -Comisión Ejecutiva;servicios;Pendiente de adjudicación;—;;;https://www.contratacion.euskadi.eus/webkpe00-kpeperfi/es/contenidos/anuncio_contratacion/expjaso734145/es_doc/index.html
Otros anuncios;Servicio de seguridad en el recinto de BEC y en los eventos organizados por la institución.;Bilbao Exhibition Centre, S.A.-Director General;servicios;Pendiente de adjudicación;—;;;https://www.contratacion.euskadi.eus/webkpe00-kpeperfi/es/contenidos/anuncio_contratacion/expjaso733011/es_doc/index.html
Otros anuncios;Suministro y mantenimiento de aseo autolimpiable en Eleizabarri;Ayuntamiento Elantxobe-Alcaldía;suministros;Pendiente de adjudicación;—;;;https://www.contratacion.euskadi.eus/webkpe00-kpeperfi/es/contenidos/anuncio_contratacion/expgebizkaia3622840/es_doc/index.html
Otros anuncios;Proyecto de rehabilitación del firme en la vía ciclista I03-042F (Segura-Zegama), entre los PK 6,937 y PK 11,094, perteneciente al itinerario Nº3 Donostia-Beasain (2-RF-58/2026-BI);Diputación Foral de Gipuzkoa-Dirección General de Infraestructuras Viarias;obras;Pendiente de adjudicación;—;;;https://www.contratacion.euskadi.eus/webkpe00-kpeperfi/es/contenidos/anuncio_contratacion/expjaso740296/es_doc/index.html
Otros anuncios;Servicio público de transporte colectivo urbano de Tolosa;Ayuntamiento de Tolosa-Pleno Municipal;servicios;Pendiente de adjudicación;—;;;https://www.contratacion.euskadi.eus/webkpe00-kpeperfi/es/contenidos/anuncio_contratacion/expjaso733387/es_doc/index.html
Otros anuncios;Suministro de licencias AutoDesk 2026;EJIE, S.A. - Sociedad Informática del Gobierno Vasco-Director General, Presidente, Vicepresidente del Consejo de Administración o Consejo de Administraci;suministros;Pendiente de adjudicación;—;;;https://www.contratacion.euskadi.eus/webkpe00-kpeperfi/es/contenidos/anuncio_contratacion/expjaso742692/es_doc/index.html
Otros anuncios;Suministro de vestuario de gala Ertzaintza;Gobierno Vasco-Dirección de Gestión Económica y Recursos Generales;suministros;Pendiente de adjudicación;—;;;https://www.contratacion.euskadi.eus/webkpe00-kpeperfi/es/contenidos/anuncio_contratacion/expjaso727816/es_doc/index.html
Otros anuncios;Redacción del proyecto básico, estudio de viabilidad, proyectos de actividad, proyecto de ejecución dirección facultativa de las obras de edificación y de urbanización complementarias de la edificaciónen Abadiño;AZPIEGITURAK, S.A.M.P.-Consejo de administración;servicios;Pendiente de adjudicación;—;;;https://www.contratacion.euskadi.eus/webkpe00-kpeperfi/es/contenidos/anuncio_contratacion/expgebizkaia3585903/es_doc/index.html
Otros anuncios;Contratación del servicio de redacción del proyecto de construcción y dirección de obras de las instalaciones deportivas del campo de rugby Landare de Hernani;Ayuntamiento de Hernani-Alcalde;servicios;Pendiente de adjudicación;—;;;https://www.contratacion.euskadi.eus/webkpe00-kpeperfi/es/contenidos/anuncio_contratacion/expjaso739852/es_doc/index.html
Otros anuncios;Servicios de Oficina Técnica para el área Educativa.;EJIE, S.A. - Sociedad Informática del Gobierno Vasco-Director General, Presidente, Vicepresidente del Consejo de Administración o Consejo de Administraci;servicios;Pendiente de adjudicación;—;;;https://www.contratacion.euskadi.eus/webkpe00-kpeperfi/es/contenidos/anuncio_contratacion/expjaso731541/es_doc/index.html
Otros anuncios;Servicio de mantenimiento de alarma y extincion de incendios de Usansolo y suministro e instalacion;Ayuntamiento de Usansolo-Alcaldía;servicios;Pendiente de adjudicación;—;;;https://www.contratacion.euskadi.eus/webkpe00-kpeperfi/es/contenidos/anuncio_contratacion/expgebizkaia3637977/es_doc/index.html
Otros anuncios;Asistencia Técnica para la gestión de la conservación y restauración de bienes culturales de la colección de Diputación Foral de Gipuzkoa;Diputación Foral de Gipuzkoa-Diputado/a Foral de Cultura, Cooperación, Juventud y Deportes;servicios;Pendiente de adjudicación;—;;;https://www.contratacion.euskadi.eus/webkpe00-kpeperfi/es/contenidos/anuncio_contratacion/expjaso742806/es_doc/index.html
Otros anuncios;Contrato de Servicios de Limpieza del edificio Hedy Lamarr, en el Campus Donostia de Parque Tecnológico de Euskadi;Parque Científico y Tecnológico de Gipuzkoa, S.A.-Consejo de Administración;servicios;Pendiente de adjudicación;—;;;https://www.contratacion.euskadi.eus/webkpe00-kpeperfi/es/contenidos/anuncio_contratacion/expjaso742378/es_doc/index.html
Otros anuncios;Redacción del proyecto y ejecución de las obras de construcción de un circuito pump track en Balmaseda.;Ayuntamiento de Balmaseda-Alcalde;obras;Pendiente de adjudicación;—;;;https://www.contratacion.euskadi.eus/webkpe00-kpeperfi/es/contenidos/anuncio_contratacion/expjaso739382/es_doc/index.html
Otros anuncios;Suministro, montaje, desmontaje, y mantenimiento de la instalación de ornamentación navideña;Ayuntamiento de Sestao -Junta de Gobierno Local;suministros;Pendiente de adjudicación;—;;;https://www.contratacion.euskadi.eus/webkpe00-kpeperfi/es/contenidos/anuncio_contratacion/expgebizkaia3575128/es_doc/index.html
Otros anuncios;Suministro, instalación y puesta en funcionamiento de un Tomógrafo de coherencia óptica de segmento posterior con destino al Servicio de Oftalmología del HUA Santiago de la OSI Araba;OSAKIDETZA - Servicio Vasco de Salud -Director Gerente;suministros;Pendiente de adjudicación;—;;;https://www.contratacion.euskadi.eus/webkpe00-kpeperfi/es/contenidos/anuncio_contratacion/exposakisap2026001534/es_doc/index.html
Otros anuncios;Servicio impartición y coordinacion de actividades fisico-deportivas;Ayuntamiento de Zaratamo-Alcaldía;servicios;Pendiente de adjudicación;—;;;https://www.contratacion.euskadi.eus/webkpe00-kpeperfi/es/contenidos/anuncio_contratacion/expgebizkaia3638100/es_doc/index.html
Otros anuncios;Dinamización del proceso de trabajo anual del Consejo de la Infancia y la Adolescencia;ARARTEKO Defensoría del Pueblo del País Vasco-Ararteko;servicios;Pendiente de adjudicación;—;;;https://www.contratacion.euskadi.eus/webkpe00-kpeperfi/es/contenidos/anuncio_contratacion/expjaso721679/es_doc/index.html
Otros anuncios;Contratación de un servicio de acompañamiento estratégico para la promoción de la innovación;INNOBASQUE, Agencia Vasca de la Innovación-Comité de Dirección;servicios;Pendiente de adjudicación;—;;;https://www.contratacion.euskadi.eus/webkpe00-kpeperfi/es/contenidos/anuncio_contratacion/expjaso726361/es_doc/index.html
Otros anuncios;Suministro, instalación y mantenimiento preventivo aseo público autolimpiable Lehendakari Agirre;Ayuntamiento de Urduliz-Alcalde;suministros;Pendiente de adjudicación;—;;;https://www.contratacion.euskadi.eus/webkpe00-kpeperfi/es/contenidos/anuncio_contratacion/expgebizkaia3607194/es_doc/index.html
Otros anuncios;Aprovechamiento forestal de 4 lotes, en los montes de utilidad pública nº 64 “Egido de Larrinbe” y nº 58 “Achondo” pertenecientes a las Juntas Administrativas de Larrinbe y Saratxo en el municipio de Amurrio.;Junta Administrativa de Larrinbe-Concejo;privado;Pendiente de adjudicación;—;;;https://www.contratacion.euskadi.eus/webkpe00-kpeperfi/es/contenidos/anuncio_contratacion/expjaso740959/es_doc/index.html
Otros anuncios;Contrato de suministro de dos vehículos en régimen de arrendamiento con mantenimiento y seguro, para cubrir las necesidades de movilidad del grupoEVE.;Ente Vasco de la Energía-Dirección General;suministros;Pendiente de adjudicación;—;;;https://www.contratacion.euskadi.eus/webkpe00-kpeperfi/es/contenidos/anuncio_contratacion/expjaso723981/es_doc/index.html
Otros anuncios;ECE-2026-0035: Limpieza de los centros de formación dependientes del DepartamentoTerritorial de Pontevedra de la Conselleria de Empleo,Comercio y Emigración.;Consellería de Emprego, Comercio e Emigración;servicios;Pendiente de adjudicación;—;;;https://www.contratosdegalicia.gal/licitacion?N=828730
Otros anuncios;AB-GLR1-26-044. Servicio de realización de ensayos relacionados con la esterilidad de los radiofármacos elaborados en la Unidad de Radiofármacos PET y de los medicamentos a base de células elaborados en él Centro de Fabricación de Terapias Avanzadas de Galicia, ambas unidades pertenecientes a Galaria, Empresa Pública de Servicios Sanitarios, S.A.;Consellería de Sanidade- SERGAS;servicios;Pendiente de adjudicación;—;;;https://www.contratosdegalicia.gal/licitacion?N=828399
Otros anuncios;La prestación de un servicio externo especializado (CRO) para la monitorización remota de pacientes con riesgo o alto riesgo de obstrucción intestinal maligna, en el marco del Proyecto 2025/0123.SMART-MBO, Ensayo Clínico Randomizado Pragmático de Fase II. El servicio incluirá: gestión integral del proyecto (coordinación, monitorización y cumplimiento normativo), gestión de datos, soporte metodológico, cierre del estudio y elaboración del informe final (Clinical Study Report – CSR).;Fundación para la Investigación Biomédica del Hospital Universitario 12 de Octubre;servicios;Pendiente de adjudicación;—;;;https://contratos-publicos.comunidad.madrid/contrato-publico/contratacion-servicio-cro-contract-research-organization-monitorizacion-remota
Otros anuncios;El presente contrato tiene por objeto describir el contenido del servicio de atención a personas mayores en situación de dependencia en centros de atención diurna y establecer las obligaciones, condiciones técnicas y actividades específicas que deben ser asumidas y desarrolladas por las empresas o entidades que puedan ser adjudicatarias de la prestación del servicio. Se entiende por centro de atención diurna de personas mayores en situación de dependencia, el equipamiento especializado, de carácter preventivo y socio-habilitador y estancia diurna para personas mayores que presentan pérdidas y/o déficit en su autonomía. Los licitadores deberán ofertar un mínimo de 5 plazas por centro de atención diurna ofertado y como máximo el número de plazas que tengan autorizadas para personas mayores en situación de dependencia en el centro de atención diurna, descontando de la oferta las plazas que puedan tener adjudicadas por contrato con otras Administraciones Públicas.;Consejería de Familia, Juventud y Asuntos Sociales;servicios;Pendiente de adjudicación;—;;;https://contratos-publicos.comunidad.madrid/contrato-publico/acuerdo-marco-servicio-publico-atencion-personas-mayores-situacion-dependencia
Otros anuncios;Contrato del Servicio de Teleasistencia para la Comunidad Foral de Navarra y adquisición del suministro técnico de atención domiciliaria.;Agencia Navarra de Autonomía y Desarrollo de las Personas;servicios;Anuncio previo;—;;;https://hacienda.navarra.es/sicpportal/mtoFichaAnuncioPrevisto.aspx?cod=26100509315303855288
Otros anuncios;Contracion de los servicios de publicación en Dédalo y Orobidea de dos proyectos de difusión del INM, con posibilidad de prórroga;DIRECCIÓN GENERAL DE MEMORIA Y CONVIVENCIA;servicios;Anuncio previo;—;;;https://hacienda.navarra.es/sicpportal/mtoFichaAnuncioPrevisto.aspx?cod=261005092945C02D66D3
Otros anuncios;contrato de servicios de orientación profesional;Servicio Navarro de Empleo- Nafar Lansare;servicios;Anuncio previo;—;;;https://hacienda.navarra.es/sicpportal/mtoFichaAnuncioPrevisto.aspx?cod=2610050901017E66DFC1
Otros anuncios;Contratación de los servicios de virtualización integral para el Centro de Documentación del Instituto Navarro de la Memoria durante el año 2027, con posibilidad de prórroga;Dirección General de Memoria y Convivencia;servicios;Anuncio previo;—;;;https://hacienda.navarra.es/sicpportal/mtoFichaAnuncioPrevisto.aspx?cod=2610050900580B3EF85C
Otros anuncios;Programa educativo en euskera “Liburuak gozagarri 2026-27”, destinado al alumnado de los modelos B y D de Educación Infantil, Primaria, Secundaria y Bachillerato de centros de Navarra a desarrollar en el curso 2026-27;el director general de Educación y Formación Profesional;servicios;Pendiente de adjudicación;—;;;https://hacienda.navarra.es/sicpportal/mtoAnunciosModalidad.aspx?cod=260911144923E72B4D31
Otros anuncios;Rehabilitación de la fachada del Palacio de Congresos y Auditorio de Navarra (Baluarte);NAVARRA DE SUELO Y VIVIENDA S.A (NASUVINSA);obras;Pendiente de adjudicación;—;;;https://hacienda.navarra.es/sicpportal/mtoAnunciosModalidad.aspx?cod=260903124526E0B17417
Otros anuncios;Servicios de desarrollo y soporte de una plataforma de analítica de datos corporativos en Nasuvinsa;Navarra de Suelo y Vivienda S.A (NASUVINSA);servicios;Pendiente de adjudicación;—;;;https://hacienda.navarra.es/sicpportal/mtoAnunciosModalidad.aspx?cod=26082012475265AEA4AE
Otros anuncios;0000324/2026 acuerdo marco con varias empresas por el que se fijan las condiciones para el suministro de válvulas biológicas percutáneas (su.pc.sani.04.00)con destino al hospital universitario juan ramón jiménez de huelva, adscrito a la central provincial de compras de huelva, mediante procedimiento abierto y presentación electrónica de ofertas.;Servicio Andaluz de Salud;suministros;Pendiente de adjudicación;—;;;https://www.juntadeandalucia.es/haciendayadministracionpublica/apl/pdc_sirec/perfiles-licitaciones/detalle-licitacion.jsf?idExpediente=982965
Otros anuncios;0001163/2025 acuerdo marco con una única empresa, por lotes y agrupaciones de lotes, para el suministro de tracto sucesivo y precio unitario, al amparo del art. 16.3.a) de la lcsp, de equipamiento general con destino al hospital de alta resolución roquetas de mar de almería, mediante procedimiento abierto, sujeto a regulación armonizada y presentación electrónica de ofertas.;Servicio Andaluz de Salud;suministros;Pendiente de adjudicación;—;;;https://www.juntadeandalucia.es/haciendayadministracionpublica/apl/pdc_sirec/perfiles-licitaciones/detalle-licitacion.jsf?idExpediente=898580
Otros anuncios;proyecto mejora seguridad vial políg.industrial la marcoba guadix (granada);Delegación Territorial de Fomento, Articulación del Territorio y Vivienda en Granada;obras;Pendiente de adjudicación;—;;;https://www.juntadeandalucia.es/haciendayadministracionpublica/apl/pdc_sirec/perfiles-licitaciones/detalle-licitacion.jsf?idExpediente=978441
Otros anuncios;Apoyo al mantenimiento y soporte técnico al control, medida y protección de instalaciones de energía;Metro de Madrid, S.A.;servicios;Pendiente de adjudicación;—;;;https://contratos-publicos.comunidad.madrid/contrato-publico/servicio-apoyo-mantenimiento-soporte-tecnico-control-medida-proteccion-1
Otros anuncios;És objecte del present plec la contractació promoguda per l’Ajuntament de Salt del servei d’intervenció socioeducativa a l’espai jove La Fàbrica Jove.;Ajuntament de Salt;999;Pendiente de adjudicación;—;;;https://contractaciopublica.cat/ca/detall-publicacio/898f11d7-427f-4967-b107-15f2f5fc0725/300899518
Otros anuncios;Subministrament del material per a la realització de tècniques d’Immunohistoquímica, de farmacodiagnòstic, i d’histoquímica, així com la cessió, durant la vigència del contracte, de l’equipament i manteniment necessaris per a la realització d’aquestes tècniques per a la Corporació de Salut del Maresme i la Selva;Corporació de Salut del Maresme i la Selva;suministros;Pendiente de adjudicación;—;;;https://contractaciopublica.cat/ca/detall-publicacio/e662a272-1409-4a9b-8db0-6b03c372a9be/300899503
Otros anuncios;MAG/LCA - Serveis de laboratori per a la realització dels assaigs i proves de serveis per al control de qualitat de les obres de construcció de 57 habitatges al carrer Ripollès num. 75-85 del sector residencial X del Lledoner de Granollers, en el marc del Pla de recuperació, transformació i resiliència finançat per la unió europea - Next Generation EU;Institut Català del Sòl (INCASÒL);servicios;Pendiente de adjudicación;—;;;https://contractaciopublica.cat/ca/detall-publicacio/be42e3cb-f43e-44bd-b3e9-7cb6dc96c3f5/300899489
Otros anuncios;Subministrament d’una rentadora termodesinfectadora, el seu manteniment postgarantia, i el subministrament successiu de fungible, per al servei d’esterilització de l’Hospital Sant Jaume de Calella de la Corporació de Salut del Maresme i la Selva.;Corporació de Salut del Maresme i la Selva;suministros;Pendiente de adjudicación;—;;;https://contractaciopublica.cat/ca/detall-publicacio/13fdcd99-0ded-4f4b-8ba4-9a6f09f85214/300899484
Otros anuncios;L'objecte del contracte és la realització d'inspeccions als establiments industrials i l'anàlisi de la qualitat dels seus abocaments d'aigües residuals, el control de la qualitat de l'aigua d'entrada i de sortida de les depuradores de Sabadell i la de l'aigua dels rius per controlar l'impacte dels possibles abocaments al medi;Ajuntament de Sabadell;servicios;Pendiente de adjudicación;—;;;https://contractaciopublica.cat/ca/detall-publicacio/4d3f46d3-2760-4fe1-a4b5-449295fc9418/300899472
Otros anuncios;Contractació del subministrament, instal·lació i posada en funcionament de dos ecògrafs multidisciplinar per al servei de radiologia de L’HOSPITAL DEL MAR que gestiona IMATGE MÈDICA INTERCENTRES, SL.;Imatge Mèdica Intercentres, SL;suministros;Pendiente de adjudicación;—;;;https://contractaciopublica.cat/ca/detall-publicacio/d3afd426-1908-487b-a37f-7db414aac25f/300899468
Otros anuncios;Servei bàsic de la cartera de l'àrea de serveis socials destinat a infants, adolescents i joves ( de 0 a 18 anys) i a les seves famílies : SIS, Servei d’Intervenció Socioeducativa.;Ajuntament de Lliçà de Vall;999;Pendiente de adjudicación;—;;;https://contractaciopublica.cat/ca/detall-publicacio/373cad26-5b4f-4bca-92dc-3e327edef73c/300899454
Otros anuncios;L'objecte de la present obra és l'execució del projecte d'obres de millora de la connectivitat de vianants i bicicletes del nucli urbà a la urbanització de Mas Altaba segons la descripció del projecte d'obres.;Ajuntament de Maçanet de la Selva;obras;Pendiente de adjudicación;—;;;https://contractaciopublica.cat/ca/detall-publicacio/f792e0ec-f030-4b10-a02e-3a0729ca1d21/300899432
Otros anuncios;Servei de suport als processos de gestió administrativa i operativa de la Direcció de Compra. L'objecte de la present licitació és la contractació de serveis de suport als processos administratius i operatius el servei de suport administratiu i operatiu de la Direcció de Compra. Els serveis requerits han de donar resposta als processos d'activitat interna del CTTI de suport a la resta de l'organització relacionats amb el cicle de la compra. L'abast dels serveis objecte d'aquest plec es circumscriu a la gestió administrativa, els sistemes d'informació i les dades necessàries per a la governança de la compra. El servei objecte d'aquesta licitació té com a principals funcions la gestió d'informació als sistemes d'informació de la Direcció de Compra, gestió d'entrada automàtica i massiva de dades i proposar millores als procediments amb la finalitat d'optimitzar el funcionament de la Direcció. La descripció detallada es pot trobar al Plec de Prescripcions Tècniques Particulars (en endavant, PPTP) dins el l'apartat 2.;Centre de Telecomunicacions i Tecnologies de la Informació de la Generalitat de Catalunya (CTTI);servicios;Pendiente de adjudicación;—;;;https://contractaciopublica.cat/ca/detall-publicacio/4eda8c9d-ed05-433a-be8e-c25759d1df12/300899427
Otros anuncios;L’objecte del contracte és la prestació del servei integral de manteniment preventiu, correctiu i evolutiu de la Plataforma Girona Cultura. Aquest servei inclou totes les tasques necessàries per garantir el correcte funcionament, la seguretat, l’estabilitat i l’actualització tecnològica del sistema, així com la realització dels treballs evolutius derivats de la incorporació de noves funcionalitats, millores o adaptacions, d’acord amb els procediments, classificacions i requisits tècnics detallats al Plec de Prescripcions Tècniques.;Ajuntament de Girona;servicios;Pendiente de adjudicación;—;;;https://contractaciopublica.cat/ca/detall-publicacio/c3b0dbd8-c3a9-459a-8528-76e24a0911a0/300899422
Otros anuncios;Acuerdo marco para la homologación de empresas para la contratación de los servicios de topografía en los ámbitos de red ferroviaria y de turismo y montaña de Ferrocarriles de la Generalitat de Cataluña (ref. AM16/26);Ferrocarrils de la Generalitat de Catalunya;servicios;Pendiente de adjudicación;—;;;https://contractaciopublica.cat/ca/detall-publicacio/6afb5367-a189-4865-b319-1910237948b7/300899416
Otros anuncios;Obres corresponent al complex fotovoltaic amb camp solar de 969 Kwp, sistema d'emmagatzematge d'1 MW i electrolinera municipal amb 4 carregadors dobles d'11 Kw C/A al Carrer Priorat, s/n de Caldes de Montbui;Ajuntament de Caldes de Montbui;obras;Pendiente de adjudicación;—;;;https://contractaciopublica.cat/ca/detall-publicacio/fb3680de-bda2-4734-879c-507ed9507953/300899411
Otros anuncios;Servicio de contabilidad energética para diversos municipios de la comarca del Gironès.;Consell Comarcal del Gironès;servicios;Anuncio previo;—;;;https://contractaciopublica.cat/ca/detall-publicacio/c9a9999c-15c2-4575-bf51-584162b770cd/300899398
Otros anuncios;Servei integral d’assessorament, consultoria, assistència tècnica i jurídica en matèria de protecció de dades personals, incloses les funcions de delegat/ada de protecció de dades, i del servei de manteniment, control, revisió, seguiment i millora contínua del compliment de l’esquema nacional de seguretat i de l’esquema nacional d’interoperabilitat al Consorci de l’Habitatge de l’Àrea Metropolitana de Barcelona.;Consorci de l'Habitatge de l'Àrea Metropolitana de Barcelona;servicios;Pendiente de adjudicación;—;;;https://contractaciopublica.cat/ca/detall-publicacio/98d9c7ee-d82a-49dc-90c4-763065819f2e/300899385
Otros anuncios;Realització de les obres de millora de la deixalleria comarcal situada al terme municipal de Falset.;Consell Comarcal del Priorat;obras;Pendiente de adjudicación;—;;;https://contractaciopublica.cat/ca/detall-publicacio/27da42d3-a4be-424a-8316-d776d54839e2/300899368
Otros anuncios;CS/CC00/1101458759/26/AMUP: subministrament agregat de material d'higiene per a personal per als centres de l'Institut Català de la Salut i dels centres adherits a aquest procediment, Consorci Sanitari Alt Penedès-Garraf, Hospital de Cerdanya - AECT Agrupació Europea de Cooperació Territorial i Salut Catalunya Central - Hospital de Berga, Institut de Diagnòstic per la Imatge i Consorci Castelldefels Agents de Salut;ICS - Gerència de compres;suministros;Pendiente de adjudicación;—;;;https://contractaciopublica.cat/ca/detall-publicacio/9a6f31ef-0c1d-4a98-89c6-ad8f411077c2/300899345
Otros anuncios;"MAG/IVR Conservació i manteniment d'obres del sòl urbanitzat, obres d'urbanització, construccions rurals i naus industrials i altres edificacions del patrimoni de l'Institut Català del Sòl, situats a l'anomenada ""Zona 4 de Catalunya""";Institut Català del Sòl (INCASÒL);servicios;Pendiente de adjudicación;—;;;https://contractaciopublica.cat/ca/detall-publicacio/d9103fee-dca7-4530-93c0-c02eaff1698b/300899335
Otros anuncios;Obres definides en el Projecte bàsic i executiu per a la consolidació estructural i restauració interior de la Torre de la Vila de Torredembarra;Ajuntament de Torredembarra;obras;Pendiente de adjudicación;—;;;https://contractaciopublica.cat/ca/detall-publicacio/1b77cc71-1816-447e-ac76-58bf6a6f91e4/300899312
Otros anuncios;Prestació dels serveis d’assistència tècnica al Consorci per al Condicionament i Gestió del Complex de Tractament de Residus de Solius per dur a terme les actuacions necessàries per a l’execució del projecte de remodelació i posada en marxa de la planta de compostatge de Solius;Consorci per al Condicionament i la Gestió del Complex de Tractament de Residus de Solius;servicios;Pendiente de adjudicación;—;;;https://contractaciopublica.cat/ca/detall-publicacio/96194b6b-5482-40b3-a6dd-1e7358b5187c/300899308
Otros anuncios;La sustitución del arbolado viario muerto o en estado decadente en aquellas calles y espacios del ámbito del Centro Histórico que se ha identificado esta circunstancia.;Ajuntament de Lleida;suministros;Pendiente de adjudicación;—;;;https://contractaciopublica.cat/ca/detall-publicacio/51655933-9410-4d3b-840d-ad181b5a1b19/300899307
Otros anuncios;L'Ajuntament té la necessitat de contractar el subministrament de mobiliari destinat a equipar diferents dependències municipals, amb la finalitat de donar resposta tant a la creació de nous espais de treball i d'atenció a la ciutadania com a la renovació i reposició del mobiliari existent (en aquest cas taules de reunions, moble office, taules de treball, cadires, armaris, butaques, estanteries i bucs.......). En els darrers anys s'han habilitat nous espais municipals i s'han produït canvis organitzatius que requereixen la dotació de mobiliari adequat per garantir el correcte desenvolupament de les activitats administratives i dels serveis que es presten a la ciutadania. Paral·lelament, el mobiliari disponible en estoc per atendre les necessitats de reposició s'ha anat reduint progressivament, fins al punt que les unitats existents resulten insuficients per donar resposta a les necessitats actuals i futures. A més, una part del mobiliari actual presenta un elevat grau d'ús i desgast derivat de la seva antiguitat, circumstància que en alguns casos n'aconsella la substitució per garantir unes condicions adequades de funcionalitat, ergonomia, seguretat i confort per als treballadors municipals i les persones usuàries dels equipaments. Per tot l'exposat, es considera necessari tramitar un contracte de subministrament de mobiliari que permeti disposar dels diferents elements necessaris de manera planificada, homogènia i adaptada a les necessitats dels diversos serveis municipals, garantint alhora criteris de qualitat, durabilitat, ergonomia, sostenibilitat, eficiència en la despesa pública i compliment de la normativa aplicable.;Ajuntament de Castelldefels;suministros;Pendiente de adjudicación;—;;;https://contractaciopublica.cat/ca/detall-publicacio/b12f8166-275e-4354-9801-58910583c75e/300899306
Otros anuncios;Contratación de la prestación de los servicios de asistencia técnica a la ARC para llevar a cabo las actuaciones necesarias para la ejecución del proyecto del Centro de tratamiento de residuos municipales de las Terres de l’Ebre, en el municipio de Mas de Barberans.;Agència de Residus de Catalunya;servicios;Pendiente de adjudicación;—;;;https://contractaciopublica.cat/ca/detall-publicacio/2b959811-fd3c-4495-898c-101a256273c3/300899304
Otros anuncios;L’objecte del contracte és la substitució de l’arbrat viari mort o en estat decadent en aquells carrers de la ciutat que s’ha identificat aquesta circumstància. Les actuacions que s’han dur a terme són: - Subministrament de l’arbrat (espècie, dimensions i condicions vegetatives) per a cada ubicació on és necessària la substitució, - Arrencada de paviment de llambordins, peces de formigó o formigó en massa existents, si escau, i reparació del paviment de panot, amb panot igual a l’existent, - Obertura del clot de plantació, eliminació de la soca existent, descompactació de parets quan sigui necessari, - Aportació de terra i esmenes ( adobs, millora textura...), - Instal·lació d’elements complementaris: anella de degoteig, tub d’aeració, làmina direccional d’arrels quan sigui necessari, i aspratge, - Dotació del reg d’implantació. - Si s’escau, caldrà realitzar obra civil per tal de garantir la correcta fase de plantació i acabament del servei.;Ajuntament de Lleida;suministros;Pendiente de adjudicación;—;;;https://contractaciopublica.cat/ca/detall-publicacio/319fa871-2056-4f21-a883-20ee9bd6f07d/300899288
Otros anuncios;Treballs per a l'adequació d'espais al Palau de Justícia de Tarragona i a l'edifici Judicial de Tarragona;Centre d'Iniciatives per a la Reinserció;obras;Pendiente de adjudicación;—;;;https://contractaciopublica.cat/ca/detall-publicacio/07f83d03-115f-4c14-93ba-73215bc7440e/300899285
Otros anuncios;Fixar les condicions tècniques per a la contractació del subministrament de sistemes i equips de so, il·luminació i serveis audiovisuals, així com el servei tècnic pel muntatge i desmuntatge d’aquets elements materials, necessaris per a la correcta execució de les activitats organitzades pel Teatre Municipal de l’Escorxador, amb motiu de la programació d’arts del Teatre Municipal de l’Escorxador, i altres espais públics de la ciutat on es realitzin actes.;Ajuntament de Lleida;suministros;Pendiente de adjudicación;—;;;https://contractaciopublica.cat/ca/detall-publicacio/c9b9eab0-6574-4ce6-9b6f-edaf302a9d31/300899283
Otros anuncios;Subministrament de maquinari per les infraestructures critiques per Ferrocarrils de la Generalitat de Catalunya (Ref: PR06/26);Ferrocarrils de la Generalitat de Catalunya;suministros;Pendiente de adjudicación;—;;;https://contractaciopublica.cat/ca/detall-publicacio/e8d397e9-8a5a-496c-b029-ddcaed90d49a/300899279
Otros anuncios;La contractació d’un servei comunitari per a la dinamització dels barris de la ciutat, que preferentment, es durà a terme en els barris en els quals es desenvolupa el projecte Barris Vius: La Mariola, Mangraners i Clot de les Granotes i Centre Històric. Per dur a terme aquest servei caldrà adscriure a l’execució del contracte un mínim de tres professionals especialitzats en la matèria per als programes descrits en aquest objecte, amb perfil d’educadors/es socials i/o en el camp de les humanitats i coordinats amb la figura d’un coordinador amb dedicació parcial. En el Plec de Prescripcions Tècniques es detalla el perfil d’aquests professionals.;Ajuntament de Lleida;999;Pendiente de adjudicación;—;;;https://contractaciopublica.cat/ca/detall-publicacio/82bd3c2b-c0b2-4cd5-afdc-dd98992ee6d2/300899278
Otros anuncios;Contracte de serveis de conservació i manteniment i gestió energètica i millora ambiental de diversos equipaments d’ús públic. Clau: MEC-25L05;Infraestructures de la Generalitat de Catalunya, SAU;servicios;Pendiente de adjudicación;—;;;https://contractaciopublica.cat/ca/detall-publicacio/d1930e2c-52ab-4070-879d-e1949114ba34/300899271
Otros anuncios;Servei de guies i informadors turístics per a l’Oficina de Turisme i el programa de visites guiades del Servei de Turisme.;Ajuntament de Terrassa;servicios;Pendiente de adjudicación;—;;;https://contractaciopublica.cat/ca/detall-publicacio/3ade3a1e-385f-483d-8c3f-271a541a3e38/300899270
Otros anuncios;Servicio consistente en la gestión y funcionamiento de la Escuela Municipal de Música Montserrat Almirall de Sitges (EMMMAS, a partir de ahora). El EMMMAS es un servicio público municipal dirigido a toda la población en general. El objeto del contrato está incluido en los servicios especiales del Anexo IV de la LCSP;Ajuntament de Sitges;servicios;Pendiente de adjudicación;—;;;https://contractaciopublica.cat/ca/detall-publicacio/358fce11-109f-41c7-9695-926bd544811e/300896606
Otros anuncios;Subministrament d’equipament divers pels laboratoris de control de procés de tractament en les diferents instal·lacions d’ATL.;Ens d'Abastament d'Aigua Ter-Llobregat (ATL);suministros;Pendiente de adjudicación;—;;;https://contractaciopublica.cat/ca/detall-publicacio/f8fd90c2-2115-460f-9cb3-c48b1608ec89/300896157
Otros anuncios;Servei integral de neteja de les dependències del Centre de Recerca en Agrigenòmica CSIC IRTA UAB UB CRAG (en endavant, CRAG), situades al Parc Científic de la Universitat Autònoma de Barcelona, a Cerdanyola del Vallès.;Centre de Recerca Agrigenòmica (CRAG);servicios;Pendiente de adjudicación;—;;;https://contractaciopublica.cat/ca/detall-publicacio/c5f1bc95-9145-41bc-a751-040f3975e96c/300882776
Otros anuncios;suministro y entrega de leche en los centros escolares de ccaa curso 26/27;Consejería de Agricultura, Pesca, Agua y Desarrollo Rural. Secretaría General Técnica (En Transición);suministros;Pendiente de adjudicación;—;;;https://www.juntadeandalucia.es/haciendayadministracionpublica/apl/pdc_sirec/perfiles-licitaciones/detalle-licitacion.jsf?idExpediente=957010
Otros anuncios;0000156/2026 acuerdo marco con varias empresas por el que se fijan las condiciones para la contratación del servicio de asistencia sanitaria complementaria para estancias médicas de pacientes pluripatologicos y de pacientes con necesidades de cuidados paliativos, usuarios del servicio andaluz de salud (sas), en centros sanitarios y servicios privados de la provincia de jaén y provincias limítrofes, incluso pertenecientes a otras comunidades autónomas, mediante procedimiento abierto y presentación electrónica;Servicio Andaluz de Salud;servicios;Pendiente de adjudicación;—;;;https://www.juntadeandalucia.es/haciendayadministracionpublica/apl/pdc_sirec/perfiles-licitaciones/detalle-licitacion.jsf?idExpediente=947623
Otros anuncios;servicio de transorte regular de personas a la demanda;Delegación Territorial de Fomento, Articulación del Territorio y Vivienda en Huelva;servicios;Pendiente de adjudicación;—;;;https://www.juntadeandalucia.es/haciendayadministracionpublica/apl/pdc_sirec/perfiles-licitaciones/detalle-licitacion.jsf?idExpediente=978976
Otros anuncios;Contrato de Concesión de Servicios: Instalación y Explotación de Máquinas Expendedoras de Bebidas y Productos Sólidos Alimentarios para el Hospital Universitario de Getafe.;Hospital Universitario de Getafe;concesión de servicios;Pendiente de adjudicación;—;;;https://contratos-publicos.comunidad.madrid/contrato-publico/contrato-concesion-servicios-instalacion-explotacion-maquinas-expendedoras-0
Otros anuncios;Servicios de asistencia técnica para la tramitación de expedientes de adecuación urbanística para instalaciones de Canal de Isabel II, S.A., M.P.;Canal de Isabel II, S.A.;servicios;Pendiente de adjudicación;—;;;https://contratos-publicos.comunidad.madrid/contrato-publico/servicios-asistencia-tecnica-tramitacion-expedientes-adecuacion-urbanistica
Otros anuncios;Servicio de asistencia técnica de la Estrategia Vasca 2030 en materia de Juventud para su seguimiento y evaluación;Gobierno Vasco-Dirección de Servicios;servicios;Pendiente de adjudicación;—;;;https://www.contratacion.euskadi.eus/webkpe00-kpeperfi/es/contenidos/anuncio_contratacion/expjaso741218/es_doc/index.html
Otros anuncios;Servicio de atención de llamadas telefónicas de la DFA;Diputación Foral de Álava-Consejo de Gobierno Foral;servicios;Pendiente de adjudicación;—;;;https://www.contratacion.euskadi.eus/webkpe00-kpeperfi/es/contenidos/anuncio_contratacion/expjaso732071/es_doc/index.html
Otros anuncios;Ejecución de diversas operaciones de mantenimiento sistemático de las instalaciones eléctricas y del equipamiento inteligente de las carreteras y vías ciclistas del territorio histórico de Gipuzkoa (1-O-9/2026);Diputación Foral de Gipuzkoa-Consejo de Gobierno Foral;servicios;Pendiente de adjudicación;—;;;https://www.contratacion.euskadi.eus/webkpe00-kpeperfi/es/contenidos/anuncio_contratacion/expjaso718609/es_doc/index.html
Otros anuncios;La prestación de los servicios de dirección facultativa y coordinación en materia de seguridad y salud para obras de reforma del Skate Park de Hondarribia.;Ayuntamiento de Hondarribia-Alcaldía;servicios;Pendiente de adjudicación;—;;;https://www.contratacion.euskadi.eus/webkpe00-kpeperfi/es/contenidos/anuncio_contratacion/expjaso731461/es_doc/index.html
Otros anuncios;contratación del servicio de transporte de los instrumentos musicales y accesorios necesarios para la celebración de conciertos fuera de la sede;Fundación Juan Crisóstomo de Arriaga-Orquesta Sinfónica de Bilbao-Director General;servicios;Pendiente de adjudicación;—;;;https://www.contratacion.euskadi.eus/webkpe00-kpeperfi/es/contenidos/anuncio_contratacion/expgebizkaia3642640/es_doc/index.html
Otros anuncios;Servicio de gestión y mediación de conflictos vecinales o comunitarios dependiente del servicio social de base del Ayuntamiento de Etxebarri;Ayuntamiento de Etxebarri-Alcalde;servicios;Pendiente de adjudicación;—;;;https://www.contratacion.euskadi.eus/webkpe00-kpeperfi/es/contenidos/anuncio_contratacion/expjaso740615/es_doc/index.html
Otros anuncios;Aprovechamiento de madera mediante corta “a hecho” de varios rodales de pino insignis (Pinus radiata), pino laricio (Pinus nigra), pino marítimo (Pinus pinaster) y eucalipto (Eucaliptus sp) ubicados en la comarca de Urola Kosta, Debagoiena y Debabarrena dentro de los terrenos gestionados por BSTK Fundazioa, en una superficie total de 51,17 hectáreas.;BSTK FUNDAZIOA-Director General de BSTK Fundazioa;privado;Pendiente de adjudicación;—;;;https://www.contratacion.euskadi.eus/webkpe00-kpeperfi/es/contenidos/anuncio_contratacion/expjaso742665/es_doc/index.html
Otros anuncios;Suministro de una carretilla elevadora eléctrica;INDESA 2010 S.L.-B01480334;suministros;Pendiente de adjudicación;—;;;https://www.contratacion.euskadi.eus/webkpe00-kpeperfi/es/contenidos/anuncio_contratacion/expjaso739248/es_doc/index.html
Otros anuncios;Suministro en régimen de alquiler, montaje, desmontaje y mantenimiento de la iluminación navideña;Ayuntamiento de Hondarribia-Alcaldía;suministros;Pendiente de adjudicación;—;;;https://www.contratacion.euskadi.eus/webkpe00-kpeperfi/es/contenidos/anuncio_contratacion/expjaso736255/es_doc/index.html
Otros anuncios;Servicio integral de mantenimiento, conservación y gestión de zonas verdes y arbolado de titularidad pública en el área Berreagamendi de Mungia.;Ayuntamiento de Mungia-Alcalde;servicios;Pendiente de adjudicación;—;;;https://www.contratacion.euskadi.eus/webkpe00-kpeperfi/es/contenidos/anuncio_contratacion/expjaso725387/es_doc/index.html
Otros anuncios;Establización del camino de acceso al Barriode Ereño;Ayuntamiento de Bedia-Alcaldía;obras;Pendiente de adjudicación;—;;;https://www.contratacion.euskadi.eus/webkpe00-kpeperfi/es/contenidos/anuncio_contratacion/expgebizkaia3631373/es_doc/index.html
Otros anuncios;"Acuerdo Marco para el&nbsp;suministro de desinfectantes con destino a los Centros Sanitarios de Atención Primaria del&nbsp;Servicio Madrileño de Salud";Gerencia Asistencial de Atención Primaria;suministros;Pendiente de adjudicación;—;;;https://contratos-publicos.comunidad.madrid/contrato-publico/acuerdo-marco-suministro-desinfectantes-destino-centros-sanitarios-atencion
Otros anuncios;El objeto del presente contrato consiste en la contratación de póliza de seguros de daños materiales del IMIDRA con el objeto de asegurar las consecuencias económicas derivadas de las pérdidas que el IMIDRA sufra por daños en sus bienes debidos a los riesgos corrientes asegurables.;Organismo Autónomo Instituto Madrileño de Investigación y Desarrollo Rural, Agrario y Alimentario (IMIDRA);servicios;Pendiente de adjudicación;—;;;https://contratos-publicos.comunidad.madrid/contrato-publico/contrato-privado-polizas-seguros-danos-materiales-imidra-2026-2028
Otros anuncios;suministro de electrodomesticos para cedefos y centros infoca;Agencia de Emergencias de Andalucía;suministros;Pendiente de adjudicación;—;;;https://www.juntadeandalucia.es/haciendayadministracionpublica/apl/pdc_sirec/perfiles-licitaciones/detalle-licitacion.jsf?idExpediente=1006624
Otros anuncios;suministro de mobiliario urbano para cedefos y centros infoca;Agencia de Emergencias de Andalucía;suministros;Pendiente de adjudicación;—;;;https://www.juntadeandalucia.es/haciendayadministracionpublica/apl/pdc_sirec/perfiles-licitaciones/detalle-licitacion.jsf?idExpediente=982684
Otros anuncios;Acuerdo Marco para servicios topográficos en el Servicio de Superestructura de Vía de Metro de Madrid;Metro de Madrid, S.A.;servicios;Pendiente de adjudicación;—;;;https://contratos-publicos.comunidad.madrid/contrato-publico/acuerdo-marco-servicios-topograficos-servicio-superestructura-via-metro-madrid-0
Otros anuncios;Suministro, instalación y puesta en funcionamiento de cinco mesas quirúrgicas convencionales móviles, para los quirófanos de cirugía general digestiva, dermatología, ORL, ginecología y urología del Hospital Central de la Cruz Roja PA HCCR 35/2026-SU;Hospital Central de la Cruz Roja San José y Santa Adela;suministros;Pendiente de adjudicación;—;;;https://contratos-publicos.comunidad.madrid/contrato-publico/suministro-instalacion-puesta-funcionamiento-cinco-mesas-quirurgicas
Otros anuncios;Pòlissa d'assegurances de transport de mercaderies per a l'empresa AUTOMETRO, S.A. (Ref: POS132/26);Autometro, SA;servicios;Pendiente de adjudicación;—;;;https://contractaciopublica.cat/ca/detall-publicacio/e5bc92c1-55a8-42aa-90ef-8b221c126149/300899264
Otros anuncios;Acord Marc per homologar un conjunt d’empreses per prestar els serveis per desenvolupar i impartir programes formatius que reforcin diverses habilitats de lideratge i desenvolupament personal del personal d’FGC i empreses del Grup FGC i per desenvolupar i impartir programes formatius que a través del Coaching contribueixin a la millora de la qualitat de les funcions del personal de FGC i empreses filials del Grup FGC (Ref: AM13/26);Ferrocarrils de la Generalitat de Catalunya;servicios;Pendiente de adjudicación;—;;;https://contractaciopublica.cat/ca/detall-publicacio/1c5fd363-3835-4ca2-a432-f4b104ef6d4c/300899259
Otros anuncios;Concurso de proyectos para la redacción del proyecto básico y ejecutivo y la posterior dirección de obra de las obras de ampliación y reforma del Centro de Atención Primaria de Torelló. Clave: CAP-25330;Infraestructures de la Generalitat de Catalunya, SAU;servicios;Pendiente de adjudicación;—;;;https://contractaciopublica.cat/ca/detall-publicacio/2599c5f5-a5c9-4f53-9593-017a8d0d7b30/300899250
Otros anuncios;Subministrament d'una plataforma per a la gestió integral de la contractació pública per a SIRUSA;Servei d'Incineració de Residus Urbans, SA;suministros;Pendiente de adjudicación;—;;;https://contractaciopublica.cat/ca/detall-publicacio/24313e8f-8bcc-47cc-a9fd-a525a0e9272b/300898313
Otros anuncios;Ejecución de las obras comprendidas en el proyecto de saneamiento y depuración de Leza de río Leza (La Rioja);Consorcio de Aguas y Residuos de La Rioja;obras;Pendiente de adjudicación;—;;;https://www.larioja.org/contratacion-publica/es/licitaciones/consulta-expedientes?homepage=?p_colateral%3D76-1-9.01-0014%2F2026%26p_dia_ini%3D11%26p_mes_ini%3D09%26p_ano_ini%3D2026%26p_dia_fin%3D11%26p_mes_fin%3D09%26p_ano_fin%3D2026%26p_todas%3DN
