Tipo;Título;Órgano;Código BDNS;Beneficiario;Instrumento;Concedida el;Importe (€);Enlace
Concesiones;Apoyo financiación para inversión (FIE) mínimis;AGENCIA DE DESARROLLO ECONÓMICO DE LA RIOJA;826598;IBERAVAL, SGR;Subvención;05/10/2026;800000;https://ias1.larioja.org/boletin/Bor_Boletin_visor_Servlet?referencia=30038857-1-PDF-562284
Concesiones;Apoyo financiación para circulante (FIE) mínimis;AGENCIA DE DESARROLLO ECONÓMICO DE LA RIOJA;826597;IBERAVAL, SGR;Subvención;05/10/2026;400000;https://ias1.larioja.org/boletin/Bor_Boletin_visor_Servlet?referencia=30038857-1-PDF-562284
Concesiones;Orden de 7 de abril de 2026, por la que se regulan las bases la concesión de subvenciones para la puesta en marcha del Programa de Apoyo Activo al Empleo y se efectúa la convocatoria de 2026. No mínimis;DIRECCIÓN GENERAL DE EMPLEO;897331;AYTO. ARGAMASILLA DE ALBA;Subvención;05/10/2026;249750;https://docm.jccm.es/docm/descargarArchivo.do?ruta=2026/04/09/pdf/2026_2630.pdf&tipo=rutaDocm
Concesiones;Resolución de 31 de octubre de 2023, del Presidente del ICE que aprueba la convocatoria de subvenciones para financiar proyectos de transferencia de conocimiento dentro del ámbito de la Comunidad de Castilla y León, cofinanciadas por el FEDER;INSTITUTO PARA LA COMPETITIVIDAD EMPRESARIAL DE CASTILLA Y LEÓN;724564;BUREBA EBRO, SDAD. COOP. LTDA.;Subvención;05/10/2026;98500;https://bocyl.jcyl.es/boletines/2023/07/18/pdf/BOCYL-D-18072023-10.pdf
Concesiones;Resolución de 26/12/2025 por la que se aprueba la convocatoria de subvenciones para la realización de proyectos de formación profesional y empleo en el seno de la empresa, Línea 5 Sectorial, para el año 2026. REG (UE) 2023/2831.;DIRECCIÓN GENERAL FORMACIÓN PROFESIONAL EN EL ÁMBITO LABORAL;878664;SERV.ASISTENCIALES COM.ESPAÑA, S.L.;Subvención;05/10/2026;73168,8;https://docm.jccm.es/docm/descargarArchivo.do?ruta=2024/08/09/pdf/2024_6382.pdf&tipo=rutaDocm
Concesiones;Orden de 7 de abril de 2026, por la que se regulan las bases la concesión de subvenciones para la puesta en marcha del Programa de Apoyo Activo al Empleo y se efectúa la convocatoria de 2026. No mínimis;DIRECCIÓN GENERAL DE EMPLEO;897331;AYTO. ALCOBA DE LOS MONTES;Subvención;05/10/2026;59940;https://docm.jccm.es/docm/descargarArchivo.do?ruta=2026/04/09/pdf/2026_2630.pdf&tipo=rutaDocm
Concesiones;A la FUNDACIÓ CUIXART para la rehabilitación del taller de Modest Cuixart, por Real Decreto 614/2026 de 22 de julio, por el que se regula la concesión directa de subvenciones.;DIRECCIÓN GENERAL DE PATRIMONIO CULTURAL Y BELLAS ARTES;933482;FUNDACIO CUIXART;Subvención;05/10/2026;50000;https://www.boe.es/eli/es/rd/2026/07/22/614
Concesiones;Resolución de 26/12/2025 por la que se aprueba la convocatoria de subvenciones para la realización de proyectos de formación profesional y empleo en el seno de la empresa, Línea 5 Sectorial, para el año 2026. REG (UE) 2023/2831.;DIRECCIÓN GENERAL FORMACIÓN PROFESIONAL EN EL ÁMBITO LABORAL;878664;MAIS ASISTENCIA S.L.;Subvención;05/10/2026;43901,28;https://docm.jccm.es/docm/descargarArchivo.do?ruta=2024/08/09/pdf/2024_6382.pdf&tipo=rutaDocm
Concesiones;Resolución de 26/12/2025 por la que se aprueba la convocatoria de subvenciones para la realización de proyectos de formación profesional y empleo en el seno de la empresa, Línea 5 Sectorial, para el año 2026. REG (UE) 2023/2831.;DIRECCIÓN GENERAL FORMACIÓN PROFESIONAL EN EL ÁMBITO LABORAL;878664;TAR 2022 ATENCIÓN A DOMICILIO, S.L.;Subvención;05/10/2026;43901,28;https://docm.jccm.es/docm/descargarArchivo.do?ruta=2024/08/09/pdf/2024_6382.pdf&tipo=rutaDocm
Concesiones;Convocatoria subvenciones, para el año 2026, para la realización de proyectos en materia de familia, infancia y adolescencia en el ámbito rural;DIRECCIÓN GENERAL DE FAMILIA, INFANCIA Y NATALIDAD;906900;COMARCA DEL BAJO MARTIN;Subvención;05/10/2026;39032,74;https://www.boa.aragon.es/cgi-bin/EBOA/BRSCGI?CMD=VEROBJ&MLKOB=1191369625050
Concesiones;Convocatoria subvenciones, para el año 2026, para la realización de proyectos en materia de familia, infancia y adolescencia en el ámbito rural;DIRECCIÓN GENERAL DE FAMILIA, INFANCIA Y NATALIDAD;906900;COMARCA DEL BAJO MARTIN;Subvención;05/10/2026;39032,74;https://www.boa.aragon.es/cgi-bin/EBOA/BRSCGI?CMD=VEROBJ&MLKOB=1191369625050
Concesiones;MRR C19 I1 CAPACITACION ENTIDADES TERCER SECTOR CONVOCATORIA 2025;CONSEJERÍA DE DIGITALIZACIÓN;838064;YMCA;Subvención;05/10/2026;37580,1;https://www.bocm.es/boletin/CM_Orden_BOCM/2024/09/03/BOCM-20240903-26.PDF
Concesiones;Subvención para el desarrollo de actuacions en materia de corresponsabilidad y cuidados en el marco del Plan Corresponsables;DIRECCIÓN GENERAL DE MENORES Y FAMILIAS;868085;FUNDACIO SANT JOAN DE DEU SERVEIS SOCIAL;Subvención;05/10/2026;37147,28;https://www.caib.es/eboibfront/es/2021/11352/646073/orden-de-la-consejera-de-asuntos-sociales-y-deport
Concesiones;(COC) Plan Competitividad del Comercio Minorista (Reg. Minimis 2023/2831);AGENCIA DE DESARROLLO ECONÓMICO DE LA RIOJA;825899;SAGASTA MARKET SL;Subvención;05/10/2026;36781,85;https://ias1.larioja.org/boletin/Bor_Boletin_visor_Servlet?referencia=30752584-1-PDF-563454
Concesiones;Convocatoria subvenciones, para el año 2026, para la realización de proyectos en materia de familia, infancia y adolescencia en el ámbito rural;DIRECCIÓN GENERAL DE FAMILIA, INFANCIA Y NATALIDAD;906900;COMARCA DEL CINCA MEDIO;Subvención;05/10/2026;33310,66;https://www.boa.aragon.es/cgi-bin/EBOA/BRSCGI?CMD=VEROBJ&MLKOB=1191369625050
Concesiones;Convocatoria subvenciones, para el año 2026, para la realización de proyectos en materia de familia, infancia y adolescencia en el ámbito rural;DIRECCIÓN GENERAL DE FAMILIA, INFANCIA Y NATALIDAD;906900;COMARCA DEL CINCA MEDIO;Subvención;05/10/2026;33310,66;https://www.boa.aragon.es/cgi-bin/EBOA/BRSCGI?CMD=VEROBJ&MLKOB=1191369625050
Concesiones;Convocatoria subvenciones, para el año 2026, para la realización de proyectos en materia de familia, infancia y adolescencia en el ámbito rural;DIRECCIÓN GENERAL DE FAMILIA, INFANCIA Y NATALIDAD;906900;COMARCA DE LA LITERA;Subvención;05/10/2026;32048,86;https://www.boa.aragon.es/cgi-bin/EBOA/BRSCGI?CMD=VEROBJ&MLKOB=1191369625050
Concesiones;Convocatoria subvenciones, para el año 2026, para la realización de proyectos en materia de familia, infancia y adolescencia en el ámbito rural;DIRECCIÓN GENERAL DE FAMILIA, INFANCIA Y NATALIDAD;906900;COMARCA DE LA LITERA;Subvención;05/10/2026;32048,86;https://www.boa.aragon.es/cgi-bin/EBOA/BRSCGI?CMD=VEROBJ&MLKOB=1191369625050
Concesiones;Orden de la Consejería de Agricultura, Ganadería y Desarrollo Rural, por la que se establecen disposiciones de aplicación de las;DIRECCIÓN GENERAL AGRICULTURA Y GANADERÍA;811967;—;Subvención;05/10/2026;31110,47;https://www.boe.es/buscar/pdf/2022/BOE-A-2022-23048-consolidado.pdf
Concesiones;Convenio con la DOP Nuez de Pedroso;CONSEJERÍA DE AGRICULTURA, GANADERÍA, MUNDO RURAL Y MEDIO AMBIENTE;930372;"ASOC PROF PRODUCT DE NUEZ ""EL NOGUERAL""";Subvención;05/10/2026;30000;
Concesiones;Convocatoria subvenciones, para el año 2026, para la realización de proyectos en materia de familia, infancia y adolescencia en el ámbito rural;DIRECCIÓN GENERAL DE FAMILIA, INFANCIA Y NATALIDAD;906900;COMARCA DE LA SIERRA DE ALBARRACIN;Subvención;05/10/2026;29803,25;https://www.boa.aragon.es/cgi-bin/EBOA/BRSCGI?CMD=VEROBJ&MLKOB=1191369625050
Concesiones;Convocatoria subvenciones, para el año 2026, para la realización de proyectos en materia de familia, infancia y adolescencia en el ámbito rural;DIRECCIÓN GENERAL DE FAMILIA, INFANCIA Y NATALIDAD;906900;COMARCA DE LA SIERRA DE ALBARRACIN;Subvención;05/10/2026;29803,25;https://www.boa.aragon.es/cgi-bin/EBOA/BRSCGI?CMD=VEROBJ&MLKOB=1191369625050
Concesiones;Convocatoria subvenciones, para el año 2026, para la realización de proyectos en materia de familia, infancia y adolescencia en el ámbito rural;DIRECCIÓN GENERAL DE FAMILIA, INFANCIA Y NATALIDAD;906900;COMARCA DEL JILOCA;Subvención;05/10/2026;29706,49;https://www.boa.aragon.es/cgi-bin/EBOA/BRSCGI?CMD=VEROBJ&MLKOB=1191369625050
Concesiones;Convocatoria subvenciones, para el año 2026, para la realización de proyectos en materia de familia, infancia y adolescencia en el ámbito rural;DIRECCIÓN GENERAL DE FAMILIA, INFANCIA Y NATALIDAD;906900;COMARCA DEL JILOCA;Subvención;05/10/2026;29706,49;https://www.boa.aragon.es/cgi-bin/EBOA/BRSCGI?CMD=VEROBJ&MLKOB=1191369625050
Concesiones;Resolución de 26/12/2025 por la que se aprueba la convocatoria de subvenciones para la realización de proyectos de formación profesional y empleo en el seno de la empresa, Línea 5 Sectorial, para el año 2026. REG (UE) 2023/2831.;DIRECCIÓN GENERAL FORMACIÓN PROFESIONAL EN EL ÁMBITO LABORAL;878664;—;Subvención;05/10/2026;29267,52;https://docm.jccm.es/docm/descargarArchivo.do?ruta=2024/08/09/pdf/2024_6382.pdf&tipo=rutaDocm
Concesiones;Resolución de 26/12/2025 por la que se aprueba la convocatoria de subvenciones para la realización de proyectos de formación profesional y empleo en el seno de la empresa, Línea 5 Sectorial, para el año 2026. REG (UE) 2023/2831.;DIRECCIÓN GENERAL FORMACIÓN PROFESIONAL EN EL ÁMBITO LABORAL;878664;GIRODA 2019, SOCIEDAD LIMITADA;Subvención;05/10/2026;28360;https://docm.jccm.es/docm/descargarArchivo.do?ruta=2024/08/09/pdf/2024_6382.pdf&tipo=rutaDocm
Concesiones;Resolución de 26/12/2025 por la que se aprueba la convocatoria de subvenciones para la realización de proyectos de formación profesional y empleo en el seno de la empresa, Línea 5 Sectorial, para el año 2026. REG (UE) 2023/2831.;DIRECCIÓN GENERAL FORMACIÓN PROFESIONAL EN EL ÁMBITO LABORAL;878664;EVHOCAR GROUP, SL;Subvención;05/10/2026;28360;https://docm.jccm.es/docm/descargarArchivo.do?ruta=2024/08/09/pdf/2024_6382.pdf&tipo=rutaDocm
Concesiones;Resolución de 26/12/2025 por la que se aprueba la convocatoria de subvenciones para la realización de proyectos de formación profesional y empleo en el seno de la empresa, Línea 5 Sectorial, para el año 2026. REG (UE) 2023/2831.;DIRECCIÓN GENERAL FORMACIÓN PROFESIONAL EN EL ÁMBITO LABORAL;878664;DAROBI 2006 SL;Subvención;05/10/2026;28360;https://docm.jccm.es/docm/descargarArchivo.do?ruta=2024/08/09/pdf/2024_6382.pdf&tipo=rutaDocm
Concesiones;Convocatoria subvenciones, para el año 2026, para la realización de proyectos en materia de familia, infancia y adolescencia en el ámbito rural;DIRECCIÓN GENERAL DE FAMILIA, INFANCIA Y NATALIDAD;906900;COMARCA DE SOBRARBE;Subvención;05/10/2026;20851;https://www.boa.aragon.es/cgi-bin/EBOA/BRSCGI?CMD=VEROBJ&MLKOB=1191369625050
Concesiones;Convocatoria subvenciones, para el año 2026, para la realización de proyectos en materia de familia, infancia y adolescencia en el ámbito rural;DIRECCIÓN GENERAL DE FAMILIA, INFANCIA Y NATALIDAD;906900;COMARCA DE SOBRARBE;Subvención;05/10/2026;20851;https://www.boa.aragon.es/cgi-bin/EBOA/BRSCGI?CMD=VEROBJ&MLKOB=1191369625050
Concesiones;Convocatoria subvenciones, para el año 2026, para la realización de proyectos en materia de familia, infancia y adolescencia en el ámbito rural;DIRECCIÓN GENERAL DE FAMILIA, INFANCIA Y NATALIDAD;906900;COMARCA DE LA RIBERA ALTA DEL EBRO;Subvención;05/10/2026;16724,36;https://www.boa.aragon.es/cgi-bin/EBOA/BRSCGI?CMD=VEROBJ&MLKOB=1191369625050
Concesiones;Convocatoria subvenciones, para el año 2026, para la realización de proyectos en materia de familia, infancia y adolescencia en el ámbito rural;DIRECCIÓN GENERAL DE FAMILIA, INFANCIA Y NATALIDAD;906900;COMARCA DE LA RIBERA ALTA DEL EBRO;Subvención;05/10/2026;16724,36;https://www.boa.aragon.es/cgi-bin/EBOA/BRSCGI?CMD=VEROBJ&MLKOB=1191369625050
Concesiones;Convocatoria subvenciones, para el año 2026, para la realización de proyectos en materia de familia, infancia y adolescencia en el ámbito rural;DIRECCIÓN GENERAL DE FAMILIA, INFANCIA Y NATALIDAD;906900;COMARCA DE ANDORRA-SIERRA DE ARCOS;Subvención;05/10/2026;16622,62;https://www.boa.aragon.es/cgi-bin/EBOA/BRSCGI?CMD=VEROBJ&MLKOB=1191369625050
Concesiones;"Convenio de colaboración entre el Departamento de Agricultura, Ganadería y Alimentación del Gobierno de ARagón y el Ayuntamiento de San Juan de Plan por el que se concede subvención para el apoyo a la Escuela de Pastoreo de Aragón ""La Estiva"" en 2026";DIRECCIÓN GENERAL DE CALIDAD Y SEGURIDAD ALIMENTARIA;930573;AYUNTAMIENTO DE SAN JUAN DE PLAN;Subvención;05/10/2026;16000;https://www.boe.es/buscar/pdf/2021/BOE-A-2021-12701-consolidado.pdf
Concesiones;Resolución de 31 de octubre de 2023, del Presidente del ICE que aprueba la convocatoria de subvenciones para financiar proyectos de transferencia de conocimiento dentro del ámbito de la Comunidad de Castilla y León, cofinanciadas por el FEDER;INSTITUTO PARA LA COMPETITIVIDAD EMPRESARIAL DE CASTILLA Y LEÓN;724564;MAINCO MIRANDA, S.L.;Subvención;05/10/2026;15500;https://bocyl.jcyl.es/boletines/2023/07/18/pdf/BOCYL-D-18072023-10.pdf
Concesiones;Convocatoria subvenciones, para el año 2026, para la realización de proyectos en materia de familia, infancia y adolescencia en el ámbito rural;DIRECCIÓN GENERAL DE FAMILIA, INFANCIA Y NATALIDAD;906900;COMARCA COMUNIDAD TERUEL;Subvención;05/10/2026;15498,82;https://www.boa.aragon.es/cgi-bin/EBOA/BRSCGI?CMD=VEROBJ&MLKOB=1191369625050
Concesiones;Resolución de 24/04/2026, de la Dirección General de Empleo, por la que se publican los créditos disponibles en el ejercicio 2026 para la concesión de las subvenciones reguladas en el Decreto 103/2022, de 13 de septiembre. REG (UE) 2023/2831;DIRECCIÓN GENERAL DE EMPLEO;902087;NANI ALMADEN S.L.;Subvención;05/10/2026;15000;https://docm.jccm.es/docm/descargarArchivo.do?ruta=2026/04/15/pdf/2026_2661.pdf&tipo=rutaDocm
Concesiones;Subvenciones para obras de mejora y/o adecuación interior en viviendas que se incorporen a la Bolsa de Alquiler o que se acojan al programa de “rehabilitación por renta” durante el año 2026;DEPARTAMENTO DE VIVIENDA, JUVENTUD Y POLÍTICAS MIGRATORIAS;920490;—;Subvención;05/10/2026;15000;
Concesiones;Subvenciones para obras de mejora y/o adecuación interior en viviendas que se incorporen a la Bolsa de Alquiler o que se acojan al programa de “rehabilitación por renta” durante el año 2026;DEPARTAMENTO DE VIVIENDA, JUVENTUD Y POLÍTICAS MIGRATORIAS;920490;—;Subvención;05/10/2026;15000;
Concesiones;Resolución de 26/12/2025 por la que se aprueba la convocatoria de subvenciones para la realización de proyectos de formación profesional y empleo en el seno de la empresa, Línea 5 Sectorial, para el año 2026. REG (UE) 2023/2831.;DIRECCIÓN GENERAL FORMACIÓN PROFESIONAL EN EL ÁMBITO LABORAL;878664;MUNDO CUIDADOS, S. COOP. DE DE C-LM;Subvención;05/10/2026;14633,76;https://docm.jccm.es/docm/descargarArchivo.do?ruta=2024/08/09/pdf/2024_6382.pdf&tipo=rutaDocm
Concesiones;Resolución de 26/12/2025 por la que se aprueba la convocatoria de subvenciones para la realización de proyectos de formación profesional y empleo en el seno de la empresa, Línea 5 Sectorial, para el año 2026. REG (UE) 2023/2831.;DIRECCIÓN GENERAL FORMACIÓN PROFESIONAL EN EL ÁMBITO LABORAL;878664;VIDA SANA A DOMICILIO, S.L..;Subvención;05/10/2026;14633,76;https://docm.jccm.es/docm/descargarArchivo.do?ruta=2024/08/09/pdf/2024_6382.pdf&tipo=rutaDocm
Concesiones;Resolución de 26/12/2025 por la que se aprueba la convocatoria de subvenciones para la realización de proyectos de formación profesional y empleo en el seno de la empresa, Línea 5 Sectorial, para el año 2026. REG (UE) 2023/2831.;DIRECCIÓN GENERAL FORMACIÓN PROFESIONAL EN EL ÁMBITO LABORAL;878664;MANASLU MANCHA S.L.;Subvención;05/10/2026;14633,76;https://docm.jccm.es/docm/descargarArchivo.do?ruta=2024/08/09/pdf/2024_6382.pdf&tipo=rutaDocm
Concesiones;Resolución de 26/12/2025 por la que se aprueba la convocatoria de subvenciones para la realización de proyectos de formación profesional y empleo en el seno de la empresa, Línea 5 Sectorial, para el año 2026. REG (UE) 2023/2831.;DIRECCIÓN GENERAL FORMACIÓN PROFESIONAL EN EL ÁMBITO LABORAL;878664;JUCAPIA COMPLEJO HOSTELERO SLL;Subvención;05/10/2026;14180;https://docm.jccm.es/docm/descargarArchivo.do?ruta=2024/08/09/pdf/2024_6382.pdf&tipo=rutaDocm
Concesiones;Resolución de 26/12/2025 por la que se aprueba la convocatoria de subvenciones para la realización de proyectos de formación profesional y empleo en el seno de la empresa, Línea 5 Sectorial, para el año 2026. REG (UE) 2023/2831.;DIRECCIÓN GENERAL FORMACIÓN PROFESIONAL EN EL ÁMBITO LABORAL;878664;METRONEOPOLIS, SL;Subvención;05/10/2026;14180;https://docm.jccm.es/docm/descargarArchivo.do?ruta=2024/08/09/pdf/2024_6382.pdf&tipo=rutaDocm
Concesiones;Resolución de 26/12/2025 por la que se aprueba la convocatoria de subvenciones para la realización de proyectos de formación profesional y empleo en el seno de la empresa, Línea 5 Sectorial, para el año 2026. REG (UE) 2023/2831.;DIRECCIÓN GENERAL FORMACIÓN PROFESIONAL EN EL ÁMBITO LABORAL;878664;CANTUESO DE AUTOR, S.L.;Subvención;05/10/2026;14180;https://docm.jccm.es/docm/descargarArchivo.do?ruta=2024/08/09/pdf/2024_6382.pdf&tipo=rutaDocm
Concesiones;Resolución de 26/12/2025 por la que se aprueba la convocatoria de subvenciones para la realización de proyectos de formación profesional y empleo en el seno de la empresa, Línea 5 Sectorial, para el año 2026. REG (UE) 2023/2831.;DIRECCIÓN GENERAL FORMACIÓN PROFESIONAL EN EL ÁMBITO LABORAL;878664;CÁBARO INVERSIONES, S.L.U.;Subvención;05/10/2026;14180;https://docm.jccm.es/docm/descargarArchivo.do?ruta=2024/08/09/pdf/2024_6382.pdf&tipo=rutaDocm
Concesiones;Resolución de 26/12/2025 por la que se aprueba la convocatoria de subvenciones para la realización de proyectos de formación profesional y empleo en el seno de la empresa, Línea 5 Sectorial, para el año 2026. REG (UE) 2023/2831.;DIRECCIÓN GENERAL FORMACIÓN PROFESIONAL EN EL ÁMBITO LABORAL;878664;—;Subvención;05/10/2026;14180;https://docm.jccm.es/docm/descargarArchivo.do?ruta=2024/08/09/pdf/2024_6382.pdf&tipo=rutaDocm
Concesiones;Resolución de 26/12/2025 por la que se aprueba la convocatoria de subvenciones para la realización de proyectos de formación profesional y empleo en el seno de la empresa, Línea 5 Sectorial, para el año 2026. REG (UE) 2023/2831.;DIRECCIÓN GENERAL FORMACIÓN PROFESIONAL EN EL ÁMBITO LABORAL;878664;PEÑA HORADADA, S.L.;Subvención;05/10/2026;14180;https://docm.jccm.es/docm/descargarArchivo.do?ruta=2024/08/09/pdf/2024_6382.pdf&tipo=rutaDocm
Concesiones;Resolución de 26/12/2025 por la que se aprueba la convocatoria de subvenciones para la realización de proyectos de formación profesional y empleo en el seno de la empresa, Línea 5 Sectorial, para el año 2026. REG (UE) 2023/2831.;DIRECCIÓN GENERAL FORMACIÓN PROFESIONAL EN EL ÁMBITO LABORAL;878664;TAR 2022 RESTAURACIÓN,;Subvención;05/10/2026;14180;https://docm.jccm.es/docm/descargarArchivo.do?ruta=2024/08/09/pdf/2024_6382.pdf&tipo=rutaDocm
Concesiones;Resolución de 26/12/2025 por la que se aprueba la convocatoria de subvenciones para la realización de proyectos de formación profesional y empleo en el seno de la empresa, Línea 5 Sectorial, para el año 2026. REG (UE) 2023/2831.;DIRECCIÓN GENERAL FORMACIÓN PROFESIONAL EN EL ÁMBITO LABORAL;878664;TECOJO Y TECOMO S.L;Subvención;05/10/2026;14180;https://docm.jccm.es/docm/descargarArchivo.do?ruta=2024/08/09/pdf/2024_6382.pdf&tipo=rutaDocm
Concesiones;Resolución de 26/12/2025 por la que se aprueba la convocatoria de subvenciones para la realización de proyectos de formación profesional y empleo en el seno de la empresa, Línea 5 Sectorial, para el año 2026. REG (UE) 2023/2831.;DIRECCIÓN GENERAL FORMACIÓN PROFESIONAL EN EL ÁMBITO LABORAL;878664;VIÑA DE GAITANEJOS, S.L.;Subvención;05/10/2026;14180;https://docm.jccm.es/docm/descargarArchivo.do?ruta=2024/08/09/pdf/2024_6382.pdf&tipo=rutaDocm
Concesiones;Resolución de 26/12/2025 por la que se aprueba la convocatoria de subvenciones para la realización de proyectos de formación profesional y empleo en el seno de la empresa, Línea 5 Sectorial, para el año 2026. REG (UE) 2023/2831.;DIRECCIÓN GENERAL FORMACIÓN PROFESIONAL EN EL ÁMBITO LABORAL;878664;—;Subvención;05/10/2026;14180;https://docm.jccm.es/docm/descargarArchivo.do?ruta=2024/08/09/pdf/2024_6382.pdf&tipo=rutaDocm
Concesiones;Subvenciones para obras de mejora y/o adecuación interior en viviendas que se incorporen a la Bolsa de Alquiler o que se acojan al programa de “rehabilitación por renta” durante el año 2026;DEPARTAMENTO DE VIVIENDA, JUVENTUD Y POLÍTICAS MIGRATORIAS;920490;—;Subvención;05/10/2026;13797;
Concesiones;Subvenciones para obras de mejora y/o adecuación interior en viviendas que se incorporen a la Bolsa de Alquiler o que se acojan al programa de “rehabilitación por renta” durante el año 2026;DEPARTAMENTO DE VIVIENDA, JUVENTUD Y POLÍTICAS MIGRATORIAS;920490;—;Subvención;05/10/2026;13474;
Concesiones;Convocatoria subvenciones, para el año 2026, para la realización de proyectos en materia de familia, infancia y adolescencia en el ámbito rural;DIRECCIÓN GENERAL DE FAMILIA, INFANCIA Y NATALIDAD;906900;COMARCA RIBERA BAJA DEL EBRO;Subvención;05/10/2026;13378,46;https://www.boa.aragon.es/cgi-bin/EBOA/BRSCGI?CMD=VEROBJ&MLKOB=1191369625050
Concesiones;Subvenciones para obras de mejora y/o adecuación interior en viviendas que se incorporen a la Bolsa de Alquiler o que se acojan al programa de “rehabilitación por renta” durante el año 2026;DEPARTAMENTO DE VIVIENDA, JUVENTUD Y POLÍTICAS MIGRATORIAS;920490;—;Subvención;05/10/2026;13319;
Concesiones;Subvenciones para obras de mejora y/o adecuación interior en viviendas que se incorporen a la Bolsa de Alquiler o que se acojan al programa de “rehabilitación por renta” durante el año 2026;DEPARTAMENTO DE VIVIENDA, JUVENTUD Y POLÍTICAS MIGRATORIAS;920490;—;Subvención;05/10/2026;12727;
Concesiones;Convocatoria subvenciones, para el año 2026, para la realización de proyectos en materia de familia, infancia y adolescencia en el ámbito rural;DIRECCIÓN GENERAL DE FAMILIA, INFANCIA Y NATALIDAD;906900;COMARCA DE LA RIBAGORZA;Subvención;05/10/2026;12201,86;https://www.boa.aragon.es/cgi-bin/EBOA/BRSCGI?CMD=VEROBJ&MLKOB=1191369625050
Concesiones;Convocatoria subvenciones, para el año 2026, para la realización de proyectos en materia de familia, infancia y adolescencia en el ámbito rural;DIRECCIÓN GENERAL DE FAMILIA, INFANCIA Y NATALIDAD;906900;COMARCA DE LA RIBAGORZA;Subvención;05/10/2026;12201,86;https://www.boa.aragon.es/cgi-bin/EBOA/BRSCGI?CMD=VEROBJ&MLKOB=1191369625050
Concesiones;Convocatoria subvenciones, para el año 2026, para la realización de proyectos en materia de familia, infancia y adolescencia en el ámbito rural;DIRECCIÓN GENERAL DE FAMILIA, INFANCIA Y NATALIDAD;906900;COMARCA DE LA JACETANIA;Subvención;05/10/2026;11790,84;https://www.boa.aragon.es/cgi-bin/EBOA/BRSCGI?CMD=VEROBJ&MLKOB=1191369625050
Concesiones;Convocatoria subvenciones, para el año 2026, para la realización de proyectos en materia de familia, infancia y adolescencia en el ámbito rural;DIRECCIÓN GENERAL DE FAMILIA, INFANCIA Y NATALIDAD;906900;COMARCA DE LA JACETANIA;Subvención;05/10/2026;11790,84;https://www.boa.aragon.es/cgi-bin/EBOA/BRSCGI?CMD=VEROBJ&MLKOB=1191369625050
Concesiones;Resolución de 22/06/2026, de la Dirección General de Empleo, por la que se publican los créditos disponibles en el ejercicio 2026 para la concesión de las subvenciones reguladas en el Decreto 31/2026, de 16 de junio.;DIRECCIÓN GENERAL DE EMPLEO;914826;RG AUTOMOCION INTEGRAL DAIMIEL SL;Subvención;05/10/2026;10800;https://docm.jccm.es/docm/descargarArchivo.do?ruta=2026/06/19/pdf/2026_4694.pdf&tipo=rutaDocm
Concesiones;Resolución de publicación de créditos para 2026, de las subvenciones previstas en el Decreto 37/2024, para favorecer el pleno empleo y la inclusión social a través del empleo estable y de calidad cofinanciables por el F.S.E. Plus. R. 2023/2831;DIRECCIÓN GENERAL DE EMPLEO;876434;—;Subvención;05/10/2026;10500;https://docm.jccm.es/docm/descargarArchivo.do?ruta=2024/07/17/pdf/2024_5770.pdf&tipo=rutaDocm
Concesiones;Subvenciones para obras de mejora y/o adecuación interior en viviendas que se incorporen a la Bolsa de Alquiler o que se acojan al programa de “rehabilitación por renta” durante el año 2026;DEPARTAMENTO DE VIVIENDA, JUVENTUD Y POLÍTICAS MIGRATORIAS;920490;—;Subvención;05/10/2026;9780;
Concesiones;TALENTIUM EMPRESA. CONVOCATORIA DE SUBVENCIONES DIRIGIDAS A EMPRESAS LOCALES EN MUNICIPIOS MENORES DE 20.000 HAB.;DIPUTACIÓN PROVINCIAL DE JAÉN;918072;LIDERKIT, S.L.;Subvención;05/10/2026;9400;https://www.dipujaen.es/export/files/transparencia/presupuesto2026/presupuestos2026.html
Concesiones;TALENTIUM EMPRESA. CONVOCATORIA DE SUBVENCIONES DIRIGIDAS A EMPRESAS LOCALES EN MUNICIPIOS MENORES DE 20.000 HAB.;DIPUTACIÓN PROVINCIAL DE JAÉN;918072;LAIOL BIOCOSMETICS SOCIEDAD LIMITADA;Subvención;05/10/2026;9400;https://www.dipujaen.es/export/files/transparencia/presupuesto2026/presupuestos2026.html
Concesiones;Resolución de publicación de créditos para 2026, de las subvenciones previstas en el Decreto 37/2024, para favorecer el pleno empleo y la inclusión social a través del empleo estable y de calidad cofinanciables por el F.S.E. Plus. R. 2023/2831;DIRECCIÓN GENERAL DE EMPLEO;876434;—;Subvención;05/10/2026;9000;https://docm.jccm.es/docm/descargarArchivo.do?ruta=2024/07/17/pdf/2024_5770.pdf&tipo=rutaDocm
Concesiones;Resolución de 18/05/2026, de la Dirección General de Empleo, por la que se publican los créditos disponibles en el ejercicio 2026 para la concesión de las subvenciones reguladas en el Decreto 21/2026, de 21 de abril.;DIRECCIÓN GENERAL DE EMPLEO;906463;—;Subvención;05/10/2026;8547;https://docm.jccm.es/docm/descargarArchivo.do?ruta=2026/04/30/pdf/2026_3255.pdf&tipo=rutaDocm
Concesiones;CONVENIO DE COLABORACIÓN ENTRE EL INSTITUTO ARAGONÉS DE LA MUJER Y EL AYUNTAMIENTO DE CALATAYUD PARA LA GESTIÓN DE UN INMUEBLE DESTINADO A VIVIENDA TUTELADA PARA MUJERES VICTIMAS DE VIOLENCIAS CONTRA LA MUJER.;INSTITUTO ARAGONÉS DE LA MUJER (IAM);919201;AYUNTAMIENTO DE CALATAYUD;Subvención;05/10/2026;8401;https://www.boe.es/buscar/doc.php?id=BOE-A-2023-12919
Concesiones;TALENTIUM EMPRESA. CONVOCATORIA DE SUBVENCIONES DIRIGIDAS A EMPRESAS LOCALES EN MUNICIPIOS MENORES DE 20.000 HAB.;DIPUTACIÓN PROVINCIAL DE JAÉN;918072;INNOVACIONES TECNOLOGICAS DEL SUR, S.L.;Subvención;05/10/2026;8400;https://www.dipujaen.es/export/files/transparencia/presupuesto2026/presupuestos2026.html
Concesiones;Resolución de 24/04/2026, de la Dirección General de Empleo, por la que se publican los créditos disponibles en el ejercicio 2026 para la concesión de las subvenciones reguladas en el Decreto 103/2022, de 13 de septiembre. REG (UE) 2023/2831;DIRECCIÓN GENERAL FORMACIÓN PROFESIONAL EN EL ÁMBITO LABORAL;902087;—;Subvención;05/10/2026;8400;https://docm.jccm.es/docm/descargarArchivo.do?ruta=2026/04/15/pdf/2026_2661.pdf&tipo=rutaDocm
Concesiones;CONVENIO OASIS DE LUZ;AYUNTAMIENTO DE BURJASSOT;931925;ASOCIACION JUVENIL OASIS DE LUZ;Subvención;05/10/2026;8000;https://sede.burjassot.org/sta/docs/GetDocumentServlet?CUD=15254054356507635335&HASH_CUD=ed2d37c653f69ac51249542d5813314220bdaa67&APP_CODE=STA
Concesiones;Convenio de colaboración entre el Gobierno de Aragón y la Universidad de Zaragoza para el desarrollo de la mediación y la intervención familiar en Aragón;DIRECCIÓN GENERAL DE FAMILIA, INFANCIA Y NATALIDAD;916843;UNIVERSIDAD DE ZARAGOZA;Subvención;05/10/2026;8000;https://www.boa.aragon.es/cgi-bin/EBOA/BRSCGI?CMD=VEROBJ&MLKOB=1452406650505
Concesiones;Subvenciones a Entidades Deportivas para Actividades de Tiempo Libre;CONSEJERÍA DE CULTURA, TURISMO, DEPORTE Y JUVENTUD;894408;PROMESAS EDF;Subvención;05/10/2026;7728,71;https://ias1.larioja.org/boletin/Bor_Boletin_visor_Servlet?referencia=25481235-1-PDF-554428-X
Concesiones;Convocatoria subvenciones, para el año 2026, para la realización de proyectos en materia de familia, infancia y adolescencia en el ámbito rural;DIRECCIÓN GENERAL DE FAMILIA, INFANCIA Y NATALIDAD;906900;COMARCA CENTRAL DE ZARAGOZA;Subvención;05/10/2026;7621,54;https://www.boa.aragon.es/cgi-bin/EBOA/BRSCGI?CMD=VEROBJ&MLKOB=1191369625050
Concesiones;Convocatoria subvenciones, para el año 2026, para la realización de proyectos en materia de familia, infancia y adolescencia en el ámbito rural;DIRECCIÓN GENERAL DE FAMILIA, INFANCIA Y NATALIDAD;906900;COMARCA CENTRAL DE ZARAGOZA;Subvención;05/10/2026;7621,54;https://www.boa.aragon.es/cgi-bin/EBOA/BRSCGI?CMD=VEROBJ&MLKOB=1191369625050
Concesiones;Resolución de publicación de créditos para 2026, de las subvenciones previstas en el Decreto 37/2024, para favorecer el pleno empleo y la inclusión social a través del empleo estable y de calidad cofinanciables por el F.S.E. Plus. R. 2023/2831;DIRECCIÓN GENERAL DE EMPLEO;876434;—;Subvención;05/10/2026;7500;https://docm.jccm.es/docm/descargarArchivo.do?ruta=2024/07/17/pdf/2024_5770.pdf&tipo=rutaDocm
Concesiones;Subvenciones para obras de mejora y/o adecuación interior en viviendas que se incorporen a la Bolsa de Alquiler o que se acojan al programa de “rehabilitación por renta” durante el año 2026;DEPARTAMENTO DE VIVIENDA, JUVENTUD Y POLÍTICAS MIGRATORIAS;920490;—;Subvención;05/10/2026;7430,98;
Concesiones;Resolución de 24/04/2026, de la Dirección General de Empleo, por la que se publican los créditos disponibles en el ejercicio 2026 para la concesión de las subvenciones reguladas en el Decreto 103/2022, de 13 de septiembre. REG (UE) 2023/2831;DIRECCIÓN GENERAL FORMACIÓN PROFESIONAL EN EL ÁMBITO LABORAL;902087;—;Subvención;05/10/2026;7200;https://docm.jccm.es/docm/descargarArchivo.do?ruta=2026/04/15/pdf/2026_2661.pdf&tipo=rutaDocm
Concesiones;Resolución de 24/04/2026, de la Dirección General de Empleo, por la que se publican los créditos disponibles en el ejercicio 2026 para la concesión de las subvenciones reguladas en el Decreto 103/2022, de 13 de septiembre. REG (UE) 2023/2831;DIRECCIÓN GENERAL FORMACIÓN PROFESIONAL EN EL ÁMBITO LABORAL;902087;CERRAJERÍA HERMANOS GARCÍA GALLEGO;Subvención;05/10/2026;7200;https://docm.jccm.es/docm/descargarArchivo.do?ruta=2026/04/15/pdf/2026_2661.pdf&tipo=rutaDocm
Concesiones;Resolución de 24/04/2026, de la Dirección General de Empleo, por la que se publican los créditos disponibles en el ejercicio 2026 para la concesión de las subvenciones reguladas en el Decreto 103/2022, de 13 de septiembre. REG (UE) 2023/2831;DIRECCIÓN GENERAL FORMACIÓN PROFESIONAL EN EL ÁMBITO LABORAL;902087;SUMINISTROS STAR LIMP, SL;Subvención;05/10/2026;7200;https://docm.jccm.es/docm/descargarArchivo.do?ruta=2026/04/15/pdf/2026_2661.pdf&tipo=rutaDocm
Concesiones;(COC) Plan Competitividad del Comercio Minorista (Reg. Minimis 2023/2831);AGENCIA DE DESARROLLO ECONÓMICO DE LA RIOJA;825899;VIVEROS LA VILLA VERDE ALFARO SL;Subvención;05/10/2026;7021,25;https://ias1.larioja.org/boletin/Bor_Boletin_visor_Servlet?referencia=30752584-1-PDF-563454
Concesiones;AYUDAS EMERGENCIA AUTÓNOMOS INCENDIOS SIERRA OESTE COMUNIDAD DE MADRID;CONSEJERÍA ECONOMÍA, HACIENDA Y EMPLEO;928016;—;Subvención;05/10/2026;6798;https://www.bocm.es/bocm-20260904-19
Concesiones;AYUDAS EMERGENCIA AUTÓNOMOS INCENDIOS SIERRA OESTE COMUNIDAD DE MADRID;CONSEJERÍA ECONOMÍA, HACIENDA Y EMPLEO;928016;—;Subvención;05/10/2026;6798;https://www.bocm.es/bocm-20260904-19
Concesiones;AYUDAS EMERGENCIA AUTÓNOMOS INCENDIOS SIERRA OESTE COMUNIDAD DE MADRID;CONSEJERÍA ECONOMÍA, HACIENDA Y EMPLEO;928016;—;Subvención;05/10/2026;6798;https://www.bocm.es/bocm-20260904-19
Concesiones;AYUDAS EMERGENCIA AUTÓNOMOS INCENDIOS SIERRA OESTE COMUNIDAD DE MADRID;CONSEJERÍA ECONOMÍA, HACIENDA Y EMPLEO;928016;—;Subvención;05/10/2026;6798;https://www.bocm.es/bocm-20260904-19
Concesiones;AYUDAS EMERGENCIA AUTÓNOMOS INCENDIOS SIERRA OESTE COMUNIDAD DE MADRID;CONSEJERÍA ECONOMÍA, HACIENDA Y EMPLEO;928016;—;Subvención;05/10/2026;6798;https://www.bocm.es/bocm-20260904-19
Concesiones;AYUDAS EMERGENCIA AUTÓNOMOS INCENDIOS SIERRA OESTE COMUNIDAD DE MADRID;CONSEJERÍA ECONOMÍA, HACIENDA Y EMPLEO;928016;—;Subvención;05/10/2026;6798;https://www.bocm.es/bocm-20260904-19
Concesiones;AYUDAS EMERGENCIA AUTÓNOMOS INCENDIOS SIERRA OESTE COMUNIDAD DE MADRID;CONSEJERÍA ECONOMÍA, HACIENDA Y EMPLEO;928016;—;Subvención;05/10/2026;6798;https://www.bocm.es/bocm-20260904-19
Concesiones;AYUDAS EMERGENCIA AUTÓNOMOS INCENDIOS SIERRA OESTE COMUNIDAD DE MADRID;CONSEJERÍA ECONOMÍA, HACIENDA Y EMPLEO;928016;—;Subvención;05/10/2026;6798;https://www.bocm.es/bocm-20260904-19
Concesiones;AYUDAS EMERGENCIA AUTÓNOMOS INCENDIOS SIERRA OESTE COMUNIDAD DE MADRID;CONSEJERÍA ECONOMÍA, HACIENDA Y EMPLEO;928016;—;Subvención;05/10/2026;6798;https://www.bocm.es/bocm-20260904-19
Concesiones;AYUDAS EMERGENCIA AUTÓNOMOS INCENDIOS SIERRA OESTE COMUNIDAD DE MADRID;CONSEJERÍA ECONOMÍA, HACIENDA Y EMPLEO;928016;—;Subvención;05/10/2026;6798;https://www.bocm.es/bocm-20260904-19
Concesiones;AYUDAS EMERGENCIA AUTÓNOMOS INCENDIOS SIERRA OESTE COMUNIDAD DE MADRID;CONSEJERÍA ECONOMÍA, HACIENDA Y EMPLEO;928016;—;Subvención;05/10/2026;6798;https://www.bocm.es/bocm-20260904-19
Concesiones;AYUDAS EMERGENCIA AUTÓNOMOS INCENDIOS SIERRA OESTE COMUNIDAD DE MADRID;CONSEJERÍA ECONOMÍA, HACIENDA Y EMPLEO;928016;—;Subvención;05/10/2026;6798;https://www.bocm.es/bocm-20260904-19
Concesiones;AYUDAS EMERGENCIA AUTÓNOMOS INCENDIOS SIERRA OESTE COMUNIDAD DE MADRID;CONSEJERÍA ECONOMÍA, HACIENDA Y EMPLEO;928016;—;Subvención;05/10/2026;6798;https://www.bocm.es/bocm-20260904-19
Concesiones;AYUDAS EMERGENCIA AUTÓNOMOS INCENDIOS SIERRA OESTE COMUNIDAD DE MADRID;CONSEJERÍA ECONOMÍA, HACIENDA Y EMPLEO;928016;—;Subvención;05/10/2026;6798;https://www.bocm.es/bocm-20260904-19
Concesiones;AYUDAS EMERGENCIA AUTÓNOMOS INCENDIOS SIERRA OESTE COMUNIDAD DE MADRID;CONSEJERÍA ECONOMÍA, HACIENDA Y EMPLEO;928016;—;Subvención;05/10/2026;6798;https://www.bocm.es/bocm-20260904-19
Concesiones;AYUDAS EMERGENCIA AUTÓNOMOS INCENDIOS SIERRA OESTE COMUNIDAD DE MADRID;CONSEJERÍA ECONOMÍA, HACIENDA Y EMPLEO;928016;—;Subvención;05/10/2026;6798;https://www.bocm.es/bocm-20260904-19
Concesiones;AYUDAS EMERGENCIA AUTÓNOMOS INCENDIOS SIERRA OESTE COMUNIDAD DE MADRID;CONSEJERÍA ECONOMÍA, HACIENDA Y EMPLEO;928016;—;Subvención;05/10/2026;6798;https://www.bocm.es/bocm-20260904-19
Concesiones;AYUDAS EMERGENCIA AUTÓNOMOS INCENDIOS SIERRA OESTE COMUNIDAD DE MADRID;CONSEJERÍA ECONOMÍA, HACIENDA Y EMPLEO;928016;—;Subvención;05/10/2026;6798;https://www.bocm.es/bocm-20260904-19
Concesiones;AYUDAS EMERGENCIA AUTÓNOMOS INCENDIOS SIERRA OESTE COMUNIDAD DE MADRID;CONSEJERÍA ECONOMÍA, HACIENDA Y EMPLEO;928016;—;Subvención;05/10/2026;6798;https://www.bocm.es/bocm-20260904-19
Concesiones;AYUDAS EMERGENCIA AUTÓNOMOS INCENDIOS SIERRA OESTE COMUNIDAD DE MADRID;CONSEJERÍA ECONOMÍA, HACIENDA Y EMPLEO;928016;—;Subvención;05/10/2026;6798;https://www.bocm.es/bocm-20260904-19
Concesiones;AYUDAS EMERGENCIA AUTÓNOMOS INCENDIOS SIERRA OESTE COMUNIDAD DE MADRID;CONSEJERÍA ECONOMÍA, HACIENDA Y EMPLEO;928016;—;Subvención;05/10/2026;6798;https://www.bocm.es/bocm-20260904-19
Concesiones;AYUDAS EMERGENCIA AUTÓNOMOS INCENDIOS SIERRA OESTE COMUNIDAD DE MADRID;CONSEJERÍA ECONOMÍA, HACIENDA Y EMPLEO;928016;—;Subvención;05/10/2026;6798;https://www.bocm.es/bocm-20260904-19
Concesiones;AYUDAS EMERGENCIA AUTÓNOMOS INCENDIOS SIERRA OESTE COMUNIDAD DE MADRID;CONSEJERÍA ECONOMÍA, HACIENDA Y EMPLEO;928016;—;Subvención;05/10/2026;6798;https://www.bocm.es/bocm-20260904-19
Concesiones;AYUDAS EMERGENCIA AUTÓNOMOS INCENDIOS SIERRA OESTE COMUNIDAD DE MADRID;CONSEJERÍA ECONOMÍA, HACIENDA Y EMPLEO;928016;—;Subvención;05/10/2026;6798;https://www.bocm.es/bocm-20260904-19
Concesiones;AYUDAS EMERGENCIA AUTÓNOMOS INCENDIOS SIERRA OESTE COMUNIDAD DE MADRID;CONSEJERÍA ECONOMÍA, HACIENDA Y EMPLEO;928016;—;Subvención;05/10/2026;6798;https://www.bocm.es/bocm-20260904-19
Concesiones;AYUDAS EMERGENCIA AUTÓNOMOS INCENDIOS SIERRA OESTE COMUNIDAD DE MADRID;CONSEJERÍA ECONOMÍA, HACIENDA Y EMPLEO;928016;—;Subvención;05/10/2026;6389;https://www.bocm.es/bocm-20260904-19
Concesiones;TRAM.ANT.AYUDA A TRABAJADORES SE CONSTITUYEN POR CUENTA PROPIA CONV. 2026;CONSEJERÍA ECONOMÍA, HACIENDA Y EMPLEO;883367;—;Subvención;05/10/2026;6200;https://www.bocm.es/boletin/CM_Orden_BOCM/2025/04/02/BOCM-20250402-31.PDF
Concesiones;TRAM.ANT.AYUDA A TRABAJADORES SE CONSTITUYEN POR CUENTA PROPIA CONV. 2026;CONSEJERÍA ECONOMÍA, HACIENDA Y EMPLEO;883367;—;Subvención;05/10/2026;6200;https://www.bocm.es/boletin/CM_Orden_BOCM/2025/04/02/BOCM-20250402-31.PDF
Concesiones;TRAM.ANT.AYUDA A TRABAJADORES SE CONSTITUYEN POR CUENTA PROPIA CONV. 2026;CONSEJERÍA ECONOMÍA, HACIENDA Y EMPLEO;883367;—;Subvención;05/10/2026;6200;https://www.bocm.es/boletin/CM_Orden_BOCM/2025/04/02/BOCM-20250402-31.PDF
Concesiones;TRAM.ANT.AYUDA A TRABAJADORES SE CONSTITUYEN POR CUENTA PROPIA CONV. 2026;CONSEJERÍA ECONOMÍA, HACIENDA Y EMPLEO;883367;—;Subvención;05/10/2026;6200;https://www.bocm.es/boletin/CM_Orden_BOCM/2025/04/02/BOCM-20250402-31.PDF
Concesiones;TRAM.ANT.AYUDA A TRABAJADORES SE CONSTITUYEN POR CUENTA PROPIA CONV. 2026;CONSEJERÍA ECONOMÍA, HACIENDA Y EMPLEO;883367;—;Subvención;05/10/2026;6200;https://www.bocm.es/boletin/CM_Orden_BOCM/2025/04/02/BOCM-20250402-31.PDF
Concesiones;TRAM.ANT.AYUDA A TRABAJADORES SE CONSTITUYEN POR CUENTA PROPIA CONV. 2026;CONSEJERÍA ECONOMÍA, HACIENDA Y EMPLEO;883367;—;Subvención;05/10/2026;6200;https://www.bocm.es/boletin/CM_Orden_BOCM/2025/04/02/BOCM-20250402-31.PDF
Concesiones;TRAM.ANT.AYUDA A TRABAJADORES SE CONSTITUYEN POR CUENTA PROPIA CONV. 2026;CONSEJERÍA ECONOMÍA, HACIENDA Y EMPLEO;883367;—;Subvención;05/10/2026;6200;https://www.bocm.es/boletin/CM_Orden_BOCM/2025/04/02/BOCM-20250402-31.PDF
Concesiones;TRAM.ANT.AYUDA A TRABAJADORES SE CONSTITUYEN POR CUENTA PROPIA CONV. 2026;CONSEJERÍA ECONOMÍA, HACIENDA Y EMPLEO;883367;—;Subvención;05/10/2026;6200;https://www.bocm.es/boletin/CM_Orden_BOCM/2025/04/02/BOCM-20250402-31.PDF
Concesiones;TRAM.ANT.AYUDA A TRABAJADORES SE CONSTITUYEN POR CUENTA PROPIA CONV. 2026;CONSEJERÍA ECONOMÍA, HACIENDA Y EMPLEO;883367;—;Subvención;05/10/2026;6149,38;https://www.bocm.es/boletin/CM_Orden_BOCM/2025/04/02/BOCM-20250402-31.PDF
Concesiones;Convocatoria de Subvenciones a Municipios Y ELAS que promuevan Programas para jóvenes en el año 2026;DIPUTACIÓN PROVINCIAL DE CÓRDOBA;899812;AYUNTAMIENTO DE OBEJO;Subvención;05/10/2026;6000;https://sede.eprinsa.es/diputacion/tablon-de-edictos
Concesiones;Convocatoria de Subvenciones a Municipios Y ELAS que promuevan Programas para jóvenes en el año 2026;DIPUTACIÓN PROVINCIAL DE CÓRDOBA;899812;AYUNTAMIENTO DE VILLANUEVA DEL DUQUE;Subvención;05/10/2026;6000;https://sede.eprinsa.es/diputacion/tablon-de-edictos
Concesiones;Resolución de 24/04/2026, de la Dirección General de Empleo, por la que se publican los créditos disponibles en el ejercicio 2026 para la concesión de las subvenciones reguladas en el Decreto 103/2022, de 13 de septiembre. REG (UE) 2023/2831;DIRECCIÓN GENERAL FORMACIÓN PROFESIONAL EN EL ÁMBITO LABORAL;902087;CLINICA OSLER SRL;Subvención;05/10/2026;6000;https://docm.jccm.es/docm/descargarArchivo.do?ruta=2026/04/15/pdf/2026_2661.pdf&tipo=rutaDocm
Concesiones;Resolución de 24/04/2026, de la Dirección General de Empleo, por la que se publican los créditos disponibles en el ejercicio 2026 para la concesión de las subvenciones reguladas en el Decreto 103/2022, de 13 de septiembre. REG (UE) 2023/2831;DIRECCIÓN GENERAL FORMACIÓN PROFESIONAL EN EL ÁMBITO LABORAL;902087;SOLISYON SIEMPRE MAS SL;Subvención;05/10/2026;6000;https://docm.jccm.es/docm/descargarArchivo.do?ruta=2026/04/15/pdf/2026_2661.pdf&tipo=rutaDocm
Concesiones;Resolución de 24/04/2026, de la Dirección General de Empleo, por la que se publican los créditos disponibles en el ejercicio 2026 para la concesión de las subvenciones reguladas en el Decreto 103/2022, de 13 de septiembre. REG (UE) 2023/2831;DIRECCIÓN GENERAL FORMACIÓN PROFESIONAL EN EL ÁMBITO LABORAL;902087;CNES. Y ELECTRICIDAD NIMON, SL;Subvención;05/10/2026;6000;https://docm.jccm.es/docm/descargarArchivo.do?ruta=2026/04/15/pdf/2026_2661.pdf&tipo=rutaDocm
Concesiones;Resolución de 24/04/2026, de la Dirección General de Empleo, por la que se publican los créditos disponibles en el ejercicio 2026 para la concesión de las subvenciones reguladas en el Decreto 103/2022, de 13 de septiembre. REG (UE) 2023/2831;DIRECCIÓN GENERAL FORMACIÓN PROFESIONAL EN EL ÁMBITO LABORAL;902087;GAMODAL INVERSIONES, S.L.;Subvención;05/10/2026;6000;https://docm.jccm.es/docm/descargarArchivo.do?ruta=2026/04/15/pdf/2026_2661.pdf&tipo=rutaDocm
Concesiones;Resolución de 24/04/2026, de la Dirección General de Empleo, por la que se publican los créditos disponibles en el ejercicio 2026 para la concesión de las subvenciones reguladas en el Decreto 103/2022, de 13 de septiembre. REG (UE) 2023/2831;DIRECCIÓN GENERAL FORMACIÓN PROFESIONAL EN EL ÁMBITO LABORAL;902087;CAMINERO Y PRADO ASOCIADOS S.L.;Subvención;05/10/2026;6000;https://docm.jccm.es/docm/descargarArchivo.do?ruta=2026/04/15/pdf/2026_2661.pdf&tipo=rutaDocm
Concesiones;Convocatoria de Subvenciones a Municipios Y ELAS que promuevan Programas para jóvenes en el año 2026;DIPUTACIÓN PROVINCIAL DE CÓRDOBA;899812;AYUNTAMIENTO DE IZNAJAR;Subvención;05/10/2026;5974,35;https://sede.eprinsa.es/diputacion/tablon-de-edictos
Concesiones;Subvenciones a Entidades Deportivas para Actividades de Tiempo Libre;CONSEJERÍA DE CULTURA, TURISMO, DEPORTE Y JUVENTUD;894408;CLUB DEPORT UNION BALONCESTO VIÑAS LOGRO;Subvención;05/10/2026;5812,63;https://ias1.larioja.org/boletin/Bor_Boletin_visor_Servlet?referencia=25481235-1-PDF-554428-X
Concesiones;TRAM.ANT.AYUDA A TRABAJADORES SE CONSTITUYEN POR CUENTA PROPIA CONV. 2026;CONSEJERÍA ECONOMÍA, HACIENDA Y EMPLEO;883367;—;Subvención;05/10/2026;5600;https://www.bocm.es/boletin/CM_Orden_BOCM/2025/04/02/BOCM-20250402-31.PDF
Concesiones;TRAM.ANT.AYUDA A TRABAJADORES SE CONSTITUYEN POR CUENTA PROPIA CONV. 2026;CONSEJERÍA ECONOMÍA, HACIENDA Y EMPLEO;883367;—;Subvención;05/10/2026;5600;https://www.bocm.es/boletin/CM_Orden_BOCM/2025/04/02/BOCM-20250402-31.PDF
Concesiones;TRAM.ANT.AYUDA A TRABAJADORES SE CONSTITUYEN POR CUENTA PROPIA CONV. 2026;CONSEJERÍA ECONOMÍA, HACIENDA Y EMPLEO;883367;—;Subvención;05/10/2026;5600;https://www.bocm.es/boletin/CM_Orden_BOCM/2025/04/02/BOCM-20250402-31.PDF
Concesiones;TRAM.ANT.AYUDA A TRABAJADORES SE CONSTITUYEN POR CUENTA PROPIA CONV. 2026;CONSEJERÍA ECONOMÍA, HACIENDA Y EMPLEO;883367;—;Subvención;05/10/2026;5600;https://www.bocm.es/boletin/CM_Orden_BOCM/2025/04/02/BOCM-20250402-31.PDF
Concesiones;TRAM.ANT.AYUDA A TRABAJADORES SE CONSTITUYEN POR CUENTA PROPIA CONV. 2026;CONSEJERÍA ECONOMÍA, HACIENDA Y EMPLEO;883367;—;Subvención;05/10/2026;5600;https://www.bocm.es/boletin/CM_Orden_BOCM/2025/04/02/BOCM-20250402-31.PDF
Concesiones;TRAM.ANT.AYUDA A TRABAJADORES SE CONSTITUYEN POR CUENTA PROPIA CONV. 2026;CONSEJERÍA ECONOMÍA, HACIENDA Y EMPLEO;883367;—;Subvención;05/10/2026;5600;https://www.bocm.es/boletin/CM_Orden_BOCM/2025/04/02/BOCM-20250402-31.PDF
Concesiones;Subvenciones a Entidades Deportivas para Actividades de Tiempo Libre;CONSEJERÍA DE CULTURA, TURISMO, DEPORTE Y JUVENTUD;894408;LOGROBASKET CLUB;Subvención;05/10/2026;5564,19;https://ias1.larioja.org/boletin/Bor_Boletin_visor_Servlet?referencia=25481235-1-PDF-554428-X
Concesiones;TRAM.ANT.AYUDA A TRABAJADORES SE CONSTITUYEN POR CUENTA PROPIA CONV. 2026;CONSEJERÍA ECONOMÍA, HACIENDA Y EMPLEO;883367;—;Subvención;05/10/2026;5406,58;https://www.bocm.es/boletin/CM_Orden_BOCM/2025/04/02/BOCM-20250402-31.PDF
Concesiones;TRAM.ANT.AYUDA A TRABAJADORES SE CONSTITUYEN POR CUENTA PROPIA CONV. 2026;CONSEJERÍA ECONOMÍA, HACIENDA Y EMPLEO;883367;—;Subvención;05/10/2026;5338,96;https://www.bocm.es/boletin/CM_Orden_BOCM/2025/04/02/BOCM-20250402-31.PDF
Concesiones;Convocatoria subvenciones, para el año 2026, para la realización de proyectos en materia de familia, infancia y adolescencia en el ámbito rural;DIRECCIÓN GENERAL DE FAMILIA, INFANCIA Y NATALIDAD;906900;COMARCA DEL ARANDA;Subvención;05/10/2026;5331,02;https://www.boa.aragon.es/cgi-bin/EBOA/BRSCGI?CMD=VEROBJ&MLKOB=1191369625050
Concesiones;Convocatoria subvenciones, para el año 2026, para la realización de proyectos en materia de familia, infancia y adolescencia en el ámbito rural;DIRECCIÓN GENERAL DE FAMILIA, INFANCIA Y NATALIDAD;906900;COMARCA DEL ARANDA;Subvención;05/10/2026;5331,02;https://www.boa.aragon.es/cgi-bin/EBOA/BRSCGI?CMD=VEROBJ&MLKOB=1191369625050
Concesiones;TRAM.ANT.AYUDA A TRABAJADORES SE CONSTITUYEN POR CUENTA PROPIA CONV. 2026;CONSEJERÍA ECONOMÍA, HACIENDA Y EMPLEO;883367;—;Subvención;05/10/2026;5326,93;https://www.bocm.es/boletin/CM_Orden_BOCM/2025/04/02/BOCM-20250402-31.PDF
Concesiones;Subvenciones para obras de mejora y/o adecuación interior en viviendas que se incorporen a la Bolsa de Alquiler o que se acojan al programa de “rehabilitación por renta” durante el año 2026;DEPARTAMENTO DE VIVIENDA, JUVENTUD Y POLÍTICAS MIGRATORIAS;920490;—;Subvención;05/10/2026;5315,66;
Concesiones;Convocatoria instrumental 2026. Dirección General de Transparencia, Participación Ciudadana y Acción Exterior. Departamento de Presidencia, Justicia, Cultura y Deporte. Subv. directas. DL 2/2023, de 3 de mayo (texto refundido de la Ley de Subvenciones);DIRECCIÓN GENERAL DE RELACIONES INSTITUCIONALES, ACCIÓN EXTERIOR Y TRANSPARENCIA;922514;FEDERACION ARAGONESA MUNICIPIOS;Subvención;05/10/2026;5280;https://www.boe.es/buscar/act.php?id=BOE-A-2023-12919
Concesiones;TRAM.ANT.AYUDA A TRABAJADORES SE CONSTITUYEN POR CUENTA PROPIA CONV. 2026;CONSEJERÍA ECONOMÍA, HACIENDA Y EMPLEO;883367;—;Subvención;05/10/2026;5269,45;https://www.bocm.es/boletin/CM_Orden_BOCM/2025/04/02/BOCM-20250402-31.PDF
Concesiones;Convocatoria de Subvenciones a Municipios Y ELAS que promuevan Programas para jóvenes en el año 2026;DIPUTACIÓN PROVINCIAL DE CÓRDOBA;899812;AYUNTAMIENTO DE FUENTE TOJAR;Subvención;05/10/2026;5121,28;https://sede.eprinsa.es/diputacion/tablon-de-edictos
Concesiones;Orden de la Consejería de Desarrollo Sostenible por la que se aprueba la convocatoria de los programas de incentivos ligados al;DIRECCIÓN GENERAL DE TRANSICIÓN ENERGÉTICA;599431;ALDAUTO MOTOR, S.A.;Subvención;05/10/2026;5116,5;https://www.boe.es/eli/es/rd/2021/06/29/477
Concesiones;Convocatoria de Subvenciones a Municipios Y ELAS que promuevan Programas para jóvenes en el año 2026;DIPUTACIÓN PROVINCIAL DE CÓRDOBA;899812;AYUNTAMIENTO DOÑA MENCIA;Subvención;05/10/2026;5047,28;https://sede.eprinsa.es/diputacion/tablon-de-edictos
Concesiones;CONVENIO DE COLABORACIÓN CON LA ASOCIACIÓN AFIVAN DE BURJASSOT.;AYUNTAMIENTO DE BURJASSOT;925316;AFIVAN ASOCIACION FIBROMIALGIA VALENCIA;Subvención;05/10/2026;5000;https://transparencia.burjassot.org/
Concesiones;AYUDAS EMERGENCIA AUTÓNOMOS INCENDIOS SIERRA OESTE COMUNIDAD DE MADRID;CONSEJERÍA ECONOMÍA, HACIENDA Y EMPLEO;928016;—;Subvención;05/10/2026;5000;https://www.bocm.es/bocm-20260904-19
Concesiones;AYUDAS EMERGENCIA AUTÓNOMOS INCENDIOS SIERRA OESTE COMUNIDAD DE MADRID;CONSEJERÍA ECONOMÍA, HACIENDA Y EMPLEO;928016;—;Subvención;05/10/2026;5000;https://www.bocm.es/bocm-20260904-19
Concesiones;AYUDAS EMERGENCIA AUTÓNOMOS INCENDIOS SIERRA OESTE COMUNIDAD DE MADRID;CONSEJERÍA ECONOMÍA, HACIENDA Y EMPLEO;928016;—;Subvención;05/10/2026;5000;https://www.bocm.es/bocm-20260904-19
Concesiones;AYUDAS EMERGENCIA AUTÓNOMOS INCENDIOS SIERRA OESTE COMUNIDAD DE MADRID;CONSEJERÍA ECONOMÍA, HACIENDA Y EMPLEO;928016;—;Subvención;05/10/2026;5000;https://www.bocm.es/bocm-20260904-19
Concesiones;AYUDAS EMERGENCIA AUTÓNOMOS INCENDIOS SIERRA OESTE COMUNIDAD DE MADRID;CONSEJERÍA ECONOMÍA, HACIENDA Y EMPLEO;928016;—;Subvención;05/10/2026;5000;https://www.bocm.es/bocm-20260904-19
Concesiones;AYUDAS EMERGENCIA AUTÓNOMOS INCENDIOS SIERRA OESTE COMUNIDAD DE MADRID;CONSEJERÍA ECONOMÍA, HACIENDA Y EMPLEO;928016;—;Subvención;05/10/2026;5000;https://www.bocm.es/bocm-20260904-19
Concesiones;AYUDAS EMERGENCIA AUTÓNOMOS INCENDIOS SIERRA OESTE COMUNIDAD DE MADRID;CONSEJERÍA ECONOMÍA, HACIENDA Y EMPLEO;928016;—;Subvención;05/10/2026;5000;https://www.bocm.es/bocm-20260904-19
Concesiones;Convocatoria de Subvenciones a Municipios Y ELAS que promuevan Programas para jóvenes en el año 2026;DIPUTACIÓN PROVINCIAL DE CÓRDOBA;899812;AYUNTAMIENTO DE GUADALCAZAR;Subvención;05/10/2026;4944,29;https://sede.eprinsa.es/diputacion/tablon-de-edictos
Concesiones;Convocatoria subvenciones, para el año 2026, para la realización de proyectos en materia de familia, infancia y adolescencia en el ámbito rural;DIRECCIÓN GENERAL DE FAMILIA, INFANCIA Y NATALIDAD;906900;COMARCA DE SOMONTANO DE BARBASTRO;Subvención;05/10/2026;4917,64;https://www.boa.aragon.es/cgi-bin/EBOA/BRSCGI?CMD=VEROBJ&MLKOB=1191369625050
Concesiones;Convocatoria de Subvenciones a Municipios Y ELAS que promuevan Programas para jóvenes en el año 2026;DIPUTACIÓN PROVINCIAL DE CÓRDOBA;899812;AYUNTAMIENTO DE ALCARACEJOS;Subvención;05/10/2026;4841,28;https://sede.eprinsa.es/diputacion/tablon-de-edictos
Concesiones;Convocatoria de Subvenciones a Municipios Y ELAS que promuevan Programas para jóvenes en el año 2026;DIPUTACIÓN PROVINCIAL DE CÓRDOBA;899812;AYUNTAMIENTO DE NUEVA CARTEYA;Subvención;05/10/2026;4738,27;https://sede.eprinsa.es/diputacion/tablon-de-edictos
Concesiones;TRAM.ANT.AYUDA A TRABAJADORES SE CONSTITUYEN POR CUENTA PROPIA CONV. 2026;CONSEJERÍA ECONOMÍA, HACIENDA Y EMPLEO;883367;—;Subvención;05/10/2026;4737,56;https://www.bocm.es/boletin/CM_Orden_BOCM/2025/04/02/BOCM-20250402-31.PDF
Concesiones;Convocatoria de Subvenciones a Municipios Y ELAS que promuevan Programas para jóvenes en el año 2026;DIPUTACIÓN PROVINCIAL DE CÓRDOBA;899812;AYUNTAMIENTO DE FERNAN NUÑEZ;Subvención;05/10/2026;4697,09;https://sede.eprinsa.es/diputacion/tablon-de-edictos
Concesiones;TRAM.ANT.AYUDA A TRABAJADORES SE CONSTITUYEN POR CUENTA PROPIA CONV. 2026;CONSEJERÍA ECONOMÍA, HACIENDA Y EMPLEO;883367;—;Subvención;05/10/2026;4575,04;https://www.bocm.es/boletin/CM_Orden_BOCM/2025/04/02/BOCM-20250402-31.PDF
Concesiones;Convocatoria de Subvenciones a Municipios Y ELAS que promuevan Programas para jóvenes en el año 2026;DIPUTACIÓN PROVINCIAL DE CÓRDOBA;899812;AYUNTAMIENTO DE POSADAS;Subvención;05/10/2026;4532,25;https://sede.eprinsa.es/diputacion/tablon-de-edictos
Concesiones;Convocatoria de Subvenciones a Municipios Y ELAS que promuevan Programas para jóvenes en el año 2026;DIPUTACIÓN PROVINCIAL DE CÓRDOBA;899812;AYUNTAMIENTO DE SAN SEBASTIÁN BALLESTEROS;Subvención;05/10/2026;4428,93;https://sede.eprinsa.es/diputacion/tablon-de-edictos
Concesiones;Subvenciones a Entidades Deportivas para Actividades de Tiempo Libre;CONSEJERÍA DE CULTURA, TURISMO, DEPORTE Y JUVENTUD;894408;AGRUPACION DEPORTIVA BASKET 77;Subvención;05/10/2026;4363,04;https://ias1.larioja.org/boletin/Bor_Boletin_visor_Servlet?referencia=25481235-1-PDF-554428-X
Concesiones;Convocatoria de Subvenciones a Municipios Y ELAS que promuevan Programas para jóvenes en el año 2026;DIPUTACIÓN PROVINCIAL DE CÓRDOBA;899812;AYUNTAMIENTO DE LA CARLOTA;Subvención;05/10/2026;4326,25;https://sede.eprinsa.es/diputacion/tablon-de-edictos
Concesiones;Convocatoria de Subvenciones a Municipios Y ELAS que promuevan Programas para jóvenes en el año 2026;DIPUTACIÓN PROVINCIAL DE CÓRDOBA;899812;AYUNTAMIENTO DE VILLANUEVA DEL REY;Subvención;05/10/2026;4326,25;https://sede.eprinsa.es/diputacion/tablon-de-edictos
Concesiones;TRAM.ANT.AYUDA A TRABAJADORES SE CONSTITUYEN POR CUENTA PROPIA CONV. 2026;CONSEJERÍA ECONOMÍA, HACIENDA Y EMPLEO;883367;—;Subvención;05/10/2026;4271,4;https://www.bocm.es/boletin/CM_Orden_BOCM/2025/04/02/BOCM-20250402-31.PDF
Concesiones;Convocatoria de Subvenciones a Municipios Y ELAS que promuevan Programas para jóvenes en el año 2026;DIPUTACIÓN PROVINCIAL DE CÓRDOBA;899812;AYUNTAMIENTO DE RUTE;Subvención;05/10/2026;4223,24;https://sede.eprinsa.es/diputacion/tablon-de-edictos
Concesiones;Convocatoria de Subvenciones a Municipios Y ELAS que promuevan Programas para jóvenes en el año 2026;DIPUTACIÓN PROVINCIAL DE CÓRDOBA;899812;AYUNTAMIENTO DE BELALCAZAR;Subvención;05/10/2026;4223,24;https://sede.eprinsa.es/diputacion/tablon-de-edictos
Concesiones;Convocatoria de Subvenciones a Municipios Y ELAS que promuevan Programas para jóvenes en el año 2026;DIPUTACIÓN PROVINCIAL DE CÓRDOBA;899812;AYUNTAMIENTO DE MONTILLA;Subvención;05/10/2026;4120,24;https://sede.eprinsa.es/diputacion/tablon-de-edictos
Concesiones;Convocatoria de Subvenciones a Municipios Y ELAS que promuevan Programas para jóvenes en el año 2026;DIPUTACIÓN PROVINCIAL DE CÓRDOBA;899812;AYUNTAMIENTO DE MORILES;Subvención;05/10/2026;4017,23;https://sede.eprinsa.es/diputacion/tablon-de-edictos
Concesiones;Convocatoria de Subvenciones a Municipios Y ELAS que promuevan Programas para jóvenes en el año 2026;DIPUTACIÓN PROVINCIAL DE CÓRDOBA;899812;EXCMO. AYUNTAMIENTO DE VILLA DEL RÍO;Subvención;05/10/2026;4017,23;https://sede.eprinsa.es/diputacion/tablon-de-edictos
Concesiones;Convocatoria de Subvenciones a Municipios Y ELAS que promuevan Programas para jóvenes en el año 2026;DIPUTACIÓN PROVINCIAL DE CÓRDOBA;899812;AYUNTAMIENTO DE EL VISO;Subvención;05/10/2026;4014,28;https://sede.eprinsa.es/diputacion/tablon-de-edictos
Concesiones;Convocatoria ferias internacionales sector moda segundo semestre;INSTITUTO DE PROMOCIÓN EXTERIOR DE CASTILLA-LA MANCHA;911898;SANITIPIES SL;Subvención;05/10/2026;4000;https://docm.jccm.es/docm/descargarArchivo.do?ruta=2022/08/05/pdf/2022_7238.pdf&tipo=rutaDocm
Concesiones;Convocatoria subvenciones, para el año 2026, para la realización de proyectos en materia de familia, infancia y adolescencia en el ámbito rural;DIRECCIÓN GENERAL DE FAMILIA, INFANCIA Y NATALIDAD;906900;COMARCA DEL MAESTRAZGO;Subvención;05/10/2026;3997,82;https://www.boa.aragon.es/cgi-bin/EBOA/BRSCGI?CMD=VEROBJ&MLKOB=1191369625050
Concesiones;Orden de 15/04/2026, de la Consejería de Fomento, por la que se establecen las bases reguladoras y se efectúa la convocatoria de las ayudas al alquiler de vivienda en Castilla-La Mancha. 2026;DIRECCIÓN GENERAL DE VIVIENDA;900401;—;Subvención;05/10/2026;3983,88;
Concesiones;Convocatoria subvenciones, para el año 2026, para la realización de proyectos en materia de familia, infancia y adolescencia en el ámbito rural;DIRECCIÓN GENERAL DE FAMILIA, INFANCIA Y NATALIDAD;906900;COMARCA DEL MATARRAÑA;Subvención;05/10/2026;3982,57;https://www.boa.aragon.es/cgi-bin/EBOA/BRSCGI?CMD=VEROBJ&MLKOB=1191369625050
Concesiones;Convocatoria de Subvenciones a Municipios Y ELAS que promuevan Programas para jóvenes en el año 2026;DIPUTACIÓN PROVINCIAL DE CÓRDOBA;899812;AYUNTAMIENTO DE PUENTE GENIL;Subvención;05/10/2026;3966,43;https://sede.eprinsa.es/diputacion/tablon-de-edictos
Concesiones;Subvenciones a Entidades Deportivas para Actividades de Tiempo Libre;CONSEJERÍA DE CULTURA, TURISMO, DEPORTE Y JUVENTUD;894408;ESCUELA DE FUTBOL DE ARNEDO;Subvención;05/10/2026;3964,29;https://ias1.larioja.org/boletin/Bor_Boletin_visor_Servlet?referencia=25481235-1-PDF-554428-X
Concesiones;Convocatoria de Subvenciones a Municipios Y ELAS que promuevan Programas para jóvenes en el año 2026;DIPUTACIÓN PROVINCIAL DE CÓRDOBA;899812;AYUNTAMIENTO DE ENCINAS REALES;Subvención;05/10/2026;3914,21;https://sede.eprinsa.es/diputacion/tablon-de-edictos
Concesiones;Convocatoria de Subvenciones a Municipios Y ELAS que promuevan Programas para jóvenes en el año 2026;DIPUTACIÓN PROVINCIAL DE CÓRDOBA;899812;AYUNTAMIENTO DE MONTALBAN DE CORDOBA;Subvención;05/10/2026;3914,21;https://sede.eprinsa.es/diputacion/tablon-de-edictos
Concesiones;Convocatoria de Subvenciones a Municipios Y ELAS que promuevan Programas para jóvenes en el año 2026;DIPUTACIÓN PROVINCIAL DE CÓRDOBA;899812;AYUNTAMIENTO DE DOS TORRES;Subvención;05/10/2026;3914,21;https://sede.eprinsa.es/diputacion/tablon-de-edictos
Concesiones;TRAM.ANT.AYUDA A TRABAJADORES SE CONSTITUYEN POR CUENTA PROPIA CONV. 2026;CONSEJERÍA ECONOMÍA, HACIENDA Y EMPLEO;883367;—;Subvención;05/10/2026;3908,44;https://www.bocm.es/boletin/CM_Orden_BOCM/2025/04/02/BOCM-20250402-31.PDF
Concesiones;TRAM.ANT.AYUDA A TRABAJADORES SE CONSTITUYEN POR CUENTA PROPIA CONV. 2026;CONSEJERÍA ECONOMÍA, HACIENDA Y EMPLEO;883367;—;Subvención;05/10/2026;3905,69;https://www.bocm.es/boletin/CM_Orden_BOCM/2025/04/02/BOCM-20250402-31.PDF
Concesiones;Convocatoria de Subvenciones a Municipios Y ELAS que promuevan Programas para jóvenes en el año 2026;DIPUTACIÓN PROVINCIAL DE CÓRDOBA;899812;AYUNTAMIENTO DE PEDRO ABAD;Subvención;05/10/2026;3811,22;https://sede.eprinsa.es/diputacion/tablon-de-edictos
Concesiones;Orden de 15/04/2026, de la Consejería de Fomento, por la que se establecen las bases reguladoras y se efectúa la convocatoria de las ayudas al alquiler de vivienda en Castilla-La Mancha. 2026;DIRECCIÓN GENERAL DE VIVIENDA;900401;—;Subvención;05/10/2026;3750;
Concesiones;Convocatoria de Subvenciones a Municipios Y ELAS que promuevan Programas para jóvenes en el año 2026;DIPUTACIÓN PROVINCIAL DE CÓRDOBA;899812;AYUNTAMIENTO DE TORRECAMPO;Subvención;05/10/2026;3708,21;https://sede.eprinsa.es/diputacion/tablon-de-edictos
Concesiones;Convocatoria de Subvenciones a Municipios Y ELAS que promuevan Programas para jóvenes en el año 2026;DIPUTACIÓN PROVINCIAL DE CÓRDOBA;899812;AYUNTAMIENTO DE AÑORA;Subvención;05/10/2026;3708,21;https://sede.eprinsa.es/diputacion/tablon-de-edictos
Concesiones;Convocatoria subvenciones, para el año 2026, para la realización de proyectos en materia de familia, infancia y adolescencia en el ámbito rural;DIRECCIÓN GENERAL DE FAMILIA, INFANCIA Y NATALIDAD;906900;COMARCA DEL CAMPO DE BORJA;Subvención;05/10/2026;3707,91;https://www.boa.aragon.es/cgi-bin/EBOA/BRSCGI?CMD=VEROBJ&MLKOB=1191369625050
Concesiones;TRAM.ANT.AYUDA A TRABAJADORES SE CONSTITUYEN POR CUENTA PROPIA CONV. 2026;CONSEJERÍA ECONOMÍA, HACIENDA Y EMPLEO;883367;—;Subvención;05/10/2026;3607,19;https://www.bocm.es/boletin/CM_Orden_BOCM/2025/04/02/BOCM-20250402-31.PDF
Concesiones;Orden de 15/04/2026, de la Consejería de Fomento, por la que se establecen las bases reguladoras y se efectúa la convocatoria de las ayudas al alquiler de vivienda en Castilla-La Mancha. 2026;DIRECCIÓN GENERAL DE VIVIENDA;900401;—;Subvención;05/10/2026;3600;
Concesiones;Orden de 15/04/2026, de la Consejería de Fomento, por la que se establecen las bases reguladoras y se efectúa la convocatoria de las ayudas al alquiler de vivienda en Castilla-La Mancha. 2026;DIRECCIÓN GENERAL DE VIVIENDA;900401;—;Subvención;05/10/2026;3600;
Concesiones;Convocatoria de Subvenciones a Municipios Y ELAS que promuevan Programas para jóvenes en el año 2026;DIPUTACIÓN PROVINCIAL DE CÓRDOBA;899812;AYUNTAMIENTO DE ESPIEL;Subvención;05/10/2026;3502,2;https://sede.eprinsa.es/diputacion/tablon-de-edictos
Concesiones;Convocatoria de Subvenciones a Municipios Y ELAS que promuevan Programas para jóvenes en el año 2026;DIPUTACIÓN PROVINCIAL DE CÓRDOBA;899812;AYUNTAMIENTO DE FUENTE LA LANCHA;Subvención;05/10/2026;3502,2;https://sede.eprinsa.es/diputacion/tablon-de-edictos
Concesiones;Convocatoria de Subvenciones a Municipios Y ELAS que promuevan Programas para jóvenes en el año 2026;DIPUTACIÓN PROVINCIAL DE CÓRDOBA;899812;AYUNTAMIENTO DE PALENCIANA;Subvención;05/10/2026;3502,2;https://sede.eprinsa.es/diputacion/tablon-de-edictos
Concesiones;Convocatoria de Subvenciones a Municipios Y ELAS que promuevan Programas para jóvenes en el año 2026;DIPUTACIÓN PROVINCIAL DE CÓRDOBA;899812;AYUNTAMIENTO DE PRIEGO DE CORDOBA;Subvención;05/10/2026;3502,2;https://sede.eprinsa.es/diputacion/tablon-de-edictos
Concesiones;Convocatoria de Subvenciones a Municipios Y ELAS que promuevan Programas para jóvenes en el año 2026;DIPUTACIÓN PROVINCIAL DE CÓRDOBA;899812;AYUNTAMIENTO DE ALMEDINILLA;Subvención;05/10/2026;3502,2;https://sede.eprinsa.es/diputacion/tablon-de-edictos
Concesiones;TRAM.ANT.AYUDA A TRABAJADORES SE CONSTITUYEN POR CUENTA PROPIA CONV. 2026;CONSEJERÍA ECONOMÍA, HACIENDA Y EMPLEO;883367;—;Subvención;05/10/2026;3466,12;https://www.bocm.es/boletin/CM_Orden_BOCM/2025/04/02/BOCM-20250402-31.PDF
Concesiones;Convocatoria de Subvenciones a Municipios Y ELAS que promuevan Programas para jóvenes en el año 2026;DIPUTACIÓN PROVINCIAL DE CÓRDOBA;899812;AYUNTAMIENTO DE LA RAMBLA;Subvención;05/10/2026;3444,52;https://sede.eprinsa.es/diputacion/tablon-de-edictos
Concesiones;Convocatoria de Subvenciones a Municipios Y ELAS que promuevan Programas para jóvenes en el año 2026;DIPUTACIÓN PROVINCIAL DE CÓRDOBA;899812;AYUNTAMIENTO DE VILLAHARTA;Subvención;05/10/2026;3399,19;https://sede.eprinsa.es/diputacion/tablon-de-edictos
Concesiones;Convocatoria de Subvenciones a Municipios Y ELAS que promuevan Programas para jóvenes en el año 2026;DIPUTACIÓN PROVINCIAL DE CÓRDOBA;899812;AYUNTAMIENTO DE CARDEÑA;Subvención;05/10/2026;3399,19;https://sede.eprinsa.es/diputacion/tablon-de-edictos
Concesiones;Subvenciones a Entidades Deportivas para Actividades de Tiempo Libre;CONSEJERÍA DE CULTURA, TURISMO, DEPORTE Y JUVENTUD;894408;BABY BASKET RIOJA;Subvención;05/10/2026;3374,41;https://ias1.larioja.org/boletin/Bor_Boletin_visor_Servlet?referencia=25481235-1-PDF-554428-X
Concesiones;Convocatoria de Subvenciones a Municipios Y ELAS que promuevan Programas para jóvenes en el año 2026;DIPUTACIÓN PROVINCIAL DE CÓRDOBA;899812;E.L.A. DE LA GUIJARROSA;Subvención;05/10/2026;3340,14;https://sede.eprinsa.es/diputacion/tablon-de-edictos
Concesiones;Orden de 15/04/2026, de la Consejería de Fomento, por la que se establecen las bases reguladoras y se efectúa la convocatoria de las ayudas al alquiler de vivienda en Castilla-La Mancha. 2026;DIRECCIÓN GENERAL DE VIVIENDA;900401;—;Subvención;05/10/2026;3330;
Concesiones;Convocatoria de Subvenciones a Municipios Y ELAS que promuevan Programas para jóvenes en el año 2026;DIPUTACIÓN PROVINCIAL DE CÓRDOBA;899812;E.L.A. ENCINAREJO;Subvención;05/10/2026;3324,18;https://sede.eprinsa.es/diputacion/tablon-de-edictos
Concesiones;Convocatoria de Subvenciones a Municipios Y ELAS que promuevan Programas para jóvenes en el año 2026;DIPUTACIÓN PROVINCIAL DE CÓRDOBA;899812;AYUNTAMIENTO DE PEDROCHE;Subvención;05/10/2026;3323,54;https://sede.eprinsa.es/diputacion/tablon-de-edictos
Concesiones;Convocatoria de Subvenciones a Municipios Y ELAS que promuevan Programas para jóvenes en el año 2026;DIPUTACIÓN PROVINCIAL DE CÓRDOBA;899812;AYUNTAMIENTO DE CAÑETE DE LAS TORRES;Subvención;05/10/2026;3320;https://sede.eprinsa.es/diputacion/tablon-de-edictos
Concesiones;Convocatoria de Subvenciones a Municipios Y ELAS que promuevan Programas para jóvenes en el año 2026;DIPUTACIÓN PROVINCIAL DE CÓRDOBA;899812;AYUNTAMIENTO DE BELMEZ;Subvención;05/10/2026;3296,19;https://sede.eprinsa.es/diputacion/tablon-de-edictos
Concesiones;TRAM.ANT.AYUDA A TRABAJADORES SE CONSTITUYEN POR CUENTA PROPIA CONV. 2026;CONSEJERÍA ECONOMÍA, HACIENDA Y EMPLEO;883367;—;Subvención;05/10/2026;3280;https://www.bocm.es/boletin/CM_Orden_BOCM/2025/04/02/BOCM-20250402-31.PDF
Concesiones;Subvenciones a Entidades Deportivas para Actividades de Tiempo Libre;CONSEJERÍA DE CULTURA, TURISMO, DEPORTE Y JUVENTUD;894408;CLUB AD GSPORTS;Subvención;05/10/2026;3193,71;https://ias1.larioja.org/boletin/Bor_Boletin_visor_Servlet?referencia=25481235-1-PDF-554428-X
Concesiones;Convocatoria de Subvenciones a Municipios Y ELAS que promuevan Programas para jóvenes en el año 2026;DIPUTACIÓN PROVINCIAL DE CÓRDOBA;899812;AYUNTAMIENTO DE HINOJOSA DEL DUQUE;Subvención;05/10/2026;3193,18;https://sede.eprinsa.es/diputacion/tablon-de-edictos
Concesiones;Convocatoria de Subvenciones a Municipios Y ELAS que promuevan Programas para jóvenes en el año 2026;DIPUTACIÓN PROVINCIAL DE CÓRDOBA;899812;AYUNTAMIENTO DE LOS BLAZQUEZ;Subvención;05/10/2026;3193,18;https://sede.eprinsa.es/diputacion/tablon-de-edictos
Concesiones;Convocatoria de Subvenciones a Municipios Y ELAS que promuevan Programas para jóvenes en el año 2026;DIPUTACIÓN PROVINCIAL DE CÓRDOBA;899812;AYUNTAMIENTO DE BAENA;Subvención;05/10/2026;3193,18;https://sede.eprinsa.es/diputacion/tablon-de-edictos
Concesiones;Convocatoria de Subvenciones a Municipios Y ELAS que promuevan Programas para jóvenes en el año 2026;DIPUTACIÓN PROVINCIAL DE CÓRDOBA;899812;AYUNTAMIENTO DE PEÑARROYA-PUEBLONUEVO;Subvención;05/10/2026;3171,96;https://sede.eprinsa.es/diputacion/tablon-de-edictos
Concesiones;Orden de 15/04/2026, de la Consejería de Fomento, por la que se establecen las bases reguladoras y se efectúa la convocatoria de las ayudas al alquiler de vivienda en Castilla-La Mancha. 2026;DIRECCIÓN GENERAL DE VIVIENDA;900401;—;Subvención;05/10/2026;3150;
Concesiones;Orden de 15/04/2026, de la Consejería de Fomento, por la que se establecen las bases reguladoras y se efectúa la convocatoria de las ayudas al alquiler de vivienda en Castilla-La Mancha. 2026;DIRECCIÓN GENERAL DE VIVIENDA;900401;—;Subvención;05/10/2026;3150;
Concesiones;TRAM.ANT.AYUDA A TRABAJADORES SE CONSTITUYEN POR CUENTA PROPIA CONV. 2026;CONSEJERÍA ECONOMÍA, HACIENDA Y EMPLEO;883367;—;Subvención;05/10/2026;3140,51;https://www.bocm.es/boletin/CM_Orden_BOCM/2025/04/02/BOCM-20250402-31.PDF
Concesiones;Convocatoria de Subvenciones a Municipios Y ELAS que promuevan Programas para jóvenes en el año 2026;DIPUTACIÓN PROVINCIAL DE CÓRDOBA;899812;AYUNTAMIENTO DE LA VICTORIA;Subvención;05/10/2026;3131,38;https://sede.eprinsa.es/diputacion/tablon-de-edictos
Concesiones;Convocatoria de Subvenciones a Municipios Y ELAS que promuevan Programas para jóvenes en el año 2026;DIPUTACIÓN PROVINCIAL DE CÓRDOBA;899812;AYUNTAMIENTO DE ADAMUZ;Subvención;05/10/2026;3090,18;https://sede.eprinsa.es/diputacion/tablon-de-edictos
Concesiones;Convocatoria de Subvenciones a Municipios Y ELAS que promuevan Programas para jóvenes en el año 2026;DIPUTACIÓN PROVINCIAL DE CÓRDOBA;899812;AYUNTAMIENTO DE BENAMEJI;Subvención;05/10/2026;3090,18;https://sede.eprinsa.es/diputacion/tablon-de-edictos
Concesiones;Orden de 15/04/2026, de la Consejería de Fomento, por la que se establecen las bases reguladoras y se efectúa la convocatoria de las ayudas al alquiler de vivienda en Castilla-La Mancha. 2026;DIRECCIÓN GENERAL DE VIVIENDA;900401;—;Subvención;05/10/2026;3060;
Concesiones;Convocatoria de Subvenciones a Municipios Y ELAS que promuevan Programas para jóvenes en el año 2026;DIPUTACIÓN PROVINCIAL DE CÓRDOBA;899812;AYUNTAMIENTO DE CASTRO DEL RIO;Subvención;05/10/2026;3000;https://sede.eprinsa.es/diputacion/tablon-de-edictos
Concesiones;Orden de 15/04/2026, de la Consejería de Fomento, por la que se establecen las bases reguladoras y se efectúa la convocatoria de las ayudas al alquiler de vivienda en Castilla-La Mancha. 2026;DIRECCIÓN GENERAL DE VIVIENDA;900401;—;Subvención;05/10/2026;3000;
Concesiones;Convocatoria Feria SIAL Paris;INSTITUTO DE PROMOCIÓN EXTERIOR DE CASTILLA-LA MANCHA;926075;TOSTADOS Y FRITOS, S.A.;Subvención;05/10/2026;3000;https://docm.jccm.es/docm/descargarArchivo.do?ruta=2022/08/05/pdf/2022_7238.pdf&tipo=rutaDocm
Concesiones;Convocatoria Feria SIAL Paris;INSTITUTO DE PROMOCIÓN EXTERIOR DE CASTILLA-LA MANCHA;926075;ÖZTÜRK QUEBAP PRODUCCION SL;Subvención;05/10/2026;3000;https://docm.jccm.es/docm/descargarArchivo.do?ruta=2022/08/05/pdf/2022_7238.pdf&tipo=rutaDocm
Concesiones;Convocatoria Feria SIAL Paris;INSTITUTO DE PROMOCIÓN EXTERIOR DE CASTILLA-LA MANCHA;926075;PASTELERIA MANDUL, S.L. UNIPERSONAL;Subvención;05/10/2026;3000;https://docm.jccm.es/docm/descargarArchivo.do?ruta=2022/08/05/pdf/2022_7238.pdf&tipo=rutaDocm
Concesiones;Convocatoria Feria SIAL Paris;INSTITUTO DE PROMOCIÓN EXTERIOR DE CASTILLA-LA MANCHA;926075;IPSA TRADING S.L.;Subvención;05/10/2026;3000;https://docm.jccm.es/docm/descargarArchivo.do?ruta=2022/08/05/pdf/2022_7238.pdf&tipo=rutaDocm
Concesiones;Convocatoria Feria SIAL Paris;INSTITUTO DE PROMOCIÓN EXTERIOR DE CASTILLA-LA MANCHA;926075;QUESOS NAVALMORAL, S.A.;Subvención;05/10/2026;3000;https://docm.jccm.es/docm/descargarArchivo.do?ruta=2022/08/05/pdf/2022_7238.pdf&tipo=rutaDocm
Concesiones;Convocatoria Feria SIAL Paris;INSTITUTO DE PROMOCIÓN EXTERIOR DE CASTILLA-LA MANCHA;926075;INDUSTRIAL QUESERA CUQUERELLA, S.L.;Subvención;05/10/2026;3000;https://docm.jccm.es/docm/descargarArchivo.do?ruta=2022/08/05/pdf/2022_7238.pdf&tipo=rutaDocm
Concesiones;Convocatoria Feria SIAL Paris;INSTITUTO DE PROMOCIÓN EXTERIOR DE CASTILLA-LA MANCHA;926075;NICO JAMONES, S.L.;Subvención;05/10/2026;3000;https://docm.jccm.es/docm/descargarArchivo.do?ruta=2022/08/05/pdf/2022_7238.pdf&tipo=rutaDocm
Concesiones;Convocatoria Feria SIAL Paris;INSTITUTO DE PROMOCIÓN EXTERIOR DE CASTILLA-LA MANCHA;926075;PRODUCTOS ARENAS S L;Subvención;05/10/2026;3000;https://docm.jccm.es/docm/descargarArchivo.do?ruta=2022/08/05/pdf/2022_7238.pdf&tipo=rutaDocm
Concesiones;Convocatoria Feria SIAL Paris;INSTITUTO DE PROMOCIÓN EXTERIOR DE CASTILLA-LA MANCHA;926075;APERITIVOS FLAPER, S.L.U.;Subvención;05/10/2026;3000;https://docm.jccm.es/docm/descargarArchivo.do?ruta=2022/08/05/pdf/2022_7238.pdf&tipo=rutaDocm
Concesiones;Convocatoria Feria SIAL Paris;INSTITUTO DE PROMOCIÓN EXTERIOR DE CASTILLA-LA MANCHA;926075;ACEITES GARCIA DE LA CRUZ, S.L.;Subvención;05/10/2026;3000;https://docm.jccm.es/docm/descargarArchivo.do?ruta=2022/08/05/pdf/2022_7238.pdf&tipo=rutaDocm
Concesiones;Convocatoria Feria SIAL Paris;INSTITUTO DE PROMOCIÓN EXTERIOR DE CASTILLA-LA MANCHA;926075;LACTEAS GARCIA-BAQUERO, S.A.;Subvención;05/10/2026;3000;https://docm.jccm.es/docm/descargarArchivo.do?ruta=2022/08/05/pdf/2022_7238.pdf&tipo=rutaDocm
Concesiones;Convocatoria Feria SIAL Paris;INSTITUTO DE PROMOCIÓN EXTERIOR DE CASTILLA-LA MANCHA;926075;SPANISH CHEESE, S.L.;Subvención;05/10/2026;3000;https://docm.jccm.es/docm/descargarArchivo.do?ruta=2022/08/05/pdf/2022_7238.pdf&tipo=rutaDocm
Concesiones;Convocatoria Feria SIAL Paris;INSTITUTO DE PROMOCIÓN EXTERIOR DE CASTILLA-LA MANCHA;926075;AZZAYT S.L.;Subvención;05/10/2026;3000;https://docm.jccm.es/docm/descargarArchivo.do?ruta=2022/08/05/pdf/2022_7238.pdf&tipo=rutaDocm
Concesiones;Convocatoria Feria SIAL Paris;INSTITUTO DE PROMOCIÓN EXTERIOR DE CASTILLA-LA MANCHA;926075;OVINOS MANCHEGOS S.L.;Subvención;05/10/2026;3000;https://docm.jccm.es/docm/descargarArchivo.do?ruta=2022/08/05/pdf/2022_7238.pdf&tipo=rutaDocm
Concesiones;Convocatoria Feria SIAL Paris;INSTITUTO DE PROMOCIÓN EXTERIOR DE CASTILLA-LA MANCHA;926075;J.R.SUAREZ MONEDERO, S.L.;Subvención;05/10/2026;3000;https://docm.jccm.es/docm/descargarArchivo.do?ruta=2022/08/05/pdf/2022_7238.pdf&tipo=rutaDocm
Concesiones;Convocatoria Feria SIAL Paris;INSTITUTO DE PROMOCIÓN EXTERIOR DE CASTILLA-LA MANCHA;926075;VINOS Y BODEGAS, S.A;Subvención;05/10/2026;3000;https://docm.jccm.es/docm/descargarArchivo.do?ruta=2022/08/05/pdf/2022_7238.pdf&tipo=rutaDocm
Concesiones;Convocatoria Feria SIAL Paris;INSTITUTO DE PROMOCIÓN EXTERIOR DE CASTILLA-LA MANCHA;926075;ULTRACONGELADOS CAMPO VERDE, S.L.;Subvención;05/10/2026;3000;https://docm.jccm.es/docm/descargarArchivo.do?ruta=2022/08/05/pdf/2022_7238.pdf&tipo=rutaDocm
Concesiones;Convocatoria Feria SIAL Paris;INSTITUTO DE PROMOCIÓN EXTERIOR DE CASTILLA-LA MANCHA;926075;ALLJUICEMED, S.L.;Subvención;05/10/2026;3000;https://docm.jccm.es/docm/descargarArchivo.do?ruta=2022/08/05/pdf/2022_7238.pdf&tipo=rutaDocm
Concesiones;Convocatoria Feria SIAL Paris;INSTITUTO DE PROMOCIÓN EXTERIOR DE CASTILLA-LA MANCHA;926075;KASTEEL IBEROALIMENTARIA, S.A.;Subvención;05/10/2026;3000;https://docm.jccm.es/docm/descargarArchivo.do?ruta=2022/08/05/pdf/2022_7238.pdf&tipo=rutaDocm
Concesiones;Convocatoria de Subvenciones a Municipios Y ELAS que promuevan Programas para jóvenes en el año 2026;DIPUTACIÓN PROVINCIAL DE CÓRDOBA;899812;AYUNTAMIENTO DE HORNACHUELOS;Subvención;05/10/2026;2987,17;https://sede.eprinsa.es/diputacion/tablon-de-edictos
Concesiones;Orden de 15/04/2026, de la Consejería de Fomento, por la que se establecen las bases reguladoras y se efectúa la convocatoria de las ayudas al alquiler de vivienda en Castilla-La Mancha. 2026;DIRECCIÓN GENERAL DE VIVIENDA;900401;—;Subvención;05/10/2026;2970;
Concesiones;Convocatoria subvenciones, para el año 2026, para la realización de proyectos en materia de familia, infancia y adolescencia en el ámbito rural;DIRECCIÓN GENERAL DE FAMILIA, INFANCIA Y NATALIDAD;906900;COMARCA DE LOS MONEGROS;Subvención;05/10/2026;2955,08;https://www.boa.aragon.es/cgi-bin/EBOA/BRSCGI?CMD=VEROBJ&MLKOB=1191369625050
Concesiones;TRAM.ANT.AYUDA A TRABAJADORES SE CONSTITUYEN POR CUENTA PROPIA CONV. 2026;CONSEJERÍA ECONOMÍA, HACIENDA Y EMPLEO;883367;—;Subvención;05/10/2026;2948,09;https://www.bocm.es/boletin/CM_Orden_BOCM/2025/04/02/BOCM-20250402-31.PDF
Concesiones;Convocatoria de Subvenciones a Municipios Y ELAS que promuevan Programas para jóvenes en el año 2026;DIPUTACIÓN PROVINCIAL DE CÓRDOBA;899812;AYUNTAMIENTO DE FUENTE OBEJUNA;Subvención;05/10/2026;2922,63;https://sede.eprinsa.es/diputacion/tablon-de-edictos
Concesiones;TRAM.ANT.AYUDA A TRABAJADORES SE CONSTITUYEN POR CUENTA PROPIA CONV. 2026;CONSEJERÍA ECONOMÍA, HACIENDA Y EMPLEO;883367;—;Subvención;05/10/2026;2907,37;https://www.bocm.es/boletin/CM_Orden_BOCM/2025/04/02/BOCM-20250402-31.PDF
Concesiones;Subvenciones a Entidades Deportivas para Actividades de Tiempo Libre;CONSEJERÍA DE CULTURA, TURISMO, DEPORTE Y JUVENTUD;894408;CLUB DEPORTIVO CHAMPAGNAT;Subvención;05/10/2026;2903,61;https://ias1.larioja.org/boletin/Bor_Boletin_visor_Servlet?referencia=25481235-1-PDF-554428-X
Concesiones;Convocatoria de Subvenciones a Municipios Y ELAS que promuevan Programas para jóvenes en el año 2026;DIPUTACIÓN PROVINCIAL DE CÓRDOBA;899812;AYUNTAMIENTO DE MONTURQUE;Subvención;05/10/2026;2884,16;https://sede.eprinsa.es/diputacion/tablon-de-edictos
Concesiones;Convocatoria de Subvenciones a Municipios Y ELAS que promuevan Programas para jóvenes en el año 2026;DIPUTACIÓN PROVINCIAL DE CÓRDOBA;899812;AYUNTAMIENTO DE SANTA EUFEMIA;Subvención;05/10/2026;2884,16;https://sede.eprinsa.es/diputacion/tablon-de-edictos
Concesiones;Convocatoria de Subvenciones a Municipios Y ELAS que promuevan Programas para jóvenes en el año 2026;DIPUTACIÓN PROVINCIAL DE CÓRDOBA;899812;AYUNTAMIENTO DE VILLANUEVA DE CORDOBA;Subvención;05/10/2026;2884,16;https://sede.eprinsa.es/diputacion/tablon-de-edictos
Concesiones;Convocatoria de Subvenciones a Municipios Y ELAS que promuevan Programas para jóvenes en el año 2026;DIPUTACIÓN PROVINCIAL DE CÓRDOBA;899812;AYUNTAMIENTO DE CABRA;Subvención;05/10/2026;2884,16;https://sede.eprinsa.es/diputacion/tablon-de-edictos
Concesiones;TRAM.ANT.AYUDA A TRABAJADORES SE CONSTITUYEN POR CUENTA PROPIA CONV. 2026;CONSEJERÍA ECONOMÍA, HACIENDA Y EMPLEO;883367;—;Subvención;05/10/2026;2880;https://www.bocm.es/boletin/CM_Orden_BOCM/2025/04/02/BOCM-20250402-31.PDF
Concesiones;Subvenciones a Entidades Deportivas para Actividades de Tiempo Libre;CONSEJERÍA DE CULTURA, TURISMO, DEPORTE Y JUVENTUD;894408;CLUB DEPORTIVO JESUITAS LOGRONO;Subvención;05/10/2026;2876,88;https://ias1.larioja.org/boletin/Bor_Boletin_visor_Servlet?referencia=25481235-1-PDF-554428-X
Concesiones;TRAM.ANT.AYUDA A TRABAJADORES SE CONSTITUYEN POR CUENTA PROPIA CONV. 2026;CONSEJERÍA ECONOMÍA, HACIENDA Y EMPLEO;883367;—;Subvención;05/10/2026;2838,31;https://www.bocm.es/boletin/CM_Orden_BOCM/2025/04/02/BOCM-20250402-31.PDF
Concesiones;TRAM.ANT.AYUDA A TRABAJADORES SE CONSTITUYEN POR CUENTA PROPIA CONV. 2026;CONSEJERÍA ECONOMÍA, HACIENDA Y EMPLEO;883367;—;Subvención;05/10/2026;2800;https://www.bocm.es/boletin/CM_Orden_BOCM/2025/04/02/BOCM-20250402-31.PDF
Concesiones;TRAM.ANT.AYUDA A TRABAJADORES SE CONSTITUYEN POR CUENTA PROPIA CONV. 2026;CONSEJERÍA ECONOMÍA, HACIENDA Y EMPLEO;883367;—;Subvención;05/10/2026;2800;https://www.bocm.es/boletin/CM_Orden_BOCM/2025/04/02/BOCM-20250402-31.PDF
Concesiones;Convocatoria de Subvenciones a Municipios Y ELAS que promuevan Programas para jóvenes en el año 2026;DIPUTACIÓN PROVINCIAL DE CÓRDOBA;899812;AYUNTAMIENTO DE LUCENA;Subvención;05/10/2026;2781,17;https://sede.eprinsa.es/diputacion/tablon-de-edictos
Concesiones;Orden de 15/04/2026, de la Consejería de Fomento, por la que se establecen las bases reguladoras y se efectúa la convocatoria de las ayudas al alquiler de vivienda en Castilla-La Mancha. 2026;DIRECCIÓN GENERAL DE VIVIENDA;900401;—;Subvención;05/10/2026;2778;
Concesiones;TRAM.ANT.AYUDA A TRABAJADORES SE CONSTITUYEN POR CUENTA PROPIA CONV. 2026;CONSEJERÍA ECONOMÍA, HACIENDA Y EMPLEO;883367;—;Subvención;05/10/2026;2771,93;https://www.bocm.es/boletin/CM_Orden_BOCM/2025/04/02/BOCM-20250402-31.PDF
Concesiones;TRAM.ANT.AYUDA A TRABAJADORES SE CONSTITUYEN POR CUENTA PROPIA CONV. 2026;CONSEJERÍA ECONOMÍA, HACIENDA Y EMPLEO;883367;—;Subvención;05/10/2026;2767,03;https://www.bocm.es/boletin/CM_Orden_BOCM/2025/04/02/BOCM-20250402-31.PDF
Concesiones;Convocatoria de Subvenciones a Municipios Y ELAS que promuevan Programas para jóvenes en el año 2026;DIPUTACIÓN PROVINCIAL DE CÓRDOBA;899812;AYUNTAMIENTO DE BUJALANCE;Subvención;05/10/2026;2752,75;https://sede.eprinsa.es/diputacion/tablon-de-edictos
Concesiones;Resolución de 26/12/2025 por la que se aprueba la convocatoria de subvenciones para la realización de proyectos de formación profesional y empleo en el seno de la empresa, Línea 5 Sectorial, para el año 2026. REG (UE) 2023/2831.;DIRECCIÓN GENERAL FORMACIÓN PROFESIONAL EN EL ÁMBITO LABORAL;878664;SERV.ASISTENCIALES COM.ESPAÑA, S.L.;Subvención;05/10/2026;2751;https://docm.jccm.es/docm/descargarArchivo.do?ruta=2024/08/09/pdf/2024_6382.pdf&tipo=rutaDocm
Concesiones;Convocatoria de Subvenciones a Municipios Y ELAS que promuevan Programas para jóvenes en el año 2026;DIPUTACIÓN PROVINCIAL DE CÓRDOBA;899812;AYUNTAMIENTO DE FUENTE CARRETEROS;Subvención;05/10/2026;2713,86;https://sede.eprinsa.es/diputacion/tablon-de-edictos
Concesiones;Orden de 15/04/2026, de la Consejería de Fomento, por la que se establecen las bases reguladoras y se efectúa la convocatoria de las ayudas al alquiler de vivienda en Castilla-La Mancha. 2026;DIRECCIÓN GENERAL DE VIVIENDA;900401;—;Subvención;05/10/2026;2700;
Concesiones;Orden de 15/04/2026, de la Consejería de Fomento, por la que se establecen las bases reguladoras y se efectúa la convocatoria de las ayudas al alquiler de vivienda en Castilla-La Mancha. 2026;DIRECCIÓN GENERAL DE VIVIENDA;900401;—;Subvención;05/10/2026;2700;
Concesiones;Orden de 15/04/2026, de la Consejería de Fomento, por la que se establecen las bases reguladoras y se efectúa la convocatoria de las ayudas al alquiler de vivienda en Castilla-La Mancha. 2026;DIRECCIÓN GENERAL DE VIVIENDA;900401;—;Subvención;05/10/2026;2700;
Concesiones;Orden de 15/04/2026, de la Consejería de Fomento, por la que se establecen las bases reguladoras y se efectúa la convocatoria de las ayudas al alquiler de vivienda en Castilla-La Mancha. 2026;DIRECCIÓN GENERAL DE VIVIENDA;900401;—;Subvención;05/10/2026;2700;
Concesiones;Orden de 15/04/2026, de la Consejería de Fomento, por la que se establecen las bases reguladoras y se efectúa la convocatoria de las ayudas al alquiler de vivienda en Castilla-La Mancha. 2026;DIRECCIÓN GENERAL DE VIVIENDA;900401;—;Subvención;05/10/2026;2700;
Concesiones;Convocatoria de Subvenciones a Municipios Y ELAS que promuevan Programas para jóvenes en el año 2026;DIPUTACIÓN PROVINCIAL DE CÓRDOBA;899812;AYUNTAMIENTO DE FUENTE PALMERA;Subvención;05/10/2026;2678,15;https://sede.eprinsa.es/diputacion/tablon-de-edictos
Concesiones;Orden de 15/04/2026, de la Consejería de Fomento, por la que se establecen las bases reguladoras y se efectúa la convocatoria de las ayudas al alquiler de vivienda en Castilla-La Mancha. 2026;DIRECCIÓN GENERAL DE VIVIENDA;900401;—;Subvención;05/10/2026;2671,02;
Concesiones;TRAM.ANT.AYUDA A TRABAJADORES SE CONSTITUYEN POR CUENTA PROPIA CONV. 2026;CONSEJERÍA ECONOMÍA, HACIENDA Y EMPLEO;883367;—;Subvención;05/10/2026;2652;https://www.bocm.es/boletin/CM_Orden_BOCM/2025/04/02/BOCM-20250402-31.PDF
Concesiones;Subvenciones a Entidades Deportivas para Actividades de Tiempo Libre;CONSEJERÍA DE CULTURA, TURISMO, DEPORTE Y JUVENTUD;894408;BABY BASKET RIOJA;Subvención;05/10/2026;2649,65;https://ias1.larioja.org/boletin/Bor_Boletin_visor_Servlet?referencia=25481235-1-PDF-554428-X
Concesiones;Convocatoria de Subvenciones a Municipios Y ELAS que promuevan Programas para jóvenes en el año 2026;DIPUTACIÓN PROVINCIAL DE CÓRDOBA;899812;ENTIDAD LOCAL AUTONOMA CASTIL DE CAMPOS;Subvención;05/10/2026;2597,4;https://sede.eprinsa.es/diputacion/tablon-de-edictos
Concesiones;Orden de 15/04/2026, de la Consejería de Fomento, por la que se establecen las bases reguladoras y se efectúa la convocatoria de las ayudas al alquiler de vivienda en Castilla-La Mancha. 2026;DIRECCIÓN GENERAL DE VIVIENDA;900401;—;Subvención;05/10/2026;2580;
Concesiones;Orden de 15/04/2026, de la Consejería de Fomento, por la que se establecen las bases reguladoras y se efectúa la convocatoria de las ayudas al alquiler de vivienda en Castilla-La Mancha. 2026;DIRECCIÓN GENERAL DE VIVIENDA;900401;—;Subvención;05/10/2026;2580;
Concesiones;Convocatoria de Subvenciones a Municipios Y ELAS que promuevan Programas para jóvenes en el año 2026;DIPUTACIÓN PROVINCIAL DE CÓRDOBA;899812;AYUNTAMIENTO DE LA GRANJUELA;Subvención;05/10/2026;2575,14;https://sede.eprinsa.es/diputacion/tablon-de-edictos
Concesiones;Convocatoria de Subvenciones a Municipios Y ELAS que promuevan Programas para jóvenes en el año 2026;DIPUTACIÓN PROVINCIAL DE CÓRDOBA;899812;AYUNTAMIENTO DE PALMA DEL RIO;Subvención;05/10/2026;2575,14;https://sede.eprinsa.es/diputacion/tablon-de-edictos
Concesiones;Convocatoria de Subvenciones a Municipios Y ELAS que promuevan Programas para jóvenes en el año 2026;DIPUTACIÓN PROVINCIAL DE CÓRDOBA;899812;AYUNTAMIENTO DE VALENZUELA;Subvención;05/10/2026;2575,14;https://sede.eprinsa.es/diputacion/tablon-de-edictos
Concesiones;Convocatoria de Subvenciones a Municipios Y ELAS que promuevan Programas para jóvenes en el año 2026;DIPUTACIÓN PROVINCIAL DE CÓRDOBA;899812;AYUNTAMIENTO DE AGUILAR DE LA FRONTERA;Subvención;05/10/2026;2575,14;https://sede.eprinsa.es/diputacion/tablon-de-edictos
Concesiones;Orden de 15/04/2026, de la Consejería de Fomento, por la que se establecen las bases reguladoras y se efectúa la convocatoria de las ayudas al alquiler de vivienda en Castilla-La Mancha. 2026;DIRECCIÓN GENERAL DE VIVIENDA;900401;—;Subvención;05/10/2026;2550;
Concesiones;Orden de 15/04/2026, de la Consejería de Fomento, por la que se establecen las bases reguladoras y se efectúa la convocatoria de las ayudas al alquiler de vivienda en Castilla-La Mancha. 2026;DIRECCIÓN GENERAL DE VIVIENDA;900401;—;Subvención;05/10/2026;2550;
Concesiones;Convocatoria de Subvenciones a Municipios Y ELAS que promuevan Programas para jóvenes en el año 2026;DIPUTACIÓN PROVINCIAL DE CÓRDOBA;899812;AYUNTAMIENTO DE ZUHEROS;Subvención;05/10/2026;2544;https://sede.eprinsa.es/diputacion/tablon-de-edictos
Concesiones;Orden de 15/04/2026, de la Consejería de Fomento, por la que se establecen las bases reguladoras y se efectúa la convocatoria de las ayudas al alquiler de vivienda en Castilla-La Mancha. 2026;DIRECCIÓN GENERAL DE VIVIENDA;900401;—;Subvención;05/10/2026;2520;
Concesiones;Orden de 15/04/2026, de la Consejería de Fomento, por la que se establecen las bases reguladoras y se efectúa la convocatoria de las ayudas al alquiler de vivienda en Castilla-La Mancha. 2026;DIRECCIÓN GENERAL DE VIVIENDA;900401;—;Subvención;05/10/2026;2520;
Concesiones;Convocatoria de Subvenciones a Municipios Y ELAS que promuevan Programas para jóvenes en el año 2026;DIPUTACIÓN PROVINCIAL DE CÓRDOBA;899812;AYUNTAMIENTO DE ESPEJO;Subvención;05/10/2026;2472,14;https://sede.eprinsa.es/diputacion/tablon-de-edictos
Concesiones;Convocatoria de Subvenciones a Municipios Y ELAS que promuevan Programas para jóvenes en el año 2026;DIPUTACIÓN PROVINCIAL DE CÓRDOBA;899812;AYUNTAMIENTO DE MONTORO;Subvención;05/10/2026;2472,14;https://sede.eprinsa.es/diputacion/tablon-de-edictos
Concesiones;Convocatoria de Subvenciones a Municipios Y ELAS que promuevan Programas para jóvenes en el año 2026;DIPUTACIÓN PROVINCIAL DE CÓRDOBA;899812;AYUNTAMIENTO DE VILLAVICIOSA;Subvención;05/10/2026;2472,14;https://sede.eprinsa.es/diputacion/tablon-de-edictos
Concesiones;Orden de 15/04/2026, de la Consejería de Fomento, por la que se establecen las bases reguladoras y se efectúa la convocatoria de las ayudas al alquiler de vivienda en Castilla-La Mancha. 2026;DIRECCIÓN GENERAL DE VIVIENDA;900401;—;Subvención;05/10/2026;2472;
Concesiones;Convocatoria de Subvenciones a Municipios Y ELAS que promuevan Programas para jóvenes en el año 2026;DIPUTACIÓN PROVINCIAL DE CÓRDOBA;899812;AYUNTAMIENTO DE VILLAFRANCA;Subvención;05/10/2026;2466,8;https://sede.eprinsa.es/diputacion/tablon-de-edictos
Concesiones;Convocatoria de Subvenciones a Municipios Y ELAS que promuevan Programas para jóvenes en el año 2026;DIPUTACIÓN PROVINCIAL DE CÓRDOBA;899812;AYUNTAMIENTO DE LUQUE;Subvención;05/10/2026;2450,25;https://sede.eprinsa.es/diputacion/tablon-de-edictos
Concesiones;TRAM.ANT.AYUDA A TRABAJADORES SE CONSTITUYEN POR CUENTA PROPIA CONV. 2026;CONSEJERÍA ECONOMÍA, HACIENDA Y EMPLEO;883367;—;Subvención;05/10/2026;2444,18;https://www.bocm.es/boletin/CM_Orden_BOCM/2025/04/02/BOCM-20250402-31.PDF
Concesiones;(COC) Plan Competitividad del Comercio Minorista (Reg. Minimis 2023/2831);AGENCIA DE DESARROLLO ECONÓMICO DE LA RIOJA;825899;MUEBLES J. VICENTE SA;Subvención;05/10/2026;2427,77;https://ias1.larioja.org/boletin/Bor_Boletin_visor_Servlet?referencia=30752584-1-PDF-563454
Concesiones;Orden de 15/04/2026, de la Consejería de Fomento, por la que se establecen las bases reguladoras y se efectúa la convocatoria de las ayudas al alquiler de vivienda en Castilla-La Mancha. 2026;DIRECCIÓN GENERAL DE VIVIENDA;900401;—;Subvención;05/10/2026;2400;
Concesiones;Orden de 15/04/2026, de la Consejería de Fomento, por la que se establecen las bases reguladoras y se efectúa la convocatoria de las ayudas al alquiler de vivienda en Castilla-La Mancha. 2026;DIRECCIÓN GENERAL DE VIVIENDA;900401;—;Subvención;05/10/2026;2400;
Concesiones;Orden de 15/04/2026, de la Consejería de Fomento, por la que se establecen las bases reguladoras y se efectúa la convocatoria de las ayudas al alquiler de vivienda en Castilla-La Mancha. 2026;DIRECCIÓN GENERAL DE VIVIENDA;900401;—;Subvención;05/10/2026;2400;
Concesiones;Orden de 15/04/2026, de la Consejería de Fomento, por la que se establecen las bases reguladoras y se efectúa la convocatoria de las ayudas al alquiler de vivienda en Castilla-La Mancha. 2026;DIRECCIÓN GENERAL DE VIVIENDA;900401;—;Subvención;05/10/2026;2400;
Concesiones;Orden de 15/04/2026, de la Consejería de Fomento, por la que se establecen las bases reguladoras y se efectúa la convocatoria de las ayudas al alquiler de vivienda en Castilla-La Mancha. 2026;DIRECCIÓN GENERAL DE VIVIENDA;900401;—;Subvención;05/10/2026;2362,84;
Concesiones;Orden de 15/04/2026, de la Consejería de Fomento, por la que se establecen las bases reguladoras y se efectúa la convocatoria de las ayudas al alquiler de vivienda en Castilla-La Mancha. 2026;DIRECCIÓN GENERAL DE VIVIENDA;900401;—;Subvención;05/10/2026;2332,32;
Concesiones;Orden de 15/04/2026, de la Consejería de Fomento, por la que se establecen las bases reguladoras y se efectúa la convocatoria de las ayudas al alquiler de vivienda en Castilla-La Mancha. 2026;DIRECCIÓN GENERAL DE VIVIENDA;900401;—;Subvención;05/10/2026;2322,54;
Concesiones;Resolución de 10/04/2025, por la que se aprueba la convocatoria de concesión de subvenciones para la realización de acciones de formación profesional en el ámbito laboral, dirigidas a personas trabajadoras desempleadas (Modalidad II), anualidad 2025.;DIRECCIÓN GENERAL FORMACIÓN PROFESIONAL EN EL ÁMBITO LABORAL;826697;—;Subvención;05/10/2026;2282,69;https://docm.jccm.es/docm/descargarArchivo.do?ruta=2024/07/19/pdf/2024_5810.pdf&tipo=rutaDocm
Concesiones;Orden de 15/04/2026, de la Consejería de Fomento, por la que se establecen las bases reguladoras y se efectúa la convocatoria de las ayudas al alquiler de vivienda en Castilla-La Mancha. 2026;DIRECCIÓN GENERAL DE VIVIENDA;900401;—;Subvención;05/10/2026;2280;
Concesiones;Convocatoria de Subvenciones a Municipios Y ELAS que promuevan Programas para jóvenes en el año 2026;DIPUTACIÓN PROVINCIAL DE CÓRDOBA;899812;AYUNTAMIENTO DE EL CARPIO;Subvención;05/10/2026;2266,14;https://sede.eprinsa.es/diputacion/tablon-de-edictos
Concesiones;Convocatoria de Subvenciones a Municipios Y ELAS que promuevan Programas para jóvenes en el año 2026;DIPUTACIÓN PROVINCIAL DE CÓRDOBA;899812;AYUNTAMIENTO DE ALMODOVAR DEL RIO;Subvención;05/10/2026;2266,14;https://sede.eprinsa.es/diputacion/tablon-de-edictos
Concesiones;Orden de 15/04/2026, de la Consejería de Fomento, por la que se establecen las bases reguladoras y se efectúa la convocatoria de las ayudas al alquiler de vivienda en Castilla-La Mancha. 2026;DIRECCIÓN GENERAL DE VIVIENDA;900401;—;Subvención;05/10/2026;2250;
Concesiones;Convocatoria subvenciones, para el año 2026, para la realización de proyectos en materia de familia, infancia y adolescencia en el ámbito rural;DIRECCIÓN GENERAL DE FAMILIA, INFANCIA Y NATALIDAD;906900;COMARCA DE CAMPO DE CARIÑENA;Subvención;05/10/2026;2234,03;https://www.boa.aragon.es/cgi-bin/EBOA/BRSCGI?CMD=VEROBJ&MLKOB=1191369625050
Concesiones;Convocatoria subvenciones, para el año 2026, para la realización de proyectos en materia de familia, infancia y adolescencia en el ámbito rural;DIRECCIÓN GENERAL DE FAMILIA, INFANCIA Y NATALIDAD;906900;COMARCA DE CAMPO DE CARIÑENA;Subvención;05/10/2026;2234,03;https://www.boa.aragon.es/cgi-bin/EBOA/BRSCGI?CMD=VEROBJ&MLKOB=1191369625050
Concesiones;Orden de 15/04/2026, de la Consejería de Fomento, por la que se establecen las bases reguladoras y se efectúa la convocatoria de las ayudas al alquiler de vivienda en Castilla-La Mancha. 2026;DIRECCIÓN GENERAL DE VIVIENDA;900401;—;Subvención;05/10/2026;2220;
Concesiones;Orden de 15/04/2026, de la Consejería de Fomento, por la que se establecen las bases reguladoras y se efectúa la convocatoria de las ayudas al alquiler de vivienda en Castilla-La Mancha. 2026;DIRECCIÓN GENERAL DE VIVIENDA;900401;—;Subvención;05/10/2026;2160,96;
Concesiones;ORDEN 1740/2026 BECAS EXC. DEPORTIVA 25-26 (YA MATRICULADOS-UNIVERSIDADES);CONSEJERÍA DE EDUCACIÓN, CIENCIA Y UNIVERSIDADES;903365;—;Subvención;05/10/2026;2100;https://www.bocm.es/bocm-20240520-20
Concesiones;ORDEN 1740/2026 BECAS EXC. DEPORTIVA 25-26 (YA MATRICULADOS-UNIVERSIDADES);CONSEJERÍA DE EDUCACIÓN, CIENCIA Y UNIVERSIDADES;903365;—;Subvención;05/10/2026;2100;https://www.bocm.es/bocm-20240520-20
Concesiones;ORDEN 1740/2026 BECAS EXC. DEPORTIVA 25-26 (YA MATRICULADOS-UNIVERSIDADES);CONSEJERÍA DE EDUCACIÓN, CIENCIA Y UNIVERSIDADES;903365;—;Subvención;05/10/2026;2100;https://www.bocm.es/bocm-20240520-20
Concesiones;ORDEN 1740/2026 BECAS EXC. DEPORTIVA 25-26 (YA MATRICULADOS-UNIVERSIDADES);CONSEJERÍA DE EDUCACIÓN, CIENCIA Y UNIVERSIDADES;903365;—;Subvención;05/10/2026;2100;https://www.bocm.es/bocm-20240520-20
Concesiones;ORDEN 1740/2026 BECAS EXC. DEPORTIVA 25-26 (YA MATRICULADOS-UNIVERSIDADES);CONSEJERÍA DE EDUCACIÓN, CIENCIA Y UNIVERSIDADES;903365;—;Subvención;05/10/2026;2100;https://www.bocm.es/bocm-20240520-20
Concesiones;ORDEN 1740/2026 BECAS EXC. DEPORTIVA 25-26 (YA MATRICULADOS-UNIVERSIDADES);CONSEJERÍA DE EDUCACIÓN, CIENCIA Y UNIVERSIDADES;903365;—;Subvención;05/10/2026;2100;https://www.bocm.es/bocm-20240520-20
Concesiones;ORDEN 1740/2026 BECAS EXC. DEPORTIVA 25-26 (YA MATRICULADOS-UNIVERSIDADES);CONSEJERÍA DE EDUCACIÓN, CIENCIA Y UNIVERSIDADES;903365;—;Subvención;05/10/2026;2100;https://www.bocm.es/bocm-20240520-20
Concesiones;ORDEN 1740/2026 BECAS EXC. DEPORTIVA 25-26 (YA MATRICULADOS-UNIVERSIDADES);CONSEJERÍA DE EDUCACIÓN, CIENCIA Y UNIVERSIDADES;903365;—;Subvención;05/10/2026;2100;https://www.bocm.es/bocm-20240520-20
Concesiones;ORDEN 1740/2026 BECAS EXC. DEPORTIVA 25-26 (YA MATRICULADOS-UNIVERSIDADES);CONSEJERÍA DE EDUCACIÓN, CIENCIA Y UNIVERSIDADES;903365;—;Subvención;05/10/2026;2100;https://www.bocm.es/bocm-20240520-20
Concesiones;ORDEN 1740/2026 BECAS EXC. DEPORTIVA 25-26 (YA MATRICULADOS-UNIVERSIDADES);CONSEJERÍA DE EDUCACIÓN, CIENCIA Y UNIVERSIDADES;903365;—;Subvención;05/10/2026;2100;https://www.bocm.es/bocm-20240520-20
Concesiones;ORDEN 1740/2026 BECAS EXC. DEPORTIVA 25-26 (YA MATRICULADOS-UNIVERSIDADES);CONSEJERÍA DE EDUCACIÓN, CIENCIA Y UNIVERSIDADES;903365;—;Subvención;05/10/2026;2100;https://www.bocm.es/bocm-20240520-20
Concesiones;ORDEN 1740/2026 BECAS EXC. DEPORTIVA 25-26 (YA MATRICULADOS-UNIVERSIDADES);CONSEJERÍA DE EDUCACIÓN, CIENCIA Y UNIVERSIDADES;903365;—;Subvención;05/10/2026;2100;https://www.bocm.es/bocm-20240520-20
Concesiones;ORDEN 1740/2026 BECAS EXC. DEPORTIVA 25-26 (YA MATRICULADOS-UNIVERSIDADES);CONSEJERÍA DE EDUCACIÓN, CIENCIA Y UNIVERSIDADES;903365;—;Subvención;05/10/2026;2100;https://www.bocm.es/bocm-20240520-20
Concesiones;ORDEN 1740/2026 BECAS EXC. DEPORTIVA 25-26 (YA MATRICULADOS-UNIVERSIDADES);CONSEJERÍA DE EDUCACIÓN, CIENCIA Y UNIVERSIDADES;903365;—;Subvención;05/10/2026;2100;https://www.bocm.es/bocm-20240520-20
Concesiones;ORDEN 1740/2026 BECAS EXC. DEPORTIVA 25-26 (YA MATRICULADOS-UNIVERSIDADES);CONSEJERÍA DE EDUCACIÓN, CIENCIA Y UNIVERSIDADES;903365;—;Subvención;05/10/2026;2100;https://www.bocm.es/bocm-20240520-20
Concesiones;ORDEN 1740/2026 BECAS EXC. DEPORTIVA 25-26 (YA MATRICULADOS-UNIVERSIDADES);CONSEJERÍA DE EDUCACIÓN, CIENCIA Y UNIVERSIDADES;903365;—;Subvención;05/10/2026;2100;https://www.bocm.es/bocm-20240520-20
Concesiones;ORDEN 1740/2026 BECAS EXC. DEPORTIVA 25-26 (YA MATRICULADOS-UNIVERSIDADES);CONSEJERÍA DE EDUCACIÓN, CIENCIA Y UNIVERSIDADES;903365;—;Subvención;05/10/2026;2100;https://www.bocm.es/bocm-20240520-20
Concesiones;ORDEN 1740/2026 BECAS EXC. DEPORTIVA 25-26 (YA MATRICULADOS-UNIVERSIDADES);CONSEJERÍA DE EDUCACIÓN, CIENCIA Y UNIVERSIDADES;903365;—;Subvención;05/10/2026;2100;https://www.bocm.es/bocm-20240520-20
Concesiones;ORDEN 1740/2026 BECAS EXC. DEPORTIVA 25-26 (YA MATRICULADOS-UNIVERSIDADES);CONSEJERÍA DE EDUCACIÓN, CIENCIA Y UNIVERSIDADES;903365;—;Subvención;05/10/2026;2100;https://www.bocm.es/bocm-20240520-20
Concesiones;ORDEN 1740/2026 BECAS EXC. DEPORTIVA 25-26 (YA MATRICULADOS-UNIVERSIDADES);CONSEJERÍA DE EDUCACIÓN, CIENCIA Y UNIVERSIDADES;903365;—;Subvención;05/10/2026;2100;https://www.bocm.es/bocm-20240520-20
Concesiones;ORDEN 1740/2026 BECAS EXC. DEPORTIVA 25-26 (YA MATRICULADOS-UNIVERSIDADES);CONSEJERÍA DE EDUCACIÓN, CIENCIA Y UNIVERSIDADES;903365;—;Subvención;05/10/2026;2100;https://www.bocm.es/bocm-20240520-20
Concesiones;ORDEN 1740/2026 BECAS EXC. DEPORTIVA 25-26 (YA MATRICULADOS-UNIVERSIDADES);CONSEJERÍA DE EDUCACIÓN, CIENCIA Y UNIVERSIDADES;903365;—;Subvención;05/10/2026;2100;https://www.bocm.es/bocm-20240520-20
Concesiones;ORDEN 1740/2026 BECAS EXC. DEPORTIVA 25-26 (YA MATRICULADOS-UNIVERSIDADES);CONSEJERÍA DE EDUCACIÓN, CIENCIA Y UNIVERSIDADES;903365;—;Subvención;05/10/2026;2100;https://www.bocm.es/bocm-20240520-20
Concesiones;ORDEN 1740/2026 BECAS EXC. DEPORTIVA 25-26 (YA MATRICULADOS-UNIVERSIDADES);CONSEJERÍA DE EDUCACIÓN, CIENCIA Y UNIVERSIDADES;903365;—;Subvención;05/10/2026;2100;https://www.bocm.es/bocm-20240520-20
Concesiones;ORDEN 1740/2026 BECAS EXC. DEPORTIVA 25-26 (YA MATRICULADOS-UNIVERSIDADES);CONSEJERÍA DE EDUCACIÓN, CIENCIA Y UNIVERSIDADES;903365;—;Subvención;05/10/2026;2100;https://www.bocm.es/bocm-20240520-20
Concesiones;ORDEN 1740/2026 BECAS EXC. DEPORTIVA 25-26 (YA MATRICULADOS-UNIVERSIDADES);CONSEJERÍA DE EDUCACIÓN, CIENCIA Y UNIVERSIDADES;903365;—;Subvención;05/10/2026;2100;https://www.bocm.es/bocm-20240520-20
Concesiones;ORDEN 1740/2026 BECAS EXC. DEPORTIVA 25-26 (YA MATRICULADOS-UNIVERSIDADES);CONSEJERÍA DE EDUCACIÓN, CIENCIA Y UNIVERSIDADES;903365;—;Subvención;05/10/2026;2100;https://www.bocm.es/bocm-20240520-20
Concesiones;ORDEN 1740/2026 BECAS EXC. DEPORTIVA 25-26 (YA MATRICULADOS-UNIVERSIDADES);CONSEJERÍA DE EDUCACIÓN, CIENCIA Y UNIVERSIDADES;903365;—;Subvención;05/10/2026;2100;https://www.bocm.es/bocm-20240520-20
Concesiones;ORDEN 1740/2026 BECAS EXC. DEPORTIVA 25-26 (YA MATRICULADOS-UNIVERSIDADES);CONSEJERÍA DE EDUCACIÓN, CIENCIA Y UNIVERSIDADES;903365;—;Subvención;05/10/2026;2100;https://www.bocm.es/bocm-20240520-20
Concesiones;ORDEN 1740/2026 BECAS EXC. DEPORTIVA 25-26 (YA MATRICULADOS-UNIVERSIDADES);CONSEJERÍA DE EDUCACIÓN, CIENCIA Y UNIVERSIDADES;903365;—;Subvención;05/10/2026;2100;https://www.bocm.es/bocm-20240520-20
Concesiones;ORDEN 1740/2026 BECAS EXC. DEPORTIVA 25-26 (YA MATRICULADOS-UNIVERSIDADES);CONSEJERÍA DE EDUCACIÓN, CIENCIA Y UNIVERSIDADES;903365;—;Subvención;05/10/2026;2100;https://www.bocm.es/bocm-20240520-20
Concesiones;ORDEN 1740/2026 BECAS EXC. DEPORTIVA 25-26 (YA MATRICULADOS-UNIVERSIDADES);CONSEJERÍA DE EDUCACIÓN, CIENCIA Y UNIVERSIDADES;903365;—;Subvención;05/10/2026;2100;https://www.bocm.es/bocm-20240520-20
Concesiones;ORDEN 1740/2026 BECAS EXC. DEPORTIVA 25-26 (YA MATRICULADOS-UNIVERSIDADES);CONSEJERÍA DE EDUCACIÓN, CIENCIA Y UNIVERSIDADES;903365;—;Subvención;05/10/2026;2100;https://www.bocm.es/bocm-20240520-20
Concesiones;ORDEN 1740/2026 BECAS EXC. DEPORTIVA 25-26 (YA MATRICULADOS-UNIVERSIDADES);CONSEJERÍA DE EDUCACIÓN, CIENCIA Y UNIVERSIDADES;903365;—;Subvención;05/10/2026;2100;https://www.bocm.es/bocm-20240520-20
Concesiones;ORDEN 1740/2026 BECAS EXC. DEPORTIVA 25-26 (YA MATRICULADOS-UNIVERSIDADES);CONSEJERÍA DE EDUCACIÓN, CIENCIA Y UNIVERSIDADES;903365;—;Subvención;05/10/2026;2100;https://www.bocm.es/bocm-20240520-20
Concesiones;ORDEN 1740/2026 BECAS DE EXCELENCIA DEPORTIVA 25-26 (INICIO UNIVERSIDADES);CONSEJERÍA DE EDUCACIÓN, CIENCIA Y UNIVERSIDADES;903361;—;Subvención;05/10/2026;2100;https://www.bocm.es/bocm-20240520-20
Concesiones;ORDEN 1740/2026 BECAS DE EXCELENCIA DEPORTIVA 25-26 (INICIO UNIVERSIDADES);CONSEJERÍA DE EDUCACIÓN, CIENCIA Y UNIVERSIDADES;903361;—;Subvención;05/10/2026;2100;https://www.bocm.es/bocm-20240520-20
Concesiones;ORDEN 1740/2026 BECAS DE EXCELENCIA DEPORTIVA 25-26 (INICIO UNIVERSIDADES);CONSEJERÍA DE EDUCACIÓN, CIENCIA Y UNIVERSIDADES;903361;—;Subvención;05/10/2026;2100;https://www.bocm.es/bocm-20240520-20
Concesiones;ORDEN 1740/2026 BECAS DE EXCELENCIA DEPORTIVA 25-26 (INICIO UNIVERSIDADES);CONSEJERÍA DE EDUCACIÓN, CIENCIA Y UNIVERSIDADES;903361;—;Subvención;05/10/2026;2100;https://www.bocm.es/bocm-20240520-20
Concesiones;ORDEN 1740/2026 BECAS DE EXCELENCIA DEPORTIVA 25-26 (INICIO UNIVERSIDADES);CONSEJERÍA DE EDUCACIÓN, CIENCIA Y UNIVERSIDADES;903361;—;Subvención;05/10/2026;2100;https://www.bocm.es/bocm-20240520-20
Concesiones;ORDEN 1740/2026 BECAS DE EXCELENCIA DEPORTIVA 25-26 (INICIO UNIVERSIDADES);CONSEJERÍA DE EDUCACIÓN, CIENCIA Y UNIVERSIDADES;903361;—;Subvención;05/10/2026;2100;https://www.bocm.es/bocm-20240520-20
Concesiones;ORDEN 1740/2026 BECAS DE EXCELENCIA DEPORTIVA 25-26 (INICIO UNIVERSIDADES);CONSEJERÍA DE EDUCACIÓN, CIENCIA Y UNIVERSIDADES;903361;—;Subvención;05/10/2026;2100;https://www.bocm.es/bocm-20240520-20
Concesiones;ORDEN 1740/2026 BECAS DE EXCELENCIA DEPORTIVA 25-26 (INICIO UNIVERSIDADES);CONSEJERÍA DE EDUCACIÓN, CIENCIA Y UNIVERSIDADES;903361;—;Subvención;05/10/2026;2100;https://www.bocm.es/bocm-20240520-20
Concesiones;ORDEN 1740/2026 BECAS DE EXCELENCIA DEPORTIVA 25-26 (INICIO UNIVERSIDADES);CONSEJERÍA DE EDUCACIÓN, CIENCIA Y UNIVERSIDADES;903361;—;Subvención;05/10/2026;2100;https://www.bocm.es/bocm-20240520-20
Concesiones;ORDEN 1740/2026 BECAS DE EXCELENCIA DEPORTIVA 25-26 (INICIO UNIVERSIDADES);CONSEJERÍA DE EDUCACIÓN, CIENCIA Y UNIVERSIDADES;903361;—;Subvención;05/10/2026;2100;https://www.bocm.es/bocm-20240520-20
Concesiones;ORDEN 1740/2026 BECAS DE EXCELENCIA DEPORTIVA 25-26 (INICIO UNIVERSIDADES);CONSEJERÍA DE EDUCACIÓN, CIENCIA Y UNIVERSIDADES;903361;—;Subvención;05/10/2026;2100;https://www.bocm.es/bocm-20240520-20
Concesiones;ORDEN 1740/2026 BECAS DE EXCELENCIA DEPORTIVA 25-26 (INICIO UNIVERSIDADES);CONSEJERÍA DE EDUCACIÓN, CIENCIA Y UNIVERSIDADES;903361;—;Subvención;05/10/2026;2100;https://www.bocm.es/bocm-20240520-20
Concesiones;ORDEN 1740/2026 BECAS DE EXCELENCIA DEPORTIVA 25-26 (INICIO UNIVERSIDADES);CONSEJERÍA DE EDUCACIÓN, CIENCIA Y UNIVERSIDADES;903361;—;Subvención;05/10/2026;2100;https://www.bocm.es/bocm-20240520-20
Concesiones;ORDEN 1740/2026 BECAS DE EXCELENCIA DEPORTIVA 25-26 (INICIO UNIVERSIDADES);CONSEJERÍA DE EDUCACIÓN, CIENCIA Y UNIVERSIDADES;903361;—;Subvención;05/10/2026;2100;https://www.bocm.es/bocm-20240520-20
Concesiones;ORDEN 1740/2026 BECAS DE EXCELENCIA DEPORTIVA 25-26 (INICIO UNIVERSIDADES);CONSEJERÍA DE EDUCACIÓN, CIENCIA Y UNIVERSIDADES;903361;—;Subvención;05/10/2026;2100;https://www.bocm.es/bocm-20240520-20
Concesiones;ORDEN 1740/2026 BECAS DE EXCELENCIA DEPORTIVA 25-26 (INICIO UNIVERSIDADES);CONSEJERÍA DE EDUCACIÓN, CIENCIA Y UNIVERSIDADES;903361;—;Subvención;05/10/2026;2100;https://www.bocm.es/bocm-20240520-20
Concesiones;ORDEN 1740/2026 BECAS DE EXCELENCIA DEPORTIVA 25-26 (INICIO UNIVERSIDADES);CONSEJERÍA DE EDUCACIÓN, CIENCIA Y UNIVERSIDADES;903361;—;Subvención;05/10/2026;2100;https://www.bocm.es/bocm-20240520-20
Concesiones;ORDEN 1740/2026 BECAS DE EXCELENCIA DEPORTIVA 25-26 (INICIO UNIVERSIDADES);CONSEJERÍA DE EDUCACIÓN, CIENCIA Y UNIVERSIDADES;903361;—;Subvención;05/10/2026;2100;https://www.bocm.es/bocm-20240520-20
Concesiones;ORDEN 1740/2026 BECAS DE EXCELENCIA DEPORTIVA 25-26 (INICIO UNIVERSIDADES);CONSEJERÍA DE EDUCACIÓN, CIENCIA Y UNIVERSIDADES;903361;—;Subvención;05/10/2026;2100;https://www.bocm.es/bocm-20240520-20
Concesiones;ORDEN 1740/2026 BECAS DE EXCELENCIA DEPORTIVA 25-26 (INICIO UNIVERSIDADES);CONSEJERÍA DE EDUCACIÓN, CIENCIA Y UNIVERSIDADES;903361;—;Subvención;05/10/2026;2100;https://www.bocm.es/bocm-20240520-20
Concesiones;ORDEN 1740/2026 BECAS DE EXCELENCIA DEPORTIVA 25-26 (INICIO UNIVERSIDADES);CONSEJERÍA DE EDUCACIÓN, CIENCIA Y UNIVERSIDADES;903361;—;Subvención;05/10/2026;2100;https://www.bocm.es/bocm-20240520-20
Concesiones;ORDEN 1740/2026 BECAS DE EXCELENCIA DEPORTIVA 25-26 (INICIO UNIVERSIDADES);CONSEJERÍA DE EDUCACIÓN, CIENCIA Y UNIVERSIDADES;903361;—;Subvención;05/10/2026;2100;https://www.bocm.es/bocm-20240520-20
Concesiones;ORDEN 1740/2026 BECAS DE EXCELENCIA DEPORTIVA 25-26 (INICIO UNIVERSIDADES);CONSEJERÍA DE EDUCACIÓN, CIENCIA Y UNIVERSIDADES;903361;—;Subvención;05/10/2026;2100;https://www.bocm.es/bocm-20240520-20
Concesiones;ORDEN 1740/2026 BECAS DE EXCELENCIA DEPORTIVA 25-26 (INICIO UNIVERSIDADES);CONSEJERÍA DE EDUCACIÓN, CIENCIA Y UNIVERSIDADES;903361;—;Subvención;05/10/2026;2100;https://www.bocm.es/bocm-20240520-20
Concesiones;ORDEN 1740/2026 BECAS DE EXCELENCIA DEPORTIVA 25-26 (INICIO UNIVERSIDADES);CONSEJERÍA DE EDUCACIÓN, CIENCIA Y UNIVERSIDADES;903361;—;Subvención;05/10/2026;2100;https://www.bocm.es/bocm-20240520-20
Concesiones;ORDEN 1740/2026 BECAS DE EXCELENCIA DEPORTIVA 25-26 (INICIO UNIVERSIDADES);CONSEJERÍA DE EDUCACIÓN, CIENCIA Y UNIVERSIDADES;903361;—;Subvención;05/10/2026;2100;https://www.bocm.es/bocm-20240520-20
Concesiones;ORDEN 1740/2026 BECAS DE EXCELENCIA DEPORTIVA 25-26 (INICIO UNIVERSIDADES);CONSEJERÍA DE EDUCACIÓN, CIENCIA Y UNIVERSIDADES;903361;—;Subvención;05/10/2026;2100;https://www.bocm.es/bocm-20240520-20
Concesiones;ORDEN 1740/2026 BECAS DE EXCELENCIA DEPORTIVA 25-26 (INICIO UNIVERSIDADES);CONSEJERÍA DE EDUCACIÓN, CIENCIA Y UNIVERSIDADES;903361;—;Subvención;05/10/2026;2100;https://www.bocm.es/bocm-20240520-20
Concesiones;ORDEN 1740/2026 BECAS DE EXCELENCIA DEPORTIVA 25-26 (INICIO UNIVERSIDADES);CONSEJERÍA DE EDUCACIÓN, CIENCIA Y UNIVERSIDADES;903361;—;Subvención;05/10/2026;2100;https://www.bocm.es/bocm-20240520-20
Concesiones;ORDEN 1740/2026 BECAS DE EXCELENCIA DEPORTIVA 25-26 (INICIO UNIVERSIDADES);CONSEJERÍA DE EDUCACIÓN, CIENCIA Y UNIVERSIDADES;903361;—;Subvención;05/10/2026;2100;https://www.bocm.es/bocm-20240520-20
Concesiones;ORDEN 1740/2026 BECAS DE EXCELENCIA DEPORTIVA 25-26 (INICIO UNIVERSIDADES);CONSEJERÍA DE EDUCACIÓN, CIENCIA Y UNIVERSIDADES;903361;—;Subvención;05/10/2026;2100;https://www.bocm.es/bocm-20240520-20
Concesiones;ORDEN 1740/2026 BECAS DE EXCELENCIA DEPORTIVA 25-26 (INICIO UNIVERSIDADES);CONSEJERÍA DE EDUCACIÓN, CIENCIA Y UNIVERSIDADES;903361;—;Subvención;05/10/2026;2100;https://www.bocm.es/bocm-20240520-20
Concesiones;ORDEN 1740/2026 BECAS DE EXCELENCIA DEPORTIVA 25-26 (INICIO UNIVERSIDADES);CONSEJERÍA DE EDUCACIÓN, CIENCIA Y UNIVERSIDADES;903361;—;Subvención;05/10/2026;2100;https://www.bocm.es/bocm-20240520-20
Concesiones;ORDEN 1740/2026 BECAS DE EXCELENCIA DEPORTIVA 25-26 (INICIO UNIVERSIDADES);CONSEJERÍA DE EDUCACIÓN, CIENCIA Y UNIVERSIDADES;903361;—;Subvención;05/10/2026;2100;https://www.bocm.es/bocm-20240520-20
Concesiones;ORDEN 1740/2026 BECAS DE EXCELENCIA DEPORTIVA 25-26 (INICIO UNIVERSIDADES);CONSEJERÍA DE EDUCACIÓN, CIENCIA Y UNIVERSIDADES;903361;—;Subvención;05/10/2026;2100;https://www.bocm.es/bocm-20240520-20
Concesiones;Orden de 15/04/2026, de la Consejería de Fomento, por la que se establecen las bases reguladoras y se efectúa la convocatoria de las ayudas al alquiler de vivienda en Castilla-La Mancha. 2026;DIRECCIÓN GENERAL DE VIVIENDA;900401;—;Subvención;05/10/2026;2100;
Concesiones;Orden de 15/04/2026, de la Consejería de Fomento, por la que se establecen las bases reguladoras y se efectúa la convocatoria de las ayudas al alquiler de vivienda en Castilla-La Mancha. 2026;DIRECCIÓN GENERAL DE VIVIENDA;900401;—;Subvención;05/10/2026;2100;
Concesiones;Orden de 15/04/2026, de la Consejería de Fomento, por la que se establecen las bases reguladoras y se efectúa la convocatoria de las ayudas al alquiler de vivienda en Castilla-La Mancha. 2026;DIRECCIÓN GENERAL DE VIVIENDA;900401;—;Subvención;05/10/2026;2100;
Concesiones;TRAM.ANT.AYUDA A TRABAJADORES SE CONSTITUYEN POR CUENTA PROPIA CONV. 2026;CONSEJERÍA ECONOMÍA, HACIENDA Y EMPLEO;883367;—;Subvención;05/10/2026;2091,26;https://www.bocm.es/boletin/CM_Orden_BOCM/2025/04/02/BOCM-20250402-31.PDF
Concesiones;Subvenciones a Entidades Deportivas para Actividades de Tiempo Libre;CONSEJERÍA DE CULTURA, TURISMO, DEPORTE Y JUVENTUD;894408;ASOCIACION FUTBOL SALA ALFARO;Subvención;05/10/2026;2087,69;https://ias1.larioja.org/boletin/Bor_Boletin_visor_Servlet?referencia=25481235-1-PDF-554428-X
Concesiones;Convocatoria de Subvenciones a Municipios Y ELAS que promuevan Programas para jóvenes en el año 2026;DIPUTACIÓN PROVINCIAL DE CÓRDOBA;899812;E.L.A. DE ALGALLARIN;Subvención;05/10/2026;2077,92;https://sede.eprinsa.es/diputacion/tablon-de-edictos
Concesiones;Convocatoria subvenciones, para el año 2026, para la realización de proyectos en materia de familia, infancia y adolescencia en el ámbito rural;DIRECCIÓN GENERAL DE FAMILIA, INFANCIA Y NATALIDAD;906900;COMARCA BAJO ARAGON-CASPE / BAIX;Subvención;05/10/2026;2068,55;https://www.boa.aragon.es/cgi-bin/EBOA/BRSCGI?CMD=VEROBJ&MLKOB=1191369625050
Concesiones;Orden de 15/04/2026, de la Consejería de Fomento, por la que se establecen las bases reguladoras y se efectúa la convocatoria de las ayudas al alquiler de vivienda en Castilla-La Mancha. 2026;DIRECCIÓN GENERAL DE VIVIENDA;900401;—;Subvención;05/10/2026;2066,25;
Concesiones;Convocatoria de Subvenciones a Municipios Y ELAS que promuevan Programas para jóvenes en el año 2026;DIPUTACIÓN PROVINCIAL DE CÓRDOBA;899812;AYUNTAMIENTO DE SANTAELLA;Subvención;05/10/2026;2060,11;https://sede.eprinsa.es/diputacion/tablon-de-edictos
Concesiones;Convocatoria de Subvenciones a Municipios Y ELAS que promuevan Programas para jóvenes en el año 2026;DIPUTACIÓN PROVINCIAL DE CÓRDOBA;899812;E.L.A. OCHAVILLO DEL RÍO;Subvención;05/10/2026;2000;https://sede.eprinsa.es/diputacion/tablon-de-edictos
Concesiones;Convocatoria de Subvenciones a Municipios Y ELAS que promuevan Programas para jóvenes en el año 2026;DIPUTACIÓN PROVINCIAL DE CÓRDOBA;899812;AYUNTAMIENTO DE CONQUISTA;Subvención;05/10/2026;1988;https://sede.eprinsa.es/diputacion/tablon-de-edictos
Concesiones;Orden de 15/04/2026, de la Consejería de Fomento, por la que se establecen las bases reguladoras y se efectúa la convocatoria de las ayudas al alquiler de vivienda en Castilla-La Mancha. 2026;DIRECCIÓN GENERAL DE VIVIENDA;900401;—;Subvención;05/10/2026;1980;
Concesiones;TRAM.ANT.AYUDA A TRABAJADORES SE CONSTITUYEN POR CUENTA PROPIA CONV. 2026;CONSEJERÍA ECONOMÍA, HACIENDA Y EMPLEO;883367;—;Subvención;05/10/2026;1960;https://www.bocm.es/boletin/CM_Orden_BOCM/2025/04/02/BOCM-20250402-31.PDF
Concesiones;Orden de 15/04/2026, de la Consejería de Fomento, por la que se establecen las bases reguladoras y se efectúa la convocatoria de las ayudas al alquiler de vivienda en Castilla-La Mancha. 2026;DIRECCIÓN GENERAL DE VIVIENDA;900401;—;Subvención;05/10/2026;1950;
Concesiones;Orden de 15/04/2026, de la Consejería de Fomento, por la que se establecen las bases reguladoras y se efectúa la convocatoria de las ayudas al alquiler de vivienda en Castilla-La Mancha. 2026;DIRECCIÓN GENERAL DE VIVIENDA;900401;—;Subvención;05/10/2026;1950;
Concesiones;Orden de 15/04/2026, de la Consejería de Fomento, por la que se establecen las bases reguladoras y se efectúa la convocatoria de las ayudas al alquiler de vivienda en Castilla-La Mancha. 2026;DIRECCIÓN GENERAL DE VIVIENDA;900401;—;Subvención;05/10/2026;1920;
Concesiones;Subvenciones para obras de mejora y/o adecuación interior en viviendas que se incorporen a la Bolsa de Alquiler o que se acojan al programa de “rehabilitación por renta” durante el año 2026;DEPARTAMENTO DE VIVIENDA, JUVENTUD Y POLÍTICAS MIGRATORIAS;920490;—;Subvención;05/10/2026;1875;
Concesiones;Subvenciones a Entidades Deportivas para Actividades de Tiempo Libre;CONSEJERÍA DE CULTURA, TURISMO, DEPORTE Y JUVENTUD;894408;CLUB DEPORTIVO VALVANERA;Subvención;05/10/2026;1869,13;https://ias1.larioja.org/boletin/Bor_Boletin_visor_Servlet?referencia=25481235-1-PDF-554428-X
Concesiones;TRAM.ANT.AYUDA A TRABAJADORES SE CONSTITUYEN POR CUENTA PROPIA CONV. 2026;CONSEJERÍA ECONOMÍA, HACIENDA Y EMPLEO;883367;—;Subvención;05/10/2026;1850,03;https://www.bocm.es/boletin/CM_Orden_BOCM/2025/04/02/BOCM-20250402-31.PDF
Concesiones;Orden de 15/04/2026, de la Consejería de Fomento, por la que se establecen las bases reguladoras y se efectúa la convocatoria de las ayudas al alquiler de vivienda en Castilla-La Mancha. 2026;DIRECCIÓN GENERAL DE VIVIENDA;900401;—;Subvención;05/10/2026;1834,08;
Concesiones;Orden de 15/04/2026, de la Consejería de Fomento, por la que se establecen las bases reguladoras y se efectúa la convocatoria de las ayudas al alquiler de vivienda en Castilla-La Mancha. 2026;DIRECCIÓN GENERAL DE VIVIENDA;900401;—;Subvención;05/10/2026;1800;
Concesiones;Orden de 15/04/2026, de la Consejería de Fomento, por la que se establecen las bases reguladoras y se efectúa la convocatoria de las ayudas al alquiler de vivienda en Castilla-La Mancha. 2026;DIRECCIÓN GENERAL DE VIVIENDA;900401;—;Subvención;05/10/2026;1800;
Concesiones;Orden de 15/04/2026, de la Consejería de Fomento, por la que se establecen las bases reguladoras y se efectúa la convocatoria de las ayudas al alquiler de vivienda en Castilla-La Mancha. 2026;DIRECCIÓN GENERAL DE VIVIENDA;900401;—;Subvención;05/10/2026;1800;
Concesiones;Orden de 15/04/2026, de la Consejería de Fomento, por la que se establecen las bases reguladoras y se efectúa la convocatoria de las ayudas al alquiler de vivienda en Castilla-La Mancha. 2026;DIRECCIÓN GENERAL DE VIVIENDA;900401;—;Subvención;05/10/2026;1800;
Concesiones;Orden de 15/04/2026, de la Consejería de Fomento, por la que se establecen las bases reguladoras y se efectúa la convocatoria de las ayudas al alquiler de vivienda en Castilla-La Mancha. 2026;DIRECCIÓN GENERAL DE VIVIENDA;900401;—;Subvención;05/10/2026;1800;
Concesiones;Orden de 15/04/2026, de la Consejería de Fomento, por la que se establecen las bases reguladoras y se efectúa la convocatoria de las ayudas al alquiler de vivienda en Castilla-La Mancha. 2026;DIRECCIÓN GENERAL DE VIVIENDA;900401;—;Subvención;05/10/2026;1800;
Concesiones;AYUDAS EMERGENCIA AUTÓNOMOS INCENDIOS SIERRA OESTE COMUNIDAD DE MADRID;CONSEJERÍA ECONOMÍA, HACIENDA Y EMPLEO;928016;—;Subvención;05/10/2026;1798;https://www.bocm.es/bocm-20260904-19
Concesiones;AYUDAS EMERGENCIA AUTÓNOMOS INCENDIOS SIERRA OESTE COMUNIDAD DE MADRID;CONSEJERÍA ECONOMÍA, HACIENDA Y EMPLEO;928016;—;Subvención;05/10/2026;1798;https://www.bocm.es/bocm-20260904-19
Concesiones;AYUDAS EMERGENCIA AUTÓNOMOS INCENDIOS SIERRA OESTE COMUNIDAD DE MADRID;CONSEJERÍA ECONOMÍA, HACIENDA Y EMPLEO;928016;—;Subvención;05/10/2026;1798;https://www.bocm.es/bocm-20260904-19
Concesiones;AYUDAS EMERGENCIA AUTÓNOMOS INCENDIOS SIERRA OESTE COMUNIDAD DE MADRID;CONSEJERÍA ECONOMÍA, HACIENDA Y EMPLEO;928016;—;Subvención;05/10/2026;1798;https://www.bocm.es/bocm-20260904-19
Concesiones;AYUDAS EMERGENCIA AUTÓNOMOS INCENDIOS SIERRA OESTE COMUNIDAD DE MADRID;CONSEJERÍA ECONOMÍA, HACIENDA Y EMPLEO;928016;—;Subvención;05/10/2026;1798;https://www.bocm.es/bocm-20260904-19
Concesiones;AYUDAS EMERGENCIA AUTÓNOMOS INCENDIOS SIERRA OESTE COMUNIDAD DE MADRID;CONSEJERÍA ECONOMÍA, HACIENDA Y EMPLEO;928016;—;Subvención;05/10/2026;1798;https://www.bocm.es/bocm-20260904-19
Concesiones;AYUDAS EMERGENCIA AUTÓNOMOS INCENDIOS SIERRA OESTE COMUNIDAD DE MADRID;CONSEJERÍA ECONOMÍA, HACIENDA Y EMPLEO;928016;—;Subvención;05/10/2026;1798;https://www.bocm.es/bocm-20260904-19
Concesiones;AYUDAS EMERGENCIA AUTÓNOMOS INCENDIOS SIERRA OESTE COMUNIDAD DE MADRID;CONSEJERÍA ECONOMÍA, HACIENDA Y EMPLEO;928016;—;Subvención;05/10/2026;1798;https://www.bocm.es/bocm-20260904-19
Concesiones;AYUDAS EMERGENCIA AUTÓNOMOS INCENDIOS SIERRA OESTE COMUNIDAD DE MADRID;CONSEJERÍA ECONOMÍA, HACIENDA Y EMPLEO;928016;—;Subvención;05/10/2026;1798;https://www.bocm.es/bocm-20260904-19
Concesiones;AYUDAS EMERGENCIA AUTÓNOMOS INCENDIOS SIERRA OESTE COMUNIDAD DE MADRID;CONSEJERÍA ECONOMÍA, HACIENDA Y EMPLEO;928016;—;Subvención;05/10/2026;1798;https://www.bocm.es/bocm-20260904-19
Concesiones;AYUDAS EMERGENCIA AUTÓNOMOS INCENDIOS SIERRA OESTE COMUNIDAD DE MADRID;CONSEJERÍA ECONOMÍA, HACIENDA Y EMPLEO;928016;—;Subvención;05/10/2026;1798;https://www.bocm.es/bocm-20260904-19
Concesiones;AYUDAS EMERGENCIA AUTÓNOMOS INCENDIOS SIERRA OESTE COMUNIDAD DE MADRID;CONSEJERÍA ECONOMÍA, HACIENDA Y EMPLEO;928016;—;Subvención;05/10/2026;1798;https://www.bocm.es/bocm-20260904-19
Concesiones;AYUDAS EMERGENCIA AUTÓNOMOS INCENDIOS SIERRA OESTE COMUNIDAD DE MADRID;CONSEJERÍA ECONOMÍA, HACIENDA Y EMPLEO;928016;—;Subvención;05/10/2026;1798;https://www.bocm.es/bocm-20260904-19
Concesiones;AYUDAS EMERGENCIA AUTÓNOMOS INCENDIOS SIERRA OESTE COMUNIDAD DE MADRID;CONSEJERÍA ECONOMÍA, HACIENDA Y EMPLEO;928016;—;Subvención;05/10/2026;1798;https://www.bocm.es/bocm-20260904-19
Concesiones;AYUDAS EMERGENCIA AUTÓNOMOS INCENDIOS SIERRA OESTE COMUNIDAD DE MADRID;CONSEJERÍA ECONOMÍA, HACIENDA Y EMPLEO;928016;—;Subvención;05/10/2026;1798;https://www.bocm.es/bocm-20260904-19
Concesiones;AYUDAS EMERGENCIA AUTÓNOMOS INCENDIOS SIERRA OESTE COMUNIDAD DE MADRID;CONSEJERÍA ECONOMÍA, HACIENDA Y EMPLEO;928016;—;Subvención;05/10/2026;1798;https://www.bocm.es/bocm-20260904-19
Concesiones;Orden de 15/04/2026, de la Consejería de Fomento, por la que se establecen las bases reguladoras y se efectúa la convocatoria de las ayudas al alquiler de vivienda en Castilla-La Mancha. 2026;DIRECCIÓN GENERAL DE VIVIENDA;900401;—;Subvención;05/10/2026;1796,34;
Concesiones;Convocatoria de Subvenciones a Municipios Y ELAS que promuevan Programas para jóvenes en el año 2026;DIPUTACIÓN PROVINCIAL DE CÓRDOBA;899812;AYUNTAMIENTO DE VALSEQUILLO;Subvención;05/10/2026;1784;https://sede.eprinsa.es/diputacion/tablon-de-edictos
Concesiones;Orden de 15/04/2026, de la Consejería de Fomento, por la que se establecen las bases reguladoras y se efectúa la convocatoria de las ayudas al alquiler de vivienda en Castilla-La Mancha. 2026;DIRECCIÓN GENERAL DE VIVIENDA;900401;—;Subvención;05/10/2026;1743,24;
Concesiones;TRAM.ANT.AYUDA A TRABAJADORES SE CONSTITUYEN POR CUENTA PROPIA CONV. 2026;CONSEJERÍA ECONOMÍA, HACIENDA Y EMPLEO;883367;—;Subvención;05/10/2026;1734,84;https://www.bocm.es/boletin/CM_Orden_BOCM/2025/04/02/BOCM-20250402-31.PDF
Concesiones;TRAM.ANT.AYUDA A TRABAJADORES SE CONSTITUYEN POR CUENTA PROPIA CONV. 2026;CONSEJERÍA ECONOMÍA, HACIENDA Y EMPLEO;883367;—;Subvención;05/10/2026;1728,14;https://www.bocm.es/boletin/CM_Orden_BOCM/2025/04/02/BOCM-20250402-31.PDF
Concesiones;Orden de 15/04/2026, de la Consejería de Fomento, por la que se establecen las bases reguladoras y se efectúa la convocatoria de las ayudas al alquiler de vivienda en Castilla-La Mancha. 2026;DIRECCIÓN GENERAL DE VIVIENDA;900401;—;Subvención;05/10/2026;1722;
Concesiones;Orden de 15/04/2026, de la Consejería de Fomento, por la que se establecen las bases reguladoras y se efectúa la convocatoria de las ayudas al alquiler de vivienda en Castilla-La Mancha. 2026;DIRECCIÓN GENERAL DE VIVIENDA;900401;—;Subvención;05/10/2026;1710;
Concesiones;Resolución de 26/12/2025 por la que se aprueba la convocatoria de subvenciones para la realización de proyectos de formación profesional y empleo en el seno de la empresa, Línea 5 Sectorial, para el año 2026. REG (UE) 2023/2831.;DIRECCIÓN GENERAL FORMACIÓN PROFESIONAL EN EL ÁMBITO LABORAL;878664;SENIOR, GESTIÓN SOCIAL SRL;Subvención;05/10/2026;1701,6;https://docm.jccm.es/docm/descargarArchivo.do?ruta=2024/08/09/pdf/2024_6382.pdf&tipo=rutaDocm
Concesiones;Resolución de 26/12/2025 por la que se aprueba la convocatoria de subvenciones para la realización de proyectos de formación profesional y empleo en el seno de la empresa, Línea 5 Sectorial, para el año 2026. REG (UE) 2023/2831.;DIRECCIÓN GENERAL FORMACIÓN PROFESIONAL EN EL ÁMBITO LABORAL;878664;MAIS ASISTENCIA S.L.;Subvención;05/10/2026;1650,6;https://docm.jccm.es/docm/descargarArchivo.do?ruta=2024/08/09/pdf/2024_6382.pdf&tipo=rutaDocm
Concesiones;Resolución de 26/12/2025 por la que se aprueba la convocatoria de subvenciones para la realización de proyectos de formación profesional y empleo en el seno de la empresa, Línea 5 Sectorial, para el año 2026. REG (UE) 2023/2831.;DIRECCIÓN GENERAL FORMACIÓN PROFESIONAL EN EL ÁMBITO LABORAL;878664;TAR 2022 ATENCIÓN A DOMICILIO, S.L.;Subvención;05/10/2026;1650,6;https://docm.jccm.es/docm/descargarArchivo.do?ruta=2024/08/09/pdf/2024_6382.pdf&tipo=rutaDocm
Concesiones;Orden de 15/04/2026, de la Consejería de Fomento, por la que se establecen las bases reguladoras y se efectúa la convocatoria de las ayudas al alquiler de vivienda en Castilla-La Mancha. 2026;DIRECCIÓN GENERAL DE VIVIENDA;900401;—;Subvención;05/10/2026;1650;
Concesiones;Orden de 15/04/2026, de la Consejería de Fomento, por la que se establecen las bases reguladoras y se efectúa la convocatoria de las ayudas al alquiler de vivienda en Castilla-La Mancha. 2026;DIRECCIÓN GENERAL DE VIVIENDA;900401;—;Subvención;05/10/2026;1650;
Concesiones;Orden de 15/04/2026, de la Consejería de Fomento, por la que se establecen las bases reguladoras y se efectúa la convocatoria de las ayudas al alquiler de vivienda en Castilla-La Mancha. 2026;DIRECCIÓN GENERAL DE VIVIENDA;900401;—;Subvención;05/10/2026;1650;
Concesiones;TRAM. ANTICIPADA AYUDA TARIFA CERO EN LA COMUNIDAD DE MADRID CONV 2026;CONSEJERÍA ECONOMÍA, HACIENDA Y EMPLEO;883109;—;Subvención;05/10/2026;1627,18;https://www.bocm.es/boletin/CM_Orden_BOCM/2023/01/10/BOCM-20230110-13.PDF
Concesiones;TRAM.ANT.AYUDA A TRABAJADORES SE CONSTITUYEN POR CUENTA PROPIA CONV. 2026;CONSEJERÍA ECONOMÍA, HACIENDA Y EMPLEO;883367;—;Subvención;05/10/2026;1626;https://www.bocm.es/boletin/CM_Orden_BOCM/2025/04/02/BOCM-20250402-31.PDF
Concesiones;Orden de 15/04/2026, de la Consejería de Fomento, por la que se establecen las bases reguladoras y se efectúa la convocatoria de las ayudas al alquiler de vivienda en Castilla-La Mancha. 2026;DIRECCIÓN GENERAL DE VIVIENDA;900401;—;Subvención;05/10/2026;1620;
Concesiones;Subvenciones a Entidades Deportivas para Actividades de Tiempo Libre;CONSEJERÍA DE CULTURA, TURISMO, DEPORTE Y JUVENTUD;894408;CLUB DEPORTIVO JESUITAS LOGRONO;Subvención;05/10/2026;1616,99;https://ias1.larioja.org/boletin/Bor_Boletin_visor_Servlet?referencia=25481235-1-PDF-554428-X
Concesiones;Resolución de 10/04/2025, por la que se aprueba la convocatoria de concesión de subvenciones para la realización de acciones de formación profesional en el ámbito laboral, dirigidas a personas trabajadoras desempleadas (Modalidad II), anualidad 2025.;DIRECCIÓN GENERAL FORMACIÓN PROFESIONAL EN EL ÁMBITO LABORAL;826697;—;Subvención;05/10/2026;1594,9;https://docm.jccm.es/docm/descargarArchivo.do?ruta=2024/07/19/pdf/2024_5810.pdf&tipo=rutaDocm
Concesiones;Subvenciones a Entidades Deportivas para Actividades de Tiempo Libre;CONSEJERÍA DE CULTURA, TURISMO, DEPORTE Y JUVENTUD;894408;PROMESAS EDF;Subvención;05/10/2026;1536,61;https://ias1.larioja.org/boletin/Bor_Boletin_visor_Servlet?referencia=25481235-1-PDF-554428-X
Concesiones;Orden de 15/04/2026, de la Consejería de Fomento, por la que se establecen las bases reguladoras y se efectúa la convocatoria de las ayudas al alquiler de vivienda en Castilla-La Mancha. 2026;DIRECCIÓN GENERAL DE VIVIENDA;900401;—;Subvención;05/10/2026;1500;
Concesiones;Orden de 15/04/2026, de la Consejería de Fomento, por la que se establecen las bases reguladoras y se efectúa la convocatoria de las ayudas al alquiler de vivienda en Castilla-La Mancha. 2026;DIRECCIÓN GENERAL DE VIVIENDA;900401;—;Subvención;05/10/2026;1500;
Concesiones;Resolución de 10/04/2025, por la que se aprueba la convocatoria de concesión de subvenciones para la realización de acciones de formación profesional en el ámbito laboral, dirigidas a personas trabajadoras desempleadas (Modalidad II), anualidad 2025.;DIRECCIÓN GENERAL FORMACIÓN PROFESIONAL EN EL ÁMBITO LABORAL;826697;—;Subvención;05/10/2026;1439;https://docm.jccm.es/docm/descargarArchivo.do?ruta=2024/07/19/pdf/2024_5810.pdf&tipo=rutaDocm
Concesiones;Orden de 15/04/2026, de la Consejería de Fomento, por la que se establecen las bases reguladoras y se efectúa la convocatoria de las ayudas al alquiler de vivienda en Castilla-La Mancha. 2026;DIRECCIÓN GENERAL DE VIVIENDA;900401;—;Subvención;05/10/2026;1404,6;
Concesiones;AYUDAS EMERGENCIA AUTÓNOMOS INCENDIOS SIERRA OESTE COMUNIDAD DE MADRID;CONSEJERÍA ECONOMÍA, HACIENDA Y EMPLEO;928016;—;Subvención;05/10/2026;1389;https://www.bocm.es/bocm-20260904-19
Concesiones;Orden de 15/04/2026, de la Consejería de Fomento, por la que se establecen las bases reguladoras y se efectúa la convocatoria de las ayudas al alquiler de vivienda en Castilla-La Mancha. 2026;DIRECCIÓN GENERAL DE VIVIENDA;900401;—;Subvención;05/10/2026;1350;
Concesiones;Resolución de 10/04/2025, por la que se aprueba la convocatoria de concesión de subvenciones para la realización de acciones de formación profesional en el ámbito laboral, dirigidas a personas trabajadoras desempleadas (Modalidad II), anualidad 2025.;DIRECCIÓN GENERAL FORMACIÓN PROFESIONAL EN EL ÁMBITO LABORAL;826697;—;Subvención;05/10/2026;1335;https://docm.jccm.es/docm/descargarArchivo.do?ruta=2024/07/19/pdf/2024_5810.pdf&tipo=rutaDocm
Concesiones;Resolución por la que se aprueba la convocatoria pública de concesión de subvenciones para la realización de acciones de formación profesional en el ámbito laboral, dirigidas a personas trabajadoras ocupadas (Modalidad I), para la anualidad 2025.;DIRECCIÓN GENERAL FORMACIÓN PROFESIONAL EN EL ÁMBITO LABORAL;842569;—;Subvención;05/10/2026;1320;https://docm.jccm.es/docm/descargarArchivo.do?ruta=2024/07/19/pdf/2024_5810.pdf&tipo=rutaDocm
Concesiones;Orden de 15/04/2026, de la Consejería de Fomento, por la que se establecen las bases reguladoras y se efectúa la convocatoria de las ayudas al alquiler de vivienda en Castilla-La Mancha. 2026;DIRECCIÓN GENERAL DE VIVIENDA;900401;—;Subvención;05/10/2026;1320;
Concesiones;Resolución de 26/12/2025 por la que se aprueba la convocatoria de subvenciones para la realización de proyectos de formación profesional y empleo en el seno de la empresa, Línea 5 Sectorial, para el año 2026. REG (UE) 2023/2831.;DIRECCIÓN GENERAL FORMACIÓN PROFESIONAL EN EL ÁMBITO LABORAL;878664;GIRODA 2019, SOCIEDAD LIMITADA;Subvención;05/10/2026;1280,4;https://docm.jccm.es/docm/descargarArchivo.do?ruta=2024/08/09/pdf/2024_6382.pdf&tipo=rutaDocm
Concesiones;Resolución de 26/12/2025 por la que se aprueba la convocatoria de subvenciones para la realización de proyectos de formación profesional y empleo en el seno de la empresa, Línea 5 Sectorial, para el año 2026. REG (UE) 2023/2831.;DIRECCIÓN GENERAL FORMACIÓN PROFESIONAL EN EL ÁMBITO LABORAL;878664;EVHOCAR GROUP, SL;Subvención;05/10/2026;1280,4;https://docm.jccm.es/docm/descargarArchivo.do?ruta=2024/08/09/pdf/2024_6382.pdf&tipo=rutaDocm
Concesiones;Resolución de 26/12/2025 por la que se aprueba la convocatoria de subvenciones para la realización de proyectos de formación profesional y empleo en el seno de la empresa, Línea 5 Sectorial, para el año 2026. REG (UE) 2023/2831.;DIRECCIÓN GENERAL FORMACIÓN PROFESIONAL EN EL ÁMBITO LABORAL;878664;DAROBI 2006 SL;Subvención;05/10/2026;1280,4;https://docm.jccm.es/docm/descargarArchivo.do?ruta=2024/08/09/pdf/2024_6382.pdf&tipo=rutaDocm
Concesiones;Resolución de 10/04/2025, por la que se aprueba la convocatoria de concesión de subvenciones para la realización de acciones de formación profesional en el ámbito laboral, dirigidas a personas trabajadoras desempleadas (Modalidad II), anualidad 2025.;DIRECCIÓN GENERAL FORMACIÓN PROFESIONAL EN EL ÁMBITO LABORAL;826697;—;Subvención;05/10/2026;1263,96;https://docm.jccm.es/docm/descargarArchivo.do?ruta=2024/07/19/pdf/2024_5810.pdf&tipo=rutaDocm
Concesiones;Subvenciones a Entidades Deportivas para Actividades de Tiempo Libre;CONSEJERÍA DE CULTURA, TURISMO, DEPORTE Y JUVENTUD;894408;RIOJA ALTA ORIENTACION;Subvención;05/10/2026;1247,84;https://ias1.larioja.org/boletin/Bor_Boletin_visor_Servlet?referencia=25481235-1-PDF-554428-X
Concesiones;Orden de 15/04/2026, de la Consejería de Fomento, por la que se establecen las bases reguladoras y se efectúa la convocatoria de las ayudas al alquiler de vivienda en Castilla-La Mancha. 2026;DIRECCIÓN GENERAL DE VIVIENDA;900401;—;Subvención;05/10/2026;1236;
Concesiones;Subvenciones a Entidades Deportivas para Actividades de Tiempo Libre;CONSEJERÍA DE CULTURA, TURISMO, DEPORTE Y JUVENTUD;894408;PROMESAS EDF;Subvención;05/10/2026;1212,96;https://ias1.larioja.org/boletin/Bor_Boletin_visor_Servlet?referencia=25481235-1-PDF-554428-X
Concesiones;Orden de 15/04/2026, de la Consejería de Fomento, por la que se establecen las bases reguladoras y se efectúa la convocatoria de las ayudas al alquiler de vivienda en Castilla-La Mancha. 2026;DIRECCIÓN GENERAL DE VIVIENDA;900401;—;Subvención;05/10/2026;1200;
Concesiones;Orden de 15/04/2026, de la Consejería de Fomento, por la que se establecen las bases reguladoras y se efectúa la convocatoria de las ayudas al alquiler de vivienda en Castilla-La Mancha. 2026;DIRECCIÓN GENERAL DE VIVIENDA;900401;—;Subvención;05/10/2026;1200;
Concesiones;Subvenciones a Entidades Deportivas para Actividades de Tiempo Libre;CONSEJERÍA DE CULTURA, TURISMO, DEPORTE Y JUVENTUD;894408;AGRUPACION DEPORTIVA BASKET 77;Subvención;05/10/2026;1187,57;https://ias1.larioja.org/boletin/Bor_Boletin_visor_Servlet?referencia=25481235-1-PDF-554428-X
Concesiones;Subvenciones a Entidades Deportivas para Actividades de Tiempo Libre;CONSEJERÍA DE CULTURA, TURISMO, DEPORTE Y JUVENTUD;894408;AGRUPACION DEPORTIVA BASKET 77;Subvención;05/10/2026;1151,62;https://ias1.larioja.org/boletin/Bor_Boletin_visor_Servlet?referencia=25481235-1-PDF-554428-X
Concesiones;Subvenciones a Entidades Deportivas para Actividades de Tiempo Libre;CONSEJERÍA DE CULTURA, TURISMO, DEPORTE Y JUVENTUD;894408;CLUB DEPORTIVO JESUITAS LOGRONO;Subvención;05/10/2026;1148,83;https://ias1.larioja.org/boletin/Bor_Boletin_visor_Servlet?referencia=25481235-1-PDF-554428-X
Concesiones;Subvenciones a Entidades Deportivas para Actividades de Tiempo Libre;CONSEJERÍA DE CULTURA, TURISMO, DEPORTE Y JUVENTUD;894408;ASOC.DEP.DE NATAC,DE ARNEDO;Subvención;05/10/2026;1111,82;https://ias1.larioja.org/boletin/Bor_Boletin_visor_Servlet?referencia=25481235-1-PDF-554428-X
Concesiones;AYUDA PYMES ARTESANAS PROMOCION Y FORMACIÓN 2026;CONSEJERÍA ECONOMÍA, HACIENDA Y EMPLEO;885172;—;Subvención;05/10/2026;1106,82;http://www.bocm.es/boletin/CM_Orden_BOCM/2021/05/29/BOCM-20210529-2.PDF
Concesiones;Resolución de 26/12/2025 por la que se aprueba la convocatoria de subvenciones para la realización de proyectos de formación profesional y empleo en el seno de la empresa, Línea 5 Sectorial, para el año 2026. REG (UE) 2023/2831.;DIRECCIÓN GENERAL FORMACIÓN PROFESIONAL EN EL ÁMBITO LABORAL;878664;—;Subvención;05/10/2026;1100,4;https://docm.jccm.es/docm/descargarArchivo.do?ruta=2024/08/09/pdf/2024_6382.pdf&tipo=rutaDocm
Concesiones;Subvenciones a Entidades Deportivas para Actividades de Tiempo Libre;CONSEJERÍA DE CULTURA, TURISMO, DEPORTE Y JUVENTUD;894408;CLUB POLIDEPORTIVO CALASANCIO;Subvención;05/10/2026;1092,7;https://ias1.larioja.org/boletin/Bor_Boletin_visor_Servlet?referencia=25481235-1-PDF-554428-X
Concesiones;Convocatoria subvenciones, para el año 2026, para la realización de proyectos en materia de familia, infancia y adolescencia en el ámbito rural;DIRECCIÓN GENERAL DE FAMILIA, INFANCIA Y NATALIDAD;906900;COMARCA CUENCAS MINERAS;Subvención;05/10/2026;1091,01;https://www.boa.aragon.es/cgi-bin/EBOA/BRSCGI?CMD=VEROBJ&MLKOB=1191369625050
Concesiones;Subvenciones a Entidades Deportivas para Actividades de Tiempo Libre;CONSEJERÍA DE CULTURA, TURISMO, DEPORTE Y JUVENTUD;894408;CLUB CICLISTA HARENSE;Subvención;05/10/2026;1084,66;https://ias1.larioja.org/boletin/Bor_Boletin_visor_Servlet?referencia=25481235-1-PDF-554428-X
Concesiones;Subvenciones a Entidades Deportivas para Actividades de Tiempo Libre;CONSEJERÍA DE CULTURA, TURISMO, DEPORTE Y JUVENTUD;894408;ESCUELA FUTBOL BASE AUTOL;Subvención;05/10/2026;1080,63;https://ias1.larioja.org/boletin/Bor_Boletin_visor_Servlet?referencia=25481235-1-PDF-554428-X
Concesiones;AYUDAS DESEMPLEADOS MAYORES DE 52 AÑOS ESPECIALIDADES;CONSEJERÍA ECONOMÍA, HACIENDA Y EMPLEO;904403;—;Subvención;05/10/2026;1080;https://www.bocm.es/boletin/CM_Orden_BOCM/2026/01/02/BOCM-20260102-26.PDF
Concesiones;Subvenciones a Entidades Deportivas para Actividades de Tiempo Libre;CONSEJERÍA DE CULTURA, TURISMO, DEPORTE Y JUVENTUD;894408;CLUB DEPORTIVO JESUITAS LOGRONO;Subvención;05/10/2026;1052,94;https://ias1.larioja.org/boletin/Bor_Boletin_visor_Servlet?referencia=25481235-1-PDF-554428-X
Concesiones;Resolución de 10/04/2025, por la que se aprueba la convocatoria de concesión de subvenciones para la realización de acciones de formación profesional en el ámbito laboral, dirigidas a personas trabajadoras desempleadas (Modalidad II), anualidad 2025.;DIRECCIÓN GENERAL FORMACIÓN PROFESIONAL EN EL ÁMBITO LABORAL;826697;—;Subvención;05/10/2026;1034,82;https://docm.jccm.es/docm/descargarArchivo.do?ruta=2024/07/19/pdf/2024_5810.pdf&tipo=rutaDocm
Concesiones;Subvenciones a Entidades Deportivas para Actividades de Tiempo Libre;CONSEJERÍA DE CULTURA, TURISMO, DEPORTE Y JUVENTUD;894408;PROMESAS EDF;Subvención;05/10/2026;1003,02;https://ias1.larioja.org/boletin/Bor_Boletin_visor_Servlet?referencia=25481235-1-PDF-554428-X
Concesiones;Subvenciones a Entidades Deportivas para Actividades de Tiempo Libre;CONSEJERÍA DE CULTURA, TURISMO, DEPORTE Y JUVENTUD;894408;LOGROBASKET CLUB;Subvención;05/10/2026;997,89;https://ias1.larioja.org/boletin/Bor_Boletin_visor_Servlet?referencia=25481235-1-PDF-554428-X
Concesiones;Subvenciones a Entidades Deportivas para Actividades de Tiempo Libre;CONSEJERÍA DE CULTURA, TURISMO, DEPORTE Y JUVENTUD;894408;CLUB ARFES RIOJA;Subvención;05/10/2026;967,01;https://ias1.larioja.org/boletin/Bor_Boletin_visor_Servlet?referencia=25481235-1-PDF-554428-X
Concesiones;TRAM ANTICIPADA AYUDAS DE TARIFA CERO EN LA COMUNIDAD DE MADRID;CONSEJERÍA ECONOMÍA, HACIENDA Y EMPLEO;742575;—;Subvención;05/10/2026;960;https://www.bocm.es/boletin/CM_Orden_BOCM/2023/01/10/BOCM-20230110-13.PDF
Concesiones;TRAM ANTICIPADA AYUDAS DE TARIFA CERO EN LA COMUNIDAD DE MADRID;CONSEJERÍA ECONOMÍA, HACIENDA Y EMPLEO;742575;—;Subvención;05/10/2026;960;https://www.bocm.es/boletin/CM_Orden_BOCM/2023/01/10/BOCM-20230110-13.PDF
Concesiones;TRAM ANTICIPADA AYUDAS DE TARIFA CERO EN LA COMUNIDAD DE MADRID;CONSEJERÍA ECONOMÍA, HACIENDA Y EMPLEO;742575;—;Subvención;05/10/2026;960;https://www.bocm.es/boletin/CM_Orden_BOCM/2023/01/10/BOCM-20230110-13.PDF
Concesiones;TRAM ANTICIPADA AYUDAS DE TARIFA CERO EN LA COMUNIDAD DE MADRID;CONSEJERÍA ECONOMÍA, HACIENDA Y EMPLEO;742575;—;Subvención;05/10/2026;960;https://www.bocm.es/boletin/CM_Orden_BOCM/2023/01/10/BOCM-20230110-13.PDF
Concesiones;Resolución por la que se aprueba la convocatoria pública de concesión de subvenciones para la realización de acciones de formación profesional en el ámbito laboral, dirigidas a personas trabajadoras ocupadas (Modalidad I), para la anualidad 2025.;DIRECCIÓN GENERAL FORMACIÓN PROFESIONAL EN EL ÁMBITO LABORAL;842569;—;Subvención;05/10/2026;960;https://docm.jccm.es/docm/descargarArchivo.do?ruta=2024/07/19/pdf/2024_5810.pdf&tipo=rutaDocm
Concesiones;(COC) Plan Competitividad del Comercio Minorista (Reg. Minimis 2023/2831);AGENCIA DE DESARROLLO ECONÓMICO DE LA RIOJA;825899;PACRIS 2002 SL;Subvención;05/10/2026;959,19;https://ias1.larioja.org/boletin/Bor_Boletin_visor_Servlet?referencia=30752584-1-PDF-563454
Concesiones;Subvenciones a Entidades Deportivas para Actividades de Tiempo Libre;CONSEJERÍA DE CULTURA, TURISMO, DEPORTE Y JUVENTUD;894408;CLUB GIMNASIA LOGROÑO;Subvención;05/10/2026;938,82;https://ias1.larioja.org/boletin/Bor_Boletin_visor_Servlet?referencia=25481235-1-PDF-554428-X
Concesiones;Subvenciones a Entidades Deportivas para Actividades de Tiempo Libre;CONSEJERÍA DE CULTURA, TURISMO, DEPORTE Y JUVENTUD;894408;AGRUPACION DEPORTIVA BASKET 77;Subvención;05/10/2026;924,3;https://ias1.larioja.org/boletin/Bor_Boletin_visor_Servlet?referencia=25481235-1-PDF-554428-X
Concesiones;Resolución por la que se publica el crédito disponible, en el ejercicio 2026, para atender las ayudas previstas en el Decreto 104/2025, de 23 de diciembre, de concesión directa de subvenciones en el marco del Programa Retorno del Talento. No mínimis.;VICECONSEJERÍA DE EMPLEO, DIÁLOGO SOCIAL Y SEGURIDAD Y SALUD LABORAL;897595;—;Subvención;05/10/2026;906,1;https://docm.jccm.es/docm/descargarArchivo.do?ruta=2025/12/30/pdf/2025_9955.pdf&tipo=rutaDocm
Concesiones;Resolución de 10/04/2025, por la que se aprueba la convocatoria de concesión de subvenciones para la realización de acciones de formación profesional en el ámbito laboral, dirigidas a personas trabajadoras desempleadas (Modalidad II), anualidad 2025.;DIRECCIÓN GENERAL FORMACIÓN PROFESIONAL EN EL ÁMBITO LABORAL;826697;—;Subvención;05/10/2026;891;https://docm.jccm.es/docm/descargarArchivo.do?ruta=2024/07/19/pdf/2024_5810.pdf&tipo=rutaDocm
Concesiones;Subvenciones a Entidades Deportivas para Actividades de Tiempo Libre;CONSEJERÍA DE CULTURA, TURISMO, DEPORTE Y JUVENTUD;894408;PROMESAS EDF;Subvención;05/10/2026;887,69;https://ias1.larioja.org/boletin/Bor_Boletin_visor_Servlet?referencia=25481235-1-PDF-554428-X
Concesiones;TRAM.ANT.AYUDA A TRABAJADORES SE CONSTITUYEN POR CUENTA PROPIA CONV. 2026;CONSEJERÍA ECONOMÍA, HACIENDA Y EMPLEO;883367;—;Subvención;05/10/2026;878,01;https://www.bocm.es/boletin/CM_Orden_BOCM/2025/04/02/BOCM-20250402-31.PDF
Concesiones;TRAM.ANT.AYUDA A TRABAJADORES SE CONSTITUYEN POR CUENTA PROPIA CONV. 2026;CONSEJERÍA ECONOMÍA, HACIENDA Y EMPLEO;883367;—;Subvención;05/10/2026;873,58;https://www.bocm.es/boletin/CM_Orden_BOCM/2025/04/02/BOCM-20250402-31.PDF
Concesiones;Resolución de 10/04/2025, por la que se aprueba la convocatoria de concesión de subvenciones para la realización de acciones de formación profesional en el ámbito laboral, dirigidas a personas trabajadoras desempleadas (Modalidad II), anualidad 2025.;DIRECCIÓN GENERAL FORMACIÓN PROFESIONAL EN EL ÁMBITO LABORAL;826697;—;Subvención;05/10/2026;865,5;https://docm.jccm.es/docm/descargarArchivo.do?ruta=2024/07/19/pdf/2024_5810.pdf&tipo=rutaDocm
Concesiones;Subvenciones a Entidades Deportivas para Actividades de Tiempo Libre;CONSEJERÍA DE CULTURA, TURISMO, DEPORTE Y JUVENTUD;894408;BABY BASKET RIOJA;Subvención;05/10/2026;864,62;https://ias1.larioja.org/boletin/Bor_Boletin_visor_Servlet?referencia=25481235-1-PDF-554428-X
Concesiones;Resolución de 26/12/2025 por la que se aprueba la convocatoria de subvenciones para la realización de proyectos de formación profesional y empleo en el seno de la empresa, Línea 5 Sectorial, para el año 2026. REG (UE) 2023/2831.;DIRECCIÓN GENERAL FORMACIÓN PROFESIONAL EN EL ÁMBITO LABORAL;878664;GARCINIA 12 DOS, S.L.;Subvención;05/10/2026;850,8;https://docm.jccm.es/docm/descargarArchivo.do?ruta=2024/08/09/pdf/2024_6382.pdf&tipo=rutaDocm
Concesiones;Resolución de 26/12/2025 por la que se aprueba la convocatoria de subvenciones para la realización de proyectos de formación profesional y empleo en el seno de la empresa, Línea 5 Sectorial, para el año 2026. REG (UE) 2023/2831.;DIRECCIÓN GENERAL FORMACIÓN PROFESIONAL EN EL ÁMBITO LABORAL;878664;RR SIERVAS POBRES- RESIDENC. SANTO;Subvención;05/10/2026;850,8;https://docm.jccm.es/docm/descargarArchivo.do?ruta=2024/08/09/pdf/2024_6382.pdf&tipo=rutaDocm
Concesiones;Subvenciones a Entidades Deportivas para Actividades de Tiempo Libre;CONSEJERÍA DE CULTURA, TURISMO, DEPORTE Y JUVENTUD;894408;CLUB RIOJANO DE ORIENT.EN LA NATURALEZA;Subvención;05/10/2026;845,16;https://ias1.larioja.org/boletin/Bor_Boletin_visor_Servlet?referencia=25481235-1-PDF-554428-X
Concesiones;Subvenciones a Entidades Deportivas para Actividades de Tiempo Libre;CONSEJERÍA DE CULTURA, TURISMO, DEPORTE Y JUVENTUD;894408;LOGROBASKET CLUB;Subvención;05/10/2026;841,33;https://ias1.larioja.org/boletin/Bor_Boletin_visor_Servlet?referencia=25481235-1-PDF-554428-X
Concesiones;Resolución de 10/04/2025, por la que se aprueba la convocatoria de concesión de subvenciones para la realización de acciones de formación profesional en el ámbito laboral, dirigidas a personas trabajadoras desempleadas (Modalidad II), anualidad 2025.;DIRECCIÓN GENERAL FORMACIÓN PROFESIONAL EN EL ÁMBITO LABORAL;826697;—;Subvención;05/10/2026;838,5;https://docm.jccm.es/docm/descargarArchivo.do?ruta=2024/07/19/pdf/2024_5810.pdf&tipo=rutaDocm
Concesiones;TRAM.ANT.AYUDA A TRABAJADORES SE CONSTITUYEN POR CUENTA PROPIA CONV. 2026;CONSEJERÍA ECONOMÍA, HACIENDA Y EMPLEO;883367;—;Subvención;05/10/2026;825,78;https://www.bocm.es/boletin/CM_Orden_BOCM/2025/04/02/BOCM-20250402-31.PDF
Concesiones;Resolución de 10/04/2025, por la que se aprueba la convocatoria de concesión de subvenciones para la realización de acciones de formación profesional en el ámbito laboral, dirigidas a personas trabajadoras desempleadas (Modalidad II), anualidad 2025.;DIRECCIÓN GENERAL FORMACIÓN PROFESIONAL EN EL ÁMBITO LABORAL;826697;—;Subvención;05/10/2026;816,04;https://docm.jccm.es/docm/descargarArchivo.do?ruta=2024/07/19/pdf/2024_5810.pdf&tipo=rutaDocm
Concesiones;Subvenciones a Entidades Deportivas para Actividades de Tiempo Libre;CONSEJERÍA DE CULTURA, TURISMO, DEPORTE Y JUVENTUD;894408;CLUB DEPORTIVO JESUITAS LOGRONO;Subvención;05/10/2026;807,45;https://ias1.larioja.org/boletin/Bor_Boletin_visor_Servlet?referencia=25481235-1-PDF-554428-X
Concesiones;Subvenciones a Entidades Deportivas para Actividades de Tiempo Libre;CONSEJERÍA DE CULTURA, TURISMO, DEPORTE Y JUVENTUD;894408;ASOC.DEP.DE NATAC,DE ARNEDO;Subvención;05/10/2026;802,44;https://ias1.larioja.org/boletin/Bor_Boletin_visor_Servlet?referencia=25481235-1-PDF-554428-X
Concesiones;Convocatoria subvenciones, para el año 2026, para la realización de proyectos en materia de familia, infancia y adolescencia en el ámbito rural;DIRECCIÓN GENERAL DE FAMILIA, INFANCIA Y NATALIDAD;906900;COMARCA DE GUDAR JAVALAMBRE;Subvención;05/10/2026;762,94;https://www.boa.aragon.es/cgi-bin/EBOA/BRSCGI?CMD=VEROBJ&MLKOB=1191369625050
Concesiones;Subvenciones a Entidades Deportivas para Actividades de Tiempo Libre;CONSEJERÍA DE CULTURA, TURISMO, DEPORTE Y JUVENTUD;894408;ASOC VOLEY VIÑA;Subvención;05/10/2026;745,2;https://ias1.larioja.org/boletin/Bor_Boletin_visor_Servlet?referencia=25481235-1-PDF-554428-X
Concesiones;Orden de 15/04/2026, de la Consejería de Fomento, por la que se establecen las bases reguladoras y se efectúa la convocatoria de las ayudas al alquiler de vivienda en Castilla-La Mancha. 2026;DIRECCIÓN GENERAL DE VIVIENDA;900401;—;Subvención;05/10/2026;737,88;
Concesiones;Subvenciones a Entidades Deportivas para Actividades de Tiempo Libre;CONSEJERÍA DE CULTURA, TURISMO, DEPORTE Y JUVENTUD;894408;LOGROBASKET CLUB;Subvención;05/10/2026;693,36;https://ias1.larioja.org/boletin/Bor_Boletin_visor_Servlet?referencia=25481235-1-PDF-554428-X
Concesiones;AYUDAS DESEMPLEADOS MAYORES DE 52 AÑOS ESPECIALIDADES;CONSEJERÍA ECONOMÍA, HACIENDA Y EMPLEO;904403;—;Subvención;05/10/2026;648;https://www.bocm.es/boletin/CM_Orden_BOCM/2026/01/02/BOCM-20260102-26.PDF
Concesiones;AYUDAS DESEMPLEADOS MAYORES DE 52 AÑOS ESPECIALIDADES;CONSEJERÍA ECONOMÍA, HACIENDA Y EMPLEO;904403;—;Subvención;05/10/2026;648;https://www.bocm.es/boletin/CM_Orden_BOCM/2026/01/02/BOCM-20260102-26.PDF
Concesiones;AYUDAS DESEMPLEADOS MAYORES DE 52 AÑOS ESPECIALIDADES;CONSEJERÍA ECONOMÍA, HACIENDA Y EMPLEO;904403;—;Subvención;05/10/2026;648;https://www.bocm.es/boletin/CM_Orden_BOCM/2026/01/02/BOCM-20260102-26.PDF
Concesiones;Resolución de 26/12/2025 por la que se aprueba la convocatoria de subvenciones para la realización de proyectos de formación profesional y empleo en el seno de la empresa, Línea 5 Sectorial, para el año 2026. REG (UE) 2023/2831.;DIRECCIÓN GENERAL FORMACIÓN PROFESIONAL EN EL ÁMBITO LABORAL;878664;VIÑA DE GAITANEJOS, S.L.;Subvención;05/10/2026;640,2;https://docm.jccm.es/docm/descargarArchivo.do?ruta=2024/08/09/pdf/2024_6382.pdf&tipo=rutaDocm
Concesiones;Resolución de 26/12/2025 por la que se aprueba la convocatoria de subvenciones para la realización de proyectos de formación profesional y empleo en el seno de la empresa, Línea 5 Sectorial, para el año 2026. REG (UE) 2023/2831.;DIRECCIÓN GENERAL FORMACIÓN PROFESIONAL EN EL ÁMBITO LABORAL;878664;—;Subvención;05/10/2026;640,2;https://docm.jccm.es/docm/descargarArchivo.do?ruta=2024/08/09/pdf/2024_6382.pdf&tipo=rutaDocm
Concesiones;Resolución de 26/12/2025 por la que se aprueba la convocatoria de subvenciones para la realización de proyectos de formación profesional y empleo en el seno de la empresa, Línea 5 Sectorial, para el año 2026. REG (UE) 2023/2831.;DIRECCIÓN GENERAL FORMACIÓN PROFESIONAL EN EL ÁMBITO LABORAL;878664;JUCAPIA COMPLEJO HOSTELERO SLL;Subvención;05/10/2026;640,2;https://docm.jccm.es/docm/descargarArchivo.do?ruta=2024/08/09/pdf/2024_6382.pdf&tipo=rutaDocm
Concesiones;Resolución de 26/12/2025 por la que se aprueba la convocatoria de subvenciones para la realización de proyectos de formación profesional y empleo en el seno de la empresa, Línea 5 Sectorial, para el año 2026. REG (UE) 2023/2831.;DIRECCIÓN GENERAL FORMACIÓN PROFESIONAL EN EL ÁMBITO LABORAL;878664;METRONEOPOLIS, SL;Subvención;05/10/2026;640,2;https://docm.jccm.es/docm/descargarArchivo.do?ruta=2024/08/09/pdf/2024_6382.pdf&tipo=rutaDocm
Concesiones;Resolución de 26/12/2025 por la que se aprueba la convocatoria de subvenciones para la realización de proyectos de formación profesional y empleo en el seno de la empresa, Línea 5 Sectorial, para el año 2026. REG (UE) 2023/2831.;DIRECCIÓN GENERAL FORMACIÓN PROFESIONAL EN EL ÁMBITO LABORAL;878664;CANTUESO DE AUTOR, S.L.;Subvención;05/10/2026;640,2;https://docm.jccm.es/docm/descargarArchivo.do?ruta=2024/08/09/pdf/2024_6382.pdf&tipo=rutaDocm
Concesiones;Resolución de 26/12/2025 por la que se aprueba la convocatoria de subvenciones para la realización de proyectos de formación profesional y empleo en el seno de la empresa, Línea 5 Sectorial, para el año 2026. REG (UE) 2023/2831.;DIRECCIÓN GENERAL FORMACIÓN PROFESIONAL EN EL ÁMBITO LABORAL;878664;CÁBARO INVERSIONES, S.L.U.;Subvención;05/10/2026;640,2;https://docm.jccm.es/docm/descargarArchivo.do?ruta=2024/08/09/pdf/2024_6382.pdf&tipo=rutaDocm
Concesiones;Resolución de 26/12/2025 por la que se aprueba la convocatoria de subvenciones para la realización de proyectos de formación profesional y empleo en el seno de la empresa, Línea 5 Sectorial, para el año 2026. REG (UE) 2023/2831.;DIRECCIÓN GENERAL FORMACIÓN PROFESIONAL EN EL ÁMBITO LABORAL;878664;—;Subvención;05/10/2026;640,2;https://docm.jccm.es/docm/descargarArchivo.do?ruta=2024/08/09/pdf/2024_6382.pdf&tipo=rutaDocm
Concesiones;Resolución de 26/12/2025 por la que se aprueba la convocatoria de subvenciones para la realización de proyectos de formación profesional y empleo en el seno de la empresa, Línea 5 Sectorial, para el año 2026. REG (UE) 2023/2831.;DIRECCIÓN GENERAL FORMACIÓN PROFESIONAL EN EL ÁMBITO LABORAL;878664;PEÑA HORADADA, S.L.;Subvención;05/10/2026;640,2;https://docm.jccm.es/docm/descargarArchivo.do?ruta=2024/08/09/pdf/2024_6382.pdf&tipo=rutaDocm
Concesiones;Resolución de 26/12/2025 por la que se aprueba la convocatoria de subvenciones para la realización de proyectos de formación profesional y empleo en el seno de la empresa, Línea 5 Sectorial, para el año 2026. REG (UE) 2023/2831.;DIRECCIÓN GENERAL FORMACIÓN PROFESIONAL EN EL ÁMBITO LABORAL;878664;TAR 2022 RESTAURACIÓN,;Subvención;05/10/2026;640,2;https://docm.jccm.es/docm/descargarArchivo.do?ruta=2024/08/09/pdf/2024_6382.pdf&tipo=rutaDocm
Concesiones;Resolución de 26/12/2025 por la que se aprueba la convocatoria de subvenciones para la realización de proyectos de formación profesional y empleo en el seno de la empresa, Línea 5 Sectorial, para el año 2026. REG (UE) 2023/2831.;DIRECCIÓN GENERAL FORMACIÓN PROFESIONAL EN EL ÁMBITO LABORAL;878664;TECOJO Y TECOMO S.L;Subvención;05/10/2026;640,2;https://docm.jccm.es/docm/descargarArchivo.do?ruta=2024/08/09/pdf/2024_6382.pdf&tipo=rutaDocm
Concesiones;Resolución por la que se aprueba la convocatoria pública de concesión de subvenciones para la realización de acciones de formación profesional en el ámbito laboral, dirigidas a personas trabajadoras ocupadas (Modalidad I), para la anualidad 2025.;DIRECCIÓN GENERAL FORMACIÓN PROFESIONAL EN EL ÁMBITO LABORAL;842569;—;Subvención;05/10/2026;639,08;https://docm.jccm.es/docm/descargarArchivo.do?ruta=2024/07/19/pdf/2024_5810.pdf&tipo=rutaDocm
Concesiones;Resolución de 26/12/2025 por la que se aprueba la convocatoria de subvenciones para la realización de proyectos de formación profesional y empleo en el seno de la empresa, Línea 5 Sectorial, para el año 2026. REG (UE) 2023/2831.;DIRECCIÓN GENERAL FORMACIÓN PROFESIONAL EN EL ÁMBITO LABORAL;878664;MUNDO CUIDADOS, S. COOP. DE DE C-LM;Subvención;05/10/2026;550,2;https://docm.jccm.es/docm/descargarArchivo.do?ruta=2024/08/09/pdf/2024_6382.pdf&tipo=rutaDocm
Concesiones;Resolución de 26/12/2025 por la que se aprueba la convocatoria de subvenciones para la realización de proyectos de formación profesional y empleo en el seno de la empresa, Línea 5 Sectorial, para el año 2026. REG (UE) 2023/2831.;DIRECCIÓN GENERAL FORMACIÓN PROFESIONAL EN EL ÁMBITO LABORAL;878664;VIDA SANA A DOMICILIO, S.L..;Subvención;05/10/2026;550,2;https://docm.jccm.es/docm/descargarArchivo.do?ruta=2024/08/09/pdf/2024_6382.pdf&tipo=rutaDocm
Concesiones;Resolución de 26/12/2025 por la que se aprueba la convocatoria de subvenciones para la realización de proyectos de formación profesional y empleo en el seno de la empresa, Línea 5 Sectorial, para el año 2026. REG (UE) 2023/2831.;DIRECCIÓN GENERAL FORMACIÓN PROFESIONAL EN EL ÁMBITO LABORAL;878664;MANASLU MANCHA S.L.;Subvención;05/10/2026;550,2;https://docm.jccm.es/docm/descargarArchivo.do?ruta=2024/08/09/pdf/2024_6382.pdf&tipo=rutaDocm
Concesiones;Subvenciones a Entidades Deportivas para Actividades de Tiempo Libre;CONSEJERÍA DE CULTURA, TURISMO, DEPORTE Y JUVENTUD;894408;ASOC.DEP.DE NATAC,DE ARNEDO;Subvención;05/10/2026;542,69;https://ias1.larioja.org/boletin/Bor_Boletin_visor_Servlet?referencia=25481235-1-PDF-554428-X
Concesiones;Subvenciones a Entidades Deportivas para Actividades de Tiempo Libre;CONSEJERÍA DE CULTURA, TURISMO, DEPORTE Y JUVENTUD;894408;CLUB GIMNASIA LOGROÑO;Subvención;05/10/2026;529,54;https://ias1.larioja.org/boletin/Bor_Boletin_visor_Servlet?referencia=25481235-1-PDF-554428-X
Concesiones;Resolución por la que se aprueba la convocatoria pública de concesión de subvenciones para la realización de acciones de formación profesional en el ámbito laboral, dirigidas a personas trabajadoras ocupadas (Modalidad I), para la anualidad 2025.;DIRECCIÓN GENERAL FORMACIÓN PROFESIONAL EN EL ÁMBITO LABORAL;842569;—;Subvención;05/10/2026;525;https://docm.jccm.es/docm/descargarArchivo.do?ruta=2024/07/19/pdf/2024_5810.pdf&tipo=rutaDocm
Concesiones;Subvenciones a Entidades Deportivas para Actividades de Tiempo Libre;CONSEJERÍA DE CULTURA, TURISMO, DEPORTE Y JUVENTUD;894408;CLUB DEPORTIVO JESUITAS LOGRONO;Subvención;05/10/2026;523,98;https://ias1.larioja.org/boletin/Bor_Boletin_visor_Servlet?referencia=25481235-1-PDF-554428-X
Concesiones;Resolución por la que se aprueba la convocatoria pública de concesión de subvenciones para la realización de acciones de formación profesional en el ámbito laboral, dirigidas a personas trabajadoras ocupadas (Modalidad I), para la anualidad 2025.;DIRECCIÓN GENERAL FORMACIÓN PROFESIONAL EN EL ÁMBITO LABORAL;842569;—;Subvención;05/10/2026;515,52;https://docm.jccm.es/docm/descargarArchivo.do?ruta=2024/07/19/pdf/2024_5810.pdf&tipo=rutaDocm
Concesiones;Resolución por la que se aprueba la convocatoria pública de concesión de subvenciones para la realización de acciones de formación profesional en el ámbito laboral, dirigidas a personas trabajadoras ocupadas (Modalidad I), para la anualidad 2025.;DIRECCIÓN GENERAL FORMACIÓN PROFESIONAL EN EL ÁMBITO LABORAL;842569;—;Subvención;05/10/2026;514,02;https://docm.jccm.es/docm/descargarArchivo.do?ruta=2024/07/19/pdf/2024_5810.pdf&tipo=rutaDocm
Concesiones;PROGRAMA DE GESTIÓN MUNICIPAL DE EMERGENCIA SOCIAL PARA EL 2025;AYUNTAMIENTO DE MONTELLANO;894004;—;Subvención;05/10/2026;506,34;https://portal.dipusevilla.es/vfirma/code/ol3EvenN3gnXtLBQx5+MoA==
Concesiones;Subvenciones a Entidades Deportivas para Actividades de Tiempo Libre;CONSEJERÍA DE CULTURA, TURISMO, DEPORTE Y JUVENTUD;894408;LOGROBASKET CLUB;Subvención;05/10/2026;451,94;https://ias1.larioja.org/boletin/Bor_Boletin_visor_Servlet?referencia=25481235-1-PDF-554428-X
Concesiones;Subvenciones a Entidades Deportivas para Actividades de Tiempo Libre;CONSEJERÍA DE CULTURA, TURISMO, DEPORTE Y JUVENTUD;894408;CLUB DEPORTIVO CHAMPAGNAT;Subvención;05/10/2026;438,34;https://ias1.larioja.org/boletin/Bor_Boletin_visor_Servlet?referencia=25481235-1-PDF-554428-X
Concesiones;Subvenciones a Entidades Deportivas para Actividades de Tiempo Libre;CONSEJERÍA DE CULTURA, TURISMO, DEPORTE Y JUVENTUD;894408;CLUB PATINAJE ROBLANVERA;Subvención;05/10/2026;434,24;https://ias1.larioja.org/boletin/Bor_Boletin_visor_Servlet?referencia=25481235-1-PDF-554428-X
Concesiones;Resolución por la que se aprueba la convocatoria pública de concesión de subvenciones para la realización de acciones de formación profesional en el ámbito laboral, dirigidas a personas trabajadoras ocupadas (Modalidad I), para la anualidad 2025.;DIRECCIÓN GENERAL FORMACIÓN PROFESIONAL EN EL ÁMBITO LABORAL;842569;—;Subvención;05/10/2026;432;https://docm.jccm.es/docm/descargarArchivo.do?ruta=2024/07/19/pdf/2024_5810.pdf&tipo=rutaDocm
Concesiones;Resolución de 26/12/2025 por la que se aprueba la convocatoria de subvenciones para la realización de proyectos de formación profesional y empleo en el seno de la empresa, Línea 5 Sectorial, para el año 2026. REG (UE) 2023/2831.;DIRECCIÓN GENERAL FORMACIÓN PROFESIONAL EN EL ÁMBITO LABORAL;878664;ASOC.FAM.ENF.ALZHEIMER CIUDAD REAL;Subvención;05/10/2026;425,4;https://docm.jccm.es/docm/descargarArchivo.do?ruta=2024/08/09/pdf/2024_6382.pdf&tipo=rutaDocm
Concesiones;AYUDAS DESEMPLEADOS MAYORES DE 52 AÑOS ESPECIALIDADES;CONSEJERÍA ECONOMÍA, HACIENDA Y EMPLEO;904403;—;Subvención;05/10/2026;405;https://www.bocm.es/boletin/CM_Orden_BOCM/2026/01/02/BOCM-20260102-26.PDF
Concesiones;AYUDAS DESEMPLEADOS MAYORES DE 52 AÑOS ESPECIALIDADES;CONSEJERÍA ECONOMÍA, HACIENDA Y EMPLEO;904403;—;Subvención;05/10/2026;405;https://www.bocm.es/boletin/CM_Orden_BOCM/2026/01/02/BOCM-20260102-26.PDF
Concesiones;Subvenciones a Entidades Deportivas para Actividades de Tiempo Libre;CONSEJERÍA DE CULTURA, TURISMO, DEPORTE Y JUVENTUD;894408;ASOC.DEP.DE NATAC,DE ARNEDO;Subvención;05/10/2026;391,83;https://ias1.larioja.org/boletin/Bor_Boletin_visor_Servlet?referencia=25481235-1-PDF-554428-X
Concesiones;Subvenciones a Entidades Deportivas para Actividades de Tiempo Libre;CONSEJERÍA DE CULTURA, TURISMO, DEPORTE Y JUVENTUD;894408;ASOC.DEP.DE NATAC,DE ARNEDO;Subvención;05/10/2026;387,83;https://ias1.larioja.org/boletin/Bor_Boletin_visor_Servlet?referencia=25481235-1-PDF-554428-X
Concesiones;AYUDAS DESEMPLEADOS MAYORES DE 52 AÑOS ESPECIALIDADES;CONSEJERÍA ECONOMÍA, HACIENDA Y EMPLEO;904403;—;Subvención;05/10/2026;378;https://www.bocm.es/boletin/CM_Orden_BOCM/2026/01/02/BOCM-20260102-26.PDF
Concesiones;Resolución por la que se aprueba la convocatoria pública de concesión de subvenciones para la realización de acciones de formación profesional en el ámbito laboral, dirigidas a personas trabajadoras ocupadas (Modalidad I), para la anualidad 2025.;DIRECCIÓN GENERAL FORMACIÓN PROFESIONAL EN EL ÁMBITO LABORAL;842569;—;Subvención;05/10/2026;361,92;https://docm.jccm.es/docm/descargarArchivo.do?ruta=2024/07/19/pdf/2024_5810.pdf&tipo=rutaDocm
Concesiones;Convocatoria subvenciones, para el año 2026, para la realización de proyectos en materia de familia, infancia y adolescencia en el ámbito rural;DIRECCIÓN GENERAL DE FAMILIA, INFANCIA Y NATALIDAD;906900;COMARCA DE TARAZONA Y EL MONCAYO;Subvención;05/10/2026;359,93;https://www.boa.aragon.es/cgi-bin/EBOA/BRSCGI?CMD=VEROBJ&MLKOB=1191369625050
Concesiones;Subvenciones a Entidades Deportivas para Actividades de Tiempo Libre;CONSEJERÍA DE CULTURA, TURISMO, DEPORTE Y JUVENTUD;894408;CLUB AJEDREZ ALFARO;Subvención;05/10/2026;359,55;https://ias1.larioja.org/boletin/Bor_Boletin_visor_Servlet?referencia=25481235-1-PDF-554428-X
Concesiones;Resolución por la que se aprueba la convocatoria pública de concesión de subvenciones para la realización de acciones de formación profesional en el ámbito laboral, dirigidas a personas trabajadoras ocupadas (Modalidad I), para la anualidad 2025.;DIRECCIÓN GENERAL FORMACIÓN PROFESIONAL EN EL ÁMBITO LABORAL;842569;—;Subvención;05/10/2026;351;https://docm.jccm.es/docm/descargarArchivo.do?ruta=2024/07/19/pdf/2024_5810.pdf&tipo=rutaDocm
Concesiones;Resolución por la que se aprueba la convocatoria pública de concesión de subvenciones para la realización de acciones de formación profesional en el ámbito laboral, dirigidas a personas trabajadoras ocupadas (Modalidad I), para la anualidad 2025.;DIRECCIÓN GENERAL FORMACIÓN PROFESIONAL EN EL ÁMBITO LABORAL;842569;—;Subvención;05/10/2026;342,68;https://docm.jccm.es/docm/descargarArchivo.do?ruta=2024/07/19/pdf/2024_5810.pdf&tipo=rutaDocm
Concesiones;AYUDAS DESEMPLEADOS MAYORES DE 52 AÑOS ESPECIALIDADES;CONSEJERÍA ECONOMÍA, HACIENDA Y EMPLEO;904403;—;Subvención;05/10/2026;337,5;https://www.bocm.es/boletin/CM_Orden_BOCM/2026/01/02/BOCM-20260102-26.PDF
Concesiones;Subvenciones a Entidades Deportivas para Actividades de Tiempo Libre;CONSEJERÍA DE CULTURA, TURISMO, DEPORTE Y JUVENTUD;894408;ASOC.DEP.DE NATAC,DE ARNEDO;Subvención;05/10/2026;330,82;https://ias1.larioja.org/boletin/Bor_Boletin_visor_Servlet?referencia=25481235-1-PDF-554428-X
Concesiones;AYUDAS DESEMPLEADOS MAYORES DE 52 AÑOS ESPECIALIDADES;CONSEJERÍA ECONOMÍA, HACIENDA Y EMPLEO;904403;—;Subvención;05/10/2026;324;https://www.bocm.es/boletin/CM_Orden_BOCM/2026/01/02/BOCM-20260102-26.PDF
Concesiones;AYUDAS DESEMPLEADOS MAYORES DE 52 AÑOS ESPECIALIDADES;CONSEJERÍA ECONOMÍA, HACIENDA Y EMPLEO;904403;—;Subvención;05/10/2026;324;https://www.bocm.es/boletin/CM_Orden_BOCM/2026/01/02/BOCM-20260102-26.PDF
Concesiones;AYUDAS DESEMPLEADOS MAYORES DE 52 AÑOS ESPECIALIDADES;CONSEJERÍA ECONOMÍA, HACIENDA Y EMPLEO;904403;—;Subvención;05/10/2026;324;https://www.bocm.es/boletin/CM_Orden_BOCM/2026/01/02/BOCM-20260102-26.PDF
Concesiones;Resolución por la que se aprueba la convocatoria pública de concesión de subvenciones para la realización de acciones de formación profesional en el ámbito laboral, dirigidas a personas trabajadoras ocupadas (Modalidad I), para la anualidad 2025.;DIRECCIÓN GENERAL FORMACIÓN PROFESIONAL EN EL ÁMBITO LABORAL;842569;—;Subvención;05/10/2026;315;https://docm.jccm.es/docm/descargarArchivo.do?ruta=2024/07/19/pdf/2024_5810.pdf&tipo=rutaDocm
Concesiones;Subvenciones a Entidades Deportivas para Actividades de Tiempo Libre;CONSEJERÍA DE CULTURA, TURISMO, DEPORTE Y JUVENTUD;894408;CLUB DEPORTIVO CHAMPAGNAT;Subvención;05/10/2026;309,52;https://ias1.larioja.org/boletin/Bor_Boletin_visor_Servlet?referencia=25481235-1-PDF-554428-X
Concesiones;Abono de cuotas Seguridad Social por capitalización del desempleo.;SERVICIO NAVARRO DE EMPLEO - NAFAR LANSARE;883314;—;Subvención;05/10/2026;300;http://www.navarra.es/home_es/servicios/ficha/2800/Pago-de-cuotas-a-la-Seguridad-Social-de-los-trabajadores-que-han-capitalizado-las-prestaciones-por-desempleo
Concesiones;PROGRAMA DE GESTIÓN MUNICIPAL DE EMERGENCIA SOCIAL PARA EL 2025;AYUNTAMIENTO DE MONTELLANO;894004;—;Subvención;05/10/2026;298,64;https://portal.dipusevilla.es/vfirma/code/ol3EvenN3gnXtLBQx5+MoA==
Concesiones;Resolución por la que se aprueba la convocatoria pública de concesión de subvenciones para la realización de acciones de formación profesional en el ámbito laboral, dirigidas a personas trabajadoras ocupadas (Modalidad I), para la anualidad 2025.;DIRECCIÓN GENERAL FORMACIÓN PROFESIONAL EN EL ÁMBITO LABORAL;842569;—;Subvención;05/10/2026;297;https://docm.jccm.es/docm/descargarArchivo.do?ruta=2024/07/19/pdf/2024_5810.pdf&tipo=rutaDocm
Concesiones;Resolución por la que se aprueba la convocatoria pública de concesión de subvenciones para la realización de acciones de formación profesional en el ámbito laboral, dirigidas a personas trabajadoras ocupadas (Modalidad I), para la anualidad 2025.;DIRECCIÓN GENERAL FORMACIÓN PROFESIONAL EN EL ÁMBITO LABORAL;842569;—;Subvención;05/10/2026;288;https://docm.jccm.es/docm/descargarArchivo.do?ruta=2024/07/19/pdf/2024_5810.pdf&tipo=rutaDocm
Concesiones;Resolución por la que se aprueba la convocatoria pública de concesión de subvenciones para la realización de acciones de formación profesional en el ámbito laboral, dirigidas a personas trabajadoras ocupadas (Modalidad I), para la anualidad 2025.;DIRECCIÓN GENERAL FORMACIÓN PROFESIONAL EN EL ÁMBITO LABORAL;842569;—;Subvención;05/10/2026;288;https://docm.jccm.es/docm/descargarArchivo.do?ruta=2024/07/19/pdf/2024_5810.pdf&tipo=rutaDocm
Concesiones;Resolución por la que se aprueba la convocatoria pública de concesión de subvenciones para la realización de acciones de formación profesional en el ámbito laboral, dirigidas a personas trabajadoras ocupadas (Modalidad I), para la anualidad 2025.;DIRECCIÓN GENERAL FORMACIÓN PROFESIONAL EN EL ÁMBITO LABORAL;842569;—;Subvención;05/10/2026;279;https://docm.jccm.es/docm/descargarArchivo.do?ruta=2024/07/19/pdf/2024_5810.pdf&tipo=rutaDocm
Concesiones;Subvenciones a Entidades Deportivas para Actividades de Tiempo Libre;CONSEJERÍA DE CULTURA, TURISMO, DEPORTE Y JUVENTUD;894408;MILENIO CLUB PATIN;Subvención;05/10/2026;274,04;https://ias1.larioja.org/boletin/Bor_Boletin_visor_Servlet?referencia=25481235-1-PDF-554428-X
Concesiones;Subvenciones a Entidades Deportivas para Actividades de Tiempo Libre;CONSEJERÍA DE CULTURA, TURISMO, DEPORTE Y JUVENTUD;894408;BABY BASKET RIOJA;Subvención;05/10/2026;253,62;https://ias1.larioja.org/boletin/Bor_Boletin_visor_Servlet?referencia=25481235-1-PDF-554428-X
Concesiones;PROGRAMA DE GESTIÓN MUNICIPAL DE EMERGENCIA SOCIAL PARA EL 2025;AYUNTAMIENTO DE MONTELLANO;894004;—;Subvención;05/10/2026;248,97;https://portal.dipusevilla.es/vfirma/code/ol3EvenN3gnXtLBQx5+MoA==
Concesiones;Subvenciones a Entidades Deportivas para Actividades de Tiempo Libre;CONSEJERÍA DE CULTURA, TURISMO, DEPORTE Y JUVENTUD;894408;AGRUPACION DEPORTIVA BASKET 77;Subvención;05/10/2026;244,61;https://ias1.larioja.org/boletin/Bor_Boletin_visor_Servlet?referencia=25481235-1-PDF-554428-X
Concesiones;Resolución por la que se aprueba la convocatoria pública de concesión de subvenciones para la realización de acciones de formación profesional en el ámbito laboral, dirigidas a personas trabajadoras ocupadas (Modalidad I), para la anualidad 2025.;DIRECCIÓN GENERAL FORMACIÓN PROFESIONAL EN EL ÁMBITO LABORAL;842569;—;Subvención;05/10/2026;234;https://docm.jccm.es/docm/descargarArchivo.do?ruta=2024/07/19/pdf/2024_5810.pdf&tipo=rutaDocm
Concesiones;Resolución por la que se aprueba la convocatoria pública de concesión de subvenciones para la realización de acciones de formación profesional en el ámbito laboral, dirigidas a personas trabajadoras ocupadas (Modalidad I), para la anualidad 2025.;DIRECCIÓN GENERAL FORMACIÓN PROFESIONAL EN EL ÁMBITO LABORAL;842569;—;Subvención;05/10/2026;234;https://docm.jccm.es/docm/descargarArchivo.do?ruta=2024/07/19/pdf/2024_5810.pdf&tipo=rutaDocm
Concesiones;Resolución por la que se aprueba la convocatoria pública de concesión de subvenciones para la realización de acciones de formación profesional en el ámbito laboral, dirigidas a personas trabajadoras ocupadas (Modalidad I), para la anualidad 2025.;DIRECCIÓN GENERAL FORMACIÓN PROFESIONAL EN EL ÁMBITO LABORAL;842569;—;Subvención;05/10/2026;234;https://docm.jccm.es/docm/descargarArchivo.do?ruta=2024/07/19/pdf/2024_5810.pdf&tipo=rutaDocm
Concesiones;Resolución por la que se aprueba la convocatoria pública de concesión de subvenciones para la realización de acciones de formación profesional en el ámbito laboral, dirigidas a personas trabajadoras ocupadas (Modalidad I), para la anualidad 2025.;DIRECCIÓN GENERAL FORMACIÓN PROFESIONAL EN EL ÁMBITO LABORAL;842569;—;Subvención;05/10/2026;225;https://docm.jccm.es/docm/descargarArchivo.do?ruta=2024/07/19/pdf/2024_5810.pdf&tipo=rutaDocm
Concesiones;Resolución por la que se aprueba la convocatoria pública de concesión de subvenciones para la realización de acciones de formación profesional en el ámbito laboral, dirigidas a personas trabajadoras ocupadas (Modalidad I), para la anualidad 2025.;DIRECCIÓN GENERAL FORMACIÓN PROFESIONAL EN EL ÁMBITO LABORAL;842569;—;Subvención;05/10/2026;225;https://docm.jccm.es/docm/descargarArchivo.do?ruta=2024/07/19/pdf/2024_5810.pdf&tipo=rutaDocm
Concesiones;Subvenciones a Entidades Deportivas para Actividades de Tiempo Libre;CONSEJERÍA DE CULTURA, TURISMO, DEPORTE Y JUVENTUD;894408;TERRA ATLETISMO;Subvención;05/10/2026;218,95;https://ias1.larioja.org/boletin/Bor_Boletin_visor_Servlet?referencia=25481235-1-PDF-554428-X
Concesiones;Resolución por la que se aprueba la convocatoria pública de concesión de subvenciones para la realización de acciones de formación profesional en el ámbito laboral, dirigidas a personas trabajadoras ocupadas (Modalidad I), para la anualidad 2025.;DIRECCIÓN GENERAL FORMACIÓN PROFESIONAL EN EL ÁMBITO LABORAL;842569;—;Subvención;05/10/2026;208,8;https://docm.jccm.es/docm/descargarArchivo.do?ruta=2024/07/19/pdf/2024_5810.pdf&tipo=rutaDocm
Concesiones;Subvenciones a Entidades Deportivas para Actividades de Tiempo Libre;CONSEJERÍA DE CULTURA, TURISMO, DEPORTE Y JUVENTUD;894408;CLUB AJEDREZ ALFARO;Subvención;05/10/2026;208,69;https://ias1.larioja.org/boletin/Bor_Boletin_visor_Servlet?referencia=25481235-1-PDF-554428-X
Concesiones;AYUDAS DESEMPLEADOS MAYORES DE 52 AÑOS ESPECIALIDADES;CONSEJERÍA ECONOMÍA, HACIENDA Y EMPLEO;904403;—;Subvención;05/10/2026;202,5;https://www.bocm.es/boletin/CM_Orden_BOCM/2026/01/02/BOCM-20260102-26.PDF
Concesiones;Resolución por la que se aprueba la convocatoria pública de concesión de subvenciones para la realización de acciones de formación profesional en el ámbito laboral, dirigidas a personas trabajadoras ocupadas (Modalidad I), para la anualidad 2025.;DIRECCIÓN GENERAL FORMACIÓN PROFESIONAL EN EL ÁMBITO LABORAL;842569;—;Subvención;05/10/2026;198;https://docm.jccm.es/docm/descargarArchivo.do?ruta=2024/07/19/pdf/2024_5810.pdf&tipo=rutaDocm
Concesiones;Resolución por la que se aprueba la convocatoria pública de concesión de subvenciones para la realización de acciones de formación profesional en el ámbito laboral, dirigidas a personas trabajadoras ocupadas (Modalidad I), para la anualidad 2025.;DIRECCIÓN GENERAL FORMACIÓN PROFESIONAL EN EL ÁMBITO LABORAL;842569;—;Subvención;05/10/2026;193,8;https://docm.jccm.es/docm/descargarArchivo.do?ruta=2024/07/19/pdf/2024_5810.pdf&tipo=rutaDocm
Concesiones;Subvenciones a Entidades Deportivas para Actividades de Tiempo Libre;CONSEJERÍA DE CULTURA, TURISMO, DEPORTE Y JUVENTUD;894408;ASOC VOLEY VIÑA;Subvención;05/10/2026;192,13;https://ias1.larioja.org/boletin/Bor_Boletin_visor_Servlet?referencia=25481235-1-PDF-554428-X
Concesiones;Resolución por la que se aprueba la convocatoria pública de concesión de subvenciones para la realización de acciones de formación profesional en el ámbito laboral, dirigidas a personas trabajadoras ocupadas (Modalidad I), para la anualidad 2025.;DIRECCIÓN GENERAL FORMACIÓN PROFESIONAL EN EL ÁMBITO LABORAL;842569;—;Subvención;05/10/2026;189;https://docm.jccm.es/docm/descargarArchivo.do?ruta=2024/07/19/pdf/2024_5810.pdf&tipo=rutaDocm
Concesiones;Subvenciones a Entidades Deportivas para Actividades de Tiempo Libre;CONSEJERÍA DE CULTURA, TURISMO, DEPORTE Y JUVENTUD;894408;CLUB AJEDREZ ALFARO;Subvención;05/10/2026;185,57;https://ias1.larioja.org/boletin/Bor_Boletin_visor_Servlet?referencia=25481235-1-PDF-554428-X
Concesiones;Subvenciones a Entidades Deportivas para Actividades de Tiempo Libre;CONSEJERÍA DE CULTURA, TURISMO, DEPORTE Y JUVENTUD;894408;CLUB AJEDREZ ALFARO;Subvención;05/10/2026;179,77;https://ias1.larioja.org/boletin/Bor_Boletin_visor_Servlet?referencia=25481235-1-PDF-554428-X
Concesiones;Resolución por la que se aprueba la convocatoria pública de concesión de subvenciones para la realización de acciones de formación profesional en el ámbito laboral, dirigidas a personas trabajadoras ocupadas (Modalidad I), para la anualidad 2025.;DIRECCIÓN GENERAL FORMACIÓN PROFESIONAL EN EL ÁMBITO LABORAL;842569;—;Subvención;05/10/2026;171;https://docm.jccm.es/docm/descargarArchivo.do?ruta=2024/07/19/pdf/2024_5810.pdf&tipo=rutaDocm
Concesiones;AYUDAS DESEMPLEADOS MAYORES DE 52 AÑOS ESPECIALIDADES;CONSEJERÍA ECONOMÍA, HACIENDA Y EMPLEO;904403;—;Subvención;05/10/2026;162;https://www.bocm.es/boletin/CM_Orden_BOCM/2026/01/02/BOCM-20260102-26.PDF
Concesiones;Subvenciones a Entidades Deportivas para Actividades de Tiempo Libre;CONSEJERÍA DE CULTURA, TURISMO, DEPORTE Y JUVENTUD;894408;CLUB DE AJEDREZ GAMBITO RIOJANO;Subvención;05/10/2026;154,87;https://ias1.larioja.org/boletin/Bor_Boletin_visor_Servlet?referencia=25481235-1-PDF-554428-X
Concesiones;Subvenciones a Entidades Deportivas para Actividades de Tiempo Libre;CONSEJERÍA DE CULTURA, TURISMO, DEPORTE Y JUVENTUD;894408;CLUB GIMNASIA LARDERO;Subvención;05/10/2026;154,26;https://ias1.larioja.org/boletin/Bor_Boletin_visor_Servlet?referencia=25481235-1-PDF-554428-X
Concesiones;PROGRAMA DE GESTIÓN MUNICIPAL DE EMERGENCIA SOCIAL PARA EL 2025;AYUNTAMIENTO DE MONTELLANO;894004;—;Subvención;05/10/2026;150,17;https://portal.dipusevilla.es/vfirma/code/ol3EvenN3gnXtLBQx5+MoA==
Concesiones;PROGRAMA DE GESTIÓN MUNICIPAL DE EMERGENCIA SOCIAL PARA EL 2025;AYUNTAMIENTO DE MONTELLANO;894004;—;Subvención;05/10/2026;150,04;https://portal.dipusevilla.es/vfirma/code/ol3EvenN3gnXtLBQx5+MoA==
Concesiones;PROGRAMA DE GESTIÓN MUNICIPAL DE EMERGENCIA SOCIAL PARA EL 2025;AYUNTAMIENTO DE MONTELLANO;894004;—;Subvención;05/10/2026;150,02;https://portal.dipusevilla.es/vfirma/code/ol3EvenN3gnXtLBQx5+MoA==
Concesiones;PROGRAMA DE GESTIÓN MUNICIPAL DE EMERGENCIA SOCIAL PARA EL 2025;AYUNTAMIENTO DE MONTELLANO;894004;—;Subvención;05/10/2026;149,97;https://portal.dipusevilla.es/vfirma/code/ol3EvenN3gnXtLBQx5+MoA==
Concesiones;PROGRAMA DE GESTIÓN MUNICIPAL DE EMERGENCIA SOCIAL PARA EL 2025;AYUNTAMIENTO DE MONTELLANO;894004;—;Subvención;05/10/2026;149,8;https://portal.dipusevilla.es/vfirma/code/ol3EvenN3gnXtLBQx5+MoA==
Concesiones;PROGRAMA DE GESTIÓN MUNICIPAL DE EMERGENCIA SOCIAL PARA EL 2025;AYUNTAMIENTO DE MONTELLANO;894004;—;Subvención;05/10/2026;149,62;https://portal.dipusevilla.es/vfirma/code/ol3EvenN3gnXtLBQx5+MoA==
Concesiones;PROGRAMA DE GESTIÓN MUNICIPAL DE EMERGENCIA SOCIAL PARA EL 2025;AYUNTAMIENTO DE MONTELLANO;894004;—;Subvención;05/10/2026;149,55;https://portal.dipusevilla.es/vfirma/code/ol3EvenN3gnXtLBQx5+MoA==
Concesiones;PROGRAMA DE GESTIÓN MUNICIPAL DE EMERGENCIA SOCIAL PARA EL 2025;AYUNTAMIENTO DE MONTELLANO;894004;—;Subvención;05/10/2026;149,51;https://portal.dipusevilla.es/vfirma/code/ol3EvenN3gnXtLBQx5+MoA==
Concesiones;PROGRAMA DE GESTIÓN MUNICIPAL DE EMERGENCIA SOCIAL PARA EL 2025;AYUNTAMIENTO DE MONTELLANO;894004;—;Subvención;05/10/2026;149,49;https://portal.dipusevilla.es/vfirma/code/ol3EvenN3gnXtLBQx5+MoA==
Concesiones;PROGRAMA DE GESTIÓN MUNICIPAL DE EMERGENCIA SOCIAL PARA EL 2025;AYUNTAMIENTO DE MONTELLANO;894004;—;Subvención;05/10/2026;149,31;https://portal.dipusevilla.es/vfirma/code/ol3EvenN3gnXtLBQx5+MoA==
Concesiones;Subvenciones a Entidades Deportivas para Actividades de Tiempo Libre;CONSEJERÍA DE CULTURA, TURISMO, DEPORTE Y JUVENTUD;894408;CLUB AJEDREZ ALFARO;Subvención;05/10/2026;146,18;https://ias1.larioja.org/boletin/Bor_Boletin_visor_Servlet?referencia=25481235-1-PDF-554428-X
Concesiones;AYUDAS DESEMPLEADOS MAYORES DE 52 AÑOS ESPECIALIDADES;CONSEJERÍA ECONOMÍA, HACIENDA Y EMPLEO;904403;—;Subvención;05/10/2026;135;https://www.bocm.es/boletin/CM_Orden_BOCM/2026/01/02/BOCM-20260102-26.PDF
Concesiones;AYUDAS DESEMPLEADOS MAYORES DE 52 AÑOS ESPECIALIDADES;CONSEJERÍA ECONOMÍA, HACIENDA Y EMPLEO;904403;—;Subvención;05/10/2026;135;https://www.bocm.es/boletin/CM_Orden_BOCM/2026/01/02/BOCM-20260102-26.PDF
Concesiones;AYUDAS DESEMPLEADOS MAYORES DE 52 AÑOS ESPECIALIDADES;CONSEJERÍA ECONOMÍA, HACIENDA Y EMPLEO;904403;—;Subvención;05/10/2026;135;https://www.bocm.es/boletin/CM_Orden_BOCM/2026/01/02/BOCM-20260102-26.PDF
Concesiones;Subvenciones a Entidades Deportivas para Actividades de Tiempo Libre;CONSEJERÍA DE CULTURA, TURISMO, DEPORTE Y JUVENTUD;894408;MILENIO CLUB PATIN;Subvención;05/10/2026;132,71;https://ias1.larioja.org/boletin/Bor_Boletin_visor_Servlet?referencia=25481235-1-PDF-554428-X
Concesiones;Subvenciones a Entidades Deportivas para Actividades de Tiempo Libre;CONSEJERÍA DE CULTURA, TURISMO, DEPORTE Y JUVENTUD;894408;ASOC VOLEY VIÑA;Subvención;05/10/2026;131,55;https://ias1.larioja.org/boletin/Bor_Boletin_visor_Servlet?referencia=25481235-1-PDF-554428-X
Concesiones;Subvenciones a Entidades Deportivas para Actividades de Tiempo Libre;CONSEJERÍA DE CULTURA, TURISMO, DEPORTE Y JUVENTUD;894408;BABY BASKET RIOJA;Subvención;05/10/2026;128,64;https://ias1.larioja.org/boletin/Bor_Boletin_visor_Servlet?referencia=25481235-1-PDF-554428-X
Concesiones;Subvenciones a Entidades Deportivas para Actividades de Tiempo Libre;CONSEJERÍA DE CULTURA, TURISMO, DEPORTE Y JUVENTUD;894408;MILENIO CLUB PATIN;Subvención;05/10/2026;127,78;https://ias1.larioja.org/boletin/Bor_Boletin_visor_Servlet?referencia=25481235-1-PDF-554428-X
Concesiones;Resolución de 10/04/2025, por la que se aprueba la convocatoria de concesión de subvenciones para la realización de acciones de formación profesional en el ámbito laboral, dirigidas a personas trabajadoras desempleadas (Modalidad II), anualidad 2025.;DIRECCIÓN GENERAL FORMACIÓN PROFESIONAL EN EL ÁMBITO LABORAL;826697;—;Subvención;05/10/2026;121,5;https://docm.jccm.es/docm/descargarArchivo.do?ruta=2024/07/19/pdf/2024_5810.pdf&tipo=rutaDocm
Concesiones;PROGRAMA DE GESTIÓN MUNICIPAL DE EMERGENCIA SOCIAL PARA EL 2025;AYUNTAMIENTO DE MONTELLANO;894004;—;Subvención;05/10/2026;119,05;https://portal.dipusevilla.es/vfirma/code/ol3EvenN3gnXtLBQx5+MoA==
Concesiones;Resolución de 10/04/2025, por la que se aprueba la convocatoria de concesión de subvenciones para la realización de acciones de formación profesional en el ámbito laboral, dirigidas a personas trabajadoras desempleadas (Modalidad II), anualidad 2025.;DIRECCIÓN GENERAL FORMACIÓN PROFESIONAL EN EL ÁMBITO LABORAL;826697;—;Subvención;05/10/2026;109,5;https://docm.jccm.es/docm/descargarArchivo.do?ruta=2024/07/19/pdf/2024_5810.pdf&tipo=rutaDocm
Concesiones;Subvenciones a Entidades Deportivas para Actividades de Tiempo Libre;CONSEJERÍA DE CULTURA, TURISMO, DEPORTE Y JUVENTUD;894408;CLUB DEPORTIVO ENVERO;Subvención;05/10/2026;107,82;https://ias1.larioja.org/boletin/Bor_Boletin_visor_Servlet?referencia=25481235-1-PDF-554428-X
Concesiones;AYUDAS TARIFA CERO COMUNIDAD DE MADRID 2025;CONSEJERÍA ECONOMÍA, HACIENDA Y EMPLEO;817278;—;Subvención;05/10/2026;105,96;https://www.bocm.es/boletin/CM_Orden_BOCM/2023/01/10/BOCM-20230110-13.PDF
Concesiones;AYUDAS DESEMPLEADOS MAYORES DE 52 AÑOS ESPECIALIDADES;CONSEJERÍA ECONOMÍA, HACIENDA Y EMPLEO;904403;—;Subvención;05/10/2026;94,5;https://www.bocm.es/boletin/CM_Orden_BOCM/2026/01/02/BOCM-20260102-26.PDF
Concesiones;Subvenciones a Entidades Deportivas para Actividades de Tiempo Libre;CONSEJERÍA DE CULTURA, TURISMO, DEPORTE Y JUVENTUD;894408;RIOJA HIELO CLUB DE PATINAJE;Subvención;05/10/2026;92,37;https://ias1.larioja.org/boletin/Bor_Boletin_visor_Servlet?referencia=25481235-1-PDF-554428-X
Concesiones;Resolución por la que se aprueba la convocatoria pública de concesión de subvenciones para la realización de acciones de formación profesional en el ámbito laboral, dirigidas a personas trabajadoras ocupadas (Modalidad I), para la anualidad 2025.;DIRECCIÓN GENERAL FORMACIÓN PROFESIONAL EN EL ÁMBITO LABORAL;842569;—;Subvención;05/10/2026;92;https://docm.jccm.es/docm/descargarArchivo.do?ruta=2024/07/19/pdf/2024_5810.pdf&tipo=rutaDocm
Concesiones;PROGRAMA DE GESTIÓN MUNICIPAL DE EMERGENCIA SOCIAL PARA EL 2025;AYUNTAMIENTO DE MONTELLANO;894004;—;Subvención;05/10/2026;79,57;https://portal.dipusevilla.es/vfirma/code/ol3EvenN3gnXtLBQx5+MoA==
Concesiones;PROGRAMA DE GESTIÓN MUNICIPAL DE EMERGENCIA SOCIAL PARA EL 2025;AYUNTAMIENTO DE MONTELLANO;894004;—;Subvención;05/10/2026;79,36;https://portal.dipusevilla.es/vfirma/code/ol3EvenN3gnXtLBQx5+MoA==
Concesiones;Resolución de 10/04/2025, por la que se aprueba la convocatoria de concesión de subvenciones para la realización de acciones de formación profesional en el ámbito laboral, dirigidas a personas trabajadoras desempleadas (Modalidad II), anualidad 2025.;DIRECCIÓN GENERAL FORMACIÓN PROFESIONAL EN EL ÁMBITO LABORAL;826697;—;Subvención;05/10/2026;73,5;https://docm.jccm.es/docm/descargarArchivo.do?ruta=2024/07/19/pdf/2024_5810.pdf&tipo=rutaDocm
Concesiones;Resolución por la que se aprueba la convocatoria pública de concesión de subvenciones para la realización de acciones de formación profesional en el ámbito laboral, dirigidas a personas trabajadoras ocupadas (Modalidad I), para la anualidad 2025.;DIRECCIÓN GENERAL FORMACIÓN PROFESIONAL EN EL ÁMBITO LABORAL;842569;—;Subvención;05/10/2026;72;https://docm.jccm.es/docm/descargarArchivo.do?ruta=2024/07/19/pdf/2024_5810.pdf&tipo=rutaDocm
Concesiones;Subvenciones a Entidades Deportivas para Actividades de Tiempo Libre;CONSEJERÍA DE CULTURA, TURISMO, DEPORTE Y JUVENTUD;894408;MILENIO CLUB PATIN;Subvención;05/10/2026;62,05;https://ias1.larioja.org/boletin/Bor_Boletin_visor_Servlet?referencia=25481235-1-PDF-554428-X
Concesiones;Resolución por la que se aprueba la convocatoria pública de concesión de subvenciones para la realización de acciones de formación profesional en el ámbito laboral, dirigidas a personas trabajadoras ocupadas (Modalidad I), para la anualidad 2025.;DIRECCIÓN GENERAL FORMACIÓN PROFESIONAL EN EL ÁMBITO LABORAL;842569;—;Subvención;05/10/2026;42;https://docm.jccm.es/docm/descargarArchivo.do?ruta=2024/07/19/pdf/2024_5810.pdf&tipo=rutaDocm
Concesiones;Resolución de 10/04/2025, por la que se aprueba la convocatoria de concesión de subvenciones para la realización de acciones de formación profesional en el ámbito laboral, dirigidas a personas trabajadoras desempleadas (Modalidad II), anualidad 2025.;DIRECCIÓN GENERAL FORMACIÓN PROFESIONAL EN EL ÁMBITO LABORAL;826697;—;Subvención;05/10/2026;42;https://docm.jccm.es/docm/descargarArchivo.do?ruta=2024/07/19/pdf/2024_5810.pdf&tipo=rutaDocm
Concesiones;Subvenciones a Entidades Deportivas para Actividades de Tiempo Libre;CONSEJERÍA DE CULTURA, TURISMO, DEPORTE Y JUVENTUD;894408;CLUB AJEDREZ ALFARO;Subvención;05/10/2026;40,82;https://ias1.larioja.org/boletin/Bor_Boletin_visor_Servlet?referencia=25481235-1-PDF-554428-X
Concesiones;Abono de cuotas Seguridad Social por capitalización del desempleo.;SERVICIO NAVARRO DE EMPLEO - NAFAR LANSARE;883314;—;Subvención;05/10/2026;32,47;http://www.navarra.es/home_es/servicios/ficha/2800/Pago-de-cuotas-a-la-Seguridad-Social-de-los-trabajadores-que-han-capitalizado-las-prestaciones-por-desempleo
Concesiones;Subvenciones a Entidades Deportivas para Actividades de Tiempo Libre;CONSEJERÍA DE CULTURA, TURISMO, DEPORTE Y JUVENTUD;894408;MILENIO CLUB PATIN;Subvención;05/10/2026;31,89;https://ias1.larioja.org/boletin/Bor_Boletin_visor_Servlet?referencia=25481235-1-PDF-554428-X
Concesiones;Resolución por la que se aprueba la convocatoria pública de concesión de subvenciones para la realización de acciones de formación profesional en el ámbito laboral, dirigidas a personas trabajadoras ocupadas (Modalidad I), para la anualidad 2025.;DIRECCIÓN GENERAL FORMACIÓN PROFESIONAL EN EL ÁMBITO LABORAL;842569;—;Subvención;05/10/2026;12;https://docm.jccm.es/docm/descargarArchivo.do?ruta=2024/07/19/pdf/2024_5810.pdf&tipo=rutaDocm
