Tipo;Título;Órgano;Código BDNS;Beneficiario;Instrumento;Concedida el;Importe (€);Enlace
Concesiones;Convenio entre la Comunidad Autónoma de Aragón y el Ayuntamiento de Huesca por el que se concede una subvención nominativa al Ayuntamiento de Huesca para la celebración de la Feria Internacional de Teatro y Danza en la ciudad de Huesca en 2026;DIRECCIÓN GENERAL DE CULTURA;925827;AYUNTAMIENTO DE HUESCA;Subvención;28/09/2026;90000;https://www.boa.aragon.es/cgi-bin/EBOA/BRSCGI?CMD=VEROBJ&MLKOB=1452406650505
Concesiones;Resolución de 26/12/2025 por la que se aprueba la convocatoria de subvenciones para la realización de proyectos de formación profesional y empleo en el seno de la empresa, Línea 5 Sectorial, para el año 2026. REG (UE) 2023/2831.;DIRECCIÓN GENERAL FORMACIÓN PROFESIONAL EN EL ÁMBITO LABORAL;878664;CERRAJERIA Y MONTAJE CAT SL;Subvención;28/09/2026;70970,9;https://docm.jccm.es/docm/descargarArchivo.do?ruta=2024/08/09/pdf/2024_6382.pdf&tipo=rutaDocm
Concesiones;Convocatoria de subvenciones de clubes de Élite 2026;CONSEJERÍA DE CULTURA, TURISMO Y DEPORTE;899268;REAL CANOE NATACION CLUB;Subvención;28/09/2026;61345,41;https://www.bocm.es/boletin/CM_Orden_BOCM/2022/04/13/BOCM-20220413-22.PDF
Concesiones;Convocatoria de subvenciones de clubes de Élite 2026;CONSEJERÍA DE CULTURA, TURISMO Y DEPORTE;899268;C.D.B. DE HOCKEY COMPLUTENSE;Subvención;28/09/2026;61066,25;https://www.bocm.es/boletin/CM_Orden_BOCM/2022/04/13/BOCM-20220413-22.PDF
Concesiones;Convocatoria de subvenciones de clubes de Élite 2026;CONSEJERÍA DE CULTURA, TURISMO Y DEPORTE;899268;CLUB DE RUGBY CISNEROS;Subvención;28/09/2026;52691,45;https://www.bocm.es/boletin/CM_Orden_BOCM/2022/04/13/BOCM-20220413-22.PDF
Concesiones;CONVOCATÒRIA DE SUBVENCIONS DEL PROGRAMA A4 DE SUPORT A LA RENOVACIÓ DEL PAVIMENT DE L`ESPAI ESPORTIU;DIPUTACIÓN PROVINCIAL DE GIRONA;889053;AJUNTAMENT DE PERALADA;Subvención;28/09/2026;50000;http://www.ddgi.cat/basescast/2025/Bases_2026_s_Esports_renovacio_paviment_esportiu.pdf
Concesiones;CONVOCATÒRIA DE SUBVENCIONS DEL PROGRAMA A4 DE SUPORT A LA RENOVACIÓ DEL PAVIMENT DE L`ESPAI ESPORTIU;DIPUTACIÓN PROVINCIAL DE GIRONA;889053;AJUNTAMENT DE SANT PERE PESCADOR;Subvención;28/09/2026;50000;http://www.ddgi.cat/basescast/2025/Bases_2026_s_Esports_renovacio_paviment_esportiu.pdf
Concesiones;CONVOCATÒRIA DE SUBVENCIONS DEL PROGRAMA A4 DE SUPORT A LA RENOVACIÓ DEL PAVIMENT DE L`ESPAI ESPORTIU;DIPUTACIÓN PROVINCIAL DE GIRONA;889053;AJUNTAMENT DE SANT JOAN DE LES ABADESSES;Subvención;28/09/2026;50000;http://www.ddgi.cat/basescast/2025/Bases_2026_s_Esports_renovacio_paviment_esportiu.pdf
Concesiones;CONVOCATÒRIA DE SUBVENCIONS DEL PROGRAMA A4 DE SUPORT A LA RENOVACIÓ DEL PAVIMENT DE L`ESPAI ESPORTIU;DIPUTACIÓN PROVINCIAL DE GIRONA;889053;AJUNTAMENT DE BESCANO;Subvención;28/09/2026;50000;http://www.ddgi.cat/basescast/2025/Bases_2026_s_Esports_renovacio_paviment_esportiu.pdf
Concesiones;CONVOCATÒRIA DE SUBVENCIONS DEL PROGRAMA A4 DE SUPORT A LA RENOVACIÓ DEL PAVIMENT DE L`ESPAI ESPORTIU;DIPUTACIÓN PROVINCIAL DE GIRONA;889053;AJUNTAMENT DE SARRIA DE TER;Subvención;28/09/2026;50000;http://www.ddgi.cat/basescast/2025/Bases_2026_s_Esports_renovacio_paviment_esportiu.pdf
Concesiones;CONVOCATÒRIA DE SUBVENCIONS DEL PROGRAMA A4 DE SUPORT A LA RENOVACIÓ DEL PAVIMENT DE L`ESPAI ESPORTIU;DIPUTACIÓN PROVINCIAL DE GIRONA;889053;AJUNTAMENT DE LLAGOSTERA;Subvención;28/09/2026;50000;http://www.ddgi.cat/basescast/2025/Bases_2026_s_Esports_renovacio_paviment_esportiu.pdf
Concesiones;CONVOCATÒRIA DE SUBVENCIONS DEL PROGRAMA A4 DE SUPORT A LA RENOVACIÓ DEL PAVIMENT DE L`ESPAI ESPORTIU;DIPUTACIÓN PROVINCIAL DE GIRONA;889053;AJUNTAMENT DE LA JONQUERA;Subvención;28/09/2026;50000;http://www.ddgi.cat/basescast/2025/Bases_2026_s_Esports_renovacio_paviment_esportiu.pdf
Concesiones;Convocatoria de subvenciones de clubes de Élite 2026;CONSEJERÍA DE CULTURA, TURISMO Y DEPORTE;899268;CLUB DEPORTIVO ELEMENTAL VOLEY PLAYA MAD;Subvención;28/09/2026;42571,9;https://www.bocm.es/boletin/CM_Orden_BOCM/2022/04/13/BOCM-20220413-22.PDF
Concesiones;Convocatoria de subvenciones de clubes de Élite 2026;CONSEJERÍA DE CULTURA, TURISMO Y DEPORTE;899268;CLUB DE RUGBY MAJADAHONDA;Subvención;28/09/2026;41176,1;https://www.bocm.es/boletin/CM_Orden_BOCM/2022/04/13/BOCM-20220413-22.PDF
Concesiones;Convocatoria de subvenciones de clubes de Élite 2026;CONSEJERÍA DE CULTURA, TURISMO Y DEPORTE;899268;C. OLIMPICO POZUELO C. RUGBY;Subvención;28/09/2026;40478,2;https://www.bocm.es/boletin/CM_Orden_BOCM/2022/04/13/BOCM-20220413-22.PDF
Concesiones;Convocatoria de subvenciones de clubes de Élite 2026;CONSEJERÍA DE CULTURA, TURISMO Y DEPORTE;899268;CLUB ATLETICO DE MADRID, S.A.D.;Subvención;28/09/2026;40129,25;https://www.bocm.es/boletin/CM_Orden_BOCM/2022/04/13/BOCM-20220413-22.PDF
Concesiones;Subvención a la Asociación Polifonik Sound para la realización del Festival Polifonik 2026;DIPUTACIÓN PROVINCIAL DE HUESCA;932031;ASOCIACION POLIFONIK SOUND;Subvención;28/09/2026;40000;https://diputaciondehuesca.transparencialocal.gob.es/es_ES/categoria/normativa
Concesiones;CONVOCATÒRIA DE SUBVENCIONS DEL PROGRAMA A4 DE SUPORT A LA RENOVACIÓ DEL PAVIMENT DE L`ESPAI ESPORTIU;DIPUTACIÓN PROVINCIAL DE GIRONA;889053;AJUNTAMENT DE PORQUERES;Subvención;28/09/2026;40000;http://www.ddgi.cat/basescast/2025/Bases_2026_s_Esports_renovacio_paviment_esportiu.pdf
Concesiones;Convocatoria de subvenciones de clubes de Élite 2026;CONSEJERÍA DE CULTURA, TURISMO Y DEPORTE;899268;CLUB BALONCESTO ESTUDIANTES;Subvención;28/09/2026;38384,5;https://www.bocm.es/boletin/CM_Orden_BOCM/2022/04/13/BOCM-20220413-22.PDF
Concesiones;Convocatoria de subvenciones de clubes de Élite 2026;CONSEJERÍA DE CULTURA, TURISMO Y DEPORTE;899268;TRES CANTOS PATIN CLUB;Subvención;28/09/2026;34895;https://www.bocm.es/boletin/CM_Orden_BOCM/2022/04/13/BOCM-20220413-22.PDF
Concesiones;CONVOCATÒRIA DE SUBVENCIONS DEL PROGRAMA A4 DE SUPORT A LA RENOVACIÓ DEL PAVIMENT DE L`ESPAI ESPORTIU;DIPUTACIÓN PROVINCIAL DE GIRONA;889053;AJUNTAMENT DE CELRA;Subvención;28/09/2026;33289,65;http://www.ddgi.cat/basescast/2025/Bases_2026_s_Esports_renovacio_paviment_esportiu.pdf
Concesiones;Convocatoria de subvenciones de clubes de Élite 2026;CONSEJERÍA DE CULTURA, TURISMO Y DEPORTE;899268;CLUB DE RUGBY LICEO FRACES DE MADRID;Subvención;28/09/2026;32452,35;https://www.bocm.es/boletin/CM_Orden_BOCM/2022/04/13/BOCM-20220413-22.PDF
Concesiones;Resolución de 26/12/2025 por la que se aprueba la convocatoria de subvenciones para la realización de proyectos de formación profesional y empleo en el seno de la empresa, Línea 5 Sectorial, para el año 2026. REG (UE) 2023/2831.;DIRECCIÓN GENERAL FORMACIÓN PROFESIONAL EN EL ÁMBITO LABORAL;878664;METALURGICA MANCHEGA MIALCHE SLL;Subvención;28/09/2026;30416,1;https://docm.jccm.es/docm/descargarArchivo.do?ruta=2024/08/09/pdf/2024_6382.pdf&tipo=rutaDocm
Concesiones;Convocatoria de subvenciones a ONGD para proyectos de cooperación 2026;AYUNTAMIENTO DE TUDELA;898568;ARCORES ESPAÑA;Subvención;28/09/2026;30000;https://sede.tudela.es/sta/CarpetaPublic/doEvent?APP_CODE=STA&PAGE_CODE=CATALOGO
Concesiones;Convocatoria de subvenciones a ONGD para proyectos de cooperación 2026;AYUNTAMIENTO DE TUDELA;898568;ASOCIACION DE TRABAJADORES Y TECNICOS SIN FRONTERAS;Subvención;28/09/2026;30000;https://sede.tudela.es/sta/CarpetaPublic/doEvent?APP_CODE=STA&PAGE_CODE=CATALOGO
Concesiones;Convocatoria de subvenciones a ONGD para proyectos de cooperación 2026;AYUNTAMIENTO DE TUDELA;898568;MANOS UNIDAS COMITE CATOLICO DE LA CAMPAÑA CONTRA EL HAMBRE;Subvención;28/09/2026;30000;https://sede.tudela.es/sta/CarpetaPublic/doEvent?APP_CODE=STA&PAGE_CODE=CATALOGO
Concesiones;Convocatoria de subvenciones a ONGD para proyectos de cooperación 2026;AYUNTAMIENTO DE TUDELA;898568;FUNDACIO PRIVADA ULLS DEL MON;Subvención;28/09/2026;30000;https://sede.tudela.es/sta/CarpetaPublic/doEvent?APP_CODE=STA&PAGE_CODE=CATALOGO
Concesiones;Convocatoria de subvenciones a ONGD para proyectos de cooperación 2026;AYUNTAMIENTO DE TUDELA;898568;SOLIDARIDAD EDUCACION DESARROLLO;Subvención;28/09/2026;30000;https://sede.tudela.es/sta/CarpetaPublic/doEvent?APP_CODE=STA&PAGE_CODE=CATALOGO
Concesiones;Convocatoria de subvenciones a ONGD para proyectos de cooperación 2026;AYUNTAMIENTO DE TUDELA;898568;FUNDACION INTERNACIONAL DE SOLIDARIDAD COMPAÑIA DE MARIA;Subvención;28/09/2026;29825;https://sede.tudela.es/sta/CarpetaPublic/doEvent?APP_CODE=STA&PAGE_CODE=CATALOGO
Concesiones;Convocatoria de subvenciones de clubes de Élite 2026;CONSEJERÍA DE CULTURA, TURISMO Y DEPORTE;899268;PALACIO DEL HIELO, S.A.;Subvención;28/09/2026;28195,16;https://www.bocm.es/boletin/CM_Orden_BOCM/2022/04/13/BOCM-20220413-22.PDF
Concesiones;Convocatoria de subvenciones de clubes de Élite 2026;CONSEJERÍA DE CULTURA, TURISMO Y DEPORTE;899268;CLUB TRIATLON LOS DIABLILLOS DE RIVAS;Subvención;28/09/2026;26520,2;https://www.bocm.es/boletin/CM_Orden_BOCM/2022/04/13/BOCM-20220413-22.PDF
Concesiones;Convocatoria de subvenciones de clubes de Élite 2026;CONSEJERÍA DE CULTURA, TURISMO Y DEPORTE;899268;C.D.E. VOLEIBOL ALCOBENDAS;Subvención;28/09/2026;26171,25;https://www.bocm.es/boletin/CM_Orden_BOCM/2022/04/13/BOCM-20220413-22.PDF
Concesiones;Convocatoria de subvenciones de clubes de Élite 2026;CONSEJERÍA DE CULTURA, TURISMO Y DEPORTE;899268;CLUB LAS ENCINAS DE BOADILLA;Subvención;28/09/2026;26171,25;https://www.bocm.es/boletin/CM_Orden_BOCM/2022/04/13/BOCM-20220413-22.PDF
Concesiones;Convocatoria de subvenciones de clubes de Élite 2026;CONSEJERÍA DE CULTURA, TURISMO Y DEPORTE;899268;CLUB DEPORTIVO ELEMENTAL LAUDE FONTENEBR;Subvención;28/09/2026;24845,24;https://www.bocm.es/boletin/CM_Orden_BOCM/2022/04/13/BOCM-20220413-22.PDF
Concesiones;Convocatoria de subvenciones de clubes de Élite 2026;CONSEJERÍA DE CULTURA, TURISMO Y DEPORTE;899268;ASOC PARA PRACTICA DE JUDO EN MOSTOLES;Subvención;28/09/2026;24496,29;https://www.bocm.es/boletin/CM_Orden_BOCM/2022/04/13/BOCM-20220413-22.PDF
Concesiones;Resolución de 26/12/2025 por la que se aprueba la convocatoria de subvenciones para la realización de proyectos de formación profesional y empleo en el seno de la empresa, Línea 5 Sectorial, para el año 2026. REG (UE) 2023/2831.;DIRECCIÓN GENERAL FORMACIÓN PROFESIONAL EN EL ÁMBITO LABORAL;878664;COMPRA IDEAL SL;Subvención;28/09/2026;24389,6;https://docm.jccm.es/docm/descargarArchivo.do?ruta=2024/08/09/pdf/2024_6382.pdf&tipo=rutaDocm
Concesiones;Resolución de 26/12/2025 por la que se aprueba la convocatoria de subvenciones para la realización de proyectos de formación profesional y empleo en el seno de la empresa, Línea 5 Sectorial, para el año 2026. REG (UE) 2023/2831.;DIRECCIÓN GENERAL FORMACIÓN PROFESIONAL EN EL ÁMBITO LABORAL;878664;—;Subvención;28/09/2026;24389,6;https://docm.jccm.es/docm/descargarArchivo.do?ruta=2024/08/09/pdf/2024_6382.pdf&tipo=rutaDocm
Concesiones;Convocatoria de subvenciones de clubes de Élite 2026;CONSEJERÍA DE CULTURA, TURISMO Y DEPORTE;899268;CLUB DEPORTIVO ELEMENTAL JUDO CLUB GETAF;Subvención;28/09/2026;24147,34;https://www.bocm.es/boletin/CM_Orden_BOCM/2022/04/13/BOCM-20220413-22.PDF
Concesiones;Convocatoria de subvenciones de clubes de Élite 2026;CONSEJERÍA DE CULTURA, TURISMO Y DEPORTE;899268;C.D.E. JUDO SOTILLO;Subvención;28/09/2026;24147,34;https://www.bocm.es/boletin/CM_Orden_BOCM/2022/04/13/BOCM-20220413-22.PDF
Concesiones;Convocatoria de subvenciones de clubes de Élite 2026;CONSEJERÍA DE CULTURA, TURISMO Y DEPORTE;899268;CLUB DEPORTIVO BASICO DE RUGBY CRC POZUE;Subvención;28/09/2026;23728,6;https://www.bocm.es/boletin/CM_Orden_BOCM/2022/04/13/BOCM-20220413-22.PDF
Concesiones;Convocatoria de subvenciones de clubes de Élite 2026;CONSEJERÍA DE CULTURA, TURISMO Y DEPORTE;899268;ALCOBENDAS RUGBY;Subvención;28/09/2026;23728,6;https://www.bocm.es/boletin/CM_Orden_BOCM/2022/04/13/BOCM-20220413-22.PDF
Concesiones;Convocatoria de subvenciones de clubes de Élite 2026;CONSEJERÍA DE CULTURA, TURISMO Y DEPORTE;899268;C.D.B BLACK DEMONS FA;Subvención;28/09/2026;23030,7;https://www.bocm.es/boletin/CM_Orden_BOCM/2022/04/13/BOCM-20220413-22.PDF
Concesiones;Convocatoria de subvenciones de clubes de Élite 2026;CONSEJERÍA DE CULTURA, TURISMO Y DEPORTE;899268;CLUB HOCKEY HIERBA MADRID;Subvención;28/09/2026;22947,5;https://www.bocm.es/boletin/CM_Orden_BOCM/2022/04/13/BOCM-20220413-22.PDF
Concesiones;Convocatoria de subvenciones de clubes de Élite 2026;CONSEJERÍA DE CULTURA, TURISMO Y DEPORTE;899268;CLUB C F POZUELO DE ALARCÓN;Subvención;28/09/2026;22681,75;https://www.bocm.es/boletin/CM_Orden_BOCM/2022/04/13/BOCM-20220413-22.PDF
Concesiones;Convocatoria de subvenciones a ONGD para proyectos de cooperación 2026;AYUNTAMIENTO DE TUDELA;898568;ASOCIACION SAREAN MUJERES EN RED;Subvención;28/09/2026;22575;https://sede.tudela.es/sta/CarpetaPublic/doEvent?APP_CODE=STA&PAGE_CODE=CATALOGO
Concesiones;Convocatoria de subvenciones de clubes de Élite 2026;CONSEJERÍA DE CULTURA, TURISMO Y DEPORTE;899268;CLUB ESGRIMA POZUELO;Subvención;28/09/2026;21704,69;https://www.bocm.es/boletin/CM_Orden_BOCM/2022/04/13/BOCM-20220413-22.PDF
Concesiones;Convocatoria de subvenciones de clubes de Élite 2026;CONSEJERÍA DE CULTURA, TURISMO Y DEPORTE;899268;CDE ARQUEROS VILLA DE VALDEMORILLO;Subvención;28/09/2026;21495,32;https://www.bocm.es/boletin/CM_Orden_BOCM/2022/04/13/BOCM-20220413-22.PDF
Concesiones;Convocatoria de subvenciones de clubes de Élite 2026;CONSEJERÍA DE CULTURA, TURISMO Y DEPORTE;899268;CLUB FUTSI NAVALCARNERO;Subvención;28/09/2026;20937;https://www.bocm.es/boletin/CM_Orden_BOCM/2022/04/13/BOCM-20220413-22.PDF
Concesiones;Convocatoria de subvenciones de clubes de Élite 2026;CONSEJERÍA DE CULTURA, TURISMO Y DEPORTE;899268;C.D.B. POR LA NORMALIZACION;Subvención;28/09/2026;20937;https://www.bocm.es/boletin/CM_Orden_BOCM/2022/04/13/BOCM-20220413-22.PDF
Concesiones;Convocatoria de subvenciones de clubes de Élite 2026;CONSEJERÍA DE CULTURA, TURISMO Y DEPORTE;899268;TRIATLON CLAVERIA MOSTOLES;Subvención;28/09/2026;20937;https://www.bocm.es/boletin/CM_Orden_BOCM/2022/04/13/BOCM-20220413-22.PDF
Concesiones;Convocatoria de subvenciones de clubes de Élite 2026;CONSEJERÍA DE CULTURA, TURISMO Y DEPORTE;899268;CLUB RIVAS-VACIAMADRID BEISBOL Y SOFBOL;Subvención;28/09/2026;20937;https://www.bocm.es/boletin/CM_Orden_BOCM/2022/04/13/BOCM-20220413-22.PDF
Concesiones;Convocatoria de subvenciones de clubes de Élite 2026;CONSEJERÍA DE CULTURA, TURISMO Y DEPORTE;899268;CLUB DE FUTBOL CIUDAD DE VALDEMORO;Subvención;28/09/2026;20937;https://www.bocm.es/boletin/CM_Orden_BOCM/2022/04/13/BOCM-20220413-22.PDF
Concesiones;Resolución de 26/12/2025 por la que se aprueba la convocatoria de subvenciones para la realización de proyectos de formación profesional y empleo en el seno de la empresa, Línea 5 Sectorial, para el año 2026. REG (UE) 2023/2831.;DIRECCIÓN GENERAL FORMACIÓN PROFESIONAL EN EL ÁMBITO LABORAL;878664;MOLECOR CANALIZACIONES S.L.;Subvención;28/09/2026;20277,4;https://docm.jccm.es/docm/descargarArchivo.do?ruta=2024/08/09/pdf/2024_6382.pdf&tipo=rutaDocm
Concesiones;Convocatoria de subvenciones de clubes de Élite 2026;CONSEJERÍA DE CULTURA, TURISMO Y DEPORTE;899268;CLUB DRIDMA;Subvención;28/09/2026;20099,52;https://www.bocm.es/boletin/CM_Orden_BOCM/2022/04/13/BOCM-20220413-22.PDF
Concesiones;Convocatoria de subvenciones de clubes de Élite 2026;CONSEJERÍA DE CULTURA, TURISMO Y DEPORTE;899268;CLUB HIROSHIMA;Subvención;28/09/2026;19959,94;https://www.bocm.es/boletin/CM_Orden_BOCM/2022/04/13/BOCM-20220413-22.PDF
Concesiones;Convocatoria de subvenciones de clubes de Élite 2026;CONSEJERÍA DE CULTURA, TURISMO Y DEPORTE;899268;CLUB DE ARQUEROS DE POZUELO;Subvención;28/09/2026;19820,36;https://www.bocm.es/boletin/CM_Orden_BOCM/2022/04/13/BOCM-20220413-22.PDF
Concesiones;Convocatoria de subvenciones de clubes de Élite 2026;CONSEJERÍA DE CULTURA, TURISMO Y DEPORTE;899268;CLUB DEPORTIVO ELEMENTAL RECREATIVO ESGR;Subvención;28/09/2026;19541,2;https://www.bocm.es/boletin/CM_Orden_BOCM/2022/04/13/BOCM-20220413-22.PDF
Concesiones;Convocatoria de subvenciones de clubes de Élite 2026;CONSEJERÍA DE CULTURA, TURISMO Y DEPORTE;899268;MADRID C.F. FEMENINO;Subvención;28/09/2026;19192,25;https://www.bocm.es/boletin/CM_Orden_BOCM/2022/04/13/BOCM-20220413-22.PDF
Concesiones;Convocatoria de subvenciones de clubes de Élite 2026;CONSEJERÍA DE CULTURA, TURISMO Y DEPORTE;899268;CLUB DEPORTIVO BASICO WATERPOLO CIUDAD D;Subvención;28/09/2026;19192,25;https://www.bocm.es/boletin/CM_Orden_BOCM/2022/04/13/BOCM-20220413-22.PDF
Concesiones;Convocatoria de subvenciones de clubes de Élite 2026;CONSEJERÍA DE CULTURA, TURISMO Y DEPORTE;899268;C.D.E. FÚTBOL SALA CIUDAD DE ALCORCÓN;Subvención;28/09/2026;19192,25;https://www.bocm.es/boletin/CM_Orden_BOCM/2022/04/13/BOCM-20220413-22.PDF
Concesiones;Convocatoria de subvenciones de clubes de Élite 2026;CONSEJERÍA DE CULTURA, TURISMO Y DEPORTE;899268;CLUB DEPORTIVO LA SALLE MARAVILLAS;Subvención;28/09/2026;19192,25;https://www.bocm.es/boletin/CM_Orden_BOCM/2022/04/13/BOCM-20220413-22.PDF
Concesiones;Convocatoria de subvenciones de clubes de Élite 2026;CONSEJERÍA DE CULTURA, TURISMO Y DEPORTE;899268;CLUB SALA DE ARMAS DE MADRID;Subvención;28/09/2026;19192,25;https://www.bocm.es/boletin/CM_Orden_BOCM/2022/04/13/BOCM-20220413-22.PDF
Concesiones;Convocatoria de subvenciones de clubes de Élite 2026;CONSEJERÍA DE CULTURA, TURISMO Y DEPORTE;899268;A.D. ECOSPORT TRIATLÓN ALCOBENDAS;Subvención;28/09/2026;19192,25;https://www.bocm.es/boletin/CM_Orden_BOCM/2022/04/13/BOCM-20220413-22.PDF
Concesiones;Convocatoria de subvenciones de clubes de Élite 2026;CONSEJERÍA DE CULTURA, TURISMO Y DEPORTE;899268;CLUB DEPORTIVO ELEMENTAL HOCKEY POZUELO;Subvención;28/09/2026;19192,25;https://www.bocm.es/boletin/CM_Orden_BOCM/2022/04/13/BOCM-20220413-22.PDF
Concesiones;Convocatoria de subvenciones de clubes de Élite 2026;CONSEJERÍA DE CULTURA, TURISMO Y DEPORTE;899268;CLUB SPV. 51;Subvención;28/09/2026;19192,25;https://www.bocm.es/boletin/CM_Orden_BOCM/2022/04/13/BOCM-20220413-22.PDF
Concesiones;Convocatoria de subvenciones de clubes de Élite 2026;CONSEJERÍA DE CULTURA, TURISMO Y DEPORTE;899268;CLUB DEPORTIVO ACTIVIDADES DEPORTIVAS HI;Subvención;28/09/2026;18913,09;https://www.bocm.es/boletin/CM_Orden_BOCM/2022/04/13/BOCM-20220413-22.PDF
Concesiones;Convocatoria de subvenciones de clubes de Élite 2026;CONSEJERÍA DE CULTURA, TURISMO Y DEPORTE;899268;SOTO DEL REAL RUGBY CLUB;Subvención;28/09/2026;18494,35;https://www.bocm.es/boletin/CM_Orden_BOCM/2022/04/13/BOCM-20220413-22.PDF
Concesiones;Convocatoria de subvenciones de clubes de Élite 2026;CONSEJERÍA DE CULTURA, TURISMO Y DEPORTE;899268;C.D.E. PIRAGUA MADRID;Subvención;28/09/2026;18494,35;https://www.bocm.es/boletin/CM_Orden_BOCM/2022/04/13/BOCM-20220413-22.PDF
Concesiones;Convocatoria de subvenciones de clubes de Élite 2026;CONSEJERÍA DE CULTURA, TURISMO Y DEPORTE;899268;CLUB DEPORTIVO ELEMENTAL SUCHIL;Subvención;28/09/2026;18215,19;https://www.bocm.es/boletin/CM_Orden_BOCM/2022/04/13/BOCM-20220413-22.PDF
Concesiones;Convocatoria de subvenciones de clubes de Élite 2026;CONSEJERÍA DE CULTURA, TURISMO Y DEPORTE;899268;C.D.E. SPORT JUDO VALDEMORO;Subvención;28/09/2026;18215,19;https://www.bocm.es/boletin/CM_Orden_BOCM/2022/04/13/BOCM-20220413-22.PDF
Concesiones;Convocatoria de subvenciones de clubes de Élite 2026;CONSEJERÍA DE CULTURA, TURISMO Y DEPORTE;899268;CLUB DEPORTIVO ELEMENTAL ARQUEROS DE COL;Subvención;28/09/2026;18005,82;https://www.bocm.es/boletin/CM_Orden_BOCM/2022/04/13/BOCM-20220413-22.PDF
Concesiones;Convocatoria de subvenciones de clubes de Élite 2026;CONSEJERÍA DE CULTURA, TURISMO Y DEPORTE;899268;CLUB DE ESGRIMA DE MADRID;Subvención;28/09/2026;17866,24;https://www.bocm.es/boletin/CM_Orden_BOCM/2022/04/13/BOCM-20220413-22.PDF
Concesiones;Convocatoria de subvenciones de clubes de Élite 2026;CONSEJERÍA DE CULTURA, TURISMO Y DEPORTE;899268;CLUB DEPORTIVO ELEMENTAL VOLEIBOL MADRID;Subvención;28/09/2026;17447,5;https://www.bocm.es/boletin/CM_Orden_BOCM/2022/04/13/BOCM-20220413-22.PDF
Concesiones;Convocatoria de subvenciones de clubes de Élite 2026;CONSEJERÍA DE CULTURA, TURISMO Y DEPORTE;899268;CLUB DEPORTIVO ELEMENTAL LEGABASKET;Subvención;28/09/2026;17447,5;https://www.bocm.es/boletin/CM_Orden_BOCM/2022/04/13/BOCM-20220413-22.PDF
Concesiones;Convocatoria de subvenciones de clubes de Élite 2026;CONSEJERÍA DE CULTURA, TURISMO Y DEPORTE;899268;CLUB DEPORTIVO BASICO NATACION BOADILLA;Subvención;28/09/2026;17447,5;https://www.bocm.es/boletin/CM_Orden_BOCM/2022/04/13/BOCM-20220413-22.PDF
Concesiones;Convocatoria de subvenciones de clubes de Élite 2026;CONSEJERÍA DE CULTURA, TURISMO Y DEPORTE;899268;C.D.E. RIVAS LAS LAGUNAS;Subvención;28/09/2026;17447,5;https://www.bocm.es/boletin/CM_Orden_BOCM/2022/04/13/BOCM-20220413-22.PDF
Concesiones;Convocatoria de subvenciones de clubes de Élite 2026;CONSEJERÍA DE CULTURA, TURISMO Y DEPORTE;899268;CLUB BALONMANO ALCOBENDAS;Subvención;28/09/2026;17447,5;https://www.bocm.es/boletin/CM_Orden_BOCM/2022/04/13/BOCM-20220413-22.PDF
Concesiones;Convocatoria de subvenciones de clubes de Élite 2026;CONSEJERÍA DE CULTURA, TURISMO Y DEPORTE;899268;JUDO CLUB KAIZEN;Subvención;28/09/2026;16819,39;https://www.bocm.es/boletin/CM_Orden_BOCM/2022/04/13/BOCM-20220413-22.PDF
Concesiones;Convocatoria de subvenciones de clubes de Élite 2026;CONSEJERÍA DE CULTURA, TURISMO Y DEPORTE;899268;CLUB DE ARQUEROS LEGANES;Subvención;28/09/2026;16121,49;https://www.bocm.es/boletin/CM_Orden_BOCM/2022/04/13/BOCM-20220413-22.PDF
Concesiones;Convocatoria de subvenciones de clubes de Élite 2026;CONSEJERÍA DE CULTURA, TURISMO Y DEPORTE;899268;CLUB DE TIRO CON ARCO ARCOSOTO;Subvención;28/09/2026;16121,49;https://www.bocm.es/boletin/CM_Orden_BOCM/2022/04/13/BOCM-20220413-22.PDF
Concesiones;Convocatoria de subvenciones de clubes de Élite 2026;CONSEJERÍA DE CULTURA, TURISMO Y DEPORTE;899268;C.D.B. GREDOS SAN DIEGO;Subvención;28/09/2026;16051,7;https://www.bocm.es/boletin/CM_Orden_BOCM/2022/04/13/BOCM-20220413-22.PDF
Concesiones;Convocatoria de subvenciones de clubes de Élite 2026;CONSEJERÍA DE CULTURA, TURISMO Y DEPORTE;899268;C.D.E.BALONMANO CARABANCHEL;Subvención;28/09/2026;15702,75;https://www.bocm.es/boletin/CM_Orden_BOCM/2022/04/13/BOCM-20220413-22.PDF
Concesiones;Convocatoria de subvenciones de clubes de Élite 2026;CONSEJERÍA DE CULTURA, TURISMO Y DEPORTE;899268;CLUB NATACION CUATRO CAMINOS;Subvención;28/09/2026;15702,75;https://www.bocm.es/boletin/CM_Orden_BOCM/2022/04/13/BOCM-20220413-22.PDF
Concesiones;Convocatoria de subvenciones de clubes de Élite 2026;CONSEJERÍA DE CULTURA, TURISMO Y DEPORTE;899268;C.D.E. PATIN LAS ROZAS;Subvención;28/09/2026;15702,75;https://www.bocm.es/boletin/CM_Orden_BOCM/2022/04/13/BOCM-20220413-22.PDF
Concesiones;Convocatoria de subvenciones de clubes de Élite 2026;CONSEJERÍA DE CULTURA, TURISMO Y DEPORTE;899268;CLUB VOLEIBOL TORREJON;Subvención;28/09/2026;15702,75;https://www.bocm.es/boletin/CM_Orden_BOCM/2022/04/13/BOCM-20220413-22.PDF
Concesiones;Convocatoria de subvenciones de clubes de Élite 2026;CONSEJERÍA DE CULTURA, TURISMO Y DEPORTE;899268;CLUB VOLEIBOL COLLADO VILLALBA;Subvención;28/09/2026;15702,75;https://www.bocm.es/boletin/CM_Orden_BOCM/2022/04/13/BOCM-20220413-22.PDF
Concesiones;Convocatoria de subvenciones de clubes de Élite 2026;CONSEJERÍA DE CULTURA, TURISMO Y DEPORTE;899268;CLUB VOLEIBOL PINTO;Subvención;28/09/2026;15702,75;https://www.bocm.es/boletin/CM_Orden_BOCM/2022/04/13/BOCM-20220413-22.PDF
Concesiones;Convocatoria de subvenciones de clubes de Élite 2026;CONSEJERÍA DE CULTURA, TURISMO Y DEPORTE;899268;SAGRADA FAMILIA HNOS.DE LA PROV.DE NTRA.;Subvención;28/09/2026;15702,75;https://www.bocm.es/boletin/CM_Orden_BOCM/2022/04/13/BOCM-20220413-22.PDF
Concesiones;Convocatoria de subvenciones de clubes de Élite 2026;CONSEJERÍA DE CULTURA, TURISMO Y DEPORTE;899268;PENTATLON S SEBASTIAN DE LOS REYES CDE;Subvención;28/09/2026;15702,75;https://www.bocm.es/boletin/CM_Orden_BOCM/2022/04/13/BOCM-20220413-22.PDF
Concesiones;Convocatoria de subvenciones de clubes de Élite 2026;CONSEJERÍA DE CULTURA, TURISMO Y DEPORTE;899268;C.D.E. NATACION CIUDAD DE ALCORCON;Subvención;28/09/2026;15702,75;https://www.bocm.es/boletin/CM_Orden_BOCM/2022/04/13/BOCM-20220413-22.PDF
Concesiones;Convocatoria de subvenciones de clubes de Élite 2026;CONSEJERÍA DE CULTURA, TURISMO Y DEPORTE;899268;CLUB BALONMANO PINTO;Subvención;28/09/2026;15702,75;https://www.bocm.es/boletin/CM_Orden_BOCM/2022/04/13/BOCM-20220413-22.PDF
Concesiones;Convocatoria de subvenciones de clubes de Élite 2026;CONSEJERÍA DE CULTURA, TURISMO Y DEPORTE;899268;CLUB CID CASA MURCIA GETAFE;Subvención;28/09/2026;15702,75;https://www.bocm.es/boletin/CM_Orden_BOCM/2022/04/13/BOCM-20220413-22.PDF
Concesiones;Convocatoria de subvenciones de clubes de Élite 2026;CONSEJERÍA DE CULTURA, TURISMO Y DEPORTE;899268;AGRUP. DEPORTIVA CONCEPCION;Subvención;28/09/2026;15702,75;https://www.bocm.es/boletin/CM_Orden_BOCM/2022/04/13/BOCM-20220413-22.PDF
Concesiones;Convocatoria de subvenciones de clubes de Élite 2026;CONSEJERÍA DE CULTURA, TURISMO Y DEPORTE;899268;CDE ESGRIMA VICALVARO;Subvención;28/09/2026;15702,75;https://www.bocm.es/boletin/CM_Orden_BOCM/2022/04/13/BOCM-20220413-22.PDF
Concesiones;Convocatoria de subvenciones de clubes de Élite 2026;CONSEJERÍA DE CULTURA, TURISMO Y DEPORTE;899268;CLUB DEPORTIVO ELEMENTAL CLUB TRIATLON 4;Subvención;28/09/2026;15702,75;https://www.bocm.es/boletin/CM_Orden_BOCM/2022/04/13/BOCM-20220413-22.PDF
Concesiones;Convocatoria de subvenciones de clubes de Élite 2026;CONSEJERÍA DE CULTURA, TURISMO Y DEPORTE;899268;CLUB ESGRIMA BARAJAS;Subvención;28/09/2026;15074,64;https://www.bocm.es/boletin/CM_Orden_BOCM/2022/04/13/BOCM-20220413-22.PDF
Concesiones;Convocatoria de subvenciones de clubes de Élite 2026;CONSEJERÍA DE CULTURA, TURISMO Y DEPORTE;899268;CLUB DEPORTIVO INGENIEROS INDUSTRIALES L;Subvención;28/09/2026;15004,85;https://www.bocm.es/boletin/CM_Orden_BOCM/2022/04/13/BOCM-20220413-22.PDF
Concesiones;Convocatoria de subvenciones de clubes de Élite 2026;CONSEJERÍA DE CULTURA, TURISMO Y DEPORTE;899268;CLUB ESCUELA PIRAGUISMO ARANJUEZ;Subvención;28/09/2026;15004,85;https://www.bocm.es/boletin/CM_Orden_BOCM/2022/04/13/BOCM-20220413-22.PDF
Concesiones;Convocatoria de subvenciones de clubes de Élite 2026;CONSEJERÍA DE CULTURA, TURISMO Y DEPORTE;899268;CLUB DEPORTIVO ARQUITECTURA;Subvención;28/09/2026;15004,85;https://www.bocm.es/boletin/CM_Orden_BOCM/2022/04/13/BOCM-20220413-22.PDF
Concesiones;Convocatoria de subvenciones de clubes de Élite 2026;CONSEJERÍA DE CULTURA, TURISMO Y DEPORTE;899268;CLUB DEPORTIVO ETSIT;Subvención;28/09/2026;14725,69;https://www.bocm.es/boletin/CM_Orden_BOCM/2022/04/13/BOCM-20220413-22.PDF
Concesiones;Convocatoria de subvenciones de clubes de Élite 2026;CONSEJERÍA DE CULTURA, TURISMO Y DEPORTE;899268;CLUB MADRILEÑO DE CIENCIAS;Subvención;28/09/2026;14655,9;https://www.bocm.es/boletin/CM_Orden_BOCM/2022/04/13/BOCM-20220413-22.PDF
Concesiones;Convocatoria de subvenciones de clubes de Élite 2026;CONSEJERÍA DE CULTURA, TURISMO Y DEPORTE;899268;CDE DE ESGRIMA EL CAPRICHO;Subvención;28/09/2026;14237,16;https://www.bocm.es/boletin/CM_Orden_BOCM/2022/04/13/BOCM-20220413-22.PDF
Concesiones;Convocatoria de subvenciones de clubes de Élite 2026;CONSEJERÍA DE CULTURA, TURISMO Y DEPORTE;899268;CLUB DEPORTIVO BASICO VALDEMORO ICE TEAM;Subvención;28/09/2026;14097,58;https://www.bocm.es/boletin/CM_Orden_BOCM/2022/04/13/BOCM-20220413-22.PDF
Concesiones;Convocatoria de subvenciones de clubes de Élite 2026;CONSEJERÍA DE CULTURA, TURISMO Y DEPORTE;899268;CLUB AGRUPACION DEPORTIVA MARATHON;Subvención;28/09/2026;13958;https://www.bocm.es/boletin/CM_Orden_BOCM/2022/04/13/BOCM-20220413-22.PDF
Concesiones;Convocatoria de subvenciones de clubes de Élite 2026;CONSEJERÍA DE CULTURA, TURISMO Y DEPORTE;899268;CLUB DEPORTIVO ELEMENTAL DE ESGRIMA EL O;Subvención;28/09/2026;13958;https://www.bocm.es/boletin/CM_Orden_BOCM/2022/04/13/BOCM-20220413-22.PDF
Concesiones;Convocatoria de subvenciones de clubes de Élite 2026;CONSEJERÍA DE CULTURA, TURISMO Y DEPORTE;899268;CLUB ESGRIMA CARDENAL CISNEROS DE MADRID;Subvención;28/09/2026;13958;https://www.bocm.es/boletin/CM_Orden_BOCM/2022/04/13/BOCM-20220413-22.PDF
Concesiones;Convocatoria de subvenciones de clubes de Élite 2026;CONSEJERÍA DE CULTURA, TURISMO Y DEPORTE;899268;CLUB TRIATLON LAS ROZAS;Subvención;28/09/2026;13609,05;https://www.bocm.es/boletin/CM_Orden_BOCM/2022/04/13/BOCM-20220413-22.PDF
Concesiones;Convocatoria de subvenciones de clubes de Élite 2026;CONSEJERÍA DE CULTURA, TURISMO Y DEPORTE;899268;CLUB DEPORTIVO ELEMENTAL JUDO QUINO RUIZ;Subvención;28/09/2026;13469,47;https://www.bocm.es/boletin/CM_Orden_BOCM/2022/04/13/BOCM-20220413-22.PDF
Concesiones;Convocatoria de subvenciones de clubes de Élite 2026;CONSEJERÍA DE CULTURA, TURISMO Y DEPORTE;899268;CLUB ESCUELA M.GIMNASIA MAJADAHONDA;Subvención;28/09/2026;13399,68;https://www.bocm.es/boletin/CM_Orden_BOCM/2022/04/13/BOCM-20220413-22.PDF
Concesiones;Convocatoria de subvenciones de clubes de Élite 2026;CONSEJERÍA DE CULTURA, TURISMO Y DEPORTE;899268;CDE OLIMPO DE ESGRIMA;Subvención;28/09/2026;13329,89;https://www.bocm.es/boletin/CM_Orden_BOCM/2022/04/13/BOCM-20220413-22.PDF
Concesiones;Convocatoria de subvenciones de clubes de Élite 2026;CONSEJERÍA DE CULTURA, TURISMO Y DEPORTE;899268;CLUB TENIS DE MESA RIVAS;Subvención;28/09/2026;13260,1;https://www.bocm.es/boletin/CM_Orden_BOCM/2022/04/13/BOCM-20220413-22.PDF
Concesiones;Convocatoria de subvenciones de clubes de Élite 2026;CONSEJERÍA DE CULTURA, TURISMO Y DEPORTE;899268;CLUB DE ATLETISMO DE ALCORCON;Subvención;28/09/2026;13260,1;https://www.bocm.es/boletin/CM_Orden_BOCM/2022/04/13/BOCM-20220413-22.PDF
Concesiones;Convocatoria de subvenciones de clubes de Élite 2026;CONSEJERÍA DE CULTURA, TURISMO Y DEPORTE;899268;CLUB DEPORTIVO ELEMENTAL DE ESGRIMA TRES;Subvención;28/09/2026;12911,15;https://www.bocm.es/boletin/CM_Orden_BOCM/2022/04/13/BOCM-20220413-22.PDF
Concesiones;Convocatoria de subvenciones de clubes de Élite 2026;CONSEJERÍA DE CULTURA, TURISMO Y DEPORTE;899268;CLUB DEPORTIVO ELEMENTAL SAKURA;Subvención;28/09/2026;12911,15;https://www.bocm.es/boletin/CM_Orden_BOCM/2022/04/13/BOCM-20220413-22.PDF
Concesiones;Convocatoria de subvenciones de clubes de Élite 2026;CONSEJERÍA DE CULTURA, TURISMO Y DEPORTE;899268;TENIS DE MESA CEIP TERESA BERGANZA;Subvención;28/09/2026;12562,2;https://www.bocm.es/boletin/CM_Orden_BOCM/2022/04/13/BOCM-20220413-22.PDF
Concesiones;Resolución de 26/12/2025 por la que se aprueba la convocatoria de subvenciones para la realización de proyectos de formación profesional y empleo en el seno de la empresa, Línea 5 Sectorial, para el año 2026. REG (UE) 2023/2831.;DIRECCIÓN GENERAL FORMACIÓN PROFESIONAL EN EL ÁMBITO LABORAL;878664;BOMBO COMUNICACION, SOCIEDAD LIMITA;Subvención;28/09/2026;12194,8;https://docm.jccm.es/docm/descargarArchivo.do?ruta=2024/08/09/pdf/2024_6382.pdf&tipo=rutaDocm
Concesiones;Resolución de 26/12/2025 por la que se aprueba la convocatoria de subvenciones para la realización de proyectos de formación profesional y empleo en el seno de la empresa, Línea 5 Sectorial, para el año 2026. REG (UE) 2023/2831.;DIRECCIÓN GENERAL FORMACIÓN PROFESIONAL EN EL ÁMBITO LABORAL;878664;DELTANET SISTEM DE INFORM S.L;Subvención;28/09/2026;12194,8;https://docm.jccm.es/docm/descargarArchivo.do?ruta=2024/08/09/pdf/2024_6382.pdf&tipo=rutaDocm
Concesiones;Resolución de 26/12/2025 por la que se aprueba la convocatoria de subvenciones para la realización de proyectos de formación profesional y empleo en el seno de la empresa, Línea 5 Sectorial, para el año 2026. REG (UE) 2023/2831.;DIRECCIÓN GENERAL FORMACIÓN PROFESIONAL EN EL ÁMBITO LABORAL;878664;DEMONITO PERSONAL CYBERSECURITY SL;Subvención;28/09/2026;12194,8;https://docm.jccm.es/docm/descargarArchivo.do?ruta=2024/08/09/pdf/2024_6382.pdf&tipo=rutaDocm
Concesiones;Resolución de 26/12/2025 por la que se aprueba la convocatoria de subvenciones para la realización de proyectos de formación profesional y empleo en el seno de la empresa, Línea 5 Sectorial, para el año 2026. REG (UE) 2023/2831.;DIRECCIÓN GENERAL FORMACIÓN PROFESIONAL EN EL ÁMBITO LABORAL;878664;DULCEALMACEN SL;Subvención;28/09/2026;12194,8;https://docm.jccm.es/docm/descargarArchivo.do?ruta=2024/08/09/pdf/2024_6382.pdf&tipo=rutaDocm
Concesiones;Resolución de 26/12/2025 por la que se aprueba la convocatoria de subvenciones para la realización de proyectos de formación profesional y empleo en el seno de la empresa, Línea 5 Sectorial, para el año 2026. REG (UE) 2023/2831.;DIRECCIÓN GENERAL FORMACIÓN PROFESIONAL EN EL ÁMBITO LABORAL;878664;IMEDIO DEKO CB;Subvención;28/09/2026;12194,8;https://docm.jccm.es/docm/descargarArchivo.do?ruta=2024/08/09/pdf/2024_6382.pdf&tipo=rutaDocm
Concesiones;Resolución de 26/12/2025 por la que se aprueba la convocatoria de subvenciones para la realización de proyectos de formación profesional y empleo en el seno de la empresa, Línea 5 Sectorial, para el año 2026. REG (UE) 2023/2831.;DIRECCIÓN GENERAL FORMACIÓN PROFESIONAL EN EL ÁMBITO LABORAL;878664;INVERSIONES PATRIMONIALES SYP, S.L;Subvención;28/09/2026;12194,8;https://docm.jccm.es/docm/descargarArchivo.do?ruta=2024/08/09/pdf/2024_6382.pdf&tipo=rutaDocm
Concesiones;Resolución de 26/12/2025 por la que se aprueba la convocatoria de subvenciones para la realización de proyectos de formación profesional y empleo en el seno de la empresa, Línea 5 Sectorial, para el año 2026. REG (UE) 2023/2831.;DIRECCIÓN GENERAL FORMACIÓN PROFESIONAL EN EL ÁMBITO LABORAL;878664;—;Subvención;28/09/2026;12194,8;https://docm.jccm.es/docm/descargarArchivo.do?ruta=2024/08/09/pdf/2024_6382.pdf&tipo=rutaDocm
Concesiones;Resolución de 26/12/2025 por la que se aprueba la convocatoria de subvenciones para la realización de proyectos de formación profesional y empleo en el seno de la empresa, Línea 5 Sectorial, para el año 2026. REG (UE) 2023/2831.;DIRECCIÓN GENERAL FORMACIÓN PROFESIONAL EN EL ÁMBITO LABORAL;878664;PESLAM ESTUDIOS SLU;Subvención;28/09/2026;12194,8;https://docm.jccm.es/docm/descargarArchivo.do?ruta=2024/08/09/pdf/2024_6382.pdf&tipo=rutaDocm
Concesiones;Resolución de 26/12/2025 por la que se aprueba la convocatoria de subvenciones para la realización de proyectos de formación profesional y empleo en el seno de la empresa, Línea 5 Sectorial, para el año 2026. REG (UE) 2023/2831.;DIRECCIÓN GENERAL FORMACIÓN PROFESIONAL EN EL ÁMBITO LABORAL;878664;RESPUESTAS FORMATIVAS, S.L.;Subvención;28/09/2026;12194,8;https://docm.jccm.es/docm/descargarArchivo.do?ruta=2024/08/09/pdf/2024_6382.pdf&tipo=rutaDocm
Concesiones;Resolución de 26/12/2025 por la que se aprueba la convocatoria de subvenciones para la realización de proyectos de formación profesional y empleo en el seno de la empresa, Línea 5 Sectorial, para el año 2026. REG (UE) 2023/2831.;DIRECCIÓN GENERAL FORMACIÓN PROFESIONAL EN EL ÁMBITO LABORAL;878664;SERENDIPIA LIBROS, S.L.;Subvención;28/09/2026;12194,8;https://docm.jccm.es/docm/descargarArchivo.do?ruta=2024/08/09/pdf/2024_6382.pdf&tipo=rutaDocm
Concesiones;Resolución de 26/12/2025 por la que se aprueba la convocatoria de subvenciones para la realización de proyectos de formación profesional y empleo en el seno de la empresa, Línea 5 Sectorial, para el año 2026. REG (UE) 2023/2831.;DIRECCIÓN GENERAL FORMACIÓN PROFESIONAL EN EL ÁMBITO LABORAL;878664;ASOC. DESARR. ALTO GUADIANA-MANCHA;Subvención;28/09/2026;12194,8;https://docm.jccm.es/docm/descargarArchivo.do?ruta=2024/08/09/pdf/2024_6382.pdf&tipo=rutaDocm
Concesiones;CONVOCATÒRIA DE SUBVENCIONS DEL PROGRAMA A3 DE SUPORT AL CONDICIONAMENT I MILLORA DELS EQUIPAMENTS ESPORTIUS;DIPUTACIÓN PROVINCIAL DE GIRONA;889054;AJUNTAMENT DE MAÇANET DE LA SELVA;Subvención;28/09/2026;12000;http://www.ddgi.cat/basescast/2025/Bases_2026_s_Esports_obres_condicionament_i_millora.pdf
Concesiones;CONVOCATÒRIA DE SUBVENCIONS DEL PROGRAMA A3 DE SUPORT AL CONDICIONAMENT I MILLORA DELS EQUIPAMENTS ESPORTIUS;DIPUTACIÓN PROVINCIAL DE GIRONA;889054;AJUNTAMENT DE PONT DE MOLINS;Subvención;28/09/2026;12000;http://www.ddgi.cat/basescast/2025/Bases_2026_s_Esports_obres_condicionament_i_millora.pdf
Concesiones;CONVOCATÒRIA DE SUBVENCIONS DEL PROGRAMA A3 DE SUPORT AL CONDICIONAMENT I MILLORA DELS EQUIPAMENTS ESPORTIUS;DIPUTACIÓN PROVINCIAL DE GIRONA;889054;AJ. D AIGUAVIVA;Subvención;28/09/2026;12000;http://www.ddgi.cat/basescast/2025/Bases_2026_s_Esports_obres_condicionament_i_millora.pdf
Concesiones;CONVOCATÒRIA DE SUBVENCIONS DEL PROGRAMA A3 DE SUPORT AL CONDICIONAMENT I MILLORA DELS EQUIPAMENTS ESPORTIUS;DIPUTACIÓN PROVINCIAL DE GIRONA;889054;AJUNTAMENT DE CRUILLES, MONELLS, SANT SADURNI DE L HEURA;Subvención;28/09/2026;12000;http://www.ddgi.cat/basescast/2025/Bases_2026_s_Esports_obres_condicionament_i_millora.pdf
Concesiones;CONVOCATÒRIA DE SUBVENCIONS DEL PROGRAMA A3 DE SUPORT AL CONDICIONAMENT I MILLORA DELS EQUIPAMENTS ESPORTIUS;DIPUTACIÓN PROVINCIAL DE GIRONA;889054;AJUNTAMENT DE CORNELLA DEL TERRI;Subvención;28/09/2026;12000;http://www.ddgi.cat/basescast/2025/Bases_2026_s_Esports_obres_condicionament_i_millora.pdf
Concesiones;CONVOCATÒRIA DE SUBVENCIONS DEL PROGRAMA A3 DE SUPORT AL CONDICIONAMENT I MILLORA DELS EQUIPAMENTS ESPORTIUS;DIPUTACIÓN PROVINCIAL DE GIRONA;889054;AJUNTAMENT DE SARRIA DE TER;Subvención;28/09/2026;12000;http://www.ddgi.cat/basescast/2025/Bases_2026_s_Esports_obres_condicionament_i_millora.pdf
Concesiones;CONVOCATÒRIA DE SUBVENCIONS DEL PROGRAMA A3 DE SUPORT AL CONDICIONAMENT I MILLORA DELS EQUIPAMENTS ESPORTIUS;DIPUTACIÓN PROVINCIAL DE GIRONA;889054;AJUNTAMENT DE SILS;Subvención;28/09/2026;12000;http://www.ddgi.cat/basescast/2025/Bases_2026_s_Esports_obres_condicionament_i_millora.pdf
Concesiones;CONVOCATÒRIA DE SUBVENCIONS DEL PROGRAMA A3 DE SUPORT AL CONDICIONAMENT I MILLORA DELS EQUIPAMENTS ESPORTIUS;DIPUTACIÓN PROVINCIAL DE GIRONA;889054;AJUNTAMENT D ARBUCIES;Subvención;28/09/2026;12000;http://www.ddgi.cat/basescast/2025/Bases_2026_s_Esports_obres_condicionament_i_millora.pdf
Concesiones;CONVOCATÒRIA DE SUBVENCIONS DEL PROGRAMA A3 DE SUPORT AL CONDICIONAMENT I MILLORA DELS EQUIPAMENTS ESPORTIUS;DIPUTACIÓN PROVINCIAL DE GIRONA;889054;AJUNTAMENT DE GER;Subvención;28/09/2026;11984,38;http://www.ddgi.cat/basescast/2025/Bases_2026_s_Esports_obres_condicionament_i_millora.pdf
Concesiones;Convocatoria de subvenciones de clubes de Élite 2026;CONSEJERÍA DE CULTURA, TURISMO Y DEPORTE;899268;CLUB DEPORTIVO ELEMENTAL ESGRIMA LAZARO;Subvención;28/09/2026;11864,3;https://www.bocm.es/boletin/CM_Orden_BOCM/2022/04/13/BOCM-20220413-22.PDF
Concesiones;Resolución de 22/06/2026, de la Dirección General de Empleo, por la que se publican los créditos disponibles en el ejercicio 2026 para la concesión de las subvenciones reguladas en el Decreto 31/2026, de 16 de junio.;DIRECCIÓN GENERAL DE EMPLEO;914826;PROMOC. E INVERS. VALERA POVEDA SL;Subvención;28/09/2026;11400;https://docm.jccm.es/docm/descargarArchivo.do?ruta=2026/06/19/pdf/2026_4694.pdf&tipo=rutaDocm
Concesiones;Convocatoria de subvenciones de clubes de Élite 2026;CONSEJERÍA DE CULTURA, TURISMO Y DEPORTE;899268;ESCUELA DE ESGRIMA ATENEO DE MADRID-BARR;Subvención;28/09/2026;11236,19;https://www.bocm.es/boletin/CM_Orden_BOCM/2022/04/13/BOCM-20220413-22.PDF
Concesiones;Convocatoria de subvenciones de clubes de Élite 2026;CONSEJERÍA DE CULTURA, TURISMO Y DEPORTE;899268;CDE ONSKATES;Subvención;28/09/2026;11166,4;https://www.bocm.es/boletin/CM_Orden_BOCM/2022/04/13/BOCM-20220413-22.PDF
Concesiones;Convocatoria de subvenciones de clubes de Élite 2026;CONSEJERÍA DE CULTURA, TURISMO Y DEPORTE;899268;CLUB DEPORTIVO ELEMENTAL HALTEROFILIA AR;Subvención;28/09/2026;11166,4;https://www.bocm.es/boletin/CM_Orden_BOCM/2022/04/13/BOCM-20220413-22.PDF
Concesiones;Convocatoria de subvenciones de clubes de Élite 2026;CONSEJERÍA DE CULTURA, TURISMO Y DEPORTE;899268;CDE SWITCH VOLLEY. MADRID BEACH CLUB;Subvención;28/09/2026;11166,4;https://www.bocm.es/boletin/CM_Orden_BOCM/2022/04/13/BOCM-20220413-22.PDF
Concesiones;Convocatoria de subvenciones de clubes de Élite 2026;CONSEJERÍA DE CULTURA, TURISMO Y DEPORTE;899268;CLUB DEPORTIVO ELEMENTAL MADRID GYMNASTI;Subvención;28/09/2026;11166,4;https://www.bocm.es/boletin/CM_Orden_BOCM/2022/04/13/BOCM-20220413-22.PDF
Concesiones;Convocatoria de subvenciones de clubes de Élite 2026;CONSEJERÍA DE CULTURA, TURISMO Y DEPORTE;899268;CLUB DEPORTIVO ELEMENTAL JUDO GUADARRAMA;Subvención;28/09/2026;10887,24;https://www.bocm.es/boletin/CM_Orden_BOCM/2022/04/13/BOCM-20220413-22.PDF
Concesiones;Convocatoria de subvenciones de clubes de Élite 2026;CONSEJERÍA DE CULTURA, TURISMO Y DEPORTE;899268;CLUB VALLEHERMOSO-RETIRO;Subvención;28/09/2026;10817,45;https://www.bocm.es/boletin/CM_Orden_BOCM/2022/04/13/BOCM-20220413-22.PDF
Concesiones;Convocatoria de subvenciones de clubes de Élite 2026;CONSEJERÍA DE CULTURA, TURISMO Y DEPORTE;899268;CLUB DE TENIS CHAMARTIN;Subvención;28/09/2026;10747,66;https://www.bocm.es/boletin/CM_Orden_BOCM/2022/04/13/BOCM-20220413-22.PDF
Concesiones;Convocatoria de subvenciones de clubes de Élite 2026;CONSEJERÍA DE CULTURA, TURISMO Y DEPORTE;899268;FUNDACION DEL LESIONADO MEDULAR;Subvención;28/09/2026;10608,08;https://www.bocm.es/boletin/CM_Orden_BOCM/2022/04/13/BOCM-20220413-22.PDF
Concesiones;Convocatoria de subvenciones de clubes de Élite 2026;CONSEJERÍA DE CULTURA, TURISMO Y DEPORTE;899268;C.D.E. PATINAJE LINEA MADRID;Subvención;28/09/2026;10468,5;https://www.bocm.es/boletin/CM_Orden_BOCM/2022/04/13/BOCM-20220413-22.PDF
Concesiones;Convocatoria de subvenciones de clubes de Élite 2026;CONSEJERÍA DE CULTURA, TURISMO Y DEPORTE;899268;CLUB FÚTBOL SALA FEMENINO MÓSTOLES;Subvención;28/09/2026;10468,5;https://www.bocm.es/boletin/CM_Orden_BOCM/2022/04/13/BOCM-20220413-22.PDF
Concesiones;Convocatoria de subvenciones de clubes de Élite 2026;CONSEJERÍA DE CULTURA, TURISMO Y DEPORTE;899268;CLUB INTER FUTBOL SALA;Subvención;28/09/2026;10468,5;https://www.bocm.es/boletin/CM_Orden_BOCM/2022/04/13/BOCM-20220413-22.PDF
Concesiones;Convocatoria de subvenciones de clubes de Élite 2026;CONSEJERÍA DE CULTURA, TURISMO Y DEPORTE;899268;C. DE HOCKEY DE LOS CANIBALES DE LAS ROZ;Subvención;28/09/2026;10468,5;https://www.bocm.es/boletin/CM_Orden_BOCM/2022/04/13/BOCM-20220413-22.PDF
Concesiones;Resolución de 26/12/2025 por la que se aprueba la convocatoria de subvenciones para la realización de proyectos de formación profesional y empleo en el seno de la empresa, Línea 5 Sectorial, para el año 2026. REG (UE) 2023/2831.;DIRECCIÓN GENERAL FORMACIÓN PROFESIONAL EN EL ÁMBITO LABORAL;878664;TAFYM S.A.;Subvención;28/09/2026;10138,7;https://docm.jccm.es/docm/descargarArchivo.do?ruta=2024/08/09/pdf/2024_6382.pdf&tipo=rutaDocm
Concesiones;CONVOCATÒRIA DE SUBVENCIONS DEL PROGRAMA A3 DE SUPORT AL CONDICIONAMENT I MILLORA DELS EQUIPAMENTS ESPORTIUS;DIPUTACIÓN PROVINCIAL DE GIRONA;889054;AJUNTAMENT DE PORQUERES;Subvención;28/09/2026;10000;http://www.ddgi.cat/basescast/2025/Bases_2026_s_Esports_obres_condicionament_i_millora.pdf
Concesiones;CONVOCATÒRIA DE SUBVENCIONS DEL PROGRAMA A3 DE SUPORT AL CONDICIONAMENT I MILLORA DELS EQUIPAMENTS ESPORTIUS;DIPUTACIÓN PROVINCIAL DE GIRONA;889054;AJUNTAMENT DE CAMPRODON;Subvención;28/09/2026;10000;http://www.ddgi.cat/basescast/2025/Bases_2026_s_Esports_obres_condicionament_i_millora.pdf
Concesiones;CONVOCATÒRIA DE SUBVENCIONS DEL PROGRAMA A3 DE SUPORT AL CONDICIONAMENT I MILLORA DELS EQUIPAMENTS ESPORTIUS;DIPUTACIÓN PROVINCIAL DE GIRONA;889054;AJUNTAMENT DE TOSSA DE MAR;Subvención;28/09/2026;10000;http://www.ddgi.cat/basescast/2025/Bases_2026_s_Esports_obres_condicionament_i_millora.pdf
Concesiones;CONVOCATÒRIA DE SUBVENCIONS DEL PROGRAMA A3 DE SUPORT AL CONDICIONAMENT I MILLORA DELS EQUIPAMENTS ESPORTIUS;DIPUTACIÓN PROVINCIAL DE GIRONA;889054;AJUNTAMENT DE PALAFRUGELL;Subvención;28/09/2026;10000;http://www.ddgi.cat/basescast/2025/Bases_2026_s_Esports_obres_condicionament_i_millora.pdf
Concesiones;CONVOCATÒRIA DE SUBVENCIONS DEL PROGRAMA A3 DE SUPORT AL CONDICIONAMENT I MILLORA DELS EQUIPAMENTS ESPORTIUS;DIPUTACIÓN PROVINCIAL DE GIRONA;889054;AJUNTAMENT DE CASTELL-PLATJA D ARO;Subvención;28/09/2026;10000;http://www.ddgi.cat/basescast/2025/Bases_2026_s_Esports_obres_condicionament_i_millora.pdf
Concesiones;CONVOCATÒRIA DE SUBVENCIONS DEL PROGRAMA A3 DE SUPORT AL CONDICIONAMENT I MILLORA DELS EQUIPAMENTS ESPORTIUS;DIPUTACIÓN PROVINCIAL DE GIRONA;889054;AJ. DE PALS (AJ);Subvención;28/09/2026;10000;http://www.ddgi.cat/basescast/2025/Bases_2026_s_Esports_obres_condicionament_i_millora.pdf
Concesiones;CONVOCATÒRIA DE SUBVENCIONS DEL PROGRAMA A3 DE SUPORT AL CONDICIONAMENT I MILLORA DELS EQUIPAMENTS ESPORTIUS;DIPUTACIÓN PROVINCIAL DE GIRONA;889054;AJUNTAMENT DE LA JONQUERA;Subvención;28/09/2026;10000;http://www.ddgi.cat/basescast/2025/Bases_2026_s_Esports_obres_condicionament_i_millora.pdf
Concesiones;CONVOCATÒRIA DE SUBVENCIONS DEL PROGRAMA A3 DE SUPORT AL CONDICIONAMENT I MILLORA DELS EQUIPAMENTS ESPORTIUS;DIPUTACIÓN PROVINCIAL DE GIRONA;889054;AJUNTAMENT DE FIGUERES;Subvención;28/09/2026;10000;http://www.ddgi.cat/basescast/2025/Bases_2026_s_Esports_obres_condicionament_i_millora.pdf
Concesiones;CONVOCATÒRIA DE SUBVENCIONS DEL PROGRAMA A3 DE SUPORT AL CONDICIONAMENT I MILLORA DELS EQUIPAMENTS ESPORTIUS;DIPUTACIÓN PROVINCIAL DE GIRONA;889054;AJUNTAMENT DE CASTELLO D EMPURIES;Subvención;28/09/2026;10000;http://www.ddgi.cat/basescast/2025/Bases_2026_s_Esports_obres_condicionament_i_millora.pdf
Concesiones;CONVOCATÒRIA DE SUBVENCIONS DEL PROGRAMA A3 DE SUPORT AL CONDICIONAMENT I MILLORA DELS EQUIPAMENTS ESPORTIUS;DIPUTACIÓN PROVINCIAL DE GIRONA;889054;AJUNTAMENT DE L ESCALA;Subvención;28/09/2026;10000;http://www.ddgi.cat/basescast/2025/Bases_2026_s_Esports_obres_condicionament_i_millora.pdf
Concesiones;CONVOCATÒRIA DE SUBVENCIONS DEL PROGRAMA A3 DE SUPORT AL CONDICIONAMENT I MILLORA DELS EQUIPAMENTS ESPORTIUS;DIPUTACIÓN PROVINCIAL DE GIRONA;889054;AJUNTAMENT DE CANET D ADRI;Subvención;28/09/2026;10000;http://www.ddgi.cat/basescast/2025/Bases_2026_s_Esports_obres_condicionament_i_millora.pdf
Concesiones;CONVOCATÒRIA DE SUBVENCIONS DEL PROGRAMA A3 DE SUPORT AL CONDICIONAMENT I MILLORA DELS EQUIPAMENTS ESPORTIUS;DIPUTACIÓN PROVINCIAL DE GIRONA;889054;AJUNTAMENT DE PERALADA;Subvención;28/09/2026;10000;http://www.ddgi.cat/basescast/2025/Bases_2026_s_Esports_obres_condicionament_i_millora.pdf
Concesiones;CONVOCATÒRIA DE SUBVENCIONS DEL PROGRAMA A3 DE SUPORT AL CONDICIONAMENT I MILLORA DELS EQUIPAMENTS ESPORTIUS;DIPUTACIÓN PROVINCIAL DE GIRONA;889054;AJ. DE VILABERTRAN (AJ);Subvención;28/09/2026;10000;http://www.ddgi.cat/basescast/2025/Bases_2026_s_Esports_obres_condicionament_i_millora.pdf
Concesiones;Convocatoria de subvenciones de clubes de Élite 2026;CONSEJERÍA DE CULTURA, TURISMO Y DEPORTE;899268;CLUB DEPORTIVO ELEMENTAL HALTEROFILIA HA;Subvención;28/09/2026;9770,6;https://www.bocm.es/boletin/CM_Orden_BOCM/2022/04/13/BOCM-20220413-22.PDF
Concesiones;Convocatoria de subvenciones de clubes de Élite 2026;CONSEJERÍA DE CULTURA, TURISMO Y DEPORTE;899268;CLUB DEPORTIVO ELEMENTAL TRIATLON CARABA;Subvención;28/09/2026;9770,6;https://www.bocm.es/boletin/CM_Orden_BOCM/2022/04/13/BOCM-20220413-22.PDF
Concesiones;Convocatoria de subvenciones de clubes de Élite 2026;CONSEJERÍA DE CULTURA, TURISMO Y DEPORTE;899268;JABATOS RUGBY CLUB;Subvención;28/09/2026;9770,6;https://www.bocm.es/boletin/CM_Orden_BOCM/2022/04/13/BOCM-20220413-22.PDF
Concesiones;Resolución de publicación de créditos para 2026, de las subvenciones previstas en el Decreto 37/2024, para favorecer el pleno empleo y la inclusión social a través del empleo estable y de calidad cofinanciables por el F.S.E. Plus.R. 1408/2013;DIRECCIÓN GENERAL DE EMPLEO;876418;LA JOYA MUSHROOM, S.L;Subvención;28/09/2026;9750;https://docm.jccm.es/docm/descargarArchivo.do?ruta=2024/07/17/pdf/2024_5770.pdf&tipo=rutaDocm
Concesiones;Convocatoria de subvenciones de clubes de Élite 2026;CONSEJERÍA DE CULTURA, TURISMO Y DEPORTE;899268;CLUB DEPORTIVO DE INFORMATICA DE MADRID;Subvención;28/09/2026;9561,23;https://www.bocm.es/boletin/CM_Orden_BOCM/2022/04/13/BOCM-20220413-22.PDF
Concesiones;Convocatoria de subvenciones de clubes de Élite 2026;CONSEJERÍA DE CULTURA, TURISMO Y DEPORTE;899268;AGRUPACION DEPORTIVA SIDEROPOLIS;Subvención;28/09/2026;9421,65;https://www.bocm.es/boletin/CM_Orden_BOCM/2022/04/13/BOCM-20220413-22.PDF
Concesiones;Convocatoria de subvenciones de clubes de Élite 2026;CONSEJERÍA DE CULTURA, TURISMO Y DEPORTE;899268;AGRUP. DEPORTIVA SINCRONIZADA RETIRO;Subvención;28/09/2026;9282,07;https://www.bocm.es/boletin/CM_Orden_BOCM/2022/04/13/BOCM-20220413-22.PDF
Concesiones;Resolución de publicación de créditos para 2026, de las subvenciones previstas en el Decreto 37/2024, para favorecer el pleno empleo y la inclusión social a través del empleo estable y de calidad cofinanciables por el F.S.E. Plus. R. 2023/2831;DIRECCIÓN GENERAL DE EMPLEO;876434;—;Subvención;28/09/2026;9000;https://docm.jccm.es/docm/descargarArchivo.do?ruta=2024/07/17/pdf/2024_5770.pdf&tipo=rutaDocm
Concesiones;Convocatoria de subvenciones de clubes de Élite 2026;CONSEJERÍA DE CULTURA, TURISMO Y DEPORTE;899268;CLUB DEPORTIVO ELEMENTAL FUENLABRADA FUT;Subvención;28/09/2026;8723,75;https://www.bocm.es/boletin/CM_Orden_BOCM/2022/04/13/BOCM-20220413-22.PDF
Concesiones;Convocatoria de subvenciones de clubes de Élite 2026;CONSEJERÍA DE CULTURA, TURISMO Y DEPORTE;899268;C. F. S. FEMENINO SAN FERNANDO;Subvención;28/09/2026;8723,75;https://www.bocm.es/boletin/CM_Orden_BOCM/2022/04/13/BOCM-20220413-22.PDF
Concesiones;Convocatoria de subvenciones de clubes de Élite 2026;CONSEJERÍA DE CULTURA, TURISMO Y DEPORTE;899268;CLUB DEPORTIVO ELEMENTAL MAJADAHONDA;Subvención;28/09/2026;8723,75;https://www.bocm.es/boletin/CM_Orden_BOCM/2022/04/13/BOCM-20220413-22.PDF
Concesiones;Convocatoria de subvenciones de clubes de Élite 2026;CONSEJERÍA DE CULTURA, TURISMO Y DEPORTE;899268;C. DE RIVAS 95 FUTBOL-SALA;Subvención;28/09/2026;8723,75;https://www.bocm.es/boletin/CM_Orden_BOCM/2022/04/13/BOCM-20220413-22.PDF
Concesiones;Convocatoria de subvenciones de clubes de Élite 2026;CONSEJERÍA DE CULTURA, TURISMO Y DEPORTE;899268;CLUB DEPORTIVO ELEMENTAL FREESTYLE MADRI;Subvención;28/09/2026;8374,8;https://www.bocm.es/boletin/CM_Orden_BOCM/2022/04/13/BOCM-20220413-22.PDF
Concesiones;Convocatoria de subvenciones de clubes de Élite 2026;CONSEJERÍA DE CULTURA, TURISMO Y DEPORTE;899268;CLUB DEPORTIVO ELEMENTAL TRIATLONCIEM;Subvención;28/09/2026;8374,8;https://www.bocm.es/boletin/CM_Orden_BOCM/2022/04/13/BOCM-20220413-22.PDF
Concesiones;CONVOCATÒRIA DE SUBVENCIONS DEL PROGRAMA A3 DE SUPORT AL CONDICIONAMENT I MILLORA DELS EQUIPAMENTS ESPORTIUS;DIPUTACIÓN PROVINCIAL DE GIRONA;889054;AJUNTAMENT DE SANTA COLOMA DE FARNERS;Subvención;28/09/2026;8289,53;http://www.ddgi.cat/basescast/2025/Bases_2026_s_Esports_obres_condicionament_i_millora.pdf
Concesiones;CONVOCATÒRIA DE SUBVENCIONS DEL PROGRAMA A3 DE SUPORT AL CONDICIONAMENT I MILLORA DELS EQUIPAMENTS ESPORTIUS;DIPUTACIÓN PROVINCIAL DE GIRONA;889054;AJUNTAMENT DE CALONGE I SANT ANTONI;Subvención;28/09/2026;8000;http://www.ddgi.cat/basescast/2025/Bases_2026_s_Esports_obres_condicionament_i_millora.pdf
Concesiones;Convocatoria de subvenciones de clubes de Élite 2026;CONSEJERÍA DE CULTURA, TURISMO Y DEPORTE;899268;CLUB DE VOLEIBOL MAJADAHONDA;Subvención;28/09/2026;7676,9;https://www.bocm.es/boletin/CM_Orden_BOCM/2022/04/13/BOCM-20220413-22.PDF
Concesiones;Convocatoria de subvenciones de clubes de Élite 2026;CONSEJERÍA DE CULTURA, TURISMO Y DEPORTE;899268;C. MARLINS TRIATLON MADRID;Subvención;28/09/2026;7676,9;https://www.bocm.es/boletin/CM_Orden_BOCM/2022/04/13/BOCM-20220413-22.PDF
Concesiones;Convocatoria de subvenciones de clubes de Élite 2026;CONSEJERÍA DE CULTURA, TURISMO Y DEPORTE;899268;CLUB ESCUELA DE GIMNASIA RITMICA DE TORR;Subvención;28/09/2026;7676,9;https://www.bocm.es/boletin/CM_Orden_BOCM/2022/04/13/BOCM-20220413-22.PDF
Concesiones;CONVOCATÒRIA DE SUBVENCIONS DEL PROGRAMA A3 DE SUPORT AL CONDICIONAMENT I MILLORA DELS EQUIPAMENTS ESPORTIUS;DIPUTACIÓN PROVINCIAL DE GIRONA;889054;AJUNTAMENT DE BESCANO;Subvención;28/09/2026;7500;http://www.ddgi.cat/basescast/2025/Bases_2026_s_Esports_obres_condicionament_i_millora.pdf
Concesiones;Resolución de publicación de créditos para 2026, de las subvenciones previstas en el Decreto 37/2024, para favorecer el pleno empleo y la inclusión social a través del empleo estable y de calidad cofinanciables por el F.S.E. Plus. R. 2023/2831;DIRECCIÓN GENERAL DE EMPLEO;876434;MUEVETE CENTRO ESTUDIOS PROF., SL;Subvención;28/09/2026;7500;https://docm.jccm.es/docm/descargarArchivo.do?ruta=2024/07/17/pdf/2024_5770.pdf&tipo=rutaDocm
Concesiones;Resolución de publicación de créditos para 2026, de las subvenciones previstas en el Decreto 37/2024, para favorecer el pleno empleo y la inclusión social a través del empleo estable y de calidad cofinanciables por el F.S.E. Plus. R. 2023/2831;DIRECCIÓN GENERAL DE EMPLEO;876434;—;Subvención;28/09/2026;7500;https://docm.jccm.es/docm/descargarArchivo.do?ruta=2024/07/17/pdf/2024_5770.pdf&tipo=rutaDocm
Concesiones;Resolución de publicación de créditos para 2026, de las subvenciones previstas en el Decreto 37/2024, para favorecer el pleno empleo y la inclusión social a través del empleo estable y de calidad cofinanciables por el F.S.E. Plus. R. 2023/2831;DIRECCIÓN GENERAL DE EMPLEO;876434;METALOCONSTRUCCIONES MECOSA SL;Subvención;28/09/2026;7500;https://docm.jccm.es/docm/descargarArchivo.do?ruta=2024/07/17/pdf/2024_5770.pdf&tipo=rutaDocm
Concesiones;Convocatoria de subvenciones de clubes de Élite 2026;CONSEJERÍA DE CULTURA, TURISMO Y DEPORTE;899268;CLUB DE EL ESGRIMA EL GATO MADRID;Subvención;28/09/2026;7397,74;https://www.bocm.es/boletin/CM_Orden_BOCM/2022/04/13/BOCM-20220413-22.PDF
Concesiones;Convocatoria de subvenciones de clubes de Élite 2026;CONSEJERÍA DE CULTURA, TURISMO Y DEPORTE;899268;CLUB GIMNASIA ARTISTICA POZUELO DE ALARC;Subvención;28/09/2026;7327,95;https://www.bocm.es/boletin/CM_Orden_BOCM/2022/04/13/BOCM-20220413-22.PDF
Concesiones;Convocatoria de subvenciones de clubes de Élite 2026;CONSEJERÍA DE CULTURA, TURISMO Y DEPORTE;899268;CLUB GIMNASIA RITMICA DISTRITO III;Subvención;28/09/2026;7327,95;https://www.bocm.es/boletin/CM_Orden_BOCM/2022/04/13/BOCM-20220413-22.PDF
Concesiones;Convocatoria de subvenciones de clubes de Élite 2026;CONSEJERÍA DE CULTURA, TURISMO Y DEPORTE;899268;CLUB DEPORTIVO ELEMENTAL MADRID CAPITAL;Subvención;28/09/2026;7327,95;https://www.bocm.es/boletin/CM_Orden_BOCM/2022/04/13/BOCM-20220413-22.PDF
Concesiones;Convocatoria de subvenciones de clubes de Élite 2026;CONSEJERÍA DE CULTURA, TURISMO Y DEPORTE;899268;CLUB GIMNASIA RITMICA DEPORTIVA SAN FERN;Subvención;28/09/2026;7327,95;https://www.bocm.es/boletin/CM_Orden_BOCM/2022/04/13/BOCM-20220413-22.PDF
Concesiones;CONVOCATÒRIA DE SUBVENCIONS DEL PROGRAMA A3 DE SUPORT AL CONDICIONAMENT I MILLORA DELS EQUIPAMENTS ESPORTIUS;DIPUTACIÓN PROVINCIAL DE GIRONA;889054;AJUNTAMENT DE BOLVIR;Subvención;28/09/2026;7079,5;http://www.ddgi.cat/basescast/2025/Bases_2026_s_Esports_obres_condicionament_i_millora.pdf
Concesiones;CONVOCATÒRIA DE SUBVENCIONS DEL PROGRAMA A3 DE SUPORT AL CONDICIONAMENT I MILLORA DELS EQUIPAMENTS ESPORTIUS;DIPUTACIÓN PROVINCIAL DE GIRONA;889054;AJUNTAMENT DE PEDRET I MARZA;Subvención;28/09/2026;7005,12;http://www.ddgi.cat/basescast/2025/Bases_2026_s_Esports_obres_condicionament_i_millora.pdf
Concesiones;Convocatoria 2026 subvenciones del Programa para el fomento y consolidación del empleo autónomo.;INSTITUTO ARAGONÉS DE EMPLEO (INAEM);876989;—;Subvención;28/09/2026;7000;https://www.boa.aragon.es/cgi-bin/EBOA/BRSCGI?CMD=VEROBJ&MLKOB=1413260340404
Concesiones;Convocatoria de subvenciones de clubes de Élite 2026;CONSEJERÍA DE CULTURA, TURISMO Y DEPORTE;899268;CLUB PATIN DE ALCALA DE HENARES;Subvención;28/09/2026;6979;https://www.bocm.es/boletin/CM_Orden_BOCM/2022/04/13/BOCM-20220413-22.PDF
Concesiones;Convocatoria de subvenciones de clubes de Élite 2026;CONSEJERÍA DE CULTURA, TURISMO Y DEPORTE;899268;C.D.E. ALCOBENDAS TENIS DE MESA;Subvención;28/09/2026;6630,05;https://www.bocm.es/boletin/CM_Orden_BOCM/2022/04/13/BOCM-20220413-22.PDF
Concesiones;Convocatoria de subvenciones de clubes de Élite 2026;CONSEJERÍA DE CULTURA, TURISMO Y DEPORTE;899268;CLUB C T M COSLADA;Subvención;28/09/2026;6630,05;https://www.bocm.es/boletin/CM_Orden_BOCM/2022/04/13/BOCM-20220413-22.PDF
Concesiones;Convocatoria de subvenciones de clubes de Élite 2026;CONSEJERÍA DE CULTURA, TURISMO Y DEPORTE;899268;ALBERCHE KAYAK CLUB;Subvención;28/09/2026;6560,26;https://www.bocm.es/boletin/CM_Orden_BOCM/2022/04/13/BOCM-20220413-22.PDF
Concesiones;Convocatoria de subvenciones de clubes de Élite 2026;CONSEJERÍA DE CULTURA, TURISMO Y DEPORTE;899268;CLUB MUNICIPAL PATINAJE ARGANDA DEL REY;Subvención;28/09/2026;6281,1;https://www.bocm.es/boletin/CM_Orden_BOCM/2022/04/13/BOCM-20220413-22.PDF
Concesiones;Convocatoria de subvenciones de clubes de Élite 2026;CONSEJERÍA DE CULTURA, TURISMO Y DEPORTE;899268;CLUB DEPORTIVO ELEMENTAL ENLINEA PATINA;Subvención;28/09/2026;6281,1;https://www.bocm.es/boletin/CM_Orden_BOCM/2022/04/13/BOCM-20220413-22.PDF
Concesiones;CONVOCATÒRIA DE SUBVENCIONS DEL PROGRAMA A3 DE SUPORT AL CONDICIONAMENT I MILLORA DELS EQUIPAMENTS ESPORTIUS;DIPUTACIÓN PROVINCIAL DE GIRONA;889054;AJUNTAMENT DE CAMPLLONG;Subvención;28/09/2026;6131,03;http://www.ddgi.cat/basescast/2025/Bases_2026_s_Esports_obres_condicionament_i_millora.pdf
Concesiones;CONVOCATÒRIA DE SUBVENCIONS DEL PROGRAMA A3 DE SUPORT AL CONDICIONAMENT I MILLORA DELS EQUIPAMENTS ESPORTIUS;DIPUTACIÓN PROVINCIAL DE GIRONA;889054;AJUNTAMENT D AMER;Subvención;28/09/2026;6061,86;http://www.ddgi.cat/basescast/2025/Bases_2026_s_Esports_obres_condicionament_i_millora.pdf
Concesiones;BONO ALQUILER JOVEN 2026;CONSEJERÍA DE POLÍTICA LOCAL, INFRAESTRUCTURAS Y LUCHA CONTRA LA DESPOBLACIÓN;908997;—;Subvención;28/09/2026;6000;https://www.boe.es/boe/dias/2022/01/19/pdfs/BOE-A-2022-802.pdf
Concesiones;BONO ALQUILER JOVEN 2026;CONSEJERÍA DE POLÍTICA LOCAL, INFRAESTRUCTURAS Y LUCHA CONTRA LA DESPOBLACIÓN;908997;—;Subvención;28/09/2026;6000;https://www.boe.es/boe/dias/2022/01/19/pdfs/BOE-A-2022-802.pdf
Concesiones;BONO ALQUILER JOVEN 2026;CONSEJERÍA DE POLÍTICA LOCAL, INFRAESTRUCTURAS Y LUCHA CONTRA LA DESPOBLACIÓN;908997;—;Subvención;28/09/2026;6000;https://www.boe.es/boe/dias/2022/01/19/pdfs/BOE-A-2022-802.pdf
Concesiones;BONO ALQUILER JOVEN 2026;CONSEJERÍA DE POLÍTICA LOCAL, INFRAESTRUCTURAS Y LUCHA CONTRA LA DESPOBLACIÓN;908997;—;Subvención;28/09/2026;6000;https://www.boe.es/boe/dias/2022/01/19/pdfs/BOE-A-2022-802.pdf
Concesiones;Convocatoria de subvenciones de clubes de Élite 2026;CONSEJERÍA DE CULTURA, TURISMO Y DEPORTE;899268;CLUB TENIS DE MESA SAN SEBASTIAN DE LOS;Subvención;28/09/2026;5932,15;https://www.bocm.es/boletin/CM_Orden_BOCM/2022/04/13/BOCM-20220413-22.PDF
Concesiones;Convocatoria de subvenciones de clubes de Élite 2026;CONSEJERÍA DE CULTURA, TURISMO Y DEPORTE;899268;AGRUP. DEPORTIVA SPRINT;Subvención;28/09/2026;5932,15;https://www.bocm.es/boletin/CM_Orden_BOCM/2022/04/13/BOCM-20220413-22.PDF
Concesiones;Convocatoria de subvenciones de clubes de Élite 2026;CONSEJERÍA DE CULTURA, TURISMO Y DEPORTE;899268;CLUB TRIATLON ONDARRETA ALCORCON;Subvención;28/09/2026;5932,15;https://www.bocm.es/boletin/CM_Orden_BOCM/2022/04/13/BOCM-20220413-22.PDF
Concesiones;Convocatoria de subvenciones de clubes de Élite 2026;CONSEJERÍA DE CULTURA, TURISMO Y DEPORTE;899268;C.D.E.TENIS DE MESA PARLA;Subvención;28/09/2026;5932,15;https://www.bocm.es/boletin/CM_Orden_BOCM/2022/04/13/BOCM-20220413-22.PDF
Concesiones;Convocatoria de subvenciones de clubes de Élite 2026;CONSEJERÍA DE CULTURA, TURISMO Y DEPORTE;899268;PATRONATO DEPORTIVO MUNICIPAL COLLADO ME;Subvención;28/09/2026;5932,15;https://www.bocm.es/boletin/CM_Orden_BOCM/2022/04/13/BOCM-20220413-22.PDF
Concesiones;Convocatoria de subvenciones de clubes de Élite 2026;CONSEJERÍA DE CULTURA, TURISMO Y DEPORTE;899268;C.D.E. RÍTMICA POZUELO;Subvención;28/09/2026;5932,15;https://www.bocm.es/boletin/CM_Orden_BOCM/2022/04/13/BOCM-20220413-22.PDF
Concesiones;Convocatoria de subvenciones de clubes de Élite 2026;CONSEJERÍA DE CULTURA, TURISMO Y DEPORTE;899268;CLUB GIMNASTICO GETAFE;Subvención;28/09/2026;5583,2;https://www.bocm.es/boletin/CM_Orden_BOCM/2022/04/13/BOCM-20220413-22.PDF
Concesiones;Convocatoria de subvenciones de clubes de Élite 2026;CONSEJERÍA DE CULTURA, TURISMO Y DEPORTE;899268;CLUB GIMNASTICO SAN BLAS;Subvención;28/09/2026;5583,2;https://www.bocm.es/boletin/CM_Orden_BOCM/2022/04/13/BOCM-20220413-22.PDF
Concesiones;Convocatoria de subvenciones de clubes de Élite 2026;CONSEJERÍA DE CULTURA, TURISMO Y DEPORTE;899268;GDLR GRUPO DEPORTIVO LAS ROZAS;Subvención;28/09/2026;5583,2;https://www.bocm.es/boletin/CM_Orden_BOCM/2022/04/13/BOCM-20220413-22.PDF
Concesiones;Convocatoria de subvenciones de clubes de Élite 2026;CONSEJERÍA DE CULTURA, TURISMO Y DEPORTE;899268;CDE VOLEIBOL LAS ROZAS;Subvención;28/09/2026;5583,2;https://www.bocm.es/boletin/CM_Orden_BOCM/2022/04/13/BOCM-20220413-22.PDF
Concesiones;Convocatoria de subvenciones de clubes de Élite 2026;CONSEJERÍA DE CULTURA, TURISMO Y DEPORTE;899268;CLUB DEPORTIVO ELEMENTAL MANUEL JIMENEZ;Subvención;28/09/2026;5583,2;https://www.bocm.es/boletin/CM_Orden_BOCM/2022/04/13/BOCM-20220413-22.PDF
Concesiones;COMPENSACIÓN A PROPIETARIOS Y ARRENDADORES;CONSEJERÍA DE AGRICULTURA, GANADERÍA, MUNDO RURAL Y MEDIO AMBIENTE;611765;GRAMINA HOMES SL;Subvención;28/09/2026;5542,52;https://www.boe.es/buscar/doc.php?id=BOE-A-2021-9560
Concesiones;Convocatoria de subvenciones de clubes de Élite 2026;CONSEJERÍA DE CULTURA, TURISMO Y DEPORTE;899268;TIRO CON ARCO VILLA DE VALDEMORO;Subvención;28/09/2026;5373,83;https://www.bocm.es/boletin/CM_Orden_BOCM/2022/04/13/BOCM-20220413-22.PDF
Concesiones;Convocatoria de subvenciones de clubes de Élite 2026;CONSEJERÍA DE CULTURA, TURISMO Y DEPORTE;899268;AGRUP. DEPORTIVA GIMNASIA ARTISTICA MOST;Subvención;28/09/2026;5373,83;https://www.bocm.es/boletin/CM_Orden_BOCM/2022/04/13/BOCM-20220413-22.PDF
Concesiones;Convocatoria de subvenciones de clubes de Élite 2026;CONSEJERÍA DE CULTURA, TURISMO Y DEPORTE;899268;A.D. DE FOOTBALL AMERICANO OSOS DE MADRI;Subvención;28/09/2026;5373,83;https://www.bocm.es/boletin/CM_Orden_BOCM/2022/04/13/BOCM-20220413-22.PDF
Concesiones;Convocatoria de subvenciones de clubes de Élite 2026;CONSEJERÍA DE CULTURA, TURISMO Y DEPORTE;899268;ESC. P. GIMNASIA RITMICA VALLECAS;Subvención;28/09/2026;5373,83;https://www.bocm.es/boletin/CM_Orden_BOCM/2022/04/13/BOCM-20220413-22.PDF
Concesiones;Convocatoria de subvenciones de clubes de Élite 2026;CONSEJERÍA DE CULTURA, TURISMO Y DEPORTE;899268;CDE HANKUK INTERNATIONAL SCHOOL;Subvención;28/09/2026;5373,83;https://www.bocm.es/boletin/CM_Orden_BOCM/2022/04/13/BOCM-20220413-22.PDF
Concesiones;Convocatoria de subvenciones de clubes de Élite 2026;CONSEJERÍA DE CULTURA, TURISMO Y DEPORTE;899268;C.D.E. DE JUDO COBE;Subvención;28/09/2026;5304,04;https://www.bocm.es/boletin/CM_Orden_BOCM/2022/04/13/BOCM-20220413-22.PDF
Concesiones;Convocatoria de subvenciones de clubes de Élite 2026;CONSEJERÍA DE CULTURA, TURISMO Y DEPORTE;899268;BUSHIDOKWAI;Subvención;28/09/2026;5304,04;https://www.bocm.es/boletin/CM_Orden_BOCM/2022/04/13/BOCM-20220413-22.PDF
Concesiones;Convocatoria de subvenciones de clubes de Élite 2026;CONSEJERÍA DE CULTURA, TURISMO Y DEPORTE;899268;CDE JUDO EFN COLMENAR VIEJO;Subvención;28/09/2026;5304,04;https://www.bocm.es/boletin/CM_Orden_BOCM/2022/04/13/BOCM-20220413-22.PDF
Concesiones;Convocatoria de subvenciones de clubes de Élite 2026;CONSEJERÍA DE CULTURA, TURISMO Y DEPORTE;899268;CLUB DEPORTIVO BASICO CLUB JUDO RIVAS;Subvención;28/09/2026;5304,04;https://www.bocm.es/boletin/CM_Orden_BOCM/2022/04/13/BOCM-20220413-22.PDF
Concesiones;Convocatoria de subvenciones de clubes de Élite 2026;CONSEJERÍA DE CULTURA, TURISMO Y DEPORTE;899268;CLUB DEPORTIVO ELEMENTAL DAVID MARTIN-JU;Subvención;28/09/2026;5304,04;https://www.bocm.es/boletin/CM_Orden_BOCM/2022/04/13/BOCM-20220413-22.PDF
Concesiones;Convocatoria de subvenciones de clubes de Élite 2026;CONSEJERÍA DE CULTURA, TURISMO Y DEPORTE;899268;ASOC.CLUB DEPORTIVO ELEMENTAL OKAMI;Subvención;28/09/2026;5304,04;https://www.bocm.es/boletin/CM_Orden_BOCM/2022/04/13/BOCM-20220413-22.PDF
Concesiones;Convocatoria de subvenciones de clubes de Élite 2026;CONSEJERÍA DE CULTURA, TURISMO Y DEPORTE;899268;CLUB IBARAKI;Subvención;28/09/2026;5304,04;https://www.bocm.es/boletin/CM_Orden_BOCM/2022/04/13/BOCM-20220413-22.PDF
Concesiones;Convocatoria de subvenciones de clubes de Élite 2026;CONSEJERÍA DE CULTURA, TURISMO Y DEPORTE;899268;CLUB DEPORTIVO ELEMENTAL REI;Subvención;28/09/2026;5304,04;https://www.bocm.es/boletin/CM_Orden_BOCM/2022/04/13/BOCM-20220413-22.PDF
Concesiones;Convocatoria de subvenciones de clubes de Élite 2026;CONSEJERÍA DE CULTURA, TURISMO Y DEPORTE;899268;CDE JUDO VILLALBA KAZOKU KAN;Subvención;28/09/2026;5304,04;https://www.bocm.es/boletin/CM_Orden_BOCM/2022/04/13/BOCM-20220413-22.PDF
Concesiones;Convocatoria de subvenciones de clubes de Élite 2026;CONSEJERÍA DE CULTURA, TURISMO Y DEPORTE;899268;CLUB DE JUDO TORREJON;Subvención;28/09/2026;5304,04;https://www.bocm.es/boletin/CM_Orden_BOCM/2022/04/13/BOCM-20220413-22.PDF
Concesiones;Convocatoria de subvenciones de clubes de Élite 2026;CONSEJERÍA DE CULTURA, TURISMO Y DEPORTE;899268;CDE RUGBY ALCALA;Subvención;28/09/2026;5234,25;https://www.bocm.es/boletin/CM_Orden_BOCM/2022/04/13/BOCM-20220413-22.PDF
Concesiones;Convocatoria de subvenciones de clubes de Élite 2026;CONSEJERÍA DE CULTURA, TURISMO Y DEPORTE;899268;CDE THE ROYAL OAKS KNIGHTS FOOTBALL;Subvención;28/09/2026;5234,25;https://www.bocm.es/boletin/CM_Orden_BOCM/2022/04/13/BOCM-20220413-22.PDF
Concesiones;Convocatoria de subvenciones de clubes de Élite 2026;CONSEJERÍA DE CULTURA, TURISMO Y DEPORTE;899268;SAN ISIDRO RUGBY CLUB;Subvención;28/09/2026;5234,25;https://www.bocm.es/boletin/CM_Orden_BOCM/2022/04/13/BOCM-20220413-22.PDF
Concesiones;Convocatoria de subvenciones de clubes de Élite 2026;CONSEJERÍA DE CULTURA, TURISMO Y DEPORTE;899268;CLUB DEPORTIVO ELEMENTAL TAEGUK TORREJON;Subvención;28/09/2026;5234,25;https://www.bocm.es/boletin/CM_Orden_BOCM/2022/04/13/BOCM-20220413-22.PDF
Concesiones;Convocatoria de subvenciones de clubes de Élite 2026;CONSEJERÍA DE CULTURA, TURISMO Y DEPORTE;899268;C.D.E. TAEKWONDO ALCALA;Subvención;28/09/2026;5234,25;https://www.bocm.es/boletin/CM_Orden_BOCM/2022/04/13/BOCM-20220413-22.PDF
Concesiones;Convocatoria de subvenciones de clubes de Élite 2026;CONSEJERÍA DE CULTURA, TURISMO Y DEPORTE;899268;CLUB DEPORTIVO ELEMENTAL CAMIONEROS DE C;Subvención;28/09/2026;5234,25;https://www.bocm.es/boletin/CM_Orden_BOCM/2022/04/13/BOCM-20220413-22.PDF
Concesiones;Convocatoria de subvenciones de clubes de Élite 2026;CONSEJERÍA DE CULTURA, TURISMO Y DEPORTE;899268;CLUB PATIN ALCOBENDAS;Subvención;28/09/2026;5234,25;https://www.bocm.es/boletin/CM_Orden_BOCM/2022/04/13/BOCM-20220413-22.PDF
Concesiones;Convocatoria de subvenciones de clubes de Élite 2026;CONSEJERÍA DE CULTURA, TURISMO Y DEPORTE;899268;CLUB DEPORTIVO ELEMENTAL LUDUS;Subvención;28/09/2026;5234,25;https://www.bocm.es/boletin/CM_Orden_BOCM/2022/04/13/BOCM-20220413-22.PDF
Concesiones;Resolución por la que se publica el crédito disponible, en el ejercicio 2026, para atender las ayudas previstas en el Decreto 104/2025, de 23 de diciembre, de concesión directa de subvenciones en el marco del Programa Retorno del Talento. No mínimis.;VICECONSEJERÍA DE EMPLEO, DIÁLOGO SOCIAL Y SEGURIDAD Y SALUD LABORAL;897595;—;Subvención;28/09/2026;5000;https://docm.jccm.es/docm/descargarArchivo.do?ruta=2025/12/30/pdf/2025_9955.pdf&tipo=rutaDocm
Concesiones;CONVOCATÒRIA DE SUBVENCIONS DEL PROGRAMA A3 DE SUPORT AL CONDICIONAMENT I MILLORA DELS EQUIPAMENTS ESPORTIUS;DIPUTACIÓN PROVINCIAL DE GIRONA;889054;AJUNTAMENT DE BOADELLA I LES ESCAULES;Subvención;28/09/2026;4879,85;http://www.ddgi.cat/basescast/2025/Bases_2026_s_Esports_obres_condicionament_i_millora.pdf
Concesiones;CONVOCATÒRIA DE SUBVENCIONS DEL PROGRAMA A3 DE SUPORT AL CONDICIONAMENT I MILLORA DELS EQUIPAMENTS ESPORTIUS;DIPUTACIÓN PROVINCIAL DE GIRONA;889054;AJUNTAMENT DE SIURANA D EMPORDÀ;Subvención;28/09/2026;4752,35;http://www.ddgi.cat/basescast/2025/Bases_2026_s_Esports_obres_condicionament_i_millora.pdf
Concesiones;CONVOCATÒRIA DE SUBVENCIONS DEL PROGRAMA A3 DE SUPORT AL CONDICIONAMENT I MILLORA DELS EQUIPAMENTS ESPORTIUS;DIPUTACIÓN PROVINCIAL DE GIRONA;889054;AJUNTAMENT DE TORROELLA DE MONTGRÍ;Subvención;28/09/2026;4732,72;http://www.ddgi.cat/basescast/2025/Bases_2026_s_Esports_obres_condicionament_i_millora.pdf
Concesiones;Convocatoria de subvenciones de clubes de Élite 2026;CONSEJERÍA DE CULTURA, TURISMO Y DEPORTE;899268;C.D.E. BILLAR LOS 70 DE MOSTOLES;Subvención;28/09/2026;4536,35;https://www.bocm.es/boletin/CM_Orden_BOCM/2022/04/13/BOCM-20220413-22.PDF
Concesiones;Convocatoria de subvenciones de clubes de Élite 2026;CONSEJERÍA DE CULTURA, TURISMO Y DEPORTE;899268;CLUB BADMINTON TORREJON DE ARDOZ;Subvención;28/09/2026;4187,4;https://www.bocm.es/boletin/CM_Orden_BOCM/2022/04/13/BOCM-20220413-22.PDF
Concesiones;Convocatoria de subvenciones de clubes de Élite 2026;CONSEJERÍA DE CULTURA, TURISMO Y DEPORTE;899268;CDE ESGRIMA XCALIBUR;Subvención;28/09/2026;4187,4;https://www.bocm.es/boletin/CM_Orden_BOCM/2022/04/13/BOCM-20220413-22.PDF
Concesiones;AYUDA REACTIVACIÓN ESTABLECIMIENTOS COMERCIALES OBRAS INFRAESTRUCTURAS 2026;CONSEJERÍA ECONOMÍA, HACIENDA Y EMPLEO;912526;—;Subvención;28/09/2026;4155,42;https://www.bocm.es/boletin/CM_Orden_BOCM/2026/06/05/BOCM-20260605-24.PDF
Concesiones;CONVOCATÒRIA DE SUBVENCIONS DEL PROGRAMA A3 DE SUPORT AL CONDICIONAMENT I MILLORA DELS EQUIPAMENTS ESPORTIUS;DIPUTACIÓN PROVINCIAL DE GIRONA;889054;AJUNTAMENT DE JAFRE;Subvención;28/09/2026;4031,9;http://www.ddgi.cat/basescast/2025/Bases_2026_s_Esports_obres_condicionament_i_millora.pdf
Concesiones;CONVOCATÒRIA DE SUBVENCIONS DEL PROGRAMA A3 DE SUPORT AL CONDICIONAMENT I MILLORA DELS EQUIPAMENTS ESPORTIUS;DIPUTACIÓN PROVINCIAL DE GIRONA;889054;AJUNTAMENT DE CAMOS;Subvención;28/09/2026;3954,9;http://www.ddgi.cat/basescast/2025/Bases_2026_s_Esports_obres_condicionament_i_millora.pdf
Concesiones;Convocatoria de subvenciones de clubes de Élite 2026;CONSEJERÍA DE CULTURA, TURISMO Y DEPORTE;899268;C.D.E. ELEMENTAL TRS MADRID;Subvención;28/09/2026;3838,45;https://www.bocm.es/boletin/CM_Orden_BOCM/2022/04/13/BOCM-20220413-22.PDF
Concesiones;Convocatoria de subvenciones de clubes de Élite 2026;CONSEJERÍA DE CULTURA, TURISMO Y DEPORTE;899268;CLUB DEPORT.ELEMEN PATIN VELOCIDAD RIVAS;Subvención;28/09/2026;3838,45;https://www.bocm.es/boletin/CM_Orden_BOCM/2022/04/13/BOCM-20220413-22.PDF
Concesiones;Convocatoria de subvenciones de clubes de Élite 2026;CONSEJERÍA DE CULTURA, TURISMO Y DEPORTE;899268;CLUB OXIO USERA PIRAGUISMO;Subvención;28/09/2026;3838,45;https://www.bocm.es/boletin/CM_Orden_BOCM/2022/04/13/BOCM-20220413-22.PDF
Concesiones;Resolución por la que se publica el crédito disponible, en el ejercicio 2026, para atender las ayudas previstas en el Decreto 104/2025, de 23 de diciembre, de concesión directa de subvenciones en el marco del Programa Retorno del Talento. No mínimis.;VICECONSEJERÍA DE EMPLEO, DIÁLOGO SOCIAL Y SEGURIDAD Y SALUD LABORAL;897595;—;Subvención;28/09/2026;3811,12;https://docm.jccm.es/docm/descargarArchivo.do?ruta=2025/12/30/pdf/2025_9955.pdf&tipo=rutaDocm
Concesiones;AYUDA REACTIVACIÓN ESTABLECIMIENTOS COMERCIALES OBRAS INFRAESTRUCTURAS 2026;CONSEJERÍA ECONOMÍA, HACIENDA Y EMPLEO;912526;—;Subvención;28/09/2026;3809,95;https://www.bocm.es/boletin/CM_Orden_BOCM/2026/06/05/BOCM-20260605-24.PDF
Concesiones;Convocatoria de subvenciones de clubes de Élite 2026;CONSEJERÍA DE CULTURA, TURISMO Y DEPORTE;899268;ASOC CLUB DEPORTIVO ELEMENTAL SASLE;Subvención;28/09/2026;3698,87;https://www.bocm.es/boletin/CM_Orden_BOCM/2022/04/13/BOCM-20220413-22.PDF
Concesiones;Convocatoria de subvenciones de clubes de Élite 2026;CONSEJERÍA DE CULTURA, TURISMO Y DEPORTE;899268;CLUB ESGRIMA LEGANES;Subvención;28/09/2026;3559,29;https://www.bocm.es/boletin/CM_Orden_BOCM/2022/04/13/BOCM-20220413-22.PDF
Concesiones;FINANCIACION EST-TR.ANT.2026: LINEA 6 INC.INSERC.LAB.- EMPR.INSERC. Y CEE;CONSEJERÍA ECONOMÍA, HACIENDA Y EMPLEO;878381;TRIANGLE SERVIVIOS AUXILIARES;Subvención;28/09/2026;3500;https://www.bocm.es/boletin/CM_Orden_BOCM/2024/12/30/BOCM-20241230-21.PDF
Concesiones;Resolución de publicación de créditos para 2026, de las subvenciones previstas en el Decreto 37/2024, para favorecer el pleno empleo y la inclusión social a través del empleo estable y de calidad cofinanciables por el F.S.E. Plus. R. 2023/2831;DIRECCIÓN GENERAL DE EMPLEO;876434;—;Subvención;28/09/2026;3500;https://docm.jccm.es/docm/descargarArchivo.do?ruta=2024/07/17/pdf/2024_5770.pdf&tipo=rutaDocm
Concesiones;SUBVENCIONS NOMINATIVAS SERVICIOS SOCIALES;AYUNTAMIENTO DE ALMAZORA/ALMASSORA;931852;ASOCIACION DE JUBILADOS Y PENSIONISTAS EL MILLARS;Subvención;28/09/2026;3000;https://sede.almassora.es/es/articulos/ordenanzas-generales
Concesiones;Rehabilitación residencial y vivienda social. Mejora Viviendas;CONSEJERÍA DE POLÍTICA LOCAL, INFRAESTRUCTURAS Y LUCHA CONTRA LA DESPOBLACIÓN;886638;SOLANO INVERSIONES Y EXPLOTACIONES INMOB;Subvención;28/09/2026;3000;https://www.boe.es/buscar/doc.php?id=BOE-A-2021-16233
Concesiones;Rehabilitación residencial y vivienda social. Mejora Viviendas;CONSEJERÍA DE POLÍTICA LOCAL, INFRAESTRUCTURAS Y LUCHA CONTRA LA DESPOBLACIÓN;886638;—;Subvención;28/09/2026;3000;https://www.boe.es/buscar/doc.php?id=BOE-A-2021-16233
Concesiones;Rehabilitación residencial y vivienda social. Mejora Viviendas;CONSEJERÍA DE POLÍTICA LOCAL, INFRAESTRUCTURAS Y LUCHA CONTRA LA DESPOBLACIÓN;886638;—;Subvención;28/09/2026;3000;https://www.boe.es/buscar/doc.php?id=BOE-A-2021-16233
Concesiones;Rehabilitación residencial y vivienda social. Mejora Viviendas;CONSEJERÍA DE POLÍTICA LOCAL, INFRAESTRUCTURAS Y LUCHA CONTRA LA DESPOBLACIÓN;886638;—;Subvención;28/09/2026;3000;https://www.boe.es/buscar/doc.php?id=BOE-A-2021-16233
Concesiones;Rehabilitación residencial y vivienda social. Mejora Viviendas;CONSEJERÍA DE POLÍTICA LOCAL, INFRAESTRUCTURAS Y LUCHA CONTRA LA DESPOBLACIÓN;886638;—;Subvención;28/09/2026;3000;https://www.boe.es/buscar/doc.php?id=BOE-A-2021-16233
Concesiones;Rehabilitación residencial y vivienda social. Mejora Viviendas;CONSEJERÍA DE POLÍTICA LOCAL, INFRAESTRUCTURAS Y LUCHA CONTRA LA DESPOBLACIÓN;886638;—;Subvención;28/09/2026;3000;https://www.boe.es/buscar/doc.php?id=BOE-A-2021-16233
Concesiones;Rehabilitación residencial y vivienda social. Mejora Viviendas;CONSEJERÍA DE POLÍTICA LOCAL, INFRAESTRUCTURAS Y LUCHA CONTRA LA DESPOBLACIÓN;886638;—;Subvención;28/09/2026;3000;https://www.boe.es/buscar/doc.php?id=BOE-A-2021-16233
Concesiones;Rehabilitación residencial y vivienda social. Mejora Viviendas;CONSEJERÍA DE POLÍTICA LOCAL, INFRAESTRUCTURAS Y LUCHA CONTRA LA DESPOBLACIÓN;886638;—;Subvención;28/09/2026;3000;https://www.boe.es/buscar/doc.php?id=BOE-A-2021-16233
Concesiones;Rehabilitación residencial y vivienda social. Mejora Viviendas;CONSEJERÍA DE POLÍTICA LOCAL, INFRAESTRUCTURAS Y LUCHA CONTRA LA DESPOBLACIÓN;886638;—;Subvención;28/09/2026;3000;https://www.boe.es/buscar/doc.php?id=BOE-A-2021-16233
Concesiones;Rehabilitación residencial y vivienda social. Mejora Viviendas;CONSEJERÍA DE POLÍTICA LOCAL, INFRAESTRUCTURAS Y LUCHA CONTRA LA DESPOBLACIÓN;886638;—;Subvención;28/09/2026;3000;https://www.boe.es/buscar/doc.php?id=BOE-A-2021-16233
Concesiones;Rehabilitación residencial y vivienda social. Mejora Viviendas;CONSEJERÍA DE POLÍTICA LOCAL, INFRAESTRUCTURAS Y LUCHA CONTRA LA DESPOBLACIÓN;886638;—;Subvención;28/09/2026;3000;https://www.boe.es/buscar/doc.php?id=BOE-A-2021-16233
Concesiones;Rehabilitación residencial y vivienda social. Mejora Viviendas;CONSEJERÍA DE POLÍTICA LOCAL, INFRAESTRUCTURAS Y LUCHA CONTRA LA DESPOBLACIÓN;886638;—;Subvención;28/09/2026;3000;https://www.boe.es/buscar/doc.php?id=BOE-A-2021-16233
Concesiones;Rehabilitación residencial y vivienda social. Mejora Viviendas;CONSEJERÍA DE POLÍTICA LOCAL, INFRAESTRUCTURAS Y LUCHA CONTRA LA DESPOBLACIÓN;886638;—;Subvención;28/09/2026;2930,99;https://www.boe.es/buscar/doc.php?id=BOE-A-2021-16233
Concesiones;Convocatoria de subvenciones de clubes de Élite 2026;CONSEJERÍA DE CULTURA, TURISMO Y DEPORTE;899268;CAPITAL BOWLING MADRID;Subvención;28/09/2026;2791,6;https://www.bocm.es/boletin/CM_Orden_BOCM/2022/04/13/BOCM-20220413-22.PDF
Concesiones;Rehabilitación residencial y vivienda social. Mejora Viviendas;CONSEJERÍA DE POLÍTICA LOCAL, INFRAESTRUCTURAS Y LUCHA CONTRA LA DESPOBLACIÓN;886638;SOLANO INVERSIONES Y EXPLOTACIONES INMOB;Subvención;28/09/2026;2781,6;https://www.boe.es/buscar/doc.php?id=BOE-A-2021-16233
Concesiones;Rehabilitación residencial y vivienda social. Mejora Viviendas;CONSEJERÍA DE POLÍTICA LOCAL, INFRAESTRUCTURAS Y LUCHA CONTRA LA DESPOBLACIÓN;886638;—;Subvención;28/09/2026;2739,83;https://www.boe.es/buscar/doc.php?id=BOE-A-2021-16233
Concesiones;Eleyeme 2006, SLU (2026/4265);DIPUTACIÓN PROVINCIAL DE GIRONA;931646;ELEYEME 2006 SLU;Subvención;28/09/2026;2500;https://www.ddgi.cat/basescast/2023/ordenanza_general_subvenciones_SL_16_1scc.pdf
Concesiones;Resolución por la que se aprueba la convocatoria pública de concesión de subvenciones para la realización de acciones de formación profesional en el ámbito laboral, dirigidas a personas trabajadoras ocupadas (Modalidad I), para la anualidad 2025.;DIRECCIÓN GENERAL FORMACIÓN PROFESIONAL EN EL ÁMBITO LABORAL;842569;—;Subvención;28/09/2026;2413,5;https://docm.jccm.es/docm/descargarArchivo.do?ruta=2024/07/19/pdf/2024_5810.pdf&tipo=rutaDocm
Concesiones;Resolución por la que se publica el crédito disponible, en el ejercicio 2026, para atender las ayudas previstas en el Decreto 104/2025, de 23 de diciembre, de concesión directa de subvenciones en el marco del Programa Retorno del Talento. No mínimis.;VICECONSEJERÍA DE EMPLEO, DIÁLOGO SOCIAL Y SEGURIDAD Y SALUD LABORAL;897595;—;Subvención;28/09/2026;2353,44;https://docm.jccm.es/docm/descargarArchivo.do?ruta=2025/12/30/pdf/2025_9955.pdf&tipo=rutaDocm
Concesiones;BONO ALQUILER JOVEN 2026;CONSEJERÍA DE POLÍTICA LOCAL, INFRAESTRUCTURAS Y LUCHA CONTRA LA DESPOBLACIÓN;908997;—;Subvención;28/09/2026;2160;https://www.boe.es/boe/dias/2022/01/19/pdfs/BOE-A-2022-802.pdf
Concesiones;Resolución de publicación de créditos para 2026, de las subvenciones previstas en el Decreto 37/2024, para favorecer el pleno empleo y la inclusión social a través del empleo estable y de calidad cofinanciables por el F.S.E. Plus. R. 2023/2831;DIRECCIÓN GENERAL DE EMPLEO;876434;INCARLOPSA;Subvención;28/09/2026;2160;https://docm.jccm.es/docm/descargarArchivo.do?ruta=2024/07/17/pdf/2024_5770.pdf&tipo=rutaDocm
Concesiones;Orden de Convocatoria Becas Excel. Acad. 25-26. MATRIC. Univ.;CONSEJERÍA DE EDUCACIÓN, CIENCIA Y UNIVERSIDADES;877949;—;Subvención;28/09/2026;2100;https://www.bocm.es/bocm-20240520-20
Concesiones;Orden de Convocatoria Becas Excel. Acad. 25-26. MATRIC. Univ.;CONSEJERÍA DE EDUCACIÓN, CIENCIA Y UNIVERSIDADES;877949;—;Subvención;28/09/2026;2100;https://www.bocm.es/bocm-20240520-20
Concesiones;Orden de Convocatoria Becas Excel. Acad. 25-26. MATRIC. Univ.;CONSEJERÍA DE EDUCACIÓN, CIENCIA Y UNIVERSIDADES;877949;—;Subvención;28/09/2026;2100;https://www.bocm.es/bocm-20240520-20
Concesiones;Orden de Convocatoria Becas Excel. Acad. 25-26. MATRIC. Univ.;CONSEJERÍA DE EDUCACIÓN, CIENCIA Y UNIVERSIDADES;877949;—;Subvención;28/09/2026;2100;https://www.bocm.es/bocm-20240520-20
Concesiones;Orden de Convocatoria Becas Excel. Acad. 25-26. MATRIC. Univ.;CONSEJERÍA DE EDUCACIÓN, CIENCIA Y UNIVERSIDADES;877949;—;Subvención;28/09/2026;2100;https://www.bocm.es/bocm-20240520-20
Concesiones;Orden de Convocatoria Becas Excel. Acad. 25-26. MATRIC. Univ.;CONSEJERÍA DE EDUCACIÓN, CIENCIA Y UNIVERSIDADES;877949;—;Subvención;28/09/2026;2100;https://www.bocm.es/bocm-20240520-20
Concesiones;Orden de Convocatoria Becas Excel. Acad. 25-26. MATRIC. Univ.;CONSEJERÍA DE EDUCACIÓN, CIENCIA Y UNIVERSIDADES;877949;—;Subvención;28/09/2026;2100;https://www.bocm.es/bocm-20240520-20
Concesiones;Orden de Convocatoria Becas Excel. Acad. 25-26. MATRIC. Univ.;CONSEJERÍA DE EDUCACIÓN, CIENCIA Y UNIVERSIDADES;877949;—;Subvención;28/09/2026;2100;https://www.bocm.es/bocm-20240520-20
Concesiones;Orden de Convocatoria Becas Excel. Acad. 25-26. MATRIC. Univ.;CONSEJERÍA DE EDUCACIÓN, CIENCIA Y UNIVERSIDADES;877949;—;Subvención;28/09/2026;2100;https://www.bocm.es/bocm-20240520-20
Concesiones;Orden de Convocatoria Becas Excel. Acad. 25-26. MATRIC. Univ.;CONSEJERÍA DE EDUCACIÓN, CIENCIA Y UNIVERSIDADES;877949;—;Subvención;28/09/2026;2100;https://www.bocm.es/bocm-20240520-20
Concesiones;Orden de Convocatoria Becas Excel. Acad. 25-26. MATRIC. Univ.;CONSEJERÍA DE EDUCACIÓN, CIENCIA Y UNIVERSIDADES;877949;—;Subvención;28/09/2026;2100;https://www.bocm.es/bocm-20240520-20
Concesiones;Orden de Convocatoria Becas Excel. Acad. 25-26. MATRIC. Univ.;CONSEJERÍA DE EDUCACIÓN, CIENCIA Y UNIVERSIDADES;877949;—;Subvención;28/09/2026;2100;https://www.bocm.es/bocm-20240520-20
Concesiones;Orden de Convocatoria Becas Excel. Acad. 25-26. MATRIC. Univ.;CONSEJERÍA DE EDUCACIÓN, CIENCIA Y UNIVERSIDADES;877949;—;Subvención;28/09/2026;2100;https://www.bocm.es/bocm-20240520-20
Concesiones;Orden de Convocatoria Becas Excel. Acad. 25-26. MATRIC. Univ.;CONSEJERÍA DE EDUCACIÓN, CIENCIA Y UNIVERSIDADES;877949;—;Subvención;28/09/2026;2100;https://www.bocm.es/bocm-20240520-20
Concesiones;Orden de Convocatoria Becas Excel. Acad. 25-26. MATRIC. Univ.;CONSEJERÍA DE EDUCACIÓN, CIENCIA Y UNIVERSIDADES;877949;—;Subvención;28/09/2026;2100;https://www.bocm.es/bocm-20240520-20
Concesiones;Orden de Convocatoria Becas Excel. Acad. 25-26. MATRIC. Univ.;CONSEJERÍA DE EDUCACIÓN, CIENCIA Y UNIVERSIDADES;877949;—;Subvención;28/09/2026;2100;https://www.bocm.es/bocm-20240520-20
Concesiones;Orden de Convocatoria Becas Excel. Acad. 25-26. MATRIC. Univ.;CONSEJERÍA DE EDUCACIÓN, CIENCIA Y UNIVERSIDADES;877949;—;Subvención;28/09/2026;2100;https://www.bocm.es/bocm-20240520-20
Concesiones;Orden de Convocatoria Becas Excel. Acad. 25-26. MATRIC. Univ.;CONSEJERÍA DE EDUCACIÓN, CIENCIA Y UNIVERSIDADES;877949;—;Subvención;28/09/2026;2100;https://www.bocm.es/bocm-20240520-20
Concesiones;Orden de Convocatoria Becas Excel. Acad. 25-26. MATRIC. Univ.;CONSEJERÍA DE EDUCACIÓN, CIENCIA Y UNIVERSIDADES;877949;—;Subvención;28/09/2026;2100;https://www.bocm.es/bocm-20240520-20
Concesiones;Orden de Convocatoria Becas Excel. Acad. 25-26. MATRIC. Univ.;CONSEJERÍA DE EDUCACIÓN, CIENCIA Y UNIVERSIDADES;877949;—;Subvención;28/09/2026;2100;https://www.bocm.es/bocm-20240520-20
Concesiones;Orden de Convocatoria Becas Excel. Acad. 25-26. MATRIC. Univ.;CONSEJERÍA DE EDUCACIÓN, CIENCIA Y UNIVERSIDADES;877949;—;Subvención;28/09/2026;2100;https://www.bocm.es/bocm-20240520-20
Concesiones;Orden de Convocatoria Becas Excel. Acad. 25-26. MATRIC. Univ.;CONSEJERÍA DE EDUCACIÓN, CIENCIA Y UNIVERSIDADES;877949;—;Subvención;28/09/2026;2100;https://www.bocm.es/bocm-20240520-20
Concesiones;Orden de Convocatoria Becas Excel. Acad. 25-26. MATRIC. Univ.;CONSEJERÍA DE EDUCACIÓN, CIENCIA Y UNIVERSIDADES;877949;—;Subvención;28/09/2026;2100;https://www.bocm.es/bocm-20240520-20
Concesiones;Orden de Convocatoria Becas Excel. Acad. 25-26. MATRIC. Univ.;CONSEJERÍA DE EDUCACIÓN, CIENCIA Y UNIVERSIDADES;877949;—;Subvención;28/09/2026;2100;https://www.bocm.es/bocm-20240520-20
Concesiones;Orden de Convocatoria Becas Excel. Acad. 25-26. MATRIC. Univ.;CONSEJERÍA DE EDUCACIÓN, CIENCIA Y UNIVERSIDADES;877949;—;Subvención;28/09/2026;2100;https://www.bocm.es/bocm-20240520-20
Concesiones;Orden de Convocatoria Becas Excel. Acad. 25-26. MATRIC. Univ.;CONSEJERÍA DE EDUCACIÓN, CIENCIA Y UNIVERSIDADES;877949;—;Subvención;28/09/2026;2100;https://www.bocm.es/bocm-20240520-20
Concesiones;Orden de Convocatoria Becas Excel. Acad. 25-26. MATRIC. Univ.;CONSEJERÍA DE EDUCACIÓN, CIENCIA Y UNIVERSIDADES;877949;—;Subvención;28/09/2026;2100;https://www.bocm.es/bocm-20240520-20
Concesiones;Orden de Convocatoria Becas Excel. Acad. 25-26. MATRIC. Univ.;CONSEJERÍA DE EDUCACIÓN, CIENCIA Y UNIVERSIDADES;877949;—;Subvención;28/09/2026;2100;https://www.bocm.es/bocm-20240520-20
Concesiones;Orden de Convocatoria Becas Excel. Acad. 25-26. MATRIC. Univ.;CONSEJERÍA DE EDUCACIÓN, CIENCIA Y UNIVERSIDADES;877949;—;Subvención;28/09/2026;2100;https://www.bocm.es/bocm-20240520-20
Concesiones;Orden de Convocatoria Becas Excel. Acad. 25-26. MATRIC. Univ.;CONSEJERÍA DE EDUCACIÓN, CIENCIA Y UNIVERSIDADES;877949;—;Subvención;28/09/2026;2100;https://www.bocm.es/bocm-20240520-20
Concesiones;Orden de Convocatoria Becas Excel. Acad. 25-26. MATRIC. Univ.;CONSEJERÍA DE EDUCACIÓN, CIENCIA Y UNIVERSIDADES;877949;—;Subvención;28/09/2026;2100;https://www.bocm.es/bocm-20240520-20
Concesiones;Orden de Convocatoria Becas Excel. Acad. 25-26. MATRIC. Univ.;CONSEJERÍA DE EDUCACIÓN, CIENCIA Y UNIVERSIDADES;877949;—;Subvención;28/09/2026;2100;https://www.bocm.es/bocm-20240520-20
Concesiones;Orden de Convocatoria Becas Excel. Acad. 25-26. MATRIC. Univ.;CONSEJERÍA DE EDUCACIÓN, CIENCIA Y UNIVERSIDADES;877949;—;Subvención;28/09/2026;2100;https://www.bocm.es/bocm-20240520-20
Concesiones;Orden de Convocatoria Becas Excel. Acad. 25-26. MATRIC. Univ.;CONSEJERÍA DE EDUCACIÓN, CIENCIA Y UNIVERSIDADES;877949;—;Subvención;28/09/2026;2100;https://www.bocm.es/bocm-20240520-20
Concesiones;Orden de Convocatoria Becas Excel. Acad. 25-26. MATRIC. Univ.;CONSEJERÍA DE EDUCACIÓN, CIENCIA Y UNIVERSIDADES;877949;—;Subvención;28/09/2026;2100;https://www.bocm.es/bocm-20240520-20
Concesiones;Orden de Convocatoria Becas Excel. Acad. 25-26. MATRIC. Univ.;CONSEJERÍA DE EDUCACIÓN, CIENCIA Y UNIVERSIDADES;877949;—;Subvención;28/09/2026;2100;https://www.bocm.es/bocm-20240520-20
Concesiones;Orden de Convocatoria Becas Excel. Acad. 25-26. MATRIC. Univ.;CONSEJERÍA DE EDUCACIÓN, CIENCIA Y UNIVERSIDADES;877949;—;Subvención;28/09/2026;2100;https://www.bocm.es/bocm-20240520-20
Concesiones;Orden de Convocatoria Becas Excel. Acad. 25-26. MATRIC. Univ.;CONSEJERÍA DE EDUCACIÓN, CIENCIA Y UNIVERSIDADES;877949;—;Subvención;28/09/2026;2100;https://www.bocm.es/bocm-20240520-20
Concesiones;Orden de Convocatoria Becas Excel. Acad. 25-26. MATRIC. Univ.;CONSEJERÍA DE EDUCACIÓN, CIENCIA Y UNIVERSIDADES;877949;—;Subvención;28/09/2026;2100;https://www.bocm.es/bocm-20240520-20
Concesiones;Orden de Convocatoria Becas Excel. Acad. 25-26. MATRIC. Univ.;CONSEJERÍA DE EDUCACIÓN, CIENCIA Y UNIVERSIDADES;877949;—;Subvención;28/09/2026;2100;https://www.bocm.es/bocm-20240520-20
Concesiones;Orden de Convocatoria Becas Excel. Acad. 25-26. MATRIC. Univ.;CONSEJERÍA DE EDUCACIÓN, CIENCIA Y UNIVERSIDADES;877949;—;Subvención;28/09/2026;2100;https://www.bocm.es/bocm-20240520-20
Concesiones;Orden de Convocatoria Becas Excel. Acad. 25-26. MATRIC. Univ.;CONSEJERÍA DE EDUCACIÓN, CIENCIA Y UNIVERSIDADES;877949;—;Subvención;28/09/2026;2100;https://www.bocm.es/bocm-20240520-20
Concesiones;Orden de Convocatoria Becas Excel. Acad. 25-26. MATRIC. Univ.;CONSEJERÍA DE EDUCACIÓN, CIENCIA Y UNIVERSIDADES;877949;—;Subvención;28/09/2026;2100;https://www.bocm.es/bocm-20240520-20
Concesiones;Orden de Convocatoria Becas Excel. Acad. 25-26. MATRIC. Univ.;CONSEJERÍA DE EDUCACIÓN, CIENCIA Y UNIVERSIDADES;877949;—;Subvención;28/09/2026;2100;https://www.bocm.es/bocm-20240520-20
Concesiones;Orden de Convocatoria Becas Excel. Acad. 25-26. MATRIC. Univ.;CONSEJERÍA DE EDUCACIÓN, CIENCIA Y UNIVERSIDADES;877949;—;Subvención;28/09/2026;2100;https://www.bocm.es/bocm-20240520-20
Concesiones;Orden de Convocatoria Becas Excel. Acad. 25-26. MATRIC. Univ.;CONSEJERÍA DE EDUCACIÓN, CIENCIA Y UNIVERSIDADES;877949;—;Subvención;28/09/2026;2100;https://www.bocm.es/bocm-20240520-20
Concesiones;Orden de Convocatoria Becas Excel. Acad. 25-26. MATRIC. Univ.;CONSEJERÍA DE EDUCACIÓN, CIENCIA Y UNIVERSIDADES;877949;—;Subvención;28/09/2026;2100;https://www.bocm.es/bocm-20240520-20
Concesiones;Orden de Convocatoria Becas Excel. Acad. 25-26. MATRIC. Univ.;CONSEJERÍA DE EDUCACIÓN, CIENCIA Y UNIVERSIDADES;877949;—;Subvención;28/09/2026;2100;https://www.bocm.es/bocm-20240520-20
Concesiones;Orden de Convocatoria Becas Excel. Acad. 25-26. MATRIC. Univ.;CONSEJERÍA DE EDUCACIÓN, CIENCIA Y UNIVERSIDADES;877949;—;Subvención;28/09/2026;2100;https://www.bocm.es/bocm-20240520-20
Concesiones;Orden de Convocatoria Becas Excel. Acad. 25-26. MATRIC. Univ.;CONSEJERÍA DE EDUCACIÓN, CIENCIA Y UNIVERSIDADES;877949;—;Subvención;28/09/2026;2100;https://www.bocm.es/bocm-20240520-20
Concesiones;Orden de Convocatoria Becas Excel. Acad. 25-26. MATRIC. Univ.;CONSEJERÍA DE EDUCACIÓN, CIENCIA Y UNIVERSIDADES;877949;—;Subvención;28/09/2026;2100;https://www.bocm.es/bocm-20240520-20
Concesiones;Orden de Convocatoria Becas Excel. Acad. 25-26. MATRIC. Univ.;CONSEJERÍA DE EDUCACIÓN, CIENCIA Y UNIVERSIDADES;877949;—;Subvención;28/09/2026;2100;https://www.bocm.es/bocm-20240520-20
Concesiones;Orden de Convocatoria Becas Excel. Acad. 25-26. MATRIC. Univ.;CONSEJERÍA DE EDUCACIÓN, CIENCIA Y UNIVERSIDADES;877949;—;Subvención;28/09/2026;2100;https://www.bocm.es/bocm-20240520-20
Concesiones;Orden de Convocatoria Becas Excel. Acad. 25-26. MATRIC. Univ.;CONSEJERÍA DE EDUCACIÓN, CIENCIA Y UNIVERSIDADES;877949;—;Subvención;28/09/2026;2100;https://www.bocm.es/bocm-20240520-20
Concesiones;Orden de Convocatoria Becas Excel. Acad. 25-26. MATRIC. Univ.;CONSEJERÍA DE EDUCACIÓN, CIENCIA Y UNIVERSIDADES;877949;—;Subvención;28/09/2026;2100;https://www.bocm.es/bocm-20240520-20
Concesiones;Orden de Convocatoria Becas Excel. Acad. 25-26. MATRIC. Univ.;CONSEJERÍA DE EDUCACIÓN, CIENCIA Y UNIVERSIDADES;877949;—;Subvención;28/09/2026;2100;https://www.bocm.es/bocm-20240520-20
Concesiones;Orden de Convocatoria Becas Excel. Acad. 25-26. MATRIC. Univ.;CONSEJERÍA DE EDUCACIÓN, CIENCIA Y UNIVERSIDADES;877949;—;Subvención;28/09/2026;2100;https://www.bocm.es/bocm-20240520-20
Concesiones;Orden de Convocatoria Becas Excel. Acad. 25-26. MATRIC. Univ.;CONSEJERÍA DE EDUCACIÓN, CIENCIA Y UNIVERSIDADES;877949;—;Subvención;28/09/2026;2100;https://www.bocm.es/bocm-20240520-20
Concesiones;Orden de Convocatoria Becas Excel. Acad. 25-26. MATRIC. Univ.;CONSEJERÍA DE EDUCACIÓN, CIENCIA Y UNIVERSIDADES;877949;—;Subvención;28/09/2026;2100;https://www.bocm.es/bocm-20240520-20
Concesiones;Orden de Convocatoria Becas Excel. Acad. 25-26. MATRIC. Univ.;CONSEJERÍA DE EDUCACIÓN, CIENCIA Y UNIVERSIDADES;877949;—;Subvención;28/09/2026;2100;https://www.bocm.es/bocm-20240520-20
Concesiones;Orden de Convocatoria Becas Excel. Acad. 25-26. MATRIC. Univ.;CONSEJERÍA DE EDUCACIÓN, CIENCIA Y UNIVERSIDADES;877949;—;Subvención;28/09/2026;2100;https://www.bocm.es/bocm-20240520-20
Concesiones;Orden de Convocatoria Becas Excel. Acad. 25-26. MATRIC. Univ.;CONSEJERÍA DE EDUCACIÓN, CIENCIA Y UNIVERSIDADES;877949;—;Subvención;28/09/2026;2100;https://www.bocm.es/bocm-20240520-20
Concesiones;Orden de Convocatoria Becas Excel. Acad. 25-26. MATRIC. Univ.;CONSEJERÍA DE EDUCACIÓN, CIENCIA Y UNIVERSIDADES;877949;—;Subvención;28/09/2026;2100;https://www.bocm.es/bocm-20240520-20
Concesiones;Orden de Convocatoria Becas Excel. Acad. 25-26. MATRIC. Univ.;CONSEJERÍA DE EDUCACIÓN, CIENCIA Y UNIVERSIDADES;877949;—;Subvención;28/09/2026;2100;https://www.bocm.es/bocm-20240520-20
Concesiones;Orden de Convocatoria Becas Excel. Acad. 25-26. MATRIC. Univ.;CONSEJERÍA DE EDUCACIÓN, CIENCIA Y UNIVERSIDADES;877949;—;Subvención;28/09/2026;2100;https://www.bocm.es/bocm-20240520-20
Concesiones;Orden de Convocatoria Becas Excel. Acad. 25-26. MATRIC. Univ.;CONSEJERÍA DE EDUCACIÓN, CIENCIA Y UNIVERSIDADES;877949;—;Subvención;28/09/2026;2100;https://www.bocm.es/bocm-20240520-20
Concesiones;Orden de Convocatoria Becas Excel. Acad. 25-26. MATRIC. Univ.;CONSEJERÍA DE EDUCACIÓN, CIENCIA Y UNIVERSIDADES;877949;—;Subvención;28/09/2026;2100;https://www.bocm.es/bocm-20240520-20
Concesiones;Orden de Convocatoria Becas Excel. Acad. 25-26. MATRIC. Univ.;CONSEJERÍA DE EDUCACIÓN, CIENCIA Y UNIVERSIDADES;877949;—;Subvención;28/09/2026;2100;https://www.bocm.es/bocm-20240520-20
Concesiones;Orden de Convocatoria Becas Excel. Acad. 25-26. MATRIC. Univ.;CONSEJERÍA DE EDUCACIÓN, CIENCIA Y UNIVERSIDADES;877949;—;Subvención;28/09/2026;2100;https://www.bocm.es/bocm-20240520-20
Concesiones;Orden de Convocatoria Becas Excel. Acad. 25-26. MATRIC. Univ.;CONSEJERÍA DE EDUCACIÓN, CIENCIA Y UNIVERSIDADES;877949;—;Subvención;28/09/2026;2100;https://www.bocm.es/bocm-20240520-20
Concesiones;Orden de Convocatoria Becas Excel. Acad. 25-26. MATRIC. Univ.;CONSEJERÍA DE EDUCACIÓN, CIENCIA Y UNIVERSIDADES;877949;—;Subvención;28/09/2026;2100;https://www.bocm.es/bocm-20240520-20
Concesiones;Orden de Convocatoria Becas Excel. Acad. 25-26. MATRIC. Univ.;CONSEJERÍA DE EDUCACIÓN, CIENCIA Y UNIVERSIDADES;877949;—;Subvención;28/09/2026;2100;https://www.bocm.es/bocm-20240520-20
Concesiones;Orden de Convocatoria Becas Excel. Acad. 25-26. MATRIC. Univ.;CONSEJERÍA DE EDUCACIÓN, CIENCIA Y UNIVERSIDADES;877949;—;Subvención;28/09/2026;2100;https://www.bocm.es/bocm-20240520-20
Concesiones;Orden de Convocatoria Becas Excel. Acad. 25-26. MATRIC. Univ.;CONSEJERÍA DE EDUCACIÓN, CIENCIA Y UNIVERSIDADES;877949;—;Subvención;28/09/2026;2100;https://www.bocm.es/bocm-20240520-20
Concesiones;Orden de Convocatoria Becas Excel. Acad. 25-26. MATRIC. Univ.;CONSEJERÍA DE EDUCACIÓN, CIENCIA Y UNIVERSIDADES;877949;—;Subvención;28/09/2026;2100;https://www.bocm.es/bocm-20240520-20
Concesiones;Orden de Convocatoria Becas Excel. Acad. 25-26. MATRIC. Univ.;CONSEJERÍA DE EDUCACIÓN, CIENCIA Y UNIVERSIDADES;877949;—;Subvención;28/09/2026;2100;https://www.bocm.es/bocm-20240520-20
Concesiones;Orden de Convocatoria Becas Excel. Acad. 25-26. MATRIC. Univ.;CONSEJERÍA DE EDUCACIÓN, CIENCIA Y UNIVERSIDADES;877949;—;Subvención;28/09/2026;2100;https://www.bocm.es/bocm-20240520-20
Concesiones;Orden de Convocatoria Becas Excel. Acad. 25-26. MATRIC. Univ.;CONSEJERÍA DE EDUCACIÓN, CIENCIA Y UNIVERSIDADES;877949;—;Subvención;28/09/2026;2100;https://www.bocm.es/bocm-20240520-20
Concesiones;Orden de Convocatoria Becas Excel. Acad. 25-26. MATRIC. Univ.;CONSEJERÍA DE EDUCACIÓN, CIENCIA Y UNIVERSIDADES;877949;—;Subvención;28/09/2026;2100;https://www.bocm.es/bocm-20240520-20
Concesiones;Orden de Convocatoria Becas Excel. Acad. 25-26. MATRIC. Univ.;CONSEJERÍA DE EDUCACIÓN, CIENCIA Y UNIVERSIDADES;877949;—;Subvención;28/09/2026;2100;https://www.bocm.es/bocm-20240520-20
Concesiones;Orden de Convocatoria Becas Excel. Acad. 25-26. MATRIC. Univ.;CONSEJERÍA DE EDUCACIÓN, CIENCIA Y UNIVERSIDADES;877949;—;Subvención;28/09/2026;2100;https://www.bocm.es/bocm-20240520-20
Concesiones;Orden de Convocatoria Becas Excel. Acad. 25-26. MATRIC. Univ.;CONSEJERÍA DE EDUCACIÓN, CIENCIA Y UNIVERSIDADES;877949;—;Subvención;28/09/2026;2100;https://www.bocm.es/bocm-20240520-20
Concesiones;Orden de Convocatoria Becas Excel. Acad. 25-26. MATRIC. Univ.;CONSEJERÍA DE EDUCACIÓN, CIENCIA Y UNIVERSIDADES;877949;—;Subvención;28/09/2026;2100;https://www.bocm.es/bocm-20240520-20
Concesiones;Orden de Convocatoria Becas Excel. Acad. 25-26. MATRIC. Univ.;CONSEJERÍA DE EDUCACIÓN, CIENCIA Y UNIVERSIDADES;877949;—;Subvención;28/09/2026;2100;https://www.bocm.es/bocm-20240520-20
Concesiones;Orden de Convocatoria Becas Excel. Acad. 25-26. MATRIC. Univ.;CONSEJERÍA DE EDUCACIÓN, CIENCIA Y UNIVERSIDADES;877949;—;Subvención;28/09/2026;2100;https://www.bocm.es/bocm-20240520-20
Concesiones;Orden de Convocatoria Becas Excel. Acad. 25-26. MATRIC. Univ.;CONSEJERÍA DE EDUCACIÓN, CIENCIA Y UNIVERSIDADES;877949;—;Subvención;28/09/2026;2100;https://www.bocm.es/bocm-20240520-20
Concesiones;Orden de Convocatoria Becas Excel. Acad. 25-26. MATRIC. Univ.;CONSEJERÍA DE EDUCACIÓN, CIENCIA Y UNIVERSIDADES;877949;—;Subvención;28/09/2026;2100;https://www.bocm.es/bocm-20240520-20
Concesiones;Orden de Convocatoria Becas Excel. Acad. 25-26. MATRIC. Univ.;CONSEJERÍA DE EDUCACIÓN, CIENCIA Y UNIVERSIDADES;877949;—;Subvención;28/09/2026;2100;https://www.bocm.es/bocm-20240520-20
Concesiones;Orden de Convocatoria Becas Excel. Acad. 25-26. MATRIC. Univ.;CONSEJERÍA DE EDUCACIÓN, CIENCIA Y UNIVERSIDADES;877949;—;Subvención;28/09/2026;2100;https://www.bocm.es/bocm-20240520-20
Concesiones;Orden de Convocatoria Becas Excel. Acad. 25-26. MATRIC. Univ.;CONSEJERÍA DE EDUCACIÓN, CIENCIA Y UNIVERSIDADES;877949;—;Subvención;28/09/2026;2100;https://www.bocm.es/bocm-20240520-20
Concesiones;Orden de Convocatoria Becas Excel. Acad. 25-26. MATRIC. Univ.;CONSEJERÍA DE EDUCACIÓN, CIENCIA Y UNIVERSIDADES;877949;—;Subvención;28/09/2026;2100;https://www.bocm.es/bocm-20240520-20
Concesiones;Orden de Convocatoria Becas Excel. Acad. 25-26. MATRIC. Univ.;CONSEJERÍA DE EDUCACIÓN, CIENCIA Y UNIVERSIDADES;877949;—;Subvención;28/09/2026;2100;https://www.bocm.es/bocm-20240520-20
Concesiones;Orden de Convocatoria Becas Excel. Acad. 25-26. MATRIC. Univ.;CONSEJERÍA DE EDUCACIÓN, CIENCIA Y UNIVERSIDADES;877949;—;Subvención;28/09/2026;2100;https://www.bocm.es/bocm-20240520-20
Concesiones;Orden de Convocatoria Becas Excel. Acad. 25-26. MATRIC. Univ.;CONSEJERÍA DE EDUCACIÓN, CIENCIA Y UNIVERSIDADES;877949;—;Subvención;28/09/2026;2100;https://www.bocm.es/bocm-20240520-20
Concesiones;Orden de Convocatoria Becas Excel. Acad. 25-26. MATRIC. Univ.;CONSEJERÍA DE EDUCACIÓN, CIENCIA Y UNIVERSIDADES;877949;—;Subvención;28/09/2026;2100;https://www.bocm.es/bocm-20240520-20
Concesiones;Orden de Convocatoria Becas Excel. Acad. 25-26. MATRIC. Univ.;CONSEJERÍA DE EDUCACIÓN, CIENCIA Y UNIVERSIDADES;877949;—;Subvención;28/09/2026;2100;https://www.bocm.es/bocm-20240520-20
Concesiones;Orden de Convocatoria Becas Excel. Acad. 25-26. MATRIC. Univ.;CONSEJERÍA DE EDUCACIÓN, CIENCIA Y UNIVERSIDADES;877949;—;Subvención;28/09/2026;2100;https://www.bocm.es/bocm-20240520-20
Concesiones;Orden de Convocatoria Becas Excel. Acad. 25-26. MATRIC. Univ.;CONSEJERÍA DE EDUCACIÓN, CIENCIA Y UNIVERSIDADES;877949;—;Subvención;28/09/2026;2100;https://www.bocm.es/bocm-20240520-20
Concesiones;Orden de Convocatoria Becas Excel. Acad. 25-26. MATRIC. Univ.;CONSEJERÍA DE EDUCACIÓN, CIENCIA Y UNIVERSIDADES;877949;—;Subvención;28/09/2026;2100;https://www.bocm.es/bocm-20240520-20
Concesiones;Orden de Convocatoria Becas Excel. Acad. 25-26. MATRIC. Univ.;CONSEJERÍA DE EDUCACIÓN, CIENCIA Y UNIVERSIDADES;877949;—;Subvención;28/09/2026;2100;https://www.bocm.es/bocm-20240520-20
Concesiones;Orden de Convocatoria Becas Excel. Acad. 25-26. MATRIC. Univ.;CONSEJERÍA DE EDUCACIÓN, CIENCIA Y UNIVERSIDADES;877949;—;Subvención;28/09/2026;2100;https://www.bocm.es/bocm-20240520-20
Concesiones;Orden de Convocatoria Becas Excel. Acad. 25-26. MATRIC. Univ.;CONSEJERÍA DE EDUCACIÓN, CIENCIA Y UNIVERSIDADES;877949;—;Subvención;28/09/2026;2100;https://www.bocm.es/bocm-20240520-20
Concesiones;Orden de Convocatoria Becas Excel. Acad. 25-26. MATRIC. Univ.;CONSEJERÍA DE EDUCACIÓN, CIENCIA Y UNIVERSIDADES;877949;—;Subvención;28/09/2026;2100;https://www.bocm.es/bocm-20240520-20
Concesiones;Orden de Convocatoria Becas Excel. Acad. 25-26. MATRIC. Univ.;CONSEJERÍA DE EDUCACIÓN, CIENCIA Y UNIVERSIDADES;877949;—;Subvención;28/09/2026;2100;https://www.bocm.es/bocm-20240520-20
Concesiones;Orden de Convocatoria Becas Excel. Acad. 25-26. MATRIC. Univ.;CONSEJERÍA DE EDUCACIÓN, CIENCIA Y UNIVERSIDADES;877949;—;Subvención;28/09/2026;2100;https://www.bocm.es/bocm-20240520-20
Concesiones;Orden de Convocatoria Becas Excel. Acad. 25-26. MATRIC. Univ.;CONSEJERÍA DE EDUCACIÓN, CIENCIA Y UNIVERSIDADES;877949;—;Subvención;28/09/2026;2100;https://www.bocm.es/bocm-20240520-20
Concesiones;Orden de Convocatoria Becas Excel. Acad. 25-26. MATRIC. Univ.;CONSEJERÍA DE EDUCACIÓN, CIENCIA Y UNIVERSIDADES;877949;—;Subvención;28/09/2026;2100;https://www.bocm.es/bocm-20240520-20
Concesiones;Orden de Convocatoria Becas Excel. Acad. 25-26. MATRIC. Univ.;CONSEJERÍA DE EDUCACIÓN, CIENCIA Y UNIVERSIDADES;877949;—;Subvención;28/09/2026;2100;https://www.bocm.es/bocm-20240520-20
Concesiones;Orden de Convocatoria Becas Excel. Acad. 25-26. MATRIC. Univ.;CONSEJERÍA DE EDUCACIÓN, CIENCIA Y UNIVERSIDADES;877949;—;Subvención;28/09/2026;2100;https://www.bocm.es/bocm-20240520-20
Concesiones;Orden de Convocatoria Becas Excel. Acad. 25-26. MATRIC. Univ.;CONSEJERÍA DE EDUCACIÓN, CIENCIA Y UNIVERSIDADES;877949;—;Subvención;28/09/2026;2100;https://www.bocm.es/bocm-20240520-20
Concesiones;Orden de Convocatoria Becas Excel. Acad. 25-26. MATRIC. Univ.;CONSEJERÍA DE EDUCACIÓN, CIENCIA Y UNIVERSIDADES;877949;—;Subvención;28/09/2026;2100;https://www.bocm.es/bocm-20240520-20
Concesiones;Orden de Convocatoria Becas Excel. Acad. 25-26. MATRIC. Univ.;CONSEJERÍA DE EDUCACIÓN, CIENCIA Y UNIVERSIDADES;877949;—;Subvención;28/09/2026;2100;https://www.bocm.es/bocm-20240520-20
Concesiones;Orden de Convocatoria Becas Excel. Acad. 25-26. MATRIC. Univ.;CONSEJERÍA DE EDUCACIÓN, CIENCIA Y UNIVERSIDADES;877949;—;Subvención;28/09/2026;2100;https://www.bocm.es/bocm-20240520-20
Concesiones;Orden de Convocatoria Becas Excel. Acad. 25-26. MATRIC. Univ.;CONSEJERÍA DE EDUCACIÓN, CIENCIA Y UNIVERSIDADES;877949;—;Subvención;28/09/2026;2100;https://www.bocm.es/bocm-20240520-20
Concesiones;Orden de Convocatoria Becas Excel. Acad. 25-26. MATRIC. Univ.;CONSEJERÍA DE EDUCACIÓN, CIENCIA Y UNIVERSIDADES;877949;—;Subvención;28/09/2026;2100;https://www.bocm.es/bocm-20240520-20
Concesiones;Orden de Convocatoria Becas Excel. Acad. 25-26. MATRIC. Univ.;CONSEJERÍA DE EDUCACIÓN, CIENCIA Y UNIVERSIDADES;877949;—;Subvención;28/09/2026;2100;https://www.bocm.es/bocm-20240520-20
Concesiones;Orden de Convocatoria Becas Excel. Acad. 25-26. MATRIC. Univ.;CONSEJERÍA DE EDUCACIÓN, CIENCIA Y UNIVERSIDADES;877949;—;Subvención;28/09/2026;2100;https://www.bocm.es/bocm-20240520-20
Concesiones;Orden de Convocatoria Becas Excel. Acad. 25-26. MATRIC. Univ.;CONSEJERÍA DE EDUCACIÓN, CIENCIA Y UNIVERSIDADES;877949;—;Subvención;28/09/2026;2100;https://www.bocm.es/bocm-20240520-20
Concesiones;Orden de Convocatoria Becas Excel. Acad. 25-26. MATRIC. Univ.;CONSEJERÍA DE EDUCACIÓN, CIENCIA Y UNIVERSIDADES;877949;—;Subvención;28/09/2026;2100;https://www.bocm.es/bocm-20240520-20
Concesiones;Orden de Convocatoria Becas Excel. Acad. 25-26. MATRIC. Univ.;CONSEJERÍA DE EDUCACIÓN, CIENCIA Y UNIVERSIDADES;877949;—;Subvención;28/09/2026;2100;https://www.bocm.es/bocm-20240520-20
Concesiones;Orden de Convocatoria Becas Excel. Acad. 25-26. MATRIC. Univ.;CONSEJERÍA DE EDUCACIÓN, CIENCIA Y UNIVERSIDADES;877949;—;Subvención;28/09/2026;2100;https://www.bocm.es/bocm-20240520-20
Concesiones;Orden de Convocatoria Becas Excel. Acad. 25-26. MATRIC. Univ.;CONSEJERÍA DE EDUCACIÓN, CIENCIA Y UNIVERSIDADES;877949;—;Subvención;28/09/2026;2100;https://www.bocm.es/bocm-20240520-20
Concesiones;Orden de Convocatoria Becas Excel. Acad. 25-26. MATRIC. Univ.;CONSEJERÍA DE EDUCACIÓN, CIENCIA Y UNIVERSIDADES;877949;—;Subvención;28/09/2026;2100;https://www.bocm.es/bocm-20240520-20
Concesiones;Orden de Convocatoria Becas Excel. Acad. 25-26. MATRIC. Univ.;CONSEJERÍA DE EDUCACIÓN, CIENCIA Y UNIVERSIDADES;877949;—;Subvención;28/09/2026;2100;https://www.bocm.es/bocm-20240520-20
Concesiones;Orden de Convocatoria Becas Excel. Acad. 25-26. MATRIC. Univ.;CONSEJERÍA DE EDUCACIÓN, CIENCIA Y UNIVERSIDADES;877949;—;Subvención;28/09/2026;2100;https://www.bocm.es/bocm-20240520-20
Concesiones;Orden de Convocatoria Becas Excel. Acad. 25-26. MATRIC. Univ.;CONSEJERÍA DE EDUCACIÓN, CIENCIA Y UNIVERSIDADES;877949;—;Subvención;28/09/2026;2100;https://www.bocm.es/bocm-20240520-20
Concesiones;Orden de Convocatoria Becas Excel. Acad. 25-26. MATRIC. Univ.;CONSEJERÍA DE EDUCACIÓN, CIENCIA Y UNIVERSIDADES;877949;—;Subvención;28/09/2026;2100;https://www.bocm.es/bocm-20240520-20
Concesiones;Orden de Convocatoria Becas Excel. Acad. 25-26. MATRIC. Univ.;CONSEJERÍA DE EDUCACIÓN, CIENCIA Y UNIVERSIDADES;877949;—;Subvención;28/09/2026;2100;https://www.bocm.es/bocm-20240520-20
Concesiones;Orden de Convocatoria Becas Excel. Acad. 25-26. MATRIC. Univ.;CONSEJERÍA DE EDUCACIÓN, CIENCIA Y UNIVERSIDADES;877949;—;Subvención;28/09/2026;2100;https://www.bocm.es/bocm-20240520-20
Concesiones;Orden de Convocatoria Becas Excel. Acad. 25-26. MATRIC. Univ.;CONSEJERÍA DE EDUCACIÓN, CIENCIA Y UNIVERSIDADES;877949;—;Subvención;28/09/2026;2100;https://www.bocm.es/bocm-20240520-20
Concesiones;Orden de Convocatoria Becas Excel. Acad. 25-26. MATRIC. Univ.;CONSEJERÍA DE EDUCACIÓN, CIENCIA Y UNIVERSIDADES;877949;—;Subvención;28/09/2026;2100;https://www.bocm.es/bocm-20240520-20
Concesiones;Orden de Convocatoria Becas Excel. Acad. 25-26. MATRIC. Univ.;CONSEJERÍA DE EDUCACIÓN, CIENCIA Y UNIVERSIDADES;877949;—;Subvención;28/09/2026;2100;https://www.bocm.es/bocm-20240520-20
Concesiones;Orden de Convocatoria Becas Excel. Acad. 25-26. MATRIC. Univ.;CONSEJERÍA DE EDUCACIÓN, CIENCIA Y UNIVERSIDADES;877949;—;Subvención;28/09/2026;2100;https://www.bocm.es/bocm-20240520-20
Concesiones;Orden de Convocatoria Becas Excel. Acad. 25-26. MATRIC. Univ.;CONSEJERÍA DE EDUCACIÓN, CIENCIA Y UNIVERSIDADES;877949;—;Subvención;28/09/2026;2100;https://www.bocm.es/bocm-20240520-20
Concesiones;Orden de Convocatoria Becas Excel. Acad. 25-26. MATRIC. Univ.;CONSEJERÍA DE EDUCACIÓN, CIENCIA Y UNIVERSIDADES;877949;—;Subvención;28/09/2026;2100;https://www.bocm.es/bocm-20240520-20
Concesiones;Orden de Convocatoria Becas Excel. Acad. 25-26. MATRIC. Univ.;CONSEJERÍA DE EDUCACIÓN, CIENCIA Y UNIVERSIDADES;877949;—;Subvención;28/09/2026;2100;https://www.bocm.es/bocm-20240520-20
Concesiones;Orden de Convocatoria Becas Excel. Acad. 25-26. MATRIC. Univ.;CONSEJERÍA DE EDUCACIÓN, CIENCIA Y UNIVERSIDADES;877949;—;Subvención;28/09/2026;2100;https://www.bocm.es/bocm-20240520-20
Concesiones;Orden de Convocatoria Becas Excel. Acad. 25-26. MATRIC. Univ.;CONSEJERÍA DE EDUCACIÓN, CIENCIA Y UNIVERSIDADES;877949;—;Subvención;28/09/2026;2100;https://www.bocm.es/bocm-20240520-20
Concesiones;Orden de Convocatoria Becas Excel. Acad. 25-26. MATRIC. Univ.;CONSEJERÍA DE EDUCACIÓN, CIENCIA Y UNIVERSIDADES;877949;—;Subvención;28/09/2026;2100;https://www.bocm.es/bocm-20240520-20
Concesiones;Orden de Convocatoria Becas Excel. Acad. 25-26. MATRIC. Univ.;CONSEJERÍA DE EDUCACIÓN, CIENCIA Y UNIVERSIDADES;877949;—;Subvención;28/09/2026;2100;https://www.bocm.es/bocm-20240520-20
Concesiones;Orden de Convocatoria Becas Excel. Acad. 25-26. MATRIC. Univ.;CONSEJERÍA DE EDUCACIÓN, CIENCIA Y UNIVERSIDADES;877949;—;Subvención;28/09/2026;2100;https://www.bocm.es/bocm-20240520-20
Concesiones;Orden de Convocatoria Becas Excel. Acad. 25-26. MATRIC. Univ.;CONSEJERÍA DE EDUCACIÓN, CIENCIA Y UNIVERSIDADES;877949;—;Subvención;28/09/2026;2100;https://www.bocm.es/bocm-20240520-20
Concesiones;Orden de Convocatoria Becas Excel. Acad. 25-26. MATRIC. Univ.;CONSEJERÍA DE EDUCACIÓN, CIENCIA Y UNIVERSIDADES;877949;—;Subvención;28/09/2026;2100;https://www.bocm.es/bocm-20240520-20
Concesiones;Orden de Convocatoria Becas Excel. Acad. 25-26. MATRIC. Univ.;CONSEJERÍA DE EDUCACIÓN, CIENCIA Y UNIVERSIDADES;877949;—;Subvención;28/09/2026;2100;https://www.bocm.es/bocm-20240520-20
Concesiones;Orden de Convocatoria Becas Excel. Acad. 25-26. MATRIC. Univ.;CONSEJERÍA DE EDUCACIÓN, CIENCIA Y UNIVERSIDADES;877949;—;Subvención;28/09/2026;2100;https://www.bocm.es/bocm-20240520-20
Concesiones;Orden de Convocatoria Becas Excel. Acad. 25-26. MATRIC. Univ.;CONSEJERÍA DE EDUCACIÓN, CIENCIA Y UNIVERSIDADES;877949;—;Subvención;28/09/2026;2100;https://www.bocm.es/bocm-20240520-20
Concesiones;Orden de Convocatoria Becas Excel. Acad. 25-26. MATRIC. Univ.;CONSEJERÍA DE EDUCACIÓN, CIENCIA Y UNIVERSIDADES;877949;—;Subvención;28/09/2026;2100;https://www.bocm.es/bocm-20240520-20
Concesiones;Orden de Convocatoria Becas Excel. Acad. 25-26. MATRIC. Univ.;CONSEJERÍA DE EDUCACIÓN, CIENCIA Y UNIVERSIDADES;877949;—;Subvención;28/09/2026;2100;https://www.bocm.es/bocm-20240520-20
Concesiones;Orden de Convocatoria Becas Excel. Acad. 25-26. MATRIC. Univ.;CONSEJERÍA DE EDUCACIÓN, CIENCIA Y UNIVERSIDADES;877949;—;Subvención;28/09/2026;2100;https://www.bocm.es/bocm-20240520-20
Concesiones;Orden de Convocatoria Becas Excel. Acad. 25-26. MATRIC. Univ.;CONSEJERÍA DE EDUCACIÓN, CIENCIA Y UNIVERSIDADES;877949;—;Subvención;28/09/2026;2100;https://www.bocm.es/bocm-20240520-20
Concesiones;Orden de Convocatoria Becas Excel. Acad. 25-26. MATRIC. Univ.;CONSEJERÍA DE EDUCACIÓN, CIENCIA Y UNIVERSIDADES;877949;—;Subvención;28/09/2026;2100;https://www.bocm.es/bocm-20240520-20
Concesiones;Orden de Convocatoria Becas Excel. Acad. 25-26. MATRIC. Univ.;CONSEJERÍA DE EDUCACIÓN, CIENCIA Y UNIVERSIDADES;877949;—;Subvención;28/09/2026;2100;https://www.bocm.es/bocm-20240520-20
Concesiones;Orden de Convocatoria Becas Excel. Acad. 25-26. MATRIC. Univ.;CONSEJERÍA DE EDUCACIÓN, CIENCIA Y UNIVERSIDADES;877949;—;Subvención;28/09/2026;2100;https://www.bocm.es/bocm-20240520-20
Concesiones;Orden de Convocatoria Becas Excel. Acad. 25-26. MATRIC. Univ.;CONSEJERÍA DE EDUCACIÓN, CIENCIA Y UNIVERSIDADES;877949;—;Subvención;28/09/2026;2100;https://www.bocm.es/bocm-20240520-20
Concesiones;Orden de Convocatoria Becas Excel. Acad. 25-26. MATRIC. Univ.;CONSEJERÍA DE EDUCACIÓN, CIENCIA Y UNIVERSIDADES;877949;—;Subvención;28/09/2026;2100;https://www.bocm.es/bocm-20240520-20
Concesiones;Orden de Convocatoria Becas Excel. Acad. 25-26. MATRIC. Univ.;CONSEJERÍA DE EDUCACIÓN, CIENCIA Y UNIVERSIDADES;877949;—;Subvención;28/09/2026;2100;https://www.bocm.es/bocm-20240520-20
Concesiones;Orden de Convocatoria Becas Excel. Acad. 25-26. MATRIC. Univ.;CONSEJERÍA DE EDUCACIÓN, CIENCIA Y UNIVERSIDADES;877949;—;Subvención;28/09/2026;2100;https://www.bocm.es/bocm-20240520-20
Concesiones;Orden de Convocatoria Becas Excel. Acad. 25-26. MATRIC. Univ.;CONSEJERÍA DE EDUCACIÓN, CIENCIA Y UNIVERSIDADES;877949;—;Subvención;28/09/2026;2100;https://www.bocm.es/bocm-20240520-20
Concesiones;Orden de Convocatoria Becas Excel. Acad. 25-26. MATRIC. Univ.;CONSEJERÍA DE EDUCACIÓN, CIENCIA Y UNIVERSIDADES;877949;—;Subvención;28/09/2026;2100;https://www.bocm.es/bocm-20240520-20
Concesiones;Orden de Convocatoria Becas Excel. Acad. 25-26. MATRIC. Univ.;CONSEJERÍA DE EDUCACIÓN, CIENCIA Y UNIVERSIDADES;877949;—;Subvención;28/09/2026;2100;https://www.bocm.es/bocm-20240520-20
Concesiones;Orden de Convocatoria Becas Excel. Acad. 25-26. MATRIC. Univ.;CONSEJERÍA DE EDUCACIÓN, CIENCIA Y UNIVERSIDADES;877949;—;Subvención;28/09/2026;2100;https://www.bocm.es/bocm-20240520-20
Concesiones;Orden de Convocatoria Becas Excel. Acad. 25-26. MATRIC. Univ.;CONSEJERÍA DE EDUCACIÓN, CIENCIA Y UNIVERSIDADES;877949;—;Subvención;28/09/2026;2100;https://www.bocm.es/bocm-20240520-20
Concesiones;Orden de Convocatoria Becas Excel. Acad. 25-26. MATRIC. Univ.;CONSEJERÍA DE EDUCACIÓN, CIENCIA Y UNIVERSIDADES;877949;—;Subvención;28/09/2026;2100;https://www.bocm.es/bocm-20240520-20
Concesiones;Orden de Convocatoria Becas Excel. Acad. 25-26. MATRIC. Univ.;CONSEJERÍA DE EDUCACIÓN, CIENCIA Y UNIVERSIDADES;877949;—;Subvención;28/09/2026;2100;https://www.bocm.es/bocm-20240520-20
Concesiones;Orden de Convocatoria Becas Excel. Acad. 25-26. MATRIC. Univ.;CONSEJERÍA DE EDUCACIÓN, CIENCIA Y UNIVERSIDADES;877949;—;Subvención;28/09/2026;2100;https://www.bocm.es/bocm-20240520-20
Concesiones;Orden de Convocatoria Becas Excel. Acad. 25-26. MATRIC. Univ.;CONSEJERÍA DE EDUCACIÓN, CIENCIA Y UNIVERSIDADES;877949;—;Subvención;28/09/2026;2100;https://www.bocm.es/bocm-20240520-20
Concesiones;Orden de Convocatoria Becas Excel. Acad. 25-26. MATRIC. Univ.;CONSEJERÍA DE EDUCACIÓN, CIENCIA Y UNIVERSIDADES;877949;—;Subvención;28/09/2026;2100;https://www.bocm.es/bocm-20240520-20
Concesiones;Orden de Convocatoria Becas Excel. Acad. 25-26. MATRIC. Univ.;CONSEJERÍA DE EDUCACIÓN, CIENCIA Y UNIVERSIDADES;877949;—;Subvención;28/09/2026;2100;https://www.bocm.es/bocm-20240520-20
Concesiones;Orden de Convocatoria Becas Excel. Acad. 25-26. MATRIC. Univ.;CONSEJERÍA DE EDUCACIÓN, CIENCIA Y UNIVERSIDADES;877949;—;Subvención;28/09/2026;2100;https://www.bocm.es/bocm-20240520-20
Concesiones;Orden de Convocatoria Becas Excel. Acad. 25-26. MATRIC. Univ.;CONSEJERÍA DE EDUCACIÓN, CIENCIA Y UNIVERSIDADES;877949;—;Subvención;28/09/2026;2100;https://www.bocm.es/bocm-20240520-20
Concesiones;Orden de Convocatoria Becas Excel. Acad. 25-26. MATRIC. Univ.;CONSEJERÍA DE EDUCACIÓN, CIENCIA Y UNIVERSIDADES;877949;—;Subvención;28/09/2026;2100;https://www.bocm.es/bocm-20240520-20
Concesiones;Orden de Convocatoria Becas Excel. Acad. 25-26. MATRIC. Univ.;CONSEJERÍA DE EDUCACIÓN, CIENCIA Y UNIVERSIDADES;877949;—;Subvención;28/09/2026;2100;https://www.bocm.es/bocm-20240520-20
Concesiones;Orden de Convocatoria Becas Excel. Acad. 25-26. MATRIC. Univ.;CONSEJERÍA DE EDUCACIÓN, CIENCIA Y UNIVERSIDADES;877949;—;Subvención;28/09/2026;2100;https://www.bocm.es/bocm-20240520-20
Concesiones;Orden de Convocatoria Becas Excel. Acad. 25-26. MATRIC. Univ.;CONSEJERÍA DE EDUCACIÓN, CIENCIA Y UNIVERSIDADES;877949;—;Subvención;28/09/2026;2100;https://www.bocm.es/bocm-20240520-20
Concesiones;Orden de Convocatoria Becas Excel. Acad. 25-26. MATRIC. Univ.;CONSEJERÍA DE EDUCACIÓN, CIENCIA Y UNIVERSIDADES;877949;—;Subvención;28/09/2026;2100;https://www.bocm.es/bocm-20240520-20
Concesiones;Orden de Convocatoria Becas Excel. Acad. 25-26. MATRIC. Univ.;CONSEJERÍA DE EDUCACIÓN, CIENCIA Y UNIVERSIDADES;877949;—;Subvención;28/09/2026;2100;https://www.bocm.es/bocm-20240520-20
Concesiones;Orden de Convocatoria Becas Excel. Acad. 25-26. MATRIC. Univ.;CONSEJERÍA DE EDUCACIÓN, CIENCIA Y UNIVERSIDADES;877949;—;Subvención;28/09/2026;2100;https://www.bocm.es/bocm-20240520-20
Concesiones;Orden de Convocatoria Becas Excel. Acad. 25-26. MATRIC. Univ.;CONSEJERÍA DE EDUCACIÓN, CIENCIA Y UNIVERSIDADES;877949;—;Subvención;28/09/2026;2100;https://www.bocm.es/bocm-20240520-20
Concesiones;Orden de Convocatoria Becas Excel. Acad. 25-26. MATRIC. Univ.;CONSEJERÍA DE EDUCACIÓN, CIENCIA Y UNIVERSIDADES;877949;—;Subvención;28/09/2026;2100;https://www.bocm.es/bocm-20240520-20
Concesiones;Orden de Convocatoria Becas Excel. Acad. 25-26. MATRIC. Univ.;CONSEJERÍA DE EDUCACIÓN, CIENCIA Y UNIVERSIDADES;877949;—;Subvención;28/09/2026;2100;https://www.bocm.es/bocm-20240520-20
Concesiones;Orden de Convocatoria Becas Excel. Acad. 25-26. MATRIC. Univ.;CONSEJERÍA DE EDUCACIÓN, CIENCIA Y UNIVERSIDADES;877949;—;Subvención;28/09/2026;2100;https://www.bocm.es/bocm-20240520-20
Concesiones;Orden de Convocatoria Becas Excel. Acad. 25-26. MATRIC. Univ.;CONSEJERÍA DE EDUCACIÓN, CIENCIA Y UNIVERSIDADES;877949;—;Subvención;28/09/2026;2100;https://www.bocm.es/bocm-20240520-20
Concesiones;Orden de Convocatoria Becas Excel. Acad. 25-26. MATRIC. Univ.;CONSEJERÍA DE EDUCACIÓN, CIENCIA Y UNIVERSIDADES;877949;—;Subvención;28/09/2026;2100;https://www.bocm.es/bocm-20240520-20
Concesiones;Orden de Convocatoria Becas Excel. Acad. 25-26. MATRIC. Univ.;CONSEJERÍA DE EDUCACIÓN, CIENCIA Y UNIVERSIDADES;877949;—;Subvención;28/09/2026;2100;https://www.bocm.es/bocm-20240520-20
Concesiones;Orden de Convocatoria Becas Excel. Acad. 25-26. MATRIC. Univ.;CONSEJERÍA DE EDUCACIÓN, CIENCIA Y UNIVERSIDADES;877949;—;Subvención;28/09/2026;2100;https://www.bocm.es/bocm-20240520-20
Concesiones;Orden de Convocatoria Becas Excel. Acad. 25-26. MATRIC. Univ.;CONSEJERÍA DE EDUCACIÓN, CIENCIA Y UNIVERSIDADES;877949;—;Subvención;28/09/2026;2100;https://www.bocm.es/bocm-20240520-20
Concesiones;Orden de Convocatoria Becas Excel. Acad. 25-26. MATRIC. Univ.;CONSEJERÍA DE EDUCACIÓN, CIENCIA Y UNIVERSIDADES;877949;—;Subvención;28/09/2026;2100;https://www.bocm.es/bocm-20240520-20
Concesiones;Orden de Convocatoria Becas Excel. Acad. 25-26. MATRIC. Univ.;CONSEJERÍA DE EDUCACIÓN, CIENCIA Y UNIVERSIDADES;877949;—;Subvención;28/09/2026;2100;https://www.bocm.es/bocm-20240520-20
Concesiones;Orden de Convocatoria Becas Excel. Acad. 25-26. MATRIC. Univ.;CONSEJERÍA DE EDUCACIÓN, CIENCIA Y UNIVERSIDADES;877949;—;Subvención;28/09/2026;2100;https://www.bocm.es/bocm-20240520-20
Concesiones;Orden de Convocatoria Becas Excel. Acad. 25-26. MATRIC. Univ.;CONSEJERÍA DE EDUCACIÓN, CIENCIA Y UNIVERSIDADES;877949;—;Subvención;28/09/2026;2100;https://www.bocm.es/bocm-20240520-20
Concesiones;Orden de Convocatoria Becas Excel. Acad. 25-26. MATRIC. Univ.;CONSEJERÍA DE EDUCACIÓN, CIENCIA Y UNIVERSIDADES;877949;—;Subvención;28/09/2026;2100;https://www.bocm.es/bocm-20240520-20
Concesiones;Orden de Convocatoria Becas Excel. Acad. 25-26. MATRIC. Univ.;CONSEJERÍA DE EDUCACIÓN, CIENCIA Y UNIVERSIDADES;877949;—;Subvención;28/09/2026;2100;https://www.bocm.es/bocm-20240520-20
Concesiones;Orden de Convocatoria Becas Excel. Acad. 25-26. MATRIC. Univ.;CONSEJERÍA DE EDUCACIÓN, CIENCIA Y UNIVERSIDADES;877949;—;Subvención;28/09/2026;2100;https://www.bocm.es/bocm-20240520-20
Concesiones;Orden de Convocatoria Becas Excel. Acad. 25-26. MATRIC. Univ.;CONSEJERÍA DE EDUCACIÓN, CIENCIA Y UNIVERSIDADES;877949;—;Subvención;28/09/2026;2100;https://www.bocm.es/bocm-20240520-20
Concesiones;Orden de Convocatoria Becas Excel. Acad. 25-26. MATRIC. Univ.;CONSEJERÍA DE EDUCACIÓN, CIENCIA Y UNIVERSIDADES;877949;—;Subvención;28/09/2026;2100;https://www.bocm.es/bocm-20240520-20
Concesiones;Orden de Convocatoria Becas Excel. Acad. 25-26. MATRIC. Univ.;CONSEJERÍA DE EDUCACIÓN, CIENCIA Y UNIVERSIDADES;877949;—;Subvención;28/09/2026;2100;https://www.bocm.es/bocm-20240520-20
Concesiones;Orden de Convocatoria Becas Excel. Acad. 25-26. MATRIC. Univ.;CONSEJERÍA DE EDUCACIÓN, CIENCIA Y UNIVERSIDADES;877949;—;Subvención;28/09/2026;2100;https://www.bocm.es/bocm-20240520-20
Concesiones;Orden de Convocatoria Becas Excel. Acad. 25-26. MATRIC. Univ.;CONSEJERÍA DE EDUCACIÓN, CIENCIA Y UNIVERSIDADES;877949;—;Subvención;28/09/2026;2100;https://www.bocm.es/bocm-20240520-20
Concesiones;Orden de Convocatoria Becas Excel. Acad. 25-26. MATRIC. Univ.;CONSEJERÍA DE EDUCACIÓN, CIENCIA Y UNIVERSIDADES;877949;—;Subvención;28/09/2026;2100;https://www.bocm.es/bocm-20240520-20
Concesiones;Orden de Convocatoria Becas Excel. Acad. 25-26. MATRIC. Univ.;CONSEJERÍA DE EDUCACIÓN, CIENCIA Y UNIVERSIDADES;877949;—;Subvención;28/09/2026;2100;https://www.bocm.es/bocm-20240520-20
Concesiones;Orden de Convocatoria Becas Excel. Acad. 25-26. MATRIC. Univ.;CONSEJERÍA DE EDUCACIÓN, CIENCIA Y UNIVERSIDADES;877949;—;Subvención;28/09/2026;2100;https://www.bocm.es/bocm-20240520-20
Concesiones;Orden de Convocatoria Becas Excel. Acad. 25-26. MATRIC. Univ.;CONSEJERÍA DE EDUCACIÓN, CIENCIA Y UNIVERSIDADES;877949;—;Subvención;28/09/2026;2100;https://www.bocm.es/bocm-20240520-20
Concesiones;Orden de Convocatoria Becas Excel. Acad. 25-26. MATRIC. Univ.;CONSEJERÍA DE EDUCACIÓN, CIENCIA Y UNIVERSIDADES;877949;—;Subvención;28/09/2026;2100;https://www.bocm.es/bocm-20240520-20
Concesiones;Orden de Convocatoria Becas Excel. Acad. 25-26. MATRIC. Univ.;CONSEJERÍA DE EDUCACIÓN, CIENCIA Y UNIVERSIDADES;877949;—;Subvención;28/09/2026;2100;https://www.bocm.es/bocm-20240520-20
Concesiones;Orden de Convocatoria Becas Excel. Acad. 25-26. MATRIC. Univ.;CONSEJERÍA DE EDUCACIÓN, CIENCIA Y UNIVERSIDADES;877949;—;Subvención;28/09/2026;2100;https://www.bocm.es/bocm-20240520-20
Concesiones;Orden de Convocatoria Becas Excel. Acad. 25-26. MATRIC. Univ.;CONSEJERÍA DE EDUCACIÓN, CIENCIA Y UNIVERSIDADES;877949;—;Subvención;28/09/2026;2100;https://www.bocm.es/bocm-20240520-20
Concesiones;Orden de Convocatoria Becas Excel. Acad. 25-26. MATRIC. Univ.;CONSEJERÍA DE EDUCACIÓN, CIENCIA Y UNIVERSIDADES;877949;—;Subvención;28/09/2026;2100;https://www.bocm.es/bocm-20240520-20
Concesiones;Orden de Convocatoria Becas Excel. Acad. 25-26. MATRIC. Univ.;CONSEJERÍA DE EDUCACIÓN, CIENCIA Y UNIVERSIDADES;877949;—;Subvención;28/09/2026;2100;https://www.bocm.es/bocm-20240520-20
Concesiones;Orden de Convocatoria Becas Excel. Acad. 25-26. MATRIC. Univ.;CONSEJERÍA DE EDUCACIÓN, CIENCIA Y UNIVERSIDADES;877949;—;Subvención;28/09/2026;2100;https://www.bocm.es/bocm-20240520-20
Concesiones;Orden de Convocatoria Becas Excel. Acad. 25-26. MATRIC. Univ.;CONSEJERÍA DE EDUCACIÓN, CIENCIA Y UNIVERSIDADES;877949;—;Subvención;28/09/2026;2100;https://www.bocm.es/bocm-20240520-20
Concesiones;Orden de Convocatoria Becas Excel. Acad. 25-26. MATRIC. Univ.;CONSEJERÍA DE EDUCACIÓN, CIENCIA Y UNIVERSIDADES;877949;—;Subvención;28/09/2026;2100;https://www.bocm.es/bocm-20240520-20
Concesiones;Orden de Convocatoria Becas Excel. Acad. 25-26. MATRIC. Univ.;CONSEJERÍA DE EDUCACIÓN, CIENCIA Y UNIVERSIDADES;877949;—;Subvención;28/09/2026;2100;https://www.bocm.es/bocm-20240520-20
Concesiones;Orden de Convocatoria Becas Excel. Acad. 25-26. MATRIC. Univ.;CONSEJERÍA DE EDUCACIÓN, CIENCIA Y UNIVERSIDADES;877949;—;Subvención;28/09/2026;2100;https://www.bocm.es/bocm-20240520-20
Concesiones;Orden de Convocatoria Becas Excel. Acad. 25-26. MATRIC. Univ.;CONSEJERÍA DE EDUCACIÓN, CIENCIA Y UNIVERSIDADES;877949;—;Subvención;28/09/2026;2100;https://www.bocm.es/bocm-20240520-20
Concesiones;Orden de Convocatoria Becas Excel. Acad. 25-26. MATRIC. Univ.;CONSEJERÍA DE EDUCACIÓN, CIENCIA Y UNIVERSIDADES;877949;—;Subvención;28/09/2026;2100;https://www.bocm.es/bocm-20240520-20
Concesiones;Orden de Convocatoria Becas Excel. Acad. 25-26. MATRIC. Univ.;CONSEJERÍA DE EDUCACIÓN, CIENCIA Y UNIVERSIDADES;877949;—;Subvención;28/09/2026;2100;https://www.bocm.es/bocm-20240520-20
Concesiones;Orden de Convocatoria Becas Excel. Acad. 25-26. MATRIC. Univ.;CONSEJERÍA DE EDUCACIÓN, CIENCIA Y UNIVERSIDADES;877949;—;Subvención;28/09/2026;2100;https://www.bocm.es/bocm-20240520-20
Concesiones;Orden de Convocatoria Becas Excel. Acad. 25-26. MATRIC. Univ.;CONSEJERÍA DE EDUCACIÓN, CIENCIA Y UNIVERSIDADES;877949;—;Subvención;28/09/2026;2100;https://www.bocm.es/bocm-20240520-20
Concesiones;Orden de Convocatoria Becas Excel. Acad. 25-26. MATRIC. Univ.;CONSEJERÍA DE EDUCACIÓN, CIENCIA Y UNIVERSIDADES;877949;—;Subvención;28/09/2026;2100;https://www.bocm.es/bocm-20240520-20
Concesiones;Orden de Convocatoria Becas Excel. Acad. 25-26. MATRIC. Univ.;CONSEJERÍA DE EDUCACIÓN, CIENCIA Y UNIVERSIDADES;877949;—;Subvención;28/09/2026;2100;https://www.bocm.es/bocm-20240520-20
Concesiones;Orden de Convocatoria Becas Excel. Acad. 25-26. MATRIC. Univ.;CONSEJERÍA DE EDUCACIÓN, CIENCIA Y UNIVERSIDADES;877949;—;Subvención;28/09/2026;2100;https://www.bocm.es/bocm-20240520-20
Concesiones;Orden de Convocatoria Becas Excel. Acad. 25-26. MATRIC. Univ.;CONSEJERÍA DE EDUCACIÓN, CIENCIA Y UNIVERSIDADES;877949;—;Subvención;28/09/2026;2100;https://www.bocm.es/bocm-20240520-20
Concesiones;Orden de Convocatoria Becas Excel. Acad. 25-26. MATRIC. Univ.;CONSEJERÍA DE EDUCACIÓN, CIENCIA Y UNIVERSIDADES;877949;—;Subvención;28/09/2026;2100;https://www.bocm.es/bocm-20240520-20
Concesiones;Orden de Convocatoria Becas Excel. Acad. 25-26. MATRIC. Univ.;CONSEJERÍA DE EDUCACIÓN, CIENCIA Y UNIVERSIDADES;877949;—;Subvención;28/09/2026;2100;https://www.bocm.es/bocm-20240520-20
Concesiones;Orden de Convocatoria Becas Excel. Acad. 25-26. MATRIC. Univ.;CONSEJERÍA DE EDUCACIÓN, CIENCIA Y UNIVERSIDADES;877949;—;Subvención;28/09/2026;2100;https://www.bocm.es/bocm-20240520-20
Concesiones;Orden de Convocatoria Becas Excel. Acad. 25-26. MATRIC. Univ.;CONSEJERÍA DE EDUCACIÓN, CIENCIA Y UNIVERSIDADES;877949;—;Subvención;28/09/2026;2100;https://www.bocm.es/bocm-20240520-20
Concesiones;Orden de Convocatoria Becas Excel. Acad. 25-26. MATRIC. Univ.;CONSEJERÍA DE EDUCACIÓN, CIENCIA Y UNIVERSIDADES;877949;—;Subvención;28/09/2026;2100;https://www.bocm.es/bocm-20240520-20
Concesiones;Orden de Convocatoria Becas Excel. Acad. 25-26. MATRIC. Univ.;CONSEJERÍA DE EDUCACIÓN, CIENCIA Y UNIVERSIDADES;877949;—;Subvención;28/09/2026;2100;https://www.bocm.es/bocm-20240520-20
Concesiones;Orden de Convocatoria Becas Excel. Acad. 25-26. MATRIC. Univ.;CONSEJERÍA DE EDUCACIÓN, CIENCIA Y UNIVERSIDADES;877949;—;Subvención;28/09/2026;2100;https://www.bocm.es/bocm-20240520-20
Concesiones;Orden de Convocatoria Becas Excel. Acad. 25-26. MATRIC. Univ.;CONSEJERÍA DE EDUCACIÓN, CIENCIA Y UNIVERSIDADES;877949;—;Subvención;28/09/2026;2100;https://www.bocm.es/bocm-20240520-20
Concesiones;Orden de Convocatoria Becas Excel. Acad. 25-26. MATRIC. Univ.;CONSEJERÍA DE EDUCACIÓN, CIENCIA Y UNIVERSIDADES;877949;—;Subvención;28/09/2026;2100;https://www.bocm.es/bocm-20240520-20
Concesiones;Orden de Convocatoria Becas Excel. Acad. 25-26. MATRIC. Univ.;CONSEJERÍA DE EDUCACIÓN, CIENCIA Y UNIVERSIDADES;877949;—;Subvención;28/09/2026;2100;https://www.bocm.es/bocm-20240520-20
Concesiones;Orden de Convocatoria Becas Excel. Acad. 25-26. MATRIC. Univ.;CONSEJERÍA DE EDUCACIÓN, CIENCIA Y UNIVERSIDADES;877949;—;Subvención;28/09/2026;2100;https://www.bocm.es/bocm-20240520-20
Concesiones;Orden de Convocatoria Becas Excel. Acad. 25-26. MATRIC. Univ.;CONSEJERÍA DE EDUCACIÓN, CIENCIA Y UNIVERSIDADES;877949;—;Subvención;28/09/2026;2100;https://www.bocm.es/bocm-20240520-20
Concesiones;Orden de Convocatoria Becas Excel. Acad. 25-26. MATRIC. Univ.;CONSEJERÍA DE EDUCACIÓN, CIENCIA Y UNIVERSIDADES;877949;—;Subvención;28/09/2026;2100;https://www.bocm.es/bocm-20240520-20
Concesiones;Orden de Convocatoria Becas Excel. Acad. 25-26. MATRIC. Univ.;CONSEJERÍA DE EDUCACIÓN, CIENCIA Y UNIVERSIDADES;877949;—;Subvención;28/09/2026;2100;https://www.bocm.es/bocm-20240520-20
Concesiones;Orden de Convocatoria Becas Excel. Acad. 25-26. MATRIC. Univ.;CONSEJERÍA DE EDUCACIÓN, CIENCIA Y UNIVERSIDADES;877949;—;Subvención;28/09/2026;2100;https://www.bocm.es/bocm-20240520-20
Concesiones;Orden de Convocatoria Becas Excel. Acad. 25-26. MATRIC. Univ.;CONSEJERÍA DE EDUCACIÓN, CIENCIA Y UNIVERSIDADES;877949;—;Subvención;28/09/2026;2100;https://www.bocm.es/bocm-20240520-20
Concesiones;Orden de Convocatoria Becas Excel. Acad. 25-26. MATRIC. Univ.;CONSEJERÍA DE EDUCACIÓN, CIENCIA Y UNIVERSIDADES;877949;—;Subvención;28/09/2026;2100;https://www.bocm.es/bocm-20240520-20
Concesiones;Orden de Convocatoria Becas Excel. Acad. 25-26. MATRIC. Univ.;CONSEJERÍA DE EDUCACIÓN, CIENCIA Y UNIVERSIDADES;877949;—;Subvención;28/09/2026;2100;https://www.bocm.es/bocm-20240520-20
Concesiones;Orden de Convocatoria Becas Excel. Acad. 25-26. MATRIC. Univ.;CONSEJERÍA DE EDUCACIÓN, CIENCIA Y UNIVERSIDADES;877949;—;Subvención;28/09/2026;2100;https://www.bocm.es/bocm-20240520-20
Concesiones;Orden de Convocatoria Becas Excel. Acad. 25-26. MATRIC. Univ.;CONSEJERÍA DE EDUCACIÓN, CIENCIA Y UNIVERSIDADES;877949;—;Subvención;28/09/2026;2100;https://www.bocm.es/bocm-20240520-20
Concesiones;Orden de Convocatoria Becas Excel. Acad. 25-26. MATRIC. Univ.;CONSEJERÍA DE EDUCACIÓN, CIENCIA Y UNIVERSIDADES;877949;—;Subvención;28/09/2026;2100;https://www.bocm.es/bocm-20240520-20
Concesiones;Orden de Convocatoria Becas Excel. Acad. 25-26. MATRIC. Univ.;CONSEJERÍA DE EDUCACIÓN, CIENCIA Y UNIVERSIDADES;877949;—;Subvención;28/09/2026;2100;https://www.bocm.es/bocm-20240520-20
Concesiones;Orden de Convocatoria Becas Excel. Acad. 25-26. MATRIC. Univ.;CONSEJERÍA DE EDUCACIÓN, CIENCIA Y UNIVERSIDADES;877949;—;Subvención;28/09/2026;2100;https://www.bocm.es/bocm-20240520-20
Concesiones;Orden de Convocatoria Becas Excel. Acad. 25-26. MATRIC. Univ.;CONSEJERÍA DE EDUCACIÓN, CIENCIA Y UNIVERSIDADES;877949;—;Subvención;28/09/2026;2100;https://www.bocm.es/bocm-20240520-20
Concesiones;Orden de Convocatoria Becas Excel. Acad. 25-26. MATRIC. Univ.;CONSEJERÍA DE EDUCACIÓN, CIENCIA Y UNIVERSIDADES;877949;—;Subvención;28/09/2026;2100;https://www.bocm.es/bocm-20240520-20
Concesiones;Orden de Convocatoria Becas Excel. Acad. 25-26. MATRIC. Univ.;CONSEJERÍA DE EDUCACIÓN, CIENCIA Y UNIVERSIDADES;877949;—;Subvención;28/09/2026;2100;https://www.bocm.es/bocm-20240520-20
Concesiones;Orden de Convocatoria Becas Excel. Acad. 25-26. MATRIC. Univ.;CONSEJERÍA DE EDUCACIÓN, CIENCIA Y UNIVERSIDADES;877949;—;Subvención;28/09/2026;2100;https://www.bocm.es/bocm-20240520-20
Concesiones;Orden de Convocatoria Becas Excel. Acad. 25-26. MATRIC. Univ.;CONSEJERÍA DE EDUCACIÓN, CIENCIA Y UNIVERSIDADES;877949;—;Subvención;28/09/2026;2100;https://www.bocm.es/bocm-20240520-20
Concesiones;Orden de Convocatoria Becas Excel. Acad. 25-26. MATRIC. Univ.;CONSEJERÍA DE EDUCACIÓN, CIENCIA Y UNIVERSIDADES;877949;—;Subvención;28/09/2026;2100;https://www.bocm.es/bocm-20240520-20
Concesiones;Orden de Convocatoria Becas Excel. Acad. 25-26. MATRIC. Univ.;CONSEJERÍA DE EDUCACIÓN, CIENCIA Y UNIVERSIDADES;877949;—;Subvención;28/09/2026;2100;https://www.bocm.es/bocm-20240520-20
Concesiones;Orden de Convocatoria Becas Excel. Acad. 25-26. MATRIC. Univ.;CONSEJERÍA DE EDUCACIÓN, CIENCIA Y UNIVERSIDADES;877949;—;Subvención;28/09/2026;2100;https://www.bocm.es/bocm-20240520-20
Concesiones;Orden de Convocatoria Becas Excel. Acad. 25-26. MATRIC. Univ.;CONSEJERÍA DE EDUCACIÓN, CIENCIA Y UNIVERSIDADES;877949;—;Subvención;28/09/2026;2100;https://www.bocm.es/bocm-20240520-20
Concesiones;Orden de Convocatoria Becas Excel. Acad. 25-26. MATRIC. Univ.;CONSEJERÍA DE EDUCACIÓN, CIENCIA Y UNIVERSIDADES;877949;—;Subvención;28/09/2026;2100;https://www.bocm.es/bocm-20240520-20
Concesiones;Orden de Convocatoria Becas Excel. Acad. 25-26. MATRIC. Univ.;CONSEJERÍA DE EDUCACIÓN, CIENCIA Y UNIVERSIDADES;877949;—;Subvención;28/09/2026;2100;https://www.bocm.es/bocm-20240520-20
Concesiones;Orden de Convocatoria Becas Excel. Acad. 25-26. MATRIC. Univ.;CONSEJERÍA DE EDUCACIÓN, CIENCIA Y UNIVERSIDADES;877949;—;Subvención;28/09/2026;2100;https://www.bocm.es/bocm-20240520-20
Concesiones;Orden de Convocatoria Becas Excel. Acad. 25-26. MATRIC. Univ.;CONSEJERÍA DE EDUCACIÓN, CIENCIA Y UNIVERSIDADES;877949;—;Subvención;28/09/2026;2100;https://www.bocm.es/bocm-20240520-20
Concesiones;Orden de Convocatoria Becas Excel. Acad. 25-26. MATRIC. Univ.;CONSEJERÍA DE EDUCACIÓN, CIENCIA Y UNIVERSIDADES;877949;—;Subvención;28/09/2026;2100;https://www.bocm.es/bocm-20240520-20
Concesiones;Orden de Convocatoria Becas Excel. Acad. 25-26. MATRIC. Univ.;CONSEJERÍA DE EDUCACIÓN, CIENCIA Y UNIVERSIDADES;877949;—;Subvención;28/09/2026;2100;https://www.bocm.es/bocm-20240520-20
Concesiones;Orden de Convocatoria Becas Excel. Acad. 25-26. MATRIC. Univ.;CONSEJERÍA DE EDUCACIÓN, CIENCIA Y UNIVERSIDADES;877949;—;Subvención;28/09/2026;2100;https://www.bocm.es/bocm-20240520-20
Concesiones;Orden de Convocatoria Becas Excel. Acad. 25-26. MATRIC. Univ.;CONSEJERÍA DE EDUCACIÓN, CIENCIA Y UNIVERSIDADES;877949;—;Subvención;28/09/2026;2100;https://www.bocm.es/bocm-20240520-20
Concesiones;Orden de Convocatoria Becas Excel. Acad. 25-26. MATRIC. Univ.;CONSEJERÍA DE EDUCACIÓN, CIENCIA Y UNIVERSIDADES;877949;—;Subvención;28/09/2026;2100;https://www.bocm.es/bocm-20240520-20
Concesiones;Orden de Convocatoria Becas Excel. Acad. 25-26. MATRIC. Univ.;CONSEJERÍA DE EDUCACIÓN, CIENCIA Y UNIVERSIDADES;877949;—;Subvención;28/09/2026;2100;https://www.bocm.es/bocm-20240520-20
Concesiones;Orden de Convocatoria Becas Excel. Acad. 25-26. MATRIC. Univ.;CONSEJERÍA DE EDUCACIÓN, CIENCIA Y UNIVERSIDADES;877949;—;Subvención;28/09/2026;2100;https://www.bocm.es/bocm-20240520-20
Concesiones;Orden de Convocatoria Becas Excel. Acad. 25-26. MATRIC. Univ.;CONSEJERÍA DE EDUCACIÓN, CIENCIA Y UNIVERSIDADES;877949;—;Subvención;28/09/2026;2100;https://www.bocm.es/bocm-20240520-20
Concesiones;Orden de Convocatoria Becas Excel. Acad. 25-26. MATRIC. Univ.;CONSEJERÍA DE EDUCACIÓN, CIENCIA Y UNIVERSIDADES;877949;—;Subvención;28/09/2026;2100;https://www.bocm.es/bocm-20240520-20
Concesiones;Orden de Convocatoria Becas Excel. Acad. 25-26. MATRIC. Univ.;CONSEJERÍA DE EDUCACIÓN, CIENCIA Y UNIVERSIDADES;877949;—;Subvención;28/09/2026;2100;https://www.bocm.es/bocm-20240520-20
Concesiones;Orden de Convocatoria Becas Excel. Acad. 25-26. MATRIC. Univ.;CONSEJERÍA DE EDUCACIÓN, CIENCIA Y UNIVERSIDADES;877949;—;Subvención;28/09/2026;2100;https://www.bocm.es/bocm-20240520-20
Concesiones;Orden de Convocatoria Becas Excel. Acad. 25-26. MATRIC. Univ.;CONSEJERÍA DE EDUCACIÓN, CIENCIA Y UNIVERSIDADES;877949;—;Subvención;28/09/2026;2100;https://www.bocm.es/bocm-20240520-20
Concesiones;Orden de Convocatoria Becas Excel. Acad. 25-26. MATRIC. Univ.;CONSEJERÍA DE EDUCACIÓN, CIENCIA Y UNIVERSIDADES;877949;—;Subvención;28/09/2026;2100;https://www.bocm.es/bocm-20240520-20
Concesiones;Orden de Convocatoria Becas Excel. Acad. 25-26. MATRIC. Univ.;CONSEJERÍA DE EDUCACIÓN, CIENCIA Y UNIVERSIDADES;877949;—;Subvención;28/09/2026;2100;https://www.bocm.es/bocm-20240520-20
Concesiones;Orden de Convocatoria Becas Excel. Acad. 25-26. MATRIC. Univ.;CONSEJERÍA DE EDUCACIÓN, CIENCIA Y UNIVERSIDADES;877949;—;Subvención;28/09/2026;2100;https://www.bocm.es/bocm-20240520-20
Concesiones;Orden de Convocatoria Becas Excel. Acad. 25-26. MATRIC. Univ.;CONSEJERÍA DE EDUCACIÓN, CIENCIA Y UNIVERSIDADES;877949;—;Subvención;28/09/2026;2100;https://www.bocm.es/bocm-20240520-20
Concesiones;Orden de Convocatoria Becas Excel. Acad. 25-26. MATRIC. Univ.;CONSEJERÍA DE EDUCACIÓN, CIENCIA Y UNIVERSIDADES;877949;—;Subvención;28/09/2026;2100;https://www.bocm.es/bocm-20240520-20
Concesiones;Orden de Convocatoria Becas Excel. Acad. 25-26. MATRIC. Univ.;CONSEJERÍA DE EDUCACIÓN, CIENCIA Y UNIVERSIDADES;877949;—;Subvención;28/09/2026;2100;https://www.bocm.es/bocm-20240520-20
Concesiones;Orden de Convocatoria Becas Excel. Acad. 25-26. MATRIC. Univ.;CONSEJERÍA DE EDUCACIÓN, CIENCIA Y UNIVERSIDADES;877949;—;Subvención;28/09/2026;2100;https://www.bocm.es/bocm-20240520-20
Concesiones;Orden de Convocatoria Becas Excel. Acad. 25-26. MATRIC. Univ.;CONSEJERÍA DE EDUCACIÓN, CIENCIA Y UNIVERSIDADES;877949;—;Subvención;28/09/2026;2100;https://www.bocm.es/bocm-20240520-20
Concesiones;Orden de Convocatoria Becas Excel. Acad. 25-26. MATRIC. Univ.;CONSEJERÍA DE EDUCACIÓN, CIENCIA Y UNIVERSIDADES;877949;—;Subvención;28/09/2026;2100;https://www.bocm.es/bocm-20240520-20
Concesiones;Orden de Convocatoria Becas Excel. Acad. 25-26. MATRIC. Univ.;CONSEJERÍA DE EDUCACIÓN, CIENCIA Y UNIVERSIDADES;877949;—;Subvención;28/09/2026;2100;https://www.bocm.es/bocm-20240520-20
Concesiones;Orden de Convocatoria Becas Excel. Acad. 25-26. MATRIC. Univ.;CONSEJERÍA DE EDUCACIÓN, CIENCIA Y UNIVERSIDADES;877949;—;Subvención;28/09/2026;2100;https://www.bocm.es/bocm-20240520-20
Concesiones;Orden de Convocatoria Becas Excel. Acad. 25-26. MATRIC. Univ.;CONSEJERÍA DE EDUCACIÓN, CIENCIA Y UNIVERSIDADES;877949;—;Subvención;28/09/2026;2100;https://www.bocm.es/bocm-20240520-20
Concesiones;Orden de Convocatoria Becas Excel. Acad. 25-26. MATRIC. Univ.;CONSEJERÍA DE EDUCACIÓN, CIENCIA Y UNIVERSIDADES;877949;—;Subvención;28/09/2026;2100;https://www.bocm.es/bocm-20240520-20
Concesiones;Orden de Convocatoria Becas Excel. Acad. 25-26. MATRIC. Univ.;CONSEJERÍA DE EDUCACIÓN, CIENCIA Y UNIVERSIDADES;877949;—;Subvención;28/09/2026;2100;https://www.bocm.es/bocm-20240520-20
Concesiones;Orden de Convocatoria Becas Excel. Acad. 25-26. MATRIC. Univ.;CONSEJERÍA DE EDUCACIÓN, CIENCIA Y UNIVERSIDADES;877949;—;Subvención;28/09/2026;2100;https://www.bocm.es/bocm-20240520-20
Concesiones;Orden de Convocatoria Becas Excel. Acad. 25-26. MATRIC. Univ.;CONSEJERÍA DE EDUCACIÓN, CIENCIA Y UNIVERSIDADES;877949;—;Subvención;28/09/2026;2100;https://www.bocm.es/bocm-20240520-20
Concesiones;Orden de Convocatoria Becas Excel. Acad. 25-26. MATRIC. Univ.;CONSEJERÍA DE EDUCACIÓN, CIENCIA Y UNIVERSIDADES;877949;—;Subvención;28/09/2026;2100;https://www.bocm.es/bocm-20240520-20
Concesiones;Orden de Convocatoria Becas Excel. Acad. 25-26. MATRIC. Univ.;CONSEJERÍA DE EDUCACIÓN, CIENCIA Y UNIVERSIDADES;877949;—;Subvención;28/09/2026;2100;https://www.bocm.es/bocm-20240520-20
Concesiones;Orden de Convocatoria Becas Excel. Acad. 25-26. MATRIC. Univ.;CONSEJERÍA DE EDUCACIÓN, CIENCIA Y UNIVERSIDADES;877949;—;Subvención;28/09/2026;2100;https://www.bocm.es/bocm-20240520-20
Concesiones;Orden de Convocatoria Becas Excel. Acad. 25-26. MATRIC. Univ.;CONSEJERÍA DE EDUCACIÓN, CIENCIA Y UNIVERSIDADES;877949;—;Subvención;28/09/2026;2100;https://www.bocm.es/bocm-20240520-20
Concesiones;Orden de Convocatoria Becas Excel. Acad. 25-26. MATRIC. Univ.;CONSEJERÍA DE EDUCACIÓN, CIENCIA Y UNIVERSIDADES;877949;—;Subvención;28/09/2026;2100;https://www.bocm.es/bocm-20240520-20
Concesiones;Orden de Convocatoria Becas Excel. Acad. 25-26. MATRIC. Univ.;CONSEJERÍA DE EDUCACIÓN, CIENCIA Y UNIVERSIDADES;877949;—;Subvención;28/09/2026;2100;https://www.bocm.es/bocm-20240520-20
Concesiones;Orden de Convocatoria Becas Excel. Acad. 25-26. MATRIC. Univ.;CONSEJERÍA DE EDUCACIÓN, CIENCIA Y UNIVERSIDADES;877949;—;Subvención;28/09/2026;2100;https://www.bocm.es/bocm-20240520-20
Concesiones;Orden de Convocatoria Becas Excel. Acad. 25-26. MATRIC. Univ.;CONSEJERÍA DE EDUCACIÓN, CIENCIA Y UNIVERSIDADES;877949;—;Subvención;28/09/2026;2100;https://www.bocm.es/bocm-20240520-20
Concesiones;Orden de Convocatoria Becas Excel. Acad. 25-26. MATRIC. Univ.;CONSEJERÍA DE EDUCACIÓN, CIENCIA Y UNIVERSIDADES;877949;—;Subvención;28/09/2026;2100;https://www.bocm.es/bocm-20240520-20
Concesiones;Orden de Convocatoria Becas Excel. Acad. 25-26. MATRIC. Univ.;CONSEJERÍA DE EDUCACIÓN, CIENCIA Y UNIVERSIDADES;877949;—;Subvención;28/09/2026;2100;https://www.bocm.es/bocm-20240520-20
Concesiones;Orden de Convocatoria Becas Excel. Acad. 25-26. MATRIC. Univ.;CONSEJERÍA DE EDUCACIÓN, CIENCIA Y UNIVERSIDADES;877949;—;Subvención;28/09/2026;2100;https://www.bocm.es/bocm-20240520-20
Concesiones;Orden de Convocatoria Becas Excel. Acad. 25-26. MATRIC. Univ.;CONSEJERÍA DE EDUCACIÓN, CIENCIA Y UNIVERSIDADES;877949;—;Subvención;28/09/2026;2100;https://www.bocm.es/bocm-20240520-20
Concesiones;Orden de Convocatoria Becas Excel. Acad. 25-26. MATRIC. Univ.;CONSEJERÍA DE EDUCACIÓN, CIENCIA Y UNIVERSIDADES;877949;—;Subvención;28/09/2026;2100;https://www.bocm.es/bocm-20240520-20
Concesiones;Orden de Convocatoria Becas Excel. Acad. 25-26. MATRIC. Univ.;CONSEJERÍA DE EDUCACIÓN, CIENCIA Y UNIVERSIDADES;877949;—;Subvención;28/09/2026;2100;https://www.bocm.es/bocm-20240520-20
Concesiones;Orden de Convocatoria Becas Excel. Acad. 25-26. MATRIC. Univ.;CONSEJERÍA DE EDUCACIÓN, CIENCIA Y UNIVERSIDADES;877949;—;Subvención;28/09/2026;2100;https://www.bocm.es/bocm-20240520-20
Concesiones;Orden de Convocatoria Becas Excel. Acad. 25-26. MATRIC. Univ.;CONSEJERÍA DE EDUCACIÓN, CIENCIA Y UNIVERSIDADES;877949;—;Subvención;28/09/2026;2100;https://www.bocm.es/bocm-20240520-20
Concesiones;Orden de Convocatoria Becas Excel. Acad. 25-26. MATRIC. Univ.;CONSEJERÍA DE EDUCACIÓN, CIENCIA Y UNIVERSIDADES;877949;—;Subvención;28/09/2026;2100;https://www.bocm.es/bocm-20240520-20
Concesiones;Orden de Convocatoria Becas Excel. Acad. 25-26. MATRIC. Univ.;CONSEJERÍA DE EDUCACIÓN, CIENCIA Y UNIVERSIDADES;877949;—;Subvención;28/09/2026;2100;https://www.bocm.es/bocm-20240520-20
Concesiones;Orden de Convocatoria Becas Excel. Acad. 25-26. MATRIC. Univ.;CONSEJERÍA DE EDUCACIÓN, CIENCIA Y UNIVERSIDADES;877949;—;Subvención;28/09/2026;2100;https://www.bocm.es/bocm-20240520-20
Concesiones;Orden de Convocatoria Becas Excel. Acad. 25-26. MATRIC. Univ.;CONSEJERÍA DE EDUCACIÓN, CIENCIA Y UNIVERSIDADES;877949;—;Subvención;28/09/2026;2100;https://www.bocm.es/bocm-20240520-20
Concesiones;Orden de Convocatoria Becas Excel. Acad. 25-26. MATRIC. Univ.;CONSEJERÍA DE EDUCACIÓN, CIENCIA Y UNIVERSIDADES;877949;—;Subvención;28/09/2026;2100;https://www.bocm.es/bocm-20240520-20
Concesiones;Orden de Convocatoria Becas Excel. Acad. 25-26. MATRIC. Univ.;CONSEJERÍA DE EDUCACIÓN, CIENCIA Y UNIVERSIDADES;877949;—;Subvención;28/09/2026;2100;https://www.bocm.es/bocm-20240520-20
Concesiones;Orden de Convocatoria Becas Excel. Acad. 25-26. MATRIC. Univ.;CONSEJERÍA DE EDUCACIÓN, CIENCIA Y UNIVERSIDADES;877949;—;Subvención;28/09/2026;2100;https://www.bocm.es/bocm-20240520-20
Concesiones;Orden de Convocatoria Becas Excel. Acad. 25-26. MATRIC. Univ.;CONSEJERÍA DE EDUCACIÓN, CIENCIA Y UNIVERSIDADES;877949;—;Subvención;28/09/2026;2100;https://www.bocm.es/bocm-20240520-20
Concesiones;Orden de Convocatoria Becas Excel. Acad. 25-26. MATRIC. Univ.;CONSEJERÍA DE EDUCACIÓN, CIENCIA Y UNIVERSIDADES;877949;—;Subvención;28/09/2026;2100;https://www.bocm.es/bocm-20240520-20
Concesiones;Orden de Convocatoria Becas Excel. Acad. 25-26. MATRIC. Univ.;CONSEJERÍA DE EDUCACIÓN, CIENCIA Y UNIVERSIDADES;877949;—;Subvención;28/09/2026;2100;https://www.bocm.es/bocm-20240520-20
Concesiones;Orden de Convocatoria Becas Excel. Acad. 25-26. MATRIC. Univ.;CONSEJERÍA DE EDUCACIÓN, CIENCIA Y UNIVERSIDADES;877949;—;Subvención;28/09/2026;2100;https://www.bocm.es/bocm-20240520-20
Concesiones;Orden de Convocatoria Becas Excel. Acad. 25-26. MATRIC. Univ.;CONSEJERÍA DE EDUCACIÓN, CIENCIA Y UNIVERSIDADES;877949;—;Subvención;28/09/2026;2100;https://www.bocm.es/bocm-20240520-20
Concesiones;Orden de Convocatoria Becas Excel. Acad. 25-26. MATRIC. Univ.;CONSEJERÍA DE EDUCACIÓN, CIENCIA Y UNIVERSIDADES;877949;—;Subvención;28/09/2026;2100;https://www.bocm.es/bocm-20240520-20
Concesiones;Orden de Convocatoria Becas Excel. Acad. 25-26. MATRIC. Univ.;CONSEJERÍA DE EDUCACIÓN, CIENCIA Y UNIVERSIDADES;877949;—;Subvención;28/09/2026;2100;https://www.bocm.es/bocm-20240520-20
Concesiones;Orden de Convocatoria Becas Excel. Acad. 25-26. MATRIC. Univ.;CONSEJERÍA DE EDUCACIÓN, CIENCIA Y UNIVERSIDADES;877949;—;Subvención;28/09/2026;2100;https://www.bocm.es/bocm-20240520-20
Concesiones;Orden de Convocatoria Becas Excel. Acad. 25-26. MATRIC. Univ.;CONSEJERÍA DE EDUCACIÓN, CIENCIA Y UNIVERSIDADES;877949;—;Subvención;28/09/2026;2100;https://www.bocm.es/bocm-20240520-20
Concesiones;Orden de Convocatoria Becas Excel. Acad. 25-26. MATRIC. Univ.;CONSEJERÍA DE EDUCACIÓN, CIENCIA Y UNIVERSIDADES;877949;—;Subvención;28/09/2026;2100;https://www.bocm.es/bocm-20240520-20
Concesiones;Orden de Convocatoria Becas Excel. Acad. 25-26. MATRIC. Univ.;CONSEJERÍA DE EDUCACIÓN, CIENCIA Y UNIVERSIDADES;877949;—;Subvención;28/09/2026;2100;https://www.bocm.es/bocm-20240520-20
Concesiones;Orden de Convocatoria Becas Excel. Acad. 25-26. MATRIC. Univ.;CONSEJERÍA DE EDUCACIÓN, CIENCIA Y UNIVERSIDADES;877949;—;Subvención;28/09/2026;2100;https://www.bocm.es/bocm-20240520-20
Concesiones;Orden de Convocatoria Becas Excel. Acad. 25-26. MATRIC. Univ.;CONSEJERÍA DE EDUCACIÓN, CIENCIA Y UNIVERSIDADES;877949;—;Subvención;28/09/2026;2100;https://www.bocm.es/bocm-20240520-20
Concesiones;Orden de Convocatoria Becas Excel. Acad. 25-26. MATRIC. Univ.;CONSEJERÍA DE EDUCACIÓN, CIENCIA Y UNIVERSIDADES;877949;—;Subvención;28/09/2026;2100;https://www.bocm.es/bocm-20240520-20
Concesiones;Orden de Convocatoria Becas Excel. Acad. 25-26. MATRIC. Univ.;CONSEJERÍA DE EDUCACIÓN, CIENCIA Y UNIVERSIDADES;877949;—;Subvención;28/09/2026;2100;https://www.bocm.es/bocm-20240520-20
Concesiones;Orden de Convocatoria Becas Excel. Acad. 25-26. MATRIC. Univ.;CONSEJERÍA DE EDUCACIÓN, CIENCIA Y UNIVERSIDADES;877949;—;Subvención;28/09/2026;2100;https://www.bocm.es/bocm-20240520-20
Concesiones;Orden de Convocatoria Becas Excel. Acad. 25-26. MATRIC. Univ.;CONSEJERÍA DE EDUCACIÓN, CIENCIA Y UNIVERSIDADES;877949;—;Subvención;28/09/2026;2100;https://www.bocm.es/bocm-20240520-20
Concesiones;Orden de Convocatoria Becas Excel. Acad. 25-26. MATRIC. Univ.;CONSEJERÍA DE EDUCACIÓN, CIENCIA Y UNIVERSIDADES;877949;—;Subvención;28/09/2026;2100;https://www.bocm.es/bocm-20240520-20
Concesiones;Orden de Convocatoria Becas Excel. Acad. 25-26. MATRIC. Univ.;CONSEJERÍA DE EDUCACIÓN, CIENCIA Y UNIVERSIDADES;877949;—;Subvención;28/09/2026;2100;https://www.bocm.es/bocm-20240520-20
Concesiones;Orden de Convocatoria Becas Excel. Acad. 25-26. MATRIC. Univ.;CONSEJERÍA DE EDUCACIÓN, CIENCIA Y UNIVERSIDADES;877949;—;Subvención;28/09/2026;2100;https://www.bocm.es/bocm-20240520-20
Concesiones;Orden de Convocatoria Becas Excel. Acad. 25-26. MATRIC. Univ.;CONSEJERÍA DE EDUCACIÓN, CIENCIA Y UNIVERSIDADES;877949;—;Subvención;28/09/2026;2100;https://www.bocm.es/bocm-20240520-20
Concesiones;Orden de Convocatoria Becas Excel. Acad. 25-26. MATRIC. Univ.;CONSEJERÍA DE EDUCACIÓN, CIENCIA Y UNIVERSIDADES;877949;—;Subvención;28/09/2026;2100;https://www.bocm.es/bocm-20240520-20
Concesiones;Orden de Convocatoria Becas Excel. Acad. 25-26. MATRIC. Univ.;CONSEJERÍA DE EDUCACIÓN, CIENCIA Y UNIVERSIDADES;877949;—;Subvención;28/09/2026;2100;https://www.bocm.es/bocm-20240520-20
Concesiones;Orden de Convocatoria Becas Excel. Acad. 25-26. MATRIC. Univ.;CONSEJERÍA DE EDUCACIÓN, CIENCIA Y UNIVERSIDADES;877949;—;Subvención;28/09/2026;2100;https://www.bocm.es/bocm-20240520-20
Concesiones;Orden de Convocatoria Becas Excel. Acad. 25-26. MATRIC. Univ.;CONSEJERÍA DE EDUCACIÓN, CIENCIA Y UNIVERSIDADES;877949;—;Subvención;28/09/2026;2100;https://www.bocm.es/bocm-20240520-20
Concesiones;Orden de Convocatoria Becas Excel. Acad. 25-26. MATRIC. Univ.;CONSEJERÍA DE EDUCACIÓN, CIENCIA Y UNIVERSIDADES;877949;—;Subvención;28/09/2026;2100;https://www.bocm.es/bocm-20240520-20
Concesiones;Orden de Convocatoria Becas Excel. Acad. 25-26. MATRIC. Univ.;CONSEJERÍA DE EDUCACIÓN, CIENCIA Y UNIVERSIDADES;877949;—;Subvención;28/09/2026;2100;https://www.bocm.es/bocm-20240520-20
Concesiones;Orden de Convocatoria Becas Excel. Acad. 25-26. MATRIC. Univ.;CONSEJERÍA DE EDUCACIÓN, CIENCIA Y UNIVERSIDADES;877949;—;Subvención;28/09/2026;2100;https://www.bocm.es/bocm-20240520-20
Concesiones;Orden de Convocatoria Becas Excel. Acad. 25-26. MATRIC. Univ.;CONSEJERÍA DE EDUCACIÓN, CIENCIA Y UNIVERSIDADES;877949;—;Subvención;28/09/2026;2100;https://www.bocm.es/bocm-20240520-20
Concesiones;Orden de Convocatoria Becas Excel. Acad. 25-26. MATRIC. Univ.;CONSEJERÍA DE EDUCACIÓN, CIENCIA Y UNIVERSIDADES;877949;—;Subvención;28/09/2026;2100;https://www.bocm.es/bocm-20240520-20
Concesiones;Orden de Convocatoria Becas Excel. Acad. 25-26. MATRIC. Univ.;CONSEJERÍA DE EDUCACIÓN, CIENCIA Y UNIVERSIDADES;877949;—;Subvención;28/09/2026;2100;https://www.bocm.es/bocm-20240520-20
Concesiones;Orden de Convocatoria Becas Excel. Acad. 25-26. MATRIC. Univ.;CONSEJERÍA DE EDUCACIÓN, CIENCIA Y UNIVERSIDADES;877949;—;Subvención;28/09/2026;2100;https://www.bocm.es/bocm-20240520-20
Concesiones;Orden de Convocatoria Becas Excel. Acad. 25-26. MATRIC. Univ.;CONSEJERÍA DE EDUCACIÓN, CIENCIA Y UNIVERSIDADES;877949;—;Subvención;28/09/2026;2100;https://www.bocm.es/bocm-20240520-20
Concesiones;Orden de Convocatoria Becas Excel. Acad. 25-26. MATRIC. Univ.;CONSEJERÍA DE EDUCACIÓN, CIENCIA Y UNIVERSIDADES;877949;—;Subvención;28/09/2026;2100;https://www.bocm.es/bocm-20240520-20
Concesiones;Orden de Convocatoria Becas Excel. Acad. 25-26. MATRIC. Univ.;CONSEJERÍA DE EDUCACIÓN, CIENCIA Y UNIVERSIDADES;877949;—;Subvención;28/09/2026;2100;https://www.bocm.es/bocm-20240520-20
Concesiones;Orden de Convocatoria Becas Excel. Acad. 25-26. MATRIC. Univ.;CONSEJERÍA DE EDUCACIÓN, CIENCIA Y UNIVERSIDADES;877949;—;Subvención;28/09/2026;2100;https://www.bocm.es/bocm-20240520-20
Concesiones;Orden de Convocatoria Becas Excel. Acad. 25-26. MATRIC. Univ.;CONSEJERÍA DE EDUCACIÓN, CIENCIA Y UNIVERSIDADES;877949;—;Subvención;28/09/2026;2100;https://www.bocm.es/bocm-20240520-20
Concesiones;Orden de Convocatoria Becas Excel. Acad. 25-26. MATRIC. Univ.;CONSEJERÍA DE EDUCACIÓN, CIENCIA Y UNIVERSIDADES;877949;—;Subvención;28/09/2026;2100;https://www.bocm.es/bocm-20240520-20
Concesiones;Orden de Convocatoria Becas Excel. Acad. 25-26. MATRIC. Univ.;CONSEJERÍA DE EDUCACIÓN, CIENCIA Y UNIVERSIDADES;877949;—;Subvención;28/09/2026;2100;https://www.bocm.es/bocm-20240520-20
Concesiones;Orden de Convocatoria Becas Excel. Acad. 25-26. MATRIC. Univ.;CONSEJERÍA DE EDUCACIÓN, CIENCIA Y UNIVERSIDADES;877949;—;Subvención;28/09/2026;2100;https://www.bocm.es/bocm-20240520-20
Concesiones;Orden de Convocatoria Becas Excel. Acad. 25-26. MATRIC. Univ.;CONSEJERÍA DE EDUCACIÓN, CIENCIA Y UNIVERSIDADES;877949;—;Subvención;28/09/2026;2100;https://www.bocm.es/bocm-20240520-20
Concesiones;Orden de Convocatoria Becas Excel. Acad. 25-26. MATRIC. Univ.;CONSEJERÍA DE EDUCACIÓN, CIENCIA Y UNIVERSIDADES;877949;—;Subvención;28/09/2026;2100;https://www.bocm.es/bocm-20240520-20
Concesiones;Orden de Convocatoria Becas Excel. Acad. 25-26. MATRIC. Univ.;CONSEJERÍA DE EDUCACIÓN, CIENCIA Y UNIVERSIDADES;877949;—;Subvención;28/09/2026;2100;https://www.bocm.es/bocm-20240520-20
Concesiones;Orden de Convocatoria Becas Excel. Acad. 25-26. MATRIC. Univ.;CONSEJERÍA DE EDUCACIÓN, CIENCIA Y UNIVERSIDADES;877949;—;Subvención;28/09/2026;2100;https://www.bocm.es/bocm-20240520-20
Concesiones;Orden de Convocatoria Becas Excel. Acad. 25-26. MATRIC. Univ.;CONSEJERÍA DE EDUCACIÓN, CIENCIA Y UNIVERSIDADES;877949;—;Subvención;28/09/2026;2100;https://www.bocm.es/bocm-20240520-20
Concesiones;Orden de Convocatoria Becas Excel. Acad. 25-26. MATRIC. Univ.;CONSEJERÍA DE EDUCACIÓN, CIENCIA Y UNIVERSIDADES;877949;—;Subvención;28/09/2026;2100;https://www.bocm.es/bocm-20240520-20
Concesiones;Orden de Convocatoria Becas Excel. Acad. 25-26. MATRIC. Univ.;CONSEJERÍA DE EDUCACIÓN, CIENCIA Y UNIVERSIDADES;877949;—;Subvención;28/09/2026;2100;https://www.bocm.es/bocm-20240520-20
Concesiones;Orden de Convocatoria Becas Excel. Acad. 25-26. MATRIC. Univ.;CONSEJERÍA DE EDUCACIÓN, CIENCIA Y UNIVERSIDADES;877949;—;Subvención;28/09/2026;2100;https://www.bocm.es/bocm-20240520-20
Concesiones;Orden de Convocatoria Becas Excel. Acad. 25-26. MATRIC. Univ.;CONSEJERÍA DE EDUCACIÓN, CIENCIA Y UNIVERSIDADES;877949;—;Subvención;28/09/2026;2100;https://www.bocm.es/bocm-20240520-20
Concesiones;Orden de Convocatoria Becas Excel. Acad. 25-26. MATRIC. Univ.;CONSEJERÍA DE EDUCACIÓN, CIENCIA Y UNIVERSIDADES;877949;—;Subvención;28/09/2026;2100;https://www.bocm.es/bocm-20240520-20
Concesiones;Orden de Convocatoria Becas Excel. Acad. 25-26. MATRIC. Univ.;CONSEJERÍA DE EDUCACIÓN, CIENCIA Y UNIVERSIDADES;877949;—;Subvención;28/09/2026;2100;https://www.bocm.es/bocm-20240520-20
Concesiones;Orden de Convocatoria Becas Excel. Acad. 25-26. MATRIC. Univ.;CONSEJERÍA DE EDUCACIÓN, CIENCIA Y UNIVERSIDADES;877949;—;Subvención;28/09/2026;2100;https://www.bocm.es/bocm-20240520-20
Concesiones;Orden de Convocatoria Becas Excel. Acad. 25-26. MATRIC. Univ.;CONSEJERÍA DE EDUCACIÓN, CIENCIA Y UNIVERSIDADES;877949;—;Subvención;28/09/2026;2100;https://www.bocm.es/bocm-20240520-20
Concesiones;Orden de Convocatoria Becas Excel. Acad. 25-26. MATRIC. Univ.;CONSEJERÍA DE EDUCACIÓN, CIENCIA Y UNIVERSIDADES;877949;—;Subvención;28/09/2026;2100;https://www.bocm.es/bocm-20240520-20
Concesiones;Orden de Convocatoria Becas Excel. Acad. 25-26. MATRIC. Univ.;CONSEJERÍA DE EDUCACIÓN, CIENCIA Y UNIVERSIDADES;877949;—;Subvención;28/09/2026;2100;https://www.bocm.es/bocm-20240520-20
Concesiones;Orden de Convocatoria Becas Excel. Acad. 25-26. MATRIC. Univ.;CONSEJERÍA DE EDUCACIÓN, CIENCIA Y UNIVERSIDADES;877949;—;Subvención;28/09/2026;2100;https://www.bocm.es/bocm-20240520-20
Concesiones;Orden de Convocatoria Becas Excel. Acad. 25-26. MATRIC. Univ.;CONSEJERÍA DE EDUCACIÓN, CIENCIA Y UNIVERSIDADES;877949;—;Subvención;28/09/2026;2100;https://www.bocm.es/bocm-20240520-20
Concesiones;Orden de Convocatoria Becas Excel. Acad. 25-26. MATRIC. Univ.;CONSEJERÍA DE EDUCACIÓN, CIENCIA Y UNIVERSIDADES;877949;—;Subvención;28/09/2026;2100;https://www.bocm.es/bocm-20240520-20
Concesiones;Orden de Convocatoria Becas Excel. Acad. 25-26. MATRIC. Univ.;CONSEJERÍA DE EDUCACIÓN, CIENCIA Y UNIVERSIDADES;877949;—;Subvención;28/09/2026;2100;https://www.bocm.es/bocm-20240520-20
Concesiones;Orden de Convocatoria Becas Excel. Acad. 25-26. MATRIC. Univ.;CONSEJERÍA DE EDUCACIÓN, CIENCIA Y UNIVERSIDADES;877949;—;Subvención;28/09/2026;2100;https://www.bocm.es/bocm-20240520-20
Concesiones;Orden de Convocatoria Becas Excel. Acad. 25-26. MATRIC. Univ.;CONSEJERÍA DE EDUCACIÓN, CIENCIA Y UNIVERSIDADES;877949;—;Subvención;28/09/2026;2100;https://www.bocm.es/bocm-20240520-20
Concesiones;Orden de Convocatoria Becas Excel. Acad. 25-26. MATRIC. Univ.;CONSEJERÍA DE EDUCACIÓN, CIENCIA Y UNIVERSIDADES;877949;—;Subvención;28/09/2026;2100;https://www.bocm.es/bocm-20240520-20
Concesiones;Orden de Convocatoria Becas Excel. Acad. 25-26. MATRIC. Univ.;CONSEJERÍA DE EDUCACIÓN, CIENCIA Y UNIVERSIDADES;877949;—;Subvención;28/09/2026;2100;https://www.bocm.es/bocm-20240520-20
Concesiones;Orden de Convocatoria Becas Excel. Acad. 25-26. MATRIC. Univ.;CONSEJERÍA DE EDUCACIÓN, CIENCIA Y UNIVERSIDADES;877949;—;Subvención;28/09/2026;2100;https://www.bocm.es/bocm-20240520-20
Concesiones;Orden de Convocatoria Becas Excel. Acad. 25-26. MATRIC. Univ.;CONSEJERÍA DE EDUCACIÓN, CIENCIA Y UNIVERSIDADES;877949;—;Subvención;28/09/2026;2100;https://www.bocm.es/bocm-20240520-20
Concesiones;Orden de Convocatoria Becas Excel. Acad. 25-26. MATRIC. Univ.;CONSEJERÍA DE EDUCACIÓN, CIENCIA Y UNIVERSIDADES;877949;—;Subvención;28/09/2026;2100;https://www.bocm.es/bocm-20240520-20
Concesiones;Orden de Convocatoria Becas Excel. Acad. 25-26. MATRIC. Univ.;CONSEJERÍA DE EDUCACIÓN, CIENCIA Y UNIVERSIDADES;877949;—;Subvención;28/09/2026;2100;https://www.bocm.es/bocm-20240520-20
Concesiones;Orden de Convocatoria Becas Excel. Acad. 25-26. MATRIC. Univ.;CONSEJERÍA DE EDUCACIÓN, CIENCIA Y UNIVERSIDADES;877949;—;Subvención;28/09/2026;2100;https://www.bocm.es/bocm-20240520-20
Concesiones;Orden de Convocatoria Becas Excel. Acad. 25-26. MATRIC. Univ.;CONSEJERÍA DE EDUCACIÓN, CIENCIA Y UNIVERSIDADES;877949;—;Subvención;28/09/2026;2100;https://www.bocm.es/bocm-20240520-20
Concesiones;Orden de Convocatoria Becas Excel. Acad. 25-26. MATRIC. Univ.;CONSEJERÍA DE EDUCACIÓN, CIENCIA Y UNIVERSIDADES;877949;—;Subvención;28/09/2026;2100;https://www.bocm.es/bocm-20240520-20
Concesiones;Orden de Convocatoria Becas Excel. Acad. 25-26. MATRIC. Univ.;CONSEJERÍA DE EDUCACIÓN, CIENCIA Y UNIVERSIDADES;877949;—;Subvención;28/09/2026;2100;https://www.bocm.es/bocm-20240520-20
Concesiones;Orden de Convocatoria Becas Excel. Acad. 25-26. MATRIC. Univ.;CONSEJERÍA DE EDUCACIÓN, CIENCIA Y UNIVERSIDADES;877949;—;Subvención;28/09/2026;2100;https://www.bocm.es/bocm-20240520-20
Concesiones;Orden de Convocatoria Becas Excel. Acad. 25-26. MATRIC. Univ.;CONSEJERÍA DE EDUCACIÓN, CIENCIA Y UNIVERSIDADES;877949;—;Subvención;28/09/2026;2100;https://www.bocm.es/bocm-20240520-20
Concesiones;Orden de Convocatoria Becas Excel. Acad. 25-26. MATRIC. Univ.;CONSEJERÍA DE EDUCACIÓN, CIENCIA Y UNIVERSIDADES;877949;—;Subvención;28/09/2026;2100;https://www.bocm.es/bocm-20240520-20
Concesiones;Orden de Convocatoria Becas Excel. Acad. 25-26. MATRIC. Univ.;CONSEJERÍA DE EDUCACIÓN, CIENCIA Y UNIVERSIDADES;877949;—;Subvención;28/09/2026;2100;https://www.bocm.es/bocm-20240520-20
Concesiones;Orden de Convocatoria Becas Excel. Acad. 25-26. MATRIC. Univ.;CONSEJERÍA DE EDUCACIÓN, CIENCIA Y UNIVERSIDADES;877949;—;Subvención;28/09/2026;2100;https://www.bocm.es/bocm-20240520-20
Concesiones;Orden de Convocatoria Becas Excel. Acad. 25-26. MATRIC. Univ.;CONSEJERÍA DE EDUCACIÓN, CIENCIA Y UNIVERSIDADES;877949;—;Subvención;28/09/2026;2100;https://www.bocm.es/bocm-20240520-20
Concesiones;Orden de Convocatoria Becas Excel. Acad. 25-26. MATRIC. Univ.;CONSEJERÍA DE EDUCACIÓN, CIENCIA Y UNIVERSIDADES;877949;—;Subvención;28/09/2026;2100;https://www.bocm.es/bocm-20240520-20
Concesiones;Orden de Convocatoria Becas Excel. Acad. 25-26. MATRIC. Univ.;CONSEJERÍA DE EDUCACIÓN, CIENCIA Y UNIVERSIDADES;877949;—;Subvención;28/09/2026;2100;https://www.bocm.es/bocm-20240520-20
Concesiones;Orden de Convocatoria Becas Excel. Acad. 25-26. MATRIC. Univ.;CONSEJERÍA DE EDUCACIÓN, CIENCIA Y UNIVERSIDADES;877949;—;Subvención;28/09/2026;2100;https://www.bocm.es/bocm-20240520-20
Concesiones;Orden de Convocatoria Becas Excel. Acad. 25-26. MATRIC. Univ.;CONSEJERÍA DE EDUCACIÓN, CIENCIA Y UNIVERSIDADES;877949;—;Subvención;28/09/2026;2100;https://www.bocm.es/bocm-20240520-20
Concesiones;Orden de Convocatoria Becas Excel. Acad. 25-26. MATRIC. Univ.;CONSEJERÍA DE EDUCACIÓN, CIENCIA Y UNIVERSIDADES;877949;—;Subvención;28/09/2026;2100;https://www.bocm.es/bocm-20240520-20
Concesiones;Orden de Convocatoria Becas Excel. Acad. 25-26. MATRIC. Univ.;CONSEJERÍA DE EDUCACIÓN, CIENCIA Y UNIVERSIDADES;877949;—;Subvención;28/09/2026;2100;https://www.bocm.es/bocm-20240520-20
Concesiones;Orden de Convocatoria Becas Excel. Acad. 25-26. MATRIC. Univ.;CONSEJERÍA DE EDUCACIÓN, CIENCIA Y UNIVERSIDADES;877949;—;Subvención;28/09/2026;2100;https://www.bocm.es/bocm-20240520-20
Concesiones;Orden de Convocatoria Becas Excel. Acad. 25-26. MATRIC. Univ.;CONSEJERÍA DE EDUCACIÓN, CIENCIA Y UNIVERSIDADES;877949;—;Subvención;28/09/2026;2100;https://www.bocm.es/bocm-20240520-20
Concesiones;Orden de Convocatoria Becas Excel. Acad. 25-26. MATRIC. Univ.;CONSEJERÍA DE EDUCACIÓN, CIENCIA Y UNIVERSIDADES;877949;—;Subvención;28/09/2026;2100;https://www.bocm.es/bocm-20240520-20
Concesiones;Orden de Convocatoria Becas Excel. Acad. 25-26. MATRIC. Univ.;CONSEJERÍA DE EDUCACIÓN, CIENCIA Y UNIVERSIDADES;877949;—;Subvención;28/09/2026;2100;https://www.bocm.es/bocm-20240520-20
Concesiones;Orden de Convocatoria Becas Excel. Acad. 25-26. MATRIC. Univ.;CONSEJERÍA DE EDUCACIÓN, CIENCIA Y UNIVERSIDADES;877949;—;Subvención;28/09/2026;2100;https://www.bocm.es/bocm-20240520-20
Concesiones;Orden de Convocatoria Becas Excel. Acad. 25-26. MATRIC. Univ.;CONSEJERÍA DE EDUCACIÓN, CIENCIA Y UNIVERSIDADES;877949;—;Subvención;28/09/2026;2100;https://www.bocm.es/bocm-20240520-20
Concesiones;Orden de Convocatoria Becas Excel. Acad. 25-26. MATRIC. Univ.;CONSEJERÍA DE EDUCACIÓN, CIENCIA Y UNIVERSIDADES;877949;—;Subvención;28/09/2026;2100;https://www.bocm.es/bocm-20240520-20
Concesiones;Orden de Convocatoria Becas Excel. Acad. 25-26. MATRIC. Univ.;CONSEJERÍA DE EDUCACIÓN, CIENCIA Y UNIVERSIDADES;877949;—;Subvención;28/09/2026;2100;https://www.bocm.es/bocm-20240520-20
Concesiones;Orden de Convocatoria Becas Excel. Acad. 25-26. MATRIC. Univ.;CONSEJERÍA DE EDUCACIÓN, CIENCIA Y UNIVERSIDADES;877949;—;Subvención;28/09/2026;2100;https://www.bocm.es/bocm-20240520-20
Concesiones;Orden de Convocatoria Becas Excel. Acad. 25-26. MATRIC. Univ.;CONSEJERÍA DE EDUCACIÓN, CIENCIA Y UNIVERSIDADES;877949;—;Subvención;28/09/2026;2100;https://www.bocm.es/bocm-20240520-20
Concesiones;Orden de Convocatoria Becas Excel. Acad. 25-26. MATRIC. Univ.;CONSEJERÍA DE EDUCACIÓN, CIENCIA Y UNIVERSIDADES;877949;—;Subvención;28/09/2026;2100;https://www.bocm.es/bocm-20240520-20
Concesiones;Orden de Convocatoria Becas Excel. Acad. 25-26. MATRIC. Univ.;CONSEJERÍA DE EDUCACIÓN, CIENCIA Y UNIVERSIDADES;877949;—;Subvención;28/09/2026;2100;https://www.bocm.es/bocm-20240520-20
Concesiones;Orden de Convocatoria Becas Excel. Acad. 25-26. MATRIC. Univ.;CONSEJERÍA DE EDUCACIÓN, CIENCIA Y UNIVERSIDADES;877949;—;Subvención;28/09/2026;2100;https://www.bocm.es/bocm-20240520-20
Concesiones;Orden de Convocatoria Becas Excel. Acad. 25-26. MATRIC. Univ.;CONSEJERÍA DE EDUCACIÓN, CIENCIA Y UNIVERSIDADES;877949;—;Subvención;28/09/2026;2100;https://www.bocm.es/bocm-20240520-20
Concesiones;Orden de Convocatoria Becas Excel. Acad. 25-26. MATRIC. Univ.;CONSEJERÍA DE EDUCACIÓN, CIENCIA Y UNIVERSIDADES;877949;—;Subvención;28/09/2026;2100;https://www.bocm.es/bocm-20240520-20
Concesiones;Orden de Convocatoria Becas Excel. Acad. 25-26. MATRIC. Univ.;CONSEJERÍA DE EDUCACIÓN, CIENCIA Y UNIVERSIDADES;877949;—;Subvención;28/09/2026;2100;https://www.bocm.es/bocm-20240520-20
Concesiones;Orden de Convocatoria Becas Excel. Acad. 25-26. MATRIC. Univ.;CONSEJERÍA DE EDUCACIÓN, CIENCIA Y UNIVERSIDADES;877949;—;Subvención;28/09/2026;2100;https://www.bocm.es/bocm-20240520-20
Concesiones;Orden de Convocatoria Becas Excel. Acad. 25-26. MATRIC. Univ.;CONSEJERÍA DE EDUCACIÓN, CIENCIA Y UNIVERSIDADES;877949;—;Subvención;28/09/2026;2100;https://www.bocm.es/bocm-20240520-20
Concesiones;Orden de Convocatoria Becas Excel. Acad. 25-26. MATRIC. Univ.;CONSEJERÍA DE EDUCACIÓN, CIENCIA Y UNIVERSIDADES;877949;—;Subvención;28/09/2026;2100;https://www.bocm.es/bocm-20240520-20
Concesiones;Orden de Convocatoria Becas Excel. Acad. 25-26. MATRIC. Univ.;CONSEJERÍA DE EDUCACIÓN, CIENCIA Y UNIVERSIDADES;877949;—;Subvención;28/09/2026;2100;https://www.bocm.es/bocm-20240520-20
Concesiones;Orden de Convocatoria Becas Excel. Acad. 25-26. MATRIC. Univ.;CONSEJERÍA DE EDUCACIÓN, CIENCIA Y UNIVERSIDADES;877949;—;Subvención;28/09/2026;2100;https://www.bocm.es/bocm-20240520-20
Concesiones;Orden de Convocatoria Becas Excel. Acad. 25-26. MATRIC. Univ.;CONSEJERÍA DE EDUCACIÓN, CIENCIA Y UNIVERSIDADES;877949;—;Subvención;28/09/2026;2100;https://www.bocm.es/bocm-20240520-20
Concesiones;Orden de Convocatoria Becas Excel. Acad. 25-26. MATRIC. Univ.;CONSEJERÍA DE EDUCACIÓN, CIENCIA Y UNIVERSIDADES;877949;—;Subvención;28/09/2026;2100;https://www.bocm.es/bocm-20240520-20
Concesiones;Orden de Convocatoria Becas Excel. Acad. 25-26. MATRIC. Univ.;CONSEJERÍA DE EDUCACIÓN, CIENCIA Y UNIVERSIDADES;877949;—;Subvención;28/09/2026;2100;https://www.bocm.es/bocm-20240520-20
Concesiones;Orden de Convocatoria Becas Excel. Acad. 25-26. MATRIC. Univ.;CONSEJERÍA DE EDUCACIÓN, CIENCIA Y UNIVERSIDADES;877949;—;Subvención;28/09/2026;2100;https://www.bocm.es/bocm-20240520-20
Concesiones;Orden de Convocatoria Becas Excel. Acad. 25-26. MATRIC. Univ.;CONSEJERÍA DE EDUCACIÓN, CIENCIA Y UNIVERSIDADES;877949;—;Subvención;28/09/2026;2100;https://www.bocm.es/bocm-20240520-20
Concesiones;Orden de Convocatoria Becas Excel. Acad. 25-26. MATRIC. Univ.;CONSEJERÍA DE EDUCACIÓN, CIENCIA Y UNIVERSIDADES;877949;—;Subvención;28/09/2026;2100;https://www.bocm.es/bocm-20240520-20
Concesiones;Orden de Convocatoria Becas Excel. Acad. 25-26. MATRIC. Univ.;CONSEJERÍA DE EDUCACIÓN, CIENCIA Y UNIVERSIDADES;877949;—;Subvención;28/09/2026;2100;https://www.bocm.es/bocm-20240520-20
Concesiones;Orden de Convocatoria Becas Excel. Acad. 25-26. MATRIC. Univ.;CONSEJERÍA DE EDUCACIÓN, CIENCIA Y UNIVERSIDADES;877949;—;Subvención;28/09/2026;2100;https://www.bocm.es/bocm-20240520-20
Concesiones;Orden de Convocatoria Becas Excel. Acad. 25-26. MATRIC. Univ.;CONSEJERÍA DE EDUCACIÓN, CIENCIA Y UNIVERSIDADES;877949;—;Subvención;28/09/2026;2100;https://www.bocm.es/bocm-20240520-20
Concesiones;Orden de Convocatoria Becas Excel. Acad. 25-26. MATRIC. Univ.;CONSEJERÍA DE EDUCACIÓN, CIENCIA Y UNIVERSIDADES;877949;—;Subvención;28/09/2026;2100;https://www.bocm.es/bocm-20240520-20
Concesiones;Orden de Convocatoria Becas Excel. Acad. 25-26. MATRIC. Univ.;CONSEJERÍA DE EDUCACIÓN, CIENCIA Y UNIVERSIDADES;877949;—;Subvención;28/09/2026;2100;https://www.bocm.es/bocm-20240520-20
Concesiones;Orden de Convocatoria Becas Excel. Acad. 25-26. MATRIC. Univ.;CONSEJERÍA DE EDUCACIÓN, CIENCIA Y UNIVERSIDADES;877949;—;Subvención;28/09/2026;2100;https://www.bocm.es/bocm-20240520-20
Concesiones;Orden de Convocatoria Becas Excel. Acad. 25-26. MATRIC. Univ.;CONSEJERÍA DE EDUCACIÓN, CIENCIA Y UNIVERSIDADES;877949;—;Subvención;28/09/2026;2100;https://www.bocm.es/bocm-20240520-20
Concesiones;Orden de Convocatoria Becas Excel. Acad. 25-26. MATRIC. Univ.;CONSEJERÍA DE EDUCACIÓN, CIENCIA Y UNIVERSIDADES;877949;—;Subvención;28/09/2026;2100;https://www.bocm.es/bocm-20240520-20
Concesiones;Orden de Convocatoria Becas Excel. Acad. 25-26. MATRIC. Univ.;CONSEJERÍA DE EDUCACIÓN, CIENCIA Y UNIVERSIDADES;877949;—;Subvención;28/09/2026;2100;https://www.bocm.es/bocm-20240520-20
Concesiones;Orden de Convocatoria Becas Excel. Acad. 25-26. MATRIC. Univ.;CONSEJERÍA DE EDUCACIÓN, CIENCIA Y UNIVERSIDADES;877949;—;Subvención;28/09/2026;2100;https://www.bocm.es/bocm-20240520-20
Concesiones;Orden de Convocatoria Becas Excel. Acad. 25-26. MATRIC. Univ.;CONSEJERÍA DE EDUCACIÓN, CIENCIA Y UNIVERSIDADES;877949;—;Subvención;28/09/2026;2100;https://www.bocm.es/bocm-20240520-20
Concesiones;Orden de Convocatoria Becas Excel. Acad. 25-26. MATRIC. Univ.;CONSEJERÍA DE EDUCACIÓN, CIENCIA Y UNIVERSIDADES;877949;—;Subvención;28/09/2026;2100;https://www.bocm.es/bocm-20240520-20
Concesiones;Orden de Convocatoria Becas Excel. Acad. 25-26. MATRIC. Univ.;CONSEJERÍA DE EDUCACIÓN, CIENCIA Y UNIVERSIDADES;877949;—;Subvención;28/09/2026;2100;https://www.bocm.es/bocm-20240520-20
Concesiones;Orden de Convocatoria Becas Excel. Acad. 25-26. MATRIC. Univ.;CONSEJERÍA DE EDUCACIÓN, CIENCIA Y UNIVERSIDADES;877949;—;Subvención;28/09/2026;2100;https://www.bocm.es/bocm-20240520-20
Concesiones;Orden de Convocatoria Becas Excel. Acad. 25-26. MATRIC. Univ.;CONSEJERÍA DE EDUCACIÓN, CIENCIA Y UNIVERSIDADES;877949;—;Subvención;28/09/2026;2100;https://www.bocm.es/bocm-20240520-20
Concesiones;Orden de Convocatoria Becas Excel. Acad. 25-26. MATRIC. Univ.;CONSEJERÍA DE EDUCACIÓN, CIENCIA Y UNIVERSIDADES;877949;—;Subvención;28/09/2026;2100;https://www.bocm.es/bocm-20240520-20
Concesiones;Orden de Convocatoria Becas Excel. Acad. 25-26. MATRIC. Univ.;CONSEJERÍA DE EDUCACIÓN, CIENCIA Y UNIVERSIDADES;877949;—;Subvención;28/09/2026;2100;https://www.bocm.es/bocm-20240520-20
Concesiones;Orden de Convocatoria Becas Excel. Acad. 25-26. MATRIC. Univ.;CONSEJERÍA DE EDUCACIÓN, CIENCIA Y UNIVERSIDADES;877949;—;Subvención;28/09/2026;2100;https://www.bocm.es/bocm-20240520-20
Concesiones;Orden de Convocatoria Becas Excel. Acad. 25-26. MATRIC. Univ.;CONSEJERÍA DE EDUCACIÓN, CIENCIA Y UNIVERSIDADES;877949;—;Subvención;28/09/2026;2100;https://www.bocm.es/bocm-20240520-20
Concesiones;Orden de Convocatoria Becas Excel. Acad. 25-26. MATRIC. Univ.;CONSEJERÍA DE EDUCACIÓN, CIENCIA Y UNIVERSIDADES;877949;—;Subvención;28/09/2026;2100;https://www.bocm.es/bocm-20240520-20
Concesiones;Orden de Convocatoria Becas Excel. Acad. 25-26. MATRIC. Univ.;CONSEJERÍA DE EDUCACIÓN, CIENCIA Y UNIVERSIDADES;877949;—;Subvención;28/09/2026;2100;https://www.bocm.es/bocm-20240520-20
Concesiones;Orden de Convocatoria Becas Excel. Acad. 25-26. MATRIC. Univ.;CONSEJERÍA DE EDUCACIÓN, CIENCIA Y UNIVERSIDADES;877949;—;Subvención;28/09/2026;2100;https://www.bocm.es/bocm-20240520-20
Concesiones;Orden de Convocatoria Becas Excel. Acad. 25-26. MATRIC. Univ.;CONSEJERÍA DE EDUCACIÓN, CIENCIA Y UNIVERSIDADES;877949;—;Subvención;28/09/2026;2100;https://www.bocm.es/bocm-20240520-20
Concesiones;Orden de Convocatoria Becas Excel. Acad. 25-26. MATRIC. Univ.;CONSEJERÍA DE EDUCACIÓN, CIENCIA Y UNIVERSIDADES;877949;—;Subvención;28/09/2026;2100;https://www.bocm.es/bocm-20240520-20
Concesiones;Orden de Convocatoria Becas Excel. Acad. 25-26. MATRIC. Univ.;CONSEJERÍA DE EDUCACIÓN, CIENCIA Y UNIVERSIDADES;877949;—;Subvención;28/09/2026;2100;https://www.bocm.es/bocm-20240520-20
Concesiones;Orden de Convocatoria Becas Excel. Acad. 25-26. MATRIC. Univ.;CONSEJERÍA DE EDUCACIÓN, CIENCIA Y UNIVERSIDADES;877949;—;Subvención;28/09/2026;2100;https://www.bocm.es/bocm-20240520-20
Concesiones;Orden de Convocatoria Becas Excel. Acad. 25-26. MATRIC. Univ.;CONSEJERÍA DE EDUCACIÓN, CIENCIA Y UNIVERSIDADES;877949;—;Subvención;28/09/2026;2100;https://www.bocm.es/bocm-20240520-20
Concesiones;Orden de Convocatoria Becas Excel. Acad. 25-26. MATRIC. Univ.;CONSEJERÍA DE EDUCACIÓN, CIENCIA Y UNIVERSIDADES;877949;—;Subvención;28/09/2026;2100;https://www.bocm.es/bocm-20240520-20
Concesiones;Orden de Convocatoria Becas Excel. Acad. 25-26. MATRIC. Univ.;CONSEJERÍA DE EDUCACIÓN, CIENCIA Y UNIVERSIDADES;877949;—;Subvención;28/09/2026;2100;https://www.bocm.es/bocm-20240520-20
Concesiones;Orden de Convocatoria Becas Excel. Acad. 25-26. MATRIC. Univ.;CONSEJERÍA DE EDUCACIÓN, CIENCIA Y UNIVERSIDADES;877949;—;Subvención;28/09/2026;2100;https://www.bocm.es/bocm-20240520-20
Concesiones;Orden de Convocatoria Becas Excel. Acad. 25-26. MATRIC. Univ.;CONSEJERÍA DE EDUCACIÓN, CIENCIA Y UNIVERSIDADES;877949;—;Subvención;28/09/2026;2100;https://www.bocm.es/bocm-20240520-20
Concesiones;Orden de Convocatoria Becas Excel. Acad. 25-26. MATRIC. Univ.;CONSEJERÍA DE EDUCACIÓN, CIENCIA Y UNIVERSIDADES;877949;—;Subvención;28/09/2026;2100;https://www.bocm.es/bocm-20240520-20
Concesiones;Orden de Convocatoria Becas Excel. Acad. 25-26. MATRIC. Univ.;CONSEJERÍA DE EDUCACIÓN, CIENCIA Y UNIVERSIDADES;877949;—;Subvención;28/09/2026;2100;https://www.bocm.es/bocm-20240520-20
Concesiones;Orden de Convocatoria Becas Excel. Acad. 25-26. MATRIC. Univ.;CONSEJERÍA DE EDUCACIÓN, CIENCIA Y UNIVERSIDADES;877949;—;Subvención;28/09/2026;2100;https://www.bocm.es/bocm-20240520-20
Concesiones;Orden de Convocatoria Becas Excel. Acad. 25-26. MATRIC. Univ.;CONSEJERÍA DE EDUCACIÓN, CIENCIA Y UNIVERSIDADES;877949;—;Subvención;28/09/2026;2100;https://www.bocm.es/bocm-20240520-20
Concesiones;Orden de Convocatoria Becas Excel. Acad. 25-26. MATRIC. Univ.;CONSEJERÍA DE EDUCACIÓN, CIENCIA Y UNIVERSIDADES;877949;—;Subvención;28/09/2026;2100;https://www.bocm.es/bocm-20240520-20
Concesiones;Orden de Convocatoria Becas Excel. Acad. 25-26. MATRIC. Univ.;CONSEJERÍA DE EDUCACIÓN, CIENCIA Y UNIVERSIDADES;877949;—;Subvención;28/09/2026;2100;https://www.bocm.es/bocm-20240520-20
Concesiones;Orden de Convocatoria Becas Excel. Acad. 25-26. MATRIC. Univ.;CONSEJERÍA DE EDUCACIÓN, CIENCIA Y UNIVERSIDADES;877949;—;Subvención;28/09/2026;2100;https://www.bocm.es/bocm-20240520-20
Concesiones;Orden de Convocatoria Becas Excel. Acad. 25-26. MATRIC. Univ.;CONSEJERÍA DE EDUCACIÓN, CIENCIA Y UNIVERSIDADES;877949;—;Subvención;28/09/2026;2100;https://www.bocm.es/bocm-20240520-20
Concesiones;Orden de Convocatoria Becas Excel. Acad. 25-26. MATRIC. Univ.;CONSEJERÍA DE EDUCACIÓN, CIENCIA Y UNIVERSIDADES;877949;—;Subvención;28/09/2026;2100;https://www.bocm.es/bocm-20240520-20
Concesiones;Orden de Convocatoria Becas Excel. Acad. 25-26. MATRIC. Univ.;CONSEJERÍA DE EDUCACIÓN, CIENCIA Y UNIVERSIDADES;877949;—;Subvención;28/09/2026;2100;https://www.bocm.es/bocm-20240520-20
Concesiones;Orden de Convocatoria Becas Excel. Acad. 25-26. MATRIC. Univ.;CONSEJERÍA DE EDUCACIÓN, CIENCIA Y UNIVERSIDADES;877949;—;Subvención;28/09/2026;2100;https://www.bocm.es/bocm-20240520-20
Concesiones;Orden de Convocatoria Becas Excel. Acad. 25-26. MATRIC. Univ.;CONSEJERÍA DE EDUCACIÓN, CIENCIA Y UNIVERSIDADES;877949;—;Subvención;28/09/2026;2100;https://www.bocm.es/bocm-20240520-20
Concesiones;Orden de Convocatoria Becas Excel. Acad. 25-26. MATRIC. Univ.;CONSEJERÍA DE EDUCACIÓN, CIENCIA Y UNIVERSIDADES;877949;—;Subvención;28/09/2026;2100;https://www.bocm.es/bocm-20240520-20
Concesiones;Orden de Convocatoria Becas Excel. Acad. 25-26. MATRIC. Univ.;CONSEJERÍA DE EDUCACIÓN, CIENCIA Y UNIVERSIDADES;877949;—;Subvención;28/09/2026;2100;https://www.bocm.es/bocm-20240520-20
Concesiones;Orden de Convocatoria Becas Excel. Acad. 25-26. MATRIC. Univ.;CONSEJERÍA DE EDUCACIÓN, CIENCIA Y UNIVERSIDADES;877949;—;Subvención;28/09/2026;2100;https://www.bocm.es/bocm-20240520-20
Concesiones;Orden de Convocatoria Becas Excel. Acad. 25-26. MATRIC. Univ.;CONSEJERÍA DE EDUCACIÓN, CIENCIA Y UNIVERSIDADES;877949;—;Subvención;28/09/2026;2100;https://www.bocm.es/bocm-20240520-20
Concesiones;Orden de Convocatoria Becas Excel. Acad. 25-26. MATRIC. Univ.;CONSEJERÍA DE EDUCACIÓN, CIENCIA Y UNIVERSIDADES;877949;—;Subvención;28/09/2026;2100;https://www.bocm.es/bocm-20240520-20
Concesiones;Orden de Convocatoria Becas Excel. Acad. 25-26. MATRIC. Univ.;CONSEJERÍA DE EDUCACIÓN, CIENCIA Y UNIVERSIDADES;877949;—;Subvención;28/09/2026;2100;https://www.bocm.es/bocm-20240520-20
Concesiones;Orden de Convocatoria Becas Excel. Acad. 25-26. MATRIC. Univ.;CONSEJERÍA DE EDUCACIÓN, CIENCIA Y UNIVERSIDADES;877949;—;Subvención;28/09/2026;2100;https://www.bocm.es/bocm-20240520-20
Concesiones;Orden de Convocatoria Becas Excel. Acad. 25-26. MATRIC. Univ.;CONSEJERÍA DE EDUCACIÓN, CIENCIA Y UNIVERSIDADES;877949;—;Subvención;28/09/2026;2100;https://www.bocm.es/bocm-20240520-20
Concesiones;Orden de Convocatoria Becas Excel. Acad. 25-26. MATRIC. Univ.;CONSEJERÍA DE EDUCACIÓN, CIENCIA Y UNIVERSIDADES;877949;—;Subvención;28/09/2026;2100;https://www.bocm.es/bocm-20240520-20
Concesiones;Orden de Convocatoria Becas Excel. Acad. 25-26. MATRIC. Univ.;CONSEJERÍA DE EDUCACIÓN, CIENCIA Y UNIVERSIDADES;877949;—;Subvención;28/09/2026;2100;https://www.bocm.es/bocm-20240520-20
Concesiones;Orden de Convocatoria Becas Excel. Acad. 25-26. MATRIC. Univ.;CONSEJERÍA DE EDUCACIÓN, CIENCIA Y UNIVERSIDADES;877949;—;Subvención;28/09/2026;2100;https://www.bocm.es/bocm-20240520-20
Concesiones;Orden de Convocatoria Becas Excel. Acad. 25-26. MATRIC. Univ.;CONSEJERÍA DE EDUCACIÓN, CIENCIA Y UNIVERSIDADES;877949;—;Subvención;28/09/2026;2100;https://www.bocm.es/bocm-20240520-20
Concesiones;Orden de Convocatoria Becas Excel. Acad. 25-26. MATRIC. Univ.;CONSEJERÍA DE EDUCACIÓN, CIENCIA Y UNIVERSIDADES;877949;—;Subvención;28/09/2026;2100;https://www.bocm.es/bocm-20240520-20
Concesiones;Orden de Convocatoria Becas Excel. Acad. 25-26. MATRIC. Univ.;CONSEJERÍA DE EDUCACIÓN, CIENCIA Y UNIVERSIDADES;877949;—;Subvención;28/09/2026;2100;https://www.bocm.es/bocm-20240520-20
Concesiones;Orden de Convocatoria Becas Excel. Acad. 25-26. MATRIC. Univ.;CONSEJERÍA DE EDUCACIÓN, CIENCIA Y UNIVERSIDADES;877949;—;Subvención;28/09/2026;2100;https://www.bocm.es/bocm-20240520-20
Concesiones;Orden de Convocatoria Becas Excel. Acad. 25-26. MATRIC. Univ.;CONSEJERÍA DE EDUCACIÓN, CIENCIA Y UNIVERSIDADES;877949;—;Subvención;28/09/2026;2100;https://www.bocm.es/bocm-20240520-20
Concesiones;Orden de Convocatoria Becas Excel. Acad. 25-26. MATRIC. Univ.;CONSEJERÍA DE EDUCACIÓN, CIENCIA Y UNIVERSIDADES;877949;—;Subvención;28/09/2026;2100;https://www.bocm.es/bocm-20240520-20
Concesiones;Orden de Convocatoria Becas Excel. Acad. 25-26. MATRIC. Univ.;CONSEJERÍA DE EDUCACIÓN, CIENCIA Y UNIVERSIDADES;877949;—;Subvención;28/09/2026;2100;https://www.bocm.es/bocm-20240520-20
Concesiones;Orden de Convocatoria Becas Excel. Acad. 25-26. MATRIC. Univ.;CONSEJERÍA DE EDUCACIÓN, CIENCIA Y UNIVERSIDADES;877949;—;Subvención;28/09/2026;2100;https://www.bocm.es/bocm-20240520-20
Concesiones;Orden de Convocatoria Becas Excel. Acad. 25-26. MATRIC. Univ.;CONSEJERÍA DE EDUCACIÓN, CIENCIA Y UNIVERSIDADES;877949;—;Subvención;28/09/2026;2100;https://www.bocm.es/bocm-20240520-20
Concesiones;Orden de Convocatoria Becas Excel. Acad. 25-26. MATRIC. Univ.;CONSEJERÍA DE EDUCACIÓN, CIENCIA Y UNIVERSIDADES;877949;—;Subvención;28/09/2026;2100;https://www.bocm.es/bocm-20240520-20
Concesiones;Orden de Convocatoria Becas Excel. Acad. 25-26. MATRIC. Univ.;CONSEJERÍA DE EDUCACIÓN, CIENCIA Y UNIVERSIDADES;877949;—;Subvención;28/09/2026;2100;https://www.bocm.es/bocm-20240520-20
Concesiones;Orden de Convocatoria Becas Excel. Acad. 25-26. MATRIC. Univ.;CONSEJERÍA DE EDUCACIÓN, CIENCIA Y UNIVERSIDADES;877949;—;Subvención;28/09/2026;2100;https://www.bocm.es/bocm-20240520-20
Concesiones;Orden de Convocatoria Becas Excel. Acad. 25-26. MATRIC. Univ.;CONSEJERÍA DE EDUCACIÓN, CIENCIA Y UNIVERSIDADES;877949;—;Subvención;28/09/2026;2100;https://www.bocm.es/bocm-20240520-20
Concesiones;Orden de Convocatoria Becas Excel. Acad. 25-26. MATRIC. Univ.;CONSEJERÍA DE EDUCACIÓN, CIENCIA Y UNIVERSIDADES;877949;—;Subvención;28/09/2026;2100;https://www.bocm.es/bocm-20240520-20
Concesiones;Orden de Convocatoria Becas Excel. Acad. 25-26. MATRIC. Univ.;CONSEJERÍA DE EDUCACIÓN, CIENCIA Y UNIVERSIDADES;877949;—;Subvención;28/09/2026;2100;https://www.bocm.es/bocm-20240520-20
Concesiones;Orden de Convocatoria Becas Excel. Acad. 25-26. MATRIC. Univ.;CONSEJERÍA DE EDUCACIÓN, CIENCIA Y UNIVERSIDADES;877949;—;Subvención;28/09/2026;2100;https://www.bocm.es/bocm-20240520-20
Concesiones;Orden de Convocatoria Becas Excel. Acad. 25-26. MATRIC. Univ.;CONSEJERÍA DE EDUCACIÓN, CIENCIA Y UNIVERSIDADES;877949;—;Subvención;28/09/2026;2100;https://www.bocm.es/bocm-20240520-20
Concesiones;Orden de Convocatoria Becas Excel. Acad. 25-26. MATRIC. Univ.;CONSEJERÍA DE EDUCACIÓN, CIENCIA Y UNIVERSIDADES;877949;—;Subvención;28/09/2026;2100;https://www.bocm.es/bocm-20240520-20
Concesiones;Orden de Convocatoria Becas Excel. Acad. 25-26. MATRIC. Univ.;CONSEJERÍA DE EDUCACIÓN, CIENCIA Y UNIVERSIDADES;877949;—;Subvención;28/09/2026;2100;https://www.bocm.es/bocm-20240520-20
Concesiones;Orden de Convocatoria Becas Excel. Acad. 25-26. MATRIC. Univ.;CONSEJERÍA DE EDUCACIÓN, CIENCIA Y UNIVERSIDADES;877949;—;Subvención;28/09/2026;2100;https://www.bocm.es/bocm-20240520-20
Concesiones;Orden de Convocatoria Becas Excel. Acad. 25-26. MATRIC. Univ.;CONSEJERÍA DE EDUCACIÓN, CIENCIA Y UNIVERSIDADES;877949;—;Subvención;28/09/2026;2100;https://www.bocm.es/bocm-20240520-20
Concesiones;Orden de Convocatoria Becas Excel. Acad. 25-26. MATRIC. Univ.;CONSEJERÍA DE EDUCACIÓN, CIENCIA Y UNIVERSIDADES;877949;—;Subvención;28/09/2026;2100;https://www.bocm.es/bocm-20240520-20
Concesiones;Orden de Convocatoria Becas Excel. Acad. 25-26. MATRIC. Univ.;CONSEJERÍA DE EDUCACIÓN, CIENCIA Y UNIVERSIDADES;877949;—;Subvención;28/09/2026;2100;https://www.bocm.es/bocm-20240520-20
Concesiones;Orden de Convocatoria Becas Excel. Acad. 25-26. MATRIC. Univ.;CONSEJERÍA DE EDUCACIÓN, CIENCIA Y UNIVERSIDADES;877949;—;Subvención;28/09/2026;2100;https://www.bocm.es/bocm-20240520-20
Concesiones;Orden de Convocatoria Becas Excel. Acad. 25-26. MATRIC. Univ.;CONSEJERÍA DE EDUCACIÓN, CIENCIA Y UNIVERSIDADES;877949;—;Subvención;28/09/2026;2100;https://www.bocm.es/bocm-20240520-20
Concesiones;Orden de Convocatoria Becas Excel. Acad. 25-26. MATRIC. Univ.;CONSEJERÍA DE EDUCACIÓN, CIENCIA Y UNIVERSIDADES;877949;—;Subvención;28/09/2026;2100;https://www.bocm.es/bocm-20240520-20
Concesiones;Orden de Convocatoria Becas Excel. Acad. 25-26. MATRIC. Univ.;CONSEJERÍA DE EDUCACIÓN, CIENCIA Y UNIVERSIDADES;877949;—;Subvención;28/09/2026;2100;https://www.bocm.es/bocm-20240520-20
Concesiones;Orden de Convocatoria Becas Excel. Acad. 25-26. MATRIC. Univ.;CONSEJERÍA DE EDUCACIÓN, CIENCIA Y UNIVERSIDADES;877949;—;Subvención;28/09/2026;2100;https://www.bocm.es/bocm-20240520-20
Concesiones;Orden de Convocatoria Becas Excel. Acad. 25-26. MATRIC. Univ.;CONSEJERÍA DE EDUCACIÓN, CIENCIA Y UNIVERSIDADES;877949;—;Subvención;28/09/2026;2100;https://www.bocm.es/bocm-20240520-20
Concesiones;Orden de Convocatoria Becas Excel. Acad. 25-26. MATRIC. Univ.;CONSEJERÍA DE EDUCACIÓN, CIENCIA Y UNIVERSIDADES;877949;—;Subvención;28/09/2026;2100;https://www.bocm.es/bocm-20240520-20
Concesiones;Orden de Convocatoria Becas Excel. Acad. 25-26. MATRIC. Univ.;CONSEJERÍA DE EDUCACIÓN, CIENCIA Y UNIVERSIDADES;877949;—;Subvención;28/09/2026;2100;https://www.bocm.es/bocm-20240520-20
Concesiones;Orden de Convocatoria Becas Excel. Acad. 25-26. MATRIC. Univ.;CONSEJERÍA DE EDUCACIÓN, CIENCIA Y UNIVERSIDADES;877949;—;Subvención;28/09/2026;2100;https://www.bocm.es/bocm-20240520-20
Concesiones;Orden de Convocatoria Becas Excel. Acad. 25-26. MATRIC. Univ.;CONSEJERÍA DE EDUCACIÓN, CIENCIA Y UNIVERSIDADES;877949;—;Subvención;28/09/2026;2100;https://www.bocm.es/bocm-20240520-20
Concesiones;Orden de Convocatoria Becas Excel. Acad. 25-26. MATRIC. Univ.;CONSEJERÍA DE EDUCACIÓN, CIENCIA Y UNIVERSIDADES;877949;—;Subvención;28/09/2026;2100;https://www.bocm.es/bocm-20240520-20
Concesiones;Orden de Convocatoria Becas Excel. Acad. 25-26. MATRIC. Univ.;CONSEJERÍA DE EDUCACIÓN, CIENCIA Y UNIVERSIDADES;877949;—;Subvención;28/09/2026;2100;https://www.bocm.es/bocm-20240520-20
Concesiones;Orden de Convocatoria Becas Excel. Acad. 25-26. MATRIC. Univ.;CONSEJERÍA DE EDUCACIÓN, CIENCIA Y UNIVERSIDADES;877949;—;Subvención;28/09/2026;2100;https://www.bocm.es/bocm-20240520-20
Concesiones;Orden de Convocatoria Becas Excel. Acad. 25-26. MATRIC. Univ.;CONSEJERÍA DE EDUCACIÓN, CIENCIA Y UNIVERSIDADES;877949;—;Subvención;28/09/2026;2100;https://www.bocm.es/bocm-20240520-20
Concesiones;Orden de Convocatoria Becas Excel. Acad. 25-26. MATRIC. Univ.;CONSEJERÍA DE EDUCACIÓN, CIENCIA Y UNIVERSIDADES;877949;—;Subvención;28/09/2026;2100;https://www.bocm.es/bocm-20240520-20
Concesiones;Orden de Convocatoria Becas Excel. Acad. 25-26. MATRIC. Univ.;CONSEJERÍA DE EDUCACIÓN, CIENCIA Y UNIVERSIDADES;877949;—;Subvención;28/09/2026;2100;https://www.bocm.es/bocm-20240520-20
Concesiones;Orden de Convocatoria Becas Excel. Acad. 25-26. MATRIC. Univ.;CONSEJERÍA DE EDUCACIÓN, CIENCIA Y UNIVERSIDADES;877949;—;Subvención;28/09/2026;2100;https://www.bocm.es/bocm-20240520-20
Concesiones;Orden de Convocatoria Becas Excel. Acad. 25-26. MATRIC. Univ.;CONSEJERÍA DE EDUCACIÓN, CIENCIA Y UNIVERSIDADES;877949;—;Subvención;28/09/2026;2100;https://www.bocm.es/bocm-20240520-20
Concesiones;Orden de Convocatoria Becas Excel. Acad. 25-26. MATRIC. Univ.;CONSEJERÍA DE EDUCACIÓN, CIENCIA Y UNIVERSIDADES;877949;—;Subvención;28/09/2026;2100;https://www.bocm.es/bocm-20240520-20
Concesiones;Orden de Convocatoria Becas Excel. Acad. 25-26. MATRIC. Univ.;CONSEJERÍA DE EDUCACIÓN, CIENCIA Y UNIVERSIDADES;877949;—;Subvención;28/09/2026;2100;https://www.bocm.es/bocm-20240520-20
Concesiones;Orden de Convocatoria Becas Excel. Acad. 25-26. MATRIC. Univ.;CONSEJERÍA DE EDUCACIÓN, CIENCIA Y UNIVERSIDADES;877949;—;Subvención;28/09/2026;2100;https://www.bocm.es/bocm-20240520-20
Concesiones;Orden de Convocatoria Becas Excel. Acad. 25-26. MATRIC. Univ.;CONSEJERÍA DE EDUCACIÓN, CIENCIA Y UNIVERSIDADES;877949;—;Subvención;28/09/2026;2100;https://www.bocm.es/bocm-20240520-20
Concesiones;Orden de Convocatoria Becas Excel. Acad. 25-26. MATRIC. Univ.;CONSEJERÍA DE EDUCACIÓN, CIENCIA Y UNIVERSIDADES;877949;—;Subvención;28/09/2026;2100;https://www.bocm.es/bocm-20240520-20
Concesiones;Orden de Convocatoria Becas Excel. Acad. 25-26. MATRIC. Univ.;CONSEJERÍA DE EDUCACIÓN, CIENCIA Y UNIVERSIDADES;877949;—;Subvención;28/09/2026;2100;https://www.bocm.es/bocm-20240520-20
Concesiones;Orden de Convocatoria Becas Excel. Acad. 25-26. MATRIC. Univ.;CONSEJERÍA DE EDUCACIÓN, CIENCIA Y UNIVERSIDADES;877949;—;Subvención;28/09/2026;2100;https://www.bocm.es/bocm-20240520-20
Concesiones;Orden de Convocatoria Becas Excel. Acad. 25-26. MATRIC. Univ.;CONSEJERÍA DE EDUCACIÓN, CIENCIA Y UNIVERSIDADES;877949;—;Subvención;28/09/2026;2100;https://www.bocm.es/bocm-20240520-20
Concesiones;Orden de Convocatoria Becas Excel. Acad. 25-26. MATRIC. Univ.;CONSEJERÍA DE EDUCACIÓN, CIENCIA Y UNIVERSIDADES;877949;—;Subvención;28/09/2026;2100;https://www.bocm.es/bocm-20240520-20
Concesiones;Orden de Convocatoria Becas Excel. Acad. 25-26. MATRIC. Univ.;CONSEJERÍA DE EDUCACIÓN, CIENCIA Y UNIVERSIDADES;877949;—;Subvención;28/09/2026;2100;https://www.bocm.es/bocm-20240520-20
Concesiones;Orden de Convocatoria Becas Excel. Acad. 25-26. MATRIC. Univ.;CONSEJERÍA DE EDUCACIÓN, CIENCIA Y UNIVERSIDADES;877949;—;Subvención;28/09/2026;2100;https://www.bocm.es/bocm-20240520-20
Concesiones;Orden de Convocatoria Becas Excel. Acad. 25-26. MATRIC. Univ.;CONSEJERÍA DE EDUCACIÓN, CIENCIA Y UNIVERSIDADES;877949;—;Subvención;28/09/2026;2100;https://www.bocm.es/bocm-20240520-20
Concesiones;Orden de Convocatoria Becas Excel. Acad. 25-26. MATRIC. Univ.;CONSEJERÍA DE EDUCACIÓN, CIENCIA Y UNIVERSIDADES;877949;—;Subvención;28/09/2026;2100;https://www.bocm.es/bocm-20240520-20
Concesiones;Orden de Convocatoria Becas Excel. Acad. 25-26. MATRIC. Univ.;CONSEJERÍA DE EDUCACIÓN, CIENCIA Y UNIVERSIDADES;877949;—;Subvención;28/09/2026;2100;https://www.bocm.es/bocm-20240520-20
Concesiones;Orden de Convocatoria Becas Excel. Acad. 25-26. MATRIC. Univ.;CONSEJERÍA DE EDUCACIÓN, CIENCIA Y UNIVERSIDADES;877949;—;Subvención;28/09/2026;2100;https://www.bocm.es/bocm-20240520-20
Concesiones;Orden de Convocatoria Becas Excel. Acad. 25-26. MATRIC. Univ.;CONSEJERÍA DE EDUCACIÓN, CIENCIA Y UNIVERSIDADES;877949;—;Subvención;28/09/2026;2100;https://www.bocm.es/bocm-20240520-20
Concesiones;Orden de Convocatoria Becas Excel. Acad. 25-26. MATRIC. Univ.;CONSEJERÍA DE EDUCACIÓN, CIENCIA Y UNIVERSIDADES;877949;—;Subvención;28/09/2026;2100;https://www.bocm.es/bocm-20240520-20
Concesiones;Orden de Convocatoria Becas Excel. Acad. 25-26. MATRIC. Univ.;CONSEJERÍA DE EDUCACIÓN, CIENCIA Y UNIVERSIDADES;877949;—;Subvención;28/09/2026;2100;https://www.bocm.es/bocm-20240520-20
Concesiones;Orden de Convocatoria Becas Excel. Acad. 25-26. MATRIC. Univ.;CONSEJERÍA DE EDUCACIÓN, CIENCIA Y UNIVERSIDADES;877949;—;Subvención;28/09/2026;2100;https://www.bocm.es/bocm-20240520-20
Concesiones;Orden de Convocatoria Becas Excel. Acad. 25-26. MATRIC. Univ.;CONSEJERÍA DE EDUCACIÓN, CIENCIA Y UNIVERSIDADES;877949;—;Subvención;28/09/2026;2100;https://www.bocm.es/bocm-20240520-20
Concesiones;Orden de Convocatoria Becas Excel. Acad. 25-26. MATRIC. Univ.;CONSEJERÍA DE EDUCACIÓN, CIENCIA Y UNIVERSIDADES;877949;—;Subvención;28/09/2026;2100;https://www.bocm.es/bocm-20240520-20
Concesiones;Orden de Convocatoria Becas Excel. Acad. 25-26. MATRIC. Univ.;CONSEJERÍA DE EDUCACIÓN, CIENCIA Y UNIVERSIDADES;877949;—;Subvención;28/09/2026;2100;https://www.bocm.es/bocm-20240520-20
Concesiones;Orden de Convocatoria Becas Excel. Acad. 25-26. MATRIC. Univ.;CONSEJERÍA DE EDUCACIÓN, CIENCIA Y UNIVERSIDADES;877949;—;Subvención;28/09/2026;2100;https://www.bocm.es/bocm-20240520-20
Concesiones;Orden de Convocatoria Becas Excel. Acad. 25-26. MATRIC. Univ.;CONSEJERÍA DE EDUCACIÓN, CIENCIA Y UNIVERSIDADES;877949;—;Subvención;28/09/2026;2100;https://www.bocm.es/bocm-20240520-20
Concesiones;Orden de Convocatoria Becas Excel. Acad. 25-26. MATRIC. Univ.;CONSEJERÍA DE EDUCACIÓN, CIENCIA Y UNIVERSIDADES;877949;—;Subvención;28/09/2026;2100;https://www.bocm.es/bocm-20240520-20
Concesiones;Orden de Convocatoria Becas Excel. Acad. 25-26. MATRIC. Univ.;CONSEJERÍA DE EDUCACIÓN, CIENCIA Y UNIVERSIDADES;877949;—;Subvención;28/09/2026;2100;https://www.bocm.es/bocm-20240520-20
Concesiones;Orden de Convocatoria Becas Excel. Acad. 25-26. MATRIC. Univ.;CONSEJERÍA DE EDUCACIÓN, CIENCIA Y UNIVERSIDADES;877949;—;Subvención;28/09/2026;2100;https://www.bocm.es/bocm-20240520-20
Concesiones;Orden de Convocatoria Becas Excel. Acad. 25-26. MATRIC. Univ.;CONSEJERÍA DE EDUCACIÓN, CIENCIA Y UNIVERSIDADES;877949;—;Subvención;28/09/2026;2100;https://www.bocm.es/bocm-20240520-20
Concesiones;Orden de Convocatoria Becas Excel. Acad. 25-26. MATRIC. Univ.;CONSEJERÍA DE EDUCACIÓN, CIENCIA Y UNIVERSIDADES;877949;—;Subvención;28/09/2026;2100;https://www.bocm.es/bocm-20240520-20
Concesiones;Orden de Convocatoria Becas Excel. Acad. 25-26. MATRIC. Univ.;CONSEJERÍA DE EDUCACIÓN, CIENCIA Y UNIVERSIDADES;877949;—;Subvención;28/09/2026;2100;https://www.bocm.es/bocm-20240520-20
Concesiones;Orden de Convocatoria Becas Excel. Acad. 25-26. MATRIC. Univ.;CONSEJERÍA DE EDUCACIÓN, CIENCIA Y UNIVERSIDADES;877949;—;Subvención;28/09/2026;2100;https://www.bocm.es/bocm-20240520-20
Concesiones;Orden de Convocatoria Becas Excel. Acad. 25-26. MATRIC. Univ.;CONSEJERÍA DE EDUCACIÓN, CIENCIA Y UNIVERSIDADES;877949;—;Subvención;28/09/2026;2100;https://www.bocm.es/bocm-20240520-20
Concesiones;Orden de Convocatoria Becas Excel. Acad. 25-26. MATRIC. Univ.;CONSEJERÍA DE EDUCACIÓN, CIENCIA Y UNIVERSIDADES;877949;—;Subvención;28/09/2026;2100;https://www.bocm.es/bocm-20240520-20
Concesiones;Orden de Convocatoria Becas Excel. Acad. 25-26. MATRIC. Univ.;CONSEJERÍA DE EDUCACIÓN, CIENCIA Y UNIVERSIDADES;877949;—;Subvención;28/09/2026;2100;https://www.bocm.es/bocm-20240520-20
Concesiones;Orden de Convocatoria Becas Excel. Acad. 25-26. MATRIC. Univ.;CONSEJERÍA DE EDUCACIÓN, CIENCIA Y UNIVERSIDADES;877949;—;Subvención;28/09/2026;2100;https://www.bocm.es/bocm-20240520-20
Concesiones;Orden de Convocatoria Becas Excel. Acad. 25-26. MATRIC. Univ.;CONSEJERÍA DE EDUCACIÓN, CIENCIA Y UNIVERSIDADES;877949;—;Subvención;28/09/2026;2100;https://www.bocm.es/bocm-20240520-20
Concesiones;Orden de Convocatoria Becas Excel. Acad. 25-26. MATRIC. Univ.;CONSEJERÍA DE EDUCACIÓN, CIENCIA Y UNIVERSIDADES;877949;—;Subvención;28/09/2026;2100;https://www.bocm.es/bocm-20240520-20
Concesiones;Orden de Convocatoria Becas Excel. Acad. 25-26. MATRIC. Univ.;CONSEJERÍA DE EDUCACIÓN, CIENCIA Y UNIVERSIDADES;877949;—;Subvención;28/09/2026;2100;https://www.bocm.es/bocm-20240520-20
Concesiones;Orden de Convocatoria Becas Excel. Acad. 25-26. MATRIC. Univ.;CONSEJERÍA DE EDUCACIÓN, CIENCIA Y UNIVERSIDADES;877949;—;Subvención;28/09/2026;2100;https://www.bocm.es/bocm-20240520-20
Concesiones;Orden de Convocatoria Becas Excel. Acad. 25-26. MATRIC. Univ.;CONSEJERÍA DE EDUCACIÓN, CIENCIA Y UNIVERSIDADES;877949;—;Subvención;28/09/2026;2100;https://www.bocm.es/bocm-20240520-20
Concesiones;Orden de Convocatoria Becas Excel. Acad. 25-26. MATRIC. Univ.;CONSEJERÍA DE EDUCACIÓN, CIENCIA Y UNIVERSIDADES;877949;—;Subvención;28/09/2026;2100;https://www.bocm.es/bocm-20240520-20
Concesiones;Orden de Convocatoria Becas Excel. Acad. 25-26. MATRIC. Univ.;CONSEJERÍA DE EDUCACIÓN, CIENCIA Y UNIVERSIDADES;877949;—;Subvención;28/09/2026;2100;https://www.bocm.es/bocm-20240520-20
Concesiones;Orden de Convocatoria Becas Excel. Acad. 25-26. MATRIC. Univ.;CONSEJERÍA DE EDUCACIÓN, CIENCIA Y UNIVERSIDADES;877949;—;Subvención;28/09/2026;2100;https://www.bocm.es/bocm-20240520-20
Concesiones;Orden de Convocatoria Becas Excel. Acad. 25-26. MATRIC. Univ.;CONSEJERÍA DE EDUCACIÓN, CIENCIA Y UNIVERSIDADES;877949;—;Subvención;28/09/2026;2100;https://www.bocm.es/bocm-20240520-20
Concesiones;Orden de Convocatoria Becas Excel. Acad. 25-26. MATRIC. Univ.;CONSEJERÍA DE EDUCACIÓN, CIENCIA Y UNIVERSIDADES;877949;—;Subvención;28/09/2026;2100;https://www.bocm.es/bocm-20240520-20
Concesiones;Orden de Convocatoria Becas Excel. Acad. 25-26. MATRIC. Univ.;CONSEJERÍA DE EDUCACIÓN, CIENCIA Y UNIVERSIDADES;877949;—;Subvención;28/09/2026;2100;https://www.bocm.es/bocm-20240520-20
Concesiones;Orden de Convocatoria Becas Excel. Acad. 25-26. MATRIC. Univ.;CONSEJERÍA DE EDUCACIÓN, CIENCIA Y UNIVERSIDADES;877949;—;Subvención;28/09/2026;2100;https://www.bocm.es/bocm-20240520-20
Concesiones;Orden de Convocatoria Becas Excel. Acad. 25-26. MATRIC. Univ.;CONSEJERÍA DE EDUCACIÓN, CIENCIA Y UNIVERSIDADES;877949;—;Subvención;28/09/2026;2100;https://www.bocm.es/bocm-20240520-20
Concesiones;Orden de Convocatoria Becas Excel. Acad. 25-26. MATRIC. Univ.;CONSEJERÍA DE EDUCACIÓN, CIENCIA Y UNIVERSIDADES;877949;—;Subvención;28/09/2026;2100;https://www.bocm.es/bocm-20240520-20
Concesiones;Orden de Convocatoria Becas Excel. Acad. 25-26. MATRIC. Univ.;CONSEJERÍA DE EDUCACIÓN, CIENCIA Y UNIVERSIDADES;877949;—;Subvención;28/09/2026;2100;https://www.bocm.es/bocm-20240520-20
Concesiones;Orden de Convocatoria Becas Excel. Acad. 25-26. MATRIC. Univ.;CONSEJERÍA DE EDUCACIÓN, CIENCIA Y UNIVERSIDADES;877949;—;Subvención;28/09/2026;2100;https://www.bocm.es/bocm-20240520-20
Concesiones;Orden de Convocatoria Becas Excel. Acad. 25-26. MATRIC. Univ.;CONSEJERÍA DE EDUCACIÓN, CIENCIA Y UNIVERSIDADES;877949;—;Subvención;28/09/2026;2100;https://www.bocm.es/bocm-20240520-20
Concesiones;Orden de Convocatoria Becas Excel. Acad. 25-26. MATRIC. Univ.;CONSEJERÍA DE EDUCACIÓN, CIENCIA Y UNIVERSIDADES;877949;—;Subvención;28/09/2026;2100;https://www.bocm.es/bocm-20240520-20
Concesiones;Orden de Convocatoria Becas Excel. Acad. 25-26. MATRIC. Univ.;CONSEJERÍA DE EDUCACIÓN, CIENCIA Y UNIVERSIDADES;877949;—;Subvención;28/09/2026;2100;https://www.bocm.es/bocm-20240520-20
Concesiones;Orden de Convocatoria Becas Excel. Acad. 25-26. MATRIC. Univ.;CONSEJERÍA DE EDUCACIÓN, CIENCIA Y UNIVERSIDADES;877949;—;Subvención;28/09/2026;2100;https://www.bocm.es/bocm-20240520-20
Concesiones;Orden de Convocatoria Becas Excel. Acad. 25-26. MATRIC. Univ.;CONSEJERÍA DE EDUCACIÓN, CIENCIA Y UNIVERSIDADES;877949;—;Subvención;28/09/2026;2100;https://www.bocm.es/bocm-20240520-20
Concesiones;Orden de Convocatoria Becas Excel. Acad. 25-26. MATRIC. Univ.;CONSEJERÍA DE EDUCACIÓN, CIENCIA Y UNIVERSIDADES;877949;—;Subvención;28/09/2026;2100;https://www.bocm.es/bocm-20240520-20
Concesiones;Orden de Convocatoria Becas Excel. Acad. 25-26. MATRIC. Univ.;CONSEJERÍA DE EDUCACIÓN, CIENCIA Y UNIVERSIDADES;877949;—;Subvención;28/09/2026;2100;https://www.bocm.es/bocm-20240520-20
Concesiones;Orden de Convocatoria Becas Excel. Acad. 25-26. MATRIC. Univ.;CONSEJERÍA DE EDUCACIÓN, CIENCIA Y UNIVERSIDADES;877949;—;Subvención;28/09/2026;2100;https://www.bocm.es/bocm-20240520-20
Concesiones;Orden de Convocatoria Becas Excel. Acad. 25-26. MATRIC. Univ.;CONSEJERÍA DE EDUCACIÓN, CIENCIA Y UNIVERSIDADES;877949;—;Subvención;28/09/2026;2100;https://www.bocm.es/bocm-20240520-20
Concesiones;Orden de Convocatoria Becas Excel. Acad. 25-26. MATRIC. Univ.;CONSEJERÍA DE EDUCACIÓN, CIENCIA Y UNIVERSIDADES;877949;—;Subvención;28/09/2026;2100;https://www.bocm.es/bocm-20240520-20
Concesiones;Orden de Convocatoria Becas Excel. Acad. 25-26. MATRIC. Univ.;CONSEJERÍA DE EDUCACIÓN, CIENCIA Y UNIVERSIDADES;877949;—;Subvención;28/09/2026;2100;https://www.bocm.es/bocm-20240520-20
Concesiones;Orden de Convocatoria Becas Excel. Acad. 25-26. MATRIC. Univ.;CONSEJERÍA DE EDUCACIÓN, CIENCIA Y UNIVERSIDADES;877949;—;Subvención;28/09/2026;2100;https://www.bocm.es/bocm-20240520-20
Concesiones;Orden de Convocatoria Becas Excel. Acad. 25-26. MATRIC. Univ.;CONSEJERÍA DE EDUCACIÓN, CIENCIA Y UNIVERSIDADES;877949;—;Subvención;28/09/2026;2100;https://www.bocm.es/bocm-20240520-20
Concesiones;Orden de Convocatoria Becas Excel. Acad. 25-26. MATRIC. Univ.;CONSEJERÍA DE EDUCACIÓN, CIENCIA Y UNIVERSIDADES;877949;—;Subvención;28/09/2026;2100;https://www.bocm.es/bocm-20240520-20
Concesiones;Orden de Convocatoria Becas Excel. Acad. 25-26. MATRIC. Univ.;CONSEJERÍA DE EDUCACIÓN, CIENCIA Y UNIVERSIDADES;877949;—;Subvención;28/09/2026;2100;https://www.bocm.es/bocm-20240520-20
Concesiones;Orden de Convocatoria Becas Excel. Acad. 25-26. MATRIC. Univ.;CONSEJERÍA DE EDUCACIÓN, CIENCIA Y UNIVERSIDADES;877949;—;Subvención;28/09/2026;2100;https://www.bocm.es/bocm-20240520-20
Concesiones;Orden de Convocatoria Becas Excel. Acad. 25-26. MATRIC. Univ.;CONSEJERÍA DE EDUCACIÓN, CIENCIA Y UNIVERSIDADES;877949;—;Subvención;28/09/2026;2100;https://www.bocm.es/bocm-20240520-20
Concesiones;Orden de Convocatoria Becas Excel. Acad. 25-26. MATRIC. Univ.;CONSEJERÍA DE EDUCACIÓN, CIENCIA Y UNIVERSIDADES;877949;—;Subvención;28/09/2026;2100;https://www.bocm.es/bocm-20240520-20
Concesiones;Orden de Convocatoria Becas Excel. Acad. 25-26. MATRIC. Univ.;CONSEJERÍA DE EDUCACIÓN, CIENCIA Y UNIVERSIDADES;877949;—;Subvención;28/09/2026;2100;https://www.bocm.es/bocm-20240520-20
Concesiones;Orden de Convocatoria Becas Excel. Acad. 25-26. MATRIC. Univ.;CONSEJERÍA DE EDUCACIÓN, CIENCIA Y UNIVERSIDADES;877949;—;Subvención;28/09/2026;2100;https://www.bocm.es/bocm-20240520-20
Concesiones;Orden de Convocatoria Becas Excel. Acad. 25-26. MATRIC. Univ.;CONSEJERÍA DE EDUCACIÓN, CIENCIA Y UNIVERSIDADES;877949;—;Subvención;28/09/2026;2100;https://www.bocm.es/bocm-20240520-20
Concesiones;Orden de Convocatoria Becas Excel. Acad. 25-26. MATRIC. Univ.;CONSEJERÍA DE EDUCACIÓN, CIENCIA Y UNIVERSIDADES;877949;—;Subvención;28/09/2026;2100;https://www.bocm.es/bocm-20240520-20
Concesiones;Orden de Convocatoria Becas Excel. Acad. 25-26. MATRIC. Univ.;CONSEJERÍA DE EDUCACIÓN, CIENCIA Y UNIVERSIDADES;877949;—;Subvención;28/09/2026;2100;https://www.bocm.es/bocm-20240520-20
Concesiones;Orden de Convocatoria Becas Excel. Acad. 25-26. MATRIC. Univ.;CONSEJERÍA DE EDUCACIÓN, CIENCIA Y UNIVERSIDADES;877949;—;Subvención;28/09/2026;2100;https://www.bocm.es/bocm-20240520-20
Concesiones;Orden de Convocatoria Becas Excel. Acad. 25-26. MATRIC. Univ.;CONSEJERÍA DE EDUCACIÓN, CIENCIA Y UNIVERSIDADES;877949;—;Subvención;28/09/2026;2100;https://www.bocm.es/bocm-20240520-20
Concesiones;Orden de Convocatoria Becas Excel. Acad. 25-26. MATRIC. Univ.;CONSEJERÍA DE EDUCACIÓN, CIENCIA Y UNIVERSIDADES;877949;—;Subvención;28/09/2026;2100;https://www.bocm.es/bocm-20240520-20
Concesiones;Orden de Convocatoria Becas Excel. Acad. 25-26. MATRIC. Univ.;CONSEJERÍA DE EDUCACIÓN, CIENCIA Y UNIVERSIDADES;877949;—;Subvención;28/09/2026;2100;https://www.bocm.es/bocm-20240520-20
Concesiones;Orden de Convocatoria Becas Excel. Acad. 25-26. MATRIC. Univ.;CONSEJERÍA DE EDUCACIÓN, CIENCIA Y UNIVERSIDADES;877949;—;Subvención;28/09/2026;2100;https://www.bocm.es/bocm-20240520-20
Concesiones;Orden de Convocatoria Becas Excel. Acad. 25-26. MATRIC. Univ.;CONSEJERÍA DE EDUCACIÓN, CIENCIA Y UNIVERSIDADES;877949;—;Subvención;28/09/2026;2100;https://www.bocm.es/bocm-20240520-20
Concesiones;Orden de Convocatoria Becas Excel. Acad. 25-26. MATRIC. Univ.;CONSEJERÍA DE EDUCACIÓN, CIENCIA Y UNIVERSIDADES;877949;—;Subvención;28/09/2026;2100;https://www.bocm.es/bocm-20240520-20
Concesiones;Orden de Convocatoria Becas Excel. Acad. 25-26. MATRIC. Univ.;CONSEJERÍA DE EDUCACIÓN, CIENCIA Y UNIVERSIDADES;877949;—;Subvención;28/09/2026;2100;https://www.bocm.es/bocm-20240520-20
Concesiones;Orden de Convocatoria Becas Excel. Acad. 25-26. MATRIC. Univ.;CONSEJERÍA DE EDUCACIÓN, CIENCIA Y UNIVERSIDADES;877949;—;Subvención;28/09/2026;2100;https://www.bocm.es/bocm-20240520-20
Concesiones;Orden de Convocatoria Becas Excel. Acad. 25-26. MATRIC. Univ.;CONSEJERÍA DE EDUCACIÓN, CIENCIA Y UNIVERSIDADES;877949;—;Subvención;28/09/2026;2100;https://www.bocm.es/bocm-20240520-20
Concesiones;Orden de Convocatoria Becas Excel. Acad. 25-26. MATRIC. Univ.;CONSEJERÍA DE EDUCACIÓN, CIENCIA Y UNIVERSIDADES;877949;—;Subvención;28/09/2026;2100;https://www.bocm.es/bocm-20240520-20
Concesiones;Orden de Convocatoria Becas Excel. Acad. 25-26. MATRIC. Univ.;CONSEJERÍA DE EDUCACIÓN, CIENCIA Y UNIVERSIDADES;877949;—;Subvención;28/09/2026;2100;https://www.bocm.es/bocm-20240520-20
Concesiones;Orden de Convocatoria Becas Excel. Acad. 25-26. MATRIC. Univ.;CONSEJERÍA DE EDUCACIÓN, CIENCIA Y UNIVERSIDADES;877949;—;Subvención;28/09/2026;2100;https://www.bocm.es/bocm-20240520-20
Concesiones;Orden de Convocatoria Becas Excel. Acad. 25-26. MATRIC. Univ.;CONSEJERÍA DE EDUCACIÓN, CIENCIA Y UNIVERSIDADES;877949;—;Subvención;28/09/2026;2100;https://www.bocm.es/bocm-20240520-20
Concesiones;Orden de Convocatoria Becas Excel. Acad. 25-26. MATRIC. Univ.;CONSEJERÍA DE EDUCACIÓN, CIENCIA Y UNIVERSIDADES;877949;—;Subvención;28/09/2026;2100;https://www.bocm.es/bocm-20240520-20
Concesiones;Orden de Convocatoria Becas Excel. Acad. 25-26. MATRIC. Univ.;CONSEJERÍA DE EDUCACIÓN, CIENCIA Y UNIVERSIDADES;877949;—;Subvención;28/09/2026;2100;https://www.bocm.es/bocm-20240520-20
Concesiones;Orden de Convocatoria Becas Excel. Acad. 25-26. MATRIC. Univ.;CONSEJERÍA DE EDUCACIÓN, CIENCIA Y UNIVERSIDADES;877949;—;Subvención;28/09/2026;2100;https://www.bocm.es/bocm-20240520-20
Concesiones;Orden de Convocatoria Becas Excel. Acad. 25-26. MATRIC. Univ.;CONSEJERÍA DE EDUCACIÓN, CIENCIA Y UNIVERSIDADES;877949;—;Subvención;28/09/2026;2100;https://www.bocm.es/bocm-20240520-20
Concesiones;Orden de Convocatoria Becas Excel. Acad. 25-26. MATRIC. Univ.;CONSEJERÍA DE EDUCACIÓN, CIENCIA Y UNIVERSIDADES;877949;—;Subvención;28/09/2026;2100;https://www.bocm.es/bocm-20240520-20
Concesiones;Orden de Convocatoria Becas Excel. Acad. 25-26. MATRIC. Univ.;CONSEJERÍA DE EDUCACIÓN, CIENCIA Y UNIVERSIDADES;877949;—;Subvención;28/09/2026;2100;https://www.bocm.es/bocm-20240520-20
Concesiones;Orden de Convocatoria Becas Excel. Acad. 25-26. MATRIC. Univ.;CONSEJERÍA DE EDUCACIÓN, CIENCIA Y UNIVERSIDADES;877949;—;Subvención;28/09/2026;2100;https://www.bocm.es/bocm-20240520-20
Concesiones;Orden de Convocatoria Becas Excel. Acad. 25-26. MATRIC. Univ.;CONSEJERÍA DE EDUCACIÓN, CIENCIA Y UNIVERSIDADES;877949;—;Subvención;28/09/2026;2100;https://www.bocm.es/bocm-20240520-20
Concesiones;Orden de Convocatoria Becas Excel. Acad. 25-26. MATRIC. Univ.;CONSEJERÍA DE EDUCACIÓN, CIENCIA Y UNIVERSIDADES;877949;—;Subvención;28/09/2026;2100;https://www.bocm.es/bocm-20240520-20
Concesiones;Orden de Convocatoria Becas Excel. Acad. 25-26. MATRIC. Univ.;CONSEJERÍA DE EDUCACIÓN, CIENCIA Y UNIVERSIDADES;877949;—;Subvención;28/09/2026;2100;https://www.bocm.es/bocm-20240520-20
Concesiones;Orden de Convocatoria Becas Excel. Acad. 25-26. MATRIC. Univ.;CONSEJERÍA DE EDUCACIÓN, CIENCIA Y UNIVERSIDADES;877949;—;Subvención;28/09/2026;2100;https://www.bocm.es/bocm-20240520-20
Concesiones;Orden de Convocatoria Becas Excel. Acad. 25-26. MATRIC. Univ.;CONSEJERÍA DE EDUCACIÓN, CIENCIA Y UNIVERSIDADES;877949;—;Subvención;28/09/2026;2100;https://www.bocm.es/bocm-20240520-20
Concesiones;Orden de Convocatoria Becas Excel. Acad. 25-26. MATRIC. Univ.;CONSEJERÍA DE EDUCACIÓN, CIENCIA Y UNIVERSIDADES;877949;—;Subvención;28/09/2026;2100;https://www.bocm.es/bocm-20240520-20
Concesiones;Orden de Convocatoria Becas Excel. Acad. 25-26. MATRIC. Univ.;CONSEJERÍA DE EDUCACIÓN, CIENCIA Y UNIVERSIDADES;877949;—;Subvención;28/09/2026;2100;https://www.bocm.es/bocm-20240520-20
Concesiones;Orden de Convocatoria Becas Excel. Acad. 25-26. MATRIC. Univ.;CONSEJERÍA DE EDUCACIÓN, CIENCIA Y UNIVERSIDADES;877949;—;Subvención;28/09/2026;2100;https://www.bocm.es/bocm-20240520-20
Concesiones;Orden de Convocatoria Becas Excel. Acad. 25-26. MATRIC. Univ.;CONSEJERÍA DE EDUCACIÓN, CIENCIA Y UNIVERSIDADES;877949;—;Subvención;28/09/2026;2100;https://www.bocm.es/bocm-20240520-20
Concesiones;Orden de Convocatoria Becas Excel. Acad. 25-26. MATRIC. Univ.;CONSEJERÍA DE EDUCACIÓN, CIENCIA Y UNIVERSIDADES;877949;—;Subvención;28/09/2026;2100;https://www.bocm.es/bocm-20240520-20
Concesiones;Orden de Convocatoria Becas Excel. Acad. 25-26. MATRIC. Univ.;CONSEJERÍA DE EDUCACIÓN, CIENCIA Y UNIVERSIDADES;877949;—;Subvención;28/09/2026;2100;https://www.bocm.es/bocm-20240520-20
Concesiones;Orden de Convocatoria Becas Excel. Acad. 25-26. MATRIC. Univ.;CONSEJERÍA DE EDUCACIÓN, CIENCIA Y UNIVERSIDADES;877949;—;Subvención;28/09/2026;2100;https://www.bocm.es/bocm-20240520-20
Concesiones;Orden de Convocatoria Becas Excel. Acad. 25-26. MATRIC. Univ.;CONSEJERÍA DE EDUCACIÓN, CIENCIA Y UNIVERSIDADES;877949;—;Subvención;28/09/2026;2100;https://www.bocm.es/bocm-20240520-20
Concesiones;Orden de Convocatoria Becas Excel. Acad. 25-26. MATRIC. Univ.;CONSEJERÍA DE EDUCACIÓN, CIENCIA Y UNIVERSIDADES;877949;—;Subvención;28/09/2026;2100;https://www.bocm.es/bocm-20240520-20
Concesiones;Orden de Convocatoria Becas Excel. Acad. 25-26. MATRIC. Univ.;CONSEJERÍA DE EDUCACIÓN, CIENCIA Y UNIVERSIDADES;877949;—;Subvención;28/09/2026;2100;https://www.bocm.es/bocm-20240520-20
Concesiones;Orden de Convocatoria Becas Excel. Acad. 25-26. MATRIC. Univ.;CONSEJERÍA DE EDUCACIÓN, CIENCIA Y UNIVERSIDADES;877949;—;Subvención;28/09/2026;2100;https://www.bocm.es/bocm-20240520-20
Concesiones;Orden de Convocatoria Becas Excel. Acad. 25-26. MATRIC. Univ.;CONSEJERÍA DE EDUCACIÓN, CIENCIA Y UNIVERSIDADES;877949;—;Subvención;28/09/2026;2100;https://www.bocm.es/bocm-20240520-20
Concesiones;Orden de Convocatoria Becas Excel. Acad. 25-26. MATRIC. Univ.;CONSEJERÍA DE EDUCACIÓN, CIENCIA Y UNIVERSIDADES;877949;—;Subvención;28/09/2026;2100;https://www.bocm.es/bocm-20240520-20
Concesiones;Orden de Convocatoria Becas Excel. Acad. 25-26. MATRIC. Univ.;CONSEJERÍA DE EDUCACIÓN, CIENCIA Y UNIVERSIDADES;877949;—;Subvención;28/09/2026;2100;https://www.bocm.es/bocm-20240520-20
Concesiones;Orden de Convocatoria Becas Excel. Acad. 25-26. MATRIC. Univ.;CONSEJERÍA DE EDUCACIÓN, CIENCIA Y UNIVERSIDADES;877949;—;Subvención;28/09/2026;2100;https://www.bocm.es/bocm-20240520-20
Concesiones;Orden de Convocatoria Becas Excel. Acad. 25-26. MATRIC. Univ.;CONSEJERÍA DE EDUCACIÓN, CIENCIA Y UNIVERSIDADES;877949;—;Subvención;28/09/2026;2100;https://www.bocm.es/bocm-20240520-20
Concesiones;Orden de Convocatoria Becas Excel. Acad. 25-26. MATRIC. Univ.;CONSEJERÍA DE EDUCACIÓN, CIENCIA Y UNIVERSIDADES;877949;—;Subvención;28/09/2026;2100;https://www.bocm.es/bocm-20240520-20
Concesiones;Orden de Convocatoria Becas Excel. Acad. 25-26. MATRIC. Univ.;CONSEJERÍA DE EDUCACIÓN, CIENCIA Y UNIVERSIDADES;877949;—;Subvención;28/09/2026;2100;https://www.bocm.es/bocm-20240520-20
Concesiones;Orden de Convocatoria Becas Excel. Acad. 25-26. MATRIC. Univ.;CONSEJERÍA DE EDUCACIÓN, CIENCIA Y UNIVERSIDADES;877949;—;Subvención;28/09/2026;2100;https://www.bocm.es/bocm-20240520-20
Concesiones;Orden de Convocatoria Becas Excel. Acad. 25-26. MATRIC. Univ.;CONSEJERÍA DE EDUCACIÓN, CIENCIA Y UNIVERSIDADES;877949;—;Subvención;28/09/2026;2100;https://www.bocm.es/bocm-20240520-20
Concesiones;Orden de Convocatoria Becas Excel. Acad. 25-26. MATRIC. Univ.;CONSEJERÍA DE EDUCACIÓN, CIENCIA Y UNIVERSIDADES;877949;—;Subvención;28/09/2026;2100;https://www.bocm.es/bocm-20240520-20
Concesiones;Orden de Convocatoria Becas Excel. Acad. 25-26. MATRIC. Univ.;CONSEJERÍA DE EDUCACIÓN, CIENCIA Y UNIVERSIDADES;877949;—;Subvención;28/09/2026;2100;https://www.bocm.es/bocm-20240520-20
Concesiones;Orden de Convocatoria Becas Excel. Acad. 25-26. MATRIC. Univ.;CONSEJERÍA DE EDUCACIÓN, CIENCIA Y UNIVERSIDADES;877949;—;Subvención;28/09/2026;2100;https://www.bocm.es/bocm-20240520-20
Concesiones;Orden de Convocatoria Becas Excel. Acad. 25-26. MATRIC. Univ.;CONSEJERÍA DE EDUCACIÓN, CIENCIA Y UNIVERSIDADES;877949;—;Subvención;28/09/2026;2100;https://www.bocm.es/bocm-20240520-20
Concesiones;Orden de Convocatoria Becas Excel. Acad. 25-26. MATRIC. Univ.;CONSEJERÍA DE EDUCACIÓN, CIENCIA Y UNIVERSIDADES;877949;—;Subvención;28/09/2026;2100;https://www.bocm.es/bocm-20240520-20
Concesiones;Orden de Convocatoria Becas Excel. Acad. 25-26. MATRIC. Univ.;CONSEJERÍA DE EDUCACIÓN, CIENCIA Y UNIVERSIDADES;877949;—;Subvención;28/09/2026;2100;https://www.bocm.es/bocm-20240520-20
Concesiones;Orden de Convocatoria Becas Excel. Acad. 25-26. MATRIC. Univ.;CONSEJERÍA DE EDUCACIÓN, CIENCIA Y UNIVERSIDADES;877949;—;Subvención;28/09/2026;2100;https://www.bocm.es/bocm-20240520-20
Concesiones;Orden de Convocatoria Becas Excel. Acad. 25-26. MATRIC. Univ.;CONSEJERÍA DE EDUCACIÓN, CIENCIA Y UNIVERSIDADES;877949;—;Subvención;28/09/2026;2100;https://www.bocm.es/bocm-20240520-20
Concesiones;Orden de Convocatoria Becas Excel. Acad. 25-26. MATRIC. Univ.;CONSEJERÍA DE EDUCACIÓN, CIENCIA Y UNIVERSIDADES;877949;—;Subvención;28/09/2026;2100;https://www.bocm.es/bocm-20240520-20
Concesiones;Orden de Convocatoria Becas Excel. Acad. 25-26. MATRIC. Univ.;CONSEJERÍA DE EDUCACIÓN, CIENCIA Y UNIVERSIDADES;877949;—;Subvención;28/09/2026;2100;https://www.bocm.es/bocm-20240520-20
Concesiones;Orden de Convocatoria Becas Excel. Acad. 25-26. MATRIC. Univ.;CONSEJERÍA DE EDUCACIÓN, CIENCIA Y UNIVERSIDADES;877949;—;Subvención;28/09/2026;2100;https://www.bocm.es/bocm-20240520-20
Concesiones;Orden de Convocatoria Becas Excel. Acad. 25-26. MATRIC. Univ.;CONSEJERÍA DE EDUCACIÓN, CIENCIA Y UNIVERSIDADES;877949;—;Subvención;28/09/2026;2100;https://www.bocm.es/bocm-20240520-20
Concesiones;Orden de Convocatoria Becas Excel. Acad. 25-26. MATRIC. Univ.;CONSEJERÍA DE EDUCACIÓN, CIENCIA Y UNIVERSIDADES;877949;—;Subvención;28/09/2026;2100;https://www.bocm.es/bocm-20240520-20
Concesiones;Orden de Convocatoria Becas Excel. Acad. 25-26. MATRIC. Univ.;CONSEJERÍA DE EDUCACIÓN, CIENCIA Y UNIVERSIDADES;877949;—;Subvención;28/09/2026;2100;https://www.bocm.es/bocm-20240520-20
Concesiones;Orden de Convocatoria Becas Excel. Acad. 25-26. MATRIC. Univ.;CONSEJERÍA DE EDUCACIÓN, CIENCIA Y UNIVERSIDADES;877949;—;Subvención;28/09/2026;2100;https://www.bocm.es/bocm-20240520-20
Concesiones;Orden de Convocatoria Becas Excel. Acad. 25-26. MATRIC. Univ.;CONSEJERÍA DE EDUCACIÓN, CIENCIA Y UNIVERSIDADES;877949;—;Subvención;28/09/2026;2100;https://www.bocm.es/bocm-20240520-20
Concesiones;Orden de Convocatoria Becas Excel. Acad. 25-26. MATRIC. Univ.;CONSEJERÍA DE EDUCACIÓN, CIENCIA Y UNIVERSIDADES;877949;—;Subvención;28/09/2026;2100;https://www.bocm.es/bocm-20240520-20
Concesiones;Orden de Convocatoria Becas Excel. Acad. 25-26. MATRIC. Univ.;CONSEJERÍA DE EDUCACIÓN, CIENCIA Y UNIVERSIDADES;877949;—;Subvención;28/09/2026;2100;https://www.bocm.es/bocm-20240520-20
Concesiones;Orden de Convocatoria Becas Excel. Acad. 25-26. MATRIC. Univ.;CONSEJERÍA DE EDUCACIÓN, CIENCIA Y UNIVERSIDADES;877949;—;Subvención;28/09/2026;2100;https://www.bocm.es/bocm-20240520-20
Concesiones;Orden de Convocatoria Becas Excel. Acad. 25-26. MATRIC. Univ.;CONSEJERÍA DE EDUCACIÓN, CIENCIA Y UNIVERSIDADES;877949;—;Subvención;28/09/2026;2100;https://www.bocm.es/bocm-20240520-20
Concesiones;Orden de Convocatoria Becas Excel. Acad. 25-26. MATRIC. Univ.;CONSEJERÍA DE EDUCACIÓN, CIENCIA Y UNIVERSIDADES;877949;—;Subvención;28/09/2026;2100;https://www.bocm.es/bocm-20240520-20
Concesiones;Orden de Convocatoria Becas Excel. Acad. 25-26. MATRIC. Univ.;CONSEJERÍA DE EDUCACIÓN, CIENCIA Y UNIVERSIDADES;877949;—;Subvención;28/09/2026;2100;https://www.bocm.es/bocm-20240520-20
Concesiones;Orden de Convocatoria Becas Excel. Acad. 25-26. MATRIC. Univ.;CONSEJERÍA DE EDUCACIÓN, CIENCIA Y UNIVERSIDADES;877949;—;Subvención;28/09/2026;2100;https://www.bocm.es/bocm-20240520-20
Concesiones;Orden de Convocatoria Becas Excel. Acad. 25-26. MATRIC. Univ.;CONSEJERÍA DE EDUCACIÓN, CIENCIA Y UNIVERSIDADES;877949;—;Subvención;28/09/2026;2100;https://www.bocm.es/bocm-20240520-20
Concesiones;Orden de Convocatoria Becas Excel. Acad. 25-26. MATRIC. Univ.;CONSEJERÍA DE EDUCACIÓN, CIENCIA Y UNIVERSIDADES;877949;—;Subvención;28/09/2026;2100;https://www.bocm.es/bocm-20240520-20
Concesiones;Orden de Convocatoria Becas Excel. Acad. 25-26. MATRIC. Univ.;CONSEJERÍA DE EDUCACIÓN, CIENCIA Y UNIVERSIDADES;877949;—;Subvención;28/09/2026;2100;https://www.bocm.es/bocm-20240520-20
Concesiones;Orden de Convocatoria Becas Excel. Acad. 25-26. MATRIC. Univ.;CONSEJERÍA DE EDUCACIÓN, CIENCIA Y UNIVERSIDADES;877949;—;Subvención;28/09/2026;2100;https://www.bocm.es/bocm-20240520-20
Concesiones;Orden de Convocatoria Becas Excel. Acad. 25-26. MATRIC. Univ.;CONSEJERÍA DE EDUCACIÓN, CIENCIA Y UNIVERSIDADES;877949;—;Subvención;28/09/2026;2100;https://www.bocm.es/bocm-20240520-20
Concesiones;Orden de Convocatoria Becas Excel. Acad. 25-26. MATRIC. Univ.;CONSEJERÍA DE EDUCACIÓN, CIENCIA Y UNIVERSIDADES;877949;—;Subvención;28/09/2026;2100;https://www.bocm.es/bocm-20240520-20
Concesiones;Orden de Convocatoria Becas Excel. Acad. 25-26. MATRIC. Univ.;CONSEJERÍA DE EDUCACIÓN, CIENCIA Y UNIVERSIDADES;877949;—;Subvención;28/09/2026;2100;https://www.bocm.es/bocm-20240520-20
Concesiones;Orden de Convocatoria Becas Excel. Acad. 25-26. MATRIC. Univ.;CONSEJERÍA DE EDUCACIÓN, CIENCIA Y UNIVERSIDADES;877949;—;Subvención;28/09/2026;2100;https://www.bocm.es/bocm-20240520-20
Concesiones;Orden de Convocatoria Becas Excel. Acad. 25-26. MATRIC. Univ.;CONSEJERÍA DE EDUCACIÓN, CIENCIA Y UNIVERSIDADES;877949;—;Subvención;28/09/2026;2100;https://www.bocm.es/bocm-20240520-20
Concesiones;Orden de Convocatoria Becas Excel. Acad. 25-26. MATRIC. Univ.;CONSEJERÍA DE EDUCACIÓN, CIENCIA Y UNIVERSIDADES;877949;—;Subvención;28/09/2026;2100;https://www.bocm.es/bocm-20240520-20
Concesiones;Orden de Convocatoria Becas Excel. Acad. 25-26. MATRIC. Univ.;CONSEJERÍA DE EDUCACIÓN, CIENCIA Y UNIVERSIDADES;877949;—;Subvención;28/09/2026;2100;https://www.bocm.es/bocm-20240520-20
Concesiones;Orden de Convocatoria Becas Excel. Acad. 25-26. MATRIC. Univ.;CONSEJERÍA DE EDUCACIÓN, CIENCIA Y UNIVERSIDADES;877949;—;Subvención;28/09/2026;2100;https://www.bocm.es/bocm-20240520-20
Concesiones;Orden de Convocatoria Becas Excel. Acad. 25-26. MATRIC. Univ.;CONSEJERÍA DE EDUCACIÓN, CIENCIA Y UNIVERSIDADES;877949;—;Subvención;28/09/2026;2100;https://www.bocm.es/bocm-20240520-20
Concesiones;Orden de Convocatoria Becas Excel. Acad. 25-26. MATRIC. Univ.;CONSEJERÍA DE EDUCACIÓN, CIENCIA Y UNIVERSIDADES;877949;—;Subvención;28/09/2026;2100;https://www.bocm.es/bocm-20240520-20
Concesiones;Orden de Convocatoria Becas Excel. Acad. 25-26. MATRIC. Univ.;CONSEJERÍA DE EDUCACIÓN, CIENCIA Y UNIVERSIDADES;877949;—;Subvención;28/09/2026;2100;https://www.bocm.es/bocm-20240520-20
Concesiones;Orden de Convocatoria Becas Excel. Acad. 25-26. MATRIC. Univ.;CONSEJERÍA DE EDUCACIÓN, CIENCIA Y UNIVERSIDADES;877949;—;Subvención;28/09/2026;2100;https://www.bocm.es/bocm-20240520-20
Concesiones;Orden de Convocatoria Becas Excel. Acad. 25-26. MATRIC. Univ.;CONSEJERÍA DE EDUCACIÓN, CIENCIA Y UNIVERSIDADES;877949;—;Subvención;28/09/2026;2100;https://www.bocm.es/bocm-20240520-20
Concesiones;Orden de Convocatoria Becas Excel. Acad. 25-26. MATRIC. Univ.;CONSEJERÍA DE EDUCACIÓN, CIENCIA Y UNIVERSIDADES;877949;—;Subvención;28/09/2026;2100;https://www.bocm.es/bocm-20240520-20
Concesiones;Orden de Convocatoria Becas Excel. Acad. 25-26. MATRIC. Univ.;CONSEJERÍA DE EDUCACIÓN, CIENCIA Y UNIVERSIDADES;877949;—;Subvención;28/09/2026;2100;https://www.bocm.es/bocm-20240520-20
Concesiones;Orden de Convocatoria Becas Excel. Acad. 25-26. MATRIC. Univ.;CONSEJERÍA DE EDUCACIÓN, CIENCIA Y UNIVERSIDADES;877949;—;Subvención;28/09/2026;2100;https://www.bocm.es/bocm-20240520-20
Concesiones;Orden de Convocatoria Becas Excel. Acad. 25-26. MATRIC. Univ.;CONSEJERÍA DE EDUCACIÓN, CIENCIA Y UNIVERSIDADES;877949;—;Subvención;28/09/2026;2100;https://www.bocm.es/bocm-20240520-20
Concesiones;Orden de Convocatoria Becas Excel. Acad. 25-26. MATRIC. Univ.;CONSEJERÍA DE EDUCACIÓN, CIENCIA Y UNIVERSIDADES;877949;—;Subvención;28/09/2026;2100;https://www.bocm.es/bocm-20240520-20
Concesiones;Orden de Convocatoria Becas Excel. Acad. 25-26. MATRIC. Univ.;CONSEJERÍA DE EDUCACIÓN, CIENCIA Y UNIVERSIDADES;877949;—;Subvención;28/09/2026;2100;https://www.bocm.es/bocm-20240520-20
Concesiones;Orden de Convocatoria Becas Excel. Acad. 25-26. MATRIC. Univ.;CONSEJERÍA DE EDUCACIÓN, CIENCIA Y UNIVERSIDADES;877949;—;Subvención;28/09/2026;2100;https://www.bocm.es/bocm-20240520-20
Concesiones;Orden de Convocatoria Becas Excel. Acad. 25-26. MATRIC. Univ.;CONSEJERÍA DE EDUCACIÓN, CIENCIA Y UNIVERSIDADES;877949;—;Subvención;28/09/2026;2100;https://www.bocm.es/bocm-20240520-20
Concesiones;Orden de Convocatoria Becas Excel. Acad. 25-26. MATRIC. Univ.;CONSEJERÍA DE EDUCACIÓN, CIENCIA Y UNIVERSIDADES;877949;—;Subvención;28/09/2026;2100;https://www.bocm.es/bocm-20240520-20
Concesiones;Orden de Convocatoria Becas Excel. Acad. 25-26. MATRIC. Univ.;CONSEJERÍA DE EDUCACIÓN, CIENCIA Y UNIVERSIDADES;877949;—;Subvención;28/09/2026;2100;https://www.bocm.es/bocm-20240520-20
Concesiones;Orden de Convocatoria Becas Excel. Acad. 25-26. MATRIC. Univ.;CONSEJERÍA DE EDUCACIÓN, CIENCIA Y UNIVERSIDADES;877949;—;Subvención;28/09/2026;2100;https://www.bocm.es/bocm-20240520-20
Concesiones;Orden de Convocatoria Becas Excel. Acad. 25-26. MATRIC. Univ.;CONSEJERÍA DE EDUCACIÓN, CIENCIA Y UNIVERSIDADES;877949;—;Subvención;28/09/2026;2100;https://www.bocm.es/bocm-20240520-20
Concesiones;Orden de Convocatoria Becas Excel. Acad. 25-26. MATRIC. Univ.;CONSEJERÍA DE EDUCACIÓN, CIENCIA Y UNIVERSIDADES;877949;—;Subvención;28/09/2026;2100;https://www.bocm.es/bocm-20240520-20
Concesiones;Orden de Convocatoria Becas Excel. Acad. 25-26. MATRIC. Univ.;CONSEJERÍA DE EDUCACIÓN, CIENCIA Y UNIVERSIDADES;877949;—;Subvención;28/09/2026;2100;https://www.bocm.es/bocm-20240520-20
Concesiones;Orden de Convocatoria Becas Excel. Acad. 25-26. MATRIC. Univ.;CONSEJERÍA DE EDUCACIÓN, CIENCIA Y UNIVERSIDADES;877949;—;Subvención;28/09/2026;2100;https://www.bocm.es/bocm-20240520-20
Concesiones;Orden de Convocatoria Becas Excel. Acad. 25-26. MATRIC. Univ.;CONSEJERÍA DE EDUCACIÓN, CIENCIA Y UNIVERSIDADES;877949;—;Subvención;28/09/2026;2100;https://www.bocm.es/bocm-20240520-20
Concesiones;Orden de Convocatoria Becas Excel. Acad. 25-26. MATRIC. Univ.;CONSEJERÍA DE EDUCACIÓN, CIENCIA Y UNIVERSIDADES;877949;—;Subvención;28/09/2026;2100;https://www.bocm.es/bocm-20240520-20
Concesiones;Orden de Convocatoria Becas Excel. Acad. 25-26. MATRIC. Univ.;CONSEJERÍA DE EDUCACIÓN, CIENCIA Y UNIVERSIDADES;877949;—;Subvención;28/09/2026;2100;https://www.bocm.es/bocm-20240520-20
Concesiones;Orden de Convocatoria Becas Excel. Acad. 25-26. MATRIC. Univ.;CONSEJERÍA DE EDUCACIÓN, CIENCIA Y UNIVERSIDADES;877949;—;Subvención;28/09/2026;2100;https://www.bocm.es/bocm-20240520-20
Concesiones;Orden de Convocatoria Becas Excel. Acad. 25-26. MATRIC. Univ.;CONSEJERÍA DE EDUCACIÓN, CIENCIA Y UNIVERSIDADES;877949;—;Subvención;28/09/2026;2100;https://www.bocm.es/bocm-20240520-20
Concesiones;Orden de Convocatoria Becas Excel. Acad. 25-26. MATRIC. Univ.;CONSEJERÍA DE EDUCACIÓN, CIENCIA Y UNIVERSIDADES;877949;—;Subvención;28/09/2026;2100;https://www.bocm.es/bocm-20240520-20
Concesiones;Orden de Convocatoria Becas Excel. Acad. 25-26. MATRIC. Univ.;CONSEJERÍA DE EDUCACIÓN, CIENCIA Y UNIVERSIDADES;877949;—;Subvención;28/09/2026;2100;https://www.bocm.es/bocm-20240520-20
Concesiones;Orden de Convocatoria Becas Excel. Acad. 25-26. MATRIC. Univ.;CONSEJERÍA DE EDUCACIÓN, CIENCIA Y UNIVERSIDADES;877949;—;Subvención;28/09/2026;2100;https://www.bocm.es/bocm-20240520-20
Concesiones;Orden de Convocatoria Becas Excel. Acad. 25-26. MATRIC. Univ.;CONSEJERÍA DE EDUCACIÓN, CIENCIA Y UNIVERSIDADES;877949;—;Subvención;28/09/2026;2100;https://www.bocm.es/bocm-20240520-20
Concesiones;Orden de Convocatoria Becas Excel. Acad. 25-26. MATRIC. Univ.;CONSEJERÍA DE EDUCACIÓN, CIENCIA Y UNIVERSIDADES;877949;—;Subvención;28/09/2026;2100;https://www.bocm.es/bocm-20240520-20
Concesiones;Orden de Convocatoria Becas Excel. Acad. 25-26. MATRIC. Univ.;CONSEJERÍA DE EDUCACIÓN, CIENCIA Y UNIVERSIDADES;877949;—;Subvención;28/09/2026;2100;https://www.bocm.es/bocm-20240520-20
Concesiones;Orden de Convocatoria Becas Excel. Acad. 25-26. MATRIC. Univ.;CONSEJERÍA DE EDUCACIÓN, CIENCIA Y UNIVERSIDADES;877949;—;Subvención;28/09/2026;2100;https://www.bocm.es/bocm-20240520-20
Concesiones;Orden de Convocatoria Becas Excel. Acad. 25-26. MATRIC. Univ.;CONSEJERÍA DE EDUCACIÓN, CIENCIA Y UNIVERSIDADES;877949;—;Subvención;28/09/2026;2100;https://www.bocm.es/bocm-20240520-20
Concesiones;Orden de Convocatoria Becas Excel. Acad. 25-26. MATRIC. Univ.;CONSEJERÍA DE EDUCACIÓN, CIENCIA Y UNIVERSIDADES;877949;—;Subvención;28/09/2026;2100;https://www.bocm.es/bocm-20240520-20
Concesiones;Orden de Convocatoria Becas Excel. Acad. 25-26. MATRIC. Univ.;CONSEJERÍA DE EDUCACIÓN, CIENCIA Y UNIVERSIDADES;877949;—;Subvención;28/09/2026;2100;https://www.bocm.es/bocm-20240520-20
Concesiones;Orden de Convocatoria Becas Excel. Acad. 25-26. MATRIC. Univ.;CONSEJERÍA DE EDUCACIÓN, CIENCIA Y UNIVERSIDADES;877949;—;Subvención;28/09/2026;2100;https://www.bocm.es/bocm-20240520-20
Concesiones;Orden de Convocatoria Becas Excel. Acad. 25-26. MATRIC. Univ.;CONSEJERÍA DE EDUCACIÓN, CIENCIA Y UNIVERSIDADES;877949;—;Subvención;28/09/2026;2100;https://www.bocm.es/bocm-20240520-20
Concesiones;Orden de Convocatoria Becas Excel. Acad. 25-26. MATRIC. Univ.;CONSEJERÍA DE EDUCACIÓN, CIENCIA Y UNIVERSIDADES;877949;—;Subvención;28/09/2026;2100;https://www.bocm.es/bocm-20240520-20
Concesiones;Orden de Convocatoria Becas Excel. Acad. 25-26. MATRIC. Univ.;CONSEJERÍA DE EDUCACIÓN, CIENCIA Y UNIVERSIDADES;877949;—;Subvención;28/09/2026;2100;https://www.bocm.es/bocm-20240520-20
Concesiones;Orden de Convocatoria Becas Excel. Acad. 25-26. MATRIC. Univ.;CONSEJERÍA DE EDUCACIÓN, CIENCIA Y UNIVERSIDADES;877949;—;Subvención;28/09/2026;2100;https://www.bocm.es/bocm-20240520-20
Concesiones;Orden de Convocatoria Becas Excel. Acad. 25-26. MATRIC. Univ.;CONSEJERÍA DE EDUCACIÓN, CIENCIA Y UNIVERSIDADES;877949;—;Subvención;28/09/2026;2100;https://www.bocm.es/bocm-20240520-20
Concesiones;Orden de Convocatoria Becas Excel. Acad. 25-26. MATRIC. Univ.;CONSEJERÍA DE EDUCACIÓN, CIENCIA Y UNIVERSIDADES;877949;—;Subvención;28/09/2026;2100;https://www.bocm.es/bocm-20240520-20
Concesiones;Orden de Convocatoria Becas Excel. Acad. 25-26. MATRIC. Univ.;CONSEJERÍA DE EDUCACIÓN, CIENCIA Y UNIVERSIDADES;877949;—;Subvención;28/09/2026;2100;https://www.bocm.es/bocm-20240520-20
Concesiones;Orden de Convocatoria Becas Excel. Acad. 25-26. MATRIC. Univ.;CONSEJERÍA DE EDUCACIÓN, CIENCIA Y UNIVERSIDADES;877949;—;Subvención;28/09/2026;2100;https://www.bocm.es/bocm-20240520-20
Concesiones;Orden de Convocatoria Becas Excel. Acad. 25-26. MATRIC. Univ.;CONSEJERÍA DE EDUCACIÓN, CIENCIA Y UNIVERSIDADES;877949;—;Subvención;28/09/2026;2100;https://www.bocm.es/bocm-20240520-20
Concesiones;Orden de Convocatoria Becas Excel. Acad. 25-26. MATRIC. Univ.;CONSEJERÍA DE EDUCACIÓN, CIENCIA Y UNIVERSIDADES;877949;—;Subvención;28/09/2026;2100;https://www.bocm.es/bocm-20240520-20
Concesiones;Orden de Convocatoria Becas Excel. Acad. 25-26. MATRIC. Univ.;CONSEJERÍA DE EDUCACIÓN, CIENCIA Y UNIVERSIDADES;877949;—;Subvención;28/09/2026;2100;https://www.bocm.es/bocm-20240520-20
Concesiones;Orden de Convocatoria Becas Excel. Acad. 25-26. MATRIC. Univ.;CONSEJERÍA DE EDUCACIÓN, CIENCIA Y UNIVERSIDADES;877949;—;Subvención;28/09/2026;2100;https://www.bocm.es/bocm-20240520-20
Concesiones;Orden de Convocatoria Becas Excel. Acad. 25-26. MATRIC. Univ.;CONSEJERÍA DE EDUCACIÓN, CIENCIA Y UNIVERSIDADES;877949;—;Subvención;28/09/2026;2100;https://www.bocm.es/bocm-20240520-20
Concesiones;Orden de Convocatoria Becas Excel. Acad. 25-26. MATRIC. Univ.;CONSEJERÍA DE EDUCACIÓN, CIENCIA Y UNIVERSIDADES;877949;—;Subvención;28/09/2026;2100;https://www.bocm.es/bocm-20240520-20
Concesiones;Orden de Convocatoria Becas Excel. Acad. 25-26. MATRIC. Univ.;CONSEJERÍA DE EDUCACIÓN, CIENCIA Y UNIVERSIDADES;877949;—;Subvención;28/09/2026;2100;https://www.bocm.es/bocm-20240520-20
Concesiones;Orden de Convocatoria Becas Excel. Acad. 25-26. MATRIC. Univ.;CONSEJERÍA DE EDUCACIÓN, CIENCIA Y UNIVERSIDADES;877949;—;Subvención;28/09/2026;2100;https://www.bocm.es/bocm-20240520-20
Concesiones;Orden de Convocatoria Becas Excel. Acad. 25-26. MATRIC. Univ.;CONSEJERÍA DE EDUCACIÓN, CIENCIA Y UNIVERSIDADES;877949;—;Subvención;28/09/2026;2100;https://www.bocm.es/bocm-20240520-20
Concesiones;Orden de Convocatoria Becas Excel. Acad. 25-26. MATRIC. Univ.;CONSEJERÍA DE EDUCACIÓN, CIENCIA Y UNIVERSIDADES;877949;—;Subvención;28/09/2026;2100;https://www.bocm.es/bocm-20240520-20
Concesiones;Orden de Convocatoria Becas Excel. Acad. 25-26. MATRIC. Univ.;CONSEJERÍA DE EDUCACIÓN, CIENCIA Y UNIVERSIDADES;877949;—;Subvención;28/09/2026;2100;https://www.bocm.es/bocm-20240520-20
Concesiones;Orden de Convocatoria Becas Excel. Acad. 25-26. MATRIC. Univ.;CONSEJERÍA DE EDUCACIÓN, CIENCIA Y UNIVERSIDADES;877949;—;Subvención;28/09/2026;2100;https://www.bocm.es/bocm-20240520-20
Concesiones;Orden de Convocatoria Becas Excel. Acad. 25-26. MATRIC. Univ.;CONSEJERÍA DE EDUCACIÓN, CIENCIA Y UNIVERSIDADES;877949;—;Subvención;28/09/2026;2100;https://www.bocm.es/bocm-20240520-20
Concesiones;Orden de Convocatoria Becas Excel. Acad. 25-26. MATRIC. Univ.;CONSEJERÍA DE EDUCACIÓN, CIENCIA Y UNIVERSIDADES;877949;—;Subvención;28/09/2026;2100;https://www.bocm.es/bocm-20240520-20
Concesiones;Orden de Convocatoria Becas Excel. Acad. 25-26. MATRIC. Univ.;CONSEJERÍA DE EDUCACIÓN, CIENCIA Y UNIVERSIDADES;877949;—;Subvención;28/09/2026;2100;https://www.bocm.es/bocm-20240520-20
Concesiones;Orden de Convocatoria Becas Excel. Acad. 25-26. MATRIC. Univ.;CONSEJERÍA DE EDUCACIÓN, CIENCIA Y UNIVERSIDADES;877949;—;Subvención;28/09/2026;2100;https://www.bocm.es/bocm-20240520-20
Concesiones;Orden de Convocatoria Becas Excel. Acad. 25-26. MATRIC. Univ.;CONSEJERÍA DE EDUCACIÓN, CIENCIA Y UNIVERSIDADES;877949;—;Subvención;28/09/2026;2100;https://www.bocm.es/bocm-20240520-20
Concesiones;Orden de Convocatoria Becas Excel. Acad. 25-26. MATRIC. Univ.;CONSEJERÍA DE EDUCACIÓN, CIENCIA Y UNIVERSIDADES;877949;—;Subvención;28/09/2026;2100;https://www.bocm.es/bocm-20240520-20
Concesiones;Orden de Convocatoria Becas Excel. Acad. 25-26. MATRIC. Univ.;CONSEJERÍA DE EDUCACIÓN, CIENCIA Y UNIVERSIDADES;877949;—;Subvención;28/09/2026;2100;https://www.bocm.es/bocm-20240520-20
Concesiones;Orden de Convocatoria Becas Excel. Acad. 25-26. MATRIC. Univ.;CONSEJERÍA DE EDUCACIÓN, CIENCIA Y UNIVERSIDADES;877949;—;Subvención;28/09/2026;2100;https://www.bocm.es/bocm-20240520-20
Concesiones;Orden de Convocatoria Becas Excel. Acad. 25-26. MATRIC. Univ.;CONSEJERÍA DE EDUCACIÓN, CIENCIA Y UNIVERSIDADES;877949;—;Subvención;28/09/2026;2100;https://www.bocm.es/bocm-20240520-20
Concesiones;Orden de Convocatoria Becas Excel. Acad. 25-26. MATRIC. Univ.;CONSEJERÍA DE EDUCACIÓN, CIENCIA Y UNIVERSIDADES;877949;—;Subvención;28/09/2026;2100;https://www.bocm.es/bocm-20240520-20
Concesiones;Orden de Convocatoria Becas Excel. Acad. 25-26. MATRIC. Univ.;CONSEJERÍA DE EDUCACIÓN, CIENCIA Y UNIVERSIDADES;877949;—;Subvención;28/09/2026;2100;https://www.bocm.es/bocm-20240520-20
Concesiones;Orden de Convocatoria Becas Excel. Acad. 25-26. MATRIC. Univ.;CONSEJERÍA DE EDUCACIÓN, CIENCIA Y UNIVERSIDADES;877949;—;Subvención;28/09/2026;2100;https://www.bocm.es/bocm-20240520-20
Concesiones;Orden de Convocatoria Becas Excel. Acad. 25-26. MATRIC. Univ.;CONSEJERÍA DE EDUCACIÓN, CIENCIA Y UNIVERSIDADES;877949;—;Subvención;28/09/2026;2100;https://www.bocm.es/bocm-20240520-20
Concesiones;Orden de Convocatoria Becas Excel. Acad. 25-26. MATRIC. Univ.;CONSEJERÍA DE EDUCACIÓN, CIENCIA Y UNIVERSIDADES;877949;—;Subvención;28/09/2026;2100;https://www.bocm.es/bocm-20240520-20
Concesiones;Orden de Convocatoria Becas Excel. Acad. 25-26. MATRIC. Univ.;CONSEJERÍA DE EDUCACIÓN, CIENCIA Y UNIVERSIDADES;877949;—;Subvención;28/09/2026;2100;https://www.bocm.es/bocm-20240520-20
Concesiones;Orden de Convocatoria Becas Excel. Acad. 25-26. MATRIC. Univ.;CONSEJERÍA DE EDUCACIÓN, CIENCIA Y UNIVERSIDADES;877949;—;Subvención;28/09/2026;2100;https://www.bocm.es/bocm-20240520-20
Concesiones;Orden de Convocatoria Becas Excel. Acad. 25-26. MATRIC. Univ.;CONSEJERÍA DE EDUCACIÓN, CIENCIA Y UNIVERSIDADES;877949;—;Subvención;28/09/2026;2100;https://www.bocm.es/bocm-20240520-20
Concesiones;Orden de Convocatoria Becas Excel. Acad. 25-26. MATRIC. Univ.;CONSEJERÍA DE EDUCACIÓN, CIENCIA Y UNIVERSIDADES;877949;—;Subvención;28/09/2026;2100;https://www.bocm.es/bocm-20240520-20
Concesiones;Orden de Convocatoria Becas Excel. Acad. 25-26. MATRIC. Univ.;CONSEJERÍA DE EDUCACIÓN, CIENCIA Y UNIVERSIDADES;877949;—;Subvención;28/09/2026;2100;https://www.bocm.es/bocm-20240520-20
Concesiones;Orden de Convocatoria Becas Excel. Acad. 25-26. MATRIC. Univ.;CONSEJERÍA DE EDUCACIÓN, CIENCIA Y UNIVERSIDADES;877949;—;Subvención;28/09/2026;2100;https://www.bocm.es/bocm-20240520-20
Concesiones;Orden de Convocatoria Becas Excel. Acad. 25-26. MATRIC. Univ.;CONSEJERÍA DE EDUCACIÓN, CIENCIA Y UNIVERSIDADES;877949;—;Subvención;28/09/2026;2100;https://www.bocm.es/bocm-20240520-20
Concesiones;Orden de Convocatoria Becas Excel. Acad. 25-26. MATRIC. Univ.;CONSEJERÍA DE EDUCACIÓN, CIENCIA Y UNIVERSIDADES;877949;—;Subvención;28/09/2026;2100;https://www.bocm.es/bocm-20240520-20
Concesiones;Orden de Convocatoria Becas Excel. Acad. 25-26. MATRIC. Univ.;CONSEJERÍA DE EDUCACIÓN, CIENCIA Y UNIVERSIDADES;877949;—;Subvención;28/09/2026;2100;https://www.bocm.es/bocm-20240520-20
Concesiones;Orden de Convocatoria Becas Excel. Acad. 25-26. MATRIC. Univ.;CONSEJERÍA DE EDUCACIÓN, CIENCIA Y UNIVERSIDADES;877949;—;Subvención;28/09/2026;2100;https://www.bocm.es/bocm-20240520-20
Concesiones;Orden de Convocatoria Becas Excel. Acad. 25-26. MATRIC. Univ.;CONSEJERÍA DE EDUCACIÓN, CIENCIA Y UNIVERSIDADES;877949;—;Subvención;28/09/2026;2100;https://www.bocm.es/bocm-20240520-20
Concesiones;Orden de Convocatoria Becas Excel. Acad. 25-26. MATRIC. Univ.;CONSEJERÍA DE EDUCACIÓN, CIENCIA Y UNIVERSIDADES;877949;—;Subvención;28/09/2026;2100;https://www.bocm.es/bocm-20240520-20
Concesiones;Orden de Convocatoria Becas Excel. Acad. 25-26. MATRIC. Univ.;CONSEJERÍA DE EDUCACIÓN, CIENCIA Y UNIVERSIDADES;877949;—;Subvención;28/09/2026;2100;https://www.bocm.es/bocm-20240520-20
Concesiones;Orden de Convocatoria Becas Excel. Acad. 25-26. MATRIC. Univ.;CONSEJERÍA DE EDUCACIÓN, CIENCIA Y UNIVERSIDADES;877949;—;Subvención;28/09/2026;2100;https://www.bocm.es/bocm-20240520-20
Concesiones;Orden de Convocatoria Becas Excel. Acad. 25-26. MATRIC. Univ.;CONSEJERÍA DE EDUCACIÓN, CIENCIA Y UNIVERSIDADES;877949;—;Subvención;28/09/2026;2100;https://www.bocm.es/bocm-20240520-20
Concesiones;Orden de Convocatoria Becas Excel. Acad. 25-26. MATRIC. Univ.;CONSEJERÍA DE EDUCACIÓN, CIENCIA Y UNIVERSIDADES;877949;—;Subvención;28/09/2026;2100;https://www.bocm.es/bocm-20240520-20
Concesiones;Orden de Convocatoria Becas Excel. Acad. 25-26. MATRIC. Univ.;CONSEJERÍA DE EDUCACIÓN, CIENCIA Y UNIVERSIDADES;877949;—;Subvención;28/09/2026;2100;https://www.bocm.es/bocm-20240520-20
Concesiones;Orden de Convocatoria Becas Excel. Acad. 25-26. MATRIC. Univ.;CONSEJERÍA DE EDUCACIÓN, CIENCIA Y UNIVERSIDADES;877949;—;Subvención;28/09/2026;2100;https://www.bocm.es/bocm-20240520-20
Concesiones;Orden de Convocatoria Becas Excel. Acad. 25-26. MATRIC. Univ.;CONSEJERÍA DE EDUCACIÓN, CIENCIA Y UNIVERSIDADES;877949;—;Subvención;28/09/2026;2100;https://www.bocm.es/bocm-20240520-20
Concesiones;Orden de Convocatoria Becas Excel. Acad. 25-26. MATRIC. Univ.;CONSEJERÍA DE EDUCACIÓN, CIENCIA Y UNIVERSIDADES;877949;—;Subvención;28/09/2026;2100;https://www.bocm.es/bocm-20240520-20
Concesiones;Orden de Convocatoria Becas Excel. Acad. 25-26. MATRIC. Univ.;CONSEJERÍA DE EDUCACIÓN, CIENCIA Y UNIVERSIDADES;877949;—;Subvención;28/09/2026;2100;https://www.bocm.es/bocm-20240520-20
Concesiones;Orden de Convocatoria Becas Excel. Acad. 25-26. MATRIC. Univ.;CONSEJERÍA DE EDUCACIÓN, CIENCIA Y UNIVERSIDADES;877949;—;Subvención;28/09/2026;2100;https://www.bocm.es/bocm-20240520-20
Concesiones;Orden de Convocatoria Becas Excel. Acad. 25-26. MATRIC. Univ.;CONSEJERÍA DE EDUCACIÓN, CIENCIA Y UNIVERSIDADES;877949;—;Subvención;28/09/2026;2100;https://www.bocm.es/bocm-20240520-20
Concesiones;Orden de Convocatoria Becas Excel. Acad. 25-26. MATRIC. Univ.;CONSEJERÍA DE EDUCACIÓN, CIENCIA Y UNIVERSIDADES;877949;—;Subvención;28/09/2026;2100;https://www.bocm.es/bocm-20240520-20
Concesiones;Orden de Convocatoria Becas Excel. Acad. 25-26. MATRIC. Univ.;CONSEJERÍA DE EDUCACIÓN, CIENCIA Y UNIVERSIDADES;877949;—;Subvención;28/09/2026;2100;https://www.bocm.es/bocm-20240520-20
Concesiones;Orden de Convocatoria Becas Excel. Acad. 25-26. MATRIC. Univ.;CONSEJERÍA DE EDUCACIÓN, CIENCIA Y UNIVERSIDADES;877949;—;Subvención;28/09/2026;2100;https://www.bocm.es/bocm-20240520-20
Concesiones;Orden de Convocatoria Becas Excel. Acad. 25-26. MATRIC. Univ.;CONSEJERÍA DE EDUCACIÓN, CIENCIA Y UNIVERSIDADES;877949;—;Subvención;28/09/2026;2100;https://www.bocm.es/bocm-20240520-20
Concesiones;Orden de Convocatoria Becas Excel. Acad. 25-26. MATRIC. Univ.;CONSEJERÍA DE EDUCACIÓN, CIENCIA Y UNIVERSIDADES;877949;—;Subvención;28/09/2026;2100;https://www.bocm.es/bocm-20240520-20
Concesiones;Orden de Convocatoria Becas Excel. Acad. 25-26. MATRIC. Univ.;CONSEJERÍA DE EDUCACIÓN, CIENCIA Y UNIVERSIDADES;877949;—;Subvención;28/09/2026;2100;https://www.bocm.es/bocm-20240520-20
Concesiones;Orden de Convocatoria Becas Excel. Acad. 25-26. MATRIC. Univ.;CONSEJERÍA DE EDUCACIÓN, CIENCIA Y UNIVERSIDADES;877949;—;Subvención;28/09/2026;2100;https://www.bocm.es/bocm-20240520-20
Concesiones;Orden de Convocatoria Becas Excel. Acad. 25-26. MATRIC. Univ.;CONSEJERÍA DE EDUCACIÓN, CIENCIA Y UNIVERSIDADES;877949;—;Subvención;28/09/2026;2100;https://www.bocm.es/bocm-20240520-20
Concesiones;Orden de Convocatoria Becas Excel. Acad. 25-26. MATRIC. Univ.;CONSEJERÍA DE EDUCACIÓN, CIENCIA Y UNIVERSIDADES;877949;—;Subvención;28/09/2026;2100;https://www.bocm.es/bocm-20240520-20
Concesiones;Orden de Convocatoria Becas Excel. Acad. 25-26. MATRIC. Univ.;CONSEJERÍA DE EDUCACIÓN, CIENCIA Y UNIVERSIDADES;877949;—;Subvención;28/09/2026;2100;https://www.bocm.es/bocm-20240520-20
Concesiones;Orden de Convocatoria Becas Excel. Acad. 25-26. MATRIC. Univ.;CONSEJERÍA DE EDUCACIÓN, CIENCIA Y UNIVERSIDADES;877949;—;Subvención;28/09/2026;2100;https://www.bocm.es/bocm-20240520-20
Concesiones;Orden de Convocatoria Becas Excel. Acad. 25-26. MATRIC. Univ.;CONSEJERÍA DE EDUCACIÓN, CIENCIA Y UNIVERSIDADES;877949;—;Subvención;28/09/2026;2100;https://www.bocm.es/bocm-20240520-20
Concesiones;Orden de Convocatoria Becas Excel. Acad. 25-26. MATRIC. Univ.;CONSEJERÍA DE EDUCACIÓN, CIENCIA Y UNIVERSIDADES;877949;—;Subvención;28/09/2026;2100;https://www.bocm.es/bocm-20240520-20
Concesiones;Orden de Convocatoria Becas Excel. Acad. 25-26. MATRIC. Univ.;CONSEJERÍA DE EDUCACIÓN, CIENCIA Y UNIVERSIDADES;877949;—;Subvención;28/09/2026;2100;https://www.bocm.es/bocm-20240520-20
Concesiones;Orden de Convocatoria Becas Excel. Acad. 25-26. MATRIC. Univ.;CONSEJERÍA DE EDUCACIÓN, CIENCIA Y UNIVERSIDADES;877949;—;Subvención;28/09/2026;2100;https://www.bocm.es/bocm-20240520-20
Concesiones;Orden de Convocatoria Becas Excel. Acad. 25-26. MATRIC. Univ.;CONSEJERÍA DE EDUCACIÓN, CIENCIA Y UNIVERSIDADES;877949;—;Subvención;28/09/2026;2100;https://www.bocm.es/bocm-20240520-20
Concesiones;Orden de Convocatoria Becas Excel. Acad. 25-26. MATRIC. Univ.;CONSEJERÍA DE EDUCACIÓN, CIENCIA Y UNIVERSIDADES;877949;—;Subvención;28/09/2026;2100;https://www.bocm.es/bocm-20240520-20
Concesiones;Orden de Convocatoria Becas Excel. Acad. 25-26. MATRIC. Univ.;CONSEJERÍA DE EDUCACIÓN, CIENCIA Y UNIVERSIDADES;877949;—;Subvención;28/09/2026;2100;https://www.bocm.es/bocm-20240520-20
Concesiones;Orden de Convocatoria Becas Excel. Acad. 25-26. MATRIC. Univ.;CONSEJERÍA DE EDUCACIÓN, CIENCIA Y UNIVERSIDADES;877949;—;Subvención;28/09/2026;2100;https://www.bocm.es/bocm-20240520-20
Concesiones;Orden de Convocatoria Becas Excel. Acad. 25-26. MATRIC. Univ.;CONSEJERÍA DE EDUCACIÓN, CIENCIA Y UNIVERSIDADES;877949;—;Subvención;28/09/2026;2100;https://www.bocm.es/bocm-20240520-20
Concesiones;Orden de Convocatoria Becas Excel. Acad. 25-26. MATRIC. Univ.;CONSEJERÍA DE EDUCACIÓN, CIENCIA Y UNIVERSIDADES;877949;—;Subvención;28/09/2026;2100;https://www.bocm.es/bocm-20240520-20
Concesiones;Orden de Convocatoria Becas Excel. Acad. 25-26. MATRIC. Univ.;CONSEJERÍA DE EDUCACIÓN, CIENCIA Y UNIVERSIDADES;877949;—;Subvención;28/09/2026;2100;https://www.bocm.es/bocm-20240520-20
Concesiones;Orden de Convocatoria Becas Excel. Acad. 25-26. MATRIC. Univ.;CONSEJERÍA DE EDUCACIÓN, CIENCIA Y UNIVERSIDADES;877949;—;Subvención;28/09/2026;2100;https://www.bocm.es/bocm-20240520-20
Concesiones;Orden de Convocatoria Becas Excel. Acad. 25-26. MATRIC. Univ.;CONSEJERÍA DE EDUCACIÓN, CIENCIA Y UNIVERSIDADES;877949;—;Subvención;28/09/2026;2100;https://www.bocm.es/bocm-20240520-20
Concesiones;Orden de Convocatoria Becas Excel. Acad. 25-26. MATRIC. Univ.;CONSEJERÍA DE EDUCACIÓN, CIENCIA Y UNIVERSIDADES;877949;—;Subvención;28/09/2026;2100;https://www.bocm.es/bocm-20240520-20
Concesiones;Orden de Convocatoria Becas Excel. Acad. 25-26. MATRIC. Univ.;CONSEJERÍA DE EDUCACIÓN, CIENCIA Y UNIVERSIDADES;877949;—;Subvención;28/09/2026;2100;https://www.bocm.es/bocm-20240520-20
Concesiones;Orden de Convocatoria Becas Excel. Acad. 25-26. MATRIC. Univ.;CONSEJERÍA DE EDUCACIÓN, CIENCIA Y UNIVERSIDADES;877949;—;Subvención;28/09/2026;2100;https://www.bocm.es/bocm-20240520-20
Concesiones;Orden de Convocatoria Becas Excel. Acad. 25-26. MATRIC. Univ.;CONSEJERÍA DE EDUCACIÓN, CIENCIA Y UNIVERSIDADES;877949;—;Subvención;28/09/2026;2100;https://www.bocm.es/bocm-20240520-20
Concesiones;Orden de Convocatoria Becas Excel. Acad. 25-26. MATRIC. Univ.;CONSEJERÍA DE EDUCACIÓN, CIENCIA Y UNIVERSIDADES;877949;—;Subvención;28/09/2026;2100;https://www.bocm.es/bocm-20240520-20
Concesiones;Orden de Convocatoria Becas Excel. Acad. 25-26. MATRIC. Univ.;CONSEJERÍA DE EDUCACIÓN, CIENCIA Y UNIVERSIDADES;877949;—;Subvención;28/09/2026;2100;https://www.bocm.es/bocm-20240520-20
Concesiones;Orden de Convocatoria Becas Excel. Acad. 25-26. MATRIC. Univ.;CONSEJERÍA DE EDUCACIÓN, CIENCIA Y UNIVERSIDADES;877949;—;Subvención;28/09/2026;2100;https://www.bocm.es/bocm-20240520-20
Concesiones;Orden de Convocatoria Becas Excel. Acad. 25-26. MATRIC. Univ.;CONSEJERÍA DE EDUCACIÓN, CIENCIA Y UNIVERSIDADES;877949;—;Subvención;28/09/2026;2100;https://www.bocm.es/bocm-20240520-20
Concesiones;Orden de Convocatoria Becas Excel. Acad. 25-26. MATRIC. Univ.;CONSEJERÍA DE EDUCACIÓN, CIENCIA Y UNIVERSIDADES;877949;—;Subvención;28/09/2026;2100;https://www.bocm.es/bocm-20240520-20
Concesiones;Orden de Convocatoria Becas Excel. Acad. 25-26. MATRIC. Univ.;CONSEJERÍA DE EDUCACIÓN, CIENCIA Y UNIVERSIDADES;877949;—;Subvención;28/09/2026;2100;https://www.bocm.es/bocm-20240520-20
Concesiones;Orden de Convocatoria Becas Excel. Acad. 25-26. MATRIC. Univ.;CONSEJERÍA DE EDUCACIÓN, CIENCIA Y UNIVERSIDADES;877949;—;Subvención;28/09/2026;2100;https://www.bocm.es/bocm-20240520-20
Concesiones;Orden de Convocatoria Becas Excel. Acad. 25-26. MATRIC. Univ.;CONSEJERÍA DE EDUCACIÓN, CIENCIA Y UNIVERSIDADES;877949;—;Subvención;28/09/2026;2100;https://www.bocm.es/bocm-20240520-20
Concesiones;Orden de Convocatoria Becas Excel. Acad. 25-26. MATRIC. Univ.;CONSEJERÍA DE EDUCACIÓN, CIENCIA Y UNIVERSIDADES;877949;—;Subvención;28/09/2026;2100;https://www.bocm.es/bocm-20240520-20
Concesiones;Orden de Convocatoria Becas Excel. Acad. 25-26. MATRIC. Univ.;CONSEJERÍA DE EDUCACIÓN, CIENCIA Y UNIVERSIDADES;877949;—;Subvención;28/09/2026;2100;https://www.bocm.es/bocm-20240520-20
Concesiones;Orden de Convocatoria Becas Excel. Acad. 25-26. MATRIC. Univ.;CONSEJERÍA DE EDUCACIÓN, CIENCIA Y UNIVERSIDADES;877949;—;Subvención;28/09/2026;2100;https://www.bocm.es/bocm-20240520-20
Concesiones;Orden de Convocatoria Becas Excel. Acad. 25-26. MATRIC. Univ.;CONSEJERÍA DE EDUCACIÓN, CIENCIA Y UNIVERSIDADES;877949;—;Subvención;28/09/2026;2100;https://www.bocm.es/bocm-20240520-20
Concesiones;Orden de Convocatoria Becas Excel. Acad. 25-26. MATRIC. Univ.;CONSEJERÍA DE EDUCACIÓN, CIENCIA Y UNIVERSIDADES;877949;—;Subvención;28/09/2026;2100;https://www.bocm.es/bocm-20240520-20
Concesiones;Orden de Convocatoria Becas Excel. Acad. 25-26. MATRIC. Univ.;CONSEJERÍA DE EDUCACIÓN, CIENCIA Y UNIVERSIDADES;877949;—;Subvención;28/09/2026;2100;https://www.bocm.es/bocm-20240520-20
Concesiones;Orden de Convocatoria Becas Excel. Acad. 25-26. MATRIC. Univ.;CONSEJERÍA DE EDUCACIÓN, CIENCIA Y UNIVERSIDADES;877949;—;Subvención;28/09/2026;2100;https://www.bocm.es/bocm-20240520-20
Concesiones;Orden de Convocatoria Becas Excel. Acad. 25-26. MATRIC. Univ.;CONSEJERÍA DE EDUCACIÓN, CIENCIA Y UNIVERSIDADES;877949;—;Subvención;28/09/2026;2100;https://www.bocm.es/bocm-20240520-20
Concesiones;Orden de Convocatoria Becas Excel. Acad. 25-26. MATRIC. Univ.;CONSEJERÍA DE EDUCACIÓN, CIENCIA Y UNIVERSIDADES;877949;—;Subvención;28/09/2026;2100;https://www.bocm.es/bocm-20240520-20
Concesiones;Orden de Convocatoria Becas Excel. Acad. 25-26. MATRIC. Univ.;CONSEJERÍA DE EDUCACIÓN, CIENCIA Y UNIVERSIDADES;877949;—;Subvención;28/09/2026;2100;https://www.bocm.es/bocm-20240520-20
Concesiones;Orden de Convocatoria Becas Excel. Acad. 25-26. MATRIC. Univ.;CONSEJERÍA DE EDUCACIÓN, CIENCIA Y UNIVERSIDADES;877949;—;Subvención;28/09/2026;2100;https://www.bocm.es/bocm-20240520-20
Concesiones;Orden de Convocatoria Becas Excel. Acad. 25-26. MATRIC. Univ.;CONSEJERÍA DE EDUCACIÓN, CIENCIA Y UNIVERSIDADES;877949;—;Subvención;28/09/2026;2100;https://www.bocm.es/bocm-20240520-20
Concesiones;Orden de Convocatoria Becas Excel. Acad. 25-26. MATRIC. Univ.;CONSEJERÍA DE EDUCACIÓN, CIENCIA Y UNIVERSIDADES;877949;—;Subvención;28/09/2026;2100;https://www.bocm.es/bocm-20240520-20
Concesiones;Orden de Convocatoria Becas Excel. Acad. 25-26. MATRIC. Univ.;CONSEJERÍA DE EDUCACIÓN, CIENCIA Y UNIVERSIDADES;877949;—;Subvención;28/09/2026;2100;https://www.bocm.es/bocm-20240520-20
Concesiones;Orden de Convocatoria Becas Excel. Acad. 25-26. MATRIC. Univ.;CONSEJERÍA DE EDUCACIÓN, CIENCIA Y UNIVERSIDADES;877949;—;Subvención;28/09/2026;2100;https://www.bocm.es/bocm-20240520-20
Concesiones;Orden de Convocatoria Becas Excel. Acad. 25-26. MATRIC. Univ.;CONSEJERÍA DE EDUCACIÓN, CIENCIA Y UNIVERSIDADES;877949;—;Subvención;28/09/2026;2100;https://www.bocm.es/bocm-20240520-20
Concesiones;Orden de Convocatoria Becas Excel. Acad. 25-26. MATRIC. Univ.;CONSEJERÍA DE EDUCACIÓN, CIENCIA Y UNIVERSIDADES;877949;—;Subvención;28/09/2026;2100;https://www.bocm.es/bocm-20240520-20
Concesiones;Orden de Convocatoria Becas Excel. Acad. 25-26. MATRIC. Univ.;CONSEJERÍA DE EDUCACIÓN, CIENCIA Y UNIVERSIDADES;877949;—;Subvención;28/09/2026;2100;https://www.bocm.es/bocm-20240520-20
Concesiones;Orden de Convocatoria Becas Excel. Acad. 25-26. MATRIC. Univ.;CONSEJERÍA DE EDUCACIÓN, CIENCIA Y UNIVERSIDADES;877949;—;Subvención;28/09/2026;2100;https://www.bocm.es/bocm-20240520-20
Concesiones;Orden de Convocatoria Becas Excel. Acad. 25-26. MATRIC. Univ.;CONSEJERÍA DE EDUCACIÓN, CIENCIA Y UNIVERSIDADES;877949;—;Subvención;28/09/2026;2100;https://www.bocm.es/bocm-20240520-20
Concesiones;Orden de Convocatoria Becas Excel. Acad. 25-26. MATRIC. Univ.;CONSEJERÍA DE EDUCACIÓN, CIENCIA Y UNIVERSIDADES;877949;—;Subvención;28/09/2026;2100;https://www.bocm.es/bocm-20240520-20
Concesiones;Orden de Convocatoria Becas Excel. Acad. 25-26. MATRIC. Univ.;CONSEJERÍA DE EDUCACIÓN, CIENCIA Y UNIVERSIDADES;877949;—;Subvención;28/09/2026;2100;https://www.bocm.es/bocm-20240520-20
Concesiones;Orden de Convocatoria Becas Excel. Acad. 25-26. MATRIC. Univ.;CONSEJERÍA DE EDUCACIÓN, CIENCIA Y UNIVERSIDADES;877949;—;Subvención;28/09/2026;2100;https://www.bocm.es/bocm-20240520-20
Concesiones;Orden de Convocatoria Becas Excel. Acad. 25-26. MATRIC. Univ.;CONSEJERÍA DE EDUCACIÓN, CIENCIA Y UNIVERSIDADES;877949;—;Subvención;28/09/2026;2100;https://www.bocm.es/bocm-20240520-20
Concesiones;Orden de Convocatoria Becas Excel. Acad. 25-26. MATRIC. Univ.;CONSEJERÍA DE EDUCACIÓN, CIENCIA Y UNIVERSIDADES;877949;—;Subvención;28/09/2026;2100;https://www.bocm.es/bocm-20240520-20
Concesiones;Orden de Convocatoria Becas Excel. Acad. 25-26. MATRIC. Univ.;CONSEJERÍA DE EDUCACIÓN, CIENCIA Y UNIVERSIDADES;877949;—;Subvención;28/09/2026;2100;https://www.bocm.es/bocm-20240520-20
Concesiones;Orden de Convocatoria Becas Excel. Acad. 25-26. MATRIC. Univ.;CONSEJERÍA DE EDUCACIÓN, CIENCIA Y UNIVERSIDADES;877949;—;Subvención;28/09/2026;2100;https://www.bocm.es/bocm-20240520-20
Concesiones;Orden de Convocatoria Becas Excel. Acad. 25-26. MATRIC. Univ.;CONSEJERÍA DE EDUCACIÓN, CIENCIA Y UNIVERSIDADES;877949;—;Subvención;28/09/2026;2100;https://www.bocm.es/bocm-20240520-20
Concesiones;Orden de Convocatoria Becas Excel. Acad. 25-26. MATRIC. Univ.;CONSEJERÍA DE EDUCACIÓN, CIENCIA Y UNIVERSIDADES;877949;—;Subvención;28/09/2026;2100;https://www.bocm.es/bocm-20240520-20
Concesiones;Orden de Convocatoria Becas Excel. Acad. 25-26. MATRIC. Univ.;CONSEJERÍA DE EDUCACIÓN, CIENCIA Y UNIVERSIDADES;877949;—;Subvención;28/09/2026;2100;https://www.bocm.es/bocm-20240520-20
Concesiones;Orden de Convocatoria Becas Excel. Acad. 25-26. MATRIC. Univ.;CONSEJERÍA DE EDUCACIÓN, CIENCIA Y UNIVERSIDADES;877949;—;Subvención;28/09/2026;2100;https://www.bocm.es/bocm-20240520-20
Concesiones;Orden de Convocatoria Becas Excel. Acad. 25-26. MATRIC. Univ.;CONSEJERÍA DE EDUCACIÓN, CIENCIA Y UNIVERSIDADES;877949;—;Subvención;28/09/2026;2100;https://www.bocm.es/bocm-20240520-20
Concesiones;Orden de Convocatoria Becas Excel. Acad. 25-26. MATRIC. Univ.;CONSEJERÍA DE EDUCACIÓN, CIENCIA Y UNIVERSIDADES;877949;—;Subvención;28/09/2026;2100;https://www.bocm.es/bocm-20240520-20
Concesiones;Orden de Convocatoria Becas Excel. Acad. 25-26. MATRIC. Univ.;CONSEJERÍA DE EDUCACIÓN, CIENCIA Y UNIVERSIDADES;877949;—;Subvención;28/09/2026;2100;https://www.bocm.es/bocm-20240520-20
Concesiones;Orden de Convocatoria Becas Excel. Acad. 25-26. MATRIC. Univ.;CONSEJERÍA DE EDUCACIÓN, CIENCIA Y UNIVERSIDADES;877949;—;Subvención;28/09/2026;2100;https://www.bocm.es/bocm-20240520-20
Concesiones;Orden de Convocatoria Becas Excel. Acad. 25-26. MATRIC. Univ.;CONSEJERÍA DE EDUCACIÓN, CIENCIA Y UNIVERSIDADES;877949;—;Subvención;28/09/2026;2100;https://www.bocm.es/bocm-20240520-20
Concesiones;Orden de Convocatoria Becas Excel. Acad. 25-26. MATRIC. Univ.;CONSEJERÍA DE EDUCACIÓN, CIENCIA Y UNIVERSIDADES;877949;—;Subvención;28/09/2026;2100;https://www.bocm.es/bocm-20240520-20
Concesiones;Orden de Convocatoria Becas Excel. Acad. 25-26. MATRIC. Univ.;CONSEJERÍA DE EDUCACIÓN, CIENCIA Y UNIVERSIDADES;877949;—;Subvención;28/09/2026;2100;https://www.bocm.es/bocm-20240520-20
Concesiones;Orden de Convocatoria Becas Excel. Acad. 25-26. MATRIC. Univ.;CONSEJERÍA DE EDUCACIÓN, CIENCIA Y UNIVERSIDADES;877949;—;Subvención;28/09/2026;2100;https://www.bocm.es/bocm-20240520-20
Concesiones;Orden de Convocatoria Becas Excel. Acad. 25-26. MATRIC. Univ.;CONSEJERÍA DE EDUCACIÓN, CIENCIA Y UNIVERSIDADES;877949;—;Subvención;28/09/2026;2100;https://www.bocm.es/bocm-20240520-20
Concesiones;Orden de Convocatoria Becas Excel. Acad. 25-26. MATRIC. Univ.;CONSEJERÍA DE EDUCACIÓN, CIENCIA Y UNIVERSIDADES;877949;—;Subvención;28/09/2026;2100;https://www.bocm.es/bocm-20240520-20
Concesiones;Orden de Convocatoria Becas Excel. Acad. 25-26. MATRIC. Univ.;CONSEJERÍA DE EDUCACIÓN, CIENCIA Y UNIVERSIDADES;877949;—;Subvención;28/09/2026;2100;https://www.bocm.es/bocm-20240520-20
Concesiones;Orden de Convocatoria Becas Excel. Acad. 25-26. MATRIC. Univ.;CONSEJERÍA DE EDUCACIÓN, CIENCIA Y UNIVERSIDADES;877949;—;Subvención;28/09/2026;2100;https://www.bocm.es/bocm-20240520-20
Concesiones;Orden de Convocatoria Becas Excel. Acad. 25-26. MATRIC. Univ.;CONSEJERÍA DE EDUCACIÓN, CIENCIA Y UNIVERSIDADES;877949;—;Subvención;28/09/2026;2100;https://www.bocm.es/bocm-20240520-20
Concesiones;Orden de Convocatoria Becas Excel. Acad. 25-26. MATRIC. Univ.;CONSEJERÍA DE EDUCACIÓN, CIENCIA Y UNIVERSIDADES;877949;—;Subvención;28/09/2026;2100;https://www.bocm.es/bocm-20240520-20
Concesiones;Orden de Convocatoria Becas Excel. Acad. 25-26. MATRIC. Univ.;CONSEJERÍA DE EDUCACIÓN, CIENCIA Y UNIVERSIDADES;877949;—;Subvención;28/09/2026;2100;https://www.bocm.es/bocm-20240520-20
Concesiones;Orden de Convocatoria Becas Excel. Acad. 25-26. MATRIC. Univ.;CONSEJERÍA DE EDUCACIÓN, CIENCIA Y UNIVERSIDADES;877949;—;Subvención;28/09/2026;2100;https://www.bocm.es/bocm-20240520-20
Concesiones;Orden de Convocatoria Becas Excel. Acad. 25-26. MATRIC. Univ.;CONSEJERÍA DE EDUCACIÓN, CIENCIA Y UNIVERSIDADES;877949;—;Subvención;28/09/2026;2100;https://www.bocm.es/bocm-20240520-20
Concesiones;Orden de Convocatoria Becas Excel. Acad. 25-26. MATRIC. Univ.;CONSEJERÍA DE EDUCACIÓN, CIENCIA Y UNIVERSIDADES;877949;—;Subvención;28/09/2026;2100;https://www.bocm.es/bocm-20240520-20
Concesiones;Orden de Convocatoria Becas Excel. Acad. 25-26. MATRIC. Univ.;CONSEJERÍA DE EDUCACIÓN, CIENCIA Y UNIVERSIDADES;877949;—;Subvención;28/09/2026;2100;https://www.bocm.es/bocm-20240520-20
Concesiones;Orden de Convocatoria Becas Excel. Acad. 25-26. MATRIC. Univ.;CONSEJERÍA DE EDUCACIÓN, CIENCIA Y UNIVERSIDADES;877949;—;Subvención;28/09/2026;2100;https://www.bocm.es/bocm-20240520-20
Concesiones;Orden de Convocatoria Becas Excel. Acad. 25-26. MATRIC. Univ.;CONSEJERÍA DE EDUCACIÓN, CIENCIA Y UNIVERSIDADES;877949;—;Subvención;28/09/2026;2100;https://www.bocm.es/bocm-20240520-20
Concesiones;Orden de Convocatoria Becas Excel. Acad. 25-26. MATRIC. Univ.;CONSEJERÍA DE EDUCACIÓN, CIENCIA Y UNIVERSIDADES;877949;—;Subvención;28/09/2026;2100;https://www.bocm.es/bocm-20240520-20
Concesiones;Orden de Convocatoria Becas Excel. Acad. 25-26. MATRIC. Univ.;CONSEJERÍA DE EDUCACIÓN, CIENCIA Y UNIVERSIDADES;877949;—;Subvención;28/09/2026;2100;https://www.bocm.es/bocm-20240520-20
Concesiones;Orden de Convocatoria Becas Excel. Acad. 25-26. MATRIC. Univ.;CONSEJERÍA DE EDUCACIÓN, CIENCIA Y UNIVERSIDADES;877949;—;Subvención;28/09/2026;2100;https://www.bocm.es/bocm-20240520-20
Concesiones;Orden de Convocatoria Becas Excel. Acad. 25-26. MATRIC. Univ.;CONSEJERÍA DE EDUCACIÓN, CIENCIA Y UNIVERSIDADES;877949;—;Subvención;28/09/2026;2100;https://www.bocm.es/bocm-20240520-20
Concesiones;Orden de Convocatoria Becas Excel. Acad. 25-26. MATRIC. Univ.;CONSEJERÍA DE EDUCACIÓN, CIENCIA Y UNIVERSIDADES;877949;—;Subvención;28/09/2026;2100;https://www.bocm.es/bocm-20240520-20
Concesiones;Orden de Convocatoria Becas Excel. Acad. 25-26. MATRIC. Univ.;CONSEJERÍA DE EDUCACIÓN, CIENCIA Y UNIVERSIDADES;877949;—;Subvención;28/09/2026;2100;https://www.bocm.es/bocm-20240520-20
Concesiones;Orden de Convocatoria Becas Excel. Acad. 25-26. MATRIC. Univ.;CONSEJERÍA DE EDUCACIÓN, CIENCIA Y UNIVERSIDADES;877949;—;Subvención;28/09/2026;2100;https://www.bocm.es/bocm-20240520-20
Concesiones;Orden de Convocatoria Becas Excel. Acad. 25-26. MATRIC. Univ.;CONSEJERÍA DE EDUCACIÓN, CIENCIA Y UNIVERSIDADES;877949;—;Subvención;28/09/2026;2100;https://www.bocm.es/bocm-20240520-20
Concesiones;Orden de Convocatoria Becas Excel. Acad. 25-26. MATRIC. Univ.;CONSEJERÍA DE EDUCACIÓN, CIENCIA Y UNIVERSIDADES;877949;—;Subvención;28/09/2026;2100;https://www.bocm.es/bocm-20240520-20
Concesiones;Orden de Convocatoria Becas Excel. Acad. 25-26. MATRIC. Univ.;CONSEJERÍA DE EDUCACIÓN, CIENCIA Y UNIVERSIDADES;877949;—;Subvención;28/09/2026;2100;https://www.bocm.es/bocm-20240520-20
Concesiones;Orden de Convocatoria Becas Excel. Acad. 25-26. MATRIC. Univ.;CONSEJERÍA DE EDUCACIÓN, CIENCIA Y UNIVERSIDADES;877949;—;Subvención;28/09/2026;2100;https://www.bocm.es/bocm-20240520-20
Concesiones;Orden de Convocatoria Becas Excel. Acad. 25-26. MATRIC. Univ.;CONSEJERÍA DE EDUCACIÓN, CIENCIA Y UNIVERSIDADES;877949;—;Subvención;28/09/2026;2100;https://www.bocm.es/bocm-20240520-20
Concesiones;Orden de Convocatoria Becas Excel. Acad. 25-26. MATRIC. Univ.;CONSEJERÍA DE EDUCACIÓN, CIENCIA Y UNIVERSIDADES;877949;—;Subvención;28/09/2026;2100;https://www.bocm.es/bocm-20240520-20
Concesiones;Orden de Convocatoria Becas Excel. Acad. 25-26. MATRIC. Univ.;CONSEJERÍA DE EDUCACIÓN, CIENCIA Y UNIVERSIDADES;877949;—;Subvención;28/09/2026;2100;https://www.bocm.es/bocm-20240520-20
Concesiones;Orden de Convocatoria Becas Excel. Acad. 25-26. MATRIC. Univ.;CONSEJERÍA DE EDUCACIÓN, CIENCIA Y UNIVERSIDADES;877949;—;Subvención;28/09/2026;2100;https://www.bocm.es/bocm-20240520-20
Concesiones;Orden de Convocatoria Becas Excel. Acad. 25-26. MATRIC. Univ.;CONSEJERÍA DE EDUCACIÓN, CIENCIA Y UNIVERSIDADES;877949;—;Subvención;28/09/2026;2100;https://www.bocm.es/bocm-20240520-20
Concesiones;Orden de Convocatoria Becas Excel. Acad. 25-26. MATRIC. Univ.;CONSEJERÍA DE EDUCACIÓN, CIENCIA Y UNIVERSIDADES;877949;—;Subvención;28/09/2026;2100;https://www.bocm.es/bocm-20240520-20
Concesiones;Orden de Convocatoria Becas Excel. Acad. 25-26. MATRIC. Univ.;CONSEJERÍA DE EDUCACIÓN, CIENCIA Y UNIVERSIDADES;877949;—;Subvención;28/09/2026;2100;https://www.bocm.es/bocm-20240520-20
Concesiones;Orden de Convocatoria Becas Excel. Acad. 25-26. MATRIC. Univ.;CONSEJERÍA DE EDUCACIÓN, CIENCIA Y UNIVERSIDADES;877949;—;Subvención;28/09/2026;2100;https://www.bocm.es/bocm-20240520-20
Concesiones;Orden de Convocatoria Becas Excel. Acad. 25-26. MATRIC. Univ.;CONSEJERÍA DE EDUCACIÓN, CIENCIA Y UNIVERSIDADES;877949;—;Subvención;28/09/2026;2100;https://www.bocm.es/bocm-20240520-20
Concesiones;Orden de Convocatoria Becas Excel. Acad. 25-26. MATRIC. Univ.;CONSEJERÍA DE EDUCACIÓN, CIENCIA Y UNIVERSIDADES;877949;—;Subvención;28/09/2026;2100;https://www.bocm.es/bocm-20240520-20
Concesiones;Orden de Convocatoria Becas Excel. Acad. 25-26. MATRIC. Univ.;CONSEJERÍA DE EDUCACIÓN, CIENCIA Y UNIVERSIDADES;877949;—;Subvención;28/09/2026;2100;https://www.bocm.es/bocm-20240520-20
Concesiones;Orden de Convocatoria Becas Excel. Acad. 25-26. MATRIC. Univ.;CONSEJERÍA DE EDUCACIÓN, CIENCIA Y UNIVERSIDADES;877949;—;Subvención;28/09/2026;2100;https://www.bocm.es/bocm-20240520-20
Concesiones;Orden de Convocatoria Becas Excel. Acad. 25-26. MATRIC. Univ.;CONSEJERÍA DE EDUCACIÓN, CIENCIA Y UNIVERSIDADES;877949;—;Subvención;28/09/2026;2100;https://www.bocm.es/bocm-20240520-20
Concesiones;Orden de Convocatoria Becas Excel. Acad. 25-26. MATRIC. Univ.;CONSEJERÍA DE EDUCACIÓN, CIENCIA Y UNIVERSIDADES;877949;—;Subvención;28/09/2026;2100;https://www.bocm.es/bocm-20240520-20
Concesiones;Orden de Convocatoria Becas Excel. Acad. 25-26. MATRIC. Univ.;CONSEJERÍA DE EDUCACIÓN, CIENCIA Y UNIVERSIDADES;877949;—;Subvención;28/09/2026;2100;https://www.bocm.es/bocm-20240520-20
Concesiones;Orden de Convocatoria Becas Excel. Acad. 25-26. MATRIC. Univ.;CONSEJERÍA DE EDUCACIÓN, CIENCIA Y UNIVERSIDADES;877949;—;Subvención;28/09/2026;2100;https://www.bocm.es/bocm-20240520-20
Concesiones;Orden de Convocatoria Becas Excel. Acad. 25-26. MATRIC. Univ.;CONSEJERÍA DE EDUCACIÓN, CIENCIA Y UNIVERSIDADES;877949;—;Subvención;28/09/2026;2100;https://www.bocm.es/bocm-20240520-20
Concesiones;Orden de Convocatoria Becas Excel. Acad. 25-26. MATRIC. Univ.;CONSEJERÍA DE EDUCACIÓN, CIENCIA Y UNIVERSIDADES;877949;—;Subvención;28/09/2026;2100;https://www.bocm.es/bocm-20240520-20
Concesiones;Orden de Convocatoria Becas Excel. Acad. 25-26. MATRIC. Univ.;CONSEJERÍA DE EDUCACIÓN, CIENCIA Y UNIVERSIDADES;877949;—;Subvención;28/09/2026;2100;https://www.bocm.es/bocm-20240520-20
Concesiones;Orden de Convocatoria Becas Excel. Acad. 25-26. MATRIC. Univ.;CONSEJERÍA DE EDUCACIÓN, CIENCIA Y UNIVERSIDADES;877949;—;Subvención;28/09/2026;2100;https://www.bocm.es/bocm-20240520-20
Concesiones;Orden de Convocatoria Becas Excel. Acad. 25-26. MATRIC. Univ.;CONSEJERÍA DE EDUCACIÓN, CIENCIA Y UNIVERSIDADES;877949;—;Subvención;28/09/2026;2100;https://www.bocm.es/bocm-20240520-20
Concesiones;Orden de Convocatoria Becas Excel. Acad. 25-26. MATRIC. Univ.;CONSEJERÍA DE EDUCACIÓN, CIENCIA Y UNIVERSIDADES;877949;—;Subvención;28/09/2026;2100;https://www.bocm.es/bocm-20240520-20
Concesiones;Orden de Convocatoria Becas Excel. Acad. 25-26. MATRIC. Univ.;CONSEJERÍA DE EDUCACIÓN, CIENCIA Y UNIVERSIDADES;877949;—;Subvención;28/09/2026;2100;https://www.bocm.es/bocm-20240520-20
Concesiones;Orden de Convocatoria Becas Excel. Acad. 25-26. MATRIC. Univ.;CONSEJERÍA DE EDUCACIÓN, CIENCIA Y UNIVERSIDADES;877949;—;Subvención;28/09/2026;2100;https://www.bocm.es/bocm-20240520-20
Concesiones;Orden de Convocatoria Becas Excel. Acad. 25-26. MATRIC. Univ.;CONSEJERÍA DE EDUCACIÓN, CIENCIA Y UNIVERSIDADES;877949;—;Subvención;28/09/2026;2100;https://www.bocm.es/bocm-20240520-20
Concesiones;Orden de Convocatoria Becas Excel. Acad. 25-26. MATRIC. Univ.;CONSEJERÍA DE EDUCACIÓN, CIENCIA Y UNIVERSIDADES;877949;—;Subvención;28/09/2026;2100;https://www.bocm.es/bocm-20240520-20
Concesiones;Orden de Convocatoria Becas Excel. Acad. 25-26. MATRIC. Univ.;CONSEJERÍA DE EDUCACIÓN, CIENCIA Y UNIVERSIDADES;877949;—;Subvención;28/09/2026;2100;https://www.bocm.es/bocm-20240520-20
Concesiones;Orden de Convocatoria Becas Excel. Acad. 25-26. MATRIC. Univ.;CONSEJERÍA DE EDUCACIÓN, CIENCIA Y UNIVERSIDADES;877949;—;Subvención;28/09/2026;2100;https://www.bocm.es/bocm-20240520-20
Concesiones;Orden de Convocatoria Becas Excel. Acad. 25-26. MATRIC. Univ.;CONSEJERÍA DE EDUCACIÓN, CIENCIA Y UNIVERSIDADES;877949;—;Subvención;28/09/2026;2100;https://www.bocm.es/bocm-20240520-20
Concesiones;Orden de Convocatoria Becas Excel. Acad. 25-26. MATRIC. Univ.;CONSEJERÍA DE EDUCACIÓN, CIENCIA Y UNIVERSIDADES;877949;—;Subvención;28/09/2026;2100;https://www.bocm.es/bocm-20240520-20
Concesiones;Orden de Convocatoria Becas Excel. Acad. 25-26. MATRIC. Univ.;CONSEJERÍA DE EDUCACIÓN, CIENCIA Y UNIVERSIDADES;877949;—;Subvención;28/09/2026;2100;https://www.bocm.es/bocm-20240520-20
Concesiones;Orden de Convocatoria Becas Excel. Acad. 25-26. MATRIC. Univ.;CONSEJERÍA DE EDUCACIÓN, CIENCIA Y UNIVERSIDADES;877949;—;Subvención;28/09/2026;2100;https://www.bocm.es/bocm-20240520-20
Concesiones;Orden de Convocatoria Becas Excel. Acad. 25-26. MATRIC. Univ.;CONSEJERÍA DE EDUCACIÓN, CIENCIA Y UNIVERSIDADES;877949;—;Subvención;28/09/2026;2100;https://www.bocm.es/bocm-20240520-20
Concesiones;Orden de Convocatoria Becas Excel. Acad. 25-26. MATRIC. Univ.;CONSEJERÍA DE EDUCACIÓN, CIENCIA Y UNIVERSIDADES;877949;—;Subvención;28/09/2026;2100;https://www.bocm.es/bocm-20240520-20
Concesiones;Orden de Convocatoria Becas Excel. Acad. 25-26. MATRIC. Univ.;CONSEJERÍA DE EDUCACIÓN, CIENCIA Y UNIVERSIDADES;877949;—;Subvención;28/09/2026;2100;https://www.bocm.es/bocm-20240520-20
Concesiones;Orden de Convocatoria Becas Excel. Acad. 25-26. MATRIC. Univ.;CONSEJERÍA DE EDUCACIÓN, CIENCIA Y UNIVERSIDADES;877949;—;Subvención;28/09/2026;2100;https://www.bocm.es/bocm-20240520-20
Concesiones;Orden de Convocatoria Becas Excel. Acad. 25-26. MATRIC. Univ.;CONSEJERÍA DE EDUCACIÓN, CIENCIA Y UNIVERSIDADES;877949;—;Subvención;28/09/2026;2100;https://www.bocm.es/bocm-20240520-20
Concesiones;Orden de Convocatoria Becas Excel. Acad. 25-26. MATRIC. Univ.;CONSEJERÍA DE EDUCACIÓN, CIENCIA Y UNIVERSIDADES;877949;—;Subvención;28/09/2026;2100;https://www.bocm.es/bocm-20240520-20
Concesiones;Orden de Convocatoria Becas Excel. Acad. 25-26. MATRIC. Univ.;CONSEJERÍA DE EDUCACIÓN, CIENCIA Y UNIVERSIDADES;877949;—;Subvención;28/09/2026;2100;https://www.bocm.es/bocm-20240520-20
Concesiones;Orden de Convocatoria Becas Excel. Acad. 25-26. MATRIC. Univ.;CONSEJERÍA DE EDUCACIÓN, CIENCIA Y UNIVERSIDADES;877949;—;Subvención;28/09/2026;2100;https://www.bocm.es/bocm-20240520-20
Concesiones;Orden de Convocatoria Becas Excel. Acad. 25-26. MATRIC. Univ.;CONSEJERÍA DE EDUCACIÓN, CIENCIA Y UNIVERSIDADES;877949;—;Subvención;28/09/2026;2100;https://www.bocm.es/bocm-20240520-20
Concesiones;Orden de Convocatoria Becas Excel. Acad. 25-26. MATRIC. Univ.;CONSEJERÍA DE EDUCACIÓN, CIENCIA Y UNIVERSIDADES;877949;—;Subvención;28/09/2026;2100;https://www.bocm.es/bocm-20240520-20
Concesiones;Orden de Convocatoria Becas Excel. Acad. 25-26. MATRIC. Univ.;CONSEJERÍA DE EDUCACIÓN, CIENCIA Y UNIVERSIDADES;877949;—;Subvención;28/09/2026;2100;https://www.bocm.es/bocm-20240520-20
Concesiones;Orden de Convocatoria Becas Excel. Acad. 25-26. MATRIC. Univ.;CONSEJERÍA DE EDUCACIÓN, CIENCIA Y UNIVERSIDADES;877949;—;Subvención;28/09/2026;2100;https://www.bocm.es/bocm-20240520-20
Concesiones;Orden de Convocatoria Becas Excel. Acad. 25-26. MATRIC. Univ.;CONSEJERÍA DE EDUCACIÓN, CIENCIA Y UNIVERSIDADES;877949;—;Subvención;28/09/2026;2100;https://www.bocm.es/bocm-20240520-20
Concesiones;Orden de Convocatoria Becas Excel. Acad. 25-26. MATRIC. Univ.;CONSEJERÍA DE EDUCACIÓN, CIENCIA Y UNIVERSIDADES;877949;—;Subvención;28/09/2026;2100;https://www.bocm.es/bocm-20240520-20
Concesiones;Orden de Convocatoria Becas Excel. Acad. 25-26. MATRIC. Univ.;CONSEJERÍA DE EDUCACIÓN, CIENCIA Y UNIVERSIDADES;877949;—;Subvención;28/09/2026;2100;https://www.bocm.es/bocm-20240520-20
Concesiones;Orden de Convocatoria Becas Excel. Acad. 25-26. MATRIC. Univ.;CONSEJERÍA DE EDUCACIÓN, CIENCIA Y UNIVERSIDADES;877949;—;Subvención;28/09/2026;2100;https://www.bocm.es/bocm-20240520-20
Concesiones;Orden de Convocatoria Becas Excel. Acad. 25-26. MATRIC. Univ.;CONSEJERÍA DE EDUCACIÓN, CIENCIA Y UNIVERSIDADES;877949;—;Subvención;28/09/2026;2100;https://www.bocm.es/bocm-20240520-20
Concesiones;Orden de Convocatoria Becas Excel. Acad. 25-26. MATRIC. Univ.;CONSEJERÍA DE EDUCACIÓN, CIENCIA Y UNIVERSIDADES;877949;—;Subvención;28/09/2026;2100;https://www.bocm.es/bocm-20240520-20
Concesiones;Orden de Convocatoria Becas Excel. Acad. 25-26. MATRIC. Univ.;CONSEJERÍA DE EDUCACIÓN, CIENCIA Y UNIVERSIDADES;877949;—;Subvención;28/09/2026;2100;https://www.bocm.es/bocm-20240520-20
Concesiones;Orden de Convocatoria Becas Excel. Acad. 25-26. MATRIC. Univ.;CONSEJERÍA DE EDUCACIÓN, CIENCIA Y UNIVERSIDADES;877949;—;Subvención;28/09/2026;2100;https://www.bocm.es/bocm-20240520-20
Concesiones;Orden de Convocatoria Becas Excel. Acad. 25-26. MATRIC. Univ.;CONSEJERÍA DE EDUCACIÓN, CIENCIA Y UNIVERSIDADES;877949;—;Subvención;28/09/2026;2100;https://www.bocm.es/bocm-20240520-20
Concesiones;Orden de Convocatoria Becas Excel. Acad. 25-26. MATRIC. Univ.;CONSEJERÍA DE EDUCACIÓN, CIENCIA Y UNIVERSIDADES;877949;—;Subvención;28/09/2026;2100;https://www.bocm.es/bocm-20240520-20
Concesiones;Orden de Convocatoria Becas Excel. Acad. 25-26. MATRIC. Univ.;CONSEJERÍA DE EDUCACIÓN, CIENCIA Y UNIVERSIDADES;877949;—;Subvención;28/09/2026;2100;https://www.bocm.es/bocm-20240520-20
Concesiones;Orden de Convocatoria Becas Excel. Acad. 25-26. MATRIC. Univ.;CONSEJERÍA DE EDUCACIÓN, CIENCIA Y UNIVERSIDADES;877949;—;Subvención;28/09/2026;2100;https://www.bocm.es/bocm-20240520-20
Concesiones;Orden de Convocatoria Becas Excel. Acad. 25-26. MATRIC. Univ.;CONSEJERÍA DE EDUCACIÓN, CIENCIA Y UNIVERSIDADES;877949;—;Subvención;28/09/2026;2100;https://www.bocm.es/bocm-20240520-20
Concesiones;Orden de Convocatoria Becas Excel. Acad. 25-26. MATRIC. Univ.;CONSEJERÍA DE EDUCACIÓN, CIENCIA Y UNIVERSIDADES;877949;—;Subvención;28/09/2026;2100;https://www.bocm.es/bocm-20240520-20
Concesiones;Orden de Convocatoria Becas Excel. Acad. 25-26. MATRIC. Univ.;CONSEJERÍA DE EDUCACIÓN, CIENCIA Y UNIVERSIDADES;877949;—;Subvención;28/09/2026;2100;https://www.bocm.es/bocm-20240520-20
Concesiones;Orden de Convocatoria Becas Excel. Acad. 25-26. MATRIC. Univ.;CONSEJERÍA DE EDUCACIÓN, CIENCIA Y UNIVERSIDADES;877949;—;Subvención;28/09/2026;2100;https://www.bocm.es/bocm-20240520-20
Concesiones;Orden de Convocatoria Becas Excel. Acad. 25-26. MATRIC. Univ.;CONSEJERÍA DE EDUCACIÓN, CIENCIA Y UNIVERSIDADES;877949;—;Subvención;28/09/2026;2100;https://www.bocm.es/bocm-20240520-20
Concesiones;Orden de Convocatoria Becas Excel. Acad. 25-26. MATRIC. Univ.;CONSEJERÍA DE EDUCACIÓN, CIENCIA Y UNIVERSIDADES;877949;—;Subvención;28/09/2026;2100;https://www.bocm.es/bocm-20240520-20
Concesiones;Orden de Convocatoria Becas Excel. Acad. 25-26. MATRIC. Univ.;CONSEJERÍA DE EDUCACIÓN, CIENCIA Y UNIVERSIDADES;877949;—;Subvención;28/09/2026;2100;https://www.bocm.es/bocm-20240520-20
Concesiones;Orden de Convocatoria Becas Excel. Acad. 25-26. MATRIC. Univ.;CONSEJERÍA DE EDUCACIÓN, CIENCIA Y UNIVERSIDADES;877949;—;Subvención;28/09/2026;2100;https://www.bocm.es/bocm-20240520-20
Concesiones;Orden de Convocatoria Becas Excel. Acad. 25-26. MATRIC. Univ.;CONSEJERÍA DE EDUCACIÓN, CIENCIA Y UNIVERSIDADES;877949;—;Subvención;28/09/2026;2100;https://www.bocm.es/bocm-20240520-20
Concesiones;Orden de Convocatoria Becas Excel. Acad. 25-26. MATRIC. Univ.;CONSEJERÍA DE EDUCACIÓN, CIENCIA Y UNIVERSIDADES;877949;—;Subvención;28/09/2026;2100;https://www.bocm.es/bocm-20240520-20
Concesiones;Orden de Convocatoria Becas Excel. Acad. 25-26. MATRIC. Univ.;CONSEJERÍA DE EDUCACIÓN, CIENCIA Y UNIVERSIDADES;877949;—;Subvención;28/09/2026;2100;https://www.bocm.es/bocm-20240520-20
Concesiones;Orden de Convocatoria Becas Excel. Acad. 25-26. MATRIC. Univ.;CONSEJERÍA DE EDUCACIÓN, CIENCIA Y UNIVERSIDADES;877949;—;Subvención;28/09/2026;2100;https://www.bocm.es/bocm-20240520-20
Concesiones;Orden de Convocatoria Becas Excel. Acad. 25-26. MATRIC. Univ.;CONSEJERÍA DE EDUCACIÓN, CIENCIA Y UNIVERSIDADES;877949;—;Subvención;28/09/2026;2100;https://www.bocm.es/bocm-20240520-20
Concesiones;Orden de Convocatoria Becas Excel. Acad. 25-26. MATRIC. Univ.;CONSEJERÍA DE EDUCACIÓN, CIENCIA Y UNIVERSIDADES;877949;—;Subvención;28/09/2026;2100;https://www.bocm.es/bocm-20240520-20
Concesiones;Orden de Convocatoria Becas Excel. Acad. 25-26. MATRIC. Univ.;CONSEJERÍA DE EDUCACIÓN, CIENCIA Y UNIVERSIDADES;877949;—;Subvención;28/09/2026;2100;https://www.bocm.es/bocm-20240520-20
Concesiones;Orden de Convocatoria Becas Excel. Acad. 25-26. MATRIC. Univ.;CONSEJERÍA DE EDUCACIÓN, CIENCIA Y UNIVERSIDADES;877949;—;Subvención;28/09/2026;2100;https://www.bocm.es/bocm-20240520-20
Concesiones;Orden de Convocatoria Becas Excel. Acad. 25-26. MATRIC. Univ.;CONSEJERÍA DE EDUCACIÓN, CIENCIA Y UNIVERSIDADES;877949;—;Subvención;28/09/2026;2100;https://www.bocm.es/bocm-20240520-20
Concesiones;Orden de Convocatoria Becas Excel. Acad. 25-26. MATRIC. Univ.;CONSEJERÍA DE EDUCACIÓN, CIENCIA Y UNIVERSIDADES;877949;—;Subvención;28/09/2026;2100;https://www.bocm.es/bocm-20240520-20
Concesiones;Orden de Convocatoria Becas Excel. Acad. 25-26. MATRIC. Univ.;CONSEJERÍA DE EDUCACIÓN, CIENCIA Y UNIVERSIDADES;877949;—;Subvención;28/09/2026;2100;https://www.bocm.es/bocm-20240520-20
Concesiones;Orden de Convocatoria Becas Excel. Acad. 25-26. MATRIC. Univ.;CONSEJERÍA DE EDUCACIÓN, CIENCIA Y UNIVERSIDADES;877949;—;Subvención;28/09/2026;2100;https://www.bocm.es/bocm-20240520-20
Concesiones;Orden de Convocatoria Becas Excel. Acad. 25-26. MATRIC. Univ.;CONSEJERÍA DE EDUCACIÓN, CIENCIA Y UNIVERSIDADES;877949;—;Subvención;28/09/2026;2100;https://www.bocm.es/bocm-20240520-20
Concesiones;Orden de Convocatoria Becas Excel. Acad. 25-26. MATRIC. Univ.;CONSEJERÍA DE EDUCACIÓN, CIENCIA Y UNIVERSIDADES;877949;—;Subvención;28/09/2026;2100;https://www.bocm.es/bocm-20240520-20
Concesiones;Orden de Convocatoria Becas Excel. Acad. 25-26. MATRIC. Univ.;CONSEJERÍA DE EDUCACIÓN, CIENCIA Y UNIVERSIDADES;877949;—;Subvención;28/09/2026;2100;https://www.bocm.es/bocm-20240520-20
Concesiones;Orden de Convocatoria Becas Excel. Acad. 25-26. MATRIC. Univ.;CONSEJERÍA DE EDUCACIÓN, CIENCIA Y UNIVERSIDADES;877949;—;Subvención;28/09/2026;2100;https://www.bocm.es/bocm-20240520-20
Concesiones;Orden de Convocatoria Becas Excel. Acad. 25-26. MATRIC. Univ.;CONSEJERÍA DE EDUCACIÓN, CIENCIA Y UNIVERSIDADES;877949;—;Subvención;28/09/2026;2100;https://www.bocm.es/bocm-20240520-20
Concesiones;Orden de Convocatoria Becas Excel. Acad. 25-26. MATRIC. Univ.;CONSEJERÍA DE EDUCACIÓN, CIENCIA Y UNIVERSIDADES;877949;—;Subvención;28/09/2026;2100;https://www.bocm.es/bocm-20240520-20
Concesiones;Orden de Convocatoria Becas Excel. Acad. 25-26. MATRIC. Univ.;CONSEJERÍA DE EDUCACIÓN, CIENCIA Y UNIVERSIDADES;877949;—;Subvención;28/09/2026;2100;https://www.bocm.es/bocm-20240520-20
Concesiones;Orden de Convocatoria Becas Excel. Acad. 25-26. MATRIC. Univ.;CONSEJERÍA DE EDUCACIÓN, CIENCIA Y UNIVERSIDADES;877949;—;Subvención;28/09/2026;2100;https://www.bocm.es/bocm-20240520-20
Concesiones;Orden de Convocatoria Becas Excel. Acad. 25-26. MATRIC. Univ.;CONSEJERÍA DE EDUCACIÓN, CIENCIA Y UNIVERSIDADES;877949;—;Subvención;28/09/2026;2100;https://www.bocm.es/bocm-20240520-20
Concesiones;Orden de Convocatoria Becas Excel. Acad. 25-26. MATRIC. Univ.;CONSEJERÍA DE EDUCACIÓN, CIENCIA Y UNIVERSIDADES;877949;—;Subvención;28/09/2026;2100;https://www.bocm.es/bocm-20240520-20
Concesiones;Orden de Convocatoria Becas Excel. Acad. 25-26. MATRIC. Univ.;CONSEJERÍA DE EDUCACIÓN, CIENCIA Y UNIVERSIDADES;877949;—;Subvención;28/09/2026;2100;https://www.bocm.es/bocm-20240520-20
Concesiones;Orden de Convocatoria Becas Excel. Acad. 25-26. MATRIC. Univ.;CONSEJERÍA DE EDUCACIÓN, CIENCIA Y UNIVERSIDADES;877949;—;Subvención;28/09/2026;2100;https://www.bocm.es/bocm-20240520-20
Concesiones;Orden de Convocatoria Becas Excel. Acad. 25-26. MATRIC. Univ.;CONSEJERÍA DE EDUCACIÓN, CIENCIA Y UNIVERSIDADES;877949;—;Subvención;28/09/2026;2100;https://www.bocm.es/bocm-20240520-20
Concesiones;Orden de Convocatoria Becas Excel. Acad. 25-26. MATRIC. Univ.;CONSEJERÍA DE EDUCACIÓN, CIENCIA Y UNIVERSIDADES;877949;—;Subvención;28/09/2026;2100;https://www.bocm.es/bocm-20240520-20
Concesiones;Orden de Convocatoria Becas Excel. Acad. 25-26. MATRIC. Univ.;CONSEJERÍA DE EDUCACIÓN, CIENCIA Y UNIVERSIDADES;877949;—;Subvención;28/09/2026;2100;https://www.bocm.es/bocm-20240520-20
Concesiones;Orden de Convocatoria Becas Excel. Acad. 25-26. MATRIC. Univ.;CONSEJERÍA DE EDUCACIÓN, CIENCIA Y UNIVERSIDADES;877949;—;Subvención;28/09/2026;2100;https://www.bocm.es/bocm-20240520-20
Concesiones;Orden de Convocatoria Becas Excel. Acad. 25-26. MATRIC. Univ.;CONSEJERÍA DE EDUCACIÓN, CIENCIA Y UNIVERSIDADES;877949;—;Subvención;28/09/2026;2100;https://www.bocm.es/bocm-20240520-20
Concesiones;Orden de Convocatoria Becas Excel. Acad. 25-26. MATRIC. Univ.;CONSEJERÍA DE EDUCACIÓN, CIENCIA Y UNIVERSIDADES;877949;—;Subvención;28/09/2026;2100;https://www.bocm.es/bocm-20240520-20
Concesiones;Orden de Convocatoria Becas Excel. Acad. 25-26. MATRIC. Univ.;CONSEJERÍA DE EDUCACIÓN, CIENCIA Y UNIVERSIDADES;877949;—;Subvención;28/09/2026;2100;https://www.bocm.es/bocm-20240520-20
Concesiones;Orden de Convocatoria Becas Excel. Acad. 25-26. MATRIC. Univ.;CONSEJERÍA DE EDUCACIÓN, CIENCIA Y UNIVERSIDADES;877949;—;Subvención;28/09/2026;2100;https://www.bocm.es/bocm-20240520-20
Concesiones;Orden de Convocatoria Becas Excel. Acad. 25-26. MATRIC. Univ.;CONSEJERÍA DE EDUCACIÓN, CIENCIA Y UNIVERSIDADES;877949;—;Subvención;28/09/2026;2100;https://www.bocm.es/bocm-20240520-20
Concesiones;Orden de Convocatoria Becas Excel. Acad. 25-26. MATRIC. Univ.;CONSEJERÍA DE EDUCACIÓN, CIENCIA Y UNIVERSIDADES;877949;—;Subvención;28/09/2026;2100;https://www.bocm.es/bocm-20240520-20
Concesiones;Orden de Convocatoria Becas Excel. Acad. 25-26. MATRIC. Univ.;CONSEJERÍA DE EDUCACIÓN, CIENCIA Y UNIVERSIDADES;877949;—;Subvención;28/09/2026;2100;https://www.bocm.es/bocm-20240520-20
Concesiones;Orden de Convocatoria Becas Excel. Acad. 25-26. MATRIC. Univ.;CONSEJERÍA DE EDUCACIÓN, CIENCIA Y UNIVERSIDADES;877949;—;Subvención;28/09/2026;2100;https://www.bocm.es/bocm-20240520-20
Concesiones;Orden de Convocatoria Becas Excel. Acad. 25-26. MATRIC. Univ.;CONSEJERÍA DE EDUCACIÓN, CIENCIA Y UNIVERSIDADES;877949;—;Subvención;28/09/2026;2100;https://www.bocm.es/bocm-20240520-20
Concesiones;Orden de Convocatoria Becas Excel. Acad. 25-26. MATRIC. Univ.;CONSEJERÍA DE EDUCACIÓN, CIENCIA Y UNIVERSIDADES;877949;—;Subvención;28/09/2026;2100;https://www.bocm.es/bocm-20240520-20
Concesiones;Orden de Convocatoria Becas Excel. Acad. 25-26. MATRIC. Univ.;CONSEJERÍA DE EDUCACIÓN, CIENCIA Y UNIVERSIDADES;877949;—;Subvención;28/09/2026;2100;https://www.bocm.es/bocm-20240520-20
Concesiones;Orden de Convocatoria Becas Excel. Acad. 25-26. MATRIC. Univ.;CONSEJERÍA DE EDUCACIÓN, CIENCIA Y UNIVERSIDADES;877949;—;Subvención;28/09/2026;2100;https://www.bocm.es/bocm-20240520-20
Concesiones;Orden de Convocatoria Becas Excel. Acad. 25-26. MATRIC. Univ.;CONSEJERÍA DE EDUCACIÓN, CIENCIA Y UNIVERSIDADES;877949;—;Subvención;28/09/2026;2100;https://www.bocm.es/bocm-20240520-20
Concesiones;Orden de Convocatoria Becas Excel. Acad. 25-26. MATRIC. Univ.;CONSEJERÍA DE EDUCACIÓN, CIENCIA Y UNIVERSIDADES;877949;—;Subvención;28/09/2026;2100;https://www.bocm.es/bocm-20240520-20
Concesiones;Orden de Convocatoria Becas Excel. Acad. 25-26. MATRIC. Univ.;CONSEJERÍA DE EDUCACIÓN, CIENCIA Y UNIVERSIDADES;877949;—;Subvención;28/09/2026;2100;https://www.bocm.es/bocm-20240520-20
Concesiones;Orden de Convocatoria Becas Excel. Acad. 25-26. MATRIC. Univ.;CONSEJERÍA DE EDUCACIÓN, CIENCIA Y UNIVERSIDADES;877949;—;Subvención;28/09/2026;2100;https://www.bocm.es/bocm-20240520-20
Concesiones;Orden de Convocatoria Becas Excel. Acad. 25-26. MATRIC. Univ.;CONSEJERÍA DE EDUCACIÓN, CIENCIA Y UNIVERSIDADES;877949;—;Subvención;28/09/2026;2100;https://www.bocm.es/bocm-20240520-20
Concesiones;Orden de Convocatoria Becas Excel. Acad. 25-26. MATRIC. Univ.;CONSEJERÍA DE EDUCACIÓN, CIENCIA Y UNIVERSIDADES;877949;—;Subvención;28/09/2026;2100;https://www.bocm.es/bocm-20240520-20
Concesiones;Orden de Convocatoria Becas Excel. Acad. 25-26. MATRIC. Univ.;CONSEJERÍA DE EDUCACIÓN, CIENCIA Y UNIVERSIDADES;877949;—;Subvención;28/09/2026;2100;https://www.bocm.es/bocm-20240520-20
Concesiones;Orden de Convocatoria Becas Excel. Acad. 25-26. MATRIC. Univ.;CONSEJERÍA DE EDUCACIÓN, CIENCIA Y UNIVERSIDADES;877949;—;Subvención;28/09/2026;2100;https://www.bocm.es/bocm-20240520-20
Concesiones;Orden de Convocatoria Becas Excel. Acad. 25-26. MATRIC. Univ.;CONSEJERÍA DE EDUCACIÓN, CIENCIA Y UNIVERSIDADES;877949;—;Subvención;28/09/2026;2100;https://www.bocm.es/bocm-20240520-20
Concesiones;Orden de Convocatoria Becas Excel. Acad. 25-26. MATRIC. Univ.;CONSEJERÍA DE EDUCACIÓN, CIENCIA Y UNIVERSIDADES;877949;—;Subvención;28/09/2026;2100;https://www.bocm.es/bocm-20240520-20
Concesiones;Orden de Convocatoria Becas Excel. Acad. 25-26. MATRIC. Univ.;CONSEJERÍA DE EDUCACIÓN, CIENCIA Y UNIVERSIDADES;877949;—;Subvención;28/09/2026;2100;https://www.bocm.es/bocm-20240520-20
Concesiones;Orden de Convocatoria Becas Excel. Acad. 25-26. MATRIC. Univ.;CONSEJERÍA DE EDUCACIÓN, CIENCIA Y UNIVERSIDADES;877949;—;Subvención;28/09/2026;2100;https://www.bocm.es/bocm-20240520-20
Concesiones;Orden de Convocatoria Becas Excel. Acad. 25-26. MATRIC. Univ.;CONSEJERÍA DE EDUCACIÓN, CIENCIA Y UNIVERSIDADES;877949;—;Subvención;28/09/2026;2100;https://www.bocm.es/bocm-20240520-20
Concesiones;Orden de Convocatoria Becas Excel. Acad. 25-26. MATRIC. Univ.;CONSEJERÍA DE EDUCACIÓN, CIENCIA Y UNIVERSIDADES;877949;—;Subvención;28/09/2026;2100;https://www.bocm.es/bocm-20240520-20
Concesiones;Orden de Convocatoria Becas Excel. Acad. 25-26. MATRIC. Univ.;CONSEJERÍA DE EDUCACIÓN, CIENCIA Y UNIVERSIDADES;877949;—;Subvención;28/09/2026;2100;https://www.bocm.es/bocm-20240520-20
Concesiones;Orden de Convocatoria Becas Excel. Acad. 25-26. MATRIC. Univ.;CONSEJERÍA DE EDUCACIÓN, CIENCIA Y UNIVERSIDADES;877949;—;Subvención;28/09/2026;2100;https://www.bocm.es/bocm-20240520-20
Concesiones;Orden de Convocatoria Becas Excel. Acad. 25-26. MATRIC. Univ.;CONSEJERÍA DE EDUCACIÓN, CIENCIA Y UNIVERSIDADES;877949;—;Subvención;28/09/2026;2100;https://www.bocm.es/bocm-20240520-20
Concesiones;Orden de Convocatoria Becas Excel. Acad. 25-26. MATRIC. Univ.;CONSEJERÍA DE EDUCACIÓN, CIENCIA Y UNIVERSIDADES;877949;—;Subvención;28/09/2026;2100;https://www.bocm.es/bocm-20240520-20
Concesiones;Orden de Convocatoria Becas Excel. Acad. 25-26. MATRIC. Univ.;CONSEJERÍA DE EDUCACIÓN, CIENCIA Y UNIVERSIDADES;877949;—;Subvención;28/09/2026;2100;https://www.bocm.es/bocm-20240520-20
Concesiones;Orden de Convocatoria Becas Excel. Acad. 25-26. MATRIC. Univ.;CONSEJERÍA DE EDUCACIÓN, CIENCIA Y UNIVERSIDADES;877949;—;Subvención;28/09/2026;2100;https://www.bocm.es/bocm-20240520-20
Concesiones;Orden de Convocatoria Becas Excel. Acad. 25-26. MATRIC. Univ.;CONSEJERÍA DE EDUCACIÓN, CIENCIA Y UNIVERSIDADES;877949;—;Subvención;28/09/2026;2100;https://www.bocm.es/bocm-20240520-20
Concesiones;Orden de Convocatoria Becas Excel. Acad. 25-26. MATRIC. Univ.;CONSEJERÍA DE EDUCACIÓN, CIENCIA Y UNIVERSIDADES;877949;—;Subvención;28/09/2026;2100;https://www.bocm.es/bocm-20240520-20
Concesiones;Orden de Convocatoria Becas Excel. Acad. 25-26. MATRIC. Univ.;CONSEJERÍA DE EDUCACIÓN, CIENCIA Y UNIVERSIDADES;877949;—;Subvención;28/09/2026;2100;https://www.bocm.es/bocm-20240520-20
Concesiones;Orden de Convocatoria Becas Excel. Acad. 25-26. MATRIC. Univ.;CONSEJERÍA DE EDUCACIÓN, CIENCIA Y UNIVERSIDADES;877949;—;Subvención;28/09/2026;2100;https://www.bocm.es/bocm-20240520-20
Concesiones;Orden de Convocatoria Becas Excel. Acad. 25-26. MATRIC. Univ.;CONSEJERÍA DE EDUCACIÓN, CIENCIA Y UNIVERSIDADES;877949;—;Subvención;28/09/2026;2100;https://www.bocm.es/bocm-20240520-20
Concesiones;Orden de Convocatoria Becas Excel. Acad. 25-26. MATRIC. Univ.;CONSEJERÍA DE EDUCACIÓN, CIENCIA Y UNIVERSIDADES;877949;—;Subvención;28/09/2026;2100;https://www.bocm.es/bocm-20240520-20
Concesiones;Orden de Convocatoria Becas Excel. Acad. 25-26. MATRIC. Univ.;CONSEJERÍA DE EDUCACIÓN, CIENCIA Y UNIVERSIDADES;877949;—;Subvención;28/09/2026;2100;https://www.bocm.es/bocm-20240520-20
Concesiones;Orden de Convocatoria Becas Excel. Acad. 25-26. MATRIC. Univ.;CONSEJERÍA DE EDUCACIÓN, CIENCIA Y UNIVERSIDADES;877949;—;Subvención;28/09/2026;2100;https://www.bocm.es/bocm-20240520-20
Concesiones;Orden de Convocatoria Becas Excel. Acad. 25-26. MATRIC. Univ.;CONSEJERÍA DE EDUCACIÓN, CIENCIA Y UNIVERSIDADES;877949;—;Subvención;28/09/2026;2100;https://www.bocm.es/bocm-20240520-20
Concesiones;Orden de Convocatoria Becas Excel. Acad. 25-26. MATRIC. Univ.;CONSEJERÍA DE EDUCACIÓN, CIENCIA Y UNIVERSIDADES;877949;—;Subvención;28/09/2026;2100;https://www.bocm.es/bocm-20240520-20
Concesiones;Orden de Convocatoria Becas Excel. Acad. 25-26. MATRIC. Univ.;CONSEJERÍA DE EDUCACIÓN, CIENCIA Y UNIVERSIDADES;877949;—;Subvención;28/09/2026;2100;https://www.bocm.es/bocm-20240520-20
Concesiones;Orden de Convocatoria Becas Excel. Acad. 25-26. MATRIC. Univ.;CONSEJERÍA DE EDUCACIÓN, CIENCIA Y UNIVERSIDADES;877949;—;Subvención;28/09/2026;2100;https://www.bocm.es/bocm-20240520-20
Concesiones;Orden de Convocatoria Becas Excel. Acad. 25-26. MATRIC. Univ.;CONSEJERÍA DE EDUCACIÓN, CIENCIA Y UNIVERSIDADES;877949;—;Subvención;28/09/2026;2100;https://www.bocm.es/bocm-20240520-20
Concesiones;Orden de Convocatoria Becas Excel. Acad. 25-26. MATRIC. Univ.;CONSEJERÍA DE EDUCACIÓN, CIENCIA Y UNIVERSIDADES;877949;—;Subvención;28/09/2026;2100;https://www.bocm.es/bocm-20240520-20
Concesiones;Orden de Convocatoria Becas Excel. Acad. 25-26. MATRIC. Univ.;CONSEJERÍA DE EDUCACIÓN, CIENCIA Y UNIVERSIDADES;877949;—;Subvención;28/09/2026;2100;https://www.bocm.es/bocm-20240520-20
Concesiones;Orden de Convocatoria Becas Excel. Acad. 25-26. MATRIC. Univ.;CONSEJERÍA DE EDUCACIÓN, CIENCIA Y UNIVERSIDADES;877949;—;Subvención;28/09/2026;2100;https://www.bocm.es/bocm-20240520-20
Concesiones;Orden de Convocatoria Becas Excel. Acad. 25-26. MATRIC. Univ.;CONSEJERÍA DE EDUCACIÓN, CIENCIA Y UNIVERSIDADES;877949;—;Subvención;28/09/2026;2100;https://www.bocm.es/bocm-20240520-20
Concesiones;Orden de Convocatoria Becas Excel. Acad. 25-26. MATRIC. Univ.;CONSEJERÍA DE EDUCACIÓN, CIENCIA Y UNIVERSIDADES;877949;—;Subvención;28/09/2026;2100;https://www.bocm.es/bocm-20240520-20
Concesiones;Orden de Convocatoria Becas Excel. Acad. 25-26. MATRIC. Univ.;CONSEJERÍA DE EDUCACIÓN, CIENCIA Y UNIVERSIDADES;877949;—;Subvención;28/09/2026;2100;https://www.bocm.es/bocm-20240520-20
Concesiones;Orden de Convocatoria Becas Excel. Acad. 25-26. MATRIC. Univ.;CONSEJERÍA DE EDUCACIÓN, CIENCIA Y UNIVERSIDADES;877949;—;Subvención;28/09/2026;2100;https://www.bocm.es/bocm-20240520-20
Concesiones;Orden de Convocatoria Becas Excel. Acad. 25-26. MATRIC. Univ.;CONSEJERÍA DE EDUCACIÓN, CIENCIA Y UNIVERSIDADES;877949;—;Subvención;28/09/2026;2100;https://www.bocm.es/bocm-20240520-20
Concesiones;Orden de Convocatoria Becas Excel. Acad. 25-26. MATRIC. Univ.;CONSEJERÍA DE EDUCACIÓN, CIENCIA Y UNIVERSIDADES;877949;—;Subvención;28/09/2026;2100;https://www.bocm.es/bocm-20240520-20
Concesiones;Orden de Convocatoria Becas Excel. Acad. 25-26. MATRIC. Univ.;CONSEJERÍA DE EDUCACIÓN, CIENCIA Y UNIVERSIDADES;877949;—;Subvención;28/09/2026;2100;https://www.bocm.es/bocm-20240520-20
Concesiones;Orden de Convocatoria Becas Excel. Acad. 25-26. MATRIC. Univ.;CONSEJERÍA DE EDUCACIÓN, CIENCIA Y UNIVERSIDADES;877949;—;Subvención;28/09/2026;2100;https://www.bocm.es/bocm-20240520-20
Concesiones;Orden de Convocatoria Becas Excel. Acad. 25-26. MATRIC. Univ.;CONSEJERÍA DE EDUCACIÓN, CIENCIA Y UNIVERSIDADES;877949;—;Subvención;28/09/2026;2100;https://www.bocm.es/bocm-20240520-20
Concesiones;Orden de Convocatoria Becas Excel. Acad. 25-26. MATRIC. Univ.;CONSEJERÍA DE EDUCACIÓN, CIENCIA Y UNIVERSIDADES;877949;—;Subvención;28/09/2026;2100;https://www.bocm.es/bocm-20240520-20
Concesiones;Orden de Convocatoria Becas Excel. Acad. 25-26. MATRIC. Univ.;CONSEJERÍA DE EDUCACIÓN, CIENCIA Y UNIVERSIDADES;877949;—;Subvención;28/09/2026;2100;https://www.bocm.es/bocm-20240520-20
Concesiones;Orden de Convocatoria Becas Excel. Acad. 25-26. MATRIC. Univ.;CONSEJERÍA DE EDUCACIÓN, CIENCIA Y UNIVERSIDADES;877949;—;Subvención;28/09/2026;2100;https://www.bocm.es/bocm-20240520-20
Concesiones;Orden de Convocatoria Becas Excel. Acad. 25-26. MATRIC. Univ.;CONSEJERÍA DE EDUCACIÓN, CIENCIA Y UNIVERSIDADES;877949;—;Subvención;28/09/2026;2100;https://www.bocm.es/bocm-20240520-20
Concesiones;Orden de Convocatoria Becas Excel. Acad. 25-26. MATRIC. Univ.;CONSEJERÍA DE EDUCACIÓN, CIENCIA Y UNIVERSIDADES;877949;—;Subvención;28/09/2026;2100;https://www.bocm.es/bocm-20240520-20
Concesiones;Orden de Convocatoria Becas Excel. Acad. 25-26. MATRIC. Univ.;CONSEJERÍA DE EDUCACIÓN, CIENCIA Y UNIVERSIDADES;877949;—;Subvención;28/09/2026;2100;https://www.bocm.es/bocm-20240520-20
Concesiones;Orden de Convocatoria Becas Excel. Acad. 25-26. MATRIC. Univ.;CONSEJERÍA DE EDUCACIÓN, CIENCIA Y UNIVERSIDADES;877949;—;Subvención;28/09/2026;2100;https://www.bocm.es/bocm-20240520-20
Concesiones;Orden de Convocatoria Becas Excel. Acad. 25-26. MATRIC. Univ.;CONSEJERÍA DE EDUCACIÓN, CIENCIA Y UNIVERSIDADES;877949;—;Subvención;28/09/2026;2100;https://www.bocm.es/bocm-20240520-20
Concesiones;Orden de Convocatoria Becas Excel. Acad. 25-26. MATRIC. Univ.;CONSEJERÍA DE EDUCACIÓN, CIENCIA Y UNIVERSIDADES;877949;—;Subvención;28/09/2026;2100;https://www.bocm.es/bocm-20240520-20
Concesiones;Orden de Convocatoria Becas Excel. Acad. 25-26. MATRIC. Univ.;CONSEJERÍA DE EDUCACIÓN, CIENCIA Y UNIVERSIDADES;877949;—;Subvención;28/09/2026;2100;https://www.bocm.es/bocm-20240520-20
Concesiones;Orden de Convocatoria Becas Excel. Acad. 25-26. MATRIC. Univ.;CONSEJERÍA DE EDUCACIÓN, CIENCIA Y UNIVERSIDADES;877949;—;Subvención;28/09/2026;2100;https://www.bocm.es/bocm-20240520-20
Concesiones;Orden de Convocatoria Becas Excel. Acad. 25-26. MATRIC. Univ.;CONSEJERÍA DE EDUCACIÓN, CIENCIA Y UNIVERSIDADES;877949;—;Subvención;28/09/2026;2100;https://www.bocm.es/bocm-20240520-20
Concesiones;Orden de Convocatoria Becas Excel. Acad. 25-26. MATRIC. Univ.;CONSEJERÍA DE EDUCACIÓN, CIENCIA Y UNIVERSIDADES;877949;—;Subvención;28/09/2026;2100;https://www.bocm.es/bocm-20240520-20
Concesiones;Orden de Convocatoria Becas Excel. Acad. 25-26. MATRIC. Univ.;CONSEJERÍA DE EDUCACIÓN, CIENCIA Y UNIVERSIDADES;877949;—;Subvención;28/09/2026;2100;https://www.bocm.es/bocm-20240520-20
Concesiones;Orden de Convocatoria Becas Excel. Acad. 25-26. MATRIC. Univ.;CONSEJERÍA DE EDUCACIÓN, CIENCIA Y UNIVERSIDADES;877949;—;Subvención;28/09/2026;2100;https://www.bocm.es/bocm-20240520-20
Concesiones;Orden de Convocatoria Becas Excel. Acad. 25-26. MATRIC. Univ.;CONSEJERÍA DE EDUCACIÓN, CIENCIA Y UNIVERSIDADES;877949;—;Subvención;28/09/2026;2100;https://www.bocm.es/bocm-20240520-20
Concesiones;Orden de Convocatoria Becas Excel. Acad. 25-26. MATRIC. Univ.;CONSEJERÍA DE EDUCACIÓN, CIENCIA Y UNIVERSIDADES;877949;—;Subvención;28/09/2026;2100;https://www.bocm.es/bocm-20240520-20
Concesiones;Orden de Convocatoria Becas Excel. Acad. 25-26. MATRIC. Univ.;CONSEJERÍA DE EDUCACIÓN, CIENCIA Y UNIVERSIDADES;877949;—;Subvención;28/09/2026;2100;https://www.bocm.es/bocm-20240520-20
Concesiones;Orden de Convocatoria Becas Excel. Acad. 25-26. MATRIC. Univ.;CONSEJERÍA DE EDUCACIÓN, CIENCIA Y UNIVERSIDADES;877949;—;Subvención;28/09/2026;2100;https://www.bocm.es/bocm-20240520-20
Concesiones;Orden de Convocatoria Becas Excel. Acad. 25-26. MATRIC. Univ.;CONSEJERÍA DE EDUCACIÓN, CIENCIA Y UNIVERSIDADES;877949;—;Subvención;28/09/2026;2100;https://www.bocm.es/bocm-20240520-20
Concesiones;Orden de Convocatoria Becas Excel. Acad. 25-26. MATRIC. Univ.;CONSEJERÍA DE EDUCACIÓN, CIENCIA Y UNIVERSIDADES;877949;—;Subvención;28/09/2026;2100;https://www.bocm.es/bocm-20240520-20
Concesiones;Orden de Convocatoria Becas Excel. Acad. 25-26. MATRIC. Univ.;CONSEJERÍA DE EDUCACIÓN, CIENCIA Y UNIVERSIDADES;877949;—;Subvención;28/09/2026;2100;https://www.bocm.es/bocm-20240520-20
Concesiones;Orden de Convocatoria Becas Excel. Acad. 25-26. MATRIC. Univ.;CONSEJERÍA DE EDUCACIÓN, CIENCIA Y UNIVERSIDADES;877949;—;Subvención;28/09/2026;2100;https://www.bocm.es/bocm-20240520-20
Concesiones;Orden de Convocatoria Becas Excel. Acad. 25-26. MATRIC. Univ.;CONSEJERÍA DE EDUCACIÓN, CIENCIA Y UNIVERSIDADES;877949;—;Subvención;28/09/2026;2100;https://www.bocm.es/bocm-20240520-20
Concesiones;Orden de Convocatoria Becas Excel. Acad. 25-26. MATRIC. Univ.;CONSEJERÍA DE EDUCACIÓN, CIENCIA Y UNIVERSIDADES;877949;—;Subvención;28/09/2026;2100;https://www.bocm.es/bocm-20240520-20
Concesiones;Orden de Convocatoria Becas Excel. Acad. 25-26. MATRIC. Univ.;CONSEJERÍA DE EDUCACIÓN, CIENCIA Y UNIVERSIDADES;877949;—;Subvención;28/09/2026;2100;https://www.bocm.es/bocm-20240520-20
Concesiones;Orden de Convocatoria Becas Excel. Acad. 25-26. MATRIC. Univ.;CONSEJERÍA DE EDUCACIÓN, CIENCIA Y UNIVERSIDADES;877949;—;Subvención;28/09/2026;2100;https://www.bocm.es/bocm-20240520-20
Concesiones;Orden de Convocatoria Becas Excel. Acad. 25-26. MATRIC. Univ.;CONSEJERÍA DE EDUCACIÓN, CIENCIA Y UNIVERSIDADES;877949;—;Subvención;28/09/2026;2100;https://www.bocm.es/bocm-20240520-20
Concesiones;Orden de Convocatoria Becas Excel. Acad. 25-26. MATRIC. Univ.;CONSEJERÍA DE EDUCACIÓN, CIENCIA Y UNIVERSIDADES;877949;—;Subvención;28/09/2026;2100;https://www.bocm.es/bocm-20240520-20
Concesiones;Orden de Convocatoria Becas Excel. Acad. 25-26. MATRIC. Univ.;CONSEJERÍA DE EDUCACIÓN, CIENCIA Y UNIVERSIDADES;877949;—;Subvención;28/09/2026;2100;https://www.bocm.es/bocm-20240520-20
Concesiones;Orden de Convocatoria Becas Excel. Acad. 25-26. MATRIC. Univ.;CONSEJERÍA DE EDUCACIÓN, CIENCIA Y UNIVERSIDADES;877949;—;Subvención;28/09/2026;2100;https://www.bocm.es/bocm-20240520-20
Concesiones;Orden de Convocatoria Becas Excel. Acad. 25-26. MATRIC. Univ.;CONSEJERÍA DE EDUCACIÓN, CIENCIA Y UNIVERSIDADES;877949;—;Subvención;28/09/2026;2100;https://www.bocm.es/bocm-20240520-20
Concesiones;Orden de Convocatoria Becas Excel. Acad. 25-26. MATRIC. Univ.;CONSEJERÍA DE EDUCACIÓN, CIENCIA Y UNIVERSIDADES;877949;—;Subvención;28/09/2026;2100;https://www.bocm.es/bocm-20240520-20
Concesiones;Orden de Convocatoria Becas Excel. Acad. 25-26. MATRIC. Univ.;CONSEJERÍA DE EDUCACIÓN, CIENCIA Y UNIVERSIDADES;877949;—;Subvención;28/09/2026;2100;https://www.bocm.es/bocm-20240520-20
Concesiones;Orden de Convocatoria Becas Excel. Acad. 25-26. MATRIC. Univ.;CONSEJERÍA DE EDUCACIÓN, CIENCIA Y UNIVERSIDADES;877949;—;Subvención;28/09/2026;2100;https://www.bocm.es/bocm-20240520-20
Concesiones;Orden de Convocatoria Becas Excel. Acad. 25-26. MATRIC. Univ.;CONSEJERÍA DE EDUCACIÓN, CIENCIA Y UNIVERSIDADES;877949;—;Subvención;28/09/2026;2100;https://www.bocm.es/bocm-20240520-20
Concesiones;Orden de Convocatoria Becas Excel. Acad. 25-26. MATRIC. Univ.;CONSEJERÍA DE EDUCACIÓN, CIENCIA Y UNIVERSIDADES;877949;—;Subvención;28/09/2026;2100;https://www.bocm.es/bocm-20240520-20
Concesiones;Orden de Convocatoria Becas Excel. Acad. 25-26. MATRIC. Univ.;CONSEJERÍA DE EDUCACIÓN, CIENCIA Y UNIVERSIDADES;877949;—;Subvención;28/09/2026;2100;https://www.bocm.es/bocm-20240520-20
Concesiones;Orden de Convocatoria Becas Excel. Acad. 25-26. MATRIC. Univ.;CONSEJERÍA DE EDUCACIÓN, CIENCIA Y UNIVERSIDADES;877949;—;Subvención;28/09/2026;2100;https://www.bocm.es/bocm-20240520-20
Concesiones;Orden de Convocatoria Becas Excel. Acad. 25-26. MATRIC. Univ.;CONSEJERÍA DE EDUCACIÓN, CIENCIA Y UNIVERSIDADES;877949;—;Subvención;28/09/2026;2100;https://www.bocm.es/bocm-20240520-20
Concesiones;Orden de Convocatoria Becas Excel. Acad. 25-26. MATRIC. Univ.;CONSEJERÍA DE EDUCACIÓN, CIENCIA Y UNIVERSIDADES;877949;—;Subvención;28/09/2026;2100;https://www.bocm.es/bocm-20240520-20
Concesiones;Orden de Convocatoria Becas Excel. Acad. 25-26. MATRIC. Univ.;CONSEJERÍA DE EDUCACIÓN, CIENCIA Y UNIVERSIDADES;877949;—;Subvención;28/09/2026;2100;https://www.bocm.es/bocm-20240520-20
Concesiones;Orden de Convocatoria Becas Excel. Acad. 25-26. MATRIC. Univ.;CONSEJERÍA DE EDUCACIÓN, CIENCIA Y UNIVERSIDADES;877949;—;Subvención;28/09/2026;2100;https://www.bocm.es/bocm-20240520-20
Concesiones;Orden de Convocatoria Becas Excel. Acad. 25-26. MATRIC. Univ.;CONSEJERÍA DE EDUCACIÓN, CIENCIA Y UNIVERSIDADES;877949;—;Subvención;28/09/2026;2100;https://www.bocm.es/bocm-20240520-20
Concesiones;Orden de Convocatoria Becas Excel. Acad. 25-26. MATRIC. Univ.;CONSEJERÍA DE EDUCACIÓN, CIENCIA Y UNIVERSIDADES;877949;—;Subvención;28/09/2026;2100;https://www.bocm.es/bocm-20240520-20
Concesiones;Orden de Convocatoria Becas Excel. Acad. 25-26. MATRIC. Univ.;CONSEJERÍA DE EDUCACIÓN, CIENCIA Y UNIVERSIDADES;877949;—;Subvención;28/09/2026;2100;https://www.bocm.es/bocm-20240520-20
Concesiones;Orden de Convocatoria Becas Excel. Acad. 25-26. MATRIC. Univ.;CONSEJERÍA DE EDUCACIÓN, CIENCIA Y UNIVERSIDADES;877949;—;Subvención;28/09/2026;2100;https://www.bocm.es/bocm-20240520-20
Concesiones;Orden de Convocatoria Becas Excel. Acad. 25-26. MATRIC. Univ.;CONSEJERÍA DE EDUCACIÓN, CIENCIA Y UNIVERSIDADES;877949;—;Subvención;28/09/2026;2100;https://www.bocm.es/bocm-20240520-20
Concesiones;Orden de Convocatoria Becas Excel. Acad. 25-26. MATRIC. Univ.;CONSEJERÍA DE EDUCACIÓN, CIENCIA Y UNIVERSIDADES;877949;—;Subvención;28/09/2026;2100;https://www.bocm.es/bocm-20240520-20
Concesiones;Orden de Convocatoria Becas Excel. Acad. 25-26. MATRIC. Univ.;CONSEJERÍA DE EDUCACIÓN, CIENCIA Y UNIVERSIDADES;877949;—;Subvención;28/09/2026;2100;https://www.bocm.es/bocm-20240520-20
Concesiones;Orden de Convocatoria Becas Excel. Acad. 25-26. MATRIC. Univ.;CONSEJERÍA DE EDUCACIÓN, CIENCIA Y UNIVERSIDADES;877949;—;Subvención;28/09/2026;2100;https://www.bocm.es/bocm-20240520-20
Concesiones;Orden de Convocatoria Becas Excel. Acad. 25-26. MATRIC. Univ.;CONSEJERÍA DE EDUCACIÓN, CIENCIA Y UNIVERSIDADES;877949;—;Subvención;28/09/2026;2100;https://www.bocm.es/bocm-20240520-20
Concesiones;Orden de Convocatoria Becas Excel. Acad. 25-26. MATRIC. Univ.;CONSEJERÍA DE EDUCACIÓN, CIENCIA Y UNIVERSIDADES;877949;—;Subvención;28/09/2026;2100;https://www.bocm.es/bocm-20240520-20
Concesiones;Orden de Convocatoria Becas Excel. Acad. 25-26. MATRIC. Univ.;CONSEJERÍA DE EDUCACIÓN, CIENCIA Y UNIVERSIDADES;877949;—;Subvención;28/09/2026;2100;https://www.bocm.es/bocm-20240520-20
Concesiones;Orden de Convocatoria Becas Excel. Acad. 25-26. MATRIC. Univ.;CONSEJERÍA DE EDUCACIÓN, CIENCIA Y UNIVERSIDADES;877949;—;Subvención;28/09/2026;2100;https://www.bocm.es/bocm-20240520-20
Concesiones;Orden de Convocatoria Becas Excel. Acad. 25-26. MATRIC. Univ.;CONSEJERÍA DE EDUCACIÓN, CIENCIA Y UNIVERSIDADES;877949;—;Subvención;28/09/2026;2100;https://www.bocm.es/bocm-20240520-20
Concesiones;Orden de Convocatoria Becas Excel. Acad. 25-26. MATRIC. Univ.;CONSEJERÍA DE EDUCACIÓN, CIENCIA Y UNIVERSIDADES;877949;—;Subvención;28/09/2026;2100;https://www.bocm.es/bocm-20240520-20
Concesiones;Orden de Convocatoria Becas Excel. Acad. 25-26. MATRIC. Univ.;CONSEJERÍA DE EDUCACIÓN, CIENCIA Y UNIVERSIDADES;877949;—;Subvención;28/09/2026;2100;https://www.bocm.es/bocm-20240520-20
Concesiones;Orden de Convocatoria Becas Excel. Acad. 25-26. MATRIC. Univ.;CONSEJERÍA DE EDUCACIÓN, CIENCIA Y UNIVERSIDADES;877949;—;Subvención;28/09/2026;2100;https://www.bocm.es/bocm-20240520-20
Concesiones;Orden de Convocatoria Becas Excel. Acad. 25-26. MATRIC. Univ.;CONSEJERÍA DE EDUCACIÓN, CIENCIA Y UNIVERSIDADES;877949;—;Subvención;28/09/2026;2100;https://www.bocm.es/bocm-20240520-20
Concesiones;Orden de Convocatoria Becas Excel. Acad. 25-26. MATRIC. Univ.;CONSEJERÍA DE EDUCACIÓN, CIENCIA Y UNIVERSIDADES;877949;—;Subvención;28/09/2026;2100;https://www.bocm.es/bocm-20240520-20
Concesiones;Orden de Convocatoria Becas Excel. Acad. 25-26. MATRIC. Univ.;CONSEJERÍA DE EDUCACIÓN, CIENCIA Y UNIVERSIDADES;877949;—;Subvención;28/09/2026;2100;https://www.bocm.es/bocm-20240520-20
Concesiones;Orden de Convocatoria Becas Excel. Acad. 25-26. MATRIC. Univ.;CONSEJERÍA DE EDUCACIÓN, CIENCIA Y UNIVERSIDADES;877949;—;Subvención;28/09/2026;2100;https://www.bocm.es/bocm-20240520-20
Concesiones;Orden de Convocatoria Becas Excel. Acad. 25-26. MATRIC. Univ.;CONSEJERÍA DE EDUCACIÓN, CIENCIA Y UNIVERSIDADES;877949;—;Subvención;28/09/2026;2100;https://www.bocm.es/bocm-20240520-20
Concesiones;Orden de Convocatoria Becas Excel. Acad. 25-26. MATRIC. Univ.;CONSEJERÍA DE EDUCACIÓN, CIENCIA Y UNIVERSIDADES;877949;—;Subvención;28/09/2026;2100;https://www.bocm.es/bocm-20240520-20
Concesiones;Orden de Convocatoria Becas Excel. Acad. 25-26. MATRIC. Univ.;CONSEJERÍA DE EDUCACIÓN, CIENCIA Y UNIVERSIDADES;877949;—;Subvención;28/09/2026;2100;https://www.bocm.es/bocm-20240520-20
Concesiones;Orden de Convocatoria Becas Excel. Acad. 25-26. MATRIC. Univ.;CONSEJERÍA DE EDUCACIÓN, CIENCIA Y UNIVERSIDADES;877949;—;Subvención;28/09/2026;2100;https://www.bocm.es/bocm-20240520-20
Concesiones;Orden de Convocatoria Becas Excel. Acad. 25-26. MATRIC. Univ.;CONSEJERÍA DE EDUCACIÓN, CIENCIA Y UNIVERSIDADES;877949;—;Subvención;28/09/2026;2100;https://www.bocm.es/bocm-20240520-20
Concesiones;Orden de Convocatoria Becas Excel. Acad. 25-26. MATRIC. Univ.;CONSEJERÍA DE EDUCACIÓN, CIENCIA Y UNIVERSIDADES;877949;—;Subvención;28/09/2026;2100;https://www.bocm.es/bocm-20240520-20
Concesiones;Orden de Convocatoria Becas Excel. Acad. 25-26. MATRIC. Univ.;CONSEJERÍA DE EDUCACIÓN, CIENCIA Y UNIVERSIDADES;877949;—;Subvención;28/09/2026;2100;https://www.bocm.es/bocm-20240520-20
Concesiones;Orden de Convocatoria Becas Excel. Acad. 25-26. MATRIC. Univ.;CONSEJERÍA DE EDUCACIÓN, CIENCIA Y UNIVERSIDADES;877949;—;Subvención;28/09/2026;2100;https://www.bocm.es/bocm-20240520-20
Concesiones;Orden de Convocatoria Becas Excel. Acad. 25-26. MATRIC. Univ.;CONSEJERÍA DE EDUCACIÓN, CIENCIA Y UNIVERSIDADES;877949;—;Subvención;28/09/2026;2100;https://www.bocm.es/bocm-20240520-20
Concesiones;Orden de Convocatoria Becas Excel. Acad. 25-26. MATRIC. Univ.;CONSEJERÍA DE EDUCACIÓN, CIENCIA Y UNIVERSIDADES;877949;—;Subvención;28/09/2026;2100;https://www.bocm.es/bocm-20240520-20
Concesiones;Orden de Convocatoria Becas Excel. Acad. 25-26. MATRIC. Univ.;CONSEJERÍA DE EDUCACIÓN, CIENCIA Y UNIVERSIDADES;877949;—;Subvención;28/09/2026;2100;https://www.bocm.es/bocm-20240520-20
Concesiones;Orden de Convocatoria Becas Excel. Acad. 25-26. MATRIC. Univ.;CONSEJERÍA DE EDUCACIÓN, CIENCIA Y UNIVERSIDADES;877949;—;Subvención;28/09/2026;2100;https://www.bocm.es/bocm-20240520-20
Concesiones;Orden de Convocatoria Becas Excel. Acad. 25-26. MATRIC. Univ.;CONSEJERÍA DE EDUCACIÓN, CIENCIA Y UNIVERSIDADES;877949;—;Subvención;28/09/2026;2100;https://www.bocm.es/bocm-20240520-20
Concesiones;Orden de Convocatoria Becas Excel. Acad. 25-26. MATRIC. Univ.;CONSEJERÍA DE EDUCACIÓN, CIENCIA Y UNIVERSIDADES;877949;—;Subvención;28/09/2026;2100;https://www.bocm.es/bocm-20240520-20
Concesiones;Orden de Convocatoria Becas Excel. Acad. 25-26. MATRIC. Univ.;CONSEJERÍA DE EDUCACIÓN, CIENCIA Y UNIVERSIDADES;877949;—;Subvención;28/09/2026;2100;https://www.bocm.es/bocm-20240520-20
Concesiones;Orden de Convocatoria Becas Excel. Acad. 25-26. MATRIC. Univ.;CONSEJERÍA DE EDUCACIÓN, CIENCIA Y UNIVERSIDADES;877949;—;Subvención;28/09/2026;2100;https://www.bocm.es/bocm-20240520-20
Concesiones;Orden de Convocatoria Becas Excel. Acad. 25-26. MATRIC. Univ.;CONSEJERÍA DE EDUCACIÓN, CIENCIA Y UNIVERSIDADES;877949;—;Subvención;28/09/2026;2100;https://www.bocm.es/bocm-20240520-20
Concesiones;Orden de Convocatoria Becas Excel. Acad. 25-26. MATRIC. Univ.;CONSEJERÍA DE EDUCACIÓN, CIENCIA Y UNIVERSIDADES;877949;—;Subvención;28/09/2026;2100;https://www.bocm.es/bocm-20240520-20
Concesiones;Orden de Convocatoria Becas Excel. Acad. 25-26. MATRIC. Univ.;CONSEJERÍA DE EDUCACIÓN, CIENCIA Y UNIVERSIDADES;877949;—;Subvención;28/09/2026;2100;https://www.bocm.es/bocm-20240520-20
Concesiones;Orden de Convocatoria Becas Excel. Acad. 25-26. MATRIC. Univ.;CONSEJERÍA DE EDUCACIÓN, CIENCIA Y UNIVERSIDADES;877949;—;Subvención;28/09/2026;2100;https://www.bocm.es/bocm-20240520-20
Concesiones;Orden de Convocatoria Becas Excel. Acad. 25-26. MATRIC. Univ.;CONSEJERÍA DE EDUCACIÓN, CIENCIA Y UNIVERSIDADES;877949;—;Subvención;28/09/2026;2100;https://www.bocm.es/bocm-20240520-20
Concesiones;Orden de Convocatoria Becas Excel. Acad. 25-26. MATRIC. Univ.;CONSEJERÍA DE EDUCACIÓN, CIENCIA Y UNIVERSIDADES;877949;—;Subvención;28/09/2026;2100;https://www.bocm.es/bocm-20240520-20
Concesiones;Orden de Convocatoria Becas Excel. Acad. 25-26. MATRIC. Univ.;CONSEJERÍA DE EDUCACIÓN, CIENCIA Y UNIVERSIDADES;877949;—;Subvención;28/09/2026;2100;https://www.bocm.es/bocm-20240520-20
Concesiones;Orden de Convocatoria Becas Excel. Acad. 25-26. MATRIC. Univ.;CONSEJERÍA DE EDUCACIÓN, CIENCIA Y UNIVERSIDADES;877949;—;Subvención;28/09/2026;2100;https://www.bocm.es/bocm-20240520-20
Concesiones;Orden de Convocatoria Becas Excel. Acad. 25-26. MATRIC. Univ.;CONSEJERÍA DE EDUCACIÓN, CIENCIA Y UNIVERSIDADES;877949;—;Subvención;28/09/2026;2100;https://www.bocm.es/bocm-20240520-20
Concesiones;Orden de Convocatoria Becas Excel. Acad. 25-26. MATRIC. Univ.;CONSEJERÍA DE EDUCACIÓN, CIENCIA Y UNIVERSIDADES;877949;—;Subvención;28/09/2026;2100;https://www.bocm.es/bocm-20240520-20
Concesiones;Orden de Convocatoria Becas Excel. Acad. 25-26. MATRIC. Univ.;CONSEJERÍA DE EDUCACIÓN, CIENCIA Y UNIVERSIDADES;877949;—;Subvención;28/09/2026;2100;https://www.bocm.es/bocm-20240520-20
Concesiones;Orden de Convocatoria Becas Excel. Acad. 25-26. MATRIC. Univ.;CONSEJERÍA DE EDUCACIÓN, CIENCIA Y UNIVERSIDADES;877949;—;Subvención;28/09/2026;2100;https://www.bocm.es/bocm-20240520-20
Concesiones;Orden de Convocatoria Becas Excel. Acad. 25-26. MATRIC. Univ.;CONSEJERÍA DE EDUCACIÓN, CIENCIA Y UNIVERSIDADES;877949;—;Subvención;28/09/2026;2100;https://www.bocm.es/bocm-20240520-20
Concesiones;Orden de Convocatoria Becas Excel. Acad. 25-26. MATRIC. Univ.;CONSEJERÍA DE EDUCACIÓN, CIENCIA Y UNIVERSIDADES;877949;—;Subvención;28/09/2026;2100;https://www.bocm.es/bocm-20240520-20
Concesiones;Orden de Convocatoria Becas Excel. Acad. 25-26. MATRIC. Univ.;CONSEJERÍA DE EDUCACIÓN, CIENCIA Y UNIVERSIDADES;877949;—;Subvención;28/09/2026;2100;https://www.bocm.es/bocm-20240520-20
Concesiones;Orden de Convocatoria Becas Excel. Acad. 25-26. MATRIC. Univ.;CONSEJERÍA DE EDUCACIÓN, CIENCIA Y UNIVERSIDADES;877949;—;Subvención;28/09/2026;2100;https://www.bocm.es/bocm-20240520-20
Concesiones;Orden de Convocatoria Becas Excel. Acad. 25-26. MATRIC. Univ.;CONSEJERÍA DE EDUCACIÓN, CIENCIA Y UNIVERSIDADES;877949;—;Subvención;28/09/2026;2100;https://www.bocm.es/bocm-20240520-20
Concesiones;Orden de Convocatoria Becas Excel. Acad. 25-26. MATRIC. Univ.;CONSEJERÍA DE EDUCACIÓN, CIENCIA Y UNIVERSIDADES;877949;—;Subvención;28/09/2026;2100;https://www.bocm.es/bocm-20240520-20
Concesiones;Orden de Convocatoria Becas Excel. Acad. 25-26. MATRIC. Univ.;CONSEJERÍA DE EDUCACIÓN, CIENCIA Y UNIVERSIDADES;877949;—;Subvención;28/09/2026;2100;https://www.bocm.es/bocm-20240520-20
Concesiones;Orden de Convocatoria Becas Excel. Acad. 25-26. MATRIC. Univ.;CONSEJERÍA DE EDUCACIÓN, CIENCIA Y UNIVERSIDADES;877949;—;Subvención;28/09/2026;2100;https://www.bocm.es/bocm-20240520-20
Concesiones;Orden de Convocatoria Becas Excel. Acad. 25-26. MATRIC. Univ.;CONSEJERÍA DE EDUCACIÓN, CIENCIA Y UNIVERSIDADES;877949;—;Subvención;28/09/2026;2100;https://www.bocm.es/bocm-20240520-20
Concesiones;Orden de Convocatoria Becas Excel. Acad. 25-26. MATRIC. Univ.;CONSEJERÍA DE EDUCACIÓN, CIENCIA Y UNIVERSIDADES;877949;—;Subvención;28/09/2026;2100;https://www.bocm.es/bocm-20240520-20
Concesiones;Orden de Convocatoria Becas Excel. Acad. 25-26. MATRIC. Univ.;CONSEJERÍA DE EDUCACIÓN, CIENCIA Y UNIVERSIDADES;877949;—;Subvención;28/09/2026;2100;https://www.bocm.es/bocm-20240520-20
Concesiones;Orden de Convocatoria Becas Excel. Acad. 25-26. MATRIC. Univ.;CONSEJERÍA DE EDUCACIÓN, CIENCIA Y UNIVERSIDADES;877949;—;Subvención;28/09/2026;2100;https://www.bocm.es/bocm-20240520-20
Concesiones;Orden de Convocatoria Becas Excel. Acad. 25-26. MATRIC. Univ.;CONSEJERÍA DE EDUCACIÓN, CIENCIA Y UNIVERSIDADES;877949;—;Subvención;28/09/2026;2100;https://www.bocm.es/bocm-20240520-20
Concesiones;Orden de Convocatoria Becas Excel. Acad. 25-26. MATRIC. Univ.;CONSEJERÍA DE EDUCACIÓN, CIENCIA Y UNIVERSIDADES;877949;—;Subvención;28/09/2026;2100;https://www.bocm.es/bocm-20240520-20
Concesiones;Orden de Convocatoria Becas Excel. Acad. 25-26. MATRIC. Univ.;CONSEJERÍA DE EDUCACIÓN, CIENCIA Y UNIVERSIDADES;877949;—;Subvención;28/09/2026;2100;https://www.bocm.es/bocm-20240520-20
Concesiones;Orden de Convocatoria Becas Excel. Acad. 25-26. MATRIC. Univ.;CONSEJERÍA DE EDUCACIÓN, CIENCIA Y UNIVERSIDADES;877949;—;Subvención;28/09/2026;2100;https://www.bocm.es/bocm-20240520-20
Concesiones;Orden de Convocatoria Becas Excel. Acad. 25-26. MATRIC. Univ.;CONSEJERÍA DE EDUCACIÓN, CIENCIA Y UNIVERSIDADES;877949;—;Subvención;28/09/2026;2100;https://www.bocm.es/bocm-20240520-20
Concesiones;Orden de Convocatoria Becas Excel. Acad. 25-26. MATRIC. Univ.;CONSEJERÍA DE EDUCACIÓN, CIENCIA Y UNIVERSIDADES;877949;—;Subvención;28/09/2026;2100;https://www.bocm.es/bocm-20240520-20
Concesiones;Orden de Convocatoria Becas Excel. Acad. 25-26. MATRIC. Univ.;CONSEJERÍA DE EDUCACIÓN, CIENCIA Y UNIVERSIDADES;877949;—;Subvención;28/09/2026;2100;https://www.bocm.es/bocm-20240520-20
Concesiones;Orden de Convocatoria Becas Excel. Acad. 25-26. MATRIC. Univ.;CONSEJERÍA DE EDUCACIÓN, CIENCIA Y UNIVERSIDADES;877949;—;Subvención;28/09/2026;2100;https://www.bocm.es/bocm-20240520-20
Concesiones;Orden de Convocatoria Becas Excel. Acad. 25-26. MATRIC. Univ.;CONSEJERÍA DE EDUCACIÓN, CIENCIA Y UNIVERSIDADES;877949;—;Subvención;28/09/2026;2100;https://www.bocm.es/bocm-20240520-20
Concesiones;Orden de Convocatoria Becas Excel. Acad. 25-26. MATRIC. Univ.;CONSEJERÍA DE EDUCACIÓN, CIENCIA Y UNIVERSIDADES;877949;—;Subvención;28/09/2026;2100;https://www.bocm.es/bocm-20240520-20
Concesiones;Orden de Convocatoria Becas Excel. Acad. 25-26. MATRIC. Univ.;CONSEJERÍA DE EDUCACIÓN, CIENCIA Y UNIVERSIDADES;877949;—;Subvención;28/09/2026;2100;https://www.bocm.es/bocm-20240520-20
Concesiones;Orden de Convocatoria Becas Excel. Acad. 25-26. MATRIC. Univ.;CONSEJERÍA DE EDUCACIÓN, CIENCIA Y UNIVERSIDADES;877949;—;Subvención;28/09/2026;2100;https://www.bocm.es/bocm-20240520-20
Concesiones;Orden de Convocatoria Becas Excel. Acad. 25-26. MATRIC. Univ.;CONSEJERÍA DE EDUCACIÓN, CIENCIA Y UNIVERSIDADES;877949;—;Subvención;28/09/2026;2100;https://www.bocm.es/bocm-20240520-20
Concesiones;Orden de Convocatoria Becas Excel. Acad. 25-26. MATRIC. Univ.;CONSEJERÍA DE EDUCACIÓN, CIENCIA Y UNIVERSIDADES;877949;—;Subvención;28/09/2026;2100;https://www.bocm.es/bocm-20240520-20
Concesiones;Orden de Convocatoria Becas Excel. Acad. 25-26. MATRIC. Univ.;CONSEJERÍA DE EDUCACIÓN, CIENCIA Y UNIVERSIDADES;877949;—;Subvención;28/09/2026;2100;https://www.bocm.es/bocm-20240520-20
Concesiones;Orden de Convocatoria Becas Excel. Acad. 25-26. MATRIC. Univ.;CONSEJERÍA DE EDUCACIÓN, CIENCIA Y UNIVERSIDADES;877949;—;Subvención;28/09/2026;2100;https://www.bocm.es/bocm-20240520-20
Concesiones;Orden de Convocatoria Becas Excel. Acad. 25-26. MATRIC. Univ.;CONSEJERÍA DE EDUCACIÓN, CIENCIA Y UNIVERSIDADES;877949;—;Subvención;28/09/2026;2100;https://www.bocm.es/bocm-20240520-20
Concesiones;Orden de Convocatoria Becas Excel. Acad. 25-26. MATRIC. Univ.;CONSEJERÍA DE EDUCACIÓN, CIENCIA Y UNIVERSIDADES;877949;—;Subvención;28/09/2026;2100;https://www.bocm.es/bocm-20240520-20
Concesiones;Orden de Convocatoria Becas Excel. Acad. 25-26. MATRIC. Univ.;CONSEJERÍA DE EDUCACIÓN, CIENCIA Y UNIVERSIDADES;877949;—;Subvención;28/09/2026;2100;https://www.bocm.es/bocm-20240520-20
Concesiones;Orden de Convocatoria Becas Excel. Acad. 25-26. MATRIC. Univ.;CONSEJERÍA DE EDUCACIÓN, CIENCIA Y UNIVERSIDADES;877949;—;Subvención;28/09/2026;2100;https://www.bocm.es/bocm-20240520-20
Concesiones;Orden de Convocatoria Becas Excel. Acad. 25-26. MATRIC. Univ.;CONSEJERÍA DE EDUCACIÓN, CIENCIA Y UNIVERSIDADES;877949;—;Subvención;28/09/2026;2100;https://www.bocm.es/bocm-20240520-20
Concesiones;Orden de Convocatoria Becas Excel. Acad. 25-26. MATRIC. Univ.;CONSEJERÍA DE EDUCACIÓN, CIENCIA Y UNIVERSIDADES;877949;—;Subvención;28/09/2026;2100;https://www.bocm.es/bocm-20240520-20
Concesiones;Orden de Convocatoria Becas Excel. Acad. 25-26. MATRIC. Univ.;CONSEJERÍA DE EDUCACIÓN, CIENCIA Y UNIVERSIDADES;877949;—;Subvención;28/09/2026;2100;https://www.bocm.es/bocm-20240520-20
Concesiones;Orden de Convocatoria Becas Excel. Acad. 25-26. MATRIC. Univ.;CONSEJERÍA DE EDUCACIÓN, CIENCIA Y UNIVERSIDADES;877949;—;Subvención;28/09/2026;2100;https://www.bocm.es/bocm-20240520-20
Concesiones;Orden de Convocatoria Becas Excel. Acad. 25-26. MATRIC. Univ.;CONSEJERÍA DE EDUCACIÓN, CIENCIA Y UNIVERSIDADES;877949;—;Subvención;28/09/2026;2100;https://www.bocm.es/bocm-20240520-20
Concesiones;Orden de Convocatoria Becas Excel. Acad. 25-26. MATRIC. Univ.;CONSEJERÍA DE EDUCACIÓN, CIENCIA Y UNIVERSIDADES;877949;—;Subvención;28/09/2026;2100;https://www.bocm.es/bocm-20240520-20
Concesiones;Orden de Convocatoria Becas Excel. Acad. 25-26. MATRIC. Univ.;CONSEJERÍA DE EDUCACIÓN, CIENCIA Y UNIVERSIDADES;877949;—;Subvención;28/09/2026;2100;https://www.bocm.es/bocm-20240520-20
Concesiones;Orden de Convocatoria Becas Excel. Acad. 25-26. MATRIC. Univ.;CONSEJERÍA DE EDUCACIÓN, CIENCIA Y UNIVERSIDADES;877949;—;Subvención;28/09/2026;2100;https://www.bocm.es/bocm-20240520-20
Concesiones;Orden de Convocatoria Becas Excel. Acad. 25-26. MATRIC. Univ.;CONSEJERÍA DE EDUCACIÓN, CIENCIA Y UNIVERSIDADES;877949;—;Subvención;28/09/2026;2100;https://www.bocm.es/bocm-20240520-20
Concesiones;Orden de Convocatoria Becas Excel. Acad. 25-26. MATRIC. Univ.;CONSEJERÍA DE EDUCACIÓN, CIENCIA Y UNIVERSIDADES;877949;—;Subvención;28/09/2026;2100;https://www.bocm.es/bocm-20240520-20
Concesiones;Orden de Convocatoria Becas Excel. Acad. 25-26. MATRIC. Univ.;CONSEJERÍA DE EDUCACIÓN, CIENCIA Y UNIVERSIDADES;877949;—;Subvención;28/09/2026;2100;https://www.bocm.es/bocm-20240520-20
Concesiones;Orden de Convocatoria Becas Excel. Acad. 25-26. MATRIC. Univ.;CONSEJERÍA DE EDUCACIÓN, CIENCIA Y UNIVERSIDADES;877949;—;Subvención;28/09/2026;2100;https://www.bocm.es/bocm-20240520-20
Concesiones;Orden de Convocatoria Becas Excel. Acad. 25-26. MATRIC. Univ.;CONSEJERÍA DE EDUCACIÓN, CIENCIA Y UNIVERSIDADES;877949;—;Subvención;28/09/2026;2100;https://www.bocm.es/bocm-20240520-20
Concesiones;Orden de Convocatoria Becas Excel. Acad. 25-26. MATRIC. Univ.;CONSEJERÍA DE EDUCACIÓN, CIENCIA Y UNIVERSIDADES;877949;—;Subvención;28/09/2026;2100;https://www.bocm.es/bocm-20240520-20
Concesiones;Orden de Convocatoria Becas Excel. Acad. 25-26. MATRIC. Univ.;CONSEJERÍA DE EDUCACIÓN, CIENCIA Y UNIVERSIDADES;877949;—;Subvención;28/09/2026;2100;https://www.bocm.es/bocm-20240520-20
Concesiones;Orden de Convocatoria Becas Excel. Acad. 25-26. MATRIC. Univ.;CONSEJERÍA DE EDUCACIÓN, CIENCIA Y UNIVERSIDADES;877949;—;Subvención;28/09/2026;2100;https://www.bocm.es/bocm-20240520-20
Concesiones;Orden de Convocatoria Becas Excel. Acad. 25-26. MATRIC. Univ.;CONSEJERÍA DE EDUCACIÓN, CIENCIA Y UNIVERSIDADES;877949;—;Subvención;28/09/2026;2100;https://www.bocm.es/bocm-20240520-20
Concesiones;Orden de Convocatoria Becas Excel. Acad. 25-26. MATRIC. Univ.;CONSEJERÍA DE EDUCACIÓN, CIENCIA Y UNIVERSIDADES;877949;—;Subvención;28/09/2026;2100;https://www.bocm.es/bocm-20240520-20
Concesiones;Orden de Convocatoria Becas Excel. Acad. 25-26. MATRIC. Univ.;CONSEJERÍA DE EDUCACIÓN, CIENCIA Y UNIVERSIDADES;877949;—;Subvención;28/09/2026;2100;https://www.bocm.es/bocm-20240520-20
Concesiones;Orden de Convocatoria Becas Excel. Acad. 25-26. MATRIC. Univ.;CONSEJERÍA DE EDUCACIÓN, CIENCIA Y UNIVERSIDADES;877949;—;Subvención;28/09/2026;2100;https://www.bocm.es/bocm-20240520-20
Concesiones;Orden de Convocatoria Becas Excel. Acad. 25-26. MATRIC. Univ.;CONSEJERÍA DE EDUCACIÓN, CIENCIA Y UNIVERSIDADES;877949;—;Subvención;28/09/2026;2100;https://www.bocm.es/bocm-20240520-20
Concesiones;Orden de Convocatoria Becas Excel. Acad. 25-26. MATRIC. Univ.;CONSEJERÍA DE EDUCACIÓN, CIENCIA Y UNIVERSIDADES;877949;—;Subvención;28/09/2026;2100;https://www.bocm.es/bocm-20240520-20
Concesiones;Orden de Convocatoria Becas Excel. Acad. 25-26. MATRIC. Univ.;CONSEJERÍA DE EDUCACIÓN, CIENCIA Y UNIVERSIDADES;877949;—;Subvención;28/09/2026;2100;https://www.bocm.es/bocm-20240520-20
Concesiones;Orden de Convocatoria Becas Excel. Acad. 25-26. MATRIC. Univ.;CONSEJERÍA DE EDUCACIÓN, CIENCIA Y UNIVERSIDADES;877949;—;Subvención;28/09/2026;2100;https://www.bocm.es/bocm-20240520-20
Concesiones;Orden de Convocatoria Becas Excel. Acad. 25-26. MATRIC. Univ.;CONSEJERÍA DE EDUCACIÓN, CIENCIA Y UNIVERSIDADES;877949;—;Subvención;28/09/2026;2100;https://www.bocm.es/bocm-20240520-20
Concesiones;Orden de Convocatoria Becas Excel. Acad. 25-26. MATRIC. Univ.;CONSEJERÍA DE EDUCACIÓN, CIENCIA Y UNIVERSIDADES;877949;—;Subvención;28/09/2026;2100;https://www.bocm.es/bocm-20240520-20
Concesiones;Orden de Convocatoria Becas Excel. Acad. 25-26. MATRIC. Univ.;CONSEJERÍA DE EDUCACIÓN, CIENCIA Y UNIVERSIDADES;877949;—;Subvención;28/09/2026;2100;https://www.bocm.es/bocm-20240520-20
Concesiones;Orden de Convocatoria Becas Excel. Acad. 25-26. MATRIC. Univ.;CONSEJERÍA DE EDUCACIÓN, CIENCIA Y UNIVERSIDADES;877949;—;Subvención;28/09/2026;2100;https://www.bocm.es/bocm-20240520-20
Concesiones;Orden de Convocatoria Becas Excel. Acad. 25-26. MATRIC. Univ.;CONSEJERÍA DE EDUCACIÓN, CIENCIA Y UNIVERSIDADES;877949;—;Subvención;28/09/2026;2100;https://www.bocm.es/bocm-20240520-20
Concesiones;Orden de Convocatoria Becas Excel. Acad. 25-26. MATRIC. Univ.;CONSEJERÍA DE EDUCACIÓN, CIENCIA Y UNIVERSIDADES;877949;—;Subvención;28/09/2026;2100;https://www.bocm.es/bocm-20240520-20
Concesiones;Orden de Convocatoria Becas Excel. Acad. 25-26. MATRIC. Univ.;CONSEJERÍA DE EDUCACIÓN, CIENCIA Y UNIVERSIDADES;877949;—;Subvención;28/09/2026;2100;https://www.bocm.es/bocm-20240520-20
Concesiones;Orden de Convocatoria Becas Excel. Acad. 25-26. MATRIC. Univ.;CONSEJERÍA DE EDUCACIÓN, CIENCIA Y UNIVERSIDADES;877949;—;Subvención;28/09/2026;2100;https://www.bocm.es/bocm-20240520-20
Concesiones;Orden de Convocatoria Becas Excel. Acad. 25-26. MATRIC. Univ.;CONSEJERÍA DE EDUCACIÓN, CIENCIA Y UNIVERSIDADES;877949;—;Subvención;28/09/2026;2100;https://www.bocm.es/bocm-20240520-20
Concesiones;Orden de Convocatoria Becas Excel. Acad. 25-26. MATRIC. Univ.;CONSEJERÍA DE EDUCACIÓN, CIENCIA Y UNIVERSIDADES;877949;—;Subvención;28/09/2026;2100;https://www.bocm.es/bocm-20240520-20
Concesiones;Orden de Convocatoria Becas Excel. Acad. 25-26. MATRIC. Univ.;CONSEJERÍA DE EDUCACIÓN, CIENCIA Y UNIVERSIDADES;877949;—;Subvención;28/09/2026;2100;https://www.bocm.es/bocm-20240520-20
Concesiones;Orden de Convocatoria Becas Excel. Acad. 25-26. MATRIC. Univ.;CONSEJERÍA DE EDUCACIÓN, CIENCIA Y UNIVERSIDADES;877949;—;Subvención;28/09/2026;2100;https://www.bocm.es/bocm-20240520-20
Concesiones;Orden de Convocatoria Becas Excel. Acad. 25-26. MATRIC. Univ.;CONSEJERÍA DE EDUCACIÓN, CIENCIA Y UNIVERSIDADES;877949;—;Subvención;28/09/2026;2100;https://www.bocm.es/bocm-20240520-20
Concesiones;Orden de Convocatoria Becas Excel. Acad. 25-26. MATRIC. Univ.;CONSEJERÍA DE EDUCACIÓN, CIENCIA Y UNIVERSIDADES;877949;—;Subvención;28/09/2026;2100;https://www.bocm.es/bocm-20240520-20
Concesiones;Orden de Convocatoria Becas Excel. Acad. 25-26. MATRIC. Univ.;CONSEJERÍA DE EDUCACIÓN, CIENCIA Y UNIVERSIDADES;877949;—;Subvención;28/09/2026;2100;https://www.bocm.es/bocm-20240520-20
Concesiones;Orden de Convocatoria Becas Excel. Acad. 25-26. MATRIC. Univ.;CONSEJERÍA DE EDUCACIÓN, CIENCIA Y UNIVERSIDADES;877949;—;Subvención;28/09/2026;2100;https://www.bocm.es/bocm-20240520-20
Concesiones;Orden de Convocatoria Becas Excel. Acad. 25-26. MATRIC. Univ.;CONSEJERÍA DE EDUCACIÓN, CIENCIA Y UNIVERSIDADES;877949;—;Subvención;28/09/2026;2100;https://www.bocm.es/bocm-20240520-20
Concesiones;Orden de Convocatoria Becas Excel. Acad. 25-26. MATRIC. Univ.;CONSEJERÍA DE EDUCACIÓN, CIENCIA Y UNIVERSIDADES;877949;—;Subvención;28/09/2026;2100;https://www.bocm.es/bocm-20240520-20
Concesiones;Orden de Convocatoria Becas Excel. Acad. 25-26. MATRIC. Univ.;CONSEJERÍA DE EDUCACIÓN, CIENCIA Y UNIVERSIDADES;877949;—;Subvención;28/09/2026;2100;https://www.bocm.es/bocm-20240520-20
Concesiones;Orden de Convocatoria Becas Excel. Acad. 25-26. MATRIC. Univ.;CONSEJERÍA DE EDUCACIÓN, CIENCIA Y UNIVERSIDADES;877949;—;Subvención;28/09/2026;2100;https://www.bocm.es/bocm-20240520-20
Concesiones;Orden de Convocatoria Becas Excel. Acad. 25-26. MATRIC. Univ.;CONSEJERÍA DE EDUCACIÓN, CIENCIA Y UNIVERSIDADES;877949;—;Subvención;28/09/2026;2100;https://www.bocm.es/bocm-20240520-20
Concesiones;Orden de Convocatoria Becas Excel. Acad. 25-26. MATRIC. Univ.;CONSEJERÍA DE EDUCACIÓN, CIENCIA Y UNIVERSIDADES;877949;—;Subvención;28/09/2026;2100;https://www.bocm.es/bocm-20240520-20
Concesiones;Orden de Convocatoria Becas Excel. Acad. 25-26. MATRIC. Univ.;CONSEJERÍA DE EDUCACIÓN, CIENCIA Y UNIVERSIDADES;877949;—;Subvención;28/09/2026;2100;https://www.bocm.es/bocm-20240520-20
Concesiones;Orden de Convocatoria Becas Excel. Acad. 25-26. MATRIC. Univ.;CONSEJERÍA DE EDUCACIÓN, CIENCIA Y UNIVERSIDADES;877949;—;Subvención;28/09/2026;2100;https://www.bocm.es/bocm-20240520-20
Concesiones;Orden de Convocatoria Becas Excel. Acad. 25-26. MATRIC. Univ.;CONSEJERÍA DE EDUCACIÓN, CIENCIA Y UNIVERSIDADES;877949;—;Subvención;28/09/2026;2100;https://www.bocm.es/bocm-20240520-20
Concesiones;Orden de Convocatoria Becas Excel. Acad. 25-26. MATRIC. Univ.;CONSEJERÍA DE EDUCACIÓN, CIENCIA Y UNIVERSIDADES;877949;—;Subvención;28/09/2026;2100;https://www.bocm.es/bocm-20240520-20
Concesiones;Orden de Convocatoria Becas Excel. Acad. 25-26. MATRIC. Univ.;CONSEJERÍA DE EDUCACIÓN, CIENCIA Y UNIVERSIDADES;877949;—;Subvención;28/09/2026;2100;https://www.bocm.es/bocm-20240520-20
Concesiones;Orden de Convocatoria Becas Excel. Acad. 25-26. MATRIC. Univ.;CONSEJERÍA DE EDUCACIÓN, CIENCIA Y UNIVERSIDADES;877949;—;Subvención;28/09/2026;2100;https://www.bocm.es/bocm-20240520-20
Concesiones;Orden de Convocatoria Becas Excel. Acad. 25-26. MATRIC. Univ.;CONSEJERÍA DE EDUCACIÓN, CIENCIA Y UNIVERSIDADES;877949;—;Subvención;28/09/2026;2100;https://www.bocm.es/bocm-20240520-20
Concesiones;Orden de Convocatoria Becas Excel. Acad. 25-26. MATRIC. Univ.;CONSEJERÍA DE EDUCACIÓN, CIENCIA Y UNIVERSIDADES;877949;—;Subvención;28/09/2026;2100;https://www.bocm.es/bocm-20240520-20
Concesiones;Orden de Convocatoria Becas Excel. Acad. 25-26. MATRIC. Univ.;CONSEJERÍA DE EDUCACIÓN, CIENCIA Y UNIVERSIDADES;877949;—;Subvención;28/09/2026;2100;https://www.bocm.es/bocm-20240520-20
Concesiones;Orden de Convocatoria Becas Excel. Acad. 25-26. MATRIC. Univ.;CONSEJERÍA DE EDUCACIÓN, CIENCIA Y UNIVERSIDADES;877949;—;Subvención;28/09/2026;2100;https://www.bocm.es/bocm-20240520-20
Concesiones;Orden de Convocatoria Becas Excel. Acad. 25-26. MATRIC. Univ.;CONSEJERÍA DE EDUCACIÓN, CIENCIA Y UNIVERSIDADES;877949;—;Subvención;28/09/2026;2100;https://www.bocm.es/bocm-20240520-20
Concesiones;Orden de Convocatoria Becas Excel. Acad. 25-26. MATRIC. Univ.;CONSEJERÍA DE EDUCACIÓN, CIENCIA Y UNIVERSIDADES;877949;—;Subvención;28/09/2026;2100;https://www.bocm.es/bocm-20240520-20
Concesiones;Orden de Convocatoria Becas Excel. Acad. 25-26. MATRIC. Univ.;CONSEJERÍA DE EDUCACIÓN, CIENCIA Y UNIVERSIDADES;877949;—;Subvención;28/09/2026;2100;https://www.bocm.es/bocm-20240520-20
Concesiones;Orden de Convocatoria Becas Excel. Acad. 25-26. MATRIC. Univ.;CONSEJERÍA DE EDUCACIÓN, CIENCIA Y UNIVERSIDADES;877949;—;Subvención;28/09/2026;2100;https://www.bocm.es/bocm-20240520-20
Concesiones;Orden de Convocatoria Becas Excel. Acad. 25-26. MATRIC. Univ.;CONSEJERÍA DE EDUCACIÓN, CIENCIA Y UNIVERSIDADES;877949;—;Subvención;28/09/2026;2100;https://www.bocm.es/bocm-20240520-20
Concesiones;Orden de Convocatoria Becas Excel. Acad. 25-26. MATRIC. Univ.;CONSEJERÍA DE EDUCACIÓN, CIENCIA Y UNIVERSIDADES;877949;—;Subvención;28/09/2026;2100;https://www.bocm.es/bocm-20240520-20
Concesiones;Orden de Convocatoria Becas Excel. Acad. 25-26. MATRIC. Univ.;CONSEJERÍA DE EDUCACIÓN, CIENCIA Y UNIVERSIDADES;877949;—;Subvención;28/09/2026;2100;https://www.bocm.es/bocm-20240520-20
Concesiones;Orden de Convocatoria Becas Excel. Acad. 25-26. MATRIC. Univ.;CONSEJERÍA DE EDUCACIÓN, CIENCIA Y UNIVERSIDADES;877949;—;Subvención;28/09/2026;2100;https://www.bocm.es/bocm-20240520-20
Concesiones;Orden de Convocatoria Becas Excel. Acad. 25-26. MATRIC. Univ.;CONSEJERÍA DE EDUCACIÓN, CIENCIA Y UNIVERSIDADES;877949;—;Subvención;28/09/2026;2100;https://www.bocm.es/bocm-20240520-20
Concesiones;Orden de Convocatoria Becas Excel. Acad. 25-26. MATRIC. Univ.;CONSEJERÍA DE EDUCACIÓN, CIENCIA Y UNIVERSIDADES;877949;—;Subvención;28/09/2026;2100;https://www.bocm.es/bocm-20240520-20
Concesiones;Orden de Convocatoria Becas Excel. Acad. 25-26. MATRIC. Univ.;CONSEJERÍA DE EDUCACIÓN, CIENCIA Y UNIVERSIDADES;877949;—;Subvención;28/09/2026;2100;https://www.bocm.es/bocm-20240520-20
Concesiones;Orden de Convocatoria Becas Excel. Acad. 25-26. MATRIC. Univ.;CONSEJERÍA DE EDUCACIÓN, CIENCIA Y UNIVERSIDADES;877949;—;Subvención;28/09/2026;2100;https://www.bocm.es/bocm-20240520-20
Concesiones;Orden de Convocatoria Becas Excel. Acad. 25-26. MATRIC. Univ.;CONSEJERÍA DE EDUCACIÓN, CIENCIA Y UNIVERSIDADES;877949;—;Subvención;28/09/2026;2100;https://www.bocm.es/bocm-20240520-20
Concesiones;Orden de Convocatoria Becas Excel. Acad. 25-26. MATRIC. Univ.;CONSEJERÍA DE EDUCACIÓN, CIENCIA Y UNIVERSIDADES;877949;—;Subvención;28/09/2026;2100;https://www.bocm.es/bocm-20240520-20
Concesiones;Orden de Convocatoria Becas Excel. Acad. 25-26. MATRIC. Univ.;CONSEJERÍA DE EDUCACIÓN, CIENCIA Y UNIVERSIDADES;877949;—;Subvención;28/09/2026;2100;https://www.bocm.es/bocm-20240520-20
Concesiones;Orden de Convocatoria Becas Excel. Acad. 25-26. MATRIC. Univ.;CONSEJERÍA DE EDUCACIÓN, CIENCIA Y UNIVERSIDADES;877949;—;Subvención;28/09/2026;2100;https://www.bocm.es/bocm-20240520-20
Concesiones;Orden de Convocatoria Becas Excel. Acad. 25-26. MATRIC. Univ.;CONSEJERÍA DE EDUCACIÓN, CIENCIA Y UNIVERSIDADES;877949;—;Subvención;28/09/2026;2100;https://www.bocm.es/bocm-20240520-20
Concesiones;Orden de Convocatoria Becas Excel. Acad. 25-26. MATRIC. Univ.;CONSEJERÍA DE EDUCACIÓN, CIENCIA Y UNIVERSIDADES;877949;—;Subvención;28/09/2026;2100;https://www.bocm.es/bocm-20240520-20
Concesiones;Orden de Convocatoria Becas Excel. Acad. 25-26. MATRIC. Univ.;CONSEJERÍA DE EDUCACIÓN, CIENCIA Y UNIVERSIDADES;877949;—;Subvención;28/09/2026;2100;https://www.bocm.es/bocm-20240520-20
Concesiones;Orden de Convocatoria Becas Excel. Acad. 25-26. MATRIC. Univ.;CONSEJERÍA DE EDUCACIÓN, CIENCIA Y UNIVERSIDADES;877949;—;Subvención;28/09/2026;2100;https://www.bocm.es/bocm-20240520-20
Concesiones;Orden de Convocatoria Becas Excel. Acad. 25-26. MATRIC. Univ.;CONSEJERÍA DE EDUCACIÓN, CIENCIA Y UNIVERSIDADES;877949;—;Subvención;28/09/2026;2100;https://www.bocm.es/bocm-20240520-20
Concesiones;Orden de Convocatoria Becas Excel. Acad. 25-26. MATRIC. Univ.;CONSEJERÍA DE EDUCACIÓN, CIENCIA Y UNIVERSIDADES;877949;—;Subvención;28/09/2026;2100;https://www.bocm.es/bocm-20240520-20
Concesiones;Orden de Convocatoria Becas Excel. Acad. 25-26. MATRIC. Univ.;CONSEJERÍA DE EDUCACIÓN, CIENCIA Y UNIVERSIDADES;877949;—;Subvención;28/09/2026;2100;https://www.bocm.es/bocm-20240520-20
Concesiones;Orden de Convocatoria Becas Excel. Acad. 25-26. MATRIC. Univ.;CONSEJERÍA DE EDUCACIÓN, CIENCIA Y UNIVERSIDADES;877949;—;Subvención;28/09/2026;2100;https://www.bocm.es/bocm-20240520-20
Concesiones;Orden de Convocatoria Becas Excel. Acad. 25-26. MATRIC. Univ.;CONSEJERÍA DE EDUCACIÓN, CIENCIA Y UNIVERSIDADES;877949;—;Subvención;28/09/2026;2100;https://www.bocm.es/bocm-20240520-20
Concesiones;Orden de Convocatoria Becas Excel. Acad. 25-26. MATRIC. Univ.;CONSEJERÍA DE EDUCACIÓN, CIENCIA Y UNIVERSIDADES;877949;—;Subvención;28/09/2026;2100;https://www.bocm.es/bocm-20240520-20
Concesiones;Orden de Convocatoria Becas Excel. Acad. 25-26. MATRIC. Univ.;CONSEJERÍA DE EDUCACIÓN, CIENCIA Y UNIVERSIDADES;877949;—;Subvención;28/09/2026;2100;https://www.bocm.es/bocm-20240520-20
Concesiones;Orden de Convocatoria Becas Excel. Acad. 25-26. MATRIC. Univ.;CONSEJERÍA DE EDUCACIÓN, CIENCIA Y UNIVERSIDADES;877949;—;Subvención;28/09/2026;2100;https://www.bocm.es/bocm-20240520-20
Concesiones;Orden de Convocatoria Becas Excel. Acad. 25-26. MATRIC. Univ.;CONSEJERÍA DE EDUCACIÓN, CIENCIA Y UNIVERSIDADES;877949;—;Subvención;28/09/2026;2100;https://www.bocm.es/bocm-20240520-20
Concesiones;Orden de Convocatoria Becas Excel. Acad. 25-26. MATRIC. Univ.;CONSEJERÍA DE EDUCACIÓN, CIENCIA Y UNIVERSIDADES;877949;—;Subvención;28/09/2026;2100;https://www.bocm.es/bocm-20240520-20
Concesiones;Orden de Convocatoria Becas Excel. Acad. 25-26. MATRIC. Univ.;CONSEJERÍA DE EDUCACIÓN, CIENCIA Y UNIVERSIDADES;877949;—;Subvención;28/09/2026;2100;https://www.bocm.es/bocm-20240520-20
Concesiones;Orden de Convocatoria Becas Excel. Acad. 25-26. MATRIC. Univ.;CONSEJERÍA DE EDUCACIÓN, CIENCIA Y UNIVERSIDADES;877949;—;Subvención;28/09/2026;2100;https://www.bocm.es/bocm-20240520-20
Concesiones;Orden de Convocatoria Becas Excel. Acad. 25-26. MATRIC. Univ.;CONSEJERÍA DE EDUCACIÓN, CIENCIA Y UNIVERSIDADES;877949;—;Subvención;28/09/2026;2100;https://www.bocm.es/bocm-20240520-20
Concesiones;Orden de Convocatoria Becas Excel. Acad. 25-26. MATRIC. Univ.;CONSEJERÍA DE EDUCACIÓN, CIENCIA Y UNIVERSIDADES;877949;—;Subvención;28/09/2026;2100;https://www.bocm.es/bocm-20240520-20
Concesiones;Orden de Convocatoria Becas Excel. Acad. 25-26. MATRIC. Univ.;CONSEJERÍA DE EDUCACIÓN, CIENCIA Y UNIVERSIDADES;877949;—;Subvención;28/09/2026;2100;https://www.bocm.es/bocm-20240520-20
Concesiones;Orden de Convocatoria Becas Excel. Acad. 25-26. MATRIC. Univ.;CONSEJERÍA DE EDUCACIÓN, CIENCIA Y UNIVERSIDADES;877949;—;Subvención;28/09/2026;2100;https://www.bocm.es/bocm-20240520-20
Concesiones;Orden de Convocatoria Becas Excel. Acad. 25-26. MATRIC. Univ.;CONSEJERÍA DE EDUCACIÓN, CIENCIA Y UNIVERSIDADES;877949;—;Subvención;28/09/2026;2100;https://www.bocm.es/bocm-20240520-20
Concesiones;Orden de Convocatoria Becas Excel. Acad. 25-26. MATRIC. Univ.;CONSEJERÍA DE EDUCACIÓN, CIENCIA Y UNIVERSIDADES;877949;—;Subvención;28/09/2026;2100;https://www.bocm.es/bocm-20240520-20
Concesiones;Orden de Convocatoria Becas Excel. Acad. 25-26. MATRIC. Univ.;CONSEJERÍA DE EDUCACIÓN, CIENCIA Y UNIVERSIDADES;877949;—;Subvención;28/09/2026;2100;https://www.bocm.es/bocm-20240520-20
Concesiones;Orden de Convocatoria Becas Excel. Acad. 25-26. MATRIC. Univ.;CONSEJERÍA DE EDUCACIÓN, CIENCIA Y UNIVERSIDADES;877949;—;Subvención;28/09/2026;2100;https://www.bocm.es/bocm-20240520-20
Concesiones;Orden de Convocatoria Becas Excel. Acad. 25-26. MATRIC. Univ.;CONSEJERÍA DE EDUCACIÓN, CIENCIA Y UNIVERSIDADES;877949;—;Subvención;28/09/2026;2100;https://www.bocm.es/bocm-20240520-20
Concesiones;Orden de Convocatoria Becas Excel. Acad. 25-26. MATRIC. Univ.;CONSEJERÍA DE EDUCACIÓN, CIENCIA Y UNIVERSIDADES;877949;—;Subvención;28/09/2026;2100;https://www.bocm.es/bocm-20240520-20
Concesiones;Orden de Convocatoria Becas Excel. Acad. 25-26. MATRIC. Univ.;CONSEJERÍA DE EDUCACIÓN, CIENCIA Y UNIVERSIDADES;877949;—;Subvención;28/09/2026;2100;https://www.bocm.es/bocm-20240520-20
Concesiones;Orden de Convocatoria Becas Excel. Acad. 25-26. MATRIC. Univ.;CONSEJERÍA DE EDUCACIÓN, CIENCIA Y UNIVERSIDADES;877949;—;Subvención;28/09/2026;2100;https://www.bocm.es/bocm-20240520-20
Concesiones;Orden de Convocatoria Becas Excel. Acad. 25-26. MATRIC. Univ.;CONSEJERÍA DE EDUCACIÓN, CIENCIA Y UNIVERSIDADES;877949;—;Subvención;28/09/2026;2100;https://www.bocm.es/bocm-20240520-20
Concesiones;Orden de Convocatoria Becas Excel. Acad. 25-26. MATRIC. Univ.;CONSEJERÍA DE EDUCACIÓN, CIENCIA Y UNIVERSIDADES;877949;—;Subvención;28/09/2026;2100;https://www.bocm.es/bocm-20240520-20
Concesiones;Orden de Convocatoria Becas Excel. Acad. 25-26. MATRIC. Univ.;CONSEJERÍA DE EDUCACIÓN, CIENCIA Y UNIVERSIDADES;877949;—;Subvención;28/09/2026;2100;https://www.bocm.es/bocm-20240520-20
Concesiones;Orden de Convocatoria Becas Excel. Acad. 25-26. MATRIC. Univ.;CONSEJERÍA DE EDUCACIÓN, CIENCIA Y UNIVERSIDADES;877949;—;Subvención;28/09/2026;2100;https://www.bocm.es/bocm-20240520-20
Concesiones;Orden de Convocatoria Becas Excel. Acad. 25-26. MATRIC. Univ.;CONSEJERÍA DE EDUCACIÓN, CIENCIA Y UNIVERSIDADES;877949;—;Subvención;28/09/2026;2100;https://www.bocm.es/bocm-20240520-20
Concesiones;Orden de Convocatoria Becas Excel. Acad. 25-26. MATRIC. Univ.;CONSEJERÍA DE EDUCACIÓN, CIENCIA Y UNIVERSIDADES;877949;—;Subvención;28/09/2026;2100;https://www.bocm.es/bocm-20240520-20
Concesiones;Orden de Convocatoria Becas Excel. Acad. 25-26. MATRIC. Univ.;CONSEJERÍA DE EDUCACIÓN, CIENCIA Y UNIVERSIDADES;877949;—;Subvención;28/09/2026;2100;https://www.bocm.es/bocm-20240520-20
Concesiones;Orden de Convocatoria Becas Excel. Acad. 25-26. MATRIC. Univ.;CONSEJERÍA DE EDUCACIÓN, CIENCIA Y UNIVERSIDADES;877949;—;Subvención;28/09/2026;2100;https://www.bocm.es/bocm-20240520-20
Concesiones;Orden de Convocatoria Becas Excel. Acad. 25-26. MATRIC. Univ.;CONSEJERÍA DE EDUCACIÓN, CIENCIA Y UNIVERSIDADES;877949;—;Subvención;28/09/2026;2100;https://www.bocm.es/bocm-20240520-20
Concesiones;Orden de Convocatoria Becas Excel. Acad. 25-26. MATRIC. Univ.;CONSEJERÍA DE EDUCACIÓN, CIENCIA Y UNIVERSIDADES;877949;—;Subvención;28/09/2026;2100;https://www.bocm.es/bocm-20240520-20
Concesiones;Orden de Convocatoria Becas Excel. Acad. 25-26. MATRIC. Univ.;CONSEJERÍA DE EDUCACIÓN, CIENCIA Y UNIVERSIDADES;877949;—;Subvención;28/09/2026;2100;https://www.bocm.es/bocm-20240520-20
Concesiones;Orden de Convocatoria Becas Excel. Acad. 25-26. MATRIC. Univ.;CONSEJERÍA DE EDUCACIÓN, CIENCIA Y UNIVERSIDADES;877949;—;Subvención;28/09/2026;2100;https://www.bocm.es/bocm-20240520-20
Concesiones;Orden de Convocatoria Becas Excel. Acad. 25-26. MATRIC. Univ.;CONSEJERÍA DE EDUCACIÓN, CIENCIA Y UNIVERSIDADES;877949;—;Subvención;28/09/2026;2100;https://www.bocm.es/bocm-20240520-20
Concesiones;Orden de Convocatoria Becas Excel. Acad. 25-26. MATRIC. Univ.;CONSEJERÍA DE EDUCACIÓN, CIENCIA Y UNIVERSIDADES;877949;—;Subvención;28/09/2026;2100;https://www.bocm.es/bocm-20240520-20
Concesiones;Orden de Convocatoria Becas Excel. Acad. 25-26. MATRIC. Univ.;CONSEJERÍA DE EDUCACIÓN, CIENCIA Y UNIVERSIDADES;877949;—;Subvención;28/09/2026;2100;https://www.bocm.es/bocm-20240520-20
Concesiones;Orden de Convocatoria Becas Excel. Acad. 25-26. MATRIC. Univ.;CONSEJERÍA DE EDUCACIÓN, CIENCIA Y UNIVERSIDADES;877949;—;Subvención;28/09/2026;2100;https://www.bocm.es/bocm-20240520-20
Concesiones;Orden de Convocatoria Becas Excel. Acad. 25-26. MATRIC. Univ.;CONSEJERÍA DE EDUCACIÓN, CIENCIA Y UNIVERSIDADES;877949;—;Subvención;28/09/2026;2100;https://www.bocm.es/bocm-20240520-20
Concesiones;Orden de Convocatoria Becas Excel. Acad. 25-26. MATRIC. Univ.;CONSEJERÍA DE EDUCACIÓN, CIENCIA Y UNIVERSIDADES;877949;—;Subvención;28/09/2026;2100;https://www.bocm.es/bocm-20240520-20
Concesiones;Orden de Convocatoria Becas Excel. Acad. 25-26. MATRIC. Univ.;CONSEJERÍA DE EDUCACIÓN, CIENCIA Y UNIVERSIDADES;877949;—;Subvención;28/09/2026;2100;https://www.bocm.es/bocm-20240520-20
Concesiones;Orden de Convocatoria Becas Excel. Acad. 25-26. MATRIC. Univ.;CONSEJERÍA DE EDUCACIÓN, CIENCIA Y UNIVERSIDADES;877949;—;Subvención;28/09/2026;2100;https://www.bocm.es/bocm-20240520-20
Concesiones;Orden de Convocatoria Becas Excel. Acad. 25-26. MATRIC. Univ.;CONSEJERÍA DE EDUCACIÓN, CIENCIA Y UNIVERSIDADES;877949;—;Subvención;28/09/2026;2100;https://www.bocm.es/bocm-20240520-20
Concesiones;Orden de Convocatoria Becas Excel. Acad. 25-26. MATRIC. Univ.;CONSEJERÍA DE EDUCACIÓN, CIENCIA Y UNIVERSIDADES;877949;—;Subvención;28/09/2026;2100;https://www.bocm.es/bocm-20240520-20
Concesiones;Orden de Convocatoria Becas Excel. Acad. 25-26. MATRIC. Univ.;CONSEJERÍA DE EDUCACIÓN, CIENCIA Y UNIVERSIDADES;877949;—;Subvención;28/09/2026;2100;https://www.bocm.es/bocm-20240520-20
Concesiones;Orden de Convocatoria Becas Excel. Acad. 25-26. MATRIC. Univ.;CONSEJERÍA DE EDUCACIÓN, CIENCIA Y UNIVERSIDADES;877949;—;Subvención;28/09/2026;2100;https://www.bocm.es/bocm-20240520-20
Concesiones;Orden de Convocatoria Becas Excel. Acad. 25-26. MATRIC. Univ.;CONSEJERÍA DE EDUCACIÓN, CIENCIA Y UNIVERSIDADES;877949;—;Subvención;28/09/2026;2100;https://www.bocm.es/bocm-20240520-20
Concesiones;Orden de Convocatoria Becas Excel. Acad. 25-26. MATRIC. Univ.;CONSEJERÍA DE EDUCACIÓN, CIENCIA Y UNIVERSIDADES;877949;—;Subvención;28/09/2026;2100;https://www.bocm.es/bocm-20240520-20
Concesiones;Orden de Convocatoria Becas Excel. Acad. 25-26. MATRIC. Univ.;CONSEJERÍA DE EDUCACIÓN, CIENCIA Y UNIVERSIDADES;877949;—;Subvención;28/09/2026;2100;https://www.bocm.es/bocm-20240520-20
Concesiones;Orden de Convocatoria Becas Excel. Acad. 25-26. MATRIC. Univ.;CONSEJERÍA DE EDUCACIÓN, CIENCIA Y UNIVERSIDADES;877949;—;Subvención;28/09/2026;2100;https://www.bocm.es/bocm-20240520-20
Concesiones;Orden de Convocatoria Becas Excel. Acad. 25-26. MATRIC. Univ.;CONSEJERÍA DE EDUCACIÓN, CIENCIA Y UNIVERSIDADES;877949;—;Subvención;28/09/2026;2100;https://www.bocm.es/bocm-20240520-20
Concesiones;Orden de Convocatoria Becas Excel. Acad. 25-26. MATRIC. Univ.;CONSEJERÍA DE EDUCACIÓN, CIENCIA Y UNIVERSIDADES;877949;—;Subvención;28/09/2026;2100;https://www.bocm.es/bocm-20240520-20
Concesiones;Orden de Convocatoria Becas Excel. Acad. 25-26. MATRIC. Univ.;CONSEJERÍA DE EDUCACIÓN, CIENCIA Y UNIVERSIDADES;877949;—;Subvención;28/09/2026;2100;https://www.bocm.es/bocm-20240520-20
Concesiones;Orden de Convocatoria Becas Excel. Acad. 25-26. MATRIC. Univ.;CONSEJERÍA DE EDUCACIÓN, CIENCIA Y UNIVERSIDADES;877949;—;Subvención;28/09/2026;2100;https://www.bocm.es/bocm-20240520-20
Concesiones;Orden de Convocatoria Becas Excel. Acad. 25-26. MATRIC. Univ.;CONSEJERÍA DE EDUCACIÓN, CIENCIA Y UNIVERSIDADES;877949;—;Subvención;28/09/2026;2100;https://www.bocm.es/bocm-20240520-20
Concesiones;Orden de Convocatoria Becas Excel. Acad. 25-26. MATRIC. Univ.;CONSEJERÍA DE EDUCACIÓN, CIENCIA Y UNIVERSIDADES;877949;—;Subvención;28/09/2026;2100;https://www.bocm.es/bocm-20240520-20
Concesiones;Orden de Convocatoria Becas Excel. Acad. 25-26. MATRIC. Univ.;CONSEJERÍA DE EDUCACIÓN, CIENCIA Y UNIVERSIDADES;877949;—;Subvención;28/09/2026;2100;https://www.bocm.es/bocm-20240520-20
Concesiones;Orden de Convocatoria Becas Excel. Acad. 25-26. MATRIC. Univ.;CONSEJERÍA DE EDUCACIÓN, CIENCIA Y UNIVERSIDADES;877949;—;Subvención;28/09/2026;2100;https://www.bocm.es/bocm-20240520-20
Concesiones;Orden de Convocatoria Becas Excel. Acad. 25-26. MATRIC. Univ.;CONSEJERÍA DE EDUCACIÓN, CIENCIA Y UNIVERSIDADES;877949;—;Subvención;28/09/2026;2100;https://www.bocm.es/bocm-20240520-20
Concesiones;Orden de Convocatoria Becas Excel. Acad. 25-26. MATRIC. Univ.;CONSEJERÍA DE EDUCACIÓN, CIENCIA Y UNIVERSIDADES;877949;—;Subvención;28/09/2026;2100;https://www.bocm.es/bocm-20240520-20
Concesiones;Orden de Convocatoria Becas Excel. Acad. 25-26. MATRIC. Univ.;CONSEJERÍA DE EDUCACIÓN, CIENCIA Y UNIVERSIDADES;877949;—;Subvención;28/09/2026;2100;https://www.bocm.es/bocm-20240520-20
Concesiones;Orden de Convocatoria Becas Excel. Acad. 25-26. MATRIC. Univ.;CONSEJERÍA DE EDUCACIÓN, CIENCIA Y UNIVERSIDADES;877949;—;Subvención;28/09/2026;2100;https://www.bocm.es/bocm-20240520-20
Concesiones;Orden de Convocatoria Becas Excel. Acad. 25-26. MATRIC. Univ.;CONSEJERÍA DE EDUCACIÓN, CIENCIA Y UNIVERSIDADES;877949;—;Subvención;28/09/2026;2100;https://www.bocm.es/bocm-20240520-20
Concesiones;Orden de Convocatoria Becas Excel. Acad. 25-26. MATRIC. Univ.;CONSEJERÍA DE EDUCACIÓN, CIENCIA Y UNIVERSIDADES;877949;—;Subvención;28/09/2026;2100;https://www.bocm.es/bocm-20240520-20
Concesiones;Orden de Convocatoria Becas Excel. Acad. 25-26. MATRIC. Univ.;CONSEJERÍA DE EDUCACIÓN, CIENCIA Y UNIVERSIDADES;877949;—;Subvención;28/09/2026;2100;https://www.bocm.es/bocm-20240520-20
Concesiones;Orden de Convocatoria Becas Excel. Acad. 25-26. MATRIC. Univ.;CONSEJERÍA DE EDUCACIÓN, CIENCIA Y UNIVERSIDADES;877949;—;Subvención;28/09/2026;2100;https://www.bocm.es/bocm-20240520-20
Concesiones;Orden de Convocatoria Becas Excel. Acad. 25-26. MATRIC. Univ.;CONSEJERÍA DE EDUCACIÓN, CIENCIA Y UNIVERSIDADES;877949;—;Subvención;28/09/2026;2100;https://www.bocm.es/bocm-20240520-20
Concesiones;Orden de Convocatoria Becas Excel. Acad. 25-26. MATRIC. Univ.;CONSEJERÍA DE EDUCACIÓN, CIENCIA Y UNIVERSIDADES;877949;—;Subvención;28/09/2026;2100;https://www.bocm.es/bocm-20240520-20
Concesiones;Orden de Convocatoria Becas Excel. Acad. 25-26. MATRIC. Univ.;CONSEJERÍA DE EDUCACIÓN, CIENCIA Y UNIVERSIDADES;877949;—;Subvención;28/09/2026;2100;https://www.bocm.es/bocm-20240520-20
Concesiones;Orden de Convocatoria Becas Excel. Acad. 25-26. MATRIC. Univ.;CONSEJERÍA DE EDUCACIÓN, CIENCIA Y UNIVERSIDADES;877949;—;Subvención;28/09/2026;2100;https://www.bocm.es/bocm-20240520-20
Concesiones;Orden de Convocatoria Becas Excel. Acad. 25-26. MATRIC. Univ.;CONSEJERÍA DE EDUCACIÓN, CIENCIA Y UNIVERSIDADES;877949;—;Subvención;28/09/2026;2100;https://www.bocm.es/bocm-20240520-20
Concesiones;Orden de Convocatoria Becas Excel. Acad. 25-26. MATRIC. Univ.;CONSEJERÍA DE EDUCACIÓN, CIENCIA Y UNIVERSIDADES;877949;—;Subvención;28/09/2026;2100;https://www.bocm.es/bocm-20240520-20
Concesiones;Orden de Convocatoria Becas Excel. Acad. 25-26. MATRIC. Univ.;CONSEJERÍA DE EDUCACIÓN, CIENCIA Y UNIVERSIDADES;877949;—;Subvención;28/09/2026;2100;https://www.bocm.es/bocm-20240520-20
Concesiones;Orden de Convocatoria Becas Excel. Acad. 25-26. MATRIC. Univ.;CONSEJERÍA DE EDUCACIÓN, CIENCIA Y UNIVERSIDADES;877949;—;Subvención;28/09/2026;2100;https://www.bocm.es/bocm-20240520-20
Concesiones;Orden de Convocatoria Becas Excel. Acad. 25-26. MATRIC. Univ.;CONSEJERÍA DE EDUCACIÓN, CIENCIA Y UNIVERSIDADES;877949;—;Subvención;28/09/2026;2100;https://www.bocm.es/bocm-20240520-20
Concesiones;Orden de Convocatoria Becas Excel. Acad. 25-26. MATRIC. Univ.;CONSEJERÍA DE EDUCACIÓN, CIENCIA Y UNIVERSIDADES;877949;—;Subvención;28/09/2026;2100;https://www.bocm.es/bocm-20240520-20
Concesiones;Orden de Convocatoria Becas Excel. Acad. 25-26. MATRIC. Univ.;CONSEJERÍA DE EDUCACIÓN, CIENCIA Y UNIVERSIDADES;877949;—;Subvención;28/09/2026;2100;https://www.bocm.es/bocm-20240520-20
Concesiones;Orden de Convocatoria Becas Excel. Acad. 25-26. MATRIC. Univ.;CONSEJERÍA DE EDUCACIÓN, CIENCIA Y UNIVERSIDADES;877949;—;Subvención;28/09/2026;2100;https://www.bocm.es/bocm-20240520-20
Concesiones;Orden de Convocatoria Becas Excel. Acad. 25-26. MATRIC. Univ.;CONSEJERÍA DE EDUCACIÓN, CIENCIA Y UNIVERSIDADES;877949;—;Subvención;28/09/2026;2100;https://www.bocm.es/bocm-20240520-20
Concesiones;Orden de Convocatoria Becas Excel. Acad. 25-26. MATRIC. Univ.;CONSEJERÍA DE EDUCACIÓN, CIENCIA Y UNIVERSIDADES;877949;—;Subvención;28/09/2026;2100;https://www.bocm.es/bocm-20240520-20
Concesiones;Orden de Convocatoria Becas Excel. Acad. 25-26. MATRIC. Univ.;CONSEJERÍA DE EDUCACIÓN, CIENCIA Y UNIVERSIDADES;877949;—;Subvención;28/09/2026;2100;https://www.bocm.es/bocm-20240520-20
Concesiones;Orden de Convocatoria Becas Excel. Acad. 25-26. MATRIC. Univ.;CONSEJERÍA DE EDUCACIÓN, CIENCIA Y UNIVERSIDADES;877949;—;Subvención;28/09/2026;2100;https://www.bocm.es/bocm-20240520-20
Concesiones;Orden de Convocatoria Becas Excel. Acad. 25-26. MATRIC. Univ.;CONSEJERÍA DE EDUCACIÓN, CIENCIA Y UNIVERSIDADES;877949;—;Subvención;28/09/2026;2100;https://www.bocm.es/bocm-20240520-20
Concesiones;Orden de Convocatoria Becas Excel. Acad. 25-26. MATRIC. Univ.;CONSEJERÍA DE EDUCACIÓN, CIENCIA Y UNIVERSIDADES;877949;—;Subvención;28/09/2026;2100;https://www.bocm.es/bocm-20240520-20
Concesiones;Orden de Convocatoria Becas Excel. Acad. 25-26. MATRIC. Univ.;CONSEJERÍA DE EDUCACIÓN, CIENCIA Y UNIVERSIDADES;877949;—;Subvención;28/09/2026;2100;https://www.bocm.es/bocm-20240520-20
Concesiones;Orden de Convocatoria Becas Excel. Acad. 25-26. MATRIC. Univ.;CONSEJERÍA DE EDUCACIÓN, CIENCIA Y UNIVERSIDADES;877949;—;Subvención;28/09/2026;2100;https://www.bocm.es/bocm-20240520-20
Concesiones;Orden de Convocatoria Becas Excel. Acad. 25-26. MATRIC. Univ.;CONSEJERÍA DE EDUCACIÓN, CIENCIA Y UNIVERSIDADES;877949;—;Subvención;28/09/2026;2100;https://www.bocm.es/bocm-20240520-20
Concesiones;Orden de Convocatoria Becas Excel. Acad. 25-26. MATRIC. Univ.;CONSEJERÍA DE EDUCACIÓN, CIENCIA Y UNIVERSIDADES;877949;—;Subvención;28/09/2026;2100;https://www.bocm.es/bocm-20240520-20
Concesiones;Orden de Convocatoria Becas Excel. Acad. 25-26. MATRIC. Univ.;CONSEJERÍA DE EDUCACIÓN, CIENCIA Y UNIVERSIDADES;877949;—;Subvención;28/09/2026;2100;https://www.bocm.es/bocm-20240520-20
Concesiones;Orden de Convocatoria Becas Excel. Acad. 25-26. MATRIC. Univ.;CONSEJERÍA DE EDUCACIÓN, CIENCIA Y UNIVERSIDADES;877949;—;Subvención;28/09/2026;2100;https://www.bocm.es/bocm-20240520-20
Concesiones;Orden de Convocatoria Becas Excel. Acad. 25-26. MATRIC. Univ.;CONSEJERÍA DE EDUCACIÓN, CIENCIA Y UNIVERSIDADES;877949;—;Subvención;28/09/2026;2100;https://www.bocm.es/bocm-20240520-20
Concesiones;Orden de Convocatoria Becas Excel. Acad. 25-26. MATRIC. Univ.;CONSEJERÍA DE EDUCACIÓN, CIENCIA Y UNIVERSIDADES;877949;—;Subvención;28/09/2026;2100;https://www.bocm.es/bocm-20240520-20
Concesiones;Orden de Convocatoria Becas Excel. Acad. 25-26. MATRIC. Univ.;CONSEJERÍA DE EDUCACIÓN, CIENCIA Y UNIVERSIDADES;877949;—;Subvención;28/09/2026;2100;https://www.bocm.es/bocm-20240520-20
Concesiones;Orden de Convocatoria Becas Excel. Acad. 25-26. MATRIC. Univ.;CONSEJERÍA DE EDUCACIÓN, CIENCIA Y UNIVERSIDADES;877949;—;Subvención;28/09/2026;2100;https://www.bocm.es/bocm-20240520-20
Concesiones;Orden de Convocatoria Becas Excel. Acad. 25-26. MATRIC. Univ.;CONSEJERÍA DE EDUCACIÓN, CIENCIA Y UNIVERSIDADES;877949;—;Subvención;28/09/2026;2100;https://www.bocm.es/bocm-20240520-20
Concesiones;Orden de Convocatoria Becas Excel. Acad. 25-26. MATRIC. Univ.;CONSEJERÍA DE EDUCACIÓN, CIENCIA Y UNIVERSIDADES;877949;—;Subvención;28/09/2026;2100;https://www.bocm.es/bocm-20240520-20
Concesiones;Orden de Convocatoria Becas Excel. Acad. 25-26. MATRIC. Univ.;CONSEJERÍA DE EDUCACIÓN, CIENCIA Y UNIVERSIDADES;877949;—;Subvención;28/09/2026;2100;https://www.bocm.es/bocm-20240520-20
Concesiones;Orden de Convocatoria Becas Excel. Acad. 25-26. MATRIC. Univ.;CONSEJERÍA DE EDUCACIÓN, CIENCIA Y UNIVERSIDADES;877949;—;Subvención;28/09/2026;2100;https://www.bocm.es/bocm-20240520-20
Concesiones;Orden de Convocatoria Becas Excel. Acad. 25-26. MATRIC. Univ.;CONSEJERÍA DE EDUCACIÓN, CIENCIA Y UNIVERSIDADES;877949;—;Subvención;28/09/2026;2100;https://www.bocm.es/bocm-20240520-20
Concesiones;Orden de Convocatoria Becas Excel. Acad. 25-26. MATRIC. Univ.;CONSEJERÍA DE EDUCACIÓN, CIENCIA Y UNIVERSIDADES;877949;—;Subvención;28/09/2026;2100;https://www.bocm.es/bocm-20240520-20
Concesiones;Orden de Convocatoria Becas Excel. Acad. 25-26. MATRIC. Univ.;CONSEJERÍA DE EDUCACIÓN, CIENCIA Y UNIVERSIDADES;877949;—;Subvención;28/09/2026;2100;https://www.bocm.es/bocm-20240520-20
Concesiones;Orden de Convocatoria Becas Excel. Acad. 25-26. MATRIC. Univ.;CONSEJERÍA DE EDUCACIÓN, CIENCIA Y UNIVERSIDADES;877949;—;Subvención;28/09/2026;2100;https://www.bocm.es/bocm-20240520-20
Concesiones;Orden de Convocatoria Becas Excel. Acad. 25-26. MATRIC. Univ.;CONSEJERÍA DE EDUCACIÓN, CIENCIA Y UNIVERSIDADES;877949;—;Subvención;28/09/2026;2100;https://www.bocm.es/bocm-20240520-20
Concesiones;Orden de Convocatoria Becas Excel. Acad. 25-26. MATRIC. Univ.;CONSEJERÍA DE EDUCACIÓN, CIENCIA Y UNIVERSIDADES;877949;—;Subvención;28/09/2026;2100;https://www.bocm.es/bocm-20240520-20
Concesiones;Orden de Convocatoria Becas Excel. Acad. 25-26. MATRIC. Univ.;CONSEJERÍA DE EDUCACIÓN, CIENCIA Y UNIVERSIDADES;877949;—;Subvención;28/09/2026;2100;https://www.bocm.es/bocm-20240520-20
Concesiones;Orden de Convocatoria Becas Excel. Acad. 25-26. MATRIC. Univ.;CONSEJERÍA DE EDUCACIÓN, CIENCIA Y UNIVERSIDADES;877949;—;Subvención;28/09/2026;2100;https://www.bocm.es/bocm-20240520-20
Concesiones;Orden de Convocatoria Becas Excel. Acad. 25-26. MATRIC. Univ.;CONSEJERÍA DE EDUCACIÓN, CIENCIA Y UNIVERSIDADES;877949;—;Subvención;28/09/2026;2100;https://www.bocm.es/bocm-20240520-20
Concesiones;Orden de Convocatoria Becas Excel. Acad. 25-26. MATRIC. Univ.;CONSEJERÍA DE EDUCACIÓN, CIENCIA Y UNIVERSIDADES;877949;—;Subvención;28/09/2026;2100;https://www.bocm.es/bocm-20240520-20
Concesiones;Orden de Convocatoria Becas Excel. Acad. 25-26. MATRIC. Univ.;CONSEJERÍA DE EDUCACIÓN, CIENCIA Y UNIVERSIDADES;877949;—;Subvención;28/09/2026;2100;https://www.bocm.es/bocm-20240520-20
Concesiones;Orden de Convocatoria Becas Excel. Acad. 25-26. MATRIC. Univ.;CONSEJERÍA DE EDUCACIÓN, CIENCIA Y UNIVERSIDADES;877949;—;Subvención;28/09/2026;2100;https://www.bocm.es/bocm-20240520-20
Concesiones;Orden de Convocatoria Becas Excel. Acad. 25-26. MATRIC. Univ.;CONSEJERÍA DE EDUCACIÓN, CIENCIA Y UNIVERSIDADES;877949;—;Subvención;28/09/2026;2100;https://www.bocm.es/bocm-20240520-20
Concesiones;Orden de Convocatoria Becas Excel. Acad. 25-26. MATRIC. Univ.;CONSEJERÍA DE EDUCACIÓN, CIENCIA Y UNIVERSIDADES;877949;—;Subvención;28/09/2026;2100;https://www.bocm.es/bocm-20240520-20
Concesiones;Orden de Convocatoria Becas Excel. Acad. 25-26. MATRIC. Univ.;CONSEJERÍA DE EDUCACIÓN, CIENCIA Y UNIVERSIDADES;877949;—;Subvención;28/09/2026;2100;https://www.bocm.es/bocm-20240520-20
Concesiones;Orden de Convocatoria Becas Excel. Acad. 25-26. MATRIC. Univ.;CONSEJERÍA DE EDUCACIÓN, CIENCIA Y UNIVERSIDADES;877949;—;Subvención;28/09/2026;2100;https://www.bocm.es/bocm-20240520-20
Concesiones;Orden de Convocatoria Becas Excel. Acad. 25-26. MATRIC. Univ.;CONSEJERÍA DE EDUCACIÓN, CIENCIA Y UNIVERSIDADES;877949;—;Subvención;28/09/2026;2100;https://www.bocm.es/bocm-20240520-20
Concesiones;Orden de Convocatoria Becas Excel. Acad. 25-26. MATRIC. Univ.;CONSEJERÍA DE EDUCACIÓN, CIENCIA Y UNIVERSIDADES;877949;—;Subvención;28/09/2026;2100;https://www.bocm.es/bocm-20240520-20
Concesiones;Orden de Convocatoria Becas Excel. Acad. 25-26. MATRIC. Univ.;CONSEJERÍA DE EDUCACIÓN, CIENCIA Y UNIVERSIDADES;877949;—;Subvención;28/09/2026;2100;https://www.bocm.es/bocm-20240520-20
Concesiones;Orden de Convocatoria Becas Excel. Acad. 25-26. MATRIC. Univ.;CONSEJERÍA DE EDUCACIÓN, CIENCIA Y UNIVERSIDADES;877949;—;Subvención;28/09/2026;2100;https://www.bocm.es/bocm-20240520-20
Concesiones;Orden de Convocatoria Becas Excel. Acad. 25-26. MATRIC. Univ.;CONSEJERÍA DE EDUCACIÓN, CIENCIA Y UNIVERSIDADES;877949;—;Subvención;28/09/2026;2100;https://www.bocm.es/bocm-20240520-20
Concesiones;Orden de Convocatoria Becas Excel. Acad. 25-26. MATRIC. Univ.;CONSEJERÍA DE EDUCACIÓN, CIENCIA Y UNIVERSIDADES;877949;—;Subvención;28/09/2026;2100;https://www.bocm.es/bocm-20240520-20
Concesiones;Orden de Convocatoria Becas Excel. Acad. 25-26. MATRIC. Univ.;CONSEJERÍA DE EDUCACIÓN, CIENCIA Y UNIVERSIDADES;877949;—;Subvención;28/09/2026;2100;https://www.bocm.es/bocm-20240520-20
Concesiones;Orden de Convocatoria Becas Excel. Acad. 25-26. MATRIC. Univ.;CONSEJERÍA DE EDUCACIÓN, CIENCIA Y UNIVERSIDADES;877949;—;Subvención;28/09/2026;2100;https://www.bocm.es/bocm-20240520-20
Concesiones;Orden de Convocatoria Becas Excel. Acad. 25-26. MATRIC. Univ.;CONSEJERÍA DE EDUCACIÓN, CIENCIA Y UNIVERSIDADES;877949;—;Subvención;28/09/2026;2100;https://www.bocm.es/bocm-20240520-20
Concesiones;Orden de Convocatoria Becas Excel. Acad. 25-26. MATRIC. Univ.;CONSEJERÍA DE EDUCACIÓN, CIENCIA Y UNIVERSIDADES;877949;—;Subvención;28/09/2026;2100;https://www.bocm.es/bocm-20240520-20
Concesiones;Orden de Convocatoria Becas Excel. Acad. 25-26. MATRIC. Univ.;CONSEJERÍA DE EDUCACIÓN, CIENCIA Y UNIVERSIDADES;877949;—;Subvención;28/09/2026;2100;https://www.bocm.es/bocm-20240520-20
Concesiones;Orden de Convocatoria Becas Excel. Acad. 25-26. MATRIC. Univ.;CONSEJERÍA DE EDUCACIÓN, CIENCIA Y UNIVERSIDADES;877949;—;Subvención;28/09/2026;2100;https://www.bocm.es/bocm-20240520-20
Concesiones;Orden de Convocatoria Becas Excel. Acad. 25-26. MATRIC. Univ.;CONSEJERÍA DE EDUCACIÓN, CIENCIA Y UNIVERSIDADES;877949;—;Subvención;28/09/2026;2100;https://www.bocm.es/bocm-20240520-20
Concesiones;Orden de Convocatoria Becas Excel. Acad. 25-26. MATRIC. Univ.;CONSEJERÍA DE EDUCACIÓN, CIENCIA Y UNIVERSIDADES;877949;—;Subvención;28/09/2026;2100;https://www.bocm.es/bocm-20240520-20
Concesiones;Orden de Convocatoria Becas Excel. Acad. 25-26. MATRIC. Univ.;CONSEJERÍA DE EDUCACIÓN, CIENCIA Y UNIVERSIDADES;877949;—;Subvención;28/09/2026;2100;https://www.bocm.es/bocm-20240520-20
Concesiones;Orden de Convocatoria Becas Excel. Acad. 25-26. MATRIC. Univ.;CONSEJERÍA DE EDUCACIÓN, CIENCIA Y UNIVERSIDADES;877949;—;Subvención;28/09/2026;2100;https://www.bocm.es/bocm-20240520-20
Concesiones;Orden de Convocatoria Becas Excel. Acad. 25-26. MATRIC. Univ.;CONSEJERÍA DE EDUCACIÓN, CIENCIA Y UNIVERSIDADES;877949;—;Subvención;28/09/2026;2100;https://www.bocm.es/bocm-20240520-20
Concesiones;Orden de Convocatoria Becas Excel. Acad. 25-26. MATRIC. Univ.;CONSEJERÍA DE EDUCACIÓN, CIENCIA Y UNIVERSIDADES;877949;—;Subvención;28/09/2026;2100;https://www.bocm.es/bocm-20240520-20
Concesiones;Orden de Convocatoria Becas Excel. Acad. 25-26. MATRIC. Univ.;CONSEJERÍA DE EDUCACIÓN, CIENCIA Y UNIVERSIDADES;877949;—;Subvención;28/09/2026;2100;https://www.bocm.es/bocm-20240520-20
Concesiones;Orden de Convocatoria Becas Excel. Acad. 25-26. MATRIC. Univ.;CONSEJERÍA DE EDUCACIÓN, CIENCIA Y UNIVERSIDADES;877949;—;Subvención;28/09/2026;2100;https://www.bocm.es/bocm-20240520-20
Concesiones;Orden de Convocatoria Becas Excel. Acad. 25-26. MATRIC. Univ.;CONSEJERÍA DE EDUCACIÓN, CIENCIA Y UNIVERSIDADES;877949;—;Subvención;28/09/2026;2100;https://www.bocm.es/bocm-20240520-20
Concesiones;Orden de Convocatoria Becas Excel. Acad. 25-26. MATRIC. Univ.;CONSEJERÍA DE EDUCACIÓN, CIENCIA Y UNIVERSIDADES;877949;—;Subvención;28/09/2026;2100;https://www.bocm.es/bocm-20240520-20
Concesiones;Orden de Convocatoria Becas Excel. Acad. 25-26. MATRIC. Univ.;CONSEJERÍA DE EDUCACIÓN, CIENCIA Y UNIVERSIDADES;877949;—;Subvención;28/09/2026;2100;https://www.bocm.es/bocm-20240520-20
Concesiones;Orden de Convocatoria Becas Excel. Acad. 25-26. MATRIC. Univ.;CONSEJERÍA DE EDUCACIÓN, CIENCIA Y UNIVERSIDADES;877949;—;Subvención;28/09/2026;2100;https://www.bocm.es/bocm-20240520-20
Concesiones;Orden de Convocatoria Becas Excel. Acad. 25-26. MATRIC. Univ.;CONSEJERÍA DE EDUCACIÓN, CIENCIA Y UNIVERSIDADES;877949;—;Subvención;28/09/2026;2100;https://www.bocm.es/bocm-20240520-20
Concesiones;Orden de Convocatoria Becas Excel. Acad. 25-26. MATRIC. Univ.;CONSEJERÍA DE EDUCACIÓN, CIENCIA Y UNIVERSIDADES;877949;—;Subvención;28/09/2026;2100;https://www.bocm.es/bocm-20240520-20
Concesiones;Orden de Convocatoria Becas Excel. Acad. 25-26. MATRIC. Univ.;CONSEJERÍA DE EDUCACIÓN, CIENCIA Y UNIVERSIDADES;877949;—;Subvención;28/09/2026;2100;https://www.bocm.es/bocm-20240520-20
Concesiones;Orden de Convocatoria Becas Excel. Acad. 25-26. MATRIC. Univ.;CONSEJERÍA DE EDUCACIÓN, CIENCIA Y UNIVERSIDADES;877949;—;Subvención;28/09/2026;2100;https://www.bocm.es/bocm-20240520-20
Concesiones;Orden de Convocatoria Becas Excel. Acad. 25-26. MATRIC. Univ.;CONSEJERÍA DE EDUCACIÓN, CIENCIA Y UNIVERSIDADES;877949;—;Subvención;28/09/2026;2100;https://www.bocm.es/bocm-20240520-20
Concesiones;Orden de Convocatoria Becas Excel. Acad. 25-26. MATRIC. Univ.;CONSEJERÍA DE EDUCACIÓN, CIENCIA Y UNIVERSIDADES;877949;—;Subvención;28/09/2026;2100;https://www.bocm.es/bocm-20240520-20
Concesiones;Orden de Convocatoria Becas Excel. Acad. 25-26. MATRIC. Univ.;CONSEJERÍA DE EDUCACIÓN, CIENCIA Y UNIVERSIDADES;877949;—;Subvención;28/09/2026;2100;https://www.bocm.es/bocm-20240520-20
Concesiones;Orden de Convocatoria Becas Excel. Acad. 25-26. MATRIC. Univ.;CONSEJERÍA DE EDUCACIÓN, CIENCIA Y UNIVERSIDADES;877949;—;Subvención;28/09/2026;2100;https://www.bocm.es/bocm-20240520-20
Concesiones;Orden de Convocatoria Becas Excel. Acad. 25-26. MATRIC. Univ.;CONSEJERÍA DE EDUCACIÓN, CIENCIA Y UNIVERSIDADES;877949;—;Subvención;28/09/2026;2100;https://www.bocm.es/bocm-20240520-20
Concesiones;Orden de Convocatoria Becas Excel. Acad. 25-26. MATRIC. Univ.;CONSEJERÍA DE EDUCACIÓN, CIENCIA Y UNIVERSIDADES;877949;—;Subvención;28/09/2026;2100;https://www.bocm.es/bocm-20240520-20
Concesiones;Orden de Convocatoria Becas Excel. Acad. 25-26. MATRIC. Univ.;CONSEJERÍA DE EDUCACIÓN, CIENCIA Y UNIVERSIDADES;877949;—;Subvención;28/09/2026;2100;https://www.bocm.es/bocm-20240520-20
Concesiones;Orden de Convocatoria Becas Excel. Acad. 25-26. MATRIC. Univ.;CONSEJERÍA DE EDUCACIÓN, CIENCIA Y UNIVERSIDADES;877949;—;Subvención;28/09/2026;2100;https://www.bocm.es/bocm-20240520-20
Concesiones;Orden de Convocatoria Becas Excel. Acad. 25-26. MATRIC. Univ.;CONSEJERÍA DE EDUCACIÓN, CIENCIA Y UNIVERSIDADES;877949;—;Subvención;28/09/2026;2100;https://www.bocm.es/bocm-20240520-20
Concesiones;Orden de Convocatoria Becas Excel. Acad. 25-26. MATRIC. Univ.;CONSEJERÍA DE EDUCACIÓN, CIENCIA Y UNIVERSIDADES;877949;—;Subvención;28/09/2026;2100;https://www.bocm.es/bocm-20240520-20
Concesiones;Orden de Convocatoria Becas Excel. Acad. 25-26. MATRIC. Univ.;CONSEJERÍA DE EDUCACIÓN, CIENCIA Y UNIVERSIDADES;877949;—;Subvención;28/09/2026;2100;https://www.bocm.es/bocm-20240520-20
Concesiones;Orden de Convocatoria Becas Excel. Acad. 25-26. MATRIC. Univ.;CONSEJERÍA DE EDUCACIÓN, CIENCIA Y UNIVERSIDADES;877949;—;Subvención;28/09/2026;2100;https://www.bocm.es/bocm-20240520-20
Concesiones;Orden de Convocatoria Becas Excel. Acad. 25-26. MATRIC. Univ.;CONSEJERÍA DE EDUCACIÓN, CIENCIA Y UNIVERSIDADES;877949;—;Subvención;28/09/2026;2100;https://www.bocm.es/bocm-20240520-20
Concesiones;Orden de Convocatoria Becas Excel. Acad. 25-26. MATRIC. Univ.;CONSEJERÍA DE EDUCACIÓN, CIENCIA Y UNIVERSIDADES;877949;—;Subvención;28/09/2026;2100;https://www.bocm.es/bocm-20240520-20
Concesiones;Orden de Convocatoria Becas Excel. Acad. 25-26. MATRIC. Univ.;CONSEJERÍA DE EDUCACIÓN, CIENCIA Y UNIVERSIDADES;877949;—;Subvención;28/09/2026;2100;https://www.bocm.es/bocm-20240520-20
Concesiones;Orden de Convocatoria Becas Excel. Acad. 25-26. MATRIC. Univ.;CONSEJERÍA DE EDUCACIÓN, CIENCIA Y UNIVERSIDADES;877949;—;Subvención;28/09/2026;2100;https://www.bocm.es/bocm-20240520-20
Concesiones;Orden de Convocatoria Becas Excel. Acad. 25-26. MATRIC. Univ.;CONSEJERÍA DE EDUCACIÓN, CIENCIA Y UNIVERSIDADES;877949;—;Subvención;28/09/2026;2100;https://www.bocm.es/bocm-20240520-20
Concesiones;Orden de Convocatoria Becas Excel. Acad. 25-26. MATRIC. Univ.;CONSEJERÍA DE EDUCACIÓN, CIENCIA Y UNIVERSIDADES;877949;—;Subvención;28/09/2026;2100;https://www.bocm.es/bocm-20240520-20
Concesiones;Orden de Convocatoria Becas Excel. Acad. 25-26. MATRIC. Univ.;CONSEJERÍA DE EDUCACIÓN, CIENCIA Y UNIVERSIDADES;877949;—;Subvención;28/09/2026;2100;https://www.bocm.es/bocm-20240520-20
Concesiones;Orden de Convocatoria Becas Excel. Acad. 25-26. MATRIC. Univ.;CONSEJERÍA DE EDUCACIÓN, CIENCIA Y UNIVERSIDADES;877949;—;Subvención;28/09/2026;2100;https://www.bocm.es/bocm-20240520-20
Concesiones;Orden de Convocatoria Becas Excel. Acad. 25-26. MATRIC. Univ.;CONSEJERÍA DE EDUCACIÓN, CIENCIA Y UNIVERSIDADES;877949;—;Subvención;28/09/2026;2100;https://www.bocm.es/bocm-20240520-20
Concesiones;Orden de Convocatoria Becas Excel. Acad. 25-26. MATRIC. Univ.;CONSEJERÍA DE EDUCACIÓN, CIENCIA Y UNIVERSIDADES;877949;—;Subvención;28/09/2026;2100;https://www.bocm.es/bocm-20240520-20
Concesiones;Orden de Convocatoria Becas Excel. Acad. 25-26. MATRIC. Univ.;CONSEJERÍA DE EDUCACIÓN, CIENCIA Y UNIVERSIDADES;877949;—;Subvención;28/09/2026;2100;https://www.bocm.es/bocm-20240520-20
Concesiones;Orden de Convocatoria Becas Excel. Acad. 25-26. MATRIC. Univ.;CONSEJERÍA DE EDUCACIÓN, CIENCIA Y UNIVERSIDADES;877949;—;Subvención;28/09/2026;2100;https://www.bocm.es/bocm-20240520-20
Concesiones;Orden de Convocatoria Becas Excel. Acad. 25-26. MATRIC. Univ.;CONSEJERÍA DE EDUCACIÓN, CIENCIA Y UNIVERSIDADES;877949;—;Subvención;28/09/2026;2100;https://www.bocm.es/bocm-20240520-20
Concesiones;Orden de Convocatoria Becas Excel. Acad. 25-26. MATRIC. Univ.;CONSEJERÍA DE EDUCACIÓN, CIENCIA Y UNIVERSIDADES;877949;—;Subvención;28/09/2026;2100;https://www.bocm.es/bocm-20240520-20
Concesiones;Orden de Convocatoria Becas Excel. Acad. 25-26. MATRIC. Univ.;CONSEJERÍA DE EDUCACIÓN, CIENCIA Y UNIVERSIDADES;877949;—;Subvención;28/09/2026;2100;https://www.bocm.es/bocm-20240520-20
Concesiones;Orden de Convocatoria Becas Excel. Acad. 25-26. MATRIC. Univ.;CONSEJERÍA DE EDUCACIÓN, CIENCIA Y UNIVERSIDADES;877949;—;Subvención;28/09/2026;2100;https://www.bocm.es/bocm-20240520-20
Concesiones;Orden de Convocatoria Becas Excel. Acad. 25-26. MATRIC. Univ.;CONSEJERÍA DE EDUCACIÓN, CIENCIA Y UNIVERSIDADES;877949;—;Subvención;28/09/2026;2100;https://www.bocm.es/bocm-20240520-20
Concesiones;Orden de Convocatoria Becas Excel. Acad. 25-26. MATRIC. Univ.;CONSEJERÍA DE EDUCACIÓN, CIENCIA Y UNIVERSIDADES;877949;—;Subvención;28/09/2026;2100;https://www.bocm.es/bocm-20240520-20
Concesiones;Orden de Convocatoria Becas Excel. Acad. 25-26. MATRIC. Univ.;CONSEJERÍA DE EDUCACIÓN, CIENCIA Y UNIVERSIDADES;877949;—;Subvención;28/09/2026;2100;https://www.bocm.es/bocm-20240520-20
Concesiones;Orden de Convocatoria Becas Excel. Acad. 25-26. MATRIC. Univ.;CONSEJERÍA DE EDUCACIÓN, CIENCIA Y UNIVERSIDADES;877949;—;Subvención;28/09/2026;2100;https://www.bocm.es/bocm-20240520-20
Concesiones;Orden de Convocatoria Becas Excel. Acad. 25-26. MATRIC. Univ.;CONSEJERÍA DE EDUCACIÓN, CIENCIA Y UNIVERSIDADES;877949;—;Subvención;28/09/2026;2100;https://www.bocm.es/bocm-20240520-20
Concesiones;Orden de Convocatoria Becas Excel. Acad. 25-26. MATRIC. Univ.;CONSEJERÍA DE EDUCACIÓN, CIENCIA Y UNIVERSIDADES;877949;—;Subvención;28/09/2026;2100;https://www.bocm.es/bocm-20240520-20
Concesiones;Orden de Convocatoria Becas Excel. Acad. 25-26. MATRIC. Univ.;CONSEJERÍA DE EDUCACIÓN, CIENCIA Y UNIVERSIDADES;877949;—;Subvención;28/09/2026;2100;https://www.bocm.es/bocm-20240520-20
Concesiones;Orden de Convocatoria Becas Excel. Acad. 25-26. MATRIC. Univ.;CONSEJERÍA DE EDUCACIÓN, CIENCIA Y UNIVERSIDADES;877949;—;Subvención;28/09/2026;2100;https://www.bocm.es/bocm-20240520-20
Concesiones;Orden de Convocatoria Becas Excel. Acad. 25-26. MATRIC. Univ.;CONSEJERÍA DE EDUCACIÓN, CIENCIA Y UNIVERSIDADES;877949;—;Subvención;28/09/2026;2100;https://www.bocm.es/bocm-20240520-20
Concesiones;Orden de Convocatoria Becas Excel. Acad. 25-26. MATRIC. Univ.;CONSEJERÍA DE EDUCACIÓN, CIENCIA Y UNIVERSIDADES;877949;—;Subvención;28/09/2026;2100;https://www.bocm.es/bocm-20240520-20
Concesiones;Orden de Convocatoria Becas Excel. Acad. 25-26. MATRIC. Univ.;CONSEJERÍA DE EDUCACIÓN, CIENCIA Y UNIVERSIDADES;877949;—;Subvención;28/09/2026;2100;https://www.bocm.es/bocm-20240520-20
Concesiones;Orden de Convocatoria Becas Excel. Acad. 25-26. MATRIC. Univ.;CONSEJERÍA DE EDUCACIÓN, CIENCIA Y UNIVERSIDADES;877949;—;Subvención;28/09/2026;2100;https://www.bocm.es/bocm-20240520-20
Concesiones;Orden de Convocatoria Becas Excel. Acad. 25-26. MATRIC. Univ.;CONSEJERÍA DE EDUCACIÓN, CIENCIA Y UNIVERSIDADES;877949;—;Subvención;28/09/2026;2100;https://www.bocm.es/bocm-20240520-20
Concesiones;Orden de Convocatoria Becas Excel. Acad. 25-26. MATRIC. Univ.;CONSEJERÍA DE EDUCACIÓN, CIENCIA Y UNIVERSIDADES;877949;—;Subvención;28/09/2026;2100;https://www.bocm.es/bocm-20240520-20
Concesiones;Orden de Convocatoria Becas Excel. Acad. 25-26. MATRIC. Univ.;CONSEJERÍA DE EDUCACIÓN, CIENCIA Y UNIVERSIDADES;877949;—;Subvención;28/09/2026;2100;https://www.bocm.es/bocm-20240520-20
Concesiones;Orden de Convocatoria Becas Excel. Acad. 25-26. MATRIC. Univ.;CONSEJERÍA DE EDUCACIÓN, CIENCIA Y UNIVERSIDADES;877949;—;Subvención;28/09/2026;2100;https://www.bocm.es/bocm-20240520-20
Concesiones;Orden de Convocatoria Becas Excel. Acad. 25-26. MATRIC. Univ.;CONSEJERÍA DE EDUCACIÓN, CIENCIA Y UNIVERSIDADES;877949;—;Subvención;28/09/2026;2100;https://www.bocm.es/bocm-20240520-20
Concesiones;Orden de Convocatoria Becas Excel. Acad. 25-26. MATRIC. Univ.;CONSEJERÍA DE EDUCACIÓN, CIENCIA Y UNIVERSIDADES;877949;—;Subvención;28/09/2026;2100;https://www.bocm.es/bocm-20240520-20
Concesiones;Orden de Convocatoria Becas Excel. Acad. 25-26. MATRIC. Univ.;CONSEJERÍA DE EDUCACIÓN, CIENCIA Y UNIVERSIDADES;877949;—;Subvención;28/09/2026;2100;https://www.bocm.es/bocm-20240520-20
Concesiones;Orden de Convocatoria Becas Excel. Acad. 25-26. MATRIC. Univ.;CONSEJERÍA DE EDUCACIÓN, CIENCIA Y UNIVERSIDADES;877949;—;Subvención;28/09/2026;2100;https://www.bocm.es/bocm-20240520-20
Concesiones;Orden de Convocatoria Becas Excel. Acad. 25-26. MATRIC. Univ.;CONSEJERÍA DE EDUCACIÓN, CIENCIA Y UNIVERSIDADES;877949;—;Subvención;28/09/2026;2100;https://www.bocm.es/bocm-20240520-20
Concesiones;Orden de Convocatoria Becas Excel. Acad. 25-26. MATRIC. Univ.;CONSEJERÍA DE EDUCACIÓN, CIENCIA Y UNIVERSIDADES;877949;—;Subvención;28/09/2026;2100;https://www.bocm.es/bocm-20240520-20
Concesiones;Orden de Convocatoria Becas Excel. Acad. 25-26. MATRIC. Univ.;CONSEJERÍA DE EDUCACIÓN, CIENCIA Y UNIVERSIDADES;877949;—;Subvención;28/09/2026;2100;https://www.bocm.es/bocm-20240520-20
Concesiones;Orden de Convocatoria Becas Excel. Acad. 25-26. MATRIC. Univ.;CONSEJERÍA DE EDUCACIÓN, CIENCIA Y UNIVERSIDADES;877949;—;Subvención;28/09/2026;2100;https://www.bocm.es/bocm-20240520-20
Concesiones;Orden de Convocatoria Becas Excel. Acad. 25-26. MATRIC. Univ.;CONSEJERÍA DE EDUCACIÓN, CIENCIA Y UNIVERSIDADES;877949;—;Subvención;28/09/2026;2100;https://www.bocm.es/bocm-20240520-20
Concesiones;Orden de Convocatoria Becas Excel. Acad. 25-26. MATRIC. Univ.;CONSEJERÍA DE EDUCACIÓN, CIENCIA Y UNIVERSIDADES;877949;—;Subvención;28/09/2026;2100;https://www.bocm.es/bocm-20240520-20
Concesiones;Orden de Convocatoria Becas Excel. Acad. 25-26. MATRIC. Univ.;CONSEJERÍA DE EDUCACIÓN, CIENCIA Y UNIVERSIDADES;877949;—;Subvención;28/09/2026;2100;https://www.bocm.es/bocm-20240520-20
Concesiones;Orden de Convocatoria Becas Excel. Acad. 25-26. MATRIC. Univ.;CONSEJERÍA DE EDUCACIÓN, CIENCIA Y UNIVERSIDADES;877949;—;Subvención;28/09/2026;2100;https://www.bocm.es/bocm-20240520-20
Concesiones;Orden de Convocatoria Becas Excel. Acad. 25-26. MATRIC. Univ.;CONSEJERÍA DE EDUCACIÓN, CIENCIA Y UNIVERSIDADES;877949;—;Subvención;28/09/2026;2100;https://www.bocm.es/bocm-20240520-20
Concesiones;Orden de Convocatoria Becas Excel. Acad. 25-26. MATRIC. Univ.;CONSEJERÍA DE EDUCACIÓN, CIENCIA Y UNIVERSIDADES;877949;—;Subvención;28/09/2026;2100;https://www.bocm.es/bocm-20240520-20
Concesiones;Orden de Convocatoria Becas Excel. Acad. 25-26. MATRIC. Univ.;CONSEJERÍA DE EDUCACIÓN, CIENCIA Y UNIVERSIDADES;877949;—;Subvención;28/09/2026;2100;https://www.bocm.es/bocm-20240520-20
Concesiones;Orden de Convocatoria Becas Excel. Acad. 25-26. MATRIC. Univ.;CONSEJERÍA DE EDUCACIÓN, CIENCIA Y UNIVERSIDADES;877949;—;Subvención;28/09/2026;2100;https://www.bocm.es/bocm-20240520-20
Concesiones;Orden de Convocatoria Becas Excel. Acad. 25-26. MATRIC. Univ.;CONSEJERÍA DE EDUCACIÓN, CIENCIA Y UNIVERSIDADES;877949;—;Subvención;28/09/2026;2100;https://www.bocm.es/bocm-20240520-20
Concesiones;Orden de Convocatoria Becas Excel. Acad. 25-26. MATRIC. Univ.;CONSEJERÍA DE EDUCACIÓN, CIENCIA Y UNIVERSIDADES;877949;—;Subvención;28/09/2026;2100;https://www.bocm.es/bocm-20240520-20
Concesiones;Orden de Convocatoria Becas Excel. Acad. 25-26. MATRIC. Univ.;CONSEJERÍA DE EDUCACIÓN, CIENCIA Y UNIVERSIDADES;877949;—;Subvención;28/09/2026;2100;https://www.bocm.es/bocm-20240520-20
Concesiones;Orden de Convocatoria Becas Excel. Acad. 25-26. MATRIC. Univ.;CONSEJERÍA DE EDUCACIÓN, CIENCIA Y UNIVERSIDADES;877949;—;Subvención;28/09/2026;2100;https://www.bocm.es/bocm-20240520-20
Concesiones;Orden de Convocatoria Becas Excel. Acad. 25-26. MATRIC. Univ.;CONSEJERÍA DE EDUCACIÓN, CIENCIA Y UNIVERSIDADES;877949;—;Subvención;28/09/2026;2100;https://www.bocm.es/bocm-20240520-20
Concesiones;Orden de Convocatoria Becas Excel. Acad. 25-26. MATRIC. Univ.;CONSEJERÍA DE EDUCACIÓN, CIENCIA Y UNIVERSIDADES;877949;—;Subvención;28/09/2026;2100;https://www.bocm.es/bocm-20240520-20
Concesiones;Orden de Convocatoria Becas Excel. Acad. 25-26. MATRIC. Univ.;CONSEJERÍA DE EDUCACIÓN, CIENCIA Y UNIVERSIDADES;877949;—;Subvención;28/09/2026;2100;https://www.bocm.es/bocm-20240520-20
Concesiones;Orden de Convocatoria Becas Excel. Acad. 25-26. MATRIC. Univ.;CONSEJERÍA DE EDUCACIÓN, CIENCIA Y UNIVERSIDADES;877949;—;Subvención;28/09/2026;2100;https://www.bocm.es/bocm-20240520-20
Concesiones;Orden de Convocatoria Becas Excel. Acad. 25-26. MATRIC. Univ.;CONSEJERÍA DE EDUCACIÓN, CIENCIA Y UNIVERSIDADES;877949;—;Subvención;28/09/2026;2100;https://www.bocm.es/bocm-20240520-20
Concesiones;Orden de Convocatoria Becas Excel. Acad. 25-26. MATRIC. Univ.;CONSEJERÍA DE EDUCACIÓN, CIENCIA Y UNIVERSIDADES;877949;—;Subvención;28/09/2026;2100;https://www.bocm.es/bocm-20240520-20
Concesiones;Orden de Convocatoria Becas Excel. Acad. 25-26. MATRIC. Univ.;CONSEJERÍA DE EDUCACIÓN, CIENCIA Y UNIVERSIDADES;877949;—;Subvención;28/09/2026;2100;https://www.bocm.es/bocm-20240520-20
Concesiones;Orden de Convocatoria Becas Excel. Acad. 25-26. MATRIC. Univ.;CONSEJERÍA DE EDUCACIÓN, CIENCIA Y UNIVERSIDADES;877949;—;Subvención;28/09/2026;2100;https://www.bocm.es/bocm-20240520-20
Concesiones;Orden de Convocatoria Becas Excel. Acad. 25-26. MATRIC. Univ.;CONSEJERÍA DE EDUCACIÓN, CIENCIA Y UNIVERSIDADES;877949;—;Subvención;28/09/2026;2100;https://www.bocm.es/bocm-20240520-20
Concesiones;Orden de Convocatoria Becas Excel. Acad. 25-26. MATRIC. Univ.;CONSEJERÍA DE EDUCACIÓN, CIENCIA Y UNIVERSIDADES;877949;—;Subvención;28/09/2026;2100;https://www.bocm.es/bocm-20240520-20
Concesiones;Orden de Convocatoria Becas Excel. Acad. 25-26. MATRIC. Univ.;CONSEJERÍA DE EDUCACIÓN, CIENCIA Y UNIVERSIDADES;877949;—;Subvención;28/09/2026;2100;https://www.bocm.es/bocm-20240520-20
Concesiones;Orden de Convocatoria Becas Excel. Acad. 25-26. MATRIC. Univ.;CONSEJERÍA DE EDUCACIÓN, CIENCIA Y UNIVERSIDADES;877949;—;Subvención;28/09/2026;2100;https://www.bocm.es/bocm-20240520-20
Concesiones;Orden de Convocatoria Becas Excel. Acad. 25-26. MATRIC. Univ.;CONSEJERÍA DE EDUCACIÓN, CIENCIA Y UNIVERSIDADES;877949;—;Subvención;28/09/2026;2100;https://www.bocm.es/bocm-20240520-20
Concesiones;Orden de Convocatoria Becas Excel. Acad. 25-26. MATRIC. Univ.;CONSEJERÍA DE EDUCACIÓN, CIENCIA Y UNIVERSIDADES;877949;—;Subvención;28/09/2026;2100;https://www.bocm.es/bocm-20240520-20
Concesiones;Orden de Convocatoria Becas Excel. Acad. 25-26. MATRIC. Univ.;CONSEJERÍA DE EDUCACIÓN, CIENCIA Y UNIVERSIDADES;877949;—;Subvención;28/09/2026;2100;https://www.bocm.es/bocm-20240520-20
Concesiones;Orden de Convocatoria Becas Excel. Acad. 25-26. MATRIC. Univ.;CONSEJERÍA DE EDUCACIÓN, CIENCIA Y UNIVERSIDADES;877949;—;Subvención;28/09/2026;2100;https://www.bocm.es/bocm-20240520-20
Concesiones;Orden de Convocatoria Becas Excel. Acad. 25-26. MATRIC. Univ.;CONSEJERÍA DE EDUCACIÓN, CIENCIA Y UNIVERSIDADES;877949;—;Subvención;28/09/2026;2100;https://www.bocm.es/bocm-20240520-20
Concesiones;Orden de Convocatoria Becas Excel. Acad. 25-26. MATRIC. Univ.;CONSEJERÍA DE EDUCACIÓN, CIENCIA Y UNIVERSIDADES;877949;—;Subvención;28/09/2026;2100;https://www.bocm.es/bocm-20240520-20
Concesiones;Orden de Convocatoria Becas Excel. Acad. 25-26. MATRIC. Univ.;CONSEJERÍA DE EDUCACIÓN, CIENCIA Y UNIVERSIDADES;877949;—;Subvención;28/09/2026;2100;https://www.bocm.es/bocm-20240520-20
Concesiones;Orden de Convocatoria Becas Excel. Acad. 25-26. MATRIC. Univ.;CONSEJERÍA DE EDUCACIÓN, CIENCIA Y UNIVERSIDADES;877949;—;Subvención;28/09/2026;2100;https://www.bocm.es/bocm-20240520-20
Concesiones;Orden de Convocatoria Becas Excel. Acad. 25-26. MATRIC. Univ.;CONSEJERÍA DE EDUCACIÓN, CIENCIA Y UNIVERSIDADES;877949;—;Subvención;28/09/2026;2100;https://www.bocm.es/bocm-20240520-20
Concesiones;Orden de Convocatoria Becas Excel. Acad. 25-26. MATRIC. Univ.;CONSEJERÍA DE EDUCACIÓN, CIENCIA Y UNIVERSIDADES;877949;—;Subvención;28/09/2026;2100;https://www.bocm.es/bocm-20240520-20
Concesiones;Orden de Convocatoria Becas Excel. Acad. 25-26. MATRIC. Univ.;CONSEJERÍA DE EDUCACIÓN, CIENCIA Y UNIVERSIDADES;877949;—;Subvención;28/09/2026;2100;https://www.bocm.es/bocm-20240520-20
Concesiones;Orden de Convocatoria Becas Excel. Acad. 25-26. MATRIC. Univ.;CONSEJERÍA DE EDUCACIÓN, CIENCIA Y UNIVERSIDADES;877949;—;Subvención;28/09/2026;2100;https://www.bocm.es/bocm-20240520-20
Concesiones;Orden de Convocatoria Becas Excel. Acad. 25-26. MATRIC. Univ.;CONSEJERÍA DE EDUCACIÓN, CIENCIA Y UNIVERSIDADES;877949;—;Subvención;28/09/2026;2100;https://www.bocm.es/bocm-20240520-20
Concesiones;Orden de Convocatoria Becas Excel. Acad. 25-26. MATRIC. Univ.;CONSEJERÍA DE EDUCACIÓN, CIENCIA Y UNIVERSIDADES;877949;—;Subvención;28/09/2026;2100;https://www.bocm.es/bocm-20240520-20
Concesiones;Orden de Convocatoria Becas Excel. Acad. 25-26. MATRIC. Univ.;CONSEJERÍA DE EDUCACIÓN, CIENCIA Y UNIVERSIDADES;877949;—;Subvención;28/09/2026;2100;https://www.bocm.es/bocm-20240520-20
Concesiones;Orden de Convocatoria Becas Excel. Acad. 25-26. MATRIC. Univ.;CONSEJERÍA DE EDUCACIÓN, CIENCIA Y UNIVERSIDADES;877949;—;Subvención;28/09/2026;2100;https://www.bocm.es/bocm-20240520-20
Concesiones;Orden de Convocatoria Becas Excel. Acad. 25-26. MATRIC. Univ.;CONSEJERÍA DE EDUCACIÓN, CIENCIA Y UNIVERSIDADES;877949;—;Subvención;28/09/2026;2100;https://www.bocm.es/bocm-20240520-20
Concesiones;Orden de Convocatoria Becas Excel. Acad. 25-26. MATRIC. Univ.;CONSEJERÍA DE EDUCACIÓN, CIENCIA Y UNIVERSIDADES;877949;—;Subvención;28/09/2026;2100;https://www.bocm.es/bocm-20240520-20
Concesiones;Orden de Convocatoria Becas Excel. Acad. 25-26. MATRIC. Univ.;CONSEJERÍA DE EDUCACIÓN, CIENCIA Y UNIVERSIDADES;877949;—;Subvención;28/09/2026;2100;https://www.bocm.es/bocm-20240520-20
Concesiones;Orden de Convocatoria Becas Excel. Acad. 25-26. MATRIC. Univ.;CONSEJERÍA DE EDUCACIÓN, CIENCIA Y UNIVERSIDADES;877949;—;Subvención;28/09/2026;2100;https://www.bocm.es/bocm-20240520-20
Concesiones;Orden de Convocatoria Becas Excel. Acad. 25-26. MATRIC. Univ.;CONSEJERÍA DE EDUCACIÓN, CIENCIA Y UNIVERSIDADES;877949;—;Subvención;28/09/2026;2100;https://www.bocm.es/bocm-20240520-20
Concesiones;Orden de Convocatoria Becas Excel. Acad. 25-26. MATRIC. Univ.;CONSEJERÍA DE EDUCACIÓN, CIENCIA Y UNIVERSIDADES;877949;—;Subvención;28/09/2026;2100;https://www.bocm.es/bocm-20240520-20
Concesiones;Orden de Convocatoria Becas Excel. Acad. 25-26. MATRIC. Univ.;CONSEJERÍA DE EDUCACIÓN, CIENCIA Y UNIVERSIDADES;877949;—;Subvención;28/09/2026;2100;https://www.bocm.es/bocm-20240520-20
Concesiones;Orden de Convocatoria Becas Excel. Acad. 25-26. MATRIC. Univ.;CONSEJERÍA DE EDUCACIÓN, CIENCIA Y UNIVERSIDADES;877949;—;Subvención;28/09/2026;2100;https://www.bocm.es/bocm-20240520-20
Concesiones;Orden de Convocatoria Becas Excel. Acad. 25-26. MATRIC. Univ.;CONSEJERÍA DE EDUCACIÓN, CIENCIA Y UNIVERSIDADES;877949;—;Subvención;28/09/2026;2100;https://www.bocm.es/bocm-20240520-20
Concesiones;Orden de Convocatoria Becas Excel. Acad. 25-26. MATRIC. Univ.;CONSEJERÍA DE EDUCACIÓN, CIENCIA Y UNIVERSIDADES;877949;—;Subvención;28/09/2026;2100;https://www.bocm.es/bocm-20240520-20
Concesiones;Orden de Convocatoria Becas Excel. Acad. 25-26. MATRIC. Univ.;CONSEJERÍA DE EDUCACIÓN, CIENCIA Y UNIVERSIDADES;877949;—;Subvención;28/09/2026;2100;https://www.bocm.es/bocm-20240520-20
Concesiones;Orden de Convocatoria Becas Excel. Acad. 25-26. MATRIC. Univ.;CONSEJERÍA DE EDUCACIÓN, CIENCIA Y UNIVERSIDADES;877949;—;Subvención;28/09/2026;2100;https://www.bocm.es/bocm-20240520-20
Concesiones;Orden de Convocatoria Becas Excel. Acad. 25-26. MATRIC. Univ.;CONSEJERÍA DE EDUCACIÓN, CIENCIA Y UNIVERSIDADES;877949;—;Subvención;28/09/2026;2100;https://www.bocm.es/bocm-20240520-20
Concesiones;Orden de Convocatoria Becas Excel. Acad. 25-26. MATRIC. Univ.;CONSEJERÍA DE EDUCACIÓN, CIENCIA Y UNIVERSIDADES;877949;—;Subvención;28/09/2026;2100;https://www.bocm.es/bocm-20240520-20
Concesiones;Orden de Convocatoria Becas Excel. Acad. 25-26. MATRIC. Univ.;CONSEJERÍA DE EDUCACIÓN, CIENCIA Y UNIVERSIDADES;877949;—;Subvención;28/09/2026;2100;https://www.bocm.es/bocm-20240520-20
Concesiones;Orden de Convocatoria Becas Excel. Acad. 25-26. MATRIC. Univ.;CONSEJERÍA DE EDUCACIÓN, CIENCIA Y UNIVERSIDADES;877949;—;Subvención;28/09/2026;2100;https://www.bocm.es/bocm-20240520-20
Concesiones;Orden de Convocatoria Becas Excel. Acad. 25-26. MATRIC. Univ.;CONSEJERÍA DE EDUCACIÓN, CIENCIA Y UNIVERSIDADES;877949;—;Subvención;28/09/2026;2100;https://www.bocm.es/bocm-20240520-20
Concesiones;Orden de Convocatoria Becas Excel. Acad. 25-26. MATRIC. Univ.;CONSEJERÍA DE EDUCACIÓN, CIENCIA Y UNIVERSIDADES;877949;—;Subvención;28/09/2026;2100;https://www.bocm.es/bocm-20240520-20
Concesiones;Orden de Convocatoria Becas Excel. Acad. 25-26. MATRIC. Univ.;CONSEJERÍA DE EDUCACIÓN, CIENCIA Y UNIVERSIDADES;877949;—;Subvención;28/09/2026;2100;https://www.bocm.es/bocm-20240520-20
Concesiones;Orden de Convocatoria Becas Excel. Acad. 25-26. MATRIC. Univ.;CONSEJERÍA DE EDUCACIÓN, CIENCIA Y UNIVERSIDADES;877949;—;Subvención;28/09/2026;2100;https://www.bocm.es/bocm-20240520-20
Concesiones;Orden de Convocatoria Becas Excel. Acad. 25-26. MATRIC. Univ.;CONSEJERÍA DE EDUCACIÓN, CIENCIA Y UNIVERSIDADES;877949;—;Subvención;28/09/2026;2100;https://www.bocm.es/bocm-20240520-20
Concesiones;Orden de Convocatoria Becas Excel. Acad. 25-26. MATRIC. Univ.;CONSEJERÍA DE EDUCACIÓN, CIENCIA Y UNIVERSIDADES;877949;—;Subvención;28/09/2026;2100;https://www.bocm.es/bocm-20240520-20
Concesiones;Orden de Convocatoria Becas Excel. Acad. 25-26. MATRIC. Univ.;CONSEJERÍA DE EDUCACIÓN, CIENCIA Y UNIVERSIDADES;877949;—;Subvención;28/09/2026;2100;https://www.bocm.es/bocm-20240520-20
Concesiones;Orden de Convocatoria Becas Excel. Acad. 25-26. MATRIC. Univ.;CONSEJERÍA DE EDUCACIÓN, CIENCIA Y UNIVERSIDADES;877949;—;Subvención;28/09/2026;2100;https://www.bocm.es/bocm-20240520-20
Concesiones;Orden de Convocatoria Becas Excel. Acad. 25-26. MATRIC. Univ.;CONSEJERÍA DE EDUCACIÓN, CIENCIA Y UNIVERSIDADES;877949;—;Subvención;28/09/2026;2100;https://www.bocm.es/bocm-20240520-20
Concesiones;Orden de Convocatoria Becas Excel. Acad. 25-26. MATRIC. Univ.;CONSEJERÍA DE EDUCACIÓN, CIENCIA Y UNIVERSIDADES;877949;—;Subvención;28/09/2026;2100;https://www.bocm.es/bocm-20240520-20
Concesiones;Orden de Convocatoria Becas Excel. Acad. 25-26. MATRIC. Univ.;CONSEJERÍA DE EDUCACIÓN, CIENCIA Y UNIVERSIDADES;877949;—;Subvención;28/09/2026;2100;https://www.bocm.es/bocm-20240520-20
Concesiones;Orden de Convocatoria Becas Excel. Acad. 25-26. MATRIC. Univ.;CONSEJERÍA DE EDUCACIÓN, CIENCIA Y UNIVERSIDADES;877949;—;Subvención;28/09/2026;2100;https://www.bocm.es/bocm-20240520-20
Concesiones;Orden de Convocatoria Becas Excel. Acad. 25-26. MATRIC. Univ.;CONSEJERÍA DE EDUCACIÓN, CIENCIA Y UNIVERSIDADES;877949;—;Subvención;28/09/2026;2100;https://www.bocm.es/bocm-20240520-20
Concesiones;Orden de Convocatoria Becas Excel. Acad. 25-26. MATRIC. Univ.;CONSEJERÍA DE EDUCACIÓN, CIENCIA Y UNIVERSIDADES;877949;—;Subvención;28/09/2026;2100;https://www.bocm.es/bocm-20240520-20
Concesiones;Orden de Convocatoria Becas Excel. Acad. 25-26. MATRIC. Univ.;CONSEJERÍA DE EDUCACIÓN, CIENCIA Y UNIVERSIDADES;877949;—;Subvención;28/09/2026;2100;https://www.bocm.es/bocm-20240520-20
Concesiones;Orden de Convocatoria Becas Excel. Acad. 25-26. MATRIC. Univ.;CONSEJERÍA DE EDUCACIÓN, CIENCIA Y UNIVERSIDADES;877949;—;Subvención;28/09/2026;2100;https://www.bocm.es/bocm-20240520-20
Concesiones;Orden de Convocatoria Becas Excel. Acad. 25-26. MATRIC. Univ.;CONSEJERÍA DE EDUCACIÓN, CIENCIA Y UNIVERSIDADES;877949;—;Subvención;28/09/2026;2100;https://www.bocm.es/bocm-20240520-20
Concesiones;Orden de Convocatoria Becas Excel. Acad. 25-26. MATRIC. Univ.;CONSEJERÍA DE EDUCACIÓN, CIENCIA Y UNIVERSIDADES;877949;—;Subvención;28/09/2026;2100;https://www.bocm.es/bocm-20240520-20
Concesiones;Orden de Convocatoria Becas Excel. Acad. 25-26. MATRIC. Univ.;CONSEJERÍA DE EDUCACIÓN, CIENCIA Y UNIVERSIDADES;877949;—;Subvención;28/09/2026;2100;https://www.bocm.es/bocm-20240520-20
Concesiones;Orden de Convocatoria Becas Excel. Acad. 25-26. MATRIC. Univ.;CONSEJERÍA DE EDUCACIÓN, CIENCIA Y UNIVERSIDADES;877949;—;Subvención;28/09/2026;2100;https://www.bocm.es/bocm-20240520-20
Concesiones;Orden de Convocatoria Becas Excel. Acad. 25-26. MATRIC. Univ.;CONSEJERÍA DE EDUCACIÓN, CIENCIA Y UNIVERSIDADES;877949;—;Subvención;28/09/2026;2100;https://www.bocm.es/bocm-20240520-20
Concesiones;Orden de Convocatoria Becas Excel. Acad. 25-26. MATRIC. Univ.;CONSEJERÍA DE EDUCACIÓN, CIENCIA Y UNIVERSIDADES;877949;—;Subvención;28/09/2026;2100;https://www.bocm.es/bocm-20240520-20
Concesiones;Orden de Convocatoria Becas Excel. Acad. 25-26. MATRIC. Univ.;CONSEJERÍA DE EDUCACIÓN, CIENCIA Y UNIVERSIDADES;877949;—;Subvención;28/09/2026;2100;https://www.bocm.es/bocm-20240520-20
Concesiones;Orden de Convocatoria Becas Excel. Acad. 25-26. MATRIC. Univ.;CONSEJERÍA DE EDUCACIÓN, CIENCIA Y UNIVERSIDADES;877949;—;Subvención;28/09/2026;2100;https://www.bocm.es/bocm-20240520-20
Concesiones;Orden de Convocatoria Becas Excel. Acad. 25-26. MATRIC. Univ.;CONSEJERÍA DE EDUCACIÓN, CIENCIA Y UNIVERSIDADES;877949;—;Subvención;28/09/2026;2100;https://www.bocm.es/bocm-20240520-20
Concesiones;Orden de Convocatoria Becas Excel. Acad. 25-26. MATRIC. Univ.;CONSEJERÍA DE EDUCACIÓN, CIENCIA Y UNIVERSIDADES;877949;—;Subvención;28/09/2026;2100;https://www.bocm.es/bocm-20240520-20
Concesiones;Orden de Convocatoria Becas Excel. Acad. 25-26. MATRIC. Univ.;CONSEJERÍA DE EDUCACIÓN, CIENCIA Y UNIVERSIDADES;877949;—;Subvención;28/09/2026;2100;https://www.bocm.es/bocm-20240520-20
Concesiones;Orden de Convocatoria Becas Excel. Acad. 25-26. MATRIC. Univ.;CONSEJERÍA DE EDUCACIÓN, CIENCIA Y UNIVERSIDADES;877949;—;Subvención;28/09/2026;2100;https://www.bocm.es/bocm-20240520-20
Concesiones;Orden de Convocatoria Becas Excel. Acad. 25-26. MATRIC. Univ.;CONSEJERÍA DE EDUCACIÓN, CIENCIA Y UNIVERSIDADES;877949;—;Subvención;28/09/2026;2100;https://www.bocm.es/bocm-20240520-20
Concesiones;Orden de Convocatoria Becas Excel. Acad. 25-26. MATRIC. Univ.;CONSEJERÍA DE EDUCACIÓN, CIENCIA Y UNIVERSIDADES;877949;—;Subvención;28/09/2026;2100;https://www.bocm.es/bocm-20240520-20
Concesiones;Orden de Convocatoria Becas Excel. Acad. 25-26. MATRIC. Univ.;CONSEJERÍA DE EDUCACIÓN, CIENCIA Y UNIVERSIDADES;877949;—;Subvención;28/09/2026;2100;https://www.bocm.es/bocm-20240520-20
Concesiones;Orden de Convocatoria Becas Excel. Acad. 25-26. MATRIC. Univ.;CONSEJERÍA DE EDUCACIÓN, CIENCIA Y UNIVERSIDADES;877949;—;Subvención;28/09/2026;2100;https://www.bocm.es/bocm-20240520-20
Concesiones;Orden de Convocatoria Becas Excel. Acad. 25-26. MATRIC. Univ.;CONSEJERÍA DE EDUCACIÓN, CIENCIA Y UNIVERSIDADES;877949;—;Subvención;28/09/2026;2100;https://www.bocm.es/bocm-20240520-20
Concesiones;Orden de Convocatoria Becas Excel. Acad. 25-26. MATRIC. Univ.;CONSEJERÍA DE EDUCACIÓN, CIENCIA Y UNIVERSIDADES;877949;—;Subvención;28/09/2026;2100;https://www.bocm.es/bocm-20240520-20
Concesiones;Orden de Convocatoria Becas Excel. Acad. 25-26. MATRIC. Univ.;CONSEJERÍA DE EDUCACIÓN, CIENCIA Y UNIVERSIDADES;877949;—;Subvención;28/09/2026;2100;https://www.bocm.es/bocm-20240520-20
Concesiones;Orden de Convocatoria Becas Excel. Acad. 25-26. MATRIC. Univ.;CONSEJERÍA DE EDUCACIÓN, CIENCIA Y UNIVERSIDADES;877949;—;Subvención;28/09/2026;2100;https://www.bocm.es/bocm-20240520-20
Concesiones;Orden de Convocatoria Becas Excel. Acad. 25-26. MATRIC. Univ.;CONSEJERÍA DE EDUCACIÓN, CIENCIA Y UNIVERSIDADES;877949;—;Subvención;28/09/2026;2100;https://www.bocm.es/bocm-20240520-20
Concesiones;Orden de Convocatoria Becas Excel. Acad. 25-26. MATRIC. Univ.;CONSEJERÍA DE EDUCACIÓN, CIENCIA Y UNIVERSIDADES;877949;—;Subvención;28/09/2026;2100;https://www.bocm.es/bocm-20240520-20
Concesiones;Orden de Convocatoria Becas Excel. Acad. 25-26. MATRIC. Univ.;CONSEJERÍA DE EDUCACIÓN, CIENCIA Y UNIVERSIDADES;877949;—;Subvención;28/09/2026;2100;https://www.bocm.es/bocm-20240520-20
Concesiones;Orden de Convocatoria Becas Excel. Acad. 25-26. MATRIC. Univ.;CONSEJERÍA DE EDUCACIÓN, CIENCIA Y UNIVERSIDADES;877949;—;Subvención;28/09/2026;2100;https://www.bocm.es/bocm-20240520-20
Concesiones;Orden de Convocatoria Becas Excel. Acad. 25-26. MATRIC. Univ.;CONSEJERÍA DE EDUCACIÓN, CIENCIA Y UNIVERSIDADES;877949;—;Subvención;28/09/2026;2100;https://www.bocm.es/bocm-20240520-20
Concesiones;Orden de Convocatoria Becas Excel. Acad. 25-26. MATRIC. Univ.;CONSEJERÍA DE EDUCACIÓN, CIENCIA Y UNIVERSIDADES;877949;—;Subvención;28/09/2026;2100;https://www.bocm.es/bocm-20240520-20
Concesiones;Orden de Convocatoria Becas Excel. Acad. 25-26. MATRIC. Univ.;CONSEJERÍA DE EDUCACIÓN, CIENCIA Y UNIVERSIDADES;877949;—;Subvención;28/09/2026;2100;https://www.bocm.es/bocm-20240520-20
Concesiones;Orden de Convocatoria Becas Excel. Acad. 25-26. MATRIC. Univ.;CONSEJERÍA DE EDUCACIÓN, CIENCIA Y UNIVERSIDADES;877949;—;Subvención;28/09/2026;2100;https://www.bocm.es/bocm-20240520-20
Concesiones;Orden de Convocatoria Becas Excel. Acad. 25-26. MATRIC. Univ.;CONSEJERÍA DE EDUCACIÓN, CIENCIA Y UNIVERSIDADES;877949;—;Subvención;28/09/2026;2100;https://www.bocm.es/bocm-20240520-20
Concesiones;Orden de Convocatoria Becas Excel. Acad. 25-26. MATRIC. Univ.;CONSEJERÍA DE EDUCACIÓN, CIENCIA Y UNIVERSIDADES;877949;—;Subvención;28/09/2026;2100;https://www.bocm.es/bocm-20240520-20
Concesiones;Orden de Convocatoria Becas Excel. Acad. 25-26. MATRIC. Univ.;CONSEJERÍA DE EDUCACIÓN, CIENCIA Y UNIVERSIDADES;877949;—;Subvención;28/09/2026;2100;https://www.bocm.es/bocm-20240520-20
Concesiones;Orden de Convocatoria Becas Excel. Acad. 25-26. MATRIC. Univ.;CONSEJERÍA DE EDUCACIÓN, CIENCIA Y UNIVERSIDADES;877949;—;Subvención;28/09/2026;2100;https://www.bocm.es/bocm-20240520-20
Concesiones;Orden de Convocatoria Becas Excel. Acad. 25-26. MATRIC. Univ.;CONSEJERÍA DE EDUCACIÓN, CIENCIA Y UNIVERSIDADES;877949;—;Subvención;28/09/2026;2100;https://www.bocm.es/bocm-20240520-20
Concesiones;Orden de Convocatoria Becas Excel. Acad. 25-26. MATRIC. Univ.;CONSEJERÍA DE EDUCACIÓN, CIENCIA Y UNIVERSIDADES;877949;—;Subvención;28/09/2026;2100;https://www.bocm.es/bocm-20240520-20
Concesiones;Orden de Convocatoria Becas Excel. Acad. 25-26. MATRIC. Univ.;CONSEJERÍA DE EDUCACIÓN, CIENCIA Y UNIVERSIDADES;877949;—;Subvención;28/09/2026;2100;https://www.bocm.es/bocm-20240520-20
Concesiones;Orden de Convocatoria Becas Excel. Acad. 25-26. MATRIC. Univ.;CONSEJERÍA DE EDUCACIÓN, CIENCIA Y UNIVERSIDADES;877949;—;Subvención;28/09/2026;2100;https://www.bocm.es/bocm-20240520-20
Concesiones;Orden de Convocatoria Becas Excel. Acad. 25-26. MATRIC. Univ.;CONSEJERÍA DE EDUCACIÓN, CIENCIA Y UNIVERSIDADES;877949;—;Subvención;28/09/2026;2100;https://www.bocm.es/bocm-20240520-20
Concesiones;Orden de Convocatoria Becas Excel. Acad. 25-26. MATRIC. Univ.;CONSEJERÍA DE EDUCACIÓN, CIENCIA Y UNIVERSIDADES;877949;—;Subvención;28/09/2026;2100;https://www.bocm.es/bocm-20240520-20
Concesiones;Orden de Convocatoria Becas Excel. Acad. 25-26. MATRIC. Univ.;CONSEJERÍA DE EDUCACIÓN, CIENCIA Y UNIVERSIDADES;877949;—;Subvención;28/09/2026;2100;https://www.bocm.es/bocm-20240520-20
Concesiones;Orden de Convocatoria Becas Excel. Acad. 25-26. MATRIC. Univ.;CONSEJERÍA DE EDUCACIÓN, CIENCIA Y UNIVERSIDADES;877949;—;Subvención;28/09/2026;2100;https://www.bocm.es/bocm-20240520-20
Concesiones;Orden de Convocatoria Becas Excel. Acad. 25-26. MATRIC. Univ.;CONSEJERÍA DE EDUCACIÓN, CIENCIA Y UNIVERSIDADES;877949;—;Subvención;28/09/2026;2100;https://www.bocm.es/bocm-20240520-20
Concesiones;Orden de Convocatoria Becas Excel. Acad. 25-26. MATRIC. Univ.;CONSEJERÍA DE EDUCACIÓN, CIENCIA Y UNIVERSIDADES;877949;—;Subvención;28/09/2026;2100;https://www.bocm.es/bocm-20240520-20
Concesiones;Orden de Convocatoria Becas Excel. Acad. 25-26. MATRIC. Univ.;CONSEJERÍA DE EDUCACIÓN, CIENCIA Y UNIVERSIDADES;877949;—;Subvención;28/09/2026;2100;https://www.bocm.es/bocm-20240520-20
Concesiones;Orden de Convocatoria Becas Excel. Acad. 25-26. MATRIC. Univ.;CONSEJERÍA DE EDUCACIÓN, CIENCIA Y UNIVERSIDADES;877949;—;Subvención;28/09/2026;2100;https://www.bocm.es/bocm-20240520-20
Concesiones;Orden de Convocatoria Becas Excel. Acad. 25-26. MATRIC. Univ.;CONSEJERÍA DE EDUCACIÓN, CIENCIA Y UNIVERSIDADES;877949;—;Subvención;28/09/2026;2100;https://www.bocm.es/bocm-20240520-20
Concesiones;Orden de Convocatoria Becas Excel. Acad. 25-26. MATRIC. Univ.;CONSEJERÍA DE EDUCACIÓN, CIENCIA Y UNIVERSIDADES;877949;—;Subvención;28/09/2026;2100;https://www.bocm.es/bocm-20240520-20
Concesiones;Orden de Convocatoria Becas Excel. Acad. 25-26. MATRIC. Univ.;CONSEJERÍA DE EDUCACIÓN, CIENCIA Y UNIVERSIDADES;877949;—;Subvención;28/09/2026;2100;https://www.bocm.es/bocm-20240520-20
Concesiones;Orden de Convocatoria Becas Excel. Acad. 25-26. MATRIC. Univ.;CONSEJERÍA DE EDUCACIÓN, CIENCIA Y UNIVERSIDADES;877949;—;Subvención;28/09/2026;2100;https://www.bocm.es/bocm-20240520-20
Concesiones;Orden de Convocatoria Becas Excel. Acad. 25-26. MATRIC. Univ.;CONSEJERÍA DE EDUCACIÓN, CIENCIA Y UNIVERSIDADES;877949;—;Subvención;28/09/2026;2100;https://www.bocm.es/bocm-20240520-20
Concesiones;Orden de Convocatoria Becas Excel. Acad. 25-26. MATRIC. Univ.;CONSEJERÍA DE EDUCACIÓN, CIENCIA Y UNIVERSIDADES;877949;—;Subvención;28/09/2026;2100;https://www.bocm.es/bocm-20240520-20
Concesiones;Orden de Convocatoria Becas Excel. Acad. 25-26. MATRIC. Univ.;CONSEJERÍA DE EDUCACIÓN, CIENCIA Y UNIVERSIDADES;877949;—;Subvención;28/09/2026;2100;https://www.bocm.es/bocm-20240520-20
Concesiones;Orden de Convocatoria Becas Excel. Acad. 25-26. MATRIC. Univ.;CONSEJERÍA DE EDUCACIÓN, CIENCIA Y UNIVERSIDADES;877949;—;Subvención;28/09/2026;2100;https://www.bocm.es/bocm-20240520-20
Concesiones;Orden de Convocatoria Becas Excel. Acad. 25-26. MATRIC. Univ.;CONSEJERÍA DE EDUCACIÓN, CIENCIA Y UNIVERSIDADES;877949;—;Subvención;28/09/2026;2100;https://www.bocm.es/bocm-20240520-20
Concesiones;Orden de Convocatoria Becas Excel. Acad. 25-26. MATRIC. Univ.;CONSEJERÍA DE EDUCACIÓN, CIENCIA Y UNIVERSIDADES;877949;—;Subvención;28/09/2026;2100;https://www.bocm.es/bocm-20240520-20
Concesiones;Orden de Convocatoria Becas Excel. Acad. 25-26. MATRIC. Univ.;CONSEJERÍA DE EDUCACIÓN, CIENCIA Y UNIVERSIDADES;877949;—;Subvención;28/09/2026;2100;https://www.bocm.es/bocm-20240520-20
Concesiones;Orden de Convocatoria Becas Excel. Acad. 25-26. MATRIC. Univ.;CONSEJERÍA DE EDUCACIÓN, CIENCIA Y UNIVERSIDADES;877949;—;Subvención;28/09/2026;2100;https://www.bocm.es/bocm-20240520-20
Concesiones;Orden de Convocatoria Becas Excel. Acad. 25-26. MATRIC. Univ.;CONSEJERÍA DE EDUCACIÓN, CIENCIA Y UNIVERSIDADES;877949;—;Subvención;28/09/2026;2100;https://www.bocm.es/bocm-20240520-20
Concesiones;Orden de Convocatoria Becas Excel. Acad. 25-26. MATRIC. Univ.;CONSEJERÍA DE EDUCACIÓN, CIENCIA Y UNIVERSIDADES;877949;—;Subvención;28/09/2026;2100;https://www.bocm.es/bocm-20240520-20
Concesiones;Orden de Convocatoria Becas Excel. Acad. 25-26. MATRIC. Univ.;CONSEJERÍA DE EDUCACIÓN, CIENCIA Y UNIVERSIDADES;877949;—;Subvención;28/09/2026;2100;https://www.bocm.es/bocm-20240520-20
Concesiones;Orden de Convocatoria Becas Excel. Acad. 25-26. MATRIC. Univ.;CONSEJERÍA DE EDUCACIÓN, CIENCIA Y UNIVERSIDADES;877949;—;Subvención;28/09/2026;2100;https://www.bocm.es/bocm-20240520-20
Concesiones;Orden de Convocatoria Becas Excel. Acad. 25-26. MATRIC. Univ.;CONSEJERÍA DE EDUCACIÓN, CIENCIA Y UNIVERSIDADES;877949;—;Subvención;28/09/2026;2100;https://www.bocm.es/bocm-20240520-20
Concesiones;Orden de Convocatoria Becas Excel. Acad. 25-26. MATRIC. Univ.;CONSEJERÍA DE EDUCACIÓN, CIENCIA Y UNIVERSIDADES;877949;—;Subvención;28/09/2026;2100;https://www.bocm.es/bocm-20240520-20
Concesiones;Orden de Convocatoria Becas Excel. Acad. 25-26. MATRIC. Univ.;CONSEJERÍA DE EDUCACIÓN, CIENCIA Y UNIVERSIDADES;877949;—;Subvención;28/09/2026;2100;https://www.bocm.es/bocm-20240520-20
Concesiones;Orden de Convocatoria Becas Excel. Acad. 25-26. MATRIC. Univ.;CONSEJERÍA DE EDUCACIÓN, CIENCIA Y UNIVERSIDADES;877949;—;Subvención;28/09/2026;2100;https://www.bocm.es/bocm-20240520-20
Concesiones;Orden de Convocatoria Becas Excel. Acad. 25-26. MATRIC. Univ.;CONSEJERÍA DE EDUCACIÓN, CIENCIA Y UNIVERSIDADES;877949;—;Subvención;28/09/2026;2100;https://www.bocm.es/bocm-20240520-20
Concesiones;Orden de Convocatoria Becas Excel. Acad. 25-26. MATRIC. Univ.;CONSEJERÍA DE EDUCACIÓN, CIENCIA Y UNIVERSIDADES;877949;—;Subvención;28/09/2026;2100;https://www.bocm.es/bocm-20240520-20
Concesiones;Orden de Convocatoria Becas Excel. Acad. 25-26. MATRIC. Univ.;CONSEJERÍA DE EDUCACIÓN, CIENCIA Y UNIVERSIDADES;877949;—;Subvención;28/09/2026;2100;https://www.bocm.es/bocm-20240520-20
Concesiones;Orden de Convocatoria Becas Excel. Acad. 25-26. MATRIC. Univ.;CONSEJERÍA DE EDUCACIÓN, CIENCIA Y UNIVERSIDADES;877949;—;Subvención;28/09/2026;2100;https://www.bocm.es/bocm-20240520-20
Concesiones;Orden de Convocatoria Becas Excel. Acad. 25-26. MATRIC. Univ.;CONSEJERÍA DE EDUCACIÓN, CIENCIA Y UNIVERSIDADES;877949;—;Subvención;28/09/2026;2100;https://www.bocm.es/bocm-20240520-20
Concesiones;Orden de Convocatoria Becas Excel. Acad. 25-26. MATRIC. Univ.;CONSEJERÍA DE EDUCACIÓN, CIENCIA Y UNIVERSIDADES;877949;—;Subvención;28/09/2026;2100;https://www.bocm.es/bocm-20240520-20
Concesiones;Orden de Convocatoria Becas Excel. Acad. 25-26. MATRIC. Univ.;CONSEJERÍA DE EDUCACIÓN, CIENCIA Y UNIVERSIDADES;877949;—;Subvención;28/09/2026;2100;https://www.bocm.es/bocm-20240520-20
Concesiones;Orden de Convocatoria Becas Excel. Acad. 25-26. MATRIC. Univ.;CONSEJERÍA DE EDUCACIÓN, CIENCIA Y UNIVERSIDADES;877949;—;Subvención;28/09/2026;2100;https://www.bocm.es/bocm-20240520-20
Concesiones;Orden de Convocatoria Becas Excel. Acad. 25-26. MATRIC. Univ.;CONSEJERÍA DE EDUCACIÓN, CIENCIA Y UNIVERSIDADES;877949;—;Subvención;28/09/2026;2100;https://www.bocm.es/bocm-20240520-20
Concesiones;Orden de Convocatoria Becas Excel. Acad. 25-26. MATRIC. Univ.;CONSEJERÍA DE EDUCACIÓN, CIENCIA Y UNIVERSIDADES;877949;—;Subvención;28/09/2026;2100;https://www.bocm.es/bocm-20240520-20
Concesiones;Orden de Convocatoria Becas Excel. Acad. 25-26. MATRIC. Univ.;CONSEJERÍA DE EDUCACIÓN, CIENCIA Y UNIVERSIDADES;877949;—;Subvención;28/09/2026;2100;https://www.bocm.es/bocm-20240520-20
Concesiones;Orden de Convocatoria Becas Excel. Acad. 25-26. MATRIC. Univ.;CONSEJERÍA DE EDUCACIÓN, CIENCIA Y UNIVERSIDADES;877949;—;Subvención;28/09/2026;2100;https://www.bocm.es/bocm-20240520-20
Concesiones;Orden de Convocatoria Becas Excel. Acad. 25-26. MATRIC. Univ.;CONSEJERÍA DE EDUCACIÓN, CIENCIA Y UNIVERSIDADES;877949;—;Subvención;28/09/2026;2100;https://www.bocm.es/bocm-20240520-20
Concesiones;Orden de Convocatoria Becas Excel. Acad. 25-26. MATRIC. Univ.;CONSEJERÍA DE EDUCACIÓN, CIENCIA Y UNIVERSIDADES;877949;—;Subvención;28/09/2026;2100;https://www.bocm.es/bocm-20240520-20
Concesiones;Orden de Convocatoria Becas Excel. Acad. 25-26. MATRIC. Univ.;CONSEJERÍA DE EDUCACIÓN, CIENCIA Y UNIVERSIDADES;877949;—;Subvención;28/09/2026;2100;https://www.bocm.es/bocm-20240520-20
Concesiones;Orden de Convocatoria Becas Excel. Acad. 25-26. MATRIC. Univ.;CONSEJERÍA DE EDUCACIÓN, CIENCIA Y UNIVERSIDADES;877949;—;Subvención;28/09/2026;2100;https://www.bocm.es/bocm-20240520-20
Concesiones;Orden de Convocatoria Becas Excel. Acad. 25-26. MATRIC. Univ.;CONSEJERÍA DE EDUCACIÓN, CIENCIA Y UNIVERSIDADES;877949;—;Subvención;28/09/2026;2100;https://www.bocm.es/bocm-20240520-20
Concesiones;Orden de Convocatoria Becas Excel. Acad. 25-26. MATRIC. Univ.;CONSEJERÍA DE EDUCACIÓN, CIENCIA Y UNIVERSIDADES;877949;—;Subvención;28/09/2026;2100;https://www.bocm.es/bocm-20240520-20
Concesiones;Orden de Convocatoria Becas Excel. Acad. 25-26. MATRIC. Univ.;CONSEJERÍA DE EDUCACIÓN, CIENCIA Y UNIVERSIDADES;877949;—;Subvención;28/09/2026;2100;https://www.bocm.es/bocm-20240520-20
Concesiones;Orden de Convocatoria Becas Excel. Acad. 25-26. MATRIC. Univ.;CONSEJERÍA DE EDUCACIÓN, CIENCIA Y UNIVERSIDADES;877949;—;Subvención;28/09/2026;2100;https://www.bocm.es/bocm-20240520-20
Concesiones;Orden de Convocatoria Becas Excel. Acad. 25-26. MATRIC. Univ.;CONSEJERÍA DE EDUCACIÓN, CIENCIA Y UNIVERSIDADES;877949;—;Subvención;28/09/2026;2100;https://www.bocm.es/bocm-20240520-20
Concesiones;Orden de Convocatoria Becas Excel. Acad. 25-26. MATRIC. Univ.;CONSEJERÍA DE EDUCACIÓN, CIENCIA Y UNIVERSIDADES;877949;—;Subvención;28/09/2026;2100;https://www.bocm.es/bocm-20240520-20
Concesiones;Orden de Convocatoria Becas Excel. Acad. 25-26. MATRIC. Univ.;CONSEJERÍA DE EDUCACIÓN, CIENCIA Y UNIVERSIDADES;877949;—;Subvención;28/09/2026;2100;https://www.bocm.es/bocm-20240520-20
Concesiones;Orden de Convocatoria Becas Excel. Acad. 25-26. MATRIC. Univ.;CONSEJERÍA DE EDUCACIÓN, CIENCIA Y UNIVERSIDADES;877949;—;Subvención;28/09/2026;2100;https://www.bocm.es/bocm-20240520-20
Concesiones;Orden de Convocatoria Becas Excel. Acad. 25-26. MATRIC. Univ.;CONSEJERÍA DE EDUCACIÓN, CIENCIA Y UNIVERSIDADES;877949;—;Subvención;28/09/2026;2100;https://www.bocm.es/bocm-20240520-20
Concesiones;Orden de Convocatoria Becas Excel. Acad. 25-26. MATRIC. Univ.;CONSEJERÍA DE EDUCACIÓN, CIENCIA Y UNIVERSIDADES;877949;—;Subvención;28/09/2026;2100;https://www.bocm.es/bocm-20240520-20
Concesiones;Orden de Convocatoria Becas Excel. Acad. 25-26. MATRIC. Univ.;CONSEJERÍA DE EDUCACIÓN, CIENCIA Y UNIVERSIDADES;877949;—;Subvención;28/09/2026;2100;https://www.bocm.es/bocm-20240520-20
Concesiones;Orden de Convocatoria Becas Excel. Acad. 25-26. MATRIC. Univ.;CONSEJERÍA DE EDUCACIÓN, CIENCIA Y UNIVERSIDADES;877949;—;Subvención;28/09/2026;2100;https://www.bocm.es/bocm-20240520-20
Concesiones;Orden de Convocatoria Becas Excel. Acad. 25-26. MATRIC. Univ.;CONSEJERÍA DE EDUCACIÓN, CIENCIA Y UNIVERSIDADES;877949;—;Subvención;28/09/2026;2100;https://www.bocm.es/bocm-20240520-20
Concesiones;Orden de Convocatoria Becas Excel. Acad. 25-26. MATRIC. Univ.;CONSEJERÍA DE EDUCACIÓN, CIENCIA Y UNIVERSIDADES;877949;—;Subvención;28/09/2026;2100;https://www.bocm.es/bocm-20240520-20
Concesiones;Orden de Convocatoria Becas Excel. Acad. 25-26. MATRIC. Univ.;CONSEJERÍA DE EDUCACIÓN, CIENCIA Y UNIVERSIDADES;877949;—;Subvención;28/09/2026;2100;https://www.bocm.es/bocm-20240520-20
Concesiones;Orden de Convocatoria Becas Excel. Acad. 25-26. MATRIC. Univ.;CONSEJERÍA DE EDUCACIÓN, CIENCIA Y UNIVERSIDADES;877949;—;Subvención;28/09/2026;2100;https://www.bocm.es/bocm-20240520-20
Concesiones;Orden de Convocatoria Becas Excel. Acad. 25-26. MATRIC. Univ.;CONSEJERÍA DE EDUCACIÓN, CIENCIA Y UNIVERSIDADES;877949;—;Subvención;28/09/2026;2100;https://www.bocm.es/bocm-20240520-20
Concesiones;Orden de Convocatoria Becas Excel. Acad. 25-26. MATRIC. Univ.;CONSEJERÍA DE EDUCACIÓN, CIENCIA Y UNIVERSIDADES;877949;—;Subvención;28/09/2026;2100;https://www.bocm.es/bocm-20240520-20
Concesiones;Orden de Convocatoria Becas Excel. Acad. 25-26. MATRIC. Univ.;CONSEJERÍA DE EDUCACIÓN, CIENCIA Y UNIVERSIDADES;877949;—;Subvención;28/09/2026;2100;https://www.bocm.es/bocm-20240520-20
Concesiones;Orden de Convocatoria Becas Excel. Acad. 25-26. MATRIC. Univ.;CONSEJERÍA DE EDUCACIÓN, CIENCIA Y UNIVERSIDADES;877949;—;Subvención;28/09/2026;2100;https://www.bocm.es/bocm-20240520-20
Concesiones;Orden de Convocatoria Becas Excel. Acad. 25-26. MATRIC. Univ.;CONSEJERÍA DE EDUCACIÓN, CIENCIA Y UNIVERSIDADES;877949;—;Subvención;28/09/2026;2100;https://www.bocm.es/bocm-20240520-20
Concesiones;Orden de Convocatoria Becas Excel. Acad. 25-26. MATRIC. Univ.;CONSEJERÍA DE EDUCACIÓN, CIENCIA Y UNIVERSIDADES;877949;—;Subvención;28/09/2026;2100;https://www.bocm.es/bocm-20240520-20
Concesiones;Orden de Convocatoria Becas Excel. Acad. 25-26. MATRIC. Univ.;CONSEJERÍA DE EDUCACIÓN, CIENCIA Y UNIVERSIDADES;877949;—;Subvención;28/09/2026;2100;https://www.bocm.es/bocm-20240520-20
Concesiones;Orden de Convocatoria Becas Excel. Acad. 25-26. MATRIC. Univ.;CONSEJERÍA DE EDUCACIÓN, CIENCIA Y UNIVERSIDADES;877949;—;Subvención;28/09/2026;2100;https://www.bocm.es/bocm-20240520-20
Concesiones;Orden de Convocatoria Becas Excel. Acad. 25-26. MATRIC. Univ.;CONSEJERÍA DE EDUCACIÓN, CIENCIA Y UNIVERSIDADES;877949;—;Subvención;28/09/2026;2100;https://www.bocm.es/bocm-20240520-20
Concesiones;Orden de Convocatoria Becas Excel. Acad. 25-26. MATRIC. Univ.;CONSEJERÍA DE EDUCACIÓN, CIENCIA Y UNIVERSIDADES;877949;—;Subvención;28/09/2026;2100;https://www.bocm.es/bocm-20240520-20
Concesiones;Orden de Convocatoria Becas Excel. Acad. 25-26. MATRIC. Univ.;CONSEJERÍA DE EDUCACIÓN, CIENCIA Y UNIVERSIDADES;877949;—;Subvención;28/09/2026;2100;https://www.bocm.es/bocm-20240520-20
Concesiones;Orden de Convocatoria Becas Excel. Acad. 25-26. MATRIC. Univ.;CONSEJERÍA DE EDUCACIÓN, CIENCIA Y UNIVERSIDADES;877949;—;Subvención;28/09/2026;2100;https://www.bocm.es/bocm-20240520-20
Concesiones;Orden de Convocatoria Becas Excel. Acad. 25-26. MATRIC. Univ.;CONSEJERÍA DE EDUCACIÓN, CIENCIA Y UNIVERSIDADES;877949;—;Subvención;28/09/2026;2100;https://www.bocm.es/bocm-20240520-20
Concesiones;Orden de Convocatoria Becas Excel. Acad. 25-26. MATRIC. Univ.;CONSEJERÍA DE EDUCACIÓN, CIENCIA Y UNIVERSIDADES;877949;—;Subvención;28/09/2026;2100;https://www.bocm.es/bocm-20240520-20
Concesiones;Orden de Convocatoria Becas Excel. Acad. 25-26. MATRIC. Univ.;CONSEJERÍA DE EDUCACIÓN, CIENCIA Y UNIVERSIDADES;877949;—;Subvención;28/09/2026;2100;https://www.bocm.es/bocm-20240520-20
Concesiones;Orden de Convocatoria Becas Excel. Acad. 25-26. MATRIC. Univ.;CONSEJERÍA DE EDUCACIÓN, CIENCIA Y UNIVERSIDADES;877949;—;Subvención;28/09/2026;2100;https://www.bocm.es/bocm-20240520-20
Concesiones;Orden de Convocatoria Becas Excel. Acad. 25-26. MATRIC. Univ.;CONSEJERÍA DE EDUCACIÓN, CIENCIA Y UNIVERSIDADES;877949;—;Subvención;28/09/2026;2100;https://www.bocm.es/bocm-20240520-20
Concesiones;Orden de Convocatoria Becas Excel. Acad. 25-26. MATRIC. Univ.;CONSEJERÍA DE EDUCACIÓN, CIENCIA Y UNIVERSIDADES;877949;—;Subvención;28/09/2026;2100;https://www.bocm.es/bocm-20240520-20
Concesiones;Orden de Convocatoria Becas Excel. Acad. 25-26. MATRIC. Univ.;CONSEJERÍA DE EDUCACIÓN, CIENCIA Y UNIVERSIDADES;877949;—;Subvención;28/09/2026;2100;https://www.bocm.es/bocm-20240520-20
Concesiones;Orden de Convocatoria Becas Excel. Acad. 25-26. MATRIC. Univ.;CONSEJERÍA DE EDUCACIÓN, CIENCIA Y UNIVERSIDADES;877949;—;Subvención;28/09/2026;2100;https://www.bocm.es/bocm-20240520-20
Concesiones;Orden de Convocatoria Becas Excel. Acad. 25-26. MATRIC. Univ.;CONSEJERÍA DE EDUCACIÓN, CIENCIA Y UNIVERSIDADES;877949;—;Subvención;28/09/2026;2100;https://www.bocm.es/bocm-20240520-20
Concesiones;Orden de Convocatoria Becas Excel. Acad. 25-26. MATRIC. Univ.;CONSEJERÍA DE EDUCACIÓN, CIENCIA Y UNIVERSIDADES;877949;—;Subvención;28/09/2026;2100;https://www.bocm.es/bocm-20240520-20
Concesiones;Orden de Convocatoria Becas Excel. Acad. 25-26. MATRIC. Univ.;CONSEJERÍA DE EDUCACIÓN, CIENCIA Y UNIVERSIDADES;877949;—;Subvención;28/09/2026;2100;https://www.bocm.es/bocm-20240520-20
Concesiones;Orden de Convocatoria Becas Excel. Acad. 25-26. MATRIC. Univ.;CONSEJERÍA DE EDUCACIÓN, CIENCIA Y UNIVERSIDADES;877949;—;Subvención;28/09/2026;2100;https://www.bocm.es/bocm-20240520-20
Concesiones;Orden de Convocatoria Becas Excel. Acad. 25-26. MATRIC. Univ.;CONSEJERÍA DE EDUCACIÓN, CIENCIA Y UNIVERSIDADES;877949;—;Subvención;28/09/2026;2100;https://www.bocm.es/bocm-20240520-20
Concesiones;Orden de Convocatoria Becas Excel. Acad. 25-26. MATRIC. Univ.;CONSEJERÍA DE EDUCACIÓN, CIENCIA Y UNIVERSIDADES;877949;—;Subvención;28/09/2026;2100;https://www.bocm.es/bocm-20240520-20
Concesiones;Orden de Convocatoria Becas Excel. Acad. 25-26. MATRIC. Univ.;CONSEJERÍA DE EDUCACIÓN, CIENCIA Y UNIVERSIDADES;877949;—;Subvención;28/09/2026;2100;https://www.bocm.es/bocm-20240520-20
Concesiones;Orden de Convocatoria Becas Excel. Acad. 25-26. MATRIC. Univ.;CONSEJERÍA DE EDUCACIÓN, CIENCIA Y UNIVERSIDADES;877949;—;Subvención;28/09/2026;2100;https://www.bocm.es/bocm-20240520-20
Concesiones;Orden de Convocatoria Becas Excel. Acad. 25-26. MATRIC. Univ.;CONSEJERÍA DE EDUCACIÓN, CIENCIA Y UNIVERSIDADES;877949;—;Subvención;28/09/2026;2100;https://www.bocm.es/bocm-20240520-20
Concesiones;Orden de Convocatoria Becas Excel. Acad. 25-26. MATRIC. Univ.;CONSEJERÍA DE EDUCACIÓN, CIENCIA Y UNIVERSIDADES;877949;—;Subvención;28/09/2026;2100;https://www.bocm.es/bocm-20240520-20
Concesiones;Orden de Convocatoria Becas Excel. Acad. 25-26. MATRIC. Univ.;CONSEJERÍA DE EDUCACIÓN, CIENCIA Y UNIVERSIDADES;877949;—;Subvención;28/09/2026;2100;https://www.bocm.es/bocm-20240520-20
Concesiones;Orden de Convocatoria Becas Excel. Acad. 25-26. MATRIC. Univ.;CONSEJERÍA DE EDUCACIÓN, CIENCIA Y UNIVERSIDADES;877949;—;Subvención;28/09/2026;2100;https://www.bocm.es/bocm-20240520-20
Concesiones;Orden de Convocatoria Becas Excel. Acad. 25-26. MATRIC. Univ.;CONSEJERÍA DE EDUCACIÓN, CIENCIA Y UNIVERSIDADES;877949;—;Subvención;28/09/2026;2100;https://www.bocm.es/bocm-20240520-20
Concesiones;Orden de Convocatoria Becas Excel. Acad. 25-26. MATRIC. Univ.;CONSEJERÍA DE EDUCACIÓN, CIENCIA Y UNIVERSIDADES;877949;—;Subvención;28/09/2026;2100;https://www.bocm.es/bocm-20240520-20
Concesiones;Orden de Convocatoria Becas Excel. Acad. 25-26. MATRIC. Univ.;CONSEJERÍA DE EDUCACIÓN, CIENCIA Y UNIVERSIDADES;877949;—;Subvención;28/09/2026;2100;https://www.bocm.es/bocm-20240520-20
Concesiones;Orden de Convocatoria Becas Excel. Acad. 25-26. MATRIC. Univ.;CONSEJERÍA DE EDUCACIÓN, CIENCIA Y UNIVERSIDADES;877949;—;Subvención;28/09/2026;2100;https://www.bocm.es/bocm-20240520-20
Concesiones;Orden de Convocatoria Becas Excel. Acad. 25-26. MATRIC. Univ.;CONSEJERÍA DE EDUCACIÓN, CIENCIA Y UNIVERSIDADES;877949;—;Subvención;28/09/2026;2100;https://www.bocm.es/bocm-20240520-20
Concesiones;Orden de Convocatoria Becas Excel. Acad. 25-26. MATRIC. Univ.;CONSEJERÍA DE EDUCACIÓN, CIENCIA Y UNIVERSIDADES;877949;—;Subvención;28/09/2026;2100;https://www.bocm.es/bocm-20240520-20
Concesiones;Orden de Convocatoria Becas Excel. Acad. 25-26. MATRIC. Univ.;CONSEJERÍA DE EDUCACIÓN, CIENCIA Y UNIVERSIDADES;877949;—;Subvención;28/09/2026;2100;https://www.bocm.es/bocm-20240520-20
Concesiones;Orden de Convocatoria Becas Excel. Acad. 25-26. MATRIC. Univ.;CONSEJERÍA DE EDUCACIÓN, CIENCIA Y UNIVERSIDADES;877949;—;Subvención;28/09/2026;2100;https://www.bocm.es/bocm-20240520-20
Concesiones;Orden de Convocatoria Becas Excel. Acad. 25-26. MATRIC. Univ.;CONSEJERÍA DE EDUCACIÓN, CIENCIA Y UNIVERSIDADES;877949;—;Subvención;28/09/2026;2100;https://www.bocm.es/bocm-20240520-20
Concesiones;Orden de Convocatoria Becas Excel. Acad. 25-26. MATRIC. Univ.;CONSEJERÍA DE EDUCACIÓN, CIENCIA Y UNIVERSIDADES;877949;—;Subvención;28/09/2026;2100;https://www.bocm.es/bocm-20240520-20
Concesiones;Orden de Convocatoria Becas Excel. Acad. 25-26. MATRIC. Univ.;CONSEJERÍA DE EDUCACIÓN, CIENCIA Y UNIVERSIDADES;877949;—;Subvención;28/09/2026;2100;https://www.bocm.es/bocm-20240520-20
Concesiones;Orden de Convocatoria Becas Excel. Acad. 25-26. MATRIC. Univ.;CONSEJERÍA DE EDUCACIÓN, CIENCIA Y UNIVERSIDADES;877949;—;Subvención;28/09/2026;2100;https://www.bocm.es/bocm-20240520-20
Concesiones;Orden de Convocatoria Becas Excel. Acad. 25-26. MATRIC. Univ.;CONSEJERÍA DE EDUCACIÓN, CIENCIA Y UNIVERSIDADES;877949;—;Subvención;28/09/2026;2100;https://www.bocm.es/bocm-20240520-20
Concesiones;Orden de Convocatoria Becas Excel. Acad. 25-26. MATRIC. Univ.;CONSEJERÍA DE EDUCACIÓN, CIENCIA Y UNIVERSIDADES;877949;—;Subvención;28/09/2026;2100;https://www.bocm.es/bocm-20240520-20
Concesiones;Orden de Convocatoria Becas Excel. Acad. 25-26. MATRIC. Univ.;CONSEJERÍA DE EDUCACIÓN, CIENCIA Y UNIVERSIDADES;877949;—;Subvención;28/09/2026;2100;https://www.bocm.es/bocm-20240520-20
Concesiones;Orden de Convocatoria Becas Excel. Acad. 25-26. MATRIC. Univ.;CONSEJERÍA DE EDUCACIÓN, CIENCIA Y UNIVERSIDADES;877949;—;Subvención;28/09/2026;2100;https://www.bocm.es/bocm-20240520-20
Concesiones;Orden de Convocatoria Becas Excel. Acad. 25-26. MATRIC. Univ.;CONSEJERÍA DE EDUCACIÓN, CIENCIA Y UNIVERSIDADES;877949;—;Subvención;28/09/2026;2100;https://www.bocm.es/bocm-20240520-20
Concesiones;Orden de Convocatoria Becas Excel. Acad. 25-26. MATRIC. Univ.;CONSEJERÍA DE EDUCACIÓN, CIENCIA Y UNIVERSIDADES;877949;—;Subvención;28/09/2026;2100;https://www.bocm.es/bocm-20240520-20
Concesiones;Orden de Convocatoria Becas Excel. Acad. 25-26. MATRIC. Univ.;CONSEJERÍA DE EDUCACIÓN, CIENCIA Y UNIVERSIDADES;877949;—;Subvención;28/09/2026;2100;https://www.bocm.es/bocm-20240520-20
Concesiones;Orden de Convocatoria Becas Excel. Acad. 25-26. MATRIC. Univ.;CONSEJERÍA DE EDUCACIÓN, CIENCIA Y UNIVERSIDADES;877949;—;Subvención;28/09/2026;2100;https://www.bocm.es/bocm-20240520-20
Concesiones;Orden de Convocatoria Becas Excel. Acad. 25-26. MATRIC. Univ.;CONSEJERÍA DE EDUCACIÓN, CIENCIA Y UNIVERSIDADES;877949;—;Subvención;28/09/2026;2100;https://www.bocm.es/bocm-20240520-20
Concesiones;Orden de Convocatoria Becas Excel. Acad. 25-26. MATRIC. Univ.;CONSEJERÍA DE EDUCACIÓN, CIENCIA Y UNIVERSIDADES;877949;—;Subvención;28/09/2026;2100;https://www.bocm.es/bocm-20240520-20
Concesiones;Orden de Convocatoria Becas Excel. Acad. 25-26. MATRIC. Univ.;CONSEJERÍA DE EDUCACIÓN, CIENCIA Y UNIVERSIDADES;877949;—;Subvención;28/09/2026;2100;https://www.bocm.es/bocm-20240520-20
Concesiones;Orden de Convocatoria Becas Excel. Acad. 25-26. MATRIC. Univ.;CONSEJERÍA DE EDUCACIÓN, CIENCIA Y UNIVERSIDADES;877949;—;Subvención;28/09/2026;2100;https://www.bocm.es/bocm-20240520-20
Concesiones;Orden de Convocatoria Becas Excel. Acad. 25-26. MATRIC. Univ.;CONSEJERÍA DE EDUCACIÓN, CIENCIA Y UNIVERSIDADES;877949;—;Subvención;28/09/2026;2100;https://www.bocm.es/bocm-20240520-20
Concesiones;Orden de Convocatoria Becas Excel. Acad. 25-26. MATRIC. Univ.;CONSEJERÍA DE EDUCACIÓN, CIENCIA Y UNIVERSIDADES;877949;—;Subvención;28/09/2026;2100;https://www.bocm.es/bocm-20240520-20
Concesiones;Orden de Convocatoria Becas Excel. Acad. 25-26. MATRIC. Univ.;CONSEJERÍA DE EDUCACIÓN, CIENCIA Y UNIVERSIDADES;877949;—;Subvención;28/09/2026;2100;https://www.bocm.es/bocm-20240520-20
Concesiones;Orden de Convocatoria Becas Excel. Acad. 25-26. MATRIC. Univ.;CONSEJERÍA DE EDUCACIÓN, CIENCIA Y UNIVERSIDADES;877949;—;Subvención;28/09/2026;2100;https://www.bocm.es/bocm-20240520-20
Concesiones;Orden de Convocatoria Becas Excel. Acad. 25-26. MATRIC. Univ.;CONSEJERÍA DE EDUCACIÓN, CIENCIA Y UNIVERSIDADES;877949;—;Subvención;28/09/2026;2100;https://www.bocm.es/bocm-20240520-20
Concesiones;Orden de Convocatoria Becas Excel. Acad. 25-26. MATRIC. Univ.;CONSEJERÍA DE EDUCACIÓN, CIENCIA Y UNIVERSIDADES;877949;—;Subvención;28/09/2026;2100;https://www.bocm.es/bocm-20240520-20
Concesiones;Orden de Convocatoria Becas Excel. Acad. 25-26. MATRIC. Univ.;CONSEJERÍA DE EDUCACIÓN, CIENCIA Y UNIVERSIDADES;877949;—;Subvención;28/09/2026;2100;https://www.bocm.es/bocm-20240520-20
Concesiones;Orden de Convocatoria Becas Excel. Acad. 25-26. MATRIC. Univ.;CONSEJERÍA DE EDUCACIÓN, CIENCIA Y UNIVERSIDADES;877949;—;Subvención;28/09/2026;2100;https://www.bocm.es/bocm-20240520-20
Concesiones;Orden de Convocatoria Becas Excel. Acad. 25-26. MATRIC. Univ.;CONSEJERÍA DE EDUCACIÓN, CIENCIA Y UNIVERSIDADES;877949;—;Subvención;28/09/2026;2100;https://www.bocm.es/bocm-20240520-20
Concesiones;Orden de Convocatoria Becas Excel. Acad. 25-26. MATRIC. Univ.;CONSEJERÍA DE EDUCACIÓN, CIENCIA Y UNIVERSIDADES;877949;—;Subvención;28/09/2026;2100;https://www.bocm.es/bocm-20240520-20
Concesiones;Orden de Convocatoria Becas Excel. Acad. 25-26. MATRIC. Univ.;CONSEJERÍA DE EDUCACIÓN, CIENCIA Y UNIVERSIDADES;877949;—;Subvención;28/09/2026;2100;https://www.bocm.es/bocm-20240520-20
Concesiones;Orden de Convocatoria Becas Excel. Acad. 25-26. MATRIC. Univ.;CONSEJERÍA DE EDUCACIÓN, CIENCIA Y UNIVERSIDADES;877949;—;Subvención;28/09/2026;2100;https://www.bocm.es/bocm-20240520-20
Concesiones;Orden de Convocatoria Becas Excel. Acad. 25-26. MATRIC. Univ.;CONSEJERÍA DE EDUCACIÓN, CIENCIA Y UNIVERSIDADES;877949;—;Subvención;28/09/2026;2100;https://www.bocm.es/bocm-20240520-20
Concesiones;Orden de Convocatoria Becas Excel. Acad. 25-26. MATRIC. Univ.;CONSEJERÍA DE EDUCACIÓN, CIENCIA Y UNIVERSIDADES;877949;—;Subvención;28/09/2026;2100;https://www.bocm.es/bocm-20240520-20
Concesiones;Orden de Convocatoria Becas Excel. Acad. 25-26. MATRIC. Univ.;CONSEJERÍA DE EDUCACIÓN, CIENCIA Y UNIVERSIDADES;877949;—;Subvención;28/09/2026;2100;https://www.bocm.es/bocm-20240520-20
Concesiones;Orden de Convocatoria Becas Excel. Acad. 25-26. MATRIC. Univ.;CONSEJERÍA DE EDUCACIÓN, CIENCIA Y UNIVERSIDADES;877949;—;Subvención;28/09/2026;2100;https://www.bocm.es/bocm-20240520-20
Concesiones;Orden de Convocatoria Becas Excel. Acad. 25-26. MATRIC. Univ.;CONSEJERÍA DE EDUCACIÓN, CIENCIA Y UNIVERSIDADES;877949;—;Subvención;28/09/2026;2100;https://www.bocm.es/bocm-20240520-20
Concesiones;Orden de Convocatoria Becas Excel. Acad. 25-26. MATRIC. Univ.;CONSEJERÍA DE EDUCACIÓN, CIENCIA Y UNIVERSIDADES;877949;—;Subvención;28/09/2026;2100;https://www.bocm.es/bocm-20240520-20
Concesiones;Orden de Convocatoria Becas Excel. Acad. 25-26. MATRIC. Univ.;CONSEJERÍA DE EDUCACIÓN, CIENCIA Y UNIVERSIDADES;877949;—;Subvención;28/09/2026;2100;https://www.bocm.es/bocm-20240520-20
Concesiones;Orden de Convocatoria Becas Excel. Acad. 25-26. MATRIC. Univ.;CONSEJERÍA DE EDUCACIÓN, CIENCIA Y UNIVERSIDADES;877949;—;Subvención;28/09/2026;2100;https://www.bocm.es/bocm-20240520-20
Concesiones;Orden de Convocatoria Becas Excel. Acad. 25-26. MATRIC. Univ.;CONSEJERÍA DE EDUCACIÓN, CIENCIA Y UNIVERSIDADES;877949;—;Subvención;28/09/2026;2100;https://www.bocm.es/bocm-20240520-20
Concesiones;Orden de Convocatoria Becas Excel. Acad. 25-26. MATRIC. Univ.;CONSEJERÍA DE EDUCACIÓN, CIENCIA Y UNIVERSIDADES;877949;—;Subvención;28/09/2026;2100;https://www.bocm.es/bocm-20240520-20
Concesiones;Orden de Convocatoria Becas Excel. Acad. 25-26. MATRIC. Univ.;CONSEJERÍA DE EDUCACIÓN, CIENCIA Y UNIVERSIDADES;877949;—;Subvención;28/09/2026;2100;https://www.bocm.es/bocm-20240520-20
Concesiones;Orden de Convocatoria Becas Excel. Acad. 25-26. MATRIC. Univ.;CONSEJERÍA DE EDUCACIÓN, CIENCIA Y UNIVERSIDADES;877949;—;Subvención;28/09/2026;2100;https://www.bocm.es/bocm-20240520-20
Concesiones;Orden de Convocatoria Becas Excel. Acad. 25-26. MATRIC. Univ.;CONSEJERÍA DE EDUCACIÓN, CIENCIA Y UNIVERSIDADES;877949;—;Subvención;28/09/2026;2100;https://www.bocm.es/bocm-20240520-20
Concesiones;Orden de Convocatoria Becas Excel. Acad. 25-26. MATRIC. Univ.;CONSEJERÍA DE EDUCACIÓN, CIENCIA Y UNIVERSIDADES;877949;—;Subvención;28/09/2026;2100;https://www.bocm.es/bocm-20240520-20
Concesiones;Orden de Convocatoria Becas Excel. Acad. 25-26. MATRIC. Univ.;CONSEJERÍA DE EDUCACIÓN, CIENCIA Y UNIVERSIDADES;877949;—;Subvención;28/09/2026;2100;https://www.bocm.es/bocm-20240520-20
Concesiones;Orden de Convocatoria Becas Excel. Acad. 25-26. MATRIC. Univ.;CONSEJERÍA DE EDUCACIÓN, CIENCIA Y UNIVERSIDADES;877949;—;Subvención;28/09/2026;2100;https://www.bocm.es/bocm-20240520-20
Concesiones;Orden de Convocatoria Becas Excel. Acad. 25-26. MATRIC. Univ.;CONSEJERÍA DE EDUCACIÓN, CIENCIA Y UNIVERSIDADES;877949;—;Subvención;28/09/2026;2100;https://www.bocm.es/bocm-20240520-20
Concesiones;Orden de Convocatoria Becas Excel. Acad. 25-26. MATRIC. Univ.;CONSEJERÍA DE EDUCACIÓN, CIENCIA Y UNIVERSIDADES;877949;—;Subvención;28/09/2026;2100;https://www.bocm.es/bocm-20240520-20
Concesiones;Orden de Convocatoria Becas Excel. Acad. 25-26. MATRIC. Univ.;CONSEJERÍA DE EDUCACIÓN, CIENCIA Y UNIVERSIDADES;877949;—;Subvención;28/09/2026;2100;https://www.bocm.es/bocm-20240520-20
Concesiones;Orden de Convocatoria de Becas de Excel. Acad. 25-26. INICIO. Univ.;CONSEJERÍA DE EDUCACIÓN, CIENCIA Y UNIVERSIDADES;877943;—;Subvención;28/09/2026;2100;https://www.bocm.es/bocm-20240520-20
Concesiones;Orden de Convocatoria de Becas de Excel. Acad. 25-26. INICIO. Univ.;CONSEJERÍA DE EDUCACIÓN, CIENCIA Y UNIVERSIDADES;877943;—;Subvención;28/09/2026;2100;https://www.bocm.es/bocm-20240520-20
Concesiones;Orden de Convocatoria de Becas de Excel. Acad. 25-26. INICIO. Univ.;CONSEJERÍA DE EDUCACIÓN, CIENCIA Y UNIVERSIDADES;877943;—;Subvención;28/09/2026;2100;https://www.bocm.es/bocm-20240520-20
Concesiones;Orden de Convocatoria de Becas de Excel. Acad. 25-26. INICIO. Univ.;CONSEJERÍA DE EDUCACIÓN, CIENCIA Y UNIVERSIDADES;877943;—;Subvención;28/09/2026;2100;https://www.bocm.es/bocm-20240520-20
Concesiones;Orden de Convocatoria de Becas de Excel. Acad. 25-26. INICIO. Univ.;CONSEJERÍA DE EDUCACIÓN, CIENCIA Y UNIVERSIDADES;877943;—;Subvención;28/09/2026;2100;https://www.bocm.es/bocm-20240520-20
Concesiones;Orden de Convocatoria de Becas de Excel. Acad. 25-26. INICIO. Univ.;CONSEJERÍA DE EDUCACIÓN, CIENCIA Y UNIVERSIDADES;877943;—;Subvención;28/09/2026;2100;https://www.bocm.es/bocm-20240520-20
Concesiones;Orden de Convocatoria de Becas de Excel. Acad. 25-26. INICIO. Univ.;CONSEJERÍA DE EDUCACIÓN, CIENCIA Y UNIVERSIDADES;877943;—;Subvención;28/09/2026;2100;https://www.bocm.es/bocm-20240520-20
Concesiones;Orden de Convocatoria de Becas de Excel. Acad. 25-26. INICIO. Univ.;CONSEJERÍA DE EDUCACIÓN, CIENCIA Y UNIVERSIDADES;877943;—;Subvención;28/09/2026;2100;https://www.bocm.es/bocm-20240520-20
Concesiones;Orden de Convocatoria de Becas de Excel. Acad. 25-26. INICIO. Univ.;CONSEJERÍA DE EDUCACIÓN, CIENCIA Y UNIVERSIDADES;877943;—;Subvención;28/09/2026;2100;https://www.bocm.es/bocm-20240520-20
Concesiones;Orden de Convocatoria de Becas de Excel. Acad. 25-26. INICIO. Univ.;CONSEJERÍA DE EDUCACIÓN, CIENCIA Y UNIVERSIDADES;877943;—;Subvención;28/09/2026;2100;https://www.bocm.es/bocm-20240520-20
Concesiones;Orden de Convocatoria de Becas de Excel. Acad. 25-26. INICIO. Univ.;CONSEJERÍA DE EDUCACIÓN, CIENCIA Y UNIVERSIDADES;877943;—;Subvención;28/09/2026;2100;https://www.bocm.es/bocm-20240520-20
Concesiones;Orden de Convocatoria de Becas de Excel. Acad. 25-26. INICIO. Univ.;CONSEJERÍA DE EDUCACIÓN, CIENCIA Y UNIVERSIDADES;877943;—;Subvención;28/09/2026;2100;https://www.bocm.es/bocm-20240520-20
Concesiones;Orden de Convocatoria de Becas de Excel. Acad. 25-26. INICIO. Univ.;CONSEJERÍA DE EDUCACIÓN, CIENCIA Y UNIVERSIDADES;877943;—;Subvención;28/09/2026;2100;https://www.bocm.es/bocm-20240520-20
Concesiones;Orden de Convocatoria de Becas de Excel. Acad. 25-26. INICIO. Univ.;CONSEJERÍA DE EDUCACIÓN, CIENCIA Y UNIVERSIDADES;877943;—;Subvención;28/09/2026;2100;https://www.bocm.es/bocm-20240520-20
Concesiones;Orden de Convocatoria de Becas de Excel. Acad. 25-26. INICIO. Univ.;CONSEJERÍA DE EDUCACIÓN, CIENCIA Y UNIVERSIDADES;877943;—;Subvención;28/09/2026;2100;https://www.bocm.es/bocm-20240520-20
Concesiones;Orden de Convocatoria de Becas de Excel. Acad. 25-26. INICIO. Univ.;CONSEJERÍA DE EDUCACIÓN, CIENCIA Y UNIVERSIDADES;877943;—;Subvención;28/09/2026;2100;https://www.bocm.es/bocm-20240520-20
Concesiones;Orden de Convocatoria de Becas de Excel. Acad. 25-26. INICIO. Univ.;CONSEJERÍA DE EDUCACIÓN, CIENCIA Y UNIVERSIDADES;877943;—;Subvención;28/09/2026;2100;https://www.bocm.es/bocm-20240520-20
Concesiones;Orden de Convocatoria de Becas de Excel. Acad. 25-26. INICIO. Univ.;CONSEJERÍA DE EDUCACIÓN, CIENCIA Y UNIVERSIDADES;877943;—;Subvención;28/09/2026;2100;https://www.bocm.es/bocm-20240520-20
Concesiones;Orden de Convocatoria de Becas de Excel. Acad. 25-26. INICIO. Univ.;CONSEJERÍA DE EDUCACIÓN, CIENCIA Y UNIVERSIDADES;877943;—;Subvención;28/09/2026;2100;https://www.bocm.es/bocm-20240520-20
Concesiones;Orden de Convocatoria de Becas de Excel. Acad. 25-26. INICIO. Univ.;CONSEJERÍA DE EDUCACIÓN, CIENCIA Y UNIVERSIDADES;877943;—;Subvención;28/09/2026;2100;https://www.bocm.es/bocm-20240520-20
Concesiones;Orden de Convocatoria de Becas de Excel. Acad. 25-26. INICIO. Univ.;CONSEJERÍA DE EDUCACIÓN, CIENCIA Y UNIVERSIDADES;877943;—;Subvención;28/09/2026;2100;https://www.bocm.es/bocm-20240520-20
Concesiones;Orden de Convocatoria de Becas de Excel. Acad. 25-26. INICIO. Univ.;CONSEJERÍA DE EDUCACIÓN, CIENCIA Y UNIVERSIDADES;877943;—;Subvención;28/09/2026;2100;https://www.bocm.es/bocm-20240520-20
Concesiones;Orden de Convocatoria de Becas de Excel. Acad. 25-26. INICIO. Univ.;CONSEJERÍA DE EDUCACIÓN, CIENCIA Y UNIVERSIDADES;877943;—;Subvención;28/09/2026;2100;https://www.bocm.es/bocm-20240520-20
Concesiones;Orden de Convocatoria de Becas de Excel. Acad. 25-26. INICIO. Univ.;CONSEJERÍA DE EDUCACIÓN, CIENCIA Y UNIVERSIDADES;877943;—;Subvención;28/09/2026;2100;https://www.bocm.es/bocm-20240520-20
Concesiones;Orden de Convocatoria de Becas de Excel. Acad. 25-26. INICIO. Univ.;CONSEJERÍA DE EDUCACIÓN, CIENCIA Y UNIVERSIDADES;877943;—;Subvención;28/09/2026;2100;https://www.bocm.es/bocm-20240520-20
Concesiones;Orden de Convocatoria de Becas de Excel. Acad. 25-26. INICIO. Univ.;CONSEJERÍA DE EDUCACIÓN, CIENCIA Y UNIVERSIDADES;877943;—;Subvención;28/09/2026;2100;https://www.bocm.es/bocm-20240520-20
Concesiones;Orden de Convocatoria de Becas de Excel. Acad. 25-26. INICIO. Univ.;CONSEJERÍA DE EDUCACIÓN, CIENCIA Y UNIVERSIDADES;877943;—;Subvención;28/09/2026;2100;https://www.bocm.es/bocm-20240520-20
Concesiones;Orden de Convocatoria de Becas de Excel. Acad. 25-26. INICIO. Univ.;CONSEJERÍA DE EDUCACIÓN, CIENCIA Y UNIVERSIDADES;877943;—;Subvención;28/09/2026;2100;https://www.bocm.es/bocm-20240520-20
Concesiones;Orden de Convocatoria de Becas de Excel. Acad. 25-26. INICIO. Univ.;CONSEJERÍA DE EDUCACIÓN, CIENCIA Y UNIVERSIDADES;877943;—;Subvención;28/09/2026;2100;https://www.bocm.es/bocm-20240520-20
Concesiones;Orden de Convocatoria de Becas de Excel. Acad. 25-26. INICIO. Univ.;CONSEJERÍA DE EDUCACIÓN, CIENCIA Y UNIVERSIDADES;877943;—;Subvención;28/09/2026;2100;https://www.bocm.es/bocm-20240520-20
Concesiones;Orden de Convocatoria de Becas de Excel. Acad. 25-26. INICIO. Univ.;CONSEJERÍA DE EDUCACIÓN, CIENCIA Y UNIVERSIDADES;877943;—;Subvención;28/09/2026;2100;https://www.bocm.es/bocm-20240520-20
Concesiones;Orden de Convocatoria de Becas de Excel. Acad. 25-26. INICIO. Univ.;CONSEJERÍA DE EDUCACIÓN, CIENCIA Y UNIVERSIDADES;877943;—;Subvención;28/09/2026;2100;https://www.bocm.es/bocm-20240520-20
Concesiones;Orden de Convocatoria de Becas de Excel. Acad. 25-26. INICIO. Univ.;CONSEJERÍA DE EDUCACIÓN, CIENCIA Y UNIVERSIDADES;877943;—;Subvención;28/09/2026;2100;https://www.bocm.es/bocm-20240520-20
Concesiones;Orden de Convocatoria de Becas de Excel. Acad. 25-26. INICIO. Univ.;CONSEJERÍA DE EDUCACIÓN, CIENCIA Y UNIVERSIDADES;877943;—;Subvención;28/09/2026;2100;https://www.bocm.es/bocm-20240520-20
Concesiones;Orden de Convocatoria de Becas de Excel. Acad. 25-26. INICIO. Univ.;CONSEJERÍA DE EDUCACIÓN, CIENCIA Y UNIVERSIDADES;877943;—;Subvención;28/09/2026;2100;https://www.bocm.es/bocm-20240520-20
Concesiones;Orden de Convocatoria de Becas de Excel. Acad. 25-26. INICIO. Univ.;CONSEJERÍA DE EDUCACIÓN, CIENCIA Y UNIVERSIDADES;877943;—;Subvención;28/09/2026;2100;https://www.bocm.es/bocm-20240520-20
Concesiones;Orden de Convocatoria de Becas de Excel. Acad. 25-26. INICIO. Univ.;CONSEJERÍA DE EDUCACIÓN, CIENCIA Y UNIVERSIDADES;877943;—;Subvención;28/09/2026;2100;https://www.bocm.es/bocm-20240520-20
Concesiones;Orden de Convocatoria de Becas de Excel. Acad. 25-26. INICIO. Univ.;CONSEJERÍA DE EDUCACIÓN, CIENCIA Y UNIVERSIDADES;877943;—;Subvención;28/09/2026;2100;https://www.bocm.es/bocm-20240520-20
Concesiones;Orden de Convocatoria de Becas de Excel. Acad. 25-26. INICIO. Univ.;CONSEJERÍA DE EDUCACIÓN, CIENCIA Y UNIVERSIDADES;877943;—;Subvención;28/09/2026;2100;https://www.bocm.es/bocm-20240520-20
Concesiones;Orden de Convocatoria de Becas de Excel. Acad. 25-26. INICIO. Univ.;CONSEJERÍA DE EDUCACIÓN, CIENCIA Y UNIVERSIDADES;877943;—;Subvención;28/09/2026;2100;https://www.bocm.es/bocm-20240520-20
Concesiones;Orden de Convocatoria de Becas de Excel. Acad. 25-26. INICIO. Univ.;CONSEJERÍA DE EDUCACIÓN, CIENCIA Y UNIVERSIDADES;877943;—;Subvención;28/09/2026;2100;https://www.bocm.es/bocm-20240520-20
Concesiones;Orden de Convocatoria de Becas de Excel. Acad. 25-26. INICIO. Univ.;CONSEJERÍA DE EDUCACIÓN, CIENCIA Y UNIVERSIDADES;877943;—;Subvención;28/09/2026;2100;https://www.bocm.es/bocm-20240520-20
Concesiones;Orden de Convocatoria de Becas de Excel. Acad. 25-26. INICIO. Univ.;CONSEJERÍA DE EDUCACIÓN, CIENCIA Y UNIVERSIDADES;877943;—;Subvención;28/09/2026;2100;https://www.bocm.es/bocm-20240520-20
Concesiones;Orden de Convocatoria de Becas de Excel. Acad. 25-26. INICIO. Univ.;CONSEJERÍA DE EDUCACIÓN, CIENCIA Y UNIVERSIDADES;877943;—;Subvención;28/09/2026;2100;https://www.bocm.es/bocm-20240520-20
Concesiones;Orden de Convocatoria de Becas de Excel. Acad. 25-26. INICIO. Univ.;CONSEJERÍA DE EDUCACIÓN, CIENCIA Y UNIVERSIDADES;877943;—;Subvención;28/09/2026;2100;https://www.bocm.es/bocm-20240520-20
Concesiones;Orden de Convocatoria de Becas de Excel. Acad. 25-26. INICIO. Univ.;CONSEJERÍA DE EDUCACIÓN, CIENCIA Y UNIVERSIDADES;877943;—;Subvención;28/09/2026;2100;https://www.bocm.es/bocm-20240520-20
Concesiones;Orden de Convocatoria de Becas de Excel. Acad. 25-26. INICIO. Univ.;CONSEJERÍA DE EDUCACIÓN, CIENCIA Y UNIVERSIDADES;877943;—;Subvención;28/09/2026;2100;https://www.bocm.es/bocm-20240520-20
Concesiones;Orden de Convocatoria de Becas de Excel. Acad. 25-26. INICIO. Univ.;CONSEJERÍA DE EDUCACIÓN, CIENCIA Y UNIVERSIDADES;877943;—;Subvención;28/09/2026;2100;https://www.bocm.es/bocm-20240520-20
Concesiones;Orden de Convocatoria de Becas de Excel. Acad. 25-26. INICIO. Univ.;CONSEJERÍA DE EDUCACIÓN, CIENCIA Y UNIVERSIDADES;877943;—;Subvención;28/09/2026;2100;https://www.bocm.es/bocm-20240520-20
Concesiones;Orden de Convocatoria de Becas de Excel. Acad. 25-26. INICIO. Univ.;CONSEJERÍA DE EDUCACIÓN, CIENCIA Y UNIVERSIDADES;877943;—;Subvención;28/09/2026;2100;https://www.bocm.es/bocm-20240520-20
Concesiones;Orden de Convocatoria de Becas de Excel. Acad. 25-26. INICIO. Univ.;CONSEJERÍA DE EDUCACIÓN, CIENCIA Y UNIVERSIDADES;877943;—;Subvención;28/09/2026;2100;https://www.bocm.es/bocm-20240520-20
Concesiones;Orden de Convocatoria de Becas de Excel. Acad. 25-26. INICIO. Univ.;CONSEJERÍA DE EDUCACIÓN, CIENCIA Y UNIVERSIDADES;877943;—;Subvención;28/09/2026;2100;https://www.bocm.es/bocm-20240520-20
Concesiones;Orden de Convocatoria de Becas de Excel. Acad. 25-26. INICIO. Univ.;CONSEJERÍA DE EDUCACIÓN, CIENCIA Y UNIVERSIDADES;877943;—;Subvención;28/09/2026;2100;https://www.bocm.es/bocm-20240520-20
Concesiones;Orden de Convocatoria de Becas de Excel. Acad. 25-26. INICIO. Univ.;CONSEJERÍA DE EDUCACIÓN, CIENCIA Y UNIVERSIDADES;877943;—;Subvención;28/09/2026;2100;https://www.bocm.es/bocm-20240520-20
Concesiones;Orden de Convocatoria de Becas de Excel. Acad. 25-26. INICIO. Univ.;CONSEJERÍA DE EDUCACIÓN, CIENCIA Y UNIVERSIDADES;877943;—;Subvención;28/09/2026;2100;https://www.bocm.es/bocm-20240520-20
Concesiones;Orden de Convocatoria de Becas de Excel. Acad. 25-26. INICIO. Univ.;CONSEJERÍA DE EDUCACIÓN, CIENCIA Y UNIVERSIDADES;877943;—;Subvención;28/09/2026;2100;https://www.bocm.es/bocm-20240520-20
Concesiones;Orden de Convocatoria de Becas de Excel. Acad. 25-26. INICIO. Univ.;CONSEJERÍA DE EDUCACIÓN, CIENCIA Y UNIVERSIDADES;877943;—;Subvención;28/09/2026;2100;https://www.bocm.es/bocm-20240520-20
Concesiones;Orden de Convocatoria de Becas de Excel. Acad. 25-26. INICIO. Univ.;CONSEJERÍA DE EDUCACIÓN, CIENCIA Y UNIVERSIDADES;877943;—;Subvención;28/09/2026;2100;https://www.bocm.es/bocm-20240520-20
Concesiones;Orden de Convocatoria de Becas de Excel. Acad. 25-26. INICIO. Univ.;CONSEJERÍA DE EDUCACIÓN, CIENCIA Y UNIVERSIDADES;877943;—;Subvención;28/09/2026;2100;https://www.bocm.es/bocm-20240520-20
Concesiones;Orden de Convocatoria de Becas de Excel. Acad. 25-26. INICIO. Univ.;CONSEJERÍA DE EDUCACIÓN, CIENCIA Y UNIVERSIDADES;877943;—;Subvención;28/09/2026;2100;https://www.bocm.es/bocm-20240520-20
Concesiones;Orden de Convocatoria de Becas de Excel. Acad. 25-26. INICIO. Univ.;CONSEJERÍA DE EDUCACIÓN, CIENCIA Y UNIVERSIDADES;877943;—;Subvención;28/09/2026;2100;https://www.bocm.es/bocm-20240520-20
Concesiones;Orden de Convocatoria de Becas de Excel. Acad. 25-26. INICIO. Univ.;CONSEJERÍA DE EDUCACIÓN, CIENCIA Y UNIVERSIDADES;877943;—;Subvención;28/09/2026;2100;https://www.bocm.es/bocm-20240520-20
Concesiones;Orden de Convocatoria de Becas de Excel. Acad. 25-26. INICIO. Univ.;CONSEJERÍA DE EDUCACIÓN, CIENCIA Y UNIVERSIDADES;877943;—;Subvención;28/09/2026;2100;https://www.bocm.es/bocm-20240520-20
Concesiones;Orden de Convocatoria de Becas de Excel. Acad. 25-26. INICIO. Univ.;CONSEJERÍA DE EDUCACIÓN, CIENCIA Y UNIVERSIDADES;877943;—;Subvención;28/09/2026;2100;https://www.bocm.es/bocm-20240520-20
Concesiones;Orden de Convocatoria de Becas de Excel. Acad. 25-26. INICIO. Univ.;CONSEJERÍA DE EDUCACIÓN, CIENCIA Y UNIVERSIDADES;877943;—;Subvención;28/09/2026;2100;https://www.bocm.es/bocm-20240520-20
Concesiones;Orden de Convocatoria de Becas de Excel. Acad. 25-26. INICIO. Univ.;CONSEJERÍA DE EDUCACIÓN, CIENCIA Y UNIVERSIDADES;877943;—;Subvención;28/09/2026;2100;https://www.bocm.es/bocm-20240520-20
Concesiones;Orden de Convocatoria de Becas de Excel. Acad. 25-26. INICIO. Univ.;CONSEJERÍA DE EDUCACIÓN, CIENCIA Y UNIVERSIDADES;877943;—;Subvención;28/09/2026;2100;https://www.bocm.es/bocm-20240520-20
Concesiones;Orden de Convocatoria de Becas de Excel. Acad. 25-26. INICIO. Univ.;CONSEJERÍA DE EDUCACIÓN, CIENCIA Y UNIVERSIDADES;877943;—;Subvención;28/09/2026;2100;https://www.bocm.es/bocm-20240520-20
Concesiones;Orden de Convocatoria de Becas de Excel. Acad. 25-26. INICIO. Univ.;CONSEJERÍA DE EDUCACIÓN, CIENCIA Y UNIVERSIDADES;877943;—;Subvención;28/09/2026;2100;https://www.bocm.es/bocm-20240520-20
Concesiones;Orden de Convocatoria de Becas de Excel. Acad. 25-26. INICIO. Univ.;CONSEJERÍA DE EDUCACIÓN, CIENCIA Y UNIVERSIDADES;877943;—;Subvención;28/09/2026;2100;https://www.bocm.es/bocm-20240520-20
Concesiones;Orden de Convocatoria de Becas de Excel. Acad. 25-26. INICIO. Univ.;CONSEJERÍA DE EDUCACIÓN, CIENCIA Y UNIVERSIDADES;877943;—;Subvención;28/09/2026;2100;https://www.bocm.es/bocm-20240520-20
Concesiones;Orden de Convocatoria de Becas de Excel. Acad. 25-26. INICIO. Univ.;CONSEJERÍA DE EDUCACIÓN, CIENCIA Y UNIVERSIDADES;877943;—;Subvención;28/09/2026;2100;https://www.bocm.es/bocm-20240520-20
Concesiones;Orden de Convocatoria de Becas de Excel. Acad. 25-26. INICIO. Univ.;CONSEJERÍA DE EDUCACIÓN, CIENCIA Y UNIVERSIDADES;877943;—;Subvención;28/09/2026;2100;https://www.bocm.es/bocm-20240520-20
Concesiones;Orden de Convocatoria de Becas de Excel. Acad. 25-26. INICIO. Univ.;CONSEJERÍA DE EDUCACIÓN, CIENCIA Y UNIVERSIDADES;877943;—;Subvención;28/09/2026;2100;https://www.bocm.es/bocm-20240520-20
Concesiones;Orden de Convocatoria de Becas de Excel. Acad. 25-26. INICIO. Univ.;CONSEJERÍA DE EDUCACIÓN, CIENCIA Y UNIVERSIDADES;877943;—;Subvención;28/09/2026;2100;https://www.bocm.es/bocm-20240520-20
Concesiones;Orden de Convocatoria de Becas de Excel. Acad. 25-26. INICIO. Univ.;CONSEJERÍA DE EDUCACIÓN, CIENCIA Y UNIVERSIDADES;877943;—;Subvención;28/09/2026;2100;https://www.bocm.es/bocm-20240520-20
Concesiones;Orden de Convocatoria de Becas de Excel. Acad. 25-26. INICIO. Univ.;CONSEJERÍA DE EDUCACIÓN, CIENCIA Y UNIVERSIDADES;877943;—;Subvención;28/09/2026;2100;https://www.bocm.es/bocm-20240520-20
Concesiones;Orden de Convocatoria de Becas de Excel. Acad. 25-26. INICIO. Univ.;CONSEJERÍA DE EDUCACIÓN, CIENCIA Y UNIVERSIDADES;877943;—;Subvención;28/09/2026;2100;https://www.bocm.es/bocm-20240520-20
Concesiones;Orden de Convocatoria de Becas de Excel. Acad. 25-26. INICIO. Univ.;CONSEJERÍA DE EDUCACIÓN, CIENCIA Y UNIVERSIDADES;877943;—;Subvención;28/09/2026;2100;https://www.bocm.es/bocm-20240520-20
Concesiones;Orden de Convocatoria de Becas de Excel. Acad. 25-26. INICIO. Univ.;CONSEJERÍA DE EDUCACIÓN, CIENCIA Y UNIVERSIDADES;877943;—;Subvención;28/09/2026;2100;https://www.bocm.es/bocm-20240520-20
Concesiones;Orden de Convocatoria de Becas de Excel. Acad. 25-26. INICIO. Univ.;CONSEJERÍA DE EDUCACIÓN, CIENCIA Y UNIVERSIDADES;877943;—;Subvención;28/09/2026;2100;https://www.bocm.es/bocm-20240520-20
Concesiones;Orden de Convocatoria de Becas de Excel. Acad. 25-26. INICIO. Univ.;CONSEJERÍA DE EDUCACIÓN, CIENCIA Y UNIVERSIDADES;877943;—;Subvención;28/09/2026;2100;https://www.bocm.es/bocm-20240520-20
Concesiones;Orden de Convocatoria de Becas de Excel. Acad. 25-26. INICIO. Univ.;CONSEJERÍA DE EDUCACIÓN, CIENCIA Y UNIVERSIDADES;877943;—;Subvención;28/09/2026;2100;https://www.bocm.es/bocm-20240520-20
Concesiones;Orden de Convocatoria de Becas de Excel. Acad. 25-26. INICIO. Univ.;CONSEJERÍA DE EDUCACIÓN, CIENCIA Y UNIVERSIDADES;877943;—;Subvención;28/09/2026;2100;https://www.bocm.es/bocm-20240520-20
Concesiones;Orden de Convocatoria de Becas de Excel. Acad. 25-26. INICIO. Univ.;CONSEJERÍA DE EDUCACIÓN, CIENCIA Y UNIVERSIDADES;877943;—;Subvención;28/09/2026;2100;https://www.bocm.es/bocm-20240520-20
Concesiones;Orden de Convocatoria de Becas de Excel. Acad. 25-26. INICIO. Univ.;CONSEJERÍA DE EDUCACIÓN, CIENCIA Y UNIVERSIDADES;877943;—;Subvención;28/09/2026;2100;https://www.bocm.es/bocm-20240520-20
Concesiones;Orden de Convocatoria de Becas de Excel. Acad. 25-26. INICIO. Univ.;CONSEJERÍA DE EDUCACIÓN, CIENCIA Y UNIVERSIDADES;877943;—;Subvención;28/09/2026;2100;https://www.bocm.es/bocm-20240520-20
Concesiones;Orden de Convocatoria de Becas de Excel. Acad. 25-26. INICIO. Univ.;CONSEJERÍA DE EDUCACIÓN, CIENCIA Y UNIVERSIDADES;877943;—;Subvención;28/09/2026;2100;https://www.bocm.es/bocm-20240520-20
Concesiones;Orden de Convocatoria de Becas de Excel. Acad. 25-26. INICIO. Univ.;CONSEJERÍA DE EDUCACIÓN, CIENCIA Y UNIVERSIDADES;877943;—;Subvención;28/09/2026;2100;https://www.bocm.es/bocm-20240520-20
Concesiones;Orden de Convocatoria de Becas de Excel. Acad. 25-26. INICIO. Univ.;CONSEJERÍA DE EDUCACIÓN, CIENCIA Y UNIVERSIDADES;877943;—;Subvención;28/09/2026;2100;https://www.bocm.es/bocm-20240520-20
Concesiones;Orden de Convocatoria de Becas de Excel. Acad. 25-26. INICIO. Univ.;CONSEJERÍA DE EDUCACIÓN, CIENCIA Y UNIVERSIDADES;877943;—;Subvención;28/09/2026;2100;https://www.bocm.es/bocm-20240520-20
Concesiones;Orden de Convocatoria de Becas de Excel. Acad. 25-26. INICIO. Univ.;CONSEJERÍA DE EDUCACIÓN, CIENCIA Y UNIVERSIDADES;877943;—;Subvención;28/09/2026;2100;https://www.bocm.es/bocm-20240520-20
Concesiones;Orden de Convocatoria de Becas de Excel. Acad. 25-26. INICIO. Univ.;CONSEJERÍA DE EDUCACIÓN, CIENCIA Y UNIVERSIDADES;877943;—;Subvención;28/09/2026;2100;https://www.bocm.es/bocm-20240520-20
Concesiones;Orden de Convocatoria de Becas de Excel. Acad. 25-26. INICIO. Univ.;CONSEJERÍA DE EDUCACIÓN, CIENCIA Y UNIVERSIDADES;877943;—;Subvención;28/09/2026;2100;https://www.bocm.es/bocm-20240520-20
Concesiones;Orden de Convocatoria de Becas de Excel. Acad. 25-26. INICIO. Univ.;CONSEJERÍA DE EDUCACIÓN, CIENCIA Y UNIVERSIDADES;877943;—;Subvención;28/09/2026;2100;https://www.bocm.es/bocm-20240520-20
Concesiones;Orden de Convocatoria de Becas de Excel. Acad. 25-26. INICIO. Univ.;CONSEJERÍA DE EDUCACIÓN, CIENCIA Y UNIVERSIDADES;877943;—;Subvención;28/09/2026;2100;https://www.bocm.es/bocm-20240520-20
Concesiones;Orden de Convocatoria de Becas de Excel. Acad. 25-26. INICIO. Univ.;CONSEJERÍA DE EDUCACIÓN, CIENCIA Y UNIVERSIDADES;877943;—;Subvención;28/09/2026;2100;https://www.bocm.es/bocm-20240520-20
Concesiones;Orden de Convocatoria de Becas de Excel. Acad. 25-26. INICIO. Univ.;CONSEJERÍA DE EDUCACIÓN, CIENCIA Y UNIVERSIDADES;877943;—;Subvención;28/09/2026;2100;https://www.bocm.es/bocm-20240520-20
Concesiones;Orden de Convocatoria de Becas de Excel. Acad. 25-26. INICIO. Univ.;CONSEJERÍA DE EDUCACIÓN, CIENCIA Y UNIVERSIDADES;877943;—;Subvención;28/09/2026;2100;https://www.bocm.es/bocm-20240520-20
Concesiones;Orden de Convocatoria de Becas de Excel. Acad. 25-26. INICIO. Univ.;CONSEJERÍA DE EDUCACIÓN, CIENCIA Y UNIVERSIDADES;877943;—;Subvención;28/09/2026;2100;https://www.bocm.es/bocm-20240520-20
Concesiones;Orden de Convocatoria de Becas de Excel. Acad. 25-26. INICIO. Univ.;CONSEJERÍA DE EDUCACIÓN, CIENCIA Y UNIVERSIDADES;877943;—;Subvención;28/09/2026;2100;https://www.bocm.es/bocm-20240520-20
Concesiones;Orden de Convocatoria de Becas de Excel. Acad. 25-26. INICIO. Univ.;CONSEJERÍA DE EDUCACIÓN, CIENCIA Y UNIVERSIDADES;877943;—;Subvención;28/09/2026;2100;https://www.bocm.es/bocm-20240520-20
Concesiones;Orden de Convocatoria de Becas de Excel. Acad. 25-26. INICIO. Univ.;CONSEJERÍA DE EDUCACIÓN, CIENCIA Y UNIVERSIDADES;877943;—;Subvención;28/09/2026;2100;https://www.bocm.es/bocm-20240520-20
Concesiones;Orden de Convocatoria de Becas de Excel. Acad. 25-26. INICIO. Univ.;CONSEJERÍA DE EDUCACIÓN, CIENCIA Y UNIVERSIDADES;877943;—;Subvención;28/09/2026;2100;https://www.bocm.es/bocm-20240520-20
Concesiones;Orden de Convocatoria de Becas de Excel. Acad. 25-26. INICIO. Univ.;CONSEJERÍA DE EDUCACIÓN, CIENCIA Y UNIVERSIDADES;877943;—;Subvención;28/09/2026;2100;https://www.bocm.es/bocm-20240520-20
Concesiones;Orden de Convocatoria de Becas de Excel. Acad. 25-26. INICIO. Univ.;CONSEJERÍA DE EDUCACIÓN, CIENCIA Y UNIVERSIDADES;877943;—;Subvención;28/09/2026;2100;https://www.bocm.es/bocm-20240520-20
Concesiones;Orden de Convocatoria de Becas de Excel. Acad. 25-26. INICIO. Univ.;CONSEJERÍA DE EDUCACIÓN, CIENCIA Y UNIVERSIDADES;877943;—;Subvención;28/09/2026;2100;https://www.bocm.es/bocm-20240520-20
Concesiones;Orden de Convocatoria de Becas de Excel. Acad. 25-26. INICIO. Univ.;CONSEJERÍA DE EDUCACIÓN, CIENCIA Y UNIVERSIDADES;877943;—;Subvención;28/09/2026;2100;https://www.bocm.es/bocm-20240520-20
Concesiones;Orden de Convocatoria de Becas de Excel. Acad. 25-26. INICIO. Univ.;CONSEJERÍA DE EDUCACIÓN, CIENCIA Y UNIVERSIDADES;877943;—;Subvención;28/09/2026;2100;https://www.bocm.es/bocm-20240520-20
Concesiones;Orden de Convocatoria de Becas de Excel. Acad. 25-26. INICIO. Univ.;CONSEJERÍA DE EDUCACIÓN, CIENCIA Y UNIVERSIDADES;877943;—;Subvención;28/09/2026;2100;https://www.bocm.es/bocm-20240520-20
Concesiones;Orden de Convocatoria de Becas de Excel. Acad. 25-26. INICIO. Univ.;CONSEJERÍA DE EDUCACIÓN, CIENCIA Y UNIVERSIDADES;877943;—;Subvención;28/09/2026;2100;https://www.bocm.es/bocm-20240520-20
Concesiones;Orden de Convocatoria de Becas de Excel. Acad. 25-26. INICIO. Univ.;CONSEJERÍA DE EDUCACIÓN, CIENCIA Y UNIVERSIDADES;877943;—;Subvención;28/09/2026;2100;https://www.bocm.es/bocm-20240520-20
Concesiones;Orden de Convocatoria de Becas de Excel. Acad. 25-26. INICIO. Univ.;CONSEJERÍA DE EDUCACIÓN, CIENCIA Y UNIVERSIDADES;877943;—;Subvención;28/09/2026;2100;https://www.bocm.es/bocm-20240520-20
Concesiones;Orden de Convocatoria de Becas de Excel. Acad. 25-26. INICIO. Univ.;CONSEJERÍA DE EDUCACIÓN, CIENCIA Y UNIVERSIDADES;877943;—;Subvención;28/09/2026;2100;https://www.bocm.es/bocm-20240520-20
Concesiones;Orden de Convocatoria de Becas de Excel. Acad. 25-26. INICIO. Univ.;CONSEJERÍA DE EDUCACIÓN, CIENCIA Y UNIVERSIDADES;877943;—;Subvención;28/09/2026;2100;https://www.bocm.es/bocm-20240520-20
Concesiones;Orden de Convocatoria de Becas de Excel. Acad. 25-26. INICIO. Univ.;CONSEJERÍA DE EDUCACIÓN, CIENCIA Y UNIVERSIDADES;877943;—;Subvención;28/09/2026;2100;https://www.bocm.es/bocm-20240520-20
Concesiones;Orden de Convocatoria de Becas de Excel. Acad. 25-26. INICIO. Univ.;CONSEJERÍA DE EDUCACIÓN, CIENCIA Y UNIVERSIDADES;877943;—;Subvención;28/09/2026;2100;https://www.bocm.es/bocm-20240520-20
Concesiones;Orden de Convocatoria de Becas de Excel. Acad. 25-26. INICIO. Univ.;CONSEJERÍA DE EDUCACIÓN, CIENCIA Y UNIVERSIDADES;877943;—;Subvención;28/09/2026;2100;https://www.bocm.es/bocm-20240520-20
Concesiones;Orden de Convocatoria de Becas de Excel. Acad. 25-26. INICIO. Univ.;CONSEJERÍA DE EDUCACIÓN, CIENCIA Y UNIVERSIDADES;877943;—;Subvención;28/09/2026;2100;https://www.bocm.es/bocm-20240520-20
Concesiones;Orden de Convocatoria de Becas de Excel. Acad. 25-26. INICIO. Univ.;CONSEJERÍA DE EDUCACIÓN, CIENCIA Y UNIVERSIDADES;877943;—;Subvención;28/09/2026;2100;https://www.bocm.es/bocm-20240520-20
Concesiones;Orden de Convocatoria de Becas de Excel. Acad. 25-26. INICIO. Univ.;CONSEJERÍA DE EDUCACIÓN, CIENCIA Y UNIVERSIDADES;877943;—;Subvención;28/09/2026;2100;https://www.bocm.es/bocm-20240520-20
Concesiones;Orden de Convocatoria de Becas de Excel. Acad. 25-26. INICIO. Univ.;CONSEJERÍA DE EDUCACIÓN, CIENCIA Y UNIVERSIDADES;877943;—;Subvención;28/09/2026;2100;https://www.bocm.es/bocm-20240520-20
Concesiones;Orden de Convocatoria de Becas de Excel. Acad. 25-26. INICIO. Univ.;CONSEJERÍA DE EDUCACIÓN, CIENCIA Y UNIVERSIDADES;877943;—;Subvención;28/09/2026;2100;https://www.bocm.es/bocm-20240520-20
Concesiones;Orden de Convocatoria de Becas de Excel. Acad. 25-26. INICIO. Univ.;CONSEJERÍA DE EDUCACIÓN, CIENCIA Y UNIVERSIDADES;877943;—;Subvención;28/09/2026;2100;https://www.bocm.es/bocm-20240520-20
Concesiones;Orden de Convocatoria de Becas de Excel. Acad. 25-26. INICIO. Univ.;CONSEJERÍA DE EDUCACIÓN, CIENCIA Y UNIVERSIDADES;877943;—;Subvención;28/09/2026;2100;https://www.bocm.es/bocm-20240520-20
Concesiones;Orden de Convocatoria de Becas de Excel. Acad. 25-26. INICIO. Univ.;CONSEJERÍA DE EDUCACIÓN, CIENCIA Y UNIVERSIDADES;877943;—;Subvención;28/09/2026;2100;https://www.bocm.es/bocm-20240520-20
Concesiones;Orden de Convocatoria de Becas de Excel. Acad. 25-26. INICIO. Univ.;CONSEJERÍA DE EDUCACIÓN, CIENCIA Y UNIVERSIDADES;877943;—;Subvención;28/09/2026;2100;https://www.bocm.es/bocm-20240520-20
Concesiones;Orden de Convocatoria de Becas de Excel. Acad. 25-26. INICIO. Univ.;CONSEJERÍA DE EDUCACIÓN, CIENCIA Y UNIVERSIDADES;877943;—;Subvención;28/09/2026;2100;https://www.bocm.es/bocm-20240520-20
Concesiones;Orden de Convocatoria de Becas de Excel. Acad. 25-26. INICIO. Univ.;CONSEJERÍA DE EDUCACIÓN, CIENCIA Y UNIVERSIDADES;877943;—;Subvención;28/09/2026;2100;https://www.bocm.es/bocm-20240520-20
Concesiones;Orden de Convocatoria de Becas de Excel. Acad. 25-26. INICIO. Univ.;CONSEJERÍA DE EDUCACIÓN, CIENCIA Y UNIVERSIDADES;877943;—;Subvención;28/09/2026;2100;https://www.bocm.es/bocm-20240520-20
Concesiones;Orden de Convocatoria de Becas de Excel. Acad. 25-26. INICIO. Univ.;CONSEJERÍA DE EDUCACIÓN, CIENCIA Y UNIVERSIDADES;877943;—;Subvención;28/09/2026;2100;https://www.bocm.es/bocm-20240520-20
Concesiones;Orden de Convocatoria de Becas de Excel. Acad. 25-26. INICIO. Univ.;CONSEJERÍA DE EDUCACIÓN, CIENCIA Y UNIVERSIDADES;877943;—;Subvención;28/09/2026;2100;https://www.bocm.es/bocm-20240520-20
Concesiones;Orden de Convocatoria de Becas de Excel. Acad. 25-26. INICIO. Univ.;CONSEJERÍA DE EDUCACIÓN, CIENCIA Y UNIVERSIDADES;877943;—;Subvención;28/09/2026;2100;https://www.bocm.es/bocm-20240520-20
Concesiones;Orden de Convocatoria de Becas de Excel. Acad. 25-26. INICIO. Univ.;CONSEJERÍA DE EDUCACIÓN, CIENCIA Y UNIVERSIDADES;877943;—;Subvención;28/09/2026;2100;https://www.bocm.es/bocm-20240520-20
Concesiones;Orden de Convocatoria de Becas de Excel. Acad. 25-26. INICIO. Univ.;CONSEJERÍA DE EDUCACIÓN, CIENCIA Y UNIVERSIDADES;877943;—;Subvención;28/09/2026;2100;https://www.bocm.es/bocm-20240520-20
Concesiones;Orden de Convocatoria de Becas de Excel. Acad. 25-26. INICIO. Univ.;CONSEJERÍA DE EDUCACIÓN, CIENCIA Y UNIVERSIDADES;877943;—;Subvención;28/09/2026;2100;https://www.bocm.es/bocm-20240520-20
Concesiones;Orden de Convocatoria de Becas de Excel. Acad. 25-26. INICIO. Univ.;CONSEJERÍA DE EDUCACIÓN, CIENCIA Y UNIVERSIDADES;877943;—;Subvención;28/09/2026;2100;https://www.bocm.es/bocm-20240520-20
Concesiones;Orden de Convocatoria de Becas de Excel. Acad. 25-26. INICIO. Univ.;CONSEJERÍA DE EDUCACIÓN, CIENCIA Y UNIVERSIDADES;877943;—;Subvención;28/09/2026;2100;https://www.bocm.es/bocm-20240520-20
Concesiones;Orden de Convocatoria de Becas de Excel. Acad. 25-26. INICIO. Univ.;CONSEJERÍA DE EDUCACIÓN, CIENCIA Y UNIVERSIDADES;877943;—;Subvención;28/09/2026;2100;https://www.bocm.es/bocm-20240520-20
Concesiones;Orden de Convocatoria de Becas de Excel. Acad. 25-26. INICIO. Univ.;CONSEJERÍA DE EDUCACIÓN, CIENCIA Y UNIVERSIDADES;877943;—;Subvención;28/09/2026;2100;https://www.bocm.es/bocm-20240520-20
Concesiones;Orden de Convocatoria de Becas de Excel. Acad. 25-26. INICIO. Univ.;CONSEJERÍA DE EDUCACIÓN, CIENCIA Y UNIVERSIDADES;877943;—;Subvención;28/09/2026;2100;https://www.bocm.es/bocm-20240520-20
Concesiones;Orden de Convocatoria de Becas de Excel. Acad. 25-26. INICIO. Univ.;CONSEJERÍA DE EDUCACIÓN, CIENCIA Y UNIVERSIDADES;877943;—;Subvención;28/09/2026;2100;https://www.bocm.es/bocm-20240520-20
Concesiones;Orden de Convocatoria de Becas de Excel. Acad. 25-26. INICIO. Univ.;CONSEJERÍA DE EDUCACIÓN, CIENCIA Y UNIVERSIDADES;877943;—;Subvención;28/09/2026;2100;https://www.bocm.es/bocm-20240520-20
Concesiones;Orden de Convocatoria de Becas de Excel. Acad. 25-26. INICIO. Univ.;CONSEJERÍA DE EDUCACIÓN, CIENCIA Y UNIVERSIDADES;877943;—;Subvención;28/09/2026;2100;https://www.bocm.es/bocm-20240520-20
Concesiones;Orden de Convocatoria de Becas de Excel. Acad. 25-26. INICIO. Univ.;CONSEJERÍA DE EDUCACIÓN, CIENCIA Y UNIVERSIDADES;877943;—;Subvención;28/09/2026;2100;https://www.bocm.es/bocm-20240520-20
Concesiones;Orden de Convocatoria de Becas de Excel. Acad. 25-26. INICIO. Univ.;CONSEJERÍA DE EDUCACIÓN, CIENCIA Y UNIVERSIDADES;877943;—;Subvención;28/09/2026;2100;https://www.bocm.es/bocm-20240520-20
Concesiones;Orden de Convocatoria de Becas de Excel. Acad. 25-26. INICIO. Univ.;CONSEJERÍA DE EDUCACIÓN, CIENCIA Y UNIVERSIDADES;877943;—;Subvención;28/09/2026;2100;https://www.bocm.es/bocm-20240520-20
Concesiones;Orden de Convocatoria de Becas de Excel. Acad. 25-26. INICIO. Univ.;CONSEJERÍA DE EDUCACIÓN, CIENCIA Y UNIVERSIDADES;877943;—;Subvención;28/09/2026;2100;https://www.bocm.es/bocm-20240520-20
Concesiones;Orden de Convocatoria de Becas de Excel. Acad. 25-26. INICIO. Univ.;CONSEJERÍA DE EDUCACIÓN, CIENCIA Y UNIVERSIDADES;877943;—;Subvención;28/09/2026;2100;https://www.bocm.es/bocm-20240520-20
Concesiones;Orden de Convocatoria de Becas de Excel. Acad. 25-26. INICIO. Univ.;CONSEJERÍA DE EDUCACIÓN, CIENCIA Y UNIVERSIDADES;877943;—;Subvención;28/09/2026;2100;https://www.bocm.es/bocm-20240520-20
Concesiones;Orden de Convocatoria de Becas de Excel. Acad. 25-26. INICIO. Univ.;CONSEJERÍA DE EDUCACIÓN, CIENCIA Y UNIVERSIDADES;877943;—;Subvención;28/09/2026;2100;https://www.bocm.es/bocm-20240520-20
Concesiones;Orden de Convocatoria de Becas de Excel. Acad. 25-26. INICIO. Univ.;CONSEJERÍA DE EDUCACIÓN, CIENCIA Y UNIVERSIDADES;877943;—;Subvención;28/09/2026;2100;https://www.bocm.es/bocm-20240520-20
Concesiones;Orden de Convocatoria de Becas de Excel. Acad. 25-26. INICIO. Univ.;CONSEJERÍA DE EDUCACIÓN, CIENCIA Y UNIVERSIDADES;877943;—;Subvención;28/09/2026;2100;https://www.bocm.es/bocm-20240520-20
Concesiones;Orden de Convocatoria de Becas de Excel. Acad. 25-26. INICIO. Univ.;CONSEJERÍA DE EDUCACIÓN, CIENCIA Y UNIVERSIDADES;877943;—;Subvención;28/09/2026;2100;https://www.bocm.es/bocm-20240520-20
Concesiones;Orden de Convocatoria de Becas de Excel. Acad. 25-26. INICIO. Univ.;CONSEJERÍA DE EDUCACIÓN, CIENCIA Y UNIVERSIDADES;877943;—;Subvención;28/09/2026;2100;https://www.bocm.es/bocm-20240520-20
Concesiones;Orden de Convocatoria de Becas de Excel. Acad. 25-26. INICIO. Univ.;CONSEJERÍA DE EDUCACIÓN, CIENCIA Y UNIVERSIDADES;877943;—;Subvención;28/09/2026;2100;https://www.bocm.es/bocm-20240520-20
Concesiones;Orden de Convocatoria de Becas de Excel. Acad. 25-26. INICIO. Univ.;CONSEJERÍA DE EDUCACIÓN, CIENCIA Y UNIVERSIDADES;877943;—;Subvención;28/09/2026;2100;https://www.bocm.es/bocm-20240520-20
Concesiones;Orden de Convocatoria de Becas de Excel. Acad. 25-26. INICIO. Univ.;CONSEJERÍA DE EDUCACIÓN, CIENCIA Y UNIVERSIDADES;877943;—;Subvención;28/09/2026;2100;https://www.bocm.es/bocm-20240520-20
Concesiones;Orden de Convocatoria de Becas de Excel. Acad. 25-26. INICIO. Univ.;CONSEJERÍA DE EDUCACIÓN, CIENCIA Y UNIVERSIDADES;877943;—;Subvención;28/09/2026;2100;https://www.bocm.es/bocm-20240520-20
Concesiones;Orden de Convocatoria de Becas de Excel. Acad. 25-26. INICIO. Univ.;CONSEJERÍA DE EDUCACIÓN, CIENCIA Y UNIVERSIDADES;877943;—;Subvención;28/09/2026;2100;https://www.bocm.es/bocm-20240520-20
Concesiones;Orden de Convocatoria de Becas de Excel. Acad. 25-26. INICIO. Univ.;CONSEJERÍA DE EDUCACIÓN, CIENCIA Y UNIVERSIDADES;877943;—;Subvención;28/09/2026;2100;https://www.bocm.es/bocm-20240520-20
Concesiones;Orden de Convocatoria de Becas de Excel. Acad. 25-26. INICIO. Univ.;CONSEJERÍA DE EDUCACIÓN, CIENCIA Y UNIVERSIDADES;877943;—;Subvención;28/09/2026;2100;https://www.bocm.es/bocm-20240520-20
Concesiones;Orden de Convocatoria de Becas de Excel. Acad. 25-26. INICIO. Univ.;CONSEJERÍA DE EDUCACIÓN, CIENCIA Y UNIVERSIDADES;877943;—;Subvención;28/09/2026;2100;https://www.bocm.es/bocm-20240520-20
Concesiones;Orden de Convocatoria de Becas de Excel. Acad. 25-26. INICIO. Univ.;CONSEJERÍA DE EDUCACIÓN, CIENCIA Y UNIVERSIDADES;877943;—;Subvención;28/09/2026;2100;https://www.bocm.es/bocm-20240520-20
Concesiones;Orden de Convocatoria de Becas de Excel. Acad. 25-26. INICIO. Univ.;CONSEJERÍA DE EDUCACIÓN, CIENCIA Y UNIVERSIDADES;877943;—;Subvención;28/09/2026;2100;https://www.bocm.es/bocm-20240520-20
Concesiones;Orden de Convocatoria de Becas de Excel. Acad. 25-26. INICIO. Univ.;CONSEJERÍA DE EDUCACIÓN, CIENCIA Y UNIVERSIDADES;877943;—;Subvención;28/09/2026;2100;https://www.bocm.es/bocm-20240520-20
Concesiones;Orden de Convocatoria de Becas de Excel. Acad. 25-26. INICIO. Univ.;CONSEJERÍA DE EDUCACIÓN, CIENCIA Y UNIVERSIDADES;877943;—;Subvención;28/09/2026;2100;https://www.bocm.es/bocm-20240520-20
Concesiones;Orden de Convocatoria de Becas de Excel. Acad. 25-26. INICIO. Univ.;CONSEJERÍA DE EDUCACIÓN, CIENCIA Y UNIVERSIDADES;877943;—;Subvención;28/09/2026;2100;https://www.bocm.es/bocm-20240520-20
Concesiones;Orden de Convocatoria de Becas de Excel. Acad. 25-26. INICIO. Univ.;CONSEJERÍA DE EDUCACIÓN, CIENCIA Y UNIVERSIDADES;877943;—;Subvención;28/09/2026;2100;https://www.bocm.es/bocm-20240520-20
Concesiones;Orden de Convocatoria de Becas de Excel. Acad. 25-26. INICIO. Univ.;CONSEJERÍA DE EDUCACIÓN, CIENCIA Y UNIVERSIDADES;877943;—;Subvención;28/09/2026;2100;https://www.bocm.es/bocm-20240520-20
Concesiones;Orden de Convocatoria de Becas de Excel. Acad. 25-26. INICIO. Univ.;CONSEJERÍA DE EDUCACIÓN, CIENCIA Y UNIVERSIDADES;877943;—;Subvención;28/09/2026;2100;https://www.bocm.es/bocm-20240520-20
Concesiones;Orden de Convocatoria de Becas de Excel. Acad. 25-26. INICIO. Univ.;CONSEJERÍA DE EDUCACIÓN, CIENCIA Y UNIVERSIDADES;877943;—;Subvención;28/09/2026;2100;https://www.bocm.es/bocm-20240520-20
Concesiones;Orden de Convocatoria de Becas de Excel. Acad. 25-26. INICIO. Univ.;CONSEJERÍA DE EDUCACIÓN, CIENCIA Y UNIVERSIDADES;877943;—;Subvención;28/09/2026;2100;https://www.bocm.es/bocm-20240520-20
Concesiones;Orden de Convocatoria de Becas de Excel. Acad. 25-26. INICIO. Univ.;CONSEJERÍA DE EDUCACIÓN, CIENCIA Y UNIVERSIDADES;877943;—;Subvención;28/09/2026;2100;https://www.bocm.es/bocm-20240520-20
Concesiones;Orden de Convocatoria de Becas de Excel. Acad. 25-26. INICIO. Univ.;CONSEJERÍA DE EDUCACIÓN, CIENCIA Y UNIVERSIDADES;877943;—;Subvención;28/09/2026;2100;https://www.bocm.es/bocm-20240520-20
Concesiones;Orden de Convocatoria de Becas de Excel. Acad. 25-26. INICIO. Univ.;CONSEJERÍA DE EDUCACIÓN, CIENCIA Y UNIVERSIDADES;877943;—;Subvención;28/09/2026;2100;https://www.bocm.es/bocm-20240520-20
Concesiones;Orden de Convocatoria de Becas de Excel. Acad. 25-26. INICIO. Univ.;CONSEJERÍA DE EDUCACIÓN, CIENCIA Y UNIVERSIDADES;877943;—;Subvención;28/09/2026;2100;https://www.bocm.es/bocm-20240520-20
Concesiones;Orden de Convocatoria de Becas de Excel. Acad. 25-26. INICIO. Univ.;CONSEJERÍA DE EDUCACIÓN, CIENCIA Y UNIVERSIDADES;877943;—;Subvención;28/09/2026;2100;https://www.bocm.es/bocm-20240520-20
Concesiones;Orden de Convocatoria de Becas de Excel. Acad. 25-26. INICIO. Univ.;CONSEJERÍA DE EDUCACIÓN, CIENCIA Y UNIVERSIDADES;877943;—;Subvención;28/09/2026;2100;https://www.bocm.es/bocm-20240520-20
Concesiones;Orden de Convocatoria de Becas de Excel. Acad. 25-26. INICIO. Univ.;CONSEJERÍA DE EDUCACIÓN, CIENCIA Y UNIVERSIDADES;877943;—;Subvención;28/09/2026;2100;https://www.bocm.es/bocm-20240520-20
Concesiones;Orden de Convocatoria de Becas de Excel. Acad. 25-26. INICIO. Univ.;CONSEJERÍA DE EDUCACIÓN, CIENCIA Y UNIVERSIDADES;877943;—;Subvención;28/09/2026;2100;https://www.bocm.es/bocm-20240520-20
Concesiones;Orden de Convocatoria de Becas de Excel. Acad. 25-26. INICIO. Univ.;CONSEJERÍA DE EDUCACIÓN, CIENCIA Y UNIVERSIDADES;877943;—;Subvención;28/09/2026;2100;https://www.bocm.es/bocm-20240520-20
Concesiones;Orden de Convocatoria de Becas de Excel. Acad. 25-26. INICIO. Univ.;CONSEJERÍA DE EDUCACIÓN, CIENCIA Y UNIVERSIDADES;877943;—;Subvención;28/09/2026;2100;https://www.bocm.es/bocm-20240520-20
Concesiones;Orden de Convocatoria de Becas de Excel. Acad. 25-26. INICIO. Univ.;CONSEJERÍA DE EDUCACIÓN, CIENCIA Y UNIVERSIDADES;877943;—;Subvención;28/09/2026;2100;https://www.bocm.es/bocm-20240520-20
Concesiones;Orden de Convocatoria de Becas de Excel. Acad. 25-26. INICIO. Univ.;CONSEJERÍA DE EDUCACIÓN, CIENCIA Y UNIVERSIDADES;877943;—;Subvención;28/09/2026;2100;https://www.bocm.es/bocm-20240520-20
Concesiones;Orden de Convocatoria de Becas de Excel. Acad. 25-26. INICIO. Univ.;CONSEJERÍA DE EDUCACIÓN, CIENCIA Y UNIVERSIDADES;877943;—;Subvención;28/09/2026;2100;https://www.bocm.es/bocm-20240520-20
Concesiones;Orden de Convocatoria de Becas de Excel. Acad. 25-26. INICIO. Univ.;CONSEJERÍA DE EDUCACIÓN, CIENCIA Y UNIVERSIDADES;877943;—;Subvención;28/09/2026;2100;https://www.bocm.es/bocm-20240520-20
Concesiones;Orden de Convocatoria de Becas de Excel. Acad. 25-26. INICIO. Univ.;CONSEJERÍA DE EDUCACIÓN, CIENCIA Y UNIVERSIDADES;877943;—;Subvención;28/09/2026;2100;https://www.bocm.es/bocm-20240520-20
Concesiones;Orden de Convocatoria de Becas de Excel. Acad. 25-26. INICIO. Univ.;CONSEJERÍA DE EDUCACIÓN, CIENCIA Y UNIVERSIDADES;877943;—;Subvención;28/09/2026;2100;https://www.bocm.es/bocm-20240520-20
Concesiones;Orden de Convocatoria de Becas de Excel. Acad. 25-26. INICIO. Univ.;CONSEJERÍA DE EDUCACIÓN, CIENCIA Y UNIVERSIDADES;877943;—;Subvención;28/09/2026;2100;https://www.bocm.es/bocm-20240520-20
Concesiones;Orden de Convocatoria de Becas de Excel. Acad. 25-26. INICIO. Univ.;CONSEJERÍA DE EDUCACIÓN, CIENCIA Y UNIVERSIDADES;877943;—;Subvención;28/09/2026;2100;https://www.bocm.es/bocm-20240520-20
Concesiones;Orden de Convocatoria de Becas de Excel. Acad. 25-26. INICIO. Univ.;CONSEJERÍA DE EDUCACIÓN, CIENCIA Y UNIVERSIDADES;877943;—;Subvención;28/09/2026;2100;https://www.bocm.es/bocm-20240520-20
Concesiones;Orden de Convocatoria de Becas de Excel. Acad. 25-26. INICIO. Univ.;CONSEJERÍA DE EDUCACIÓN, CIENCIA Y UNIVERSIDADES;877943;—;Subvención;28/09/2026;2100;https://www.bocm.es/bocm-20240520-20
Concesiones;Orden de Convocatoria de Becas de Excel. Acad. 25-26. INICIO. Univ.;CONSEJERÍA DE EDUCACIÓN, CIENCIA Y UNIVERSIDADES;877943;—;Subvención;28/09/2026;2100;https://www.bocm.es/bocm-20240520-20
Concesiones;Orden de Convocatoria de Becas de Excel. Acad. 25-26. INICIO. Univ.;CONSEJERÍA DE EDUCACIÓN, CIENCIA Y UNIVERSIDADES;877943;—;Subvención;28/09/2026;2100;https://www.bocm.es/bocm-20240520-20
Concesiones;Orden de Convocatoria de Becas de Excel. Acad. 25-26. INICIO. Univ.;CONSEJERÍA DE EDUCACIÓN, CIENCIA Y UNIVERSIDADES;877943;—;Subvención;28/09/2026;2100;https://www.bocm.es/bocm-20240520-20
Concesiones;Orden de Convocatoria de Becas de Excel. Acad. 25-26. INICIO. Univ.;CONSEJERÍA DE EDUCACIÓN, CIENCIA Y UNIVERSIDADES;877943;—;Subvención;28/09/2026;2100;https://www.bocm.es/bocm-20240520-20
Concesiones;Orden de Convocatoria de Becas de Excel. Acad. 25-26. INICIO. Univ.;CONSEJERÍA DE EDUCACIÓN, CIENCIA Y UNIVERSIDADES;877943;—;Subvención;28/09/2026;2100;https://www.bocm.es/bocm-20240520-20
Concesiones;Orden de Convocatoria de Becas de Excel. Acad. 25-26. INICIO. Univ.;CONSEJERÍA DE EDUCACIÓN, CIENCIA Y UNIVERSIDADES;877943;—;Subvención;28/09/2026;2100;https://www.bocm.es/bocm-20240520-20
Concesiones;Orden de Convocatoria de Becas de Excel. Acad. 25-26. INICIO. Univ.;CONSEJERÍA DE EDUCACIÓN, CIENCIA Y UNIVERSIDADES;877943;—;Subvención;28/09/2026;2100;https://www.bocm.es/bocm-20240520-20
Concesiones;Orden de Convocatoria de Becas de Excel. Acad. 25-26. INICIO. Univ.;CONSEJERÍA DE EDUCACIÓN, CIENCIA Y UNIVERSIDADES;877943;—;Subvención;28/09/2026;2100;https://www.bocm.es/bocm-20240520-20
Concesiones;Orden de Convocatoria de Becas de Excel. Acad. 25-26. INICIO. Univ.;CONSEJERÍA DE EDUCACIÓN, CIENCIA Y UNIVERSIDADES;877943;—;Subvención;28/09/2026;2100;https://www.bocm.es/bocm-20240520-20
Concesiones;Orden de Convocatoria de Becas de Excel. Acad. 25-26. INICIO. Univ.;CONSEJERÍA DE EDUCACIÓN, CIENCIA Y UNIVERSIDADES;877943;—;Subvención;28/09/2026;2100;https://www.bocm.es/bocm-20240520-20
Concesiones;Orden de Convocatoria de Becas de Excel. Acad. 25-26. INICIO. Univ.;CONSEJERÍA DE EDUCACIÓN, CIENCIA Y UNIVERSIDADES;877943;—;Subvención;28/09/2026;2100;https://www.bocm.es/bocm-20240520-20
Concesiones;Orden de Convocatoria de Becas de Excel. Acad. 25-26. INICIO. Univ.;CONSEJERÍA DE EDUCACIÓN, CIENCIA Y UNIVERSIDADES;877943;—;Subvención;28/09/2026;2100;https://www.bocm.es/bocm-20240520-20
Concesiones;Orden de Convocatoria de Becas de Excel. Acad. 25-26. INICIO. Univ.;CONSEJERÍA DE EDUCACIÓN, CIENCIA Y UNIVERSIDADES;877943;—;Subvención;28/09/2026;2100;https://www.bocm.es/bocm-20240520-20
Concesiones;Orden de Convocatoria de Becas de Excel. Acad. 25-26. INICIO. Univ.;CONSEJERÍA DE EDUCACIÓN, CIENCIA Y UNIVERSIDADES;877943;—;Subvención;28/09/2026;2100;https://www.bocm.es/bocm-20240520-20
Concesiones;Orden de Convocatoria de Becas de Excel. Acad. 25-26. INICIO. Univ.;CONSEJERÍA DE EDUCACIÓN, CIENCIA Y UNIVERSIDADES;877943;—;Subvención;28/09/2026;2100;https://www.bocm.es/bocm-20240520-20
Concesiones;Orden de Convocatoria de Becas de Excel. Acad. 25-26. INICIO. Univ.;CONSEJERÍA DE EDUCACIÓN, CIENCIA Y UNIVERSIDADES;877943;—;Subvención;28/09/2026;2100;https://www.bocm.es/bocm-20240520-20
Concesiones;Orden de Convocatoria de Becas de Excel. Acad. 25-26. INICIO. Univ.;CONSEJERÍA DE EDUCACIÓN, CIENCIA Y UNIVERSIDADES;877943;—;Subvención;28/09/2026;2100;https://www.bocm.es/bocm-20240520-20
Concesiones;Orden de Convocatoria de Becas de Excel. Acad. 25-26. INICIO. Univ.;CONSEJERÍA DE EDUCACIÓN, CIENCIA Y UNIVERSIDADES;877943;—;Subvención;28/09/2026;2100;https://www.bocm.es/bocm-20240520-20
Concesiones;Orden de Convocatoria de Becas de Excel. Acad. 25-26. INICIO. Univ.;CONSEJERÍA DE EDUCACIÓN, CIENCIA Y UNIVERSIDADES;877943;—;Subvención;28/09/2026;2100;https://www.bocm.es/bocm-20240520-20
Concesiones;Orden de Convocatoria de Becas de Excel. Acad. 25-26. INICIO. Univ.;CONSEJERÍA DE EDUCACIÓN, CIENCIA Y UNIVERSIDADES;877943;—;Subvención;28/09/2026;2100;https://www.bocm.es/bocm-20240520-20
Concesiones;Orden de Convocatoria de Becas de Excel. Acad. 25-26. INICIO. Univ.;CONSEJERÍA DE EDUCACIÓN, CIENCIA Y UNIVERSIDADES;877943;—;Subvención;28/09/2026;2100;https://www.bocm.es/bocm-20240520-20
Concesiones;Orden de Convocatoria de Becas de Excel. Acad. 25-26. INICIO. Univ.;CONSEJERÍA DE EDUCACIÓN, CIENCIA Y UNIVERSIDADES;877943;—;Subvención;28/09/2026;2100;https://www.bocm.es/bocm-20240520-20
Concesiones;Orden de Convocatoria de Becas de Excel. Acad. 25-26. INICIO. Univ.;CONSEJERÍA DE EDUCACIÓN, CIENCIA Y UNIVERSIDADES;877943;—;Subvención;28/09/2026;2100;https://www.bocm.es/bocm-20240520-20
Concesiones;Orden de Convocatoria de Becas de Excel. Acad. 25-26. INICIO. Univ.;CONSEJERÍA DE EDUCACIÓN, CIENCIA Y UNIVERSIDADES;877943;—;Subvención;28/09/2026;2100;https://www.bocm.es/bocm-20240520-20
Concesiones;Orden de Convocatoria de Becas de Excel. Acad. 25-26. INICIO. Univ.;CONSEJERÍA DE EDUCACIÓN, CIENCIA Y UNIVERSIDADES;877943;—;Subvención;28/09/2026;2100;https://www.bocm.es/bocm-20240520-20
Concesiones;Orden de Convocatoria de Becas de Excel. Acad. 25-26. INICIO. Univ.;CONSEJERÍA DE EDUCACIÓN, CIENCIA Y UNIVERSIDADES;877943;—;Subvención;28/09/2026;2100;https://www.bocm.es/bocm-20240520-20
Concesiones;Orden de Convocatoria de Becas de Excel. Acad. 25-26. INICIO. Univ.;CONSEJERÍA DE EDUCACIÓN, CIENCIA Y UNIVERSIDADES;877943;—;Subvención;28/09/2026;2100;https://www.bocm.es/bocm-20240520-20
Concesiones;Orden de Convocatoria de Becas de Excel. Acad. 25-26. INICIO. Univ.;CONSEJERÍA DE EDUCACIÓN, CIENCIA Y UNIVERSIDADES;877943;—;Subvención;28/09/2026;2100;https://www.bocm.es/bocm-20240520-20
Concesiones;Orden de Convocatoria de Becas de Excel. Acad. 25-26. INICIO. Univ.;CONSEJERÍA DE EDUCACIÓN, CIENCIA Y UNIVERSIDADES;877943;—;Subvención;28/09/2026;2100;https://www.bocm.es/bocm-20240520-20
Concesiones;Orden de Convocatoria de Becas de Excel. Acad. 25-26. INICIO. Univ.;CONSEJERÍA DE EDUCACIÓN, CIENCIA Y UNIVERSIDADES;877943;—;Subvención;28/09/2026;2100;https://www.bocm.es/bocm-20240520-20
Concesiones;Orden de Convocatoria de Becas de Excel. Acad. 25-26. INICIO. Univ.;CONSEJERÍA DE EDUCACIÓN, CIENCIA Y UNIVERSIDADES;877943;—;Subvención;28/09/2026;2100;https://www.bocm.es/bocm-20240520-20
Concesiones;Orden de Convocatoria de Becas de Excel. Acad. 25-26. INICIO. Univ.;CONSEJERÍA DE EDUCACIÓN, CIENCIA Y UNIVERSIDADES;877943;—;Subvención;28/09/2026;2100;https://www.bocm.es/bocm-20240520-20
Concesiones;Orden de Convocatoria de Becas de Excel. Acad. 25-26. INICIO. Univ.;CONSEJERÍA DE EDUCACIÓN, CIENCIA Y UNIVERSIDADES;877943;—;Subvención;28/09/2026;2100;https://www.bocm.es/bocm-20240520-20
Concesiones;Orden de Convocatoria de Becas de Excel. Acad. 25-26. INICIO. Univ.;CONSEJERÍA DE EDUCACIÓN, CIENCIA Y UNIVERSIDADES;877943;—;Subvención;28/09/2026;2100;https://www.bocm.es/bocm-20240520-20
Concesiones;Orden de Convocatoria de Becas de Excel. Acad. 25-26. INICIO. Univ.;CONSEJERÍA DE EDUCACIÓN, CIENCIA Y UNIVERSIDADES;877943;—;Subvención;28/09/2026;2100;https://www.bocm.es/bocm-20240520-20
Concesiones;Orden de Convocatoria de Becas de Excel. Acad. 25-26. INICIO. Univ.;CONSEJERÍA DE EDUCACIÓN, CIENCIA Y UNIVERSIDADES;877943;—;Subvención;28/09/2026;2100;https://www.bocm.es/bocm-20240520-20
Concesiones;Orden de Convocatoria de Becas de Excel. Acad. 25-26. INICIO. Univ.;CONSEJERÍA DE EDUCACIÓN, CIENCIA Y UNIVERSIDADES;877943;—;Subvención;28/09/2026;2100;https://www.bocm.es/bocm-20240520-20
Concesiones;Orden de Convocatoria de Becas de Excel. Acad. 25-26. INICIO. Univ.;CONSEJERÍA DE EDUCACIÓN, CIENCIA Y UNIVERSIDADES;877943;—;Subvención;28/09/2026;2100;https://www.bocm.es/bocm-20240520-20
Concesiones;Orden de Convocatoria de Becas de Excel. Acad. 25-26. INICIO. Univ.;CONSEJERÍA DE EDUCACIÓN, CIENCIA Y UNIVERSIDADES;877943;—;Subvención;28/09/2026;2100;https://www.bocm.es/bocm-20240520-20
Concesiones;Orden de Convocatoria de Becas de Excel. Acad. 25-26. INICIO. Univ.;CONSEJERÍA DE EDUCACIÓN, CIENCIA Y UNIVERSIDADES;877943;—;Subvención;28/09/2026;2100;https://www.bocm.es/bocm-20240520-20
Concesiones;Orden de Convocatoria de Becas de Excel. Acad. 25-26. INICIO. Univ.;CONSEJERÍA DE EDUCACIÓN, CIENCIA Y UNIVERSIDADES;877943;—;Subvención;28/09/2026;2100;https://www.bocm.es/bocm-20240520-20
Concesiones;Orden de Convocatoria de Becas de Excel. Acad. 25-26. INICIO. Univ.;CONSEJERÍA DE EDUCACIÓN, CIENCIA Y UNIVERSIDADES;877943;—;Subvención;28/09/2026;2100;https://www.bocm.es/bocm-20240520-20
Concesiones;Orden de Convocatoria de Becas de Excel. Acad. 25-26. INICIO. Univ.;CONSEJERÍA DE EDUCACIÓN, CIENCIA Y UNIVERSIDADES;877943;—;Subvención;28/09/2026;2100;https://www.bocm.es/bocm-20240520-20
Concesiones;Orden de Convocatoria de Becas de Excel. Acad. 25-26. INICIO. Univ.;CONSEJERÍA DE EDUCACIÓN, CIENCIA Y UNIVERSIDADES;877943;—;Subvención;28/09/2026;2100;https://www.bocm.es/bocm-20240520-20
Concesiones;Orden de Convocatoria de Becas de Excel. Acad. 25-26. INICIO. Univ.;CONSEJERÍA DE EDUCACIÓN, CIENCIA Y UNIVERSIDADES;877943;—;Subvención;28/09/2026;2100;https://www.bocm.es/bocm-20240520-20
Concesiones;Orden de Convocatoria de Becas de Excel. Acad. 25-26. INICIO. Univ.;CONSEJERÍA DE EDUCACIÓN, CIENCIA Y UNIVERSIDADES;877943;—;Subvención;28/09/2026;2100;https://www.bocm.es/bocm-20240520-20
Concesiones;Orden de Convocatoria de Becas de Excel. Acad. 25-26. INICIO. Univ.;CONSEJERÍA DE EDUCACIÓN, CIENCIA Y UNIVERSIDADES;877943;—;Subvención;28/09/2026;2100;https://www.bocm.es/bocm-20240520-20
Concesiones;Orden de Convocatoria de Becas de Excel. Acad. 25-26. INICIO. Univ.;CONSEJERÍA DE EDUCACIÓN, CIENCIA Y UNIVERSIDADES;877943;—;Subvención;28/09/2026;2100;https://www.bocm.es/bocm-20240520-20
Concesiones;Orden de Convocatoria de Becas de Excel. Acad. 25-26. INICIO. Univ.;CONSEJERÍA DE EDUCACIÓN, CIENCIA Y UNIVERSIDADES;877943;—;Subvención;28/09/2026;2100;https://www.bocm.es/bocm-20240520-20
Concesiones;Orden de Convocatoria de Becas de Excel. Acad. 25-26. INICIO. Univ.;CONSEJERÍA DE EDUCACIÓN, CIENCIA Y UNIVERSIDADES;877943;—;Subvención;28/09/2026;2100;https://www.bocm.es/bocm-20240520-20
Concesiones;Orden de Convocatoria de Becas de Excel. Acad. 25-26. INICIO. Univ.;CONSEJERÍA DE EDUCACIÓN, CIENCIA Y UNIVERSIDADES;877943;—;Subvención;28/09/2026;2100;https://www.bocm.es/bocm-20240520-20
Concesiones;Orden de Convocatoria de Becas de Excel. Acad. 25-26. INICIO. Univ.;CONSEJERÍA DE EDUCACIÓN, CIENCIA Y UNIVERSIDADES;877943;—;Subvención;28/09/2026;2100;https://www.bocm.es/bocm-20240520-20
Concesiones;Orden de Convocatoria de Becas de Excel. Acad. 25-26. INICIO. Univ.;CONSEJERÍA DE EDUCACIÓN, CIENCIA Y UNIVERSIDADES;877943;—;Subvención;28/09/2026;2100;https://www.bocm.es/bocm-20240520-20
Concesiones;Orden de Convocatoria de Becas de Excel. Acad. 25-26. INICIO. Univ.;CONSEJERÍA DE EDUCACIÓN, CIENCIA Y UNIVERSIDADES;877943;—;Subvención;28/09/2026;2100;https://www.bocm.es/bocm-20240520-20
Concesiones;Orden de Convocatoria de Becas de Excel. Acad. 25-26. INICIO. Univ.;CONSEJERÍA DE EDUCACIÓN, CIENCIA Y UNIVERSIDADES;877943;—;Subvención;28/09/2026;2100;https://www.bocm.es/bocm-20240520-20
Concesiones;Orden de Convocatoria de Becas de Excel. Acad. 25-26. INICIO. Univ.;CONSEJERÍA DE EDUCACIÓN, CIENCIA Y UNIVERSIDADES;877943;—;Subvención;28/09/2026;2100;https://www.bocm.es/bocm-20240520-20
Concesiones;Orden de Convocatoria de Becas de Excel. Acad. 25-26. INICIO. Univ.;CONSEJERÍA DE EDUCACIÓN, CIENCIA Y UNIVERSIDADES;877943;—;Subvención;28/09/2026;2100;https://www.bocm.es/bocm-20240520-20
Concesiones;Orden de Convocatoria de Becas de Excel. Acad. 25-26. INICIO. Univ.;CONSEJERÍA DE EDUCACIÓN, CIENCIA Y UNIVERSIDADES;877943;—;Subvención;28/09/2026;2100;https://www.bocm.es/bocm-20240520-20
Concesiones;Orden de Convocatoria de Becas de Excel. Acad. 25-26. INICIO. Univ.;CONSEJERÍA DE EDUCACIÓN, CIENCIA Y UNIVERSIDADES;877943;—;Subvención;28/09/2026;2100;https://www.bocm.es/bocm-20240520-20
Concesiones;Orden de Convocatoria de Becas de Excel. Acad. 25-26. INICIO. Univ.;CONSEJERÍA DE EDUCACIÓN, CIENCIA Y UNIVERSIDADES;877943;—;Subvención;28/09/2026;2100;https://www.bocm.es/bocm-20240520-20
Concesiones;Orden de Convocatoria de Becas de Excel. Acad. 25-26. INICIO. Univ.;CONSEJERÍA DE EDUCACIÓN, CIENCIA Y UNIVERSIDADES;877943;—;Subvención;28/09/2026;2100;https://www.bocm.es/bocm-20240520-20
Concesiones;Orden de Convocatoria de Becas de Excel. Acad. 25-26. INICIO. Univ.;CONSEJERÍA DE EDUCACIÓN, CIENCIA Y UNIVERSIDADES;877943;—;Subvención;28/09/2026;2100;https://www.bocm.es/bocm-20240520-20
Concesiones;Orden de Convocatoria de Becas de Excel. Acad. 25-26. INICIO. Univ.;CONSEJERÍA DE EDUCACIÓN, CIENCIA Y UNIVERSIDADES;877943;—;Subvención;28/09/2026;2100;https://www.bocm.es/bocm-20240520-20
Concesiones;Orden de Convocatoria de Becas de Excel. Acad. 25-26. INICIO. Univ.;CONSEJERÍA DE EDUCACIÓN, CIENCIA Y UNIVERSIDADES;877943;—;Subvención;28/09/2026;2100;https://www.bocm.es/bocm-20240520-20
Concesiones;Orden de Convocatoria de Becas de Excel. Acad. 25-26. INICIO. Univ.;CONSEJERÍA DE EDUCACIÓN, CIENCIA Y UNIVERSIDADES;877943;—;Subvención;28/09/2026;2100;https://www.bocm.es/bocm-20240520-20
Concesiones;Orden de Convocatoria de Becas de Excel. Acad. 25-26. INICIO. Univ.;CONSEJERÍA DE EDUCACIÓN, CIENCIA Y UNIVERSIDADES;877943;—;Subvención;28/09/2026;2100;https://www.bocm.es/bocm-20240520-20
Concesiones;Orden de Convocatoria de Becas de Excel. Acad. 25-26. INICIO. Univ.;CONSEJERÍA DE EDUCACIÓN, CIENCIA Y UNIVERSIDADES;877943;—;Subvención;28/09/2026;2100;https://www.bocm.es/bocm-20240520-20
Concesiones;Orden de Convocatoria de Becas de Excel. Acad. 25-26. INICIO. Univ.;CONSEJERÍA DE EDUCACIÓN, CIENCIA Y UNIVERSIDADES;877943;—;Subvención;28/09/2026;2100;https://www.bocm.es/bocm-20240520-20
Concesiones;Orden de Convocatoria de Becas de Excel. Acad. 25-26. INICIO. Univ.;CONSEJERÍA DE EDUCACIÓN, CIENCIA Y UNIVERSIDADES;877943;—;Subvención;28/09/2026;2100;https://www.bocm.es/bocm-20240520-20
Concesiones;Orden de Convocatoria de Becas de Excel. Acad. 25-26. INICIO. Univ.;CONSEJERÍA DE EDUCACIÓN, CIENCIA Y UNIVERSIDADES;877943;—;Subvención;28/09/2026;2100;https://www.bocm.es/bocm-20240520-20
Concesiones;Orden de Convocatoria de Becas de Excel. Acad. 25-26. INICIO. Univ.;CONSEJERÍA DE EDUCACIÓN, CIENCIA Y UNIVERSIDADES;877943;—;Subvención;28/09/2026;2100;https://www.bocm.es/bocm-20240520-20
Concesiones;Orden de Convocatoria de Becas de Excel. Acad. 25-26. INICIO. Univ.;CONSEJERÍA DE EDUCACIÓN, CIENCIA Y UNIVERSIDADES;877943;—;Subvención;28/09/2026;2100;https://www.bocm.es/bocm-20240520-20
Concesiones;Orden de Convocatoria de Becas de Excel. Acad. 25-26. INICIO. Univ.;CONSEJERÍA DE EDUCACIÓN, CIENCIA Y UNIVERSIDADES;877943;—;Subvención;28/09/2026;2100;https://www.bocm.es/bocm-20240520-20
Concesiones;Orden de Convocatoria de Becas de Excel. Acad. 25-26. INICIO. Univ.;CONSEJERÍA DE EDUCACIÓN, CIENCIA Y UNIVERSIDADES;877943;—;Subvención;28/09/2026;2100;https://www.bocm.es/bocm-20240520-20
Concesiones;Orden de Convocatoria de Becas de Excel. Acad. 25-26. INICIO. Univ.;CONSEJERÍA DE EDUCACIÓN, CIENCIA Y UNIVERSIDADES;877943;—;Subvención;28/09/2026;2100;https://www.bocm.es/bocm-20240520-20
Concesiones;Orden de Convocatoria de Becas de Excel. Acad. 25-26. INICIO. Univ.;CONSEJERÍA DE EDUCACIÓN, CIENCIA Y UNIVERSIDADES;877943;—;Subvención;28/09/2026;2100;https://www.bocm.es/bocm-20240520-20
Concesiones;Orden de Convocatoria de Becas de Excel. Acad. 25-26. INICIO. Univ.;CONSEJERÍA DE EDUCACIÓN, CIENCIA Y UNIVERSIDADES;877943;—;Subvención;28/09/2026;2100;https://www.bocm.es/bocm-20240520-20
Concesiones;Orden de Convocatoria de Becas de Excel. Acad. 25-26. INICIO. Univ.;CONSEJERÍA DE EDUCACIÓN, CIENCIA Y UNIVERSIDADES;877943;—;Subvención;28/09/2026;2100;https://www.bocm.es/bocm-20240520-20
Concesiones;Orden de Convocatoria de Becas de Excel. Acad. 25-26. INICIO. Univ.;CONSEJERÍA DE EDUCACIÓN, CIENCIA Y UNIVERSIDADES;877943;—;Subvención;28/09/2026;2100;https://www.bocm.es/bocm-20240520-20
Concesiones;Orden de Convocatoria de Becas de Excel. Acad. 25-26. INICIO. Univ.;CONSEJERÍA DE EDUCACIÓN, CIENCIA Y UNIVERSIDADES;877943;—;Subvención;28/09/2026;2100;https://www.bocm.es/bocm-20240520-20
Concesiones;Orden de Convocatoria de Becas de Excel. Acad. 25-26. INICIO. Univ.;CONSEJERÍA DE EDUCACIÓN, CIENCIA Y UNIVERSIDADES;877943;—;Subvención;28/09/2026;2100;https://www.bocm.es/bocm-20240520-20
Concesiones;Orden de Convocatoria de Becas de Excel. Acad. 25-26. INICIO. Univ.;CONSEJERÍA DE EDUCACIÓN, CIENCIA Y UNIVERSIDADES;877943;—;Subvención;28/09/2026;2100;https://www.bocm.es/bocm-20240520-20
Concesiones;Orden de Convocatoria de Becas de Excel. Acad. 25-26. INICIO. Univ.;CONSEJERÍA DE EDUCACIÓN, CIENCIA Y UNIVERSIDADES;877943;—;Subvención;28/09/2026;2100;https://www.bocm.es/bocm-20240520-20
Concesiones;Orden de Convocatoria de Becas de Excel. Acad. 25-26. INICIO. Univ.;CONSEJERÍA DE EDUCACIÓN, CIENCIA Y UNIVERSIDADES;877943;—;Subvención;28/09/2026;2100;https://www.bocm.es/bocm-20240520-20
Concesiones;Orden de Convocatoria de Becas de Excel. Acad. 25-26. INICIO. Univ.;CONSEJERÍA DE EDUCACIÓN, CIENCIA Y UNIVERSIDADES;877943;—;Subvención;28/09/2026;2100;https://www.bocm.es/bocm-20240520-20
Concesiones;Orden de Convocatoria de Becas de Excel. Acad. 25-26. INICIO. Univ.;CONSEJERÍA DE EDUCACIÓN, CIENCIA Y UNIVERSIDADES;877943;—;Subvención;28/09/2026;2100;https://www.bocm.es/bocm-20240520-20
Concesiones;Orden de Convocatoria de Becas de Excel. Acad. 25-26. INICIO. Univ.;CONSEJERÍA DE EDUCACIÓN, CIENCIA Y UNIVERSIDADES;877943;—;Subvención;28/09/2026;2100;https://www.bocm.es/bocm-20240520-20
Concesiones;Orden de Convocatoria de Becas de Excel. Acad. 25-26. INICIO. Univ.;CONSEJERÍA DE EDUCACIÓN, CIENCIA Y UNIVERSIDADES;877943;—;Subvención;28/09/2026;2100;https://www.bocm.es/bocm-20240520-20
Concesiones;Orden de Convocatoria de Becas de Excel. Acad. 25-26. INICIO. Univ.;CONSEJERÍA DE EDUCACIÓN, CIENCIA Y UNIVERSIDADES;877943;—;Subvención;28/09/2026;2100;https://www.bocm.es/bocm-20240520-20
Concesiones;Orden de Convocatoria de Becas de Excel. Acad. 25-26. INICIO. Univ.;CONSEJERÍA DE EDUCACIÓN, CIENCIA Y UNIVERSIDADES;877943;—;Subvención;28/09/2026;2100;https://www.bocm.es/bocm-20240520-20
Concesiones;Orden de Convocatoria de Becas de Excel. Acad. 25-26. INICIO. Univ.;CONSEJERÍA DE EDUCACIÓN, CIENCIA Y UNIVERSIDADES;877943;—;Subvención;28/09/2026;2100;https://www.bocm.es/bocm-20240520-20
Concesiones;Orden de Convocatoria de Becas de Excel. Acad. 25-26. INICIO. Univ.;CONSEJERÍA DE EDUCACIÓN, CIENCIA Y UNIVERSIDADES;877943;—;Subvención;28/09/2026;2100;https://www.bocm.es/bocm-20240520-20
Concesiones;Orden de Convocatoria de Becas de Excel. Acad. 25-26. INICIO. Univ.;CONSEJERÍA DE EDUCACIÓN, CIENCIA Y UNIVERSIDADES;877943;—;Subvención;28/09/2026;2100;https://www.bocm.es/bocm-20240520-20
Concesiones;Orden de Convocatoria de Becas de Excel. Acad. 25-26. INICIO. Univ.;CONSEJERÍA DE EDUCACIÓN, CIENCIA Y UNIVERSIDADES;877943;—;Subvención;28/09/2026;2100;https://www.bocm.es/bocm-20240520-20
Concesiones;Orden de Convocatoria de Becas de Excel. Acad. 25-26. INICIO. Univ.;CONSEJERÍA DE EDUCACIÓN, CIENCIA Y UNIVERSIDADES;877943;—;Subvención;28/09/2026;2100;https://www.bocm.es/bocm-20240520-20
Concesiones;Orden de Convocatoria de Becas de Excel. Acad. 25-26. INICIO. Univ.;CONSEJERÍA DE EDUCACIÓN, CIENCIA Y UNIVERSIDADES;877943;—;Subvención;28/09/2026;2100;https://www.bocm.es/bocm-20240520-20
Concesiones;Orden de Convocatoria de Becas de Excel. Acad. 25-26. INICIO. Univ.;CONSEJERÍA DE EDUCACIÓN, CIENCIA Y UNIVERSIDADES;877943;—;Subvención;28/09/2026;2100;https://www.bocm.es/bocm-20240520-20
Concesiones;Orden de Convocatoria de Becas de Excel. Acad. 25-26. INICIO. Univ.;CONSEJERÍA DE EDUCACIÓN, CIENCIA Y UNIVERSIDADES;877943;—;Subvención;28/09/2026;2100;https://www.bocm.es/bocm-20240520-20
Concesiones;Orden de Convocatoria de Becas de Excel. Acad. 25-26. INICIO. Univ.;CONSEJERÍA DE EDUCACIÓN, CIENCIA Y UNIVERSIDADES;877943;—;Subvención;28/09/2026;2100;https://www.bocm.es/bocm-20240520-20
Concesiones;Orden de Convocatoria de Becas de Excel. Acad. 25-26. INICIO. Univ.;CONSEJERÍA DE EDUCACIÓN, CIENCIA Y UNIVERSIDADES;877943;—;Subvención;28/09/2026;2100;https://www.bocm.es/bocm-20240520-20
Concesiones;Orden de Convocatoria de Becas de Excel. Acad. 25-26. INICIO. Univ.;CONSEJERÍA DE EDUCACIÓN, CIENCIA Y UNIVERSIDADES;877943;—;Subvención;28/09/2026;2100;https://www.bocm.es/bocm-20240520-20
Concesiones;Orden de Convocatoria de Becas de Excel. Acad. 25-26. INICIO. Univ.;CONSEJERÍA DE EDUCACIÓN, CIENCIA Y UNIVERSIDADES;877943;—;Subvención;28/09/2026;2100;https://www.bocm.es/bocm-20240520-20
Concesiones;Orden de Convocatoria de Becas de Excel. Acad. 25-26. INICIO. Univ.;CONSEJERÍA DE EDUCACIÓN, CIENCIA Y UNIVERSIDADES;877943;—;Subvención;28/09/2026;2100;https://www.bocm.es/bocm-20240520-20
Concesiones;Orden de Convocatoria de Becas de Excel. Acad. 25-26. INICIO. Univ.;CONSEJERÍA DE EDUCACIÓN, CIENCIA Y UNIVERSIDADES;877943;—;Subvención;28/09/2026;2100;https://www.bocm.es/bocm-20240520-20
Concesiones;Orden de Convocatoria de Becas de Excel. Acad. 25-26. INICIO. Univ.;CONSEJERÍA DE EDUCACIÓN, CIENCIA Y UNIVERSIDADES;877943;—;Subvención;28/09/2026;2100;https://www.bocm.es/bocm-20240520-20
Concesiones;Orden de Convocatoria de Becas de Excel. Acad. 25-26. INICIO. Univ.;CONSEJERÍA DE EDUCACIÓN, CIENCIA Y UNIVERSIDADES;877943;—;Subvención;28/09/2026;2100;https://www.bocm.es/bocm-20240520-20
Concesiones;Orden de Convocatoria de Becas de Excel. Acad. 25-26. INICIO. Univ.;CONSEJERÍA DE EDUCACIÓN, CIENCIA Y UNIVERSIDADES;877943;—;Subvención;28/09/2026;2100;https://www.bocm.es/bocm-20240520-20
Concesiones;Orden de Convocatoria de Becas de Excel. Acad. 25-26. INICIO. Univ.;CONSEJERÍA DE EDUCACIÓN, CIENCIA Y UNIVERSIDADES;877943;—;Subvención;28/09/2026;2100;https://www.bocm.es/bocm-20240520-20
Concesiones;Orden de Convocatoria de Becas de Excel. Acad. 25-26. INICIO. Univ.;CONSEJERÍA DE EDUCACIÓN, CIENCIA Y UNIVERSIDADES;877943;—;Subvención;28/09/2026;2100;https://www.bocm.es/bocm-20240520-20
Concesiones;Orden de Convocatoria de Becas de Excel. Acad. 25-26. INICIO. Univ.;CONSEJERÍA DE EDUCACIÓN, CIENCIA Y UNIVERSIDADES;877943;—;Subvención;28/09/2026;2100;https://www.bocm.es/bocm-20240520-20
Concesiones;Orden de Convocatoria de Becas de Excel. Acad. 25-26. INICIO. Univ.;CONSEJERÍA DE EDUCACIÓN, CIENCIA Y UNIVERSIDADES;877943;—;Subvención;28/09/2026;2100;https://www.bocm.es/bocm-20240520-20
Concesiones;Orden de Convocatoria de Becas de Excel. Acad. 25-26. INICIO. Univ.;CONSEJERÍA DE EDUCACIÓN, CIENCIA Y UNIVERSIDADES;877943;—;Subvención;28/09/2026;2100;https://www.bocm.es/bocm-20240520-20
Concesiones;Orden de Convocatoria de Becas de Excel. Acad. 25-26. INICIO. Univ.;CONSEJERÍA DE EDUCACIÓN, CIENCIA Y UNIVERSIDADES;877943;—;Subvención;28/09/2026;2100;https://www.bocm.es/bocm-20240520-20
Concesiones;Orden de Convocatoria de Becas de Excel. Acad. 25-26. INICIO. Univ.;CONSEJERÍA DE EDUCACIÓN, CIENCIA Y UNIVERSIDADES;877943;—;Subvención;28/09/2026;2100;https://www.bocm.es/bocm-20240520-20
Concesiones;Orden de Convocatoria de Becas de Excel. Acad. 25-26. INICIO. Univ.;CONSEJERÍA DE EDUCACIÓN, CIENCIA Y UNIVERSIDADES;877943;—;Subvención;28/09/2026;2100;https://www.bocm.es/bocm-20240520-20
Concesiones;Orden de Convocatoria de Becas de Excel. Acad. 25-26. INICIO. Univ.;CONSEJERÍA DE EDUCACIÓN, CIENCIA Y UNIVERSIDADES;877943;—;Subvención;28/09/2026;2100;https://www.bocm.es/bocm-20240520-20
Concesiones;Orden de Convocatoria de Becas de Excel. Acad. 25-26. INICIO. Univ.;CONSEJERÍA DE EDUCACIÓN, CIENCIA Y UNIVERSIDADES;877943;—;Subvención;28/09/2026;2100;https://www.bocm.es/bocm-20240520-20
Concesiones;Orden de Convocatoria de Becas de Excel. Acad. 25-26. INICIO. Univ.;CONSEJERÍA DE EDUCACIÓN, CIENCIA Y UNIVERSIDADES;877943;—;Subvención;28/09/2026;2100;https://www.bocm.es/bocm-20240520-20
Concesiones;Orden de Convocatoria de Becas de Excel. Acad. 25-26. INICIO. Univ.;CONSEJERÍA DE EDUCACIÓN, CIENCIA Y UNIVERSIDADES;877943;—;Subvención;28/09/2026;2100;https://www.bocm.es/bocm-20240520-20
Concesiones;Orden de Convocatoria de Becas de Excel. Acad. 25-26. INICIO. Univ.;CONSEJERÍA DE EDUCACIÓN, CIENCIA Y UNIVERSIDADES;877943;—;Subvención;28/09/2026;2100;https://www.bocm.es/bocm-20240520-20
Concesiones;Orden de Convocatoria de Becas de Excel. Acad. 25-26. INICIO. Univ.;CONSEJERÍA DE EDUCACIÓN, CIENCIA Y UNIVERSIDADES;877943;—;Subvención;28/09/2026;2100;https://www.bocm.es/bocm-20240520-20
Concesiones;Orden de Convocatoria de Becas de Excel. Acad. 25-26. INICIO. Univ.;CONSEJERÍA DE EDUCACIÓN, CIENCIA Y UNIVERSIDADES;877943;—;Subvención;28/09/2026;2100;https://www.bocm.es/bocm-20240520-20
Concesiones;Orden de Convocatoria de Becas de Excel. Acad. 25-26. INICIO. Univ.;CONSEJERÍA DE EDUCACIÓN, CIENCIA Y UNIVERSIDADES;877943;—;Subvención;28/09/2026;2100;https://www.bocm.es/bocm-20240520-20
Concesiones;Orden de Convocatoria de Becas de Excel. Acad. 25-26. INICIO. Univ.;CONSEJERÍA DE EDUCACIÓN, CIENCIA Y UNIVERSIDADES;877943;—;Subvención;28/09/2026;2100;https://www.bocm.es/bocm-20240520-20
Concesiones;Orden de Convocatoria de Becas de Excel. Acad. 25-26. INICIO. Univ.;CONSEJERÍA DE EDUCACIÓN, CIENCIA Y UNIVERSIDADES;877943;—;Subvención;28/09/2026;2100;https://www.bocm.es/bocm-20240520-20
Concesiones;Orden de Convocatoria de Becas de Excel. Acad. 25-26. INICIO. Univ.;CONSEJERÍA DE EDUCACIÓN, CIENCIA Y UNIVERSIDADES;877943;—;Subvención;28/09/2026;2100;https://www.bocm.es/bocm-20240520-20
Concesiones;Orden de Convocatoria de Becas de Excel. Acad. 25-26. INICIO. Univ.;CONSEJERÍA DE EDUCACIÓN, CIENCIA Y UNIVERSIDADES;877943;—;Subvención;28/09/2026;2100;https://www.bocm.es/bocm-20240520-20
Concesiones;Orden de Convocatoria de Becas de Excel. Acad. 25-26. INICIO. Univ.;CONSEJERÍA DE EDUCACIÓN, CIENCIA Y UNIVERSIDADES;877943;—;Subvención;28/09/2026;2100;https://www.bocm.es/bocm-20240520-20
Concesiones;Orden de Convocatoria de Becas de Excel. Acad. 25-26. INICIO. Univ.;CONSEJERÍA DE EDUCACIÓN, CIENCIA Y UNIVERSIDADES;877943;—;Subvención;28/09/2026;2100;https://www.bocm.es/bocm-20240520-20
Concesiones;Orden de Convocatoria de Becas de Excel. Acad. 25-26. INICIO. Univ.;CONSEJERÍA DE EDUCACIÓN, CIENCIA Y UNIVERSIDADES;877943;—;Subvención;28/09/2026;2100;https://www.bocm.es/bocm-20240520-20
Concesiones;Orden de Convocatoria de Becas de Excel. Acad. 25-26. INICIO. Univ.;CONSEJERÍA DE EDUCACIÓN, CIENCIA Y UNIVERSIDADES;877943;—;Subvención;28/09/2026;2100;https://www.bocm.es/bocm-20240520-20
Concesiones;Orden de Convocatoria de Becas de Excel. Acad. 25-26. INICIO. Univ.;CONSEJERÍA DE EDUCACIÓN, CIENCIA Y UNIVERSIDADES;877943;—;Subvención;28/09/2026;2100;https://www.bocm.es/bocm-20240520-20
Concesiones;Orden de Convocatoria de Becas de Excel. Acad. 25-26. INICIO. Univ.;CONSEJERÍA DE EDUCACIÓN, CIENCIA Y UNIVERSIDADES;877943;—;Subvención;28/09/2026;2100;https://www.bocm.es/bocm-20240520-20
Concesiones;Orden de Convocatoria de Becas de Excel. Acad. 25-26. INICIO. Univ.;CONSEJERÍA DE EDUCACIÓN, CIENCIA Y UNIVERSIDADES;877943;—;Subvención;28/09/2026;2100;https://www.bocm.es/bocm-20240520-20
Concesiones;Orden de Convocatoria de Becas de Excel. Acad. 25-26. INICIO. Univ.;CONSEJERÍA DE EDUCACIÓN, CIENCIA Y UNIVERSIDADES;877943;—;Subvención;28/09/2026;2100;https://www.bocm.es/bocm-20240520-20
Concesiones;Orden de Convocatoria de Becas de Excel. Acad. 25-26. INICIO. Univ.;CONSEJERÍA DE EDUCACIÓN, CIENCIA Y UNIVERSIDADES;877943;—;Subvención;28/09/2026;2100;https://www.bocm.es/bocm-20240520-20
Concesiones;Orden de Convocatoria de Becas de Excel. Acad. 25-26. INICIO. Univ.;CONSEJERÍA DE EDUCACIÓN, CIENCIA Y UNIVERSIDADES;877943;—;Subvención;28/09/2026;2100;https://www.bocm.es/bocm-20240520-20
Concesiones;Orden de Convocatoria de Becas de Excel. Acad. 25-26. INICIO. Univ.;CONSEJERÍA DE EDUCACIÓN, CIENCIA Y UNIVERSIDADES;877943;—;Subvención;28/09/2026;2100;https://www.bocm.es/bocm-20240520-20
Concesiones;Orden de Convocatoria de Becas de Excel. Acad. 25-26. INICIO. Univ.;CONSEJERÍA DE EDUCACIÓN, CIENCIA Y UNIVERSIDADES;877943;—;Subvención;28/09/2026;2100;https://www.bocm.es/bocm-20240520-20
Concesiones;Orden de Convocatoria de Becas de Excel. Acad. 25-26. INICIO. Univ.;CONSEJERÍA DE EDUCACIÓN, CIENCIA Y UNIVERSIDADES;877943;—;Subvención;28/09/2026;2100;https://www.bocm.es/bocm-20240520-20
Concesiones;Orden de Convocatoria de Becas de Excel. Acad. 25-26. INICIO. Univ.;CONSEJERÍA DE EDUCACIÓN, CIENCIA Y UNIVERSIDADES;877943;—;Subvención;28/09/2026;2100;https://www.bocm.es/bocm-20240520-20
Concesiones;Orden de Convocatoria de Becas de Excel. Acad. 25-26. INICIO. Univ.;CONSEJERÍA DE EDUCACIÓN, CIENCIA Y UNIVERSIDADES;877943;—;Subvención;28/09/2026;2100;https://www.bocm.es/bocm-20240520-20
Concesiones;Orden de Convocatoria de Becas de Excel. Acad. 25-26. INICIO. Univ.;CONSEJERÍA DE EDUCACIÓN, CIENCIA Y UNIVERSIDADES;877943;—;Subvención;28/09/2026;2100;https://www.bocm.es/bocm-20240520-20
Concesiones;Orden de Convocatoria de Becas de Excel. Acad. 25-26. INICIO. Univ.;CONSEJERÍA DE EDUCACIÓN, CIENCIA Y UNIVERSIDADES;877943;—;Subvención;28/09/2026;2100;https://www.bocm.es/bocm-20240520-20
Concesiones;Orden de Convocatoria de Becas de Excel. Acad. 25-26. INICIO. Univ.;CONSEJERÍA DE EDUCACIÓN, CIENCIA Y UNIVERSIDADES;877943;—;Subvención;28/09/2026;2100;https://www.bocm.es/bocm-20240520-20
Concesiones;Orden de Convocatoria de Becas de Excel. Acad. 25-26. INICIO. Univ.;CONSEJERÍA DE EDUCACIÓN, CIENCIA Y UNIVERSIDADES;877943;—;Subvención;28/09/2026;2100;https://www.bocm.es/bocm-20240520-20
Concesiones;Orden de Convocatoria de Becas de Excel. Acad. 25-26. INICIO. Univ.;CONSEJERÍA DE EDUCACIÓN, CIENCIA Y UNIVERSIDADES;877943;—;Subvención;28/09/2026;2100;https://www.bocm.es/bocm-20240520-20
Concesiones;Orden de Convocatoria de Becas de Excel. Acad. 25-26. INICIO. Univ.;CONSEJERÍA DE EDUCACIÓN, CIENCIA Y UNIVERSIDADES;877943;—;Subvención;28/09/2026;2100;https://www.bocm.es/bocm-20240520-20
Concesiones;Orden de Convocatoria de Becas de Excel. Acad. 25-26. INICIO. Univ.;CONSEJERÍA DE EDUCACIÓN, CIENCIA Y UNIVERSIDADES;877943;—;Subvención;28/09/2026;2100;https://www.bocm.es/bocm-20240520-20
Concesiones;Orden de Convocatoria de Becas de Excel. Acad. 25-26. INICIO. Univ.;CONSEJERÍA DE EDUCACIÓN, CIENCIA Y UNIVERSIDADES;877943;—;Subvención;28/09/2026;2100;https://www.bocm.es/bocm-20240520-20
Concesiones;Orden de Convocatoria de Becas de Excel. Acad. 25-26. INICIO. Univ.;CONSEJERÍA DE EDUCACIÓN, CIENCIA Y UNIVERSIDADES;877943;—;Subvención;28/09/2026;2100;https://www.bocm.es/bocm-20240520-20
Concesiones;Orden de Convocatoria de Becas de Excel. Acad. 25-26. INICIO. Univ.;CONSEJERÍA DE EDUCACIÓN, CIENCIA Y UNIVERSIDADES;877943;—;Subvención;28/09/2026;2100;https://www.bocm.es/bocm-20240520-20
Concesiones;Orden de Convocatoria de Becas de Excel. Acad. 25-26. INICIO. Univ.;CONSEJERÍA DE EDUCACIÓN, CIENCIA Y UNIVERSIDADES;877943;—;Subvención;28/09/2026;2100;https://www.bocm.es/bocm-20240520-20
Concesiones;Orden de Convocatoria de Becas de Excel. Acad. 25-26. INICIO. Univ.;CONSEJERÍA DE EDUCACIÓN, CIENCIA Y UNIVERSIDADES;877943;—;Subvención;28/09/2026;2100;https://www.bocm.es/bocm-20240520-20
Concesiones;Orden de Convocatoria de Becas de Excel. Acad. 25-26. INICIO. Univ.;CONSEJERÍA DE EDUCACIÓN, CIENCIA Y UNIVERSIDADES;877943;—;Subvención;28/09/2026;2100;https://www.bocm.es/bocm-20240520-20
Concesiones;Orden de Convocatoria de Becas de Excel. Acad. 25-26. INICIO. Univ.;CONSEJERÍA DE EDUCACIÓN, CIENCIA Y UNIVERSIDADES;877943;—;Subvención;28/09/2026;2100;https://www.bocm.es/bocm-20240520-20
Concesiones;Orden de Convocatoria de Becas de Excel. Acad. 25-26. INICIO. Univ.;CONSEJERÍA DE EDUCACIÓN, CIENCIA Y UNIVERSIDADES;877943;—;Subvención;28/09/2026;2100;https://www.bocm.es/bocm-20240520-20
Concesiones;Orden de Convocatoria de Becas de Excel. Acad. 25-26. INICIO. Univ.;CONSEJERÍA DE EDUCACIÓN, CIENCIA Y UNIVERSIDADES;877943;—;Subvención;28/09/2026;2100;https://www.bocm.es/bocm-20240520-20
Concesiones;Orden de Convocatoria de Becas de Excel. Acad. 25-26. INICIO. Univ.;CONSEJERÍA DE EDUCACIÓN, CIENCIA Y UNIVERSIDADES;877943;—;Subvención;28/09/2026;2100;https://www.bocm.es/bocm-20240520-20
Concesiones;Orden de Convocatoria de Becas de Excel. Acad. 25-26. INICIO. Univ.;CONSEJERÍA DE EDUCACIÓN, CIENCIA Y UNIVERSIDADES;877943;—;Subvención;28/09/2026;2100;https://www.bocm.es/bocm-20240520-20
Concesiones;Orden de Convocatoria de Becas de Excel. Acad. 25-26. INICIO. Univ.;CONSEJERÍA DE EDUCACIÓN, CIENCIA Y UNIVERSIDADES;877943;—;Subvención;28/09/2026;2100;https://www.bocm.es/bocm-20240520-20
Concesiones;Orden de Convocatoria de Becas de Excel. Acad. 25-26. INICIO. Univ.;CONSEJERÍA DE EDUCACIÓN, CIENCIA Y UNIVERSIDADES;877943;—;Subvención;28/09/2026;2100;https://www.bocm.es/bocm-20240520-20
Concesiones;Orden de Convocatoria de Becas de Excel. Acad. 25-26. INICIO. Univ.;CONSEJERÍA DE EDUCACIÓN, CIENCIA Y UNIVERSIDADES;877943;—;Subvención;28/09/2026;2100;https://www.bocm.es/bocm-20240520-20
Concesiones;Orden de Convocatoria de Becas de Excel. Acad. 25-26. INICIO. Univ.;CONSEJERÍA DE EDUCACIÓN, CIENCIA Y UNIVERSIDADES;877943;—;Subvención;28/09/2026;2100;https://www.bocm.es/bocm-20240520-20
Concesiones;Orden de Convocatoria de Becas de Excel. Acad. 25-26. INICIO. Univ.;CONSEJERÍA DE EDUCACIÓN, CIENCIA Y UNIVERSIDADES;877943;—;Subvención;28/09/2026;2100;https://www.bocm.es/bocm-20240520-20
Concesiones;Orden de Convocatoria de Becas de Excel. Acad. 25-26. INICIO. Univ.;CONSEJERÍA DE EDUCACIÓN, CIENCIA Y UNIVERSIDADES;877943;—;Subvención;28/09/2026;2100;https://www.bocm.es/bocm-20240520-20
Concesiones;Orden de Convocatoria de Becas de Excel. Acad. 25-26. INICIO. Univ.;CONSEJERÍA DE EDUCACIÓN, CIENCIA Y UNIVERSIDADES;877943;—;Subvención;28/09/2026;2100;https://www.bocm.es/bocm-20240520-20
Concesiones;Orden de Convocatoria de Becas de Excel. Acad. 25-26. INICIO. Univ.;CONSEJERÍA DE EDUCACIÓN, CIENCIA Y UNIVERSIDADES;877943;—;Subvención;28/09/2026;2100;https://www.bocm.es/bocm-20240520-20
Concesiones;Orden de Convocatoria de Becas de Excel. Acad. 25-26. INICIO. Univ.;CONSEJERÍA DE EDUCACIÓN, CIENCIA Y UNIVERSIDADES;877943;—;Subvención;28/09/2026;2100;https://www.bocm.es/bocm-20240520-20
Concesiones;Orden de Convocatoria de Becas de Excel. Acad. 25-26. INICIO. Univ.;CONSEJERÍA DE EDUCACIÓN, CIENCIA Y UNIVERSIDADES;877943;—;Subvención;28/09/2026;2100;https://www.bocm.es/bocm-20240520-20
Concesiones;Orden de Convocatoria de Becas de Excel. Acad. 25-26. INICIO. Univ.;CONSEJERÍA DE EDUCACIÓN, CIENCIA Y UNIVERSIDADES;877943;—;Subvención;28/09/2026;2100;https://www.bocm.es/bocm-20240520-20
Concesiones;Orden de Convocatoria de Becas de Excel. Acad. 25-26. INICIO. Univ.;CONSEJERÍA DE EDUCACIÓN, CIENCIA Y UNIVERSIDADES;877943;—;Subvención;28/09/2026;2100;https://www.bocm.es/bocm-20240520-20
Concesiones;Orden de Convocatoria de Becas de Excel. Acad. 25-26. INICIO. Univ.;CONSEJERÍA DE EDUCACIÓN, CIENCIA Y UNIVERSIDADES;877943;—;Subvención;28/09/2026;2100;https://www.bocm.es/bocm-20240520-20
Concesiones;Orden de Convocatoria de Becas de Excel. Acad. 25-26. INICIO. Univ.;CONSEJERÍA DE EDUCACIÓN, CIENCIA Y UNIVERSIDADES;877943;—;Subvención;28/09/2026;2100;https://www.bocm.es/bocm-20240520-20
Concesiones;Orden de Convocatoria de Becas de Excel. Acad. 25-26. INICIO. Univ.;CONSEJERÍA DE EDUCACIÓN, CIENCIA Y UNIVERSIDADES;877943;—;Subvención;28/09/2026;2100;https://www.bocm.es/bocm-20240520-20
Concesiones;Orden de Convocatoria de Becas de Excel. Acad. 25-26. INICIO. Univ.;CONSEJERÍA DE EDUCACIÓN, CIENCIA Y UNIVERSIDADES;877943;—;Subvención;28/09/2026;2100;https://www.bocm.es/bocm-20240520-20
Concesiones;Orden de Convocatoria de Becas de Excel. Acad. 25-26. INICIO. Univ.;CONSEJERÍA DE EDUCACIÓN, CIENCIA Y UNIVERSIDADES;877943;—;Subvención;28/09/2026;2100;https://www.bocm.es/bocm-20240520-20
Concesiones;Orden de Convocatoria de Becas de Excel. Acad. 25-26. INICIO. Univ.;CONSEJERÍA DE EDUCACIÓN, CIENCIA Y UNIVERSIDADES;877943;—;Subvención;28/09/2026;2100;https://www.bocm.es/bocm-20240520-20
Concesiones;Orden de Convocatoria de Becas de Excel. Acad. 25-26. INICIO. Univ.;CONSEJERÍA DE EDUCACIÓN, CIENCIA Y UNIVERSIDADES;877943;—;Subvención;28/09/2026;2100;https://www.bocm.es/bocm-20240520-20
Concesiones;Orden de Convocatoria de Becas de Excel. Acad. 25-26. INICIO. Univ.;CONSEJERÍA DE EDUCACIÓN, CIENCIA Y UNIVERSIDADES;877943;—;Subvención;28/09/2026;2100;https://www.bocm.es/bocm-20240520-20
Concesiones;Orden de Convocatoria de Becas de Excel. Acad. 25-26. INICIO. Univ.;CONSEJERÍA DE EDUCACIÓN, CIENCIA Y UNIVERSIDADES;877943;—;Subvención;28/09/2026;2100;https://www.bocm.es/bocm-20240520-20
Concesiones;Orden de Convocatoria de Becas de Excel. Acad. 25-26. INICIO. Univ.;CONSEJERÍA DE EDUCACIÓN, CIENCIA Y UNIVERSIDADES;877943;—;Subvención;28/09/2026;2100;https://www.bocm.es/bocm-20240520-20
Concesiones;Orden de Convocatoria de Becas de Excel. Acad. 25-26. INICIO. Univ.;CONSEJERÍA DE EDUCACIÓN, CIENCIA Y UNIVERSIDADES;877943;—;Subvención;28/09/2026;2100;https://www.bocm.es/bocm-20240520-20
Concesiones;Orden de Convocatoria de Becas de Excel. Acad. 25-26. INICIO. Univ.;CONSEJERÍA DE EDUCACIÓN, CIENCIA Y UNIVERSIDADES;877943;—;Subvención;28/09/2026;2100;https://www.bocm.es/bocm-20240520-20
Concesiones;Orden de Convocatoria de Becas de Excel. Acad. 25-26. INICIO. Univ.;CONSEJERÍA DE EDUCACIÓN, CIENCIA Y UNIVERSIDADES;877943;—;Subvención;28/09/2026;2100;https://www.bocm.es/bocm-20240520-20
Concesiones;Orden de Convocatoria de Becas de Excel. Acad. 25-26. INICIO. Univ.;CONSEJERÍA DE EDUCACIÓN, CIENCIA Y UNIVERSIDADES;877943;—;Subvención;28/09/2026;2100;https://www.bocm.es/bocm-20240520-20
Concesiones;Orden de Convocatoria de Becas de Excel. Acad. 25-26. INICIO. Univ.;CONSEJERÍA DE EDUCACIÓN, CIENCIA Y UNIVERSIDADES;877943;—;Subvención;28/09/2026;2100;https://www.bocm.es/bocm-20240520-20
Concesiones;Orden de Convocatoria de Becas de Excel. Acad. 25-26. INICIO. Univ.;CONSEJERÍA DE EDUCACIÓN, CIENCIA Y UNIVERSIDADES;877943;—;Subvención;28/09/2026;2100;https://www.bocm.es/bocm-20240520-20
Concesiones;Orden de Convocatoria de Becas de Excel. Acad. 25-26. INICIO. Univ.;CONSEJERÍA DE EDUCACIÓN, CIENCIA Y UNIVERSIDADES;877943;—;Subvención;28/09/2026;2100;https://www.bocm.es/bocm-20240520-20
Concesiones;Orden de Convocatoria de Becas de Excel. Acad. 25-26. INICIO. Univ.;CONSEJERÍA DE EDUCACIÓN, CIENCIA Y UNIVERSIDADES;877943;—;Subvención;28/09/2026;2100;https://www.bocm.es/bocm-20240520-20
Concesiones;Orden de Convocatoria de Becas de Excel. Acad. 25-26. INICIO. Univ.;CONSEJERÍA DE EDUCACIÓN, CIENCIA Y UNIVERSIDADES;877943;—;Subvención;28/09/2026;2100;https://www.bocm.es/bocm-20240520-20
Concesiones;Orden de Convocatoria de Becas de Excel. Acad. 25-26. INICIO. Univ.;CONSEJERÍA DE EDUCACIÓN, CIENCIA Y UNIVERSIDADES;877943;—;Subvención;28/09/2026;2100;https://www.bocm.es/bocm-20240520-20
Concesiones;Orden de Convocatoria de Becas de Excel. Acad. 25-26. INICIO. Univ.;CONSEJERÍA DE EDUCACIÓN, CIENCIA Y UNIVERSIDADES;877943;—;Subvención;28/09/2026;2100;https://www.bocm.es/bocm-20240520-20
Concesiones;Orden de Convocatoria de Becas de Excel. Acad. 25-26. INICIO. Univ.;CONSEJERÍA DE EDUCACIÓN, CIENCIA Y UNIVERSIDADES;877943;—;Subvención;28/09/2026;2100;https://www.bocm.es/bocm-20240520-20
Concesiones;Orden de Convocatoria de Becas de Excel. Acad. 25-26. INICIO. Univ.;CONSEJERÍA DE EDUCACIÓN, CIENCIA Y UNIVERSIDADES;877943;—;Subvención;28/09/2026;2100;https://www.bocm.es/bocm-20240520-20
Concesiones;Orden de Convocatoria de Becas de Excel. Acad. 25-26. INICIO. Univ.;CONSEJERÍA DE EDUCACIÓN, CIENCIA Y UNIVERSIDADES;877943;—;Subvención;28/09/2026;2100;https://www.bocm.es/bocm-20240520-20
Concesiones;Orden de Convocatoria de Becas de Excel. Acad. 25-26. INICIO. Univ.;CONSEJERÍA DE EDUCACIÓN, CIENCIA Y UNIVERSIDADES;877943;—;Subvención;28/09/2026;2100;https://www.bocm.es/bocm-20240520-20
Concesiones;Orden de Convocatoria de Becas de Excel. Acad. 25-26. INICIO. Univ.;CONSEJERÍA DE EDUCACIÓN, CIENCIA Y UNIVERSIDADES;877943;—;Subvención;28/09/2026;2100;https://www.bocm.es/bocm-20240520-20
Concesiones;Orden de Convocatoria de Becas de Excel. Acad. 25-26. INICIO. Univ.;CONSEJERÍA DE EDUCACIÓN, CIENCIA Y UNIVERSIDADES;877943;—;Subvención;28/09/2026;2100;https://www.bocm.es/bocm-20240520-20
Concesiones;Orden de Convocatoria de Becas de Excel. Acad. 25-26. INICIO. Univ.;CONSEJERÍA DE EDUCACIÓN, CIENCIA Y UNIVERSIDADES;877943;—;Subvención;28/09/2026;2100;https://www.bocm.es/bocm-20240520-20
Concesiones;Orden de Convocatoria de Becas de Excel. Acad. 25-26. INICIO. Univ.;CONSEJERÍA DE EDUCACIÓN, CIENCIA Y UNIVERSIDADES;877943;—;Subvención;28/09/2026;2100;https://www.bocm.es/bocm-20240520-20
Concesiones;Orden de Convocatoria de Becas de Excel. Acad. 25-26. INICIO. Univ.;CONSEJERÍA DE EDUCACIÓN, CIENCIA Y UNIVERSIDADES;877943;—;Subvención;28/09/2026;2100;https://www.bocm.es/bocm-20240520-20
Concesiones;Orden de Convocatoria de Becas de Excel. Acad. 25-26. INICIO. Univ.;CONSEJERÍA DE EDUCACIÓN, CIENCIA Y UNIVERSIDADES;877943;—;Subvención;28/09/2026;2100;https://www.bocm.es/bocm-20240520-20
Concesiones;Orden de Convocatoria de Becas de Excel. Acad. 25-26. INICIO. Univ.;CONSEJERÍA DE EDUCACIÓN, CIENCIA Y UNIVERSIDADES;877943;—;Subvención;28/09/2026;2100;https://www.bocm.es/bocm-20240520-20
Concesiones;Orden de Convocatoria de Becas de Excel. Acad. 25-26. INICIO. Univ.;CONSEJERÍA DE EDUCACIÓN, CIENCIA Y UNIVERSIDADES;877943;—;Subvención;28/09/2026;2100;https://www.bocm.es/bocm-20240520-20
Concesiones;Orden de Convocatoria de Becas de Excel. Acad. 25-26. INICIO. Univ.;CONSEJERÍA DE EDUCACIÓN, CIENCIA Y UNIVERSIDADES;877943;—;Subvención;28/09/2026;2100;https://www.bocm.es/bocm-20240520-20
Concesiones;Orden de Convocatoria de Becas de Excel. Acad. 25-26. INICIO. Univ.;CONSEJERÍA DE EDUCACIÓN, CIENCIA Y UNIVERSIDADES;877943;—;Subvención;28/09/2026;2100;https://www.bocm.es/bocm-20240520-20
Concesiones;Orden de Convocatoria de Becas de Excel. Acad. 25-26. INICIO. Univ.;CONSEJERÍA DE EDUCACIÓN, CIENCIA Y UNIVERSIDADES;877943;—;Subvención;28/09/2026;2100;https://www.bocm.es/bocm-20240520-20
Concesiones;Orden de Convocatoria de Becas de Excel. Acad. 25-26. INICIO. Univ.;CONSEJERÍA DE EDUCACIÓN, CIENCIA Y UNIVERSIDADES;877943;—;Subvención;28/09/2026;2100;https://www.bocm.es/bocm-20240520-20
Concesiones;Orden de Convocatoria de Becas de Excel. Acad. 25-26. INICIO. Univ.;CONSEJERÍA DE EDUCACIÓN, CIENCIA Y UNIVERSIDADES;877943;—;Subvención;28/09/2026;2100;https://www.bocm.es/bocm-20240520-20
Concesiones;Orden de Convocatoria de Becas de Excel. Acad. 25-26. INICIO. Univ.;CONSEJERÍA DE EDUCACIÓN, CIENCIA Y UNIVERSIDADES;877943;—;Subvención;28/09/2026;2100;https://www.bocm.es/bocm-20240520-20
Concesiones;Orden de Convocatoria de Becas de Excel. Acad. 25-26. INICIO. Univ.;CONSEJERÍA DE EDUCACIÓN, CIENCIA Y UNIVERSIDADES;877943;—;Subvención;28/09/2026;2100;https://www.bocm.es/bocm-20240520-20
Concesiones;Orden de Convocatoria de Becas de Excel. Acad. 25-26. INICIO. Univ.;CONSEJERÍA DE EDUCACIÓN, CIENCIA Y UNIVERSIDADES;877943;—;Subvención;28/09/2026;2100;https://www.bocm.es/bocm-20240520-20
Concesiones;Orden de Convocatoria de Becas de Excel. Acad. 25-26. INICIO. Univ.;CONSEJERÍA DE EDUCACIÓN, CIENCIA Y UNIVERSIDADES;877943;—;Subvención;28/09/2026;2100;https://www.bocm.es/bocm-20240520-20
Concesiones;Orden de Convocatoria de Becas de Excel. Acad. 25-26. INICIO. Univ.;CONSEJERÍA DE EDUCACIÓN, CIENCIA Y UNIVERSIDADES;877943;—;Subvención;28/09/2026;2100;https://www.bocm.es/bocm-20240520-20
Concesiones;Orden de Convocatoria de Becas de Excel. Acad. 25-26. INICIO. Univ.;CONSEJERÍA DE EDUCACIÓN, CIENCIA Y UNIVERSIDADES;877943;—;Subvención;28/09/2026;2100;https://www.bocm.es/bocm-20240520-20
Concesiones;Orden de Convocatoria de Becas de Excel. Acad. 25-26. INICIO. Univ.;CONSEJERÍA DE EDUCACIÓN, CIENCIA Y UNIVERSIDADES;877943;—;Subvención;28/09/2026;2100;https://www.bocm.es/bocm-20240520-20
Concesiones;Orden de Convocatoria de Becas de Excel. Acad. 25-26. INICIO. Univ.;CONSEJERÍA DE EDUCACIÓN, CIENCIA Y UNIVERSIDADES;877943;—;Subvención;28/09/2026;2100;https://www.bocm.es/bocm-20240520-20
Concesiones;Orden de Convocatoria de Becas de Excel. Acad. 25-26. INICIO. Univ.;CONSEJERÍA DE EDUCACIÓN, CIENCIA Y UNIVERSIDADES;877943;—;Subvención;28/09/2026;2100;https://www.bocm.es/bocm-20240520-20
Concesiones;Orden de Convocatoria de Becas de Excel. Acad. 25-26. INICIO. Univ.;CONSEJERÍA DE EDUCACIÓN, CIENCIA Y UNIVERSIDADES;877943;—;Subvención;28/09/2026;2100;https://www.bocm.es/bocm-20240520-20
Concesiones;Orden de Convocatoria de Becas de Excel. Acad. 25-26. INICIO. Univ.;CONSEJERÍA DE EDUCACIÓN, CIENCIA Y UNIVERSIDADES;877943;—;Subvención;28/09/2026;2100;https://www.bocm.es/bocm-20240520-20
Concesiones;Orden de Convocatoria de Becas de Excel. Acad. 25-26. INICIO. Univ.;CONSEJERÍA DE EDUCACIÓN, CIENCIA Y UNIVERSIDADES;877943;—;Subvención;28/09/2026;2100;https://www.bocm.es/bocm-20240520-20
Concesiones;Orden de Convocatoria de Becas de Excel. Acad. 25-26. INICIO. Univ.;CONSEJERÍA DE EDUCACIÓN, CIENCIA Y UNIVERSIDADES;877943;—;Subvención;28/09/2026;2100;https://www.bocm.es/bocm-20240520-20
Concesiones;Orden de Convocatoria de Becas de Excel. Acad. 25-26. INICIO. Univ.;CONSEJERÍA DE EDUCACIÓN, CIENCIA Y UNIVERSIDADES;877943;—;Subvención;28/09/2026;2100;https://www.bocm.es/bocm-20240520-20
Concesiones;Orden de Convocatoria de Becas de Excel. Acad. 25-26. INICIO. Univ.;CONSEJERÍA DE EDUCACIÓN, CIENCIA Y UNIVERSIDADES;877943;—;Subvención;28/09/2026;2100;https://www.bocm.es/bocm-20240520-20
Concesiones;Orden de Convocatoria de Becas de Excel. Acad. 25-26. INICIO. Univ.;CONSEJERÍA DE EDUCACIÓN, CIENCIA Y UNIVERSIDADES;877943;—;Subvención;28/09/2026;2100;https://www.bocm.es/bocm-20240520-20
Concesiones;Orden de Convocatoria de Becas de Excel. Acad. 25-26. INICIO. Univ.;CONSEJERÍA DE EDUCACIÓN, CIENCIA Y UNIVERSIDADES;877943;—;Subvención;28/09/2026;2100;https://www.bocm.es/bocm-20240520-20
Concesiones;Orden de Convocatoria de Becas de Excel. Acad. 25-26. INICIO. Univ.;CONSEJERÍA DE EDUCACIÓN, CIENCIA Y UNIVERSIDADES;877943;—;Subvención;28/09/2026;2100;https://www.bocm.es/bocm-20240520-20
Concesiones;Orden de Convocatoria de Becas de Excel. Acad. 25-26. INICIO. Univ.;CONSEJERÍA DE EDUCACIÓN, CIENCIA Y UNIVERSIDADES;877943;—;Subvención;28/09/2026;2100;https://www.bocm.es/bocm-20240520-20
Concesiones;Orden de Convocatoria de Becas de Excel. Acad. 25-26. INICIO. Univ.;CONSEJERÍA DE EDUCACIÓN, CIENCIA Y UNIVERSIDADES;877943;—;Subvención;28/09/2026;2100;https://www.bocm.es/bocm-20240520-20
Concesiones;Orden de Convocatoria de Becas de Excel. Acad. 25-26. INICIO. Univ.;CONSEJERÍA DE EDUCACIÓN, CIENCIA Y UNIVERSIDADES;877943;—;Subvención;28/09/2026;2100;https://www.bocm.es/bocm-20240520-20
Concesiones;Orden de Convocatoria de Becas de Excel. Acad. 25-26. INICIO. Univ.;CONSEJERÍA DE EDUCACIÓN, CIENCIA Y UNIVERSIDADES;877943;—;Subvención;28/09/2026;2100;https://www.bocm.es/bocm-20240520-20
Concesiones;Orden de Convocatoria de Becas de Excel. Acad. 25-26. INICIO. Univ.;CONSEJERÍA DE EDUCACIÓN, CIENCIA Y UNIVERSIDADES;877943;—;Subvención;28/09/2026;2100;https://www.bocm.es/bocm-20240520-20
Concesiones;Orden de Convocatoria de Becas de Excel. Acad. 25-26. INICIO. Univ.;CONSEJERÍA DE EDUCACIÓN, CIENCIA Y UNIVERSIDADES;877943;—;Subvención;28/09/2026;2100;https://www.bocm.es/bocm-20240520-20
Concesiones;Orden de Convocatoria de Becas de Excel. Acad. 25-26. INICIO. Univ.;CONSEJERÍA DE EDUCACIÓN, CIENCIA Y UNIVERSIDADES;877943;—;Subvención;28/09/2026;2100;https://www.bocm.es/bocm-20240520-20
Concesiones;Orden de Convocatoria de Becas de Excel. Acad. 25-26. INICIO. Univ.;CONSEJERÍA DE EDUCACIÓN, CIENCIA Y UNIVERSIDADES;877943;—;Subvención;28/09/2026;2100;https://www.bocm.es/bocm-20240520-20
Concesiones;Orden de Convocatoria de Becas de Excel. Acad. 25-26. INICIO. Univ.;CONSEJERÍA DE EDUCACIÓN, CIENCIA Y UNIVERSIDADES;877943;—;Subvención;28/09/2026;2100;https://www.bocm.es/bocm-20240520-20
Concesiones;Orden de Convocatoria de Becas de Excel. Acad. 25-26. INICIO. Univ.;CONSEJERÍA DE EDUCACIÓN, CIENCIA Y UNIVERSIDADES;877943;—;Subvención;28/09/2026;2100;https://www.bocm.es/bocm-20240520-20
Concesiones;Orden de Convocatoria de Becas de Excel. Acad. 25-26. INICIO. Univ.;CONSEJERÍA DE EDUCACIÓN, CIENCIA Y UNIVERSIDADES;877943;—;Subvención;28/09/2026;2100;https://www.bocm.es/bocm-20240520-20
Concesiones;Orden de Convocatoria de Becas de Excel. Acad. 25-26. INICIO. Univ.;CONSEJERÍA DE EDUCACIÓN, CIENCIA Y UNIVERSIDADES;877943;—;Subvención;28/09/2026;2100;https://www.bocm.es/bocm-20240520-20
Concesiones;Orden de Convocatoria de Becas de Excel. Acad. 25-26. INICIO. Univ.;CONSEJERÍA DE EDUCACIÓN, CIENCIA Y UNIVERSIDADES;877943;—;Subvención;28/09/2026;2100;https://www.bocm.es/bocm-20240520-20
Concesiones;Orden de Convocatoria de Becas de Excel. Acad. 25-26. INICIO. Univ.;CONSEJERÍA DE EDUCACIÓN, CIENCIA Y UNIVERSIDADES;877943;—;Subvención;28/09/2026;2100;https://www.bocm.es/bocm-20240520-20
Concesiones;Orden de Convocatoria de Becas de Excel. Acad. 25-26. INICIO. Univ.;CONSEJERÍA DE EDUCACIÓN, CIENCIA Y UNIVERSIDADES;877943;—;Subvención;28/09/2026;2100;https://www.bocm.es/bocm-20240520-20
Concesiones;Orden de Convocatoria de Becas de Excel. Acad. 25-26. INICIO. Univ.;CONSEJERÍA DE EDUCACIÓN, CIENCIA Y UNIVERSIDADES;877943;—;Subvención;28/09/2026;2100;https://www.bocm.es/bocm-20240520-20
Concesiones;Orden de Convocatoria de Becas de Excel. Acad. 25-26. INICIO. Univ.;CONSEJERÍA DE EDUCACIÓN, CIENCIA Y UNIVERSIDADES;877943;—;Subvención;28/09/2026;2100;https://www.bocm.es/bocm-20240520-20
Concesiones;Orden de Convocatoria de Becas de Excel. Acad. 25-26. INICIO. Univ.;CONSEJERÍA DE EDUCACIÓN, CIENCIA Y UNIVERSIDADES;877943;—;Subvención;28/09/2026;2100;https://www.bocm.es/bocm-20240520-20
Concesiones;Orden de Convocatoria de Becas de Excel. Acad. 25-26. INICIO. Univ.;CONSEJERÍA DE EDUCACIÓN, CIENCIA Y UNIVERSIDADES;877943;—;Subvención;28/09/2026;2100;https://www.bocm.es/bocm-20240520-20
Concesiones;Orden de Convocatoria de Becas de Excel. Acad. 25-26. INICIO. Univ.;CONSEJERÍA DE EDUCACIÓN, CIENCIA Y UNIVERSIDADES;877943;—;Subvención;28/09/2026;2100;https://www.bocm.es/bocm-20240520-20
Concesiones;Orden de Convocatoria de Becas de Excel. Acad. 25-26. INICIO. Univ.;CONSEJERÍA DE EDUCACIÓN, CIENCIA Y UNIVERSIDADES;877943;—;Subvención;28/09/2026;2100;https://www.bocm.es/bocm-20240520-20
Concesiones;Orden de Convocatoria de Becas de Excel. Acad. 25-26. INICIO. Univ.;CONSEJERÍA DE EDUCACIÓN, CIENCIA Y UNIVERSIDADES;877943;—;Subvención;28/09/2026;2100;https://www.bocm.es/bocm-20240520-20
Concesiones;Orden de Convocatoria de Becas de Excel. Acad. 25-26. INICIO. Univ.;CONSEJERÍA DE EDUCACIÓN, CIENCIA Y UNIVERSIDADES;877943;—;Subvención;28/09/2026;2100;https://www.bocm.es/bocm-20240520-20
Concesiones;Orden de Convocatoria de Becas de Excel. Acad. 25-26. INICIO. Univ.;CONSEJERÍA DE EDUCACIÓN, CIENCIA Y UNIVERSIDADES;877943;—;Subvención;28/09/2026;2100;https://www.bocm.es/bocm-20240520-20
Concesiones;Orden de Convocatoria de Becas de Excel. Acad. 25-26. INICIO. Univ.;CONSEJERÍA DE EDUCACIÓN, CIENCIA Y UNIVERSIDADES;877943;—;Subvención;28/09/2026;2100;https://www.bocm.es/bocm-20240520-20
Concesiones;Orden de Convocatoria de Becas de Excel. Acad. 25-26. INICIO. Univ.;CONSEJERÍA DE EDUCACIÓN, CIENCIA Y UNIVERSIDADES;877943;—;Subvención;28/09/2026;2100;https://www.bocm.es/bocm-20240520-20
Concesiones;Orden de Convocatoria de Becas de Excel. Acad. 25-26. INICIO. Univ.;CONSEJERÍA DE EDUCACIÓN, CIENCIA Y UNIVERSIDADES;877943;—;Subvención;28/09/2026;2100;https://www.bocm.es/bocm-20240520-20
Concesiones;Orden de Convocatoria de Becas de Excel. Acad. 25-26. INICIO. Univ.;CONSEJERÍA DE EDUCACIÓN, CIENCIA Y UNIVERSIDADES;877943;—;Subvención;28/09/2026;2100;https://www.bocm.es/bocm-20240520-20
Concesiones;Orden de Convocatoria de Becas de Excel. Acad. 25-26. INICIO. Univ.;CONSEJERÍA DE EDUCACIÓN, CIENCIA Y UNIVERSIDADES;877943;—;Subvención;28/09/2026;2100;https://www.bocm.es/bocm-20240520-20
Concesiones;Orden de Convocatoria de Becas de Excel. Acad. 25-26. INICIO. Univ.;CONSEJERÍA DE EDUCACIÓN, CIENCIA Y UNIVERSIDADES;877943;—;Subvención;28/09/2026;2100;https://www.bocm.es/bocm-20240520-20
Concesiones;Orden de Convocatoria de Becas de Excel. Acad. 25-26. INICIO. Univ.;CONSEJERÍA DE EDUCACIÓN, CIENCIA Y UNIVERSIDADES;877943;—;Subvención;28/09/2026;2100;https://www.bocm.es/bocm-20240520-20
Concesiones;Orden de Convocatoria de Becas de Excel. Acad. 25-26. INICIO. Univ.;CONSEJERÍA DE EDUCACIÓN, CIENCIA Y UNIVERSIDADES;877943;—;Subvención;28/09/2026;2100;https://www.bocm.es/bocm-20240520-20
Concesiones;Orden de Convocatoria de Becas de Excel. Acad. 25-26. INICIO. Univ.;CONSEJERÍA DE EDUCACIÓN, CIENCIA Y UNIVERSIDADES;877943;—;Subvención;28/09/2026;2100;https://www.bocm.es/bocm-20240520-20
Concesiones;Orden de Convocatoria de Becas de Excel. Acad. 25-26. INICIO. Univ.;CONSEJERÍA DE EDUCACIÓN, CIENCIA Y UNIVERSIDADES;877943;—;Subvención;28/09/2026;2100;https://www.bocm.es/bocm-20240520-20
Concesiones;Orden de Convocatoria de Becas de Excel. Acad. 25-26. INICIO. Univ.;CONSEJERÍA DE EDUCACIÓN, CIENCIA Y UNIVERSIDADES;877943;—;Subvención;28/09/2026;2100;https://www.bocm.es/bocm-20240520-20
Concesiones;Orden de Convocatoria de Becas de Excel. Acad. 25-26. INICIO. Univ.;CONSEJERÍA DE EDUCACIÓN, CIENCIA Y UNIVERSIDADES;877943;—;Subvención;28/09/2026;2100;https://www.bocm.es/bocm-20240520-20
Concesiones;Orden de Convocatoria de Becas de Excel. Acad. 25-26. INICIO. Univ.;CONSEJERÍA DE EDUCACIÓN, CIENCIA Y UNIVERSIDADES;877943;—;Subvención;28/09/2026;2100;https://www.bocm.es/bocm-20240520-20
Concesiones;Orden de Convocatoria de Becas de Excel. Acad. 25-26. INICIO. Univ.;CONSEJERÍA DE EDUCACIÓN, CIENCIA Y UNIVERSIDADES;877943;—;Subvención;28/09/2026;2100;https://www.bocm.es/bocm-20240520-20
Concesiones;Orden de Convocatoria de Becas de Excel. Acad. 25-26. INICIO. Univ.;CONSEJERÍA DE EDUCACIÓN, CIENCIA Y UNIVERSIDADES;877943;—;Subvención;28/09/2026;2100;https://www.bocm.es/bocm-20240520-20
Concesiones;Orden de Convocatoria de Becas de Excel. Acad. 25-26. INICIO. Univ.;CONSEJERÍA DE EDUCACIÓN, CIENCIA Y UNIVERSIDADES;877943;—;Subvención;28/09/2026;2100;https://www.bocm.es/bocm-20240520-20
Concesiones;Orden de Convocatoria de Becas de Excel. Acad. 25-26. INICIO. Univ.;CONSEJERÍA DE EDUCACIÓN, CIENCIA Y UNIVERSIDADES;877943;—;Subvención;28/09/2026;2100;https://www.bocm.es/bocm-20240520-20
Concesiones;Orden de Convocatoria de Becas de Excel. Acad. 25-26. INICIO. Univ.;CONSEJERÍA DE EDUCACIÓN, CIENCIA Y UNIVERSIDADES;877943;—;Subvención;28/09/2026;2100;https://www.bocm.es/bocm-20240520-20
Concesiones;Orden de Convocatoria de Becas de Excel. Acad. 25-26. INICIO. Univ.;CONSEJERÍA DE EDUCACIÓN, CIENCIA Y UNIVERSIDADES;877943;—;Subvención;28/09/2026;2100;https://www.bocm.es/bocm-20240520-20
Concesiones;Orden de Convocatoria de Becas de Excel. Acad. 25-26. INICIO. Univ.;CONSEJERÍA DE EDUCACIÓN, CIENCIA Y UNIVERSIDADES;877943;—;Subvención;28/09/2026;2100;https://www.bocm.es/bocm-20240520-20
Concesiones;Orden de Convocatoria de Becas de Excel. Acad. 25-26. INICIO. Univ.;CONSEJERÍA DE EDUCACIÓN, CIENCIA Y UNIVERSIDADES;877943;—;Subvención;28/09/2026;2100;https://www.bocm.es/bocm-20240520-20
Concesiones;Orden de Convocatoria de Becas de Excel. Acad. 25-26. INICIO. Univ.;CONSEJERÍA DE EDUCACIÓN, CIENCIA Y UNIVERSIDADES;877943;—;Subvención;28/09/2026;2100;https://www.bocm.es/bocm-20240520-20
Concesiones;Orden de Convocatoria de Becas de Excel. Acad. 25-26. INICIO. Univ.;CONSEJERÍA DE EDUCACIÓN, CIENCIA Y UNIVERSIDADES;877943;—;Subvención;28/09/2026;2100;https://www.bocm.es/bocm-20240520-20
Concesiones;Orden de Convocatoria de Becas de Excel. Acad. 25-26. INICIO. Univ.;CONSEJERÍA DE EDUCACIÓN, CIENCIA Y UNIVERSIDADES;877943;—;Subvención;28/09/2026;2100;https://www.bocm.es/bocm-20240520-20
Concesiones;Orden de Convocatoria de Becas de Excel. Acad. 25-26. INICIO. Univ.;CONSEJERÍA DE EDUCACIÓN, CIENCIA Y UNIVERSIDADES;877943;—;Subvención;28/09/2026;2100;https://www.bocm.es/bocm-20240520-20
Concesiones;Orden de Convocatoria de Becas de Excel. Acad. 25-26. INICIO. Univ.;CONSEJERÍA DE EDUCACIÓN, CIENCIA Y UNIVERSIDADES;877943;—;Subvención;28/09/2026;2100;https://www.bocm.es/bocm-20240520-20
Concesiones;Orden de Convocatoria de Becas de Excel. Acad. 25-26. INICIO. Univ.;CONSEJERÍA DE EDUCACIÓN, CIENCIA Y UNIVERSIDADES;877943;—;Subvención;28/09/2026;2100;https://www.bocm.es/bocm-20240520-20
Concesiones;Orden de Convocatoria de Becas de Excel. Acad. 25-26. INICIO. Univ.;CONSEJERÍA DE EDUCACIÓN, CIENCIA Y UNIVERSIDADES;877943;—;Subvención;28/09/2026;2100;https://www.bocm.es/bocm-20240520-20
Concesiones;Orden de Convocatoria de Becas de Excel. Acad. 25-26. INICIO. Univ.;CONSEJERÍA DE EDUCACIÓN, CIENCIA Y UNIVERSIDADES;877943;—;Subvención;28/09/2026;2100;https://www.bocm.es/bocm-20240520-20
Concesiones;Orden de Convocatoria de Becas de Excel. Acad. 25-26. INICIO. Univ.;CONSEJERÍA DE EDUCACIÓN, CIENCIA Y UNIVERSIDADES;877943;—;Subvención;28/09/2026;2100;https://www.bocm.es/bocm-20240520-20
Concesiones;Orden de Convocatoria de Becas de Excel. Acad. 25-26. INICIO. Univ.;CONSEJERÍA DE EDUCACIÓN, CIENCIA Y UNIVERSIDADES;877943;—;Subvención;28/09/2026;2100;https://www.bocm.es/bocm-20240520-20
Concesiones;Orden de Convocatoria de Becas de Excel. Acad. 25-26. INICIO. Univ.;CONSEJERÍA DE EDUCACIÓN, CIENCIA Y UNIVERSIDADES;877943;—;Subvención;28/09/2026;2100;https://www.bocm.es/bocm-20240520-20
Concesiones;Orden de Convocatoria de Becas de Excel. Acad. 25-26. INICIO. Univ.;CONSEJERÍA DE EDUCACIÓN, CIENCIA Y UNIVERSIDADES;877943;—;Subvención;28/09/2026;2100;https://www.bocm.es/bocm-20240520-20
Concesiones;Orden de Convocatoria de Becas de Excel. Acad. 25-26. INICIO. Univ.;CONSEJERÍA DE EDUCACIÓN, CIENCIA Y UNIVERSIDADES;877943;—;Subvención;28/09/2026;2100;https://www.bocm.es/bocm-20240520-20
Concesiones;Orden de Convocatoria de Becas de Excel. Acad. 25-26. INICIO. Univ.;CONSEJERÍA DE EDUCACIÓN, CIENCIA Y UNIVERSIDADES;877943;—;Subvención;28/09/2026;2100;https://www.bocm.es/bocm-20240520-20
Concesiones;Orden de Convocatoria de Becas de Excel. Acad. 25-26. INICIO. Univ.;CONSEJERÍA DE EDUCACIÓN, CIENCIA Y UNIVERSIDADES;877943;—;Subvención;28/09/2026;2100;https://www.bocm.es/bocm-20240520-20
Concesiones;Orden de Convocatoria de Becas de Excel. Acad. 25-26. INICIO. Univ.;CONSEJERÍA DE EDUCACIÓN, CIENCIA Y UNIVERSIDADES;877943;—;Subvención;28/09/2026;2100;https://www.bocm.es/bocm-20240520-20
Concesiones;Orden de Convocatoria de Becas de Excel. Acad. 25-26. INICIO. Univ.;CONSEJERÍA DE EDUCACIÓN, CIENCIA Y UNIVERSIDADES;877943;—;Subvención;28/09/2026;2100;https://www.bocm.es/bocm-20240520-20
Concesiones;Orden de Convocatoria de Becas de Excel. Acad. 25-26. INICIO. Univ.;CONSEJERÍA DE EDUCACIÓN, CIENCIA Y UNIVERSIDADES;877943;—;Subvención;28/09/2026;2100;https://www.bocm.es/bocm-20240520-20
Concesiones;Orden de Convocatoria de Becas de Excel. Acad. 25-26. INICIO. Univ.;CONSEJERÍA DE EDUCACIÓN, CIENCIA Y UNIVERSIDADES;877943;—;Subvención;28/09/2026;2100;https://www.bocm.es/bocm-20240520-20
Concesiones;Orden de Convocatoria de Becas de Excel. Acad. 25-26. INICIO. Univ.;CONSEJERÍA DE EDUCACIÓN, CIENCIA Y UNIVERSIDADES;877943;—;Subvención;28/09/2026;2100;https://www.bocm.es/bocm-20240520-20
Concesiones;Orden de Convocatoria de Becas de Excel. Acad. 25-26. INICIO. Univ.;CONSEJERÍA DE EDUCACIÓN, CIENCIA Y UNIVERSIDADES;877943;—;Subvención;28/09/2026;2100;https://www.bocm.es/bocm-20240520-20
Concesiones;Orden de Convocatoria de Becas de Excel. Acad. 25-26. INICIO. Univ.;CONSEJERÍA DE EDUCACIÓN, CIENCIA Y UNIVERSIDADES;877943;—;Subvención;28/09/2026;2100;https://www.bocm.es/bocm-20240520-20
Concesiones;Orden de Convocatoria de Becas de Excel. Acad. 25-26. INICIO. Univ.;CONSEJERÍA DE EDUCACIÓN, CIENCIA Y UNIVERSIDADES;877943;—;Subvención;28/09/2026;2100;https://www.bocm.es/bocm-20240520-20
Concesiones;Orden de Convocatoria de Becas de Excel. Acad. 25-26. INICIO. Univ.;CONSEJERÍA DE EDUCACIÓN, CIENCIA Y UNIVERSIDADES;877943;—;Subvención;28/09/2026;2100;https://www.bocm.es/bocm-20240520-20
Concesiones;Orden de Convocatoria de Becas de Excel. Acad. 25-26. INICIO. Univ.;CONSEJERÍA DE EDUCACIÓN, CIENCIA Y UNIVERSIDADES;877943;—;Subvención;28/09/2026;2100;https://www.bocm.es/bocm-20240520-20
Concesiones;Orden de Convocatoria de Becas de Excel. Acad. 25-26. INICIO. Univ.;CONSEJERÍA DE EDUCACIÓN, CIENCIA Y UNIVERSIDADES;877943;—;Subvención;28/09/2026;2100;https://www.bocm.es/bocm-20240520-20
Concesiones;Orden de Convocatoria de Becas de Excel. Acad. 25-26. INICIO. Univ.;CONSEJERÍA DE EDUCACIÓN, CIENCIA Y UNIVERSIDADES;877943;—;Subvención;28/09/2026;2100;https://www.bocm.es/bocm-20240520-20
Concesiones;Orden de Convocatoria de Becas de Excel. Acad. 25-26. INICIO. Univ.;CONSEJERÍA DE EDUCACIÓN, CIENCIA Y UNIVERSIDADES;877943;—;Subvención;28/09/2026;2100;https://www.bocm.es/bocm-20240520-20
Concesiones;Orden de Convocatoria de Becas de Excel. Acad. 25-26. INICIO. Univ.;CONSEJERÍA DE EDUCACIÓN, CIENCIA Y UNIVERSIDADES;877943;—;Subvención;28/09/2026;2100;https://www.bocm.es/bocm-20240520-20
Concesiones;Orden de Convocatoria de Becas de Excel. Acad. 25-26. INICIO. Univ.;CONSEJERÍA DE EDUCACIÓN, CIENCIA Y UNIVERSIDADES;877943;—;Subvención;28/09/2026;2100;https://www.bocm.es/bocm-20240520-20
Concesiones;Orden de Convocatoria de Becas de Excel. Acad. 25-26. INICIO. Univ.;CONSEJERÍA DE EDUCACIÓN, CIENCIA Y UNIVERSIDADES;877943;—;Subvención;28/09/2026;2100;https://www.bocm.es/bocm-20240520-20
Concesiones;Orden de Convocatoria de Becas de Excel. Acad. 25-26. INICIO. Univ.;CONSEJERÍA DE EDUCACIÓN, CIENCIA Y UNIVERSIDADES;877943;—;Subvención;28/09/2026;2100;https://www.bocm.es/bocm-20240520-20
Concesiones;Orden de Convocatoria de Becas de Excel. Acad. 25-26. INICIO. Univ.;CONSEJERÍA DE EDUCACIÓN, CIENCIA Y UNIVERSIDADES;877943;—;Subvención;28/09/2026;2100;https://www.bocm.es/bocm-20240520-20
Concesiones;Orden de Convocatoria de Becas de Excel. Acad. 25-26. INICIO. Univ.;CONSEJERÍA DE EDUCACIÓN, CIENCIA Y UNIVERSIDADES;877943;—;Subvención;28/09/2026;2100;https://www.bocm.es/bocm-20240520-20
Concesiones;Orden de Convocatoria de Becas de Excel. Acad. 25-26. INICIO. Univ.;CONSEJERÍA DE EDUCACIÓN, CIENCIA Y UNIVERSIDADES;877943;—;Subvención;28/09/2026;2100;https://www.bocm.es/bocm-20240520-20
Concesiones;Orden de Convocatoria de Becas de Excel. Acad. 25-26. INICIO. Univ.;CONSEJERÍA DE EDUCACIÓN, CIENCIA Y UNIVERSIDADES;877943;—;Subvención;28/09/2026;2100;https://www.bocm.es/bocm-20240520-20
Concesiones;Orden de Convocatoria de Becas de Excel. Acad. 25-26. INICIO. Univ.;CONSEJERÍA DE EDUCACIÓN, CIENCIA Y UNIVERSIDADES;877943;—;Subvención;28/09/2026;2100;https://www.bocm.es/bocm-20240520-20
Concesiones;Orden de Convocatoria de Becas de Excel. Acad. 25-26. INICIO. Univ.;CONSEJERÍA DE EDUCACIÓN, CIENCIA Y UNIVERSIDADES;877943;—;Subvención;28/09/2026;2100;https://www.bocm.es/bocm-20240520-20
Concesiones;Orden de Convocatoria de Becas de Excel. Acad. 25-26. INICIO. Univ.;CONSEJERÍA DE EDUCACIÓN, CIENCIA Y UNIVERSIDADES;877943;—;Subvención;28/09/2026;2100;https://www.bocm.es/bocm-20240520-20
Concesiones;Orden de Convocatoria de Becas de Excel. Acad. 25-26. INICIO. Univ.;CONSEJERÍA DE EDUCACIÓN, CIENCIA Y UNIVERSIDADES;877943;—;Subvención;28/09/2026;2100;https://www.bocm.es/bocm-20240520-20
Concesiones;Orden de Convocatoria de Becas de Excel. Acad. 25-26. INICIO. Univ.;CONSEJERÍA DE EDUCACIÓN, CIENCIA Y UNIVERSIDADES;877943;—;Subvención;28/09/2026;2100;https://www.bocm.es/bocm-20240520-20
Concesiones;Orden de Convocatoria de Becas de Excel. Acad. 25-26. INICIO. Univ.;CONSEJERÍA DE EDUCACIÓN, CIENCIA Y UNIVERSIDADES;877943;—;Subvención;28/09/2026;2100;https://www.bocm.es/bocm-20240520-20
Concesiones;Orden de Convocatoria de Becas de Excel. Acad. 25-26. INICIO. Univ.;CONSEJERÍA DE EDUCACIÓN, CIENCIA Y UNIVERSIDADES;877943;—;Subvención;28/09/2026;2100;https://www.bocm.es/bocm-20240520-20
Concesiones;Orden de Convocatoria de Becas de Excel. Acad. 25-26. INICIO. Univ.;CONSEJERÍA DE EDUCACIÓN, CIENCIA Y UNIVERSIDADES;877943;—;Subvención;28/09/2026;2100;https://www.bocm.es/bocm-20240520-20
Concesiones;Orden de Convocatoria de Becas de Excel. Acad. 25-26. INICIO. Univ.;CONSEJERÍA DE EDUCACIÓN, CIENCIA Y UNIVERSIDADES;877943;—;Subvención;28/09/2026;2100;https://www.bocm.es/bocm-20240520-20
Concesiones;Orden de Convocatoria de Becas de Excel. Acad. 25-26. INICIO. Univ.;CONSEJERÍA DE EDUCACIÓN, CIENCIA Y UNIVERSIDADES;877943;—;Subvención;28/09/2026;2100;https://www.bocm.es/bocm-20240520-20
Concesiones;Orden de Convocatoria de Becas de Excel. Acad. 25-26. INICIO. Univ.;CONSEJERÍA DE EDUCACIÓN, CIENCIA Y UNIVERSIDADES;877943;—;Subvención;28/09/2026;2100;https://www.bocm.es/bocm-20240520-20
Concesiones;Orden de Convocatoria de Becas de Excel. Acad. 25-26. INICIO. Univ.;CONSEJERÍA DE EDUCACIÓN, CIENCIA Y UNIVERSIDADES;877943;—;Subvención;28/09/2026;2100;https://www.bocm.es/bocm-20240520-20
Concesiones;Orden de Convocatoria de Becas de Excel. Acad. 25-26. INICIO. Univ.;CONSEJERÍA DE EDUCACIÓN, CIENCIA Y UNIVERSIDADES;877943;—;Subvención;28/09/2026;2100;https://www.bocm.es/bocm-20240520-20
Concesiones;Orden de Convocatoria de Becas de Excel. Acad. 25-26. INICIO. Univ.;CONSEJERÍA DE EDUCACIÓN, CIENCIA Y UNIVERSIDADES;877943;—;Subvención;28/09/2026;2100;https://www.bocm.es/bocm-20240520-20
Concesiones;Orden de Convocatoria de Becas de Excel. Acad. 25-26. INICIO. Univ.;CONSEJERÍA DE EDUCACIÓN, CIENCIA Y UNIVERSIDADES;877943;—;Subvención;28/09/2026;2100;https://www.bocm.es/bocm-20240520-20
Concesiones;Orden de Convocatoria de Becas de Excel. Acad. 25-26. INICIO. Univ.;CONSEJERÍA DE EDUCACIÓN, CIENCIA Y UNIVERSIDADES;877943;—;Subvención;28/09/2026;2100;https://www.bocm.es/bocm-20240520-20
Concesiones;Orden de Convocatoria de Becas de Excel. Acad. 25-26. INICIO. Univ.;CONSEJERÍA DE EDUCACIÓN, CIENCIA Y UNIVERSIDADES;877943;—;Subvención;28/09/2026;2100;https://www.bocm.es/bocm-20240520-20
Concesiones;Orden de Convocatoria de Becas de Excel. Acad. 25-26. INICIO. Univ.;CONSEJERÍA DE EDUCACIÓN, CIENCIA Y UNIVERSIDADES;877943;—;Subvención;28/09/2026;2100;https://www.bocm.es/bocm-20240520-20
Concesiones;Orden de Convocatoria de Becas de Excel. Acad. 25-26. INICIO. Univ.;CONSEJERÍA DE EDUCACIÓN, CIENCIA Y UNIVERSIDADES;877943;—;Subvención;28/09/2026;2100;https://www.bocm.es/bocm-20240520-20
Concesiones;Orden de Convocatoria de Becas de Excel. Acad. 25-26. INICIO. Univ.;CONSEJERÍA DE EDUCACIÓN, CIENCIA Y UNIVERSIDADES;877943;—;Subvención;28/09/2026;2100;https://www.bocm.es/bocm-20240520-20
Concesiones;Orden de Convocatoria de Becas de Excel. Acad. 25-26. INICIO. Univ.;CONSEJERÍA DE EDUCACIÓN, CIENCIA Y UNIVERSIDADES;877943;—;Subvención;28/09/2026;2100;https://www.bocm.es/bocm-20240520-20
Concesiones;Orden de Convocatoria de Becas de Excel. Acad. 25-26. INICIO. Univ.;CONSEJERÍA DE EDUCACIÓN, CIENCIA Y UNIVERSIDADES;877943;—;Subvención;28/09/2026;2100;https://www.bocm.es/bocm-20240520-20
Concesiones;Orden de Convocatoria de Becas de Excel. Acad. 25-26. INICIO. Univ.;CONSEJERÍA DE EDUCACIÓN, CIENCIA Y UNIVERSIDADES;877943;—;Subvención;28/09/2026;2100;https://www.bocm.es/bocm-20240520-20
Concesiones;Orden de Convocatoria de Becas de Excel. Acad. 25-26. INICIO. Univ.;CONSEJERÍA DE EDUCACIÓN, CIENCIA Y UNIVERSIDADES;877943;—;Subvención;28/09/2026;2100;https://www.bocm.es/bocm-20240520-20
Concesiones;Orden de Convocatoria de Becas de Excel. Acad. 25-26. INICIO. Univ.;CONSEJERÍA DE EDUCACIÓN, CIENCIA Y UNIVERSIDADES;877943;—;Subvención;28/09/2026;2100;https://www.bocm.es/bocm-20240520-20
Concesiones;Orden de Convocatoria de Becas de Excel. Acad. 25-26. INICIO. Univ.;CONSEJERÍA DE EDUCACIÓN, CIENCIA Y UNIVERSIDADES;877943;—;Subvención;28/09/2026;2100;https://www.bocm.es/bocm-20240520-20
Concesiones;Orden de Convocatoria de Becas de Excel. Acad. 25-26. INICIO. Univ.;CONSEJERÍA DE EDUCACIÓN, CIENCIA Y UNIVERSIDADES;877943;—;Subvención;28/09/2026;2100;https://www.bocm.es/bocm-20240520-20
Concesiones;Orden de Convocatoria de Becas de Excel. Acad. 25-26. INICIO. Univ.;CONSEJERÍA DE EDUCACIÓN, CIENCIA Y UNIVERSIDADES;877943;—;Subvención;28/09/2026;2100;https://www.bocm.es/bocm-20240520-20
Concesiones;Orden de Convocatoria de Becas de Excel. Acad. 25-26. INICIO. Univ.;CONSEJERÍA DE EDUCACIÓN, CIENCIA Y UNIVERSIDADES;877943;—;Subvención;28/09/2026;2100;https://www.bocm.es/bocm-20240520-20
Concesiones;Orden de Convocatoria de Becas de Excel. Acad. 25-26. INICIO. Univ.;CONSEJERÍA DE EDUCACIÓN, CIENCIA Y UNIVERSIDADES;877943;—;Subvención;28/09/2026;2100;https://www.bocm.es/bocm-20240520-20
Concesiones;Orden de Convocatoria de Becas de Excel. Acad. 25-26. INICIO. Univ.;CONSEJERÍA DE EDUCACIÓN, CIENCIA Y UNIVERSIDADES;877943;—;Subvención;28/09/2026;2100;https://www.bocm.es/bocm-20240520-20
Concesiones;Orden de Convocatoria de Becas de Excel. Acad. 25-26. INICIO. Univ.;CONSEJERÍA DE EDUCACIÓN, CIENCIA Y UNIVERSIDADES;877943;—;Subvención;28/09/2026;2100;https://www.bocm.es/bocm-20240520-20
Concesiones;Orden de Convocatoria de Becas de Excel. Acad. 25-26. INICIO. Univ.;CONSEJERÍA DE EDUCACIÓN, CIENCIA Y UNIVERSIDADES;877943;—;Subvención;28/09/2026;2100;https://www.bocm.es/bocm-20240520-20
Concesiones;Orden de Convocatoria de Becas de Excel. Acad. 25-26. INICIO. Univ.;CONSEJERÍA DE EDUCACIÓN, CIENCIA Y UNIVERSIDADES;877943;—;Subvención;28/09/2026;2100;https://www.bocm.es/bocm-20240520-20
Concesiones;Orden de Convocatoria de Becas de Excel. Acad. 25-26. INICIO. Univ.;CONSEJERÍA DE EDUCACIÓN, CIENCIA Y UNIVERSIDADES;877943;—;Subvención;28/09/2026;2100;https://www.bocm.es/bocm-20240520-20
Concesiones;Orden de Convocatoria de Becas de Excel. Acad. 25-26. INICIO. Univ.;CONSEJERÍA DE EDUCACIÓN, CIENCIA Y UNIVERSIDADES;877943;—;Subvención;28/09/2026;2100;https://www.bocm.es/bocm-20240520-20
Concesiones;Orden de Convocatoria de Becas de Excel. Acad. 25-26. INICIO. Univ.;CONSEJERÍA DE EDUCACIÓN, CIENCIA Y UNIVERSIDADES;877943;—;Subvención;28/09/2026;2100;https://www.bocm.es/bocm-20240520-20
Concesiones;Orden de Convocatoria de Becas de Excel. Acad. 25-26. INICIO. Univ.;CONSEJERÍA DE EDUCACIÓN, CIENCIA Y UNIVERSIDADES;877943;—;Subvención;28/09/2026;2100;https://www.bocm.es/bocm-20240520-20
Concesiones;Orden de Convocatoria de Becas de Excel. Acad. 25-26. INICIO. Univ.;CONSEJERÍA DE EDUCACIÓN, CIENCIA Y UNIVERSIDADES;877943;—;Subvención;28/09/2026;2100;https://www.bocm.es/bocm-20240520-20
Concesiones;Orden de Convocatoria de Becas de Excel. Acad. 25-26. INICIO. Univ.;CONSEJERÍA DE EDUCACIÓN, CIENCIA Y UNIVERSIDADES;877943;—;Subvención;28/09/2026;2100;https://www.bocm.es/bocm-20240520-20
Concesiones;Orden de Convocatoria de Becas de Excel. Acad. 25-26. INICIO. Univ.;CONSEJERÍA DE EDUCACIÓN, CIENCIA Y UNIVERSIDADES;877943;—;Subvención;28/09/2026;2100;https://www.bocm.es/bocm-20240520-20
Concesiones;Orden de Convocatoria de Becas de Excel. Acad. 25-26. INICIO. Univ.;CONSEJERÍA DE EDUCACIÓN, CIENCIA Y UNIVERSIDADES;877943;—;Subvención;28/09/2026;2100;https://www.bocm.es/bocm-20240520-20
Concesiones;Orden de Convocatoria de Becas de Excel. Acad. 25-26. INICIO. Univ.;CONSEJERÍA DE EDUCACIÓN, CIENCIA Y UNIVERSIDADES;877943;—;Subvención;28/09/2026;2100;https://www.bocm.es/bocm-20240520-20
Concesiones;Orden de Convocatoria de Becas de Excel. Acad. 25-26. INICIO. Univ.;CONSEJERÍA DE EDUCACIÓN, CIENCIA Y UNIVERSIDADES;877943;—;Subvención;28/09/2026;2100;https://www.bocm.es/bocm-20240520-20
Concesiones;Orden de Convocatoria de Becas de Excel. Acad. 25-26. INICIO. Univ.;CONSEJERÍA DE EDUCACIÓN, CIENCIA Y UNIVERSIDADES;877943;—;Subvención;28/09/2026;2100;https://www.bocm.es/bocm-20240520-20
Concesiones;Orden de Convocatoria de Becas de Excel. Acad. 25-26. INICIO. Univ.;CONSEJERÍA DE EDUCACIÓN, CIENCIA Y UNIVERSIDADES;877943;—;Subvención;28/09/2026;2100;https://www.bocm.es/bocm-20240520-20
Concesiones;Orden de Convocatoria de Becas de Excel. Acad. 25-26. INICIO. Univ.;CONSEJERÍA DE EDUCACIÓN, CIENCIA Y UNIVERSIDADES;877943;—;Subvención;28/09/2026;2100;https://www.bocm.es/bocm-20240520-20
Concesiones;Orden de Convocatoria de Becas de Excel. Acad. 25-26. INICIO. Univ.;CONSEJERÍA DE EDUCACIÓN, CIENCIA Y UNIVERSIDADES;877943;—;Subvención;28/09/2026;2100;https://www.bocm.es/bocm-20240520-20
Concesiones;Orden de Convocatoria de Becas de Excel. Acad. 25-26. INICIO. Univ.;CONSEJERÍA DE EDUCACIÓN, CIENCIA Y UNIVERSIDADES;877943;—;Subvención;28/09/2026;2100;https://www.bocm.es/bocm-20240520-20
Concesiones;Orden de Convocatoria de Becas de Excel. Acad. 25-26. INICIO. Univ.;CONSEJERÍA DE EDUCACIÓN, CIENCIA Y UNIVERSIDADES;877943;—;Subvención;28/09/2026;2100;https://www.bocm.es/bocm-20240520-20
Concesiones;Orden de Convocatoria de Becas de Excel. Acad. 25-26. INICIO. Univ.;CONSEJERÍA DE EDUCACIÓN, CIENCIA Y UNIVERSIDADES;877943;—;Subvención;28/09/2026;2100;https://www.bocm.es/bocm-20240520-20
Concesiones;Orden de Convocatoria de Becas de Excel. Acad. 25-26. INICIO. Univ.;CONSEJERÍA DE EDUCACIÓN, CIENCIA Y UNIVERSIDADES;877943;—;Subvención;28/09/2026;2100;https://www.bocm.es/bocm-20240520-20
Concesiones;Orden de Convocatoria de Becas de Excel. Acad. 25-26. INICIO. Univ.;CONSEJERÍA DE EDUCACIÓN, CIENCIA Y UNIVERSIDADES;877943;—;Subvención;28/09/2026;2100;https://www.bocm.es/bocm-20240520-20
Concesiones;Orden de Convocatoria de Becas de Excel. Acad. 25-26. INICIO. Univ.;CONSEJERÍA DE EDUCACIÓN, CIENCIA Y UNIVERSIDADES;877943;—;Subvención;28/09/2026;2100;https://www.bocm.es/bocm-20240520-20
Concesiones;Orden de Convocatoria de Becas de Excel. Acad. 25-26. INICIO. Univ.;CONSEJERÍA DE EDUCACIÓN, CIENCIA Y UNIVERSIDADES;877943;—;Subvención;28/09/2026;2100;https://www.bocm.es/bocm-20240520-20
Concesiones;Orden de Convocatoria de Becas de Excel. Acad. 25-26. INICIO. Univ.;CONSEJERÍA DE EDUCACIÓN, CIENCIA Y UNIVERSIDADES;877943;—;Subvención;28/09/2026;2100;https://www.bocm.es/bocm-20240520-20
Concesiones;Orden de Convocatoria de Becas de Excel. Acad. 25-26. INICIO. Univ.;CONSEJERÍA DE EDUCACIÓN, CIENCIA Y UNIVERSIDADES;877943;—;Subvención;28/09/2026;2100;https://www.bocm.es/bocm-20240520-20
Concesiones;Orden de Convocatoria de Becas de Excel. Acad. 25-26. INICIO. Univ.;CONSEJERÍA DE EDUCACIÓN, CIENCIA Y UNIVERSIDADES;877943;—;Subvención;28/09/2026;2100;https://www.bocm.es/bocm-20240520-20
Concesiones;Orden de Convocatoria de Becas de Excel. Acad. 25-26. INICIO. Univ.;CONSEJERÍA DE EDUCACIÓN, CIENCIA Y UNIVERSIDADES;877943;—;Subvención;28/09/2026;2100;https://www.bocm.es/bocm-20240520-20
Concesiones;Orden de Convocatoria de Becas de Excel. Acad. 25-26. INICIO. Univ.;CONSEJERÍA DE EDUCACIÓN, CIENCIA Y UNIVERSIDADES;877943;—;Subvención;28/09/2026;2100;https://www.bocm.es/bocm-20240520-20
Concesiones;Orden de Convocatoria de Becas de Excel. Acad. 25-26. INICIO. Univ.;CONSEJERÍA DE EDUCACIÓN, CIENCIA Y UNIVERSIDADES;877943;—;Subvención;28/09/2026;2100;https://www.bocm.es/bocm-20240520-20
Concesiones;Orden de Convocatoria de Becas de Excel. Acad. 25-26. INICIO. Univ.;CONSEJERÍA DE EDUCACIÓN, CIENCIA Y UNIVERSIDADES;877943;—;Subvención;28/09/2026;2100;https://www.bocm.es/bocm-20240520-20
Concesiones;Orden de Convocatoria de Becas de Excel. Acad. 25-26. INICIO. Univ.;CONSEJERÍA DE EDUCACIÓN, CIENCIA Y UNIVERSIDADES;877943;—;Subvención;28/09/2026;2100;https://www.bocm.es/bocm-20240520-20
Concesiones;Orden de Convocatoria de Becas de Excel. Acad. 25-26. INICIO. Univ.;CONSEJERÍA DE EDUCACIÓN, CIENCIA Y UNIVERSIDADES;877943;—;Subvención;28/09/2026;2100;https://www.bocm.es/bocm-20240520-20
Concesiones;Orden de Convocatoria de Becas de Excel. Acad. 25-26. INICIO. Univ.;CONSEJERÍA DE EDUCACIÓN, CIENCIA Y UNIVERSIDADES;877943;—;Subvención;28/09/2026;2100;https://www.bocm.es/bocm-20240520-20
Concesiones;Orden de Convocatoria de Becas de Excel. Acad. 25-26. INICIO. Univ.;CONSEJERÍA DE EDUCACIÓN, CIENCIA Y UNIVERSIDADES;877943;—;Subvención;28/09/2026;2100;https://www.bocm.es/bocm-20240520-20
Concesiones;Orden de Convocatoria de Becas de Excel. Acad. 25-26. INICIO. Univ.;CONSEJERÍA DE EDUCACIÓN, CIENCIA Y UNIVERSIDADES;877943;—;Subvención;28/09/2026;2100;https://www.bocm.es/bocm-20240520-20
Concesiones;Orden de Convocatoria de Becas de Excel. Acad. 25-26. INICIO. Univ.;CONSEJERÍA DE EDUCACIÓN, CIENCIA Y UNIVERSIDADES;877943;—;Subvención;28/09/2026;2100;https://www.bocm.es/bocm-20240520-20
Concesiones;Orden de Convocatoria de Becas de Excel. Acad. 25-26. INICIO. Univ.;CONSEJERÍA DE EDUCACIÓN, CIENCIA Y UNIVERSIDADES;877943;—;Subvención;28/09/2026;2100;https://www.bocm.es/bocm-20240520-20
Concesiones;Orden de Convocatoria de Becas de Excel. Acad. 25-26. INICIO. Univ.;CONSEJERÍA DE EDUCACIÓN, CIENCIA Y UNIVERSIDADES;877943;—;Subvención;28/09/2026;2100;https://www.bocm.es/bocm-20240520-20
Concesiones;Orden de Convocatoria de Becas de Excel. Acad. 25-26. INICIO. Univ.;CONSEJERÍA DE EDUCACIÓN, CIENCIA Y UNIVERSIDADES;877943;—;Subvención;28/09/2026;2100;https://www.bocm.es/bocm-20240520-20
Concesiones;Orden de Convocatoria de Becas de Excel. Acad. 25-26. INICIO. Univ.;CONSEJERÍA DE EDUCACIÓN, CIENCIA Y UNIVERSIDADES;877943;—;Subvención;28/09/2026;2100;https://www.bocm.es/bocm-20240520-20
Concesiones;Orden de Convocatoria de Becas de Excel. Acad. 25-26. INICIO. Univ.;CONSEJERÍA DE EDUCACIÓN, CIENCIA Y UNIVERSIDADES;877943;—;Subvención;28/09/2026;2100;https://www.bocm.es/bocm-20240520-20
Concesiones;Orden de Convocatoria de Becas de Excel. Acad. 25-26. INICIO. Univ.;CONSEJERÍA DE EDUCACIÓN, CIENCIA Y UNIVERSIDADES;877943;—;Subvención;28/09/2026;2100;https://www.bocm.es/bocm-20240520-20
Concesiones;Orden de Convocatoria de Becas de Excel. Acad. 25-26. INICIO. Univ.;CONSEJERÍA DE EDUCACIÓN, CIENCIA Y UNIVERSIDADES;877943;—;Subvención;28/09/2026;2100;https://www.bocm.es/bocm-20240520-20
Concesiones;Orden de Convocatoria de Becas de Excel. Acad. 25-26. INICIO. Univ.;CONSEJERÍA DE EDUCACIÓN, CIENCIA Y UNIVERSIDADES;877943;—;Subvención;28/09/2026;2100;https://www.bocm.es/bocm-20240520-20
Concesiones;Orden de Convocatoria de Becas de Excel. Acad. 25-26. INICIO. Univ.;CONSEJERÍA DE EDUCACIÓN, CIENCIA Y UNIVERSIDADES;877943;—;Subvención;28/09/2026;2100;https://www.bocm.es/bocm-20240520-20
Concesiones;Orden de Convocatoria de Becas de Excel. Acad. 25-26. INICIO. Univ.;CONSEJERÍA DE EDUCACIÓN, CIENCIA Y UNIVERSIDADES;877943;—;Subvención;28/09/2026;2100;https://www.bocm.es/bocm-20240520-20
Concesiones;Orden de Convocatoria de Becas de Excel. Acad. 25-26. INICIO. Univ.;CONSEJERÍA DE EDUCACIÓN, CIENCIA Y UNIVERSIDADES;877943;—;Subvención;28/09/2026;2100;https://www.bocm.es/bocm-20240520-20
Concesiones;Orden de Convocatoria de Becas de Excel. Acad. 25-26. INICIO. Univ.;CONSEJERÍA DE EDUCACIÓN, CIENCIA Y UNIVERSIDADES;877943;—;Subvención;28/09/2026;2100;https://www.bocm.es/bocm-20240520-20
Concesiones;Orden de Convocatoria de Becas de Excel. Acad. 25-26. INICIO. Univ.;CONSEJERÍA DE EDUCACIÓN, CIENCIA Y UNIVERSIDADES;877943;—;Subvención;28/09/2026;2100;https://www.bocm.es/bocm-20240520-20
Concesiones;Orden de Convocatoria de Becas de Excel. Acad. 25-26. INICIO. Univ.;CONSEJERÍA DE EDUCACIÓN, CIENCIA Y UNIVERSIDADES;877943;—;Subvención;28/09/2026;2100;https://www.bocm.es/bocm-20240520-20
Concesiones;Orden de Convocatoria de Becas de Excel. Acad. 25-26. INICIO. Univ.;CONSEJERÍA DE EDUCACIÓN, CIENCIA Y UNIVERSIDADES;877943;—;Subvención;28/09/2026;2100;https://www.bocm.es/bocm-20240520-20
Concesiones;Orden de Convocatoria de Becas de Excel. Acad. 25-26. INICIO. Univ.;CONSEJERÍA DE EDUCACIÓN, CIENCIA Y UNIVERSIDADES;877943;—;Subvención;28/09/2026;2100;https://www.bocm.es/bocm-20240520-20
Concesiones;Orden de Convocatoria de Becas de Excel. Acad. 25-26. INICIO. Univ.;CONSEJERÍA DE EDUCACIÓN, CIENCIA Y UNIVERSIDADES;877943;—;Subvención;28/09/2026;2100;https://www.bocm.es/bocm-20240520-20
Concesiones;Orden de Convocatoria de Becas de Excel. Acad. 25-26. INICIO. Univ.;CONSEJERÍA DE EDUCACIÓN, CIENCIA Y UNIVERSIDADES;877943;—;Subvención;28/09/2026;2100;https://www.bocm.es/bocm-20240520-20
Concesiones;Orden de Convocatoria de Becas de Excel. Acad. 25-26. INICIO. Univ.;CONSEJERÍA DE EDUCACIÓN, CIENCIA Y UNIVERSIDADES;877943;—;Subvención;28/09/2026;2100;https://www.bocm.es/bocm-20240520-20
Concesiones;Orden de Convocatoria de Becas de Excel. Acad. 25-26. INICIO. Univ.;CONSEJERÍA DE EDUCACIÓN, CIENCIA Y UNIVERSIDADES;877943;—;Subvención;28/09/2026;2100;https://www.bocm.es/bocm-20240520-20
Concesiones;Orden de Convocatoria de Becas de Excel. Acad. 25-26. INICIO. Univ.;CONSEJERÍA DE EDUCACIÓN, CIENCIA Y UNIVERSIDADES;877943;—;Subvención;28/09/2026;2100;https://www.bocm.es/bocm-20240520-20
Concesiones;Orden de Convocatoria de Becas de Excel. Acad. 25-26. INICIO. Univ.;CONSEJERÍA DE EDUCACIÓN, CIENCIA Y UNIVERSIDADES;877943;—;Subvención;28/09/2026;2100;https://www.bocm.es/bocm-20240520-20
Concesiones;Orden de Convocatoria de Becas de Excel. Acad. 25-26. INICIO. Univ.;CONSEJERÍA DE EDUCACIÓN, CIENCIA Y UNIVERSIDADES;877943;—;Subvención;28/09/2026;2100;https://www.bocm.es/bocm-20240520-20
Concesiones;Orden de Convocatoria de Becas de Excel. Acad. 25-26. INICIO. Univ.;CONSEJERÍA DE EDUCACIÓN, CIENCIA Y UNIVERSIDADES;877943;—;Subvención;28/09/2026;2100;https://www.bocm.es/bocm-20240520-20
Concesiones;Orden de Convocatoria de Becas de Excel. Acad. 25-26. INICIO. Univ.;CONSEJERÍA DE EDUCACIÓN, CIENCIA Y UNIVERSIDADES;877943;—;Subvención;28/09/2026;2100;https://www.bocm.es/bocm-20240520-20
Concesiones;Orden de Convocatoria de Becas de Excel. Acad. 25-26. INICIO. Univ.;CONSEJERÍA DE EDUCACIÓN, CIENCIA Y UNIVERSIDADES;877943;—;Subvención;28/09/2026;2100;https://www.bocm.es/bocm-20240520-20
Concesiones;Orden de Convocatoria de Becas de Excel. Acad. 25-26. INICIO. Univ.;CONSEJERÍA DE EDUCACIÓN, CIENCIA Y UNIVERSIDADES;877943;—;Subvención;28/09/2026;2100;https://www.bocm.es/bocm-20240520-20
Concesiones;Orden de Convocatoria de Becas de Excel. Acad. 25-26. INICIO. Univ.;CONSEJERÍA DE EDUCACIÓN, CIENCIA Y UNIVERSIDADES;877943;—;Subvención;28/09/2026;2100;https://www.bocm.es/bocm-20240520-20
Concesiones;Orden de Convocatoria de Becas de Excel. Acad. 25-26. INICIO. Univ.;CONSEJERÍA DE EDUCACIÓN, CIENCIA Y UNIVERSIDADES;877943;—;Subvención;28/09/2026;2100;https://www.bocm.es/bocm-20240520-20
Concesiones;Orden de Convocatoria de Becas de Excel. Acad. 25-26. INICIO. Univ.;CONSEJERÍA DE EDUCACIÓN, CIENCIA Y UNIVERSIDADES;877943;—;Subvención;28/09/2026;2100;https://www.bocm.es/bocm-20240520-20
Concesiones;Orden de Convocatoria de Becas de Excel. Acad. 25-26. INICIO. Univ.;CONSEJERÍA DE EDUCACIÓN, CIENCIA Y UNIVERSIDADES;877943;—;Subvención;28/09/2026;2100;https://www.bocm.es/bocm-20240520-20
Concesiones;Orden de Convocatoria de Becas de Excel. Acad. 25-26. INICIO. Univ.;CONSEJERÍA DE EDUCACIÓN, CIENCIA Y UNIVERSIDADES;877943;—;Subvención;28/09/2026;2100;https://www.bocm.es/bocm-20240520-20
Concesiones;Orden de Convocatoria de Becas de Excel. Acad. 25-26. INICIO. Univ.;CONSEJERÍA DE EDUCACIÓN, CIENCIA Y UNIVERSIDADES;877943;—;Subvención;28/09/2026;2100;https://www.bocm.es/bocm-20240520-20
Concesiones;Orden de Convocatoria de Becas de Excel. Acad. 25-26. INICIO. Univ.;CONSEJERÍA DE EDUCACIÓN, CIENCIA Y UNIVERSIDADES;877943;—;Subvención;28/09/2026;2100;https://www.bocm.es/bocm-20240520-20
Concesiones;Orden de Convocatoria de Becas de Excel. Acad. 25-26. INICIO. Univ.;CONSEJERÍA DE EDUCACIÓN, CIENCIA Y UNIVERSIDADES;877943;—;Subvención;28/09/2026;2100;https://www.bocm.es/bocm-20240520-20
Concesiones;Orden de Convocatoria de Becas de Excel. Acad. 25-26. INICIO. Univ.;CONSEJERÍA DE EDUCACIÓN, CIENCIA Y UNIVERSIDADES;877943;—;Subvención;28/09/2026;2100;https://www.bocm.es/bocm-20240520-20
Concesiones;Orden de Convocatoria de Becas de Excel. Acad. 25-26. INICIO. Univ.;CONSEJERÍA DE EDUCACIÓN, CIENCIA Y UNIVERSIDADES;877943;—;Subvención;28/09/2026;2100;https://www.bocm.es/bocm-20240520-20
Concesiones;Orden de Convocatoria de Becas de Excel. Acad. 25-26. INICIO. Univ.;CONSEJERÍA DE EDUCACIÓN, CIENCIA Y UNIVERSIDADES;877943;—;Subvención;28/09/2026;2100;https://www.bocm.es/bocm-20240520-20
Concesiones;Orden de Convocatoria de Becas de Excel. Acad. 25-26. INICIO. Univ.;CONSEJERÍA DE EDUCACIÓN, CIENCIA Y UNIVERSIDADES;877943;—;Subvención;28/09/2026;2100;https://www.bocm.es/bocm-20240520-20
Concesiones;Orden de Convocatoria de Becas de Excel. Acad. 25-26. INICIO. Univ.;CONSEJERÍA DE EDUCACIÓN, CIENCIA Y UNIVERSIDADES;877943;—;Subvención;28/09/2026;2100;https://www.bocm.es/bocm-20240520-20
Concesiones;Orden de Convocatoria de Becas de Excel. Acad. 25-26. INICIO. Univ.;CONSEJERÍA DE EDUCACIÓN, CIENCIA Y UNIVERSIDADES;877943;—;Subvención;28/09/2026;2100;https://www.bocm.es/bocm-20240520-20
Concesiones;Orden de Convocatoria de Becas de Excel. Acad. 25-26. INICIO. Univ.;CONSEJERÍA DE EDUCACIÓN, CIENCIA Y UNIVERSIDADES;877943;—;Subvención;28/09/2026;2100;https://www.bocm.es/bocm-20240520-20
Concesiones;Orden de Convocatoria de Becas de Excel. Acad. 25-26. INICIO. Univ.;CONSEJERÍA DE EDUCACIÓN, CIENCIA Y UNIVERSIDADES;877943;—;Subvención;28/09/2026;2100;https://www.bocm.es/bocm-20240520-20
Concesiones;Orden de Convocatoria de Becas de Excel. Acad. 25-26. INICIO. Univ.;CONSEJERÍA DE EDUCACIÓN, CIENCIA Y UNIVERSIDADES;877943;—;Subvención;28/09/2026;2100;https://www.bocm.es/bocm-20240520-20
Concesiones;Orden de Convocatoria de Becas de Excel. Acad. 25-26. INICIO. Univ.;CONSEJERÍA DE EDUCACIÓN, CIENCIA Y UNIVERSIDADES;877943;—;Subvención;28/09/2026;2100;https://www.bocm.es/bocm-20240520-20
Concesiones;Orden de Convocatoria de Becas de Excel. Acad. 25-26. INICIO. Univ.;CONSEJERÍA DE EDUCACIÓN, CIENCIA Y UNIVERSIDADES;877943;—;Subvención;28/09/2026;2100;https://www.bocm.es/bocm-20240520-20
Concesiones;Orden de Convocatoria de Becas de Excel. Acad. 25-26. INICIO. Univ.;CONSEJERÍA DE EDUCACIÓN, CIENCIA Y UNIVERSIDADES;877943;—;Subvención;28/09/2026;2100;https://www.bocm.es/bocm-20240520-20
Concesiones;Orden de Convocatoria de Becas de Excel. Acad. 25-26. INICIO. Univ.;CONSEJERÍA DE EDUCACIÓN, CIENCIA Y UNIVERSIDADES;877943;—;Subvención;28/09/2026;2100;https://www.bocm.es/bocm-20240520-20
Concesiones;Orden de Convocatoria de Becas de Excel. Acad. 25-26. INICIO. Univ.;CONSEJERÍA DE EDUCACIÓN, CIENCIA Y UNIVERSIDADES;877943;—;Subvención;28/09/2026;2100;https://www.bocm.es/bocm-20240520-20
Concesiones;Orden de Convocatoria de Becas de Excel. Acad. 25-26. INICIO. Univ.;CONSEJERÍA DE EDUCACIÓN, CIENCIA Y UNIVERSIDADES;877943;—;Subvención;28/09/2026;2100;https://www.bocm.es/bocm-20240520-20
Concesiones;Orden de Convocatoria de Becas de Excel. Acad. 25-26. INICIO. Univ.;CONSEJERÍA DE EDUCACIÓN, CIENCIA Y UNIVERSIDADES;877943;—;Subvención;28/09/2026;2100;https://www.bocm.es/bocm-20240520-20
Concesiones;Orden de Convocatoria de Becas de Excel. Acad. 25-26. INICIO. Univ.;CONSEJERÍA DE EDUCACIÓN, CIENCIA Y UNIVERSIDADES;877943;—;Subvención;28/09/2026;2100;https://www.bocm.es/bocm-20240520-20
Concesiones;Orden de Convocatoria de Becas de Excel. Acad. 25-26. INICIO. Univ.;CONSEJERÍA DE EDUCACIÓN, CIENCIA Y UNIVERSIDADES;877943;—;Subvención;28/09/2026;2100;https://www.bocm.es/bocm-20240520-20
Concesiones;Orden de Convocatoria de Becas de Excel. Acad. 25-26. INICIO. Univ.;CONSEJERÍA DE EDUCACIÓN, CIENCIA Y UNIVERSIDADES;877943;—;Subvención;28/09/2026;2100;https://www.bocm.es/bocm-20240520-20
Concesiones;Orden de Convocatoria de Becas de Excel. Acad. 25-26. INICIO. Univ.;CONSEJERÍA DE EDUCACIÓN, CIENCIA Y UNIVERSIDADES;877943;—;Subvención;28/09/2026;2100;https://www.bocm.es/bocm-20240520-20
Concesiones;Orden de Convocatoria de Becas de Excel. Acad. 25-26. INICIO. Univ.;CONSEJERÍA DE EDUCACIÓN, CIENCIA Y UNIVERSIDADES;877943;—;Subvención;28/09/2026;2100;https://www.bocm.es/bocm-20240520-20
Concesiones;Orden de Convocatoria de Becas de Excel. Acad. 25-26. INICIO. Univ.;CONSEJERÍA DE EDUCACIÓN, CIENCIA Y UNIVERSIDADES;877943;—;Subvención;28/09/2026;2100;https://www.bocm.es/bocm-20240520-20
Concesiones;Orden de Convocatoria de Becas de Excel. Acad. 25-26. INICIO. Univ.;CONSEJERÍA DE EDUCACIÓN, CIENCIA Y UNIVERSIDADES;877943;—;Subvención;28/09/2026;2100;https://www.bocm.es/bocm-20240520-20
Concesiones;Orden de Convocatoria de Becas de Excel. Acad. 25-26. INICIO. Univ.;CONSEJERÍA DE EDUCACIÓN, CIENCIA Y UNIVERSIDADES;877943;—;Subvención;28/09/2026;2100;https://www.bocm.es/bocm-20240520-20
Concesiones;Orden de Convocatoria de Becas de Excel. Acad. 25-26. INICIO. Univ.;CONSEJERÍA DE EDUCACIÓN, CIENCIA Y UNIVERSIDADES;877943;—;Subvención;28/09/2026;2100;https://www.bocm.es/bocm-20240520-20
Concesiones;Orden de Convocatoria de Becas de Excel. Acad. 25-26. INICIO. Univ.;CONSEJERÍA DE EDUCACIÓN, CIENCIA Y UNIVERSIDADES;877943;—;Subvención;28/09/2026;2100;https://www.bocm.es/bocm-20240520-20
Concesiones;Orden de Convocatoria de Becas de Excel. Acad. 25-26. INICIO. Univ.;CONSEJERÍA DE EDUCACIÓN, CIENCIA Y UNIVERSIDADES;877943;—;Subvención;28/09/2026;2100;https://www.bocm.es/bocm-20240520-20
Concesiones;Orden de Convocatoria de Becas de Excel. Acad. 25-26. INICIO. Univ.;CONSEJERÍA DE EDUCACIÓN, CIENCIA Y UNIVERSIDADES;877943;—;Subvención;28/09/2026;2100;https://www.bocm.es/bocm-20240520-20
Concesiones;Orden de Convocatoria de Becas de Excel. Acad. 25-26. INICIO. Univ.;CONSEJERÍA DE EDUCACIÓN, CIENCIA Y UNIVERSIDADES;877943;—;Subvención;28/09/2026;2100;https://www.bocm.es/bocm-20240520-20
Concesiones;Orden de Convocatoria de Becas de Excel. Acad. 25-26. INICIO. Univ.;CONSEJERÍA DE EDUCACIÓN, CIENCIA Y UNIVERSIDADES;877943;—;Subvención;28/09/2026;2100;https://www.bocm.es/bocm-20240520-20
Concesiones;Orden de Convocatoria de Becas de Excel. Acad. 25-26. INICIO. Univ.;CONSEJERÍA DE EDUCACIÓN, CIENCIA Y UNIVERSIDADES;877943;—;Subvención;28/09/2026;2100;https://www.bocm.es/bocm-20240520-20
Concesiones;Orden de Convocatoria de Becas de Excel. Acad. 25-26. INICIO. Univ.;CONSEJERÍA DE EDUCACIÓN, CIENCIA Y UNIVERSIDADES;877943;—;Subvención;28/09/2026;2100;https://www.bocm.es/bocm-20240520-20
Concesiones;Orden de Convocatoria de Becas de Excel. Acad. 25-26. INICIO. Univ.;CONSEJERÍA DE EDUCACIÓN, CIENCIA Y UNIVERSIDADES;877943;—;Subvención;28/09/2026;2100;https://www.bocm.es/bocm-20240520-20
Concesiones;Orden de Convocatoria de Becas de Excel. Acad. 25-26. INICIO. Univ.;CONSEJERÍA DE EDUCACIÓN, CIENCIA Y UNIVERSIDADES;877943;—;Subvención;28/09/2026;2100;https://www.bocm.es/bocm-20240520-20
Concesiones;Orden de Convocatoria de Becas de Excel. Acad. 25-26. INICIO. Univ.;CONSEJERÍA DE EDUCACIÓN, CIENCIA Y UNIVERSIDADES;877943;—;Subvención;28/09/2026;2100;https://www.bocm.es/bocm-20240520-20
Concesiones;Orden de Convocatoria de Becas de Excel. Acad. 25-26. INICIO. Univ.;CONSEJERÍA DE EDUCACIÓN, CIENCIA Y UNIVERSIDADES;877943;—;Subvención;28/09/2026;2100;https://www.bocm.es/bocm-20240520-20
Concesiones;Orden de Convocatoria de Becas de Excel. Acad. 25-26. INICIO. Univ.;CONSEJERÍA DE EDUCACIÓN, CIENCIA Y UNIVERSIDADES;877943;—;Subvención;28/09/2026;2100;https://www.bocm.es/bocm-20240520-20
Concesiones;Orden de Convocatoria de Becas de Excel. Acad. 25-26. INICIO. Univ.;CONSEJERÍA DE EDUCACIÓN, CIENCIA Y UNIVERSIDADES;877943;—;Subvención;28/09/2026;2100;https://www.bocm.es/bocm-20240520-20
Concesiones;Orden de Convocatoria de Becas de Excel. Acad. 25-26. INICIO. Univ.;CONSEJERÍA DE EDUCACIÓN, CIENCIA Y UNIVERSIDADES;877943;—;Subvención;28/09/2026;2100;https://www.bocm.es/bocm-20240520-20
Concesiones;Orden de Convocatoria de Becas de Excel. Acad. 25-26. INICIO. Univ.;CONSEJERÍA DE EDUCACIÓN, CIENCIA Y UNIVERSIDADES;877943;—;Subvención;28/09/2026;2100;https://www.bocm.es/bocm-20240520-20
Concesiones;Orden de Convocatoria de Becas de Excel. Acad. 25-26. INICIO. Univ.;CONSEJERÍA DE EDUCACIÓN, CIENCIA Y UNIVERSIDADES;877943;—;Subvención;28/09/2026;2100;https://www.bocm.es/bocm-20240520-20
Concesiones;Orden de Convocatoria de Becas de Excel. Acad. 25-26. INICIO. Univ.;CONSEJERÍA DE EDUCACIÓN, CIENCIA Y UNIVERSIDADES;877943;—;Subvención;28/09/2026;2100;https://www.bocm.es/bocm-20240520-20
Concesiones;Orden de Convocatoria de Becas de Excel. Acad. 25-26. INICIO. Univ.;CONSEJERÍA DE EDUCACIÓN, CIENCIA Y UNIVERSIDADES;877943;—;Subvención;28/09/2026;2100;https://www.bocm.es/bocm-20240520-20
Concesiones;Orden de Convocatoria de Becas de Excel. Acad. 25-26. INICIO. Univ.;CONSEJERÍA DE EDUCACIÓN, CIENCIA Y UNIVERSIDADES;877943;—;Subvención;28/09/2026;2100;https://www.bocm.es/bocm-20240520-20
Concesiones;Orden de Convocatoria de Becas de Excel. Acad. 25-26. INICIO. Univ.;CONSEJERÍA DE EDUCACIÓN, CIENCIA Y UNIVERSIDADES;877943;—;Subvención;28/09/2026;2100;https://www.bocm.es/bocm-20240520-20
Concesiones;Orden de Convocatoria de Becas de Excel. Acad. 25-26. INICIO. Univ.;CONSEJERÍA DE EDUCACIÓN, CIENCIA Y UNIVERSIDADES;877943;—;Subvención;28/09/2026;2100;https://www.bocm.es/bocm-20240520-20
Concesiones;Orden de Convocatoria de Becas de Excel. Acad. 25-26. INICIO. Univ.;CONSEJERÍA DE EDUCACIÓN, CIENCIA Y UNIVERSIDADES;877943;—;Subvención;28/09/2026;2100;https://www.bocm.es/bocm-20240520-20
Concesiones;Orden de Convocatoria de Becas de Excel. Acad. 25-26. INICIO. Univ.;CONSEJERÍA DE EDUCACIÓN, CIENCIA Y UNIVERSIDADES;877943;—;Subvención;28/09/2026;2100;https://www.bocm.es/bocm-20240520-20
Concesiones;Orden de Convocatoria de Becas de Excel. Acad. 25-26. INICIO. Univ.;CONSEJERÍA DE EDUCACIÓN, CIENCIA Y UNIVERSIDADES;877943;—;Subvención;28/09/2026;2100;https://www.bocm.es/bocm-20240520-20
Concesiones;Orden de Convocatoria de Becas de Excel. Acad. 25-26. INICIO. Univ.;CONSEJERÍA DE EDUCACIÓN, CIENCIA Y UNIVERSIDADES;877943;—;Subvención;28/09/2026;2100;https://www.bocm.es/bocm-20240520-20
Concesiones;Orden de Convocatoria de Becas de Excel. Acad. 25-26. INICIO. Univ.;CONSEJERÍA DE EDUCACIÓN, CIENCIA Y UNIVERSIDADES;877943;—;Subvención;28/09/2026;2100;https://www.bocm.es/bocm-20240520-20
Concesiones;Orden de Convocatoria de Becas de Excel. Acad. 25-26. INICIO. Univ.;CONSEJERÍA DE EDUCACIÓN, CIENCIA Y UNIVERSIDADES;877943;—;Subvención;28/09/2026;2100;https://www.bocm.es/bocm-20240520-20
Concesiones;Orden de Convocatoria de Becas de Excel. Acad. 25-26. INICIO. Univ.;CONSEJERÍA DE EDUCACIÓN, CIENCIA Y UNIVERSIDADES;877943;—;Subvención;28/09/2026;2100;https://www.bocm.es/bocm-20240520-20
Concesiones;Orden de Convocatoria de Becas de Excel. Acad. 25-26. INICIO. Univ.;CONSEJERÍA DE EDUCACIÓN, CIENCIA Y UNIVERSIDADES;877943;—;Subvención;28/09/2026;2100;https://www.bocm.es/bocm-20240520-20
Concesiones;Orden de Convocatoria de Becas de Excel. Acad. 25-26. INICIO. Univ.;CONSEJERÍA DE EDUCACIÓN, CIENCIA Y UNIVERSIDADES;877943;—;Subvención;28/09/2026;2100;https://www.bocm.es/bocm-20240520-20
Concesiones;Orden de Convocatoria de Becas de Excel. Acad. 25-26. INICIO. Univ.;CONSEJERÍA DE EDUCACIÓN, CIENCIA Y UNIVERSIDADES;877943;—;Subvención;28/09/2026;2100;https://www.bocm.es/bocm-20240520-20
Concesiones;Orden de Convocatoria de Becas de Excel. Acad. 25-26. INICIO. Univ.;CONSEJERÍA DE EDUCACIÓN, CIENCIA Y UNIVERSIDADES;877943;—;Subvención;28/09/2026;2100;https://www.bocm.es/bocm-20240520-20
Concesiones;Orden de Convocatoria de Becas de Excel. Acad. 25-26. INICIO. Univ.;CONSEJERÍA DE EDUCACIÓN, CIENCIA Y UNIVERSIDADES;877943;—;Subvención;28/09/2026;2100;https://www.bocm.es/bocm-20240520-20
Concesiones;Orden de Convocatoria de Becas de Excel. Acad. 25-26. INICIO. Univ.;CONSEJERÍA DE EDUCACIÓN, CIENCIA Y UNIVERSIDADES;877943;—;Subvención;28/09/2026;2100;https://www.bocm.es/bocm-20240520-20
Concesiones;Orden de Convocatoria de Becas de Excel. Acad. 25-26. INICIO. Univ.;CONSEJERÍA DE EDUCACIÓN, CIENCIA Y UNIVERSIDADES;877943;—;Subvención;28/09/2026;2100;https://www.bocm.es/bocm-20240520-20
Concesiones;Orden de Convocatoria de Becas de Excel. Acad. 25-26. INICIO. Univ.;CONSEJERÍA DE EDUCACIÓN, CIENCIA Y UNIVERSIDADES;877943;—;Subvención;28/09/2026;2100;https://www.bocm.es/bocm-20240520-20
Concesiones;Orden de Convocatoria de Becas de Excel. Acad. 25-26. INICIO. Univ.;CONSEJERÍA DE EDUCACIÓN, CIENCIA Y UNIVERSIDADES;877943;—;Subvención;28/09/2026;2100;https://www.bocm.es/bocm-20240520-20
Concesiones;Orden de Convocatoria de Becas de Excel. Acad. 25-26. INICIO. Univ.;CONSEJERÍA DE EDUCACIÓN, CIENCIA Y UNIVERSIDADES;877943;—;Subvención;28/09/2026;2100;https://www.bocm.es/bocm-20240520-20
Concesiones;Orden de Convocatoria de Becas de Excel. Acad. 25-26. INICIO. Univ.;CONSEJERÍA DE EDUCACIÓN, CIENCIA Y UNIVERSIDADES;877943;—;Subvención;28/09/2026;2100;https://www.bocm.es/bocm-20240520-20
Concesiones;Orden de Convocatoria de Becas de Excel. Acad. 25-26. INICIO. Univ.;CONSEJERÍA DE EDUCACIÓN, CIENCIA Y UNIVERSIDADES;877943;—;Subvención;28/09/2026;2100;https://www.bocm.es/bocm-20240520-20
Concesiones;Orden de Convocatoria de Becas de Excel. Acad. 25-26. INICIO. Univ.;CONSEJERÍA DE EDUCACIÓN, CIENCIA Y UNIVERSIDADES;877943;—;Subvención;28/09/2026;2100;https://www.bocm.es/bocm-20240520-20
Concesiones;Orden de Convocatoria de Becas de Excel. Acad. 25-26. INICIO. Univ.;CONSEJERÍA DE EDUCACIÓN, CIENCIA Y UNIVERSIDADES;877943;—;Subvención;28/09/2026;2100;https://www.bocm.es/bocm-20240520-20
Concesiones;Orden de Convocatoria de Becas de Excel. Acad. 25-26. INICIO. Univ.;CONSEJERÍA DE EDUCACIÓN, CIENCIA Y UNIVERSIDADES;877943;—;Subvención;28/09/2026;2100;https://www.bocm.es/bocm-20240520-20
Concesiones;Orden de Convocatoria de Becas de Excel. Acad. 25-26. INICIO. Univ.;CONSEJERÍA DE EDUCACIÓN, CIENCIA Y UNIVERSIDADES;877943;—;Subvención;28/09/2026;2100;https://www.bocm.es/bocm-20240520-20
Concesiones;Orden de Convocatoria de Becas de Excel. Acad. 25-26. INICIO. Univ.;CONSEJERÍA DE EDUCACIÓN, CIENCIA Y UNIVERSIDADES;877943;—;Subvención;28/09/2026;2100;https://www.bocm.es/bocm-20240520-20
Concesiones;Orden de Convocatoria de Becas de Excel. Acad. 25-26. INICIO. Univ.;CONSEJERÍA DE EDUCACIÓN, CIENCIA Y UNIVERSIDADES;877943;—;Subvención;28/09/2026;2100;https://www.bocm.es/bocm-20240520-20
Concesiones;Orden de Convocatoria de Becas de Excel. Acad. 25-26. INICIO. Univ.;CONSEJERÍA DE EDUCACIÓN, CIENCIA Y UNIVERSIDADES;877943;—;Subvención;28/09/2026;2100;https://www.bocm.es/bocm-20240520-20
Concesiones;Orden de Convocatoria de Becas de Excel. Acad. 25-26. INICIO. Univ.;CONSEJERÍA DE EDUCACIÓN, CIENCIA Y UNIVERSIDADES;877943;—;Subvención;28/09/2026;2100;https://www.bocm.es/bocm-20240520-20
Concesiones;Orden de Convocatoria de Becas de Excel. Acad. 25-26. INICIO. Univ.;CONSEJERÍA DE EDUCACIÓN, CIENCIA Y UNIVERSIDADES;877943;—;Subvención;28/09/2026;2100;https://www.bocm.es/bocm-20240520-20
Concesiones;Orden de Convocatoria de Becas de Excel. Acad. 25-26. INICIO. Univ.;CONSEJERÍA DE EDUCACIÓN, CIENCIA Y UNIVERSIDADES;877943;—;Subvención;28/09/2026;2100;https://www.bocm.es/bocm-20240520-20
Concesiones;Orden de Convocatoria de Becas de Excel. Acad. 25-26. INICIO. Univ.;CONSEJERÍA DE EDUCACIÓN, CIENCIA Y UNIVERSIDADES;877943;—;Subvención;28/09/2026;2100;https://www.bocm.es/bocm-20240520-20
Concesiones;Orden de Convocatoria de Becas de Excel. Acad. 25-26. INICIO. Univ.;CONSEJERÍA DE EDUCACIÓN, CIENCIA Y UNIVERSIDADES;877943;—;Subvención;28/09/2026;2100;https://www.bocm.es/bocm-20240520-20
Concesiones;Orden de Convocatoria de Becas de Excel. Acad. 25-26. INICIO. Univ.;CONSEJERÍA DE EDUCACIÓN, CIENCIA Y UNIVERSIDADES;877943;—;Subvención;28/09/2026;2100;https://www.bocm.es/bocm-20240520-20
Concesiones;Orden de Convocatoria de Becas de Excel. Acad. 25-26. INICIO. Univ.;CONSEJERÍA DE EDUCACIÓN, CIENCIA Y UNIVERSIDADES;877943;—;Subvención;28/09/2026;2100;https://www.bocm.es/bocm-20240520-20
Concesiones;Orden de Convocatoria de Becas de Excel. Acad. 25-26. INICIO. Univ.;CONSEJERÍA DE EDUCACIÓN, CIENCIA Y UNIVERSIDADES;877943;—;Subvención;28/09/2026;2100;https://www.bocm.es/bocm-20240520-20
Concesiones;Orden de Convocatoria de Becas de Excel. Acad. 25-26. INICIO. Univ.;CONSEJERÍA DE EDUCACIÓN, CIENCIA Y UNIVERSIDADES;877943;—;Subvención;28/09/2026;2100;https://www.bocm.es/bocm-20240520-20
Concesiones;Orden de Convocatoria de Becas de Excel. Acad. 25-26. INICIO. Univ.;CONSEJERÍA DE EDUCACIÓN, CIENCIA Y UNIVERSIDADES;877943;—;Subvención;28/09/2026;2100;https://www.bocm.es/bocm-20240520-20
Concesiones;Orden de Convocatoria de Becas de Excel. Acad. 25-26. INICIO. Univ.;CONSEJERÍA DE EDUCACIÓN, CIENCIA Y UNIVERSIDADES;877943;—;Subvención;28/09/2026;2100;https://www.bocm.es/bocm-20240520-20
Concesiones;Orden de Convocatoria de Becas de Excel. Acad. 25-26. INICIO. Univ.;CONSEJERÍA DE EDUCACIÓN, CIENCIA Y UNIVERSIDADES;877943;—;Subvención;28/09/2026;2100;https://www.bocm.es/bocm-20240520-20
Concesiones;Orden de Convocatoria de Becas de Excel. Acad. 25-26. INICIO. Univ.;CONSEJERÍA DE EDUCACIÓN, CIENCIA Y UNIVERSIDADES;877943;—;Subvención;28/09/2026;2100;https://www.bocm.es/bocm-20240520-20
Concesiones;Orden de Convocatoria de Becas de Excel. Acad. 25-26. INICIO. Univ.;CONSEJERÍA DE EDUCACIÓN, CIENCIA Y UNIVERSIDADES;877943;—;Subvención;28/09/2026;2100;https://www.bocm.es/bocm-20240520-20
Concesiones;Orden de Convocatoria de Becas de Excel. Acad. 25-26. INICIO. Univ.;CONSEJERÍA DE EDUCACIÓN, CIENCIA Y UNIVERSIDADES;877943;—;Subvención;28/09/2026;2100;https://www.bocm.es/bocm-20240520-20
Concesiones;Orden de Convocatoria de Becas de Excel. Acad. 25-26. INICIO. Univ.;CONSEJERÍA DE EDUCACIÓN, CIENCIA Y UNIVERSIDADES;877943;—;Subvención;28/09/2026;2100;https://www.bocm.es/bocm-20240520-20
Concesiones;Orden de Convocatoria de Becas de Excel. Acad. 25-26. INICIO. Univ.;CONSEJERÍA DE EDUCACIÓN, CIENCIA Y UNIVERSIDADES;877943;—;Subvención;28/09/2026;2100;https://www.bocm.es/bocm-20240520-20
Concesiones;Orden de Convocatoria de Becas de Excel. Acad. 25-26. INICIO. Univ.;CONSEJERÍA DE EDUCACIÓN, CIENCIA Y UNIVERSIDADES;877943;—;Subvención;28/09/2026;2100;https://www.bocm.es/bocm-20240520-20
Concesiones;Orden de Convocatoria de Becas de Excel. Acad. 25-26. INICIO. Univ.;CONSEJERÍA DE EDUCACIÓN, CIENCIA Y UNIVERSIDADES;877943;—;Subvención;28/09/2026;2100;https://www.bocm.es/bocm-20240520-20
Concesiones;Orden de Convocatoria de Becas de Excel. Acad. 25-26. INICIO. Univ.;CONSEJERÍA DE EDUCACIÓN, CIENCIA Y UNIVERSIDADES;877943;—;Subvención;28/09/2026;2100;https://www.bocm.es/bocm-20240520-20
Concesiones;Orden de Convocatoria de Becas de Excel. Acad. 25-26. INICIO. Univ.;CONSEJERÍA DE EDUCACIÓN, CIENCIA Y UNIVERSIDADES;877943;—;Subvención;28/09/2026;2100;https://www.bocm.es/bocm-20240520-20
Concesiones;Orden de Convocatoria de Becas de Excel. Acad. 25-26. INICIO. Univ.;CONSEJERÍA DE EDUCACIÓN, CIENCIA Y UNIVERSIDADES;877943;—;Subvención;28/09/2026;2100;https://www.bocm.es/bocm-20240520-20
Concesiones;Orden de Convocatoria de Becas de Excel. Acad. 25-26. INICIO. Univ.;CONSEJERÍA DE EDUCACIÓN, CIENCIA Y UNIVERSIDADES;877943;—;Subvención;28/09/2026;2100;https://www.bocm.es/bocm-20240520-20
Concesiones;Orden de Convocatoria de Becas de Excel. Acad. 25-26. INICIO. Univ.;CONSEJERÍA DE EDUCACIÓN, CIENCIA Y UNIVERSIDADES;877943;—;Subvención;28/09/2026;2100;https://www.bocm.es/bocm-20240520-20
Concesiones;Orden de Convocatoria de Becas de Excel. Acad. 25-26. INICIO. Univ.;CONSEJERÍA DE EDUCACIÓN, CIENCIA Y UNIVERSIDADES;877943;—;Subvención;28/09/2026;2100;https://www.bocm.es/bocm-20240520-20
Concesiones;Orden de Convocatoria de Becas de Excel. Acad. 25-26. INICIO. Univ.;CONSEJERÍA DE EDUCACIÓN, CIENCIA Y UNIVERSIDADES;877943;—;Subvención;28/09/2026;2100;https://www.bocm.es/bocm-20240520-20
Concesiones;Orden de Convocatoria de Becas de Excel. Acad. 25-26. INICIO. Univ.;CONSEJERÍA DE EDUCACIÓN, CIENCIA Y UNIVERSIDADES;877943;—;Subvención;28/09/2026;2100;https://www.bocm.es/bocm-20240520-20
Concesiones;Orden de Convocatoria de Becas de Excel. Acad. 25-26. INICIO. Univ.;CONSEJERÍA DE EDUCACIÓN, CIENCIA Y UNIVERSIDADES;877943;—;Subvención;28/09/2026;2100;https://www.bocm.es/bocm-20240520-20
Concesiones;Orden de Convocatoria de Becas de Excel. Acad. 25-26. INICIO. Univ.;CONSEJERÍA DE EDUCACIÓN, CIENCIA Y UNIVERSIDADES;877943;—;Subvención;28/09/2026;2100;https://www.bocm.es/bocm-20240520-20
Concesiones;Orden de Convocatoria de Becas de Excel. Acad. 25-26. INICIO. Univ.;CONSEJERÍA DE EDUCACIÓN, CIENCIA Y UNIVERSIDADES;877943;—;Subvención;28/09/2026;2100;https://www.bocm.es/bocm-20240520-20
Concesiones;Orden de Convocatoria de Becas de Excel. Acad. 25-26. INICIO. Univ.;CONSEJERÍA DE EDUCACIÓN, CIENCIA Y UNIVERSIDADES;877943;—;Subvención;28/09/2026;2100;https://www.bocm.es/bocm-20240520-20
Concesiones;Orden de Convocatoria de Becas de Excel. Acad. 25-26. INICIO. Univ.;CONSEJERÍA DE EDUCACIÓN, CIENCIA Y UNIVERSIDADES;877943;—;Subvención;28/09/2026;2100;https://www.bocm.es/bocm-20240520-20
Concesiones;Orden de Convocatoria de Becas de Excel. Acad. 25-26. INICIO. Univ.;CONSEJERÍA DE EDUCACIÓN, CIENCIA Y UNIVERSIDADES;877943;—;Subvención;28/09/2026;2100;https://www.bocm.es/bocm-20240520-20
Concesiones;Orden de Convocatoria de Becas de Excel. Acad. 25-26. INICIO. Univ.;CONSEJERÍA DE EDUCACIÓN, CIENCIA Y UNIVERSIDADES;877943;—;Subvención;28/09/2026;2100;https://www.bocm.es/bocm-20240520-20
Concesiones;Orden de Convocatoria de Becas de Excel. Acad. 25-26. INICIO. Univ.;CONSEJERÍA DE EDUCACIÓN, CIENCIA Y UNIVERSIDADES;877943;—;Subvención;28/09/2026;2100;https://www.bocm.es/bocm-20240520-20
Concesiones;Orden de Convocatoria de Becas de Excel. Acad. 25-26. INICIO. Univ.;CONSEJERÍA DE EDUCACIÓN, CIENCIA Y UNIVERSIDADES;877943;—;Subvención;28/09/2026;2100;https://www.bocm.es/bocm-20240520-20
Concesiones;Orden de Convocatoria de Becas de Excel. Acad. 25-26. INICIO. Univ.;CONSEJERÍA DE EDUCACIÓN, CIENCIA Y UNIVERSIDADES;877943;—;Subvención;28/09/2026;2100;https://www.bocm.es/bocm-20240520-20
Concesiones;Orden de Convocatoria de Becas de Excel. Acad. 25-26. INICIO. Univ.;CONSEJERÍA DE EDUCACIÓN, CIENCIA Y UNIVERSIDADES;877943;—;Subvención;28/09/2026;2100;https://www.bocm.es/bocm-20240520-20
Concesiones;Orden de Convocatoria de Becas de Excel. Acad. 25-26. INICIO. Univ.;CONSEJERÍA DE EDUCACIÓN, CIENCIA Y UNIVERSIDADES;877943;—;Subvención;28/09/2026;2100;https://www.bocm.es/bocm-20240520-20
Concesiones;Orden de Convocatoria de Becas de Excel. Acad. 25-26. INICIO. Univ.;CONSEJERÍA DE EDUCACIÓN, CIENCIA Y UNIVERSIDADES;877943;—;Subvención;28/09/2026;2100;https://www.bocm.es/bocm-20240520-20
Concesiones;Orden de Convocatoria de Becas de Excel. Acad. 25-26. INICIO. Univ.;CONSEJERÍA DE EDUCACIÓN, CIENCIA Y UNIVERSIDADES;877943;—;Subvención;28/09/2026;2100;https://www.bocm.es/bocm-20240520-20
Concesiones;Orden de Convocatoria de Becas de Excel. Acad. 25-26. INICIO. Univ.;CONSEJERÍA DE EDUCACIÓN, CIENCIA Y UNIVERSIDADES;877943;—;Subvención;28/09/2026;2100;https://www.bocm.es/bocm-20240520-20
Concesiones;Orden de Convocatoria de Becas de Excel. Acad. 25-26. INICIO. Univ.;CONSEJERÍA DE EDUCACIÓN, CIENCIA Y UNIVERSIDADES;877943;—;Subvención;28/09/2026;2100;https://www.bocm.es/bocm-20240520-20
Concesiones;Orden de Convocatoria de Becas de Excel. Acad. 25-26. INICIO. Univ.;CONSEJERÍA DE EDUCACIÓN, CIENCIA Y UNIVERSIDADES;877943;—;Subvención;28/09/2026;2100;https://www.bocm.es/bocm-20240520-20
Concesiones;Orden de Convocatoria de Becas de Excel. Acad. 25-26. INICIO. Univ.;CONSEJERÍA DE EDUCACIÓN, CIENCIA Y UNIVERSIDADES;877943;—;Subvención;28/09/2026;2100;https://www.bocm.es/bocm-20240520-20
Concesiones;Orden de Convocatoria de Becas de Excel. Acad. 25-26. INICIO. Univ.;CONSEJERÍA DE EDUCACIÓN, CIENCIA Y UNIVERSIDADES;877943;—;Subvención;28/09/2026;2100;https://www.bocm.es/bocm-20240520-20
Concesiones;Orden de Convocatoria de Becas de Excel. Acad. 25-26. INICIO. Univ.;CONSEJERÍA DE EDUCACIÓN, CIENCIA Y UNIVERSIDADES;877943;—;Subvención;28/09/2026;2100;https://www.bocm.es/bocm-20240520-20
Concesiones;Orden de Convocatoria de Becas de Excel. Acad. 25-26. INICIO. Univ.;CONSEJERÍA DE EDUCACIÓN, CIENCIA Y UNIVERSIDADES;877943;—;Subvención;28/09/2026;2100;https://www.bocm.es/bocm-20240520-20
Concesiones;Orden de Convocatoria de Becas de Excel. Acad. 25-26. INICIO. Univ.;CONSEJERÍA DE EDUCACIÓN, CIENCIA Y UNIVERSIDADES;877943;—;Subvención;28/09/2026;2100;https://www.bocm.es/bocm-20240520-20
Concesiones;Orden de Convocatoria de Becas de Excel. Acad. 25-26. INICIO. Univ.;CONSEJERÍA DE EDUCACIÓN, CIENCIA Y UNIVERSIDADES;877943;—;Subvención;28/09/2026;2100;https://www.bocm.es/bocm-20240520-20
Concesiones;Orden de Convocatoria de Becas de Excel. Acad. 25-26. INICIO. Univ.;CONSEJERÍA DE EDUCACIÓN, CIENCIA Y UNIVERSIDADES;877943;—;Subvención;28/09/2026;2100;https://www.bocm.es/bocm-20240520-20
Concesiones;Orden de Convocatoria de Becas de Excel. Acad. 25-26. INICIO. Univ.;CONSEJERÍA DE EDUCACIÓN, CIENCIA Y UNIVERSIDADES;877943;—;Subvención;28/09/2026;2100;https://www.bocm.es/bocm-20240520-20
Concesiones;Orden de Convocatoria de Becas de Excel. Acad. 25-26. INICIO. Univ.;CONSEJERÍA DE EDUCACIÓN, CIENCIA Y UNIVERSIDADES;877943;—;Subvención;28/09/2026;2100;https://www.bocm.es/bocm-20240520-20
Concesiones;Orden de Convocatoria de Becas de Excel. Acad. 25-26. INICIO. Univ.;CONSEJERÍA DE EDUCACIÓN, CIENCIA Y UNIVERSIDADES;877943;—;Subvención;28/09/2026;2100;https://www.bocm.es/bocm-20240520-20
Concesiones;Orden de Convocatoria de Becas de Excel. Acad. 25-26. INICIO. Univ.;CONSEJERÍA DE EDUCACIÓN, CIENCIA Y UNIVERSIDADES;877943;—;Subvención;28/09/2026;2100;https://www.bocm.es/bocm-20240520-20
Concesiones;Orden de Convocatoria de Becas de Excel. Acad. 25-26. INICIO. Univ.;CONSEJERÍA DE EDUCACIÓN, CIENCIA Y UNIVERSIDADES;877943;—;Subvención;28/09/2026;2100;https://www.bocm.es/bocm-20240520-20
Concesiones;Orden de Convocatoria de Becas de Excel. Acad. 25-26. INICIO. Univ.;CONSEJERÍA DE EDUCACIÓN, CIENCIA Y UNIVERSIDADES;877943;—;Subvención;28/09/2026;2100;https://www.bocm.es/bocm-20240520-20
Concesiones;Orden de Convocatoria de Becas de Excel. Acad. 25-26. INICIO. Univ.;CONSEJERÍA DE EDUCACIÓN, CIENCIA Y UNIVERSIDADES;877943;—;Subvención;28/09/2026;2100;https://www.bocm.es/bocm-20240520-20
Concesiones;Orden de Convocatoria de Becas de Excel. Acad. 25-26. INICIO. Univ.;CONSEJERÍA DE EDUCACIÓN, CIENCIA Y UNIVERSIDADES;877943;—;Subvención;28/09/2026;2100;https://www.bocm.es/bocm-20240520-20
Concesiones;Orden de Convocatoria de Becas de Excel. Acad. 25-26. INICIO. Univ.;CONSEJERÍA DE EDUCACIÓN, CIENCIA Y UNIVERSIDADES;877943;—;Subvención;28/09/2026;2100;https://www.bocm.es/bocm-20240520-20
Concesiones;Orden de Convocatoria de Becas de Excel. Acad. 25-26. INICIO. Univ.;CONSEJERÍA DE EDUCACIÓN, CIENCIA Y UNIVERSIDADES;877943;—;Subvención;28/09/2026;2100;https://www.bocm.es/bocm-20240520-20
Concesiones;Orden de Convocatoria de Becas de Excel. Acad. 25-26. INICIO. Univ.;CONSEJERÍA DE EDUCACIÓN, CIENCIA Y UNIVERSIDADES;877943;—;Subvención;28/09/2026;2100;https://www.bocm.es/bocm-20240520-20
Concesiones;Orden de Convocatoria de Becas de Excel. Acad. 25-26. INICIO. Univ.;CONSEJERÍA DE EDUCACIÓN, CIENCIA Y UNIVERSIDADES;877943;—;Subvención;28/09/2026;2100;https://www.bocm.es/bocm-20240520-20
Concesiones;Orden de Convocatoria de Becas de Excel. Acad. 25-26. INICIO. Univ.;CONSEJERÍA DE EDUCACIÓN, CIENCIA Y UNIVERSIDADES;877943;—;Subvención;28/09/2026;2100;https://www.bocm.es/bocm-20240520-20
Concesiones;Orden de Convocatoria de Becas de Excel. Acad. 25-26. INICIO. Univ.;CONSEJERÍA DE EDUCACIÓN, CIENCIA Y UNIVERSIDADES;877943;—;Subvención;28/09/2026;2100;https://www.bocm.es/bocm-20240520-20
Concesiones;Orden de Convocatoria de Becas de Excel. Acad. 25-26. INICIO. Univ.;CONSEJERÍA DE EDUCACIÓN, CIENCIA Y UNIVERSIDADES;877943;—;Subvención;28/09/2026;2100;https://www.bocm.es/bocm-20240520-20
Concesiones;Orden de Convocatoria de Becas de Excel. Acad. 25-26. INICIO. Univ.;CONSEJERÍA DE EDUCACIÓN, CIENCIA Y UNIVERSIDADES;877943;—;Subvención;28/09/2026;2100;https://www.bocm.es/bocm-20240520-20
Concesiones;Orden de Convocatoria de Becas de Excel. Acad. 25-26. INICIO. Univ.;CONSEJERÍA DE EDUCACIÓN, CIENCIA Y UNIVERSIDADES;877943;—;Subvención;28/09/2026;2100;https://www.bocm.es/bocm-20240520-20
Concesiones;Orden de Convocatoria de Becas de Excel. Acad. 25-26. INICIO. Univ.;CONSEJERÍA DE EDUCACIÓN, CIENCIA Y UNIVERSIDADES;877943;—;Subvención;28/09/2026;2100;https://www.bocm.es/bocm-20240520-20
Concesiones;Orden de Convocatoria de Becas de Excel. Acad. 25-26. INICIO. Univ.;CONSEJERÍA DE EDUCACIÓN, CIENCIA Y UNIVERSIDADES;877943;—;Subvención;28/09/2026;2100;https://www.bocm.es/bocm-20240520-20
Concesiones;Orden de Convocatoria de Becas de Excel. Acad. 25-26. INICIO. Univ.;CONSEJERÍA DE EDUCACIÓN, CIENCIA Y UNIVERSIDADES;877943;—;Subvención;28/09/2026;2100;https://www.bocm.es/bocm-20240520-20
Concesiones;Orden de Convocatoria de Becas de Excel. Acad. 25-26. INICIO. Univ.;CONSEJERÍA DE EDUCACIÓN, CIENCIA Y UNIVERSIDADES;877943;—;Subvención;28/09/2026;2100;https://www.bocm.es/bocm-20240520-20
Concesiones;Orden de Convocatoria de Becas de Excel. Acad. 25-26. INICIO. Univ.;CONSEJERÍA DE EDUCACIÓN, CIENCIA Y UNIVERSIDADES;877943;—;Subvención;28/09/2026;2100;https://www.bocm.es/bocm-20240520-20
Concesiones;Orden de Convocatoria de Becas de Excel. Acad. 25-26. INICIO. Univ.;CONSEJERÍA DE EDUCACIÓN, CIENCIA Y UNIVERSIDADES;877943;—;Subvención;28/09/2026;2100;https://www.bocm.es/bocm-20240520-20
Concesiones;Orden de Convocatoria de Becas de Excel. Acad. 25-26. INICIO. Univ.;CONSEJERÍA DE EDUCACIÓN, CIENCIA Y UNIVERSIDADES;877943;—;Subvención;28/09/2026;2100;https://www.bocm.es/bocm-20240520-20
Concesiones;Orden de Convocatoria de Becas de Excel. Acad. 25-26. INICIO. Univ.;CONSEJERÍA DE EDUCACIÓN, CIENCIA Y UNIVERSIDADES;877943;—;Subvención;28/09/2026;2100;https://www.bocm.es/bocm-20240520-20
Concesiones;Orden de Convocatoria de Becas de Excel. Acad. 25-26. INICIO. Univ.;CONSEJERÍA DE EDUCACIÓN, CIENCIA Y UNIVERSIDADES;877943;—;Subvención;28/09/2026;2100;https://www.bocm.es/bocm-20240520-20
Concesiones;Orden de Convocatoria de Becas de Excel. Acad. 25-26. INICIO. Univ.;CONSEJERÍA DE EDUCACIÓN, CIENCIA Y UNIVERSIDADES;877943;—;Subvención;28/09/2026;2100;https://www.bocm.es/bocm-20240520-20
Concesiones;Orden de Convocatoria de Becas de Excel. Acad. 25-26. INICIO. Univ.;CONSEJERÍA DE EDUCACIÓN, CIENCIA Y UNIVERSIDADES;877943;—;Subvención;28/09/2026;2100;https://www.bocm.es/bocm-20240520-20
Concesiones;Orden de Convocatoria de Becas de Excel. Acad. 25-26. INICIO. Univ.;CONSEJERÍA DE EDUCACIÓN, CIENCIA Y UNIVERSIDADES;877943;—;Subvención;28/09/2026;2100;https://www.bocm.es/bocm-20240520-20
Concesiones;Orden de Convocatoria de Becas de Excel. Acad. 25-26. INICIO. Univ.;CONSEJERÍA DE EDUCACIÓN, CIENCIA Y UNIVERSIDADES;877943;—;Subvención;28/09/2026;2100;https://www.bocm.es/bocm-20240520-20
Concesiones;Orden de Convocatoria de Becas de Excel. Acad. 25-26. INICIO. Univ.;CONSEJERÍA DE EDUCACIÓN, CIENCIA Y UNIVERSIDADES;877943;—;Subvención;28/09/2026;2100;https://www.bocm.es/bocm-20240520-20
Concesiones;Orden de Convocatoria de Becas de Excel. Acad. 25-26. INICIO. Univ.;CONSEJERÍA DE EDUCACIÓN, CIENCIA Y UNIVERSIDADES;877943;—;Subvención;28/09/2026;2100;https://www.bocm.es/bocm-20240520-20
Concesiones;Orden de Convocatoria de Becas de Excel. Acad. 25-26. INICIO. Univ.;CONSEJERÍA DE EDUCACIÓN, CIENCIA Y UNIVERSIDADES;877943;—;Subvención;28/09/2026;2100;https://www.bocm.es/bocm-20240520-20
Concesiones;Orden de Convocatoria de Becas de Excel. Acad. 25-26. INICIO. Univ.;CONSEJERÍA DE EDUCACIÓN, CIENCIA Y UNIVERSIDADES;877943;—;Subvención;28/09/2026;2100;https://www.bocm.es/bocm-20240520-20
Concesiones;Orden de Convocatoria de Becas de Excel. Acad. 25-26. INICIO. Univ.;CONSEJERÍA DE EDUCACIÓN, CIENCIA Y UNIVERSIDADES;877943;—;Subvención;28/09/2026;2100;https://www.bocm.es/bocm-20240520-20
Concesiones;Orden de Convocatoria de Becas de Excel. Acad. 25-26. INICIO. Univ.;CONSEJERÍA DE EDUCACIÓN, CIENCIA Y UNIVERSIDADES;877943;—;Subvención;28/09/2026;2100;https://www.bocm.es/bocm-20240520-20
Concesiones;Orden de Convocatoria de Becas de Excel. Acad. 25-26. INICIO. Univ.;CONSEJERÍA DE EDUCACIÓN, CIENCIA Y UNIVERSIDADES;877943;—;Subvención;28/09/2026;2100;https://www.bocm.es/bocm-20240520-20
Concesiones;Orden de Convocatoria de Becas de Excel. Acad. 25-26. INICIO. Univ.;CONSEJERÍA DE EDUCACIÓN, CIENCIA Y UNIVERSIDADES;877943;—;Subvención;28/09/2026;2100;https://www.bocm.es/bocm-20240520-20
Concesiones;Orden de Convocatoria de Becas de Excel. Acad. 25-26. INICIO. Univ.;CONSEJERÍA DE EDUCACIÓN, CIENCIA Y UNIVERSIDADES;877943;—;Subvención;28/09/2026;2100;https://www.bocm.es/bocm-20240520-20
Concesiones;Orden de Convocatoria de Becas de Excel. Acad. 25-26. INICIO. Univ.;CONSEJERÍA DE EDUCACIÓN, CIENCIA Y UNIVERSIDADES;877943;—;Subvención;28/09/2026;2100;https://www.bocm.es/bocm-20240520-20
Concesiones;Orden de Convocatoria de Becas de Excel. Acad. 25-26. INICIO. Univ.;CONSEJERÍA DE EDUCACIÓN, CIENCIA Y UNIVERSIDADES;877943;—;Subvención;28/09/2026;2100;https://www.bocm.es/bocm-20240520-20
Concesiones;Orden de Convocatoria de Becas de Excel. Acad. 25-26. INICIO. Univ.;CONSEJERÍA DE EDUCACIÓN, CIENCIA Y UNIVERSIDADES;877943;—;Subvención;28/09/2026;2100;https://www.bocm.es/bocm-20240520-20
Concesiones;Orden de Convocatoria de Becas de Excel. Acad. 25-26. INICIO. Univ.;CONSEJERÍA DE EDUCACIÓN, CIENCIA Y UNIVERSIDADES;877943;—;Subvención;28/09/2026;2100;https://www.bocm.es/bocm-20240520-20
Concesiones;Orden de Convocatoria de Becas de Excel. Acad. 25-26. INICIO. Univ.;CONSEJERÍA DE EDUCACIÓN, CIENCIA Y UNIVERSIDADES;877943;—;Subvención;28/09/2026;2100;https://www.bocm.es/bocm-20240520-20
Concesiones;Orden de Convocatoria de Becas de Excel. Acad. 25-26. INICIO. Univ.;CONSEJERÍA DE EDUCACIÓN, CIENCIA Y UNIVERSIDADES;877943;—;Subvención;28/09/2026;2100;https://www.bocm.es/bocm-20240520-20
Concesiones;Orden de Convocatoria de Becas de Excel. Acad. 25-26. INICIO. Univ.;CONSEJERÍA DE EDUCACIÓN, CIENCIA Y UNIVERSIDADES;877943;—;Subvención;28/09/2026;2100;https://www.bocm.es/bocm-20240520-20
Concesiones;Orden de Convocatoria de Becas de Excel. Acad. 25-26. INICIO. Univ.;CONSEJERÍA DE EDUCACIÓN, CIENCIA Y UNIVERSIDADES;877943;—;Subvención;28/09/2026;2100;https://www.bocm.es/bocm-20240520-20
Concesiones;Orden de Convocatoria de Becas de Excel. Acad. 25-26. INICIO. Univ.;CONSEJERÍA DE EDUCACIÓN, CIENCIA Y UNIVERSIDADES;877943;—;Subvención;28/09/2026;2100;https://www.bocm.es/bocm-20240520-20
Concesiones;Orden de Convocatoria de Becas de Excel. Acad. 25-26. INICIO. Univ.;CONSEJERÍA DE EDUCACIÓN, CIENCIA Y UNIVERSIDADES;877943;—;Subvención;28/09/2026;2100;https://www.bocm.es/bocm-20240520-20
Concesiones;Orden de Convocatoria de Becas de Excel. Acad. 25-26. INICIO. Univ.;CONSEJERÍA DE EDUCACIÓN, CIENCIA Y UNIVERSIDADES;877943;—;Subvención;28/09/2026;2100;https://www.bocm.es/bocm-20240520-20
Concesiones;Orden de Convocatoria de Becas de Excel. Acad. 25-26. INICIO. Univ.;CONSEJERÍA DE EDUCACIÓN, CIENCIA Y UNIVERSIDADES;877943;—;Subvención;28/09/2026;2100;https://www.bocm.es/bocm-20240520-20
Concesiones;Orden de Convocatoria de Becas de Excel. Acad. 25-26. INICIO. Univ.;CONSEJERÍA DE EDUCACIÓN, CIENCIA Y UNIVERSIDADES;877943;—;Subvención;28/09/2026;2100;https://www.bocm.es/bocm-20240520-20
Concesiones;Orden de Convocatoria de Becas de Excel. Acad. 25-26. INICIO. Univ.;CONSEJERÍA DE EDUCACIÓN, CIENCIA Y UNIVERSIDADES;877943;—;Subvención;28/09/2026;2100;https://www.bocm.es/bocm-20240520-20
Concesiones;Orden de Convocatoria de Becas de Excel. Acad. 25-26. INICIO. Univ.;CONSEJERÍA DE EDUCACIÓN, CIENCIA Y UNIVERSIDADES;877943;—;Subvención;28/09/2026;2100;https://www.bocm.es/bocm-20240520-20
Concesiones;Orden de Convocatoria de Becas de Excel. Acad. 25-26. INICIO. Univ.;CONSEJERÍA DE EDUCACIÓN, CIENCIA Y UNIVERSIDADES;877943;—;Subvención;28/09/2026;2100;https://www.bocm.es/bocm-20240520-20
Concesiones;Orden de Convocatoria de Becas de Excel. Acad. 25-26. INICIO. Univ.;CONSEJERÍA DE EDUCACIÓN, CIENCIA Y UNIVERSIDADES;877943;—;Subvención;28/09/2026;2100;https://www.bocm.es/bocm-20240520-20
Concesiones;Orden de Convocatoria de Becas de Excel. Acad. 25-26. INICIO. Univ.;CONSEJERÍA DE EDUCACIÓN, CIENCIA Y UNIVERSIDADES;877943;—;Subvención;28/09/2026;2100;https://www.bocm.es/bocm-20240520-20
Concesiones;Orden de Convocatoria de Becas de Excel. Acad. 25-26. INICIO. Univ.;CONSEJERÍA DE EDUCACIÓN, CIENCIA Y UNIVERSIDADES;877943;—;Subvención;28/09/2026;2100;https://www.bocm.es/bocm-20240520-20
Concesiones;Orden de Convocatoria de Becas de Excel. Acad. 25-26. INICIO. Univ.;CONSEJERÍA DE EDUCACIÓN, CIENCIA Y UNIVERSIDADES;877943;—;Subvención;28/09/2026;2100;https://www.bocm.es/bocm-20240520-20
Concesiones;Orden de Convocatoria de Becas de Excel. Acad. 25-26. INICIO. Univ.;CONSEJERÍA DE EDUCACIÓN, CIENCIA Y UNIVERSIDADES;877943;—;Subvención;28/09/2026;2100;https://www.bocm.es/bocm-20240520-20
Concesiones;Orden de Convocatoria de Becas de Excel. Acad. 25-26. INICIO. Univ.;CONSEJERÍA DE EDUCACIÓN, CIENCIA Y UNIVERSIDADES;877943;—;Subvención;28/09/2026;2100;https://www.bocm.es/bocm-20240520-20
Concesiones;Orden de Convocatoria de Becas de Excel. Acad. 25-26. INICIO. Univ.;CONSEJERÍA DE EDUCACIÓN, CIENCIA Y UNIVERSIDADES;877943;—;Subvención;28/09/2026;2100;https://www.bocm.es/bocm-20240520-20
Concesiones;Orden de Convocatoria de Becas de Excel. Acad. 25-26. INICIO. Univ.;CONSEJERÍA DE EDUCACIÓN, CIENCIA Y UNIVERSIDADES;877943;—;Subvención;28/09/2026;2100;https://www.bocm.es/bocm-20240520-20
Concesiones;Orden de Convocatoria de Becas de Excel. Acad. 25-26. INICIO. Univ.;CONSEJERÍA DE EDUCACIÓN, CIENCIA Y UNIVERSIDADES;877943;—;Subvención;28/09/2026;2100;https://www.bocm.es/bocm-20240520-20
Concesiones;Orden de Convocatoria de Becas de Excel. Acad. 25-26. INICIO. Univ.;CONSEJERÍA DE EDUCACIÓN, CIENCIA Y UNIVERSIDADES;877943;—;Subvención;28/09/2026;2100;https://www.bocm.es/bocm-20240520-20
Concesiones;Orden de Convocatoria de Becas de Excel. Acad. 25-26. INICIO. Univ.;CONSEJERÍA DE EDUCACIÓN, CIENCIA Y UNIVERSIDADES;877943;—;Subvención;28/09/2026;2100;https://www.bocm.es/bocm-20240520-20
Concesiones;Orden de Convocatoria de Becas de Excel. Acad. 25-26. INICIO. Univ.;CONSEJERÍA DE EDUCACIÓN, CIENCIA Y UNIVERSIDADES;877943;—;Subvención;28/09/2026;2100;https://www.bocm.es/bocm-20240520-20
Concesiones;Orden de Convocatoria de Becas de Excel. Acad. 25-26. INICIO. Univ.;CONSEJERÍA DE EDUCACIÓN, CIENCIA Y UNIVERSIDADES;877943;—;Subvención;28/09/2026;2100;https://www.bocm.es/bocm-20240520-20
Concesiones;Orden de Convocatoria de Becas de Excel. Acad. 25-26. INICIO. Univ.;CONSEJERÍA DE EDUCACIÓN, CIENCIA Y UNIVERSIDADES;877943;—;Subvención;28/09/2026;2100;https://www.bocm.es/bocm-20240520-20
Concesiones;Orden de Convocatoria de Becas de Excel. Acad. 25-26. INICIO. Univ.;CONSEJERÍA DE EDUCACIÓN, CIENCIA Y UNIVERSIDADES;877943;—;Subvención;28/09/2026;2100;https://www.bocm.es/bocm-20240520-20
Concesiones;Orden de Convocatoria de Becas de Excel. Acad. 25-26. INICIO. Univ.;CONSEJERÍA DE EDUCACIÓN, CIENCIA Y UNIVERSIDADES;877943;—;Subvención;28/09/2026;2100;https://www.bocm.es/bocm-20240520-20
Concesiones;Orden de Convocatoria de Becas de Excel. Acad. 25-26. INICIO. Univ.;CONSEJERÍA DE EDUCACIÓN, CIENCIA Y UNIVERSIDADES;877943;—;Subvención;28/09/2026;2100;https://www.bocm.es/bocm-20240520-20
Concesiones;Orden de Convocatoria de Becas de Excel. Acad. 25-26. INICIO. Univ.;CONSEJERÍA DE EDUCACIÓN, CIENCIA Y UNIVERSIDADES;877943;—;Subvención;28/09/2026;2100;https://www.bocm.es/bocm-20240520-20
Concesiones;Orden de Convocatoria de Becas de Excel. Acad. 25-26. INICIO. Univ.;CONSEJERÍA DE EDUCACIÓN, CIENCIA Y UNIVERSIDADES;877943;—;Subvención;28/09/2026;2100;https://www.bocm.es/bocm-20240520-20
Concesiones;Orden de Convocatoria de Becas de Excel. Acad. 25-26. INICIO. Univ.;CONSEJERÍA DE EDUCACIÓN, CIENCIA Y UNIVERSIDADES;877943;—;Subvención;28/09/2026;2100;https://www.bocm.es/bocm-20240520-20
Concesiones;Orden de Convocatoria de Becas de Excel. Acad. 25-26. INICIO. Univ.;CONSEJERÍA DE EDUCACIÓN, CIENCIA Y UNIVERSIDADES;877943;—;Subvención;28/09/2026;2100;https://www.bocm.es/bocm-20240520-20
Concesiones;Orden de Convocatoria de Becas de Excel. Acad. 25-26. INICIO. Univ.;CONSEJERÍA DE EDUCACIÓN, CIENCIA Y UNIVERSIDADES;877943;—;Subvención;28/09/2026;2100;https://www.bocm.es/bocm-20240520-20
Concesiones;Orden de Convocatoria de Becas de Excel. Acad. 25-26. INICIO. Univ.;CONSEJERÍA DE EDUCACIÓN, CIENCIA Y UNIVERSIDADES;877943;—;Subvención;28/09/2026;2100;https://www.bocm.es/bocm-20240520-20
Concesiones;Orden de Convocatoria de Becas de Excel. Acad. 25-26. INICIO. Univ.;CONSEJERÍA DE EDUCACIÓN, CIENCIA Y UNIVERSIDADES;877943;—;Subvención;28/09/2026;2100;https://www.bocm.es/bocm-20240520-20
Concesiones;Orden de Convocatoria de Becas de Excel. Acad. 25-26. INICIO. Univ.;CONSEJERÍA DE EDUCACIÓN, CIENCIA Y UNIVERSIDADES;877943;—;Subvención;28/09/2026;2100;https://www.bocm.es/bocm-20240520-20
Concesiones;Orden de Convocatoria de Becas de Excel. Acad. 25-26. INICIO. Univ.;CONSEJERÍA DE EDUCACIÓN, CIENCIA Y UNIVERSIDADES;877943;—;Subvención;28/09/2026;2100;https://www.bocm.es/bocm-20240520-20
Concesiones;Orden de Convocatoria de Becas de Excel. Acad. 25-26. INICIO. Univ.;CONSEJERÍA DE EDUCACIÓN, CIENCIA Y UNIVERSIDADES;877943;—;Subvención;28/09/2026;2100;https://www.bocm.es/bocm-20240520-20
Concesiones;Orden de Convocatoria de Becas de Excel. Acad. 25-26. INICIO. Univ.;CONSEJERÍA DE EDUCACIÓN, CIENCIA Y UNIVERSIDADES;877943;—;Subvención;28/09/2026;2100;https://www.bocm.es/bocm-20240520-20
Concesiones;Orden de Convocatoria de Becas de Excel. Acad. 25-26. INICIO. Univ.;CONSEJERÍA DE EDUCACIÓN, CIENCIA Y UNIVERSIDADES;877943;—;Subvención;28/09/2026;2100;https://www.bocm.es/bocm-20240520-20
Concesiones;Orden de Convocatoria de Becas de Excel. Acad. 25-26. INICIO. Univ.;CONSEJERÍA DE EDUCACIÓN, CIENCIA Y UNIVERSIDADES;877943;—;Subvención;28/09/2026;2100;https://www.bocm.es/bocm-20240520-20
Concesiones;Orden de Convocatoria de Becas de Excel. Acad. 25-26. INICIO. Univ.;CONSEJERÍA DE EDUCACIÓN, CIENCIA Y UNIVERSIDADES;877943;—;Subvención;28/09/2026;2100;https://www.bocm.es/bocm-20240520-20
Concesiones;Orden de Convocatoria de Becas de Excel. Acad. 25-26. INICIO. Univ.;CONSEJERÍA DE EDUCACIÓN, CIENCIA Y UNIVERSIDADES;877943;—;Subvención;28/09/2026;2100;https://www.bocm.es/bocm-20240520-20
Concesiones;Orden de Convocatoria de Becas de Excel. Acad. 25-26. INICIO. Univ.;CONSEJERÍA DE EDUCACIÓN, CIENCIA Y UNIVERSIDADES;877943;—;Subvención;28/09/2026;2100;https://www.bocm.es/bocm-20240520-20
Concesiones;Orden de Convocatoria de Becas de Excel. Acad. 25-26. INICIO. Univ.;CONSEJERÍA DE EDUCACIÓN, CIENCIA Y UNIVERSIDADES;877943;—;Subvención;28/09/2026;2100;https://www.bocm.es/bocm-20240520-20
Concesiones;Orden de Convocatoria de Becas de Excel. Acad. 25-26. INICIO. Univ.;CONSEJERÍA DE EDUCACIÓN, CIENCIA Y UNIVERSIDADES;877943;—;Subvención;28/09/2026;2100;https://www.bocm.es/bocm-20240520-20
Concesiones;Orden de Convocatoria de Becas de Excel. Acad. 25-26. INICIO. Univ.;CONSEJERÍA DE EDUCACIÓN, CIENCIA Y UNIVERSIDADES;877943;—;Subvención;28/09/2026;2100;https://www.bocm.es/bocm-20240520-20
Concesiones;Orden de Convocatoria de Becas de Excel. Acad. 25-26. INICIO. Univ.;CONSEJERÍA DE EDUCACIÓN, CIENCIA Y UNIVERSIDADES;877943;—;Subvención;28/09/2026;2100;https://www.bocm.es/bocm-20240520-20
Concesiones;Orden de Convocatoria de Becas de Excel. Acad. 25-26. INICIO. Univ.;CONSEJERÍA DE EDUCACIÓN, CIENCIA Y UNIVERSIDADES;877943;—;Subvención;28/09/2026;2100;https://www.bocm.es/bocm-20240520-20
Concesiones;Orden de Convocatoria de Becas de Excel. Acad. 25-26. INICIO. Univ.;CONSEJERÍA DE EDUCACIÓN, CIENCIA Y UNIVERSIDADES;877943;—;Subvención;28/09/2026;2100;https://www.bocm.es/bocm-20240520-20
Concesiones;Orden de Convocatoria de Becas de Excel. Acad. 25-26. INICIO. Univ.;CONSEJERÍA DE EDUCACIÓN, CIENCIA Y UNIVERSIDADES;877943;—;Subvención;28/09/2026;2100;https://www.bocm.es/bocm-20240520-20
Concesiones;Orden de Convocatoria de Becas de Excel. Acad. 25-26. INICIO. Univ.;CONSEJERÍA DE EDUCACIÓN, CIENCIA Y UNIVERSIDADES;877943;—;Subvención;28/09/2026;2100;https://www.bocm.es/bocm-20240520-20
Concesiones;Orden de Convocatoria de Becas de Excel. Acad. 25-26. INICIO. Univ.;CONSEJERÍA DE EDUCACIÓN, CIENCIA Y UNIVERSIDADES;877943;—;Subvención;28/09/2026;2100;https://www.bocm.es/bocm-20240520-20
Concesiones;Orden de Convocatoria de Becas de Excel. Acad. 25-26. INICIO. Univ.;CONSEJERÍA DE EDUCACIÓN, CIENCIA Y UNIVERSIDADES;877943;—;Subvención;28/09/2026;2100;https://www.bocm.es/bocm-20240520-20
Concesiones;Orden de Convocatoria de Becas de Excel. Acad. 25-26. INICIO. Univ.;CONSEJERÍA DE EDUCACIÓN, CIENCIA Y UNIVERSIDADES;877943;—;Subvención;28/09/2026;2100;https://www.bocm.es/bocm-20240520-20
Concesiones;Orden de Convocatoria de Becas de Excel. Acad. 25-26. INICIO. Univ.;CONSEJERÍA DE EDUCACIÓN, CIENCIA Y UNIVERSIDADES;877943;—;Subvención;28/09/2026;2100;https://www.bocm.es/bocm-20240520-20
Concesiones;Orden de Convocatoria de Becas de Excel. Acad. 25-26. INICIO. Univ.;CONSEJERÍA DE EDUCACIÓN, CIENCIA Y UNIVERSIDADES;877943;—;Subvención;28/09/2026;2100;https://www.bocm.es/bocm-20240520-20
Concesiones;Orden de Convocatoria de Becas de Excel. Acad. 25-26. INICIO. Univ.;CONSEJERÍA DE EDUCACIÓN, CIENCIA Y UNIVERSIDADES;877943;—;Subvención;28/09/2026;2100;https://www.bocm.es/bocm-20240520-20
Concesiones;Orden de Convocatoria de Becas de Excel. Acad. 25-26. INICIO. Univ.;CONSEJERÍA DE EDUCACIÓN, CIENCIA Y UNIVERSIDADES;877943;—;Subvención;28/09/2026;2100;https://www.bocm.es/bocm-20240520-20
Concesiones;Orden de Convocatoria de Becas de Excel. Acad. 25-26. INICIO. Univ.;CONSEJERÍA DE EDUCACIÓN, CIENCIA Y UNIVERSIDADES;877943;—;Subvención;28/09/2026;2100;https://www.bocm.es/bocm-20240520-20
Concesiones;Orden de Convocatoria de Becas de Excel. Acad. 25-26. INICIO. Univ.;CONSEJERÍA DE EDUCACIÓN, CIENCIA Y UNIVERSIDADES;877943;—;Subvención;28/09/2026;2100;https://www.bocm.es/bocm-20240520-20
Concesiones;Orden de Convocatoria de Becas de Excel. Acad. 25-26. INICIO. Univ.;CONSEJERÍA DE EDUCACIÓN, CIENCIA Y UNIVERSIDADES;877943;—;Subvención;28/09/2026;2100;https://www.bocm.es/bocm-20240520-20
Concesiones;Orden de Convocatoria de Becas de Excel. Acad. 25-26. INICIO. Univ.;CONSEJERÍA DE EDUCACIÓN, CIENCIA Y UNIVERSIDADES;877943;—;Subvención;28/09/2026;2100;https://www.bocm.es/bocm-20240520-20
Concesiones;Orden de Convocatoria de Becas de Excel. Acad. 25-26. INICIO. Univ.;CONSEJERÍA DE EDUCACIÓN, CIENCIA Y UNIVERSIDADES;877943;—;Subvención;28/09/2026;2100;https://www.bocm.es/bocm-20240520-20
Concesiones;Orden de Convocatoria de Becas de Excel. Acad. 25-26. INICIO. Univ.;CONSEJERÍA DE EDUCACIÓN, CIENCIA Y UNIVERSIDADES;877943;—;Subvención;28/09/2026;2100;https://www.bocm.es/bocm-20240520-20
Concesiones;Orden de Convocatoria de Becas de Excel. Acad. 25-26. INICIO. Univ.;CONSEJERÍA DE EDUCACIÓN, CIENCIA Y UNIVERSIDADES;877943;—;Subvención;28/09/2026;2100;https://www.bocm.es/bocm-20240520-20
Concesiones;Orden de Convocatoria de Becas de Excel. Acad. 25-26. INICIO. Univ.;CONSEJERÍA DE EDUCACIÓN, CIENCIA Y UNIVERSIDADES;877943;—;Subvención;28/09/2026;2100;https://www.bocm.es/bocm-20240520-20
Concesiones;Orden de Convocatoria de Becas de Excel. Acad. 25-26. INICIO. Univ.;CONSEJERÍA DE EDUCACIÓN, CIENCIA Y UNIVERSIDADES;877943;—;Subvención;28/09/2026;2100;https://www.bocm.es/bocm-20240520-20
Concesiones;Orden de Convocatoria de Becas de Excel. Acad. 25-26. INICIO. Univ.;CONSEJERÍA DE EDUCACIÓN, CIENCIA Y UNIVERSIDADES;877943;—;Subvención;28/09/2026;2100;https://www.bocm.es/bocm-20240520-20
Concesiones;Orden de Convocatoria de Becas de Excel. Acad. 25-26. INICIO. Univ.;CONSEJERÍA DE EDUCACIÓN, CIENCIA Y UNIVERSIDADES;877943;—;Subvención;28/09/2026;2100;https://www.bocm.es/bocm-20240520-20
Concesiones;Orden de Convocatoria de Becas de Excel. Acad. 25-26. INICIO. Univ.;CONSEJERÍA DE EDUCACIÓN, CIENCIA Y UNIVERSIDADES;877943;—;Subvención;28/09/2026;2100;https://www.bocm.es/bocm-20240520-20
Concesiones;Orden de Convocatoria de Becas de Excel. Acad. 25-26. INICIO. Univ.;CONSEJERÍA DE EDUCACIÓN, CIENCIA Y UNIVERSIDADES;877943;—;Subvención;28/09/2026;2100;https://www.bocm.es/bocm-20240520-20
Concesiones;Orden de Convocatoria de Becas de Excel. Acad. 25-26. INICIO. Univ.;CONSEJERÍA DE EDUCACIÓN, CIENCIA Y UNIVERSIDADES;877943;—;Subvención;28/09/2026;2100;https://www.bocm.es/bocm-20240520-20
Concesiones;Orden de Convocatoria de Becas de Excel. Acad. 25-26. INICIO. Univ.;CONSEJERÍA DE EDUCACIÓN, CIENCIA Y UNIVERSIDADES;877943;—;Subvención;28/09/2026;2100;https://www.bocm.es/bocm-20240520-20
Concesiones;Orden de Convocatoria de Becas de Excel. Acad. 25-26. INICIO. Univ.;CONSEJERÍA DE EDUCACIÓN, CIENCIA Y UNIVERSIDADES;877943;—;Subvención;28/09/2026;2100;https://www.bocm.es/bocm-20240520-20
Concesiones;Orden de Convocatoria de Becas de Excel. Acad. 25-26. INICIO. Univ.;CONSEJERÍA DE EDUCACIÓN, CIENCIA Y UNIVERSIDADES;877943;—;Subvención;28/09/2026;2100;https://www.bocm.es/bocm-20240520-20
Concesiones;Orden de Convocatoria de Becas de Excel. Acad. 25-26. INICIO. Univ.;CONSEJERÍA DE EDUCACIÓN, CIENCIA Y UNIVERSIDADES;877943;—;Subvención;28/09/2026;2100;https://www.bocm.es/bocm-20240520-20
Concesiones;Orden de Convocatoria de Becas de Excel. Acad. 25-26. INICIO. Univ.;CONSEJERÍA DE EDUCACIÓN, CIENCIA Y UNIVERSIDADES;877943;—;Subvención;28/09/2026;2100;https://www.bocm.es/bocm-20240520-20
Concesiones;Orden de Convocatoria de Becas de Excel. Acad. 25-26. INICIO. Univ.;CONSEJERÍA DE EDUCACIÓN, CIENCIA Y UNIVERSIDADES;877943;—;Subvención;28/09/2026;2100;https://www.bocm.es/bocm-20240520-20
Concesiones;Orden de Convocatoria de Becas de Excel. Acad. 25-26. INICIO. Univ.;CONSEJERÍA DE EDUCACIÓN, CIENCIA Y UNIVERSIDADES;877943;—;Subvención;28/09/2026;2100;https://www.bocm.es/bocm-20240520-20
Concesiones;Orden de Convocatoria de Becas de Excel. Acad. 25-26. INICIO. Univ.;CONSEJERÍA DE EDUCACIÓN, CIENCIA Y UNIVERSIDADES;877943;—;Subvención;28/09/2026;2100;https://www.bocm.es/bocm-20240520-20
Concesiones;Orden de Convocatoria de Becas de Excel. Acad. 25-26. INICIO. Univ.;CONSEJERÍA DE EDUCACIÓN, CIENCIA Y UNIVERSIDADES;877943;—;Subvención;28/09/2026;2100;https://www.bocm.es/bocm-20240520-20
Concesiones;Orden de Convocatoria de Becas de Excel. Acad. 25-26. INICIO. Univ.;CONSEJERÍA DE EDUCACIÓN, CIENCIA Y UNIVERSIDADES;877943;—;Subvención;28/09/2026;2100;https://www.bocm.es/bocm-20240520-20
Concesiones;Orden de Convocatoria de Becas de Excel. Acad. 25-26. INICIO. Univ.;CONSEJERÍA DE EDUCACIÓN, CIENCIA Y UNIVERSIDADES;877943;—;Subvención;28/09/2026;2100;https://www.bocm.es/bocm-20240520-20
Concesiones;Orden de Convocatoria de Becas de Excel. Acad. 25-26. INICIO. Univ.;CONSEJERÍA DE EDUCACIÓN, CIENCIA Y UNIVERSIDADES;877943;—;Subvención;28/09/2026;2100;https://www.bocm.es/bocm-20240520-20
Concesiones;Orden de Convocatoria de Becas de Excel. Acad. 25-26. INICIO. Univ.;CONSEJERÍA DE EDUCACIÓN, CIENCIA Y UNIVERSIDADES;877943;—;Subvención;28/09/2026;2100;https://www.bocm.es/bocm-20240520-20
Concesiones;Orden de Convocatoria de Becas de Excel. Acad. 25-26. INICIO. Univ.;CONSEJERÍA DE EDUCACIÓN, CIENCIA Y UNIVERSIDADES;877943;—;Subvención;28/09/2026;2100;https://www.bocm.es/bocm-20240520-20
Concesiones;Orden de Convocatoria de Becas de Excel. Acad. 25-26. INICIO. Univ.;CONSEJERÍA DE EDUCACIÓN, CIENCIA Y UNIVERSIDADES;877943;—;Subvención;28/09/2026;2100;https://www.bocm.es/bocm-20240520-20
Concesiones;Orden de Convocatoria de Becas de Excel. Acad. 25-26. INICIO. Univ.;CONSEJERÍA DE EDUCACIÓN, CIENCIA Y UNIVERSIDADES;877943;—;Subvención;28/09/2026;2100;https://www.bocm.es/bocm-20240520-20
Concesiones;Orden de Convocatoria de Becas de Excel. Acad. 25-26. INICIO. Univ.;CONSEJERÍA DE EDUCACIÓN, CIENCIA Y UNIVERSIDADES;877943;—;Subvención;28/09/2026;2100;https://www.bocm.es/bocm-20240520-20
Concesiones;Orden de Convocatoria de Becas de Excel. Acad. 25-26. INICIO. Univ.;CONSEJERÍA DE EDUCACIÓN, CIENCIA Y UNIVERSIDADES;877943;—;Subvención;28/09/2026;2100;https://www.bocm.es/bocm-20240520-20
Concesiones;Orden de Convocatoria de Becas de Excel. Acad. 25-26. INICIO. Univ.;CONSEJERÍA DE EDUCACIÓN, CIENCIA Y UNIVERSIDADES;877943;—;Subvención;28/09/2026;2100;https://www.bocm.es/bocm-20240520-20
Concesiones;Orden de Convocatoria de Becas de Excel. Acad. 25-26. INICIO. Univ.;CONSEJERÍA DE EDUCACIÓN, CIENCIA Y UNIVERSIDADES;877943;—;Subvención;28/09/2026;2100;https://www.bocm.es/bocm-20240520-20
Concesiones;Orden de Convocatoria de Becas de Excel. Acad. 25-26. INICIO. Univ.;CONSEJERÍA DE EDUCACIÓN, CIENCIA Y UNIVERSIDADES;877943;—;Subvención;28/09/2026;2100;https://www.bocm.es/bocm-20240520-20
Concesiones;Orden de Convocatoria de Becas de Excel. Acad. 25-26. INICIO. Univ.;CONSEJERÍA DE EDUCACIÓN, CIENCIA Y UNIVERSIDADES;877943;—;Subvención;28/09/2026;2100;https://www.bocm.es/bocm-20240520-20
Concesiones;Orden de Convocatoria de Becas de Excel. Acad. 25-26. INICIO. Univ.;CONSEJERÍA DE EDUCACIÓN, CIENCIA Y UNIVERSIDADES;877943;—;Subvención;28/09/2026;2100;https://www.bocm.es/bocm-20240520-20
Concesiones;Orden de Convocatoria de Becas de Excel. Acad. 25-26. INICIO. Univ.;CONSEJERÍA DE EDUCACIÓN, CIENCIA Y UNIVERSIDADES;877943;—;Subvención;28/09/2026;2100;https://www.bocm.es/bocm-20240520-20
Concesiones;Orden de Convocatoria de Becas de Excel. Acad. 25-26. INICIO. Univ.;CONSEJERÍA DE EDUCACIÓN, CIENCIA Y UNIVERSIDADES;877943;—;Subvención;28/09/2026;2100;https://www.bocm.es/bocm-20240520-20
Concesiones;Orden de Convocatoria de Becas de Excel. Acad. 25-26. INICIO. Univ.;CONSEJERÍA DE EDUCACIÓN, CIENCIA Y UNIVERSIDADES;877943;—;Subvención;28/09/2026;2100;https://www.bocm.es/bocm-20240520-20
Concesiones;Orden de Convocatoria de Becas de Excel. Acad. 25-26. INICIO. Univ.;CONSEJERÍA DE EDUCACIÓN, CIENCIA Y UNIVERSIDADES;877943;—;Subvención;28/09/2026;2100;https://www.bocm.es/bocm-20240520-20
Concesiones;Orden de Convocatoria de Becas de Excel. Acad. 25-26. INICIO. Univ.;CONSEJERÍA DE EDUCACIÓN, CIENCIA Y UNIVERSIDADES;877943;—;Subvención;28/09/2026;2100;https://www.bocm.es/bocm-20240520-20
Concesiones;Orden de Convocatoria de Becas de Excel. Acad. 25-26. INICIO. Univ.;CONSEJERÍA DE EDUCACIÓN, CIENCIA Y UNIVERSIDADES;877943;—;Subvención;28/09/2026;2100;https://www.bocm.es/bocm-20240520-20
Concesiones;Orden de Convocatoria de Becas de Excel. Acad. 25-26. INICIO. Univ.;CONSEJERÍA DE EDUCACIÓN, CIENCIA Y UNIVERSIDADES;877943;—;Subvención;28/09/2026;2100;https://www.bocm.es/bocm-20240520-20
Concesiones;Orden de Convocatoria de Becas de Excel. Acad. 25-26. INICIO. Univ.;CONSEJERÍA DE EDUCACIÓN, CIENCIA Y UNIVERSIDADES;877943;—;Subvención;28/09/2026;2100;https://www.bocm.es/bocm-20240520-20
Concesiones;Orden de Convocatoria de Becas de Excel. Acad. 25-26. INICIO. Univ.;CONSEJERÍA DE EDUCACIÓN, CIENCIA Y UNIVERSIDADES;877943;—;Subvención;28/09/2026;2100;https://www.bocm.es/bocm-20240520-20
Concesiones;Orden de Convocatoria de Becas de Excel. Acad. 25-26. INICIO. Univ.;CONSEJERÍA DE EDUCACIÓN, CIENCIA Y UNIVERSIDADES;877943;—;Subvención;28/09/2026;2100;https://www.bocm.es/bocm-20240520-20
Concesiones;Orden de Convocatoria de Becas de Excel. Acad. 25-26. INICIO. Univ.;CONSEJERÍA DE EDUCACIÓN, CIENCIA Y UNIVERSIDADES;877943;—;Subvención;28/09/2026;2100;https://www.bocm.es/bocm-20240520-20
Concesiones;Orden de Convocatoria de Becas de Excel. Acad. 25-26. INICIO. Univ.;CONSEJERÍA DE EDUCACIÓN, CIENCIA Y UNIVERSIDADES;877943;—;Subvención;28/09/2026;2100;https://www.bocm.es/bocm-20240520-20
Concesiones;Orden de Convocatoria de Becas de Excel. Acad. 25-26. INICIO. Univ.;CONSEJERÍA DE EDUCACIÓN, CIENCIA Y UNIVERSIDADES;877943;—;Subvención;28/09/2026;2100;https://www.bocm.es/bocm-20240520-20
Concesiones;Orden de Convocatoria de Becas de Excel. Acad. 25-26. INICIO. Univ.;CONSEJERÍA DE EDUCACIÓN, CIENCIA Y UNIVERSIDADES;877943;—;Subvención;28/09/2026;2100;https://www.bocm.es/bocm-20240520-20
Concesiones;Orden de Convocatoria de Becas de Excel. Acad. 25-26. INICIO. Univ.;CONSEJERÍA DE EDUCACIÓN, CIENCIA Y UNIVERSIDADES;877943;—;Subvención;28/09/2026;2100;https://www.bocm.es/bocm-20240520-20
Concesiones;Orden de Convocatoria de Becas de Excel. Acad. 25-26. INICIO. Univ.;CONSEJERÍA DE EDUCACIÓN, CIENCIA Y UNIVERSIDADES;877943;—;Subvención;28/09/2026;2100;https://www.bocm.es/bocm-20240520-20
Concesiones;Orden de Convocatoria de Becas de Excel. Acad. 25-26. INICIO. Univ.;CONSEJERÍA DE EDUCACIÓN, CIENCIA Y UNIVERSIDADES;877943;—;Subvención;28/09/2026;2100;https://www.bocm.es/bocm-20240520-20
Concesiones;Orden de Convocatoria de Becas de Excel. Acad. 25-26. INICIO. Univ.;CONSEJERÍA DE EDUCACIÓN, CIENCIA Y UNIVERSIDADES;877943;—;Subvención;28/09/2026;2100;https://www.bocm.es/bocm-20240520-20
Concesiones;Orden de Convocatoria de Becas de Excel. Acad. 25-26. INICIO. Univ.;CONSEJERÍA DE EDUCACIÓN, CIENCIA Y UNIVERSIDADES;877943;—;Subvención;28/09/2026;2100;https://www.bocm.es/bocm-20240520-20
Concesiones;Orden de Convocatoria de Becas de Excel. Acad. 25-26. INICIO. Univ.;CONSEJERÍA DE EDUCACIÓN, CIENCIA Y UNIVERSIDADES;877943;—;Subvención;28/09/2026;2100;https://www.bocm.es/bocm-20240520-20
Concesiones;Orden de Convocatoria de Becas de Excel. Acad. 25-26. INICIO. Univ.;CONSEJERÍA DE EDUCACIÓN, CIENCIA Y UNIVERSIDADES;877943;—;Subvención;28/09/2026;2100;https://www.bocm.es/bocm-20240520-20
Concesiones;Orden de Convocatoria de Becas de Excel. Acad. 25-26. INICIO. Univ.;CONSEJERÍA DE EDUCACIÓN, CIENCIA Y UNIVERSIDADES;877943;—;Subvención;28/09/2026;2100;https://www.bocm.es/bocm-20240520-20
Concesiones;Orden de Convocatoria de Becas de Excel. Acad. 25-26. INICIO. Univ.;CONSEJERÍA DE EDUCACIÓN, CIENCIA Y UNIVERSIDADES;877943;—;Subvención;28/09/2026;2100;https://www.bocm.es/bocm-20240520-20
Concesiones;Orden de Convocatoria de Becas de Excel. Acad. 25-26. INICIO. Univ.;CONSEJERÍA DE EDUCACIÓN, CIENCIA Y UNIVERSIDADES;877943;—;Subvención;28/09/2026;2100;https://www.bocm.es/bocm-20240520-20
Concesiones;Orden de Convocatoria de Becas de Excel. Acad. 25-26. INICIO. Univ.;CONSEJERÍA DE EDUCACIÓN, CIENCIA Y UNIVERSIDADES;877943;—;Subvención;28/09/2026;2100;https://www.bocm.es/bocm-20240520-20
Concesiones;Convocatoria de subvenciones de clubes de Élite 2026;CONSEJERÍA DE CULTURA, TURISMO Y DEPORTE;899268;AGRUP. DEPORTIVA TORREJON DE ARDOZ;Subvención;28/09/2026;2093,7;https://www.bocm.es/boletin/CM_Orden_BOCM/2022/04/13/BOCM-20220413-22.PDF
Concesiones;Convocatoria de subvenciones de clubes de Élite 2026;CONSEJERÍA DE CULTURA, TURISMO Y DEPORTE;899268;CLUB MADRID ESCUELA NACIONAL;Subvención;28/09/2026;2093,7;https://www.bocm.es/boletin/CM_Orden_BOCM/2022/04/13/BOCM-20220413-22.PDF
Concesiones;convocatoria de ayudas para la promoción de la ocupación y la mejora de la competitividad de cooperativas, microcooperativas y sociedades laborales de las Illes Balears para los años 2025 y 2026;DIRECCIÓN GENERAL DE COMERCIO Y EMPRESA;803551;SOM SERVEIS ENERGETICS S. COOP.;Subvención;28/09/2026;2000;http://boib.caib.es/pdf/2005073/mp41.pdf
Concesiones;Rehabilitación residencial y vivienda social. Mejora Viviendas;CONSEJERÍA DE POLÍTICA LOCAL, INFRAESTRUCTURAS Y LUCHA CONTRA LA DESPOBLACIÓN;886638;—;Subvención;28/09/2026;1966,98;https://www.boe.es/buscar/doc.php?id=BOE-A-2021-16233
Concesiones;Convocatoria de subvenciones de clubes de Élite 2026;CONSEJERÍA DE CULTURA, TURISMO Y DEPORTE;899268;CLUB DEPORTIVO BASICO VALLECAS S.O.S.;Subvención;28/09/2026;1744,75;https://www.bocm.es/boletin/CM_Orden_BOCM/2022/04/13/BOCM-20220413-22.PDF
Concesiones;Rehabilitación residencial y vivienda social. Mejora Viviendas;CONSEJERÍA DE POLÍTICA LOCAL, INFRAESTRUCTURAS Y LUCHA CONTRA LA DESPOBLACIÓN;886638;—;Subvención;28/09/2026;1496;https://www.boe.es/buscar/doc.php?id=BOE-A-2021-16233
Concesiones;CONVOCATÒRIA DE SUBVENCIONS DEL PROGRAMA A3 DE SUPORT AL CONDICIONAMENT I MILLORA DELS EQUIPAMENTS ESPORTIUS;DIPUTACIÓN PROVINCIAL DE GIRONA;889054;AJUNTAMENT DE BASCARA;Subvención;28/09/2026;1482,25;http://www.ddgi.cat/basescast/2025/Bases_2026_s_Esports_obres_condicionament_i_millora.pdf
Concesiones;Convocatoria Accede al mercado Sudeste asiático;INSTITUTO DE PROMOCIÓN EXTERIOR DE CASTILLA-LA MANCHA;918244;COJALI, S.L.;Subvención;28/09/2026;1470;https://docm.jccm.es/docm/descargarArchivo.do?ruta=2022/08/05/pdf/2022_7238.pdf&tipo=rutaDocm
Concesiones;Convocatoria Accede al mercado Sudeste asiático;INSTITUTO DE PROMOCIÓN EXTERIOR DE CASTILLA-LA MANCHA;918244;AXYO MOTIVE SL;Subvención;28/09/2026;1470;https://docm.jccm.es/docm/descargarArchivo.do?ruta=2022/08/05/pdf/2022_7238.pdf&tipo=rutaDocm
Concesiones;Convocatoria Accede al mercado Sudeste asiático;INSTITUTO DE PROMOCIÓN EXTERIOR DE CASTILLA-LA MANCHA;918244;IBERFRASA S.L.;Subvención;28/09/2026;1470;https://docm.jccm.es/docm/descargarArchivo.do?ruta=2022/08/05/pdf/2022_7238.pdf&tipo=rutaDocm
Concesiones;Convocatoria Accede al mercado Sudeste asiático;INSTITUTO DE PROMOCIÓN EXTERIOR DE CASTILLA-LA MANCHA;918244;ENGINERED FIRE PIPING S.L.;Subvención;28/09/2026;1470;https://docm.jccm.es/docm/descargarArchivo.do?ruta=2022/08/05/pdf/2022_7238.pdf&tipo=rutaDocm
Concesiones;Resolución por la que se aprueba la convocatoria pública de concesión de subvenciones para la realización de acciones de formación profesional en el ámbito laboral, dirigidas a personas trabajadoras ocupadas (Modalidad I), para la anualidad 2025.;DIRECCIÓN GENERAL FORMACIÓN PROFESIONAL EN EL ÁMBITO LABORAL;842569;—;Subvención;28/09/2026;1395;https://docm.jccm.es/docm/descargarArchivo.do?ruta=2024/07/19/pdf/2024_5810.pdf&tipo=rutaDocm
Concesiones;Rehabilitación residencial y vivienda social. Mejora Viviendas;CONSEJERÍA DE POLÍTICA LOCAL, INFRAESTRUCTURAS Y LUCHA CONTRA LA DESPOBLACIÓN;886638;—;Subvención;28/09/2026;1273,16;https://www.boe.es/buscar/doc.php?id=BOE-A-2021-16233
Concesiones;Resolución por la que se aprueba la convocatoria pública de concesión de subvenciones para la realización de acciones de formación profesional en el ámbito laboral, dirigidas a personas trabajadoras ocupadas (Modalidad I), para la anualidad 2025.;DIRECCIÓN GENERAL FORMACIÓN PROFESIONAL EN EL ÁMBITO LABORAL;842569;—;Subvención;28/09/2026;1246,4;https://docm.jccm.es/docm/descargarArchivo.do?ruta=2024/07/19/pdf/2024_5810.pdf&tipo=rutaDocm
Concesiones;Resolución de 10/04/2025, por la que se aprueba la convocatoria de concesión de subvenciones para la realización de acciones de formación profesional en el ámbito laboral, dirigidas a personas trabajadoras desempleadas (Modalidad II), anualidad 2025.;DIRECCIÓN GENERAL FORMACIÓN PROFESIONAL EN EL ÁMBITO LABORAL;826697;—;Subvención;28/09/2026;1216;https://docm.jccm.es/docm/descargarArchivo.do?ruta=2024/07/19/pdf/2024_5810.pdf&tipo=rutaDocm
Concesiones;Resolución de 10/04/2025, por la que se aprueba la convocatoria de concesión de subvenciones para la realización de acciones de formación profesional en el ámbito laboral, dirigidas a personas trabajadoras desempleadas (Modalidad II), anualidad 2025.;DIRECCIÓN GENERAL FORMACIÓN PROFESIONAL EN EL ÁMBITO LABORAL;826697;—;Subvención;28/09/2026;1197;https://docm.jccm.es/docm/descargarArchivo.do?ruta=2024/07/19/pdf/2024_5810.pdf&tipo=rutaDocm
Concesiones;Resolución de 10/04/2025, por la que se aprueba la convocatoria de concesión de subvenciones para la realización de acciones de formación profesional en el ámbito laboral, dirigidas a personas trabajadoras desempleadas (Modalidad II), anualidad 2025.;DIRECCIÓN GENERAL FORMACIÓN PROFESIONAL EN EL ÁMBITO LABORAL;826697;—;Subvención;28/09/2026;971,78;https://docm.jccm.es/docm/descargarArchivo.do?ruta=2024/07/19/pdf/2024_5810.pdf&tipo=rutaDocm
Concesiones;Convocatoria 2026 subvenciones del Programa para el fomento y consolidación del empleo autónomo.;INSTITUTO ARAGONÉS DE EMPLEO (INAEM);876989;—;Subvención;28/09/2026;960;https://www.boa.aragon.es/cgi-bin/EBOA/BRSCGI?CMD=VEROBJ&MLKOB=1413260340404
Concesiones;Convocatoria 2026 subvenciones del Programa para el fomento y consolidación del empleo autónomo.;INSTITUTO ARAGONÉS DE EMPLEO (INAEM);876989;—;Subvención;28/09/2026;960;https://www.boa.aragon.es/cgi-bin/EBOA/BRSCGI?CMD=VEROBJ&MLKOB=1413260340404
Concesiones;Convocatoria 2026 subvenciones del Programa para el fomento y consolidación del empleo autónomo.;INSTITUTO ARAGONÉS DE EMPLEO (INAEM);876989;—;Subvención;28/09/2026;960;https://www.boa.aragon.es/cgi-bin/EBOA/BRSCGI?CMD=VEROBJ&MLKOB=1413260340404
Concesiones;Convocatoria 2026 subvenciones del Programa para el fomento y consolidación del empleo autónomo.;INSTITUTO ARAGONÉS DE EMPLEO (INAEM);876989;—;Subvención;28/09/2026;960;https://www.boa.aragon.es/cgi-bin/EBOA/BRSCGI?CMD=VEROBJ&MLKOB=1413260340404
Concesiones;Convocatoria 2026 subvenciones del Programa para el fomento y consolidación del empleo autónomo.;INSTITUTO ARAGONÉS DE EMPLEO (INAEM);876989;—;Subvención;28/09/2026;960;https://www.boa.aragon.es/cgi-bin/EBOA/BRSCGI?CMD=VEROBJ&MLKOB=1413260340404
Concesiones;Convocatoria 2026 subvenciones del Programa para el fomento y consolidación del empleo autónomo.;INSTITUTO ARAGONÉS DE EMPLEO (INAEM);876989;—;Subvención;28/09/2026;960;https://www.boa.aragon.es/cgi-bin/EBOA/BRSCGI?CMD=VEROBJ&MLKOB=1413260340404
Concesiones;Convocatoria 2026 subvenciones del Programa para el fomento y consolidación del empleo autónomo.;INSTITUTO ARAGONÉS DE EMPLEO (INAEM);876989;—;Subvención;28/09/2026;960;https://www.boa.aragon.es/cgi-bin/EBOA/BRSCGI?CMD=VEROBJ&MLKOB=1413260340404
Concesiones;Convocatoria 2026 subvenciones del Programa para el fomento y consolidación del empleo autónomo.;INSTITUTO ARAGONÉS DE EMPLEO (INAEM);876989;—;Subvención;28/09/2026;960;https://www.boa.aragon.es/cgi-bin/EBOA/BRSCGI?CMD=VEROBJ&MLKOB=1413260340404
Concesiones;Convocatoria 2026 subvenciones del Programa para el fomento y consolidación del empleo autónomo.;INSTITUTO ARAGONÉS DE EMPLEO (INAEM);876989;—;Subvención;28/09/2026;960;https://www.boa.aragon.es/cgi-bin/EBOA/BRSCGI?CMD=VEROBJ&MLKOB=1413260340404
Concesiones;TRAM. ANTICIPADA AYUDA TARIFA CERO EN LA COMUNIDAD DE MADRID CONV 2026;CONSEJERÍA ECONOMÍA, HACIENDA Y EMPLEO;883109;—;Subvención;28/09/2026;960;https://www.bocm.es/boletin/CM_Orden_BOCM/2023/01/10/BOCM-20230110-13.PDF
Concesiones;Resolución de 10/04/2025, por la que se aprueba la convocatoria de concesión de subvenciones para la realización de acciones de formación profesional en el ámbito laboral, dirigidas a personas trabajadoras desempleadas (Modalidad II), anualidad 2025.;DIRECCIÓN GENERAL FORMACIÓN PROFESIONAL EN EL ÁMBITO LABORAL;826697;—;Subvención;28/09/2026;915;https://docm.jccm.es/docm/descargarArchivo.do?ruta=2024/07/19/pdf/2024_5810.pdf&tipo=rutaDocm
Concesiones;Resolución por la que se publica el crédito disponible, en el ejercicio 2026, para atender las ayudas previstas en el Decreto 104/2025, de 23 de diciembre, de concesión directa de subvenciones en el marco del Programa Retorno del Talento. No mínimis.;VICECONSEJERÍA DE EMPLEO, DIÁLOGO SOCIAL Y SEGURIDAD Y SALUD LABORAL;897595;—;Subvención;28/09/2026;880,68;https://docm.jccm.es/docm/descargarArchivo.do?ruta=2025/12/30/pdf/2025_9955.pdf&tipo=rutaDocm
Concesiones;Prestaciones económicas para necesidades básicas en el ejercicio 2026;AYUNTAMIENTO DE ALCORA, L';890005;—;Subvención;28/09/2026;845,3;https://lalcora.sedelectronica.es/preview-document/03adc2c3-439d-4f71-9ac2-1530a34cd1ae/
Concesiones;Resolución por la que se aprueba la convocatoria pública de concesión de subvenciones para la realización de acciones de formación profesional en el ámbito laboral, dirigidas a personas trabajadoras ocupadas (Modalidad I), para la anualidad 2025.;DIRECCIÓN GENERAL FORMACIÓN PROFESIONAL EN EL ÁMBITO LABORAL;842569;—;Subvención;28/09/2026;819;https://docm.jccm.es/docm/descargarArchivo.do?ruta=2024/07/19/pdf/2024_5810.pdf&tipo=rutaDocm
Concesiones;Resolución por la que se aprueba la convocatoria pública de concesión de subvenciones para la realización de acciones de formación profesional en el ámbito laboral, dirigidas a personas trabajadoras ocupadas (Modalidad I), para la anualidad 2025.;DIRECCIÓN GENERAL FORMACIÓN PROFESIONAL EN EL ÁMBITO LABORAL;842569;—;Subvención;28/09/2026;808,5;https://docm.jccm.es/docm/descargarArchivo.do?ruta=2024/07/19/pdf/2024_5810.pdf&tipo=rutaDocm
Concesiones;"SUBVENCIÓN NOMINATIVA AL TIRO OLÍMPICO ALONSO QUIJANO PARA OPEN DE TIRO OLÍMPICO ""EL LUGAR DE LA MANCHA""";DIPUTACIÓN PROVINCIAL DE CIUDAD REAL;931973;CLUB DE TIRO OLIMPICO ALONSO QUIJANO;Subvención;28/09/2026;800;https://dipucr.transparencialocal.gob.es/es_ES/buscar/contenido/articulo/articulo-30539-aprobacion-definitiva-de-modificacion-de-la-ordenanza-general-reguladora-de-las-bases-para-la-concesion-de-subvenciones
Concesiones;Subvenciones a municipios y entidades locales mantenimiento, equipamiento y obras en consultorios de Atención Primaria;CONSEJERÍA DE SALUD Y POLÍTICAS SOCIALES;904071;ENTIDAD LOCAL MENOR VILLASECA;Subvención;28/09/2026;791,33;https://ias1.larioja.org/boletin/Bor_Boletin_visor_Servlet?referencia=40160893-1-PDF-576961
Concesiones;Prestaciones económicas para necesidades básicas en el ejercicio 2026;AYUNTAMIENTO DE ALCORA, L';890005;—;Subvención;28/09/2026;779,78;https://lalcora.sedelectronica.es/preview-document/03adc2c3-439d-4f71-9ac2-1530a34cd1ae/
Concesiones;Resolución de 10/04/2025, por la que se aprueba la convocatoria de concesión de subvenciones para la realización de acciones de formación profesional en el ámbito laboral, dirigidas a personas trabajadoras desempleadas (Modalidad II), anualidad 2025.;DIRECCIÓN GENERAL FORMACIÓN PROFESIONAL EN EL ÁMBITO LABORAL;826697;—;Subvención;28/09/2026;759;https://docm.jccm.es/docm/descargarArchivo.do?ruta=2024/07/19/pdf/2024_5810.pdf&tipo=rutaDocm
Concesiones;Resolución por la que se aprueba la convocatoria pública de concesión de subvenciones para la realización de acciones de formación profesional en el ámbito laboral, dirigidas a personas trabajadoras ocupadas (Modalidad I), para la anualidad 2025.;DIRECCIÓN GENERAL FORMACIÓN PROFESIONAL EN EL ÁMBITO LABORAL;842569;—;Subvención;28/09/2026;745,5;https://docm.jccm.es/docm/descargarArchivo.do?ruta=2024/07/19/pdf/2024_5810.pdf&tipo=rutaDocm
Concesiones;Resolución de 10/04/2025, por la que se aprueba la convocatoria de concesión de subvenciones para la realización de acciones de formación profesional en el ámbito laboral, dirigidas a personas trabajadoras desempleadas (Modalidad II), anualidad 2025.;DIRECCIÓN GENERAL FORMACIÓN PROFESIONAL EN EL ÁMBITO LABORAL;826697;—;Subvención;28/09/2026;742,5;https://docm.jccm.es/docm/descargarArchivo.do?ruta=2024/07/19/pdf/2024_5810.pdf&tipo=rutaDocm
Concesiones;Convocatoria de subvenciones de clubes de Élite 2026;CONSEJERÍA DE CULTURA, TURISMO Y DEPORTE;899268;CLUB DEPORTIVO BASICO BILLAR GETAFE;Subvención;28/09/2026;697,9;https://www.bocm.es/boletin/CM_Orden_BOCM/2022/04/13/BOCM-20220413-22.PDF
Concesiones;Convocatoria de subvenciones de clubes de Élite 2026;CONSEJERÍA DE CULTURA, TURISMO Y DEPORTE;899268;CLUB DE BILLAR KALIMA-RIVAS VACIAMADRID;Subvención;28/09/2026;697,9;https://www.bocm.es/boletin/CM_Orden_BOCM/2022/04/13/BOCM-20220413-22.PDF
Concesiones;Resolución de 10/04/2025, por la que se aprueba la convocatoria de concesión de subvenciones para la realización de acciones de formación profesional en el ámbito laboral, dirigidas a personas trabajadoras desempleadas (Modalidad II), anualidad 2025.;DIRECCIÓN GENERAL FORMACIÓN PROFESIONAL EN EL ÁMBITO LABORAL;826697;—;Subvención;28/09/2026;691,5;https://docm.jccm.es/docm/descargarArchivo.do?ruta=2024/07/19/pdf/2024_5810.pdf&tipo=rutaDocm
Concesiones;Resolución por la que se aprueba la convocatoria pública de concesión de subvenciones para la realización de acciones de formación profesional en el ámbito laboral, dirigidas a personas trabajadoras ocupadas (Modalidad I), para la anualidad 2025.;DIRECCIÓN GENERAL FORMACIÓN PROFESIONAL EN EL ÁMBITO LABORAL;842569;—;Subvención;28/09/2026;682,5;https://docm.jccm.es/docm/descargarArchivo.do?ruta=2024/07/19/pdf/2024_5810.pdf&tipo=rutaDocm
Concesiones;Resolución por la que se aprueba la convocatoria pública de concesión de subvenciones para la realización de acciones de formación profesional en el ámbito laboral, dirigidas a personas trabajadoras ocupadas (Modalidad I), para la anualidad 2025.;DIRECCIÓN GENERAL FORMACIÓN PROFESIONAL EN EL ÁMBITO LABORAL;842569;—;Subvención;28/09/2026;509,4;https://docm.jccm.es/docm/descargarArchivo.do?ruta=2024/07/19/pdf/2024_5810.pdf&tipo=rutaDocm
Concesiones;Resolución de 10/04/2025, por la que se aprueba la convocatoria de concesión de subvenciones para la realización de acciones de formación profesional en el ámbito laboral, dirigidas a personas trabajadoras desempleadas (Modalidad II), anualidad 2025.;DIRECCIÓN GENERAL FORMACIÓN PROFESIONAL EN EL ÁMBITO LABORAL;826697;—;Subvención;28/09/2026;493,5;https://docm.jccm.es/docm/descargarArchivo.do?ruta=2024/07/19/pdf/2024_5810.pdf&tipo=rutaDocm
Concesiones;Resolución de 10/04/2025, por la que se aprueba la convocatoria de concesión de subvenciones para la realización de acciones de formación profesional en el ámbito laboral, dirigidas a personas trabajadoras desempleadas (Modalidad II), anualidad 2025.;DIRECCIÓN GENERAL FORMACIÓN PROFESIONAL EN EL ÁMBITO LABORAL;826697;—;Subvención;28/09/2026;493,5;https://docm.jccm.es/docm/descargarArchivo.do?ruta=2024/07/19/pdf/2024_5810.pdf&tipo=rutaDocm
Concesiones;Resolución de 10/04/2025, por la que se aprueba la convocatoria de concesión de subvenciones para la realización de acciones de formación profesional en el ámbito laboral, dirigidas a personas trabajadoras desempleadas (Modalidad II), anualidad 2025.;DIRECCIÓN GENERAL FORMACIÓN PROFESIONAL EN EL ÁMBITO LABORAL;826697;—;Subvención;28/09/2026;487,5;https://docm.jccm.es/docm/descargarArchivo.do?ruta=2024/07/19/pdf/2024_5810.pdf&tipo=rutaDocm
Concesiones;Resolución de 10/04/2025, por la que se aprueba la convocatoria de concesión de subvenciones para la realización de acciones de formación profesional en el ámbito laboral, dirigidas a personas trabajadoras desempleadas (Modalidad II), anualidad 2025.;DIRECCIÓN GENERAL FORMACIÓN PROFESIONAL EN EL ÁMBITO LABORAL;826697;—;Subvención;28/09/2026;450;https://docm.jccm.es/docm/descargarArchivo.do?ruta=2024/07/19/pdf/2024_5810.pdf&tipo=rutaDocm
Concesiones;AYUDAS DESEMPLEADOS MAYORES DE 52 AÑOS ESPECIALIDADES;CONSEJERÍA ECONOMÍA, HACIENDA Y EMPLEO;904403;—;Subvención;28/09/2026;432;https://www.bocm.es/boletin/CM_Orden_BOCM/2026/01/02/BOCM-20260102-26.PDF
Concesiones;AYUDAS DESEMPLEADOS MAYORES DE 52 AÑOS ESPECIALIDADES;CONSEJERÍA ECONOMÍA, HACIENDA Y EMPLEO;904403;—;Subvención;28/09/2026;405;https://www.bocm.es/boletin/CM_Orden_BOCM/2026/01/02/BOCM-20260102-26.PDF
Concesiones;AYUDAS DESEMPLEADOS MAYORES DE 52 AÑOS ESPECIALIDADES;CONSEJERÍA ECONOMÍA, HACIENDA Y EMPLEO;904403;—;Subvención;28/09/2026;405;https://www.bocm.es/boletin/CM_Orden_BOCM/2026/01/02/BOCM-20260102-26.PDF
Concesiones;Convocatoria de subvenciones de clubes de Élite 2026;CONSEJERÍA DE CULTURA, TURISMO Y DEPORTE;899268;CLUB DEPORTIVO BÁSICO SLALOM VELOCIDAD;Subvención;28/09/2026;348,95;https://www.bocm.es/boletin/CM_Orden_BOCM/2022/04/13/BOCM-20220413-22.PDF
Concesiones;Resolución por la que se aprueba la convocatoria pública de concesión de subvenciones para la realización de acciones de formación profesional en el ámbito laboral, dirigidas a personas trabajadoras ocupadas (Modalidad I), para la anualidad 2025.;DIRECCIÓN GENERAL FORMACIÓN PROFESIONAL EN EL ÁMBITO LABORAL;842569;—;Subvención;28/09/2026;335,16;https://docm.jccm.es/docm/descargarArchivo.do?ruta=2024/07/19/pdf/2024_5810.pdf&tipo=rutaDocm
Concesiones;Resolución por la que se aprueba la convocatoria pública de concesión de subvenciones para la realización de acciones de formación profesional en el ámbito laboral, dirigidas a personas trabajadoras ocupadas (Modalidad I), para la anualidad 2025.;DIRECCIÓN GENERAL FORMACIÓN PROFESIONAL EN EL ÁMBITO LABORAL;842569;—;Subvención;28/09/2026;333,48;https://docm.jccm.es/docm/descargarArchivo.do?ruta=2024/07/19/pdf/2024_5810.pdf&tipo=rutaDocm
Concesiones;AYUDAS DESEMPLEADOS MAYORES DE 52 AÑOS ESPECIALIDADES;CONSEJERÍA ECONOMÍA, HACIENDA Y EMPLEO;904403;—;Subvención;28/09/2026;324;https://www.bocm.es/boletin/CM_Orden_BOCM/2026/01/02/BOCM-20260102-26.PDF
Concesiones;AYUDAS DESEMPLEADOS MAYORES DE 52 AÑOS ESPECIALIDADES;CONSEJERÍA ECONOMÍA, HACIENDA Y EMPLEO;904403;—;Subvención;28/09/2026;324;https://www.bocm.es/boletin/CM_Orden_BOCM/2026/01/02/BOCM-20260102-26.PDF
Concesiones;Resolución por la que se aprueba la convocatoria pública de concesión de subvenciones para la realización de acciones de formación profesional en el ámbito laboral, dirigidas a personas trabajadoras ocupadas (Modalidad I), para la anualidad 2025.;DIRECCIÓN GENERAL FORMACIÓN PROFESIONAL EN EL ÁMBITO LABORAL;842569;—;Subvención;28/09/2026;273;https://docm.jccm.es/docm/descargarArchivo.do?ruta=2024/07/19/pdf/2024_5810.pdf&tipo=rutaDocm
Concesiones;Resolución por la que se aprueba la convocatoria pública de concesión de subvenciones para la realización de acciones de formación profesional en el ámbito laboral, dirigidas a personas trabajadoras ocupadas (Modalidad I), para la anualidad 2025.;DIRECCIÓN GENERAL FORMACIÓN PROFESIONAL EN EL ÁMBITO LABORAL;842569;—;Subvención;28/09/2026;273;https://docm.jccm.es/docm/descargarArchivo.do?ruta=2024/07/19/pdf/2024_5810.pdf&tipo=rutaDocm
Concesiones;Resolución por la que se aprueba la convocatoria pública de concesión de subvenciones para la realización de acciones de formación profesional en el ámbito laboral, dirigidas a personas trabajadoras ocupadas (Modalidad I), para la anualidad 2025.;DIRECCIÓN GENERAL FORMACIÓN PROFESIONAL EN EL ÁMBITO LABORAL;842569;—;Subvención;28/09/2026;273;https://docm.jccm.es/docm/descargarArchivo.do?ruta=2024/07/19/pdf/2024_5810.pdf&tipo=rutaDocm
Concesiones;AYUDAS DESEMPLEADOS MAYORES DE 52 AÑOS ESPECIALIDADES;CONSEJERÍA ECONOMÍA, HACIENDA Y EMPLEO;904403;—;Subvención;28/09/2026;270;https://www.bocm.es/boletin/CM_Orden_BOCM/2026/01/02/BOCM-20260102-26.PDF
Concesiones;AYUDAS DESEMPLEADOS MAYORES DE 52 AÑOS ESPECIALIDADES;CONSEJERÍA ECONOMÍA, HACIENDA Y EMPLEO;904403;—;Subvención;28/09/2026;270;https://www.bocm.es/boletin/CM_Orden_BOCM/2026/01/02/BOCM-20260102-26.PDF
Concesiones;AYUDAS DESEMPLEADOS MAYORES DE 52 AÑOS ESPECIALIDADES;CONSEJERÍA ECONOMÍA, HACIENDA Y EMPLEO;904403;—;Subvención;28/09/2026;270;https://www.bocm.es/boletin/CM_Orden_BOCM/2026/01/02/BOCM-20260102-26.PDF
Concesiones;AYUDAS DESEMPLEADOS MAYORES DE 52 AÑOS ESPECIALIDADES;CONSEJERÍA ECONOMÍA, HACIENDA Y EMPLEO;904403;—;Subvención;28/09/2026;270;https://www.bocm.es/boletin/CM_Orden_BOCM/2026/01/02/BOCM-20260102-26.PDF
Concesiones;AYUDAS DESEMPLEADOS MAYORES DE 52 AÑOS ESPECIALIDADES;CONSEJERÍA ECONOMÍA, HACIENDA Y EMPLEO;904403;—;Subvención;28/09/2026;270;https://www.bocm.es/boletin/CM_Orden_BOCM/2026/01/02/BOCM-20260102-26.PDF
Concesiones;AYUDAS DESEMPLEADOS MAYORES DE 52 AÑOS ESPECIALIDADES;CONSEJERÍA ECONOMÍA, HACIENDA Y EMPLEO;904403;—;Subvención;28/09/2026;270;https://www.bocm.es/boletin/CM_Orden_BOCM/2026/01/02/BOCM-20260102-26.PDF
Concesiones;Resolución por la que se aprueba la convocatoria pública de concesión de subvenciones para la realización de acciones de formación profesional en el ámbito laboral, dirigidas a personas trabajadoras ocupadas (Modalidad I), para la anualidad 2025.;DIRECCIÓN GENERAL FORMACIÓN PROFESIONAL EN EL ÁMBITO LABORAL;842569;—;Subvención;28/09/2026;256,5;https://docm.jccm.es/docm/descargarArchivo.do?ruta=2024/07/19/pdf/2024_5810.pdf&tipo=rutaDocm
Concesiones;Resolución por la que se aprueba la convocatoria pública de concesión de subvenciones para la realización de acciones de formación profesional en el ámbito laboral, dirigidas a personas trabajadoras ocupadas (Modalidad I), para la anualidad 2025.;DIRECCIÓN GENERAL FORMACIÓN PROFESIONAL EN EL ÁMBITO LABORAL;842569;—;Subvención;28/09/2026;253,68;https://docm.jccm.es/docm/descargarArchivo.do?ruta=2024/07/19/pdf/2024_5810.pdf&tipo=rutaDocm
Concesiones;Resolución por la que se aprueba la convocatoria pública de concesión de subvenciones para la realización de acciones de formación profesional en el ámbito laboral, dirigidas a personas trabajadoras ocupadas (Modalidad I), para la anualidad 2025.;DIRECCIÓN GENERAL FORMACIÓN PROFESIONAL EN EL ÁMBITO LABORAL;842569;—;Subvención;28/09/2026;231,9;https://docm.jccm.es/docm/descargarArchivo.do?ruta=2024/07/19/pdf/2024_5810.pdf&tipo=rutaDocm
Concesiones;Resolución por la que se aprueba la convocatoria pública de concesión de subvenciones para la realización de acciones de formación profesional en el ámbito laboral, dirigidas a personas trabajadoras ocupadas (Modalidad I), para la anualidad 2025.;DIRECCIÓN GENERAL FORMACIÓN PROFESIONAL EN EL ÁMBITO LABORAL;842569;—;Subvención;28/09/2026;214,8;https://docm.jccm.es/docm/descargarArchivo.do?ruta=2024/07/19/pdf/2024_5810.pdf&tipo=rutaDocm
Concesiones;Resolución por la que se aprueba la convocatoria pública de concesión de subvenciones para la realización de acciones de formación profesional en el ámbito laboral, dirigidas a personas trabajadoras ocupadas (Modalidad I), para la anualidad 2025.;DIRECCIÓN GENERAL FORMACIÓN PROFESIONAL EN EL ÁMBITO LABORAL;842569;—;Subvención;28/09/2026;212,8;https://docm.jccm.es/docm/descargarArchivo.do?ruta=2024/07/19/pdf/2024_5810.pdf&tipo=rutaDocm
Concesiones;Resolución por la que se aprueba la convocatoria pública de concesión de subvenciones para la realización de acciones de formación profesional en el ámbito laboral, dirigidas a personas trabajadoras ocupadas (Modalidad I), para la anualidad 2025.;DIRECCIÓN GENERAL FORMACIÓN PROFESIONAL EN EL ÁMBITO LABORAL;842569;—;Subvención;28/09/2026;179,2;https://docm.jccm.es/docm/descargarArchivo.do?ruta=2024/07/19/pdf/2024_5810.pdf&tipo=rutaDocm
Concesiones;Resolución por la que se aprueba la convocatoria pública de concesión de subvenciones para la realización de acciones de formación profesional en el ámbito laboral, dirigidas a personas trabajadoras ocupadas (Modalidad I), para la anualidad 2025.;DIRECCIÓN GENERAL FORMACIÓN PROFESIONAL EN EL ÁMBITO LABORAL;842569;—;Subvención;28/09/2026;162,8;https://docm.jccm.es/docm/descargarArchivo.do?ruta=2024/07/19/pdf/2024_5810.pdf&tipo=rutaDocm
Concesiones;Resolución por la que se aprueba la convocatoria pública de concesión de subvenciones para la realización de acciones de formación profesional en el ámbito laboral, dirigidas a personas trabajadoras ocupadas (Modalidad I), para la anualidad 2025.;DIRECCIÓN GENERAL FORMACIÓN PROFESIONAL EN EL ÁMBITO LABORAL;842569;—;Subvención;28/09/2026;161,2;https://docm.jccm.es/docm/descargarArchivo.do?ruta=2024/07/19/pdf/2024_5810.pdf&tipo=rutaDocm
Concesiones;Resolución por la que se aprueba la convocatoria pública de concesión de subvenciones para la realización de acciones de formación profesional en el ámbito laboral, dirigidas a personas trabajadoras ocupadas (Modalidad I), para la anualidad 2025.;DIRECCIÓN GENERAL FORMACIÓN PROFESIONAL EN EL ÁMBITO LABORAL;842569;—;Subvención;28/09/2026;147;https://docm.jccm.es/docm/descargarArchivo.do?ruta=2024/07/19/pdf/2024_5810.pdf&tipo=rutaDocm
Concesiones;Resolución por la que se aprueba la convocatoria pública de concesión de subvenciones para la realización de acciones de formación profesional en el ámbito laboral, dirigidas a personas trabajadoras ocupadas (Modalidad I), para la anualidad 2025.;DIRECCIÓN GENERAL FORMACIÓN PROFESIONAL EN EL ÁMBITO LABORAL;842569;—;Subvención;28/09/2026;147;https://docm.jccm.es/docm/descargarArchivo.do?ruta=2024/07/19/pdf/2024_5810.pdf&tipo=rutaDocm
Concesiones;Resolución por la que se aprueba la convocatoria pública de concesión de subvenciones para la realización de acciones de formación profesional en el ámbito laboral, dirigidas a personas trabajadoras ocupadas (Modalidad I), para la anualidad 2025.;DIRECCIÓN GENERAL FORMACIÓN PROFESIONAL EN EL ÁMBITO LABORAL;842569;—;Subvención;28/09/2026;147;https://docm.jccm.es/docm/descargarArchivo.do?ruta=2024/07/19/pdf/2024_5810.pdf&tipo=rutaDocm
Concesiones;Resolución por la que se aprueba la convocatoria pública de concesión de subvenciones para la realización de acciones de formación profesional en el ámbito laboral, dirigidas a personas trabajadoras ocupadas (Modalidad I), para la anualidad 2025.;DIRECCIÓN GENERAL FORMACIÓN PROFESIONAL EN EL ÁMBITO LABORAL;842569;—;Subvención;28/09/2026;147;https://docm.jccm.es/docm/descargarArchivo.do?ruta=2024/07/19/pdf/2024_5810.pdf&tipo=rutaDocm
Concesiones;Resolución por la que se aprueba la convocatoria pública de concesión de subvenciones para la realización de acciones de formación profesional en el ámbito laboral, dirigidas a personas trabajadoras ocupadas (Modalidad I), para la anualidad 2025.;DIRECCIÓN GENERAL FORMACIÓN PROFESIONAL EN EL ÁMBITO LABORAL;842569;—;Subvención;28/09/2026;147;https://docm.jccm.es/docm/descargarArchivo.do?ruta=2024/07/19/pdf/2024_5810.pdf&tipo=rutaDocm
Concesiones;Resolución por la que se aprueba la convocatoria pública de concesión de subvenciones para la realización de acciones de formación profesional en el ámbito laboral, dirigidas a personas trabajadoras ocupadas (Modalidad I), para la anualidad 2025.;DIRECCIÓN GENERAL FORMACIÓN PROFESIONAL EN EL ÁMBITO LABORAL;842569;—;Subvención;28/09/2026;144;https://docm.jccm.es/docm/descargarArchivo.do?ruta=2024/07/19/pdf/2024_5810.pdf&tipo=rutaDocm
Concesiones;Convocatoria de subvenciones de clubes de Élite 2026;CONSEJERÍA DE CULTURA, TURISMO Y DEPORTE;899268;CLUB DEPORTIVO MADRILEÑO PALA ROTA;Subvención;28/09/2026;139,58;https://www.bocm.es/boletin/CM_Orden_BOCM/2022/04/13/BOCM-20220413-22.PDF
Concesiones;Convocatoria de subvenciones de clubes de Élite 2026;CONSEJERÍA DE CULTURA, TURISMO Y DEPORTE;899268;CLUB DEPORTIVO ELEMENTAL DEPORTE PARA DA;Subvención;28/09/2026;139,58;https://www.bocm.es/boletin/CM_Orden_BOCM/2022/04/13/BOCM-20220413-22.PDF
Concesiones;Resolución por la que se aprueba la convocatoria pública de concesión de subvenciones para la realización de acciones de formación profesional en el ámbito laboral, dirigidas a personas trabajadoras ocupadas (Modalidad I), para la anualidad 2025.;DIRECCIÓN GENERAL FORMACIÓN PROFESIONAL EN EL ÁMBITO LABORAL;842569;—;Subvención;28/09/2026;136,5;https://docm.jccm.es/docm/descargarArchivo.do?ruta=2024/07/19/pdf/2024_5810.pdf&tipo=rutaDocm
Concesiones;Resolución por la que se aprueba la convocatoria pública de concesión de subvenciones para la realización de acciones de formación profesional en el ámbito laboral, dirigidas a personas trabajadoras ocupadas (Modalidad I), para la anualidad 2025.;DIRECCIÓN GENERAL FORMACIÓN PROFESIONAL EN EL ÁMBITO LABORAL;842569;—;Subvención;28/09/2026;126;https://docm.jccm.es/docm/descargarArchivo.do?ruta=2024/07/19/pdf/2024_5810.pdf&tipo=rutaDocm
Concesiones;Resolución por la que se aprueba la convocatoria pública de concesión de subvenciones para la realización de acciones de formación profesional en el ámbito laboral, dirigidas a personas trabajadoras ocupadas (Modalidad I), para la anualidad 2025.;DIRECCIÓN GENERAL FORMACIÓN PROFESIONAL EN EL ÁMBITO LABORAL;842569;—;Subvención;28/09/2026;114;https://docm.jccm.es/docm/descargarArchivo.do?ruta=2024/07/19/pdf/2024_5810.pdf&tipo=rutaDocm
Concesiones;Resolución por la que se aprueba la convocatoria pública de concesión de subvenciones para la realización de acciones de formación profesional en el ámbito laboral, dirigidas a personas trabajadoras ocupadas (Modalidad I), para la anualidad 2025.;DIRECCIÓN GENERAL FORMACIÓN PROFESIONAL EN EL ÁMBITO LABORAL;842569;—;Subvención;28/09/2026;114;https://docm.jccm.es/docm/descargarArchivo.do?ruta=2024/07/19/pdf/2024_5810.pdf&tipo=rutaDocm
Concesiones;Resolución por la que se aprueba la convocatoria pública de concesión de subvenciones para la realización de acciones de formación profesional en el ámbito laboral, dirigidas a personas trabajadoras ocupadas (Modalidad I), para la anualidad 2025.;DIRECCIÓN GENERAL FORMACIÓN PROFESIONAL EN EL ÁMBITO LABORAL;842569;—;Subvención;28/09/2026;105;https://docm.jccm.es/docm/descargarArchivo.do?ruta=2024/07/19/pdf/2024_5810.pdf&tipo=rutaDocm
Concesiones;Resolución por la que se aprueba la convocatoria pública de concesión de subvenciones para la realización de acciones de formación profesional en el ámbito laboral, dirigidas a personas trabajadoras ocupadas (Modalidad I), para la anualidad 2025.;DIRECCIÓN GENERAL FORMACIÓN PROFESIONAL EN EL ÁMBITO LABORAL;842569;—;Subvención;28/09/2026;103,5;https://docm.jccm.es/docm/descargarArchivo.do?ruta=2024/07/19/pdf/2024_5810.pdf&tipo=rutaDocm
Concesiones;Resolución por la que se aprueba la convocatoria pública de concesión de subvenciones para la realización de acciones de formación profesional en el ámbito laboral, dirigidas a personas trabajadoras ocupadas (Modalidad I), para la anualidad 2025.;DIRECCIÓN GENERAL FORMACIÓN PROFESIONAL EN EL ÁMBITO LABORAL;842569;—;Subvención;28/09/2026;102;https://docm.jccm.es/docm/descargarArchivo.do?ruta=2024/07/19/pdf/2024_5810.pdf&tipo=rutaDocm
Concesiones;Resolución por la que se aprueba la convocatoria pública de concesión de subvenciones para la realización de acciones de formación profesional en el ámbito laboral, dirigidas a personas trabajadoras ocupadas (Modalidad I), para la anualidad 2025.;DIRECCIÓN GENERAL FORMACIÓN PROFESIONAL EN EL ÁMBITO LABORAL;842569;—;Subvención;28/09/2026;100,5;https://docm.jccm.es/docm/descargarArchivo.do?ruta=2024/07/19/pdf/2024_5810.pdf&tipo=rutaDocm
Concesiones;Resolución por la que se aprueba la convocatoria pública de concesión de subvenciones para la realización de acciones de formación profesional en el ámbito laboral, dirigidas a personas trabajadoras ocupadas (Modalidad I), para la anualidad 2025.;DIRECCIÓN GENERAL FORMACIÓN PROFESIONAL EN EL ÁMBITO LABORAL;842569;—;Subvención;28/09/2026;97,5;https://docm.jccm.es/docm/descargarArchivo.do?ruta=2024/07/19/pdf/2024_5810.pdf&tipo=rutaDocm
Concesiones;Resolución por la que se aprueba la convocatoria pública de concesión de subvenciones para la realización de acciones de formación profesional en el ámbito laboral, dirigidas a personas trabajadoras ocupadas (Modalidad I), para la anualidad 2025.;DIRECCIÓN GENERAL FORMACIÓN PROFESIONAL EN EL ÁMBITO LABORAL;842569;—;Subvención;28/09/2026;91,5;https://docm.jccm.es/docm/descargarArchivo.do?ruta=2024/07/19/pdf/2024_5810.pdf&tipo=rutaDocm
Concesiones;Resolución por la que se aprueba la convocatoria pública de concesión de subvenciones para la realización de acciones de formación profesional en el ámbito laboral, dirigidas a personas trabajadoras ocupadas (Modalidad I), para la anualidad 2025.;DIRECCIÓN GENERAL FORMACIÓN PROFESIONAL EN EL ÁMBITO LABORAL;842569;—;Subvención;28/09/2026;84;https://docm.jccm.es/docm/descargarArchivo.do?ruta=2024/07/19/pdf/2024_5810.pdf&tipo=rutaDocm
Concesiones;AYUDAS DESEMPLEADOS MAYORES DE 52 AÑOS ESPECIALIDADES;CONSEJERÍA ECONOMÍA, HACIENDA Y EMPLEO;904403;—;Subvención;28/09/2026;83,7;https://www.bocm.es/boletin/CM_Orden_BOCM/2026/01/02/BOCM-20260102-26.PDF
Concesiones;Resolución por la que se aprueba la convocatoria pública de concesión de subvenciones para la realización de acciones de formación profesional en el ámbito laboral, dirigidas a personas trabajadoras ocupadas (Modalidad I), para la anualidad 2025.;DIRECCIÓN GENERAL FORMACIÓN PROFESIONAL EN EL ÁMBITO LABORAL;842569;—;Subvención;28/09/2026;78;https://docm.jccm.es/docm/descargarArchivo.do?ruta=2024/07/19/pdf/2024_5810.pdf&tipo=rutaDocm
Concesiones;Resolución por la que se aprueba la convocatoria pública de concesión de subvenciones para la realización de acciones de formación profesional en el ámbito laboral, dirigidas a personas trabajadoras ocupadas (Modalidad I), para la anualidad 2025.;DIRECCIÓN GENERAL FORMACIÓN PROFESIONAL EN EL ÁMBITO LABORAL;842569;—;Subvención;28/09/2026;72,12;https://docm.jccm.es/docm/descargarArchivo.do?ruta=2024/07/19/pdf/2024_5810.pdf&tipo=rutaDocm
Concesiones;Resolución de 10/04/2025, por la que se aprueba la convocatoria de concesión de subvenciones para la realización de acciones de formación profesional en el ámbito laboral, dirigidas a personas trabajadoras desempleadas (Modalidad II), anualidad 2025.;DIRECCIÓN GENERAL FORMACIÓN PROFESIONAL EN EL ÁMBITO LABORAL;826697;—;Subvención;28/09/2026;69;https://docm.jccm.es/docm/descargarArchivo.do?ruta=2024/07/19/pdf/2024_5810.pdf&tipo=rutaDocm
Concesiones;Resolución de 10/04/2025, por la que se aprueba la convocatoria de concesión de subvenciones para la realización de acciones de formación profesional en el ámbito laboral, dirigidas a personas trabajadoras desempleadas (Modalidad II), anualidad 2025.;DIRECCIÓN GENERAL FORMACIÓN PROFESIONAL EN EL ÁMBITO LABORAL;826697;—;Subvención;28/09/2026;67,5;https://docm.jccm.es/docm/descargarArchivo.do?ruta=2024/07/19/pdf/2024_5810.pdf&tipo=rutaDocm
Concesiones;Resolución por la que se aprueba la convocatoria pública de concesión de subvenciones para la realización de acciones de formación profesional en el ámbito laboral, dirigidas a personas trabajadoras ocupadas (Modalidad I), para la anualidad 2025.;DIRECCIÓN GENERAL FORMACIÓN PROFESIONAL EN EL ÁMBITO LABORAL;842569;—;Subvención;28/09/2026;66,88;https://docm.jccm.es/docm/descargarArchivo.do?ruta=2024/07/19/pdf/2024_5810.pdf&tipo=rutaDocm
Concesiones;Resolución por la que se aprueba la convocatoria pública de concesión de subvenciones para la realización de acciones de formación profesional en el ámbito laboral, dirigidas a personas trabajadoras ocupadas (Modalidad I), para la anualidad 2025.;DIRECCIÓN GENERAL FORMACIÓN PROFESIONAL EN EL ÁMBITO LABORAL;842569;—;Subvención;28/09/2026;61,5;https://docm.jccm.es/docm/descargarArchivo.do?ruta=2024/07/19/pdf/2024_5810.pdf&tipo=rutaDocm
Concesiones;Resolución de 10/04/2025, por la que se aprueba la convocatoria de concesión de subvenciones para la realización de acciones de formación profesional en el ámbito laboral, dirigidas a personas trabajadoras desempleadas (Modalidad II), anualidad 2025.;DIRECCIÓN GENERAL FORMACIÓN PROFESIONAL EN EL ÁMBITO LABORAL;826697;—;Subvención;28/09/2026;55,5;https://docm.jccm.es/docm/descargarArchivo.do?ruta=2024/07/19/pdf/2024_5810.pdf&tipo=rutaDocm
Concesiones;Resolución por la que se aprueba la convocatoria pública de concesión de subvenciones para la realización de acciones de formación profesional en el ámbito laboral, dirigidas a personas trabajadoras ocupadas (Modalidad I), para la anualidad 2025.;DIRECCIÓN GENERAL FORMACIÓN PROFESIONAL EN EL ÁMBITO LABORAL;842569;—;Subvención;28/09/2026;49,5;https://docm.jccm.es/docm/descargarArchivo.do?ruta=2024/07/19/pdf/2024_5810.pdf&tipo=rutaDocm
Concesiones;Resolución por la que se aprueba la convocatoria pública de concesión de subvenciones para la realización de acciones de formación profesional en el ámbito laboral, dirigidas a personas trabajadoras ocupadas (Modalidad I), para la anualidad 2025.;DIRECCIÓN GENERAL FORMACIÓN PROFESIONAL EN EL ÁMBITO LABORAL;842569;—;Subvención;28/09/2026;44,46;https://docm.jccm.es/docm/descargarArchivo.do?ruta=2024/07/19/pdf/2024_5810.pdf&tipo=rutaDocm
Concesiones;Resolución por la que se aprueba la convocatoria pública de concesión de subvenciones para la realización de acciones de formación profesional en el ámbito laboral, dirigidas a personas trabajadoras ocupadas (Modalidad I), para la anualidad 2025.;DIRECCIÓN GENERAL FORMACIÓN PROFESIONAL EN EL ÁMBITO LABORAL;842569;—;Subvención;28/09/2026;20,52;https://docm.jccm.es/docm/descargarArchivo.do?ruta=2024/07/19/pdf/2024_5810.pdf&tipo=rutaDocm
Concesiones;Resolución por la que se aprueba la convocatoria pública de concesión de subvenciones para la realización de acciones de formación profesional en el ámbito laboral, dirigidas a personas trabajadoras ocupadas (Modalidad I), para la anualidad 2025.;DIRECCIÓN GENERAL FORMACIÓN PROFESIONAL EN EL ÁMBITO LABORAL;842569;—;Subvención;28/09/2026;18;https://docm.jccm.es/docm/descargarArchivo.do?ruta=2024/07/19/pdf/2024_5810.pdf&tipo=rutaDocm
Concesiones;Resolución por la que se aprueba la convocatoria pública de concesión de subvenciones para la realización de acciones de formación profesional en el ámbito laboral, dirigidas a personas trabajadoras ocupadas (Modalidad I), para la anualidad 2025.;DIRECCIÓN GENERAL FORMACIÓN PROFESIONAL EN EL ÁMBITO LABORAL;842569;—;Subvención;28/09/2026;10,5;https://docm.jccm.es/docm/descargarArchivo.do?ruta=2024/07/19/pdf/2024_5810.pdf&tipo=rutaDocm
